#VRML V2.0 utf8
# 3D model generated by easyeda2kicad.py (https://github.com/uPesy/easyeda2kicad.py)

Shape{
    appearance Appearance {
        material  Material 	{
            diffuseColor 0.7529411764705882 0.7529411764705882 0.7529411764705882
            specularColor 0.3764705882352941 0.3764705882352941 0.3764705882352941
            ambientIntensity 0.7529
            transparency 0.0
            shininess 0.5
        }
    }
    geometry IndexedFaceSet {
        ccw TRUE
        solid FALSE
        coord DEF co Coordinate {
            point [
                -2.5886 -0.1614 -0.0197, -1.8799 -0.1614 -0.0197, -2.5886 -0.374 -0.0197, -1.8799 -0.374 -0.0197, -2.5886 -0.1614 0.0197, -2.5886 -0.374 0.0197, -1.8799 -0.1614 0.0197, -1.8799 -0.374 0.0197, -2.5886 -0.1418 0.7283, -2.5886 -0.1024 0.7283, -2.5886 -0.1418 0.0394, -2.5886 -0.1024 0.0394, -2.5886 -0.1424 0.0343, -2.5886 -0.1044 0.0241, -2.5886 -0.1444 0.0295, -2.5886 -0.1103 0.0098, -2.5886 -0.1475 0.0255, -2.5886 -0.1197 -0.0024, -2.5886 -0.1516 0.0223, -2.5886 -0.1319 -0.0118, -2.5886 -0.1563 0.0204, -2.5886 -0.1462 -0.0177, -1.8799 -0.1563 0.0204, -1.8799 -0.1462 -0.0177, -1.8799 -0.1516 0.0223, -1.8799 -0.1319 -0.0118, -1.8799 -0.1475 0.0255, -1.8799 -0.1197 -0.0024, -1.8799 -0.1444 0.0295, -1.8799 -0.1103 0.0098, -1.8799 -0.1424 0.0343, -1.8799 -0.1044 0.0241, -1.8799 -0.1418 0.0394, -1.8799 -0.1024 0.0394, -1.8799 -0.1418 0.689, -1.8799 -0.1024 0.689, -0.7382 -0.1024 0.7283, -0.7382 -0.1024 0.689, -1.9587 -0.7244 0.7283, -2.5886 -0.7244 0.7283, -2.5886 -0.7638 0.7283, -1.9587 -0.1418 0.7283, -0.7382 -0.5473 0.7283, -1.2894 -0.5473 0.7283, -0.7382 -0.7638 0.7283, -1.2894 -0.6851 0.7283, -1.3287 -0.6851 0.7283, -1.2894 -0.3189 0.7283, -0.7382 -0.3189 0.7283, -1.2894 -0.1811 0.7283, -1.3287 -0.1811 0.7283, -1.9587 -0.1418 0.689, -1.9587 -0.7244 0.689, -1.3287 -0.1811 0.689, -1.2894 -0.1811 0.689, -1.3287 -0.6851 0.689, -1.2894 -0.6851 0.689, -0.7382 -0.4882 0.3346, -0.7382 -0.4488 0.3346, -0.7382 -0.4882 0.6299, -0.7382 -0.4488 0.6299, -0.7382 -0.4902 0.6452, -0.7382 -0.4522 0.6554, -0.7382 -0.4961 0.6594, -0.7382 -0.462 0.6791, -0.7382 -0.5055 0.6717, -0.7382 -0.4777 0.6995, -0.7382 -0.5177 0.6811, -0.7382 -0.4981 0.7152, -0.7382 -0.532 0.687, -0.7382 -0.5218 0.725, -0.7382 -0.5473 0.689, -0.7382 -0.7638 0.689, -2.5886 -0.7244 0.0394, -1.8799 -0.7244 0.0394, -2.5886 -0.7238 0.0343, -1.8799 -0.7238 0.0343, -2.5886 -0.7218 0.0295, -1.8799 -0.7218 0.0295, -2.5886 -0.7187 0.0255, -1.8799 -0.7187 0.0255, -2.5886 -0.7146 0.0223, -1.8799 -0.7146 0.0223, -2.5886 -0.7098 0.0204, -1.8799 -0.7098 0.0204, -2.5886 -0.7047 0.0197, -1.8799 -0.7047 0.0197, -1.8799 -0.7244 0.689, -1.8799 -0.7638 0.689, -1.8799 -0.7638 0.0394, -2.5886 -0.7638 0.0394, -2.5886 -0.7047 -0.0197, -1.8799 -0.7047 -0.0197, -1.8799 -0.72 -0.0177, -2.5886 -0.72 -0.0177, -1.8799 -0.7343 -0.0118, -2.5886 -0.7343 -0.0118, -1.8799 -0.7465 -0.0024, -2.5886 -0.7465 -0.0024, -1.8799 -0.7559 0.0098, -2.5886 -0.7559 0.0098, -1.8799 -0.7618 0.0241, -2.5886 -0.7618 0.0241, -1.8799 -0.4921 0.0197, -1.8799 -0.4921 -0.0197, -2.5886 -0.4921 0.0197, -2.5886 -0.4921 -0.0197, -0.7382 -0.3189 0.689, -1.2894 -0.3189 0.689, -1.2894 -0.5473 0.689, -0.7382 -0.3342 0.687, -0.7382 -0.3444 0.725, -0.7382 -0.3484 0.6811, -0.7382 -0.3681 0.7152, -0.7382 -0.3607 0.6717, -0.7382 -0.3885 0.6995, -0.7382 -0.3701 0.6594, -0.7382 -0.4042 0.6791, -0.7382 -0.376 0.6452, -0.7382 -0.414 0.6554, -0.7382 -0.378 0.6299, -0.7382 -0.4173 0.6299, -0.7382 -0.378 0.3346, -0.7382 -0.4173 0.3346
            ]
        }
        coordIndex [
            0,1,2,-1,2,1,3,-1,4,5,6,-1,6,5,7,-1,8,9,10,-1,10,9,11,-1,10,11,12,-1,12,11,13,-1,12,13,14,-1,14,13,15,-1,14,15,16,-1,16,15,17,-1,16,17,18,-1,18,17,19,-1,18,19,20,-1,20,19,21,-1,20,21,4,-1,4,21,0,-1,4,0,5,-1,5,0,2,-1,7,3,6,-1,6,3,1,-1,6,1,22,-1,22,1,23,-1,22,23,24,-1,24,23,25,-1,24,25,26,-1,26,25,27,-1,26,27,28,-1,28,27,29,-1,28,29,30,-1,30,29,31,-1,30,31,32,-1,32,31,33,-1,32,33,34,-1,34,33,35,-1,11,33,31,-1,11,31,13,-1,13,31,29,-1,13,29,15,-1,15,29,27,-1,15,27,17,-1,17,27,25,-1,17,25,19,-1,19,25,23,-1,19,23,21,-1,21,23,1,-1,21,1,0,-1,36,37,35,-1,33,11,35,-1,35,11,9,-1,35,9,36,-1,38,39,40,-1,36,9,41,-1,41,9,8,-1,42,43,44,-1,44,43,45,-1,44,45,46,-1,47,48,49,-1,49,48,36,-1,49,36,50,-1,50,36,41,-1,50,41,46,-1,46,41,38,-1,46,38,44,-1,44,38,40,-1,41,8,51,-1,51,8,10,-1,51,10,34,-1,34,10,32,-1,4,6,20,-1,20,6,22,-1,20,22,18,-1,18,22,24,-1,18,24,16,-1,16,24,26,-1,16,26,14,-1,14,26,28,-1,14,28,12,-1,12,28,30,-1,12,30,10,-1,10,30,32,-1,5,2,7,-1,7,2,3,-1,52,38,51,-1,51,38,41,-1,50,53,49,-1,49,53,54,-1,55,46,56,-1,56,46,45,-1,57,58,59,-1,59,58,60,-1,59,60,61,-1,61,60,62,-1,61,62,63,-1,63,62,64,-1,63,64,65,-1,65,64,66,-1,65,66,67,-1,67,66,68,-1,67,68,69,-1,69,68,70,-1,69,70,71,-1,71,70,42,-1,71,42,72,-1,72,42,44,-1,73,74,75,-1,75,74,76,-1,75,76,77,-1,77,76,78,-1,77,78,79,-1,79,78,80,-1,79,80,81,-1,81,80,82,-1,81,82,83,-1,83,82,84,-1,83,84,85,-1,85,84,86,-1,87,74,52,-1,52,74,73,-1,52,73,38,-1,38,73,39,-1,72,44,88,-1,88,44,40,-1,88,40,89,-1,89,40,90,-1,91,92,93,-1,91,93,94,-1,94,93,95,-1,94,95,96,-1,96,95,97,-1,96,97,98,-1,98,97,99,-1,98,99,100,-1,100,99,101,-1,100,101,102,-1,102,101,89,-1,102,89,90,-1,87,88,74,-1,74,88,89,-1,74,89,76,-1,76,89,101,-1,76,101,78,-1,78,101,99,-1,78,99,80,-1,80,99,97,-1,80,97,82,-1,82,97,95,-1,82,95,84,-1,84,95,93,-1,84,93,86,-1,86,93,92,-1,86,92,103,-1,103,92,104,-1,105,106,85,-1,85,106,91,-1,85,91,83,-1,83,91,94,-1,83,94,81,-1,81,94,96,-1,81,96,79,-1,79,96,98,-1,79,98,77,-1,77,98,100,-1,77,100,75,-1,75,100,102,-1,75,102,73,-1,73,102,90,-1,73,90,39,-1,39,90,40,-1,86,103,85,-1,85,103,105,-1,92,91,104,-1,104,91,106,-1,103,104,105,-1,105,104,106,-1,107,108,37,-1,37,108,54,-1,37,54,35,-1,35,54,53,-1,35,53,34,-1,109,71,56,-1,56,71,72,-1,56,72,55,-1,55,72,88,-1,55,88,53,-1,53,88,87,-1,53,87,34,-1,34,87,52,-1,34,52,51,-1,37,36,107,-1,107,36,48,-1,107,48,110,-1,110,48,111,-1,110,111,112,-1,112,111,113,-1,112,113,114,-1,114,113,115,-1,114,115,116,-1,116,115,117,-1,116,117,118,-1,118,117,119,-1,118,119,120,-1,120,119,121,-1,120,121,122,-1,122,121,123,-1,50,46,53,-1,53,46,55,-1,
        ]
    }
}
Shape{
    appearance Appearance {
        material  Material 	{
            diffuseColor 1.0 1.0 0.0
            specularColor 0.5019607843137255 0.5019607843137255 0.0
            ambientIntensity 0.886
            transparency 0.0
            shininess 0.5
        }
    }
    geometry IndexedFaceSet {
        ccw TRUE
        solid FALSE
        coord DEF co Coordinate {
            point [
                -1.2894 -0.4882 0.3346, -1.2894 -0.4488 0.3346, -0.7382 -0.4882 0.3346, -0.7382 -0.4488 0.3346, -1.2894 -0.4488 0.6299, -0.7382 -0.4488 0.6299, -1.2894 -0.5473 0.7283, -0.7382 -0.5473 0.7283, -0.7382 -0.5218 0.725, -1.2894 -0.5218 0.725, -0.7382 -0.4981 0.7152, -1.2894 -0.4981 0.7152, -0.7382 -0.4777 0.6995, -1.2894 -0.4777 0.6995, -0.7382 -0.462 0.6791, -1.2894 -0.462 0.6791, -0.7382 -0.4522 0.6554, -1.2894 -0.4522 0.6554, -1.2894 -0.4882 0.6299, -0.7382 -0.4882 0.6299, -1.2894 -0.4902 0.6452, -0.7382 -0.4902 0.6452, -1.2894 -0.4961 0.6594, -0.7382 -0.4961 0.6594, -1.2894 -0.5055 0.6717, -0.7382 -0.5055 0.6717, -1.2894 -0.5177 0.6811, -0.7382 -0.5177 0.6811, -1.2894 -0.532 0.687, -0.7382 -0.532 0.687, -1.2894 -0.5473 0.689, -0.7382 -0.5473 0.689, -1.2894 -0.6851 0.689, -1.2894 -0.6851 0.7283, -1.2894 -0.4173 0.3346, -1.2894 -0.378 0.3346, -0.7382 -0.4173 0.3346, -0.7382 -0.378 0.3346, -1.2894 -0.378 0.6299, -0.7382 -0.378 0.6299, -1.2894 -0.3189 0.689, -0.7382 -0.3189 0.689, -1.2894 -0.3342 0.687, -0.7382 -0.3342 0.687, -1.2894 -0.3484 0.6811, -0.7382 -0.3484 0.6811, -1.2894 -0.3607 0.6717, -0.7382 -0.3607 0.6717, -1.2894 -0.3701 0.6594, -0.7382 -0.3701 0.6594, -1.2894 -0.376 0.6452, -0.7382 -0.376 0.6452, -1.2894 -0.4173 0.6299, -0.7382 -0.4173 0.6299, -0.7382 -0.414 0.6554, -1.2894 -0.414 0.6554, -0.7382 -0.4042 0.6791, -1.2894 -0.4042 0.6791, -0.7382 -0.3885 0.6995, -1.2894 -0.3885 0.6995, -0.7382 -0.3681 0.7152, -1.2894 -0.3681 0.7152, -0.7382 -0.3444 0.725, -1.2894 -0.3444 0.725, -0.7382 -0.3189 0.7283, -1.2894 -0.3189 0.7283, -1.2894 -0.1811 0.689, -1.2894 -0.1811 0.7283
            ]
        }
        coordIndex [
            0,1,2,-1,2,1,3,-1,1,4,3,-1,3,4,5,-1,6,7,8,-1,6,8,9,-1,9,8,10,-1,9,10,11,-1,11,10,12,-1,11,12,13,-1,13,12,14,-1,13,14,15,-1,15,14,16,-1,15,16,17,-1,17,16,5,-1,17,5,4,-1,18,19,20,-1,20,19,21,-1,20,21,22,-1,22,21,23,-1,22,23,24,-1,24,23,25,-1,24,25,26,-1,26,25,27,-1,26,27,28,-1,28,27,29,-1,28,29,30,-1,30,29,31,-1,18,0,19,-1,19,0,2,-1,32,33,30,-1,30,33,6,-1,30,6,28,-1,28,6,9,-1,28,9,26,-1,26,9,11,-1,26,11,24,-1,24,11,13,-1,24,13,22,-1,22,13,15,-1,22,15,20,-1,20,15,17,-1,20,17,18,-1,18,17,4,-1,18,4,0,-1,0,4,1,-1,34,35,36,-1,36,35,37,-1,35,38,37,-1,37,38,39,-1,40,41,42,-1,42,41,43,-1,42,43,44,-1,44,43,45,-1,44,45,46,-1,46,45,47,-1,46,47,48,-1,48,47,49,-1,48,49,50,-1,50,49,51,-1,50,51,38,-1,38,51,39,-1,52,53,54,-1,52,54,55,-1,55,54,56,-1,55,56,57,-1,57,56,58,-1,57,58,59,-1,59,58,60,-1,59,60,61,-1,61,60,62,-1,61,62,63,-1,63,62,64,-1,63,64,65,-1,52,34,53,-1,53,34,36,-1,35,34,38,-1,38,34,52,-1,38,52,50,-1,50,52,55,-1,50,55,48,-1,48,55,57,-1,48,57,46,-1,46,57,59,-1,46,59,44,-1,44,59,61,-1,44,61,42,-1,42,61,63,-1,42,63,40,-1,40,63,65,-1,40,65,66,-1,66,65,67,-1,
        ]
    }
}
Shape{
    appearance Appearance {
        material  Material 	{
            diffuseColor 0.7529411764705882 0.7529411764705882 0.7529411764705882
            specularColor 0.3764705882352941 0.3764705882352941 0.3764705882352941
            ambientIntensity 0.7529
            transparency 0.0
            shininess 0.5
        }
    }
    geometry IndexedFaceSet {
        ccw TRUE
        solid FALSE
        coord DEF co Coordinate {
            point [
                1.8799 0.374 0.0197, 1.8799 0.374 -0.0197, 1.8799 0.1614 0.0197, 1.8799 0.1614 -0.0197, 1.8799 0.1563 0.0204, 1.8799 0.1461 -0.0177, 1.8799 0.1516 0.0223, 1.8799 0.1319 -0.0118, 1.8799 0.1475 0.0255, 1.8799 0.1196 -0.0024, 1.8799 0.1443 0.0295, 1.8799 0.1103 0.0098, 1.8799 0.1424 0.0343, 1.8799 0.1044 0.0241, 1.8799 0.1417 0.0394, 1.8799 0.1023 0.0394, 1.8799 0.1417 0.689, 1.8799 0.1023 0.689, 2.5886 0.1023 0.0394, 2.5886 0.1044 0.0241, 2.5886 0.1103 0.0098, 2.5886 0.1196 -0.0024, 2.5886 0.1319 -0.0118, 2.5886 0.1461 -0.0177, 2.5886 0.1614 -0.0197, 0.7382 0.1023 0.7283, 0.7382 0.1023 0.689, 2.5886 0.1023 0.7283, 1.9587 0.7244 0.7283, 2.5886 0.7244 0.7283, 2.5886 0.7638 0.7283, 1.9587 0.1417 0.7283, 2.5886 0.1417 0.7283, 0.7382 0.5472 0.7283, 1.25 0.5472 0.7283, 0.7382 0.7638 0.7283, 1.25 0.685 0.7283, 1.3287 0.685 0.7283, 1.25 0.3189 0.7283, 0.7382 0.3189 0.7283, 1.25 0.1811 0.7283, 1.3287 0.1811 0.7283, 1.9587 0.1417 0.689, 2.5886 0.1417 0.0394, 2.5886 0.1614 0.0197, 2.5886 0.1563 0.0204, 2.5886 0.1516 0.0223, 2.5886 0.1475 0.0255, 2.5886 0.1443 0.0295, 2.5886 0.1424 0.0343, 2.5886 0.374 0.0197, 2.5886 0.374 -0.0197, 1.9587 0.7244 0.689, 0.7382 0.3189 0.689, 1.25 0.3189 0.689, 1.25 0.1811 0.689, 1.3287 0.1811 0.689, 1.25 0.5472 0.689, 0.7382 0.5472 0.689, 1.25 0.685 0.689, 0.7382 0.7638 0.689, 1.3287 0.685 0.689, 1.8799 0.7638 0.689, 1.8799 0.7244 0.689, 1.8799 0.7244 0.0394, 1.8799 0.7638 0.0394, 1.8799 0.7237 0.0343, 1.8799 0.7617 0.0241, 1.8799 0.7218 0.0295, 1.8799 0.7558 0.0098, 1.8799 0.7186 0.0255, 1.8799 0.7465 -0.0024, 1.8799 0.7145 0.0223, 1.8799 0.7342 -0.0118, 1.8799 0.7098 0.0204, 1.8799 0.72 -0.0177, 1.8799 0.7047 0.0197, 1.8799 0.7047 -0.0197, 1.8799 0.4921 0.0197, 1.8799 0.4921 -0.0197, 2.5886 0.7047 -0.0197, 2.5886 0.4921 -0.0197, 2.5886 0.7047 0.0197, 2.5886 0.4921 0.0197, 2.5886 0.7098 0.0204, 2.5886 0.72 -0.0177, 2.5886 0.7145 0.0223, 2.5886 0.7342 -0.0118, 2.5886 0.7186 0.0255, 2.5886 0.7465 -0.0024, 2.5886 0.7218 0.0295, 2.5886 0.7558 0.0098, 2.5886 0.7237 0.0343, 2.5886 0.7617 0.0241, 2.5886 0.7244 0.0394, 2.5886 0.7638 0.0394, 0.7382 0.4882 0.3346, 0.7382 0.4488 0.3346, 0.7382 0.4882 0.6299, 0.7382 0.4488 0.6299, 0.7382 0.4902 0.6452, 0.7382 0.4522 0.6554, 0.7382 0.4961 0.6594, 0.7382 0.462 0.6791, 0.7382 0.5055 0.6717, 0.7382 0.4776 0.6995, 0.7382 0.5177 0.6811, 0.7382 0.498 0.7152, 0.7382 0.5319 0.687, 0.7382 0.5217 0.725, 0.7382 0.3342 0.687, 0.7382 0.3444 0.725, 0.7382 0.3484 0.6811, 0.7382 0.3681 0.7152, 0.7382 0.3606 0.6717, 0.7382 0.3885 0.6995, 0.7382 0.37 0.6594, 0.7382 0.4041 0.6791, 0.7382 0.3759 0.6452, 0.7382 0.4139 0.6554, 0.7382 0.3779 0.6299, 0.7382 0.4173 0.6299, 0.7382 0.3779 0.3346, 0.7382 0.4173 0.3346
            ]
        }
        coordIndex [
            0,1,2,-1,2,1,3,-1,2,3,4,-1,4,3,5,-1,4,5,6,-1,6,5,7,-1,6,7,8,-1,8,7,9,-1,8,9,10,-1,10,9,11,-1,10,11,12,-1,12,11,13,-1,12,13,14,-1,14,13,15,-1,14,15,16,-1,16,15,17,-1,18,15,13,-1,18,13,19,-1,19,13,11,-1,19,11,20,-1,20,11,9,-1,20,9,21,-1,21,9,7,-1,21,7,22,-1,22,7,5,-1,22,5,23,-1,23,5,3,-1,23,3,24,-1,25,26,17,-1,15,18,17,-1,17,18,27,-1,17,27,25,-1,28,29,30,-1,25,27,31,-1,31,27,32,-1,33,34,35,-1,35,34,36,-1,35,36,37,-1,38,39,40,-1,40,39,25,-1,40,25,41,-1,41,25,31,-1,41,31,37,-1,37,31,28,-1,37,28,35,-1,35,28,30,-1,31,32,42,-1,42,32,43,-1,42,43,16,-1,16,43,14,-1,44,2,45,-1,45,2,4,-1,45,4,46,-1,46,4,6,-1,46,6,47,-1,47,6,8,-1,47,8,48,-1,48,8,10,-1,48,10,49,-1,49,10,12,-1,49,12,43,-1,43,12,14,-1,32,27,43,-1,43,27,18,-1,43,18,49,-1,49,18,19,-1,49,19,48,-1,48,19,20,-1,48,20,47,-1,47,20,21,-1,47,21,46,-1,46,21,22,-1,46,22,45,-1,45,22,23,-1,45,23,44,-1,44,23,24,-1,44,24,50,-1,50,24,51,-1,44,50,2,-1,2,50,0,-1,24,3,51,-1,51,3,1,-1,50,51,0,-1,0,51,1,-1,52,28,42,-1,42,28,31,-1,26,53,54,-1,54,55,26,-1,26,55,56,-1,26,56,17,-1,17,56,16,-1,57,58,59,-1,59,58,60,-1,59,60,61,-1,61,60,62,-1,61,62,56,-1,56,62,63,-1,56,63,16,-1,16,63,52,-1,16,52,42,-1,63,62,64,-1,64,62,65,-1,64,65,66,-1,66,65,67,-1,66,67,68,-1,68,67,69,-1,68,69,70,-1,70,69,71,-1,70,71,72,-1,72,71,73,-1,72,73,74,-1,74,73,75,-1,74,75,76,-1,76,75,77,-1,76,77,78,-1,78,77,79,-1,77,80,79,-1,79,80,81,-1,76,78,82,-1,82,78,83,-1,83,81,82,-1,82,81,80,-1,82,80,84,-1,84,80,85,-1,84,85,86,-1,86,85,87,-1,86,87,88,-1,88,87,89,-1,88,89,90,-1,90,89,91,-1,90,91,92,-1,92,91,93,-1,92,93,94,-1,94,93,95,-1,94,95,29,-1,29,95,30,-1,63,64,52,-1,52,64,94,-1,52,94,28,-1,28,94,29,-1,60,35,62,-1,62,35,30,-1,62,30,65,-1,65,30,95,-1,80,77,75,-1,80,75,85,-1,85,75,73,-1,85,73,87,-1,87,73,71,-1,87,71,89,-1,89,71,69,-1,89,69,91,-1,91,69,67,-1,91,67,93,-1,93,67,65,-1,93,65,95,-1,94,64,92,-1,92,64,66,-1,92,66,90,-1,90,66,68,-1,90,68,88,-1,88,68,70,-1,88,70,86,-1,86,70,72,-1,86,72,84,-1,84,72,74,-1,84,74,82,-1,82,74,76,-1,78,79,83,-1,83,79,81,-1,96,97,98,-1,98,97,99,-1,98,99,100,-1,100,99,101,-1,100,101,102,-1,102,101,103,-1,102,103,104,-1,104,103,105,-1,104,105,106,-1,106,105,107,-1,106,107,108,-1,108,107,109,-1,108,109,58,-1,58,109,33,-1,58,33,60,-1,60,33,35,-1,26,25,53,-1,53,25,39,-1,53,39,110,-1,110,39,111,-1,110,111,112,-1,112,111,113,-1,112,113,114,-1,114,113,115,-1,114,115,116,-1,116,115,117,-1,116,117,118,-1,118,117,119,-1,118,119,120,-1,120,119,121,-1,120,121,122,-1,122,121,123,-1,56,41,61,-1,61,41,37,-1,37,36,61,-1,61,36,59,-1,56,55,41,-1,41,55,40,-1,
        ]
    }
}
Shape{
    appearance Appearance {
        material  Material 	{
            diffuseColor 1.0 1.0 0.0
            specularColor 0.5019607843137255 0.5019607843137255 0.0
            ambientIntensity 0.886
            transparency 0.0
            shininess 0.5
        }
    }
    geometry IndexedFaceSet {
        ccw TRUE
        solid FALSE
        coord DEF co Coordinate {
            point [
                1.25 0.3779 0.3346, 1.25 0.3779 0.6299, 0.7382 0.3779 0.3346, 0.7382 0.3779 0.6299, 1.25 0.3189 0.689, 0.7382 0.3189 0.689, 1.25 0.3342 0.687, 0.7382 0.3342 0.687, 1.25 0.3484 0.6811, 0.7382 0.3484 0.6811, 1.25 0.3606 0.6717, 0.7382 0.3606 0.6717, 1.25 0.37 0.6594, 0.7382 0.37 0.6594, 1.25 0.3759 0.6452, 0.7382 0.3759 0.6452, 1.25 0.4173 0.6299, 0.7382 0.4173 0.6299, 0.7382 0.4139 0.6554, 1.25 0.4139 0.6554, 0.7382 0.4041 0.6791, 1.25 0.4041 0.6791, 0.7382 0.3885 0.6995, 1.25 0.3885 0.6995, 0.7382 0.3681 0.7152, 1.25 0.3681 0.7152, 0.7382 0.3444 0.725, 1.25 0.3444 0.725, 0.7382 0.3189 0.7283, 1.25 0.3189 0.7283, 1.25 0.4173 0.3346, 0.7382 0.4173 0.3346, 1.25 0.1811 0.689, 1.25 0.1811 0.7283, 1.25 0.4882 0.6299, 1.25 0.4882 0.3346, 0.7382 0.4882 0.6299, 0.7382 0.4882 0.3346, 1.25 0.4488 0.3346, 0.7382 0.4488 0.3346, 1.25 0.4488 0.6299, 0.7382 0.4488 0.6299, 1.25 0.5472 0.7283, 0.7382 0.5472 0.7283, 0.7382 0.5217 0.725, 1.25 0.5217 0.725, 0.7382 0.498 0.7152, 1.25 0.498 0.7152, 0.7382 0.4776 0.6995, 1.25 0.4776 0.6995, 0.7382 0.462 0.6791, 1.25 0.462 0.6791, 0.7382 0.4522 0.6554, 1.25 0.4522 0.6554, 1.25 0.4902 0.6452, 0.7382 0.4902 0.6452, 1.25 0.4961 0.6594, 0.7382 0.4961 0.6594, 1.25 0.5055 0.6717, 0.7382 0.5055 0.6717, 1.25 0.5177 0.6811, 0.7382 0.5177 0.6811, 1.25 0.5319 0.687, 0.7382 0.5319 0.687, 1.25 0.5472 0.689, 0.7382 0.5472 0.689, 1.25 0.685 0.689, 1.25 0.685 0.7283
            ]
        }
        coordIndex [
            0,1,2,-1,2,1,3,-1,4,5,6,-1,6,5,7,-1,6,7,8,-1,8,7,9,-1,8,9,10,-1,10,9,11,-1,10,11,12,-1,12,11,13,-1,12,13,14,-1,14,13,15,-1,14,15,1,-1,1,15,3,-1,16,17,18,-1,16,18,19,-1,19,18,20,-1,19,20,21,-1,21,20,22,-1,21,22,23,-1,23,22,24,-1,23,24,25,-1,25,24,26,-1,25,26,27,-1,27,26,28,-1,27,28,29,-1,16,30,17,-1,17,30,31,-1,30,0,31,-1,31,0,2,-1,0,30,1,-1,1,30,16,-1,1,16,14,-1,14,16,19,-1,14,19,12,-1,12,19,21,-1,12,21,10,-1,10,21,23,-1,10,23,8,-1,8,23,25,-1,8,25,6,-1,6,25,27,-1,6,27,4,-1,4,27,29,-1,4,29,32,-1,32,29,33,-1,34,35,36,-1,36,35,37,-1,35,38,37,-1,37,38,39,-1,38,40,39,-1,39,40,41,-1,42,43,44,-1,42,44,45,-1,45,44,46,-1,45,46,47,-1,47,46,48,-1,47,48,49,-1,49,48,50,-1,49,50,51,-1,51,50,52,-1,51,52,53,-1,53,52,41,-1,53,41,40,-1,34,36,54,-1,54,36,55,-1,54,55,56,-1,56,55,57,-1,56,57,58,-1,58,57,59,-1,58,59,60,-1,60,59,61,-1,60,61,62,-1,62,61,63,-1,62,63,64,-1,64,63,65,-1,66,67,64,-1,64,67,42,-1,64,42,62,-1,62,42,45,-1,62,45,60,-1,60,45,47,-1,60,47,58,-1,58,47,49,-1,58,49,56,-1,56,49,51,-1,56,51,54,-1,54,51,53,-1,54,53,34,-1,34,53,40,-1,34,40,35,-1,35,40,38,-1,
        ]
    }
}
Shape{
    appearance Appearance {
        material  Material 	{
            diffuseColor 0.25098039215686274 0.25098039215686274 0.25098039215686274
            specularColor 0.12549019607843137 0.12549019607843137 0.12549019607843137
            ambientIntensity 0.251
            transparency 0.0
            shininess 0.5
        }
    }
    geometry IndexedFaceSet {
        ccw TRUE
        solid FALSE
        coord DEF co Coordinate {
            point [
                0.8985 1.3484 0.3925, 0.8985 1.3484 0.2879, 0.8937 1.3484 0.2879, 0.9429 1.3484 0.4154, 0.9429 1.3484 0.3925, 1.565 1.3484 0.137, 1.565 1.3484 0.0197, 1.4683 1.3484 0.0197, 0.7733 1.3484 0.2729, 0.7718 1.3484 0.2746, 0.7833 1.3484 0.2711, 0.867 1.3484 0.4966, 0.8656 1.3484 0.4968, 0.8937 1.3484 0.4968, 0.5938 1.3484 0.2877, 0.5937 1.3484 0.2879, 0.671 1.3484 0.2879, 0.6634 1.3484 0.2881, 0.6629 1.3484 0.3682, 0.671 1.3484 0.3925, 1.1953 1.3484 0.291, 1.197 1.3484 0.2879, 0.9759 1.3484 0.2879, 1.2021 1.3484 0.2784, 1.2056 1.3484 0.2746, 0.9759 1.3484 0.2746, 1.0445 1.3484 0.4355, 1.0292 1.3484 0.4223, 0.9759 1.3484 0.4968, 0.9759 1.3484 0.4154, 1.104 1.3484 0.4968, 1.0946 1.3484 0.4902, 1.075 1.3484 0.4668, 1.0642 1.3484 0.445, 1.0614 1.3484 0.444, 1.2239 1.3484 0.5084, 1.1974 1.3484 0.5177, 1.4683 1.3484 0.7283, 1.1166 1.3484 0.5057, 0.9759 1.3484 0.7283, 1.1447 1.3484 0.5168, 1.1718 1.3484 0.5203, 1.4683 1.3484 0.4968, 1.2425 1.3484 0.4968, 1.2403 1.3484 0.4986, 1.4683 1.3484 0.4154, 1.365 1.3484 0.4154, 1.3581 1.3484 0.4307, 1.3443 1.3484 0.4481, 1.3011 1.3484 0.4724, 1.2786 1.3484 0.475, 1.2538 1.3484 0.4873, 1.2721 1.3484 0.4746, 1.2655 1.3484 0.4737, 1.3404 1.3484 0.4517, 1.3222 1.3484 0.4643, 1.3027 1.3484 0.2935, 1.3098 1.3484 0.2957, 1.4683 1.3484 0.2879, 1.3303 1.3484 0.3059, 1.348 1.3484 0.3212, 1.3609 1.3484 0.3399, 1.3689 1.3484 0.3611, 1.4683 1.3484 0.3925, 1.3715 1.3484 0.3834, 1.3713 1.3484 0.3889, 1.3706 1.3484 0.3925, 1.3673 1.3484 0.4103, 1.4683 1.3484 0.2746, 1.2971 1.3484 0.2813, 1.3001 1.3484 0.2879, 1.211 1.3484 0.2686, 1.2224 1.3484 0.2608, 0.9759 1.3484 0.137, 1.2645 1.3484 0.2567, 1.2776 1.3484 0.2623, 1.4683 1.3484 0.137, 1.2887 1.3484 0.2708, 1.2917 1.3484 0.2746, 1.2351 1.3484 0.256, 1.2489 1.3484 0.2545, 1.2511 1.3484 0.2545, 1.1223 1.3484 0.3243, 1.1184 1.3484 0.3258, 1.1115 1.3484 0.3582, 1.2055 1.3484 0.3492, 1.1289 1.3484 0.3885, 1.2154 1.3484 0.3583, 1.2274 1.3484 0.3649, 1.1259 1.3484 0.3219, 1.0084 1.3484 0.37, 1.0111 1.3484 0.3497, 1.0439 1.3484 0.3747, 1.0465 1.3484 0.3856, 1.0502 1.3484 0.3925, 1.3345 1.3484 0.3925, 1.0454 1.3484 0.3031, 1.0628 1.3484 0.2947, 1.114 1.3484 0.3264, 1.1135 1.3484 0.3263, 1.1117 1.3484 0.3259, 1.0184 1.3484 0.3317, 1.0298 1.3484 0.3161, 1.331 1.3484 0.3616, 1.3243 1.3484 0.35, 1.2955 1.3484 0.3439, 1.3142 1.3484 0.3394, 1.3018 1.3484 0.3317, 1.2743 1.3484 0.3626, 1.286 1.3484 0.3546, 1.3356 1.3484 0.3843, 1.335 1.3484 0.3755, 1.2617 1.3484 0.3673, 1.2481 1.3484 0.3689, 1.2411 1.3484 0.3684, 1.0554 1.3484 0.3397, 1.0491 1.3484 0.3485, 1.0451 1.3484 0.3586, 1.0437 1.3484 0.3697, 1.1318 1.3484 0.3088, 1.1316 1.3484 0.3111, 1.1915 1.3484 0.3167, 1.1304 1.3484 0.3154, 1.1282 1.3484 0.3193, 1.1224 1.3484 0.2931, 1.126 1.3484 0.2958, 1.1273 1.3484 0.2971, 1.1298 1.3484 0.3007, 1.1313 1.3484 0.3046, 1.1919 1.3484 0.3051, 1.1915 1.3484 0.311, 1.1106 1.3484 0.3258, 1.085 1.3484 0.3256, 1.0748 1.3484 0.3275, 1.0818 1.3484 0.2908, 1.1154 1.3484 0.2911, 1.1186 1.3484 0.2916, 1.0647 1.3484 0.3321, 1.0562 1.3484 0.3389, 1.0923 1.3484 0.4145, 1.3289 1.3484 0.4107, 1.3338 1.3484 0.3981, 1.0878 1.3484 0.4144, 1.0517 1.3484 0.3955, 1.0583 1.3484 0.4029, 1.067 1.3484 0.4091, 1.0769 1.3484 0.413, 1.1043 1.3484 0.4487, 1.1171 1.3484 0.4642, 1.2482 1.3484 0.4321, 1.1185 1.3484 0.4655, 1.1344 1.3484 0.4767, 1.2394 1.3484 0.45, 1.3255 1.3484 0.4154, 1.2522 1.3484 0.4343, 1.0925 1.3484 0.4154, 1.0957 1.3484 0.4303, 1.265 1.3484 0.4391, 1.2783 1.3484 0.4408, 1.2842 1.3484 0.4406, 1.2265 1.3484 0.4652, 1.1522 1.3484 0.4837, 1.2111 1.3484 0.4762, 1.1715 1.3484 0.4862, 1.1925 1.3484 0.4836, 1.2983 1.3484 0.4373, 1.311 1.3484 0.4307, 1.3209 1.3484 0.422, 1.0243 1.3484 0.4154, 1.0177 1.3484 0.406, 0.9759 1.3484 0.3925, 1.0124 1.3484 0.3925, 1.0108 1.3484 0.3886, 0.3248 1.3484 0.3925, 0.5517 1.3484 0.3674, 0.5627 1.3484 0.3675, 0.6042 1.3484 0.306, 0.6102 1.3484 0.299, 0.6187 1.3484 0.293, 0.6278 1.3484 0.2895, 0.6414 1.3484 0.288, 0.6098 1.3484 0.3572, 0.607 1.3484 0.3545, 0.6021 1.3484 0.3474, 0.5992 1.3484 0.3398, 0.64 1.3484 0.3681, 0.6278 1.3484 0.3666, 0.6182 1.3484 0.363, 0.598 1.3484 0.3287, 0.5982 1.3484 0.3236, 0.6002 1.3484 0.3143, 0.3248 1.3484 0.2879, 0.522 1.3484 0.2879, 0.3248 1.3484 0.2746, 0.671 1.3484 0.2746, 0.5824 1.3484 0.2876, 0.5218 1.3484 0.2871, 0.5332 1.3484 0.2872, 0.5823 1.3484 0.2879, 0.5334 1.3484 0.2879, 0.5412 1.3484 0.3092, 0.5745 1.3484 0.3094, 0.6799 1.3484 0.3591, 0.6798 1.3484 0.3683, 0.6823 1.3484 0.3335, 0.6824 1.3484 0.3243, 0.6785 1.3484 0.2974, 0.6952 1.3484 0.2975, 0.6952 1.3484 0.3336, 0.6786 1.3484 0.2883, 0.6952 1.3484 0.2879, 0.6952 1.3484 0.3244, 0.711 1.3484 0.3246, 0.7112 1.3484 0.2976, 0.6952 1.3484 0.3592, 0.7108 1.3484 0.3593, 0.711 1.3484 0.3337, 0.6952 1.3484 0.2884, 0.7216 1.3484 0.2886, 0.7268 1.3484 0.2879, 0.7211 1.3484 0.3686, 0.8884 1.3484 0.3144, 0.8863 1.3484 0.3172, 0.8848 1.3484 0.3332, 0.8548 1.3484 0.2895, 0.8547 1.3484 0.2983, 0.855 1.3484 0.2984, 0.8752 1.3484 0.3469, 0.865 1.3484 0.3481, 0.8937 1.3484 0.3925, 0.8588 1.3484 0.3474, 0.8546 1.3484 0.3461, 0.8831 1.3484 0.3198, 0.8787 1.3484 0.3219, 0.8789 1.3484 0.3369, 0.8715 1.3484 0.3236, 0.8626 1.3484 0.3396, 0.866 1.3484 0.3399, 0.8727 1.3484 0.3392, 0.8304 1.3484 0.3347, 0.8467 1.3484 0.3382, 0.8452 1.3484 0.3336, 0.8487 1.3484 0.3415, 0.8292 1.3484 0.3379, 0.8513 1.3484 0.3441, 0.8889 1.3484 0.2971, 0.8901 1.3484 0.3005, 0.8906 1.3484 0.3051, 0.8576 1.3484 0.2948, 0.8609 1.3484 0.2917, 0.8629 1.3484 0.2905, 0.8261 1.3484 0.2879, 0.8726 1.3484 0.2883, 0.8786 1.3484 0.289, 0.8824 1.3484 0.2905, 0.8858 1.3484 0.2929, 0.8869 1.3484 0.294, 0.8264 1.3484 0.3203, 0.8311 1.3484 0.3017, 0.8261 1.3484 0.3201, 0.827 1.3484 0.2992, 0.8261 1.3484 0.2988, 0.828 1.3484 0.322, 0.8293 1.3484 0.3241, 0.8445 1.3484 0.3262, 0.8304 1.3484 0.3272, 0.8308 1.3484 0.3311, 0.8545 1.3484 0.3259, 0.8548 1.3484 0.3303, 0.8559 1.3484 0.3339, 0.857 1.3484 0.3359, 0.8905 1.3484 0.3066, 0.8898 1.3484 0.3109, 0.8669 1.3484 0.2889, 0.8448 1.3484 0.2894, 0.8847 1.3484 0.3429, 0.8826 1.3484 0.3441, 0.8585 1.3484 0.3376, 0.8603 1.3484 0.3387, 0.8311 1.3484 0.2913, 0.8261 1.3484 0.2894, 0.8251 1.3484 0.2891, 0.8159 1.3484 0.2879, 0.8261 1.3484 0.2746, 0.7897 1.3484 0.2746, 0.7897 1.3484 0.2879, 0.8157 1.3484 0.2879, 0.8154 1.3484 0.2879, 0.8067 1.3484 0.2889, 0.7949 1.3484 0.345, 0.795 1.3484 0.3353, 0.8273 1.3484 0.3406, 0.8261 1.3484 0.3417, 0.8261 1.3484 0.3925, 0.8243 1.3484 0.3432, 0.821 1.3484 0.3452, 0.7929 1.3484 0.3006, 0.7942 1.3484 0.2974, 0.7961 1.3484 0.2948, 0.8154 1.3484 0.347, 0.8084 1.3484 0.3477, 0.7897 1.3484 0.3925, 0.8014 1.3484 0.347, 0.7957 1.3484 0.3141, 0.7939 1.3484 0.3113, 0.7928 1.3484 0.3084, 0.7924 1.3484 0.3046, 0.799 1.3484 0.2923, 0.8014 1.3484 0.2909, 0.8095 1.3484 0.3395, 0.8124 1.3484 0.3393, 0.8205 1.3484 0.3319, 0.8151 1.3484 0.3386, 0.8174 1.3484 0.3375, 0.8204 1.3484 0.3306, 0.82 1.3484 0.329, 0.8193 1.3484 0.3277, 0.8183 1.3484 0.3266, 0.8148 1.3484 0.3243, 0.8031 1.3484 0.3388, 0.8086 1.3484 0.3216, 0.7974 1.3484 0.3367, 0.8047 1.3484 0.32, 0.7981 1.3484 0.3163, 0.8189 1.3484 0.3361, 0.8198 1.3484 0.3349, 0.8203 1.3484 0.3335, 0.8207 1.3484 0.2968, 0.8157 1.3484 0.3144, 0.8217 1.3484 0.3171, 0.8146 1.3484 0.2961, 0.8142 1.3484 0.2961, 0.8092 1.3484 0.3116, 0.809 1.3484 0.2966, 0.8027 1.3484 0.3037, 0.8028 1.3484 0.305, 0.8064 1.3484 0.2975, 0.8055 1.3484 0.2981, 0.8044 1.3484 0.2991, 0.8035 1.3484 0.3004, 0.803 1.3484 0.3018, 0.8033 1.3484 0.3065, 0.804 1.3484 0.3079, 0.8053 1.3484 0.3092, 0.671 1.3484 0.4968, 0.6621 1.3484 0.4952, 0.6511 1.3484 0.4952, 0.6932 1.3484 0.4154, 0.6932 1.3484 0.4154, 0.6952 1.3484 0.4154, 0.671 1.3484 0.4725, 0.6952 1.3484 0.3925, 0.6818 1.3484 0.4153, 0.6817 1.3484 0.4154, 0.671 1.3484 0.4154, 0.671 1.3484 0.4371, 0.6739 1.3484 0.4372, 0.6406 1.3484 0.4369, 0.6327 1.3484 0.4154, 0.6325 1.3484 0.415, 0.6211 1.3484 0.4149, 0.6213 1.3484 0.4154, 0.3248 1.3484 0.4154, 0.3248 1.3484 0.4968, 0.7268 1.3484 0.4968, 0.7703 1.3484 0.4968, 0.7394 1.3484 0.4958, 0.7622 1.3484 0.4959, 0.7628 1.3484 0.4159, 0.7703 1.3484 0.4154, 0.7408 1.3484 0.4157, 0.7268 1.3484 0.4154, 0.7272 1.3484 0.4173, 0.6996 1.3484 0.442, 0.7036 1.3484 0.4338, 0.6976 1.3484 0.4514, 0.6952 1.3484 0.4968, 0.6986 1.3484 0.4675, 0.6973 1.3484 0.4565, 0.7096 1.3484 0.4267, 0.718 1.3484 0.4208, 0.7268 1.3484 0.4174, 0.7092 1.3484 0.485, 0.7064 1.3484 0.4822, 0.7015 1.3484 0.4752, 0.7272 1.3484 0.4943, 0.7268 1.3484 0.4942, 0.7175 1.3484 0.4907, 0.7897 1.3484 0.4613, 0.7817 1.3484 0.4612, 0.7792 1.3484 0.4869, 0.7792 1.3484 0.4961, 0.7897 1.3484 0.4968, 0.7897 1.3484 0.4961, 0.7897 1.3484 0.4252, 0.7779 1.3484 0.4251, 0.7818 1.3484 0.4521, 0.7897 1.3484 0.4521, 0.8104 1.3484 0.4523, 0.8106 1.3484 0.4253, 0.7897 1.3484 0.4869, 0.8102 1.3484 0.4871, 0.8103 1.3484 0.4615, 0.821 1.3484 0.4163, 0.8261 1.3484 0.4154, 0.7897 1.3484 0.4154, 0.7779 1.3484 0.416, 0.7897 1.3484 0.4161, 0.8204 1.3484 0.4964, 0.8261 1.3484 0.4968, 0.9002 1.3484 0.4169, 0.8985 1.3484 0.4154, 0.9002 1.3484 0.426, 0.8985 1.3484 0.4968, 0.9321 1.3484 0.4262, 0.9316 1.3484 0.4968, 0.9429 1.3484 0.4968, 0.9425 1.3484 0.4172, 0.8985 1.3484 0.7283, 0.9429 1.3484 0.7283, 0.9316 1.3484 0.4971, 0.9419 1.3484 0.4972, 0.9419 1.3484 0.4968, 0.844 1.3484 0.4968, 0.8365 1.3484 0.4945, 0.8365 1.3484 0.4837, 0.8369 1.3484 0.4296, 0.837 1.3484 0.4197, 0.8384 1.3484 0.4191, 0.847 1.3484 0.4163, 0.8567 1.3484 0.4154, 0.8455 1.3484 0.4874, 0.8554 1.3484 0.4886, 0.8374 1.3484 0.4842, 0.8592 1.3484 0.4885, 0.8661 1.3484 0.487, 0.8723 1.3484 0.484, 0.8844 1.3484 0.4669, 0.8858 1.3484 0.4559, 0.8576 1.3484 0.4244, 0.8773 1.3484 0.4799, 0.8778 1.3484 0.4793, 0.8448 1.3484 0.4261, 0.8539 1.3484 0.4245, 0.8817 1.3484 0.4738, 0.8857 1.3484 0.4522, 0.8844 1.3484 0.4443, 0.8817 1.3484 0.438, 0.8781 1.3484 0.433, 0.8759 1.3484 0.4308, 0.8646 1.3484 0.4252, 0.8705 1.3484 0.4272, 0.8554 1.3484 0.498, 0.8449 1.3484 0.4971, 0.8261 1.3484 0.7283, 0.8937 1.3484 0.4722, 0.8908 1.3484 0.4788, 0.8849 1.3484 0.4864, 0.8829 1.3484 0.4883, 0.8754 1.3484 0.4935, 0.8946 1.3484 0.47, 0.8965 1.3484 0.4595, 0.8967 1.3484 0.4554, 0.8952 1.3484 0.4423, 0.8937 1.3484 0.4154, 0.8632 1.3484 0.4154, 0.864 1.3484 0.4155, 0.8727 1.3484 0.4173, 0.8802 1.3484 0.4209, 0.8866 1.3484 0.4263, 0.8873 1.3484 0.4271, 0.892 1.3484 0.4339, 0.8937 1.3484 0.4383, 0.8592 1.3484 0.4152, 0.9016 1.3484 0.3699, 0.9016 1.3484 0.3607, 0.9328 1.3484 0.3261, 0.933 1.3484 0.2992, 0.9041 1.3484 0.3259, 0.9002 1.3484 0.299, 0.9041 1.3484 0.3351, 0.9428 1.3484 0.3702, 0.9429 1.3484 0.3536, 0.9325 1.3484 0.3609, 0.9327 1.3484 0.3353, 0.9003 1.3484 0.2898, 0.9429 1.3484 0.2879, 0.9429 1.3484 0.2901, 0.9434 1.3484 0.2901, 0.7424 1.3484 0.3459, 0.732 1.3484 0.3458, 0.7268 1.3484 0.3925, 0.6952 1.3484 0.3684, 0.7553 1.3484 0.2879, 0.7611 1.3484 0.303, 0.7599 1.3484 0.2983, 0.7596 1.3484 0.2983, 0.7703 1.3484 0.3925, 0.7703 1.3484 0.3303, 0.7583 1.3484 0.3029, 0.7591 1.3484 0.3003, 0.7703 1.3484 0.2879, 0.7703 1.3484 0.3031, 0.7869 1.3484 0.3462, 0.7757 1.3484 0.3461, 0.7649 1.3484 0.289, 0.7654 1.3484 0.2879, 0.7694 1.3484 0.2786, 0.7854 1.3484 0.2718, 0.7854 1.3484 0.2629, 0.7714 1.3484 0.275, 0.7703 1.3484 0.2769, 0.775 1.3484 0.2718, 0.7797 1.3484 0.2706, 0.7772 1.3484 0.2709, 0.771 1.3484 0.2639, 0.7749 1.3484 0.2625, 0.7703 1.3484 0.137, 0.779 1.3484 0.262, 0.7897 1.3484 0.137, 0.7812 1.3484 0.2621, 0.7584 1.3484 0.2802, 0.7614 1.3484 0.2746, 0.7268 1.3484 0.2746, 0.763 1.3484 0.2714, 0.7667 1.3484 0.267, 0.7268 1.3484 0.137, 0.7674 1.3484 0.2664, 0.7703 1.3484 0.2644, 1.565 1.3484 0.2746, 1.565 1.3484 0.2879, 1.565 1.3484 0.3925, 1.565 1.3484 0.4154, 1.565 1.3484 0.4968, 1.565 1.3484 0.7283, 0.8937 1.3484 0.7283, 0.8937 1.3484 0.2746, 0.8985 1.3484 0.2746, 0.9429 1.3484 0.2746, 0.8261 1.3484 0.137, 0.8937 1.3484 0.137, 0.8985 1.3484 0.137, 0.9429 1.3484 0.137, 0.6952 1.3484 0.2746, 0.7897 1.3484 0.7283, 0.7703 1.3484 0.7283, 0.7268 1.3484 0.7283, 0.6952 1.3484 0.7283, 0.671 1.3484 0.7283, 0.3248 1.3484 0.7283, 0.6952 1.3484 0.137, 0.671 1.3484 0.137, 0.3248 1.3484 0.137, 0.9759 1.3484 0.0197, 0.9429 1.3484 0.0197, 0.8985 1.3484 0.0197, 0.8937 1.3484 0.0197, 0.8261 1.3484 0.0197, 0.7897 1.3484 0.0197, 0.7703 1.3484 0.0197, 0.7268 1.3484 0.0197, 0.6952 1.3484 0.0197, 0.671 1.3484 0.0197, 0.3248 1.3484 0.0197, 0.748 0.3346 -0.3937, 0.748 0.5315 -0.3937, 0.748 0.3346 0.1772, 0.748 0.5315 0.1772, 1.2205 0.5315 -0.3937, 1.2205 0.5315 0.1772, 1.2205 0.3346 -0.3937, 1.2205 0.3346 0.1772, -0.4626 0.4823 0.0197, -1.6043 0.4823 0.0197, -0.4626 0.4823 0.7283, -1.6043 0.4823 0.7283, 0.0098 1.0334 0.0197, 0.0098 0.9547 0.0197, 0.0098 1.0334 0.7283, 0.0098 0.9547 0.7283, 1.8799 0.063 0.7283, 1.8799 -0.1673 0.7283, 1.8799 0.063 0.1772, 1.8799 -0.1673 0.0197, 1.8799 0.8031 0.1772, 1.8799 1.0334 0.0197, 1.8799 0.8031 0.7283, 1.8799 1.0334 0.7283, 1.565 -0.4823 0.7283, 0.4626 -0.4823 0.7283, 1.565 -0.4823 0.0197, 0.4626 -0.4823 0.0197, -0.0098 -0.9547 0.7283, -0.0098 -1.0729 0.7283, -0.0098 -0.9547 0.0197, -0.0098 -1.0729 0.0197, -1.565 -1.3484 0.0197, -0.2854 -1.3484 0.0197, -1.565 -1.3484 0.7283, -0.2854 -1.3484 0.7283, -1.8799 -0.063 0.7283, -1.8799 0.2067 0.7283, -1.8799 -0.063 0.1772, -1.8799 0.2067 0.0197, -1.8799 -0.8032 0.1772, -1.8799 -1.0335 0.0197, -1.8799 -0.8032 0.7283, -1.8799 -1.0335 0.7283, -0.0008 -0.8626 0.7283, 0.0261 -0.7739 0.7283, -0.502 -0.8032 0.7283, 0.502 0.063 0.7283, -0.502 -0.063 0.7283, 0.502 0.8031 0.7283, -0.0192 -1.1442 0.7283, 0.2001 -0.5619 0.7283, 0.1285 -0.6207 0.7283, 0.0698 -0.6923 0.7283, 0.2818 -0.5183 0.7283, 0.3704 -0.4914 0.7283, -0.2818 0.5182 0.7283, -0.3704 0.4913 0.7283, -1.8705 0.278 0.7283, 0.0008 0.8625 0.7283, -0.0261 0.7739 0.7283, -1.6757 0.4729 0.7283, -1.7421 0.4453 0.7283, -1.7992 0.4015 0.7283, -0.2141 -1.3391 0.7283, -0.1476 -1.3115 0.7283, -0.0698 0.6922 0.7283, -0.1285 0.6206 0.7283, -0.2001 0.5619 0.7283, -0.0906 -1.2677 0.7283, -0.0468 -1.2106 0.7283, -1.843 0.3445 0.7283, -1.5551 -0.4331 0.0197, -1.5434 -0.548 0.0197, -1.5089 -0.6582 0.0197, -1.4528 -0.7592 0.0197, -1.3776 -0.8469 0.0197, -1.2862 -0.9176 0.0197, 0.5157 0.7592 0.0197, 0.5909 0.8468 0.0197, 0.6823 0.9175 0.0197, 0.786 0.9684 0.0197, -0.0008 -0.8626 0.0197, -0.4851 -0.7101 0.0197, 1.5289 0.6039 0.0197, 1.4834 0.7101 0.0197, 1.4174 0.8049 0.0197, 1.3337 0.8845 0.0197, -1.1825 -0.9684 0.0197, -1.0707 -0.9974 0.0197, -0.9553 -1.0032 0.0197, -0.8412 -0.9857 0.0197, 1.0132 -0.1371 0.0197, 1.1273 -0.1196 0.0197, -0.8412 0.1196 0.0197, 0.4597 0.2079 0.0197, 0.5157 0.1069 0.0197, -1.5434 -0.3182 0.0197, -1.5089 -0.208 0.0197, -0.0192 -1.1442 0.0197, -0.0468 -1.2106 0.0197, -0.5511 -0.8049 0.0197, 1.2357 0.9456 0.0197, 1.1273 0.9857 0.0197, 1.0132 1.0032 0.0197, 0.8978 0.9973 0.0197, -0.1285 0.6206 0.0197, -0.0698 0.6922 0.0197, 0.4251 0.548 0.0197, -0.0261 0.7739 0.0197, 0.4597 0.6582 0.0197, 0.0008 0.8625 0.0197, -0.2001 0.5619 0.0197, 0.4134 0.4331 0.0197, -0.2818 0.5182 0.0197, -0.7328 -0.9456 0.0197, -0.6348 -0.8845 0.0197, -0.2141 -1.3391 0.0197, 0.8978 -0.1312 0.0197, 1.4834 0.156 0.0197, 1.5289 0.2622 0.0197, 1.5522 0.3753 0.0197, 1.5522 0.4908 0.0197, -0.0906 -1.2677 0.0197, -0.1476 -1.3115 0.0197, 0.0261 -0.7739 0.0197, -0.4396 -0.604 0.0197, 0.0698 -0.6923 0.0197, -0.4163 -0.4908 0.0197, 0.1285 -0.6207 0.0197, -0.4396 -0.2622 0.0197, 0.6823 -0.0514 0.0197, -0.4163 -0.3753 0.0197, 0.786 -0.1023 0.0197, 1.2357 -0.0795 0.0197, 1.3337 -0.0184 0.0197, 1.4174 0.0612 0.0197, -1.0707 0.1312 0.0197, -1.7421 0.4453 0.0197, -0.9553 0.137 0.0197, 0.4251 0.3181 0.0197, -1.8705 0.278 0.0197, -1.3776 -0.0193 0.0197, -1.4528 -0.107 0.0197, -1.1825 0.1022 0.0197, -1.2862 0.0514 0.0197, -1.7992 0.4015 0.0197, -1.843 0.3445 0.0197, -1.6757 0.4729 0.0197, -0.3704 0.4913 0.0197, 0.3704 -0.4914 0.0197, 0.2818 -0.5183 0.0197, 0.2001 -0.5619 0.0197, -0.4851 -0.156 0.0197, -0.5511 -0.0612 0.0197, -0.6348 0.0183 0.0197, 0.5909 0.0193 0.0197, -0.7328 0.0794 0.0197, -1.5522 -0.3753 -0.3937, -1.5551 -0.4331 -0.3937, -1.5522 -0.4908 0.0197, -1.5522 -0.4908 -0.3937, -1.5289 -0.604 -0.3937, -1.5289 -0.604 0.0197, -1.4834 -0.7101 -0.3937, -1.4834 -0.7101 0.0197, -1.4174 -0.8049 -0.3937, -1.4174 -0.8049 0.0197, -1.3337 -0.8845 -0.3937, -1.3337 -0.8845 0.0197, -1.2357 -0.9456 -0.3937, -1.2357 -0.9456 0.0197, -1.1273 -0.9857 -0.3937, -1.1273 -0.9857 0.0197, -1.0132 -1.0032 -0.3937, -1.0132 -1.0032 0.0197, -0.8978 -0.9974 -0.3937, -0.8978 -0.9974 0.0197, -0.786 -0.9684 -0.3937, -0.786 -0.9684 0.0197, -0.6823 -0.9176 -0.3937, -0.6823 -0.9176 0.0197, -0.5909 -0.8469 -0.3937, -0.5909 -0.8469 0.0197, -0.5157 -0.7592 -0.3937, -0.5157 -0.7592 0.0197, -0.4597 -0.6582 -0.3937, -0.4597 -0.6582 0.0197, -0.4251 -0.548 -0.3937, -0.4251 -0.548 0.0197, -0.4134 -0.4331 -0.3937, -0.4134 -0.4331 0.0197, -0.4251 -0.3182 -0.3937, -0.4251 -0.3182 0.0197, -0.4597 -0.208 -0.3937, -0.4597 -0.208 0.0197, -0.5157 -0.107 -0.3937, -0.5157 -0.107 0.0197, -0.5909 -0.0193 -0.3937, -0.5909 -0.0193 0.0197, -0.6823 0.0514 -0.3937, -0.6823 0.0514 0.0197, -0.786 0.1022 -0.3937, -0.786 0.1022 0.0197, -0.8978 0.1312 -0.3937, -0.8978 0.1312 0.0197, -1.0132 0.137 -0.3937, -1.0132 0.137 0.0197, -1.1273 0.1196 -0.3937, -1.1273 0.1196 0.0197, -1.2357 0.0794 -0.3937, -1.2357 0.0794 0.0197, -1.3337 0.0183 -0.3937, -1.3337 0.0183 0.0197, -1.4174 -0.0612 -0.3937, -1.4174 -0.0612 0.0197, -1.4834 -0.156 -0.3937, -1.4834 -0.156 0.0197, -1.5289 -0.2622 -0.3937, -1.5289 -0.2622 0.0197, -1.5522 -0.3753 0.0197, -1.4145 -0.6719 -0.4724, -1.4538 -0.5804 -0.4724, -1.2992 -0.6103 -0.4724, -1.4739 -0.4829 -0.4724, -1.2992 -0.2559 -0.4724, -1.4764 -0.4331 -0.4724, -1.4739 -0.3833 -0.4724, -1.4538 -0.2858 -0.4724, -0.6452 -0.7898 -0.4724, -0.5803 -0.7142 -0.4724, -0.6693 -0.6103 -0.4724, -0.532 -0.6272 -0.4724, -0.5022 -0.5322 -0.4724, -0.5803 -0.152 -0.4724, -0.6693 -0.2559 -0.4724, -0.6452 -0.0764 -0.4724, -0.7239 -0.0155 -0.4724, -0.7239 -0.8507 -0.4724, -0.8133 -0.8946 -0.4724, -0.9097 -0.9195 -0.4724, -1.0092 -0.9246 -0.4724, -1.1076 -0.9095 -0.4724, -1.201 -0.8749 -0.4724, -1.2855 -0.8223 -0.4724, -1.3577 -0.7536 -0.4724, -1.4145 -0.1943 -0.4724, -1.3577 -0.1125 -0.4724, -1.2855 -0.0439 -0.4724, -1.201 0.0087 -0.4724, -1.1076 0.0433 -0.4724, -1.0092 0.0584 -0.4724, -0.532 -0.239 -0.4724, -0.5022 -0.334 -0.4724, -0.4921 -0.4331 -0.4724, -0.9097 0.0534 -0.4724, -0.8133 0.0284 -0.4724, 0.4163 0.4908 -0.3937, 0.4134 0.4331 -0.3937, 0.4163 0.3753 0.0197, 0.4163 0.3753 -0.3937, 0.4396 0.2622 -0.3937, 0.4396 0.2622 0.0197, 0.4851 0.156 -0.3937, 0.4851 0.156 0.0197, 0.5511 0.0612 -0.3937, 0.5511 0.0612 0.0197, 0.6348 -0.0184 -0.3937, 0.6348 -0.0184 0.0197, 0.7328 -0.0795 -0.3937, 0.7328 -0.0795 0.0197, 0.8412 -0.1196 -0.3937, 0.8412 -0.1196 0.0197, 0.9553 -0.1371 -0.3937, 0.9553 -0.1371 0.0197, 1.0707 -0.1312 -0.3937, 1.0707 -0.1312 0.0197, 1.1825 -0.1023 -0.3937, 1.1825 -0.1023 0.0197, 1.2862 -0.0514 -0.3937, 1.2862 -0.0514 0.0197, 1.3776 0.0193 -0.3937, 1.3776 0.0193 0.0197, 1.4528 0.1069 -0.3937, 1.4528 0.1069 0.0197, 1.5089 0.2079 -0.3937, 1.5089 0.2079 0.0197, 1.5434 0.3181 -0.3937, 1.5434 0.3181 0.0197, 1.5551 0.4331 -0.3937, 1.5551 0.4331 0.0197, 1.5434 0.548 -0.3937, 1.5434 0.548 0.0197, 1.5089 0.6582 -0.3937, 1.5089 0.6582 0.0197, 1.4528 0.7592 -0.3937, 1.4528 0.7592 0.0197, 1.3776 0.8468 -0.3937, 1.3776 0.8468 0.0197, 1.2862 0.9175 -0.3937, 1.2862 0.9175 0.0197, 1.1825 0.9684 -0.3937, 1.1825 0.9684 0.0197, 1.0707 0.9973 -0.3937, 1.0707 0.9973 0.0197, 0.9553 1.0032 -0.3937, 0.9553 1.0032 0.0197, 0.8412 0.9857 -0.3937, 0.8412 0.9857 0.0197, 0.7328 0.9456 -0.3937, 0.7328 0.9456 0.0197, 0.6348 0.8845 -0.3937, 0.6348 0.8845 0.0197, 0.5511 0.8049 -0.3937, 0.5511 0.8049 0.0197, 0.4851 0.7101 -0.3937, 0.4851 0.7101 0.0197, 0.4396 0.6039 -0.3937, 0.4396 0.6039 0.0197, 0.4163 0.4908 0.0197, 0.5147 0.5804 -0.4724, 0.554 0.6719 -0.4724, 0.6693 0.6102 -0.4724, 1.2992 0.2559 -0.4724, 1.3882 0.1519 -0.4724, 1.3233 0.0764 -0.4724, 0.8609 0.9095 -0.4724, 0.9593 0.9245 -0.4724, 1.2992 0.6102 -0.4724, 1.4764 0.4331 -0.4724, 1.4663 0.334 -0.4724, 1.4365 0.239 -0.4724, 1.2446 0.0154 -0.4724, 1.1552 -0.0284 -0.4724, 1.0588 -0.0534 -0.4724, 0.9593 -0.0584 -0.4724, 0.8609 -0.0434 -0.4724, 0.7675 -0.0088 -0.4724, 1.4663 0.5321 -0.4724, 1.4365 0.6271 -0.4724, 1.2446 0.8507 -0.4724, 1.3233 0.7897 -0.4724, 1.3882 0.7142 -0.4724, 0.683 0.0439 -0.4724, 0.6108 0.1125 -0.4724, 0.6693 0.2559 -0.4724, 0.554 0.1942 -0.4724, 0.5147 0.2857 -0.4724, 0.4947 0.3833 -0.4724, 0.4921 0.4331 -0.4724, 0.4947 0.4828 -0.4724, 0.6108 0.7536 -0.4724, 0.683 0.8222 -0.4724, 0.7675 0.8749 -0.4724, 1.0588 0.9195 -0.4724, 1.1552 0.8945 -0.4724, -1.2205 -0.3347 -0.3937, -1.2205 -0.3347 0.1772, -1.2205 -0.5315 -0.3937, -1.2205 -0.5315 0.1772, -0.748 -0.3347 -0.3937, -0.748 -0.3347 0.1772, -0.748 -0.5315 -0.3937, -0.748 -0.5315 0.1772, -0.502 -0.8032 0.1772, -0.502 -0.063 0.1772, 0.502 0.063 0.1772, 0.502 0.8031 0.1772
            ]
        }
        coordIndex [
            0,1,2,-1,3,4,0,-1,5,6,7,-1,8,9,10,-1,11,12,13,-1,14,15,16,-1,17,18,19,-1,20,21,22,-1,23,24,25,-1,26,27,28,-1,28,27,29,-1,30,31,28,-1,28,31,32,-1,32,33,28,-1,28,33,34,-1,28,34,26,-1,35,36,37,-1,30,28,38,-1,38,28,39,-1,38,39,40,-1,37,36,39,-1,39,36,41,-1,39,41,40,-1,42,43,37,-1,37,43,44,-1,37,44,35,-1,45,46,42,-1,42,46,47,-1,42,47,48,-1,42,49,43,-1,43,49,50,-1,43,50,51,-1,51,50,52,-1,51,52,53,-1,48,54,42,-1,42,54,55,-1,42,55,49,-1,56,57,58,-1,58,57,59,-1,58,59,60,-1,60,61,58,-1,58,61,62,-1,58,62,63,-1,63,62,64,-1,64,65,63,-1,63,65,66,-1,63,66,45,-1,45,66,67,-1,45,67,46,-1,68,69,58,-1,58,69,70,-1,58,70,56,-1,71,72,73,-1,74,75,76,-1,76,75,77,-1,76,77,68,-1,68,77,78,-1,68,78,69,-1,72,79,73,-1,73,79,80,-1,73,80,76,-1,76,80,81,-1,76,81,74,-1,82,83,84,-1,85,86,87,-1,87,86,88,-1,82,84,89,-1,90,91,22,-1,92,93,86,-1,86,93,94,-1,86,94,95,-1,22,96,97,-1,83,98,84,-1,84,98,99,-1,84,99,100,-1,91,101,22,-1,22,101,102,-1,22,102,96,-1,103,104,105,-1,105,104,106,-1,105,106,107,-1,108,95,109,-1,109,95,110,-1,109,110,105,-1,105,110,111,-1,105,111,103,-1,108,112,95,-1,95,112,113,-1,95,113,86,-1,86,113,114,-1,86,114,88,-1,115,116,84,-1,84,116,117,-1,84,117,86,-1,86,117,118,-1,86,118,92,-1,119,120,121,-1,121,120,122,-1,121,122,84,-1,84,122,123,-1,84,123,89,-1,124,125,20,-1,20,125,126,-1,126,127,20,-1,20,127,128,-1,20,128,129,-1,129,128,119,-1,129,119,130,-1,130,119,121,-1,100,131,84,-1,84,131,132,-1,84,132,133,-1,97,134,22,-1,22,134,135,-1,22,135,20,-1,20,135,136,-1,20,136,124,-1,133,137,84,-1,84,137,138,-1,84,138,115,-1,139,140,141,-1,141,95,139,-1,139,95,94,-1,139,94,142,-1,142,94,143,-1,143,144,142,-1,142,144,145,-1,142,145,146,-1,147,148,149,-1,148,150,149,-1,149,150,151,-1,149,151,152,-1,153,149,154,-1,140,139,153,-1,153,139,155,-1,153,155,149,-1,149,155,156,-1,149,156,147,-1,154,157,153,-1,153,157,158,-1,153,158,159,-1,152,151,160,-1,160,151,161,-1,160,161,162,-1,162,161,163,-1,162,163,164,-1,165,166,159,-1,159,166,167,-1,159,167,153,-1,27,168,29,-1,29,168,169,-1,29,169,170,-1,170,169,171,-1,170,171,172,-1,173,19,174,-1,174,19,175,-1,176,177,15,-1,15,177,178,-1,178,179,15,-1,15,179,180,-1,15,180,16,-1,181,182,175,-1,175,182,183,-1,175,183,184,-1,18,185,19,-1,19,185,186,-1,19,186,175,-1,175,186,187,-1,175,187,181,-1,184,188,175,-1,175,188,189,-1,175,189,15,-1,15,189,190,-1,15,190,176,-1,173,174,191,-1,191,174,192,-1,191,192,193,-1,14,194,195,-1,195,194,193,-1,192,196,193,-1,193,196,197,-1,193,197,195,-1,195,197,198,-1,197,199,198,-1,198,199,200,-1,198,200,201,-1,180,17,16,-1,16,17,19,-1,16,19,202,-1,202,19,203,-1,204,205,206,-1,206,205,207,-1,208,204,202,-1,202,204,206,-1,202,206,16,-1,16,206,209,-1,16,209,210,-1,205,211,207,-1,207,211,212,-1,207,212,213,-1,202,214,208,-1,208,214,215,-1,208,215,216,-1,209,217,210,-1,210,217,218,-1,210,218,219,-1,219,218,220,-1,221,222,223,-1,224,225,226,-1,227,228,229,-1,229,228,230,-1,229,230,231,-1,222,232,223,-1,223,232,233,-1,223,233,234,-1,234,233,235,-1,236,237,235,-1,235,237,238,-1,235,238,234,-1,239,240,241,-1,240,239,242,-1,242,239,243,-1,242,243,244,-1,245,246,2,-1,2,246,247,-1,226,248,224,-1,224,248,249,-1,224,249,250,-1,251,252,2,-1,2,252,253,-1,2,253,254,-1,254,255,2,-1,2,255,256,-1,2,256,245,-1,257,258,259,-1,259,258,260,-1,259,260,261,-1,262,263,264,-1,264,263,265,-1,264,265,241,-1,241,265,266,-1,241,266,239,-1,267,268,235,-1,235,268,269,-1,235,269,270,-1,229,271,272,-1,250,273,224,-1,224,273,252,-1,224,252,274,-1,274,252,251,-1,221,223,272,-1,272,223,275,-1,272,275,229,-1,229,275,276,-1,229,276,227,-1,270,277,235,-1,235,277,278,-1,235,278,236,-1,257,262,258,-1,258,262,264,-1,258,264,279,-1,279,264,274,-1,279,274,280,-1,280,274,251,-1,280,251,281,-1,281,251,282,-1,283,284,285,-1,283,286,282,-1,286,283,287,-1,287,283,285,-1,287,285,288,-1,289,290,285,-1,291,292,293,-1,293,292,294,-1,293,294,295,-1,296,297,285,-1,285,297,298,-1,295,299,293,-1,293,299,300,-1,293,300,301,-1,301,300,302,-1,301,302,289,-1,303,304,290,-1,290,304,305,-1,290,305,285,-1,285,305,306,-1,285,306,296,-1,298,307,285,-1,285,307,308,-1,285,308,288,-1,309,310,311,-1,311,310,312,-1,311,312,313,-1,311,314,309,-1,309,314,315,-1,309,315,316,-1,316,317,309,-1,309,317,318,-1,309,318,319,-1,319,318,320,-1,319,320,321,-1,321,320,322,-1,321,322,290,-1,290,322,323,-1,290,323,303,-1,324,325,313,-1,313,325,326,-1,313,326,311,-1,327,328,261,-1,261,328,329,-1,261,329,259,-1,327,330,328,-1,328,330,331,-1,328,331,332,-1,332,331,333,-1,332,334,335,-1,333,336,332,-1,332,336,337,-1,332,337,338,-1,338,339,332,-1,332,339,340,-1,332,340,334,-1,335,341,332,-1,332,341,342,-1,332,342,343,-1,344,345,346,-1,347,348,349,-1,349,348,350,-1,347,351,352,-1,352,351,19,-1,352,19,353,-1,19,354,353,-1,353,354,355,-1,353,355,356,-1,357,355,358,-1,358,355,354,-1,358,354,359,-1,359,354,19,-1,359,19,360,-1,360,19,173,-1,360,173,361,-1,361,173,362,-1,361,362,346,-1,346,362,363,-1,346,363,344,-1,364,365,366,-1,366,365,367,-1,367,365,368,-1,368,365,369,-1,368,369,370,-1,370,369,371,-1,370,371,372,-1,373,374,349,-1,373,349,375,-1,376,377,378,-1,374,379,349,-1,349,379,380,-1,349,380,371,-1,371,380,381,-1,371,381,372,-1,382,383,376,-1,376,383,384,-1,376,384,377,-1,366,385,364,-1,364,385,386,-1,364,386,376,-1,376,386,387,-1,376,387,382,-1,345,344,350,-1,350,344,376,-1,350,376,349,-1,349,376,378,-1,349,378,375,-1,388,389,390,-1,390,389,365,-1,390,365,391,-1,391,365,392,-1,391,392,393,-1,394,395,396,-1,396,397,394,-1,394,397,398,-1,394,398,399,-1,390,400,388,-1,388,400,401,-1,388,401,402,-1,403,404,405,-1,389,396,365,-1,365,396,395,-1,365,395,369,-1,369,395,406,-1,369,406,405,-1,405,406,407,-1,405,407,403,-1,393,392,408,-1,408,392,409,-1,408,409,403,-1,410,411,412,-1,412,411,413,-1,412,413,414,-1,414,413,415,-1,416,3,417,-1,418,419,416,-1,420,418,421,-1,421,418,416,-1,421,416,422,-1,422,416,417,-1,423,424,409,-1,409,424,425,-1,426,427,404,-1,427,428,404,-1,404,428,429,-1,404,429,430,-1,431,432,426,-1,403,409,404,-1,404,409,425,-1,404,425,426,-1,426,425,433,-1,426,433,431,-1,432,434,426,-1,426,434,435,-1,426,435,436,-1,437,438,439,-1,436,440,426,-1,426,440,441,-1,426,441,442,-1,442,441,443,-1,443,441,439,-1,439,441,444,-1,439,444,437,-1,438,445,439,-1,439,445,446,-1,439,446,447,-1,447,448,439,-1,439,448,449,-1,439,449,450,-1,450,449,451,-1,452,453,454,-1,454,453,423,-1,455,456,13,-1,13,456,457,-1,457,458,13,-1,13,458,459,-1,13,459,11,-1,455,13,460,-1,460,13,413,-1,460,413,461,-1,461,413,462,-1,462,413,411,-1,462,411,463,-1,464,465,466,-1,466,467,464,-1,464,467,468,-1,464,468,469,-1,469,470,464,-1,464,470,471,-1,464,471,472,-1,244,243,231,-1,231,243,291,-1,231,291,229,-1,229,291,293,-1,229,293,473,-1,0,474,475,-1,476,477,478,-1,478,477,479,-1,478,479,480,-1,474,0,481,-1,481,0,4,-1,481,4,482,-1,483,484,475,-1,475,484,480,-1,475,480,0,-1,0,480,479,-1,0,479,1,-1,1,479,485,-1,1,485,486,-1,485,487,486,-1,486,487,488,-1,486,488,22,-1,22,488,170,-1,22,170,90,-1,90,170,172,-1,489,490,491,-1,203,19,492,-1,492,19,351,-1,492,351,220,-1,220,351,491,-1,220,491,219,-1,219,491,490,-1,219,490,493,-1,494,495,496,-1,491,497,489,-1,489,497,498,-1,489,498,499,-1,499,498,494,-1,499,494,500,-1,500,494,496,-1,501,502,285,-1,285,502,503,-1,289,285,301,-1,301,285,503,-1,301,503,497,-1,497,503,504,-1,497,504,498,-1,505,502,506,-1,506,502,501,-1,506,501,507,-1,10,9,508,-1,509,508,284,-1,284,508,9,-1,284,9,285,-1,285,9,510,-1,285,510,501,-1,501,510,511,-1,501,511,507,-1,8,10,512,-1,512,10,513,-1,512,513,514,-1,515,516,517,-1,517,516,518,-1,517,518,519,-1,519,518,520,-1,519,520,509,-1,521,522,523,-1,523,522,524,-1,524,525,526,-1,526,525,527,-1,526,527,517,-1,517,527,528,-1,517,528,515,-1,5,76,529,-1,529,76,68,-1,529,68,530,-1,530,68,58,-1,530,58,531,-1,531,58,63,-1,531,63,532,-1,532,63,45,-1,532,45,533,-1,533,45,42,-1,533,42,534,-1,534,42,37,-1,488,482,170,-1,170,482,4,-1,170,4,29,-1,29,4,3,-1,29,3,28,-1,28,3,416,-1,28,416,39,-1,39,416,419,-1,452,454,12,-1,12,454,535,-1,12,535,13,-1,13,535,418,-1,13,418,413,-1,413,418,420,-1,413,420,415,-1,473,465,229,-1,229,465,464,-1,229,464,411,-1,411,464,472,-1,411,472,463,-1,247,271,2,-1,2,271,229,-1,2,229,0,-1,0,229,411,-1,0,411,3,-1,3,411,410,-1,3,410,417,-1,282,251,283,-1,283,251,2,-1,283,2,536,-1,536,2,1,-1,536,1,537,-1,537,1,486,-1,537,486,538,-1,538,486,22,-1,538,22,25,-1,25,22,21,-1,25,21,23,-1,509,284,519,-1,519,284,283,-1,519,283,539,-1,539,283,536,-1,539,536,540,-1,540,536,537,-1,540,537,541,-1,541,537,538,-1,541,538,542,-1,542,538,25,-1,542,25,73,-1,73,25,24,-1,73,24,71,-1,347,349,351,-1,351,349,371,-1,351,371,491,-1,491,371,369,-1,491,369,497,-1,497,369,405,-1,497,405,301,-1,301,405,404,-1,301,404,293,-1,293,404,430,-1,293,430,473,-1,14,16,194,-1,194,16,210,-1,194,210,543,-1,543,210,219,-1,543,219,523,-1,523,219,493,-1,523,493,521,-1,423,409,454,-1,454,409,392,-1,454,392,544,-1,544,392,365,-1,544,365,545,-1,545,365,364,-1,545,364,546,-1,546,364,376,-1,546,376,547,-1,547,376,344,-1,547,344,548,-1,548,344,363,-1,548,363,549,-1,524,526,523,-1,523,526,550,-1,523,550,543,-1,543,550,551,-1,543,551,194,-1,194,551,552,-1,194,552,193,-1,5,7,76,-1,76,7,553,-1,76,553,73,-1,73,553,554,-1,73,554,542,-1,542,554,555,-1,542,555,541,-1,541,555,556,-1,541,556,540,-1,540,556,557,-1,540,557,539,-1,539,557,558,-1,539,558,519,-1,519,558,559,-1,519,559,517,-1,517,559,560,-1,517,560,526,-1,526,560,561,-1,526,561,550,-1,550,561,562,-1,550,562,551,-1,551,562,563,-1,551,563,552,-1,564,565,566,-1,566,565,567,-1,565,568,567,-1,567,568,569,-1,568,570,569,-1,569,570,571,-1,570,564,571,-1,571,564,566,-1,572,573,574,-1,574,573,575,-1,576,577,578,-1,578,577,579,-1,580,581,582,-1,582,581,583,-1,582,583,584,-1,584,583,585,-1,584,585,586,-1,586,585,587,-1,588,589,590,-1,590,589,591,-1,592,593,594,-1,594,593,595,-1,596,597,598,-1,598,597,599,-1,600,601,602,-1,602,601,603,-1,602,603,604,-1,604,603,605,-1,604,605,606,-1,606,605,607,-1,607,598,599,-1,608,609,610,-1,610,606,607,-1,610,611,612,-1,612,611,613,-1,587,534,586,-1,586,534,37,-1,586,37,613,-1,613,37,39,-1,613,39,419,-1,614,593,610,-1,610,593,592,-1,610,592,608,-1,615,611,616,-1,616,611,610,-1,616,610,617,-1,617,610,609,-1,615,618,611,-1,611,618,619,-1,611,619,589,-1,620,621,612,-1,612,621,574,-1,612,574,600,-1,600,574,575,-1,600,575,601,-1,601,575,622,-1,578,579,613,-1,613,579,623,-1,613,623,624,-1,625,626,627,-1,419,418,613,-1,613,418,535,-1,613,535,454,-1,607,599,610,-1,610,599,628,-1,610,628,629,-1,589,588,611,-1,611,588,581,-1,611,581,580,-1,624,630,613,-1,613,630,631,-1,613,631,612,-1,612,631,632,-1,612,632,620,-1,629,633,610,-1,610,633,634,-1,610,634,614,-1,625,627,575,-1,575,627,635,-1,575,635,622,-1,454,544,613,-1,613,544,545,-1,613,545,546,-1,549,578,548,-1,548,578,613,-1,548,613,547,-1,547,613,546,-1,605,636,637,-1,637,638,605,-1,605,638,639,-1,605,639,596,-1,596,639,640,-1,596,640,641,-1,642,576,643,-1,643,576,563,-1,643,563,644,-1,644,563,645,-1,646,594,647,-1,648,649,585,-1,585,649,650,-1,585,650,6,-1,6,650,651,-1,6,651,7,-1,563,562,645,-1,645,562,561,-1,645,561,560,-1,641,652,596,-1,596,652,653,-1,596,653,597,-1,597,653,654,-1,597,654,655,-1,656,657,590,-1,658,659,660,-1,636,605,661,-1,661,605,603,-1,661,603,662,-1,663,664,665,-1,651,666,7,-1,7,666,667,-1,7,667,553,-1,553,667,668,-1,553,668,554,-1,554,668,669,-1,554,669,555,-1,555,669,556,-1,670,671,672,-1,672,671,673,-1,672,673,674,-1,674,673,675,-1,674,675,642,-1,642,675,577,-1,642,577,576,-1,670,672,676,-1,676,672,677,-1,676,677,678,-1,655,679,597,-1,597,679,680,-1,597,680,681,-1,681,680,665,-1,656,590,682,-1,683,684,583,-1,583,684,685,-1,583,685,585,-1,585,685,686,-1,585,686,648,-1,560,559,645,-1,645,559,558,-1,645,558,669,-1,669,558,557,-1,669,557,556,-1,664,687,665,-1,665,687,688,-1,665,688,681,-1,647,594,665,-1,665,594,595,-1,665,595,663,-1,646,647,689,-1,689,647,690,-1,689,690,691,-1,691,690,692,-1,691,692,693,-1,694,695,696,-1,696,695,697,-1,696,697,682,-1,657,698,590,-1,590,698,699,-1,590,699,583,-1,583,699,700,-1,583,700,683,-1,701,702,703,-1,703,702,677,-1,703,677,658,-1,658,677,704,-1,658,704,659,-1,705,706,603,-1,603,706,707,-1,603,707,662,-1,701,708,702,-1,702,708,709,-1,702,709,710,-1,710,709,706,-1,710,706,711,-1,711,706,705,-1,712,573,702,-1,702,573,572,-1,702,572,677,-1,677,572,713,-1,677,713,678,-1,590,591,682,-1,682,591,714,-1,682,714,696,-1,696,714,715,-1,696,715,692,-1,692,715,716,-1,692,716,693,-1,694,717,695,-1,695,717,718,-1,695,718,719,-1,660,720,658,-1,658,720,695,-1,658,695,721,-1,721,695,719,-1,563,576,549,-1,549,576,578,-1,590,583,588,-1,588,583,581,-1,585,6,587,-1,587,6,534,-1,572,574,713,-1,713,574,621,-1,713,621,678,-1,678,621,620,-1,678,620,676,-1,676,620,632,-1,676,632,670,-1,670,632,631,-1,670,631,671,-1,671,631,630,-1,671,630,673,-1,673,630,624,-1,673,624,675,-1,675,624,623,-1,675,623,577,-1,577,623,579,-1,591,589,714,-1,714,589,619,-1,714,619,715,-1,715,619,618,-1,715,618,716,-1,716,618,615,-1,716,615,693,-1,693,615,616,-1,693,616,691,-1,691,616,617,-1,691,617,689,-1,689,617,609,-1,689,609,646,-1,646,609,608,-1,646,608,594,-1,594,608,592,-1,575,573,712,-1,575,712,625,-1,625,712,702,-1,625,702,626,-1,626,702,710,-1,626,710,627,-1,627,710,711,-1,627,711,635,-1,635,711,705,-1,635,705,622,-1,622,705,603,-1,622,603,601,-1,599,597,681,-1,599,681,628,-1,628,681,688,-1,628,688,629,-1,629,688,687,-1,629,687,633,-1,633,687,664,-1,633,664,634,-1,634,664,663,-1,634,663,614,-1,614,663,595,-1,614,595,593,-1,722,723,636,-1,636,723,724,-1,723,725,724,-1,724,725,726,-1,724,726,727,-1,727,726,728,-1,727,728,729,-1,729,728,730,-1,729,730,731,-1,731,730,732,-1,731,732,733,-1,733,732,734,-1,733,734,735,-1,735,734,736,-1,735,736,737,-1,737,736,738,-1,737,738,739,-1,739,738,740,-1,739,740,741,-1,741,740,742,-1,741,742,743,-1,743,742,744,-1,743,744,745,-1,745,744,746,-1,745,746,747,-1,747,746,748,-1,747,748,749,-1,749,748,750,-1,749,750,751,-1,751,750,752,-1,751,752,753,-1,753,752,754,-1,753,754,755,-1,755,754,756,-1,755,756,757,-1,757,756,758,-1,757,758,759,-1,759,758,760,-1,759,760,761,-1,761,760,762,-1,761,762,763,-1,763,762,764,-1,763,764,765,-1,765,764,766,-1,765,766,767,-1,767,766,768,-1,767,768,769,-1,769,768,770,-1,769,770,771,-1,771,770,772,-1,771,772,773,-1,773,772,774,-1,773,774,775,-1,775,774,776,-1,775,776,777,-1,777,776,778,-1,777,778,779,-1,779,778,780,-1,779,780,781,-1,781,780,782,-1,781,782,783,-1,783,782,722,-1,783,722,784,-1,784,722,636,-1,785,786,787,-1,787,786,788,-1,787,788,789,-1,788,790,789,-1,789,790,791,-1,789,791,792,-1,793,787,794,-1,794,787,795,-1,794,795,796,-1,796,795,797,-1,798,799,800,-1,800,799,789,-1,800,789,801,-1,793,802,787,-1,787,802,803,-1,787,803,804,-1,804,805,787,-1,787,805,806,-1,787,806,807,-1,807,808,787,-1,787,808,809,-1,787,809,785,-1,792,810,789,-1,789,810,811,-1,789,811,812,-1,812,813,789,-1,789,813,814,-1,789,814,815,-1,798,816,799,-1,799,816,817,-1,799,817,795,-1,795,817,818,-1,795,818,797,-1,815,819,789,-1,789,819,820,-1,789,820,801,-1,821,822,677,-1,677,822,823,-1,822,824,823,-1,823,824,825,-1,823,825,826,-1,826,825,827,-1,826,827,828,-1,828,827,829,-1,828,829,830,-1,830,829,831,-1,830,831,832,-1,832,831,833,-1,832,833,834,-1,834,833,835,-1,834,835,836,-1,836,835,837,-1,836,837,838,-1,838,837,839,-1,838,839,840,-1,840,839,841,-1,840,841,842,-1,842,841,843,-1,842,843,844,-1,844,843,845,-1,844,845,846,-1,846,845,847,-1,846,847,848,-1,848,847,849,-1,848,849,850,-1,850,849,851,-1,850,851,852,-1,852,851,853,-1,852,853,854,-1,854,853,855,-1,854,855,856,-1,856,855,857,-1,856,857,858,-1,858,857,859,-1,858,859,860,-1,860,859,861,-1,860,861,862,-1,862,861,863,-1,862,863,864,-1,864,863,865,-1,864,865,866,-1,866,865,867,-1,866,867,868,-1,868,867,869,-1,868,869,870,-1,870,869,871,-1,870,871,872,-1,872,871,873,-1,872,873,874,-1,874,873,875,-1,874,875,876,-1,876,875,877,-1,876,877,878,-1,878,877,879,-1,878,879,880,-1,880,879,881,-1,880,881,882,-1,882,881,821,-1,882,821,883,-1,883,821,677,-1,884,885,886,-1,887,888,889,-1,890,891,892,-1,893,894,887,-1,887,894,895,-1,887,895,888,-1,889,896,887,-1,887,896,897,-1,887,897,898,-1,898,899,887,-1,887,899,900,-1,887,900,901,-1,893,887,902,-1,902,887,892,-1,902,892,903,-1,904,905,892,-1,892,905,906,-1,892,906,903,-1,901,907,887,-1,887,907,908,-1,887,908,909,-1,909,908,910,-1,909,910,911,-1,911,912,909,-1,909,912,913,-1,909,913,886,-1,886,913,914,-1,886,914,884,-1,885,915,886,-1,886,915,916,-1,886,916,892,-1,892,916,917,-1,892,917,890,-1,891,918,892,-1,892,918,919,-1,892,919,904,-1,920,921,922,-1,922,921,923,-1,924,925,920,-1,920,925,921,-1,926,927,924,-1,924,927,925,-1,922,923,926,-1,926,923,927,-1,570,887,564,-1,564,887,909,-1,568,892,570,-1,570,892,887,-1,886,565,909,-1,909,565,564,-1,565,886,568,-1,568,886,892,-1,924,799,926,-1,926,799,795,-1,920,789,924,-1,924,789,799,-1,787,922,795,-1,795,922,926,-1,922,787,920,-1,920,787,789,-1,791,790,723,-1,723,790,725,-1,790,788,725,-1,725,788,786,-1,725,786,726,-1,726,786,785,-1,726,785,728,-1,728,785,809,-1,728,809,730,-1,730,809,808,-1,730,808,732,-1,732,808,807,-1,732,807,734,-1,734,807,806,-1,734,806,736,-1,736,806,805,-1,736,805,738,-1,738,805,804,-1,738,804,740,-1,740,804,803,-1,740,803,742,-1,742,803,802,-1,742,802,744,-1,744,802,793,-1,744,793,746,-1,746,793,794,-1,746,794,748,-1,748,794,796,-1,748,796,750,-1,750,796,797,-1,750,797,752,-1,752,797,818,-1,752,818,754,-1,754,818,817,-1,754,817,756,-1,756,817,816,-1,756,816,758,-1,758,816,798,-1,758,798,760,-1,760,798,800,-1,760,800,762,-1,762,800,801,-1,762,801,764,-1,764,801,820,-1,764,820,766,-1,766,820,819,-1,766,819,768,-1,768,819,815,-1,768,815,770,-1,770,815,814,-1,770,814,772,-1,772,814,813,-1,772,813,774,-1,774,813,812,-1,774,812,776,-1,776,812,811,-1,776,811,778,-1,778,811,810,-1,778,810,780,-1,780,810,792,-1,780,792,782,-1,782,792,791,-1,782,791,722,-1,722,791,723,-1,914,913,822,-1,822,913,824,-1,913,912,824,-1,824,912,911,-1,824,911,825,-1,825,911,910,-1,825,910,827,-1,827,910,908,-1,827,908,829,-1,829,908,907,-1,829,907,831,-1,831,907,901,-1,831,901,833,-1,833,901,900,-1,833,900,835,-1,835,900,899,-1,835,899,837,-1,837,899,898,-1,837,898,839,-1,839,898,897,-1,839,897,841,-1,841,897,896,-1,841,896,843,-1,843,896,889,-1,843,889,845,-1,845,889,888,-1,845,888,847,-1,847,888,895,-1,847,895,849,-1,849,895,894,-1,849,894,851,-1,851,894,893,-1,851,893,853,-1,853,893,902,-1,853,902,855,-1,855,902,903,-1,855,903,857,-1,857,903,906,-1,857,906,859,-1,859,906,905,-1,859,905,861,-1,861,905,904,-1,861,904,863,-1,863,904,919,-1,863,919,865,-1,865,919,918,-1,865,918,867,-1,867,918,891,-1,867,891,869,-1,869,891,890,-1,869,890,871,-1,871,890,917,-1,871,917,873,-1,873,917,916,-1,873,916,875,-1,875,916,915,-1,875,915,877,-1,877,915,885,-1,877,885,879,-1,879,885,884,-1,879,884,881,-1,881,884,914,-1,881,914,821,-1,821,914,822,-1,921,602,923,-1,923,602,604,-1,923,604,927,-1,927,604,928,-1,927,928,925,-1,925,928,929,-1,925,929,921,-1,921,929,602,-1,928,604,610,-1,610,604,606,-1,929,928,612,-1,612,928,610,-1,602,929,600,-1,600,929,612,-1,566,930,571,-1,571,930,582,-1,571,582,569,-1,569,582,584,-1,569,584,567,-1,567,584,931,-1,567,931,566,-1,566,931,930,-1,931,584,613,-1,613,584,586,-1,930,931,611,-1,611,931,613,-1,582,930,580,-1,580,930,611,-1,605,596,607,-1,607,596,598,-1,
        ]
    }
}
Shape{
    appearance Appearance {
        material  Material 	{
            diffuseColor 1.0 1.0 1.0
            specularColor 0.5019607843137255 0.5019607843137255 0.5019607843137255
            ambientIntensity 1.0
            transparency 0.0
            shininess 0.5
        }
    }
    geometry IndexedFaceSet {
        ccw TRUE
        solid FALSE
        coord DEF co Coordinate {
            point [
                0.9002 1.3484 0.426, 0.9002 1.3484 0.4169, 0.9002 1.3484 0.426, 0.9002 1.3484 0.4169, 0.9321 1.3484 0.4262, 0.9321 1.3484 0.4262, 0.9316 1.3484 0.4971, 0.9316 1.3484 0.4971, 0.9316 1.3484 0.4968, 0.9419 1.3484 0.4972, 0.9419 1.3484 0.4972, 0.9425 1.3484 0.4172, 0.9425 1.3484 0.4172, 0.9419 1.3484 0.4968, 0.8592 1.3484 0.4152, 0.8592 1.3484 0.4152, 0.8567 1.3484 0.4154, 0.847 1.3484 0.4163, 0.847 1.3484 0.4163, 0.8384 1.3484 0.4191, 0.8384 1.3484 0.4191, 0.837 1.3484 0.4197, 0.837 1.3484 0.4197, 0.8369 1.3484 0.4296, 0.8369 1.3484 0.4296, 0.8448 1.3484 0.4261, 0.8448 1.3484 0.4261, 0.8539 1.3484 0.4245, 0.8539 1.3484 0.4245, 0.8576 1.3484 0.4244, 0.8576 1.3484 0.4244, 0.8646 1.3484 0.4252, 0.8646 1.3484 0.4252, 0.8705 1.3484 0.4272, 0.8705 1.3484 0.4272, 0.8759 1.3484 0.4308, 0.8759 1.3484 0.4308, 0.8781 1.3484 0.433, 0.8781 1.3484 0.433, 0.8817 1.3484 0.438, 0.8817 1.3484 0.438, 0.8844 1.3484 0.4443, 0.8844 1.3484 0.4443, 0.8857 1.3484 0.4522, 0.8857 1.3484 0.4522, 0.8858 1.3484 0.4559, 0.8858 1.3484 0.4559, 0.8844 1.3484 0.4669, 0.8844 1.3484 0.4669, 0.8817 1.3484 0.4738, 0.8817 1.3484 0.4738, 0.8778 1.3484 0.4793, 0.8778 1.3484 0.4793, 0.8773 1.3484 0.4799, 0.8773 1.3484 0.4799, 0.8723 1.3484 0.484, 0.8723 1.3484 0.484, 0.8661 1.3484 0.487, 0.8661 1.3484 0.487, 0.8592 1.3484 0.4885, 0.8592 1.3484 0.4885, 0.8554 1.3484 0.4886, 0.8554 1.3484 0.4886, 0.8455 1.3484 0.4874, 0.8455 1.3484 0.4874, 0.8374 1.3484 0.4842, 0.8374 1.3484 0.4842, 0.8365 1.3484 0.4837, 0.8365 1.3484 0.4837, 0.8365 1.3484 0.4945, 0.8365 1.3484 0.4945, 0.8554 1.3484 0.498, 0.8554 1.3484 0.498, 0.8449 1.3484 0.4971, 0.844 1.3484 0.4968, 0.8449 1.3484 0.4971, 0.867 1.3484 0.4966, 0.8656 1.3484 0.4968, 0.867 1.3484 0.4966, 0.8754 1.3484 0.4935, 0.8754 1.3484 0.4935, 0.8829 1.3484 0.4883, 0.8829 1.3484 0.4883, 0.8849 1.3484 0.4864, 0.8849 1.3484 0.4864, 0.8908 1.3484 0.4788, 0.8908 1.3484 0.4788, 0.8937 1.3484 0.4722, 0.8946 1.3484 0.47, 0.8946 1.3484 0.47, 0.8965 1.3484 0.4595, 0.8965 1.3484 0.4595, 0.8967 1.3484 0.4554, 0.8967 1.3484 0.4554, 0.8952 1.3484 0.4423, 0.8952 1.3484 0.4423, 0.8937 1.3484 0.4383, 0.892 1.3484 0.4339, 0.892 1.3484 0.4339, 0.8873 1.3484 0.4271, 0.8873 1.3484 0.4271, 0.8866 1.3484 0.4263, 0.8866 1.3484 0.4263, 0.8632 1.3484 0.4154, 0.864 1.3484 0.4155, 0.864 1.3484 0.4155, 0.8727 1.3484 0.4173, 0.8727 1.3484 0.4173, 0.8802 1.3484 0.4209, 0.8802 1.3484 0.4209, 0.7779 1.3484 0.4251, 0.7779 1.3484 0.416, 0.7779 1.3484 0.4251, 0.7779 1.3484 0.416, 0.8106 1.3484 0.4253, 0.8106 1.3484 0.4253, 0.7897 1.3484 0.4252, 0.8104 1.3484 0.4523, 0.8104 1.3484 0.4523, 0.7818 1.3484 0.4521, 0.7818 1.3484 0.4521, 0.7897 1.3484 0.4521, 0.7817 1.3484 0.4612, 0.7817 1.3484 0.4612, 0.8103 1.3484 0.4615, 0.8103 1.3484 0.4615, 0.7897 1.3484 0.4613, 0.8102 1.3484 0.4871, 0.8102 1.3484 0.4871, 0.7792 1.3484 0.4869, 0.7792 1.3484 0.4869, 0.7897 1.3484 0.4869, 0.7792 1.3484 0.4961, 0.7792 1.3484 0.4961, 0.8204 1.3484 0.4964, 0.8204 1.3484 0.4964, 0.7897 1.3484 0.4961, 0.821 1.3484 0.4163, 0.821 1.3484 0.4163, 0.7897 1.3484 0.4161, 0.7096 1.3484 0.4267, 0.7179 1.3484 0.4322, 0.718 1.3484 0.4208, 0.7231 1.3484 0.4286, 0.7272 1.3484 0.4173, 0.7297 1.3484 0.4261, 0.7408 1.3484 0.4157, 0.7408 1.3484 0.4249, 0.7628 1.3484 0.4159, 0.7524 1.3484 0.4249, 0.7622 1.3484 0.4959, 0.752 1.3484 0.4867, 0.7394 1.3484 0.4958, 0.7399 1.3484 0.4866, 0.739 1.3484 0.4866, 0.7272 1.3484 0.4943, 0.7288 1.3484 0.4852, 0.7175 1.3484 0.4907, 0.722 1.3484 0.4825, 0.7092 1.3484 0.485, 0.7168 1.3484 0.4789, 0.7064 1.3484 0.4822, 0.7146 1.3484 0.4767, 0.7015 1.3484 0.4752, 0.7115 1.3484 0.4721, 0.6986 1.3484 0.4675, 0.7093 1.3484 0.4663, 0.6973 1.3484 0.4565, 0.7082 1.3484 0.4563, 0.6976 1.3484 0.4514, 0.7086 1.3484 0.4507, 0.6996 1.3484 0.442, 0.7102 1.3484 0.4435, 0.7036 1.3484 0.4338, 0.7131 1.3484 0.4376, 0.7169 1.3484 0.433, 0.7408 1.3484 0.4157, 0.7628 1.3484 0.4159, 0.7096 1.3484 0.4267, 0.7272 1.3484 0.4173, 0.7268 1.3484 0.4174, 0.718 1.3484 0.4208, 0.7036 1.3484 0.4338, 0.6996 1.3484 0.442, 0.6976 1.3484 0.4514, 0.6973 1.3484 0.4565, 0.6986 1.3484 0.4675, 0.7015 1.3484 0.4752, 0.7064 1.3484 0.4822, 0.7092 1.3484 0.485, 0.7394 1.3484 0.4958, 0.7175 1.3484 0.4907, 0.7268 1.3484 0.4942, 0.7272 1.3484 0.4943, 0.7622 1.3484 0.4959, 0.7399 1.3484 0.4866, 0.752 1.3484 0.4867, 0.7524 1.3484 0.4249, 0.7408 1.3484 0.4249, 0.7169 1.3484 0.433, 0.7179 1.3484 0.4322, 0.7231 1.3484 0.4286, 0.7297 1.3484 0.4261, 0.7082 1.3484 0.4563, 0.7086 1.3484 0.4507, 0.7102 1.3484 0.4435, 0.7131 1.3484 0.4376, 0.7168 1.3484 0.4789, 0.7146 1.3484 0.4767, 0.7115 1.3484 0.4721, 0.7093 1.3484 0.4663, 0.739 1.3484 0.4866, 0.7288 1.3484 0.4852, 0.722 1.3484 0.4825
            ]
        }
        coordIndex [
            0,1,2,-1,2,1,3,-1,4,0,5,-1,5,0,2,-1,6,7,8,-1,8,7,4,-1,8,4,5,-1,9,7,10,-1,10,7,6,-1,11,12,13,-1,13,12,9,-1,13,9,10,-1,1,12,3,-1,3,12,11,-1,7,9,4,-1,4,9,12,-1,4,12,0,-1,0,12,1,-1,14,15,16,-1,14,16,17,-1,16,18,17,-1,17,18,19,-1,17,19,20,-1,20,19,21,-1,20,21,22,-1,23,22,24,-1,24,22,21,-1,23,24,25,-1,23,25,26,-1,26,25,27,-1,26,27,28,-1,28,27,29,-1,28,29,30,-1,30,29,31,-1,30,31,32,-1,32,31,33,-1,32,33,34,-1,34,33,35,-1,34,35,36,-1,36,35,37,-1,36,37,38,-1,38,37,39,-1,38,39,40,-1,40,39,41,-1,40,41,42,-1,42,41,43,-1,42,43,44,-1,44,43,45,-1,44,45,46,-1,46,45,47,-1,46,47,48,-1,48,47,49,-1,48,49,50,-1,50,49,51,-1,50,51,52,-1,52,51,53,-1,52,53,54,-1,54,53,55,-1,54,55,56,-1,56,55,57,-1,56,57,58,-1,58,57,59,-1,58,59,60,-1,60,59,61,-1,60,61,62,-1,62,61,63,-1,62,63,64,-1,64,63,65,-1,64,65,66,-1,66,65,67,-1,66,67,68,-1,69,68,70,-1,70,68,67,-1,71,72,73,-1,69,70,74,-1,69,74,73,-1,73,74,75,-1,73,75,71,-1,76,72,77,-1,77,72,71,-1,77,78,76,-1,76,78,79,-1,76,79,80,-1,80,79,81,-1,80,81,82,-1,82,81,83,-1,82,83,84,-1,84,83,85,-1,84,85,86,-1,86,85,87,-1,86,87,88,-1,87,89,88,-1,88,89,90,-1,88,90,91,-1,91,90,92,-1,91,92,93,-1,93,92,94,-1,93,94,95,-1,95,94,96,-1,95,96,97,-1,96,98,97,-1,97,98,99,-1,97,99,100,-1,100,99,101,-1,100,101,102,-1,15,14,103,-1,103,14,104,-1,103,104,105,-1,105,104,106,-1,105,106,107,-1,107,106,108,-1,107,108,109,-1,109,108,102,-1,109,102,101,-1,56,58,76,-1,48,50,86,-1,86,50,84,-1,76,58,72,-1,93,46,91,-1,91,46,48,-1,91,48,88,-1,88,48,86,-1,58,60,72,-1,72,60,62,-1,72,62,73,-1,73,62,64,-1,73,64,69,-1,69,64,66,-1,69,66,68,-1,22,23,20,-1,20,23,26,-1,20,26,17,-1,17,26,28,-1,17,28,14,-1,14,28,30,-1,14,30,104,-1,104,30,32,-1,104,32,106,-1,106,32,34,-1,106,34,108,-1,108,34,36,-1,108,36,102,-1,102,36,38,-1,102,38,100,-1,100,38,40,-1,100,40,97,-1,97,40,95,-1,95,40,42,-1,95,42,93,-1,93,42,44,-1,93,44,46,-1,50,52,84,-1,84,52,54,-1,84,54,82,-1,82,54,56,-1,82,56,80,-1,80,56,76,-1,110,111,112,-1,112,111,113,-1,114,115,116,-1,116,115,110,-1,116,110,112,-1,117,115,118,-1,118,115,114,-1,119,120,121,-1,121,120,117,-1,121,117,118,-1,122,120,123,-1,123,120,119,-1,124,125,126,-1,126,125,122,-1,126,122,123,-1,127,125,128,-1,128,125,124,-1,129,130,131,-1,131,130,127,-1,131,127,128,-1,132,130,133,-1,133,130,129,-1,134,135,136,-1,136,135,132,-1,136,132,133,-1,137,135,138,-1,138,135,134,-1,113,111,139,-1,139,111,137,-1,139,137,138,-1,130,132,127,-1,127,132,135,-1,127,135,125,-1,111,110,137,-1,137,110,115,-1,137,115,117,-1,120,122,117,-1,117,122,125,-1,117,125,137,-1,137,125,135,-1,140,141,142,-1,142,141,143,-1,142,143,144,-1,144,143,145,-1,144,145,146,-1,146,145,147,-1,146,147,148,-1,148,147,149,-1,148,149,150,-1,150,149,151,-1,150,151,152,-1,151,153,152,-1,152,153,154,-1,152,154,155,-1,155,154,156,-1,155,156,157,-1,157,156,158,-1,157,158,159,-1,159,158,160,-1,159,160,161,-1,161,160,162,-1,161,162,163,-1,163,162,164,-1,163,164,165,-1,165,164,166,-1,165,166,167,-1,167,166,168,-1,167,168,169,-1,169,168,170,-1,169,170,171,-1,171,170,172,-1,171,172,173,-1,173,172,174,-1,173,174,140,-1,140,174,175,-1,140,175,141,-1,146,148,176,-1,176,148,177,-1,178,140,142,-1,146,176,179,-1,146,179,144,-1,144,179,180,-1,144,180,142,-1,142,180,181,-1,142,181,178,-1,140,178,182,-1,140,182,173,-1,173,182,183,-1,173,183,171,-1,171,183,184,-1,171,184,169,-1,169,184,185,-1,169,185,167,-1,167,185,186,-1,167,186,165,-1,165,186,187,-1,165,187,163,-1,163,187,188,-1,163,188,161,-1,161,188,189,-1,161,189,159,-1,190,152,155,-1,159,189,191,-1,159,191,157,-1,157,191,192,-1,157,192,155,-1,155,192,193,-1,155,193,190,-1,150,152,194,-1,194,152,190,-1,148,150,177,-1,177,150,194,-1,153,151,195,-1,195,151,196,-1,151,149,196,-1,196,149,197,-1,149,147,197,-1,197,147,198,-1,175,199,200,-1,175,200,141,-1,141,200,201,-1,141,201,143,-1,143,201,202,-1,143,202,145,-1,145,202,198,-1,145,198,147,-1,168,203,204,-1,168,204,170,-1,170,204,205,-1,170,205,172,-1,172,205,206,-1,172,206,174,-1,174,206,199,-1,174,199,175,-1,160,207,208,-1,160,208,162,-1,162,208,209,-1,162,209,164,-1,164,209,210,-1,164,210,166,-1,166,210,203,-1,166,203,168,-1,153,195,211,-1,153,211,154,-1,154,211,212,-1,154,212,156,-1,156,212,213,-1,156,213,158,-1,158,213,207,-1,158,207,160,-1,
        ]
    }
}
Shape{
    appearance Appearance {
        material  Material 	{
            diffuseColor 0.25098039215686274 0.25098039215686274 0.25098039215686274
            specularColor 0.12549019607843137 0.12549019607843137 0.12549019607843137
            ambientIntensity 0.251
            transparency 0.0
            shininess 0.5
        }
    }
    geometry IndexedFaceSet {
        ccw TRUE
        solid FALSE
        coord DEF co Coordinate {
            point [
                0.7231 1.3484 0.4286, 0.7179 1.3484 0.4322, 0.739 1.3484 0.4866, 0.752 1.3484 0.4867, 0.7524 1.3484 0.4249, 0.7399 1.3484 0.4866, 0.7408 1.3484 0.4249, 0.7297 1.3484 0.4261, 0.7169 1.3484 0.433, 0.7131 1.3484 0.4376, 0.7102 1.3484 0.4435, 0.7082 1.3484 0.4563, 0.7168 1.3484 0.4789, 0.722 1.3484 0.4825, 0.7093 1.3484 0.4663, 0.7115 1.3484 0.4721, 0.7146 1.3484 0.4767, 0.7086 1.3484 0.4507, 0.7288 1.3484 0.4852
            ]
        }
        coordIndex [
            0,1,2,-1,3,4,5,-1,5,4,6,-1,5,6,2,-1,2,6,7,-1,2,7,0,-1,1,8,2,-1,2,8,9,-1,2,9,10,-1,11,12,13,-1,14,15,11,-1,11,15,16,-1,11,16,12,-1,10,17,2,-1,2,17,11,-1,2,11,18,-1,18,11,13,-1,
        ]
    }
}
Shape{
    appearance Appearance {
        material  Material 	{
            diffuseColor 1.0 1.0 1.0
            specularColor 0.5019607843137255 0.5019607843137255 0.5019607843137255
            ambientIntensity 1.0
            transparency 0.0
            shininess 0.5
        }
    }
    geometry IndexedFaceSet {
        ccw TRUE
        solid FALSE
        coord DEF co Coordinate {
            point [
                0.6706 1.3484 0.4462, 0.6584 1.3484 0.4794, 0.6621 1.3484 0.4952, 0.6932 1.3484 0.4154, 0.6818 1.3484 0.4153, 0.6739 1.3484 0.4372, 0.6576 1.3484 0.4818, 0.657 1.3484 0.485, 0.6511 1.3484 0.4952, 0.6568 1.3484 0.485, 0.6561 1.3484 0.4816, 0.6555 1.3484 0.4793, 0.6437 1.3484 0.446, 0.6211 1.3484 0.4149, 0.6325 1.3484 0.415, 0.6406 1.3484 0.4369, 0.6511 1.3484 0.4952, 0.6213 1.3484 0.4154, 0.6211 1.3484 0.4149, 0.6621 1.3484 0.4952, 0.6932 1.3484 0.4154, 0.6932 1.3484 0.4154, 0.671 1.3484 0.4725, 0.6818 1.3484 0.4153, 0.6739 1.3484 0.4372, 0.6817 1.3484 0.4154, 0.6406 1.3484 0.4369, 0.671 1.3484 0.4371, 0.6325 1.3484 0.415, 0.6327 1.3484 0.4154, 0.6706 1.3484 0.4462, 0.6437 1.3484 0.446, 0.6555 1.3484 0.4793, 0.6568 1.3484 0.485, 0.6561 1.3484 0.4816, 0.657 1.3484 0.485, 0.6584 1.3484 0.4794, 0.6576 1.3484 0.4818
            ]
        }
        coordIndex [
            0,1,2,-1,3,4,5,-1,1,6,2,-1,2,6,7,-1,2,7,8,-1,8,7,9,-1,8,9,10,-1,10,11,8,-1,8,11,12,-1,8,12,13,-1,14,13,15,-1,15,13,12,-1,15,12,5,-1,5,12,0,-1,5,0,3,-1,3,0,2,-1,16,8,17,-1,17,8,13,-1,17,13,18,-1,2,8,19,-1,19,8,16,-1,20,21,3,-1,20,3,22,-1,22,3,2,-1,22,2,19,-1,4,3,23,-1,23,3,21,-1,24,5,25,-1,25,5,4,-1,25,4,23,-1,26,15,27,-1,27,15,5,-1,27,5,24,-1,28,14,29,-1,29,14,15,-1,29,15,26,-1,13,14,18,-1,18,14,28,-1,0,12,30,-1,30,12,31,-1,12,11,31,-1,31,11,32,-1,9,33,34,-1,9,34,10,-1,10,34,32,-1,10,32,11,-1,9,7,33,-1,33,7,35,-1,1,36,37,-1,1,37,6,-1,6,37,35,-1,6,35,7,-1,1,0,36,-1,36,0,30,-1,
        ]
    }
}
Shape{
    appearance Appearance {
        material  Material 	{
            diffuseColor 0.25098039215686274 0.25098039215686274 0.25098039215686274
            specularColor 0.12549019607843137 0.12549019607843137 0.12549019607843137
            ambientIntensity 0.251
            transparency 0.0
            shininess 0.5
        }
    }
    geometry IndexedFaceSet {
        ccw TRUE
        solid FALSE
        coord DEF co Coordinate {
            point [
                0.6568 1.3484 0.485, 0.657 1.3484 0.485, 0.6561 1.3484 0.4816, 0.6576 1.3484 0.4818, 0.6555 1.3484 0.4793, 0.6584 1.3484 0.4794, 0.6437 1.3484 0.446, 0.6706 1.3484 0.4462
            ]
        }
        coordIndex [
            0,1,2,-1,2,1,3,-1,2,3,4,-1,4,3,5,-1,4,5,6,-1,6,5,7,-1,
        ]
    }
}
Shape{
    appearance Appearance {
        material  Material 	{
            diffuseColor 1.0 1.0 1.0
            specularColor 0.5019607843137255 0.5019607843137255 0.5019607843137255
            ambientIntensity 1.0
            transparency 0.0
            shininess 0.5
        }
    }
    geometry IndexedFaceSet {
        ccw TRUE
        solid FALSE
        coord DEF co Coordinate {
            point [
                0.9002 1.3484 0.299, 0.9003 1.3484 0.2898, 0.9002 1.3484 0.299, 0.9003 1.3484 0.2898, 0.933 1.3484 0.2992, 0.933 1.3484 0.2992, 0.9328 1.3484 0.3261, 0.9328 1.3484 0.3261, 0.9041 1.3484 0.3259, 0.9041 1.3484 0.3259, 0.9041 1.3484 0.3351, 0.9041 1.3484 0.3351, 0.9327 1.3484 0.3353, 0.9327 1.3484 0.3353, 0.9325 1.3484 0.3609, 0.9325 1.3484 0.3609, 0.9016 1.3484 0.3607, 0.9016 1.3484 0.3607, 0.9016 1.3484 0.3699, 0.9016 1.3484 0.3699, 0.9428 1.3484 0.3702, 0.9428 1.3484 0.3702, 0.9434 1.3484 0.2901, 0.9434 1.3484 0.2901, 0.9429 1.3484 0.3536, 0.9429 1.3484 0.2901, 0.8548 1.3484 0.2895, 0.8448 1.3484 0.2894, 0.8547 1.3484 0.2983, 0.8445 1.3484 0.3262, 0.868 1.3484 0.3165, 0.8546 1.3484 0.3182, 0.8546 1.3484 0.3127, 0.855 1.3484 0.2984, 0.8603 1.3484 0.2999, 0.8576 1.3484 0.2948, 0.8631 1.3484 0.298, 0.8831 1.3484 0.3198, 0.8863 1.3484 0.3172, 0.8789 1.3484 0.3116, 0.8546 1.3484 0.3121, 0.8553 1.3484 0.3076, 0.8568 1.3484 0.304, 0.859 1.3484 0.3011, 0.8847 1.3484 0.3429, 0.8848 1.3484 0.3332, 0.8826 1.3484 0.3441, 0.8789 1.3484 0.3369, 0.8752 1.3484 0.3469, 0.8727 1.3484 0.3392, 0.865 1.3484 0.3481, 0.866 1.3484 0.3399, 0.8588 1.3484 0.3474, 0.8626 1.3484 0.3396, 0.8546 1.3484 0.3461, 0.8603 1.3484 0.3387, 0.8513 1.3484 0.3441, 0.8585 1.3484 0.3376, 0.8487 1.3484 0.3415, 0.857 1.3484 0.3359, 0.8467 1.3484 0.3382, 0.8559 1.3484 0.3339, 0.8452 1.3484 0.3336, 0.8548 1.3484 0.3303, 0.8545 1.3484 0.3259, 0.8798 1.3484 0.3097, 0.8884 1.3484 0.3144, 0.8803 1.3484 0.3074, 0.8715 1.3484 0.3236, 0.8765 1.3484 0.314, 0.8742 1.3484 0.3151, 0.8784 1.3484 0.3, 0.8858 1.3484 0.2929, 0.8776 1.3484 0.2991, 0.8824 1.3484 0.2905, 0.8756 1.3484 0.2977, 0.8786 1.3484 0.289, 0.8733 1.3484 0.2969, 0.8726 1.3484 0.2883, 0.8699 1.3484 0.2965, 0.8669 1.3484 0.2889, 0.8662 1.3484 0.2969, 0.8629 1.3484 0.2905, 0.8609 1.3484 0.2917, 0.8777 1.3484 0.313, 0.8787 1.3484 0.3219, 0.8898 1.3484 0.3109, 0.8905 1.3484 0.3066, 0.8804 1.3484 0.3058, 0.8906 1.3484 0.3051, 0.8802 1.3484 0.3035, 0.8901 1.3484 0.3005, 0.8795 1.3484 0.3017, 0.8889 1.3484 0.2971, 0.8869 1.3484 0.294, 0.865 1.3484 0.3481, 0.8752 1.3484 0.3469, 0.8826 1.3484 0.3441, 0.8847 1.3484 0.3429, 0.8848 1.3484 0.3332, 0.8789 1.3484 0.3369, 0.8727 1.3484 0.3392, 0.866 1.3484 0.3399, 0.8626 1.3484 0.3396, 0.8603 1.3484 0.3387, 0.8585 1.3484 0.3376, 0.857 1.3484 0.3359, 0.8559 1.3484 0.3339, 0.8548 1.3484 0.3303, 0.8545 1.3484 0.3259, 0.8715 1.3484 0.3236, 0.8787 1.3484 0.3219, 0.8831 1.3484 0.3198, 0.8863 1.3484 0.3172, 0.8884 1.3484 0.3144, 0.8898 1.3484 0.3109, 0.8905 1.3484 0.3066, 0.8906 1.3484 0.3051, 0.8901 1.3484 0.3005, 0.8889 1.3484 0.2971, 0.8869 1.3484 0.294, 0.8858 1.3484 0.2929, 0.8824 1.3484 0.2905, 0.8786 1.3484 0.289, 0.8726 1.3484 0.2883, 0.8669 1.3484 0.2889, 0.8629 1.3484 0.2905, 0.8609 1.3484 0.2917, 0.8576 1.3484 0.2948, 0.855 1.3484 0.2984, 0.8547 1.3484 0.2983, 0.8548 1.3484 0.2895, 0.8448 1.3484 0.2894, 0.8445 1.3484 0.3262, 0.8452 1.3484 0.3336, 0.8467 1.3484 0.3382, 0.8487 1.3484 0.3415, 0.8513 1.3484 0.3441, 0.8546 1.3484 0.3461, 0.8588 1.3484 0.3474, 0.8777 1.3484 0.313, 0.8765 1.3484 0.314, 0.8742 1.3484 0.3151, 0.868 1.3484 0.3165, 0.8804 1.3484 0.3058, 0.8803 1.3484 0.3074, 0.8798 1.3484 0.3097, 0.8789 1.3484 0.3116, 0.8776 1.3484 0.2991, 0.8784 1.3484 0.3, 0.8795 1.3484 0.3017, 0.8802 1.3484 0.3035, 0.8699 1.3484 0.2965, 0.8733 1.3484 0.2969, 0.8756 1.3484 0.2977, 0.859 1.3484 0.3011, 0.8603 1.3484 0.2999, 0.8631 1.3484 0.298, 0.8662 1.3484 0.2969, 0.8546 1.3484 0.3127, 0.8546 1.3484 0.3121, 0.8553 1.3484 0.3076, 0.8568 1.3484 0.304, 0.8546 1.3484 0.3182
            ]
        }
        coordIndex [
            0,1,2,-1,2,1,3,-1,4,0,5,-1,5,0,2,-1,6,4,7,-1,7,4,5,-1,8,6,9,-1,9,6,7,-1,10,8,11,-1,11,8,9,-1,12,10,13,-1,13,10,11,-1,14,12,15,-1,15,12,13,-1,16,14,17,-1,17,14,15,-1,18,16,19,-1,19,16,17,-1,20,18,21,-1,21,18,19,-1,22,23,24,-1,24,23,20,-1,24,20,21,-1,3,1,25,-1,25,1,23,-1,25,23,22,-1,8,10,6,-1,6,10,12,-1,1,0,23,-1,23,0,4,-1,16,18,14,-1,14,18,20,-1,14,20,12,-1,12,20,23,-1,12,23,6,-1,6,23,4,-1,26,27,28,-1,28,27,29,-1,30,31,29,-1,29,31,32,-1,33,34,35,-1,35,34,36,-1,37,38,39,-1,32,40,29,-1,29,40,41,-1,29,41,28,-1,28,41,42,-1,28,42,33,-1,33,42,43,-1,33,43,34,-1,44,45,46,-1,46,45,47,-1,46,47,48,-1,48,47,49,-1,48,49,50,-1,50,49,51,-1,50,51,52,-1,52,51,53,-1,52,53,54,-1,54,53,55,-1,54,55,56,-1,56,55,57,-1,56,57,58,-1,58,57,59,-1,58,59,60,-1,60,59,61,-1,60,61,62,-1,62,61,63,-1,62,63,29,-1,29,63,64,-1,29,64,30,-1,39,38,65,-1,65,38,66,-1,65,66,67,-1,68,69,64,-1,64,69,70,-1,64,70,30,-1,71,72,73,-1,73,72,74,-1,73,74,75,-1,75,74,76,-1,75,76,77,-1,77,76,78,-1,77,78,79,-1,79,78,80,-1,79,80,81,-1,81,80,82,-1,81,82,36,-1,36,82,83,-1,36,83,35,-1,39,84,37,-1,37,84,69,-1,37,69,85,-1,85,69,68,-1,66,86,67,-1,67,86,87,-1,67,87,88,-1,88,87,89,-1,88,89,90,-1,90,89,91,-1,90,91,92,-1,92,91,93,-1,92,93,71,-1,71,93,94,-1,71,94,72,-1,50,95,96,-1,50,96,48,-1,48,96,97,-1,48,97,46,-1,46,97,98,-1,46,98,44,-1,45,44,99,-1,99,44,98,-1,45,99,100,-1,45,100,47,-1,47,100,101,-1,47,101,49,-1,49,101,102,-1,49,102,51,-1,51,102,103,-1,51,103,53,-1,53,103,104,-1,53,104,55,-1,55,104,105,-1,55,105,57,-1,57,105,106,-1,57,106,59,-1,59,106,107,-1,59,107,61,-1,61,107,108,-1,61,108,63,-1,63,108,109,-1,63,109,64,-1,68,64,110,-1,110,64,109,-1,68,110,111,-1,68,111,85,-1,85,111,112,-1,85,112,37,-1,37,112,113,-1,37,113,38,-1,38,113,114,-1,38,114,66,-1,66,114,115,-1,66,115,86,-1,86,115,116,-1,86,116,87,-1,87,116,117,-1,87,117,89,-1,89,117,118,-1,89,118,91,-1,91,118,119,-1,91,119,93,-1,93,119,120,-1,93,120,94,-1,94,120,121,-1,94,121,72,-1,72,121,122,-1,72,122,74,-1,74,122,123,-1,74,123,76,-1,76,123,124,-1,76,124,78,-1,78,124,125,-1,78,125,80,-1,80,125,126,-1,80,126,82,-1,82,126,127,-1,82,127,83,-1,83,127,128,-1,83,128,35,-1,35,128,129,-1,35,129,33,-1,28,33,130,-1,130,33,129,-1,26,28,131,-1,131,28,130,-1,27,26,132,-1,132,26,131,-1,29,27,133,-1,133,27,132,-1,29,133,134,-1,29,134,62,-1,62,134,135,-1,62,135,60,-1,60,135,136,-1,60,136,58,-1,58,136,137,-1,58,137,56,-1,56,137,138,-1,56,138,54,-1,54,138,139,-1,54,139,52,-1,52,139,95,-1,52,95,50,-1,84,140,141,-1,84,141,69,-1,69,141,142,-1,69,142,70,-1,70,142,143,-1,70,143,30,-1,88,144,145,-1,88,145,67,-1,67,145,146,-1,67,146,65,-1,65,146,147,-1,65,147,39,-1,39,147,140,-1,39,140,84,-1,73,148,149,-1,73,149,71,-1,71,149,150,-1,71,150,92,-1,92,150,151,-1,92,151,90,-1,90,151,144,-1,90,144,88,-1,79,152,153,-1,79,153,77,-1,77,153,154,-1,77,154,75,-1,75,154,148,-1,75,148,73,-1,43,155,156,-1,43,156,34,-1,34,156,157,-1,34,157,36,-1,36,157,158,-1,36,158,81,-1,81,158,152,-1,81,152,79,-1,32,159,160,-1,32,160,40,-1,40,160,161,-1,40,161,41,-1,41,161,162,-1,41,162,42,-1,42,162,155,-1,42,155,43,-1,32,31,159,-1,159,31,163,-1,31,30,163,-1,163,30,143,-1,
        ]
    }
}
Shape{
    appearance Appearance {
        material  Material 	{
            diffuseColor 0.25098039215686274 0.25098039215686274 0.25098039215686274
            specularColor 0.12549019607843137 0.12549019607843137 0.12549019607843137
            ambientIntensity 0.251
            transparency 0.0
            shininess 0.5
        }
    }
    geometry IndexedFaceSet {
        ccw TRUE
        solid FALSE
        coord DEF co Coordinate {
            point [
                0.8546 1.3484 0.3121, 0.8546 1.3484 0.3127, 0.8777 1.3484 0.313, 0.8546 1.3484 0.3182, 0.868 1.3484 0.3165, 0.8742 1.3484 0.3151, 0.8765 1.3484 0.314, 0.8553 1.3484 0.3076, 0.8789 1.3484 0.3116, 0.8568 1.3484 0.304, 0.8784 1.3484 0.3, 0.8776 1.3484 0.2991, 0.8603 1.3484 0.2999, 0.8795 1.3484 0.3017, 0.8631 1.3484 0.298, 0.8662 1.3484 0.2969, 0.8699 1.3484 0.2965, 0.8798 1.3484 0.3097, 0.8803 1.3484 0.3074, 0.859 1.3484 0.3011, 0.8804 1.3484 0.3058, 0.8802 1.3484 0.3035, 0.8756 1.3484 0.2977, 0.8733 1.3484 0.2969
            ]
        }
        coordIndex [
            0,1,2,-1,1,3,4,-1,4,5,1,-1,1,5,6,-1,1,6,2,-1,0,2,7,-1,7,2,8,-1,7,8,9,-1,10,11,12,-1,10,12,13,-1,14,12,15,-1,15,12,16,-1,8,17,9,-1,9,17,18,-1,9,18,19,-1,19,18,20,-1,19,20,12,-1,12,20,21,-1,12,21,13,-1,11,22,12,-1,12,22,23,-1,12,23,16,-1,
        ]
    }
}
Shape{
    appearance Appearance {
        material  Material 	{
            diffuseColor 1.0 1.0 1.0
            specularColor 0.5019607843137255 0.5019607843137255 0.5019607843137255
            ambientIntensity 1.0
            transparency 0.0
            shininess 0.5
        }
    }
    geometry IndexedFaceSet {
        ccw TRUE
        solid FALSE
        coord DEF co Coordinate {
            point [
                0.8311 1.3484 0.3017, 0.8311 1.3484 0.3017, 0.827 1.3484 0.2992, 0.8146 1.3484 0.2961, 0.8146 1.3484 0.2961, 0.8207 1.3484 0.2968, 0.8207 1.3484 0.2968, 0.8261 1.3484 0.2988, 0.827 1.3484 0.2992, 0.8311 1.3484 0.2913, 0.8311 1.3484 0.2913, 0.8251 1.3484 0.2891, 0.8261 1.3484 0.2894, 0.8251 1.3484 0.2891, 0.8159 1.3484 0.2879, 0.8157 1.3484 0.2879, 0.8157 1.3484 0.2879, 0.8154 1.3484 0.2879, 0.8067 1.3484 0.2889, 0.8067 1.3484 0.2889, 0.8014 1.3484 0.2909, 0.8014 1.3484 0.2909, 0.799 1.3484 0.2923, 0.799 1.3484 0.2923, 0.7961 1.3484 0.2948, 0.7961 1.3484 0.2948, 0.7942 1.3484 0.2974, 0.7942 1.3484 0.2974, 0.7929 1.3484 0.3006, 0.7929 1.3484 0.3006, 0.7924 1.3484 0.3046, 0.7924 1.3484 0.3046, 0.7928 1.3484 0.3084, 0.7928 1.3484 0.3084, 0.7939 1.3484 0.3113, 0.7939 1.3484 0.3113, 0.7957 1.3484 0.3141, 0.7957 1.3484 0.3141, 0.7981 1.3484 0.3163, 0.7981 1.3484 0.3163, 0.8047 1.3484 0.32, 0.8047 1.3484 0.32, 0.8086 1.3484 0.3216, 0.8086 1.3484 0.3216, 0.8148 1.3484 0.3243, 0.8148 1.3484 0.3243, 0.8183 1.3484 0.3266, 0.8183 1.3484 0.3266, 0.8193 1.3484 0.3277, 0.8193 1.3484 0.3277, 0.82 1.3484 0.329, 0.82 1.3484 0.329, 0.8204 1.3484 0.3306, 0.8204 1.3484 0.3306, 0.8205 1.3484 0.3319, 0.8205 1.3484 0.3319, 0.8203 1.3484 0.3335, 0.8203 1.3484 0.3335, 0.8198 1.3484 0.3349, 0.8198 1.3484 0.3349, 0.8189 1.3484 0.3361, 0.8189 1.3484 0.3361, 0.8174 1.3484 0.3375, 0.8174 1.3484 0.3375, 0.8151 1.3484 0.3386, 0.8151 1.3484 0.3386, 0.8124 1.3484 0.3393, 0.8124 1.3484 0.3393, 0.8095 1.3484 0.3395, 0.8095 1.3484 0.3395, 0.8031 1.3484 0.3388, 0.8031 1.3484 0.3388, 0.7974 1.3484 0.3367, 0.7974 1.3484 0.3367, 0.795 1.3484 0.3353, 0.795 1.3484 0.3353, 0.7949 1.3484 0.345, 0.7949 1.3484 0.345, 0.8014 1.3484 0.347, 0.8014 1.3484 0.347, 0.8084 1.3484 0.3477, 0.8084 1.3484 0.3477, 0.8154 1.3484 0.347, 0.8154 1.3484 0.347, 0.821 1.3484 0.3452, 0.821 1.3484 0.3452, 0.8243 1.3484 0.3432, 0.8243 1.3484 0.3432, 0.8273 1.3484 0.3406, 0.8261 1.3484 0.3417, 0.8273 1.3484 0.3406, 0.8292 1.3484 0.3379, 0.8292 1.3484 0.3379, 0.8304 1.3484 0.3347, 0.8304 1.3484 0.3347, 0.8308 1.3484 0.3311, 0.8308 1.3484 0.3311, 0.8304 1.3484 0.3272, 0.8304 1.3484 0.3272, 0.8293 1.3484 0.3241, 0.8293 1.3484 0.3241, 0.828 1.3484 0.322, 0.828 1.3484 0.322, 0.8157 1.3484 0.3144, 0.8157 1.3484 0.3144, 0.8217 1.3484 0.3171, 0.8264 1.3484 0.3203, 0.8264 1.3484 0.3203, 0.8261 1.3484 0.3201, 0.8217 1.3484 0.3171, 0.8092 1.3484 0.3116, 0.8092 1.3484 0.3116, 0.8053 1.3484 0.3092, 0.8053 1.3484 0.3092, 0.804 1.3484 0.3079, 0.804 1.3484 0.3079, 0.8033 1.3484 0.3065, 0.8033 1.3484 0.3065, 0.8028 1.3484 0.305, 0.8028 1.3484 0.305, 0.8027 1.3484 0.3037, 0.8027 1.3484 0.3037, 0.803 1.3484 0.3018, 0.803 1.3484 0.3018, 0.8035 1.3484 0.3004, 0.8035 1.3484 0.3004, 0.8044 1.3484 0.2991, 0.8044 1.3484 0.2991, 0.8055 1.3484 0.2981, 0.8055 1.3484 0.2981, 0.8064 1.3484 0.2975, 0.8064 1.3484 0.2975, 0.809 1.3484 0.2966, 0.809 1.3484 0.2966, 0.8142 1.3484 0.2961, 0.8142 1.3484 0.2961, 0.7424 1.3484 0.3459, 0.732 1.3484 0.3458, 0.7424 1.3484 0.3459, 0.732 1.3484 0.3458, 0.7583 1.3484 0.3029, 0.7583 1.3484 0.3029, 0.7591 1.3484 0.3003, 0.7591 1.3484 0.3003, 0.7596 1.3484 0.2983, 0.7596 1.3484 0.2983, 0.7599 1.3484 0.2983, 0.7599 1.3484 0.2983, 0.7611 1.3484 0.303, 0.7611 1.3484 0.303, 0.7757 1.3484 0.3461, 0.7757 1.3484 0.3461, 0.7703 1.3484 0.3303, 0.7869 1.3484 0.3462, 0.7869 1.3484 0.3462, 0.7649 1.3484 0.289, 0.7649 1.3484 0.289, 0.7703 1.3484 0.3031, 0.7694 1.3484 0.2786, 0.7694 1.3484 0.2786, 0.7654 1.3484 0.2879, 0.7703 1.3484 0.2769, 0.7714 1.3484 0.275, 0.7714 1.3484 0.275, 0.7718 1.3484 0.2746, 0.7733 1.3484 0.2729, 0.7733 1.3484 0.2729, 0.775 1.3484 0.2718, 0.775 1.3484 0.2718, 0.7772 1.3484 0.2709, 0.7772 1.3484 0.2709, 0.7797 1.3484 0.2706, 0.7797 1.3484 0.2706, 0.7833 1.3484 0.2711, 0.7833 1.3484 0.2711, 0.7854 1.3484 0.2718, 0.7854 1.3484 0.2718, 0.7854 1.3484 0.2629, 0.7854 1.3484 0.2629, 0.7812 1.3484 0.2621, 0.7812 1.3484 0.2621, 0.779 1.3484 0.262, 0.779 1.3484 0.262, 0.7749 1.3484 0.2625, 0.7749 1.3484 0.2625, 0.771 1.3484 0.2639, 0.771 1.3484 0.2639, 0.7703 1.3484 0.2644, 0.7674 1.3484 0.2664, 0.7584 1.3484 0.2802, 0.7584 1.3484 0.2802, 0.7614 1.3484 0.2746, 0.763 1.3484 0.2714, 0.763 1.3484 0.2714, 0.7667 1.3484 0.267, 0.7667 1.3484 0.267, 0.7674 1.3484 0.2664, 0.7553 1.3484 0.2879, 0.6785 1.3484 0.2974, 0.6786 1.3484 0.2883, 0.6785 1.3484 0.2974, 0.6786 1.3484 0.2883, 0.7112 1.3484 0.2976, 0.7112 1.3484 0.2976, 0.6952 1.3484 0.2975, 0.711 1.3484 0.3246, 0.711 1.3484 0.3246, 0.6824 1.3484 0.3243, 0.6824 1.3484 0.3243, 0.6952 1.3484 0.3244, 0.6823 1.3484 0.3335, 0.6823 1.3484 0.3335, 0.711 1.3484 0.3337, 0.711 1.3484 0.3337, 0.6952 1.3484 0.3336, 0.7108 1.3484 0.3593, 0.7108 1.3484 0.3593, 0.6799 1.3484 0.3591, 0.6799 1.3484 0.3591, 0.6952 1.3484 0.3592, 0.6798 1.3484 0.3683, 0.6798 1.3484 0.3683, 0.7211 1.3484 0.3686, 0.7211 1.3484 0.3686, 0.6952 1.3484 0.3684, 0.7216 1.3484 0.2886, 0.7216 1.3484 0.2886, 0.6952 1.3484 0.2884, 0.6102 1.3484 0.299, 0.6185 1.3484 0.3044, 0.6187 1.3484 0.293, 0.6237 1.3484 0.3009, 0.6278 1.3484 0.2895, 0.6303 1.3484 0.2984, 0.6414 1.3484 0.288, 0.6414 1.3484 0.2971, 0.6634 1.3484 0.2881, 0.653 1.3484 0.2972, 0.6629 1.3484 0.3682, 0.6526 1.3484 0.3589, 0.64 1.3484 0.3681, 0.6405 1.3484 0.3588, 0.6396 1.3484 0.3588, 0.6278 1.3484 0.3666, 0.6294 1.3484 0.3574, 0.6182 1.3484 0.363, 0.6226 1.3484 0.3547, 0.6098 1.3484 0.3572, 0.6174 1.3484 0.3512, 0.607 1.3484 0.3545, 0.6152 1.3484 0.3489, 0.6021 1.3484 0.3474, 0.6122 1.3484 0.3444, 0.5992 1.3484 0.3398, 0.6099 1.3484 0.3386, 0.598 1.3484 0.3287, 0.6088 1.3484 0.3285, 0.5982 1.3484 0.3236, 0.6092 1.3484 0.323, 0.6002 1.3484 0.3143, 0.6109 1.3484 0.3158, 0.6042 1.3484 0.306, 0.6137 1.3484 0.3099, 0.6175 1.3484 0.3053, 0.6414 1.3484 0.288, 0.6634 1.3484 0.2881, 0.6278 1.3484 0.2895, 0.6187 1.3484 0.293, 0.6102 1.3484 0.299, 0.6042 1.3484 0.306, 0.6002 1.3484 0.3143, 0.5982 1.3484 0.3236, 0.598 1.3484 0.3287, 0.5992 1.3484 0.3398, 0.6021 1.3484 0.3474, 0.607 1.3484 0.3545, 0.6098 1.3484 0.3572, 0.6182 1.3484 0.363, 0.6278 1.3484 0.3666, 0.64 1.3484 0.3681, 0.6629 1.3484 0.3682, 0.6405 1.3484 0.3588, 0.6526 1.3484 0.3589, 0.653 1.3484 0.2972, 0.6414 1.3484 0.2971, 0.6175 1.3484 0.3053, 0.6185 1.3484 0.3044, 0.6237 1.3484 0.3009, 0.6303 1.3484 0.2984, 0.6088 1.3484 0.3285, 0.6092 1.3484 0.323, 0.6109 1.3484 0.3158, 0.6137 1.3484 0.3099, 0.6174 1.3484 0.3512, 0.6152 1.3484 0.3489, 0.6122 1.3484 0.3444, 0.6099 1.3484 0.3386, 0.6396 1.3484 0.3588, 0.6294 1.3484 0.3574, 0.6226 1.3484 0.3547
            ]
        }
        coordIndex [
            0,1,2,-1,3,4,5,-1,3,5,6,-1,6,5,7,-1,6,7,2,-1,2,7,8,-1,2,8,0,-1,9,1,10,-1,10,1,0,-1,11,9,12,-1,12,9,10,-1,12,13,11,-1,11,13,14,-1,11,14,15,-1,15,14,16,-1,15,16,17,-1,15,17,18,-1,17,19,18,-1,18,19,20,-1,18,20,21,-1,21,20,22,-1,21,22,23,-1,23,22,24,-1,23,24,25,-1,25,24,26,-1,25,26,27,-1,27,26,28,-1,27,28,29,-1,29,28,30,-1,29,30,31,-1,31,30,32,-1,31,32,33,-1,33,32,34,-1,33,34,35,-1,35,34,36,-1,35,36,37,-1,37,36,38,-1,37,38,39,-1,39,38,40,-1,39,40,41,-1,41,40,42,-1,41,42,43,-1,43,42,44,-1,43,44,45,-1,45,44,46,-1,45,46,47,-1,47,46,48,-1,47,48,49,-1,49,48,50,-1,49,50,51,-1,51,50,52,-1,51,52,53,-1,53,52,54,-1,53,54,55,-1,55,54,56,-1,55,56,57,-1,57,56,58,-1,57,58,59,-1,59,58,60,-1,59,60,61,-1,61,60,62,-1,61,62,63,-1,63,62,64,-1,63,64,65,-1,65,64,66,-1,65,66,67,-1,67,66,68,-1,67,68,69,-1,69,68,70,-1,69,70,71,-1,71,70,72,-1,71,72,73,-1,73,72,74,-1,73,74,75,-1,76,75,77,-1,77,75,74,-1,76,77,78,-1,76,78,79,-1,79,78,80,-1,79,80,81,-1,81,80,82,-1,81,82,83,-1,83,82,84,-1,83,84,85,-1,85,84,86,-1,85,86,87,-1,88,87,89,-1,89,87,86,-1,89,90,88,-1,88,90,91,-1,88,91,92,-1,92,91,93,-1,92,93,94,-1,94,93,95,-1,94,95,96,-1,96,95,97,-1,96,97,98,-1,98,97,99,-1,98,99,100,-1,100,99,101,-1,100,101,102,-1,103,104,105,-1,102,101,106,-1,102,106,107,-1,107,106,108,-1,107,108,105,-1,105,108,109,-1,105,109,103,-1,104,103,110,-1,104,110,111,-1,111,110,112,-1,111,112,113,-1,113,112,114,-1,113,114,115,-1,115,114,116,-1,115,116,117,-1,117,116,118,-1,117,118,119,-1,119,118,120,-1,119,120,121,-1,121,120,122,-1,121,122,123,-1,123,122,124,-1,123,124,125,-1,125,124,126,-1,125,126,127,-1,127,126,128,-1,127,128,129,-1,129,128,130,-1,129,130,131,-1,131,130,132,-1,131,132,133,-1,133,132,134,-1,133,134,135,-1,135,134,4,-1,135,4,3,-1,61,63,85,-1,85,63,83,-1,111,43,104,-1,104,43,45,-1,21,23,127,-1,127,23,25,-1,127,25,125,-1,125,25,27,-1,125,27,123,-1,123,27,29,-1,123,29,121,-1,121,29,31,-1,121,31,119,-1,119,31,33,-1,119,33,117,-1,117,33,35,-1,117,35,115,-1,115,35,37,-1,115,37,113,-1,113,37,39,-1,113,39,111,-1,111,39,41,-1,111,41,43,-1,15,3,11,-1,11,3,6,-1,11,6,9,-1,9,6,2,-1,9,2,1,-1,63,65,83,-1,83,65,67,-1,83,67,81,-1,81,67,69,-1,81,69,79,-1,79,69,71,-1,79,71,76,-1,76,71,73,-1,76,73,75,-1,127,129,21,-1,21,129,131,-1,21,131,18,-1,18,131,133,-1,18,133,15,-1,15,133,135,-1,15,135,3,-1,85,87,61,-1,61,87,88,-1,61,88,59,-1,59,88,92,-1,59,92,57,-1,57,92,94,-1,57,94,55,-1,55,94,96,-1,55,96,53,-1,53,96,98,-1,53,98,51,-1,51,98,100,-1,51,100,49,-1,49,100,102,-1,49,102,47,-1,47,102,107,-1,47,107,45,-1,45,107,105,-1,45,105,104,-1,136,137,138,-1,138,137,139,-1,140,136,141,-1,141,136,138,-1,140,141,142,-1,140,142,143,-1,143,142,144,-1,143,144,145,-1,146,145,147,-1,147,145,144,-1,148,146,149,-1,149,146,147,-1,150,151,152,-1,152,151,148,-1,152,148,149,-1,153,151,154,-1,154,151,150,-1,155,156,157,-1,157,156,153,-1,157,153,154,-1,158,159,160,-1,160,159,156,-1,160,156,155,-1,159,158,161,-1,159,161,162,-1,161,163,162,-1,162,163,164,-1,162,164,165,-1,164,166,165,-1,165,166,167,-1,165,167,168,-1,168,167,169,-1,168,169,170,-1,170,169,171,-1,170,171,172,-1,172,171,173,-1,172,173,174,-1,174,173,175,-1,174,175,176,-1,177,176,178,-1,178,176,175,-1,177,178,179,-1,177,179,180,-1,180,179,181,-1,180,181,182,-1,182,181,183,-1,182,183,184,-1,184,183,185,-1,184,185,186,-1,186,185,187,-1,186,187,188,-1,189,190,191,-1,191,190,192,-1,191,192,193,-1,193,192,194,-1,193,194,195,-1,195,194,188,-1,195,188,196,-1,196,188,187,-1,139,137,197,-1,197,137,190,-1,197,190,189,-1,143,145,190,-1,137,136,190,-1,190,136,140,-1,190,140,143,-1,151,153,148,-1,148,153,156,-1,148,156,146,-1,176,177,174,-1,174,177,180,-1,174,180,172,-1,172,180,182,-1,172,182,170,-1,170,182,184,-1,170,184,168,-1,168,184,186,-1,168,186,165,-1,145,146,190,-1,190,146,156,-1,190,156,192,-1,156,159,192,-1,192,159,162,-1,192,162,194,-1,194,162,165,-1,194,165,188,-1,188,165,186,-1,198,199,200,-1,200,199,201,-1,202,203,204,-1,204,203,198,-1,204,198,200,-1,205,203,206,-1,206,203,202,-1,207,208,209,-1,209,208,205,-1,209,205,206,-1,210,208,211,-1,211,208,207,-1,212,213,214,-1,214,213,210,-1,214,210,211,-1,215,213,216,-1,216,213,212,-1,217,218,219,-1,219,218,215,-1,219,215,216,-1,220,218,221,-1,221,218,217,-1,222,223,224,-1,224,223,220,-1,224,220,221,-1,225,223,226,-1,226,223,222,-1,201,199,227,-1,227,199,225,-1,227,225,226,-1,225,199,198,-1,198,203,225,-1,225,203,205,-1,225,205,223,-1,218,220,215,-1,215,220,223,-1,215,223,213,-1,213,223,205,-1,213,205,210,-1,210,205,208,-1,228,229,230,-1,230,229,231,-1,230,231,232,-1,232,231,233,-1,232,233,234,-1,234,233,235,-1,234,235,236,-1,236,235,237,-1,236,237,238,-1,238,237,239,-1,238,239,240,-1,239,241,240,-1,240,241,242,-1,240,242,243,-1,243,242,244,-1,243,244,245,-1,245,244,246,-1,245,246,247,-1,247,246,248,-1,247,248,249,-1,249,248,250,-1,249,250,251,-1,251,250,252,-1,251,252,253,-1,253,252,254,-1,253,254,255,-1,255,254,256,-1,255,256,257,-1,257,256,258,-1,257,258,259,-1,259,258,260,-1,259,260,261,-1,261,260,262,-1,261,262,228,-1,228,262,263,-1,228,263,229,-1,234,236,264,-1,264,236,265,-1,234,264,266,-1,234,266,232,-1,232,266,267,-1,232,267,230,-1,230,267,268,-1,230,268,228,-1,228,268,269,-1,228,269,261,-1,261,269,270,-1,261,270,259,-1,259,270,271,-1,259,271,257,-1,257,271,272,-1,257,272,255,-1,255,272,273,-1,255,273,253,-1,253,273,274,-1,253,274,251,-1,251,274,275,-1,251,275,249,-1,249,275,276,-1,249,276,247,-1,247,276,277,-1,247,277,245,-1,245,277,278,-1,245,278,243,-1,243,278,279,-1,243,279,240,-1,238,240,280,-1,280,240,279,-1,236,238,265,-1,265,238,280,-1,241,239,281,-1,281,239,282,-1,239,237,282,-1,282,237,283,-1,237,235,283,-1,283,235,284,-1,263,285,286,-1,263,286,229,-1,229,286,287,-1,229,287,231,-1,231,287,288,-1,231,288,233,-1,233,288,284,-1,233,284,235,-1,256,289,290,-1,256,290,258,-1,258,290,291,-1,258,291,260,-1,260,291,292,-1,260,292,262,-1,262,292,285,-1,262,285,263,-1,248,293,294,-1,248,294,250,-1,250,294,295,-1,250,295,252,-1,252,295,296,-1,252,296,254,-1,254,296,289,-1,254,289,256,-1,241,281,297,-1,241,297,242,-1,242,297,298,-1,242,298,244,-1,244,298,299,-1,244,299,246,-1,246,299,293,-1,246,293,248,-1,
        ]
    }
}
Shape{
    appearance Appearance {
        material  Material 	{
            diffuseColor 0.25098039215686274 0.25098039215686274 0.25098039215686274
            specularColor 0.12549019607843137 0.12549019607843137 0.12549019607843137
            ambientIntensity 0.251
            transparency 0.0
            shininess 0.5
        }
    }
    geometry IndexedFaceSet {
        ccw TRUE
        solid FALSE
        coord DEF co Coordinate {
            point [
                0.6237 1.3484 0.3009, 0.6185 1.3484 0.3044, 0.6396 1.3484 0.3588, 0.6526 1.3484 0.3589, 0.653 1.3484 0.2972, 0.6405 1.3484 0.3588, 0.6414 1.3484 0.2971, 0.6303 1.3484 0.2984, 0.6175 1.3484 0.3053, 0.6137 1.3484 0.3099, 0.6109 1.3484 0.3158, 0.6088 1.3484 0.3285, 0.6174 1.3484 0.3512, 0.6226 1.3484 0.3547, 0.6099 1.3484 0.3386, 0.6122 1.3484 0.3444, 0.6152 1.3484 0.3489, 0.6092 1.3484 0.323, 0.6294 1.3484 0.3574
            ]
        }
        coordIndex [
            0,1,2,-1,3,4,5,-1,5,4,6,-1,5,6,2,-1,2,6,7,-1,2,7,0,-1,1,8,2,-1,2,8,9,-1,2,9,10,-1,11,12,13,-1,14,15,11,-1,11,15,16,-1,11,16,12,-1,10,17,2,-1,2,17,11,-1,2,11,18,-1,18,11,13,-1,
        ]
    }
}
Shape{
    appearance Appearance {
        material  Material 	{
            diffuseColor 1.0 1.0 1.0
            specularColor 0.5019607843137255 0.5019607843137255 0.5019607843137255
            ambientIntensity 1.0
            transparency 0.0
            shininess 0.5
        }
    }
    geometry IndexedFaceSet {
        ccw TRUE
        solid FALSE
        coord DEF co Coordinate {
            point [
                0.5712 1.3484 0.3184, 0.559 1.3484 0.3516, 0.5627 1.3484 0.3675, 0.5938 1.3484 0.2877, 0.5824 1.3484 0.2876, 0.5745 1.3484 0.3094, 0.5583 1.3484 0.354, 0.5576 1.3484 0.3572, 0.5517 1.3484 0.3674, 0.5574 1.3484 0.3572, 0.5568 1.3484 0.3538, 0.5562 1.3484 0.3516, 0.5443 1.3484 0.3183, 0.5218 1.3484 0.2871, 0.5332 1.3484 0.2872, 0.5412 1.3484 0.3092, 0.5517 1.3484 0.3674, 0.522 1.3484 0.2879, 0.5218 1.3484 0.2871, 0.5627 1.3484 0.3675, 0.5938 1.3484 0.2877, 0.5937 1.3484 0.2879, 0.5824 1.3484 0.2876, 0.5745 1.3484 0.3094, 0.5823 1.3484 0.2879, 0.5412 1.3484 0.3092, 0.5332 1.3484 0.2872, 0.5334 1.3484 0.2879, 0.5712 1.3484 0.3184, 0.5443 1.3484 0.3183, 0.5562 1.3484 0.3516, 0.5574 1.3484 0.3572, 0.5568 1.3484 0.3538, 0.5576 1.3484 0.3572, 0.559 1.3484 0.3516, 0.5583 1.3484 0.354
            ]
        }
        coordIndex [
            0,1,2,-1,3,4,5,-1,1,6,2,-1,2,6,7,-1,2,7,8,-1,8,7,9,-1,8,9,10,-1,10,11,8,-1,8,11,12,-1,8,12,13,-1,14,13,15,-1,15,13,12,-1,15,12,5,-1,5,12,0,-1,5,0,3,-1,3,0,2,-1,16,8,17,-1,17,8,13,-1,17,13,18,-1,2,8,19,-1,19,8,16,-1,20,3,21,-1,21,3,2,-1,21,2,19,-1,4,3,22,-1,22,3,20,-1,23,5,24,-1,24,5,4,-1,24,4,22,-1,15,5,25,-1,25,5,23,-1,26,14,27,-1,27,14,15,-1,27,15,25,-1,13,14,18,-1,18,14,26,-1,0,12,28,-1,28,12,29,-1,12,11,29,-1,29,11,30,-1,9,31,32,-1,9,32,10,-1,10,32,30,-1,10,30,11,-1,9,7,31,-1,31,7,33,-1,1,34,35,-1,1,35,6,-1,6,35,33,-1,6,33,7,-1,1,0,34,-1,34,0,28,-1,
        ]
    }
}
Shape{
    appearance Appearance {
        material  Material 	{
            diffuseColor 0.25098039215686274 0.25098039215686274 0.25098039215686274
            specularColor 0.12549019607843137 0.12549019607843137 0.12549019607843137
            ambientIntensity 0.251
            transparency 0.0
            shininess 0.5
        }
    }
    geometry IndexedFaceSet {
        ccw TRUE
        solid FALSE
        coord DEF co Coordinate {
            point [
                0.5574 1.3484 0.3572, 0.5576 1.3484 0.3572, 0.5568 1.3484 0.3538, 0.5583 1.3484 0.354, 0.5562 1.3484 0.3516, 0.559 1.3484 0.3516, 0.5443 1.3484 0.3183, 0.5712 1.3484 0.3184
            ]
        }
        coordIndex [
            0,1,2,-1,2,1,3,-1,2,3,4,-1,4,3,5,-1,4,5,6,-1,6,5,7,-1,
        ]
    }
}
Shape{
    appearance Appearance {
        material  Material 	{
            diffuseColor 1.0 1.0 1.0
            specularColor 0.5019607843137255 0.5019607843137255 0.5019607843137255
            ambientIntensity 1.0
            transparency 0.0
            shininess 0.5
        }
    }
    geometry IndexedFaceSet {
        ccw TRUE
        solid FALSE
        coord DEF co Coordinate {
            point [
                1.2971 1.3484 0.2813, 1.2887 1.3484 0.2708, 1.3018 1.3484 0.3317, 1.1115 1.3484 0.3582, 1.1289 1.3484 0.3885, 1.2055 1.3484 0.3492, 1.245 1.3484 0.3326, 1.2396 1.3484 0.3309, 1.311 1.3484 0.4307, 1.2983 1.3484 0.4373, 1.3011 1.3484 0.4724, 1.2655 1.3484 0.4737, 1.2482 1.3484 0.4321, 1.2394 1.3484 0.45, 1.3142 1.3484 0.3394, 1.3098 1.3484 0.2957, 1.3027 1.3484 0.2935, 1.2786 1.3484 0.475, 1.235 1.3484 0.328, 1.2312 1.3484 0.324, 1.1915 1.3484 0.3167, 1.2286 1.3484 0.3194, 1.2271 1.3484 0.3142, 1.1915 1.3484 0.311, 1.2269 1.3484 0.3087, 1.2543 1.3484 0.3324, 1.2617 1.3484 0.3673, 1.2593 1.3484 0.3305, 1.2743 1.3484 0.3626, 1.2638 1.3484 0.3274, 1.286 1.3484 0.3546, 1.2666 1.3484 0.3244, 1.2955 1.3484 0.3439, 1.2694 1.3484 0.3196, 1.271 1.3484 0.3142, 1.2274 1.3484 0.3649, 1.2411 1.3484 0.3684, 1.2481 1.3484 0.3689, 1.0923 1.3484 0.4145, 1.0878 1.3484 0.4144, 1.0642 1.3484 0.445, 1.0769 1.3484 0.413, 1.0614 1.3484 0.444, 1.067 1.3484 0.4091, 1.0445 1.3484 0.4355, 1.0292 1.3484 0.4223, 1.2538 1.3484 0.4873, 1.2265 1.3484 0.4652, 1.2403 1.3484 0.4986, 1.2111 1.3484 0.4762, 1.2239 1.3484 0.5084, 1.2842 1.3484 0.4406, 1.2783 1.3484 0.4408, 1.2721 1.3484 0.4746, 1.265 1.3484 0.4391, 1.2522 1.3484 0.4343, 1.2641 1.3484 0.2945, 1.2596 1.3484 0.2913, 1.2776 1.3484 0.2623, 1.2543 1.3484 0.2893, 1.0298 1.3484 0.3161, 1.0562 1.3484 0.3389, 1.0454 1.3484 0.3031, 1.0647 1.3484 0.3321, 1.0628 1.3484 0.2947, 1.0748 1.3484 0.3275, 1.0818 1.3484 0.2908, 1.085 1.3484 0.3256, 1.1154 1.3484 0.2911, 1.1106 1.3484 0.3258, 1.1186 1.3484 0.2916, 1.2489 1.3484 0.333, 1.2154 1.3484 0.3583, 1.0583 1.3484 0.4029, 1.0517 1.3484 0.3955, 1.0177 1.3484 0.406, 1.0465 1.3484 0.3856, 1.0108 1.3484 0.3886, 1.0439 1.3484 0.3747, 1.0084 1.3484 0.37, 1.0437 1.3484 0.3697, 1.0111 1.3484 0.3497, 1.0451 1.3484 0.3586, 1.0184 1.3484 0.3317, 1.0491 1.3484 0.3485, 1.0554 1.3484 0.3397, 1.0946 1.3484 0.4902, 1.1171 1.3484 0.4642, 1.075 1.3484 0.4668, 1.1043 1.3484 0.4487, 1.0957 1.3484 0.4303, 1.3338 1.3484 0.3981, 1.3713 1.3484 0.3889, 1.3356 1.3484 0.3843, 1.3715 1.3484 0.3834, 1.335 1.3484 0.3755, 1.3689 1.3484 0.3611, 1.331 1.3484 0.3616, 1.3609 1.3484 0.3399, 1.3243 1.3484 0.35, 1.348 1.3484 0.3212, 1.3303 1.3484 0.3059, 1.2676 1.3484 0.2987, 1.27 1.3484 0.3034, 1.2711 1.3484 0.3087, 1.1974 1.3484 0.5177, 1.1925 1.3484 0.4836, 1.1718 1.3484 0.5203, 1.1715 1.3484 0.4862, 1.1447 1.3484 0.5168, 1.1522 1.3484 0.4837, 1.1166 1.3484 0.5057, 1.1344 1.3484 0.4767, 1.1185 1.3484 0.4655, 1.3222 1.3484 0.4643, 1.3404 1.3484 0.4517, 1.3209 1.3484 0.422, 1.3443 1.3484 0.4481, 1.3289 1.3484 0.4107, 1.3581 1.3484 0.4307, 1.3673 1.3484 0.4103, 1.2645 1.3484 0.2567, 1.2511 1.3484 0.2545, 1.2492 1.3484 0.2886, 1.2489 1.3484 0.2545, 1.2438 1.3484 0.2892, 1.2351 1.3484 0.256, 1.2388 1.3484 0.2911, 1.2224 1.3484 0.2608, 1.2344 1.3484 0.2941, 1.211 1.3484 0.2686, 1.2308 1.3484 0.2982, 1.2021 1.3484 0.2784, 1.2282 1.3484 0.3032, 1.1953 1.3484 0.291, 1.1919 1.3484 0.3051, 1.1135 1.3484 0.3263, 1.1273 1.3484 0.2971, 1.126 1.3484 0.2958, 1.1117 1.3484 0.3259, 1.1224 1.3484 0.2931, 1.1318 1.3484 0.3088, 1.1313 1.3484 0.3046, 1.1298 1.3484 0.3007, 1.1184 1.3484 0.3258, 1.1223 1.3484 0.3243, 1.1316 1.3484 0.3111, 1.1259 1.3484 0.3219, 1.1282 1.3484 0.3193, 1.1304 1.3484 0.3154, 1.114 1.3484 0.3264, 1.0084 1.3484 0.37, 1.0108 1.3484 0.3886, 1.0124 1.3484 0.3925, 1.0177 1.3484 0.406, 1.0243 1.3484 0.4154, 1.0292 1.3484 0.4223, 1.0445 1.3484 0.4355, 1.0614 1.3484 0.444, 1.0642 1.3484 0.445, 1.075 1.3484 0.4668, 1.0946 1.3484 0.4902, 1.104 1.3484 0.4968, 1.1166 1.3484 0.5057, 1.1447 1.3484 0.5168, 1.1718 1.3484 0.5203, 1.1974 1.3484 0.5177, 1.2239 1.3484 0.5084, 1.2403 1.3484 0.4986, 1.2655 1.3484 0.4737, 1.2425 1.3484 0.4968, 1.2538 1.3484 0.4873, 1.2721 1.3484 0.4746, 1.2786 1.3484 0.475, 1.3011 1.3484 0.4724, 1.3222 1.3484 0.4643, 1.3404 1.3484 0.4517, 1.3443 1.3484 0.4481, 1.3715 1.3484 0.3834, 1.3581 1.3484 0.4307, 1.365 1.3484 0.4154, 1.3673 1.3484 0.4103, 1.3706 1.3484 0.3925, 1.3713 1.3484 0.3889, 1.3689 1.3484 0.3611, 1.3609 1.3484 0.3399, 1.348 1.3484 0.3212, 1.3303 1.3484 0.3059, 1.3098 1.3484 0.2957, 1.3027 1.3484 0.2935, 1.3001 1.3484 0.2879, 1.2917 1.3484 0.2746, 1.2971 1.3484 0.2813, 1.2887 1.3484 0.2708, 1.2776 1.3484 0.2623, 1.2645 1.3484 0.2567, 1.2511 1.3484 0.2545, 1.2489 1.3484 0.2545, 1.2351 1.3484 0.256, 1.197 1.3484 0.2879, 1.2224 1.3484 0.2608, 1.211 1.3484 0.2686, 1.2056 1.3484 0.2746, 1.2021 1.3484 0.2784, 1.1953 1.3484 0.291, 1.1919 1.3484 0.3051, 1.1915 1.3484 0.311, 1.1915 1.3484 0.3167, 1.1115 1.3484 0.3582, 1.1289 1.3484 0.3885, 1.2055 1.3484 0.3492, 1.2154 1.3484 0.3583, 1.2274 1.3484 0.3649, 1.2411 1.3484 0.3684, 1.2481 1.3484 0.3689, 1.2617 1.3484 0.3673, 1.2743 1.3484 0.3626, 1.286 1.3484 0.3546, 1.2955 1.3484 0.3439, 1.3018 1.3484 0.3317, 1.3142 1.3484 0.3394, 1.3243 1.3484 0.35, 1.331 1.3484 0.3616, 1.335 1.3484 0.3755, 1.3356 1.3484 0.3843, 1.3345 1.3484 0.3925, 1.3338 1.3484 0.3981, 1.3289 1.3484 0.4107, 1.3255 1.3484 0.4154, 1.3209 1.3484 0.422, 1.311 1.3484 0.4307, 1.2983 1.3484 0.4373, 1.2842 1.3484 0.4406, 1.2783 1.3484 0.4408, 1.265 1.3484 0.4391, 1.2522 1.3484 0.4343, 1.2482 1.3484 0.4321, 1.2394 1.3484 0.45, 1.2265 1.3484 0.4652, 1.2111 1.3484 0.4762, 1.1925 1.3484 0.4836, 1.1715 1.3484 0.4862, 1.0923 1.3484 0.4145, 1.0925 1.3484 0.4154, 1.0957 1.3484 0.4303, 1.1043 1.3484 0.4487, 1.1171 1.3484 0.4642, 1.1185 1.3484 0.4655, 1.1344 1.3484 0.4767, 1.1522 1.3484 0.4837, 1.0878 1.3484 0.4144, 1.0769 1.3484 0.413, 1.067 1.3484 0.4091, 1.0583 1.3484 0.4029, 1.0517 1.3484 0.3955, 1.0502 1.3484 0.3925, 1.0465 1.3484 0.3856, 1.0439 1.3484 0.3747, 1.0437 1.3484 0.3697, 1.0451 1.3484 0.3586, 1.0491 1.3484 0.3485, 1.0554 1.3484 0.3397, 1.0562 1.3484 0.3389, 1.0647 1.3484 0.3321, 1.0748 1.3484 0.3275, 1.085 1.3484 0.3256, 1.1106 1.3484 0.3258, 1.1117 1.3484 0.3259, 1.1135 1.3484 0.3263, 1.114 1.3484 0.3264, 1.1184 1.3484 0.3258, 1.1223 1.3484 0.3243, 1.1259 1.3484 0.3219, 1.1282 1.3484 0.3193, 1.1304 1.3484 0.3154, 1.1316 1.3484 0.3111, 1.1318 1.3484 0.3088, 1.1313 1.3484 0.3046, 1.1298 1.3484 0.3007, 1.1273 1.3484 0.2971, 1.126 1.3484 0.2958, 1.1224 1.3484 0.2931, 1.1186 1.3484 0.2916, 1.1154 1.3484 0.2911, 1.0818 1.3484 0.2908, 1.0628 1.3484 0.2947, 1.0454 1.3484 0.3031, 1.0298 1.3484 0.3161, 1.0184 1.3484 0.3317, 1.0111 1.3484 0.3497, 1.2489 1.3484 0.333, 1.245 1.3484 0.3326, 1.2396 1.3484 0.3309, 1.235 1.3484 0.328, 1.2312 1.3484 0.324, 1.2286 1.3484 0.3194, 1.2271 1.3484 0.3142, 1.2269 1.3484 0.3087, 1.2282 1.3484 0.3032, 1.2308 1.3484 0.2982, 1.2344 1.3484 0.2941, 1.2388 1.3484 0.2911, 1.2438 1.3484 0.2892, 1.2492 1.3484 0.2886, 1.2543 1.3484 0.2893, 1.2596 1.3484 0.2913, 1.2641 1.3484 0.2945, 1.2676 1.3484 0.2987, 1.27 1.3484 0.3034, 1.2711 1.3484 0.3087, 1.271 1.3484 0.3142, 1.2694 1.3484 0.3196, 1.2666 1.3484 0.3244, 1.2638 1.3484 0.3274, 1.2593 1.3484 0.3305, 1.2543 1.3484 0.3324
            ]
        }
        coordIndex [
            0,1,2,-1,3,4,5,-1,6,7,3,-1,8,9,10,-1,11,12,13,-1,14,15,2,-1,2,15,16,-1,2,16,0,-1,10,9,17,-1,7,18,3,-1,3,18,19,-1,3,19,20,-1,19,21,20,-1,20,21,22,-1,20,22,23,-1,23,22,24,-1,25,26,27,-1,27,26,28,-1,27,28,29,-1,29,28,30,-1,29,30,31,-1,31,30,32,-1,31,32,33,-1,33,32,2,-1,33,2,34,-1,35,36,25,-1,25,36,37,-1,25,37,26,-1,38,39,40,-1,40,39,41,-1,40,41,42,-1,42,41,43,-1,42,43,44,-1,44,43,45,-1,11,13,46,-1,46,13,47,-1,46,47,48,-1,48,47,49,-1,48,49,50,-1,9,51,17,-1,17,51,52,-1,17,52,53,-1,53,52,54,-1,53,54,11,-1,11,54,55,-1,11,55,12,-1,56,1,57,-1,57,1,58,-1,57,58,59,-1,60,61,62,-1,62,61,63,-1,62,63,64,-1,64,63,65,-1,64,65,66,-1,66,65,67,-1,66,67,68,-1,68,67,69,-1,68,69,70,-1,6,3,71,-1,71,3,5,-1,71,5,25,-1,25,5,72,-1,25,72,35,-1,43,73,45,-1,45,73,74,-1,45,74,75,-1,75,74,76,-1,75,76,77,-1,77,76,78,-1,77,78,79,-1,79,78,80,-1,79,80,81,-1,81,80,82,-1,81,82,83,-1,83,82,84,-1,83,84,60,-1,60,84,85,-1,60,85,61,-1,86,87,88,-1,88,87,89,-1,88,89,40,-1,40,89,90,-1,40,90,38,-1,91,92,93,-1,93,92,94,-1,93,94,95,-1,95,94,96,-1,95,96,97,-1,97,96,98,-1,97,98,99,-1,99,98,100,-1,99,100,14,-1,14,100,101,-1,14,101,15,-1,56,102,1,-1,1,102,103,-1,1,103,2,-1,2,103,104,-1,2,104,34,-1,50,49,105,-1,105,49,106,-1,105,106,107,-1,107,106,108,-1,107,108,109,-1,109,108,110,-1,109,110,111,-1,111,110,112,-1,111,112,86,-1,86,112,113,-1,86,113,87,-1,10,114,8,-1,8,114,115,-1,8,115,116,-1,116,115,117,-1,116,117,118,-1,118,117,119,-1,118,119,91,-1,91,119,120,-1,91,120,92,-1,58,121,59,-1,59,121,122,-1,59,122,123,-1,123,122,124,-1,123,124,125,-1,125,124,126,-1,125,126,127,-1,127,126,128,-1,127,128,129,-1,129,128,130,-1,129,130,131,-1,131,130,132,-1,131,132,133,-1,133,132,134,-1,133,134,24,-1,24,134,135,-1,24,135,23,-1,136,137,138,-1,69,139,70,-1,70,139,136,-1,70,136,140,-1,140,136,138,-1,141,142,136,-1,136,142,143,-1,136,143,137,-1,144,145,146,-1,145,147,146,-1,146,147,148,-1,146,148,149,-1,141,136,146,-1,146,136,150,-1,146,150,144,-1,79,151,152,-1,79,152,77,-1,77,152,153,-1,77,153,75,-1,153,154,75,-1,75,154,155,-1,75,155,45,-1,155,156,45,-1,45,156,157,-1,45,157,44,-1,44,157,158,-1,44,158,42,-1,42,158,159,-1,42,159,40,-1,40,159,160,-1,40,160,88,-1,88,160,161,-1,88,161,86,-1,86,161,162,-1,86,162,111,-1,162,163,111,-1,111,163,164,-1,111,164,109,-1,109,164,165,-1,109,165,107,-1,107,165,166,-1,107,166,105,-1,105,166,167,-1,105,167,50,-1,50,167,168,-1,50,168,48,-1,169,11,46,-1,48,168,170,-1,48,170,46,-1,46,170,171,-1,46,171,169,-1,11,169,172,-1,11,172,53,-1,53,172,173,-1,53,173,17,-1,17,173,174,-1,17,174,10,-1,10,174,175,-1,10,175,114,-1,114,175,176,-1,114,176,115,-1,115,176,177,-1,115,177,117,-1,178,94,92,-1,117,177,179,-1,117,179,119,-1,119,179,180,-1,119,180,120,-1,180,181,120,-1,120,181,182,-1,120,182,92,-1,92,182,183,-1,92,183,178,-1,94,178,184,-1,94,184,96,-1,96,184,185,-1,96,185,98,-1,98,185,186,-1,98,186,100,-1,100,186,187,-1,100,187,101,-1,101,187,188,-1,101,188,15,-1,15,188,189,-1,15,189,16,-1,16,189,190,-1,191,1,0,-1,16,190,0,-1,0,190,192,-1,0,192,191,-1,191,193,1,-1,1,193,194,-1,1,194,58,-1,58,194,195,-1,58,195,121,-1,121,195,196,-1,121,196,122,-1,122,196,197,-1,122,197,124,-1,124,197,198,-1,199,134,132,-1,124,198,126,-1,126,198,200,-1,126,200,128,-1,128,200,201,-1,128,201,130,-1,130,201,202,-1,130,202,132,-1,132,202,203,-1,132,203,199,-1,199,204,134,-1,134,204,205,-1,134,205,135,-1,135,205,206,-1,135,206,23,-1,20,23,207,-1,207,23,206,-1,3,20,208,-1,208,20,207,-1,4,3,209,-1,209,3,208,-1,5,4,210,-1,210,4,209,-1,5,210,211,-1,5,211,72,-1,72,211,212,-1,72,212,35,-1,35,212,213,-1,35,213,36,-1,36,213,214,-1,36,214,37,-1,37,214,215,-1,37,215,26,-1,26,215,216,-1,26,216,28,-1,28,216,217,-1,28,217,30,-1,30,217,218,-1,30,218,32,-1,32,218,219,-1,32,219,2,-1,2,219,220,-1,2,220,14,-1,14,220,221,-1,14,221,99,-1,99,221,222,-1,99,222,97,-1,97,222,223,-1,97,223,95,-1,95,223,224,-1,95,224,93,-1,91,93,225,-1,225,93,224,-1,225,226,91,-1,91,226,227,-1,91,227,118,-1,118,227,228,-1,118,228,116,-1,228,229,116,-1,116,229,230,-1,116,230,8,-1,8,230,231,-1,8,231,9,-1,9,231,232,-1,9,232,51,-1,51,232,233,-1,51,233,52,-1,52,233,234,-1,52,234,54,-1,54,234,235,-1,54,235,55,-1,55,235,236,-1,55,236,12,-1,12,236,237,-1,12,237,13,-1,13,237,238,-1,13,238,47,-1,47,238,239,-1,47,239,49,-1,49,239,240,-1,49,240,106,-1,106,240,241,-1,106,241,108,-1,242,38,243,-1,243,38,90,-1,243,90,244,-1,244,90,89,-1,244,89,245,-1,245,89,87,-1,245,87,246,-1,246,87,113,-1,246,113,247,-1,247,113,112,-1,247,112,248,-1,248,112,110,-1,248,110,249,-1,249,110,108,-1,249,108,241,-1,39,38,250,-1,250,38,242,-1,39,250,251,-1,39,251,41,-1,41,251,252,-1,41,252,43,-1,43,252,253,-1,43,253,73,-1,73,253,254,-1,73,254,74,-1,74,254,255,-1,74,255,76,-1,255,256,76,-1,76,256,257,-1,76,257,78,-1,78,257,258,-1,78,258,80,-1,80,258,259,-1,80,259,82,-1,82,259,260,-1,82,260,84,-1,84,260,261,-1,84,261,85,-1,85,261,262,-1,85,262,61,-1,61,262,263,-1,61,263,63,-1,63,263,264,-1,63,264,65,-1,65,264,265,-1,65,265,67,-1,69,67,266,-1,266,67,265,-1,69,266,267,-1,69,267,139,-1,139,267,268,-1,139,268,136,-1,136,268,269,-1,136,269,150,-1,150,269,270,-1,150,270,144,-1,144,270,271,-1,144,271,145,-1,145,271,272,-1,145,272,147,-1,147,272,273,-1,147,273,148,-1,148,273,274,-1,148,274,149,-1,149,274,275,-1,149,275,146,-1,146,275,276,-1,146,276,141,-1,141,276,277,-1,141,277,142,-1,142,277,278,-1,142,278,143,-1,143,278,279,-1,143,279,137,-1,137,279,280,-1,137,280,138,-1,138,280,281,-1,138,281,140,-1,140,281,282,-1,140,282,70,-1,70,282,283,-1,70,283,68,-1,66,68,284,-1,284,68,283,-1,66,284,285,-1,66,285,64,-1,64,285,286,-1,64,286,62,-1,62,286,287,-1,62,287,60,-1,60,287,288,-1,60,288,83,-1,83,288,289,-1,83,289,81,-1,81,289,151,-1,81,151,79,-1,71,290,291,-1,71,291,6,-1,6,291,292,-1,6,292,7,-1,7,292,293,-1,7,293,18,-1,18,293,294,-1,18,294,19,-1,19,294,295,-1,19,295,21,-1,21,295,296,-1,21,296,22,-1,22,296,297,-1,22,297,24,-1,24,297,298,-1,24,298,133,-1,133,298,299,-1,133,299,131,-1,131,299,300,-1,131,300,129,-1,129,300,301,-1,129,301,127,-1,127,301,302,-1,127,302,125,-1,125,302,303,-1,125,303,123,-1,123,303,304,-1,123,304,59,-1,59,304,305,-1,59,305,57,-1,57,305,306,-1,57,306,56,-1,56,306,307,-1,56,307,102,-1,102,307,308,-1,102,308,103,-1,103,308,309,-1,103,309,104,-1,104,309,310,-1,104,310,34,-1,34,310,311,-1,34,311,33,-1,33,311,312,-1,33,312,31,-1,31,312,313,-1,31,313,29,-1,29,313,314,-1,29,314,27,-1,27,314,315,-1,27,315,25,-1,25,315,290,-1,25,290,71,-1,
        ]
    }
}
Shape{
    appearance Appearance {
        material  Material 	{
            diffuseColor 0.25098039215686274 0.25098039215686274 0.25098039215686274
            specularColor 0.12549019607843137 0.12549019607843137 0.12549019607843137
            ambientIntensity 0.251
            transparency 0.0
            shininess 0.5
        }
    }
    geometry IndexedFaceSet {
        ccw TRUE
        solid FALSE
        coord DEF co Coordinate {
            point [
                1.2492 1.3484 0.2886, 1.2638 1.3484 0.3274, 1.2666 1.3484 0.3244, 1.2489 1.3484 0.333, 1.245 1.3484 0.3326, 1.2438 1.3484 0.2892, 1.2543 1.3484 0.3324, 1.2593 1.3484 0.3305, 1.2344 1.3484 0.2941, 1.2312 1.3484 0.324, 1.235 1.3484 0.328, 1.27 1.3484 0.3034, 1.2676 1.3484 0.2987, 1.2641 1.3484 0.2945, 1.2388 1.3484 0.2911, 1.2396 1.3484 0.3309, 1.2694 1.3484 0.3196, 1.271 1.3484 0.3142, 1.2711 1.3484 0.3087, 1.2596 1.3484 0.2913, 1.2543 1.3484 0.2893, 1.2282 1.3484 0.3032, 1.2269 1.3484 0.3087, 1.2308 1.3484 0.2982, 1.2271 1.3484 0.3142, 1.2286 1.3484 0.3194
            ]
        }
        coordIndex [
            0,1,2,-1,3,0,4,-1,4,0,5,-1,3,6,0,-1,0,6,7,-1,0,7,1,-1,8,9,10,-1,11,12,2,-1,2,12,13,-1,5,14,4,-1,4,14,8,-1,4,8,15,-1,15,8,10,-1,16,17,2,-1,2,17,18,-1,2,18,11,-1,13,19,2,-1,2,19,20,-1,2,20,0,-1,21,22,23,-1,23,22,24,-1,23,24,8,-1,8,24,25,-1,8,25,9,-1,
        ]
    }
}