:020000022000DC
:1070000080A0002019C60200F7D8040005C60200BF
:1070100005C6020005C6020005C602000000000009
:1070200000000000000000000000000029C702006E
:1070300005C602000000000099C6020005C6020055
:1070400095C9020061E9030095C9020095C90200D3
:1070500095C9020095C9020095C9020095C90200B0
:1070600095C9020095C9020095C9020095C90200A0
:1070700095C9020095C9020095C9020095C9020090
:1070800095C9020095C9020095C9020095C9020080
:1070900095C9020095C9020095C9020095C9020070
:1070A00095C9020095C9020095C9020095C9020060
:1070B00095C9020095C9020095C9020095C9020050
:1070C00095C9020095C9020095C9020095C9020040
:1070D00095C9020095C9020095C9020095C9020030
:1070E00095C9020095C9020095C9020095C9020020
:1070F00095C9020095C9020095C9020095C9020010
:1071000053B94AB9002908BF00281CBF4FF0FF310E
:107110004FF0FF3000F00CB8ADF1080C6DE904CE73
:1071200024F04CF9DDF804E0DDE9022304B07047F7
:10713000704700BF10F8012B11F8013B012A28BF4E
:107140009A42F7D0D01A7047034611F8012B03F882
:10715000012B002AF9D17047034613F8012B002AAE
:10716000FBD1181A01387047F7B5002101AA40F683
:10717000034006F0F7FB0446002869D10198C36874
:107180001B788BB9B84BBFF35B8F1A68BFF35B8F6B
:1071900002F00902BFF35B8F53E8001F43E80024AD
:1071A000002CF9D1BFF35B8F05F078FE01AA002116
:1071B00041F2030006F0D6FB0446002848D1019AAC
:1071C000AA4DD168D1F80100D1F8051005F1780376
:1071D00003C3104605F062FE214601AA41F20100F8
:1071E00006F0C0FB044698BB0198C3685A7885F83E
:1071F00070205A88A5F872201A7985F87120B3F8A2
:107200000720A5F87420B3F80530A5F8763005F00E
:1072100045FE214601AA41F2020006F0A3FB044606
:10722000B0B9019FFA6805F18006531C4132186815
:107230005968344603C4083393422646F7D138468A
:1072400005F02CFE95F87C30580604D46FF012043B
:10725000204603B0F0BD01AA002142F2030006F06F
:1072600081FB04460028F3D1019B814EDA68D2F8F5
:107270000100D2F8051003C6184605F00FFE21469E
:1072800001AA42F2020006F06DFB04460028DFD19D
:10729000019CE368B3F8012091B249B1D97839B1C2
:1072A000A5F80421DA78114606F128002CF084F9BB
:1072B000204605F0F3FD95F87C401F2314F02004D0
:1072C000A5F8203118D1022140F66D4006F0D0F922
:1072D0000646002800F0C48002210C3026F0E1FBB5
:1072E0000123447003702246314640F66D4006F09B
:1072F00039FB04460028ABD195F89C30190712D50C
:1073000001AA002142F21C0006F02CFB04460028D2
:107310009ED10198C368D3F80120D3F80530C5E9A0
:10732000382305F0BBFD95F8D8309A0624D50DF129
:107330000201684626F0E8FF0446002888D10421AF
:1073400042F2240006F094F90646002800F08880F6
:1073500004210C3026F0A5FBBDF800300380BDF8F9
:10736000023043802246314642F2240006F0FAFA07
:10737000044600287FF46CAF95F8D8305B0610D532
:1073800001AA002142F22A0006F0ECFA0446002885
:107390007FF45EAF0198C3685B7885F8223105F011
:1073A0007DFD082142F2010006F062F90446002842
:1073B00056D008210C3026F074FB95F8D81011F047
:1073C000400F40F2022308BF03238F074CBF43F056
:1073D0002C0343F00C038E0695F8D96006F00906DD
:1073E000024648BF43F040030EB143F4006301F08E
:1073F000010143EA0110002126F0BCFD21460022D4
:1074000042F2010006F0AEFA044600287FF420AFF5
:1074100095F87C30B5F8041198062DD4C9B901AAA5
:1074200041F2050006F09EFA044600287FF410AFF2
:10743000B5F80431019C4BB9E368B3F80120A5F815
:1074400004219A880B4811462CF0B6F8204605F026
:1074500025FD082140F6014006F00AF9044680B9EE
:107460006FF06804F4E600BF4C0D0020780C00209B
:10747000500D0020800D00200029EAD16FF0040497
:10748000E6E608210C3026F00CFB95F8D830D90739
:10749000024653BF4FF000512BA1D1E9000128480B
:1074A00026F068FD2146002240F6014006F05AFA17
:1074B000044600287FF4CCAE014601AA4FF60140F5
:1074C00006F050FA044620BB019805F0E7FC21467F
:1074D00001AA4FF6024006F045FA0446C8B90198E1
:1074E000C368B3F80130A5F8C13005F0D7FC95F8B2
:1074F000C1305B070DD501AA21464FF6034006F0C7
:1075000031FA30B90198C3685B7885F8C03005F06E
:10751000C5FC27F0D0F8044600287FF499AE08F0A7
:1075200043FA044600287FF493AEEB79002B3FF436
:107530008FAE0821034826F058FC06F063F987E671
:10754000108800024C0D002090880002008000206E
:107550002DE9F8438846D0E9071685698C192F3440
:10756000A54291461AD81E4E1BA3D3E90023A1FBC6
:107570000601FFF7C5FD0346601BA0FB060123F0D3
:107580007F4415A3D3E90023FFF7BAFD20F07F4025
:10759000C8F80040C9F80000BDE8F883104F0EA3FA
:1075A000D3E90023A5FB0701FFF7AAFD20F07F44E4
:1075B0000C480A2108A3D3E90023E6FB0701FFF7E3
:1075C0009FFD20F07F40C8F80040C9F80000BDE8EA
:1075D000F88300BFAFF300808D49FD1A070000005B
:1075E00000CA9A3B00166BF1F0B5036989B00546F5
:1075F0000F461E4622482BF08BFF4FF0FF32002132
:1076000020482BF0D9FF1F480DF0E8FA044670BB64
:10761000376000F049F89FED187B6FF00903CDE962
:1076200003348DED067BCDE90144174B17490095D6
:107630004FF40072164821F0C9FF164914482CF087
:10764000DBF89FED0D7B6FF00702CDE903248DED94
:10765000067BCDE90144104B104900954FF4607250
:107660000F4821F0B3FF0F490D482CF0C5F8204614
:1076700009B0F0BDAFF30080000000000000000082
:10768000803E0020983E0020955A0300808600200E
:1076900008250020185A0500755903008082002033
:1076A00040240020245A05009FED097B0E4B0F4A11
:1076B0000F4983ED007B9FED087B82ED007B9FED02
:1076C000087B0C4B002281ED007B1A600EF08ABA19
:1076D000FFFFFFFFFF1F0000000000000000000090
:1076E0001F00000000000000080E0020D025002030
:1076F000000E0020B03E0020002800F067812DE938
:10770000F047B94C94F86A2012F001058EB040F0B1
:10771000498194F82500FF2300F0030084F8263007
:1077200016F0BEFC94F86A00420700F13F8194F81D
:10773000292094F8353004EB820204EB8303D56AE8
:107740009B6B984685B1A848294610F0ADF82B7878
:107750005B0605D506210BF06BFA002800F07C8152
:10776000A148414610F0A0F82B7813F00E0F40F01E
:107770009980236A1BB10C200EB0BDE8F0870DF094
:107780005DFD0646002800F070810DF063FD814626
:10779000002800F0678110F09BFB0346002800F0F2
:1077A0006B81D0F894004FF6FF721A8603F11C0A21
:1077B000002800F05C8103F1880203F184010B933F
:1077C0000BF042FA0B9BB3F8821021F4EF6121F029
:1077D000070141F48C7141F00101A3F8821093F884
:1077E000431001F03F0161F07F0183F8431093F8EB
:1077F0009A1021F0070183F89A1093F8481021F0AD
:107800000F01002283F848104FF000074FF4C02109
:10781000C3E91522C3F89420A3F89820DA86C3F8A8
:107820003A20DA65A3F89E21A3F89421C3F89811B1
:10783000184683F8457012F0F1FC0B9B83F86071D9
:10784000C3F8646110F01EFE0B9B93F8A41160F363
:10785000020183F8A41110F01BFE0B9B93F8A4C146
:1078600060F3C50C93F8900183F8A4C120F00200E6
:1078700083F890010121184611F004FA0B9B03F1E3
:10788000E00012F097FA0B9BC4F820A00022C4E994
:107890001869C3E905221F70DB6117F0ADFE0028EF
:1078A00040F0DC8094F824300121C3F342030DF151
:1078B00033008DF833300BF06FFB002800F0888028
:1078C00098F80110024628460FF09EFD3123A36070
:1078D0004FF0000323700023C4E90533434A63607B
:1078E000E360434BB4F868600721E0FB02311846BF
:1078F0003BA3D3E90023FFF703FC20610CF000FE5B
:1079000000F10907002E40F0A5802A7802F00F024E
:10791000A2F10102B2FA82F2520994F8240023691A
:1079200062F3000010F0010584F824006AD0314AA7
:10793000099200201060304A0493022501930592B9
:107940003B460DAAB8462D4F089216460321CDE9B5
:1079500002000694009007972A460D950CF0CEFC85
:1079600031460DF027FD98BB254905914AF2D833E1
:107970000093CDE90300CDE901000797089606942E
:107980004346012203210D950CF09AFC31460DF07F
:1079900011FDE8B994F86A300120034384F86A3095
:1079A00016F060FB00200EB0BDE8F0872A4604F117
:1079B0006B01C0F3C00016F0E3FCFF2884F826003A
:1079C0003FF4B5AE284616F085FBB0E60FF064BC78
:1079D000236A002B3FF4CFAE0FF01AFCCBE600BFBA
:1079E0008D49FD1A07000000D83E002000CA9A3BCE
:1079F0008C49FD1ACC3E00207974030065460300D3
:107A0000AD6F0300224A2348049303F24713069400
:107A1000029591211360A6FB000301FB06311E4B6A
:107A200007931E4B059302230D930DAB08931E463F
:107A30004FF6FF730992039313A3D3E90023FFF7D3
:107A40005FFB3B46CDE900500222284603210CF0A3
:107A500055FC9BE7002260E712208DE60FF0D8FB73
:107A6000032089E630460DF0EFFB072084E603F1A2
:107A70008C00C3F894009EE648460DF0F1FB3046BA
:107A80000DF0E2FBF1E700BF8D49FD1A0700000091
:107A9000CC3E0020002AE784654603007974030089
:107AA00070B590F824308AB0C3F342030D46044603
:107AB00001210DF1230016468DF823300BF06CFAEE
:107AC0007178024628460FF09FFC1F4A1F4B072182
:107AD000E0FB023118461AA3D3E90023FFF710FB9D
:107AE00023699842054621D21B1A00220192184AA6
:107AF0000293184BA21A0221A3FB023201EB92124D
:107B0000002309AE099114490591CDE903330321FE
:107B10000696D2B2009318460CF050FC31460DF098
:107B200049FC38B9256100200AB070BDFBD9C21AE2
:107B30000023DBE70C200AB070BD00BFAFF300806C
:107B40008D49FD1A0700000000CA9A3B8C49FD1AB6
:107B5000D83E002009CB3D8D6546030000000000A3
:107B60002DE9F04F81468BB08A46012002219846CC
:107B7000144619F00BFD00220221834601200BF070
:107B8000B3F83D494FF4D87248460BF03BF8C51C9A
:107B90003A4B0093EDB2CDF8049043462A460121BA
:107BA00000200CF069FC10F0FD0F0ED0344A35496E
:107BB000354840F68F0324F01BFC002383F3118823
:107BC000BFF36F8F0323184602DF304FA4FB074734
:107BD00027A3D3E9002320463946FFF791FACDF8D1
:107BE0002090CDF81890D9F810300493284B20F04D
:107BF0007F46A6FB0331E01A264B07934FF007029E
:107C0000254B059302FB06114FF6FE7367EB01014E
:107C100003934FF47A720023FFF772FACDF800A0B5
:107C2000CDE9016043462A46012100200CF048FBC3
:107C300010F0FD0F0ED0124A1249134840F6A4036B
:107C400024F0D6FB002383F31188BFF36F8F032347
:107C5000184602DFBBF1000F02D10BB0BDE8F08F78
:107C60000122022110460BB0BDE8F04F0BF03CB8EA
:107C70008D49FD1A07000000E8250020FD7D030066
:107C8000BC5C0500805D05009857050000CA9A3B62
:107C90008D49FD1A9D7D03002DD5030000000000D5
:107CA000F0B58468228E4FF6FF739A428FB000F0D1
:107CB00082800546204612F069FD2B7D012B00F0E5
:107CC000FA80022B79D033B994F89A3003F0180374
:107CD000182B00F0348194F86061002E70D1638F0E
:107CE00094F943201F462B8ACDE90C66002B6ED0F9
:107CF000B242C0F23E810023A4F89A31AA7C238FBD
:107D000002F003023B440133012A9DB200F02D81B1
:107D1000B4F89E21002A00F0D480AA4240F250819B
:107D2000521B92B20021062AA4F89E21618740F2DC
:107D3000E28094F943208A42C0F24C81002294F8F8
:107D4000481062F3820184F848100DF12F02294691
:107D5000204612F09FFA743028D0B4F898212AB146
:107D6000AA4240F2D580521BA4F89821B4F894217D
:107D70002AB1AA4240F2DC80521BA4F89421658FFC
:107D800016B9AF4200F0C2800135ADB294F8DD30D3
:107D900013F0010038D1DDE90CC3002B63D1BCF135
:107DA000000F00F00581184619465DE09DF82F1080
:107DB000204610F04BFC0FB0F0BD3D2684F860610A
:107DC000314620460FB0BDE8F04010F03FBC9A426B
:107DD000B8BF84F88561AA7C238F02F003023B447C
:107DE0000133012A9DB200F0C080B4F89A21002A24
:107DF0008ED0AA4240F2E980521BA4F89A21B4F82E
:107E00009E21002A89D19AE794F9432023F00103A7
:107E1000002A84F8DD3071DB94F88200C0F3C001E1
:107E200000F0070017F000FAB4F87A20B4F87830C0
:107E30001344628D03F23F1313441844884A894B5C
:107E40000721E0FB0231184683A3D3E90023FFF7A3
:107E500057F9216920F07F429142DDE90CC380F09F
:107E6000A080501A22610021228EE4690694CDE997
:107E7000035603327C4D0291CDE900C0D2B20121FC
:107E8000002005950CF09AFA10F0FD0F93D00DF03C
:107E9000BFFAA0428FD0754A754976484FF4AE6359
:107EA00024F0A6FA002383F31188BFF36F8F032316
:107EB000184602DF7FE70023A4F89831A4F8943134
:107EC00009E7628E052A8BBF40F2E2414FF4FA7156
:107ED000514302FB0111B4F89C2142F2107000FBE7
:107EE0000212013AB2FBF1F292B2A4F89E21002AEA
:107EF0007FF413AF23E70126324620E794F883008E
:107F0000012100F0070017F091F98DE735463DE7B4
:107F10000DF0E6F90146002868D00022A4F8982167
:107F2000228EC2801B22027100680DF0ABF91DE7A2
:107F30000023A4F89431204612F054FA1FE7A18ED2
:107F4000B4F896218B1D9A42C4BF931F5B1AB4F8F4
:107F50009211CCBF9BB2134699424ED0A4F89231F5
:107F6000A4F89431A4F89821B5E60022A4F89E2143
:107F7000E5E694F88531002B45D0013B84F8853146
:107F800004F1E0031846099311F056FF099B0028FD
:107F900056D0184611F050FF002843D000236387C5
:107FA000A9E6891A2261002B3AD151EA0C021BD1B1
:107FB00015B9002E3FF4FFAE00200146034653E7FB
:107FC0000821204610F042FBF5E63E21204610F045
:107FD0003DFBF0E677B9D4F88821510812F0010290
:107FE00033D1C4F88811A9E618463DE70122A4F868
:107FF0009821BBE60A460126A1E6B4F898110029AB
:108000007FF469AEACE70CAA0DA92846FFF7A0FAE9
:10801000DDE90C231343B3D0237884F88531AFE72F
:10802000002021E70246D4E921010AF021FE0028C0
:10803000B4D194F848301B0744BFA38E63875AE637
:10804000FF2010F0C5FA099BA3E741F00041164656
:10805000C4F888113A4672E68D49FD1A07000000FF
:1080600000CA9A3B8C49FD1A597D0300BC5C05008F
:10807000FC5D0500985705002DE9F04F87B0CDE96C
:1080800003120593BDF8442003780192BDF84820FF
:10809000BDF84090BDF84C70B0F83C8002920446A8
:1080A000002B00F0D08008F1FF38A368D4F81CA1A1
:1080B000A8EB070292B2002B00920ADAE16862682C
:1080C00023F0004391422CBF8A449244A360AAEB60
:1080D000030A94F88200C0F3C00100F0070017F013
:1080E000A3F8658E052D40F2A680009B15FB03F5D5
:1080F000ADB240F2E24BB9F1050F40F29080B4F816
:108100007A20B4F87830134403F2D5131844784A2F
:10811000784B0721E0FB023118464FF09613A3621B
:108120009623A38570A3D3E90023FEF7E9FF4E460B
:1081300020F07F4040F2E2430BFB05F103FB06F623
:10814000B1FBF6F51FFA85FB20610BFB06F08142BF
:1081500057D2401A664964A3D3E90023A0FB01016A
:10816000FEF7CEFF20F07F408244E38EB4F8242156
:1081700013441F4494F84330A7EB08073D44DB0940
:10818000E58666D15C4A5D495D4840F6671324F098
:108190002FF9002787F31188BFF36F8F0323184649
:1081A00002DF3546019BA386029BA4F89C31314631
:1081B0002046A4F8329012F0A9F8A28E514B901DDF
:1081C000F318B3FBF6F39A1A99B2063AA4F896316B
:1081D000884238BF1346A4F89231039B13B10023A1
:1081E000A4F89E3153462A4639462046FFF7B8FC8C
:1081F00094F8903143F0010384F8903107B0BDE862
:10820000F08F091A3A4838A3D3E90023A1FB0001F3
:10821000FEF776FF20F07F40AAEB000AA5E74FF0BB
:10822000961309F10106A3629623A385B6B20A202C
:108230004FF4FA7380E7009B013515FB03F5ADB2EF
:108240004FF4FA7B57E7C38E9844B0F82431984432
:108250002BE7E26C0099636D254F02FB11336365D8
:1082600017F018FA054694F88401C0F3420017F09D
:1082700013FA054406FB05F5234B05F5742505F2B5
:108280003F25A3FB0535AD0C636DE5640BFB05F0E5
:1082900072080344963A934228BF1346C4E9142354
:1082A000049B40F2E24808FB03F3E3650023C4F8B3
:1082B0008C31A0FB07010CA3D3E90023FEF720FFBC
:1082C000124B059AAAEB000AA3FB0230800A08FBB6
:1082D00000F0A0FB070104A3D3E90023FEF710FF81
:1082E000751B20F07F475DE78D49FD1A07000000F0
:1082F00000CA9A3B8C49FD1ABC5C05007058050009
:10830000985705007FC3C90183DE1B435917B7D1B6
:108310002DE9F04F0B6891F81180D3F80090037F9E
:10832000166895B00446C3F38013D0F81E008DF88C
:108330003F30B8F1FF0F638C12900F461546ADF831
:108340004C304DD1DDE912011090ADF84410A24639
:10835000E28D94F830305AF81C1B2A81AB72D4F8A5
:108360002A306B60D4F83A30C5F8223005F122008B
:1083700094F83E300B91037105210AF00DFE95F83B
:10838000273000F03F0060F3050385F8273094F8AC
:108390003F30C3F3040385F82830A28EEA82012817
:1083A00092B205D91B3303F01F030B2B00D81ABB65
:1083B0000022C9F8142095F82C300B9862F30003C2
:1083C00085F82C30012621462671E4680CF04EFF1A
:1083D0002068267121460CF055FF15B0BDE8F08FDE
:1083E00010AA0DF13F01404615F0D2FB9DF83F3039
:1083F00002338DF83F30AAE73B6800215960E38ED5
:10840000EA8A2B8340F2E24303FB02F20C92638E72
:108410000D93304611F090FF94F83F2096F88411A8
:10842000520962F3430186F8841117F033F9834649
:1084300096F88401C0F3420017F02EF90C9BC04956
:108440000BEB000203FB02F202F5742202F23F2260
:10845000A1FB0212920C2A635A08963A6A6394F8B6
:108460003120194640F2E24302FB03F36B64238F91
:10847000A6F89C3130468B4611F048FFB14BB24A0A
:10848000C6F8A0215B44B3FBFBF3A6F896312A8B18
:1084900098B2991A06329042A1F10602C8BF13465B
:1084A000A6F892316B68C6F88831237F1AF0010F65
:1084B000C3F3401B40F002814FF48073A38399F80B
:1084C000260016F0B1F8002800F0F380636AC4F8C3
:1084D0002B30238DA4F82F30B8F1FF0F00F011815D
:1084E000BDF84C301298A4F82930C4F825009DF846
:1084F0003F30A3771098BDF84430C4F81F00A4F8AB
:108500002330EB8A63862B8BA386B6F89C31E386F7
:1085100096F88431C3F3420384F8383030460FF0C4
:10852000E3FCA882E08021460B987C680CF09EFE5C
:10853000AA8AD4F80080E2801C232371BBF1000FCB
:1085400040F0D3805B462377214640460CF09AFEEC
:1085500095F86700B5F85C80B5F85E40012100F041
:10856000070016F063FE04EB080303F2D513DFF8EF
:10857000E4810B90034475480721E3FB08014FF0A9
:108580009613C5E9033300243123B36074606AA3F2
:10859000D3E90023F460FEF7B3FD20F07F403061A3
:1085A0000C9B2D6B0D995D1BFB6840F2E24202FBB8
:1085B000013A0B9A0AF2B34A0221AAEB020A0120FD
:1085C00022460AF091FB48460FF02CF95AA3D3E952
:1085D00000238346AAFB0801FEF792FDCDF8049024
:1085E000BB685B49009120F07F480BF102023A3BE7
:1085F000D2B24344012120460BF03EFF012800F097
:10860000868099F82430DB0767D430460FF06CFC85
:10861000504CA5FB044948A3D3E9002382464946B0
:108620002046FEF76DFDBB684B4A07920AF103072F
:10863000A3F13A0A494B069620F07F45A5FB03318A
:10864000E01A474B05934FF4F5730893336904938D
:108650004FF0070303FB051169EB010100244FF400
:108660007A7200230394FEF74BFDFFB2CDE901506F
:10867000CDF8008053463A46012120460BF020FEFB
:1086800010F0FD0F0DD0374A3749384840F2EB1350
:1086900023F0AEFE84F31188BFF36F8F03231846D7
:1086A00002DF0122022110460AF01EFB15B0BDE8D0
:1086B000F08FC4F82B00A4F82F000DE7294A2C49AD
:1086C0002A48FD2323F094FE002383F31188BFF38F
:1086D0006F8F0323184602DFEEE60023012200938A
:1086E000184611460BF086FE8FE795F8273043F0C9
:1086F000400385F82730281D15F036F8012328851A
:1087000021E70023C4F82530A4F82930EFE60CF067
:108710007FFE81453FF475AF124A1649134840F277
:10872000922323F065FE84F31188BFF36F8F032338
:10873000184602DF65E700BF8D49FD1A07000000FB
:1087400083DE1B437FC3C901404B4C008C49FD1A9B
:10875000E9D4030000CA9A3BB5D403008D49FD1A41
:108760002DD5030028620500805D0500985705009F
:10877000905A05008462050010B5334C334900233C
:1087800004F1FF3C14F83320072A02EB820E05D8CF
:1087900011F83E2022F0200201F83E201CF8332080
:1087A00022F001020CF833200133082BEAD1284AC9
:1087B000284C002313700A7863F300020A7091F8C2
:1087C000282063F3000281F8282091F8502063F3F9
:1087D000000281F8502091F8782063F3000281F8BC
:1087E000782091F8A02063F3000281F8A02091F88E
:1087F000C82063F3000281F8C82091F8F02063F3E9
:10880000000281F8F02091F8182163F3000281F84A
:108810001821114A9FED0A7B1370104B83ED007BEA
:108820000F4B236028B1BDE810400E490E482AF0D6
:1088300088BFBDE810400C482AF08EBFAFF300801F
:10884000FFFFFFFFFFFFFFFF69440020E02700203C
:10885000055E002078430020045E0020D827002019
:10886000A0BB0D00B9E20300A82700200000000013
:108870002DE9F0478EB00DF13701354F354E824668
:108880000DF136000CF06EFD9DF836309DF8372066
:108890000A930B920BF034FE3D68A5FB06452AA314
:1088A000D3E90023814629462046FEF729FCCDF86E
:1088B00018A020F07F487868274B0593A0FB06019D
:1088C00021A3D3E900230026CDE90766FEF718FCB3
:1088D000224B20F07F40A8FB03310722CDE9036043
:1088E00002FB0811E01A65EB01014FF47A720023D4
:1088F000FEF706FC0096CDE901804B46DDE90A0251
:1089000003210BF0DDFC10F0FD0404D06FF08B00B0
:108910000EB0BDE8F0871248124A002320F06CFB2D
:1089200018B9F8680EB0BDE8F0879DF837209DF8BB
:1089300036000094234603210BF05CFD6FF07300BA
:10894000E6E700BFAFF300808D49FD1A0700000085
:10895000F444002000CA9A3BE5E803008D49FD1A63
:10896000DC440020447B0B0038B50F4D04460BF06F
:10897000C7FDA9680BF0C6FD696803460B48B3FB49
:10898000F4F4A1FB00011C4405A3D3E90023FEF786
:10899000B7FB20F07F40844294BF0020012038BD07
:1089A0008D49FD1A07000000F444002000CA9A3BDC
:1089B000F0B5C468636883B00646002B63D118F035
:1089C00059F9002018F07EF90021084618F06CF9DA
:1089D00000222521082018F0A9F9474B019301A88E
:1089E00018F090F9454940F25B6018F03DFA237A9F
:1089F000C3F3420262F306132372204617F078F89D
:108A000015F0F0FE637A03F0030348BBFBB9276857
:108A10003568384616F0A2FB054405F10901726875
:108A2000012018F06FFB18F031FC20460EF006FF15
:108A3000811C2A46C9B2384616F09EFB054668BB23
:108A4000204616F031FB78B9002003B0F0BD0120BC
:108A500015F0FEFA4178821C007818F0F3FAD6E798
:108A6000181E18BF0120F3E7254A2649264840F280
:108A7000294323F0BDFC85F31188BFF36F8F0323D7
:108A8000184602DFE0E793F82C309B0797D01F4889
:108A9000214618F0ABF818F095F9D5E7184A1C49AB
:108AA000194840F2114323F0A3FC1A4B0721A5FB00
:108AB000030301FB05310EA3D3E90023FEF720FBDE
:108AC00015490246154823F093FC002585F31188CB
:108AD000BFF36F8F0323184602DF1148214618F0B9
:108AE00085F818F06FF96FF08B00AEE7AFF30080F8
:108AF00000CA9A3B00000000D6BE898E555555002D
:108B000070660500705905009857050011F30300C1
:108B1000705805008D49FD1A2C6A0500F4660500A1
:108B2000A5F6030000000000F0B5C468A28A4FF665
:108B3000FF739A4283B000F0D780074617F02AFBF4
:108B40003B89628B208C94F82710A3831A4492B23D
:108B5000104480B2431C23840023638301F03F034D
:108B60004906E28300F19B8094F82810009304F1F9
:108B7000290004F1220314F0B1FD0546D4E90C31BB
:108B8000A28B02FB0333A26B1344E26B8B4294BFB4
:108B9000D21852188A4228BF0A46636CE263226CDC
:108BA00094F86710134494F82C20636461F3061260
:108BB00084F82C2094F87E20002312F00402A36392
:108BC000236475D018F056F8002018F07BF8201DAB
:108BD00018F098F82389A17A40F25B6043EA0141DA
:108BE00018F042F9284616F0DBFA2146584817F0EB
:108BF000FDFFA08918F07AFA94F8662094F86700CF
:108C0000C2F3C003002102F0070200F0070018F0D1
:108C100093F9204617F068FB26683D68304616F049
:108C20009DFA05447A6805F10901002018F06AFAF6
:108C3000074618F0FFFA002018F016FBE36B94F8D3
:108C4000670003F12F02636C00F0070003EB42039F
:108C500001211F4418F0A8F83B1894F8670000F0B1
:108C60000700022822D004280CBF4FF4BC7228222F
:108C700001219F1818F09AF8384418F0CDFAA18A0B
:108C800003312A46C9B2304616F076FA054690BB43
:108C9000204616F009FAC0B9002003B0F0BD218DBE
:108CA00004F1220214F064FD054667E71822DFE7AD
:108CB000D4E91A0109F0DCFF002883D194F87E3052
:108CC00043F0040384F87E307CE7224A224923489B
:108CD0004FF4B07323F08CFB85F31188BFF36F8FD3
:108CE0000323184602DFD7E71D48214617F07EFF11
:108CF00018F068F8D0E7174A1A4918484FF4AB73D0
:108D000023F076FB184B0721A5FB030301FB05317C
:108D10000DA3D3E90023FEF7F3F9144902461448E2
:108D200023F066FB002585F31188BFF36F8F0323C3
:108D3000184602DF0F48214617F058FF18F042F896
:108D40006FF08B00A9E700BF00CA9A3B000000004B
:108D500071050400A06705007059050098570500CB
:108D600011F30300705805008D49FD1A386A05009B
:108D7000F4660500E9F20300F0B403460A461979E7
:108D8000DB88006813430B4A876806699A4304D15D
:108D900013F4402F18BF83F44023346801258D401D
:108DA00023F48012DB074CBF2C43AC4334603B6898
:108DB000F0BC1847010010007FB5046946682060C8
:108DC000002384F82030636284F82830A4F8C0308F
:108DD000C4F8C430A4F8C83005466423012204F165
:108DE0005C0104F12C002AF0B1FA36687EB93C49E6
:108DF0003C4800960A234FF4806220F0CDFA3A49AD
:108E00003A48009602234FF4806220F0C5FA04F13C
:108E1000100037492AF049FC364904F580702AF0E1
:108E200090FC0122002104F1E4002AF0C5FB01229C
:108E3000002104F1CC002AF0BFFB6C682E69606849
:108E40002AF08BF920B96FF01204204604B070BDEF
:108E5000606883689B6A002BF5D002A998470028B8
:108E6000F1D1254B0393606883685B6A002B30D097
:108E700002A9984700282CD16068836823B11B6E33
:108E800013B132681D499847606822F03AFC606867
:108E900083681B6D03B1984768682969037BD1F823
:108EA0004041012202FA03F3C1E90243806883686A
:108EB000DB698BB10431984704460021284622F033
:108EC00077FC002CC1D1284604B0BDE8704022F0E8
:108ED000A3BC6FF01504B8E76FF05704EDE700BFCF
:108EE00000630020701B0020805E0020881A002094
:108EF0000DB70400799002000201030013B90400C9
:108F000070B54368046906460D46586883681B6A55
:108F100003B1984794F8C8308BB1002384F8C95046
:108F200084F8C83004F1CC0020F02CF8AB1DDBB283
:108F3000042B04D8152222FA03F3DB0713D4636A47
:108F40005BB194F8283043B184F8205004F110014B
:108F50000548BDE870402AF0C3BB29463046BDE84D
:108F6000704022F0A9BC70BD881A0020F8B50546F3
:108F700006690F460022002306F1E40020F03CF8C9
:108F8000044610B110F1100F36D1284622F02AFC09
:108F9000044688BBC6F8C400014686F8C17028465E
:108FA00022F0E2FB0121284622F0E4FB4FF4FA70A4
:108FB0002AF0CEF82146284622F0DCFB4FF4FA7066
:108FC0002AF0C6F8D6F8C4300133C6F8C4300121FF
:108FD000284622F0C9FB284622F0D2FB0121284670
:108FE00022F0E6FB6322002306F58071034820F09F
:108FF00011FA03481FF046FF2046F8BD701B002001
:1090000060170020F8B506460F460B484FF0FF32B8
:109010004FF0FF331FF0C0FE05253946304622F0E1
:10902000A8FC044618B1052801D0013DF5D102483D
:109030001FF028FF2046F8BD6017002070B50469B6
:109040000646C1F1030504F580702AF085FB84F81B
:10905000C050304622F0E0FB50B984F8C10004F162
:10906000E4001FF08FFF0348BDE870401FF00ABF07
:1090700070BD00BF60170020A0F58070024A006834
:109080000021FFF7DBBF00BF7C77050070B5044609
:1090900000F580702AF060FB2068002122F088FB38
:1090A0000025072D19D894F8C1102068294101F036
:1090B000010122F05FFB452001352AF049F80A2D15
:1090C000EFD1206822F04BFB03462068C3B90D4A5C
:1090D000BDE870400121FFF7B1BF082D266807D118
:1090E00094F8C10022F05AF980F001013046E0E71F
:1090F0003046012122F03EFB206822F04DFBDAE7EA
:10910000014AE5E7887705009777050013460A4688
:1091100001460148FFF7BABF800A002038B504466F
:1091200000F580702AF018FBD4F8C4300B2B10D84F
:10913000DFE803F01F060606060606060620272FB0
:1091400094F8C110013B194101F00101206822F09F
:1091500011FBD4F8C4300A2B06DC14480522002386
:1091600004F5807120F056F9D4F8C4300133C4F806
:10917000C43038BD94F8C10022F010F980F001012C
:10918000E4E72068012122F0F5FA206822F004FBD0
:10919000DFE7206822F0E3FA0346206823B9044A97
:1091A0000121FFF74BFFD4E7024AF9E7701B0020CB
:1091B000887705009777050013460A46014601485F
:1091C000FFF7ACBF800A002030B50569294689B099
:1091D00041F8800B4FF400420023CDE90623002420
:1091E0006FF00503CDE903340090CDE90144054B50
:1091F0004FF4006205F5106020F0E8F9204609B050
:1092000030BD00BF659A02002DE9F04F076999460D
:1092100097F8404A87B090460B4601B324B3002428
:1092200023462646254697F841AAB8F1000F1ED0DE
:10923000BAF1000F20D1013597F842BAB9F1000F09
:109240001ED0BBF1000F20D10135012D01DC012E14
:109250001FDD574907B0BDE8F04F22F0B9BB002C25
:10926000DFD001260D46DEE726460125DBE7BAF111
:10927000000FE1D00136DFE74FF00008C246DBE720
:10928000BBF1000FE1D00136DFE74FF00009CB461C
:10929000DBE74268527D002A46D1012D01D0012E24
:1092A00042D12E44002B42D04FF0FF324FF0FF331B
:1092B000741E3868CDE902236342634100930123A1
:1092C00019464FF4807218F02BFB012387F8403ABF
:1092D000B9F1000F40D04FF0FF324FF0FF33386844
:1092E000CDE90223B21E564256410123194600968B
:1092F00040F2011218F014FB012387F8423AB8F14A
:10930000000F40D04FF0FF324FF0FF333868CDE907
:10931000022300230093012319464FF4817218F0B1
:10932000FFFA012387F8413A07B0BDE8F08F002C1F
:10933000CED0711E4A424A414FF0FF344FF0FF3504
:1093400038680092CDE902454FF4807201210593FF
:1093500018F0E6FA059BB9E7BBF1000FCFD04FF04C
:10936000FF324FF0FF333868CDE90223B31E5E426F
:109370005E4100964B4640F20112012118F0D0FAEE
:1093800087F8429ABBE7BAF1000FCDD04FF0FF3219
:109390004FF0FF333868CDF80080CDE9022301217A
:1093A00043464FF4817218F0BBFA87F8418ABBE755
:1093B000F477050073B5046904F51E6016462AF0BB
:1093C000CBF9D4F8D039E21882F8C96943B9320729
:1093D00024D41949206802B0BDE8704022F0F8BAE0
:1093E000012B1BD094F8C819A1B9022B16D194F8FF
:1093F000CC0994F8CA3994F8C929019094F8CB099A
:109400000090206822F044FB206802B0BDE8704064
:1094100022F0D7BA012901D1032BE7E70133C4F8C1
:10942000D0394FF48042002304F51E6002B0BDE83D
:10943000704020F019B800BF0C780500024B0A46B6
:1094400001461868FFF7B6BF000000202DE9F04F75
:109450005C1E4B689DB01F680B69279E9DF8A0A0FD
:1094600093F8439A80460D4693460021602204A853
:109470002AF0E0FB002C0FDC6FF009034149049354
:1094800005A8FDF761FE602204A940462AF0ABFB67
:1094900040461DB0BDE8F08F082E09D96FF00A03D1
:1094A000394A04935023502105A820F0ABFEEAE787
:1094B000BAF1000F4AD0B9F1000F47D0284622F088
:1094C00026FB049000283BD100231BF803100393D4
:1094D000384622F06FFA039B0490013300284AD0EB
:1094E0000022CDE900425021284A05A820F08AFE3A
:1094F000049B73BB269B6BB11978384622F05AFA4D
:10950000049038B10023224A502105A820F07AFEA9
:10951000049BF3B9EEB100240DF1640B0BEB0401D5
:10952000384622F04AFA0134049038B30023CDE9DA
:109530000063184A2346502105A820F063FE08E086
:10954000154A0023502105A820F05CFE049B002B47
:10955000BAD0BAF1000F96D0B9F1000F93D02846D7
:1095600022F0BAFA034600288DD0049A002A8AD144
:109570000A4A049097E79C42A7DCBBE7B442CDDBE4
:10958000E7E700BF2E7805005B780500B47805009A
:10959000D7780500EF7805008E7805001B79050067
:1095A00000B59DB00023CDE901330146009304A826
:1095B000034A0223FFF74AFF04981DB000BD00BF15
:1095C0004379050070B59EB0CCB28DF817100546F2
:1095D0000D491C22204622F0B4FA411C11D0002370
:1095E00001222E69CDE901320DF11703009306A87F
:1095F000064A02232946FFF729FF069808B986F88C
:10960000484A1EB070BD00BF340F002045790500E8
:1096100010B501239CB0CDE9013300230093074A24
:109620000C460223014604A8FFF710FF049810B966
:109630009DF8643023701CB010BD00BF4779050051
:1096400030B502239DB014460122CDE9013200223B
:1096500000920D46074A014604A8FFF7F7FE04985A
:1096600028B99DF864302B709DF8653023701DB0CB
:1096700030BD00BF4979050010B501239CB0CDE98C
:10968000013300230093074A0C460323014604A834
:10969000FFF7DCFE049810B99DF8643023701CB00D
:1096A00010BD00BF4B7905000138C0B205289ABF34
:1096B000024B53F820000248704700BF9C4F050042
:1096C0004E7905002DE9F04F174685B08B461A46B6
:1096D0003946DDE90E58DDF8409004461E46FFF796
:1096E000AFFF824670B100248BF80040144A3C70F2
:1096F0004946347040462C7020F084FD204605B069
:10970000BDE8F08F012320468BF800302946FFF793
:10971000B3FF044618B185F800A04FF0FF343A7843
:109720001046FFF7C1FF2978029131780346CDE951
:1097300000214046034A494620F064FDDEE700BFB1
:10974000567905006979050010B501239CB0CDE973
:10975000013300230093074A0C460423014604A862
:10976000FFF774FE049810B99DF8643023701CB0A4
:1097700010BD00BFAC790500F0B59FB00DF1170624
:109780000F46314605461446FFF7DEFFB0B99DF897
:10979000173043FA07F202F0010294420ED0BC40A7
:1097A00023438DF817300123CDE90103044A0096C5
:1097B00006A804232946FFF749FE06981FB0F0BD0E
:1097C000B07905000A46024B0021FFF7D5BF00BF64
:1097D000B47905000A46024B0321FFF7CDBF00BF55
:1097E000C47905000A46024B0421FFF7C5BF00BF3C
:1097F000CD7905000A46024B0621FFF7BDBF00BF29
:10980000D679050030B5FF299FB00C4615D8002346
:10981000012205698DF81710CDE901320DF117030A
:1098200000930146064A06A80423FFF70FFE069898
:1098300008B985F8494A1FB030BD0120FBE700BFD9
:10984000DE79050030B5FF299FB00C4615D80023FE
:10985000012205698DF81710CDE901320DF11703CA
:1098600000930146064A06A80423FFF7EFFD069879
:1098700008B985F84A4A1FB030BD0120FBE700BF98
:10988000E279050030B5FF299FB00C4615D80023BA
:10989000012205698DF81710CDE901320DF117038A
:1098A00000930146064A06A80423FFF7CFFD069859
:1098B00008B985F84B4A1FB030BD0120FBE700BF57
:1098C000E679050030B5FF299FB00C4615D8002376
:1098D000012205698DF81710CDE901320DF117034A
:1098E00000930146064A06A80423FFF7AFFD069839
:1098F00008B985F84C4A1FB030BD0120FBE700BF16
:10990000EA79050001292DE9F341064690461AD16E
:10991000254A146818460A460DF10701276965684B
:10992000C04700280FDD97F8443A63B11F4930461D
:10993000FDF700FC60B96B6A013304D19DF8071094
:109940002046FFF75FFF6FF0150002B0BDE8F08121
:1099500017493046FDF7EEFB40B9AB6A0133F2D14F
:109960009DF807102046FFF76DFFECE711493046E0
:10997000FDF7E0FB40B9EB6A0133E4D19DF8071035
:109980002046FFF77FFFDEE70B493046FDF7D2FBAD
:109990000028D8D12B6A0133D5D19DF80710204675
:1099A000FFF790FFCFE700BF00000020EE79050031
:1099B000FD7905000C7A0500167A050030B58DB0EA
:1099C000074B00900C4615462821064A02A820F0B5
:1099D00019FC2A46214602A802F086FA0DB030BDD5
:1099E000277A0500317A050010B500F139010446E7
:1099F00001220B48FFF7E2FF04F13A010122094876
:109A0000FFF7DCFF04F13B0101220748FFF7D6FF17
:109A100004F13C010548BDE810400122FFF7CEBF2C
:109A2000EE790500FD7905000C7A0500167A05002F
:109A300038B5056902F0D0FB074823F012FE044652
:109A400038B905F52160054929F07BFE044802F08C
:109A500083FA204638BD00BF180F0020E9990200A4
:109A6000277A05002DE9F041044694B0066945685F
:109A700022F0AFF8204622F0E5F8002877D1A96956
:109A8000642903D0C9B22046FFF79CFD394B04AAD4
:109A900003F1100C904618685968174603C708333D
:109AA00063453A46F7D1186838602C22002109A88E
:109AB0002AF0C0F84023CDE9018306F6472300933E
:109AC00006F6452206F6462306F644212046FFF711
:109AD000F9FD96F8443A93B32B7F1BB10121204640
:109AE000FFF770FE296A4F1C02D02046FFF7EAFEFE
:109AF000696A481C02D02046FFF784FEA96A4A1C06
:109B000002D02046FFF79EFEE96A4B1C02D0204699
:109B1000FFF7B8FE95F830301BB101212046FFF762
:109B200059FE95F831301BB101212046FFF75AFE4E
:109B300095F832301BB101212046FFF75BFE2B7DEB
:109B40001BB10121204622F00AF82046FFF770FFE2
:109B50002868D6F8501A83681B68984738B9204699
:109B600021F0BAFF044906F51E6029F0EAFD14B0A1
:109B7000BDE8F081377A0500F1B90400014827F00B
:109B80000CBA00BF4C470500012B07B50ED1127867
:109B90000848012A14BF002257228DF8072000210F
:109BA0000DF1070227F06BF903B000BD6FF08500DF
:109BB000FAE700BF4C470500012B13B5144611D13D
:109BC0000A480DF10702002127F07FF9002807DB82
:109BD0009DF80730A3F157025342534123700020F0
:109BE00002B010BD6FF08500FAE700BF4C470500DA
:109BF00001481FF0CBBB00BF600F002001481FF0E1
:109C0000C5BB00BF500F002007B529F01DFF4FF462
:109C10007A72A0FB020302FB0133C00B40EA43400F
:109C2000064B4FF40042186000230548CDE900239D
:109C300020F066FA002003B000BD00BF602E0020B7
:109C400080160020014B187800F0A2B9165D0020A4
:109C5000044B1A78824202D01870FFF7F3BF00203D
:109C6000704700BF165D002008B529F0EDFE4FF4E7
:109C70007A72A0FB020302FB0133C00B40EA4340AF
:109C8000064B1B68C01A47F23053984204DDBDE80A
:109C900008400120FFF7DCBF08BD00BF602E002098
:109CA00008B529F0D1FE4FF47A72A0FB020302FB43
:109CB0000133C00B40EA4340034B1860BDE8084045
:109CC0000020FFF7C5BF00BF602E0020014B1878B1
:109CD000704700BF165D0020F8B5064610B9002495
:109CE0002046F8BD0378002BF9D00F4D0F4FBD4231
:109CF0000FD30D4DBD42F2D2286829F02EFA30B1B3
:109D00002C6831462068FDF715FA0028E8D00435A4
:109D1000F0E7286829F021FA18B12C682368B342CB
:109D2000DED00435E3E700BFC09E0500CC9E0500F1
:109D300030B5194C8DB019480022002303A91EF03C
:109D4000C9FF08B10DB030BD2368059D5868DDE935
:109D5000031221F0C7FF0028EDDBFF238DF8183038
:109D6000B5FA85F35B0907908DF8203029F06CFE79
:109D70004FF47A72A0FB020302FB0131C00B40EAF0
:109D80004140C90B8DE8030006ABCDE90A010FCBBA
:109D900000F018F9CFE700BFFC2E0020CC17002000
:109DA0001FB50A4C2468A46884420DD183F00103D6
:109DB000CDE90112039306480022002301A91EF0F9
:109DC0002DFF04481FF0E2FA04B010BDFC2E002065
:109DD000CC170020EC2E00201FB50023CDE9023364
:109DE000044B8DF80C0001A8019321F0A1FF05B0F0
:109DF00000BD00BFB4500500044B1A68044B9A42E2
:109E000014BF6FF012000020704700BFFC2E00202E
:109E10009C50050038B5054600282ED01A4C236802
:109E2000834228D053B1986840B183685B6803B11E
:109E3000984723680021986800F082FE1349144B6C
:109E400022228D4214BFED210021002021F063FF6A
:109E5000B0B9A868256070B1012100F071FE2368D7
:109E6000986883680B491B689847236898688368DB
:109E70009B6803B19847002038BD6FF01200FBE7E4
:109E80006FF01500F8E700BFFC2E00209C50050085
:109E9000642E0020A19D020010B540B90548FFF7CF
:109EA000B9FF044608B9FFF797FF204610BD6FF0D1
:109EB0001504FAE79C500500F7B50D4616460D4906
:109EC00001AA1F4623F0D0FB68B1019B6BB9012D9D
:109ED0000DD1094C2A4621463846B047002802DDFC
:109EE0002078FFF7D9FF03B0F0BD0020FBE76FF04B
:109EF0001500F8E7787A0500CC1500200148FFF737
:109F000089BF00BF9C50050008B50B480B4929F0DC
:109F1000CCFB0B4823F0FCF918B10948012123F0D0
:109F2000D5F9084A002342F8043B0133222BFAD129
:109F3000BDE80840FFF7E2BFEC2E0020319D020093
:109F40007C470500642E0020F8B50F4D0F4B5B1BBE
:109F500007460C4605EBC105C3F3C706B44201DB57
:109F600000200CE02A683B689A4209D13C716B687A
:109F700038461B68984718B1431E012BF0D9F8BD2D
:109F800001340835EAE700BF148405003C8405006D
:109F90001FB50023CDE90233044B8DF80C0001A856
:109FA000019321F0C5FE05B000BD00BFB85005000B
:109FB0000268034B9A420CBF08300020704700BF74
:109FC000B850050084B030B589B00CAC84E80F00FF
:109FD000002301930CAD084B00930FCD02AC0FC4CE
:109FE00095E8030084E80300684621F0A1FE09B06B
:109FF000BDE8304004B07047BC5005000268034B18
:10A000009A420CBF08300020704700BFBC500500CA
:10A010001FB50023CDE90233044B8DF80C0001A8D5
:10A02000019321F085FE05B000BD00BFC4500500BE
:10A0300082B038B50546CDE9042311481EF03EFC38
:10A040000446A0B16B68012B0CD0022B05D0A3B93C
:10A05000BDE8384002B021F08ABE21F08FFE002812
:10A060002046F5DCBDE8384002B021F079BE6FF043
:10A070000400BDE8384002B070476FF08500F8E793
:10A08000347B050082B010B50446CDE902230B48AD
:10A090001EF014FC78B16368022B04D00020BDE8E8
:10A0A000104002B0704721F069FE0028CCBF0020AC
:10A0B00001206060F2E76FF00400F0E7347B0500F8
:10A0C00030B5044687B00D4883681D68A5B10023EC
:10A0D00000931A462146A84770B90223ADF808300C
:10A0E000A388ADF80A30E388ADF80D3002A8A36864
:10A0F000CDF8113000F07EFB07B030BD744605008E
:10A100001FB50023CDE90233044B8DF80C0001A8E4
:10A11000019321F00DFE05B000BD00BF0C510500FC
:10A120000268034B9A420CBF08300020704700BF02
:10A130000C51050008B500F0BFFBBDE8084001491F
:10A1400029F0CEBA740F002037B5104CA568302125
:10A15000EB6820469847B0B930212B696A46204603
:10A16000984780B90A4C00982378834203D0207026
:10A17000FFF7C6FF38B901F08BFE2378984202D072
:10A18000184601F08BFE03B030BD00BFAC470500A0
:10A19000175D002007B5084828F0DFFF48B14FF4ED
:10A1A000F0120023CDE900230448002200231FF011
:10A1B000A7FF03B000BD00BFAC470500B8160020E4
:10A1C00008B5054828F0C9FF18B1FFF7E3FF0020E4
:10A1D00008BD6FF01200FBE7AC47050008B5FFF7BC
:10A1E000E7FE10B96FF0850008BDFFF76FFD38B1CD
:10A1F0000138C0B20128F5D8034829F06FFC01E00E
:10A20000FFF7C8FF0020EFE7B81600201FB50023B6
:10A21000CDE90233044B8DF80C0001A8019321F025
:10A2200087FD05B000BD00BF1451050030B587B0F3
:10A230008C89ADF815400724029404AC0194064DB6
:10A24000BDF828400495009401258DF8145025F0A0
:10A25000B8FE07B030BD00BF1B0000271FB510249B
:10A260000294044C0194BDF81840009425F0A9FE16
:10A2700004B010BD2D5D002008B5BDF808101944CC
:10A28000012908DC3BB1054B127805481A701FF014
:10A290007DF8012008BD6FF00600FBE7185D002087
:10A2A000E40F0020014B1878FFF7F6BD185D002081
:10A2B00007B5064B00930649064805234FF4407244
:10A2C0001FF06AF8002003B000BD00BF1851050060
:10A2D00080670020581C002070B50E4E8AB00E48D2
:10A2E0000022002369461EF0F5FC044608B10AB0BE
:10A2F00070BD2146182204A829F09CFC10230DEB08
:10A30000030120460596CDF818D0ADF81C3007F0B3
:10A3100011FAE4E734510500FC1700201FB50E497F
:10A320000E4840F6CD4200231EF078FC044670B182
:10A3300010F10B0F08D100220023694607481EF0D8
:10A34000C9FCFFF7EBFF0446204604B010BD0449EA
:10A35000044829F0C5F9F7E72D5D0020FC1700201F
:10A36000840F0020581C00202DE9F04F0378022BA9
:10A370008FB01AD0032B10D0002B60D14378314D11
:10A3800003F00701DC0801238B4081782A5DDBB2F2
:10A3900039B113432B55FFF7C1FF00200FB0BDE8C3
:10A3A000F08F22EA03022A55F5E7477890F80380F8
:10A3B000B0F805A0D0F8099090F802B0224C002621
:10A3C000224BD4F800C003AA03F1100E1868596894
:10A3D000154603C5083373452A46F7D11B782B7001
:10A3E00003A9604623F00FFC054600BB94F8343007
:10A3F0009F421CD1BBEB000B18BF4FF0010B014675
:10A40000182208A88DF80480ADF805A0CDF80790B3
:10A410008DF80BB029F00EFC01AB0A9308A90823B4
:10A4200028460994ADF82C3007F084F9B6E70136D8
:10A430000D2E04F11404C3D16FF01200AEE76FF0DB
:10A440008500ABE72D5D0020205105004C4C050038
:10A45000014B1970704700BF405D0020014B186030
:10A4600000207047002F0020084B09491A78094B3B
:10A4700009781B78002061F307005B00DBB262F310
:10A480000F2082B063F3174002B070473E5D00209A
:10A490003D5D0020415D002013B50C4B1C6894B15C
:10A4A000FFF7E2FF8DF80400C0F30723C0F3074075
:10A4B0008DF805308DF8060001990548234602B055
:10A4C000BDE81040184702B010BD00BF002F0020AB
:10A4D000CC9E050010B5002003F026FB044610B901
:10A4E000024823F0BEF8204610BD00BFF40F002044
:10A4F00010B5084805F028F9074805F03DFA074B64
:10A50000074800241C70074B01221A701EF03EFF02
:10A51000204610BD30100020201000203F5D00209C
:10A52000101000203D5D0020044B1B782BB1044B24
:10A53000044800221A701EF029BF70473E5D0020BB
:10A540003F5D0020541000200B4B07B5187028B158
:10A550000A481EF01BFF002003B000BD019008490F
:10A56000012001AA04F0ACFE019810B1132124F0DF
:10A57000FEFA04F067F9EEE73E5D0020541000207B
:10A58000BFBE04000B4BB1FA81F010B540090C4678
:10A590001870FFF73BFE3C2C0AD1074B1B783BB1F0
:10A5A000064B074801221A70BDE810401EF0EEBEAF
:10A5B00010BD00BF415D00203E5D00203F5D0020DA
:10A5C0005410002070B503788AB004460E4607ADDB
:10A5D000032B20D8DFE803F002191B1D1149284680
:10A5E000FCF7B2FD059563780493A3780393E378B1
:10A5F00002932379019363790093A3790A4A1E2178
:10A6000030461FF0FFFD0AB070BD0849E7E7084972
:10A61000E5E70849E3E7084A0A2128461FF0F2FD6A
:10A62000E0E700BFDA7B0500037C0500E17B050065
:10A63000E87B0500F27B0500FC7B050000B589B0D6
:10A6400024F043FB6946FFF7BDFF034B0020187061
:10A65000FFF7DCFD09B000BD415D002070B5204E64
:10A66000204B3068B2881C781F49B3798AB003AD9B
:10A670000390ADF8102000202A46AB7108F014F9C1
:10A6800031460722284629F07BFC184B0646D0B1FC
:10A69000ACB903202246214601241C700023CDE9D9
:10A6A0000602CDE90815ADF814308DF81630009388
:10A6B0001A46194605A804F08FF80AB070BD132099
:10A6C000A022F021E8E70A4D18700FCD05AC0FC4A9
:10A6D0002B6823600749009633460322EAE700BF50
:10A6E000BA8005003F5D0020F9A60200405D002011
:10A6F000104C05003452050038B507220C460649B7
:10A70000054629F03DFC28B12B682360AB88A38067
:10A71000AB79A37138BD00BFBA800500004870470F
:10A72000CC9E050073B5194C194EB442254602D390
:10A730006FF0120007E023689B6833B9154C23685B
:10A74000AB4212D1002002B070BD9847C0F307237E
:10A750008DF804008DF80530C0F30743C0B204340F
:10A760008DF806300028E0D0E8E723B11B685B686D
:10A770000BB1002098472B6825605B68002BE1D067
:10A78000012002B0BDE87040184700BFCC9E050014
:10A79000D09E0500042F002007B5094B01911B68CE
:10A7A000834207D19DF8063033B903B05DF804EB5E
:10A7B000FFF7B8BFFFF7B6FF002003B000BD00BF32
:10A7C000042F002038B5084C084DAC42234603D373
:10A7D000BDE83840FFF7A6BF1B68DB680434002BD8
:10A7E000F3D003489847F0E7CC9E0500D09E0500C3
:10A7F00099A70200054B1B6823B11B6813B11B68A6
:10A8000003B118476FF01200704700BF042F0020FB
:10A8100008B5044800F0CCFD002818BF6FF0150003
:10A8200008BD00BF51A80200084B1B780B2B4FF04E
:10A8300001000AD8984010F4CD6F05D110F4016FD3
:10A840000CBF01200020704702207047E115002056
:10A850000A2808B5024613D00A4B0B491870FFF7B7
:10A86000E3FF02280AD10B78032A08BF43F0010353
:10A870000B70BDE8084005481EF088BD0023F7E7CF
:10A8800008BD00BFE1150020425D002064100020DB
:10A8900007B5064B0093064906480A234FF4407259
:10A8A0001EF07AFD002003B000BD00BF505205002D
:10A8B000006B0020401D002000487047401D002014
:10A8C00030B50A4C0A44914200D130BD11F8013B29
:10A8D00058400309E35C83EA0013DDB2C3F30313BA
:10A8E000E05C80EA0510C0B2EDE700BFA280050081
:10A8F000014B1B68184700BF74100020014B186003
:10A90000704700BF7410002030B585B004460D4676
:10A9100010220021684629F08DF902238DF80230BB
:10A920002A46044B0193214668461FF033FD05B0CB
:10A9300030BD00BFF1A8020008B50446EFF3118353
:10A94000202383F31288BFF36F8F1AF03DFD20465A
:10A9500001F07AFE024821F034FD22F0DEFFFCE730
:10A960004D7C05002DE9F047068B044630079046E4
:10A970000CD501290CBF46F0100646F020062683B0
:10A9800088F31188BFF36F8FBDE8F087022906F0C6
:10A99000070640F08D80204621F0C1FD05285FD8D4
:10A9A00001A353F820F000BF81A90200B1AA020060
:10A9B00061AA020025AA02003DAA02004FAA0200D5
:10A9C00001F007035A1F012A1DD80022062B256813
:10A9D00021F00701C4E9002209D135B12B46628B71
:10A9E000013262831B68002BF9D141F002012183FF
:10A9F000204621F094FD4FF00009002866D041F078
:10AA00002001218362E0042B09D121F00701218379
:10AA1000204621F084FD10B141F020012183002562
:10AA2000A94653E02369D3F80090238B23F0070352
:10AA300043F00603238300252F4647E02369D3F81C
:10AA40000490238B23F0070343F00403F2E7236908
:10AA5000D3F80890238B23F0070343F00503E9E7BD
:10AA60000025A946E8E7012243F00803238388F381
:10AA70001188BFF36F8F002A36D1002D47D1B9F16D
:10AA8000000F02D02A492046C847EFF3118820233F
:10AA900083F31288BFF36F8F238B23F008039BB2DD
:10AAA0002383D9063BD523F01002228303F0070647
:10AAB0006769218B002F83DA0023256821F00701C5
:10AAC000C4E9003341F0010121839946238B03F04F
:10AAD000070AB24502D0A268002AC4D115B9B9F15B
:10AAE000000FDED00022BFE7A1680029C5D00E68A4
:10AAF0000029C2D0D1F804803B4652462046C047C8
:10AB00001EB1336831461E46F2E73346FAE729465E
:10AB10003B46524620462D6821F02DFDADE79A06B2
:10AB20007FF52EAF23F02002228303F0070632E7E1
:10AB3000A1C50400014B0360002070475852050076
:10AB400070B544690D46002C3FD0244A2379565CE9
:10AB5000B3423DD0224A525C9A423CD1A368984706
:10AB6000002814DA022D10D0032D0FD110F1860F1A
:10AB70000BD0BFF35B8F54E8003F43F0020344E87F
:10AB80000032002AF7D1BFF35B8F267170BD022D12
:10AB9000267101D00020F9E7BFF35B8F54E8003F36
:10ABA00023F0040344E80032002AF7D1BFF35B8F9F
:10ABB000BFF35B8F54E8003F23F0020344E8003208
:10ABC000002AF7D1BFF35B8FE4E76FF05700DDE7B2
:10ABD0006FF07700DAE76FF08500D7E7B680050001
:10ABE000B280050070B5114B1C680D4694B1104B36
:10ABF000196800238B4202DB6FF0010070BD224612
:10AC000012F8106B864208D001331446F2E72C602C
:10AC10000020F3E76FF00C00F0E7E06828F09DFA01
:10AC20000028F4D16FF01200E8E700BF7810002090
:10AC30005852050010B588B0436802938368C06815
:10AC4000CDE903320A680023CDE906230C4601AAA8
:10AC50000449059326F023FB079808B9059B236058
:10AC600008B010BD6FD30400F0B40C4B0C4E5F6AFB
:10AC70000C4BB34203D36FF08500F0BC70475D68A6
:10AC8000BD4209D31C693CB195F802C00579AC45B9
:10AC900002D12346F0BC18472433EAE7082F0020EE
:10ACA000841A0020601A00202DE9F047134CDFF8C9
:10ACB0005080DFF8509005460E461746444503D3B2
:10ACC0006FF08500BDE8F0876068D9F824309842BD
:10ACD00012D3A36983B181782A79914205D13A468A
:10ACE00031462846BDE8F04718474279012A03D18A
:10ACF0003A463146284698472434DFE7601A002058
:10AD0000841A0020082F00202DE9F0410A4C0B4D39
:10AD100006460F469046AC4202D36FF0850009E02C
:10AD200063690BB92434F6E7424639463046984702
:10AD30000028F7D1BDE8F081601A0020841A0020B5
:10AD400010B5044626F080F910F1780F00D050B904
:10AD5000054A204622F046FBD2F8C43023EA00031D
:10AD6000C2F8C430002010BD082F0020024B002282
:10AD70001A605A60704700BFC32F002070B50B4B9C
:10AD80000B4CA34201D3002070BD196A1E7F002224
:10AD90000439D5B2AE4201D82433F2E7013211F8BA
:10ADA00032508542F5D10120EEE700BF601A002045
:10ADB000841A002008B509480378C3F341130A3305
:10ADC00050F823303BB100F1080200F11001984720
:10ADD000C043C00F08BD1846FCE700BF082F002085
:10ADE00004282DE9F14FDFF89C900646884615D0DF
:10ADF00001282CD1214F97F8B93043B300F0FAFD68
:10AE00001F4C4C4520D2D4F820B04FF0000A237FCD
:10AE10005FFA8AF5AB4204D82434F2E7FFF7A6FFC5
:10AE2000E8E70BEBC5050AF1010A287926F00CF9D1
:10AE30000246287922F0D6FAD7F8C430002A23EA4D
:10AE40000003C7F8C430E2DA002387F8B9300C4CAD
:10AE50004C4508D3094B1B6A6BB14146304601B0E3
:10AE6000BDE8F04F1847E3681BB142463146204623
:10AE700098472434ECE701B0BDE8F08F082F00209C
:10AE8000601A0020841A002073B5C4B263060E460F
:10AE90008DF8074007D02046FFF770FF78B10D4BC3
:10AEA00093F8BA0058B10B4D204656B117F046F949
:10AEB000EB691BB10DF1070108209847012002B092
:10AEC00070BD17F063F9EB69002BF7D00DF10701A6
:10AED0000920F2E7082F002073B585788DF800501F
:10AEE000037942791C4C43EA0223ADF80230C3785F
:10AEF000284603F003038DF8043022F073FAD4F8E7
:10AF0000C430184206460BD0284600F055FD2846AE
:10AF1000FFF716FF28F06AFC10B996201EF0D2FD4C
:10AF2000684617F0E7F810F1780F03D010B1002051
:10AF300002B070BD9DF8000017F064F910F1780FB1
:10AF400001D00028F3D1D4F8C4300120334384F871
:10AF5000B900C4F8C430EBE7082F00202DE9F04712
:10AF60009E4EB36904460F4690466BB9237803F0B2
:10AF70001F03012B00F0A180022B00F0058143B1DB
:10AF80006FF01500BDE8F08798470028EED100204B
:10AF9000F8E794F90010627899422FDA062A10D067
:10AFA000082AD8F8001024D0002AE9D101230B7018
:10AFB0004A7096F8C3305B0043F001030B70022324
:10AFC00021E16188080A021F012A0546D8D907280D
:10AFD000D6D8726AC9B21478002CD1D05678AE4255
:10AFE00003D1994200F0098101332244F3E7137839
:10AFF00009E196F8BA300B70012304E1013A082AFE
:10B00000BED801A353F822F0A1B0020081AF020024
:10B01000B1B0020081AF02002DB0020081AF02008A
:10B0200081AF020081AF020039B00200A07817F0B2
:10B030004FF80028ABD0A3E763883BB1FF27756AC0
:10B040000020B8462B786BB9002899D0FFF78EFE08
:10B05000638886F8BA30F369002B98D060490320E2
:10B06000984794E76B78042B0DD0052B0ED0022B5C
:10B0700006D16F796388BB4208BF40F00100C0B2BF
:10B080002B781D44DEE795F80380F9E76388BB421F
:10B09000F6D1B8F1000FF3D12846FFF71DFFEFE717
:10B0A0006388012B7FF46CAF002386F8C3306EE712
:10B0B0006388012B7FF464AFF7E796F8BA30002B72
:10B0C0003FF45EAF756AA38894F804C02A461178ED
:10B0D00000293FF455AF5078022804D192F804E0DB
:10B0E000E64500F292800A44F1E70A704A7038603F
:10B0F0004DE7154497E00B2A7FF442AF00274FF04D
:10B10000FF08C146BA4606E06B78042B0FD0052B2A
:10B1100021D02B781D442B78002BF5D1F36913B186
:10B12000514607209847002F7FF431AF28E795F864
:10B130000280A38895F803909845EAD163889945E1
:10B14000E7D1B8F1070F1CD806EB0803AA4683F82D
:10B15000BB900127DDE7A3884345DAD1A3784B45AF
:10B160000AD0AF78384600F027FC3846FFF7E8FDF4
:10B17000B0FA80F77F09CCE72846FFF7ADFE074617
:10B18000C7E7AA460027C4E794F900206378002A9D
:10B1900019DA002B7FF4F4AE25796B060AD0284625
:10B1A000FFF7ECFD00283FF4EBAE96F8BA30002B29
:10B1B0003FF4E6AED8F800402846214617F006F8DE
:10B1C00000236370FBE6012B0CD0032B7FF4D8AE79
:10B1D0006388002B7FF4D4AE012107E0082F002004
:10B1E000C22F0020618800297FF4CAAEA088FFF733
:10B1F0004BFE00287FF4CBAEC2E60228C8F8002040
:10B200007FF4F5AE53883B60C1E694F90010627894
:10B210000029BFF670AFD8F80010002A3FF465AFE0
:10B220000A2A7FF4ADAE2A78002A3FF4A9AE6878E6
:10B2300004287FF45EAFA87883427FF45AAF072BCF
:10B2400096BF9B19002393F8BB30D4E613B5164C78
:10B25000237DF3B9E268A168019201AB802022F05E
:10B26000CFF8019AA3681344A360E3689B1AE360D4
:10B270006BB962B12369E2889A4208DD94F8C8206C
:10B2800093FBF2F102FB11330BB90123237502B0DA
:10B2900010BD00231A4619468020237502B0BDE870
:10B2A000104016F0D9BF00BF082F002030B585B080
:10B2B000002302460D460193002857D1002934D1BE
:10B2C00008220DEB020125F0D8FEA84204DA802006
:10B2D00016F034FF05B030BD294C029A2260039A63
:10B2E000626004F13802A2609DF90820BDF80E30BA
:10B2F0002575002AC4E903550ADB802B04D9802078
:10B3000016F01CFF0020E3E713B1C4E90333E1E7C3
:10B31000FFF750FD0028DAD0E28823699A42D4BFB3
:10B32000E260E360FFF792FFD4E7154CD4E9021521
:10B33000002D01AB04DC25F0A0FE0028CADAC6E728
:10B340002A4625F09AFE0028D9DB019AA368134407
:10B35000A360E3689B1AE360002BBBD104F13803C0
:10B36000A360FFF727FD0028DCD1B0E78028B1D12A
:10B37000034BDA68002AD5D11B7D002BD2D1A9E777
:10B38000082F0020054B064A9A62064ADA62064AEE
:10B390001A63064A58629A6100207047082F0020FD
:10B3A0005DAF020069AC020009AD0200A9AC020069
:10B3B0002DE9F3410446454D45484FF0FF334FF02A
:10B3C000FF321DF0E9FC95F8B830002B78D16E6A99
:10B3D00036B900F0CBF8FFF7D5FF6E6A002E66D0C5
:10B3E0003C482C62E86117F045F816F043FE041E55
:10B3F0005FDB00F021FB041E5BDB7378012B62D165
:10B40000F379002B5FD00026684685F8C830ADF888
:10B4100002308DF804608DF8006016F06BFE041E9B
:10B4200047DB802768468DF8007016F063FE041E27
:10B430003FDB2949304617F009F8041E39DB26495D
:10B44000384617F003F8041E33DB244CDFF89080F5
:10B4500044451AD3002016F0D5FE041E29DBD5F88A
:10B46000C430802043F00103C5F8C43016F0CAFE92
:10B47000041E1EDBD5F8C43043F48033C5F8C43055
:10B48000012385F8B830002413E0276A0026227FC4
:10B49000F3B29A4201D82434DAE707EBC30257F833
:10B4A0003310107916F0D2FF01360028EFD04FF09C
:10B4B000FF3407481DF0E6FC204602B0BDE8F081ED
:10B4C0006FF07704F5E76FF01504F2E7082F00201E
:10B4D00088170020E1AD0200ADB20200601A002022
:10B4E000841A002030B51F4B8BB005AA03F110055C
:10B4F00018685968144603C40833AB422246F7D192
:10B500001B7823701022002101A828F093FB12223F
:10B510000021154828F08EFB102101A826F02CF8F8
:10B5200000281BDDADF105010F4A0828ACBF091842
:10B530000831002011F8013F0AAC04EB131403F0AA
:10B540000F0328336B44013014F8144C13F8143CE7
:10B5500014700828537002F10202EBD102480BB0BC
:10B5600030BD00BF767C0500445D00202DE9F04F22
:10B57000714B93F800B087B0BBF1000F03D06F4858
:10B5800007B0BDE8F08F6D4C00264FF0011AB046B1
:10B590003546B14623783BB9694B02349C42F3D11E
:10B5A000654A01231370EAE76378052B05D8DFE8C5
:10B5B00003F08F07038F1F3BA14623781C44E9E764
:10B5C000402304A88DF810B0ADF812308DF814B0F7
:10B5D00025F026FD40B1082304A8ADF8123025F06F
:10B5E0001FFD08B1ADF812B0BDF81230E371E4E709
:10B5F000E378002BE1D1A3786BB108F101085FFA81
:10B6000088F8DAE76B689C4207D024354D4B9D42A1
:10B61000F8D30020B4E74C4DF8E7AB68002BECD032
:10B62000414620469847E8E7002DF2D000222B7FC4
:10B630009A42EED2296AA07801EBC2010B799842B6
:10B6400044D10127E07800F003008DF81400207940
:10B6500094F805C040EA0C20ADF8120094F90200FD
:10B6600000283B4628DA07F110004FF0010C0CFAD5
:10B6700000F010EA0A0F26D167F07F008DF8100065
:10B6800004A8CDE90213019225F0CAFCDDE90121ED
:10B69000039BC0B99DF81020A27012F0800F18BF54
:10B6A00010330A7118BFDBB24FF0010214BF9A4089
:10B6B000BA404AEA020A80E70120B84010EA0A0FBD
:10B6C00001D13846DAE70137102FBBD10132AEE79E
:10B6D000032E1AD1FFF706FF074650B1FBF73CFDDA
:10B6E00038B1102802463946A8BF1022A01C28F005
:10B6F0007AFA23786FF002011A19091B04EB53033D
:10B70000D14212D50136F6B257E7002EF1D1B9F188
:10B71000000F3FF47EAFA4EB090389F802301B0A47
:10B7200089F8033089F80480ECE702F801BC13F8CB
:10B73000010902F8020DE3E7435D0020C019002073
:10B740005F1A0020841A0020601A002010B5094BEF
:10B7500000211A461C78844205D15C681CB148233C
:10B7600003FB012010BD0131042903F14803F1D18D
:10B770000020F7E7D42F00202DE9F34150F8303CAA
:10B7800010F8346C103304460AD1036950F8282CA1
:10B79000980736D5D2B9590715D5002344F8303C5F
:10B7A00054F8303C10330BD054E9097554F81C8C14
:10B7B00028F01CF800284FD02E48214627F090FF93
:10B7C00002B0BDE8F08143F00403236154F82C1C5F
:10B7D00001AB304621F014FE10B16FF01503DDE728
:10B7E000019A54F82C3C134444F82C3C54F8283C5F
:10B7F0009B1A44F8283C54F8243C134444F8243C55
:10B80000CEE754F82C1C01AB304616F099FD002809
:10B81000E3D1019D54F82C3C2B4444F82C3C54F8C3
:10B82000283C5B1B44F8283C54F8243C2B4444F847
:10B83000243C002DB1D0304616F022FEB5FBF0F3CB
:10B8400003FB1055002DA8D154F8283C002BA4D0A0
:10B85000304616F0BBFDA3E744F8200CA4F1180015
:10B860001DF090FB002DABD0424639463046A8472C
:10B87000A6E700BF281E00204B1E012B73B506460D
:10B880000D460FD8FFF762FF044668B9012D09D1B4
:10B8900001AB01220DF10301304616F051FD019B71
:10B8A000002BF5D102B070BD27F0A0FF04F13401E8
:10B8B00008B1012D05D1084602B0BDE87040FFF780
:10B8C0005BBF034802B0BDE8704027F009BF00BF6E
:10B8D000281E00202DE9F74F804600911746994613
:10B8E00021F0D6FD00285DD1EFF3118A202383F3E8
:10B8F0001288BFF36F8F2D490646002208460023A9
:10B9000001911DF079FB019968B9DFF8A8B04822D0
:10B9100072430BEB0204656815F1100F12D1084653
:10B920001DF030FB06E00136042E01F14801E4D1A0
:10B930006FF00B058AF31188BFF36F8F284603B0B1
:10B94000BDE8F08F0BF802800C9A009B62610D9AA3
:10B950002061A26140466FF00F02C4E90237C4F8CB
:10B960004490626016F08CFD58B1404616F088FD98
:10B97000B7FBF0F202FB10771FB1626C42F00402D9
:10B98000626419F0020F08D0482202FB06B1084891
:10B99000343127F0A5FE0025CCE7404616F016FD11
:10B9A0000546C7E76FF00F05C8E700BFF02F00207E
:10B9B000281E0020D42F002010B5EFF3118420237F
:10B9C00083F31288BFF36F8FFFF7C0FE50B1436857
:10B9D000103307D16FF08B03436000F1340104484A
:10B9E00027F07EFE84F31188BFF36F8F10BD00BF78
:10B9F000281E0020F8B50E4C04252027EFF31186F1
:10BA000087F31288BFF36F8F6368103307D16FF02D
:10BA10008B030848636004F1340127F061FE86F36C
:10BA20001188BFF36F8F013D04F14804E6D1F8BDE2
:10BA3000D42F0020281E002038B5094C00250949C4
:10BA4000204627F032FE0122A4F1180011460135EC
:10BA500027F0B2FD042D04F14804F0D1002038BDD8
:10BA60000830002079B702000169012381F84B30CA
:10BA70000B6833B191F849301BB10248083127F007
:10BA80002FBE7047281E00200169012381F84A302B
:10BA90000B6833B191F848301BB10248083127F0E8
:10BAA0001FBE7047281E002070B50569EFF3118690
:10BAB000202383F31288BFF36F8FD5F8900020F016
:10BAC0008CFE044686F31188BFF36F8F30B10448B3
:10BAD0000022002305F118011DF09CFC204670BDDA
:10BAE000281E002070B5012382F8483013680D46E7
:10BAF00014463BB192F84A3023B10E4802F10801D6
:10BB000027F0EEFDD4F890301A699B689A420AD16A
:10BB10007DB904F1180140F6CD42BDE870400548FA
:10BB200000231DF077BC002DF3D004F11801002292
:10BB3000F3E770BD281E002070B504460E4601795B
:10BB40001548154621F080FC10B394F90020637865
:10BB5000002A16DB202B04D0222B0ED06FF085009C
:10BB60000AE02B681A6840F8102C9A8820F80C2CF0
:10BB70009B7900F80A3C002070BD638800F8093CFE
:10BB8000F9E7212BEAD11038072328603360F2E768
:10BB90006FF01200F0E700BFF430002008B5014656
:10BBA000034821F05FFC10B1012300F8073C08BDF9
:10BBB000F43000200D4A03460021A0F84810106818
:10BBC000C3F8940090889279A3F8980083F89A209B
:10BBD00083F89C1083F89B10A3F89E1083F8A010A4
:10BBE000402203F14C0028F025B800BF5D4C050051
:10BBF00010B504690023C4F8A8300C4BC4F8A400A5
:10BC0000596804F1A80269B9C3E9002204F10800E7
:10BC1000074927F04AFD04F11800064927F091FD75
:10BC2000002010BD0A605A60F0E700BFF430002029
:10BC3000B9D40400ADBC020073B504698DF80710D7
:10BC4000002384F848302025EFF3118685F312880D
:10BC5000BFF36F8F0122D4F890000DF1070120F09F
:10BC6000BCFD86F31188BFF36F8F012807D027F042
:10BC7000BDFD68B10B4B1A780AB901221A70212256
:10BC8000002304F1180108481DF0C4FB02B070BD88
:10BC900094F8A130002BEDD00021212027F05BFE8D
:10BCA000D2E700BF565D0020281E0020F0B5D0F876
:10BCB0008C305B681B6A1E7D85B00546304621F0DE
:10BCC000E7FB074648BB95F8863033B3A86F0146BB
:10BCD000836851F8102F9B1AB3F5806F28BF4FF47B
:10BCE000806303AA20F031FD0446B0B18206A5F1BD
:10BCF000180308BF00F1FF3485F830700193084B3A
:10BD000003990093224602233046FFF7E3FDA86F14
:10BD1000224600F1100120F04AFD05B0F0BD00BF41
:10BD2000E5BA020037B514460A1E054620DDD4F8F0
:10BD30008C0004F14C0120F050FD012384F84930BF
:10BD400023683BB194F84B3023B1114804F108014A
:10BD500027F0C6FCD4F88C104B684A699A1ACB6954
:10BD60009B1A3F2B04D8012384F8A03003B030BDC8
:10BD700094F89E30002BF9D0064B009301940123D8
:10BD8000402204F14C012846FFF7A4FDEEE700BF76
:10BD9000281E002025BD020073B50D4601461D4832
:10BDA00021F046FB044610B3691EA0F1A406052944
:10BDB0001DD8DFE801F01E1C031E242810F8061C05
:10BDC000A9B903685D68012300F8063C2B6A324676
:10BDD000187BFFF7A7FF14F85C2C42B92B6A187D7B
:10BDE0000D4B0093019602231146FFF773FD02B03D
:10BDF00070BD304602B0BDE87040FFF7DBBE0123E6
:10BE000004F8053CF3E710F8053C002BEFD00023C5
:10BE1000F6E700BFF4300020E5BA020013B50024B5
:10BE20000749084800944FF0FF334FF480621DF03B
:10BE3000B3FA0549034827F0DFFC204602B010BDE5
:10BE4000806E0020281E00209A7C05001FB5072464
:10BE50000294044C0194BDF81840009424F0B1F809
:10BE600004B010BDE215002010B5084C86B024784F
:10BE70008DF81740012402940DF117040194BDF8C8
:10BE80002040009424F09DF806B010BDE915002074
:10BE9000014B1878704700BFE915002000B589B044
:10BEA00064288DF8070018D80D4B1822187000214F
:10BEB00002A827F0BFFE0B4B03930DF10703049379
:10BEC00002A901230020ADF8143005F033FC10F175
:10BED000800F08BF002009B000BD6FF01500FAE721
:10BEE000E91500203C5305002DE9F0410E4B1C687C
:10BEF00006460F469046A4B14FF0FF324FF0FF3395
:10BF00000A481CF049FF63683A469D68314643463B
:10BF10002046A847044605481CF0B4FF2046BDE86B
:10BF2000F0816FF00104F9E7FC3000207417002065
:10BF300000230360044B5A6812B9C3E9000070473C
:10BF400010605860704700BF00310020014B18603E
:10BF5000704700BFFC30002030B585B00023054697
:10BF6000CDE9023301904FF0FF330C484FF0FF3220
:10BF70001CF012FF0A4B1C6834B1636820461B6832
:10BF800001A998472468F7E7284600F0C7F8044657
:10BF900002481CF077FF204605B030BD7417002022
:10BFA000003100201FB5CDE9010103924FF0FF33AE
:10BFB0000A484FF0FF321CF0EFFE094B1C6834B109
:10BFC000636820461B6801A998472468F7E703487F
:10BFD0001CF058FF204604B010BD00BF74170020AD
:10BFE00000310020024B0022C3E90022704700BF4D
:10BFF00000310020024B0022C3E90022FFF7F2BF0C
:10C0000008310020F8B51B4C1B4D06460F46AC42CC
:10C0100012D31A4D1A484FF0FF324FF0FF331CF085
:10C02000BBFE2C687CB1306854F8181C183CFBF738
:10C0300081F8C8B1A469F5E721683068FBF77AF8A0
:10C04000A8B11834E3E777606A68B46106F11803B1
:10C050003AB9C5E90033002409481CF013FF204613
:10C06000F8BD13606B60F6E76FF01004F4E76FF053
:10C070001004F4E74C4B0500F44B05000831002098
:10C08000741700202DE9F74307460D4609B1002338
:10C090000B601F4CDFF8809000264C450FD31D4BE2
:10C0A0001C6884B354F8188C01AA41463846183CE1
:10C0B00021F0DAFA10B3D6B915BB26461EE0D4F843
:10C0C000008001AA4146384621F0CEFA50B116B997
:10C0D00055B9264606E031680022404621F0C4FAF0
:10C0E0000028F5D11834D8E7019B2B60F1E73168BF
:10C0F0000022404621F0B8FA0028DDD1A469D0E73B
:10C10000019B2B60D9E7304603B0BDE8F08300BF48
:10C110004C4B050008310020F44B05002DE9F04799
:10C12000DFF8AC90DFF8ACA080464FF00047002667
:10C13000264C3D464C450DD3DAF80040002C40D04B
:10C14000183CB8F1000F24D1226952BBA469F5E76D
:10C150002F46EDE7B8F1000F03D122694AB9183430
:10C16000E8E720680022414621F07EFA0028F4D159
:10C17000F5E76368BB4206DDAF4202D0AB42A8BF21
:10C180002B461D46EBE7EAD19047002E08BF064636
:10C19000E5E720680022414621F066FA0028D3D165
:10C1A000D4E76368BB4206DDAF4202D0AB42A8BF12
:10C1B0002B461D46CAE7C9D19047002E08BF064648
:10C1C000C4E7AF42C4D13046BDE8F0874C4B050010
:10C1D000F44B05000831002038B50C4D0C484FF0E9
:10C1E000FF334FF0FF321CF0D7FD2B7863B9FFF718
:10C1F00001FF00F069F8044608B901232B700448D8
:10C200001CF040FE204638BD0024F8E7575D0020B2
:10C21000741700202DE9F043048F99B00746884633
:10C22000013400F10806651EADB2B5F5004F47D0E8
:10C230004A2305AA2946304621F010F804F57F5418
:10C240003F34A4B28146214601230DF10B02304652
:10C2500021F004F8B9F1000F014610DC002810DCD1
:10C260003B8FAB4209D13A466B1E22F8383F4FF460
:10C2700000410223304620F0CEFE2C46D3E70028B2
:10C2800008DC2946304620F090FF2146304620F059
:10C290008CFFE5E709F160030DEB0309002309F8C2
:10C2A0004C3C084ACDF8008003AB05A80396ADF8D6
:10C2B000104021F00EFA0028DFD019B0BDE8F0835D
:10C2C0000020FAE737D704007FB501236946022032
:10C2D0000193FEF787FC044660BB02AA01A9022075
:10C2E00021F067F8044610B110F10C0F22D1039928
:10C2F000B1F5803F21D2009A002394681846084483
:10C30000844202D30133082BF9D10D4DA982EB826F
:10C310005368AB602846D368EB6321F0AEFA04465D
:10C3200040B9084E6E602846FFF702FE28466E6050
:10C33000FFF70CFE204604B070BD6FF02004F9E753
:10C34000103100200C11002030BFFFF7FDBF00BFEF
:10C35000054B9A699B689A421FBF044A536843F091
:10C3600080535360704700BF845C002000ED00E004
:10C3700038B5264B15469A6A12F0100F9A6A14BF08
:10C380001124102412F0080F9A6A18BF1224920781
:10C390000AD55A6B9C6A240635D519B1996A21F0E1
:10C3A00080019962132401E06FF01502174B996A1E
:10C3B00011F0010F996A18BF142411F0200F996A27
:10C3C00018BF1524C90602D49B6A9B070BD50F4BD7
:10C3D0005B68190507D50146104600F075FA10B1E3
:10C3E00080F309880224094B9A6A920642BF596A6F
:10C3F00021F400515962996A41F0FF0199620023CA
:10C400002B70204638BD6FF01502CBE700ED00E041
:10C41000134B9A6A12F0007F9A6A14BF1E201D20E7
:10C4200012F0807F9A6A18BF1F2012F4002F9A6AB8
:10C4300018BF212012F4802F9A6A18BF222012F40C
:10C44000003F9A6A18BF232012F4803F9A6A6FEA6D
:10C4500002426FEA12429A6218BF2420704700BF5E
:10C4600000ED00E010B5194A936A946A13F4805FF6
:10C4700014BF1723162314F4006F946A18BF1823EF
:10C48000A40509D5936B936A1C0404D518B1936A6B
:10C4900023F40043936219230C4A906A10F4806FCE
:10C4A000906A18BF1A23C0050DD4926A12F4005F77
:10C4B00018BF1C230548826A42F47F428262002230
:10C4C0000A70184610BD1B23F4E700BF00ED00E022
:10C4D00070B5454B5B689CB0C3F30803002484F33C
:10C4E0001188BFF36F8F02F07F45B5F17F4F13D1F5
:10C4F00015070ED512F004050FD00E462546002272
:10C50000033B8DF80720032B09D8DFE803F02261F5
:10C51000655E06460125F2E725462E46EFE7002434
:10C520009DF807309BB96822314602A827F05BFBD3
:10C53000099B002D54D0C3F3080222B96FEA53239C
:10C540006FEA4323099302A9204621F0CAF91CB0DF
:10C5500070BD254BDA6A9107E1D4DA6A002ADEDB86
:10C56000DA6A5200DBD55A69B16942F480725A61C5
:10C57000BFF34F8FBFF36F8F5A6931F8021C22F45B
:10C5800080725A61BFF34F8FBFF36F8F4DF6027207
:10C59000914201D13468C3E79A6AD2B23AB10DF13F
:10C5A000070201213046FFF7E3FE0446B8E79A6A26
:10C5B00012F47F4F05D00DF107010120FFF752FF64
:10C5C000F3E79B6AB3F5803FA9D3FFF721FFECE7C0
:10C5D0000DF107020021E5E70DF107010020EDE76D
:10C5E0006FF30803AEE700BF00ED00E0044B5A69AB
:10C5F00042F010025A615A6922F008025A617047EB
:10C6000000ED00E0EFF30880EFF3098101B5724619
:10C61000FFF75EFF01BD00BF18F008FF202080F388
:10C62000118808484FF40861401880F30988EFF337
:10C6300014800221084380F31488BFF36F8F00F049
:10C64000CBF8000000920020BFF34F8F0549064B46
:10C65000CA6802F4E0621343CB60BFF34F8F00BFA0
:10C66000FDE700BF00ED00E00400FA05084B9B6801
:10C6700083420BD1EFF3058343B1064B5A6842F076
:10C6800080525A605A6A22F400425A621DF062BA1D
:10C69000845C002000ED00E021498A6882F8C1E056
:10C6A0004FF030001044EFF3098C80E8F01F1EF0CB
:10C6B000100F03D102F1800080EC108A202080F35B
:10C6C0001288BFF36F8F174F4FF000668A698A6038
:10C6D0003E6092F9C1E0906F0023936780F3118868
:10C6E0001EF0100F03D00023E1EE103A03E002F138
:10C6F000800090EC108AEFF3148323F0040383F39B
:10C700001488BFF36F8F04B5104600F061F9BDE8DF
:10C71000044002F1300090E8F01F8CF30988704764
:10C72000845C002004ED00E01EF0040F0CBFEFF36A
:10C730000880EFF30980816911F8021C0229FFD0FB
:10C7400001B5724621F0D3F801BD00BF40B2002808
:10C7500007DB044A4109012300F01F00834042F82F
:10C760002130704700E100E040B200280CDB4309B3
:10C77000064900F01F0020330122824041F82320A7
:10C78000BFF34F8FBFF36F8F704700BF00E100E032
:10C79000054B420900F01F0053F82220012303FA41
:10C7A00000F01040704700BF00E100E040B20028F8
:10C7B000ACBF00F16040074B01F10101ACBF00F5D7
:10C7C000614000F00F004FEA4111B4BF195480F8E6
:10C7D0000013704714ED00E0144A08B5144B22F022
:10C7E0007F029A60BFF34F8FBFF36F8FD3F888201B
:10C7F00022F47002C3F88820D3F8882042F4A00203
:10C80000C3F888204FF04042C3F83422BFF34F8F63
:10C81000BFF36F8F0023E1EE103A1CF001F91DF019
:10C82000D1FA21F096F81CF03DF900BF007002002B
:10C8300000ED00E042F8203C009B42F81C3C019BCC
:10C8400042F8183C0A49029B42F8143C4FF08073AE
:10C8500042F8043C21F00101002342F8081C203A70
:10C8600083674FF47D430265C0F8C030704700BF56
:10C87000DDC30400037B13F0020F124B03D190F8C9
:10C88000C120D20611D45A6B42F080425A63D0F8CC
:10C89000C03019075CBF43F00803C0F8C030037B09
:10C8A00043F002030373802070475A6B22F08042EA
:10C8B0005A63D0F8C0301A0744BF23F00803C0F809
:10C8C000C030F0E700EF00E0094B0246986870B115
:10C8D00012F1160F806E05D0A0F18003934205D8A7
:10C8E000824203D2814228BF002070470020704757
:10C8F000845C0020104B9B6883421AD1EFF30580C3
:10C90000B8B9EFF31181202282F31288BFF36F8F41
:10C910001A7B22F002021A73EFF3148323F004034C
:10C9200083F31488BFF36F8F81F31188BFF36F8F88
:10C9300070476FF015007047845C002008B50E4604
:10C9400015460023E1EE103AEFF3148323F00403BD
:10C9500083F31488BFF36F8FBFF36F8F074B98601B
:10C9600000F036F82C4686F309880020044B9847DF
:10C970002046002100220023024C2047845C002036
:10C980000DD90400DDC30400014B10221A61704769
:10C9900000ED00E008B5EFF30583064A103B02EB1B
:10C9A000C30152F8330049688847BDE80840FFF7E3
:10C9B000CFBC00BFC4470500024B034A0348012116
:10C9C00000F07AB800000420000000208C5305001D
:10C9D00010B50446FFF74EFFA26E064B121AC3E9CC
:10C9E0000020054A9A60BDE810400121184600F079
:10C9F0006DB800BF5031002000000B15084AC2F886
:10CA000098000B6823F01F03034343F01003C2F8A0
:10CA10009C308B6843F00103C2F8A030704700BF20
:10CA200000ED00E02DE9FF41174E0D461F4604467C
:10CA30004FF00008A84523DA6068D8B13FB1411E25
:10CA400008421BD17F2819D92368194216D12368BF
:10CA5000019320F08AFFA36803430393D6F8903034
:10CA6000C3F30723D0B2013B984207D801A9FFF7CF
:10CA7000C5FF421C08F101080C34DBE76FF015021A
:10CA8000104604B0BDE8F08100ED00E0044B052243
:10CA9000C3F89420BFF34F8FBFF36F8F704700BF71
:10CAA00000ED00E0BFF35F8F024B0022C3F894203B
:10CAB000704700BF00ED00E010B5034C0123227861
:10CAC000FFF7B0FF207010BD585D002008B50B4A7D
:10CAD00000231278FFF7A6FF10F1160F07D0084ABF
:10CAE0000021D2F89030C3F30723984200DB08BD41
:10CAF000C2F89800C2F8A0100130F2E7585D00209B
:10CB000000ED00E0F0B5534B534CD3F8903025685E
:10CB1000C3F307239D4285B000F29880FFF7C2FF60
:10CB200000200C26854216D14C4C4A4F2570684691
:10CB3000FEF700F800250646AE4213D1237845499A
:10CB40000020D1F89020C2F30722934278DBFFF750
:10CB50009DFF002043E0616806FB0011FFF74EFFD8
:10CB60000130DFE7009800EB05114FEA051CCB68A8
:10CB70006FF31303B3F5000F49D00AD8B3F5001FC4
:10CB80002FD0B3F5800F37D0B3F5801F10D001350B
:10CB9000D2E7B3F1807F43D0B3F1007FF7D150F8F3
:10CBA0000C3088684A6820F0E0FE40F4802009E0FC
:10CBB00050F80C3088684A6820F0D7FE40F0885062
:10CBC00040F43020CDE901230390D7F8903020784D
:10CBD000C3F30723013B98422BD96FF0150005B032
:10CBE000F0BD50F80C3088684A6820F0BEFE40F076
:10CBF000885040F40020E5E750F80C3088684A6817
:10CC000020F0B3FE40F0007040F40030DAE750F856
:10CC10000C3088684A6820F0A8FE40F08270D1E7A6
:10CC200050F80C3088684A6820F09FFE40F0887009
:10CC3000C8E701A9FFF7E2FE237801332370A6E7D6
:10CC4000C1F89830C1F8A00001337AE74FF0FF3007
:10CC5000C5E700BF00ED00E098530500585D0020D7
:10CC600008B5024B1B689847002008BD5C310020C6
:10CC7000034B044A1860937843F0020393707047A3
:10CC80005C3100202011002008B50649064821F03B
:10CC90000701C1F1005202F580221FF05AFB00206B
:10CCA00008BD00BFC7C100206031002003484FF01D
:10CCB000FF324FF0FF331CF06FB800BF301100207F
:10CCC00001481CF0DFB800BF3011002038B5054620
:10CCD000FFF7ECFF07482A4608211FF0D1FA044667
:10CCE00020B91DB120F051FE0C230360FFF7E8FFCF
:10CCF000204638BD6031002010B50446FFF7D6FF4E
:10CD0000214603481FF085FABDE81040FFF7D8BF61
:10CD10006031002070B54169867A0B4D044659B1E7
:10CD2000437ADB0706D42C2303FB06535B6A1B689C
:10CD30009B689847002363612C20214600FB065026
:10CD4000BDE8704026F02BBC8C180020024B2C2232
:10CD500002FB0030704700BF8C180020827A064B1F
:10CD60002C2101FB02339A6A1B7F1B33801A23F0AC
:10CD70000303B0FBF3F070478C18002038B5074B65
:10CD8000827A2C2404FB02335B6AD3E901240C6011
:10CD90001568FFF7E3FF04FB005038BD8C18002036
:10CDA0002DE9FF4D05466846039192469B4626F0C5
:10CDB0004DFEDDE90067EFF31188202383F312882D
:10CDC000BFF36F8F6B8B002B41D02A8B9A4225D9F2
:10CDD0000022002328461CF0A5F80446F0B188F391
:10CDE0001188BFF36F8F039B002B41D032463B4627
:10CDF000684626F053FEA27A264B2C2101FB023313
:10CE000020465B6A1B6803A91D68DDE90023A8476B
:10CE1000606170BB2046FFF77DFF24E0698B4B1EED
:10CE20006B8388F31188BFF36F8F2B7F2A8BAC6ADB
:10CE30001B3323F00303521A02FB0344154B164A1B
:10CE4000EB1A9B105343A3722B7FE372CBE788F35B
:10CE50001188BFF36F8F52465B4628461CF062F87C
:10CE600004460028BFD10024204604B0BDE8F08D60
:10CE70006361012300252381039B6382E27A65605D
:10CE8000294604F1180026F0D5FE63692582E36087
:10CE9000EAE700BF8C180020A38B2EBA70B50C4CAB
:10CEA0002C2500B970BD037A4668013BDBB20372E2
:10CEB000002BF7D1C3604360837A05FB03431B6AF1
:10CEC00013B198473046ECE7FFF724FFFAE700BFBD
:10CED0008C1800200C4B0122C3F840254FF08043F2
:10CEE0004FF08051C3F87825D1F83001082805D1DA
:10CEF000D1F83411022908BFC3F838260122C3F83B
:10CF000080250020704700BF00E0014020B1034BA6
:10CF1000800143F001031847704700BFA04C050093
:10CF200008B5044826F019F900280CBF6FF012006C
:10CF3000002008BDE445050010B5064B9A6814684A
:10CF40008AB201461846A0470028B4BF6FF004001B
:10CF5000002010BDE44505002DE9F341254C0546B0
:10CF600017469846BFF35B8F2368BFF35B8FDA07E2
:10CF70002BD520B96FF0010002B0BDE8F08101A906
:10CF800020F093FB1C4906460246284627F008F885
:10CF9000E8B9BFF35B8F2368BFF35B8FC3F3C006B1
:10CFA0001B0712D40722A4F1D4014046B847062833
:10CFB00095BF44F8D46C072344F8D16CB0FBF3F070
:10CFC00094BF04F8CD6C04F8CD0C0020D4E72846BB
:10CFD0000A49324626F0E4FF05460028CAD110224D
:10CFE00004F19C014046B8470028EEDB044484F875
:10CFF0009C50EAE74C0D0020EF7B0500BE7C05004D
:10D000002DE9F04188B09C79DDF838805D791E7992
:10D01000DF7893F802C093F801E01B78B8F1000FB5
:10D020000ED0CDE90638CDE904CE1346CDE902672E
:10D03000CDE90045084A1DF0E5F808B0BDE8F081EB
:10D04000CDE905E3CDE9037C1346CDE90156034A5A
:10D0500000941DF0D7F8F0E7C37C0500E77C0500DD
:10D0600070B504468CB015461E46A2B129B10A46D9
:10D0700002A804211FF0C9F902A900912B462246FB
:10D08000242103A8FFF7BCFF109A314603A8FEF73E
:10D090002BFF0CB070BD0346044A242103A81DF0E9
:10D0A000B1F8A842F0DA6FF01500F2E7087D05004C
:10D0B00007B5064B0648DA79C2EBC202009200229D
:10D0C0001146FFF7CDFF03B000BD00BF780C002074
:10D0D000EF7B050030B504468DB0154692B129B1FD
:10D0E0000A4602A804211FF090F902A900912B46DC
:10D0F0002246242103A8FFF783FF03A820F0ADFAFE
:10D100000DB030BD0346054A242103A81DF07AF86E
:10D11000A842F2DA6FF01500F2E700BF087D0500C3
:10D1200007B5009313460A4601460248FFF798FFE9
:10D1300003B000BD837E05000A4601460148FFF7A3
:10D14000C9BF00BF837E050007B5009313460A469A
:10D1500001460248FFF784FF03B000BD7D7E050055
:10D1600007B5009313460A4601460248FFF778FFC9
:10D1700003B000BD6E7E050007B500220346009196
:10D1800002481146FFF76CFF03B000BD757E050035
:10D1900007B500220346009102481146FFF760FFE1
:10D1A00003B000BDBE7C050008B502481CF0EEF8D7
:10D1B000002008BD4411002038B51E4CBFF35B8F22
:10D1C0002368BFF35B8F13F0010F25462FD094F82F
:10D1D0009C3013B9184800F01BFB14F8CD3CD3B1B8
:10D1E000BFF35B8F2368BFF35B8F5A0701D400F056
:10D1F00009FBBFF35B8F55E8003F23F4006245E86D
:10D2000000210029F7D1BFF35B8F1B050FD5BDE8C7
:10D210003840FFF7C9BF01F071F838B914F8CD3CB8
:10D22000002BDDD101F07AF80028D9D038BD0020DC
:10D23000FCE700BF4C0D0020F77F050007B5009309
:10D2400013460A4601460248FFF70AFF03B000BD35
:10D25000897E05000A4601460148FFF73BBF00BF33
:10D26000897E05001FB5094B0948029300240394E9
:10D2700026F061FA02AB0093064905480A234FF4F1
:10D28000B0621CF089F8204604B010BD117D050085
:10D29000101F002000730020014601481CF0BAB89E
:10D2A000101F00200146014826F01ABA101F002066
:10D2B0000378012B30B513D0022B26D07BB9184B45
:10D2C0000A4603F1100453F8045B42F8045BA342DE
:10D2D000F9D11B78137043884B731B0A8B7330BDD5
:10D2E0000F4B0A4603F1100453F8045B42F8045B49
:10D2F000A342F9D11B78137043684B731A0A1B0CB5
:10D30000CB731B0A8A730B74E9E700F1100350F822
:10D31000042B41F8042B9842F9D103780B70DEE717
:10D32000D480050008B520F0D9FC1CF0F3FA044BBA
:10D330001B680BB10A209847BDE808401CF0FEBAF4
:10D340006C31002038B50546054820F03EFB044608
:10D3500020B101210C3020F099FB2576204638BD04
:10D36000681900200F2810B50ED80D280ED90B48CB
:10D3700020F02BFB044628B101210C3020F086FB65
:10D3800002232376204610BD1328F0D009B10448AB
:10D39000EEE7BDE810400220FFF7D4BF941900204B
:10D3A000E418002070B5C668337893B9B6F8014028
:10D3B0000F21204601F070FFF378054650B90A4A64
:10D3C000118831B96FEA04506FEA10501080074A93
:10D3D000137070BD0373012101F0DCFE2846BDE827
:10D3E000704001F0AFBE00BFC45C0020595D00205A
:10D3F00010B5084C0146062294F86F0002F0FCF9C3
:10D4000038B994F86F000449BDE81040052202F0D5
:10D41000F3B910BD780C0020BA80050010B50121C9
:10D4200004460C3020F064FB2146034A0078BDE836
:10D430001040002320F064BD8C54050010B501217C
:10D4400004460C3020F054FB2146034A0078BDE826
:10D450001040082320F054BD4C54050070B52F48EF
:10D4600020F0CCFA0446002857D0017E022932D0A1
:10D47000082902D1038A032B02D8FFF70FFD20E011
:10D4800004210C3020F034FBFF22438806886276AA
:10D49000228AC6F30B009A42A08301D02046ECE713
:10D4A0000F2101F0F9FE05460028F7D001F026FF14
:10D4B000320B60762146284621F0BDFA284601F05D
:10D4C00041FE174BD3F84C313BB3BDE870401549D2
:10D4D000154826F005B9038A012BCED90C3020F06F
:10D4E00007FB0646007820F06EFC10F002050DD117
:10D4F0000E4A0F490F4840F6D3331EF079FF85F3EB
:10D500001188BFF36F8F0323184602DF0A4A307871
:10D510000623214620F0F4FCC0E770BDC40D0020B6
:10D52000780C002064110020F81F00201A7D0500EF
:10D530004E7D05007C7D05001C5405002DE9F0475B
:10D5400082460F469146002879D0BFF35B8FDFF803
:10D55000F880002358E8004F48E80032002AF9D14B
:10D56000BFF35B8F002C6AD02046FFF7F7FB354DE9
:10D570000C2303FB005026464388534511D0BFF3CC
:10D580005B8F58E8003F48E80062002AF9D1BFF3FA
:10D590005B8F002B53D01E463046BDE8F047FFF7A7
:10D5A0007DBCA14511D0204620F00AFA02230121BA
:10D5B00004F10C00237620F069FAB9F81020D9F8AC
:10D5C0000C1004F10C0020F072FA2046FFF7C6FBA5
:10D5D0004FF00C0808FB005043689BB197B92046F8
:10D5E000FFF7BCFB08FB005001214268536803F0C1
:10D5F0001F00814010685B0900EB8300137AD3B1F0
:10D6000020F0F3FB2046FFF7A9FB4FF00C0808FBC6
:10D6100000508368002BBFD02046FFF79FFB08FB1C
:10D6200000F02F542046FFF799FB08FB0055A8682F
:10D630001BF0A8FCB0E7C94320F078FCE2E7BDE8A6
:10D64000F08700BF70310020C00D002010B5C1E987
:10D6500000239DF808300B720C46FFF77FFB034B4D
:10D660000C2202FB00335C6010BD00BF7031002053
:10D670002DE9F0474FF0FF3280464FF0FF33184856
:10D68000894620F0A2F9044638B301210C3020F07D
:10D69000FDF9012323762046FFF760FB114D0C278F
:10D6A00007FB00504FF0000AA0F802802046FFF769
:10D6B00055FB07FB0050C0F808A02046FFF74EFBC3
:10D6C00007FB0055032104F10C00C5F804A020F06D
:10D6D000E8F9A0F8008080F802902046BDE8F087C5
:10D6E0003C190020703100200138C0B202289ABFD6
:10D6F000014B185C002070470F81050029289ABF54
:10D70000014B185C09207047E5800500034B01467A
:10D71000D3F86C0182689268104700BF780C002033
:10D720002DE9F84304460C3020F0F2F9278A012F46
:10D73000054604D82046BDE8F843FFF7AFBB0221F9
:10D7400004F10C0020F0D4F98046007820F03BFB77
:10D7500010F0010906460DD10E4A0F490F4840F658
:10D76000F2731EF045FE89F31188BFF36F8F032318
:10D77000184602DF05230A4A98F80000214620F0E7
:10D78000BFFBB307D6D56369278213FA85F5E56039
:10D79000BDE8F8831A7D0500997D05007C7D0500B4
:10D7A000F453050038B50C461CF0B4F8237E022B68
:10D7B0000ED0082B19D11048214620F00AF90F4944
:10D7C0000F4825F08DFF00241CF0B8F8204638BD26
:10D7D000E368187820F0F7FAC2070546EBD5204633
:10D7E000FFF79EFFAB07E6D4EDE72046FFF756FBB9
:10D7F0006FF01504E8E700BFC40D0020641100209D
:10D80000F81F00200148042120F0EFBA4C0D002041
:10D8100038B50546F9F7A0FC1028044615D80C4881
:10D820002946F9F787FC70B122462946084826F0B8
:10D83000DAF9084803190022214600F5B87083F888
:10D840007021FFF7A5FC002038BD6FF00B00FBE74F
:10D85000E80D0020780C002000487047E80D0020FB
:10D8600001481BF093BD00BF5411002038B5054698
:10D870000C4619B9FFF7FCFE0446A8B140F6354343
:10D880009D4209D12046FFF741FF054610B12046D1
:10D89000FFF704FB284638BD0548214625F075FEF4
:10D8A0000025FFF7DDFFF5E76FF06805F2E700BF41
:10D8B000CC0D002038B502460B46244DD5F8541146
:10D8C00009B9002038BD05F598701BF095FB0028BC
:10D8D000F7D10022002305F5AA701BF023FB0446B4
:10D8E00068B91B4A1B491C4840F6E2331EF080FD14
:10D8F00084F31188BFF36F8F0323184602DFD5F836
:10D90000480120B1FFF7CAFA0023C5F84831204684
:10D9100020F08AF8C5F848012046FFF7F7FE98B1D5
:10D920000E481BF02FFB2046FFF718FA0C4B0C2279
:10D9300002FB00301F2140882246FFF7FFFD2046F2
:10D94000FFF7ACFAFFF78CFF0120BBE7780C002053
:10D950001A7D0500B27D05007C7D0500A80D002024
:10D96000703100202DE9F047804686B016460C46FF
:10D9700031B9FFF77DFE044640B96FF0680072E0F0
:10D98000887AFFF7E3F9434B98427DD101220021C9
:10D99000684625F011FE2046FFF7E0F93E4F0C23C4
:10D9A00003FB0070C0F808D0204620F03DF8014687
:10D9B0003A4825F0EAFDFFF753FF1CF0C5F8384B55
:10D9C00098421ED1354825F0F3FD002182464FF4E0
:10D9D000A020FFF76FFF814688B9324A32493348A9
:10D9E0004FF4D7731EF004FD314841461EF000FD90
:10D9F00089F31188BFF36F8F0323184602DF544564
:10DA0000E0D14FF4A022002368461BF0F5FA05464A
:10DA100098B14FF4DA73234A264924481EF0E8FCF3
:10DA200025482A4641461EF0E3FC002383F3118873
:10DA3000BFF36F8F0323184602DF2046FFF78EF9EE
:10DA40000C2358433D5CBDB12046093DFFF726FA43
:10DA5000092D0ED8DFE805F01B0D0D0A050D0D0D83
:10DA60000D186FF00B0006B0BDE8F0876FF00C00EA
:10DA7000F9E76FF00400F6E716B134600020F2E732
:10DA80002046FFF70BFAF9E76FF01500EBE76FF0B0
:10DA90006E00E8E73C19002070310020CC0D00201A
:10DAA000902C00201A7D0500B67D05007C7D0500C8
:10DAB000BE7D0500DE7D0500E77D0500F7B5134B53
:10DAC00093F99B30002B05460C461CDA14B920460E
:10DAD00003B0F0BD01AA002142F21800FFF742FF97
:10DAE0000028F5D1019F082CF968264628BF082692
:10DAF00032460131284626F076F83846FFF7CEF94F
:10DB00003544A41BE2E76FF08500E1E7780C0020C4
:10DB100010B5F9F729FB034B1B6813B1BDE81040A2
:10DB2000184710BD9431002073B5274D0646D5F82F
:10DB30006C0125F012FB00283FD06FF0020105F1C7
:10DB4000D40020F0F3F9012120F04FF9C30737D4B6
:10DB500020F055F8044668BB1C4B1E60012211469C
:10DB600005F5987025F028FD05F5AA7025F0D0FC84
:10DB7000174825F0E0FD1749154800946FF007039A
:10DB800040F698021BF008FC1349114825F034FEBA
:10DB9000D5F86C01114983681B689847044648B959
:10DBA00026B902B0BDE87040F9F7DEBA05F1C4004D
:10DBB0001BF0ECFB204602B070BD6FF01204F9E7D9
:10DBC0006FF07704F6E700BF780C00209431002056
:10DBD000F81F0020007900202C7E0500A5D7020048
:10DBE0002DE9F0435B4BB0F80180198848F470428E
:10DBF00091424FF00006054685B002BF1E80564B8D
:10DC00001E7800F0C3F9EB78012B08BF534B05F1E8
:10DC100004000CBF93F86F70002720F05BF8291DFB
:10DC200040B302A820F04BF8D5F81130CDF8013000
:10DC3000B5F81530ADF805300127EB78012B12D17E
:10DC400002A8FFF7D5FBEB78012B04460AD100F0C0
:10DC500097FC6FF080018146103020F067F948464C
:10DC600020F07CFEE4B91321404620F065FB05B0AE
:10DC7000BDE8F083384620F0DFFC034600680290E0
:10DC80009A889B796868ADF80C208DF80E302A8947
:10DC9000AB7A2F790090ADF804208DF80630CCE7F0
:10DCA0002346B5F8012023F8702B02989DF80E202A
:10DCB000BDF80C1020679A719980B5F81730A4F858
:10DCC0008630B5F81930A4F88C30B5F81B30A4F8BC
:10DCD0008E30EB78E37000222273012B40F20112A8
:10DCE000A4F8A02024D18DF80070BDF804209DF880
:10DCF00006300098A4F87B2084F87D30C4F87700C3
:10DD000000F03EFC237A154AC3EBC3039918D3589D
:10DD1000C4F87E308B88A4F882308B7984F8843004
:10DD2000D2E9381303F03F03194301D000F0C6FDD8
:10DD30000721204601F02EFA26B126730121204644
:10DD400001F028FA204601F009FB204601F0FAF91B
:10DD50008DE700BFC45C0020595D0020780C0020D6
:10DD600000B5C3681A7889B032B13C2A32D109B003
:10DD70005DF804EB20F0E6B88DF80020B3F8012040
:10DD8000ADF80120DA788DF80320B3F80B20ADF858
:10DD90001720B3F80D20ADF81920B3F80F20ADF817
:10DDA0001B205A7C8DF81D20586801901A899B7A97
:10DDB0008DF80A30084BADF8082068461A689B8831
:10DDC000CDF80B20ADF80F30CDF81120ADF815309F
:10DDD000FFF706FF09B000BDCE80050038B503216E
:10DDE00004460C301FF084FEB0F8013040F6354296
:10DDF00093420ED0E1680578097822461846FFF76D
:10DE00009DFB35B103481BF0BDF8BDE83840FFF776
:10DE100027BD38BDA80D002038B5042104460C30BC
:10DE20001FF066FE4578017840882246FFF786FBA2
:10DE300035B104481BF0A6F8BDE83840FFF710BD27
:10DE400038BD00BFA80D002070B54FF0FF320D4661
:10DE50004FF0FF3300210646FFF784FA044660B90D
:10DE60000A4A0B490B4813231EF0C2FA84F31188A7
:10DE7000BFF36F8F0323184602DF022104F10C0069
:10DE80001FF00FFE06704570204670BD357E050000
:10DE9000B27D05007C7D0500F8B50A4DEE79074698
:10DEA0000024E3B29E4202D86FF0010006E029464A
:10DEB000384620F0F8FA073508B12046F8BD01349D
:10DEC000EFE700BF780C002037B504460D46B9B126
:10DED0001649284620F0E7FA90B91548C4EBC40467
:10DEE0002946204420F0E7FA124820F0EBFA4307D5
:10DEF00003D5FFF759F91FF084FE002003B030BDB1
:10DF000068461FF0CEFE0028F8D16846FFF7C4FF30
:10DF10000028F5DA0648C4EBC4042044694620F022
:10DF2000CAFA002DE0D001462846DBE7C180050093
:10DF3000780C00204C0D002070B5134C06222146B1
:10DF4000054626F01DF8D8B1062142F20500FFF77C
:10DF50008FFB0646A8B1062229460C301FF0A7FD0C
:10DF60000022314642F20500FFF7FCFC40B923468F
:10DF70002A6843F86929AA88A280012283F86820C8
:10DF800070BD6FF06800FBE7E10C00200A4BBFF3A7
:10DF90005B8F53E8002F22F4806143E800100028D3
:10DFA000F7D1BFF35B8F530504D50449002202204B
:10DFB00004F092BC704700BF4C0D002097E60400AF
:10DFC00007B50023CDE9000303496A46022004F0A7
:10DFD00083FC019803B000BDA3E50400F7B5054636
:10DFE00070B1464C94F8222194F823310AB19A4238
:10DFF00008D2013384F823312B7A43F004032B72C7
:10E0000003B0F0BD00210222084601F0F5FB0646F0
:10E01000A8B1BFF35B8FD43454E8003F43F480636E
:10E0200044E80032002AF7D1BFF35B8F2B7A43F02C
:10E0300001032B7203B0BDE8F04001F083B8014644
:10E040002F4800F097FA94F82331B3B994F82321BC
:10E0500094F822319A421FD10022114642F229003F
:10E06000FFF780FC70B994F82331013384F8233131
:10E070002B7A43F004032B7204E0304620F062FA5E
:10E080000028E3D0012020F05DFA1E48002103B0F3
:10E09000BDE8F04000F06EBA2A466F1C12F82A0B59
:10E0A000394620F015FA06460028EBD194F82331C2
:10E0B000013384F823312B7A43F004032B7294F854
:10E0C000A7305B07DED53946684620F0F4F9012316
:10E0D000082142F24E008DF80730FFF7C9FA0446D6
:10E0E0000028CFD0694608220C301FF0E0FC3246F1
:10E0F000214642F24E00FFF735FCC3E7780C0020C2
:10E1000001E6040075E50400F8B5054660B33B4C34
:10E1100094F8222194F82331F2B1013293421CDCAD
:10E1200000210222084601F067FB0646E8B1BFF372
:10E130005B8FD43454E8003F43F4806344E80032FA
:10E14000002AF7D1BFF35B8F2B7A43F002032B72C7
:10E15000BDE8F84000F0F6BF13B1013B84F823316D
:10E160002B7A23F004032B72F8BD0146244800F0FB
:10E1700001FA304620F0E6F9074688B994F82331D1
:10E1800094F822219A4217D2013B84F823312B7A4A
:10E190001C4923F0040302462B72022004F09CFB6E
:10E1A00094F8233113B1012020F0CCF9BDE8F840F8
:10E1B0001548002100F0DEB9072142F22800FFF7E0
:10E1C00057FA06460028EBD007210C301FF069FCF7
:10E1D000691C20F070F93A46314642F22800FFF7F8
:10E1E000C1FB0028DCD194F82331013B84F82331B2
:10E1F0002B7A23F004032B72D2E700BF780C0020A7
:10E2000001E604002FE5040075E5040070B504463E
:10E2100011B16FF0150070BD80B11B4920F043F9BA
:10E2200060B92046FFF738FE002827DA2378012B53
:10E23000EFD1A37903F0C003C02BEAD1134DEB79E2
:10E24000012B1ED005F1D40020F03CF9C30707D400
:10E25000002CDED00C49204620F025F90028D8D12A
:10E26000EE792146731C3046EB71FFF72DFE08B99D
:10E270003046D0E7EB79013BEB71CCE76FF07700EC
:10E28000C9E76FF00B00C6E7C1800500780C0020DD
:10E290002DE9F3410446D8B101AA002141F2090059
:10E2A000FFF760FB074698B9019D1249D5F80C802D
:10E2B000062208F1010025F063FE30B10E49062266
:10E2C00008F1010025F05CFE30B92846FEF7E6FDB6
:10E2D000002002B0BDE8F081D8F80130C4F8013068
:10E2E000B8F80530A4F8053028462770FEF7D6FDAB
:10E2F0000120EEE7CE800500C880050007B568461E
:10E30000FFF7C6FF044BD87118B169460020FFF72C
:10E31000DBFD03B000BD00BF780C0020F0B5294D37
:10E32000EE7989B0002E46D195F8C230DB0722D5B0
:10E330006A4631464FF60940FFF714FBD8B9DDF8BD
:10E3400000C0DCF80C406378012B1E4628BF012674
:10E3500073B1A31C02AA123418685968174603C780
:10E360000833A3423A46F7D1186838609B88BB80CF
:10E370006046FEF793FDEE71002416260127EB7927
:10E38000E0B2984203D3B3B1002009B0F0BD08ABAE
:10E3900006FB0033694653F8182C33F8143CCDF8CB
:10E3A0000120ADF805308DF80070FFF78DFD0028D5
:10E3B000EBD10134E3E70021084609B0BDE8F040A5
:10E3C000FFF724BF780C00202DE9F04184460E466B
:10E3D00090461D46002848D0002B46D0310307D573
:10E3E000720742D420F03CF910BB01232B701FE0D0
:10E3F000F30704781ED520492AB1B70603D591F852
:10E40000D830580634D5C4EBC4040F5D012F07D1B2
:10E4100001342144604620F01BF948B92F7001E017
:10E42000002FFBD0B8F1000F01D0B20615D40020A8
:10E43000BDE8F081730715D50F49C4EBC4040F5D27
:10E44000012F07D10134214420F002F90028EFD137
:10E450002F70EAE7002FE8D1FAE72B7843F00203A8
:10E460002B70E4E720F0FCF8BFE76FF01500DFE762
:10E470006FF08500DCE700BF780C002008B5044988
:10E480000722093025F07CFD003818BF012008BDA7
:10E49000C1800500F8B5154B057883F86F50044628
:10E4A0000E46FFF7EBFF70B91149284601F060F9FD
:10E4B000044610B96FF00B00F8BD052100F06AFEAC
:10E4C00034600020F8E704F109073946284620F0B7
:10E4D000A8FB40B92078394601F04AF904460028E3
:10E4E000E8D00621EAE76FF01500E5E7780C002098
:10E4F000BA800500F8B545686A05064633D4046954
:10E5000014B115F001032ED0184F3078FB798342F7
:10E5100029D9C0EBC00016490722384425F030FD48
:10E52000A8B115F0010306D197F87020082A02D887
:10E53000B2689F2A17D915F0300F09D09CB1EB06AD
:10E5400008D405F46035B5F5603018BF0120F8BD7A
:10E55000002CF6D1D6E902239A4204D81F2A02D908
:10E56000B3F5804FEDD90020F1E700BF780C002013
:10E57000C180050003460148184700BF900C0020E9
:10E5800000487047900C00202DE9F04F8DB0CDE988
:10E590000423054600238D48D1F81080079320F00E
:10E5A0009FF846070C4640F106810846FFF7A2FF98
:10E5B00028B96FF0150318460DB0BDE8F08F20465E
:10E5C00020F065F881460028F3D005F110073846A1
:10E5D00020F086F8C0F3C016000600F1EF80A368B3
:10E5E0006068ADF82030E368ADF82230CDE9096607
:10E5F000CDF82B6020F061F86FF480718DF82D005C
:10E60000724820F073F8724A23782B7082F86F30CA
:10E61000B8F100020DF12503616818BF01222846F8
:10E62000FFF7D2FE03460028C5D1B8F1000F57D03E
:10E6300023691A68C5F809209A88A5F80D209B79E6
:10E64000EB73204620F053F96368D90782464CD516
:10E65000B8F1000F46D013F0100F0CBF01230423B4
:10E660008DF8243023691A68CDF826209A88ADF8F1
:10E670002A209B798DF82C304FF000090F2142F2AF
:10E680000600FEF7F5FF8346002800F09A800F226F
:10E6900008A90C301FF00BFA0022594642F206007E
:10E6A000FFF760F9002840F08F80B8F1000F2AD002
:10E6B0006368DB0735D42846012120F028F9079D3F
:10E6C000034600286FD0002D3FF475AF0490002161
:10E6D000284600F05FFD284600F034FD049B6AE701
:10E6E0003C4BA6E78DF82480C8E79A0503D4169B17
:10E6F0000BB9022803D102238DF82430BEE703238F
:10E700008DF82430B8E7179B0093CDE9019A169B4A
:10E71000DDE90412284620F06EF803460028C7D031
:10E7200049E707A92846FFF7B5FE03460028C2D0EF
:10E7300010F10C0F7FF43DAFB8F1000F7FF43BAF49
:10E74000626890073FF537AF267986F00206C6F378
:10E75000400632460E21384620F036F80AF1FF33E3
:10E760005A425A410821384620F02EF8AAF10201F7
:10E770004A424A413846092120F026F822790A21E6
:10E7800002F00102384620F01FF84A460B213846B5
:10E7900020F01AF822790D21C2F38002384620F0C9
:10E7A00013F8002307E715B1284600F0CBFCB8F1B9
:10E7B000000FCED1C8E76FF00A03FCE66FF07703D5
:10E7C000F9E66FF06803F6E60346F4E64C0D002028
:10E7D000780C0020C180050073B51546069A0C46DA
:10E7E000CDE900322B460A4601461348FFF7CCFE1E
:10E7F00000230646611C201D9D4202D1304602B016
:10E8000070BD14F83320012A09D111F83320012AF0
:10E8100005D150F8332012B11278D20701D4013358
:10E82000EAE70649064824F08CFF4FF470220023E3
:10E8300003481AF04DFEE1E7900C002063E9040064
:10E84000A80C002010B5194820F088F818486FF47B
:10E8500080411FF04BFF16481FF042FF03461A0687
:10E86000C0F3C01021D512481FF03AFF430513D55D
:10E870000E48FFF703FE0F490346087E93B90E4981
:10E88000052200F0B9FF044630B10021017300F009
:10E8900081FC204600F056FCBDE8104003480021F2
:10E8A00020F035B806222131EBE710BD900C002096
:10E8B000A00C0020780C0020BA80050073B52F480A
:10E8C0002E4C1FF00DFF10F4804F55D020461FF046
:10E8D00007FF0206C0F3C0154ED420461FF000FF0C
:10E8E000430549D501A9A4F11000FFF7D3FD002885
:10E8F00042D1A4F11000FFF7C1FD024620461FF0EF
:10E90000EFFEC0F3803120461FF0EAFEC0F3802303
:10E9100020461FF0E5FEC0F3403043EA800081F05E
:10E92000010140EA41010DF10303A4F11000FFF7DA
:10E930004BFD08BB0121A4F110001FF0E8FF019E70
:10E9400050B12946304600F025FC6FF48041204646
:10E950001FF0CCFEC0F38035304600F0F3FB5DB114
:10E96000BFF35B8F54E8003F43F4804344E8003238
:10E97000002AF7D1BFF35B8F02B070BDA00C00205E
:10E9800070B59AB01422002104A825F053F947F27B
:10E990001213ADF80C304FF48073ADF80E30354BD8
:10E9A00044F2010201A903A8CDE9052319F064FB93
:10E9B00030B31F25304BBFF35B8F53E8001F21F0AE
:10E9C000010143E80012002AF7D1BFF35B8F2B4E01
:10E9D0001AF0A0FF346864B1043C0AD0002D284D21
:10E9E00018BF002523680BB1284698476468002C9F
:10E9F0003DD10023C6E900331AF0A0FF1AB070BD64
:10EA0000019802AB412209A923F0DFFD0028D0D1F3
:10EA10001C4A0DF125030DF1650153F8040B42F872
:10EA2000040B8B42F9D11849019802AB202223F044
:10EA300074FD0028BDD1019823F027FD054600286C
:10EA4000B7D110490E481FF08EFF104820311FF03B
:10EA50008AFFBFF35B8F0E4B53E8001F41F010019C
:10EA600043E80012002AF7D1BFF35B8FA2E7043C12
:10EA7000B8E700BF0000020998310020A031002053
:10EA8000BA5D00207A5D00205A5D0020DA5D00202A
:10EA90004C0D002030B5A7B01422002108A825F0A5
:10EAA000C9F804233D22002116A8159325F0C2F8C9
:10EAB00047F21213ADF81C304FF48073ADF81E30DE
:10EAC000264B274944F20102CDE9092307A805ABEB
:10EAD000202223F0A4FDD8B16FF004041AF01AFF2D
:10EAE000204B1D6885B1002018601F4BBFF35B8F62
:10EAF00053E8001F21F0020143E80012002AF7D179
:10EB0000BFF35B8F24B3A8471AF018FF27B030BDBE
:10EB1000164B0DF1550203F14000194653F8044B12
:10EB200042F8044B8342F9D106AB02932023CDE98E
:10EB300000130A480599412315AA23F0C0FE0028B6
:10EB4000CAD1059823F0A1FC04460028C6D0C3E72B
:10EB50000DA806491FF007FF0DA8D4E70000020921
:10EB60005A5D00209C310020983100207A5D002001
:10EB700008B50449402225F003FAB0FA80F04009B4
:10EB800008BD00BF1281050010B598B004461422DC
:10EB9000002102A825F04EF844F21213ADF804301B
:10EBA0004FF48073ADF80630124B4FF48042CDE93C
:10EBB0000323214604230DF11D008DF81C301FF0A6
:10EBC000D2FE04F120010DF13D001FF0CCFE6B469A
:10EBD000412207A901A823F022FD044601A823F041
:10EBE000ADFF2CB9009823F050FC012018B010BDE7
:10EBF0000020FBE70000020910B5002837D0204AAA
:10EC0000136823B1043B984234D05B68F9E71D4B8D
:10EC1000BFF35B8F1968BFF35B8F89072DD414682E
:10EC20004460011D5068116000B95160BFF35B8FF3
:10EC300053E8002F42F0010143E800100028F7D10B
:10EC4000BFF35B8FD30701D5002010BD0E4BBFF380
:10EC50005B8F53E8001F21F0100143E80012002AE7
:10EC6000F7D1BFF35B8F0948FEF71CFBECE76FF0B1
:10EC70001500EAE76FF07700E7E76FF00F00E4E7D1
:10EC8000A0310020983100204C0D0020841100207C
:10EC9000054BBFF35B8F1B68BFF35B8F13F0100F47
:10ECA000024808BF002070474C0D0020BA5D0020CC
:10ECB00070B51F4A13688B42054632D0BFF35B8F95
:10ECC0001C4B1B68BFF35B8FDC062DD5136813B19B
:10ECD0006FF00F0070BD184BBFF35B8F1868BFF368
:10ECE0005B8FC007F4D4BFF35B8F53E8000F40F095
:10ECF000020443E80046002EF7D1BFF35B8F10F00B
:10ED00000204E5D111600D4829461FF02CFE0C4885
:10ED100005F120011FF027FE0A48FEF7C3FA20463E
:10ED2000D8E76FF07700D5E76FF07C00D2E700BF3F
:10ED30009C3100204C0D0020983100207A5D00208D
:10ED40009A5D00207411002070B50C4B1C680546BC
:10ED500044B154F8203C203C13B1297B2846984705
:10ED6000246AF5E7064C074EB44200D370BD236811
:10ED700013B1297B284698472434F5E7DC3100207D
:10ED8000244B0500244B050010B50446FDF7E6FFB3
:10ED9000044901EB001120461EF0DDFFBDE81040E4
:10EDA000FEF75EBDA831002070B5D1E90146002311
:10EDB0000546C1E90133064824F0E7FB3CB1314682
:10EDC000284623466FF06D02BDE87040184770BDBD
:10EDD0005C18002070B5002205460E460948002345
:10EDE0000021FDF7DDFF044658B1FDF7B7FF064BE4
:10EDF000324603EB001329462046BDE870401EF062
:10EE000085BF70BD10190020A831002070B50546DF
:10EE10000F48002200231AF0EFF8B8B90D4B1C6818
:10EE200034B154F8183C203C03B19847246AF7E702
:10EE3000094C0A4EB44204D32846BDE870401AF08B
:10EE4000A5BAA36803B198472434F3E770BD00BFA7
:10EE500044180020DC310020244B0500244B050021
:10EE60002DE9F041044620270025EFF3118287F3B6
:10EE70001288BFF36F8FE16929B1206A0B68E361E3
:10EE8000814208BF236282F31188BFF36F8F71B193
:10EE9000D1E901680748C1E9015524F076FB1EB1AC
:10EEA000002241462046B047FEF7DAFCDDE7BDE828
:10EEB000F08100BF5C18002030B5437B072B85B084
:10EEC00004463CD1BFF35B8F043050E8003F43F46D
:10EED000806240E800210029F7D1BFF35B8F5D0518
:10EEE0002DD41FF064FDC10323D5164D95F8D930FC
:10EEF000DA0709D5022300211A46009120461FF0A7
:10EF000078FA637B072B1AD195F8D8309B0616D573
:10EF10001FF08AF898B10DF10E0103A81FF0F4F963
:10EF200068B9BDF80E20BDF80C1020461FF043FA5A
:10EF300005E020461FF025FA637B072BD5D005B0EE
:10EF400030BD00BF780C00200448B0F80431002B1D
:10EF500000F5847008BF0020704700BF780C0020C7
:10EF600030B504468BB00D461AF0EEFD0A4B9842C0
:10EF700005D120460BB0BDE83040FFF771BF04F16A
:10EF80002401184624F0ACFB25B1694604F12400A5
:10EF900024F0B6FB0BB030BD902C002038B5002219
:10EFA00004468A4202D10024204638BD04F1C80339
:10EFB0000120BFF35B8F53E8005F002D04D143E8CD
:10EFC000000CBCF1000FF6D1BFF35B8F02D0D03440
:10EFD0000244E6E7002CE6D0C8220021204624F0B7
:10EFE00029FE04F14000044924F0ABFB034904F17D
:10EFF000240024F05AFBD7E7A9F80200E9E904004D
:10F0000038B50121044600F1BC03BFF35B8F53E820
:10F01000002F43E80015002DF9D1BFF35B8F52B9E3
:10F020001FF069FD1AF076FC054804F1B8011FF0E5
:10F03000A4FC1AF083FCBDE83840FEF711BC00BF09
:10F040009C0D002070B53C4B5A8B2AB13B4DD5F836
:10F0500024412CB9002461E01B68002BF6D1F9E7AC
:10F0600054F8B83903B1B83B35490026002CF1D02B
:10F07000B5F80421002A5DD0D5F8102152B904F169
:10F08000B806002B54D0D3F8B82002B1B83A1C46C9
:10F090001346EBE70A68002AF1D0D4F8A420002A2E
:10F0A000EDD0D4F8A820002AE9D0D4F8AC20002A6A
:10F0B000E5D0637B072B0DD12046904750B104F17A
:10F0C000C0001FF074FC022804DC2046BDE870403C
:10F0D0001FF011BDD4F8B83004F1B80206BBD5F862
:10F0E0002811C5F824318A4201D1C5F828310022FF
:10F0F000C4F8B82004F1BC03BFF35B8F53E8001FD2
:10F1000043E800200028F9D1BFF35B8F2046D4F8F4
:10F11000AC30984710B12046FFF772FF204670BD13
:10F120003360D5F828319A4208BFC5F82861DEE778
:10F130001A46ACE79368FFDE10190020780C002017
:10F140005C18002013B5C83030F8C64CBFF35B8F95
:10F1500050E8003F5A1E40E800210029F8D1BFF3D3
:10F160005B8F01A801931FF022FC01280BD10748F7
:10F1700019F008FF06481AF009F940F201139C4201
:10F1800001D1FFF79BFB02B010BD00BF4418002067
:10F19000A411002070B5457B8D42044616D0417302
:10F1A00025B98378082B01D01FF0A5FC637B012BC8
:10F1B00009D1374D05F584766169002956D1BDE83E
:10F1C0007040FEF74DBB072B01D0B3B170BDA378E3
:10F1D000042BFBD02F4800211AF0C8FF0023C4E9FC
:10F1E0000D33E378012BF1D104F140004FF42032CC
:10F1F000BDE8704000231AF037B9A378042B04D17E
:10F200002046BDE87040FFF79DBF082DDED801A362
:10F2100053F825F0CDF1020039F202005FF202004E
:10F2200001F2020001F2020001F202005FF20200AC
:10F23000CDF10200CDF1020004F1400024F08CFA7F
:10F2400020460121FFF78CFE20461FF0EBFB04F166
:10F2500040000022BDE8704000231AF039B9237B3A
:10F26000002BCDD02046FFF76FFDC9E7A2690B68E0
:10F270006361914208BFA3612046FFF795FDB5F891
:10F280000431002B14BF3046002019F07BFE93E7B9
:10F29000780C0020B411002010B502460C46074837
:10F2A00001211FF043FC034610B90023184610BD8E
:10F2B00082781442FAD1FFF745FFF6E7E0200020FC
:10F2C000F8B5074608480D4616461FF014FC0446DC
:10F2D00048B183781F4202D03146A8472046BDE896
:10F2E000F840FFF72FBFF8BDE020002002490022C0
:10F2F0000120FFF7E5BF00BFB9EE0200034BC01AC3
:10F30000034B00115843C0B2704700BFE0200020FB
:10F31000C54EECC4F8B514461A4305460F461E46C2
:10F3200012D1002426460B4922463346002D14BF35
:10F33000284608461EF049FB044618B1791D0C30DA
:10F340001EF0A4FB2046F8BD1AF0FEFB024B9842CB
:10F35000E9D1E6E78C180020902C002010B5044677
:10F3600005481AF013F8204600F04AFB2046BDE895
:10F370001040FFF7E9BC00BF941100202DE9F04FC9
:10F3800085B0002301930393FFF75CFE044668B148
:10F39000427BD0F8A430072A17D002AA4FF0FF31E1
:10F3A0009847014628B92046FFF7CCFE05B0BDE8D6
:10F3B000F08F039B019A20461FF0FFFAD4F8A43087
:10F3C00002AA4FF0FF312046EAE7574F02AAB7F8EA
:10F3D0000411984706460028E5D0B7F80421029B9F
:10F3E0009A4206D30146D4F8A85003AB01AA20469E
:10F3F000A847338A002B00F08B803046DDE9019B63
:10F40000039D1EF0BEFC8246002840F08180B7F8C4
:10F4100004314648534508BF50460022002319F0E6
:10F42000EBFD002874D142480022002319F07AFD38
:10F43000804600286CD0C0E90195B7F80451338AA2
:10F44000AB4598BF1FFA8BF5AB423FD930461EF053
:10F45000EBFA2946FFF7BEFCB7F8043194F8C490E4
:10F460009B4588BF4FF0010A84F8C4A0054698BFA9
:10F4700009F1020904F1C00ABFF35B8F5AE8003FAB
:10F4800001334AE80032002AF8D1BFF35B8F4146CE
:10F4900004F114001FF071FAA378012B19D1042193
:10F4A00005F10C001EF014FB238829F0020943EA41
:10F4B000093303802B8A043B438004232B762846A0
:10F4C000FEF724F928B9FEF7CBF96CE72946304658
:10F4D000C0E7BFF35B8F5AE8003F013B4AE80032C8
:10F4E000002AF8D1BFF35B8F414604F114001FF0EE
:10F4F0007EFA2846FDF7D2FC20464146FFF754FC31
:10F50000B7F804310948002B08BF002019F03AFD74
:10F5100031462046039B019A1FF04FFA13212046E3
:10F520001FF025FB3FE700BF780C0020800D002076
:10F530005C180020F8B5031D044618461FF037FA82
:10F54000820421D5B4F88620B4F8881091421BD8E3
:10F55000B4F88A10914217D3B4F88C10B4F8902004
:10F56000914211D1B4F88E10B4F8922091420BD18F
:10F57000BFF35B8F53E8001F21F4005143E80012F2
:10F58000002AF7D1BFF35B8F104B1D686DB155F8A2
:10F59000106C203D3EB1B4F88E30B4F88C20B4F835
:10F5A00086102046B0472D6AF0E7094D094FBD424D
:10F5B00000D3F8BD2E693EB1B4F88E30B4F88C207B
:10F5C000B4F886102046B0472435F0E7DC3100203F
:10F5D000244B0500244B0500F8B50E4B1C6805466E
:10F5E0004CB154F8043C203C1BB105F1A001284665
:10F5F0009847246AF4E7084C084E05F1A007B44286
:10F6000000D3F8BDE36913B139462846984724343E
:10F61000F5E700BFDC310020244B0500244B05003A
:10F620002DE9F041074608460E461EF01EFD054630
:10F6300018B900252846BDE8F081144B1C6884B138
:10F6400054F8143C203C0BB9246AF8E7314638469C
:10F6500098470028EDD030461EF007FD0028F3D172
:10F66000E7E70B4CDFF82C804445E3D2E3680BB9A5
:10F670002434F9E73146384698470028D9D0304637
:10F680001EF0F3FC0028F3D1D3E700BFDC310020EB
:10F69000244B0500244B05002DE9F041C3780546B5
:10F6A0008BB900F17E06114B1C687CB1203C05F142
:10F6B000700763691BB13A46314628469847246A69
:10F6C00024B1203CF5E700F17706ECE7084C094F40
:10F6D000BC4201D3BDE8F081636923B105F170023A
:10F6E0003146284698472434F2E700BFDC31002039
:10F6F000244B0500244B0500F8B5437A8372054678
:10F7000016461FF0AFFB0D4B1C684CB154F8083C7B
:10F71000203C1BB1697A324628469847246AF4E7B0
:10F72000074C084FBC4200D3F8BDA3691BB1697AEE
:10F730003246284698472434F4E700BFDC310020E5
:10F74000244B0500244B050008B5084B1A6800F14E
:10F75000200122B905481FF010F9104605E091423A
:10F7600001D01268F5E76FF0100008BDDC31002011
:10F7700038B505460C460F480121FFF70FFCC0B114
:10F78000057223680367A388A0F87430A37980F812
:10F7900076300123437283728370074BC0F8A43024
:10F7A000064BC0F8A830064BC0F8AC30054BC0F88B
:10F7B000883038BDE0200020E1FA02009BE9040017
:10F7C0008FE904001800280070B5054609480E4668
:10F7D0001FF091F9044650B18378012B05D13246D0
:10F7E00029461FF0FEF918B92046FFF7ABFC0024AC
:10F7F000204670BDE0200020F8B505460F480E46B3
:10F8000017461FF078F9044648B18378012B04D1DC
:10F8100066B9637BBB4205D02046FFF793FC00240A
:10F820002046F8BD237AAB42FAD0F5E732462946A6
:10F830001FF0D7F90028ECD1EEE700BFE020002050
:10F8400038B5044608460D461EF00FFC38B3154B7C
:10F8500093F8D830990707D4E37873B12946204646
:10F86000BDE8384000F09EB994F894309A07F3D57B
:10F87000201D1FF09CF84304EED4294620461FF0BB
:10F880002DFA58B92B88A4F888306B88A4F88A30F0
:10F89000AB88A4F89030EB88A4F8923038BD6FF0B4
:10F8A0001500FBE7780C0020F7B510F8333C05464F
:10F8B00023BB40381FF0C2FA2C4B1C6854B154F8DB
:10F8C0001C3C203C23B115F8341CA5F1400098479E
:10F8D000246AF3E7264C274FBC4206D3A5F140002B
:10F8E00003B0BDE8F040FFF72DBC636823B115F805
:10F8F000341CA5F1400098472434EDE710F83E3C55
:10F90000012B31D1BFF35B8FA0F13C0454E8003FE1
:10F9100023F4005244E800210029F7D1BFF35B8FA4
:10F920009B0415D5AB6C009369462B6D0193A5F133
:10F930004000FFF785FF58B9BFF35B8F54E8003FE5
:10F9400023F4805344E80032002AF7D1BFF35B8FE1
:10F95000BFF35B8F54E8003F43F4006344E8003298
:10F96000002AF7D1BFF35B8F03B0F0BDDC3100207C
:10F97000244B0500244B050008B568B1094B1A68F3
:10F9800000F10C0122B907481EF0F7FF104605E010
:10F99000914204D01268F5E76FF0150008BD6FF0D2
:10F9A0007700FBE7E431002038B50C480C4D23F01C
:10F9B000AFFD002429460948013423F0E6FD032C5D
:10F9C00005F10C05F6D11FF072FF02F039FF044675
:10F9D00008B91FF009FB204638BD00BF5C180020A5
:10F9E000B8310020044B186818B9044A5A600B60FB
:10F9F00070476FF00B007047F0310020BC540500D9
:10FA0000F7B5274C274F05460026BC4201D303B06B
:10FA1000F0BD636801A92846984700283ADB0198A1
:10FA200023888382838400F11003A168BFF35B8F76
:10FA300053E8002F43E8006CBCF1000FF8D1BFF38E
:10FA40005B8FC0E9136686648660AA6B00F10803C9
:10FA500012BBC5E90D330560C160303023F058FD9D
:10FA6000019843681B6803B19847019BBFF35B8F04
:10FA7000103353E8001F41F0010143E80012002A4F
:10FA8000F7D1BFF35B8F01984368DB6913B100F1D5
:10FA9000100198470C34B8E71360AB63DBE700BF95
:10FAA000004B0500244B05002DE9F0411D4652EAAC
:10FAB000050306460F46144609D100242546224672
:10FAC0002B46391D3046BDE8F041FFF723BC1AF044
:10FAD0003BF8024B9842F2D1EFE700BF902C002098
:10FAE0002DE9F047D0F8B0400F4690464CB1483C65
:10FAF000236B63B104F13009484623F059FD0646F3
:10FB000050B9FDF7ADFE00263046BDE8F08720462F
:10FB10001FF02DF9A46CE9E71EF033F90028F2D1AB
:10FB2000256D9DB9A38C358A403B9BB23F2B03D8F2
:10FB3000238D9D4228BF1D46042106F10C001DF0B7
:10FB4000C7FF0580A38C438004352565AF421DD3D4
:10FB5000B6F810A0AA4504D100220023484619F0A7
:10FB6000E1F9A38CA3F140023F2A07D8AA4514BFAC
:10FB700000220B4AB26118BF1346F36120461FF002
:10FB8000F6F8236B13B120461FF0D1F8236DC8F8A7
:10FB900000309F4234BFDF1B00272765B4E700BF5A
:10FBA0000FEF040070B5144A0C461178013111F0C2
:10FBB000FF010CBF01230B461370064608BF194610
:10FBC000082212201FF066F9054688B108210C3082
:10FBD0001DF067FF2388038063884380A3888380A8
:10FBE000E388C38029463046BDE870401FF09CB9C9
:10FBF0006FF00B0070BD00BFFA5D002023281FD8F6
:10FC00001A2804D8431E182B0ED906207047A0F1DD
:10FC10001B03082B1ED8DFE803F0051D1B231D194D
:10FC2000251D0500032070470F4A012383401A4019
:10FC3000C2B90E4A1A40002A0CBF062001207047A4
:10FC400000F07F03522B05D1002070470120704740
:10FC50000520704710F0400F14BF002006207047A9
:10FC60000420704702207047AAAA8A025455450111
:10FC7000011F014823F01BBB0C17002010B500F139
:10FC800054030446BFF35B8F53E8001F41F00101AA
:10FC900043E80012002AF7D1BFF35B8F201F1FF04B
:10FCA000F6FA04F17400044923F04BFD2068BDE826
:10FCB000104001F031BE00BFDDF8040070B50378DC
:10FCC0008AB004460E4607AD032B20D8DFE803F0C8
:10FCD00002191B1D11492846F7F736FA0595637876
:10FCE0000493A3780393E3780293237901936379D0
:10FCF0000093A3790A4A1E2130461AF083FA0AB00B
:10FD000070BD0849E7E70849E5E70849E3E7084A1D
:10FD10000A2128461AF076FAE0E700BFDA7B0500F0
:10FD2000037C0500E17B0500E87B0500F27B050014
:10FD3000FC7B05002DE9FF4105460E464FF000080B
:10FD40004FF42053006817688DF8088002A9144604
:10FD5000ADF80A301DF057FFA0B142F60103286844
:10FD60008DF80C8003A9ADF80E301DF04CFF48B1A2
:10FD700023691BB15A88B24200D25E80012004B0D0
:10FD8000BDE8F081616828681DF03DFF10B10023D7
:10FD90002361F3E7E368A0681A786AB1B7F82AC06C
:10FDA000798B038A8C4594BFC3EB0C03C3EB01032F
:10FDB000934201DA0020E2E704210C301DF071FECD
:10FDC0002061068023695E80074B00930194A2683E
:10FDD0000023294638461FF0A8FA0028EADB2069EC
:10FDE000003818BF0120CAE7F7F204002DE9F743F5
:10FDF000156806468946006851686F6814461DF00C
:10FE000002FF8046002841D138469522314620F035
:10FE100065F90746207540B1E3681B780BB184F89B
:10FE20001480002003B0BDE8F083A0681DF000FE40
:10FE300002210C301DF035FE154B2061A0F800901A
:10FE400000930194A2683B46314628461FF06DFAA4
:10FE5000002806DA10F5807F8CBF40420E20207506
:10FE6000DFE72369002BDCD0A0681FF0C8F86B8B9C
:10FE70006A8D9A4294BFC0EB0200C0EB0300E368B6
:10FE80001B78984294BF00200120CBE70120C9E7EE
:10FE90000FF00400F7B5002304460E462A4800225E
:10FEA000694618F08DFE0546C0B919F04DFE274B86
:10FEB000294618602C22009823F0BCFE009B2448A1
:10FEC0001C60009C0195C4E90155C4E90955002254
:10FED000002301A918F074FE054620B16FF00B0550
:10FEE000284603B0F0BD0146B022019823F0A2FEDF
:10FEF0000198184B8360603023F00AFB019BBFF32D
:10FF00005B8F583353E8002F43E800510029F9D1A3
:10FF1000BFF35B8F019B1C60636A019F1BB904F1F7
:10FF20000C0023F0F5FA626AC7F8A820A26A07F16C
:10FF3000A803636202B9A362019B17225A855A8300
:10FF400004333360CCE700BFF01600208C32002071
:10FF50000C170020C411002070B50E46438D418B54
:10FF60008B4202F1010228BF0B469A4205462ED869
:10FF70003046FFF743FE6FF01403034113F0010313
:10FF80000CD019F0E1FD134B98421ED0124B1B68A8
:10FF90001A1A18BF4FF0FF32134601E04FF47022D7
:10FFA0000E480021FFF780FD044660B1FCF7D6FE45
:10FFB0000B4B182202FB0033012104F10C009D6061
:10FFC0001DF06FFD0670204670BD0022E4E700249E
:10FFD000F9E700BF902C00208C320020B8180020D8
:10FFE000443200202DE9F74F054608460C46FCF741
:10FFF000B5FE244F18234343FA180646D2F808A04A
:020000023000CC
:10000000E068BFF35B8FA96DBFF35B8FC90736D57F
:10001000E168097811710022FA500378D22B0ED1D1
:100020002B682146186820F083FC40B101902046DF
:10003000FCF734FF019B184603B0BDE8F08F04F1D4
:100040000C001DF065FD18235E4307EB0609002335
:100050001A4680462146281DB4F810B0C9F8085049
:100060001EF02EFF03460028E5D06269A4F810B008
:1000700012FA88F2E260B851C9F808A0DBE76FF025
:100080001503D8E7443200202DE9F14F0546FCF76F
:1000900065FE3549182202FB00F3C81851F803A089
:1000A00090F80490C788D0F810800021D0E902466B
:1000B00023F0C0FDA87AFCF749FE6969834651B177
:1000C0006B7AD80705D4DBF824301B6828469B6878
:1000D000984700236B612946584623F060FAB9F12E
:1000E000000F33D0002C31D023687BB31B686BB377
:1000F000BAF1000F2AD14846FFF780FD0546201DC2
:100100001FF0D6FA052D21D8DFE805F016032016DA
:100110002003BFF35B8FA36DBFF35B8FDA0715D5A9
:10012000E36D9BB14FF47022002304F1780001B01D
:10013000BDE8F04F19F0CCB923681D68BFF35B8FA1
:10014000A36DBFF35B8FDB0700D556B901B0BDE8E7
:10015000F08F41462846B0470134A3B2BB42F8D3E2
:10016000F4E70024F9E700BF443200202DE9F04114
:100170000B8A04460E46002B3AD00568012106F191
:100180000C001DF0B5FC6B7B072B074630D154F8F3
:10019000043C6BB30178194D043C002315F833007F
:1001A00088424FEAC30805EBC30211D1318A537864
:1001B000994220D353683146204698470346454428
:1001C000AA78012A14D19BB1397889B100220CE0B8
:1001D00001330E2BE2D10846FFF710FD2122C24069
:1001E00012F0010204D119B1062320461FF0A4FA2F
:1001F0000020BDE8F0810423E1E700BFE4540500DE
:10020000F0B51D4603680E46003987B0044618BF96
:1002100001211868174620F066F840B904F158002B
:100220001FF09FF9002844D0002007B0F0BD002D3A
:1002300041D018220021684623F0FCFC47BB23680C
:100240001E4A1B6800930023ADF812300C9B0393E9
:10025000BDF83430ADF8103001238DF81430294644
:100260006B4628468DF808601FF055F89DF814304D
:10027000C3B1002FD8D00198FCF710FE002ED3D0C8
:100280009DF814302A46122120461FF055FACBE77C
:10029000002213212046FFF75FFE01900028CED1F7
:1002A0001120C2E701990029BED020461FF036FA7E
:1002B000BAE71220B9E70120B7E700BF33F0040026
:1002C000F8B54FF47022074600230D480E461DF086
:1002D0007CFB044688B109210C301DF0D7FB204679
:1002E000FCF73CFD074B182202FB0033012104F10F
:1002F0000C009F601DF0D5FB06702046F8BD00BFC6
:10030000B8180020443200202DE9F0410D7C043D56
:10031000EDB2022D06468CB0084601D0102D64D1F6
:1003200004210C301DF0E4FB0DF108080488478817
:10033000011D2A4640461DF094FC002857D0A4B366
:1003400000258FB3BC4230D84FF4205301A940465A
:100350008DF80450ADF806301DF055FC48BB142252
:10036000002107A823F066FC11213046FFF7A8FF03
:100370000990002837D001210C30CDE907681DF025
:1003800090FB00230A90394603701A4A0B932046CB
:1003900007AB1EF0C0FFDDE909131B78FBB9084667
:1003A000FCF77CFD0A2301E03C4601232246102194
:1003B0000EE042F6010307A940468DF81C50ADF847
:1003C0001E301DF020FC0028C9D0102322461946FB
:1003D00030461FF0B1F900200CB0BDE8F081304686
:1003E0001FF09CF9F7E71120F6E70420F4E70E2050
:1003F000F2E700BF35FD02002DE9FF410368044626
:100400000D46186801211FF06EFF40B904F1580035
:100410001FF0A7F8A0BB122004B0BDE8F0811022A5
:100420000021684623F006FC21212046FFF748FF03
:10043000029038B3009405F10C074FF001082B8AA5
:10044000012B04D8029920461FF068F918E03846BD
:100450001DF056FB6B460C4A8DF80C800146064693
:100460001EF059FF9DF80C30002BE8D00298FCF7E5
:1004700015FD9DF80C303246202120461FF05CF916
:100480000020C9E71120C7E779F404002DE9FF41F6
:10049000036804460D46186801211FF024FF40B987
:1004A00004F158001FF05DF8A0BB122004B0BDE8B5
:1004B000F08110220021684623F0BCFB0F2120466A
:1004C000FFF7FEFE029038B3009405F10C074FF0E1
:1004D00001082B8A012B04D8029920461FF01EF92F
:1004E00018E038461DF00CFB6B460C4A8DF80C806A
:1004F000014606461EF00FFF9DF80C30002BE8D099
:100500000298FCF7CBFC9DF80C3032460E212046B9
:100510001FF012F90020C9E71120C7E7E9F4040031
:10052000F0B51D46036885B004460E4618680121E3
:1005300017461FF0D8FE38B904F158001FF011F823
:1005400050BB122005B0F0BD65B3102200216846F3
:1005500023F070FB39462046FFF7B2FE029018B335
:10056000BDF82830ADF8043001238DF80C30294651
:100570006B460E4A009428461EF0CDFE9DF80C30C6
:1005800002995BB10846FCF789FC9DF80C302A46BD
:10059000314620461FF0D0F80020D3E720461FF058
:1005A000BDF8F9E70120CDE71120CBE7E9F404001D
:1005B0002DE9F0410E7C043EF6B2022E04468CB0CA
:1005C000084601D0102E76D104210C301DF090FA8F
:1005D0000DF1040805884788011D324640461DF08C
:1005E00040FB002869D085B377B3BD422DD8606841
:1005F00001211FF078FE064678BB8DF8000042F618
:10060000020369464046ADF802301DF0FCFA20B303
:1006100042F6030306A940468DF81860ADF81A307B
:100620001DF0F1FAC8B1012D03D14FF6FF739F42BF
:1006300013D004F158001EF094FF002814BF0020CE
:1006400012200CB0BDE8F0813D4601232A46082166
:1006500020461FF071F80020F3E7182200210DEB6F
:10066000020023F0E7FA09212046FFF729FE08904F
:10067000F8B101210C30CDE906481DF012FA002333
:10068000099003700A238DF82C30394606AB0C4ACA
:1006900028461EF040FE9DF82C3008992BB10846E4
:1006A000FCF7FCFB9DF82C30D0E720461FF036F815
:1006B000D1E71120C5E70420C3E70E20C1E700BF42
:1006C000EDFD02002DE9F043884687B0054606217E
:1006D00008F10C001DF00CFA0488D4B14688BEB1B4
:1006E000A64216D3002382888DF800308DF804309E
:1006F00001A94FF420536846D8F80C90ADF80220B9
:10070000ADF806301DF07FFA074660B10A2301E01C
:10071000344601232246062128461FF00DF800200A
:1007200007B0BDE8F0830146142201A8B8F8108094
:1007300023F080FA07212846FFF7C2FD0290D8B1C6
:100740000A238DF81530314601AB0C4A019520463D
:10075000CDE903798DF814801EF0DDFD9DF815308C
:1007600002992BB10846FCF799FB9DF81530D1E7AB
:1007700028461EF0D3FFD2E71120D1E793F0040002
:100780007FB5CB681C8805468CB15E8876B1A642E1
:100790000DD310220021684623F04CFA052128468B
:1007A000FFF78EFD019058B9112007E03446012370
:1007B0002246042128461EF0BFFF002004B070BD71
:1007C0006B463146084A009520461EF0A4FDDDE93F
:1007D000011323B90846FCF761FB0A23E8E7284622
:1007E0001EF09CFFE9E700BFD7F1040037B50023F6
:1007F00005460C46019319F0A7F90B4B1B68834281
:1008000004BF00252C4601A908482A46234618F0B3
:10081000D7F9014630B901981C2223F00BFA019850
:1008200003B030BD0020FBE78C32002044170020CD
:1008300010B50446806818B1FCF730FB0023A360B4
:1008400021460248BDE8104022F031BD4417002087
:100850002DE9F743044678301E460F46904622F0B5
:100860007BFFE36D2BB9204603B0BDE8F0431FF0DA
:1008700020B80F4A93424FF0000217D05D685A60CB
:10088000E06DD0F81890FFF7D3FF00232068E365F0
:100890001EF0C7FE3DB12068CDF8009000684346C9
:1008A0003A463146A84703B0BDE8F0831546ECE769
:1008B00090320020F7B550F8044C0546002C57D074
:1008C00000F1A40104F124001EF030FE05F15C07E4
:1008D00000220023384618F025FB014670BBAB6DA3
:1008E0002BB102466FF06703281FFFF7B1FF00230B
:1008F00045F8043C05F15403BFF35B8F53E8001F38
:1009000021F0010143E80012002AF7D1BFF35B8F09
:10091000636A6BBB0022002304F10C0018F002FB99
:1009200078B9666886B913482660214622F0BFFC74
:10093000286803B0BDE8F04001F0A2B8FCF7AEFAB9
:10094000C6E7FCF7ABFAE5E7A26833686360964256
:1009500008BFA36077683FB1B369009300232068A4
:100960001A466FF06701B8473046FFF761FFD8E7D6
:1009700003B0F0BDF0160020F8B51D460F46164630
:10098000FCF7ECF9044C182303FB0040C0E90376A4
:100990000123C3800575F8BD4432002010B5044919
:1009A000144618461022A04700EAE07010BD00BFB0
:1009B0000822002070B50D4C2378834206460D4670
:1009C00004D1611C28461FF0A3F858B9237CB34218
:1009D0000AD1074928461FF09BF810B1012004EB0B
:1009E000001070BD0020FAE70020FAE7C4320020B2
:1009F000D532002070B50D4C2378834206460D4653
:100A000004D1611C28461FF083F858B9237BB342F8
:100A10000AD1074928461FF07BF80028054808BF7F
:100A2000002070BD2046FCE70020FAE7B02100203E
:100A3000BD210020BC21002070B50E4C23788342DC
:100A400005460E4603D1601C1FF062F868B9237B8F
:100A5000AB420CD1084831461FF05AF820B10120B2
:100A6000404200F00C00204470BD0020F8E7002058
:100A7000FAE700BFCA5C0020D75C002070B5204BAD
:100A8000144682689A420FD1A568C66875B9227962
:100A9000216830461FF044F8024628B11949013058
:100AA0001FF008F815701581012070BDE06800285E
:100AB000FBD02B888B420AD0F6D2E068A3680138BD
:100AC0000433E0600038A36018BF0120EDE725681B
:100AD0002279294630461FF023F8024660B90949B9
:100AE00030461FF01DF802460028E6D029460130A6
:100AF0001EF0E0FF23791370A3685B881381DCE7A5
:100B0000B10E0300C180050038B50E4B1446826853
:100B10009A420D4611D122792168C0681FF000F871
:100B200058B1D4F8C8302F2B09D804EB8302013315
:100B3000158101895181C4F8C830012038BD0020D9
:100B4000FCE700BFB10E0300F8B50D4C06460027C8
:100B50002546621C76B90B4910461EF0D9FF38B9FC
:100B60007B1C022B04F110044FF00107F0D1054665
:100B70002846F8BD217830461EF033F8EFE700BF75
:100B8000C4320020C180050010B54A1C0C4640B993
:100B9000064910461EF0BCFF08B1204610BD0020DB
:100BA000FCE709781EF01DF8F6E700BFC1800500DC
:100BB0002DE9F04105460F4616461DF0E6FA70B3E2
:100BC00039462846FFF716FF0446B8B915481EF007
:100BD000D4FF08B314481EF0D0FF78B9134C01229B
:100BE0005042DFF8508000F00C000130394640449C
:100BF0001EF060FF0C235A4308F802500121B14057
:100C000004F108001EF09BFFBDE8F04108484FF4D6
:100C10000042002318F05CBC064C0246E0E7BDE849
:100C2000F08100BFB8210020C4210020BC21002099
:100C3000C8210020B02100202DE9F04180460F4658
:100C400016461D46FFF7F8FE044648B91649FFF759
:100C5000F3FE044630B300F8018B39461EF02AFF3C
:100C600023899BB962899AB926816581254615F841
:100C7000010B29461DF089FAA0B12246294612F837
:100C8000080BBDE8F0410423FCF74ABA9E4204D3A6
:100C90006289AA4206D29E42E7D263892681AB428C
:100CA000E4D2E2E7BDE8F081C18005002DE9FF4113
:100CB00004460E461746984628B96FF01505284693
:100CC00004B0BDE8F08102A91CF075FF05460028BC
:100CD000F3D101A920461CF0E8FC0198C8B902A98B
:100CE000FFF7AAFE0446D8B9002EE8D01149FFF755
:100CF000A3FE0446D0B1002300F8013B02A91EF078
:100D0000D9FE042204F108014046B84700EAE07524
:100D1000D5E70A22294623F061F90028DFD0CCE785
:100D2000002EEED1066046608660C8E76FF00B05C6
:100D3000C5E700BFC18005001FB519461046064B28
:100D4000064ACDE9022308230093BDF818206B441E
:100D50001EF032FF05B000BD1E00900106000C0021
:100D600008B513468168074A914209D11A79196872
:100D7000C0681EF0D5FE18B10023036043600381F4
:100D8000012008BDB10E030038B5084B1546826836
:100D90009A4209D1C4682968601C1EF0B9FE18B1D6
:100DA0006968601C1EF086FE012038BDB10E03008C
:100DB00002484FF4A472002318F08ABB902200204E
:100DC00008B5042108481EF0BAFE07486FF002017A
:100DD0001EF0C4FE04481EF0D0FEC30701D5FFF785
:100DE000E7FF002008BD00BFC0220020024608B572
:100DF000084901301EF05EFE002313720C32BFF36F
:100E00005B8F52E8001F42E800300028F9D1BFF3A1
:100E10005B8F08BDC18005002DE9F041214B1646CE
:100E200082689A42074639D1C4686389002B35D05D
:100E3000238993B12546304615F8011B2A461DF03B
:100E4000D0FE00B3307A06F170011DF09EF958B162
:100E500006F1700128461EF02DFEE3680021618135
:100E6000E3B13846984719E00F4B9C4207D00F4931
:100E700028461EF01FFE002323702381EDE7304635
:100E80001EF036FFF3E720782946FEF79DFC002888
:100E9000E3D0457BFEF756F9072DDED10120BDE8F2
:100EA000F08100BFB10E030038120020C1800500A0
:100EB0002DE9F0479846BDF8203006468946002BBC
:100EC00048D108F1FF33012B47D8CF68B8F1010FA3
:100ED00039460CBF15781588FFF756FE044680B9D1
:100EE00015B94046BDE8F0873946FFF74DFE044688
:100EF000002835D006F1700101301EF0DBFD337A99
:100F000023703B69D3B9B4F808A025817B89AB4233
:100F100003D0394648461EF036FEAA4505D0307A41
:100F2000002206F17001FFF743FE002DD9D10E49D2
:100F3000601C1EF0BFFD25702581D2E72A46494678
:100F4000304698470028CDDB01380128DBD96FF007
:100F50000D00C7E76FF00600C4E76FF00C00C1E7B3
:100F60006FF01000BEE700BFC180050008B5124851
:100F700001211EF0E4FD10F0010F104B0AD1104AC0
:100F80009A610D481EF0F9FD830713D4BDE80840AF
:100F9000FFF70EBF1A8B588B012A4FF6FF7205D848
:100FA000904207D04FF6FF725A83EAE790421983C6
:100FB000E7D0F7E708BD00BFC02200207022002064
:100FC0000100FFFF70B50B4C00250B49601C1EF0A3
:100FD0009FFD014630B920461EF01DFF2078611CA0
:100FE0001EF0ACFE6B1C022B04F110044FF0010547
:100FF000EBD170BDC4320020C180050010B56FF088
:10100000020104460E481EF0A9FD0D481EF0B5FD74
:10101000C20704D50B480022002318F059FA2046D5
:101020001EF0FFFC58B12046FFF78EFD38B1037A61
:10103000DB0704D5BDE8104001211EF0FCBE10BD49
:10104000C02200209022002010B51C4801211EF073
:1010500076FDC30730D4022118481EF070FD084009
:1010600007D11749174B0A88174CA3421FD300B169
:101070000A801649164822F064FB4FF4A47200233C
:101080001348FCF709F91349134822F05AFB0221CF
:1010900012481EF054FD1249124822F052FB124829
:1010A000FEF76AFCBDE810401048FEF74DBB98887B
:1010B000083302440120D8E710BD00BFE43200200D
:1010C000E25C0020244B05004C4B05009D00050010
:1010D000182200200916030090220020C0220020C0
:1010E000CD030500C821002010120020EC110020C3
:1010F0002DE9F041034648B1008A38B91249DFF8BA
:101100004CE001244FF0140C714501D3BDE8F0818F
:10111000D1E90076BB4204D3721E0CFB02729342EB
:101120000ED93444A2B208311446EDE70CFB057821
:10113000434507D001356219AE4292B2F6D1F2E7CB
:101140000025F8E71046E1E7244B05004C4B05006D
:101150002DE9F74FBDF8305000919A464FF6FF73D6
:10116000002D08BF1D46234B1B88834280469146B5
:101170003AD203B0BDE8F08F73682344434531D2BF
:101180009CB208361C4B9E42F6D3F2E78958019375
:1011900048461CF038FD019B88B101340137A4B2E8
:1011A0007368BB42EDD9009B9C42E2D84445F4D31E
:1011B00031680BFB07F28B18B9F1000FE6D1BAF1D9
:1011C000000F0BD1013DADB218460E9A0D9B214682
:1011D0009847002DCDD00028DFD1CAE7DA689245C4
:1011E000DBD1EFE70027DBE7044E01244FF0140BBF
:1011F000C8E700BFE25C00204C4B0500244B050013
:1012000010B5A2B01022002101A822F013FD142273
:10121000002106A822F00EFD4FF41053ADF8143053
:101220001C4C8023ADF816304FF48063CDE90734B1
:1012300001A920AB102205A821F0F1F9014638BB25
:1012400054220BA822F0F6FC209922460BA821F08C
:10125000D2FAE8B9104A0BAB4FF6FF7101201EF02D
:1012600013FF0E4905AB10220BA821F0E1FA78B963
:101270000A4B082203F11001187811F8014D03F808
:10128000014B013A0870F7D1054808211EF057FCC0
:1012900022B010BD0002C00373FD0400F82100203D
:1012A000C02200202DE9F0411949BDF81860074619
:1012B000A1F1300014461D4622F061FA15481EF0D7
:1012C0005CFC000707D4FFF79BFFFFF77BFE12488B
:1012D0001021FBF751FF3846FFF736FC68B1037A5F
:1012E000D9070AD500F10C0318461EF046FCC207C8
:1012F00003D4022118461EF022FC10230693324626
:1013000029462046044BBDE8F0411EF055BC00BF05
:1013100048220020C0220020F821002010B51B48E0
:101320001EF02BFCC0F3C00080F0010408B9FFF7E9
:1013300067FF16481EF021FC034614481EF01DFCF2
:10134000DA0621D5830608D5F4B1FFF73BFEBDE8E8
:1013500010400F481021FBF70FBF20210B481EF053
:10136000EEFB0B491022881822F00AFE48B9094802
:1013700022F0F2F9BDE8104004486FF001011EF0C0
:10138000EDBBFFF7F3FDE0E710BD00BFC02200207A
:10139000F82100209022002008B5102103481EF0FB
:1013A000CEFBFFF7BBFF002008BD00BFC02200201E
:1013B0002DE9F041B8B00C46174620493E986A46E0
:1013C00098461CF051F9002834D0009D01A9284608
:1013D0001CF06BF955B1019860B902AE8DF814009C
:1013E000314628461CF0E7FB054650B16FF0150466
:1013F000254619E00A22002122F0F0FD0028ECD059
:10140000F4E70496A4B1C02208A94046B847041ED8
:10141000EEDBA40808ABCDE90634094A04AB4FF66D
:10142000FF7101201EF030FE284638B0BDE8F08183
:101430002346F0E76FF01505F6E700BF6B7E050069
:101440007D0A030007B500230193FFF751FE411CFD
:1014500089B20846034A01AB1EF016FE019803B09C
:1014600000BD00BF73FA04002DE9F8431546884615
:101470009422696807461EF031FE0646002843D1D3
:101480006968022238461EF064FE00283FD04FF4FF
:1014900070200021B5F81490FFF7A8F9044680B138
:1014A00009F102021B4B42611D214174C660436079
:1014B000856138461EF098F9814638B92046FFF715
:1014C000B7F96FF00B052846BDE8F88301233246D3
:1014D0003146FFF751FAA98A09F10C0002311CF0DC
:1014E000E0FA20F8028BAA8A296922F07CFBC4F872
:1014F0000890214638461EF077FA05460028E2D0CB
:101500002046FFF795F9DEE74FF0FF35DBE76FF098
:101510001505D8E779FA040070B504468AB0374853
:101520001EF02BFB42070D4661D514B1637B072BE0
:1015300060D16E6805963046FFF7DAFD2A68ADF88F
:10154000180032B305A902912D4901910121002310
:1015500000914FF6FF710593FFF7FAFD059E1EB946
:101560006FF001000AB070BD6E60002330688DF826
:10157000103004A942F60303ADF812301CF043FB0F
:1015800070B90598C3689B799B0605D46FF0150068
:10159000E8E70028E9D1E3E71EF02FFDADF81800D9
:1015A000BDF818003CB101230146AB752A46204620
:1015B000FFF75AFFD6E76FF07F0307930223ADF8DA
:1015C000203042F60213ADF8123005ABAC75029331
:1015D0000C4B01930123009304AA23464FF6FF719D
:1015E00009958DF81040FFF7B3FD0798BAE76FF043
:1015F0000A00B7E76FF07F00B4E700BF4C0D002092
:10160000A9FA04001D18030073B5044650F8083CFD
:1016100001936FF0010130301EF0A0FA0E4B44F838
:101620001C3C0E4B44F8183C01AB002044F8103C25
:10163000042324F8080C24F8060C24F80C3CA4F12C
:101640002001FFF769FF20B9022104F130001EF0EC
:1016500076FA02B070BD00BF8C550500FD0F030087
:101660002DE9F0412D4B174682689A42064623D158
:10167000C5682B8903B33C682A46204612F8011B33
:101680001DF0AFFAC0B14FF49572314620461EF0FE
:1016900025FDA0B103280FD0052820460CBF4FF030
:1016A00003084FF002081DF008FB804507D93B797D
:1016B000434501D287F804800120BDE8F081294626
:1016C00030461EF060FA164B9D42F5D1207A04F1A7
:1016D0007001FFF7B1F905460028EDD0038913B971
:1016E0004389002BE8D02046FDF708FE0D4B2A89E0
:1016F00023F8202003EB80036A890B495A801822C3
:1017000002FB0011094A4A600B61094A8A600423FE
:1017100020468B82FFF700FFCEE700BFB10E03002B
:1017200038120020C65C0020AC3200208C55050029
:10173000D3FE040070B504468AB035481EF01DFA89
:1017400042070E465DD514B1637B072B5CD17568EB
:1017500005952846FFF7CCFC3268ADF8180032B387
:1017600005A902912B4901910121002300914FF617
:10177000FF710593FFF7ECFC059D1DB96FF00100AB
:101780000AB070BD7560002328688DF8103004A978
:1017900042F60303ADF812301CF035FA70B9059823
:1017A000C3689B79DB0605D46FF01500E8E70028D5
:1017B000E9D1E3E71EF021FCADF81800BDF81800F0
:1017C0002CB10146324620461EF056FDD8E742F6BF
:1017D0000212ADF8122005AA6FF07F0302920E4AA2
:1017E00007930123CDE90032ADF8203004AA234647
:1017F0004FF6FF7109968DF81040FFF7A9FC079886
:10180000BEE76FF00A00BBE76FF07F00B8E700BFEC
:101810004C0D0020A9FA04001D1803002DE9F04129
:10182000394B154682689A42804648D1C768374B83
:101830009F4246D03A89AB899A4240D1394611F845
:10184000010BFDF7C1FF0646002838D0437B072B6C
:1018500033D17B6963BB9422414630461EF03EFC87
:1018600050BBAB89022B0FD13C8914F0020016D07B
:101870002A69A9883046FFF7F7FD044680B92A692E
:10188000937D013393750BE0012B08D13C8914F053
:10189000010004D02A69A98830461EF0EDFC0446F8
:1018A0003046FDF74FFCE043AC60C00FBDE8F0816F
:1018B000414698470028CED13046FDF743FC012031
:1018C000F4E7134C0026134920461EF021F978B99D
:1018D00014F8010C07222146FDF78EFF80B92B6911
:1018E00014F8010C1A69214653881288FFF7A4F9ED
:1018F000731C022B04F10C044FF00106E3D199E7AD
:10190000FDF720FCF4E700BFB10E03003812002001
:10191000CB5C0020C180050070B58EB004460390FA
:10192000012300F17001007A8DF810301CF02DFCBD
:1019300098B1227A22B302AE042130461AF065FD36
:101940000096104A242105A804F17003FBF758FB08
:1019500005AA0D491046FAF725FB4FF6FF710B4A11
:1019600003AB01201EF090FB20461DF0A6F99DF868
:101970001010884202D220461DF062F90EB070BDF0
:101980000092DEE76E7E0500B113030061160300CE
:10199000F8B5084B1C6805460E4617464CB154F87E
:1019A000043C043C1BB13A463146284698476468DB
:1019B000F4E7F8BDE832002013B50A4A0090044667
:1019C0004FF6FF7101206B468DF804001EF05CFBA2
:1019D000002120461EF087FC08B9FFF7C7FA02B0C5
:1019E00010BD00BF6116030030B5B5B000230191F2
:1019F0008DF8080033930A4A01AB04460D460120D6
:101A00004FF6FF711EF040FB339B3BB19B0003AAD6
:101A100029462046FBF7A4FB35B030BD1A46F7E750
:101A2000090B03002DE9F3410446CDE90012884675
:101A300000F17001007A17461CF0A7FB0F4A06461A
:101A40006B464FF6FF7101201EF01EFB26B1207A77
:101A500004F17001FFF7C8FF207A4146FEF7AAFFA4
:101A600048B1394601301EF025F826B1207A04F13C
:101A700070011EF063F902B0BDE8F081890D03002A
:101A800073B5044603461B4A4FF6FF71012004F16B
:101A900070051EF0F9FA207A29461EF05DFC207AC6
:101AA00029461CF072FB60B10023CDE90053237A74
:101AB0008DF80430104A6B464FF6FF7101201EF07E
:101AC000E3FA2046FFF740F8064688B1207A294617
:101AD0001CF05BFB28B9304602B0BDE87040FFF750
:101AE00085B92946701C02B0BDE870401DF0E2BF08
:101AF00002B070BD190E0300610D0300064BD3F850
:101B0000EC0028B9054AC3F8F020EC330B607047AD
:101B10006FF00B00704700BFC822002090560500F0
:101B2000014608B503481EF07BFC0028024808BFA8
:101B3000002008BDCC220020C822002010B50C4A8D
:101B400011680C4ABFF35B8F00F5B87353E8004F80
:101B5000944204D143E8001CBCF1000FF6D1BFF35E
:101B60005B8FBFF35B8FD0F87001BFF35B8F10BD4D
:101B7000EC310020C822002008B5FFF7DFFFB8B124
:101B8000436843B1826832B1C26812B90B4A127815
:101B90003AB904200BE0094A127812B10BB1C268BD
:101BA00042B9826842B9934214BF1046032008BD6F
:101BB0000320FCE70120FAE70220F8E7FB5D0020A4
:101BC00038B50821054604301EF07CFC054905F1B6
:101BD0005700FDF76DF820B1281D08211EF04AFCC2
:101BE000082038BDCB09050038B5EC220546002198
:101BF00022F020F8102105F127000CF0FBFD04462F
:101C000048B9052128461EF05DFCFDF741F8034B5D
:101C10001860204638BD0824FBE700BFF0320020E2
:101C200070B50E4686B00446FFF788FFF36804F1EE
:101C300037020546114603F1100053F8046B41F8D2
:101C4000046B8342F9D1237A052B40D8DFE803F0F7
:101C5000172323033F6502AB45490093096804F14C
:101C6000270304F1570000F011FF80BB0A21201D5B
:101C70001EF028FCEB680299D4F8EC009847204647
:101C80000D211EF01FFC201D10211EF01BFC204604
:101C90001EF06FFC19E094F8DC10D4F8D83002ADD7
:101CA000CB403349009503F00103096843F08003FA
:101CB00004F157001FF049F848B91022294604F1F1
:101CC000170022F05DF920B1042006B070BD082095
:101CD000FBE7032120461EF0F5FB1EF04AFC00281E
:101CE000F5D194F8DC300133DBB2142B84F8DC300E
:101CF00009D10D2120461EF0E5FB1021201D1EF00C
:101D0000E1FB0020E1E7102104F127000CF072FD57
:101D1000003818BF0120C000D7E7102104F12700C8
:101D20000CF068FD0028D2D105B32B69F3B1114B3B
:101D3000E27A1B88ADF80830A37C12F0010F08BFCF
:101D40000320DB0703D5002814BF01200220002355
:101D5000C4E938338DF809000C21201D1EF0B2FBB8
:101D60002B69D4F8EC0002A99847CAE70220ACE737
:101D7000F0320020644C050073B5047A022C05464D
:101D800023D844B190F8DC30D0F8D840DC4004F0DF
:101D9000010444F08004032128461EF0CBFB0646D4
:101DA000A8B110210C301BF07CFE00900F48234698
:101DB000006805F1270205F157011EF0C6FF044631
:101DC00050B13046FBF76AF801E0032C02D008203E
:101DD00002B070BD0024DEE7314628461EF05BFBF2
:101DE000281D21461EF046FB2046F1E7F032002078
:101DF000F8B50446FFF7A2FE0E210746201D1EF08F
:101E00000FFB38B9444B2022196804F1570022F027
:101E1000B7F888B30C2120461EF08CFB064658B359
:101E200040210C301BF03DFE3B4B1B68024603F18A
:101E3000200153F804CB42F804CB8B42F9D1203077
:101E400003F1200253F8041B40F8041B9342F9D11C
:101E5000314620461EF01FFB237A052B0CD8DFE805
:101E600003F003390D030B55042120461EF02AFB15
:101E7000FFF782FF00283CD00820F8BD2046D4F8A8
:101E8000EC70FFF75BFE0421064604F1D8000CF06D
:101E9000B1FC0028F0D1D4F8D830204AB3FBF2F1DD
:101EA00002FB1133C4F8D83084F8DC0056B17368F3
:101EB00043B10B21201D1EF005FB7368D4F8D81028
:101EC00038469847032120461EF0FCFA0E211EF0EA
:101ED000F9FA0EE0204603211EF0F4FA0E211EF05E
:101EE000F1FA201D0A211EF0EDFABB68D4F8EC00CF
:101EF0009847201D07211EF0E5FA0820FFF710FE85
:101F000038B92046BDE8F840FFF75ABE0421204604
:101F1000DDE70020B1E700BFF032002040420F00B3
:101F200070B50E460546FFF709FEF36805F1570444
:101F3000224603F1200153F8040B42F8040B8B42B4
:101F4000F9D105F1770203F1200153F8040B42F8AF
:101F5000040B8B42F9D12046FCF70AFE18B3281D6A
:101F60000E211EF0AFFAD5F8EC40D4F89C0080B9F1
:101F7000207A04F1700100F071FCC4F89C0040B9B3
:101F8000104B1C68B4B9281D06211EF09BFA204690
:101F900008E0C38903F02403002BF1D0437B9B07A7
:101FA000EED4032070BD2046FCF7EEFD0028E7D1FB
:101FB0000A20F7E72846FFF71BFF003818BF01206B
:101FC000C000EFE7F032002038B512490446543023
:101FD00021F0B7FBA4F1EC001EF01DFCBFF35B8FFA
:101FE0000D4A04F1840353E8001F43E80020002851
:101FF000F9D1BFF35B8FBFF35B8F88344FF0FF33B2
:1020000054E8002F44E800310029F9D1BFF35B8F79
:1020100038BD00BF0B0B0500C822002038B5184B97
:102020001B7805462BB301F00F042846FFF7A4FDEB
:10203000144A03280CBF04F00B0444F0040405F513
:10204000BA731278BFF35B8F53E8001F013103D1DD
:1020500043E800200028F7D1BFF35B8FBFF35B8F0D
:10206000D5F87431BFF35B8F33B144F00104E0B2B3
:1020700038BD01F00704D8E704F0FE00F8E700BF20
:10208000FB5D0020EA1500202DE9F3410D46D0F854
:10209000EC700446FFF752FDED68EB78102B03D08F
:1020A000062002B0BDE8F081D7F89C30002B5CD050
:1020B0000F21201D1EF0B4F920B92046FFF794FD32
:1020C00000285BD1012363722B68C4F80A30AB8807
:1020D000E38102232374A9782046FFF79FFFE07471
:1020E0002046FFF749FD1023607423752B7903F018
:1020F000030363756B7903F00103A375E37C1E078B
:102100003ED40521201D1EF08BF9002846D0664BD9
:102110001B78A374E37C990606D5AB789A0603D5A1
:102120001421201D1EF0CEF9E37CDB0738D5AB78F7
:10213000DE0735D50D21201D1EF0C4F9A37D84F8DE
:10214000E830637D84F8E9300321201D1EF0BAF9E0
:10215000237BE17C03EA0102100725D495F8008077
:10216000B8F1040F27D9002331E0387A07F1700164
:1021700000F074FBC7F89C00002899D1082090E774
:10218000AB781807BDD50521201D1EF09BF9637D96
:1021900003F0020363750023A375B2E7434BB7E76F
:1021A00000236375A375C9E7E27AA07C0243D207D6
:1021B000D4D505230BE00B4313F0040307D02046CE
:1021C000FFF7DAFC3A4B08EB880843441B5C2372A8
:1021D000D7F89C1020461EF02CF908B9032060E7C0
:1021E000D4F8EC309B7A032B5AD048D8013B012B12
:1021F000C4D80521201D1EF013F90028EED020467A
:10220000FFF79CFC08B30368FBB12B788DF8003016
:102210006B788DF80130AB788DF80230EB788DF863
:1022200003302B798DF804306B798DF80530036815
:10223000D4F8EC00694698470138C0B2082804D8A1
:102240001C4B185C00287FF42CAF0C2120461EF09C
:1022500039F902211EF06EF9054600288ED00621BC
:102260000C301BF01EFCD4F811300360B4F81530AC
:102270008380294620461EF00EF9002011E7042B2A
:102280007FF47CAF237D627B934228BF1346102BE3
:102290007FF406AF0521201D1EF0C2F800289DD056
:1022A000237A002BA5D199E7FD5D0020FC5D00207D
:1022B000728105005A8105002DE9F041C778012F90
:1022C000044604D06FF015042046BDE8F0811EF0EE
:1022D000A0F80546002800F0AB80042104301EF071
:1022E0009FF8002840F0A7800321281D1EF098F8D1
:1022F00010B16FF00F04E7E73946281D1EF090F883
:102300000028F6D12846FFF719FCD5F8EC309B7A67
:10231000032B074643D033D8013B012B49D90F216A
:10232000201D1EF07DF80028CCD1D4F89C0090B977
:1023300004F17007217A3A46202000F0E3FAC4F84D
:102340009C0040B9217A3A46042000F0DBFAC4F838
:102350009C000028B6D0C38903F02403002BB1D021
:10236000A37A022B25D9427BD207ABD5032B20D0F1
:10237000C268324B9343A5D1037B102BA2D118E046
:10238000042BCCD12846FFF7F7FB032804D1002FFC
:10239000C5D03B69002BC2D0294B1B7807E02846EB
:1023A000FFF7EAFB032804D1002FB8D03B69002BCC
:1023B000B5D0D4F89C303BB12846FFF715FC044655
:1023C00070B16FF068047FE7207A04F1700100F0CB
:1023D00045FAC4F89C000028EED16FF00B0473E7B7
:1023E0000B2128461EF0A6F807460028E9D0012157
:1023F0000C301BF056FB092180462846FFF70EFEE5
:10240000234688F800002246394605F1EC001CF00E
:1024100057FD044618B13846FAF740FD54E7281D29
:102420000F211EF04FF8012128461EF04BF84BE714
:102430006FF07F0448E76FF0040445E700012000D7
:10244000FB5D0020F8B5D0F8EC40D4F89C3006468F
:10245000051D002B73D079BB0D2128461DF0E0FF30
:10246000074620B1D4F89C0008B11EF04EFC364B54
:102470001B6823B153F80C5905B10C3D73B93046B4
:102480001EF0C9F9637B072B5DD1627AA37A9A4269
:1024900059D02046BDE8F840FFF70EBF1B6813B1C6
:1024A0003946204698472DB1EA6802B10C3A2B46CE
:1024B0001546E3E72A46FAE70139C9B20E2998BF63
:1024C000224A1B7B94BF575C0927002B30D1D4F8DC
:1024D0009C001EF0BCFB0023C4F89C30022128465F
:1024E0001DF09EFF40B9072F96BF194B1F21D95DE4
:1024F0003A462046FDF700F9032128461DF090FFDB
:102500000028BCD0104B1B68002BB8D053F80C59D6
:1025100005B10C3D002BB2D05B6813B139462046A3
:10252000984775B1EA6802B10C3A2B461546F1E7B7
:10253000022128461DF074FF0028C8D1CEE70927E4
:10254000CCE72A46F1E7F8BDE431002063810500BD
:1025500052810500124B10B5044618604FF0FF324F
:102560004FF0FF330F4816F017FC0F4816F0B6FF78
:102570000C4816F087FC8CB10C4CBFF35B8F2368C2
:10258000BFF35B8F5B0609D5201FFFF731FC28B135
:10259000201F0821BDE810401EF0CDB910BD00BFBE
:1025A000F0320020681200207C120020CC22002093
:1025B0002DE9F0410B8A0E46C3B30121A0F1E805D5
:1025C000A0F1EC0406F10C001BF092FA0421804605
:1025D00028461DF025FF48BB98F800100E2925D885
:1025E000144F57F8313023B9072120461EF0A3F9C4
:1025F0001CE020461EF0E6F830B9032128461DF005
:102600000FFF98B10821F0E798F80030318A07EB06
:10261000C3021279914201D00A21E6E7314657F808
:1026200033302046984701460028DED10020BDE81F
:10263000F08100BFB85605002DE9F34190F8E9306C
:10264000CF68D0F8EC5023F0020380F8E9303B78F3
:102650000446A3B905F1700807223946404621F027
:102660008FFCC0B1287A394600F096F9064690B141
:10267000014620461DF0DDFE50B9082005E0BB797B
:1026800003F0C003C02BE5D00A2002B0BDE8F08102
:1026900030461EF0DCFA0D21201D1DF0C1FE002881
:1026A0003CD0297A424602201EF0BDFA0646002898
:1026B000E3D0EB78002B44D105F17E031878012894
:1026C00025D19A7902F0C002402A20D1D3F8012006
:1026D000C6F83A20B3F80530F38795F87030B3B1F7
:1026E00095F8763003F0C003C02B10D017496A4626
:1026F000CDE90087FCF7E4FD3B68C6F80130BB88F4
:10270000A6F80530BB79F3712846FCF7C5FF3046C3
:10271000FBF756FCC0B93046FBF760FC94F8E93093
:102720005B0703D50A2120461DF0CCFE94F8E83063
:102730002BB994F8E91011B92046FFF783FE002069
:10274000A3E705F17703B9E703209EE7F10705004A
:102750002DE9F0410546A0F1E80604460F46304653
:10276000012155F8EC891EF02DF800285CD0CFB17E
:10277000032130461DF054FE002855D03846FAF7A4
:10278000BDFF0138C0B208289ABF2C4B1C5C002446
:10279000022130461DF096FE21462846BDE8F04154
:1027A000FFF750BE98F80B30002B3DD00321304688
:1027B0001DF036FE20B92846BDE8F0411EF02BB8CA
:1027C000052130461DF02CFEB8B114F8043C1F075B
:1027D00007D514F8033C180703D5112130461DF026
:1027E00071FE14F8043C23F0080304F8043C14F8C8
:1027F000033C23F0080304F8033C14F8033CD90716
:1028000014D5062128461DF05DFE022130461DF03C
:1028100059FE2368D3F89C3033B114F8043C1BB93B
:1028200014F8031C0029B8D0BDE8F0819A0701D53F
:102830000821E7E75B07E8D50A21E3E75A810500AD
:1028400008B5044B044801221A70FCF7D5F90020A2
:1028500008BD00BFFB5D00208412002070B50F4C46
:1028600014F8013B834206460D4604D10722204658
:1028700021F086FB68B10A490A48072221F080FB53
:1028800048B904F8016C2B682360AB88A380AB794E
:10289000A371024870BD0020FCE700BFF4320020A5
:1028A000C1800500F532002013B50A4B0C46D989CA
:1028B00071B1197881420BD153F8010F00909988BA
:1028C000ADF804109B798DF8063011466846A04794
:1028D00002B010BDF432002010B5044B0C46D9896B
:1028E000014202D011461846A04710BDF432002024
:1028F00008B5034900220220FFF7EEFF002008BDC3
:10290000230C050038B5094CE38903400D461146F8
:10291000227806D0954204D10722601C21F030FBBA
:1029200008B1002038BD2046FCE700BFF43200208B
:10293000F8B50B78012B06460C4601D00020F8BDF7
:102940008B7903F0C003402BF8D11149CB8911F8E2
:102950003A7B13F0020504F10100EFD0B74203D136
:10296000062221F00DFB80B1002DE7D0B742E5D162
:10297000084D611C28461BF0F5F80028DED0D4F87D
:1029800001302B61B4F80530AB820148D7E700BFB6
:10299000F43200201E33002010B5074C2378834208
:1029A00008D10722601C21F0EBFA00280CBF20465A
:1029B000002010BD0020FCE7F43200202DE9F04398
:1029C0009BB09046DDE923762E4A1D468446894613
:1029D0000CAB02F1300E106851681C4603C408327B
:1029E00072452346F7D11068127920602271614642
:1029F000202204A81EF091F923486B46202204A946
:102A000000F072F80446C0BB102249460DF13500B3
:102A10001EF083F9102241460DF145001EF07DF9AC
:102A20002946062211F8013B8DF855300DF156006C
:102A30001EF073F92299062211F8013B8DF85C30E3
:102A40000DF15D001EF069F93B4635220CA9684680
:102A500000F04AF8044680B938461EF068F90123B0
:102A60008DF83030352233460CA9684600F03CF82A
:102A7000044610B930461EF05AF920461BB0BDE896
:102A8000F08300BF664C05008B81050070B598B0DF
:102A90000E4614460146202204A81D461EF03DF9AC
:102AA000202231460CA81EF038F91022294614A81D
:102AB0001EF033F91022214668461EF02EF96B46AF
:102AC000502204A9684600F00FF840B9039B054A5C
:102AD0001BBAB3FBF2F102FB11331C9A136018B05E
:102AE00070BD00BF40420F002DE9F0418CB0804620
:102AF0000D4616460021142207A81F4621F09AF819
:102B00004FF41053134CADF818308023ADF81A3041
:102B10004FF44063CDE90834102204AB414606A8C7
:102B20001FF07DFD20B16FF004000CB0BDE8F08116
:102B300005AB029310232146CDE900732A463346A4
:102B400004981FF0A9FE044604981FF09EFC204341
:102B5000EBD0E8E70002C00300B502F1FF3C00F152
:102B6000070E2EF0030E1FFA8CFC186001FB0CF30D
:102B7000AEF800204FF0000E40F803E0BCF1000F6B
:102B800011D0023A92B202FB011C02FB01F3604435
:102B9000A3EB0C034FF6FF7C013A92B26245C050A2
:102BA000A0EB0100F8D100BD036813B11A6812B997
:102BB00002601846704703F1070C2CF0030CD11D7E
:102BC000BCF800C021F003010CF1FF3CA1F800C0EB
:102BD000EEE700BF0B6873B1073323F003031A88D5
:102BE00001320346D1F800C043F807CB23F00303BA
:102BF0001A80086070470122F3E700BF02FB010062
:102C0000704700BF401A90FBF2F080B2704700BFDF
:102C10006AB153426FEA034311446FEA1343013828
:102C2000CA1811F8013D00F8013F9142F9D17047EF
:102C3000014402E010F8013B1BB98842FAD10020A0
:102C400070470120704700BF10600860704700BFE8
:102C500003680A68934209BF002200230A600260E9
:102C60001846704713681860136859601060704701
:102C7000884203D01AB14368136070470020704740
:102C80000B68834209D02AB1586810601A680A603C
:102C900018467047002BF9D1FAE70023F8E700BF88
:102CA0002DE9F8430E4EDFF83C904FF090080C27CA
:102CB00006F1200409EB08052A1D29462046083C98
:102CC000FFF7C2FFB442A5F10C05F5D1043F3B1D4F
:102CD000A8F13008A4F12006EAD1BDE8F88300BFCE
:102CE00090330020DC33002000B503468C46AAB1A7
:102CF00001EB4101164803EB430E090101EB8E0184
:102D00000144487A91F808E0704504BF0130087228
:102D10005DF804EB614618460EF018BC01EB410269
:102D2000DFF82CE0120100EB400302EB8303734455
:102D300093F80AE0DA7A724500D000BD01329A7247
:102D4000044B01225A545DF804EB0EF057BC00BF4F
:102D5000B83300203433002070B5054682B00C46ED
:102D60001AB318785978401A10F0030030D12B4A62
:102D70004FEA450C4FEA440EAC44A6444FEA8C0C93
:102D80000CEB0E1C01310CF1040C197058686244F4
:102D90001946FFF767FF224B0122214628461A55A4
:102DA0000EF02CFC002002B070BD01930EF010FC60
:102DB000019B0028D5D02146284601930EF0E6FB62
:102DC000019B597848B91878401A10F00300CED00A
:102DD0000128E8D001311970DDE704EB440005EB70
:102DE000450C0E4A000100EB8C0010444FEA450CE4
:102DF000867AC07A86424FEA440E05D01878401A87
:102E000010F00300E4D1B7E71A78521A920701D004
:102E100002311970D3E902029047C3E7B8330020AA
:102E2000343300202DE9F04FDFF8649119F80030B9
:102E300089B0002B5CD0DFF85CA1C0EB00134FF031
:102E4000000B00EB40079B000324CDE904BB09F80D
:102E500000B00AEB071703930294834600230793FD
:102E60003B46B96A53F8240F019307AAFFF700FF06
:102E7000054607AAC5B1079E96F800807178A8EBB1
:102E8000010808F00308B8F1010F34D03478611A52
:102E900001F0030101293CD1D7E90901FFF7E8FE60
:102EA000054607AA002DE6D197F82E3097F82F2077
:102EB0009A4203D087F82F300123049397F82C30DF
:102EC00097F82D209A4203D087F82D3001230593DF
:102ED000029B5D1EEBB2FF2B0293A7F10C07BDD145
:102EE0000499D846DDF814B011B1BBF1000F44D0FD
:102EF00009B0BDE8F08F01397170079AD2E902017B
:102F00008847079E34787278A21A02F00302012AD9
:102F100021D0B86A01990022FFF7B2FE756071787E
:102F200074703278521A02F00302012A0AD0D7E9EB
:102F3000090107AAFFF79CFEB8F1010F054698D1D9
:102F400004460EE0039B71701A1D31462846524418
:102F5000FFF788FEEBE7D7E9090107AAFFF788FE2C
:102F60000446029B8BB101235946584609F80B30A1
:102F70000EF044FB09B0BDE8F08F5A46414640468A
:102F800009B0BDE8F04F0EF0E1BA002C8CD0EAE7B2
:102F900034330020B833002081B1013900F1FF3C07
:102FA00050FA81F100201CF8013F23B15A1E013074
:102FB0001340C0B2FAD18C45F5D17047084670472E
:102FC00070B50646007EFF282ED0D6F800C00D460C
:102FD00002464FF0000E07E09C681CF80130FF2B02
:102FE0001046A64420D01A4602EB420395424FEA0F
:102FF00003110CEB0313EFD1A84202D11CF80120FE
:1030000032761CF8011000EB40000201FF2998689D
:103010000CF8021006D001EB41010CEB01118B689A
:1030200003448B60704470BD002070BD00B5A2EBFE
:10303000010E1EF4000F8368D0F814C00AD12EF0E0
:103040007F4E734463450DD8ACEB030200238360CD
:10305000426100BD891A21F07F418B4208D95B1A79
:103060006345F1D9A3EB0C0300228360426100BDEC
:103070008C44ACEB0302E9E72DE9F0410446184625
:10308000284B2C2505FB043382B05C68BDF82C70FE
:1030900014F8316004EBC10E9EF803409EF8015015
:1030A00004F1010C5FFA8CFC664598BF4FF0000CF0
:1030B000654533D0054604EB44040846DEF80410A9
:1030C00090462601DEF8042001EB041404219155FA
:1030D000089AA260099AE2600A9A22610C9AA26197
:1030E000119A62620D9AE2610E9A22620F9AA262AE
:1030F000109AE262022284F801806560A782A270C1
:103100008EF803C0D3E9082501939047019B042161
:103110000022A847A07802B0BDE8F081012002B0EB
:10312000BDE8F08178340020437A002B00F0FB806A
:103130002DE9F04F013B4768026887B0DBB207EB2F
:10314000C3038A460090019202930597029B5A6836
:1031500093F801800492CDF80C80BAF1FF0F57D09C
:103160000AEB4A04019B2701D34613F807A003EB9F
:1031700004140025009BFF2222701E681B7E9342D0
:1031800006EB070900F0C780D9F8081017460CE0D5
:10319000091A05D1B9F81E80BEF81EE0F0457CD8AA
:1031A000B25CFF2A1F4668D0134603EB430206EBCE
:1031B000021E4FEA430CDEF8080088424FEA021272
:1031C000E6D9FF2FC9F8081089F800305FD1009ABE
:1031D00082F818B0634406EB03139A68521A9A6097
:1031E000A37801336370002DB7D0AB6A4FF00002B3
:1031F0002A70AA7013B1E96A002098476368002B0F
:10320000ABD1AB6A2362EB6A6362BAF1FF0FA7D15D
:10321000029BDDE903869A7808EB480308F1010078
:1032200042454FEA031106EB03155FFA80F8029B53
:103230006AD01878735C404508BF4FF00008042B33
:10324000EAD195F801B0019A0BEB4B0302EB0314A2
:10325000012094F801C0A27894454FEA03171ED0CC
:103260004FF0000373544FF00103AB70AB6A0BB126
:10327000E96A9847029B9A78CEE79C444FEA0C1C77
:10328000C9F8081089F8002006F80CB0A8E707EB89
:1032900047073F0106F807B09CE7014691E7009A0F
:1032A000AB8A5169CDF80C804FF6FE72934207D07D
:1032B0004FF6FF729B1AB3FA83F35B0984F82C3044
:1032C0006B6AA362EB6863602B692362002262620F
:1032D000AB8A4FF6FD70834288BF1346A383AB6968
:1032E000A361EB69E3602B6A2361AB68A360626151
:1032F0006A682046FFF79AFE4FF00003E383E37805
:1033000043F00103E37035E7059A934208D0029B2E
:10331000083B02931AE7F355009B83F818B05FE768
:1033200007B0BDE8F08F70472DE9F04F447E0123D0
:103330008FB08376002C40F0B680037EFF2B00F028
:10334000B18081460DF034FC99F81880B8F1FF0F78
:1033500000F0B781D9F81430D9F800600494C01A8D
:10336000D9F81C3020F07F4B5B4594BF002301232C
:103370000393A24608EB480806EB08144FEA081826
:10338000A3685B456CD8A27816F80880ABEB030BFA
:103390009A4463789B1ADDB2012D5ED1A06AA369BD
:1033A0000293002800F01381016800297ED0002BD1
:1033B00000F02581039B002B00F04581037A5A071A
:1033C00000F03681037A23F007030372E78B94F849
:1033D0002C207B1C9BB2E383002A00F0DF80A28BB1
:1033E0009A4280F0DB80A06A002800F06481037AB2
:1033F00003F00703012B00F0D180002741684760EC
:10340000A36A1A7A67F302021A72A278E768013A8D
:10341000A27017B36369D9F8142094F803C0AAEB1B
:103420000303134423F07F40626A23690CF0010C0C
:10343000002D40F0DE80B4F81EE0CDE900C37346F5
:10344000B847DDE90223AA4218BF43F00103039302
:10345000E378E58365F30003E370B8F1FF0F89D1EA
:10346000049C99F80B3099F80A209A4208D101324D
:10347000D2B2022A1ABF14462346002389F80B4011
:1034800009EB83030022C3F80CA0D9F8244089F883
:103490001A204B46012204210320A4460FB0BDE8A8
:1034A000F04F604784760FB0BDE8F08F029B002B91
:1034B00000F08B80039B002B84D1D9F81C309A45F7
:1034C00080D3B8F1FF0F7DD0029BE78B09939C4618
:1034D000A38B6168CDF818B0BB429ABFFB1A9BB2B0
:1034E0003B4603FB0113CDE907A805934FF0000EFF
:1034F00043460B92DDF824800C95CDF824C0A346FA
:103500008A4684460D97CDF8289003EB430306EBDB
:1035100003121B0191688E44F04548D3906A946968
:1035200000283FD0006800283CD0D58B978B50688E
:10353000AF4240F29380002840F09780BCF1000F2A
:1035400032D08146DCF8000028B1029919B97444E0
:10355000A04280F0BF80AF4226D8D0789BF80320ED
:1035600000F0010402F00105A54205D34240D10755
:103570001AD4B9F1000F17D060465C46DDF8208000
:103580000C9DDDF824C00D9FDDF82890DDE906BA1A
:10359000002840F09880CDF808C018E7A378013BD8
:1035A000A3705AE7002CC0D1F35CFF2BADD160466D
:1035B000DDE9088C5C46DDE906BA0B9ADDF8289057
:1035C000CDF808C0002800F09080002515E7029B88
:1035D0005BB3039B002B7FF4F9AED9F81C309A45FE
:1035E000FFF4F4AEB8F1FF0F7FF46EAF03990D4610
:1035F0000CE7CDE900C34FF6FF73B8472DE7039BF7
:1036000063B9D9F81C309A4508D3B8F1FF0F54D0EC
:103610004FF0040CE78BCDF824C059E70423029344
:10362000037A5A077FF4CEAE02E0029D0021EDE658
:10363000A18BE28B91423FF6C5AE012262F30203F9
:103640000372E78BC3E6D9F81C309A45FFF4B6AE97
:10365000B8F1FF0F7FF438AF039DCEE668B9BCF137
:10366000000F7FF46EAFE14677E7BAF1000F20D18B
:10367000BCF1000F98D0D14664E7BAF1000F12D028
:10368000A5EB07091FFA89F9411A00FB09110598F2
:1036900088422CBF4FF000094FF00109BCF1000F28
:1036A0007FF450AF57E7D146BCF1000F7FF44AAF2B
:1036B00051E7A946E8E7A278B8E70423039D0293FF
:1036C0009BE6A246CDE60168CDF808C000293FF48C
:1036D00079AE73E65C460146DDE906BA6046DDF880
:1036E00020800C9DDDE909C9EEE7054601468DE61F
:1036F000837E002B40F0EA832DE9F04F437E8DB0AE
:103700000A93002B7AD1837AC27A012141769A42B8
:103710004169079100F0DB830133DBB2022B0ABF62
:103720000A9A1A46134600EB82028372D368079AFC
:103730000593D31823F07F43436101230B93037E4A
:10374000089383460DF034FA9BF8093004900693F1
:10375000002B00F00085DBF80460CDF800B0013BE1
:10376000DBB206EBC309DBF80030019300230693BC
:10377000FF230393D9F804704FF0000B99F803105E
:1037800099F8025005EB45046B1CA9424FEA041A54
:10379000DBB207EB041463D099F800209A4208BF0B
:1037A000002389F8023017F80A20042A4AD9082A87
:1037B0003CD86178019801EB410300EB03181B0131
:1037C00098F80200029398F801301B1A13F0FF03D7
:1037D0001ED1062A2AD1009BDB7E8B424FD007F8F0
:1037E0000AB0A36A84F802B0002BC7D0E16A0020B7
:1037F000984799F8031099F80250C3E7446A0421E6
:10380000034601220420A4460DB0BDE8F04F6047F6
:10381000052A2BD16268BAB9A268AAB9E2689AB936
:1038200022698AB9A28A7AB9A27D6AB907F80AB070
:103830004FF00103A370A36A002B9FD0E16A01201F
:1038400098479BE71D469DE7012B1AD0009B04215A
:103850005C6A01220846A047012389F802500693BA
:10386000B14500F0F780A9F1080983E7012B00F0CA
:10387000AE80062AEAD1009BDB7E8B42AFD1616825
:10388000C8E0009D2846FFF79BFBC8F80800D5F864
:1038900014E0049B059AA3EB0E0323F07F4313442B
:1038A000984240F2CF80C21AD8F80430002B50D092
:1038B000A38A002B4DD0013B99B2A182D8F80450C5
:1038C000B8F81E30AA4288BFB4461BD81FE0D8F80B
:1038D0002410A54E83B2A5480818B042A2EB0502F9
:1038E00006D901F1E87101F5D43101F5A571013A6C
:1038F000D8F82000A8F81E30091AC8F824109542FC
:10390000A18A03D28B4203F1FF30E0D86646994288
:103910001DD9D8F820000996D8F82410DFF84CC239
:10392000914E01448C440133B4459BB22A4406D8DD
:10393000A1F1E871A1F5D431A1F5A5710132C8F862
:103940002410A8F81E30A18A8B42E5D3099EA8F85E
:103950001C106368D8F828101344C8F80830A2680F
:10396000D8F814301344C8F8143029B10B681BB1CF
:10397000D4E901329B1A4B60049A71464046FFF726
:1039800055FBE268D8F818301344C8F8183022699B
:1039900093428CBF9B1A0023C8F81830A37D2BB12B
:1039A00098F8032063F3000288F80320E37D13B145
:1039B000013B88F82C30DDE901320399995498F8DD
:1039C000013062780392013388F8013007E7062A54
:1039D0003FF401AF009D2846FFF7F2FA98F8023055
:1039E000C8F8080088F80130EA7E63789A427FF4CC
:1039F000F6AE17F80A30062B3FF441AF009AFF23CA
:103A0000D37617F80A30062B3FF439AF082B3FF472
:103A100036AF0499009B5A698B1A1D0209D4059A86
:103A200023F07F4313440099CA699A4288BFCB614F
:103A3000D5E6059B521A22F07F4293428CBF9B1A17
:103A40000023F0E7D8F814100B441B1AC8F8143000
:103A5000002229E7DDF800B0089B9BF81860F51AF2
:103A60000B9B18BF01252F46002B00F01C81FF2E59
:103A700066D0049B079ADBF800A0DDF8149002954D
:103A80004FF000089B1ACDF8008023F07F4806EB2A
:103A900046030AEB03141B01A26801934A4500F296
:103AA0003D83009BA178E08B1344009363785B1AFD
:103AB000DBF81C108A4234BF891A0021A9EB0209E5
:103AC000A8EB020824BF4FF0FF328BF81B20CBF885
:103AD0001C10A16AA569DBB2002900F0D7800A6832
:103AE000002A00F0BF80002D40F0BF80022B00F0C4
:103AF00010830022A260019A1AF802208BF8182085
:103B00006168A26A00297DD122B1127A02F007020F
:103B1000012A5AD03BB1012B00D020B1236A13B146
:103B2000616A01209847A37863709BF81860FF2EA4
:103B3000ADD1029D089BFF2B0CBF2F4645F001071E
:103B400003995846FFF7F0FACDE900B7DBF80040DB
:103B50000022009B197EFF29084600F00C830E46C8
:103B60004FF0FF0B05E000BF592B177F5A2B17FFB3
:103B70001E4606EB460304EB03171B01BD6AA9466C
:103B80003DB195F808C00CF0070CBCF1010F00F036
:103B9000AD81E35CFF2BB346EAD1DDE900B7002A33
:103BA00000F08780089B8B4240F08780069B002BAB
:103BB00040F08E809BF80930002B00F08980013B9B
:103BC0000B9FDBF80460DBB2D7E0A378C4F8089061
:103BD0006370079B009ADBF814109A1822F07F425A
:103BE0002046FFF723FA019B039A0AF80320637823
:103BF00003960133DBB263709BF81860FF2E7FF4ED
:103C000046AF96E722B1137A03F00703012BDCD00D
:103C1000B4F81EE0BEF1000F41D1B4F81CE07046CC
:103C2000D4E908730022A446AB4DAC4C3B445D196B
:103C3000A54200F1FF300A4406D8A3F1E873A3F5CA
:103C4000D433A3F5A5730132441CEDD19CF82C00AC
:103C5000CCF824306446002800F01881A260A4F853
:103C60001EE0B6E7002D3FF444AF022B7FF441AFD6
:103C700000287FF43EAF0A7A02F00702012A3FF4DF
:103C800038AFCBF81C508BF81B6032E7002D3FF4A7
:103C900030AF022B7FF42DAF0028F2D029E7A378B4
:103CA00063700020BCE703995846FFF73DFA9BF884
:103CB0001810089B8B4200F02082069B002B53D0EB
:103CC0000846FF2800F06382089BFF2B00F04A8221
:103CD000DBF8003000EB400003EB0013D3F8089052
:103CE000B9F1000F00F031820CF062FF0A250646A0
:103CF000DBF81430F21A22F07F42914502F1030101
:103D000040F2DB8149452CBF5B184B4423F07F44D4
:103D10002046DBF8283098470CF04AFF821BA31B93
:103D200022F07F42033223F07F439A42074640F25B
:103D3000C681013D01D03E46DAE7694A69496A48D1
:103D400040F65B4318F054FB85F31188BFF36F8F87
:103D50000323184602DF3E46CAE7FF2B069B00F00E
:103D60003682002B40F013829BF80930002BA7D03D
:103D7000013BDBF80460DBB20127CDE9066706EB07
:103D8000C30ACDF810B09AF801509AF80320AA425D
:103D900068D0DAF804302E461D4606EB460633019D
:103DA00005EB0616EB5C012B45D0022B4DD1D6E975
:103DB0000120D6E905B314780499D6F80CC0D1F8DF
:103DC00000904F69FF2C9E46336902D00168B942CA
:103DD00054D004994FF000080C7E0760FF2C27D0C8
:103DE000CDE90056CDE9022C5E460593F34609E085
:103DF000BA684244B04788B919F80540BB68FF2C3F
:103E0000984436D004EB440509EB05175B46B969C5
:103E100020462D01002EEBD10029EDD0B968059B7D
:103E2000DDE90056DDE9022C88440BB1796A19609E
:103E30001470CCF80080B36A4FF00002B27013B176
:103E4000F16A002098479AF803209AF801609AF8DE
:103E500000300136F6B2B34208BF0026B2428AF8FB
:103E600001609AD1069B9A4500F03881AAF1080AB0
:103E700089E7DDE90056DDE9022CD9E704EB4404CB
:103E80002101DCF8008019F80140A7E790457FF692
:103E9000E5AE8446114D1048CDF810903B4403EB3D
:103EA0000009A9450A440CF1010C06D8A3F1E873F6
:103EB000A3F5D4330132A3F5A5739045EED8F444AD
:103EC000DDF8109063621FFA8CFEC7E670470A9B0C
:103ED0000B93059333E400BF5A2B17FF592B177F21
:103EE00030570500205A050098570500BA681D464E
:103EF0004B46002A65D1B969002977D0D9E900205D
:103F0000904280F01881635DFF2B00F01481A2EBDA
:103F1000000E009AD269043204920022CDE9020612
:103F20009046049E9246CDE904B53AE0AAF1040217
:103F30004244724528BF724601EB060BDE450DD3A5
:103F400094450BD8BD69002D6CD099F808C01CF0C1
:103F5000080F67D1521A01D0B2426FD2826A22B1E1
:103F6000127A02F00702012A57D08269002A54D03F
:103F70004068002851D00432D04402EB0806BA69E8
:103F8000002A4DD099F808000007AEEB010203D5D6
:103F9000964294BF32460022E35C4FF0000AFF2BAA
:103FA0004CD001EB080CE64548D303EB430304EB8C
:103FB00003101B0182689244BAF1040FB6D80022A4
:103FC000BAE78F4A8F49904840F6B51318F010FAB7
:103FD000002383F31188BFF36F8F0323184602DF9A
:103FE000BB6AB9699946002988D11BB11A68002AB1
:103FF00040F0AE80824A8549834840F6BD1318F0F0
:10400000F7F9002383F31188BFF36F8F032318465A
:1040100002DF0421D7F8289070E7E35C0022BEE7B6
:104020003246B9E7002E99D0521AB24296D302987E
:10403000059D32461044DDE9036B04E0DDE902062C
:10404000DDE904B51044C9F8040014F805A0BAF17C
:10405000FF0F534618BF4FF0FF0E01D1A8E00B46EB
:1040600003EB430104EB011C4FEA4308DCF80800B2
:1040700090424FEA011180F0B280615CFF299E46B8
:10408000A2EB0002EBD1BA60BBF1FF0F66D00BEBE5
:104090004B02120104F802A043441B01E25C62558A
:1040A000E654FB8B013BFB8399F80830022262F354
:1040B000020389F8083001224BE501230A9300230B
:1040C0008BF819309BF81A300A9A1A4312D0DBF891
:1040D00024405B4601220321FFF794BB079FDDF8D4
:1040E00010B0002F40F089808BF819709BF81A30BF
:1040F000002BECD10DB0BDE8F08F069B002BF0D16A
:104100009BF80930002BECD0013BDBF80460DBB2FC
:1041100033E600287FF4EDAC0425ACE5A2EB090200
:10412000A260029D9BF81830089A93420CBF2F465C
:1041300045F0010704E5C9F80400635DFF2B08BFE3
:10414000002235D00023BB60ABE78BF81990BEE7A7
:1041500099460421D2E6FF2303937DE4009A82F876
:1041600018A099E70CF024FD04460CF0E9FCD0B14E
:104170009BF81800ACE59B46019F089B002A7FF442
:10418000ECADFF2BB9D0069B002B3FF4EDAD0CF04E
:10419000E7FC044670B100238BF819309BF81A3005
:1041A000002B94D1A6E79BF81800CBF814408FE5BC
:1041B000BA6076E7CBF81C000CF0FAFC8BF81940DB
:1041C000CBF814009BF81A30002B93D07FE7002B1C
:1041D000DDD19BF80930002B7FF4F1ACD7E7801AD2
:1041E000BEF1FF0FCCF80800BA603FF45AAF14F8E4
:1041F00005A073464FEA4E0846E79BF8180060E5B5
:10420000305705007057050098570500B85705004E
:1042100038B5DDF810C09DF814408E460699D0B927
:10422000164D85F808E02A606B72C5F804C08BB1A2
:104230005A1ED2B20CEBC202ACF1080C516012F85B
:10424000083903EB43009445A4EB030301EB001191
:10425000DCB2F3D10CB1012038BD079A2A62089A6A
:104260006A62FF23099A2B76AA620CF0A1FCFF2355
:1042700068616C81EB76EC61204638BD78340020B3
:10428000044B2C2202FB0033187A003818BF01209F
:10429000704700BF7834002000B5084B2C2202FB89
:1042A0000033D3F824E0BEF1000F06D0F44601221B
:1042B0005DF804EB03210220604700BD7834002044
:1042C00010B58AB00C9C00940D9C01940E9C029435
:1042D000109C0494119C0594129CBDF83CC006945B
:1042E000139CCDF80CC007944FF0000C149C08945C
:1042F000CDF824C0FEF7C0FE0AB010BDBDF80CC05A
:10430000CDF80CC0FEF7B8BE2DE9F04104461846C2
:10431000294B82B02C2505FB04339DF830400094D6
:104320005C689DF83C5014F83160019504EBC10EB7
:10433000BDF82C709EF803409EF8015004F1010C6A
:104340005FFA8CFC664598BF4FF0000C65452ED097
:10435000154604EB4404DEF8042026018846DEF806
:10436000041002EB041405228A55009AA275089ADB
:10437000A260099AE2600A9A22610D9AA2620E9ADC
:104380006570E262019D60600222A782E575A270FD
:104390008EF803C01A6A5D6A009340469047009BFE
:1043A00000220421A847A07802B0BDE8F0810120D6
:1043B00002B0BDE8F08100BF7834002010B588B0AD
:1043C0000A9C00940B9CBDF834C001940C9C029490
:1043D000CDF80CC00F9C9DF838C0CDF810C00594E6
:1043E0004FF0000C109C0694CDF81CC0FFF78CFF1A
:1043F00008B010BDF0B51F4C054618462C2303FB32
:10440000054316465A6802EBC10E12F831509EF869
:1044100003409EF8012004F1010C5FFA8CFC654515
:1044200098BF4FF0000C624583B01FD0024608468B
:10443000DEF80410DEF8047004EB4404250101EBFF
:10444000041407217955A262089AE262022266707A
:10445000A2708EF803C0D3E9082501939047019B11
:1044600000220421A847A07803B0F0BD012003B0CA
:10447000F0BD00BF78340020F0B5204C054618464A
:104480002C2303FB054316465A6802EBC10E12F8B3
:1044900031509EF803409EF8012004F1010C5FFAB0
:1044A0008CFC654598BF4FF0000C624583B021D06D
:1044B00002460846DEF80410DEF8047004EB4404FB
:1044C000250101EB0414082179556260089AA26263
:1044D000099AE26202226670A2708EF803C0D3E9E4
:1044E000082501939047019B00220421A847A0784A
:1044F00003B0F0BD012003B0F0BD00BF7834002050
:104500000CF056BB401A20F07F4070470148002154
:10451000704700BF7F410100022801D00120704791
:1045200038B5054608461C4603F0EEFC10B10020E5
:10453000207038BD284638BD002303700B707047CB
:1045400010B582B004460020019103F091F980B9C2
:10455000019944B9084B49B1086818608A889A8063
:10456000002002B010BD054B0029F5D119609980DB
:10457000F6E70C2002B010BDAC340020A4340020BB
:10458000012804D808B90348704703487047002041
:10459000704700BFAC340020A4340020012809D8A3
:1045A00030B9064B186808609A888A8018467047A8
:1045B000034BF7E700231846704700BFAC340020D8
:1045C000A434002010B504460AF012FD50B90BF0D7
:1045D00093F9D0B90BF0DAFD50BB2046BDE810408E
:1045E00014F0D0BC1C4A1D491D4840F6571317F063
:1045F000FFFE002383F31188BFF36F8F0323184658
:1046000002DF0BF079F90028E4D0134A134914486B
:1046100040F65C1317F0ECFE002383F31188BFF320
:104620006F8F0323184602DF0BF0B0FD0028D4D0B3
:10463000094A0A490A4840F6681317F0D9FE0023D0
:1046400083F31188BFF36F8F0323184602DF2046E0
:10465000BDE8104014F096BC105805004C580500F9
:10466000985705000860014814F08CBCB43A00204B
:1046700014F088BC2DE9F0470B78072B84BF2B4B37
:1046800093F840309A424ED0284D5C1CE4B29146DB
:10469000082C35F8332002808246884608BF002463
:1046A000002605EBC303012719E0012838D01222A8
:1046B0005A60072C88F8004088BF95F84040A14513
:1046C00023D023B2013435F83310BAF80020E4B215
:1046D000082C08BF0024914205EBC30315D158688C
:1046E000B0B1FF28E1D9027902F00302013A012AB0
:1046F00012D912225A6003F01FFC072C88F80040E0
:1047000088BF95F84040A145DBD13046BDE8F08731
:1047100001365F60F6B2CCE70136F6B20122E9E776
:104720000136F6B2C5E70026EFE700BFE03400200F
:104730002DE9F0412F4E338898424CD913F0FF08F1
:1047400020D02D4D6C7D2B7D2C480134E4B2052CFE
:1047500008BF0024A34217D0FEF726FA074688B107
:104760002748FEF721FA002837D007606B7D45F80F
:10477000230033886C7508F1FF30013B10F0FF080F
:104780003380E0D1BDE8F0813388002BFAD01D4D95
:104790006C7B00270134E4B2032C2B7B174808BF45
:1047A0000024A342EED0FEF7FFF980460028E9D0AE
:1047B0001348FEF7F9F9B0B1C8F80470C0F80080EA
:1047C0006B7B45F8230033886C73013B9BB23380CD
:1047D000002BDFD1D6E78046B3E738460749BDE86E
:1047E000F041FEF7F7B940460449BDE8F041FEF755
:1047F000F1B900BF48350020C43800204C350020F6
:10480000A0350020283500202DE9F8433E4B3F4ECF
:104810000422981824210027B782FEF79DF93C4B0B
:10482000042208219818FEF797F996F81480747DF1
:104830004FF004090134E4B2052C08BF0024A04560
:10484000334813D0FEF7B0F9054678B12E48FEF78D
:10485000ABF9002852D06F600560737D46F82300E5
:1048600009F1FF3313F0FF097475E3D1294B0822D6
:10487000181D6421FEF770F9274B0A22181D082124
:10488000FEF76AF92448FEF78FF90446C0B1234ABF
:104890002046111FFEF7D8F91F48FEF785F9044698
:1048A000E8B11F4A2046111FFEF7CEF91D4B062224
:1048B000FF201A80FFF73CFFBDE8F84308F0FEBE7A
:1048C000194A1A491A4840F6321317F091FD84F339
:1048D0001188BFF36F8F0323184602DFD7E7124A10
:1048E0001249134840F6391317F082FD84F31188FA
:1048F000BFF36F8F0323184602DFD2E7044928462F
:10490000FEF768F9B2E700BF0039002094390020B3
:10491000DC380020A03500204C3500204435002034
:104920003C35002048350020105805000C5D05007E
:10493000985705002DE9F043DFF88882DFF8709280
:1049400087B0D8E9000103AAFEF792F905460028CE
:1049500032D0039C002C6CD0207804AA02A903F06A
:1049600063FF039B0446002850D0049ABDF808104A
:104970001F78ADF80A10059203F068FF2146059AEA
:10498000BDF80A0003F0A8FF204603F029FF05AA9E
:104990000DF10A01384603F047FF04460028EBD129
:1049A000D9F8000014F0EEFAD8E9000103AAFEF7E6
:1049B0005FF905460028CCD104AA02A90DF1070031
:1049C00003F01AFF0446002843D0049B05939DF88A
:1049D0000770BDF80830ADF80A3003F037FF214604
:1049E000059ABDF80A0003F077FF204603F0F8FEB1
:1049F00005AA0DF10A01384603F016FF0446002807
:104A0000EBD16B4B186814F0BDFA9AE705931B794C
:104A1000013B172B20D8DFE803F02F43911F1F1F06
:104A20001F1F1F1F1F1F1F1F1F1F1F1F1F1F1F1F96
:104A3000862F6048604A614940F6042317F0D8FC8D
:104A400084F31188BFF36F8F0323184602DF039CA2
:104A500082E707B0BDE8F083574A5949554840F608
:104A6000A43317F0C5FC002383F31188BFF36F8FC5
:104A70000323184602DF64E75249D8F804000022F5
:104A8000FEF7FEF8504B059993F8413028460B701D
:104A90004E4AFEF7E7F8464B186814F073FA50E7F1
:104AA0004849D8F804000022FEF7EAF8059EB468E9
:104AB0003CB1237803F0FF07002B69D02378013B3A
:104AC0002370337B83B1012B5ED03B4A3C4939488C
:104AD00040F60B4317F08CFC002383F31188BFF3DF
:104AE0006F8F0323184602DF394A00273773537D3F
:104AF000117D0133DBB2052B08BF3B46994234D010
:104B00003560517D42F821605375002C3FF419AF98
:104B10002378002B7FF415AF6369002B3FF411AFAE
:104B2000A06998470DE72749D8F804000022FEF74E
:104B3000A7F80599284603F0B1FC02E705A9284625
:104B400003F0D6FC1F49D8F804000022FEF798F8BD
:104B5000059900293FF4F5AE0B792D2B3FF4F1AE0A
:104B6000194B284693F8413091E7134A19491148E7
:104B700040F6124317F03CFC87F31188BFF36F8FA8
:104B80000323184602DFC0E73046F3F789F8ABE7A6
:104B9000094A1149074840F6B43317F029FC87F356
:104BA0001188BFF36F8F0323184602DF86E700BF2B
:104BB000B03A0020985705001058050054580500D9
:104BC0007058050040350020E03400203C350020BE
:104BD00094390020745805005858050000B5334B2F
:104BE00089B018600BF09EFF314B1A78002A56D01E
:104BF0003049DFF8E0E0CDF814E02F4ADFF8D8C004
:104C00004FF0050E81F808E004922C4A0220CDE90D
:104C1000022C04234FF00D0CCDE9001C284A087427
:104C200008760B7000200621FFF7F2FA38BB01224C
:104C3000002124481EF0C0FC0AF05CF9034610B1C4
:104C4000184609B000BDFFF7DFFD0AF03FFE03463E
:104C50000028F5D102F0CAFD03460028F0D10BF080
:104C600089FA03460028EBD103F0C0FB0346002875
:104C7000E6D107900120F3F77FFD079BE0E7124A9A
:104C80001249134840F2762317F0B2FB002383F356
:104C90001188BFF36F8F0323184602DFC7E7FDF7C4
:104CA000FFFF034B01221A70A2E700BFB03A0020B9
:104CB000FE5D00203C3D0020C1160400CC3A0020DF
:104CC0005C3D0020B43A0020105805004C58050007
:104CD00098570500CD1704005916040030B587B069
:104CE00002F08AFD002833D103F086FB002842D170
:104CF0000024384B2046A3F84040F3F73DFD3649E9
:104D0000364A374BA1F8004194829C81012221460A
:104D100068461EF051FC334B224621460320C3F85F
:104D200008D0FEF719F8002845D14FF0FF324FF0B8
:104D3000FF33684614F060F902F064FD58BBFFF7DA
:104D400063FD0021012007B0BDE83040FFF7F8BB4C
:104D5000254A2649264840F22E3317F049FB002306
:104D600083F31188BFF36F8F0323184602DF03F02C
:104D700043FB0028BCD01C4A1C491D4840F25A3352
:104D800017F036FB002383F31188BFF36F8F0323E3
:104D9000184602DFACE7144A1449154840F296332E
:104DA00017F026FB002383F31188BFF36F8F0323D3
:104DB000184602DFC3E70C4A0E490D4840F289331A
:104DC00017F016FB84F31188BFF36F8F0323184687
:104DD00002DFAAE7E0340020AC390020C43800200C
:104DE00028350020CC120020105805004C58050032
:104DF000985705008458050008B5FFF76FFFBDE818
:104E000008400AF0A7B800BF2DE9F043334D344CF9
:104E100083B00746884600233B60D5E9000101AA1C
:104E2000FDF726FF0646002846D0019B2D491A783B
:104E30004046FFF71FFC0346002845D194F8402068
:104E40008DF8012094F841200DF101010DF10200CF
:104E50009946FFF70FFC49EA000212F0FF090346EA
:104E6000F0D1019B1A79012A32D14A462946686855
:104E7000FDF706FF30461C4E1C49FDF7ABFE33889C
:104E8000052B09D801981A4901333380FDF7A2FE9A
:104E90000120FFF74DFCBEE7164A174917484FF4AB
:104EA000D76317F0A5FA89F31188BFF36F8F032337
:104EB000184602DF3388E5E70949404691F841206A
:104EC0004031FFF7D7FB0346184603B0BDE8F08337
:104ED0003B604B46184603B0BDE8F08338350020F0
:104EE000E034002020350020483500204C350020DB
:104EF000A0350020105805008C5805009857050073
:104F000070B5634982B000234868019301AAFDF798
:104F1000B7FE0446002868D020465E49FDF75AFED9
:104F2000019B1C791D2C10D8DFE804F0200F0F2006
:104F30000F0F0F0F0F0F0F0F0F0F0F0F0F0F0F0F81
:104F40000F0F0F32202020202020534A534954486D
:104F500040F2735317F04CFA002383F31188BFF328
:104F60006F8F0323184602DF02B070BD002CFBD107
:104F7000494A4C494A4840F26F5317F039FA84F3D2
:104F80001188BFF36F8F0323184602DF02B070BD94
:104F90001A7F3C2A38D05C7FC4B19B681C68606E65
:104FA00020B1002340496366FDF714FE94F86A308F
:104FB00023F0010384F86A30002002F059FC10F05D
:104FC000FF00D1D109F04EF802B070BD324A33492A
:104FD000334840F2F64317F00BFA84F31188BFF31D
:104FE0006F8F0323184602DFE6E72B4A2F492C4830
:104FF00040F2354317F0FCF984F31188BFF36F8F4B
:105000000323184602DF87E79B685A681C681D4621
:105010001646FAB12B4600255D60B36F6BB11E4A90
:1050200023491F4840F2B24317F0E2F985F3118893
:10503000BFF36F8F0323184602DF06F16C0106F100
:105040006800FDF705FE054698B13068B56702F0C7
:1050500045FFABE7104A1749114840F2AF4317F03C
:10506000C7F986F31188BFF36F8F0323184602DF59
:10507000D0E7094A10490A4840F2B54317F0B8F999
:1050800085F31188BFF36F8F0323184602DFDCE737
:10509000383500204C3500201058050070580500A8
:1050A00098570500FC580500A03500200C5D050050
:1050B000D8580500CC580500F0580500F8B504682C
:1050C000074634B32646246835791D2D10D8DFE80D
:1050D00005F03B0F0F3B0F0F0F0F0F0F0F0F0F0FB1
:1050E0000F0F0F0F0F0F0F0F0F27553B3B3B3B3B96
:1050F000484A4949494840F2AC6317F079F900231E
:1051000083F31188BFF36F8F0323184602DF002C4F
:10511000D8D100233B60BDE8F840FF20FFF708BB73
:10512000337F3C2B61D0F3B13A4A3D493B4840F2D2
:10513000D75317F05DF9002383F31188BFF36F8F06
:105140000323184602DF35796DB93649314A3348B1
:1051500040F22D6317F04CF985F31188BFF36F8F80
:105160000323184602DF304D2B88052B2CD8013342
:105170002E492B803046FDF72DFDA2E7F588002D46
:105180009FD1284602F0B8FED0F8943006466BB1A5
:10519000204A2749214840F29B6317F029F985F3FB
:1051A0001188BFF36F8F0323184602DF06F18801D1
:1051B00006F18400FDF74CFD0546D8B1C6F89450C1
:1051C000304602F08BFE7CE71A49124A13484FF42E
:1051D000D76317F00DF9002383F31188BFF36F8FA6
:1051E0000323184602DF2B88C1E710493046FDF73C
:1051F000F1FC66E7074A1049084840F29E6317F041
:10520000F7F885F31188BFF36F8F0323184602DF89
:10521000D4E700BF105805007058050098570500E6
:10522000205905002C59050048350020A0350020E4
:10523000545905008C5805000C5D05000148FDF728
:10524000B3BC00BF4C3500200149FDF7C3BC00BF13
:105250004C3500200148FDF7A7BC00BFA035002059
:105260000149FDF7B7BC00BFA0350020034B044A3D
:1052700093F841300B70FDF7F5BC00BFE03400201F
:105280003C35002008B5064B064A93F841300B70B8
:10529000FDF7E8FC044B1868BDE8084013F072BE47
:1052A000E03400203C350020B03A00200B490A7B56
:1052B0004B7B9A420AD8A3EB020C5FFA8CFC604548
:1052C00009D89A4207D051F82200704703339B1A3D
:1052D000DBB29842F7D90020704700BF2835002084
:1052E000074A117B537B8B4208D04B1CDBB2032B4C
:1052F00008BF002352F82100137370470020704745
:105300002835002008B5134A92F841C092F840E0D1
:105310000CF10103DBB2082B08BF00239E4508D027
:1053200022F83C0002EBCC0CCCF8041082F841309F
:1053300008BD094A09490A4840F2127317F058F8A3
:10534000002383F31188BFF36F8F0322104602DF1F
:105350001B80FFDEE0340020105805006C5905006A
:10536000985705000022042302700B70704700BF9D
:10537000002208B511460B4B0120FDF7EDFC00B9EA
:1053800008BD094A09490A4840F2317317F030F85C
:10539000002383F31188BFF36F8F0323184602DFC6
:1053A00008BD00BFBC120020105805007059050050
:1053B00098570500022802D00B68022B0DD000B5CB
:1053C00083B001914FF0FF324FF0FF33034813F0E9
:1053D00013FE0199086803B000BD7047B43A00207D
:1053E000044A13680BB1184670470346106018460C
:1053F000704700BFDC340020044A136823B1984290
:1054000006BF00211160002318467047DC340020DD
:10541000014B1868704700BFDC340020044A136851
:105420000BB118467047034610601846704700BF1E
:1054300024350020044A136823B1984206BF002196
:10544000116000231846704724350020014B18686E
:10545000704700BF2435002070B50468237886B0FB
:105460005BB305460122002168461EF0A5F8144BE7
:10547000C4F818D063612378FBB1124B00221146A7
:1054800003209D60FDF768FC38B94FF4004200230B
:10549000684613F0B1FD06B070BD0B4A0B490C48CD
:1054A00040F2E97316F0A4FF002383F31188BFF3E1
:1054B0006F8F0323184602DFE7E76FF07700EAE714
:1054C00071460300AC120020105805007059050009
:1054D0009857050070B5254C236886B0002B3AD04C
:1054E000994217D10223059305AB00931646204B32
:1054F00002460D4600200321FEF77CFF02280346EA
:105500000CD0059A022A09D193B123680BB19D42B0
:1055100023D025B36FF02D0006B070BD4FF0FF33E0
:1055200014484FF0FF3213F067FD059B002BECD1C0
:1055300030460393FFF790FF226812B19542039B18
:1055400010D0002DE6D10028E6D010F1780F08BF6A
:10555000002006B070BD2160C4E7002323606FF017
:105560007700D9E723600028D6D0EEE7DC340020AE
:1055700065460300B43A00200B490A7D4B7D9A42F0
:105580000AD8A3EB020C5FFA8CFC604509D89A425A
:1055900007D051F82200704705339B1ADBB29842BE
:1055A000F7D90020704700BFC4380020074A117D9A
:1055B000537D8B4208D04B1CDBB2052B08BF002368
:1055C00052F821001375704700207047C43800203E
:1055D00010B582B00446019103F008F90199044A1C
:1055E0000870204602B0BDE81040FDF73BBB00BF8D
:1055F000443500200122024B11460020FDF7ACBBD0
:105600009C12002010B582B00446019103F0EEF820
:105610000199074A08702046FDF724FB0122054B3B
:105620001146002002B0BDE81040FDF795BB00BF59
:10563000443500209C1200202DE9F043194D9DF8BF
:105640001C6095F801C10CF10104E4B2082C1F465E
:1056500095F8003108BF0024A3421ED0964605EB02
:105660004C1CDEF80C308146884610685168926800
:10567000E646AEE80F009CF81C30CCF8188006F027
:10568000010623F003033343CCE904798CF81C3082
:1056900085F801416046BDE8F0834FF0000C60469C
:1056A000BDE8F083AC390020054890F8003190F84F
:1056B00001219A4214BF00EB43100020704700BF45
:1056C000AC39002002780B49072A91F8013184BFD8
:1056D00091F800210270934209D0531CDBB2082BD1
:1056E00008BF002301EB42110370084670470021F8
:1056F000FBE700BFAC3900202DE9F04F4A4F97F887
:10570000004197F80131A34285B06BD04FF0000BF8
:10571000029007EB44140A25CDF80CB0CDF804B084
:10572000DA46267FD4F80C90C6F3400806F001064E
:1057300055B3B8F1000F38D097F8013197F8004110
:10574000A3424FD00134E4B2082C08BF0024A34286
:1057500087F8004146D007EB4414B8F1000F10D190
:10576000E268002E41D1BAF1000F54D0019B002B0A
:1057700056D0237F980704D1524533D0019B9A42DB
:1057800030D0013DEDB2CCE7284A2949294840F6FE
:105790006F0316F02DFE85F31188BFF36F8F03237F
:1057A000184602DFB8F1000FC6D1234B02989C6067
:1057B00042464146FDF7D0FA0028BDD01B4A1F499A
:1057C0001C4840F67E0316F013FE88F31188BFF3E1
:1057D0006F8F0323184602DF97F8013197F80041D5
:1057E000A342AFD105B0BDE8F08F039BABB1BBF1D5
:1057F000000F08BFCB46237F9907C2D4DB07BBD578
:10580000019B002BBDD1039B9342EBD09345E9D084
:10581000013DEDB285E7CA46EDE7CDF80C90EAE729
:10582000CDF80490E7E700BFAC3900201058050020
:1058300078590500985705008C1200207059050012
:10584000054B1A7D597D914204D053F8220010B1C6
:105850000C307047002070479439002070B5134A0F
:10586000117D537D8B421ED04B1CDBB252F8214080
:10587000052B08BF002313759CB102230025266861
:1058800023712560A06002F0B1FF094A2070214613
:105890003046FDF7E7F90122064B11462846FDF791
:1058A0005BFA204670BD0024FBE700BF943900205E
:1058B000443500209C12002000B583B04FF0000C4E
:1058C000CDE900CC049B09F057FD03B000BD00BF3B
:1058D00000B50346007F1A6999694FF0010C83B047
:1058E00000EA0C00CDE9000C586909F045FD08B14B
:1058F000773001D103B000BD074A084908484E235C
:1059000016F076FD002383F31188BFF36F8F032316
:10591000184602DF03B000BD80590500C4590500D8
:105920009857050010B50469FFF766FA40B90C48AE
:10593000F6F79CFE0B48F6F799FE0020206010BD9C
:10594000094A0A490A4840F2793316F051FD00230A
:1059500083F31188BFF36F8F0323184602DFE6E756
:105960000825002040240020D85905004C58050087
:1059700098570500F0B5076983B006463B484FF0DD
:10598000FF324FF0FF3313F0CDFA0028F6D0437901
:105990000190042B2FD8002B44D0022B57D04FF06E
:1059A000FF324FF0FF330220F7F7CCFC044601989A
:1059B000002C56D0214600F0BBFF019B002201A81D
:1059C0001A60FFF77BFB204618F02EF821460546AB
:1059D000002018F04FF82B8A04462946304633B190
:1059E0003B68984713F0ECFF002CECD1C6E7284643
:1059F000F7F754FAF6E7052B14D14FF0FF324FF0CA
:105A0000FF330820F7F79EFC04462146019800F07A
:105A10004DFF019B002201A81A60FFF74FFB002CED
:105A2000D1D1ABE71248134A134940F2122316F0C2
:105A3000DFFC002383F31188BFF36F8F032210462E
:105A400002DF019A01A81360FFF738FB96E70022F6
:105A5000002301210020F7F785FC04460198002C63
:105A6000A8D1046001A8FFF729FB87E7803E00204A
:105A700098570500D8590500705805000B7E022B79
:105A800002D003691B681847CB681B78052BF8D137
:105A9000704700BFF0B5064683B00DE0F7F762FC33
:105AA000BDF802100546224601F050FA294630465C
:105AB000FFF7E4FF13F084FF0DF1020101A8FFF7E7
:105AC000A3F904464FF0FF324FF0FF3300211320BB
:105AD000002CE3D1019BA3B1FFF712FA019F3846D6
:105AE00001F04EFA019D78716B79032B02D12B796D
:105AF000182B0ED0154829461DF047FD019B002BA1
:105B0000DAD14FF0FF324FF0FF33114813F074FA3F
:105B1000D2E74FF0FF3321464FF0FF320520EF88E8
:105B2000F7F720FC39460246044605F11C0000F058
:105B300091FE384600F0B2FE2146304624B1FFF710
:105B40009DFF2046F7F7AAF9019DD3E7803E00208C
:105B5000983E00200B8A002B3DD030B50B7E012BE8
:105B600085B005460C461BD0042B04D06FF01503FE
:105B7000184605B030BD03A9204600F00FFE03997A
:105B8000034621B101902846FFF778FF019B002BC7
:105B9000EED12046F7F782F90023184605B030BD54
:105BA000002303A92046039300F046F90028F0D013
:105BB00001462846FFF762FF039B002BE9D01846F9
:105BC000019301F0DDF9019B02465A7104480399E3
:105BD0001DF0DBFCDDE76FF015031846704700BFD2
:105BE000803E002008B513F095FE05481DF09CFC92
:105BF00003481DF08DFCBDE8084013F09FBE00BFB8
:105C0000803E0020DFF874C0DCF804C01CF0005FA8
:105C100006D0DFF86CC0DCF800C01CF0080F00D123
:105C2000704770B582B003F10C0401900E46204617
:105C30000221154617F035FF40F63E43038001214F
:105C4000204617F02EFF03460421197020460B2131
:105C500017F027FF019A0270A0F8015032B100231B
:105C6000C0F80330C0F8073002B070BD7368B26886
:105C7000C0F80720C0F8033002B070BD080E002045
:105C8000000E002030B5013889B0154611280AD819
:105C9000DFE800F025415809096A097EA8BC090916
:105CA00009090909090D6FF0150009B030BDCB686D
:105CB000DA789978188807F0EDFC5D4B04460121ED
:105CC000188818F0CCFB012103460C30019317F023
:105CD000E8FE019B04702B60002009B030BD544BDE
:105CE0000D21188818F0BBFB0D2128600C3017F02F
:105CF000D8FE00234FF0021C4FF480610122037094
:105D0000C0F801C0A0F80510C2710372437283721B
:105D1000C3720373E0E7464B4121188818F09FFBDC
:105D2000412128600C3017F0BCFE002101903E227A
:105D300000F8031B1DF07EFF019B40F2A732A3F881
:105D40000120C9E73A4B0921188818F088FB09217E
:105D500028600C3017F0A5FE0346002203F8012B43
:105D6000C0F801205A60B7E7C9680020FEF7E8FBD9
:105D70002F4B0121188818F072FB012103460C30CB
:105D8000019317F08EFE019B002202702B60A3E7A7
:105D9000DFF8A0C0DFF898E0BCE80F0003AC0FC448
:105DA000DCF80030BEF800002370122118F057FB19
:105DB000122128600C3017F074FE844600230DF188
:105DC0000C0E0CF8013B0546BEE80F002478C5F820
:105DD0000100CCF80410CCF80820CCF80C308CF87A
:105DE000104079E7124B1821188818F038FB182159
:105DF00028600C3017F055FE00220190012100F8B8
:105E0000022B0AF011FE019B587065E7084B212117
:105E1000188818F024FB212128600C3017F041FE6F
:105E20000146002301F8113B01300AF051FE53E70F
:105E3000E45C0020405A050070B5038A8EB0002251
:105E4000022B099235D9044603210C3017F050FE7D
:105E5000228A83789A422CD30288D449C2F38523BC
:105E6000082B0A801FFA82FCC2F309000DD8CBB1BF
:105E7000013B072B16D8DFE813F0FC001500DD000E
:105E8000C30015001500150020003F2B0AD1214644
:105E900009AAFFF7F7FE163018BF099C0AD1C34BB9
:105EA000B3F800C0012160460EB0BDE8704018F0A4
:105EB000E8BA002420460EB070BD421E4D2AF1D82B
:105EC00001A353F822F000BF896603006766030050
:105ED0001B660300A55E030011660300ED65030069
:105EE000D3650300C7650300BB650300B16503000C
:105EF000A55E0300A55E0300A55E0300A55E03008A
:105F00008F650300896503008165030079650300DF
:105F100055650300A55E03001965030009650300CC
:105F2000C3640300A3640300A55E03009964030037
:105F30008764030067640300A55E0300A55E030099
:105F4000A55E03004564030029640300FB630300AE
:105F5000C5630300B9630300A55E0300A55E0300EB
:105F6000AB630300A36303009D630300216303008D
:105F7000ED620300B9620300AF6203009F62030099
:105F8000556203004363030037620300E3610300CB
:105F9000A55E0300A55E0300A55E0300A55E0300E9
:105FA000A55E0300A55E0300A55E0300A55E0300D9
:105FB000A55E0300A55E0300A55E0300A55E0300C9
:105FC000A55E0300A55E0300A55E0300A55E0300B9
:105FD000A55E0300A55E0300A55E0300A55E0300A9
:105FE000A55E0300A55E0300A55E0300A55E030099
:105FF000C1610300A55E0300A55E03008B61030081
:10600000421E082A3FF64EAF01A353F822F000BF0C
:10601000616103000F610300E9600300A55E0300F6
:10602000A55E0300A55E0300A55E0300A55E030058
:10603000C9600300632800F0398328D8032800F0E2
:106040006E832D2800F0518301287FF42BAFE26886
:10605000574B116852681960014660465A6018F043
:10606000FEF9012104460C3017F01BFD00230370DC
:1060700020E7062800F010831D287FF413AFE368A3
:10608000188802F075F8494B014618880CE77B2800
:1060900000F00F837C287FF405AFE26813885188F5
:1060A000049398B202F06EF9404B0546032118881C
:1060B00018F0D5F9032104460C3017F0F2FC0570F6
:1060C000049BA0F80130F5E66046072118F0C7F9F7
:1060D000072104460C3017F0E4FC0146002001F8CB
:1060E000010BFEF75BFAE5E60921604618F0B7F907
:1060F000092104460C3017F0D4FC0346002203F8B3
:10610000012B6021C0F801205A604171D2E660463F
:10611000412118F0A4F9412104460C3017F0C1FCCC
:10612000002104903F2200F8021B1DF083FD049B18
:1061300020492148C3F81A100422DA72DA752022A5
:106140004FF0C00C4FF490615A704FF40A7283F80C
:1061500006C0C3F82100A3F82710A3F80F20A9E672
:106160000921604618F07BF9092104460C3017F02C
:1061700098FC4FF450610023104A01800D21837078
:10618000C3700171C0F8052094E6E068C17907F09A
:106190000DFF064B05460121188818F060F9012112
:1061A00004460C3017F07DFC057083E6E45C0020AB
:1061B000080E0020F7C3F70E30F0F97FF105FFFF5E
:1061C0006046032118F04BF9032104460C3017F008
:1061D00068FC0146002301F8023B0130FEF7ACF9F0
:1061E00068E6E26892F802E0D1781088B2F80540DB
:1061F00013791EF0010F1CBF41F00301D1701EF096
:10620000020F00F0B18243F00303137143EA01026D
:10621000032A40F0B5824E0700F0AF82621E14F0F0
:10622000030402F0010208BF224602F043F8C64B05
:106230000146188838E6E3681A78D1074ABF072074
:106240005878587092074ABF07219978997002F0E0
:1062500027F89EE76046092118F001F90921044654
:106260000C3017F01EFC0AAB05460DF1220208A9FE
:106270000DF11E0001F0EAFFBDF81E20A5F8012077
:10628000BDF82020A5F80320BDF82220A5F80520A0
:10629000BDF82820A5F8072000232B700AE6E36844
:1062A000188807F079FEA84B01211888D7E6E36823
:1062B000187807F05DFE6CE7E36818680A909A8822
:1062C0009B798DF82E3060460721ADF82C2018F010
:1062D000C6F8072104460C3017F0E3FB411C04907C
:1062E0000AA807F013FE049B1870E3E5E36818683A
:1062F0000A909A889B798DF82E3060460721ADF878
:106300002C2018F0ACF8072104460C3017F0C9FB1C
:10631000411C04900AA807F0BBFD049B1870C9E556
:106320006046022118F09BF8022104460C3017F059
:10633000B8FB049007F076FC049B002258701A709A
:10634000B8E5E3681B88604605211E4618F087F80B
:10635000052104460C3017F0A4FB021DC11C04905B
:10636000B0B201F07FFF049BDA7819791870002A27
:1063700092FAA2F2B2FA82F208BF4FF0FF32013273
:10638000DA70002991FAA1F2B2FA82F208BF4FF056
:10639000FF320132A3F801601A718BE507F044FC6B
:1063A000F7E6E06807F080FCF3E6E06800F117022A
:1063B000C11D08F05BF8ECE6E3685988188801F025
:1063C0003BFFE6E66046052118F049F80521044642
:1063D0000C3017F066FB0AA904900DF1220001F0C1
:1063E0001FFF049BBDF82210A3F80110BDF8281070
:1063F000A3F8031000221A705CE5E3681A88598834
:106400001546A8B29A8801F0DDFE4F4B06460321DF
:10641000188818F024F8032104460C3017F041FBCB
:106420000670A0F8015045E5E268118892780023D3
:106430000D46CDE90233CDE900330221A8B201F0C7
:10644000C9FDE2E7E1680B8800221D464B880392F4
:1064500008890290C888019089880091A8B2022119
:1064600001F0B8FDD1E70921604617F0F8FF0921D6
:1064700004460C3017F015FB3449354A01600023FF
:106480004260037216E5E3681B880022062198B279
:10649000049307F0E7F807E6E268002132F8023BD0
:1064A000F5E76046092117F0DAFF092104460C30B0
:1064B00017F0F7FA002300F8013B082108F05AFD15
:1064C000F8E4E0680AAA00F1100100230BF0E2F9F9
:1064D0001D4B1121188817F0C2FF112104460C3002
:1064E00017F0DFFA864600230EF8013B0DF1280C69
:1064F0000546BCE80F00C5F80100CEF80410CEF840
:106500000820CEF80C30D5E4E368188801F006FEC8
:106510000D4B01461888C7E4E3681A880592604667
:10652000082195B217F09BFF082104460C3017F0A4
:10653000B8FAC11C0490284601F090FD049B059A0E
:106540001870A3F80120B5E4E45C0020008FCC3083
:10655000ECC00100E16800224B88088803920C8996
:106560000294CC88019489880091114601F032FD93
:10657000854B0146188897E4E06807F0BFFA08E603
:10658000E06807F009FA04E607F0DEF901E6604684
:10659000022117F064FF022104460C3017F081FA43
:1065A00000220270049007F0CDF9049B587081E43A
:1065B000E3681878F1F7A0F8EBE5E16811F8010B52
:1065C00001F08AFAE5E5E16811F8010B01F016FA2D
:1065D000DFE50221604617F042FF022104460C303D
:1065E00017F05FFA00230370437063E4E46894F8E3
:1065F0000EC0A379627921792088CDF808C094F87B
:106600000DC0CDF804C00734009401F00DF8C0E5CA
:10661000E1680120FDF794FFBBE56046092117F012
:106620001EFF092104460C3017F03BFA01460023F7
:1066300001F8013BC0F801304B600490FDF766FFA4
:10664000049A002361F30703C2F80100C1F3072095
:1066500060F30F23090C61F31743090A61F31F6309
:10666000C2F8053026E40421604617F0F8FE042144
:1066700004460C3017F015FA00231B210322037087
:1066800041708370C27015E4E268404B1168526833
:10669000196060460121E1E4E3689978188801F007
:1066A00003FD394B01461888FFF7FEBBE268384B03
:1066B000ECE7E3681B8804930AA998B201F032FE64
:1066C000314B05460521188817F0C9FE05210446FF
:1066D0000C3017F0E6F9049B0570A0F80130BDF806
:1066E0002830A0F80330FFF7E5BBE3681A8860465E
:1066F000164604219A78049217F0B1FE042104464C
:106700000C3017F0CEF9049A0546C31CB1B2022032
:10671000FDF702FFA5F801602870FFF7CBBB1D4B0A
:106720001B4A4FF0FF3041F6FF71C3E90001174BE0
:1067300000200021C2E900011F200021C3E900015F
:10674000FEF7CCFA104B0121188817F088FE0121C2
:1067500004460C3017F0A5F900230F4A03701360AC
:10676000FFF740FAFFF7A6BB41EA0302032A07D866
:106770004D0702D05A077FF451AD1221FFF793BBAA
:106780001121FFF790BB00BFE45C0020000E002049
:10679000D0250020080E0020B03E002000230B6012
:1067A000038A032B51D9F0B5044683B00F460C3051
:1067B000042117F09DF9238A4288934225D31B2A8E
:1067C00023D80192068801F0B1FB019A0546F8B181
:1067D000B10B4FEA163318D193B1012B15D129799A
:1067E0006A7163F301012971E168E81D1DF0FBF98D
:1067F0002946C6F30B0001F0A5FB18B903B0F0BDA4
:106800000223ECE7284601F097FB6FF01500F5E74F
:106810000F4B1B689B0115D54FF0FF324FF0FF3334
:106820000220F6F78FFD022138600C3017F039F99D
:106830004FF48D730380386801210C3017F031F963
:10684000012303706FF06800D8E76FF01500704700
:10685000080E0020104B1B68DB0600D4704710B5F3
:1068600082B00C320C46019002211046009217F0C3
:1068700018F9014640F205420A800098042117F0F9
:1068800010F9019BA0F801404FF0000202701B7844
:10689000C37002B010BD00BF080E0020024A13688A
:1068A000013B1360704700BFB03E002030B5037F4E
:1068B00003F00303013B012B83B010D9194A1A4995
:1068C0001A4842F2CF3315F093FD002383F3118869
:1068D000BFF36F8F0323184602DF03B030BD0446B9
:1068E00001F10C0301931846E38804211D4617F0BB
:1068F000D8F8227F019B02F00302022A0CBF45F464
:10690000005245F480520280627F4280617F1846C7
:1069100017F0C7F8627F04F11F0103B0BDE83040F3
:106920001DF061B9545A05007058050098570500CC
:10693000F0B50379C288032B87B004460D4616468E
:1069400000F11C070CD0173B062B00F2E882DFE8B1
:1069500013F02A0087008F002100BF00D300F5004C
:10696000C37F033B122B00F22281DFE813F0B60154
:1069700020012001DF01FA0120010802200120018D
:1069800020010D0220012B0220011A00200120010C
:1069900030013001AB4B5B6818044FF0000400F18C
:1069A0003E8107B0F0BDF80700F13B82237F1F4610
:1069B000002B00F02D82A34B5B689900F1D5A24B10
:1069C0001B6803F4007213F0010340F04981134384
:1069D000E7D0002F40F062829C4A136805F10C005A
:1069E000013302210546136017F05BF841F63E7350
:1069F00003800121284617F054F80A2303701E2152
:106A0000284617F04EF800230370A0F80160637F5A
:106A1000C370A37F0371D4F81F30C0F80530B4F8F9
:106A20002330A0F80930D4F82B30C0F80B30B4F87C
:106A30002F30A0F80F30D4F82530C0F81130B4F85A
:106A40002930A0F81530638EA0F81730A38EA0F877
:106A50001930E38EA0F81B3094F838304377A0E764
:106A60000A463846314607B0BDE8F040FFF7F2BEAF
:106A7000744B5B689A0094D5734B1B685B0790D589
:106A8000022105F10C0017F00CF840F63E230380BC
:106A9000012105F10C0017F004F803464FF0030242
:106AA00005F10C001A70092116F0FBFFFF070546DF
:106AB00000F11082237F2B70A5F80160E38BA5F80D
:106AC0000330238CA5F80530638CA5F8073068E700
:106AD0005F4B1B6819027FF564AF022105F10C00C2
:106AE00016F0DFFF40F257230380022105F10C006E
:106AF00016F0D7FF068054E7524B5B689A007FF58B
:106B000050AF514B1B681B037FF54BAF022105F1C2
:106B10000C0016F0C6FF40F23E430380012105F150
:106B20000C0016F0BEFF14230370032105F10C00C6
:106B300016F0B7FF0680237F837032E7414B5B6816
:106B40009F007FF52EAF404B1B6818057FF529AFDE
:106B5000022105F10C0016F0A4FF40F23E63038011
:106B6000012105F10C0016F09CFF0C230370052198
:106B700005F10C0016F095FF237F0370A0F801606B
:106B8000627F002A92FAA2F3B3FA83F308BF4FF0B0
:106B9000FF330133C370A27F92FAA2F3002AB3FA43
:106BA00083F308BF4FF0FF3301330371F9E6294A3D
:106BB00029492A4842F2A33315F01AFC002383F333
:106BC0001188BFF36F8F0323184602DFE9E61D4BE0
:106BD0005B689A007FF5E5AE1B4B1B685B067FF593
:106BE000E0AE022105F10C0016F05BFF40F63E33EB
:106BF0000380012105F10C0016F053FF07230370F9
:106C00000A2105F10C0016F04CFF0680A38C43808E
:106C1000E38C8380238CC380638C0381C1E601F104
:106C20000C0318460221059316F03BFF4FF44C72FB
:106C300002800321059816F034FF0470A0F801606B
:106C4000AFE600BF080E0020000E0020B03E00207E
:106C5000D0250020545A05007058050098570500AB
:106C6000002F40F0F980B1490B6801330B60002A16
:106C700040F04081022105F10C0016F012FF41F2B4
:106C80003E330380012105F10C0016F00AFF034694
:106C900001221A7005F10C00122116F002FF077094
:106CA000A0F80160637FC370A37F03F00103037149
:106CB000D4F81F30C0F80530B4F82330A0F80930FC
:106CC000638EA0F80B30A38EA0F80D30E38EA0F8F1
:106CD0000F3094F83830437463E6954B5B68990045
:106CE0007FF55FAE934B1B68DA067FF55AAE022143
:106CF00005F10C0016F0D5FE40F63E53038001214D
:106D000005F10C0016F0CDFE052303700C2105F1F2
:106D10000C0016F0C6FE034623F8026B216A626A75
:106D2000C0F802105A60238D43813AE6804B1B68FD
:106D30001B064FF000047FF534AE01F10C0318463A
:106D40000221059316F0ADFE4FF48162028004210A
:106D5000059816F0A6FE01230470A0F80160C37028
:106D60001FE690F820300E2B7FF41BAE0B46324608
:106D700000211A2007B0BDE8F040FEF743BF0B46E4
:106D8000324639460020F5E7694B1B681F067FF540
:106D900008AE01F10C0318460221059394F8204037
:106DA00016F07FFE4FF4816202800421059816F0F0
:106DB00078FE00239C4208BF1F240470A0F80160E5
:106DC000C370EEE55A4B5B6898003AD5594B1B6887
:106DD000990636D5022105F10C0016F062FE40F648
:106DE0003E330380012105F10C0016F05AFE062304
:106DF00003700A2105F10C0016F053FE0680238C67
:106E00004380638C8380A38CC380E38C0381C8E5BB
:106E1000A07F04F12503FF2204F11F0106F0F4FF17
:106E2000C9E5454A4549464842F2CF0315F0E0FA24
:106E3000002383F31188BFF36F8F0323184602DF0B
:106E4000B4E50023CDE90233CDE900331A22022153
:106E5000304601F0BFF8A4E502BB022105F10C00A9
:106E6000059216F01EFE41F23E330380012105F12A
:106E70000C0016F016FE01230370122105F10C0020
:106E800016F00FFE059AC0F80120C0F80520C0F8E2
:106E90000920C0F80D204274077082E5022105F137
:106EA0000C0016F0FEFD41F63E730380012105F152
:106EB0000C0016F0F6FD0A2303701E2105F10C00EC
:106EC00016F0EFFD04461D220021601C1CF0B2FEEE
:106ED000277066E5184A1B49194842F2581315F005
:106EE00087FA002383F31188BFF36F8F03231846BB
:106EF00002DFDFE5022105F10C0016F0D2FD41F6BC
:106F00003E730380012105F10C0016F0CAFD0A232F
:106F100003701E2105F10C0016F0C3FD73E5064A4F
:106F20000949074842F2BF2346E600BFB03E0020B1
:106F3000080E0020000E0020545A0500905A05004B
:106F400098570500CC5A05007058050030B500F17F
:106F50000C0483B00D4620460221019216F0A1FDDB
:106F600040F2135303800521204616F09AFD019A42
:106F7000A0F8015001230370A0F8032003B030BD36
:106F80000379032B09D0172B05D0183B052B8CBF99
:106F900000200320704701207047037F03F00303A4
:106FA000032B14BF05200420704700BF10B582B02A
:106FB0001B4B05991B4ACB1AA2FB032313F47F5FDB
:106FC000C3F387141CD105990091A21C164BD2B2B1
:106FD00001210020FDF70EFA10F0FD0F0ED0134A2C
:106FE0001349144840F6EB1315F002FA002383F31B
:106FF0001188BFF36F8F0323184602DF02B010BD64
:107000000A4A0D490B4840F6E61315F0F1F9002342
:1070100083F31188BFF36F8F0323184602DFD2E793
:10702000D83E002009CB3D8DD1700300085B0500E0
:10703000545B050098570500485B0500F8B50568E6
:107040002E6E0746C6B16C6E00232B6644B300213A
:107050001723696623714FF6FF73E38004F11C0068
:107060001E221CF0E7FD3C232377A7602146304613
:10707000BDE8F840FEF706B9114A1249124840F639
:10708000332315F0B5F986F31188BFF36F8F03230F
:10709000184602DF6C6E2E6E00232B66002CD6D1B4
:1070A000074A0A49084840F6372315F0A1F984F346
:1070B0001188BFF36F8F0323184602DF6C6EC6E79B
:1070C000085B0500705B050098570500845B0500B0
:1070D00000B170470C4B10B502460446996002207F
:1070E0000121FBF739FE00B910BD084A08490948DB
:1070F00040F6072315F07CF984F31188BFF36F8FF6
:107100000323184602DF10BDFC120020085B0500B7
:10711000705905009857050038B503780446002BD0
:1071200030D01B4D436900F11C01A9607BB1194AA5
:1071300019491A4840F61C2315F05AF9002383F325
:107140001188BFF36F8F0323184602DFA968144824
:107150000F4B0022C4E9050111460120FBF7FCFD9D
:1071600000B938BD0B4A0F490C4840F6232315F0EF
:107170003FF9002383F31188BFF36F8F0323184671
:1071800002DF38BDBDE838401C30FFF757BF00BFF5
:10719000EC120020085B05009C5B05009857050079
:1071A0003D70030070590500144A154B12781A708F
:1071B00000B9704710B591F8293001EB830382B014
:1071C000DB6A01911C78FEF723F90199884213D0FC
:1071D00014F00E0F01D10B6A73B10A4A0A490B4829
:1071E00040F6D31315F004F9002383F31188BFF39D
:1071F0006F8F0323184602DF02B010BD005E00202F
:10720000FF5D0020085B0500B05B05009857050096
:1072100070B51C4C256AAB6F73B11B4A1B491C48E7
:107220004FF4266315F0E4F8002383F31188BFF3CD
:107230006F8F0323184602DF05F16C0105F168002A
:10724000FBF706FD064670B12868AE6700F046FE03
:107250000025606E2562FEF703F8206E6566FDF777
:10726000F3FF256670BD084A0A49094840F66223C3
:1072700015F0BEF886F31188BFF36F8F032318460D
:1072800002DFE1E7D83E0020085B0500085C05004E
:10729000985705000C5D050030B5544C94F86A30E1
:1072A000D90785B05AD5236A53B193F82C2042F000
:1072B000020283F82C20236A93F82C30DA077DD45D
:1072C0004A48FEF78DF8A0420ED0494A49494A483B
:1072D00040F62B3315F08CF8002383F31188BFF3AD
:1072E0006F8F0323184602DF94F82430DB0703ADC9
:1072F00037D40222414B0095032100200392FDF771
:1073000079F82946FEF756F80546002842D13C4850
:10731000FEF7A2F808B1783053D13448FEF76CF884
:10732000A0420ED0324A3349334840F64D3315F06F
:107330005FF8002383F31188BFF36F8F0323184690
:1073400002DF236A0BB1FFF763FF94F86A30002075
:1073500023F0010384F86A3006F084FE002005B0B3
:1073600030BD02210391254B00950321012200200D
:10737000FDF740F82946FEF71DF80028B9D01B4854
:10738000FEF73AF8A04219D0194A1A491A4840F6AD
:10739000363309E01548FEF72FF8A0420ED0144A04
:1073A0001449154840F6443315F022F8002383F3BE
:1073B0001188BFF36F8F0323184602DF0C2005B03E
:1073C00030BD0B4A0F490C4840F64A3315F010F80F
:1073D00085F31188BFF36F8F0323184602DF03483C
:1073E000FEF70AF8A0429DD1ABE700BFD83E0020CF
:1073F000085B05001C5C0500985705006546030006
:10740000F43E0020285C050000B50378103102F13D
:10741000FF3C03F00F03C9001FFA8CFC062B12D8A7
:10742000DFE803F004251611111104004278103230
:1074300001F21B31D30001EBC20003F5B37313FB60
:107440000C0080B200BD4FF4F37340F25320F6E716
:1074500041780CEB8C03C3EB0310400001F11003E7
:10746000DB0000F23B1003FB020080B200BD40F2E3
:10747000162340F2E330E2E72DE9F0431D468BB0DE
:107480004FF6FF739D429DF8487017D0139E139BD3
:1074900016F81C4B0134E4B2804691461C7064B36C
:1074A0003B493C4B0D810022C1E900898F72CE60BF
:1074B000996001201146FBF74FFC70B9139B93F8BC
:1074C000240010F0010405D1334A344B11781B78A5
:1074D0008B4221D00BB0BDE8F083314A31493248AC
:1074E00040F66C1314F084FF002383F31188BFF37C
:1074F0006F8F0323184602DFE0E7294A2B492A4809
:1075000040F64A1314F074FF84F31188BFF36F8FB1
:107510000323184602DFC3E70133042109A81370CF
:1075200007F04EFD099B224A139913980691A2FB7E
:107530000321204A0094821A1F48A0FB0202581A15
:1075400001EB5001090A40F24715920905FB11337E
:1075500002321A4905910133CDE90344CDE90144D2
:10756000D2B2012120460993FCF728FF10F0FD0F4D
:10757000B0D00B4A12490C4840F2BB7314F038FFEC
:1075800084F31188BFF36F8F0323184602DFA1E74E
:10759000D8250020DC120020005E0020FF5D0020C6
:1075A000085B05007059050098570500405C050010
:1075B00021F1D490D83E002009CB3D8DA971030064
:1075C000445C050010B5174C204608F0ABF904F1F7
:1075D0000C0008F0A7F934F8043C627823F44373F4
:1075E00004EB8202204623F0020394F842405268E2
:1075F0004FF0020C43F00E0320F8043C06216CF31C
:10760000420400234FF4006CA0F840C080F84240D0
:1076100013705170437B00EB8300042203691A70DE
:10762000597010BD003F00202DE9F047684C0F460F
:10763000684994F86A60864603C982B016F001066C
:1076400000909DF82CC09DF830008DF8041040F09B
:1076500082801546A28C0CF0070C00F003004FEA64
:107660004C0C22F443724CEA002C22F002024CEA49
:10767000020C94F82920A4F824C004EB8202994655
:1076800007F108030DEB0301012F08BF4FF0000EB7
:10769000D76A11F8083CA4F868E03A7803F00F03C1
:1076A00013F00E0F22F01F000CBF01210021034335
:1076B00061F345133B7003F00F03012B02F00F0A37
:1076C00041D094F86A3065F342035A0784F86A306F
:1076D0000BD569F3C30384F86A300A9B0A9A1B68C6
:1076E000C4F86B303C4B92889A803B7803F00F02D1
:1076F000012A05F0010833D07A78E2B1BAF1010F1E
:107700004AD03B7868F3861323F080033B7094F8EB
:107710003530E46104EB8304AD01A36B05F0400553
:107720005A7845F004051D700AB906225A70304691
:1077300002B0BDE8F08768F3861362F3C7133B70AD
:1077400006237B70E3E7BAF1010FBAD07A78BAB9B1
:1077500084F84060B5E70C26304602B0BDE8F087FB
:107760003A4668F3861369F3C71302F8083B0A998F
:107770000968B9600A990C23898891807B70C6E7F3
:10778000052A15D9063AD2B207F10801134884F840
:1077900040201CF028FA94E794F840200F4907F1A4
:1077A00008001CF020FA94F8403006337B70A8E7FC
:1077B0000B4A0C490C4840F2BD1314F019FE86F335
:1077C0001188BFF36F8F0323184602DF7A78D9E759
:1077D000D83E0020244C0500433F0020193F0020E4
:1077E000085B05007C5C05009857050008B5FFF7AD
:1077F000E9FE002008BD00BF08B5FFF74DFD0020E1
:1078000008BD00BF08B5054808F09CF8044808F01A
:1078100099F8FFF7D7FE002008BD00BF003F002009
:107820000C3F0020034A044B801AA3FB0030C0F336
:107830008F107047D83E002009CB3D8D044A006868
:10784000044B801AA3FB0030C0F38F10704700BFB9
:10785000D83E002009CB3D8D30B9044890F86A30FD
:1078600013F0010300D0704700207047D83E00207D
:1078700028B9044B93F86A0000F00100704700201B
:10788000704700BFD83E002050B9064B93F86A00FD
:1078900010F0010005D093F8250000F003007047B8
:1078A00000207047D83E002030B5054683B090F8E0
:1078B00026000C4606F01EFD38B3237843F0400343
:1078C000237023780268C4F8022003F00F03828833
:1078D000E280012B04F1020202D0104603B030BD59
:1078E00095F82600019206F037FD019A0028F4D0A1
:1078F0002178234641F0800103F8081B0168A1604C
:1079000081889980104603B030BD2078C0F3801084
:10791000FCF736FED5E700BF1F2965D870B51646BF
:1079200090F8292000EB82020D46D26A117801F00E
:107930000F01012984B0034658D00DF10F01283002
:107940000093019208F06AF8019A90F800C011784B
:107950002CF01F0C01F00F014CEA010C80F800C064
:1079600011785FFA8CFCC1F3401161F3451C80F87B
:1079700000C092F800C01146CCF3801290F800C00D
:1079800062F3861C80F800C011F8022B5FFA8CFCB1
:10799000D20962F3C71C0446062200F802CB1CF091
:1079A00030F92A46314604F108001CF01CF906356E
:1079B000009B657093F86A20D20706D49DF80F20CB
:1079C00083F82920002004B070BD93F8352000937F
:1079D00003EB82021846926B2146F0F761F8009B98
:1079E0000028EBD00C20EEE71220704780F84050C2
:1079F0002A46314641301CF0F6F8E3E70A460146D4
:107A00000148FFF789BF00BFD83E00201F295FD87B
:107A1000F0B590F8353000EB830385B09B6B1746CB
:107A200004460E4600F13405002B42D028460DF1E5
:107A30000F01019307F0F2FF0378019923F03F0350
:107A400043F00403037011F8022BDBB2C2F380127F
:107A500003F03F0343EA82130370B31D43700546EE
:107A6000062202301CF0CDF83246394605F10800F6
:107A70001CF0B9F894F86A30DA0706D49DF80F3094
:107A800084F83530002005B0F0BD94F8292004EBCF
:107A900082024123D16A0A7802F00F02D340DB0749
:107AA000ECD52A462046EFF7FBFF0028E6D00C2055
:107AB000E9E7284607F036FFC0B258B994F83530E8
:107AC00004EB830304229B6B1A7006225A70ADE705
:107AD000122070470720D6E70A4601460148FFF703
:107AE00095BF00BFD83E00202DE9F041076832491C
:107AF00082B005464FF4D8723846FBF783F805F19B
:107B00006806294608F044FBE86E01AA3146FBF7F7
:107B1000B7F800B3294C4FF6FF7894F8412094F859
:107B20004010531CDBB2082B08BF0023994231D010
:107B300004EBC20124F83280019A4A6012680260A4
:107B4000019A1060E86E84F8413001AA3146FBF7D3
:107B500097F80028E1D1D7F8644154B10023C7F861
:107B6000643107F5B2712046FDF74CFD02B0BDE867
:107B7000F081134A1349144840F2FC7314F038FCA6
:107B800084F31188BFF36F8F0323184602DFD7F801
:107B90006441E3E70A4A0D490B484FF4FD6314F0D2
:107BA00027FC002383F31188BFF36F8F0322104655
:107BB00002DF1B80FFDE00BFE82500201C40002004
:107BC000BC5C0500045D050098570500FC5C0500E1
:107BD00010B50C46C0B9144B0022012102209C6054
:107BE000FBF7BAF800B910BD104A1149114840F22C
:107BF000A27314F0FDFB002383F31188BFF36F8F92
:107C00000323184602DF10BD084A0B49094840F219
:107C10009C7314F0EDFB002383F31188BFF36F8F87
:107C20000323184602DFD6E72C130020BC5C0500B6
:107C30007059050098570500145D05000C4B002293
:107C400010B5114698600120FBF786F800B910BD09
:107C5000084A0949094840F2CE7314F0C9FB0023D1
:107C600083F31188BFF36F8F0323184602DF10BD23
:107C70000C130020BC5C05007059050098570500E6
:107C800038B503780446002B30D01B4D436900F112
:107C90001C01A9607BB1194A19491A4840F2B7730F
:107CA00014F0A6FB002383F31188BFF36F8F032327
:107CB000184602DFA96814480F4B0022C4E90501E9
:107CC00011460120FBF748F800B938BD0B4A0F49AF
:107CD0000C4840F2BE7314F08BFB002383F3118831
:107CE000BFF36F8F0323184602DF38BDBDE838406D
:107CF0001C30FFF7A3BF00BF1C130020BC5C0500B5
:107D00009C5B0500985705003D7C030070590500F9
:107D100008B583685A6892F82730DB090FD10B4AFF
:107D20000B490C4840F2137314F062FB002383F3F9
:107D30001188BFF36F8F0323184602DF08BDBDE82B
:107D4000084000F10801F0F7E3BA00BFBC5C050091
:107D5000705805009857050000B9704710B50C46DB
:107D6000FDF774FBA04212D0FDF752FBA0420ED0EB
:107D7000074A0849084840F2D66314F039FB00234B
:107D800083F31188BFF36F8F0323184602DF10BD02
:107D9000BC5C0500205D05009857050010B50C4639
:107DA000A0B92046FDF746FB84420ED00F4A104989
:107DB000104840F2EC6314F01BFB002383F311889E
:107DC000BFF36F8F0323184602DF10BD074A0A492D
:107DD000084840F2E96314F00BFB002383F3118899
:107DE000BFF36F8F0323184602DFDAE7BC5C0500A0
:107DF000745D050098570500145D050010B50C462C
:107E0000A0B92046FDF70AFB84420ED00F4A104964
:107E1000104840F2E26314F0EBFA002383F3118878
:107E2000BFF36F8F0323184602DF10BD074A0A49CC
:107E3000084840F2DF6314F0DBFA002383F3118873
:107E4000BFF36F8F0323184602DFDAE7BC5C05003F
:107E5000745D050098570500145D050038B513489A
:107E6000134B144D144C01224FF4D871FAF774FEE1
:107E7000124B0322181D2421FAF76EFE104B072225
:107E8000181D0821FAF768FE02F0ACF90D480E49FA
:107E90000E4A03234FF01B0C2B70A0F800C00025E6
:107EA0004FF4A47025600880137038BDE8250020C9
:107EB0006C3F0020025E002084400020AC3F002088
:107EC000703F0020E85C0020E65C0020015E00209E
:107ED0000148FAF769BE00BF6C3F00200149FAF77C
:107EE00079BE00BF6C3F002002494FF4D872FAF708
:107EF00089BE00BFE825002002464FF4D871014832
:107F0000FAF77CBEE825002058B908B502464FF4C0
:107F1000D8710548FAF772FE038E03B908BD002038
:107F200008BD0020704700BFE82500200148FAF78F
:107F30003BBE00BFAC3F00200149FAF74BBE00BF7B
:107F4000AC3F002000283CD138B502460D461E4803
:107F50004FF4D871FAF752FE028E0446E2B91B487C
:107F600090F821C090F820100CF10103DBB2042B33
:107F700008BF1346994221D020F83C2000EBCC0CDE
:107F8000CCF8045080F82130237843B994F9433079
:107F9000002B0EDB002038BD6FF0150038BD0C4BF8
:107FA000012103209C60FAF7D7FE94F94330002B9F
:107FB000F0DA0021204605F019FBEBE76FF06800CE
:107FC00038BD6FF015007047E825002060400020A4
:107FD0003C1300202DE9F04385B0BDF83050BDF8CA
:107FE0003460BDF83840B8B9039117464FF4D871E2
:107FF000024619489846FAF701FE028E81465AB9A0
:10800000039B6BB1022B03D0012005B0BDE8F083C8
:10801000C7B902F06FFB11E0022005B0BDE8F083A4
:108020000F9B0193009433462A46414602F0D4FA4E
:108030000028EAD199F94330834207DB002005B0DC
:10804000BDE8F083394602F065FBF7E70146484694
:1080500005F0CCFAF2E700BFE825002000BB10B520
:10806000024682B00F480C464FF4D871FAF7C6FDAD
:10807000028E5AB9019002F035FA019B48B10368AB
:10808000236003792371002002B010BD022002B0EA
:1080900010BDD3F83E20226093F842302371F2E7FE
:1080A00002207047E825002010B1022108467047E1
:1080B00000B583B00246019116484FF4D871FAF723
:1080C0009DFD018E024611BB019B1A2B17D8042B74
:1080D00019D91149D940C90715D519461046019239
:1080E00002F0E6F9014678B9019A92F943308342E9
:1080F0000ADA0190104605F079FA019904E0292B7B
:10810000EBD03B2BE9D01221084603B000BD0C2177
:10811000FAE700BFE82500202000380418BB00B5AE
:10812000024683B011484FF4D871FAF767FD028E0A
:108130006AB90121019002F067F9014620B9019B5B
:1081400093F94320824206DB084603B000BD0221BA
:10815000084603B000BD0190184605F047FA0199A2
:10816000084603B000BD022108467047E8250020FC
:1081700010BB00B5024683B011484FF4D871FAF72E
:108180003DFD028E62B9019002F056F9014620B918
:10819000019B93F94320824206DB084603B000BDF1
:1081A0000221084603B000BD0190184605F01EFAF2
:1081B0000199084603B000BD02210846704700BF80
:1081C000E825002018BB30B5154683B002460C46A2
:1081D00012484FF4D871FAF711FD028EA2B9D0F807
:1081E000402193060DD52A462146019002F08CF9D4
:1081F000019B20B993F9432082420ADB002003B09F
:1082000030BD1A2003B030BD022003B030BD0220C3
:1082100070470146184605F0E9F9EFE7E825002028
:10822000034A044B12881B8802800B80704700BFF2
:10823000E85C0020E65C0020024A034B10801980B5
:1082400000207047E85C0020E65C00204FF0450C01
:10825000A0F800C04FF42670A2F800C00880188073
:10826000704700BFC0B938B515460C4602464FF4FA
:10827000D8710A48FAF7C2FC0246008E50B992F84B
:1082800082C0CCF30203237092F88330C3F302035D
:108290002B7038BD022038BD02207047E825002031
:1082A000024A034B1070197000207047025E0020D4
:1082B000015E002088BBF0B5164685B002460D462B
:1082C00017484FF4D8711F46FAF798FC038E0446FE
:1082D000CBB9D0F84011CB0511D54FF0010C294690
:1082E0003B463246CDF800C002F0B8F8014618B956
:1082F00094F9433083420ADB084605B0F0BD1A21E9
:10830000084605B0F0BD0221084605B0F0BD039057
:10831000204605F06BF90399EEE702210846704705
:10832000E825002040BB10B502460C4613484FF428
:10833000D871FAF763FC038EE3B9428EB0F8963138
:108340000F49052A0BD802FB03334FF4FA7202FBE4
:1083500003F3A1FB03135B0B2380002010BD02FB82
:1083600003F340F2E24202FB03F3A1FB03135B0BB6
:108370002380F2E7022010BD02207047E82500208C
:108380005917B7D168BB00B583B0024601911648B2
:108390004FF4D871FAF732FC028EFAB9428E019B83
:1083A00042F2107103FB01F1052A01F1FF310BD8F4
:1083B0004FF4FA7302FB03331944B1FBF3F1A0F855
:1083C0009611002003B000BD40F2E24303FB02F22D
:1083D0001144B1FBF2F1A0F89611F2E7022003B0CC
:1083E00000BD0220704700BFE825002008B5FFF758
:1083F00035FD002008BD00BF38B500224FF4D8710C
:108400001948FAF7FBFB044600F11C020146032061
:10841000FDF760F818B110F1780F05460ED1002570
:10842000124A134BC4F894504FF6FF7121861584FD
:10843000A3F84050FFF712FD284638BD40F22173E3
:108440000C4A0D490D4813F0D3FF0D482A46002170
:1084500013F0CEFF002383F31188BFF36F8F032344
:10846000184602DFDBE700BFE8250020604000205F
:108470001C400020BC5C0500B05D0500985705005D
:10848000C85D0500014B1878704700BF025E0020F0
:10849000014B1878704700BF015E002038B58B682B
:1084A00008601C682378ABB163690D4673B10C4A50
:1084B0000C490D484FF45E7313F09AFF002383F3C9
:1084C0001188BFF36F8F0323184602DF074BC4E9FF
:1084D000053538BDBDE838400846FFF719BC00BF78
:1084E000BC5C05009C5B050098570500117D0300EE
:1084F0000B68DA8892BB70B506460C4619484FF4F3
:10850000D871FAF77BFB038E0546C3B902F03EF93A
:108510002268137F03F00303032B08D10123137197
:10852000226831462846BDE8704002F043B953B195
:1085300095F890319A0705D53D2385F86031236879
:1085400001221A7170BD95F890319B0703D53D2328
:1085500085F8603122680123137170BD01221A7100
:10856000704700BFE8250020F8B50D46018E1F4674
:108570004FF6FF739942044616460CD02046C4E9D4
:108580004756A4F8247101F0CBFE94F8903113F013
:10859000010010D1F8BD0B4A0B490C4840F2BE3324
:1085A00013F026FF002383F31188BFF36F8F03239B
:1085B000184602DFE2E723F0010384F890316FF000
:1085C0008B00F8BDBC5C0500E05D05009857050018
:1085D00070B51C4C064694F821201AE0FAF70EFB01
:1085E0000346E0301B8E0BBB696801F007FC94F872
:1085F000201094F821204B1C8A4206F1FF30DBB298
:1086000004D0042B08BF002384F8203010F0FF06AC
:1086100016D094F820300C4893424FF4D8710FD004
:1086200034F8332004EBC305002AD7D069680B79EE
:1086300023F003034FF6FF700B71FCF763FED6E7E0
:1086400070BD00BF60400020E82500202DE9F0410A
:10865000354B1A68904208BF002282B008BF1A60EA
:10866000028EA0F86A21182380F86831064680F847
:108670008011012101F060FE06F1E007304601F0B3
:1086800075FE384601F0A2FB384601F0D7FB0446E0
:10869000C0B12379254803F00303032B0CBF234605
:1086A00000232360FAF780FA054670B3214606F1ED
:1086B00088022846FAF7D6FA384601F0BFFB04468E
:1086C0000028E6D1328E1A4B00960332D2B2012135
:1086D0002046FBF78FFE10F0FD0F0DD0154A16490E
:1086E000164840F2537313F083FE84F31188BFF3EE
:1086F0006F8F0323184602DF4FF6FF73FF20338688
:1087000002B0BDE8F041FFF763BF0C48094A0C49CD
:1087100040F28D7313F06CFE85F31188BFF36F8FF9
:108720000323184602DFC1E784400020703F002089
:10873000D17B0300BC5C0500805D050098570500F7
:108740000C5D0500002935D02DE9F04106464C1E90
:1087500000F1E00717E00379174803F00303032B48
:108760000CBF43460023C8F80030FAF71DFA05464F
:1087700088B1013C06F1880241462846E4B2FAF786
:1087800071FAFF2C05D0384601F058FB80460028CE
:10879000E1D1BDE8F0810948094A0A4940F2B553E0
:1087A00013F026FE85F31188BFF36F8F032318465D
:1087B00002DFDEE7704700BF703F002098570500DA
:1087C000BC5C05000C5D050010B504460120FFF7F8
:1087D000FFFE20460121BDE81040FFF7B3BF00BFF8
:1087E0000149FAF7F7B900BF703F0020014B93F839
:1087F000410070471C40002000B50A4B93F840C070
:1088000093F841E0F4450AD080F800E033F83C00EA
:10881000088003EBCC035B681360186800BD002080
:1088200000BD00BF1C400020074B93F840C08445AA
:1088300008D003EBCC0033F83C300B804368136066
:1088400018687047002070471C400020094A92F8C1
:10885000401092F841308B4209D04B1CDBB2082B00
:1088600008BF002352F8310082F8403070470020E2
:10887000704700BF1C40002008B5134A92F841C061
:1088800092F840E00CF10103DBB2082B08BF002393
:108890009E4508D022F83C0002EBCC0CCCF804102A
:1088A00082F8413008BD094A09490A4840F2F453A8
:1088B00013F09EFD002383F31188BFF36F8F032213
:1088C000104602DF1B80FFDE1C400020BC5C050060
:1088D000585E050098570500F8B5567914460546C8
:1088E0000F467EB3237903F00302032A0CD04FF620
:1088F000FF72954204BF23F00303237121462846EB
:10890000BDE8F840FCF7FEBC4FF6FF739D4228D14E
:108910003B689C423AD0002BF0D01F4A1F492048A8
:1089200040F2166313F064FD002383F31188BFF354
:108930006F8F0323184602DF21462846BDE8F84022
:10894000FCF7E0BC144A1749154840F2016313F0E4
:108950004FFD86F31188BFF36F8F0323184602DFA4
:10896000C0E72A464FF4D8710F48FAF747F9214675
:1089700001F0EEFE3B68A342CDD13DB90A482A463C
:108980004FF4D871FAF73AF9038E03B1002021466B
:10899000BDE8F84001F078BCBC5C05006C5E0500E9
:1089A00098570500605E0500E825002090F86620D5
:1089B000B0F85C3090F87E10B0F85800C2F30212A4
:1089C000022A15BFDB089B080A3B0B3B9BB21A1F10
:1089D00011F0100F92B218BF1346984228BF1846E4
:1089E00080B27047704700BF90F8903143F00203A7
:1089F00080F89031704700BF90F8903123F0020367
:108A000080F89031704700BF0278838F12B1581EF2
:108A100080B27047C18EB0F824215818104480B23B
:108A2000704700BF10B504460B68C4F83E303E30B6
:108A30000B7903710521FAF7AFFA94F8433060F32C
:108A4000050384F8433010BDB0F87C30B3F5267FC1
:108A500028BF4FF42673B3F5A47F4FF4267038BFB8
:108A60004FF4A47308801380704700BF00B5B0F8BE
:108A70006C20B0F8661003468A4290F88300B3F881
:108A80006AC028BF0A4600F00700B3F870101B2A1E
:108A900038BF1B22042814BF4FF4A4704FF4296080
:108AA000614528BF61468142B3F87AC038BF0146AC
:108AB0008C45B3F8760043D08242A3F87A1001D0F7
:108AC000A3F8762093F8DD2042F00202012083F81B
:108AD000DD20B3F864C0B3F86E2093F88210B3F8C9
:108AE00068E0624528BF624601F007011B2A38BFD3
:108AF0001B220429B3F8721014BF4FF4A47C4FF466
:108B0000296C714528BF71466145B3F878E038BFDC
:108B100061468E45B3F874C016D06245A3F878104C
:108B200001D0A3F8742093F8DD2022F0020283F82C
:108B3000DD2093F8DD200120024383F8DD2000BD15
:108B40008242BDD10020C4E76245EAD193F8DD102E
:108B500041EA510202F0010221F003010A4383F8C5
:108B6000DD200028E5D100BDB0F86C20B0F866101B
:108B700003468A4290F88300B3F86AC028BF0A46C9
:108B800000F00700B3F870101B2A38BF1B2204281E
:108B900014BF4FF4A4704FF42960614528BF6146AB
:108BA0008142B3F87AC038BF01468C45B3F87600ED
:108BB0000DD09042A3F87A1001D0A3F8762093F854
:108BC000DD2042F00202012083F8DD207047904250
:108BD000F3D10020704700BFB0F86E20B0F86410E9
:108BE00003468A4290F88200B3F868C028BF0A465C
:108BF00000F00700B3F872101B2A38BF1B220428AC
:108C000014BF4FF4A4704FF42960614528BF61463A
:108C10008142B3F878C038BF01468C45B3F8740080
:108C200013D08242A3F8781001D0A3F87420012257
:108C300093F8DD10104642EA510202F0010221F0E1
:108C400003010A4383F8DD2070478242EDD193F897
:108C5000DD10002001F00102EDE700BF1B2928BF55
:108C60001B21B2F5A47F064BA0F87E1028BF4FF45D
:108C7000A472A0F87C208366A0F86410704700BF3F
:108C80004801980210B5314ADFF8C4C01288BCF818
:108C900000C01B2A28BF1B22A0F87E20A0F8642059
:108CA0004522A0F866204FF01B12C26690F8832080
:108CB000BCF5A47F01F0030302F0070228BF4FF4C4
:108CC000A47C042A03F1280203F15203C1F34001FA
:108CD0004FEAC2024FEAC30322FA01F223FA01F378
:108CE0009BB292B2A0F87CC014BF4FF4A47C4FF4A6
:108CF000296C9342A0F86A3028BF1346634590F868
:108D0000DD10A0F8702038BF6346A0F87220002262
:108D1000044682674FF01B0C41F00201A0F87A3044
:108D20004FF4A4734267A0F88020A0F8683080F860
:108D3000DD10A0F876C0FFF74FFF94F8DD30012278
:108D4000134384F8802084F8DD3010BDE85C0020F7
:108D5000E65C0020F8B505460E46174601F06CF9B2
:108D6000044600283CD03A1F201D092A06D8DFE817
:108D700002F01F22250505050528052B234A244955
:108D8000244840F2DF2313F033FB002383F31188E0
:108D9000BFF36F8F0323184602DFE3797373214615
:108DA000284601F05FF9284604F0FCF82046F8BD9B
:108DB00002F068FFF1E702F07DFFEEE702F084FFCA
:108DC000EBE702F08BFFE8E795F8303196F84E10AC
:108DD0001BB1D5F840315B0711D402F089FFDCE705
:108DE0000A4A0D490B484FF4317313F001FB84F329
:108DF0001188BFF36F8F0323184602DFB3E70A46DB
:108E000096F84D1002F080FFC7E700BF785E0500BE
:108E100070580500985705006C59050030B583B0AF
:108E200004460D4601F000F918B90623AB7203B0F1
:108E300030BD04F19B0305F13B0105F12B0000223D
:108E4000019308F027FD019B94F8D4105A689868A4
:108E5000DB68C4F8C830C4F8C020002394F8B320FD
:108E600084F8AB30C4E9333363F3000184F8AC30E9
:108E700084F8AD3084F8AE3084F8AF3084F8B03088
:108E800084F8B13084F8B230D4F8B430D4F89BC050
:108E9000C4F8D53042F00102D4F8B830C4F8C400A8
:108EA00084F8D41084F8B320C4F8D930C4F8BCC016
:108EB000052229462046FFF74DFF4FF4C1636B8121
:108EC00094F89A3043F0080384F89A3003B030BD28
:108ED00070B582B006460C4601F0A6F830B92046BF
:108EE00001F0E8F80323A37202B070BD042221460A
:108EF0003046FFF72FFF8368C268C4F84720C4F8E4
:108F000043300369C6F8B830A5690023A361BDB139
:108F100003222B792A71328EEA8005F11C0120464A
:108F2000019302F097FE019B2D2B03D00423A37223
:108F300002B070BD28682946FCF7A4F90423F6E7BF
:108F4000074A0849084840F2F62313F051FA85F31E
:108F50001188BFF36F8F0323184602DFD8E700BFE5
:108F6000785E0500BC5E05009857050070B50C469C
:108F7000897A82B0054616460D2900F22F81DFE876
:108F800001F060686B979B07070C17383B40515402
:108F9000002E00F0A38002B070BD002EFBD1214650
:108FA00001F042F8002840F0C9800723A372F2E7DD
:108FB000022EF0D1A3691A461E460023A361002A9F
:108FC00000F0EF804FF0030333712B8EF380237A90
:108FD000052B00F0E180062B40F0CE801A23337180
:108FE0002146284601F020F800287DD10923A372EC
:108FF000D1E7002ECFD1F3E7002ECCD10B23A37203
:10900000C9E7072EC7D1012101F030F82846FFF744
:10901000EBFC2146284601F007F800287FD10C23FD
:10902000A372B8E7002EB6D1F3E7082EB3D140F211
:109030000233638190F89A3023F0100380F89A305D
:10904000A9E7002EA7D1237A062BD7D00223A3723B
:10905000A1E7002EFAD09EE7012E9CD13146019364
:1090600001F004F82846FFF7BFFC284602F0FCFA9E
:10907000019B5A689968C4F82510C4F821201A7B0E
:1090800084F829205A7B84F82A20D3F80E20D3F8BC
:109090001210C4F83F10C4F83B20D3F81630C5F8BE
:1090A000B4302146284602B0BDE87040FFF710BF3B
:1090B000002E7FF470AFF4E7032E0CD0042E7FF463
:1090C0006AAF062140F20362072384F82010A4F857
:1090D0004D20A3725FE70523A3725CE7214602B02F
:1090E000BDE87040FFF79ABE062221462846FFF7EA
:1090F00031FE284604F044F90023A37201212846DA
:1091000000F0CCFF2846FFF777FC284602F0B0FAC3
:1091100095F89A3043F0100385F89A303BE70B221C
:1091200021462846FFF716FE40F60D33638195F879
:109130009A3023F0080385F89A302CE70D22214657
:109140002846FFF707FE284604F01AF994F8203065
:10915000062B35D0242B3FF41EAF284A2849294836
:1091600040F2773313F044F986F31188BFF36F8F21
:109170000323184602DF0EE7204A2149214840F226
:109180001E3313F035F9002383F31188BFF36F8F7B
:109190000323184602DF23E706F11C0002F094FDCA
:1091A0001EE7164A1849174840F20F3313F020F90A
:1091B00086F31188BFF36F8F0323184602DF01E7A0
:1091C0000121A172284600F069FF2846FFF714FC30
:1091D000284602B0BDE8704002F04ABA074A084982
:1091E000084840F2D34313F003F9002383F31188B6
:1091F000BFF36F8F0323184602DFCCE6785E0500CD
:109200007058050098570500BC5E050092F81FC015
:10921000ACF1030C02F11C03BCF1080F06D8DFE827
:109220000CF01205050F0505050C09003D2380F81B
:10923000603170470822FFF799BE0722FFF796BEFC
:109240000222FFF793BE0122FFF790BE0023032204
:10925000FFF78CBE00230422FFF788BE887AA0F1B6
:109260000400B0FA80F04009704700BF13460022A6
:10927000FFF77CBE91F82C30042B0FD991F82DC04C
:10928000112281F82820012243EA0C0313F007037E
:1092900014D1012281F8283010467047032B09D0E1
:1092A00091F82DC0BCF1040FEAD8BCF1030F01D036
:1092B0000022E9E7112381F82830012200B585B0AA
:1092C0004B8D029201930391FFF79EFB019B029A43
:1092D000C01A10F4004F04D10399282381F82830D4
:1092E0000122104605B000BD70B50E4684B00DF1E8
:1092F0000E0203A9B0F87840B0F87A500190FFF759
:10930000A3FB96F82D2001981ABB96F82C30002B61
:109310005ED1B0F87830A3420ED3BDF80E209A4249
:109320000AD3B0F87A30AB4206D3BDF80C209A428B
:1093300002D3002004B070BD90F8DD30A0F8784072
:1093400043F00103A0F87A5080F8DD30012004B02A
:1093500070BD90F943C0BCF1000F02DB96F82C30D1
:10936000F3B190F8821090F8744001F003032344A5
:109370000D33DB00C1F34001CB409BB2BDF80E4082
:10938000B3F5A47F38BF4FF4A4739C4228BF1C469A
:109390001AB3BCF1000F03DA96F82C30002BB8D0CA
:1093A00090F8832090F87610BDF80C5002F003037B
:1093B0000B440D33DB00C2F34002D3409BB2B3F544
:1093C000A47F38BF4FF4A4739D4228BF1D46A0E779
:1093D00090F943C09445C4DAE2E796F82C30002BAC
:1093E00097D0944595DADBE770B58C6900230D467C
:1093F00006468B61002C35D095F82130DB071ED551
:1094000023792D2B1ED11D232371338EE38095F8F4
:109410002830237796F88330C3F30203A37796F8B6
:109420008230C3F30203637720682146FBF72AFFEB
:1094300095F8213023F0010385F8213070BD012318
:109440002371F1E70F4A1049104840F2B91312F0A6
:10945000CFFF002383F31188BFF36F8F03231846D8
:1094600002DFD0E7074A0A4908484FF4DB7312F0DD
:10947000BFFF84F31188BFF36F8F0323184602DF09
:10948000BAE700BFC05E0500045F050098570500FD
:10949000BC5E050070B591F821304C6A9B070D4603
:1094A00003D4CCB1012323710AE00646ACB10323F7
:1094B0002371338EE380304604F11C0102F074FD09
:1094C00020682146FBF7DEFE95F82130002223F0CC
:1094D00002036A6285F8213070BD074A07490848CF
:1094E00040F2DF1312F084FF84F31188BFF36F8F13
:1094F0000323184602DFDAE7C05E0500BC5E050004
:109500009857050070B5CE690C460546002E5BD015
:10951000637B162B2ED195F94330002B2ADBE669AD
:1095200066610023E36194F8203095F8A421C3F329
:10953000C20363F3C50285F8A42194F8202095F8AE
:10954000A43162F3020385F8A43194F8203095F831
:109550008220C3F3801363F3C30285F88220311D98
:10956000204602F0E7FB0221284600F07FFD02239F
:10957000A37220E000F06CFD10B90723A37270BD48
:1095800000F06EFD0646606268B3637BE669666163
:109590000022162BE261C6D01A4A1B491B484FF421
:1095A000D27312F025FF002383F31188BFF36F8F6E
:1095B0000323184602DF2846314600F053FD2846B3
:1095C000BDE8704002F058B80E4A11490F484FF4F8
:1095D000BF7312F00DFF86F31188BFF36F8F032363
:1095E000184602DF94E7074A0A49084840F28913FF
:1095F00012F0FEFE86F31188BFF36F8F0323184627
:1096000002DFC2E7C05E05007058050098570500EC
:109610002C5F0500405F050038B505460C4602F09A
:109620001BF810B10123A37238BD284603F0A8FC33
:109630000028F7D12146284600F0F6FC0028F1D09A
:10964000284603F09BFC0728ECD02846012103F0B4
:109650008FFC28460D2103F08FFC162321466373EF
:10966000284600F0E9FCE06121462846BDE8384084
:10967000FFF748BF70B5CD690C46064655B300F0FC
:10968000E7FC10B90723A37270BD00F0E9FC0546A2
:109690006062002835D0637BE56965610022172B85
:1096A000E26126D01E4A1F491F4840F2C93312F01A
:1096B0009FFE002383F31188BFF36F8F03231846A7
:1096C00002DF3046294600F0CDFC3046BDE8704050
:1096D00003F068BC124A154913484FF4697312F03D
:1096E00087FE85F31188BFF36F8F0323184602DFCF
:1096F000C5E7291D304602F041FB41F603036381B3
:10970000DFE7074A0A49084840F2AE3312F070FE1C
:1097100085F31188BFF36F8F0323184602DFBAE782
:10972000C05E050070580500985705002C5F0500C5
:10973000405F050038B505460C4603F02BFC10B120
:109740000223A37238BD2146284600F06DFC002894
:10975000F6D0284603F012FC0728F1D028460D2148
:1097600003F00AFC172321466373284600F064FCCB
:10977000E06121462846BDE83840FFF77BBF00BFC7
:10978000F0B50C46897A85B0074615461E4609296C
:109790000BD8DFE801F005051B0A0A0A31747CA525
:1097A000002A00F0B18005B0F0BDAA4AAA49AB4832
:1097B00040F2653312F01CFE002383F31188BFF3DF
:1097C0006F8F0323184602DF05B0F0BD032AEAD1EC
:1097D00090F84330DB0940F0CD809E4A9E499F4877
:1097E00040F28A2312F004FE002383F31188BFF3B2
:1097F0006F8F284602DFD6E7052A00F0AE80062AE2
:1098000000F08880022ACED190F94330002B0EDB85
:10981000904A9349914840F2CB2312F0E9FD00238E
:1098200083F31188BFF36F8F0323184602DF0221F1
:10983000384603F09DFB3146204602F0B5FA21463A
:109840003846FFF717FD0646204600F033FC002E91
:1098500040F0A78094F82D302BB197F8822063F365
:10986000061287F88220384601F010FF0823A37201
:109870000221384605B0BDE8F04000F00FBC002AD8
:1098800091D1214605B0BDE8F040FFF73BBE002A6C
:1098900089D1638D0193FFF7B7F8019BC01A0304C8
:1098A00081D497F94330002BC0F2968000213846CE
:1098B00003F05EFB94F82030002284F82820DB09B6
:1098C00094F8212063F3000284F8212097F8822085
:1098D0001346092162F3061387F88230A17262E70A
:1098E000042A7FF460AF2146FFF77EFD214638460B
:1098F000FFF7D0FD384601F0A5FF0021384603F000
:109900003BFB0023A3724EE7214605B0BDE8F040C3
:10991000FFF782BE002103F02BFBD7F840311A225B
:1099200023F48073C7F8403184F82820204600F0E3
:10993000C1FB94F8213043F0010384F8213097F8FB
:10994000822013464FF0090C62F3061387F8823029
:109950000221384684F80AC08CE73146204602F0DE
:10996000E1F994F84E3084F828300021384603F0AD
:10997000FFFADBE73B4B90F8822093E8030094F872
:1099800020301343CDE9020103F007036B440221A9
:109990001B7A63F3061241F6060387F8822063817F
:1099A00067E70021384603F0E3FA94F828300BB15A
:1099B00087F8603194F8203094F82120DB0963F3B4
:1099C000000284F8212097F882100A4661F30612FB
:1099D000092387F882204AE794F82D1097F883200E
:1099E00094F82C3011F0030102F0070C03F003038C
:1099F00022D097F88200864661F3020E87F882E053
:109A000000F0070013B363F30202884287F8832053
:109A100019D021463846FFF767FC94F8213060F3EF
:109A2000410384F821300021384603F0A1FA0022D6
:109A3000012384F8282043E7002B3FF437AF63F37A
:109A4000020287F883209C45E3D12FE78842E0D1CA
:109A50002CE700BFC05E0500705805009857050050
:109A60005C5F05002C4C050070B50646887A84B012
:109A70000C4609280BD8DFE800F01B205D660A0AB7
:109A800096B7C105042A00F0E38004B070BD974A80
:109A90009749984840F20A5312F0AAFC002383F336
:109AA0001188BFF36F8F0323184602DF04B070BD27
:109AB000002AEAD10123A372E7E719462046009263
:109AC00002F04EF994F8201096F8A431009AC1F3F0
:109AD000C20CC3F3C20000EA0C00C1F3020C03EA9B
:109AE0000C0343EAC00321F03F010B4384F820300C
:109AF00096F94330002B0BDB94F8203013F0380F2D
:109B000040F0A28094F8203023F03F0384F8203006
:109B100002213046009200F0A9FA009A012AB4D13D
:109B200096F84330DB0907D1704A7149714840F219
:109B30003443B1E7002AA8D12146304604B0BDE83D
:109B40007040FFF7F7BD022A9FD196F94330002BF2
:109B50000EDB664A6849674840F2544312F048FCFD
:109B6000002383F31188BFF36F8F0323184602DFAE
:109B7000624B96F8822093E8030094F82030134358
:109B8000CDE9020103F007036B4402211B7A304642
:109B900063F30612062386F88220A37204B0BDE8A0
:109BA000704000F07BBA032A7FF46FAF194620465D
:109BB00002F0FAF821463046FFF75CFB05462046E6
:109BC00000F078FA002D55D094F8283096F88220CD
:109BD000282B08BF86F860311346092162F306136B
:109BE00086F88230A17250E7002A7FF44EAF2146FA
:109BF000304604B0BDE87040FFF73CBD002A7FF45A
:109C000044AF638D009330460192FEF7FDFE009B4A
:109C1000C01A03043FF539AF019A84F8282096F959
:109C20004330002B2CDB002294F8213062F3000338
:109C300084F8213096F882201346092162F3061336
:109C400086F88230A17220E759077FF461AF59E7A7
:109C500021463046FFF7C8FB21463046FFF71AFC85
:109C6000304603F08DFB0021304603F085F90023D8
:109C7000A3720AE7304603F09BF90823A37204E7B6
:109C800094F82D1096F8832094F82C3011F00301ED
:109C900002F0070C03F003031BD096F882008646FF
:109CA00061F3020E86F882E000F00700D3B163F39F
:109CB0000202884286F8832011D021463046FFF701
:109CC00013FB94F8213060F34103012284F8213022
:109CD000AAE7002BA7D063F3020286F8832063452E
:109CE000EBD1A0E78842E8D19DE700BFC05E050048
:109CF00070580500985705005C5F05002C4C050066
:109D000092F81FC0BCF1110F02F11C0315D0BCF179
:109D1000180F0FD0BCF1070F12D010B582B001910F
:109D2000242180F8601101F08DFD019B00229A72C0
:109D300002B010BD0222FFF723BD0522FFF720BDB0
:109D40000622FFF71DBD00BF13460022FFF718BD16
:109D500013460322FFF714BD00230422FFF710BDB2
:109D600092F81FC0BCF1160F02F11C0312D0BCF117
:109D7000180F0CD010B582B00191242180F8601129
:109D800003F0FEFA019B00229A7202B010BD03227A
:109D9000FFF76ABE0122FFF767BE00BF134600222D
:109DA000FFF762BE13460222FFF75EBE00230422C5
:109DB000FFF75ABE0023C0E90133C0E90333037043
:109DC000704700BF037801330370704703785BB9B5
:109DD000C3687BB102691AB1816861B10B608260AE
:109DE0000023C0E903337047013BDBB20370002B53
:109DF000EED0704770474360F1E700BF03783BB196
:109E000000230C300B60436843B119604160704718
:109E1000002304300B604368002BF6D1C0E9001129
:109E2000704700BF00230B60836813B11960816025
:109E30007047C0E9011170474068704743682BB113
:109E400081681A6842608B4208BF8260184670477A
:109E50004078A0F10C00B0FA80F04009704700BFD4
:109E60004078A0F10800B0FA80F04009704700BFC8
:109E70004078A0F10200B0FA80F04009704700BFBE
:109E80004078A0F11700B0FA80F04009704700BF99
:109E90004078A0F10100B0FA80F04009704700BF9F
:109EA0004078A0F10900B0FA80F04009704700BF87
:109EB0004078A0F10600B0FA80F04009704700BF7A
:109EC0004078A0F11800B0FA80F04009704700BF58
:109ED0004078A0F10300B0FA80F04009704700BF5D
:109EE0004078A0F10500B0FA80F04009704700BF4B
:109EF00030B5054683B008460C46F8F755FE0346D4
:109F000090B10021C0E90511446005722C22203077
:109F1000019319F08FFE019B4FF47F42FF20002137
:109F200058725A819A819973184603B030BD00BFA8
:109F30004078A0F10200B0FA80F04009704700BFFD
:109F40004078A0F10200B0FA80F04009704700BFED
:109F50004078A0F10200B0FA80F04009704700BFDD
:109F60004078A0F10100B0FA80F04009704700BFCE
:109F70004078A0F10100B0FA80F04009704700BFBE
:109F80004078A0F10100B0FA80F04009704700BFAE
:109F90004078A0F10900B0FA80F04009704700BF96
:109FA0004078A0F10900B0FA80F04009704700BF86
:109FB0004078A0F11800B0FA80F04009704700BF67
:109FC0004078A0F10300B0FA80F04009704700BF6C
:109FD0004078A0F10300B0FA80F04009704700BF5C
:109FE00038B5446805462CB121462846BDE83840BE
:109FF000F8F7F0BD094A0A490A48702312F0F8F947
:10A0000084F31188BFF36F8F0323184602DF6C6857
:10A0100028462146BDE83840F8F7DCBD745F0500EE
:10A02000B45F050098570500024B1868003818BF48
:10A03000012070475C13002010B50448F8F7B4FD08
:10A0400004460430FEF7CEFC204610BD5C13002011
:10A0500008B50120FBF72AF9003818BF012008BD18
:10A06000FBF73EB9E030FFF7DDBE00BF90F85621A8
:10A0700003461AB1114380F85611704700B583B0FA
:10A08000E03001910093FFF79DFE009B019993F84A
:10A090005621114383F8561103B000BD90F8563194
:10A0A00023EA010180F8561101B17047E030FFF753
:10A0B0008DBE00BF38B58469054644B123792D2B88
:10A0C00004D02D232371AB692A691A6038BD084A70
:10A0D000084909484FF4967312F08AF984F31188FD
:10A0E000BFF36F8F0323184602DFAC69E6E700BFBA
:10A0F000745F0500C05F05009857050038B5846996
:10A1000005465CB123792D2B00D038BD0123237186
:10A11000A969BDE838400868FBF7B4B8074A0849A0
:10A1200008484FF49D7312F063F984F31188BFF36C
:10A130006F8F0323184602DFAC69E3E7745F050005
:10A14000C05F0500985705008B6913B11A792D2A55
:10A150000BD00B7A072B15D0CB692BB1D0F85C2133
:10A160001A60CB69C0F85C3170471B68D0F8582181
:10A170005A608B6901221A718B69C0F858310B7AC9
:10A18000072BE9D14B6A002BE6D01B68D0F8582189
:10A190005A604B6A01221A714B6AC0F85831DBE7EA
:10A1A00010B5044682B00E48F8F7FEFC034698B19D
:10A1B00000210B4A4260C0E9051104722C222030B4
:10A1C000019319F037FD019B4FF47F42FF200021DE
:10A1D00058725A819A819973184602B010BD00BF17
:10A1E0004C13002010B50A4B062258685021F8F78E
:10A1F000B3FC084B012258685021F8F7ADFC064B20
:10A20000BDE81040586804222C21F8F7A5BC00BF17
:10A21000541300204C1300205C13002038B5044672
:10A22000002501F0C5FA2046C4E93E5584F80451E2
:10A2300003F09AF8C4F82851C4E9425584F816513D
:10A24000A4F81451A4F81851C4F82B51A4F848519B
:10A25000C4F83051C4F83451C4F83851C4F83C51F2
:10A26000C4F84051C4F84451FAF750F994F89A30C0
:10A2700084F85651C4E95001C4E9565523F0180337
:10A2800084F89A30A58738BD08460149F8F7A2BC82
:10A290005C13002038B5B0F802318446144623B16F
:10A2A00099420ED25B1AA0F80231BCF8123123B1E8
:10A2B00099420DD25B1AACF8123100231846237074
:10A2C00038BD01F021F9054658B12B7A0A2B03D08D
:10A2D00022236FF07300F2E795F820306FF07300DF
:10A2E000EDE7074A0749084840F2022312F080F8D8
:10A2F00085F31188BFF36F8F0323184602DFE4E76D
:10A30000745F0500D45F050098570500034BCB1818
:10A31000B3FBF1F3A0F81831704700BFFF59620298
:10A3200000B583B0019003F027F8019803B05DF801
:10A3300004EB01F045BA00BF00B583B061B101295B
:10A3400001D003B000BD019003F022F8019803B0E2
:10A350005DF804EB01F0C8BA019003F015F801981C
:10A3600003B05DF804EB01F09BBA00BF38B5D0F83C
:10A370005841054634B1206821464468FAF776FF13
:10A38000002CF8D1D5F85C410023C5F8583134B120
:10A39000204624680349F8F71DFC002CF8D1C5F8C5
:10A3A0005C4138BD5C13002090F94330002B14DA77
:10A3B00070B50D4604460A4903201646FFF798FD7E
:10A3C00048B180F8205080F821600146204601F015
:10A3D00065F8002070BD0C2070BD0C20704700BFD8
:10A3E0005413002010B5074904460120FFF780FDF3
:10A3F00028B10146204601F051F8002010BD0C2084
:10A4000010BD00BF5413002038B505460C4602208D
:10A410000849FFF76DFD58B190F8203064F3000350
:10A42000014680F82030284601F038F8002038BD79
:10A430000C2038BD5413002010B5074904460420F1
:10A44000FFF756FD28B10146204601F027F800200D
:10A4500010BD0C2010BD00BF5413002070B582B099
:10A4600006460D46072011499DF81840CDE90032F7
:10A47000FFF73EFDB0B1009B019ADB0005F007013C
:10A4800003F03803920102F040020B43134343EA06
:10A49000C41380F820300146304600F0FFFF002052
:10A4A00002B070BD0C2002B070BD00BF541300207C
:10A4B00038B504460D4601F06FFA204602F0C4FF9D
:10A4C00007490A20FFF714FD38B180F820500146F3
:10A4D000204600F0E3FF002038BD0C2038BD00BF4F
:10A4E0005413002008B590F94330002B08DB01F02D
:10A4F0000BF820B1037A0B2B0CBF2230002008BDD3
:10A5000002F044FDF5E700BFD0F840319B0601D4CE
:10A510000020704770B50D4682B004460A490C20F1
:10A520001646FFF7E5FC60B1324629460190204609
:10A53000FEF794FB2046019900F0B0FF002002B026
:10A5400070BD0C20FBE700BF5413002030B583B072
:10A5500005460C4602F01AFD20B1037A053B012B9B
:10A56000014602D90C2003B030BD01902846FEF709
:10A5700075FE01990028F5D0D4F800C06268A36880
:10A58000D4F80CE0C1F837E02846C1F82BC0C1F878
:10A590002F20C1F83330FEF759FE002003B030BD44
:10A5A00010B582B0044602F0F1FC20B1037A053BFD
:10A5B000012B014602D90C2002B010BD01902046AB
:10A5C000FEF74CFE01990028F5D02046FEF742FE2A
:10A5D000002002B010BD00BFF0B50F46D0F840110A
:10A5E00083B08907BDF82060054639D490F943103F
:10A5F000002959DB34490820CDE90023FFF778FC16
:10A60000DDE900230446002C5BD0217A082931D0F3
:10A61000092939D16385099BE7842285A685002B0A
:10A6200045D01B882387099B5B886387099B9B8890
:10A63000A387099BDB88E387099B1B89A4F840302B
:10A64000099B5B89A4F8423095F94330002B14DA5A
:10A650002846FDF749FC0146284602F0C7FF0CE0FA
:10A6600019490920CDE90023FFF742FCDDE9002369
:10A670000446C8E722856385A6852846214600F062
:10A680000DFF002003B0F0BD104A1149114840F2FF
:10A69000054311F0ADFE002383F31188BFF36F8FE4
:10A6A0000323184602DFE8E71A2003B0F0BD0A4A88
:10A6B0004FF0FF33C4E90E23A4F840304FF6FF7388
:10A6C000C0E70C20DEE700BF54130020745F0500D4
:10A6D00070580500985705000000FFFF08B502F00C
:10A6E00055FC28B1007AA0F10C00B0FA80F04009C6
:10A6F00008BD00BF10B5044602F048FC10B1037A53
:10A70000092B00D010BD01462046BDE8104002F0E4
:10A710004DBA00BF38B504460D4602F037FC10B103
:10A72000037A092B00D038BD80F82050014620461E
:10A73000BDE8384002F03EBA08B502F027FC28B167
:10A74000007AA0F10900B0FA80F0400908BD00BF0E
:10A7500038B505460C4600F0D7FE10B14369A34258
:10A760000ED0284602F012FC10B14369A34200D07B
:10A7700038BD224601462846BDE8384002F0B8BD43
:10A7800001462246284600F0D1FFEAE710B504460C
:10A7900000F0BAFE18B10146204600F0F1FF204655
:10A7A00002F0F4FB28B101462046BDE8104002F05B
:10A7B000C3BD10BD30B5537F83B004460D46002B9A
:10A7C00044D0D37F1E2B2CD92046019200F09CFE52
:10A7D0000090204602F0DAFBDDE90012002976D075
:10A7E00091F80BC0D37F00284ED0634590F80BE062
:10A7F0005CD091F80CC0BCF1000F57D1072B71D081
:10A80000112B00F082800D2B40F08F80BEF10D0FD8
:10A8100002D0037B002B41D01F2384F8603103B0AA
:10A8200030BD4D4951F8231031B102F11C000092A6
:10A830008847009A60B1D37F022BC5D101232946F6
:10A84000204603B0BDE8304002F0A6BDFF23D37719
:10A850002046009200F058FE009A30B1D17FC37AB2
:10A860009942DCD0037B002BD9D12046009202F024
:10A870008DFB009A002846D0D17FC37A9942CED072
:10A88000037B002BCBD1DAE7634507D0087B28B9DF
:10A89000072B44D0112B42D00D2BCFD1134620468D
:10A8A0002A4603B0BDE8304000F0F4BE7345B3D093
:10A8B00090F80CC0BCF1000FAED1072B01D0112BCA
:10A8C000ECD1407B92F820309842E7D1A4E70028F1
:10A8D000B4D0134601462A46204603B0BDE83040B6
:10A8E00002F088BC92F8203091F80DC09C4522D02F
:10A8F000BEF1070FEDD0017B0029EAD1417B9942DF
:10A90000E7D0242389E7034699E792F8203091F8AD
:10A910000DC09C451BD0BEF1110FECD1D9E7487B8F
:10A9200092F82030984289D1B8E77345D1D0037BA3
:10A93000002BCED1E5E7BEF1070F3FF46DAF037BEF
:10A94000002B7FF469AF437B6345A7D164E7BEF179
:10A95000110FF4D160E700BF6869050070B50646C5
:10A960000D46FFF769FB0446002862D02B7A013BB5
:10A97000211D0B2B07D8DFE803F022282E35060611
:10A980000606063B0642324A32493348DD2311F0BF
:10A990002FFD002383F31188BFF36F8F0323184625
:10A9A00002DFE3796B7321463046FFF75BFB2B7ABE
:10A9B0000A2B2AD03046BDE8704000F05DBE084644
:10A9C00001F006F81323EB72EBE7304601F034F8A0
:10A9D0000923EB72E5E7284601F0E2F8FF236C61FA
:10A9E000EB72DEE7084601F0FDF80C23EB72D8E7C6
:10A9F000284601F0E7F8FF236C61EB72D1E730469F
:10AA000001F0A2FA1523EB72CBE7738EB6F89C1116
:10AA100040F2E24202FB03F342F2107202FB013108
:10AA200001393046B1FBF3F1BDE8704089B200F066
:10AA300029BE074A09490848A22311F0D9FC84F32A
:10AA40001188BFF36F8F0323184602DF8EE700BF24
:10AA5000D85F050070580500985705006C5905002F
:10AA60002DE9F04106460D46174602F093FA28B14B
:10AA70000323AB7200242046BDE8F081294630460E
:10AA8000FFF7D2FA04460028F2D029463046FFF7F5
:10AA9000D3FA804680B32B7A013B08F104010B2BDB
:10AAA00007D8DFE803F03846064C06060606060619
:10AAB000063E264A2649274840F25E4311F098FC9C
:10AAC000002383F31188BFF36F8F0323184602DF3F
:10AAD00098F807306B7341463046FFF7C3FA3046AB
:10AAE00002F060FA0423AB72002FC4D0304602F0AB
:10AAF00047FC0023AB72BEE7144A174915484FF4D0
:10AB0000836311F075FC88F31188BFF36F8F032303
:10AB1000184602DFBFE7084600F064FFFF23EB7230
:10AB2000D6E7304601F028FAFF23C5F81480EB720F
:10AB3000CEE7304600F0A4FFFF23EB72C8E70846DB
:10AB400001F050F8FF23EB72C2E700BFD85F0500A9
:10AB500070580500985705006C59050010B50B7A20
:10AB6000013B82B00B2B0DD8DFE803F006060C305A
:10AB70000C0C0C0C0C1D0C2A012202B0BDE810407C
:10AB8000FFF76EBF1B4A1C491C4840F20E5311F0E0
:10AB90002FFC002383F31188BFF36F8F0323184624
:10ABA00002DF02B010BD0191044602F0E9FB0199F9
:10ABB00091F8203000228A7284F8603102B010BD12
:10ABC000002202B0BDE81040FFF74ABF90F82831DC
:10ABD000044643B90122FFF743FF0028E1D00123D7
:10ABE00084F82831DDE7019102F0CAFB01990023C6
:10ABF0008B72D6E7D85F050070580500985705009E
:10AC0000F8B50646887A0C461146042800F2DD8025
:10AC1000DFE800F0060B1E2E0300012930D0F8BD3E
:10AC20000029FCD10123A372F8BD0229F7D1DA78FB
:10AC30006272023A122A67D8DFE802F08C66666612
:10AC40006666876666669566666666661C667600F4
:10AC50000D460029E3D1237A0A2B46D1304602F073
:10AC60008FFB94F820300022A27286F86031F8BD84
:10AC70000029D4D121463046BDE8F840FFF76EBF29
:10AC8000237A0C2BCBD13046FDF7A6FF94F8203069
:10AC9000042103433046DFB2FFF700FAA269002324
:10ACA0001546A361002A00F081802B792D2B0ED050
:10ACB0004E4A4F494F4840F2814311F099FB00231F
:10ACC00083F31188BFF36F8F0323184602DF002F31
:10ACD0004ED101232B7128682946FAF7D3FA304662
:10ACE00002F04EFB0023A372F8BD404A424941489E
:10ACF00040F2245311F07CFB85F31188BFF36F8F72
:10AD00000323184602DFA9E7384A3C49394840F294
:10AD10000D4311F06DFB002383F31188BFF36F8F98
:10AD20000323184602DFA5E71946304601F054F91F
:10AD300004213046FFF79AF93046FDF715FF84F8F5
:10AD400020002046FFF7B6F994E71946304600F098
:10AD5000D5FE8FE71946204600F040FF0821304617
:10AD6000FFF784F986E71946304600F063FF81E774
:10AD70004FF003032B71338EEB80237A0C2B05F1FC
:10AD80001C070ED0194A1E491A4840F28A4311F096
:10AD90002FFB002383F31188BFF36F8F0323184623
:10ADA00002DF3946304601F0FFF894E70F4A1549B3
:10ADB000104840F27E4311F01BFB85F31188BFF36E
:10ADC0006F8F0323184602DF6FE7084A0B490948D3
:10ADD00040F28A5311F00CFB002383F31188BFF378
:10ADE0006F8F0323184602DFF8BD00BFD85F050050
:10ADF000045F0500985705002060050070580500A5
:10AE00003C600500BC5E0500F0B58C69002783B08E
:10AE10000B4606468F61002C43D001270325257180
:10AE2000328EE2801A7A042A04F11C011AD00C2A0C
:10AE30000CD0022A1ED15A7A072A2ED0092A47D1CD
:10AE4000304600F03FFE37B103B0F0BD304601F0B0
:10AE5000ABF8002FF8D12068214603B0BDE8F040E0
:10AE6000FAF710BA5B7A0C2B13D01C4A1C4940F23B
:10AE70000F1303E0194A1A4940F2AB13194811F0B5
:10AE8000B7FA002383F31188BFF36F8F284602DFE0
:10AE9000D9E7304600F0B8FED5E7184600F0BEFD11
:10AEA000D1E70191FFF7DCF8019B04460028B5D1FA
:10AEB0000A4A0D490B484FF4C67311F099FA84F30E
:10AEC0001188BFF36F8F0323184602DF2471FFDE62
:10AED000024A03494FF48173D0E700BFD85F0500F1
:10AEE0007058050098570500BC5E050000B50B7A48
:10AEF000013B83B002460B2B19D8DFE803F029068B
:10AF00000F6218181818183318414B7A072B01D004
:10AF1000092B22D191F82030DB0763D40091104631
:10AF200000F090FC009900238B7203B000BD444AEE
:10AF3000444945484FF4137311F05AFA002383F340
:10AF40001188BFF36F8F0323184602DF03B000BDE3
:10AF50004B7A072BE2D0132BE0D02423009182F808
:10AF60006031DCE710460191009200F06BFC019922
:10AF7000009A00201623887282F8603103B000BD69
:10AF80004B7A152B36D0072BE7D1D2F840310191FF
:10AF900023F020031046C2F84031009200F052FC2A
:10AFA000DDE9002100238B7210460092FFF796FB2B
:10AFB0000028BAD10098042103B05DF804EBFFF734
:10AFC0006DB84B7A0C2BC8D18B691BB3104601911D
:10AFD0000092FFF719FF009800F034FC019900235C
:10AFE0008B72A2E7104601910092FFF70DFFDDE999
:10AFF000002193E7104601910092FDF737FDDDE94E
:10B000000021B8B910460191009200F01BFCDDE967
:10B010000021C7E7CDE90021FFF71AF8DDE900219B
:10B020000028D3D11046009100F026FB009904239C
:10B030008B727AE71046FFF7E7FEDDE90021E1E7D2
:10B04000D85F0500705805009857050030B50D7A97
:10B050006B1E83B00C4602460B2B07D8DFE803F0CB
:10B060001721364B06060606066A067A5B4A5C49D5
:10B070005C4840F2CF2311F0BBF9002383F3118821
:10B08000BFF36F8F0323184602DF03B030BD01907A
:10B0900000F0E2FA002800F08E800123A37203B0D2
:10B0A00030BD019000F0D8FA0028F6D10198214671
:10B0B000FEF7BAFF0028F0D001982146FFF74EFCBA
:10B0C0006369002B08BF0325A572DEE7019000F03D
:10B0D000C3FA0028E1D101982146FEF7A5FF002818
:10B0E000DBD001982146FFF739FC6369002B18BFBC
:10B0F0000225A572C9E790F82831002B3AD10190BA
:10B1000000F0AAFA0028C8D101982146FEF78CFF6A
:10B110000028C2D021460198FFF720FC6169019AFE
:10B1200000294FF001030CBF03210221A17282F814
:10B130002831AAE721460190FEF776FF0028ACD01F
:10B1400001982146FFF70AFC1622022384F82020EA
:10B15000A3729AE7D0F840319B0604D50190FFF71F
:10B16000BDFA019A80B1104600F06CFB0023A37277
:10B1700003B030BD0C21002361722146A36103B0EE
:10B18000BDE83040FFF7B2BE104600F065FA002877
:10B1900083D101982146FEF747FF00283FF47DAF99
:10B1A00001980421FEF762FF01982146FFF7D6FBC4
:10B1B0000323A37269E701982146FEF735FF0028B3
:10B1C0003FF46BAF01982146FFF7C8FB6369002B82
:10B1D0000CBF03230223A37257E700BFD85F05000B
:10B1E000705805009857050070B50546887A0C46DA
:10B1F0001646042800F2A680DFE800F003031B28AF
:10B200000600002E5CD070BD002EFCD10B7A042B02
:10B2100000F08A80534A544954484FF45F7311F048
:10B22000E7F886F31188BFF36F8F0323184602DF18
:10B2300070BD052EE7D10B7A032B01D00A2BE2D18A
:10B2400021462846BDE87040FFF750BE012EDAD1F6
:10B25000DA784A72023A172A37D801A151F822F057
:10B260001DB30300CBB20300CBB20300CBB203008B
:10B27000CBB2030013B30300CBB2030009B3030046
:10B28000CBB20300CBB20300FFB2030041B2030014
:10B29000CBB20300CBB20300CBB20300F5B2030084
:10B2A000CBB2030041B20300CBB20300EBB2030008
:10B2B000CBB20300CBB20300CBB2030041B2030018
:10B2C0002846BDE87040FFF7C1BE264A26492748F8
:10B2D00040F24F3311F08CF8002383F31188BFF351
:10B2E0006F8F0323184602DFAAE71946284600F0AD
:10B2F0009DFEA5E71946204600F014FDA0E719467B
:10B30000284600F097FC9BE71946284600F022FCEF
:10B3100096E71946204600F07DFB91E7114A124955
:10B32000124840F23633D5E7FEF792FE00283FF48C
:10B330006AAF21462846FFF767FD284600F082FAEB
:10B34000A67270BD074A0849084840F29A3311F0C6
:10B350004FF8002383F31188BFF36F8F0323184640
:10B3600002DF70BDD85F05007058050098570500D2
:10B37000131D0522FFF738BF02F11C030122FFF75E
:10B3800033BF00BF13460022FFF72EBF02F11C039C
:10B390000222FFF735BC00BF131D0122FFF730BCAE
:10B3A00013460022FFF72CBC30B583B0044606F0EC
:10B3B0004FF960B1D4F8F83033B1D4F8FC101A6802
:10B3C000C4F8F820994225D0184603B030BD01904A
:10B3D0000121032006F0DAF8019A05460121032035
:10B3E000F7F782FCD4F8F83043B1D4F8FC101A68AF
:10B3F000C4F8F8208B4208BFC4F8FC20002DE3D02D
:10B400000122114603200193F7F76EFC019B1846B9
:10B4100003B030BD1846C4F8FC2003B030BD00BFF7
:10B4200070B5054606F014F940B1D5F8F840DCB126
:10B4300000220123A5F80221A37370BD0446012157
:10B44000032006F0A3F82246064601210320F7F761
:10B450004BFCD5F8F840002EE9D00122114603201C
:10B46000F7F742FC002CE3D1094A0A490A484FF495
:10B47000F57310F0BDFF84F31188BFF36F8F0323C2
:10B48000184602DF00220123A5F80221A37370BD34
:10B4900064600500AC6005009857050070B582B087
:10B4A00005460C4606F0D4F848B100232360D5F8D1
:10B4B000FC300BB31C60C5F8FC4002B070BD0190BD
:10B4C0000121032006F062F8019A064601210320BB
:10B4D000F7F70AFC019A2260D5F8FC3083B11C60B2
:10B4E000C5F8FC40002EE8D001221146032002B02E
:10B4F000BDE87040F7F7F8BBC5E93E4402B070BD47
:10B50000C5E93E44EEE700BF30B583B004460546CA
:10B5100006F09EF820B1D4F8F830184603B030BDDC
:10B5200001900121032006F031F8019A044601211F
:10B530000320F7F7D9FBD5F8F830002CEDD0012225
:10B54000114603200193F7F7CFFB019B184603B088
:10B5500030BD00BF38B50C460546FFF7D5FFA04209
:10B560000DD0184A18491948522310F041FF002302
:10B5700083F31188BFF36F8F0323184602DFA3699B
:10B5800013B11B792D2B07D02846FFF70DFF20465E
:10B59000BDE83840FEF724BD0A4A0D490B48572341
:10B5A00010F026FF002383F31188BFF36F8F03236E
:10B5B000184602DF2846FFF7F7FE2046BDE8384070
:10B5C000FEF70EBD64600500C060050098570500D9
:10B5D000D460050038B50546FFF796FF037A013BB6
:10B5E00004460B2B1BD8DFE803F0060606061A1AE2
:10B5F0002A1414061A06014600222846FFF7C2FE46
:10B60000A37B03B938BD21462846BDE83840FFF783
:10B61000A1BF01460022284601F096FAF0E70B4A46
:10B620000B490C484FF4EF7310F0E2FE002383F354
:10B630001188BFF36F8F0323184602DFE0E701464E
:10B6400000222846FEF780FBDAE700BF64600500B1
:10B65000705805009857050090F80401A0F101000A
:10B66000B0FA80F040097047012380F80431704738
:10B67000002380F804317047B0F81831A0F8023187
:10B68000704700BFA0F80211704700BF0023A0F868
:10B690000231704738B50C468969054601B3217AF5
:10B6A00001390B2925D8DFE801F006060606242417
:10B6B000341E1E0624061A4621462846FFF75CFE65
:10B6C000A36923B11B792D2B1CBF0023A361A37B8E
:10B6D00003B938BD21462846BDE83840FFF73ABFD8
:10B6E000A3612261DBE71A462146284601F0E4F90E
:10B6F000E6E70B4A0B490C4840F2491310F078FE7C
:10B70000002383F31188BFF36F8F0323184602DFF2
:10B71000D6E71A4621462846FEF7F2FAD0E700BFE0
:10B7200064600500705805009857050000B50B7A55
:10B73000033B83B0092B0CD8DFE803F0050B0B0BA0
:10B74000110B0B050B05CDE90001FFF711FEDDE93B
:10B7500000018B7B00224A6163B903B000BDCDE9D3
:10B760000001FEF7F5FADDE900018B7B00224A615A
:10B77000002BF2D003B05DF804EBFFF7EBBE00BF87
:10B7800010B50A7A072A82B00B4604460AD09A7B83
:10B790000AB902B010BD1946204602B0BDE81040FB
:10B7A000FFF7D8BE0191FEF7D7FA019BEFE700BF84
:10B7B0000222002380F80021A0F80231704700BF68
:10B7C00000B590F8002183B0032A24D8DFE802F006
:10B7D000021816180090FFF797FE024670B1009B02
:10B7E000127A019318460092FFF7F4FE009A019B2B
:10B7F0000A2A14BF0122032283F8002103B000BDEE
:10B800000090FFF781FE0028F8D0009803B05DF8A3
:10B8100004EBFFF7DFBE084A084909484FF41B73E1
:10B8200010F0E6FD002383F31188BFF36F8F03232D
:10B83000184602DFE2E700BF6460050070580500AB
:10B840009857050000B590F8003183B0032B11D84C
:10B85000DFE803F00B0209020190FFF7E1FD019818
:10B86000002380F8003103B000BD03B05DF804EBA5
:10B87000FFF7D6BD074A084908484FF41B7310F07C
:10B88000B7FD002383F31188BFF36F8F032318469E
:10B8900002DFE8E76460050070580500985705006E
:10B8A00008B590F80031022B13D000D808BD032B47
:10B8B000FCD00A4A0A490B484FF41B7310F098FD5C
:10B8C000002383F31188BFF36F8F0323184602DF31
:10B8D00008BD002380F8003108BD00BF646005008A
:10B8E000705805009857050038B590F800310446A7
:10B8F000032B3AD8DFE803F0092612132046294625
:10B90000FEF722FC2846FEF76BFB2046FFF74CFDB6
:10B9100005460028F2D1022384F8003138BDFFF734
:10B9200043FD05460028F6D029462046FEF70CFCCC
:10B930002846FEF755FB2046FFF736FD0546002852
:10B94000F2D1E8E7FFF730FD05460028E3D02946AD
:10B950002046FEF7F9FB2846FEF742FB2046FFF79C
:10B9600023FD05460028F2D1D5E7084A08490948D1
:10B970004FF41B7310F03CFD002383F31188BFF3D9
:10B980006F8F0323184602DF38BD00BF64600500D7
:10B99000705805009857050038B50546FFF704FDB7
:10B9A000044660B121462846FEF7CEFB2046FEF74E
:10B9B00017FB2846FFF7F8FC04460028F2D1A5F84B
:10B9C00002412146284601F0D3FA85F8004138BDEE
:10B9D00003780121122243F0030303704170C27007
:10B9E000704700BF03780121132243F00303037063
:10B9F0004170C270704700BF0B784FF0020C43F0EB
:10BA0000030307220B7081F801C0CA7090F84C3014
:10BA10000B7170470B7980F84C3070470B784FF002
:10BA2000020C43F0030307220B7081F801C0CA70B7
:10BA300090F84C300B71704710B50B780C4609220A
:10BA4000082143F00303E1706270237090F94330E2
:10BA5000002BACBF0B460E23E370F8F757FD002315
:10BA600061F30703C1F3072262F30F23090C61F3AB
:10BA70001743090A61F31F636060A36010BD00BF34
:10BA800038B50C460546F8F741FD237843F003032B
:10BA9000237009236370E370D5F84031217263F09D
:10BAA000FF031840020C0B0C4FEA102C2071090AFE
:10BAB000100AA2711A0AE07184F805C06172A372BB
:10BAC000E27238BD0B78092243F003030B704A7011
:10BAD000CA70D0E94E23100C4FEA122C0A711A0CCE
:10BAE00081F805C088714FEA102C0B72180A130AEE
:10BAF00081F807C048728A72CB727047F0B54B6804
:10BB0000134E8A680546580F80EA137083B01E40B2
:10BB100000F001004FF0405302F0EF07A0FB0303D9
:10BB200086EA00040197F8F7F1FC2040019AC5F875
:10BB3000400160F0FF000F4030400123C5F8447120
:10BB4000C5F83801C5F83C2185F8303103B0F0BDA7
:10BB50002FCF87F72DE9F0414C68104F8A68630FAB
:10BB600083EA147303F001034FF04051A3FB01314A
:10BB70002740054687EA030402F0EF08F8F7C6FC01
:10BB8000C5E94E78044008EA01010123C5F84041A7
:10BB9000C5F8441185F83031BDE8F0812FCF87F723
:10BBA0000B784FF0030C43EA0C0319220B7081F859
:10BBB00001C0CA7090F820300B7190F821304B71A1
:10BBC000704700BF0B78022243F003030B704A70EA
:10BBD000CA7090F820300B71704700BF0B7980F865
:10BBE000203070470378074AC0F805204FF0060C54
:10BBF00043F0030340F60C51037080F801C0A0F835
:10BC000003107047F105FFFF0B784FF0060C43F06F
:10BC100003030C220B7081F801C0CA7090F82A311E
:10BC20000B71B0F82B31A1F80530B0F82D31A1F827
:10BC300007307047012380F829310B7980F82A31C9
:10BC4000B1F80530A0F82B31B1F80730A0F82D314C
:10BC5000704700BF0B78032243F003034FF0170C2B
:10BC60000B7081F801C0CA70D0F82130D0F82520BF
:10BC70008A604B6090F829300B7390F82A304B7330
:10BC8000704700BF10B503780D21042243F0030371
:10BC900041700370C270841805F0DAFC0C2120B1E9
:10BCA0002046BDE8104003F073B92046BDE81040BF
:10BCB00003F060B903780121052243F00303037008
:10BCC0004170C270704700BF03780121062243F023
:10BCD000030303704170C270704700BF03780121F5
:10BCE0000B2243F0030303704170C270704700BF22
:10BCF000037801714FF0020C43F003030D2203702F
:10BD000080F801C0C27070470378017143F00303EB
:10BD10004FF0030C0370112380F801C0C37042710F
:10BD2000704700BF0B7980F84D304B7980F84E306A
:10BD3000704700BF0B784FF0030C43EA0C03162248
:10BD40000B7081F801C0CA7090F82030C3F3C203B1
:10BD50004B7190F82030C3F302030B71704700BFA2
:10BD60000A7990F8203062F3C50380F820304A79D0
:10BD700062F3020380F82030704700BF0B784FF069
:10BD8000030C43EA0C0317220B7081F801C0CA7040
:10BD900090F8A431C3F3C2034B7190F8A431C3F3FC
:10BDA00002030B71704700BFCB8843850B7980F885
:10BDB0002C304B7980F82D30704700BF0B784FF056
:10BDC000180C43F003030F220B7081F801C0CA70F6
:10BDD000C38C8B80038DCB80438D0B81838D4B81F6
:10BDE00090F834300B73C38EA1F80D30038FA1F897
:10BDF0000F30438FA1F81130838FA1F81330C38F18
:10BE0000A1F81530B0F84030A1F81730B0F8423042
:10BE1000A1F81930704700BF0B784FF0180C43F0B1
:10BE2000030310220B7081F801C0CA70C38C8B8091
:10BE3000038DCB80438D0B81838D4B8190F8343003
:10BE40000B73C38EA1F80D30038FA1F80F30438F11
:10BE5000A1F81130838FA1F81330C38FA1F81530EA
:10BE6000B0F84030A1F81730B0F84230A1F81930DE
:10BE7000704700BF8B88C384CB8803850B894385BB
:10BE80004B8983850B7B80F83430B1F80D30C38645
:10BE9000B1F80F300387B1F811304387B1F8133090
:10BEA0008387B1F81530C387B1F81730A0F8403058
:10BEB000B1F81930A0F84230704700BF0B7800226B
:10BEC00043F003034FF00C0CCA700B7081F801C0F3
:10BED00090F823300B71036B094AA2FB03239B0AE2
:10BEE000A1F80530438DA1F80930038DA1F8073082
:10BEF000838DA1F80B30838CA1F80D30704700BF03
:10BF00005917B7D10B7980F82330B1F8053040F2DA
:10BF1000E24202FB03F30363B1F809304385B1F851
:10BF200007300385B1F80B308385B1F80D30838479
:10BF3000704700BFB1F8093003844B68C0F8223065
:10BF40000B7A80F8263070470B784FF0090C43F0DD
:10BF5000030314220B7081F801C0CA70B0F8663078
:10BF60008B80B0F864300B81B0F86A30CB80B0F8C9
:10BF700068304B81704700BF0B784FF0090C43F0DD
:10BF8000030315220B7081F801C0CA70B0F8663047
:10BF90008B80B0F864300B81B0F86A30CB80B0F899
:10BFA00068304B81704700BF0B784FF0090C43F0AD
:10BFB000030315220B7081F801C0CA70B0F8763007
:10BFC0008B80B0F874300B81B0F87A30CB80B0F849
:10BFD00078304B81704700BF8A88A2F11B03E02BA9
:10BFE00022D8B1F808C0ACF11B03E02B1CD830B547
:10BFF000B1F806E0AEF5A4739BB244F24815AB422B
:10C0000011D84C89A4F5A4739BB2AB420BD8002382
:10C01000194664F30F016CF30F0362F31F436EF3D1
:10C020001F41C0E91B3130BD704700BF8A88A2F1B3
:10C030001B03E02B22D8B1F808C0ACF11B03E02BA6
:10C040001CD830B5B1F806E0AEF5A4739BB244F24B
:10C050004815AB4211D84C89A4F5A4739BB2AB42EE
:10C060000BD80023194664F30F016CF30F0362F33E
:10C070001F436EF31F41C0E91B3130BD704700BF45
:10C0800070B58C6900230D4606468B6104B31923F5
:10C0900022792371338EE38095F82030237743B9DA
:10C0A0002B8DE3836B8D2384AB8D63842D2A09D084
:10C0B00070BD738EE383B38E2384B6F89C316384A2
:10C0C0002D2AF5D120682146BDE87040F9F7DAB88D
:10C0D000074A0849084840F2071310F089F984F329
:10C0E0001188BFF36F8F0323184602DFCFE700BF2D
:10C0F0002C610500BC5E050098570500F8B58C69F9
:10C1000000230D4607468B6194B1032326792371E2
:10C110003B8EE38004F11C012846FFF74FFE2D2ED5
:10C1200000D0F8BD20682146BDE8F840F9F7AAB86C
:10C13000074A084908484FF4597310F059F984F335
:10C140001188BFF36F8F0323184602DFDDE700BFBE
:10C150002C610500BC5E05009857050000B5438EB4
:10C160000A8DB1F82AC0B1F82CE0934285B002D113
:10C17000838E634516D0012381F82230CDF808E084
:10C180000B6BCDE9002C91F808C091F82320898C25
:10C190000391ACF10801B1FA81F14909EBF76CFFA9
:10C1A00005B000BDB0F89C31B3EB0E0318BF0123FE
:10C1B000E2E700BFF8B5CD6900230C4606461746F6
:10C1C000CB61002D3FD0291D112F0AD8DFE807F0E1
:10C1D0002E0909090909092A090909090909090989
:10C1E0003222234A234924484FF4527310F000F9B5
:10C1F000002383F31188BFF36F8F0323184602DFF8
:10C20000EB79637329463046FDF72CFF237A092B1F
:10C2100014D0F8BD084694F8202094F82110FFF7B8
:10C2200073FDEDE72046FFF7E7FBE9E72046FFF760
:10C2300045FEE5E72046FFF7EFFDE1E73046BDE8C4
:10C24000F84000F0AFBEFDF7F7FE05460028BAD172
:10C25000074A0A49084840F22E3310F0C9F885F31E
:10C260001188BFF36F8F0323184602DFABE700BFCF
:10C270002C61050070580500985705006C590500A1
:10C2800038B58B690C46054673B1204A20492148D0
:10C2900040F2863310F0ACF8002383F31188BFF32B
:10C2A0006F8F0323184602DFFDF7DAFE2D23A0610E
:10C2B000037194F834200121002384F823102363B0
:10C2C000218D4AB1B1FBF2F313FB02F3E28C9BB276
:10C2D0009A429CBF23851946238F8B4204D840F293
:10C2E000E24202FB03F323632846FCF78DFBA98E91
:10C2F000034606310B44A384002228462146FFF75B
:10C3000059FF4FF60B73638138BD00BF2C610500E8
:10C31000786105009857050070B53C4D2B6882B0D8
:10C3200002460C462BB1834203D00123A37202B014
:10C3300070BD10460092FFF78FF90028F5D10098E4
:10C3400000F01EFE009A0028EFD101902146104611
:10C35000FDF76AFE0028E8D00098FCF755FB0121A4
:10C360000646009800F004FEE169019B009AE6860B
:10C3700084F834300E462A60E36151B3311D204603
:10C380000092FFF71BFDF379637300983146FDF7C8
:10C3900069FE237A009A092B16D092F84330DB0904
:10C3A00002D004236381C2E7194A1A491A4840F2AD
:10C3B0009B1310F01DF8002383F31188BFF36F8FD8
:10C3C0000323184602DFB2E71046FFF755F9009A3B
:10C3D000E3E710462146FDF72FFE009A06460028A7
:10C3E000CCD10B4A0D490C4840F22F1310F000F845
:10C3F00086F31188BFF36F8F0323184602DF0421F1
:10C400002046FFF7DBFCF379FFDE00BF844000200D
:10C410002C61050070580500985705006C590500FF
:10C4200038B505460C4600F0B5FD10B10923A372DE
:10C4300038BD21462846FDF7F7FD0028F6D02146F5
:10C440002846FDF7F9FDE061FDF702FE10B90C2367
:10C45000A37238BD21462846BDE83840FFF710BF1B
:10C4600030B50C4683B00546FCF7CEFAA38CC01A53
:10C47000030401D503B030BD21462846FFF76EFE08
:10C48000237A092B18D094F82230FBB92046019367
:10C49000FDF734FE019BA361284600F071FF237A6B
:10C4A000092B05D10D4B1A68954204BF00221A6072
:10C4B0000023A37203B030BD284600F079FD237A33
:10C4C000092BE0D194F82030002BDCD0002384F835
:10C4D000203021462846FFF7D3FDDDE784400020C9
:10C4E00030B583B005460C4600F054FD18B1062364
:10C4F000A37203B030BD019021462846FDF794FD9C
:10C500000028F4D0112221462846FFF753FE284682
:10C5100000F036FF227A019B092A04D1044A1168EF
:10C520008D4208BF13600023A37203B030BD00BF6B
:10C530008440002010B5DFF894C0DCF8002082B001
:10C5400003460C46AAB1824213D002228A7200909E
:10C5500000F020FD38B9009B019021461846FDF7F8
:10C5600063FD019A20BB204602B0BDE81040FDF7F4
:10C57000A1BD218D5A8ECCF80030914207D01846CB
:10C580002146FFF7BBFD0423A37202B010BD618DED
:10C590009A8E9142F3D1A18DB3F89C219142EED1B4
:10C5A0002046FDF7ABFD00220523A261A372ECE754
:10C5B0004FF472610098218421460092FFF790FFAA
:10C5C0002046FDF79BFD009AA261DEE78440002033
:10C5D00070B50646887A82B00C4615460C2800F2E3
:10C5E000A780DFE800F00C1847505A6472A5759CCC
:10C5F0007F920700002D00F0AE8002B070BD002DCC
:10C60000FBD10B7A082B00F0C380092B40F0B180DE
:10C6100001238B72F1E7012DEFD119462046FFF778
:10C6200029FCE38C052B1BD9228DB2F5486F17D856
:10C63000934215D8638DB3F5FA7F11D2A08DA0F186
:10C640000A0140F6764C89B2614509D8013313FBE3
:10C6500002F3B3EB800F03D294F8343093420BD93A
:10C6600040F61E7323842146304602B0BDE8704078
:10C67000FFF736BF012DC0D82146304602B0BDE8D5
:10C680007040FFF757BF002DB7D1FDF7E1FC002840
:10C6900040F0C0800323A372AFE7032D58D0042DD0
:10C6A000ABD10F22062381F821208B72A5E7002D44
:10C6B000A3D196F94330AB42304658DA91F8203096
:10C6C00043B10F2381F82130CDE7002D95D1CAE782
:10C6D000002D92D1304600F05DFC00285BD008238D
:10C6E000A3728AE7022D88D196F84320C2F3C011C5
:10C6F000D20930465DD184F84C1000F04BFC002884
:10C7000000F091800D23A37277E7002D7FF475AFC1
:10C710002146304602B0BDE87040FFF7A1BE002DB3
:10C720007FF46BAF304602B0BDE87040FFF778BED3
:10C730004D4A4E494E4840F251530FF059FE0023E6
:10C7400083F31188BFF36F8F0323184602DF54E78A
:10C7500005238B7251E7FDF77BFC00283FF44DAFBA
:10C760002146304602B0BDE87040FFF789BDA561A3
:10C77000D9E73D4A3D493E4840F2F2330FF038FEDA
:10C7800085F31188BFF36F8F0323184602DF34E768
:10C790000A238B7231E721463046FDF745FC00281D
:10C7A0009DD0102221463046FFF704FD0A23638105
:10C7B00023E719462046FFF7A5FB228D931F40F67D
:10C7C0007A419BB28B422CD8638DB3F5FA7F28D285
:10C7D000A08DA0F10A0140F6764C89B2614520D8BF
:10C7E00003FB0222B2EB800F1BD2A38C01933046D5
:10C7F000FCF70AF9019B1B1A47F6FE729BB29342A3
:10C800002BD9282386F86031304600F0B9FD00238B
:10C81000A372F2E621463046FFF770FC0423A372B0
:10C82000EBE61E23EEE7019021463046FDF7FCFBC8
:10C8300000283FF467AF072221463046FFF7BAFCD5
:10C84000304600F09DFD227A019B092ADFD1094A7A
:10C8500011688E42DBD11360D9E72046FDF72AFC30
:10C860000B23A37254E700BF2C610500705805002C
:10C87000985705008440002070B591F80AC082B036
:10C880000D4606461446BCF1060F09D8DFE80CF049
:10C89000192D080836660400002C67D002B070BD60
:10C8A000804A814981484FF43E730FF0A1FD002377
:10C8B00083F31188BFF36F8F0323184602DF02B0A2
:10C8C00070BD002CEAD10B7A092B10D0754A76493D
:10C8D00076484FF4F5730FF08BFD84F31188BFF3A6
:10C8E0006F8F0323184602DFD8E7002CD6D12946E4
:10C8F000304602B0BDE87040FFF70EBD032C00F0DB
:10C900009480042C00F08480022CC7D1194628465C
:10C91000FFF7F8FA2A8D931F9BB240F67A418B42BB
:10C9200000F288806B8DB3F5FA7F80F08380A88D4C
:10C93000A0F10A0140F6764C89B261457AD803FB32
:10C940000222B2EB800F75D22146304600F010FB78
:10C950002846FDF7AFFB0623AB729FE7002C9DD165
:10C96000FEF77AFE28B30523AB7297E7FCF74CF885
:10C97000AB8CC01A030491D42146304600F0F8FA7B
:10C9800029463046FFF7EAFB2B7A092B5AD095F857
:10C990002240002C60D12846FDF7B0FBAC61304648
:10C9A000FEF750FF2B7A092B27D00023AB7202B081
:10C9B00070BD29463046FDF737FB0028D3D021460D
:10C9C000304600F0D5FAEB69EC61002B4CD0181D15
:10C9D00095F8202095F821100193FFF795F9019B18
:10C9E000DA796A7319463046FDF73CFB2B7A092B3E
:10C9F000D5D13046FEF740FED1E796F94330002B03
:10CA00002CDB2B4B1A689642CFD100221A60CCE760
:10CA1000D0F840311A2223F00203C0F8403181F8E7
:10CA200020203046FFF72CFBB9E75B7985F82030F2
:10CA30002946F6E70021304600F09AFA1E2386F8D0
:10CA40006031ACE73046FEF721FE2B7A092B9ED1F0
:10CA500095F82030002B9AD00023E7E73046FDF709
:10CA60006BFE0028CDD0A0E729463046FDF7E4FA5A
:10CA700003460028ABD10B4A0E490C4840F22F1355
:10CA80000FF0B6FC84F31188BFF36F8F03231846B1
:10CA900002DF042095F8202095F82110FFF734F9E3
:10CAA000E379FFDE2C6105007058050098570500FA
:10CAB000844000206C59050092F81FC002F11C034D
:10CAC000BCF1110F0AD8DFE80CF0240909090909A3
:10CAD000092109090909090909091E1B00B52422B0
:10CAE00083B080F8602101910090FEF7ABFE0199C0
:10CAF000009B0A7A092A0FD000238B7203B000BD75
:10CB00000322FFF7B9BE0122FFF7B6BE0422FFF7EA
:10CB1000B3BE0222FFF7B0BE93F94320002A06DB22
:10CB2000084A10688342E7D100231360E4E71846FF
:10CB300001910093FDF700FEDDE900310028EFD000
:10CB4000DAE700BF8440002013460022FFF794BEBE
:10CB500092F81FC002F11C03BCF1000F1DD0BCF104
:10CB60000F0F17D010B582B00191242180F8601109
:10CB7000009000F005FC019B009A197A092905D163
:10CB800007490868824204BF00220A6000229A72A4
:10CB900002B010BD0122FFF71BBD0222FFF718BD36
:10CBA0008440002013460022FFF712BD0023032219
:10CBB000FFF70EBD00230422FFF70ABD10B592F85F
:10CBC0001FC0BCF1010F82B00C4608D0242280F8AF
:10CBD000602100F0D5FB0022A27202B010BD897A5C
:10CBE000012912D011F0FD0FF7D0184A1849194841
:10CBF00040F227130FF0FCFB002383F31188BFF3EF
:10CC00006F8F0323184602DFE7E702F11C01009053
:10CC10002046FFF78FF9009B228C01931846009263
:10CC2000FBF7F2FE009A019B121A47F6FE7192B2D0
:10CC30008A4202D80222A272CFE7282283F860211A
:10CC4000184600F09DFB0022A272C6E7986105001D
:10CC500070580500985705008A7A012A1ED010B531
:10CC6000022A82B0044604D0CAB901228A7202B0F4
:10CC700010BD0191FBF7C8FE019B1A8C801A0204BB
:10CC8000F5D403F122012046FBF7CCFE204600F04C
:10CC900077FB019B00229A7202B010BD7047084AD0
:10CCA0000849094840F227130FF0A2FB002383F341
:10CCB0001188BFF36F8F0323184602DF02B010BD47
:10CCC00098610500705805009857050038B5D0F8F0
:10CCD00008318B4204460D4623D01C4A1C491D488E
:10CCE00078230FF085FB002383F31188BFF36F8F48
:10CCF0000323184602DFAB6913B11B792D2B15D026
:10CD0000D4F8083143B1D4F80C111A68C4F80821DA
:10CD1000994208BFC4F80C212846BDE83840FDF709
:10CD20005FB98B69002BE8D10B46ECE7074A0A494B
:10CD300008487D230FF05CFB002383F31188BFF3C9
:10CD40006F8F0323184602DFDAE700BFE0610500BA
:10CD5000C060050098570500D460050038B5D0F8CC
:10CD60000841237A013B05460B2B28D8DFE803F066
:10CD70000606060618181D13130622060022214671
:10CD8000FEF70EFBA37B2BB121462846BDE83840B9
:10CD9000FFF79CBF38BD00222146FFF703FFF1E7F4
:10CDA00000222146FCF762FAECE700222146FCF75C
:10CDB000F5FFE7E700222146FFF74EFFE2E7084ACA
:10CDC000084909484FF4E7730FF012FB002383F37F
:10CDD0001188BFF36F8F0323184602DFD2E700BF2D
:10CDE000E0610500705805009857050070B5D0F84F
:10CDF000085104461DB394F81431012B03D10223CA
:10CE000084F8103170BD29462046FDF70DF9002841
:10CE1000F5D029462046FDF70FF90646F0B1311D41
:10CE20002846FEF7E9FDF3796B7331462046FDF79E
:10CE300019F901220023AA7384F8103170BD0F4A3A
:10CE40000F49104840F216230FF0D2FA85F31188EB
:10CE5000BFF36F8F0323184602DFCCE7074A0A4966
:10CE600008484FF4EF730FF0C3FA86F31188BFF34D
:10CE70006F8F0323184602DFD1E700BFE061050092
:10CE8000AC600500985705006C590500F8B5D0F85E
:10CE900008510446002D36D094F81431012B03D1EB
:10CEA000012384F81031F8BD29462046FDF7BCF86F
:10CEB0000028F5D029462046FDF7BEF80646002892
:10CEC0003ED02046FEF720FB2A7A037A934206F1F1
:10CED000040727D0082B27D02A2194F830311BB122
:10CEE000D4F840315B0724D43846FEF701FFF379CC
:10CEF0006B7331462046FDF7B5F801220023AA7373
:10CF000084F81031F8BD164A1649174840F2062336
:10CF10000FF06EFA85F31188BFF36F8F0323184665
:10CF200002DFB9E72321D8E7092A0CBF23212A21F0
:10CF3000D3E70A46384694F81711FEF7E5FED6E720
:10CF4000074A0A4908484FF4EF730FF051FA86F385
:10CF50001188BFF36F8F0323184602DFB1E700BFCC
:10CF6000E0610500AC600500985705006C590500AC
:10CF700080F81611704700BF704700BF002070474F
:10CF800090F81501003818BF01207047D0F808014B
:10CF9000704700BF90F81401A0F10100B0FA80F0D2
:10CFA00040097047B0F81831A0F81231704700BF3F
:10CFB0000023A0F81231704738B5D0F80841F4B119
:10CFC000D0F80C212368C0F80831944208BFC0F89B
:10CFD0000C3105469CB121462846FDF7B5F82046A0
:10CFE000FCF7FEFFD5F808414CB1D5F80C212368B9
:10CFF000C5F808319442EED1C5F80C31EBE738BDE5
:10D0000030B5022983B0044613D0042909D0012980
:10D010000DD1D0F8083153B103B0BDE83040FFF76F
:10D020009DBE0191FFF7C8FF019984F8101103B06C
:10D0300030BDD0F808311A461D46002380F815315E
:10D0400042B100230122A4F81231AA7384F81031EE
:10D0500003B030BD074A0849084840F229230FF0C1
:10D06000C7F985F31188BFF36F8F0323184602DFDA
:10D07000E7E700BFE0610500AC60050098570500D8
:10D08000F8B590F8103104460D461646052B00F20F
:10D090009880DFE803F00E1607030B03BDE8F840A5
:10D0A000FFF7AEBFBDE8F840FFF7A0BE03290CD0E4
:10D0B000F8BD71B10429FBD1FFF77EFF84F8105150
:10D0C000F8BDBDE8F840FFF7E1BE002380F810315D
:10D0D000F8BDD0F808311F46002BE9D01B7A112B80
:10D0E00018D8404A012000FA03F10A400ABB11F4A3
:10D0F000386F0FD00A2B28D0FBB194F816315BBBE8
:10D10000054684F815512046FFF728FE032384F8CE
:10D110001031F8BD344A354935486B230FF068F9B2
:10D12000002383F31188BFF36F8F0323184602DFB8
:10D130003B7A0A2B09D0002BE3D1F37F87F84C30E0
:10D140002046BDE8F840FFF751BE2046FFF706FE37
:10D15000052384F81031F8BD94F94320002A10DB30
:10D16000012B20D0022BA3D12046FEF7CDF93B7A2C
:10D17000027A9A4221D0082A1DD02A2384F86031ED
:10D18000F8BD012BEED12046FEF7BEF908B1FF2312
:10D19000C372012384F815312046FFF7DFFD032316
:10D1A00084F81031F8BDF37F84F817312046BDE8CC
:10D1B000F840FFF76BBE092BDFD1232384F86031E1
:10D1C000F8BD094A09490A484FF443730FF010F9B2
:10D1D000002383F31188BFF36F8F0323184602DF08
:10D1E000F8BD00BF7FF40300E06105007058050042
:10D1F0009857050038B50C4689690546207AF9B17B
:10D200000C285DD8DFE800F00E070707073E3E4C0C
:10D2100045450753070021461A462846FEF7B6F84B
:10D22000A16921B10B792D2B1CBF0023A361A37B26
:10D230002BB121462846BDE83840FFF747BD38BD31
:10D24000A36122610C283BD801A252F820F000BF54
:10D25000BDD2030017D2030017D2030017D2030078
:10D2600017D2030085D2030085D20300A1D20300A8
:10D2700093D2030093D2030017D20300AFD203006E
:10D2800017D2030021461A462846FBF7BFFFA169C3
:10D29000C7E721461A462846FFF75AFCA169C0E7AE
:10D2A00021461A462846FCF75BFDA169B9E72146ED
:10D2B0001A462846FFF782FCA169B2E71946B0E793
:10D2C000084A094909484FF4A1730FF091F8002367
:10D2D00083F31188BFF36F8F0323184602DFA16920
:10D2E0009FE700BFE06105007058050098570500F2
:10D2F00010B591F808C0BCF1070F82B00B46044688
:10D3000014D0BCF10C0F0CD09A7B0021596132B1C2
:10D310001946204602B0BDE81040FFF7D7BC02B066
:10D3200010BD0191FEF738F8019BEDE70191FCF784
:10D3300039FD019BE8E700BF10B50A7A072A82B0E1
:10D340000B4604460AD09A7B32B11946204602B0F9
:10D35000BDE81040FFF7BABC02B010BD0191FCF768
:10D3600025FD019BEFE700BF0422002380F8102178
:10D37000A0F81231704700BF00220121FFF780BEE4
:10D3800000220221FFF77CBE00220321FFF778BEB6
:10D3900000220421FFF774BE70B5044682B00E4629
:10D3A000154683B1D27F1B2A34D8DFF898E090F875
:10D3B00043100EEB4203C90993F801C001238B40CF
:10D3C00013EA0C032BD11846FCF7EAFE0346F8B12A
:10D3D00000220260D4F80C21F2B11060C4F80C01F4
:10D3E0002A46002120460193FFF74AFE019B9A7BC3
:10D3F0001AB119462046FFF769FCD4F8081139B173
:10D400002B463246204602B0BDE87040FFF7F2BE20
:10D4100002B070BD0023D6E7C4E94200E0E71EF881
:10D4200012300A2BCFD10193FFF7C6FD0022A4F8DA
:10D43000122184F8152184F810212046FEF7ACFA59
:10D44000019BC0E7E469050000B583B00190FFF7D8
:10D45000B3FD01980023A0F8123180F8153180F84F
:10D46000103103B000BD00BF10B50C4630B994F8C0
:10D47000843123F0010384F8843110BD0A4A0B493A
:10D480000B4840F2A2230EF0B3FF002383F3118870
:10D49000BFF36F8F0323184602DF94F8843123F023
:10D4A000010384F8843110BD286205007062050014
:10D4B0009857050000B9704708B5084A0849094857
:10D4C00040F29A230EF094FF002383F31188BFF3F8
:10D4D0006F8F0323184602DF08BD00BF28620500D6
:10D4E000145D050098570500012800D0704700B56D
:10D4F00083B00191F7F78CFF019988420ED0084A5A
:10D500000849094840F292230EF072FF002383F38A
:10D510001188BFF36F8F0323184602DF03B000BDED
:10D520002862050084620500985705002DE9F8433C
:10D53000099C9DF82070258E4FF6FF718D4227D0F3
:10D5400006460146204699469046FBF70DF8F8B985
:10D5500025780135EDB2257065B31E4B04F11C0131
:10D56000D9601D49A3F8089000228B60C3E90068C8
:10D570009F7201200B461146F5F7EEFB50B9FF20D4
:10D58000FBF726F82046FF21BDE8F843FBF7DAB8A1
:10D59000BDE8F883114A124912484FF413730EF094
:10D5A00027FF002383F31188BFF36F8F03231846EF
:10D5B00002DFE4E7094A0C490A4840F23F230EF033
:10D5C00017FF85F31188BFF36F8F0323184602DF1F
:10D5D000C3E700BF982700206413002028620500DD
:10D5E0004C58050098570500405C0500438F4BB12F
:10D5F00010B590F8843113F0010288B0144602D0BF
:10D6000008B010BD7047DFF858C043F0010380F840
:10D610008431CA1C0123CDE902430690CDE9044CB4
:10D62000CDE900442346D2B203212046F6F7C6FED8
:10D6300010F0FD0FE4D0074A0749084840F20523DF
:10D640000EF0D6FE84F31188BFF36F8F03231846C4
:10D6500002DFD5E728620500805D050098570500C8
:10D6600069D4030010B582B014460191FAF74CFC5E
:10D6700060B1019921B102B0BDE81040FCF790BF44
:10D68000214602B0BDE81040FCF760BF022002B0A6
:10D6900010BD00BF38B50D461446FAF735FC58B139
:10D6A00090F94330002B05DA22462946BDE8384080
:10D6B000FCF77ABE0C2038BD022038BD054B064A67
:10D6C0004FF0FF3C1F202521C3F800C018711170D6
:10D6D000704700BF70430020035E002010B504783F
:10D6E00002FB01111F4A214482FB012C8C444FEAAA
:10D6F0006C1C9E460CEBCC030CEB830CA1EB0C0CCE
:10D700005FFA8CF2D30802701EF803109DF80840EF
:10D710000CF0070C41FA0CF111F001011FD1B2FB22
:10D72000F4F004FB1020C0B20EF1FF330EF104043C
:10D730000A4602F1080E13F8011F5FFA8EFE11F07F
:10D74000010F02F1010C4FEA510102D038B101384A
:10D75000C0B25FFA8CF27245F1D19C42E9D1104619
:10D7600010BD00BFA7C867DD4288008850407047E1
:10D77000F0B52F4CDFF8C0E048404FF0030C060A2C
:10D78000C5B205EB852506EB86200EEA401704EAB4
:10D79000400604EA45000EEA45153E43284306EBE1
:10D7A000062700EB002506EB072600EB0520360CCC
:10D7B000C0F3074040EA062000EB00100CF1FF3CEC
:10D7C00008441CF0FF0C80B2D9D141401948A0FB9D
:10D7D00001400C1A00EB5400400900EBC00400EBC0
:10D7E0008400081AC0F3C40400F00705145D2C413E
:10D7F000E407C0B21AD401FB03F3561EC3F3074378
:10D800000432604600F1080516F8011FEDB211F070
:10D81000010F00F101044FEA510102D033B1013B85
:10D82000DBB2E0B2A842F2D19642EBD1F0BD00BF2C
:10D83000102102004D91CFBA408408001A491B48BC
:10D840002DE9F0410023451EA1F1020C012606E05E
:10D850000133082B01F1060100F1280022D003EB6F
:10D86000830215F83220D407F2D59CF800409CF8CA
:10D8700001E0D0F80080C2F3801206FA03F79A4064
:10D8800001333C434EEA020287888F80082B8CF8D4
:10D8900000408CF8012001F1060141F8068C00F1EE
:10D8A0002800DCD1BDE8F0817E430020E127002084
:10D8B0002048214A2DE9F047204FDFF884800023DB
:10D8C000951EA0F1020C012615F83310C90706FABF
:10D8D00003F926D5397859B112F8011C072901EB53
:10D8E000810405D818F834104C0701D5C90618D59D
:10D8F00015F833109CF801E09CF80040D2F800A025
:10D90000C1F3400199404EEA010144EA0904B2F82A
:10D9100004E08CF800408CF80110A0F804E0C0F896
:10D9200000A00133082B00F1060002F10802CBD160
:10D93000BDE8F087AA4400206A440020055E00206C
:10D94000E02700200820704708B50020F9F79CFF69
:10D95000E0B9DFF83CC0DFF83CE00CF1FF321CF826
:10D960003030072B03EB830105D81EF8313023F04C
:10D9700020030EF8313012F8303023F0010302F8A2
:10D98000303001300828EAD1002008BD0C2008BD45
:10D9900069440020E02700202DE9F04F804683B045
:10D9A0000020F9F771FF002840F09E8098F800A051
:10D9B000BAF1FF0F044642D04E4E08F1010BFF278B
:10D9C0000346B51E0AF0010915F83320D2071CD40E
:10D9D000FF2F11D1072B03F1010237D015F83210B8
:10D9E000C907DFB22FD40233082B19D015F8332022
:10D9F000D20706F1100608D419460133082B26D0A9
:10DA000015F83320D00763D5083615F83320C2F354
:10DA100040024A450AD00133082B06F10806D3D14B
:10DA2000072F14D9072003B0BDE8F08F062259460E
:10DA30003046019316F0A4FA019B0028EBD1002098
:10DA400003B0BDE8F08F08361346DEE7072715F868
:10DA50003730294E6AF3410305F837304FEAC70AD9
:10DA60000AF10203D8F80120EA502B44BBF8042045
:10DA70009A8098F8003006F1FF3903F0010304E0C2
:10DA80000134082C06F1280632D004EB840819F87A
:10DA90003820C2F38011D207F2D59942F0D1062284
:10DAA00059463046019316F06BFA019B0028E7D1E6
:10DAB00019F8383043F0200309F8383015F83730BA
:10DAC000AA4443F0010305F837308AF80140B6E76D
:10DAD000062901F1020306F11006A1D015F8332042
:10DAE000D007194691D488E70C2003B0BDE8F08F29
:10DAF000FF24E3E76A440020E1270020F0B5054653
:10DB000083B00020F9F7C0FE002839D12E78FF2E0F
:10DB100031D01D4C6F1C0346A51E06F0010604E023
:10DB20000133082B04F1080427D015F83320C2F381
:10DB30004001D207F4D5B142F2D10622394620463F
:10DB4000019316F01DFA019B0028E9D105EBC302F1
:10DB50005278072A08D80D4902EB820211F83240A8
:10DB600060F3451401F8324015F8332022F0010229
:10DB700005F83320002003B0F0BD022003B0F0BD53
:10DB80000C2003B0F0BD00BF6A440020E027002055
:10DB900007282DE9F04104460F46164618D81C4DBB
:10DBA00004EB840315F8333013F0010398461FD0BB
:10DBB00004EB8404E30015F834200133C2F380122F
:10DBC0003A70EA5832601D44AB88B380BDE8F081FA
:10DBD000104A114911484FF48C730EF009FC0023D0
:10DBE00083F31188BFF36F8F0323184602DFD6E754
:10DBF000084A0B49094840F219130EF0F9FB88F363
:10DC00001188BFF36F8F0323184602DFD0E700BFF0
:10DC1000E0270020B4620500F8620500985705006F
:10DC2000046305000820704708B50020F9F720FEBE
:10DC300098BB1B4BDFF86CC0197893F828208CF840
:10DC4000000060F3000160F30002197083F82820DF
:10DC500093F8501093F8782060F3000160F300020D
:10DC600083F8501083F8782093F8A01093F8C82018
:10DC700060F3000160F3000283F8A01083F8C8206D
:10DC800093F8F01093F8182160F3000160F300029C
:10DC900083F8F01083F8182108BD0C2008BD00BFE0
:10DCA000E0270020045E00202DE9F04F85B0834678
:10DCB00001900020F9F7DCFD002859D14D4F1BF8E9
:10DCC000012B0446CDE9022707F1010802F0010A01
:10DCD00004E00134082C08F1280845D004EB840541
:10DCE00017F8359019F0010FC9F38012F1D05245A1
:10DCF000EFD106225946404616F042F90028E8D1F5
:10DD000019F0040FDDE9022C07EBC5034FEA840983
:10DD1000064631D1384D02F0010AA5F1020804E0AF
:10DD20000136082E05F1080513D018F83630C3F374
:10DD30004002DB07F4D55245F2D106225946284667
:10DD400016F01EF90028EBD108EBC608FF2388F86F
:10DD500001304C44002017F8343023F0010307F859
:10DD6000343005B0BDE8F08F022005B0BDE8F08F7B
:10DD70000C2005B0BDE8F08FDFF888A09AF80010FD
:10DD80004D1E0239E8B20629029003D893F8178095
:10DD9000804503D1029B8AF80030BBE7174A02EBAB
:10DDA000001302EB08150FCB85E80F00029DB64665
:10DDB0000EEB8E0307EBC30217F83330D80705D5F7
:10DDC000590703D59CF81730AB420AD00EF1010E6B
:10DDD000BEF1080F0CF1280CEAD1019B02951A78CC
:10DDE000D8E7019B82F817801A78054B029503F853
:10DDF00008E0CFE7E02700206A440020E843002045
:10DE0000E0430020045E002093F805C00CF0C00C35
:10DE1000BCF1400F00D07047F0B51F4683B001B38E
:10DE2000194C002300F00106651E04E00133082BA5
:10DE300004F128041FD003EB830215F83220D00729
:10DE4000C2F3801CF2D5B445F0D1062220460193DE
:10DE5000009116F095F8DDE900130028E6D1DAB25A
:10DE600002E0072A07D8094D02EB8202D30015F819
:10DE70003220D20701D403B0F0BD18333868E8501F
:10DE80002B44BA889A80F6E7E1270020E02700209B
:10DE90002DE9F04781461C4D19F8018B82B08A4666
:10DEA000002408F001086E1E04E00134082C05F17E
:10DEB00028051AD004EB8403DF0016F83330C3F3CF
:10DEC0008012DB07F1D54245EFD1062249462846AC
:10DED00016F056F80028E8D11837F41901900621F9
:10DEE0002046F4F7A5FE019B18B9022002B0BDE858
:10DEF000F087F059CAF80000A288AAF80420184652
:10DF000002B0BDE8F08700BFE12700202DE9F0470F
:10DF10008146164D19F8018B8A46002408F0010845
:10DF20006E1E04E00134082C05F128051BD004EB1B
:10DF3000840306EBC30716F83330C3F38012DB0704
:10DF4000F0D54245EED106224946284616F018F88B
:10DF50000028E7D17B6A1A68CAF800209B88AAF8D3
:10DF60000430BDE8F0870220BDE8F087E1270020FB
:10DF700010B504460020F9F77BFC40B91CB1012C18
:10DF800001D0122010BD034B1C70002010BD0C20CE
:10DF900010BD00BF055E0020034B4FF47A7202FBF8
:10DFA00000F01860704700BF784300202DE9F04171
:10DFB000044682B000208846F9F75AFC002835D183
:10DFC0002146224F11F8016B034606F001067D1E23
:10DFD00004E00133082B07F1280723D003EB830467
:10DFE00015F83420C2F3801CD207F2D5B445F0D125
:10DFF000062238460193009115F0C2FFDDE90013B7
:10E000000028E6D1B8F1000F18D0B8F1010F11D1F6
:10E0100015F8343043F0100305F83430002002B016
:10E02000BDE8F081022002B0BDE8F0810C2002B012
:10E03000BDE8F081122002B0BDE8F08115F834305F
:10E0400068F3041305F83430E8E700BFE127002047
:10E0500008B9024870470248704700BF7C4300205F
:10E06000A8440020A8B110B50B4B1B684FF4004228
:10E0700040F2E7300021E3FB02014FF47A72002303
:10E08000E9F73EF8BDE8104002460B4603480BF0A6
:10E09000EBB9024815F060BB78430020A8270020A8
:10E0A00008B5094B00221A8030B9084B084A1B7882
:10E0B000002111801BB908BDFFF7FAFBF5E7BDE8A9
:10E0C0000840FFF7BBBB00BFA8440020055E00204E
:10E0D0007C4300202DE9F04F054687B015F0B4FCD5
:10E0E0004A0143011B1A42EAD06262EB010292002C
:10E0F00042EA93729B001B1841EB0201CA0042EAFC
:10E100005372D00BC3F3103343EA42430190ADB9CD
:10E11000604AD2E90012B2F1FF3F08BFB1F1FF3F00
:10E120000CD0591A60EB02025B480068814272F120
:10E130000002ACBF4FF00109A94601E04FF0010910
:10E14000AB46564F564DDFF86C8100249A4604EBDF
:10E150008403A60017F83330DA0715D5B9F1000F9C
:10E1600001D1980710D4331917F8333059075BD40D
:10E17000331917F833301A0749D4264417F83630C4
:10E1800043F0020307F836300134082C05F1060588
:10E1900008F12808DBD1B9F1000F04D03D4A019BFA
:10E1A000C2F800A05360BBF1000F08D00020F9F7BF
:10E1B00053FB044618B194F86A305B0702D407B0E9
:10E1C000BDE8F08F94F82630072BF8D8FF238DF8A0
:10E1D000083094F8293004EB830302A9DD6A04F1C6
:10E1E000280001F01BFC6A782946023215F0FBFC7E
:10E1F0000028E4D001462046F9F756FB9DF8083088
:10E20000FF2BDCD084F8293007B0BDE8F08F02A9DD
:10E2100040460FF0BAFC68BBBDF80C300298AB80EA
:10E22000C8F81D502860A8E798F810301D4A0DF175
:10E23000170002EB03120DF1070312F8011903F89E
:10E24000011F8342F9D108F1170102A80FF09DFCCC
:10E2500000288DD0144A1549154840F2F3230EF0DA
:10E26000C7F8002383F31188BFF36F8F0323184689
:10E2700002DF7DE70C4A0D490D4840F201330EF0F4
:10E28000B7F8002383F31188BFF36F8F0323184679
:10E2900002DFC1E7D827002078430020E0270020D4
:10E2A000B0430020F7430020B46205004C5805003D
:10E2B00098570500E727002010B50120FFF70AFF57
:10E2C0000A4B1B684FF4004240F2E7300021E3FBA9
:10E2D00002014FF47A720023E8F712FFBDE8104004
:10E2E00002460B4602480BF0BFB800BF784300203F
:10E2F000A8270020072816D838B5134A00EB80035A
:10E3000012F833301A070BD5C3F340059B070446B8
:10E310000BD50D4B04EB840003EBC003586A38BDEA
:10E32000C3F3C00038BD00207047084A08490948B7
:10E330004FF44A730EF05CF885F31188BFF36F8FCA
:10E340000323184602DFE4E7E0270020B46205005B
:10E35000186305009857050007280CD800EB8000CB
:10E36000064A12F8301049074FEAC00303D503F1FB
:10E370001E00104470470020704700BFE0270020B7
:10E380002DE9F04790468A460AB1FF231370364DB7
:10E39000002400F001096E1E04EB8403E7B216F8B6
:10E3A0003320D207234614D4B8F1000F22D098F8B6
:10E3B0000020FF2A04F1010443D0082C04EB84015F
:10E3C00005F12805E7B2234610D016F83110C90729
:10E3D000EFD503EB830316F83330C3F380134B45BB
:10E3E00027D00134082C05F12805D5D1FF27384660
:10E3F000BDE8F087631C072C03EB830204F10204E1
:10E40000F4D016F83220D00704EB840128D4082C6D
:10E4100005F150052346E9D016F83120D207E9D599
:10E4200003EB8303E7B216F83330C3F380134B4595
:10E43000D7D106225146284615F0A2FD0028D0D19A
:10E44000D5E7082C88F8007005F12805E7B2CDD093
:10E4500004EB840316F83320D0072346B9D4A6E78B
:10E460002835DFB21C46B4E7E12700202DE9F04F44
:10E4700085B0804600208B4692460092F9F7F8F965
:10E48000002874D14746044617F8010B0DF10F021E
:10E490003946FFF775FF072840F2B7809DF80F60F7
:10E4A000072E79D806EB86034FEAC309594DD8F8F1
:10E4B000011009F1010205EB0903A9502A44B988AA
:10E4C000918098F8001015F80920019361F38612E5
:10E4D0005846102105F80920F4F7AAFB15F8092081
:10E4E000102160F38202504605F80920F4F7A0FBE2
:10E4F00015F8092000F0010060F3C302530705F886
:10E5000009204DD4002866D109F118030022EA50F1
:10E510002B44DFF80C919A8006EB860315F8332024
:10E5200022F0120205F8332098F80030A9F1020811
:10E5300003F0010A04E00134082C09F108091AD09B
:10E5400018F83430C3F3400213F00103F3D05245FE
:10E55000F1D1062239464846009315F011FD009B83
:10E560000028E8D108EBC40888F8016004E00C201A
:10E5700005B0BDE8F08F002306EB86065B0115F8B9
:10E58000362043F0010322F021021343002005F856
:10E59000363005B0BDE8F08F072005B0BDE8F08F3C
:10E5A0001D4BDFF880C01A7805EB09010CF80260FA
:10E5B000CA751A4901EB021101321A7001390BF1C7
:10E5C0000F020BF1FF3C12F801E901F801EF62457F
:10E5D000F9D1002898D0009B09F10700291806EB13
:10E5E0008602D3F804A0D3F808E0D3F80CC005EBFA
:10E5F000C20B1A682A50C1F804A0C1F808E0C1F89B
:10E600000CC00021CBF824107EE7122005B0BDE835
:10E61000F08F00BFE0270020045E0020E8430020C8
:10E620006A440020E0430020072807D8044B00EB91
:10E63000800013F83000C0F3C0007047002070471E
:10E64000E0270020024B1B7803700248704700BF90
:10E65000045E0020E843002038B5234B1B7883423A
:10E6600004460ED9214B1C5D072C1DD8204B04EB12
:10E67000840213F8323013F001031D4624D02046E3
:10E6800038BD1C4A1C491D4840F287330DF0B0FECE
:10E69000002383F31188BFF36F8F0323184602DF33
:10E6A000124B1C5D072CE1D9124A1549134840F260
:10E6B00089330DF09DFE002383F31188BFF36F8F24
:10E6C0000323184602DFD1E70A4A0E490B4840F2FD
:10E6D0008A330DF08DFE85F31188BFF36F8F03230E
:10E6E000184602DF204638BD045E0020E0430020CB
:10E6F000E0270020B4620500A864050098570500D3
:10E70000C86405009C640500072826D870B500EB96
:10E710008003134D15F8333013F0010304461E46F1
:10E7200006D004EB840415F83400C0F3401070BD2B
:10E730000C4A0D490D4840F295330DF059FE86F311
:10E740001188BFF36F8F0323184602DF04EB8404A4
:10E7500015F83400C0F3401070BD0020704700BFB2
:10E76000E0270020B4620500046305009857050007
:10E770001378FF2B1BD12DE9F0471446184A0546A4
:10E7800089469646002303EB830C990012F83CC09F
:10E790001CF0010003D0CCF3801CAC4509D0013340
:10E7A000082B0EF1280EEED10120BDE8F0870120E4
:10E7B00070470EF1060709F1FF36F446BA461CF819
:10E7C000018F16F8017FB845E9D1D445F7D1194436
:10E7D000237012F831305A07E7D5C3F30010E4E78D
:10E7E000E0270020024B1878003818BF012070473E
:10E7F000055E002000F0BEBB08B5002303F04AF818
:10E80000002008BD10B584B0079BD3E900209047D5
:10E81000012812D004460DF10F010DF10E00F6F79C
:10E82000A1FD0021064B00919DF80F209DF80E00E0
:10E830000121F5F7DFFD034BDC6004B010BD00BF24
:10E8400049E80300F444002000B585B00DF10F0144
:10E850000DF10E00F6F786FD9DF80F20054B9DF893
:10E860000E00002101320091D2B20221F5F7C2FD63
:10E8700005B000BD19E9030070B58EB006460D461F
:10E880000DF136000DF137011C460B92F6F76AFDCB
:10E890009DF837100B9A0694013100240592CDE9BA
:10E8A0000744CAB2CDE90344CDE901449DF83600DE
:10E8B000009533460121F5F703FD10F0FD0F0AD056
:10E8C00006480094064BC4609DF837209DF836003A
:10E8D0000121F5F78FFD0EB070BD00BFF44400209C
:10E8E00049E80300019B024A3121FFF7C5BF00BF81
:10E8F000F5E8030000B583B0059BCDE90003F6F70A
:10E9000037FD019B034A0098062103B05DF804EB34
:10E91000FFF7B2BF05E8030001480AF033BB00BFB0
:10E92000DC44002008B501220021024814F044FE16
:10E93000002008BDDC440020024BA0F2A462C3E921
:10E9400000207047F44400200020F5F799BC00BF78
:10E9500008B5F5F7D5FD014B986008BDF4440020DB
:10E96000684620F007018D4601B502F02FF9EDF75A
:10E97000EFFCBDE801408546704700BF08B50A4B73
:10E98000D3F840213AB90120F4F74CFABDE8084029
:10E990000220F4F747BA0020C3F84001D3F8403111
:10E9A000F5F77AFCEFE700BF00B000400020F4F775
:10E9B00039BA00BF70B508BB214B224C1A782178B8
:10E9C0009142D3B20FD0204A2049214840F234432B
:10E9D0000DF00EFD002383F31188BFF36F8F032327
:10E9E000184602DF23781B4E1B4D3278013323700B
:10E9F0002B78934212D033782B7070BD124A17498E
:10EA0000134840F22F430DF0F3FC002383F31188E9
:10EA1000BFF36F8F0323184602DFCDE70A4A104980
:10EA20000B4840F23A430DF0E3FC002383F31188D6
:10EA3000BFF36F8F0323184602DF33782B7070BD4E
:10EA4000065E0020075E0020D06405001865050002
:10EA5000985705000B5E00200A5E0020145D05003B
:10EA60003465050070B51A4D1A4C2B7822789A42FD
:10EA700006460BD02B782370174D184C1EB92B78F7
:10EA800022789A4212D02B78237070BD144A15490F
:10EA9000154840F21B430DF0ABFC002383F31188B3
:10EAA000BFF36F8F0323184602DFE3E70C4A0F49D9
:10EAB0000D4840F226430DF09BFC86F31188BFF30E
:10EAC0006F8F0323184602DF2B78237070BD00BFC1
:10EAD000095E0020085E0020065E0020075E002020
:10EAE000D06405005C650500985705008465050045
:10EAF00002F07AB938B5194C194D237829788B4230
:10EB00001AD0184B059821700022986011460120F8
:10EB1000F4F722F900B938BD134A1449144840F2F9
:10EB2000B3430DF065FC002383F31188BFF36F8FAF
:10EB30000323184602DF38BD0B4A0E490C4840F249
:10EB4000AD430DF055FC002383F31188BFF36F8FA5
:10EB50000323184602DF2978D3E700BF065E0020B2
:10EB6000075E002074130020D06405007059050072
:10EB700098570500A06505002DE9F04F484A494E19
:10EB8000127833789A428BB0884605D1464B474A73
:10EB90001B7812789A4270D0D8F80C30D8F80070F0
:10EBA0001B68DFF82C91DC68D3E9012191422CBF6E
:10EBB000C4EB0104C4EB02043D1925F07F45D9F8EC
:10EBC00000102846F5F79EFC10F4000002D10BB0AF
:10EBD000BDE8F08F364A374B11781A78914231D11F
:10EBE000314A32491278097891422BD01A78013291
:10EBF0001A7000220023009311462F4B1046F5F7A0
:10EC0000F9FB10F0FD0F1DD02C4A2D492D4840F284
:10EC10009F430DF0EDFB4FF0000A8AF31188BFF31C
:10EC20006F8F4FF0030B584602DF244A24492548D2
:10EC300040F267430DF0DCFB8AF31188BFF36F8F5E
:10EC4000584602DFD8F80C30C9F8005006931E4B26
:10EC50000022CDE907321D4BCDE90222CDE9042384
:10EC6000CDE90042347801343B46114610463470F9
:10EC7000F5F726FB0BB0BDE8F08FC36807681A688C
:10EC8000DFF84C90D468D2E9011088422CBFC4EB65
:10EC90000004C4EB01043D1925F07F45D4E700BF13
:10ECA0000A5E00200B5E0020065E0020075E00204A
:10ECB000085E0020095E002065EA0300D0640500BC
:10ECC000545B050098570500B5E90300F5EA030019
:10ECD0000C450020804A9368002B7DD02DE9F04F31
:10ECE000136889B082467BB14FF0FF338DF80A304C
:10ECF00003E0067F16F0030609D00DF10A00F6F7CF
:10ED0000E1FC05460028F4D109B0BDE8F08FC368E6
:10ED1000534575D00768B146B04602E0037F9907B6
:10ED200021D00DF10A00F6F7CDFC04460028F5D1FC
:10ED3000804514BF414629460846FFF71DFF30F0C5
:10ED40000203E1D0654A6649664840F2FA430DF095
:10ED50004FFB84F31188BFF36F8F0323184602DF44
:10ED600009B0BDE8F08FC368B9F1000F0ED053456C
:10ED700027D0D4F800B039465846F5F7C3FB00F465
:10ED8000000000281CBFA0465F46CAE79A4581469E
:10ED9000EFD12B7FE96843F002032B772846AB695C
:10EDA0009847FF238DF80A3003E0037F13F0030434
:10EDB00013D00DF10A00F6F785FC05460028F4D1C2
:10EDC000A2E72B7FE96843F002032B772846AB6963
:10EDD0009847A14588D1E4E77047C36853450FD0F1
:10EDE0003E4A41493F4840F21D530DF001FB84F378
:10EDF0001188BFF36F8F0323184602DFD5F80CA0EC
:10EE0000354A50465368116803AA984704460028BB
:10EE100040D010F1100F3FF477AF2F4A00209368D5
:10EE20001168984714F10B0F12D08C343FF46CAF7B
:10EE30002A4A2E492B4840F25A530DF0D9FA0023A2
:10EE400083F31188BFF36F8F0323184602DF5BE75C
:10EE50000224FF258DF80B500DF10B00F6F732FC64
:10EE600098B1037F9A07F7D40EB9DB07F4D41A4B95
:10EE70001968C3689942EFD1037F43F00203037717
:10EE8000836998478DF80B50E6E70126B4420AD013
:10EE90003446DFE72B7FAA69E96843F002032B774A
:10EEA0002846904730E70C4D039B286800940021CA
:10EEB000CDE9041106910790296004AAD5E9010162
:10EEC000F6F7BAFB044600287FF41EAF034A084950
:10EED00004484FF4AB633AE720290020D0640500D2
:10EEE000545B050098570500BC650500E865050002
:10EEF000E065050010B5154814F02FF910B3144B58
:10EF000000249C6000F058FB00281ADB0121084611
:10EF10002246EDF74BFC224602210B20EDF746FC82
:10EF2000224601211820EDF741FC0120EDF70EFCEF
:10EF30000B20EDF70BFC1820EDF708FC01F078FE34
:10EF4000204610BD6FF0120010BD00BFE445050063
:10EF50002029002008B500F03FFB002809DB012034
:10EF6000EDF702FC0B20EDF7FFFB1820EDF7FCFBA3
:10EF7000002008BD00B5054B8AB201469868D0F85C
:10EF800000E0184673465DF804EB1847E4450500B9
:10EF900000B5DFF828C0DCF80830D3F804E0BEF193
:10EFA000000F07D08AB2002301466046F4465DF8A0
:10EFB00004EB60476FF0850000BD00BFE44505002D
:10EFC00000B5DFF828C0DCF80830D3F804E0BEF163
:10EFD000000F07D08AB2002301466046F4465DF870
:10EFE00004EB60476FF0850000BD00BFE4450500FD
:10EFF0000020704770B5284B82B00446002832D0FC
:10F000001A68824229D0FF250DF107008DF80750BC
:10F01000F6F758FB034640B91DE0A1420CD00DF1B4
:10F020000700F6F74FFB0346A8B11A7F9207F6D404
:10F03000D9681846002CF0D11A7F9E6942F002026E
:10F040001A77B0470DF107008DF80750F6F73AFB35
:10F0500003460028E9D102B070BD9D6865B1014644
:10F060000020A847CFE79D68002DCCD01968002963
:10F07000C9D00020A847C6E7084A0949094840F214
:10F08000BF130DF0B5F985F31188BFF36F8F03231C
:10F09000184602DFB7E700BF20290020D064050032
:10F0A000F4650500985705000020704738B5044600
:10F0B000F6F7FAFA64B1054628B324680020F6F79B
:10F0C0001BFB2046F6F7CAFB044660B1002038BDA2
:10F0D0001C4B9C6834B31B4A146800239360136074
:10F0E000002CEAD1EAE7184A184919484FF40C7382
:10F0F0000DF07EF984F31188BFF36F8F0323184658
:10F1000002DF002038BD104A1249114840F2F913BD
:10F110000DF06EF985F31188BFF36F8F0323184646
:10F1200002DFCAE7084A0C4909484FF4FF730DF0A3
:10F130005FF984F31188BFF36F8F0323184602DF52
:10F14000C9E700BF20290020D06405002066050023
:10F1500098570500FC6505000C660500D0E90132F2
:10F16000002A04DB9A4238BF1A4610467047C0682E
:10F17000984238BF1846704700B583B00192F5F742
:10F18000BFF90199F5F7BEF9030205D40330092848
:10F1900098BF002003B000BD002003B000BD00BF39
:10F1A000262810B5044613D0272809D0252817D1C2
:10F1B000022001F08DFD2046BDE8104001F08EBD1B
:10F1C000502001F085FD2046BDE8104001F086BDCD
:10F1D0001A2001F07DFD2046BDE8104001F07EBD03
:10F1E0000A2806D9272809D80330400001F070FD0D
:10F1F000E1E70230400001F06BFDDCE7074A084917
:10F20000084840F2A2230DF0F3F8002383F311889D
:10F21000BFF36F8F0323184602DFCCE7D0640500ED
:10F22000705805009857050001F0B6BD01F0BCBD4F
:10F2300008B501F0D9FDBDE8084001F047BF00BFA7
:10F2400008B501F0D1FD01F041FFBDE8084001F033
:10F25000E5BE00BF08B501F0C7FD01F037FF01F0C2
:10F260001BFF02F027F9BDE8084001F0D7BE00BF40
:10F2700008B50146184801F0B9FC01F0EBFD60B19A
:10F2800001F0BEFF01F00EFD00F0E8F900280EDBF2
:10F29000BDE808400020FFF709BF01F093FD01F031
:10F2A000AFFF01F0FFFC00F0D9F90028F0DA0B4ABB
:10F2B0000B490C4840F21E330DF09AF8002383F3FB
:10F2C0001188BFF36F8F0323184602DF0020BDE8CB
:10F2D0000840FFF7EBBE00BFF1EA0300D064050071
:10F2E000286605009857050000B583B0019001F02D
:10F2F0007BFD01F0EBFE01F0CFFE02F0DBF801F048
:10F300008DFE019803B05DF804EBFFF7B1BF00BFBD
:10F3100008B50146144801F069FC01F09BFD40B1BD
:10F3200000F09CF900280ADBBDE808400020FFF748
:10F33000BDBE01F047FD00F091F90028F4DA0B4A58
:10F340000B490C4840F22D330DF052F8002383F3A3
:10F350001188BFF36F8F0323184602DF0020BDE83A
:10F360000840FFF7A3BE00BFF1EA0300D064050028
:10F3700028660500985705002DE9F04F89B01F4613
:10F38000FF239DF84880049281468B468DF81F30FC
:10F3900002E0037F99073AD00DF11F00F6F792F9CA
:10F3A0000028F6D1674DAB680446002B7FD1FB687F
:10F3B0002B60C5E9019B049B38469847054603E04E
:10F3C000037F13F003030AD00DF11F00F6F77AF95B
:10F3D00001460028F4D1284609B0BDE8F08F1C464C
:10F3E000FFF7CAFB30F00203F5D0574A5749584897
:10F3F00040F2D2330CF0FCFF84F31188BFF36F8F1F
:10F400000323184602DF284609B0BDE8F08F0568DF
:10F410003E689DF81F300593044629463046F5F7AF
:10F4200071F8B8F1000F2BD0BC4214BF264600265D
:10F4300002E0027F93072BD00DF11F00F6F742F98F
:10F440000028F6D13F4D059B8DF81F30AB68002B8F
:10F450002ED16EBB002CAAD0B8F1000F4FD1BC4208
:10F46000A5D0394A3B493A4840F2B2330CF0C0FFCC
:10F4700088F31188BFF36F8F0323184602DF96E7E6
:10F480000202D1D5FF233546059344464646D3E7CD
:10F49000D0F800A0039029465046F5F733F8039BB7
:10F4A00000F4000000281CBF55461E46C4E706466F
:10F4B0005946049BCDF800803A464846F6F7BCF81A
:10F4C000014638B3B8F1000F16D1002E35D03046C2
:10F4D000FFF752FB30F002030ED01B4A1B491C48B9
:10F4E00040F28D330CF084FF002383F31188BFF3C7
:10F4F0006F8F0323184602DF6FF076056BE7049BDE
:10F50000CDF800803A4659464846F6F795F8064643
:10F510000028F1D10C4A10490D4840F27B330CF021
:10F5200067FF002181F31188BFF36F8F0323184613
:10F5300002DFB8F1000FC8D0DEE7B44214BF2646A0
:10F540000E46C4E720290020D0640500545B050066
:10F55000985705003C6605003466050001F110006F
:10F5600009F010BD70B50E468AB005460122002193
:10F5700004A814F021F80F4B0193002403236946DB
:10F580002846039402930DF029F8002810DB4FF46D
:10F59000004240F2E730E6FB020421464FF47A7263
:10F5A0000023E7F7ADFD02460B4604A809F024FD51
:10F5B0000AB070BD5DF5030010B5012004F00CF930
:10F5C0000449002301224B60CB608A60BDE81040F3
:10F5D0000DF004B81445002010B5012004F0FCF82B
:10F5E000044904460DF069F82046BDE810400DF0CE
:10F5F00040B800BF144500200C4B1A780AB1002017
:10F60000704710B50120187004F0E6F84FF4FA7155
:10F610000446FFF7A7FF38B920460DF02AF8022864
:10F620000CBF00206FF0040010BD00BF0C5E002076
:10F6300008B5094BBFF35B8F53E8002F511C43E81B
:10F6400000100028F8D1BFF35B8F002A01DC04F022
:10F65000CBF8002008BD00BF1045002008B50C4BBA
:10F660001A68002A10DDBFF35B8F53E8002F511E8C
:10F6700043E800100028F8D1BFF35B8F012A01DCBA
:10F6800004F0C8F8002008BD6FF0770008BD00BF87
:10F690001045002032207047014B33F810007047AE
:10F6A0001C6A050000B583B00190FFF7D3FD01F09F
:10F6B000E9FC019803B05DF804EBFFF7D9BD00BF8A
:10F6C00030B583B00546FFF7B3FD962001F00EFD7F
:10F6D000002318461A46194601F02EFC0120F5F7C2
:10F6E0004BFF0446002845D004F11C0001F048FB04
:10F6F00001F090FBE0B92748294601F077FAFFF7BF
:10F7000071F860BB01F0D0FD00210546084601F00C
:10F710004DFB00210446084601F044FB2B19CB3376
:10F72000181A01F079FD03B0BDE8304001F0AEBD1C
:10F73000194A1A491A4840F29C430CF059FE00231A
:10F7400083F31188BFF36F8F0323184602DF11483C
:10F75000294601F04BFAFFF745F80028D2D00DF109
:10F760000700FEF76FFF002201469DF8070001F039
:10F770005DFEC7E7084A0B4909484FF493630CF054
:10F7800037FE84F31188BFF36F8F0323184602DF1F
:10F79000AAE700BF75FE030070660500C466050099
:10F7A00098570500BC660500814208B50ED00B7A5B
:10F7B000DB0702D46FF08B0008BD134B1360FFF71B
:10F7C00037FF00280FDB6FF00A0008BD0B7B01EB51
:10F7D00083010B691B7803F00F03012B0CBF002082
:10F7E0006FF08B0008BD094A09490A4840F25143AD
:10F7F0000CF0FEFD002383F31188BFF36F8F03230A
:10F80000184602DFDFE700BF71FC030070660500E9
:10F81000286605009857050010B50446FFF71AFD45
:10F8200001F030FC2046FFF723FD0C4B00210122A4
:10F8300008469C60F3F790FA00B910BD084A0949E0
:10F84000094840F2B1530CF0D3FD002383F3118833
:10F85000BFF36F8F0323184602DF10BD841300200F
:10F8600070660500705905009857050010B5E8B19D
:10F870000C46FFF7F3FE002804DB2046BDE81040ED
:10F88000FFF714BC0D4A0E490E4840F277430CF0C6
:10F89000AFFD002383F31188BFF36F8F0323184656
:10F8A00002DF2046BDE81040FFF700BC064801F02B
:10F8B0009DF9BDE8104001F085BA00BF70660500F3
:10F8C0002866050098570500A5F6030008B5074B04
:10F8D000042298182821F3F73FF9054B002199815C
:10F8E0000222044813F068FE002008BD54450020A1
:10F8F000444500202C45002008B5074B04229818E9
:10F900002821F3F729F9054B0021998102220448A7
:10F9100013F052FE002008BD54450020444500204D
:10F920002C45002010B504460548F3F73DF920B1F9
:10F93000002343706060184610BD6FF00B03FAE7B8
:10F940005445002003460020187058709860704796
:10F9500038B52B4D2B7B6A7B9A4202D055F8234059
:10F9600034B92848F3F720F9044680B1204638BD61
:10F97000254809F067FB2B7B6A7B9A42F6D001335E
:10F98000DBB2032B08BF00232B73204638BD1E4873
:10F990004FF42032002309F02FFB90B91A4809F0E8
:10F9A00051FB2A7B6B7B93421AD0531CDBB255F878
:10F9B0002220032B08BF00232B738AB11446204654
:10F9C00038BD124A124913484FF4DB730CF010FD96
:10F9D00084F31188BFF36F8F0323184602DFDDE73E
:10F9E0000A4A0D490B4840F2BB130CF001FD0023FD
:10F9F00083F31188BFF36F8F0323184602DFB5E747
:10FA000044450020544500202C4500207066050028
:10FA10004C58050098570500D866050003784278D1
:10FA2000934212D05FFA83FC80F801C003789C45B2
:10FA300004D0531C4270DAB2022A0AD0134600EBFB
:10FA400083030A70586860B170470132D2B2022A4B
:10FA5000F4D100231A4600EB83030A70586800288B
:10FA6000F2D100B583B00193FFF772FF019B58609C
:10FA700003B000BD90F800C00346407860452FD029
:10FA800070B50E46184991F80DE00A7B0EF10100A1
:10FA9000C0B25FFA8CF5032803EB850408BF002091
:10FAA0008242D4F804C082B009D0019341F82EC03C
:10FAB00048730E4809F066FA019B4FF0000C6A1C6F
:10FAC000D2B2022A0ABF002010460246C4F804C07F
:10FAD00001211A7003EB80033170586802B070BDC9
:10FAE00003EB800358687047444500202C450020F4
:10FAF00070B5047AC4F302140546002C94FAA4F0FD
:10FB0000B0FA80F008BF4FF0FF3082B000F101067C
:10FB100046D02A7A631E234063F306122A7206F146
:10FB20002400FFF73DFB00230DF1070105F10C0058
:10FB30008DF80730FFF79EFF0446002842D020468C
:10FB400001F024F9237803F00F03022B1FD00DF1ED
:10FB5000070105F11800FFF78DFF0646002840D089
:10FB60009DF8073063B92946254801F03FF89620F3
:10FB700001F0BCFA002002B0BDE8704001F092B97B
:10FB8000D4F80230C6F80230E388F380EBE71D4872
:10FB9000294601F02BF802B0BDE8704001F030BA00
:10FBA000194A1A491A4840F2BC530CF021FC84F35C
:10FBB0001188BFF36F8F0323184602DF2C7AC4F33A
:10FBC0000214A6E7104A1349114840F2C5530CF03D
:10FBD0000FFC84F31188BFF36F8F0323184602DFF5
:10FBE000ADE7094A0C490A4840F2CF530CF000FC3B
:10FBF00086F31188BFF36F8F0323184602DFAFE748
:10FC0000C1F603001DFC030070660500DC660500FC
:10FC100098570500E4660500E866050010B504463F
:10FC200001F016F9FFF716FB237A03F07102012A9F
:10FC300018D013F0700F05D0636853B193F82C30CF
:10FC40009B0706D501F01EFA2046BDE81040FFF7DD
:10FC50000FBB2046FFF74CFF01F0AEF8BDE81040A7
:10FC600001F014BBC3F3420262F306132372E0E710
:10FC700070B5C3681B6804461D46F4F741FC064690
:10FC80002846FFF76BFA0023301AC4E900032381EA
:10FC90002046BDE87040E8F78BBE00BF10B582B0CB
:10FCA0000446FFF7C5FC00281CDB164A1649174816
:10FCB00000940023F5F700FE08B1773001D102B0BF
:10FCC00010BD134A1349144840F2AF230CF090FBC7
:10FCD000002383F31188BFF36F8F0323184602DFDD
:10FCE00002B010BD0A4A0D490B484FF42B730CF0BB
:10FCF0007FFB002383F31188BFF36F8F0323184624
:10FD000002DFD2E7B18902006DF80300A9F7030012
:10FD100070660500C459050098570500286605005F
:10FD2000F0B51746427A83B00D46D1079DF82060A2
:10FD300007D5C6B12A78B7EBD21F1DD0002003B07B
:10FD4000F0BD2946044611F8020B099A0193C0F34D
:10FD50008010FEF70DFD019B0028EBD1627AD207DF
:10FD6000ECD5002EE6D10193099B1878FEF7CCFC68
:10FD7000019B0028DED1E1E7062205F108011846C3
:10FD800014F0FEF8B0FA80F0400903B0F0BD00BFF7
:10FD90002DE9F04383B098460B9B9DF828909DF881
:10FDA000307005460C46164673B9437A03F00303D8
:10FDB000012B2FD9002F3DD02378B6EBD31F4DD088
:10FDC000002003B0BDE8F0830B460D9A13F8020B38
:10FDD0000193C0F380101946FEF7CAFC0028F0D04A
:10FDE0002378B6EBD31F1F46EAD104F10801404641
:10FDF000062214F0C5F80028E2D10D9B1878019B6B
:10FE0000FF281ED0AA7AFF2A1BD0801AB0FA80F0F1
:10FE10004009D6E711F8020B0D9AC0F38010FEF7E7
:10FE2000A7FC0028C8D16B7A03F00303012BC7D9C4
:10FE3000002FC1D10D9B1878FEF766FC0028BBD1BE
:10FE4000BEE7C7F380124A45BAD10B98062219467D
:10FE500014F096F8B0FA80F04009B2E7062204F1F7
:10FE60000801404614F08CF8B0FA80F0400903B065
:10FE7000BDE8F0832DE9F0478AB0044600F0DEFFCC
:10FE8000C0B2002800F0A38000F0FAFF054601F0A0
:10FE90000DF9064601F014F901F024FB074601F0C4
:10FEA00003FB804601F0C4F8FFF7D4F9EBB243B985
:10FEB0007748214600F09AFE0AB0BDE8F04700F00E
:10FEC00081BF17F0FF035FFA86F99A4640F08280FF
:10FED000FF2301208DF82730F5F74EFB064600285A
:10FEE00000F0A980237B04EB830306F11C01D3F807
:10FEF00010C0634613F8020B00F00F0EC0F380121F
:10FF00004FEAD018307FBEF1010F00F00F000CBF98
:10FF10000CF1080500250328074663D0052FC7D13B
:10FF2000707F2228C4D160680028C1D090F82C00CE
:10FF300010F002000646BBD10DF127000390CDE979
:10FF40000159CDF800802046FFF722FF0028AFD0EE
:10FF50000420F5F711FB0028AAD04E48214600F0F6
:10FF600045FE00F02FFF00F055FF002854D16268D5
:10FF700092F82C3043F0010382F82C30F5F716FB91
:10FF800017214FF6FF720171C2808460059001F065
:10FF900031F9059B186101F081F9002104460846FA
:10FFA00000F004FF059B241A5C61BAF1000F17D022
:10FFB0009DF827205A760593F5F7F8FA059BD86047
:10FFC00019461868F5F71EFB0AB0BDE8F087FFF781
:10FFD00041F96DE75FFA88F0FEF73EFB034678E7EC
:10FFE000FF22E7E7707F0C287FF462AF002D7FF4DB
:10FFF0005FAF0DF127000190CDF800902046CDE9CC
:020000024000BC
:1000000006230591FFF78CFE20BB307F079BDDE9BF
:10001000051200F00F0781E71F4A2049204840F2EF
:100020005F630CF0E5F986F31188BFF36F8F03234C
:10003000184602DF9BE7184A1A49194840F2FF5355
:100040000CF0D6F986F31188BFF36F8F032318469F
:1000500002DF47E70E48214600F0C8FD00F0D0FF60
:10006000237E04EB8303D86900F090FE00F0D2FEFB
:100070000028A9D0084A094909484FF4C3630CF085
:10008000B7F985F31188BFF36F8F384602DF9BE71E
:100090001DFC030019F8030070660500C466050026
:1000A00098570500BC660500F8B50546FFF7D2F87D
:1000B000F5F7C6FB044600283FD0274B274A1B789C
:1000C0001178A27926485B0001F0010103F00203D8
:1000D0000B4322F003021343224A01881278A180C5
:1000E00001202070A371227219B195F92730002BDD
:1000F00004DB2846BDE8F840FFF7BAB895F82C3085
:10010000C3F30213022B16D0042B0CBF4FF4BC77A1
:10011000282701F0AFF8064601F0B2F8301AE06087
:10012000EA6BC4E904270023EB636B642846BDE84F
:10013000F840FFF79DB81827EBE70B4A0B490C482E
:100140004FF478730CF054F984F31188BFF36F8F78
:100150000323184602DFB0E70E5E00200F5E00208A
:10016000EA5C00200D5E002020670500585F050056
:100170009857050008B500F08DFE0278034601216E
:1001800061F301021A70002008BD00BF0020704713
:10019000704700BF30B4074A074D084C084809496A
:1001A00000231380084A2B80237003700B70137098
:1001B00030BC7047EA5C0020EC5C00200F5E002041
:1001C000105E00200E5E00200D5E002091F82C30A5
:1001D0005B070AD481420AD1064B1B88002B0CBF57
:1001E0006FF00F006FF08B007047002070476FF0CA
:1001F0008B007047EC5C002038B504460D460028A3
:1002000041D0FFF72BFA002851DBE2682389518B9C
:10021000938301330B4492F927105383002913DB96
:10022000F5F70EFB0446F8B1A37923F0030300228F
:1002300043F0020301212170A280A371227228469B
:10024000BDE83840FEF732BF2089136B916B00FB8D
:1002500003330B44516B8B4228BF0B469363F5F776
:10026000EFFA04460028DFD1184A1949194840F22C
:1002700007130CF0BDF884F31188BFF36F8F0323CD
:10028000184602DFD0E791F92730834207DB294681
:10029000114800F0ABFCBDE8384000F093BD0F4BB7
:1002A0001B88002BF3D10E4B01221A70EFE7074A8F
:1002B0000C490848EE230CF09BF8002383F31188C7
:1002C000BFF36F8F0323184602DF9EE72067050008
:1002D000585F050098570500A9000400EC5C002059
:1002E0000E5E002028660500F8B507460120F5F7E8
:1002F00043F9054658B30021697797F86760B7F866
:100300005A4006F00706304600F0CEFC97F87E30E3
:10031000B2001B0705F11C05E1B242F001020ED547
:100320000431C9B2082000F001FD2A46314607F128
:100330007F0000F0BFFFBDE8F84000F021BD0820BD
:1003400000F0F4FC2846BDE8F84000F019BD074A6B
:100350000749084840F213330CF04AF885F3118836
:10036000BFF36F8F0323184602DFC4E72067050041
:10037000BC6605009857050038B50446FEF758FFDF
:100380002B4AA08913880133138000F0AFFE94F844
:10039000662094F86700C2F3C00300F0070002F083
:1003A0000702002100F0C8FD2046FFF79DFF00F086
:1003B0003BFD60BB00F078FF258A034694F8670098
:1003C00001210D3500F007001D4400F0EFFC94F80A
:1003D000673003F00703022B054416D0042B0CBF33
:1003E0004FF4BC73282394F86600C0F3C00100F0FA
:1003F00007001D4400F0D6FC281A00F00DFF21462E
:100400000C48BDE8384000F0F1BB1823EBE70A4A7E
:100410000A490B4840F2AF230BF0EAFF002383F3B5
:100420001188BFF36F8F0323184602DFC2E700BFB6
:10043000EC5C002071050400206705006C67050076
:100440009857050070B50E4690F86610B0F8584001
:1004500082B0054601F00700C1F3C001019000F031
:1004600023FC95F87E300198DB064FEA800040F0CF
:100470000102E1B20ED50431C9B2082000F056FCE9
:10048000314605F1A00000F065FF02B0BDE8704004
:1004900000F07CBC082000F049FC304602B0BDE80A
:1004A000704000F073BC00BF30B5044685B003AAAD
:1004B000806E0D46E16EF2F7DBFB94F87E30590753
:1004C00002463CD468B3039B94F87D1094F87C00FA
:1004D00004330B4410B9587884F87C0031B1197892
:1004E000012060F30101197094F87D1094F87C00EC
:1004F0000192411A597020460093F8F757FA009B71
:10050000019A597881422CD9587001211A7802F049
:100510000F02002042EA01121A7098702B6005B099
:1005200030BD43F0040384F87E3000F0B3FC034692
:100530001A7822F010021A702B6005B030BD43F01B
:10054000040384F87E30009000F0A4FC009A034677
:10055000002AEDD0027842F0100202702B6005B044
:1005600030BD1168E26E891A18BF0121CEE700BFC5
:10057000F0B585B0044600F061FCC0B2002800F080
:10058000C08000F07DFCC7B200F052FDFEF758FEBF
:10059000AC4A1388012003441380F4F7EDFF0646AC
:1005A000002800F0EC80002F4AD1A74B1D78002DC9
:1005B00040F0B280012203A920461A70FFF774FFB1
:1005C000039BE089019300F091FD94F8670000F02F
:1005D000070000F067FC9D48214600F007FB00F093
:1005E00055FE019B94F87E101A7861F3C3021A70CD
:1005F00094F87E201978C2F3400262F382011970E8
:1006000020461946FFF71EFF00F00EFC002840F0C0
:10061000A68000F02FFE00286AD0002F6ED0A08A9E
:100620004FF6FF73984200F0DD803946F8F724F961
:10063000002D40F0858005B0BDE8F040F4F7DABF4A
:1006400094F87E30327F03F00101C2F380008842CB
:1006500000F0A78094F9272081F0010161F30003E5
:10066000002A84F87E3005DA94F82C3043F0080331
:1006700084F82C3094F87E305A0700F1C480D4E915
:100680001A0103AAF2F7F4FA054660B394F87D2044
:10069000039B1344597971B194F87E30DF060AD573
:1006A000D4F8B0300133C4F8B030D4F8B43043F1EA
:1006B0000003C4F8B43094F87C300A44D2B29A42B1
:1006C000C0F0A88000F0D480614A6249624840F2DC
:1006D0006D430BF08DFE002383F31188BFF36F8F02
:1006E0000323184602DF94F87E30327F002759E05A
:1006F00000F0B4FD00F0B8FD002F90D105BB05B0AF
:10070000F0BDFEF79DFD5548214600F06FFA05B09B
:10071000BDE8F04000F056BB013DEDB203A9204614
:100720001D70FFF7C1FE039B002D40F02F814B4849
:100730000193214600F05AFA00F062FC019B51E758
:10074000F4F734FF03233371A38A3068F380314612
:10075000F4F73EFF05B0BDE8F040F4F74BBF3C4A6C
:100760003F493D4840F2E9130BF042FE002383F37A
:100770001188BFF36F8F0323184602DF49E7344A1D
:10078000384935484FF4AA730BF032FE86F31188CE
:10079000BFF36F8F0323184602DF002F3FF405AF2E
:1007A0004EE70027C2F3C002C3F340039A4234D09D
:1007B0000025254A2C4B002111702046012203A957
:1007C0001A70FFF771FE327F039BD1063FF5F9AE39
:1007D0001A78D2063FF5F5AE5A78002A7FF4F1AECA
:1007E000A5E700251A4A21491B4840F209230BF0CE
:1007F000FFFD002383F31188BFF36F8F0323184697
:1008000002DFA08A11E723F0040384F87E3000F0B1
:1008100041FB68E784F87D2065E70320F4F7ACFE30
:100820000028C5D094F87E3083F0020384F87E302F
:10083000737F002BBCD094F87E3018072AD4012592
:10084000B7E700BFEA5C0020105E002079030400D7
:10085000206705007058050098570500A90004009E
:100860006C670500BC6605000F5E00208867050008
:100870000022A4F87C20E06E04F16801F2F700FA8F
:10088000039B1B682B60039B1D60039F94F87E30C5
:10089000327F87E700F098FD0546002867D000F01A
:1008A000BBFD002853D1D4F88F30D4F893201343E4
:1008B00004D1337F03F00303032B32D0344B35488C
:1008C000022221461A7000F091F900F07BFA00F044
:1008D000A1FA78B900F0CEFCE0B1002F3FF40FAFE1
:1008E000A08A4FF6FF7398423FF47BAF3946F7F783
:1008F000C3FFA0E6284A2949294840F265130BF0B6
:1009000077FD002383F31188BFF36F8F032318460D
:1009100002DFDFE700F0A2FC00F0A6FC002FDFD131
:10092000EDE600F0BBFA4278272A0146C6D803322A
:1009300006F11C0013F057F9D4F88F30D4F8932047
:10094000013BC4F88F3042F1FF33C4F89330D4F840
:100950008F300F4A0133C4F88F30D4F8933004F14C
:100960008F0143F100034B600123137067E70A4ACC
:100970000C490B484FF491630BF03AFD85F3118855
:10098000BFF36F8F0323184602DF88E73D4618E662
:100990000D5E0020A900040020670500C466050064
:1009A000985705008067050010B582B00446FEF731
:1009B0003FFE00281BDB154A15491648009400230A
:1009C000F4F77AFF08B1773001D102B010BD124AB6
:1009D0001249134855230BF00BFD002383F31188B4
:1009E000BFF36F8F0323184602DF02B010BD0A4A1F
:1009F0000C490B484C230BF0FBFC002383F31188BC
:100A0000BFF36F8F0323184602DFD4E7298B020060
:100A1000F9010400CD010400A0670500C4590500D8
:100A200098570500286605004FF08053D3F8A4209E
:100A3000013208D04FF08052D2F8A03013F00103F9
:100A40000FD100207047D3F8A8304FF6FF729BB249
:100A50009342F6D04FF08052D2F8A03013F0010349
:100A6000EFD0D2F8A4300360D2F8A83003711B0A8B
:100A700063F03F034371D2F8903001331CD0D2F8B9
:100A80009430013318D0D2F89830013314D0D2F812
:100A90009C30013310D0D2F89030C0F80630D2F834
:100AA0009430C0F80A30D2F89830C0F80E30D2F83E
:100AB0009C30C0F8123008E00023C0F80630C0F8BF
:100AC0000A30C0F80E30C0F812300120704700BF65
:100AD00000234FF08052036043608360C360D2F80C
:100AE0008030013318D0D2F88430013314D0D2F8DA
:100AF0008830013310D0D2F88C3001330CD0D2F8CA
:100B000080300B60D2F884304B60D2F888308B6034
:100B1000D2F88C30CB60704700230B604B608B6049
:100B2000CB607047054B4FF480320021C3F80815A5
:100B3000C3F84423C3F80423704700BF00B000404B
:100B4000054B1878421C1A7018B9044B01221A6020
:100B500070470120704700BF115E002000B00040C8
:100B600038B50E4D2C784CB1601EC0B2287018B943
:100B70000B4B01225A6038BD012038BD094A0A4991
:100B80000A4871230BF034FC84F31188BFF36F8F94
:100B90000323184602DF2C78E6E700BF115E002031
:100BA00000B00040F4670500406805009857050054
:100BB000014BD3F80405704700B00040024B00F52C
:100BC000A87043F82010704700B00040044BD3F8E1
:100BD000103123B1034A044B10681B681847704753
:100BE00000100040104900201449002010B582B0C8
:100BF000044601200191EBF7B7FD094A094B019921
:100C0000094811601C601021084BC0F8041302222F
:100C10000120C3F8802102B0BDE81040EBF796BD7B
:100C200010490020144900200010004000E100E0BD
:100C30004FF080434FF0FF320021C3F8002EC3F87D
:100C4000042EC3F8081EC3F80C2EC3F8101EC3F8F8
:100C5000142EC3F8182EC3F81C2EC3F8202EC3F888
:100C6000242EC3F8282EC3F82C2EC3F8302EC3F838
:100C7000342E704708B50120EBF776FD074B084886
:100C80004FF0000C4FF490514FF41052C0F818C5BB
:100C9000C3F80018C3F8042808BD00BF00F00140E5
:100CA00000100040704700BF054B02280CBF042114
:100CB000032140F20122C3F81015C3F850267047F3
:100CC00000100040014BC3F80C05704700100040B5
:100CD000014BC3F80805704700100040084B00F0B6
:100CE0007F00C3F85405D3F8182522F00072C3F82A
:100CF0001825D3F8182542F00072C3F8182570475C
:100D000000100040084A00210123C2F82C15C2F847
:100D10003035C378C2F824358178038843EA01432B
:100D20001B02C2F81C3570470010004002F01C0383
:100D3000A3F1080302F00302B3FA83F3013A5B095B
:100D40001B06022A98BF43F4801300F00F000A4AE2
:100D5000184340F48070C2F81405D2F81805074B08
:100D60000340C2F81835D2F81835194341F4403120
:100D7000C2F81815704700BF001000400000F8FED0
:100D8000014BC3F80405704700100040014BC3F845
:100D9000040570470010004002280CBF28202920BD
:100DA000704700BF012070472920704702280CBF00
:100DB00005200A20704700BF014B01221A607047CE
:100DC00000100040064A074901234FF4106C002030
:100DD000C2F808C55360D360C1F800020B617047C8
:100DE00000F0014000100040094B0022C3F8002130
:100DF000D3F80011C3F80421D3F80411C3F80C216F
:100E0000D3F80C11C3F81021D3F81031704700BF8C
:100E100000100040034BD3F80001003818BF012038
:100E2000704700BF00100040034BD3F804010038A6
:100E300018BF0120704700BF00100040034BD3F8DB
:100E40000C01003818BF0120704700BF001000409F
:100E500001207047034BD3F85005B0FA80F04009E9
:100E6000704700BF00100040044B40F20312C3F86B
:100E70003425C3F83805C3F83C157047001000400E
:100E8000034BD3F80004003818BF0120704700BF9F
:100E9000001000400048704710480020004870478C
:100EA0000C4700201E4B1F4930B50322DFF884E0B9
:100EB000C3F800229EF800201B4C1C4DC4F8685556
:100EC00002F10C03DBB2D000DB0001EB820C03F17A
:100ED0008043910000F1804003F5F83300F5F830CD
:100EE00001F18041C4F86C0501F510411048C3F8C8
:100EF00010C5C3F81405D1F840352D2B8ABFD1F8A1
:100F0000403501232D3BC1F84035074B01324FF4EA
:100F1000106102F00102C3F804158EF8002030BD04
:100F2000001000404091004000F001400C110040D2
:100F300004100040125E00202DE9F0412A4CDFF839
:100F4000BCC02A4D2A4E2B4F0323C4F800329CF814
:100F50000010C6F8687501F10C03DBB2DB004FEA44
:100F6000C10E03F1804303F5F83390460EF1804241
:100F700005EB810502F5F832C6F86C25C3F810556B
:100F80004AF2B812C3F8144549F63463B8F1020FB7
:100F900008BF1A464FEA810E41F2883342F2B84444
:100FA000022818BF23460EF1804E0EF5104E134452
:100FB000114AA2FB0323DEF84025B2EB931F8ABF40
:100FC000DEF840250123A2EB9313CEF84035084B01
:100FD00001314FF4106201F00101C3F804258CF8CF
:100FE0000010BDE8F08100BF0010004040910040BB
:100FF00000F001400C110040D34D6210125E002041
:101000000449054B03204FF41062C1F80002C3F8F5
:10101000082570470010004000F00140034B0022FB
:10102000C3F81C21D3F81C31704700BF00100040EA
:10103000034BD3F81C01003818BF0120704700BFD4
:101040000010004000B54FF0000C8E464FEA8C03B4
:1010500003F1804303F580531168C3F800160CF1C7
:10106000010C9188C3F82016BCF1080F02F10602AA
:10107000ECD1034B40EA0E20C3F8400600BD00BF90
:1010800000100040034AD2F8403623F0FF03C2F8B4
:101090004036704700100040034B0022C3F8142173
:1010A000D3F81431704700BF00100040034BD3F851
:1010B0001401003818BF0120704700BF0010004025
:1010C000014BD3F810047047001000400449054B51
:1010D000054A4FF48020C1F84803C3F8082570473B
:1010E00000B0004000F00140C001700E034B044A04
:1010F0001B7803F5A87342F823007047125E0020A6
:101100000090004030B5A2F57423314CA3F5107364
:10111000A3428C4607D902F1E87202F5D43201F1FC
:10112000FF3C02F5A5722B4B2B49DFF8C4E02B4C9A
:101130000125DD600025C3F804550425C3F81055CA
:10114000A1FB021202252649C3F80855920C4FF460
:101150008025C3F84025CEF848C5CEF84453C1F8E1
:1011600040454024C1F84435C1F8044558B34FF414
:101170008013C1F804351B49012400250423CC60E9
:101180001046C1F80455184AC1F81035C1F8085581
:10119000134B0C60A1F5FD417439C3F85015C3F829
:1011A000542502F5AF32114CC3F8584502F5FC72D4
:1011B00001F50041C3F85C2538310832C3F86015E9
:1011C000C3F8642530BD4FF40013C1F80435D2E7ED
:1011D000BFBDF07F0080004083DE1B4348B100406C
:1011E00000F00140009000400C9000404091004011
:1011F00000B00040014BD3F84805704700B00040F4
:101200000349044A01234B600B615360136170472B
:1012100000800040009000400449054BC1F844059F
:101220004FF08862C3F80425704700BF008000407B
:1012300000F00140054B06480649074AC3F8480537
:10124000C3F84C15C3F80425704700BF00F00140F7
:10125000001100404080004080000004014BD3F8A2
:101260004405704700800040014B1860704700BF84
:1012700008470020014B1868704700BF084700204E
:10128000014BD3F84005704700800040024B4FF0FF
:101290000062C3F80425704700F00140014BD3F809
:1012A0004805704700800040014BD3F8480570475F
:1012B00000800040204B4FF0000C00B50229C3F81D
:1012C00000C54FF0020CC3F800C5864694462CD0EA
:1012D00003F580334FF00071184AC3F80415164B1C
:1012E0001749C3F80425D1F818151648164AC9B28B
:1012F0000439C3F818150021C3F808E5C3F80C0534
:10130000C3F810C5C3F81425C3F80012C3F80011C0
:10131000D3F80021C3F80411D3F80421C3F808114D
:101320000122D3F808111A6000BD084B084A4FF09B
:101330000071C3F80415D2E700F00040010000017D
:10134000001000400C470020FC45002000F0014048
:101350000100010100B5174BDFF868E04FF0000C09
:101360000222C3F800C5C3F80025134AC3F80425B8
:10137000124AD2F81825D2B2043AC3F81825C3F895
:1013800008050122C3F80C150D49C3F810E5C3F890
:101390001415C3F80022C3F800C1D3F80011C3F834
:1013A00004C1D3F80411C3F808C1D3F808111A60B6
:1013B000704600BD00F00040000001010010004038
:1013C000FC4500200C47002038B5114C0223C4F81E
:1013D0000433D4F8043163B92025EFF3118085F389
:1013E0001288BFF36F8F0CF0A5FAD4F80431002BEC
:1013F000F3D0074B074A02204FF40041C3F808031B
:10140000C2F88011D3F80801B0FA80F0400938BD65
:1014100000F0004000E100E0034BD3F80004003886
:1014200018BF0120704700BF00F0004030B51A4AD5
:101430001A4BD2F80455DFF86CC004468E46681E7D
:1014400000210325C3F80055C3F80445C3F808E597
:10145000C3F81005C3F814C5C3F80011D3F8000190
:10146000C3F80411D3F80401C3F808114020D3F8DD
:101470000831C2F86005D2F80032094843F0400351
:10148000C2F80032C2F828114FF40003D2F8282124
:10149000C0F8043530BD00BF0010004000F000402F
:1014A00000F00140F8450020014BD3F800047047DC
:1014B00000F0004010B4084A084C09490023C2F863
:1014C00028314FF40000D2F82821C4F80035C1F8C3
:1014D000080510BC704700BF0010004000F000403D
:1014E00000F0014038B5164BD3F828312BB3154C1A
:1014F0000123C4F80433D4F8003163B92025EFF395
:10150000118085F31288BFF36F8F0CF013FAD4F8B3
:101510000031002BF3D00B4B0B4A01204FF400415C
:10152000C3F80803C2F88011D3F804212AB1D3F814
:101530000801B0FA80F0400938BD002038BD00BF76
:101540000010004000F0004000E100E001390129F6
:1015500005D80B200AB1EBF7F9B8EBF705B908B5D8
:10156000074A084908482D230AF042FF002383F365
:101570001188BFF36F8F0323184602DF08BD00BF39
:101580004C680500705805009857050029B10139CD
:10159000012905D80B20EBF7FBB81820EBF7F8B8BA
:1015A00008B5084A0849094841230AF021FF0023E9
:1015B00083F31188BFF36F8F0322104602DF1846B2
:1015C00008BD00BF4C68050070580500985705001D
:1015D00088420BD0012803D0022809D00020704790
:1015E000A1F10200B0FA80F0400970470120704775
:1015F000A1F10100B0FA80F040097047012908B557
:1016000008D0022906D059B90D4B4FF08072C3F8AB
:10161000002108BD0A4B4FF40062C3F8002108BD49
:10162000084A094909487B230AF0E2FE002383F3B4
:101630001188BFF36F8F0323184602DF08BD00BF78
:1016400000E100E04C68050070580500985705005F
:1016500008B512F0CBF808BD032810B5044604D82D
:10166000124B1C5D9CB1204610BD114A1149124815
:1016700029230AF0BDFE002383F31188BFF36F8F87
:101680000323184602DF094B1C5D002CEBD1084AEE
:101690000A4909482C230AF0ABFE84F31188BFF3F2
:1016A0006F8F0323184602DF204610BD446A0500F1
:1016B0009C680500EC680500985705000C6905005A
:1016C000013810B59C46042869D8DFE800F01422E0
:1016D0001B29030004292CD0334A34493448B82349
:1016E0000AF086FE002383F31188BFF36F8F032374
:1016F000184602DF10BD04292DD02B4A2B492C4857
:101700004C23EDE704291DD0274A284928487A238D
:10171000E6E7032928D0244A244925486323DFE744
:10172000032933D0042928D01F4A20492048A02368
:10173000D6E7204BC3F808C0BDE8104002210320C3
:10174000F1F70ABB1C4BC3F808C0BDE810400221EA
:101750000120F1F701BB194BC3F808C0BDE81040E8
:1017600002210020F1F7F8BA154B0121C3F808C097
:10177000BDE810400846F1F7EFBA124B0221C3F85A
:1017800008C0BDE810400846F1F7E6BA0E4BC3F8B2
:1017900008C0BDE8104001210220F1F7DDBA024A7D
:1017A00002490348BE239BE79C680500705805006A
:1017B0009857050094130020C4130020E413002060
:1017C000D4130020A4130020B413002001460020ED
:1017D000FFF7F4B9124B30B40121044600205960E0
:1017E000C3F80445C3F80001C3F80401196005E01B
:1017F000D3F8042132B9D3F804251AB1D3F8002163
:10180000002AF5D05960D3F80421002AE7D1D3F893
:101810000455002DE3D0C3F8042530BC704700BF49
:1018200000E0004070B5174C0126D4F804556660FE
:101830000E20EAF799FFD4F8040140B10021C4F862
:101840000411D5E90E323046BDE870401847D4F88F
:10185000006146B1C4F80001D5E90E3205F120015E
:10186000BDE870401847084A08490948E4230AF0CF
:10187000BFFD86F31188BFF36F8F0323184602DF85
:1018800070BD00BF00E000401C69050070580500F5
:101890009857050070B58CB00E46154601461022CB
:1018A00068461C46F1F7B4F910220DEB02003146F0
:1018B000F1F7AEF96846FFF78DFF25B1102208A9B0
:1018C0002846F1F7A5F93CB10DF1200CBCE80F005A
:1018D00020606160A260E3600CB070BD30B50D4D5A
:1018E00085B00D484FF0FF324FF0FF3301A907F0EC
:1018F000F1F90028F5D1094CAC42F2D2236813B1BA
:10190000019A934203D1D4E9013101A898470C34DC
:10191000F2E700BF0C4C05009C170020F44B0500BB
:10192000F0B585B0DDE90C7501902E469DF82800D4
:101930008DF808003D433C468DF80910ADF80A20AB
:1019400003930BD10024264607482246334601A9BB
:1019500007F064F900EAE07005B0F0BD08F0F4F8B3
:10196000024B9842F0D1EDE79C170020902C00200C
:10197000054B1B7833B14FF0FF324FF0FF3304308B
:1019800007F00ABA704700BF3D5E0020034B1B788A
:1019900013B1043007F076BA704700BF3D5E0020F7
:1019A00007B501238DF807000DF107020021024859
:1019B0000FF065FA03B000BD3447050000F07F0367
:1019C000082B42B204D010F0780F01D000207047ED
:1019D000002A00F00F0300F0080004DA30B90548CF
:1019E00000EB4310704718B90348F9E70348704704
:1019F00003487047C4490020E44A0020C44A00203C
:101A0000E44B00200149024811F06ABEA0490020C1
:101A1000F82900200146014811F0B7BD74180020D4
:101A200002480022002307F07DBA00BF741800208E
:101A300013B5124800F09AFE114B98421AD1114882
:101A400004F052FB0024104804F090FB0F491048AA
:101A500000944FF0FF334FF4806207F09DFC0D4976
:101A60000B4811F0C9FE0C480C4911F01EFE20462F
:101A700002B010BD6FF00400FAE700BF851C04003F
:101A80000000AD0B9E8105008C6A0500808D002052
:101A9000F8290020A07E0500A0490020991D04001F
:101AA00010B50E49BFF35B8F002351E8002F012AC8
:101AB00003D141E800300028F7D1BFF35B8F0CD190
:101AC00051F8044C143920460AF0F7FD783004D15F
:101AD0002046BDE810400AF0CCBD10BD984900205A
:101AE00038B5002464F07F00C0B2FFF767FF01340F
:101AF0000FF07FFA082CF5D10E4D0024E0B2FFF76D
:101B00005DFF036903B9056101340FF072FA082C17
:101B100005F14005F2D108480FF06BFA074BD3F8F6
:101B20007C2212B9064AC3F87C22BDE83840054839
:101B30000FF05FBA08500020C44A00207849002006
:101B4000084C0020E44B002008B5FFF769FF20B1E6
:101B50004168024811F0ABFBF7E708BD28170020E9
:101B600007B500230E48002201A907F029F890B11B
:101B7000FFF7EAFF0A480022002301A907F020F836
:101B800038B90198042340600374FFF743FFFFF75F
:101B900039FF002001E00198406003B000BD00BFA4
:101BA0002817002010B50446FFF7DAFF60B10022C5
:101BB00002740472FFF72EFF044B93F824301BB11C
:101BC000BDE81040FFF71EBF10BD00BF78490020E0
:101BD000022803D8024B185CFFF7E4BF704700BF30
:101BE0009B81050070B5817806460846FFF7E6FE42
:101BF0000B06F578044611D5002D40D1FFF7B0FF54
:101C000000283CD00122A57702740322027384606D
:101C1000FFF700FFBDE87040FFF7F4BE45B1012DAE
:101C20002DD1FFF79DFF50B3657705740573EEE77F
:101C3000FFF796FF18B3B278114B12F0800F02F045
:101C4000080110D039B1D3F8A836E360012303743A
:101C500002230373DBE702F00F02142101FB0233BE
:101C6000D3F80836F1E711B1D3F8A837EDE702F061
:101C70000F02142101FB0233D3F80837E5E770BDEA
:101C800000700240F0B5064689B01422002103A876
:101C900011F0D0FF3378013B052B1FD8DFE803F0AC
:101CA00075031212661403238DF814300024FFF715
:101CB00057FF034690B10474DDE90501C3E9020151
:101CC00018461CE00423EFE7B1780846FFF776FEDC
:101CD000837A044623B1013B022B41D909B0F0BD00
:101CE0000B06F57812D5002DF8D1FFF739FF002843
:101CF000F4D00122A5770274032202738460FFF7F7
:101D000089FE09B0BDE8F040FFF77CBE4DB1012D62
:101D1000E4D1FFF725FF0028E0D06577057405734F
:101D2000ECE7FFF71DFF07460028D7D00123037417
:101D300002230373846004F10C01B0780FF0C7F93B
:101D4000134AE168B2F88C328B4206D95B1AA2F8CA
:101D50008C3201F041F83846D1E7A2F88C52FAE70C
:101D6000304609B0BDE8F040FFF73CBF01A801F0E4
:101D700011F8BDF8043023F09F039BB2B3F5A06FB8
:101D8000ACD0044B0593012491E702248FE700BFF8
:101D900078490020E44A00202DE9FF41974C804615
:101DA000FFF73EFE074610B904B0BDE8F08194F895
:101DB00025303A7C3BB9002A00F08480796890484D
:101DC00011F075FAECE7042AF8D8DFE812F07B008E
:101DD0000500010123013E013B7BBD68032BEDD8CB
:101DE000DFE803F0023B585D6E69864B00223260EB
:101DF0007260D3F880143170D3F884147170D3F802
:101E00008814D3F88C0441EA00217180D3F890142F
:101E1000D3F8940441EA0021B180D3F89814D3F8A0
:101E20009C3441EA0323F3800823EB603068716837
:101E3000754B03C311462B68687A984796F90030B2
:101E4000002B06DBF38823B1A4F88C3200F0C4FF2A
:101E5000B4E70023A4F88C32B0E76B7F002BADD041
:101E60002B7F002BAAD000266E774FF0FF326748F9
:101E70002E774FF0FF330FF0CFF86B6901936B684B
:101E8000CDE9023601A9687A00F0C4FC5F480FF082
:101E9000C5F893E72B680121687A98478EE7AB7AFB
:101EA0006BB9EB7F5BB959484FF0FF324FF0FF330E
:101EB0000FF0B2F800F096FF54480FF0AFF82B681F
:101EC0000221E9E73A7A042A3FF678AFDFE802F028
:101ED0005B032569750000F009FC054600287FF4C6
:101EE0006DAF00F043FBBFF35B8F4949012351E81D
:101EF000002FAA4203D141E800300028F7D1BFF3F8
:101F00005B8F7FF45BAF41F8085C41F8105CE069DF
:101F1000636114390AF062FB50E7002565F07F0029
:101F2000C0B2FFF74BFD037A13B1407A01F0BAF863
:101F30000135082DF2D194F854311BB194F85501B4
:101F400001F0B0F80025E8B2FFF738FD037A13B1CD
:101F5000407A01F0A7F80135082DF4D194F87432D5
:101F60001BB194F8750201F09DF8002000F0A2FB6F
:101F7000012384F825302368002B3FF41FAF002194
:101F8000022098471AE7002584F8255000F0F2FF58
:101F9000FFF786FD2368002B3FF410AF294604208D
:101FA000EFE7002B3FF40AAF00F0AAFB2368002BF9
:101FB0003FF404AF00210520E3E72268002A3FF444
:101FC000FDAE002B3FF4FAAE002106209047F5E667
:101FD0004FF0FF334FF0FF3208F110000FF01CF804
:101FE000FFF77EFD08F110000FF018F858F8283CB4
:101FF000002B3FF4E3AE00210120C2E77849002026
:1020000028170020007002407C490020B0490020C1
:102010009849002094F874327BB1012584F88952E4
:1020200084F88852FFF79CFD38B1104A0574057397
:102030008260FFF7EFFCFFF7E5FC58F8283C002B27
:102040003FF4BCAE00210A209BE70FF02DFF00F00B
:1020500091FF00F081FAFFF777FDFFF741FD0FF0E8
:102060001CFF034800F082FBA8E600BFE44B002001
:10207000851C040038B5144C94F824500DBB04F1B1
:10208000380011F0B8F9284601F0A6FB2A460321D2
:10209000E0612720EAF78AFB0FF0FFFEFFF720FD43
:1020A000012384F82430094B1B680BB1FFF7AAFC0D
:1020B0004FF08043D3F83834DB0702D50120FFF717
:1020C00071FD002038BD00BF784900207418002041
:1020D000074B93F824203AB193F82530002B0CBF1E
:1020E0006FF01200002070476FF01200704700BFC1
:1020F0007849002010B5104B93F824300146BBB14D
:1021000004782046FFF75AFC10B96FF0150010BD97
:1021100044720B7983724B884360087849880307BF
:1021200002D44B1E0B42F0D10EF0CCFF0020EEE7A4
:102130006FF01200EBE700BF7849002010B5124B9A
:1021400093F824200146CAB193F82530B3B1FFF7C4
:1021500035FC0446A8B1837A012B12D007D9023B83
:10216000012B07D96369A3610020E06010BD00F076
:102170003FFEF7E7084600F0E1FDF3E76FF01200DD
:10218000F4E76FF01500F1E77849002038B50E4B01
:1021900093F82420054682B193F825306BB1FFF700
:1021A0000DFC68B115F008040AD1284600F0E8FDDE
:1021B000284600F0AFFF204638BD6FF01200FBE765
:1021C0006FF01500F8E700BF7849002038B50C4BD8
:1021D00093F8242005460C4662B193F825304BB1A4
:1021E000FFF7ECFB48B141B1284600F0AFFD20708D
:1021F000002038BD6FF01200FBE76FF01500F8E724
:102200007849002070B5134E96F824300446C3B1C7
:10221000FFF7D4FB0546B8B1230705D4204600F0EC
:10222000AFFD204600F076FF2B7A83B901232B7295
:1022300096F825300BB9002070BD204600F032FF23
:10224000F9E76FF01200F7E76FF01500F4E76FF0B1
:102250007700F1E7784900202DE9F043354E1F461D
:1022600096F8243085B0804689461546002B5AD012
:1022700096F82530002B56D010F0800F56D0FFF77F
:102280009DFB0446002851D0037A002B4ED04FF01E
:10229000FF334FF0FF3206F138000EF0BDFEA37F92
:1022A0004BB106F138000EF0B9FE6FF00A0420467B
:1022B00005B0BDE8F08315B9E37F03B1E577A37AF4
:1022C000B3B955B17389AB4207D96268B5FBF2F374
:1022D00002FB13530BB90123E37700F08FFD804518
:1022E00006D000F07FFD14480EF098FE0024DEE7D3
:1022F0000123A377002601A94046CDE90195039665
:1023000000F088FA0D4B984209D0A6772FB96FF0EC
:10231000040409480EF082FEC9E73E60F7E707B102
:102320003D600024F5E76FF01204C0E76FF015047C
:10233000BDE700BF78490020B04900200000AD0B88
:102340002DE9F0411E461F4B904693F824200F467E
:10235000002A31D093F8253073B303062FD411B976
:10236000B8F1000F2BD1FFF729FB044638B3037AED
:102370002BB315484FF0FF324FF0FF330EF04CFEF9
:10238000E56857B9B8F1000F07D106B135600E48BE
:102390000EF044FE0020BDE8F081454528BF4546CB
:1023A000A1692A46384611F01EFCA3692B44A3619B
:1023B000E3685B1BE360E8E76FF01200EBE76FF0A8
:1023C0001500E8E778490020B049002070B51D4DA0
:1023D00095F8242082B395F825206AB303062ED4FD
:1023E000FFF7ECFA044650B3037A43B34FF0FF33E0
:1023F0004FF0FF3205F138000EF00EFEE368B3B97E
:10240000012663692677A361637F83B1FFF7A8FB89
:1024100030B905F138000EF001FE6FF00B0070BD11
:10242000067484600673FFF7F5FAFFF7EBFA0648C7
:102430000EF0F4FD0020F2E76FF01200EFE76FF00E
:102440001500ECE778490020B049002008B5084B9A
:1024500093F824302BB1FFF7B1FA28B101600020C6
:1024600008BD6FF01200FBE76FF01500F8E700BF42
:1024700078490020014B1860704700BF7849002060
:1024800008B5074B93F8243023B1FFF797FA20B132
:10249000406808BD6FF01200FBE76FF01500F8E729
:1024A00078490020064B10F0800F03F1D80218BFC6
:1024B000134600F00F00182202FB0030704700BFE7
:1024C00048520020EFF31180202383F31288BFF3DA
:1024D0006F8F0A4BD3F8001C032261B949F27531A2
:1024E000C3F8001CC3F8142DC3F8001C80F3118836
:1024F000BFF36F8F7047C3F8142DF7E700E0064075
:10250000EFF31180202383F31288BFF36F8F0A4B00
:10251000D3F8001C61B949F27532C3F8002CC3F836
:10252000141DC3F8002C80F31188BFF36F8F704720
:102530000022C3F8142DF6E700E006404FF0805368
:10254000D3F83031082B02BF024B0022C3F81C2CF9
:10255000704700BF00700240024A00231360024A25
:102560001370704700540020175E002008B54A4BD6
:102570004FF40062C3F800240EF08EFD08B1FFF79F
:10258000A1FF4FF08053D3F83031082B18D1EFF36F
:102590001180202383F31288BFF36F8F3F4BD3F852
:1025A000001CC02200296ED149F27531C3F8001C0D
:1025B000C3F8142CC3F8001C80F31188BFF36F8F8D
:1025C000354B0122C3F80025D3F800241205FBD5B2
:1025D0004FF40062C3F800244FF08053D3F8303139
:1025E000082B17D1EFF31180202383F31288BFF358
:1025F0006F8F2A4BD3F8001C002947D149F275325E
:10260000C3F8002CC3F8141CC3F8002C80F3118805
:10261000BFF36F8F0EF040FD30B1FFF771FF0EF08A
:102620003BFD08B1FFF74EFF4FF08053D3F8303138
:10263000082B194B0AD140F2E372C3F8002840225C
:10264000C3F80428BFF36F8FBFF34F8F8022C3F806
:102650001C250122C3F83025114B40F2FF121A60ED
:10266000104B00211960104B1970FFF767FF0F4BDB
:1026700019700F4B02221A700EF00EFD50B1BDE81A
:102680000840FFF73DBFC3F8142C95E70022C3F8BC
:10269000142CBBE708BD00BF0070024000E00640FC
:1026A000FC530020F8530020135E0020155E00202C
:1026B000175E0020094B002210B51A70084A094B1A
:1026C000094C002808BF1346C4F800332720EAF756
:1026D0003DF80123C4F8043510BD00BF165E00208C
:1026E000FDFFDF01FDFFFF0100700240034B187882
:1026F000012894BF00200120704700BF175E002012
:1027000010B54FF0FF324FF0FF33154806F074FC60
:10271000EFF31181202383F31288BFF36F8F114BE6
:102720001B7803F0FF0483B10F4BD3F8002412F49D
:1027300000720AD10120C3F82C05D3F82C05D3F878
:102740000004800502D5C3F82C25002481F31188EC
:10275000BFF36F8F024806F015FC204610BD00BF86
:102760002C180020165E002000700240F8B51B4BAC
:102770001C7884BB1A4A106001221A7040F2FF17BD
:10278000264614F0080F64F07F0514BF3946402137
:10279000E8B20EF097FCE8B2FFF784FE0134092C92
:1027A000867506730661ECD1002440F2FF172546BA
:1027B00014F0080F14BF39464021E0B20EF082FC3D
:1027C000E0B2FFF76FFE0134092C857505730561D2
:1027D000EED10448F8BD0448FCE700BF175E0020B6
:1027E000005400200000AD0B0500AD0B084B10F0AD
:1027F000800F00F00F0114BFD3F81025D3F8142573
:1028000001238B40134214BF01200020704700BFFA
:10281000007002402DE9F8430246EFF311872023B0
:1028200083F31288BFF36F8F03072DD010460EF08D
:1028300041FC194BDFF878801B88D8F8006083F4DE
:102840007F434FF0010983F0FF0309FA00F533439A
:1028500013EA05041ED11046FFF724FE80F80C9001
:10286000034607C91C6183E807009C750B4B0C48A5
:102870002E438022C8F80060C3F8042187F3118832
:10288000BFF36F8FBDE8F883064B1B788342CDD032
:102890000548F3E70548F1E7FC53002000E100E0BC
:1028A0000000AD0B155E00200A00AD0B0B00AD0B58
:1028B000F853002010F0080F074B06D0D3F8C004DF
:1028C00010F4803F18BF0020704700F00F0000F5A3
:1028D000947053F820007047007002402DE9F74FC4
:1028E000544BDFF87881D3F85421EAB10022C3F8C1
:1028F0005421D3F804138F0216D5ADF80420D3F871
:102900002025ADF80620D3F8C034002BD8F80030CD
:1029100014BF4FF001224FF480721343C8F8003007
:10292000454B01A81B689847424BD3F8604134B12E
:102930000022C3F86021D3F86C44C3F86C44D3F888
:1029400028214AB10022C3F828213C4B18780EF008
:10295000B1FB012383401C43DFF8049199F8005038
:1029600099F9006015F0080005F00F0235D1002E2E
:10297000B4BF334B334B03EB82031968324F39B387
:10298000002119602B4B78BB142101FB02338642D6
:10299000B4BFD3F80836D3F808372C4A117803F0BF
:1029A00001034B401370FFF7C9FD294806F0EAFA0E
:1029B0002846FFF777FD837D032B1CD128460EF0B8
:1029C00079FB012303FA00F03B6823EA00033B6034
:1029D000DFF864A00125062665E01E4B1E4933EA98
:1029E000260328BF0B46C8E7002EB4BFD3F8A8368D
:1029F000D3F8A837D1E7037BB3B928460EF05AFBCA
:102A0000012303FA00F03B68002E23EA00033B6039
:102A100001DA882DDCD106230193074B8DF806508F
:102A20001B6801A89847D3E7002DD1D1014B0122A3
:102A3000DA64CDE70070024000540020155E0020EB
:102A40000871024030710240F8530020135E0020EC
:102A50002C180020507102402C710240FC530020C1
:102A6000145E002094FAA4F3B3FA83F30F2BD8F882
:102A70000010CCBFA3F1100263F07F0205FA03F34C
:102A80001943C8F800103968002A24EA030403EA4D
:102A9000010380F28E8033B901968DF80620DAF8B2
:102AA000003001A89847002CDCD19E4BD3F80021C0
:102AB0005AB1C3F800419C4B1C709C4B1C70012305
:102AC00001939B4B01A81B689847964BD3F858215C
:102AD000002A2ED00022C3F85821D3F80044C3F8AE
:102AE0000044E60508D5904B01221A700223019399
:102AF0008F4B01A81B689847A50508D58A4B002273
:102B00001A70032301938A4B01A81B68984760053C
:102B10000FD5854B1A7862B100221A70814B0122C1
:102B2000C3F808259A6504230193814B01A81B680B
:102B300098477C4BD3F85C3113B37E4B9B681BB931
:102B400099F8003059061BD0764B0022C3F85C215F
:102B5000D3F88034754A23F07F0313703B6823F069
:102B600001133B60D8F8003023F4803343F00103B5
:102B7000C8F80030052301936D4B01A81B689847E6
:102B80003A68D8F800301A4200F0B580694800224F
:102B9000002306F031FA002840F0AD80614BD3F8F5
:102BA0002C35002B36D0634803B0BDE8F04F06F05B
:102BB000E9B9002B7FF477AFADF804608DF80620FB
:102BC0008DF807506BE7003B5DE02046FFF772FE93
:102BD000D5E900139842AA8A00F29F8047181B1A71
:102BE0002F606B60074682424FD000232B734EE06C
:102BF0000123B3402BEA030302223B600623AA759C
:102C0000ADF804304A4B8DF806401B688DF807205C
:102C100001A89847D7F800B0D8F800601BEA06066C
:102C2000C1D016F0012318BF1E4696FAA6F6B6FAD2
:102C300086F60F2EC6BFA6F11004E4B246F080045B
:102C40002046FFF72FFC4FFA84FABAF1000F054631
:102C5000BBDA4368878A01689F4228BF1F4601F09C
:102C60006043B3F1005F04D033483A4610F0BBFF35
:102C700031492A686B683A442A60AA68DB1BD2078C
:102C80006B60A0D53B1E18BF0123002BADD04FF0C9
:102C900080530120D3F83031082B02BF214B822210
:102CA000C3F81C2CD8F8003089F8004000FA06F66A
:102CB00023EA0603C8F800302B6914F0080F3B44E0
:102CC0002B61184B1AD1BAF1000F04F00F044FF02A
:102CD000140202FB0432A9BF0A3403EB8403C2F8D6
:102CE0000017C2F80477AFBF43F82400C2F80016FB
:102CF000C2F80476586003B0BDE8F08FBAF1000F57
:102D0000B5BFC3F8A016C3F8A017C3F8A476C3F8DC
:102D1000A477B4BF58629864EDE700297FF468AFE8
:102D20000F4660E700700240165E0020155E00202E
:102D3000005400202C18002008520020024B40F4C0
:102D40008070C3F81805704700700240030713D461
:102D500000F00F0310F0800F084A0BBF03F58873D3
:102D600003F5847302EB830252F8230008BF506816
:102D7000003818BF012070470020704700700240E3
:102D8000034BC3F80C0540F48070C3F80C05704782
:102D9000007002400023036043600E4BD3F8802490
:102DA0000270D3F884244270D3F88824D3F88C14AA
:102DB00042EA01224280D3F89024D3F8941442EAE4
:102DC00001228280D3F89824D3F89C3442EA03236A
:102DD000C380704700700240014B0122DA647047E3
:102DE00000700240014B01221A65704700700240DA
:102DF000014B01225A65704700700240014B187860
:102E0000704700BF155E002010B50246EFF3118435
:102E1000202383F31288BFF36F8F0EF04BF90B4919
:102E2000012303FA00F00B6823EA00030B6012F0A1
:102E3000080101BF02F00F02054B02F5947243F83E
:102E4000221084F31188BFF36F8F10BDFC53002054
:102E500000700240F7B50146EFF31184202383F39D
:102E60001288BFF36F8FFFF71DFB054608460EF073
:102E700021F9012311F0800F2E4E03FA00F018D132
:102E8000336830EA03020AD00846FFF7BDFF032388
:102E9000AB7584F31188BFF36F8F03B0F0BD2A7355
:102EA000254A23EA00033360136823EA0003136012
:102EB000EDE70B0715D48029204B2FD001F00F022E
:102EC00002F2DA325200C3F80028D3F80428D3F80B
:102ED000047842F00202D2B23A43C3F80428D3F88D
:102EE0000438154F32683B6862EA030C1CEA000F95
:102EF000CFD003433B6000232B73032322EA00025D
:102F0000AB758DF807300E4B326006221B68ADF8AA
:102F100004208DF8061001A89847BAE740F2B47271
:102F2000C3F80028D3F80428D3F8047842F0040248
:102F3000D1E700BFF8530020FC530020007002408E
:102F40000054002010B504464FF0FF324FF0FF331D
:102F5000064806F051F82046FFF77CFF034806F0CC
:102F600011F8034B8022C3F8042110BD2C18002057
:102F700000E100E0F8B54FF0FF324FF0FF332A4890
:102F800006F03AF8294B8022C3F884212720E9F77C
:102F9000FFFB98B1264E274B34681B686FF30F0474
:102FA0001C43012764BB244D40F2FF1333602720EC
:102FB000C5F80445E9F7D8FBC5F800431F4A137864
:102FC0008BB11D4B0021C3F808110121C3F8002665
:102FD000C3F804165960D3F808110029FBD000216A
:102FE000C3F808111170144B0022C3F80025FFF735
:102FF000A5FA0D4805F0C6FF114B01221A70F8BD65
:1030000094FAA4F5B5FA85F50F2DC6BFA5F1100009
:10301000C0B245F08000030701D4FFF71BFF07FA99
:1030200005F524EA0504BDE72C18002000E100E0C6
:10303000FC530020F853002000700240135E002073
:10304000175E002010B504464FF0FF324FF0FF33FB
:10305000114805F0D1FF2046FFF7FCFE04F00F03F6
:1030600001229A400D4B14F0800F15BFD3F81015B4
:10307000D3F8141521EA020221EA020214BFC3F8B0
:103080001025C3F81425044805F07CFF044B80226A
:10309000C3F8042110BD00BF2C18002000700240AE
:1030A00000E100E070B50446FFF7A0FB68B904F04A
:1030B0000F02012514F0800F144B05FA02F205D01F
:1030C000D3F810150A43C3F8102570BDD3F81415B2
:1030D0000A43C3F81425631E062BF6D8EFF31186B6
:1030E000202383F31288BFF36F8F2046FFF78CFEF7
:1030F00020460DF0DFFF064A1368854023EA0503EA
:10310000136086F31188BFF36F8FDEE70070024013
:10311000F8530020030610B5044605D4FFF716FE49
:1031200010B12046FFF770FE014BC3F8184510BDE3
:103130000070024014280ED8084A12F8103053B11B
:1031400002EB4002527832B108684343002093FBFF
:10315000F2F30B6070476FF0150070479F81050018
:1031600021B1012902D06FF085007047024B002089
:10317000C3F80015704700BF00700040054B0122E6
:10318000C3F8002590F8861009B1DA6070471A601C
:103190005A607047007000402DE9F0410B790F79BB
:1031A00003F01F03072B1DD80C780C2C1AD8DFE86E
:1031B00004F00808081907191C19191E2019220003
:1031C00003244A78032A18D0042A0BD100204A8805
:1031D00044F20A05AA4264D843F6FE75AA420ED804
:1031E000002A6CD06FF0150059E00424E9E70524AB
:1031F000E7E70624E5E70724E3E70120E7E7A2F590
:103200007F523F3A0B2AEDD801A555F822F000BFB6
:10321000CB320400E5310400E5310400E53104005F
:1032200041320400E5310400C3320400E5310400FA
:10323000E5310400E5310400E5310400BF3204004B
:103240000022DFF88CC08E799CF8A8E04FF00108CE
:1032500008FA03F517F02007EDB214BF2EEA0505B2
:1032600045EA0E054FEA00308CF8A85040EA0420E9
:103270009C444FEA031340EA024003F1804202F506
:10328000E04218BF474649798CF8A01040EA075041
:10329000C2F818050020C2F81005C2F81465BDE890
:1032A000F08144F21405AA420DD044F22805AA4246
:1032B0000BD044F20F05AA4294D10322C1E70222A7
:1032C000BFE70122BDE70422BBE70522B9E700BF43
:1032D000100E0020F7B50D464FF0FF335A484FF05F
:1032E000FF3205F089FE6E68731EFE2B44D8002362
:1032F0005648574F1A4626FA03F111F0010126D01D
:1033000017F803C0BCF1000F36D000EB031E6C7C35
:10331000DEF81815003C18BF012421F0807141EA45
:103320000461CEF8181503F151010901013240F88A
:1033300001C0D2B20133082BDDD12B7C083B062B18
:103340001AD8DFE803F0111925192119230000EB21
:10335000031CDCF8184524F08074CCF8184503F100
:10336000510424010151E5E700233849012AC1F83D
:10337000F0356B7C0ED97BB16FF01504324805F047
:1033800001FE204603B0F0BD0223EEE70323ECE785
:103390000123EAE7082BEFD8C1F8F4352968530078
:1033A00011B1898901FB0333E968994248D3274B5E
:1033B000A968C3F82C162F46C3F830260FCF254C2A
:1033C00004F174060FC63B683360002626672B683D
:1033D00027468BB30FCB04F1880585E80F0065679E
:1033E000A4F8986040B3BFF35B8F57E8003F47E80D
:1033F0000062002AF9D1BFF35B8F1748D4F88850D8
:10340000164A31464FF400460023E5FB0601E3F778
:1034100077FE0022CDE90001002304F1080006F048
:103420006FFE0F484FF0FF324FF0FF3305F0E4FD21
:1034300000B12067246FA1E70648FFF79FFEF0E781
:103440006FF00B049AE700BF500E002000700040A0
:10345000B00E0020100E00203F420F0040420F002F
:10346000680E002038B5114B0024C3F80441D3F88E
:103470000421C3F81041D3F810211222C3F8042309
:1034800005460720E9F762F9224603210720E9F7FC
:103490008DF90748836C13B9403005F073FD284659
:1034A0000449BDE8384009F049BF00BF0070004042
:1034B000100E002061310400F8B53C4BD3F8042114
:1034C000002A66D00021C3F80411D3F80421384C37
:1034D00001229A60C3F80015A66F94F8A8703742CD
:1034E000254606D1636FC3B93248BDE8F84005F000
:1034F00049BDD3F82C16F6B213461E4208D01F421F
:1035000005D0B1F90020002ABCBF00220A80023198
:103510005B009BB29F42F0D2E4E7D4F88C303BB121
:10352000B4F8982024499847012814D0022828D0BC
:10353000B4F89830B4F894209A4222D90133A4F810
:1035400098301A4BD3F82C26D3F8341689B202EBF4
:103550004102C3F82C26D4F8883023B9BDE8F840DE
:103560001348FFF70BBEBFF35B8F55E8003F5A1EB1
:1035700045E800210029F8D1BFF35B8F012BEDDC7A
:10358000F8BDD4F88830002BAED00C4810F0A6FA65
:10359000AAE7D3F810110029F2D0C3F81021D3F80C
:1035A000102101229A601A605A60E9E70070004019
:1035B000100E0020680E0020840E0020180E00203F
:1035C000084B70B5C31A0D4607499B100446594372
:1035D000064840220DF0B3FD2B4601462046BDE8CB
:1035E0007040184718540020B76DDBB684450500BD
:1035F00037B50C460B490C4A411A05460B48402387
:103600008910414300930A4823460DF0C3FD01464B
:1036100028B12846234603B0BDE83040184703B020
:1036200030BD00BF1854002001120500B76DDBB695
:1036300084450500002270B5032104461046E9F7D1
:10364000B5F80F4802F07AF80E4B984215D102F007
:1036500085F826690C49304608F0ADFF00280BDBE1
:10366000012535642469084904F11C0008F0A3FF12
:10367000002801DBE564002070BD6FF00400FBE76B
:10368000BD3704000000AD0B906A050010B50022A4
:1036900086B00123CDE9022304ABCDE90433084A07
:1036A000CDF800D06B46CDF804D00DF0A2FD28B9BE
:1036B0004FF480420023684605F09EFC06B010BD22
:1036C0001F12050010B5EFF31184202383F3128835
:1036D000BFF36F8F074A136823F00201DB07116005
:1036E00002D401200EF040FB84F31188BFF36F8FEA
:1036F00010BD00BF6854002030B4104B0C2202FBF8
:10370000003301460020D3E90E529863EFF3118095
:10371000202484F31288BFF36F8F1C6C04F0C00464
:1037200044F002041C6480F31188BFF36F8F1DB155
:103730002B46034830BC184730BC70471854002053
:103740008445050010B4EFF31180202282F3128823
:10375000BFF36F8F17490B6843F0020413F00103A6
:103760000C601AD04FF08043D3F80C14D3F80C340B
:1037700013F0010311D0EFF3118182F31288BFF32C
:103780006F8F0D4A136C03F0C00343F00203136400
:1037900081F31188BFF36F8F012380F31188BFF38A
:1037A0006F8F1BB110BC0020FFF7A6BF10BC01201B
:1037B00001F0ECBF685400201854002010B101281B
:1037C00004D07047034B1B6C5B0701D1FFF794BF1C
:1037D000704700BF18540020024AC3B21C2000FBEF
:1037E0000320704718540020094BBFF35B8F53E848
:1037F000002F42F0010143E800100028F7D1BFF389
:103800005B8F930702D4012001F0C0BF704700BF57
:103810006854002010B5EFF31184202383F312883D
:10382000BFF36F8F074A136823F001019B071160F4
:1038300002D401200EF098FA84F31188BFF36F8F41
:1038400010BD00BF685400202DE9F0413849BFF396
:103850005B8F8046012251E8003F41E800200028AC
:10386000F9D1BFF35B8F33B9324933484B60CB603A
:103870008A6008F0B3FE08F1FF33012B56D8B8F187
:10388000010F07D14FF08043D3F81C3403F003033A
:10389000012B4BD00FF0AAFF054610B9274B1B7820
:1038A0005BB9EFF31186202383F31288BFF36F8F88
:1038B0000125234F4FF0804423E04FF08043022244
:1038C000C3F808230646F4E70021212010F043F84E
:1038D00007E0B8F1010F1ED0002DF5D030460AF0F8
:1038E00029F8D4F8183563B9D4F804214AB1C4F8DA
:1038F0000431D4F804310123C4F81835C7F88031F5
:10390000A360D4F81824D4F81834D20303F00303C6
:10391000E2D5012BDDD12DB94FF080430222C3F84F
:10392000042303E086F31188BFF36F8FBDE8F081B5
:103930001454002004540020345400203D5E002024
:1039400000E100E008B507480FF007FC38B1064871
:10395000E9F78EF90448E6F7D1FF002008BD6FF0C3
:103960001200FBE7CC4505006D3904000A2838B584
:10397000074D044604D1AB680D21DB692846984702
:10398000AB680348DB69E1B29847204638BD00BF09
:10399000CC450500EFF31182202383F31288BFF397
:1039A0006F8F0A4BD3F8001161B10021D3F80805DD
:1039B000C3F80011D3F80031C0B282F31188BFF30D
:1039C0006F8F70476FF00A00F7E700BF00D000402C
:1039D000F0B58378C678EFF3118E202484F3128833
:1039E000BFF36F8F057890F801C05B1B33409A429C
:1039F00088BF9AB2AF1837402C4607708EF31188F3
:103A0000BFF36F8F8F188F4219D165450CD1EFF33B
:103A10001181202484F31288BFF36F8F04784470DF
:103A200081F31188BFF36F8F00799B1A984228BFEA
:103A3000074B91B224BF01221A600846F0BD00EB8B
:103A4000040E01349EF805E001F801EB3440DAE79A
:103A500000D00040DB432DE9F04713F001050F468D
:103A6000144604D02448FFF7B3FFBDE8F087B2B393
:103A7000EFF31186202383F31288BFF36F8F0D209D
:103A8000E8F786FE80460D20E8F76EFE86F3118883
:103A9000BFF36F8FDFF868A0184ECAF80051DAF84C
:103AA00000314FF400590123CAF800302546C6F80A
:103AB0008091DAF80031A3B1FFF76CFF0028A4BFB2
:103AC00005F1FF35ADB2C6F88091A8BF7855002D3D
:103AD000EFD1B8F1000F02D00D20E8F737FE2046F5
:103AE000C3E7EFF31180202383F31288BFF36F8FB6
:103AF00009F020FFDDE700BF9C54002000E100E05A
:103B000000D0004070B50D4614460CB9204670BD7B
:103B10004FF0FF334FF0FF320C4805F06DFA2246AC
:103B200029460B48FFF754FF0646084805F02AFAD5
:103B30003EB94FF0FF324FF0FF33064805F05CFA14
:103B4000E6E7A41BA4B23544DFE700BF6C540020B5
:103B5000B15400208454002038B501221146194880
:103B60000FF02AFD174D0122002105F118000FF07A
:103B700023FD40F20743A5F848304FF070632B63F4
:103B80000C2385F8343000240F4B85F84540A5F808
:103B90004640D3F8042542F00102C3F80425C3F8D7
:103BA0000041D3F800210122C3F8042303211A6045
:103BB0000D202246E8F7FAFD0D20E8F7C7FD204664
:103BC00038BD00BF6C54002000D0004010B5FFF796
:103BD000E1FE00281FDB164B93F8322093F83140AA
:103BE00093F83310141B31EA04040DD193F84720E5
:103BF00093F8464093F84810141B31EA04040BD1A3
:103C00000C4B01225A600EE09C180132114084F8DE
:103C1000350083F8321010BD9C180132114084F831
:103C20004A0083F847100448BDE8104005F0AAB9DF
:103C30006C54002000D000408454002000F17440F7
:103C400000F5A6000A289ABF024B33F910006FF066
:103C50000F0070475C770500024B0B600123136077
:103C6000704700BF386B050000487047AC6A05001C
:103C7000054B994206D14FF0FF324FF0FF33183019
:103C800005F0BAB9704700BF0000AD0B2DE9F3474E
:103C900007460E461D469046002A72D0002B70D073
:103CA000042B01D9AB076CD1374C344069D17A6809
:103CB000D26AAB19934264D838460DF09FFB204678
:103CC0000DF073FB002859D1032D1ED80421324674
:103CD0000DEB01000EF0FCF8044601463869FFF7D1
:103CE000C7FF2A4B9C4233D12A46414601A80FF018
:103CF0007AFF042132460DEB01000EF0E6F804468F
:103D000001463869FFF7B4FF22E0214B08EA0303BC
:103D1000B3F1005F2ED0DFF874A0042DA94628BFB0
:103D20004FF004094A46414601A80FF05CFF3246B5
:103D3000494601A80EF0C9F8044601463869FFF764
:103D400097FF544504D1B5EB0905C8444E44E4D16E
:103D50002046FFF773FF054601200DF026FB0446C1
:103D600038460DF067FB002D14BF2846204602B0F0
:103D7000BDE8F087324629464046BEE76FF00405AD
:103D8000EAE76FF01500F2E7030000800000AD0BDA
:103D9000030000E02DE9F04F814685B088461C46BF
:103DA0001646002A00F08F80002B00F08880002942
:103DB000C0F289804268D26ACB18934200F28380B5
:103DC000C8F1000505F003050DF018FBA54228BF5A
:103DD0002546734203F0030306F0030B58BFC3F1FB
:103DE000000BCBF1000B0BF0030BA34528BFA34640
:103DF000631BA4EB0B0424F0030423F00307A74286
:103E0000C8BF274603F0030AC8BFA3EB040AC7B123
:103E100006EB0B0308EB05023946184601930EF03A
:103E200057F804460146D9F81000FFF721FF274A4A
:103E3000944239D15D4504D001993A4670190FF08A
:103E4000E0FEBDB1C5F1040BA8EB0B02042102A8F2
:103E50000EF03EF804460146D9F81000FFF708FFBF
:103E60001A4A944202AB1FD12A4603EB0B0130469B
:103E70000FF0B9FEBAF1000F1FD0082108EB0502C0
:103E80003A440DEB01000EF023F804460146D9F840
:103E90001000FFF7EDFE0D4B9C4205D178195246FC
:103EA00002A930440FF09FFE48460DF0C3FA2046A9
:103EB00005B0BDE8F04FFFF7C1BE044CF4E718466B
:103EC00005B0BDE8F08F6FF01500F9E70000AD0B0D
:103ED0002DE9F84F80461546002A6BD0C2F30B033C
:103EE000364A0A4053EA020464D14368DB6A6A181E
:103EF0009A420F465ED80DF081FA2046D8F8049019
:103F00000DF053FA002852D12D4EDFF8B8A0D9F8A1
:103F10002C30AB4228D10DF0DEFFAB460446D8F87A
:103F200010002146FFF7A4FE54453BD100214FF479
:103F3000A4700FF010FD01200DF01BFA041E06DB2B
:103F400014F00104F2D1B5EB0B055F44DFD1012081
:103F50000DF02BFA002C14BF2546054640460DF007
:103F600069FA2846BDE8F88FB5F5803F09D3BBB2A2
:103F700053B93946012002F091FC4FF4803B0446CE
:103F8000CDE7B5F5805F09D3C7F30B0030B93946EB
:103F900002F084FC4FF4805B0446C0E74FF0000B56
:103FA0003446BCE72046FFF749FE0446CFE76FF0F2
:103FB0000405D3E76FF01505D3E700BFFF0F0080BE
:103FC0000400AD0B0000AD0B2DE9F04F4FF0000BDE
:103FD00085B0CDE901BB334CCDF80CB0AB238DF8E7
:103FE0000430D4F824355FFA83FAD4F828355FFA20
:103FF00083F9D4F83035D4F83475D4F83865D4F86A
:104000003C555FFA83F84FF0FF33C4F824350120A4
:10401000C4F82835C4F83035C4F83435C4F8383518
:10402000C4F83C3502F012FCBAF1FF0F08BF4FF0A4
:10403000FF3AB9F1FF0FFFB208BF4FF0FF39B8F1F7
:10404000FF0FF6B208BF4FF0FF38FF2FEDB208BFE9
:104050004FF0FF37144BC4F824A5FF2E08BF4FF0D4
:10406000FF36FF2D08BF4FF0FF359842C4F8289562
:10407000C4F83085C4F83475C4F83865C4F83C55C4
:104080000CD1594601A80DF043F9044610B9082097
:104090000FF05EF8204605B0BDE8F08F6FF0040425
:1040A000F8E700BF009002400000AD0B2DE9F0439F
:1040B000436889B005460021586B0DF08AF9041E4B
:1040C00075DB002203212920E8F770FB6F682A695D
:1040D0003C49384602F0E4FAFFF7B0FD04460028F8
:1040E00060D1FFF771FF044600285BD14FF0030950
:1040F000CDE9049006909F2301460DF1080803AE18
:1041000005A8CDF80C808DF8143007960DF000F955
:104110000446002846D14A46414607F130000FF0D8
:104120002FFF002849D16A68537F023BDBB2012B85
:1041300041D9157F023DEDB2022D8CBF002501252E
:1041400002200DF016F9041E2CDBC4F34000A84237
:10415000E3B24FF0000533D083F002030120ADF845
:1041600004508DF805300DF004F9041E1ADB01AB84
:1041700003930121022305A8CDE904358DF80440FD
:1041800007958DF8141006960DF0C2F8044648B94C
:104190000D4C01200DF0EDF800EA0403012BF8D0DE
:1041A00000EAE07402F070FB08B102F05BFB20460D
:1041B00009B0BDE8F0830125C2E76FF01204F1E712
:1041C0002C46EFE70513050001000080F0B585B02F
:1041D00005460C4609F052F80746002843D12869E5
:1041E0000DF006F94CB1012C25D06FF0850428693B
:1041F00004F0C8FE204605B0F0BD6E6802F0CAFAB1
:104200001A4B984229D1B923214601A8CDE901448E
:1042100003948DF804300DF07BF804460028E6D1B5
:1042200003200EF095FF02F0D5FA706B01210DF01E
:10423000D0F80446DBE76E683946706B0DF0C9F8BC
:10424000041ED4DB2A690A49304602F029FA074BDA
:10425000984205D1FFF7B8FEEBE76FF00F04C6E711
:104260006FF00404C3E76FF00F04C3E70000AD0B69
:1042700005130500024B0B6001231360704700BF5C
:10428000C054002000487047406B050010B5012263
:1042900011460748074C0FF08FF9FAF743FB0DF072
:1042A000EDFD20600DF0E6FD6060002010BD00BF58
:1042B000C8540020C05400204FF08042D2F810357E
:1042C000D2F8101503F01E0321F01F010B4343F039
:1042D0000103C2F81035024B00221A70704700BF6C
:1042E000185E00204FF08053D3F83031082B20D1D6
:1042F0004FF08042D2F81015CB071AD5D2F81035FE
:1043000001F01E0123F01F030B43C2F81035D2F851
:1043100008315BB1D2F8103523F01F030B4343F093
:104320000103C2F810356FF08B007047024B012279
:104330001A700020704700BF185E0020F8B50446D0
:104340000DF098FD237B06460BB1FAF701FB134FE6
:104350000025FFF7C7FFE8B9606801F097FEA36882
:104360009B1BA3606368334463603B780BB1FFF72A
:10437000A3FF237B01353BB9A368002BE9D1A068DB
:10438000003818BF0120F8BD2846E4F7EDFA0028F0
:10439000F2D0F4E76FF08B00F5E700BF185E002065
:1043A000F0B587B00E4615460DF064FD2946074668
:1043B00030460DF066F8C0B3B6FBF7F307FB1363A6
:1043C0009BBBB5FBF7F407FB145474BBBD4221D370
:1043D0004FF0FF324FF0FF33154804F00DFEFAF7AF
:1043E000B3FA10220146C0B1214602A80FF022FC08
:1043F00001228DF814200F4ACDE900200E48CDE9A6
:104400000365FAF799FA6846E4F732FA0446084871
:1044100004F0B8FD204607B0F0BD02A80FF00AFC7A
:10442000CDE90365FFF78AFFF0E76FF01504F1E7C8
:10443000C85400203D430400645E010070B5037B56
:1044400004460BB1FAF784FA194E0125A368032B31
:1044500006D8184AD2F80034DB07FBD5002070BD1F
:10446000FFF740FF08BB23686068196801F02EFE63
:1044700033780BB1FFF720FF636804336360236870
:1044800004332360A368043BA360237B0135002B26
:10449000DCD02846E4F768FA0028D7D0054AD2F8DD
:1044A0000034D907FBD50120D9E76FF08B00D6E7A0
:1044B000185E002000E0014070B50D4686B0194638
:1044C000284616461C460CF0DCFF60B345EA0403A0
:1044D0009B0728D1F4B14FF0FF334FF0FF32134860
:1044E00004F08AFDFAF730FACDE9026502AB0494D4
:1044F00098B101228DF814200D4A41F64C50CDE9B7
:104500000023FAF719FA6846E4F7B2F904460748B7
:1045100004F038FD204606B070BD8DF81400184632
:10452000FFF78CFFF2E76FF01504F3E7C8540020A3
:104530003D44040038B544682369C3B104F1100058
:1045400001F058FC054690B9014604F1100001F055
:104550001DFC094B98420CD108492A4604F1100071
:1045600001F0F4FB2A4602210620E8F71FF900209B
:1045700038BD6FF00400FBE70000AD0B11470400ED
:104580002DE9F043144640F20636476887B0E0064E
:1045900004EA060654BFC4F340100320B6F5837F37
:1045A0003A7B8DF8030048D00DD8062E16D005D8DA
:1045B000A6B1022E43D06FF015003BE0B6F5807F28
:1045C000F9D101260AE040F20225AE4239D0B6F513
:1045D000407F38D0B6F5007FEDD1022601F01F05EF
:1045E00045EA4215220330D57A6801238B40C2F890
:1045F00008353A69A2BB05F01F036D092DD0012DC6
:104600007CD1414A02EB8302C4F30043D2F8001785
:1046100083F00103C4F3404444EA430421F4E1611C
:1046200044EA800421F0070144EA06230B43C2F860
:104630000037002007B0BDE8F0830726CEE7042648
:10464000CCE70526CAE70326C8E7630341BF012379
:104650007A688B40C2F80C35CBE74FF0A042D1E727
:1046600010370DF102022946384601F075FB14F4AB
:10467000403F80460CD1294638460DF0F1FB234BD4
:104680009845D6D19DF80210384601F0BDFBD0E721
:1046900001AB4FF0000903AA29463846CDE9043999
:1046A000CDE90199CDF80C9001F014FA174B98421E
:1046B00081D114F4003316D09DF803308DF80E30FC
:1046C000C4F3004484F001044B4603AA294638464B
:1046D0008DF80C608DF80D4001F0B6FA0B4B984246
:1046E0007FF469AFCBE7CDE9043303AA0DF10303EF
:1046F00029463846039301F0EDF9EFE703F5E0733F
:1047000052F82330FFDE00BF000300500000AD0B65
:10471000430970B502D0012B17D070BD0D4E33691F
:1047200059680029F9D000F01F0301250C689D404D
:104730000029F2D08A682A4002D04B683046984758
:104740002CB1236821461C46F2E7034EE7E72346D7
:10475000F8E700BFB44505009C450500F0B540688A
:10476000046987B0002C69D0057B01F01F04B2F505
:10477000001F44EA451400F1100506D121462846E1
:104780000DF070FB002007B0F0BD01AE0027B2F5C0
:10479000800F0197776039D1B3F1007F14BF0523F3
:1047A00004238DF804300023CDE904630393836868
:1047B00023FA01F111F001011AD1B2F1A07F17D152
:1047C00004F01F03620903F5E0732AD0012A3BD1EC
:1047D0001F4A52F82330DB070AD40DF10306324694
:1047E0002146284601F0B8FA1A4B98421CD002968E
:1047F00003AA2146284601F06DF9174B984220D1B3
:1048000001222146284601F00BFBBBE7B3F1C06F44
:1048100005D0B3F1007F14BF01230223C1E70323B6
:10482000BFE74FF0A042D4E73146284601F0F2FA44
:10483000094B9842DBD06FF00B00A4E76FF08500C6
:10484000A1E76FF015009EE751F82330FFDE00BFAF
:10485000000300500400AD0B0000AD0B0B680068B6
:10486000C01A024BC0105843704700BFABAAAAAA97
:10487000D0E90001014B0C220FF028BA5D4804007A
:1048800038B505690446284640F8044BFFF7F0FFA9
:1048900005F1100003490EF054FF636901221A71FB
:1048A000002038BDC51705002DE9F843194D06460F
:1048B0000F4600244FF00C08B368A34202D8002032
:1048C000BDE8F883726808FB04F3D118D058097961
:1048D0008368D3F81890B9F1000F17D0B7F5001F0F
:1048E00012D00269012312688B40134214BF4FF0AB
:1048F00030724FF0986202EA050302F4C002C84722
:104900000028DDD10134D7E73A46F4E76FF05700CD
:10491000D6E700BF400000062DE9F84F044629B154
:10492000012926D06FF08500BDE8F88F06690D4695
:104930000C27B368AB4206D97068002107FB05005D
:104940000CF046FE88B1666800250C277368AB4200
:1049500006D93068002107FB05000CF039FE30B1A4
:104960002046BDE8F84F0CF040BF0135E1E70135C6
:10497000ECE7D0F81080DFF8A8A000254FF00C0974
:10498000D8F80830AB4209D9D8F8047009FB05F60D
:1049900007EB060BB8590EF0E0FBB8B966680025C6
:1049A0000C277368AB4208D9326807FB05F302EBAA
:1049B0000308D0580EF0D1FB48BB606800210CF012
:1049C00038FE2046BDE8F84F0CF037BF4FF4803179
:1049D00058460CF0FDFD0028E0D1DBF808102369F3
:1049E0000A011B6C9C5003EB01119BF8043001225F
:1049F00002FA03F3C1E902A3B8598368DB69002B0B
:104A0000CCD0043198470028C8D10135B8E74FF41D
:104A1000003140460CF0DCFD0028CED10135C0E766
:104A200001180500036803F01F025B09026004D04F
:104A3000012B034818BF002070474FF0A04070477B
:104A4000000300502DE9F04FDFF888B185B015461E
:104A5000804600EB810140F2FF1A414503D100205E
:104A600005B0BDE8F08FD8F80030DA0A12F0080976
:104A700040F0A88002F00F02C3F308041B0E1BF8DD
:104A80000260544508BF4FF0FF34222B00F29D8096
:104A9000DFE803F012222633292F339B9B9B9B36A2
:104AA000409B9B9B9B9B9B9B9B9B437C7F829B9B5D
:104AB0009B85898C8F929500C5F80C45621C62D04D
:104AC00003A80394FFF7AEFF039B012707FA03F344
:104AD000C0F808353A4635E0C5F81445002715E01A
:104AE000C5F80845EAE7C5F808450027601C1FD14E
:104AF00049E0C5F80C450127F8E7C5F81045EDE792
:104B0000C5F80845002EE9D137460626631C3AD081
:104B1000002217E0C5F80C45F4E7C5F86045B8F881
:104B20000230671C03F001032DD0002BC8D10127F0
:104B300003A80394FFF776FF039B012202FA03F315
:104B4000C0F80C35D8F80030019303F40040002879
:104B500003A80CBF914601270394FFF763FF039A54
:104B6000019B00EB8200C3F341243302D0F80027FD
:104B700043EA8403164C43EA09031440234343EAFF
:104B80004703C0F8003708F1040866E7C5F8644534
:104B9000C5E7C5F86845C2E7C5F86C45BFE7C5F885
:104BA00024450127B2E7C5F8284587E7C5F8304511
:104BB000F7E7C5F83445F4E7C5F83845F1E7C5F837
:104BC0003C457BE76FF015004AE76FF0850047E74B
:104BD000F0F8FCFFC9810500014B01221A60704703
:104BE00000C000400C290CD103690749DB6A074863
:104BF0004B4393FBF0F100FB113311605360002035
:104C000070476FF08500704790D0030040420F005E
:104C1000044B00690022C3F80021D3F8003104F0EE
:104C2000B1B900BF00C000407FB505692B6B63B30D
:104C3000402901D00C292BD14FF0FF324FF0FF3328
:104C400005F1180004F0A8F8134B0193286B032317
:104C5000002469460394029307F0C0FC4FF0FF3232
:104C60004FF0FF33284604F0C7F9286B07F001FD29
:104C70000A4BD3F80825EA6201225A6005F11800B0
:104C800004F000F9204604B070BD6FF00A00FAE7A6
:104C90006FF08500F7E700BFD94B040000C000406B
:104CA00010B504690020FEF797FD20634FF0FF3236
:104CB000002120460EF080FC04F118000EF09BFB52
:104CC000002203210C20E7F771FD0C20E7F73EFDE1
:104CD000024B0122C3F80423002010BD00C0004095
:104CE000F0B54B79012B63D0032B40F09680102454
:104CF0008B79032B40F09180CD7915B1012D40F0D7
:104D00008C800A791AB1022A40F087800E220B6843
:104D1000B3F5967F4ED0B3F5167F4ED0B3F5966FB0
:104D20004ED0B3F5166F4ED0B3F5965F4ED0B3F5B7
:104D3000165F4DD0B3F5615F4CD0B3F5964F4BD0B5
:104D4000B3F5E14F4AD047F61226B34248D0B3F547
:104D5000164F48D04DF6C026B34247D0B3F5614F49
:104D600047D0B3F5963F47D0B3F5E13F46D0B3F512
:104D7000613F46D02A4EB34246D0B3F5E12F46D02C
:104D8000B3F5612F46D0274EB34246D14FF0805342
:104D9000476806693F68C7F8243543682C431B6899
:104DA0002243C3F86C2503C986E803000020F0BD48
:104DB00000249DE74FF4A033EAE74FF41C33E7E704
:104DC0004FF49E23E4E74FF41D23E1E7164BDFE7A2
:104DD000164BDDE7164BDBE7164BD9E7164BD7E74B
:104DE0004FF40003D4E74FF41D03D1E74FF46503FC
:104DF000CEE74FF46B03CBE7104BC9E74FF0EB73F3
:104E0000C6E74FF06C73C3E74FF08063C0E74FF025
:104E1000E863BDE74FF07063BAE76FF08500C6E75F
:104E200090D0030040420F0000B013000050270054
:104E300000F03A0000A04E0000C0750000903A015A
:104E40000022F8B5114606460220E7F7AFFC022023
:104E5000E7F77CFC31693046FFF742FF002841D17B
:104E60007768D7E9004313F0010514D0356905F1DF
:104E700014000CF077FF1E4B984236D1287D04F1C8
:104E80000C0204F590710CF063FF287D012505FAF2
:104E900000F000F0FDFB0823C4F800357B69C4F87E
:104EA000443501220023C4F84835A2606DB9D4F816
:104EB0002021002AFBD0C4F82031D4F8203101236E
:104EC000E3604FF48073C4F80433D4F85831002BF6
:104ED000FBD00023C4F8003530460649BDE8F84051
:104EE00008F02CBA6FF08500F8BD6FF00400FBE706
:104EF0000000AD0BF91B05002DE9F8430446466898
:104F000088460EF073FC4FF02009B0B9204B1B7897
:104F10009BB1642560680CF0D1FDF0B901200CF064
:104F200015FF013DF6D1002121200EF014FDF0E720
:104F300087F31188BFF36F8FF5E7EFF311873D46D5
:104F400089F31288BFF36F8F60680CF0B7FD80B9EA
:104F500087F31188BFF36F8FEFE7EFF311873D46BB
:104F600089F31288BFF36F8F60680CF0A7FD0028EB
:104F7000DED0736983F800807169012220460CF04D
:104F800081FD85F31188BFF36F8FBDE8F88300BF03
:104F90003D5E002070B5012383400E4ABFF35B8F56
:104FA000DC4352E8001F01EA040542E80056002EE7
:104FB000F7D1BFF35B8F4FF4803282400648C0F8D0
:104FC0000823BFF35F8FBFF36F8F0B4214BF012025
:104FD000002070BD985500200010014070B40E49AB
:104FE000D1E90034D01AC31844F1000422F07F46FE
:104FF000C1E90034A6F50013B3F5400F09D2074B01
:105000001B681A0A1B069C19054B42F10005C3E9EF
:10501000004570BC04F094BFF02A00209C5500208D
:10502000F82A002011B3BFF35B8F0123104A83409D
:1050300052E800CF4CEA030C42E800C10029F7D146
:10504000BFF35B8F0B4A4FF480338340C2F80433C5
:10505000094BBFF35B8F1B68BFF35B8FC340DB075C
:1050600042BF064B4FF40032C3F80021704700BF27
:1050700098550020001001409455002000E100E008
:105080000D4B1868010A0006BFF35F8F0B4BD3F876
:105090000435181841F10001B3F5801F0AD2084BFE
:1050A000D3E90023904271EB030303D210F1807027
:1050B00041F10001704700BF9C55002000100140E5
:1050C000F82A00202DE9F04F85B016461F469DF8BE
:1050D00040A00446FFF75EFF0290FFF7D1FFB04209
:1050E00071EB070360D23F4B301A67EB0101984226
:1050F00071F1000109D36FF0150520460299FFF701
:1051000091FF284605B0BDE8F08F374B03EB041341
:10511000D3E902239F4208BF964256D0334D4FF445
:10512000803904F1500109FA04F98900C5F848935F
:10513000204689B20CF0F0FD26F07F4B01F1804152
:1051400004F5A872DFF8ACE0019201F58831DC4685
:105150000323019A2CF07F4045F82200C5F84493C0
:10516000D5F804856FF00200A0EB0800604420F041
:105170007F40704529D9086878B1D5F80485A8EB37
:105180000B0020F07F40B0F5000F1ED9204603939E
:105190000CF0C2FD039BDFF85CE0BAF1000FAAD16E
:1051A00003EB080C0133D4E7BAF1000FA3D10123BC
:1051B0000F4ABFF35B8FA34052E8000F184342E849
:1051C00000010029F8D1BFF35B8F07490E98230136
:1051D00001EB0412C8500F9B5360C2E9026700251F
:1051E0008BE700BF01008000E02A00200010014092
:1051F00094550020FDFF7F007FB51C4C1C4BC4F86C
:105200000833C4F848331B4B00254FF0FF304FF0F4
:10521000FF31C4F80855C3E902014FF48033C4F8E4
:105220000433154B02264FF400320321C4F8046303
:105230001120C3F880212A46E7F7B8FA1120E7F7D2
:1052400085FA0E4A0123A360236013600C4B0D4ABC
:105250000093CDE9015500232846FFF733FF304680
:10526000FEF7F2FA284604B070BD00BF00100140FE
:1052700003000F00E02A002000E100E09855002024
:10528000DD4F0400FFFF7F002DE9F34D2E4CD4F8D5
:10529000043399070BD5D4F8043143B12B4A0023CA
:1052A000C4F80431D4F80431136801331360D4F81E
:1052B0000433DA0333D5BFF35B8F254B53E8002F5C
:1052C00022F0010143E800100028F7D1BFF35B8F03
:1052D000D30720D50025C4F84051D4F84031FFF75A
:1052E000CFFEEFF31182202383F31288BFF36F8F79
:1052F000184BD3E90267B042B94113D2294682F371
:105300001188BFF36F8F51B1CDF8008032463B4614
:105310000020884703E0D4F84031002BDAD102B0F6
:10532000BDE8F08D4FF0FF3A4FF0FF3BC3E902AB11
:10533000D3E900181D604FF48033C4F84833C4F833
:105340004051D4F84031DAE7001001409C5500206C
:1053500094550020E02A002030B5431C124C85B043
:1053600005D08442A8BF0446012CB8BF0124FFF732
:1053700087FE0E4B0C4DD3E90013401AB0F5000F19
:1053800010D22218AA4228BF2A4652184FF0000015
:1053900007490091CDE9010043F10003FFF792FEB8
:1053A00005B030BD2A46F0E7FFFF7F00F02A00205D
:1053B000DD4F040008B5FFF763FE024B1B68C01AFF
:1053C00008BD00BFF02A002010B5084C012363601F
:1053D0001120E7F7C9F9064BC4F80833C4F848337D
:1053E000044B4FF40032C3F8802110BD001001407F
:1053F00003000F0000E100E0BFF34F8F0549064BAB
:10540000CA6802F4E0621343CB60BFF34F8F00BF62
:10541000FDE700BF00ED00E00400FA05024AD2F803
:105420000034002BFBD0704700E0014010B54FF076
:105430008053D3F83021082A4ED14FF0804200210A
:10544000C2F80C11C2F81011C2F8381502F540422A
:10545000D3F80414C2F82015D3F80814C2F82415A0
:10546000D3F80C14C2F82815D3F81014C2F82C1570
:10547000D3F81414C2F83015D3F81814C2F8341540
:10548000D3F81C14C2F84015D3F82014C2F8441500
:10549000D3F82414C2F84815D3F82814C2F84C15D0
:1054A000D3F82C14C2F85015D3F83014C2F85415A0
:1054B000D3F83414C2F86015D3F83814C2F8641560
:1054C000D3F83C14C2F86815D3F84014C2F86C1530
:1054D000D3F84434C2F870350CF02AFC18B1444BB0
:1054E000444AC3F88C260CF023FC18B1424BFB2233
:1054F000C3F818250CF01CFC58B14FF080424FF057
:105500008051D2F8E43ED1F8581261F30303C2F897
:10551000E43E0CF00DFC20B1384B4FF40072C3F8A0
:1055200040264FF08053D3F83031082B09D14FF08B
:105530008043D3F80024D20744BF6FF00102C3F8C0
:1055400000242F4AD2F8883043F47003C2F8883020
:10555000BFF34F8FBFF36F8F4FF08053D3F83021DD
:10556000082A0BD1D3F83431042B81BF4FF010231C
:10557000D3F808224FF08043C3F858254FF010218C
:10558000D1F80C32DB0714D51E480123C0F80435CE
:10559000FFF744FFD1F80C3223F00103C1F80C32BD
:1055A000FFF73CFF0023C0F80435FFF737FFFFF794
:1055B00023FFD1F80032002B03DBD1F80432002B9B
:1055C00014DA104901234FF01020C1F804351224D9
:1055D000FFF724FFC0F80042FFF720FFC0F80442A5
:1055E000FFF71CFF0023C1F80435DEE710BD00BF44
:1055F000005000404881030000F00040009002404D
:1056000000ED00E000E0014030B50468CCB1BFF32C
:105610005B8FB4FA84F3C3F11F03DBB201229A401B
:1056200024EA020250E8005FA54204D140E8002CC1
:10563000BCF1000FF6D1BFF35B8FE6D102480B70CF
:1056400030BD0248FCE700BF0000AD0B0200AD0B0F
:1056500010B50368CB40DB0714D401238B400268EC
:10566000BFF35B8F43EA020150E8004F944204D13C
:1056700040E8001CBCF1000FF6D1BFF35B8FEED108
:10568000014810BD0148FCE70000AD0B0400AD0B64
:10569000014BC3F80405704700F00140F7B505461B
:1056A000B8B3012833D104224FF4807301464FF080
:1056B000804003440244C0F8081300240121116013
:1056C0001C608D421B688DF8071008BF0DF10704A0
:1056D00042F210774FF08046012D1FD0D6F81834D3
:1056E000C3F300432CB3D6F8182402F0030222605F
:1056F00043B19DF80730012B04D101200CF026FBAB
:10570000013FE9D1012D02D10B4B00225A7103B0A8
:10571000F0BD0C224FF482730221C8E7D6F80C3496
:10572000C3F300432CB1D6F80C2402F0010222701E
:10573000DEE7002BE1D1E5E7A0550020044B1A7904
:1057400022B9012218609A800248704702487047C7
:10575000A05500200000AD0B0C00AD0B08B5094BA7
:105760001B682BB10020E7F713F808B9E6F7EEFF46
:105770004FF080430022C3F81825034B01221A7012
:1057800008BD00BFA05500203B5E002010B510B141
:10579000012844D010BD4FF08043D3F81814D3F83B
:1057A0001824C80322D502F00303012B01D0CBB982
:1057B00000234FF080420220C2F8183508224FF42F
:1057C000827303F180430021196002F180421C685A
:1057D00001241460174A12682AB34FF08043C3F8BB
:1057E0000403D7E70020FFF759FFE1E7D3F81424BB
:1057F000D107DDD5D3F81C249207F3D40D4A1268E3
:105800001AB10222C3F80423C4E7D3F80421002A02
:10581000FBD00022C3F80421D3F80431BAE70022F8
:105820004FF48073CDE71A68002AFCD019601B681A
:10583000B0E700BFA055002010B54FF08043D3F86B
:1058400000216AB10022C3F80021D3F8002101220F
:10585000C3F80823114B587910B95A711B6898473F
:105860004FF08043D3F8042172B10022C3F8042121
:10587000D3F80421D3F81824D3F81824920704D1BC
:105880000122C3F818259A6010BD0222C3F808232C
:10589000024BBDE810401B6801201847A0550020AE
:1058A000036803F01F025B09026004D0012B034868
:1058B00018BF002070474FF0A04070470003005011
:1058C000034A430900F01F00D35C1844C0B270477C
:1058D000D181050070B50546FFF7F2FF0C4C08308A
:1058E0000E4634F81030DA0508D5C3F3432304EB31
:1058F000C302284654F8333052689847A3682BB146
:10590000E26831462846BDE87040184770BD00BFC8
:105910000815002011F0010310B50ED18A07C1F35C
:10592000400314D50B4BD3F820254260C3F8202543
:105930004368003B18BF012309E04FF0A042D2F8B2
:1059400020450460C2F820450268002AE6D01846C7
:1059500010BD00BF0003005010B5FFF7B1FF124AA1
:10596000083032F81030D9051CD5C3F3432123F495
:10597000F85322F8103002F10E04002034F8023FF0
:1059800013F4807F03D0C3F3432399420AD001303C
:105990003028F3D1002342F831300448BDE81040EC
:1059A000FFF756BE10BD00BF08150020801500206F
:1059B00008B5FFF785FF034B083033F81000400BA4
:1059C00008BD00BF0815002008B5FFF779FF034B9D
:1059D000083013F81000C0F3401008BD081500206F
:1059E0000022F0B51446012617468C420CD1114B0B
:1059F000D3F87C1131B10021C3F87C11D3F87C318C
:105A000042F000421046F0BDE3B29B009D0806FA4A
:105A100005F528420BD003F1804303F5C243D3F8C8
:105A200000C0BCF1000F02D01F601B682A43013484
:105A3000DBE700BF0060004008B5FFF741FF044B03
:105A4000083013F8100080F00200C0F3400008BDD9
:105A500008150020F7B507460846FFF731FF194E35
:105A600000F108050C4616F81530DB0727D5384637
:105A70000CF0D3F92046FFF7A7FF40B12046FFF70F
:105A800097FF396800F5A270002341F820302046C6
:105A9000FFF762FF002301A826F815300194FFF7F5
:105AA000FFFE019B00EB8300074BD0F8002713405B
:105AB00043F00203C0F80037044803B0F0BD0448C7
:105AC000FBE700BF08150020F0F8FCFF0000AD0B5D
:105AD0000400AD0B2DE9F043164685B00746084695
:105AE000FFF7EEFE0D463168044611B3DFF848813A
:105AF00000F1080938F819309B0703D52846FFF74D
:105B000063FF20BB00220B46CDE900228DF80E205A
:105B10008DF80F200DF10E010DF10F0228460CF04B
:105B200025F938F8193023F0020343F0010328F86F
:105B3000193073685BB3404993F800C05A6804F1A8
:105B4000080031F8103013F0020F02D0BAB13B4810
:105B500020E023F02003DB04DB0C21F8103072B1CD
:105B6000BCF1030FF3D87268526892F800E03A680B
:105B7000BCF1000F11D10EF5A27E42F82EC031F813
:105B8000103023F01C0343EA8C0321F81030B36873
:105B900043BB2B4805B0BDE8F08302EB8E0243EA1D
:105BA0004E33D2F8108528F00308C2F810853F68FC
:105BB00007EB8E0743F02003D7F8102521F81030AB
:105BC00022F44F3222F44072C7F810252A02D7F887
:105BD000108502F47C5242EA0C4242EA0802C7F8FD
:105BE0001025CCE7D3E900672846FFF7B5FE002E65
:105BF000CFD0114D2B689E4204D16B689F4201D1DA
:105C0000002209E00F480DF10F01FFF7FDFC0C4BDE
:105C10009842BFD19DF80F2045F8326005EBC203D2
:105C200008345F6035F8143043EA422343F480734C
:105C300025F81430ADE700BF081500200400AD0BB7
:105C40000000AD0B801500202DE9F0430C4685B017
:105C50008046204611469946FFF732FE054629B395
:105C60002046FFF7E9FE18B12046FFF7ADFE20BB46
:105C7000334E05F1080736F8173003F01C0313B153
:105C80004B78012B19D001238DF80F300023CDE97B
:105C900000134A1C8B1C20460DF10F010CF066F816
:105CA00036F8173043F0030326F81730B9F1000F28
:105CB00043D02046FFF7C0FE18B1224805B0BDE82A
:105CC000F08399F80070D8F800301D4E07F5A272E5
:105CD00043F8220005F1080036F8102022F02002D7
:105CE000D204D20C26F8102099F801502DB3D8F820
:105CF000001099F802E001EB87012D04D1F810356E
:105D000023F4991323F4F853C1F81035230203F454
:105D10007C5305F440354FEA0E54D1F810C52B439F
:105D200004F4801442EA4732234342F0200243EA5B
:105D30000C0326F81020C1F810350348BEE700BF59
:105D4000081500200400AD0B0000AD0B014BC3E9AA
:105D5000021270470815002010B508461446FFF7D8
:105D600033FE50B10846FFF7ABFD054B083033F862
:105D7000103004485B0B237010BD0348FCE700BFE4
:105D8000081500200000AD0B0400AD0B70B5164DDA
:105D900095F8804006462CBB2146602205F1100094
:105DA0000DF048FF30682E6F21468E420ED1002341
:105DB000C0F87C31D0F87C3140F30730E6F7C6FC00
:105DC00001230A4885F88030AB6770BDCBB29B00D9
:105DD00003F580727C2B08BF845001F1010108BFDC
:105DE0008358E2E70248F0E7081500200000AD0BF9
:105DF0000C00AD0B034B93F88000003818BF012056
:105E0000704700BF081500200148FFF721BC00BF04
:105E10007C1500200148FFF7F7BB00BF7C15002070
:105E200073B503680C461146D3F80423002AA8BFB3
:105E30004FF000420546A8BFC3F804232046FFF7F1
:105E4000C3FDE8B12046FFF7F7FDC8B12046FFF7D4
:105E5000AFFD82002C6802F580730026E650E358FF
:105E60002B681344D3F8102542F00102C3F8102523
:105E700021B12A6801238340C2F8043302B070BD07
:105E80002046FFF71DFD0F4B083033F81030C3F3E9
:105E90008203042B12D0052B12D001A80194FFF726
:105EA000FFFC019BD0F81015D94001F0010102312F
:105EB000204602B0BDE870400BF0A1BF0321F7E718
:105EC0000221F5E7081500202DE9F04F654B664FDC
:105ED000D3F80403396FC0B289B040F00040FFF737
:105EE0007FFD051E30DAB946002359F87C1F06A84D
:105EF000CDE90633FFF70EFD5C4B02930DF1180858
:105F00004FF0000A029A12F8013B0292DA0803F0FD
:105F1000070319F8022022FA03F3DA071AD40AF168
:105F20000103022B08F104084FF0010AEAD1396F8E
:105F30004FF00040FFF754FDF96F06A8FFF7EAFCA9
:105F40000028D9D125F000450124002D72D109B0D7
:105F5000BDE8F08F464B53440393D8F80060002E01
:105F6000DDD0039B96FAA6F61C78B6FA86F646EACA
:105F700044142046FFF7A4FCF2080830012337F848
:105F8000101018F8020006F0070603FA06F620EAD9
:105F9000060008F80200C1F3820B05A8CDF804B092
:105FA0000594FFF77DFC059A02F5E072CB0650F8E8
:105FB0002260C6F3014624D520460199FFF78AFCEA
:105FC00005A80594FFF76CFC059B03F5E073F6B29A
:105FD00050F82330C3F301439E4207D100212046ED
:105FE0000BF00DFF314620460BF009FF05A8059484
:105FF000FFF756FC059B012202FA03F3C0F8203597
:10600000ABE7022E14BF0221032120460BF0F7FE5E
:10601000BBF1030F04D0022E07D1BBF1010FE5D174
:1060200001992046FFF756FCE0E7032EDED1BBF1D5
:10603000020FF4E795FAA5F3B3FA83F304FA03F237
:106040009B0003F1804303F5C04325EA0205D3F822
:106050001005D3F81015C0F30520C1F30141FFF777
:1060600039FC72E70060004008150020E18105005E
:10607000E1810500044AD2F80034DB07FBD501605A
:10608000BFF35F8F704700BF00E001404FF08053C7
:106090001A69B0FBF2F302FB130373B9084B022237
:1060A000C3F80425C3F80805D3F80024D207FBD5AC
:1060B00000220448C3F8042570470348704700BF16
:1060C00000E001400000AD0B0A00AD0B10B5054C1F
:1060D0000123C4F80435FFF7CDFF0023C4F80435CD
:1060E00010BD00BF00E0014010B5174C237843BB42
:1060F00003789A0722D54FF08053D3F83021082A2D
:1061000008D1D3F83431022B02BF4FF08043012273
:10611000C3F8382601234FF08042C2F88035037857
:1061200003F00103C2F878350020E6F731FB08B927
:10613000E6F70CFB01230548237010BDC3F34003B1
:10614000E9E70348F9E700BF3C5E00200000AD0B23
:106150000C00AD0B4FF080434FF46072C3F808237E
:10616000014B00221A607047A855002008B5FFF7C0
:10617000F1FF03680BB1014A136008BDA855002068
:1061800010B54FF08043D3F80443620707D54FF4AE
:1061900084700BF077FE10B11E4B1B689847A30666
:1061A00008D54FF48A700BF06DFE18B11A4B002021
:1061B0001B689847600608D54FF48C700BF062FEA0
:1061C00018B1154B01201B689847210608D54FF4DC
:1061D0008E700BF057FE18B1104B00201B689847CB
:1061E000E20508D54FF490700BF04CFE18B10B4B44
:1061F00001201B689847A3050AD54FF492700BF055
:1062000041FE28B1054BBDE810401B68022018472D
:1062100010BD00BFB0550020AC550020A85500208F
:1062200001460148FFF7F0B98C15002070B5104DFC
:106230006C6B9CB14FF47A735C430A23B4FBF3F4A8
:106240000C4ED6F8003163B995F839304BB90A20B5
:106250000BF07CFD013CF4D1074870BD4CF250348A
:10626000EEE795F83930002BF6D10448F5E700BF8A
:10627000B4550020009002400700AD0B0000AD0BAC
:106280000A4B10B500220124C3F80045C3F80021D1
:106290001C6038B1FFF7CAFF054B984204D1054B8B
:1062A00083F83840024810BD0348FCE700900240E4
:1062B0000000AD0BB45500200700AD0B70B5324C9B
:1062C0000440B4F1005F5BD1304C94F83050012DA4
:1062D00005D09D4256D194F83850002D52D02C4D07
:1062E000022B0BBFC5F81025C5F80425C5F8140509
:1062F000C5F808050CBFC5F81815C5F80C154FF002
:10630000000684F8396026680CBF08250425BEB94C
:1063100094F838306BB11E4B05F1804505F52435F6
:106320000022C3F8002101232B60BDE87040FFF775
:106330007DBF0120FFF7A4FF164B9842EBD170BD43
:10634000A66826B1E0606161E2611348F7E7A261E7
:106350000F4A84F830300123A0602161C2F8006147
:10636000C2F8043394F8382002F0FF0012B9FFF7A6
:1063700087FFEAE705F1804505F524352B60E4E762
:106380000648DCE70648DAE7030000E0B4550020E1
:10639000009002400700AD0B0000AD0B0A00AD0BF2
:1063A0000B00AD0B084B9A685A621A699A629A6997
:1063B000DA62DA689A6032B15A691A61DA699A6106
:1063C0000022DA6070477047B455002000F01F03C8
:1063D00040090FD0012810D10B4A02EB83020B4B6E
:1063E000D2F80007034043EA012343F00203C2F856
:1063F000003770474FF0A042EFE7002203F5E0734B
:1064000052F82330FFDE00BF00030050F0F8FCFF1D
:1064100010B50E4B0238D3F83C26D3F8383607288F
:1064200013D8DFE800F0110F0D0B0A080604100E58
:10643000C871100C8871100A48710A711A0ECA705E
:106440001A0C8A701A0A4A700B7010BD0090024034
:10645000023807281FD8DFE800F02927251123215B
:106460001F04CB791B068A7943EA02434A7943EA3F
:1064700002230A7913430E4AC2F83C36CB781B0636
:106480008A7843EA02434A7843EA02230A781343AC
:10649000074AC2F8383670470023E4E70023E5E7EF
:1064A0000023E6E70023EBE70023ECE70023EDE71A
:1064B000009002400268154BFF2A08BF4FF0FF32E0
:1064C000C3F824254268FF2A08BF4FF0FF32C3F803
:1064D00028258268FF2A08BF4FF0FF32C3F8302515
:1064E000C268FF2A08BF4FF0FF32C3F834250269A3
:1064F000FF2A08BF4FF0FF32C3F838254269FF2A50
:1065000008BF4FF0FF32C3F83C25704700900240AF
:106510000A4B002283F83820094B01214FF08050AC
:10652000C3F808131961D0F83001082808BF59656D
:10653000C3F80025C3F80021704700BFB455002000
:106540000090024030B5194D0FCD8DB006AC0FC490
:1065500095E8030084E803001549D1F82435DBB23F
:106560000093D1F82835DBB20193D1F83035DBB296
:106570000293D1F83435DBB20393D1F83835DBB26E
:106580000493D1F83C3506A8DBB20593FFF792FFE0
:106590000023C1F8003101230B60D1F80031002B3A
:1065A000FBD06846FFF786FF0DB030BD344C0500C8
:1065B0000090024070B590F82930044613B190F86D
:1065C0002A204ABB6068FF2860D0A268FF2A5DD0FD
:1065D000E268FF2A5AD02269FF2A57D0B3B90321B3
:1065E000FFF7F4FEA068FFF7F1FEE068FFF7EEFEAC
:1065F0002069FFF7EBFE6069FF2801D0FFF7E6FE98
:10660000A069FF2802D00321FFF7E0FE94F82A30AA
:1066100013B9201DFFF74EFF1D4E636A73631D4DB6
:1066200094F8293086F83A300123C5F80833FFF78B
:1066300089FF2368C5F84035A37F617F227F9B01D6
:1066400043EAC1031343E27F43EAC213C5F844356A
:10665000D5F8002694F8203022F07F4222F0FF0285
:10666000134394F8212043EA026394F8222043EA7A
:10667000426394F8232043EA0273C5F80036336876
:1066800013B12920E6F762F8034870BD0348FCE720
:10669000B4550020009002400000AD0B0400AD0B8B
:1066A00038B50D4C94F830509DB9C4E9001248B982
:1066B0000023C4E902330122084884F8302084F81A
:1066C000383038BDFFF776FF044B9842F0D00448CD
:1066D000F7E70448F5E700BFB45500200000AD0B14
:1066E0000400AD0B0C00AD0B2DE9F843DFF8A090D2
:1066F000074699F830000128884615463DD199F89B
:1067000038301F4E6BB31F4C0123C4F80833FFF71A
:1067100019FFB8F1000F2BD14FF0000889F839802C
:10672000C4F80081BB787A781B0343EA02233A78E5
:106730001343FA7843EA42333A7943EA82337A7967
:1067400043EAC233C4F83436FFF770FDB0420CD0D0
:10675000C4F800811DB178782946FFF759FE0A4830
:1067600004E0FFF78DFDB042CDD10548BDE8F883C8
:1067700078784146FFF76CFECEE70448F6E700BFA5
:106780000700AD0B009002400000AD0B0B00AD0BFD
:10679000B45500201FB50C4A02920DF107020023E8
:1067A000114602A88DF80730ADF80C30FFF79CFFBA
:1067B000064B984206D19DF8073013F0010F044BA9
:1067C00018BF184605B000BD050200010000AD0B62
:1067D0000B00AD0B2DE9F8431A4E2920E5F7C4FF55
:1067E000FFF796FE96F83A3033BB174BD3F82405E3
:1067F000D3F82895D3F83085D3F83475D3F83855C5
:10680000D3F83C45C0B20BF05DFB5FFA89F00BF0AA
:1068100059FB5FFA88F00BF055FBEDB2F8B20BF0C4
:1068200051FBFF2DE4B202D028460BF04BFBFF2CAE
:1068300002D020460BF046FB002386F83030BDE83E
:10684000F88300BFB455002000900240034B93F83A
:1068500038300BB9FFF714BD01487047B45500201C
:106860000C00AD0B08B5054B93F83030012B03D16C
:10687000FFF74EFE024808BD0248FCE7B455002071
:106880000000AD0B0B00AD0B034B93F8300000384C
:1068900018BF0120704700BFB455002038B58B07E2
:1068A00035D11D4B1D681DB193F83020012A30D120
:1068B0001A4C0022C4F81C15C4F8200583F83920AE
:1068C00095B993F8383043B10023C4F8003101235F
:1068D000E360BDE83840FFF7A9BC0120FFF7D0FC1A
:1068E0000F4B9842F0D138BD042183F83010C4F822
:1068F00000210122C4F8042393F8383003F0FF008C
:106900001BB9FFF7BDFC0748EDE7E260FBE706486F
:10691000E9E70648E7E700BFB455002000900240D1
:106920000700AD0B0000AD0B0A00AD0B0B00AD0B6B
:1069300010B5224BD3F8002192B1214C0022C3F8AC
:10694000002194F8381094F8302071B90121032AFD
:1069500084F8381005D0042A05D0022A00D19960A5
:1069600010BD5960FCE7D960FAE7032A19D0042A60
:1069700019D0022A04D1012384F82030FFF712FD38
:10698000A36813B9012384F8303094F8393003F048
:10699000FF0013B9D4E900319847002384F8203070
:1069A000DEE70223E8E7032284F82020D3F81C2541
:1069B0006262D3F8203584F82830E1E70090024085
:1069C000B4550020C02AF0B543D0B2F5807F42D044
:1069D000802A40F0B7800A230360520900234360F5
:1069E000041D034601EB820251F8045B44F8045F86
:1069F0008A42F9D102680C2A2FD00E2A5CD00A2ACA
:106A000025D1524D524CA030596955F8046B9F68FE
:106A1000C1F307227E40A25C72400E0E1033A65DC9
:106A200082EA0642CEB2A65D82EA0662C1F307465A
:106A3000A65D82EA062253F8046C9A6072401E68D2
:106A4000DA60724051401A6159619842DCD10020ED
:106A5000F0BD0C23C0E70E23BEE73C4C3C4DC030DC
:106A6000D96954F8046B9F68C1F307227E40AA5C81
:106A700072400E0E1833AE5D82EA0642CEB2AE5DB3
:106A800082EA0662C1F30746AE5D82EA062253F847
:106A90000C6C9A60724053F8086CDA60724053F8DC
:106AA000046C1A6172401E685A61724051409A61CA
:106AB000D9619842D4D1CAE7244E254CE0305D6AB2
:106AC00056F8041B9F68C5F307227940A25C9F69B2
:106AD0004A40290E2033615C82EA0142E9B2615CDE
:106AE00082EA0162C5F30741615C82EA012253F840
:106AF000141C9A604A4053F8101CDA604A4053F85C
:106B00000C1C1A614A40D1B25A61615C7940170E7F
:106B1000E75D81EA0761C2F30727C2F30742E75D39
:106B2000A25C81EA072181EA024253F8041C9A61BF
:106B30004A401968DA614A4055401A625D629842DB
:106B4000BDD184E76FF01F0082E700BF006C050035
:106B5000E38205002DE9F04FC9B0044602A80D46B6
:106B600017460BF0BCF9002363603A46294602A899
:106B7000FFF728FF8046002834D1029D039B324E48
:106B8000324F256004A903EB850301EB830251F822
:106B90002330A3605368E36093682361D368636123
:106BA00004F1180C103A6B1E9E4661469146BEF1E8
:106BB000000F20DC002D4FEA0313C8BF1C46C3F1B1
:106BC0000003D8BF002302EB0300D8BF00240CEB66
:106BD0000401D3584CF8043043684B6083688B60E1
:106BE000C368CB6002A84FF48C7100F049FF4046A7
:106BF00049B0BDE8F08F01F11000A9F1040B01903C
:106C00005BF8040F040E3C5D56F824A0C4B23C5D52
:106C100056F8244084EA3A2AC0F30724C0F3074018
:106C20003C5D385C56F8244056F820008AEA34640B
:106C300084EA304441F8044B01988142E0D10EF1DE
:106C4000FF3EA9F11009B2E7286C0500E3820500B8
:106C50002DE9F04F00F1080344680D6803EB840C44
:106C600053F824304C6893B06B400293DCF8043046
:106C70000192634003938C68DCF80830C968634074
:106C80000493DCF80C304B4005930368DDE90445C0
:106C9000DDE902014FEA6309D14B09F1FF390CF13B
:106CA000300C4FF0000A5CF8102C06925CF80C2CAB
:106CB00007925CE9086E5CF8082C08925CE906878C
:106CC000B9F1000F5CF8042C09920CF1200C00F3D0
:106CD000CA80BAF1000F03D1DDE90201DDE9044504
:106CE0005FFA80F94FEA156C53F8299053F82CC0DD
:106CF000069A86EA090686EA3C26C1F3072C5FFA63
:106D000084F953F82CC053F8299086EA3C66C4F302
:106D1000074C88EA090853F82CC086EA3C465FFA1B
:106D200081FC0E9653F82CC08EEA0C0C4FEA106EC4
:106D300053F82EE08CEA3E2CC4F3072E240E53F8B1
:106D40002EE053F824408CEA3E6CC5F3074E53F80E
:106D50002EE08CEA3E4C4FEA116EC1F3074153F826
:106D60002EE0CDF83CC088EA3E28C5F3072EEDB2F0
:106D700053F82EE053F8255088EA3E68C0F3074EDA
:106D8000C0F307206F4053F8200053F82EE053F86B
:106D9000213087EA342787EA306787EA3347F0B241
:106DA000904B1197390E185C595C504080EA016095
:106DB000CCF3072188EA3E4E595C079ACDF840E0B3
:106DC00080EA0120CEF307415FFA8CF4595C1C5D28
:106DD00080EA0140310E5440595C0A9084EA016413
:106DE000CEF307215FFA8EF5595C84EA0124C7F3DC
:106DF00007414FEA1E6E595C84EA01444FEA1C6168
:106E00000B94595C089A5D5D13F80EE0554085EAD5
:106E10000165C7F30721FFB2595C099A85EA01258C
:106E2000C6F30741C6F30726595C9E5D85EA014516
:106E3000D95D0C95CCF3074C514013F80C30019AF6
:106E400081EA0E6181EA062181EA03431060546001
:106E50000AA89560D36020210D9300F011FE002058
:106E600013B0BDE8F08F4FEA156A089A53F82AB0BC
:106E70005FFA80FA09F1FF3953F82AA086EA0A0A74
:106E8000C1F307268AEA3B2A53F826608AEA366A63
:106E9000C4F3074653F826608AEA364A060E53F8CA
:106EA00026B0CEB253F826608EEA0606C4F3072E4B
:106EB00086EA3B2653F82EE086EA3E66C5F3074E87
:106EC00053F82EE086EA3E464FEA116EC1F30741C1
:106ED00053F82EB053F821105FFA84FE240E53F8B5
:106EE0002EE053F8244088EA0E0EC5F30728EDB2D1
:106EF00053F8288053F825508EEA3B2E8EEA386EE0
:106F0000C0F30748C0F307207D4085EA342453F8D6
:106F1000205053F82880079F84EA356585EA31457B
:106F20005FFA8AF0290E069C53F8200053F82110CE
:106F3000604080EA3120C6F307218EEA384853F8D2
:106F4000211080EA3160C8F3074153F8211080EA2C
:106F500031404FEA1A6153F82140F1B253F8211041
:106F60004F4087EA3421C8F3072453F8244081EACC
:106F70003461C5F3074453F8244081EA3441340EA8
:106F8000C6F3074653F824705FFA88F44FEA18688E
:106F900053F82440544084EA3724C5F30727EDB260
:106FA00053F8277084EA3764CAF30747CAF3072AFD
:106FB00053F8277084EA374453F8287053F8255063
:106FC000099A53F82660554085EA372553F82A7008
:106FD00085EA376585EA36454FF0010A63E600BF6A
:106FE00028700500E38205002DE9F04F00F1080349
:106FF00044680D6803EB840C53F824304C6893B05C
:107000006B400293DCF804300192634003938C6878
:10701000DCF80830C96863400493DCF80C30029C4B
:107020004B4005930368059DDDE903104FEA6309B2
:10703000D14B09F1FF390CF1300C4FF0000A5CF82C
:10704000102C06925CF80C2C07925CE9087E5CF828
:10705000082C08925CE90686B9F1000F5CF8042C54
:1070600009920CF1200C00F3CA80BAF1000F03D191
:10707000DDE90310029C059D069A5FFA84F94FEA48
:10708000116C53F8299053F82CC087EA090787EA56
:107090003C27C5F3072C5FFA80F953F82CC053F84E
:1070A000299087EA3C67C0F3074C88EA090853F83F
:1070B0002CC087EA3C475FFA81FC0E9753F82CC03E
:1070C0008EEA0C0C4FEA106EC0F3072053F82EE046
:1070D00053F820008CEA3E2CC4F3072E53F82EE020
:1070E0008CEA3E6CC5F3074E53F82EE08CEA3E4C1A
:1070F0004FEA156EEDB253F82EE053F82550CDF857
:107100003CC088EA3E28C1F3072EC1F3074153F87B
:107110002EE088EA3E68C4F3074E240E6E4053F812
:10712000244053F82EE053F8213086EA342686EACC
:10713000306686EA3346F8B2904B11964FEA1C61EE
:10714000185C595C504080EA0160C6F3072188EA68
:107150003E4E595C079ACDF840E080EA0120CEF31C
:1071600007415FFA8CF4595C1C5D80EA01404FEAEC
:107170001E615440595C0A9084EA0164C7F30721F8
:107180005FFA8EF5595C84EA0124C6F30741CEF319
:10719000072E595C84EA0144310E0B94595C089A1D
:1071A0005D5D554085EA0165CCF30721F6B2595C77
:1071B000099A85EA0125C7F307413F0E595CDF5D57
:1071C00085EA0145995D13F80E600C95CCF3074CE8
:1071D000514013F80C30019A81EA076181EA0621D7
:1071E00081EA0343106054600AA89560D3602021AF
:1071F0000D9300F045FC002013B0BDE8F08F4FEA7E
:10720000116A089A53F82AB05FFA84FA09F1FF3933
:1072100053F82AA087EA0A0AC5F307278AEA3B2A15
:1072200053F827708AEA376AC0F3074753F8277084
:107230008AEA374A070E53F827B0CFB253F82770BF
:107240008EEA0707C4F3072E87EA3B2753F82EE0A0
:1072500087EA3E67C5F3074E53F82EE087EA3E47BC
:107260004FEA156EEDB253F82EB053F825505FFA81
:1072700080FEC0F3072053F82EE088EA0E0EC1F31B
:1072800007288EEA3B2E53F828808EEA386EC4F326
:107290000748240E754053F8244053F82880079E71
:1072A000C1F3074185EA342453F8205053F82110E4
:1072B0005FFA8AF084EA356585EA3145390E53F87C
:1072C0002040069853F82110444084EA3124C5F345
:1072D00007218EEA384853F8211084EA3164C8F354
:1072E000074153F8211084EA31444FEA186153F8FA
:1072F0002100F9B253F82110714081EA3021CAF31C
:10730000072053F8200081EA3061C5F3074053F8A5
:10731000200081EA3041280EEDB253F820605FFA78
:1073200088F0C8F3072853F82000504080EA362040
:10733000C7F30726C7F3074753F8266080EA36608D
:10734000CAF307464FEA1A6A53F8266080EA3640C5
:1073500053F82A6053F82550099A554085EA362596
:1073600053F8286085EA366553F827604FF0010A24
:1073700085EA364563E600BF286C0500E381050019
:10738000F0B50C4C0C4E63680BB91846F0BDDD79B6
:10739000C5F3840556F825502D78854208D15D79CE
:1073A00005F00F07B1EB871F02D1B2EB151FECD030
:1073B0000834E8E7287405009015002038B5044625
:1073C00038B390F84430012B11D1C56B4DB12B7AF5
:1073D000012B02D168680BF058F80C2128460AF0FE
:1073E00021FE20464821BDE8384000F049BB006C32
:1073F00010B124210AF016FEE06B0028F1D02368BA
:10740000044ADB79C3F3840352F823309B6998471D
:10741000E7E738BD9015002038B505460C46A9B100
:10742000482200210CF006FCE379094AC3F38403E7
:1074300052F823305B6913B92C60002038BD98479F
:10744000E8630028F8D1A0F5C340F7E70148F5E765
:1074500090150020009FFFFF2DE9F0431E46DBB290
:10746000012B87B00446884615466ED8D0F80090A8
:10747000B9F1000F69D090F84430012B39D1C76BB6
:107480001822002168460CF0D5FB6B075DD13B7AD2
:10749000002B5AD199F80630102B08D80D2B08D89C
:1074A000023B052B05D92A4807B0BDE8F083263BEF
:1074B000F7E74FF41053ADF800304FF440730293E8
:1074C0003B46414653F8042B0392EA1DD208684616
:1074D0000BF0A5F810F1860FE5D028B18D301D48CE
:1074E00018BF6FF06F00DFE701233B726560267203
:1074F000DAE799F8073003F00303012B06D899F86F
:10750000053003F00F03B2EB831F1ED165602672B6
:1075100099F80730104AE06BC3F38403012E52F848
:10752000232009D099F8053003F0F001302903D069
:1075300003F0E003402B06D1D3682A46414607B04A
:10754000BDE8F04318471369F7E70448ACE700BF0C
:10755000809FFFFF809EFFFF90150020009FFFFF90
:107560002DE9F04F154685B00268DDF838A00446D5
:10757000884699461AB9604805B0BDE8F08F90F882
:107580004420012A01D15D48F6E70022CAF8002014
:107590000268002A00F0AB80167916F01F0600F092
:1075A000A680527902F0F002102A15D1B54240F0BF
:1075B000A080CAF8005002685149D279C2F384020F
:1075C00051F8222090F908105568C06B4246AC462D
:1075D00005B0BDE8F04F6047994208D1436A002BDF
:1075E000C9D1B5FBF6F306FB1353002BC3D1202AF8
:1075F000C9D194F90830626A03928BB9039BE2689F
:10760000F31A8AB1AB4211D3039814302A4641468B
:1076100020440CF0E8FA636A2B4463620020ABE775
:10762000012B03D1039BF31AAB42EDD8039B4BB361
:10763000A6EB030B03F114005A46414620440CF01C
:10764000D2FA23462E4953F8142BD279C2F384027E
:1076500051F82220CDE90039936894F90810E06BC5
:107660001F46324604F12803B847002884D1DAF8CF
:107670000030039F33442F44CAF80030B1446062A5
:10768000D844BD1B002DC9D0B5FBF6F706FB175734
:1076900037B994F908301BB9E368BB4218BF3746C5
:1076A000ED1B3A4608EB050104F114000CF09BFABF
:1076B000636A3B446362002DB0D02368104ADB79D3
:1076C000C3F3840352F82330CDE900892A469E682B
:1076D00094F90810E06B04F12803B04700287FF408
:1076E0004BAFDAF800302B44CAF8003044E70548C5
:1076F00042E7054840E700BF009FFFFF809FFFFF74
:1077000090150020809CFFFF809DFFFF70B50C232B
:107710000024CD582EBA44EA460212BAC250043BA5
:107720001A1DC5F3C014F4D1084B1A680B7882EA0D
:10773000D31253085B4252421343DB17C27B03F060
:1077400087035340C373002070BD00BFF055002075
:1077500038B5054670B1046864B159B10123FFF72B
:107760007BFE044638B92B6823B19B79042B04D8DF
:10777000012B04D8084C204638BD242BFAD12421F3
:10778000012000F089F920B12864102100F078F977
:10779000F1E7024CEFE700BF009FFFFF809EFFFF75
:1077A0002DE9F04F814685B00D461746002800F0C0
:1077B0008A800268002A00F08680002900F0838019
:1077C000D0F840B0BBF1000F7DD01479DBF8200079
:1077D00004F01F0410B3221ABA421FD210305844CA
:1077E0000CF001FA0BF110010022101DA04233D958
:1077F0005A44A2EB0B018C4237D803AA00925B4695
:10780000224659464846FFF7ABFE10BBDBF8202066
:10781000CBF82000A11A3A440D44171B04F1FF389D
:107820002E464FF0010AB844B8FBF4F8C2453FD3E6
:107830003D44AD1B0CD0DBF8200010302A46314609
:1078400058440CF0D0F9DBF820202A44CBF8202053
:10785000002005B0BDE8F08F51F8106C0A68724046
:1078600041F8102C04310246BFE7117C10784140EA
:1078700002F8011BBDE7B1585BF802C081EA0C01B8
:107880004BF802100246101D84420BEB0201F2D2AB
:10789000A2420FD303AB009322465B4659464846AB
:1078A000FFF75EFE0028D4D126440AF1010ABDE7A5
:1078B0000022E8E716F802C0087880EA0C0001F818
:1078C000010B0132E4E70148C3E700BF009FFFFF5F
:1078D0002DE9F04F93B007460391002800F0CB80CC
:1078E0000368002B00F0C780056C002D00F0C380FA
:1078F000002900F0C08006AE102130460DF12808A6
:107900001C790DF1380A00F0BBF81021404600F058
:10791000B7F81021504600F0B3F83A6804F01F049D
:1079200092B392F8049009F01F090DF1140BCDF8F1
:1079300000B053464A4651463846FFF711FE50B94B
:10794000B9F1100F07D151463046FFF7DFFE31463F
:107950004046FFF7DBFE1021504600F091F82B6AFD
:10796000A34205F1100911D33046D4460022111D5F
:10797000A14265D9A2421ED219F80210B05C414062
:107980000AF802100132F5E79146CEE75046002290
:1079900093423FD919F8021000F8011B01329442BA
:1079A000F6D8C44651460022101DA04237D90AEB32
:1079B0000201A2423BD350460022A5F1040C111D46
:1079C000A14246D9A918A2424CD33846CDF800B0FE
:1079D0002B4622462946FFF7C3FD074620B90398E8
:1079E000224629460CF0FFF81021304600F048F8F6
:1079F0001021404600F044F80023102148462B6235
:107A000000F03EF81021284600F03AF8384613B04E
:107A1000BDE8F08F0CBF01210021C901BCE70A6855
:107A20005CF8043B5A4041F8042B0246BCE7087856
:107A300018F802C080EA0C0001F8010B0132B8E727
:107A40006A1850F8043BD2685A404CF8042B0A4696
:107A50008DE75CF8012050F8043B5A404CF80120B7
:107A60000A46ACE71AF802C0087880EA0C0001F870
:107A7000010B0132A7E7014FC8E700BF009FFFFFDE
:107A800010B50A46044619B1024B00211B689847FD
:107A900010BD00BFAC740500014B1B68184700BF48
:107AA00098150020014B1B68184700BF9415002053
:107AB00010B500F0FE44B4F1A06F029A07D0B4F103
:107AC000806F01D0094C00E0094CA04202D06FF059
:107AD000850010BD0120B1F5105F1870F7D10AB90B
:107AE0000020F6E702231370FAE700BF0002C0038C
:107AF000004440047FB5036816460E4A23F47E1303
:107B000093420D4613D169460430FFF7E1FE044667
:107B100020B93246694628460CF065F868461021BF
:107B2000FFF7AEFF20460AF0E0FB04B070BD6FF037
:107B30008800FAE70002C00310B5036804464BB1A1
:107B4000094A23F47E13934206D10430FFF736FC32
:107B500000232360002010BD4C2200210CF06AF8A5
:107B60006FF08800F7E700BF0002C0032DE9F8437B
:107B7000D0F8009005460F469046B9F1000F2ED17F
:107B800023F47E140360174B9C420DD104300AF09D
:107B900045FA39887A884B4620460AF062FA01464F
:107BA00058B96FF0850416E04C2249460CF042F8B3
:107BB0006FF085042046BDE8F883281DFFF72CFCF4
:107BC00020B97A884146281DFFF7C2FD0AF08DFBD7
:107BD00004460028EED02846FFF7AEFFEAE76FF034
:107BE0008804E7E70002C00310B503685BB1074CE7
:107BF00023F47E13A34206D10430FFF7D1FDBDE884
:107C000010400AF072BB6FF0880010BD0002C00384
:107C10000E4B0340B3F1607F06D1B1F5885F0CBF16
:107C200000206FF086007047B3F1707F0BD101F434
:107C3000E043B3F5005F06D111F4E06F14BF0020FC
:107C40006FF0860070476FF0860070470000C07FBD
:107C50008A42F8B506460C4600F0D8806F4B22F4F5
:107C6000FF7121F00101994210D06D4922F0FF030C
:107C70008B420BD022F47F7020F00300A1F57061DD
:107C8000884203D001F5A0618B4227D1634B24F4D5
:107C9000FF7121F00101994210D0614924F0FF03E6
:107CA0008B420BD024F47F7020F00300A1F57061AB
:107CB000884203D001F5A0618B420FD114F0FF0080
:107CC0000BD0584B40F00070984240F0A18082EAFF
:107CD0000400FF288CBF00200120F8BD04F0FE4303
:107CE000B3F1A06F14D102F0FE43B3F1A06F40F0E6
:107CF0008F8082EA040333F47E1340F0898014F409
:107D00000040EAD0C4F30540C2F305429042E1E7E7
:107D1000B3F1407F66D102F0FE43B3F1407F77D1EB
:107D200082EA040535F47E1572D131462046FFF70C
:107D30006FFF00286CD13C4912F47C1702EA010164
:107D400016D0B1F1607FC2F3054337D1D2B242F011
:107D5000007202F17E42033A102A01D833498D5C49
:107D600014F47C1F30D1AB4214BF00200120B4E7D3
:107D7000B1F1607F0AD1D3B243F0007303F17E43C7
:107D8000033B102B48D82A49CB5CDFE7B1F1707F69
:107D900018D106F4E043B3F5005F3BD1C6F30222ED
:107DA0000123934006F4E0410122C6F3022602FAC1
:107DB00006F6B1F5005F08BF3546D1E7B1F1707F37
:107DC000CED1EFE73B46CBE71FB9C4F30542AA4249
:107DD0001CD0220481D5C4F30540834234BF002067
:107DE00001207AE7B3F1106F12D124F01F6020F464
:107DF000702068B902F0FE43B3F1106F7FF46DAFED
:107E00000C48104040F01060A042ADE7012064E74C
:107E1000002062E73B46C5E73B4697E700020006C5
:107E200000130006FF0000020000C07FE38305008E
:107E3000E38305000000FFF637B50D4D2A8840F2B8
:107E400007239A420C460FD1002301930A4601AB47
:107E50000146281D0AF0F8F820B9019BA34218BF7B
:107E60006FF0930003B030BD6FF08800FAE700BFF9
:107E7000F455002030B50446084624F47F01B1F1E2
:107E8000106F87B025D14168090A22D1018821F4F9
:107E9000405189B244F21215A9421AD10E490F4D30
:107EA000214041F01061A94213D14188B1F5807F92
:107EB0000FD10C9904910B9903910A990092CDE985
:107EC00001312346426E00F120010AF0B8FE07B0EE
:107ED00030BD6FF08500FAE70000FFF600000209F0
:107EE0002DE9F843894616461C4600F0D5F90546AB
:107EF000002843D1D9F80070B7F8008008F4E043B7
:107F0000B3F5804FBB6808BF26F001069E432DD114
:107F1000A4B3254B24F4FF7222F001029A4210D040
:107F2000224A24F0FF0393420BD024F47F7121F006
:107F30000301A2F57062914203D002F5A062934260
:107F40001FD114F0FF0304D0194A43F00073934289
:107F50001ED0F96822464046FFF77AFE064668B909
:107F6000396922464046FFF773FED0B96FF08405A9
:107F70000023C9F8003038460AF009FE2846BDE85B
:107F8000F88304F0FE43B3F1407F04D12304E0D52D
:107F90006FF08605ECE7B3F1A06FF7D0044B9C427D
:107FA000D6E73546EAE700BF0002000600130006E8
:107FB000FF00000238B500F0FE43B3F1407F0446F5
:107FC0000D4602D06FF0860038BDFFF721FE002875
:107FD000F8D114F47C1F18D0C4F30543032B13709D
:107FE00022D9224A2240B2F1607F31D1E4B244F07A
:107FF000007404F17E44033C102CE3D81C4A125D4B
:108000009342DFD8202BDFD90EE0184B2340B3F189
:10801000607F0FD1E3B243F0007303F17E43033B73
:10802000102B04D9002313706FF08500CCE71149A1
:10803000CB5CD3E7B3F1707FF4D101F4E043B3F547
:10804000005FEFD1C1F3022101238B40DBB2C5E712
:10805000B2F1707FB6D105F4E042B2F5005FB1D164
:10806000C5F302250122AA40CAE700BF0000C07F75
:10807000E3830500E383050007B5002300911A465A
:1080800002490AF076FC03B000BD00BFB0740500E1
:1080900010B5114C2378580744BF03F0FB0323703D
:1080A000990705D500F096F8237823F00203237092
:1080B00063781BB1094A00236360536000230748BB
:1080C00063700821FFF7DCFC2378DA0744BF23F054
:1080D0000103237010BD00BFF4550020F8550020A7
:1080E00038B5174C228840F207239A4217D02378DC
:1080F000980707D400F066F8237843F00203237052
:108100000546D0B9D9075CBF43F00103237022882C
:1081100022F0FE0292B2012A04D05A0709D50025A6
:10812000284638BD0749002262604A600222627018
:10813000F3E743F004032370F1E7FFF7A9FFEFE74C
:10814000F4550020F855002000F140420F2A38B5C0
:1081500005460C4614D81A4B682101FB02331A7EDF
:10816000022A1FD15A6982421CD11A7E022A1FD1CB
:10817000DA69511C1CD00132DA610020236038BD5D
:1081800001210AF0DFFC80B10D4A00211346107E68
:10819000022802D15069A8420DD00131102902F104
:1081A0006802F4D16FF08B00E9E76FF08700E6E733
:1081B0006FF09600E3E7682202FB0133D5E700BFCA
:1081C00000560020024B012283F8802600207047D1
:1081D000005600202DE9F0410A4C002526464FF0BC
:1081E00001080327C4F81C802776204601350AF0D1
:1081F0002FF9102D04F16804F4D1002386F880369D
:10820000BDE8F08100560020F8B5214D95F8803684
:1082100007460E46002B34D000242B462246197EFA
:10822000F9B13CB9022905D1D96919B91979A14225
:1082300018BF1C460132102A03F16803EFD114B9AC
:108240006FF08C000BE0237E022B04D1E3695A1CF3
:108250001CBF0133E36120460AF0FAF810B1002494
:108260000DE01C46237E7BB90123237637B1094BF1
:10827000651BED105D4305F180453D6000203460D5
:10828000F8BD6FF08800EAE76FF09600E7E700BFFF
:1082900000560020C54EECC438B5094B00250D60D2
:1082A00093F880360C4643B1FFF74EFF10F18C0F68
:1082B00002D125606FF0870038BD6FF08800FBE7C2
:1082C00000560020043004289ABF034B33F91000F5
:1082D0006FF08300704700BF7277050070B50668C5
:1082E0000F488642DDE9045410D1202A11D1402DD7
:1082F00012D91846042300F8013B00F00FFA08B920
:1083000041232360BDE87040FFF7DCBF6FF08500BC
:1083100070BD6FF08600FBE76FF08900F8E700BFE3
:1083200012710001014B0AF065BD00BF58750500D0
:1083300070B5144688B006460D46204621460C4AC4
:108340000AF0B6FD224621466846FFF7EBFF6A4673
:1083500031463046FFF7E6FF224669466846FFF79A
:10836000E1FF6A4629462846FFF7DCFF08B070BDEA
:108370005875050030B5044689B00AF000FD0C4A76
:10838000214668460AF093FC0121054668460AF03A
:1083900072FC6A46214668460AF089FC2DB1003815
:1083A00018BF0120404209B030BD4FF0FF30FAE75E
:1083B0001475050030B589B004460AF078FC2146F2
:1083C0000546054A68460AF05CFC2A46694620468E
:1083D0000AF084FC09B030BD5875050070B504463C
:1083E00090B00D46114616460AF0C9FC204A2146B7
:1083F00008A80AF05CFC012803D04FF0FF3010B051
:1084000070BD114620460AF032FD06F120012846D3
:108410000AF0B5FC164A294608A80AF048FC0128CB
:10842000EBD1114628460AF022FD2A462946684625
:10843000FFF778FF2246214608A8FFF773FF08A937
:1084400022460846FFF76EFF032508A92246084684
:10845000FFF7B0FF013DF8D108A90846044B054AD3
:108460000AF0B3FC08A968460AF049FCC7E700BF58
:1084700058750500F474050070B598B004460D46B3
:1084800008A811461646FFF74DFF344B08AA2146AF
:1084900068460AF09AFC08AA214610A8FFF78AFF4E
:1084A00010AA694608A8FFF73DFF08AA11466846CA
:1084B0002A4B0AF08AFC294B08AA694668460AF04A
:1084C00084FC2A46294610A8FFF72CFF10AA234B4C
:1084D000114610460AF079FC10AA214608A8FFF7B9
:1084E00021FF08AA1D4B114610460AF06EFC10AA87
:1084F00011461046FFF716FF10AA184B11461046FA
:108500000AF063FC6A4669462046FFF70BFF08AA9B
:1085100021462046FFF74EFF08AA21462046FFF7D6
:1085200049FF324629463046FFF7FCFE0B4B3246E8
:10853000314630460AF049FC224608A92846FFF792
:1085400039FF6A4629462846FFF7ECFE10AA29465D
:108550002846FFF72FFF18B070BD00BF5875050003
:108560002DE9F04FA3B00D462C9C30498046934630
:1085700002A8224699460AF09AFBD4F800A02146A8
:108580000AF0010202A812AF0AF0A8FB0021384647
:108590000AF071FB4A4639460AA8FFF70BFF012291
:1085A000594640460AF09AFB0122494628460AF0FD
:1085B00095FB1F4A01211AA80AF06FFC6FEA0A0214
:1085C00002F001020AA928460AF088FBFF26730977
:1085D00022AA02EB830306F01F0253F8804CD4401A
:1085E00084EA0A04E24302F00102494638460AF0EE
:1085F00075FB04F001020AA938460AF06FFB1AAABB
:1086000029464046FFF738FF00975B461AAA2946DD
:1086100040460AF08FFC013ED9D11AAA29464046AD
:10862000FFF786FE23B0BDE8F08F00BF147505008C
:10863000587505002DE9F74307460E4690469946C2
:108640000425202138460AF0D6FC78B93946304650
:10865000FFF790FE044638B9074B084A0096494692
:108660004046FFF77DFF03E0013DEAD14FF0FF34C4
:10867000204603B0BDE8F083B4740500D47405004F
:1086800030B599B00D4610AB694608AAFFF7D2FF86
:10869000202104466846FFF7F3F96CB9084A08A997
:1086A00028460AF035FC064A10A905F120000AF018
:1086B0002FFC204619B030BD4FF0FF34F9E700BF62
:1086C0005875050070B5AAB002AD06462846144696
:1086D000FFF750FEC8B9224612A90AA8FFF77EFE8E
:1086E0000446A8B90AAA22A91AA8009512ABFFF756
:1086F00037FF094A1AA930460AF00AFC2846202109
:10870000FFF7BEF920462AB070BD6FF00204F5E70E
:108710006FF00104F2E700BF5875050070B59AB01C
:1087200002AD06462846FFF725FE0446C0B90E4BAB
:108730000E4A009512A90AA8FFF712FF2021284629
:10874000FFF79EF90A4A0AA930460AF0E1FB084AF7
:1087500012A906F120000AF0DBFB20461AB070BD1A
:108760006FF00204F9E700BFB4740500D47405008B
:10877000587505002DE9F0410469236823B96FF0AD
:1087800012052846BDE8F081466870680AF0E5FCED
:108790000028F4D07068317A7389D0F810C0D0F80E
:1087A00008E0DCF80050DA0754BF43F4B01383F458
:1087B000D013012723F480128F40DB074CBF3D43C9
:1087C000BD43CCF80050DEF800309847054600283D
:1087D000D7D10146142204F10C000BF02BFA04F15E
:1087E000200262610222A2610123042262772361D6
:1087F000A3773378074A0133C4E901252146637220
:108800000C23237751F8040B8368BDE8F0411B6803
:10881000184700BF000428402DE9F7432B3989B2DF
:10882000152946D8244BCB40DB0742D5476805695C
:108830000121381D0AF034FC0446002835D10021FE
:108840004FF4A4700BF087F8294651F80C0B83689D
:108850005B689847AC778146F8B92B682C8C9B688D
:1088600028791B892E7F634301A90193FAF762FCE3
:1088700008B9019C34413E69FA684FEAE47CA6FBE2
:108880000401002306FB0C11DEF73AFC044600B29B
:108890000AF0F3FB6C8485F824000021381D0AF0EF
:1088A000FFFB002814BF04464C46204603B0BDE839
:1088B000F0836FF08504F8E72100200070B50546CD
:1088C000C8B1047874B10D4C0D4EB44201D30024EC
:1088D00008E02168A94207D120460AF03EFC0028A2
:1088E00008BF0024204670BD2846DEF723FC002880
:1088F000F2D01834E9E70446F4E700BF6C45050000
:10890000C4470500014B986864307047845C0020C0
:1089100038B5EFF31185202383F31288BFF36F8FEF
:10892000064B9C680AF02CFC85F31188BFF36F8F0F
:108930002046BDE83840E3F799BE00BF845C0020C4
:1089400038B5094B53F82040013053F82050A54268
:1089500000D838BD636823B120460AF014FC0834FF
:10896000F5E723689847FAE7CC75050070B5274B03
:10897000274C284D86B0012203201A70FFF7E0FF34
:1089800001F03AFC0AF01BFC0420FFF7D9FFAC42CF
:1089900026460FD300F0BEFF1D4CAC4221D300F0A1
:1089A000CDFF03F049FB1C4A137B23F00103137333
:1089B00006B070BD636A0593236A0493E369039369
:1089C000A36902936369019323690093303454E9E6
:1089D0000A2354E90C0100F0BBFD54F8303C5E65FD
:1089E000D5E7D4E90A23B3F1FF3F08BFB2F1FF3F57
:1089F00005D052EA0301206803D101F081F8303438
:108A0000CBE70649183001F027FAF8E73D5E002071
:108A10004449050074490500C82B0020EB380500C7
:108A200008B50348034A0021121A0AF0C4FB08BD26
:108A3000881A0020405E002070B5154D154C16496F
:108A4000C82386B003FB005501220023CDE904238F
:108A50000F22CDE902320193182303FB004406469E
:108A600001EB40210D4B00944FF4C072284600F0FA
:108A70006FFD6B7B0A4AE56023F004036B734FF4D0
:108A8000086306FB033313442674636006B070BDAD
:108A9000002B0020845C0020809A00201D330500FC
:108AA000009200207FB50020FFF74AFF294B83F397
:108AB0000888294C636943F4007363610025E0234F
:108AC00084F82230E57725766576A57684F82050FF
:108AD000636A43F4E023636284F82350E3F786FD7E
:108AE000E3F752FF4FF0FF33A362E362E4F70AF8C3
:108AF000E3F762FF19481A4C00F094FD0AF02CFBD2
:108B00000120FFF71DFF0220FFF71AFF00F050FFC2
:108B1000144B15499C61154B059301234FF480625A
:108B2000CDE90353CDE90155114B0095204600F0E6
:108B30000FFD637B064623F00403204663730AF0AF
:108B400096FE2846FFF778FF094A31462046E3F7AC
:108B5000F5FE00BF809A002000ED00E0782D002097
:108B6000C82B0020845C0020809C0020BC7F050076
:108B70006D89040038B5064C064DAC4201D3002087
:108B800038BDD4E9011220460AF01AFB1434F4E788
:108B9000601700206017002038B5074C074DAC4225
:108BA00001D3002038BD20460AF067FB08B91C3409
:108BB000F5E76FF01500F5E7F016002060170020CC
:108BC00073B50D46EFF31181202484F31288BFF3AF
:108BD0006F8FC4685CB12C602368C3608369013304
:108BE0008361002081F31188BFF36F8F11E052EA97
:108BF000030603D12C606FF00B00F3E7CDE90023EF
:108C00000246083000F0E4FD18B9034B9B685B692D
:108C10002B6002B070BD00BF845C0020F7B5044635
:108C20000F46EFF31186202181F31288BFF36F8F77
:108C3000006AE168884238D22568AC4218D0BDB1DC
:108C400028460AF076FB05F118000AF0D8FEA26863
:108C5000686939460AF0C7FF0023EB6728460AF027
:108C600006FE04F10800314600F02EFE00202AE046
:108C7000A268E06939460AF0B6FFE369A2681344C6
:108C80006269E361934204BF2369E361236A0133AC
:108C90002362102104F124000AF07FFF0028E0D1B4
:108CA00086F31188BFF36F8F0DE052EA03010CD0F9
:108CB0000749896804F108004F61CDE90023314676
:108CC000224600F085FD03B0F0BD6FF02200E7E71B
:108CD000845C0020F7B504460846EFF31186202196
:108CE00081F31288BFF36F8F216A00293AD0A268FE
:108CF000A1690AF078FFA369A26825681344626934
:108D0000A361934204BF2369A361236AAC4203F1C8
:108D1000FF33236235D02846002D33D00AF009FBFB
:108D200005F118000AF06BFE6969A268E0690AF0B3
:108D30005AFFE369A26813446269E361934204BF86
:108D40002369E361236A0027013323622846EF6722
:108D50000AF08DFD04F10800314600F0B5FD3846FB
:108D600003B0F0BD52EA030111D00A498968486195
:108D7000CDE900233146224604F1080000F028FD29
:108D8000EEE7002086F31188BFF36F8FE8E76FF0FE
:108D90002200F7E7845C00202DE9F34104461746E2
:108DA0009846EFF31186202383F31288BFF36F8F69
:108DB000324BC568996875B18068884217D052EA0D
:108DC000080316D186F31188BFF36F8F6FF00F0081
:108DD00002B0BDE8F08191F90E3023610135C4E99C
:108DE000021586F31188BFF36F8F0020F0E7236927
:108DF000F3E791F90E1090F90E309942A8BF194689
:108E00006FF07E029142B8BF11468B422DDD0AF011
:108E1000EAFA0546CDE9007819482246314600F0C5
:108E2000D7FC0028E1D0EFF31186202383F31288CA
:108E3000BFF36F8FA068D0B1236821699C420AD02C
:108E40004BB193F90E309942A8BF19466FF07E03DB
:108E50009942B8BF19460AF0C6FA40B108483146EF
:108E600000F032FD6FF00A00B2E70025D2E7002DD6
:108E7000F4D186F31188BFF36F8FF3E7845C002091
:108E80003E5E0020F8B583680546002B3FD0234A9C
:108E9000926893423ED1C368012B03D9013BC36062
:108EA0000020F8BDEFF31187202383F31288BFF36E
:108EB0006F8F016980680AF096FA2C68A54207D185
:108EC0000023C5E9023387F31188BFF36F8FE7E70B
:108ED000002CF5D0D4E9003213605A60637B002681
:108EE00023F002036373C4E90066A66004F118006E
:108EF0000AF085FDAC6094F90E302B612046E667E0
:108F00000AF0B5FC0648394600F0DEFCC8E76FF011
:108F10001500C6E74FF0FF30C3E700BF845C0020B8
:108F20003E5E002037B5EFF31185202181F31288D2
:108F3000BFF36F8F04689CB12368426823F003037A
:108F40009442036008BF4360012120460AF0D4FA2E
:108F5000044685F31188BFF36F8F204603B030BD00
:108F600052EA0301F5D00830CDE900232946024634
:108F700000F02EFC0028F0D1014B9B685C69ECE707
:108F8000845C002070B5EFF31186202383F31288F0
:108F9000BFF36F8F0468A0421AD0CCB1D4E900327D
:108FA00013605A60637B002523F00203C4E9005577
:108FB0006373A56004F118000AF021FDE5672046FF
:108FC0000AF055FC31460B48BDE8704000F07CBC0F
:108FD000D0E902329A4218BF013383600221103077
:108FE0000AF0DBFD0028EDD186F31188BFF36F8F07
:108FF00070BD00BF3E5E002013B5EFF31181202449
:1090000084F31288BFF36F8F846844B1013C84609D
:1090100081F31188BFF36F8F002002B010BD52EAB8
:10902000030406D181F31188BFF36F8F6FF00F0037
:10903000F3E7CDE900230246014800F0C9FBECE765
:109040003E5E0020F8B50546EFF31186202383F33A
:109050001288BFF36F8F00272C68A54218D0BCB1CF
:10906000D4E9003213605A60627B002322F00202CE
:10907000C4E900336273A36004F118000AF0BFFC76
:109080006FF00A03E36720460AF0F1FB0127E3E7EC
:109090000023AB60022105F110000AF07EFD28B923
:1090A00027B986F31188BFF36F8FF8BD31460248A8
:1090B000BDE8F84000F008BC3E5E00201FB5094B3B
:1090C00002934FF48073039302AB00930649074861
:1090D0004FF0FF334FF4006200F05EF9002005B05E
:1090E00000BD00BFC17F050000A10020902C002022
:1090F0002DE9FF414E4E05462027EFF3118887F3F7
:109100001288BFF36F8FD5F8C840D5F8E030F4B9B6
:1091100023F004025807C5F8E020C3F3800165D5A9
:109120000022012105F1D8000AF02EFC0028F7D119
:10913000002302934FF0FF324FF0FF33CDE90023BD
:10914000414605F1D0023B4800F0A4FDD5E7D5F833
:10915000CC102268C5F8C8208C4243F0020308BF37
:10916000C5F8CC20C5F8E030E36823F0040343F0F1
:109170000103E360636888F31188BFF36F8F2046B3
:109180009847EFF3118887F31288BFF36F8FE36876
:10919000D90623F0010234D4E260E3689A0716D5B9
:1091A000306823F00203E36088B10368002170B1E6
:1091B0004268944233D1036859BB7268336090426D
:1091C00000D17360002340F8083BFFF7DBFED5F8C1
:1091D000E03023F00203C5F8E03088F31188BFF3D4
:1091E0006F8FDB0589D400F0EBFB86E7D0069FD5B7
:1091F000C5F8E01088F31188BFF36F8F04B0BDE8A5
:10920000F08123F01103E36004F11000FFF7BAFED0
:10921000C3E70B607368984208BF7160D2E70146EC
:109220001BB11A6818461346C1E71A46FAE700BF91
:10923000AC5C00203E5E002070B5C368C3F34006FE
:109240009B0705460C460DD50122002104F10800BC
:109250000AF0B2F900232360054B65605A681AB919
:10926000C3E90044304670BD14605C60FAE700BF9B
:10927000AC5C0020F8B5C568AB0704460F4642D485
:109280006E0735D40B680BB983680B60237BD80756
:1092900044BFA3683B603E684CBF0225012556B31E
:1092A0001B4B9B68B3421DD10AF0A0FA80F001006D
:1092B000C0B2D6F8E030D90720D55A0721D510B36F
:1092C00000232360D6F8CC3073B9C6E93244304667
:1092D0000AF083F9E36843F00403E3603B68A360AA
:1092E0002846F8BD0020E4E71C60C6F8CC40EEE755
:1092F000C5F3400509E06FF0150506E06FF01205B3
:1093000003E01B07DCD56FF00F0500233B60E7E7A8
:10931000845C0020F8B5C36803F005031F1E0646F1
:109320000C4618BF0127E3B185680122002104F132
:1093300010000AF041F9144920460AF0B6F9E36832
:1093400043F01003E360F3685B0712D533682360D2
:109350006BB9D5F8CC3033B9C5E9324428460AF0A8
:109360003CF93846F8BD1C60C5F8CC40F6E73460DF
:10937000F4E7D5F8C8302360D5F8CC30C5F8C8403C
:10938000002BEBD1F0E700BFD935050001460148BD
:109390000AF0A6B9902C0020F0B589B00446002050
:1093A000C4E932000E9D04F1D000C4E9340004F198
:1093B000D800C4E936004DB32879002840F20110E6
:1093C00008BF0120C4F8E00000204FF0FF364FF046
:1093D000FF37CDE90330CDE90100CDE906670C4B3D
:1093E0000094204600F0F2F855B1296811B12046EA
:1093F0000AF002FA6B791BB1237B43F0010323735C
:10940000204609B0BDE8F04000F07ABB0120D9E762
:10941000F190040037B501900846EFF31184202144
:1094200081F31288BFF36F8FC16811F01E0F16D140
:1094300053EA020508D101A9FFF71CFF84F3118844
:10944000BFF36F8F03B030BD41F00801C1600199D7
:1094500081621030034900F0FFFC0120EEE700209C
:10946000ECE700BF6F36050001460148FFF7D2BFA9
:10947000902C0020F7B50C46019016461D46EFF3E0
:109480001187202383F31288BFF36F8F08460AF0F9
:10949000ABF855EA060309D101A92046FFF7EAFE19
:1094A00087F31188BFF36F8F03B0F0BDE168019BB4
:1094B000A36241F00801E16004F110000349324663
:1094C0002B4600F0C9FC0120EAE700BF6F3605001B
:1094D00001460148FFF7CEBF902C00202DE9F04156
:1094E0000646EFF31187202383F31288BFF36F8FB3
:1094F0000468A0421CD0DCB120460AF06AF904F1ED
:1095000018000AF07CFA0025A846C4F87C802046A2
:109510000AF0ADF93468A64205F1010510D07CB11E
:1095200020460AF056F904F118000AF068FAECE750
:1095300087F31188BFF36F8F00252846BDE8F081BF
:109540000248394600F0C0F9F7E700BF3E5E002050
:10955000F0B5073285B022F007020446FF320E9DB7
:109560000D9E2573583022F07F02C4E916000425B1
:1095700000207F2AA673C4E90600A0606573E0732B
:1095800001F18007A2F1800605D880F31188BFF3AE
:109590006F8F284602DFC4E91A768D1800260C9AD0
:1095A000266702920B9A01920A9A009220462A4656
:1095B000E3F740F9044B66659B6803B15B6F636733
:1095C000284605B0F0BD00BF845C0020F0B587B030
:1095D00000270597109F04970F9F03970E9F0297F0
:1095E000DDE912650D9F01970C9F00970446FFF778
:1095F000AFFFB5F1FF3F08BFB6F1FF3F05D055EA19
:10960000060305D1204600F07BFA204607B0F0BDE6
:10961000034932462B4604F1180000F01DFCF4E724
:10962000EB38050040F2011383810023C0E91A33AF
:109630004367014B98607047845C0020094A936837
:109640006FF00A01D967084998674B6843F0805367
:109650004B60002383F31188BFF36F8F9368D86F3B
:10966000704700BF845C002000ED00E070B5437BD4
:1096700013F09F0F2DD11C4C63F07F0322464373E0
:1096800052F81C3F934225D1216AC0E900210860AD
:1096900020620FE08B42F8D01B68002BF5D093F9C5
:1096A0000E6090F90E50AE42F4DD5968C0E9003109
:1096B00008605860E569954200D005B9E568A3687F
:1096C0005A7BD20608D1DA897F2A05D9AA691AB944
:1096D000A36170BD216AE0E7AB4202D0284600F0EA
:1096E00019FBA561F5E700BF845C002038B590F94F
:1096F0000D20437B002A014604DA03F07F03437305
:109700000AF07DF80D4D2A46AB6852F81C4F944282
:1097100000D004B9EC688B4207D05A7BD20604D142
:10972000DA897F2A01D9A2692AB1A34202D0204650
:1097300000F0F0FA2346AB6138BD00BF845C002026
:1097400070B590F90D20437B002A014604DA03F03E
:109750007F0343730AF053F84B7B1C4C63F07F0389
:1097600022464B7352F81C3F93422DD1206AC1E927
:109770000020016021620FE08342F8D01B68002BBB
:10978000F5D093F90E6091F90E50AE42F4DD5868B1
:10979000C1E9003001605960E569A368954200D0D5
:1097A00005B9E5688B4207D05A7BD20604D1DA8925
:1097B0007F2A01D9AA692AB1AB4202D0284600F01B
:1097C000A9FA2B46A36170BD206AD8E7845C00200B
:1097D000F8B5124B0F46124998680860DDE9066536
:1097E000EFF31181202181F31288BFF36F8F9C6802
:1097F000114620460AF015F8B5F1FF3F08BFB6F153
:10980000FF3F06D0074932462B4604F1180000F00E
:1098100023FB3846BDE8F840FFF710BF845C00200A
:10982000B45C0020EB380500F8B50446EFF311876F
:10983000202383F31288BFF36F8F437B03F01F0253
:10984000B2FA82F6760949B232B1817387F3118890
:10985000BFF36F8F3046F8BD03F07F03437309F009
:10986000CEFF184D437B817363F07F032A46437319
:1098700052F81C3F286A93421AD1C4E900200460C0
:109880002C62EC69944209D1EC68AB689C4201D12E
:10989000AC61DBE7204600F03DFAF9E7002CF4D19B
:1098A000F2E793F90EC08C4505DC8342E5D01B68D6
:1098B000002BF6D1E1E75968C4E900310C605C6027
:1098C000DFE700BF845C002049B9EFF3058030B9C1
:1098D000054B9A699B689A4201D0FFF7AFBE81F3AE
:1098E0001188BFF36F8F7047845C0020034648B92E
:1098F000EFF3058232B9064A91699268914201D02C
:10990000FFF79CBE83F31188BFF36F8F704700BFD2
:10991000845C0020EFF31181202383F31288BFF3CE
:109920006F8F054B9A68D37B013BD37381F311880A
:10993000BFF36F8F704700BF845C002070B5EFF3FA
:109940001186202383F31288BFF36F8F174DAB6806
:10995000DA7B0132DA732A4652F81C4F944216D150
:10996000EC685A7BD20619D0A34213D12346AB61CF
:1099700086F31188BFF36F8FEFF31180202383F3F9
:109980001288BFF36F8FBDE87040FFF7AFBF002CA8
:10999000E7D1E5E7204600F0BDF9E7E7DA897F2A5D
:1099A000E2D9A269002ADFD1E1E700BF845C002090
:1099B000024B03F11C02C3E907227047845C0020BC
:1099C00070B5EFF31186202383F31288BFF36F8FF6
:1099D0001A4CA168206A0B68814214BF1A46002203
:1099E00049680B605960A368216A2AB9144AC3E91F
:1099F00000210B6023620AE092F90E5093F90E00E9
:109A0000854216DD5168C3E900210B605360E569AA
:109A10000B4B9D4200D005B9E568A3689D4202D07A
:109A2000284600F077F9A5613046BDE87040FFF7A1
:109A300005BE8A42DAD01268D7E700BF845C0020F6
:109A4000A05C002050EA01032DE9F04105460F46D5
:109A500004D1FFF7B5FF0020BDE8F081831C71F150
:109A6000FF3324DB09F0ECFF4419EFF311882023C6
:109A700083F31288BFF36F8F0F4E104BB0681860DE
:109A8000FFF734FEB0680E492A463B46183000F016
:109A9000E3F9B268537B43F0040353734046FFF786
:109AA000CDFD09F0CDFF201A20EAE070D4E76FF079
:109AB0000104241AD9E700BF845C0020B45C0020B4
:109AC000EB380500DFF834C00B4A08B500214FF42D
:109AD000004EC0FB0EC100236046DDF711FBC1172D
:109AE000FFF7B0FF044947F6FF730022E0FB0132A5
:109AF000DB0B43EA424008BD40420F003F420F00EB
:109B000038B50446EFF31185202383F31288BFF3A1
:109B10006F8F437B5B070FD5183009F070FF637BB5
:109B200023F0040320466373FFF7A0FD2946054890
:109B3000BDE83840FFF7C8BE85F31188BFF36F8FCB
:109B400038BD00BF3E5E0020014B9868704700BFE3
:109B5000845C00202DE9F8430446077BEFF311866F
:109B6000202383F31288BFF36F8F437B190705D53A
:109B700086F31188BFF36F8FBDE8F883D90907F02A
:109B8000010743F008026FD14273A36813B1204666
:109B900009F03DFE04F1180009F031FFA56D04F154
:109BA0005808A84511D04FF0000975B1284609F0B2
:109BB0002EFE05F1180009F022FFC5F87C9028461A
:109BC000FFF754FDA56DA845EFD1DFF8C480D8F8A4
:109BD00008309C4250D1EFF30589B9F1000918BF54
:109BE0004FF00109D8F81C50274A954200D00DB912
:109BF000D8F80C50AB4202D0284600F08BF8204633
:109C0000C8F81850E2F776FEB9F1000F02D01F48ED
:109C1000FFF708FDD8F808309C4230D1EFF30583F8
:109C20006BBB227BD20711D586F31188BFF36F8FF0
:109C300083F31188BFF36F8F0423184602DFEFF31D
:109C40001186202383F31288BFF36F8F3046FFF70E
:109C5000F5FC002F90D0002383F31188BFF36F8FA2
:109C60000423184602DF87E703F07F0343F008036D
:109C7000437309F0C4FD88E74FF00009B2E786F3AB
:109C80001188BFF36F8FE4E7A05C0020782D0020DF
:109C9000845C0020D3B5DDE90667089CCDE9006748
:109CA000FFF796FD1CB1034B9B685B69236002B014
:109CB000D0BD00BF845C0020044BC01A044BC01010
:109CC0005843044B01221A54704700BF402E002015
:109CD000ABAAAAAA3E5E0020C3897F2B12D80A4BEA
:109CE0001B6863B1094B90F90E201B689A4209DB8F
:109CF000437BDB0606D1064BC31A18BF012303F0D2
:109D0000010070470023FAE7BC5C0020B85C00202B
:109D1000002B002070B50E4B0E4C1D7C182303FB4E
:109D200005440646204609F06AFE0B4B00223046E9
:109D30005A55FFF7D1FF48B1084B09491A68013A53
:109D40002046D317BDE8704000F086B870BD00BF54
:109D5000845C0020402E00203E5E0020BC5C002081
:109D6000B99C040038B5EFF31185202383F31288E2
:109D7000BFF36F8F104B114A9C681068A04206D148
:109D8000FFF7C8FF85F31188BFF36F8F38BD00213F
:109D90001B7C11600A4AD35C002BF3D02046FFF7EE
:109DA0009BFF0028EED0637BDB0602D12046FFF745
:109DB000C7FC2046E4E700BF845C0020B45C0020C0
:109DC0003E5E00200748084A084908B5121A09F003
:109DD000F4F90748074A0849BDE80840121A09F093
:109DE000ECB900BF00000020841A00203C8405006C
:109DF00000000020000000203C840500024B186891
:109E0000984208BF00207047C4150020034B1B6810
:109E10000BB9FBF7CFBA0020704700BFC05C002031
:109E200030B570B10B4B5B6898420AD0036843B100
:109E3000D3E90421D0E90445121941EB0501C3E936
:109E40000421D0E9003213605A600023C0E90033D6
:109E500030BD00BFC4150020B3F1FF3F08BFB2F111
:109E6000FF3FF8B504461D461746184631D0A1609D
:109E7000EFF31186202383F31288BFF36F8F013233
:109E800075F1FF3326DBFFF7C1FF7B1C45F10005B1
:109E90001B1845EBE075C4E90435FFF7AFFFDFF8A9
:109EA0009CC0DCF8047048BBC4E900C73C60CCF837
:109EB0000440FFF7A3FF844207D11E4B1C6824B95E
:109EC00009F084FD2146FBF747FA86F31188BFF3BA
:109ED0006F8FF8BD1849D1E900256FF001039B1A77
:109EE0004FF0FF3262EB0505DB1B65EB0005012B34
:109EF00075F10002BCBF01230025CCE7D0E9043195
:109F0000D4E904259A4275EB010E08DBD21A65EB01
:109F10000105B842C4E90425C6D00068C3E79B1A0E
:109F200061EB0501C0E904314368C4E900031C602A
:109F30004460BEE7C05C0020582E0020C4150020FD
:109F40002DE9F0470246EFF31185202383F31288B1
:109F5000BFF36F8F244F254E3860FFF74FFF4FF050
:109F600000084FF00009D6E900134FEAE27E50B135
:109F7000D0E9044CA2427EEB0C0A18DAA41A6CEB6E
:109F80000E0CC0E9044C521843EB0E030024C6E942
:109F900000233C6009F01AFD2146FBF7DDF985F34B
:109FA0001188BFF36F8FBDE8F047FFF7DBBE611884
:109FB00043EBE473C0E90489C6E90013FFF730FFFF
:109FC00085F31188BFF36F8F83689847EFF311858E
:109FD000202383F31288BFF36F8F3A68121B3A6015
:109FE000FFF70CFFBFE700BFC05C0020582E002029
:109FF00010B5EFF31184202383F31288BFF36F8F22
:10A00000FFF704FF054AD2E90031C31841EBE071C4
:10A0100084F31188BFF36F8F184610BD582E0020AF
:10A02000F8B50546EFF31187202383F31288BFF3B9
:10A030006F8F026822B187F31188BFF36F8FF8BD6D
:10A04000D0E90A36581C46F10001022871F10001DE
:10A0500027D3012B76F10001BCBF012316465C1EFD
:10A0600046F1FF3609F0F0FC013041F10001001922
:10A0700046EB0101012871F100013ADB09F0E4FC33
:10A08000013041F100016FF00102001946EB0103BC
:10A09000121A4FF0FF3161EB030318492846FFF70E
:10A0A000DBFE2B6B01332B632B6A6BB187F31188BB
:10A0B000BFF36F8F2B6A28469847EFF31187202351
:10A0C00083F31288BFF36F8F2B4653F8184F9C42CF
:10A0D000B1D0002CAFD0204609F0D8FB0023E367B5
:10A0E00087F31188BFF36F8F2046BDE8F84009F071
:10A0F000BEBB6FF001024FF0FF33CEE721A004009A
:10A10000F8B5044617461E46EFF31185202181F36A
:10A110001288BFF36F8FB3F1FF3F08BFB2F1FF3F6B
:10A1200004D185F31188BFF36F8FF8BD511C73F113
:10A13000FF3108DB012A73F10001BCBF01220023BB
:10A14000571E43F1FF36204609F059FCDDE906238E
:10A15000C4E90A230023236303493A4633462046D1
:10A16000FFF77AFEDDE700BF21A0040010B5EFF392
:10A170001184202383F31288BFF36F8F0368C160BB
:10A1800098424FF00101816005D184F31188BFF33B
:10A190006F8F002010BDD3E90020026050600022C4
:10A1A0001846C3E9002209F0B5FC02482146FFF732
:10A1B0008BFBEEE73F5E002073B506460D4609F0C7
:10A1C00015FB78B90B4B9B685C6F7CB12A1D09D2DB
:10A1D00000200021CDE9000146F00401204608F0EE
:10A1E000F5FF08B9002401E00460041D204602B018
:10A1F00070BD00BF845C0020014802F0E2B800BFDF
:10A20000CA7F05000CB4F0B589B00EAC0E46054609
:10A210001C22002101A854F8047B09F00BFD022345
:10A220008DF806300E4B0293331E18BF0123B6F192
:10A23000004F94BFC3EB0603C3F1004305952246CC
:10A240001D44394601A80695009400F0A3F816B104
:10A25000059B00221A7009B0BDE8F04002B07047BB
:10A26000E34305002DE9F0410127BA4201DCBDE8D6
:10A27000F081064633461C781E46002CF7D0252C6C
:10A2800003F10103F7D11D78252D06F10206F1D067
:10A290000024DFF8FC80A44623461F2B31D8A5F10B
:10A2A000200EBEF1100F06D828FA0EFE1EF0010F88
:10A2B00064D12E2D46D02E2D31D8242D3DD02A2DDF
:10A2C00040D0BCF1000FD2D0BC45D3D145F0200620
:10A2D000A6F1650CBCF1020F0C680AD9612E08D0FA
:10A2E000692D02D050D8632D50D01D064ED59B0548
:10A2F0004CD5E31D23F0070303F108040C6001377C
:10A30000B3E77F2BD5D96C2D23D01DD8682D2BD04A
:10A310006A2D01D04C2DD4D143F4207322E0A5F155
:10A32000300EBEF1090FEED80A2303FB04E420230C
:10A3300016F8015B002DB0D1C3E7BCF1000F1FD0B0
:10A34000BC421FD00024F3E7742DF1D07A2DEFD05A
:10A35000B7E743F4007513F0800FADB218BF2B467A
:10A3600043F080039BB2E3E743F4007513F4807F6E
:10A37000ADB218BF2B4643F48073F3E70023D7E751
:10A38000A446DFE76325A1E7732DADE70434B5E705
:10A39000892801002DE9F04F83789BB09C07CDE917
:10A3A0000512804614D5D0F8049009920B4600257A
:10A3B000187878B1252814D0013303934146C84753
:10A3C00000280BDA98F8023043F0040388F80230D2
:10A3D0004FF0FF3528461BB0BDE8F08F0135039BD9
:10A3E000E6E793F801B09A1CBBF1250F0392E5D084
:10A3F0004FF0000A5646574654461F2C24D8ABF15E
:10A400002003102B23D8DFE803F01622221C22227F
:10A41000220C2222221422192222090044F00104D3
:10A42000A4B2039B13F801BB0393BBF1000FE4D16B
:10A430001BE044F0020444F00404F1E744F0080493
:10A44000EEE744F01004EBE77F2C00F2E880BBF16C
:10A450002E0F00F0C88000F2A280BBF1240F00F0A4
:10A46000C880BBF12A0F00F0AB80BAF1000F06D014
:10A47000069B05980993524609A9FFF7F3FE002EA3
:10A480004BF0200AB8BF24F04004AAF16503BCBF1A
:10A49000A4B20026022B03D9BAF1610F40F08282E8
:10A4A0006FEA0B0B0BF020030493099B073323F097
:10A4B000070303F10802BAF1610F93ED000B099253
:10A4C00004F0400340F0DE80002B08BF4FF0FF3661
:10A4D0003146049A0AA809F0FAFE0130C3B2B34229
:10A4E00044F4C0540193A8BF03F1FF36DDF828B04F
:10A4F0000123A4B202934FF0700A0BF10903122B4F
:10A500000DD90BF16303C62B40F2EB800BF2E7335E
:10A5100040F2CE7293428CBF0423032302939DF832
:10A520002C30D80700F1DF80A20700F1DE80C4F3F1
:10A5300080025201D2B213F00C0F00F0E380002A27
:10A540000CBF03230423BB420FDA2407A7EB030746
:10A550000CD42F44414620200192C8470028FFF622
:10A5600031AF0135BD42019AF4D1002732B14146E5
:10A570001046C8470028FFF625AF01359DF82C305E
:10A58000A94C13F0080FA94B08BF1C46A2469AF825
:10A590000000002840F0AB802A1B924476E1ABF12A
:10A5A0003003092B3BD814F0400F4FF00A0202D0C1
:10A5B00002FB063635E702FB073744F020042FE79D
:10A5C000BAF1000F7FF42DAF099B600603F104027E
:10A5D000099201D51E6824E71F68002FEDDA7F423B
:10A5E00044F028041CE763063FF5F4AE44F0400451
:10A5F00016E7BAF1000F40D014F0400B069B059807
:10A6000009930CBF3A46324609A9FFF72BFE099B76
:10A610001A1D0992BBF1000FDCD11F6801E7BBF1E5
:10A620006C0F16D00CD8BBF1680F1CD0BBF16A0FB1
:10A6300003D0BBF14C0F7FF418AF44F42074EFE665
:10A64000BBF1740F3FF4EDAEBBF17A0F3FF4E9AE0E
:10A650000BE744F4007314F0800F9BB218BF1C4644
:10A6600044F08004DCE644F4007314F4807F9BB271
:10A6700018BF1C4644F48074D2E656463446BA46A7
:10A680003746CEE6002B08BF0626BAF1650F0DD17E
:10A69000721C44F48054D2B2A4B2112A28BF1122F1
:10A6A0001146002213464FF0650A08E0BAF1660F22
:10A6B0000FD144F40054A4B23346012211210AA858
:10A6C00000F016FBC3B201930223DDF828B0029319
:10A6D00013E716F0FF02E0D113464FF0650A01219F
:10A6E000EDE702231AE72D2225E72B2223E7049B1F
:10A6F000C01A4146C0B2C84700280AF1010ABFF695
:10A7000046AF5FE614F4405F40F092800199002E5E
:10A710000DF12D0308BF01260B44019919B113F85F
:10A72000011D302971D014F0100F019B18BF334662
:10A730001BF1040F6EDBB3456CDA5B4544F4005447
:10A7400079DD0BF101069E1B2BEAEB73013302B19D
:10A750000133002E71D0711C0B449F42CCBFFF1AF5
:10A76000002714F0090F03D12F44BD4269D10027FF
:10A7700032B141461046C8470028FFF623AE0135E6
:10A78000230510D541463020C8470028FFF61AAEF1
:10A79000049BC3F17800414600F0F800C847002848
:10A7A000FFF610AE0235200703D42F44BD4252D12C
:10A7B0000027A1046DD52BEAEB73ABEB030B7642BC
:10A7C000019A5A4584BF0AAA5A4403F1FF338CBF49
:10A7D000507930209E4205F1010A44DC4146029343
:10A7E000C8470028029BFFF6EDAD5A1C09D141462F
:10A7F0002E200293C8470028FFF6E4AD029B05F126
:10A80000020A0BF1010B5546DAE701990139C9B289
:10A81000019182E75E1E14F4006F029914BF0523B4
:10A8200003230B4493E700BFFC7F0500F87F05007E
:10A83000A00489D4EFE7002686E7E10648BF01338C
:10A840008BE7414620200792C8470028FFF6BAADA3
:10A85000079A013589E741463020C8470028FFF6AE
:10A86000B1AD0135A2E741460193C8470028FFF684
:10A87000A9ADE6060AD5019B013307D141462E203A
:10A88000C8470028FFF69EAD05F1020A5546574419
:10A8900016E29DF82D004146C8470028FFF692AD0C
:10A8A000002E5FDD41462E20C8470028FFF68AAD06
:10A8B00001240AAB019AA242CABFE21830205079A3
:10A8C0004146C8470028FFF67DAD621C96420AABA0
:10A8D00046DAAA1C1444049BAAEB03004146C0B20A
:10A8E000C8470028FFF66EADBBF1000FB4BF2D20A6
:10A8F0002B204146B8BFCBF1000BC8470028FFF61C
:10A9000061AD029B042B39D14FF47A76BBFBF6F58F
:10A9100005F130004146C0B2C8470028FFF652ADED
:10A92000033406FB15BB6426BBFBF6F505F13000CE
:10A930004146C0B2C8470028FFF644AD013406FBCB
:10A9400015BB0A26BBFBF6F505F130004146C0B247
:10A95000C8470028FFF636AD013406FB15BB15E0ED
:10A960001446A7E7E40601D46C1CB4E741462E2048
:10A97000C8470028FFF626ADAC1CACE7029B032BB2
:10A9800004F10204CFD0029B012BDAD10BF1300B82
:10A9900041465FFA8BF0C8470028FFF613AD04F17B
:10A9A000010A73E7ABF16303122B00F2DD80DFE8ED
:10A9B00013F013005300DB00DB00DB00DB0053006F
:10A9C000DB00DB00DB00DB00DB00F400D500DB009C
:10A9D000DB002800DB00A700099B1A1D09921B68F9
:10A9E0008DF8283001260DF1280A20072BD50AEB17
:10A9F000060B54465C4528D1A5EB0A0AA244BF1BAE
:10AA000044E7099B1A1D0992D3F800A0A74BBAF19D
:10AA1000000F08BF9A4614F0400F14BF31464FF0A4
:10AA2000FF31504609F0CEFA0646DEE741462020C7
:10AA3000C8470028FFF6C6AC013CA642F6D32F4417
:10AA40003D1B2746D3E73C46F7E714F8010B414688
:10AA5000C8470028CEDAB5E42106099B2ED5A20509
:10AA600027D5073323F0070303F108020992D3E93E
:10AA70000001002924F0100A30DA404261EB410164
:10AA80004AF4806A0AAC0A23224609F00CFB1AF049
:10AA9000400FA0EB040200F0978096422AF00103D9
:10AAA00040F39B80BBF1000F40F099802AF0110326
:10AAB0001EE01A1D09921868C117DAE71A1D0992DB
:10AAC000E005196801D40846F6E7A2054BBF48B275
:10AAD00008B241F3C01141F3C031CAE750EA0103A3
:10AAE000D0D16306CED5002ECCD124F0110332464E
:10AAF000344640F20641194089B200296BD122E068
:10AB000024F010040A2314F0800C099A4BD014F49A
:10AB100000711DBF073222F0070202F10801101D6B
:10AB200015BF09910990D2E90001106850EA0102AD
:10AB300046D1620624F0160A44D5002E42D124F0F4
:10AB400017033246344619075FD4D90704D5A74204
:10AB500072DD3C1BA6183C46A24650E044F01004AF
:10AB600010234FF0780BCEE7BAF1780F04D1CBF178
:10AB7000780343F01003C6E7BAF1620F11D04146E3
:10AB80002520C8470028FFF61DAC41465846C84757
:10AB90000028FFF617AC023521E408234FF0000B24
:10ABA000B1E70223AFE7111D099114F48071106819
:10ABB000BCD014F400711ABFC0B2614680B2B5E7D0
:10ABC00024F0060A0AAC5FE714465346D90690D52E
:10ABD000BBF1000F05D10134B5E71446F6E7344662
:10ABE000F4E70234AFE741462020CDE90132C847FF
:10ABF0000028FFF6E7ABDDE901320AF1010A57450B
:10AC0000F1DC2C1B04EB0A055446D90616D5414647
:10AC100030200192C8470028FFF6D4AB019ABBF15F
:10AC2000000F36D041465846C8470028FFF6CAAB49
:10AC30000235019A2E4421E016468DE740F2064186
:10AC4000194089B20029F5D013F0020F14BF2B2050
:10AC5000202013F4806F18BF2D2041460192C84771
:10AC60000028FFF6AFAB0135E3E741463020019203
:10AC7000C8470028FFF6A6AB019A0135731B9A421C
:10AC8000F3DB16460DF1280A2EB902EB050A3F1B2D
:10AC9000FCE50135CEE7013E41461AF80600019277
:10ACA000C8470028019AEFDAFFF78CBB0080050047
:10ACB00041462020C847002805F10105FFF682AB78
:10ACC0007B1B002BF4DCFFF78ABB00BF1FB502AB78
:10ACD0000093064A4FF0CC3309F0C3FADDE90201D4
:10ACE000C00840EA4170C90805B000BDCDCCCCCC4D
:10ACF0002DE9F04F9FB08DED040BCDE90E32DDE96B
:10AD0000044207900D91D00FC2F30A51C2F313030E
:10AD10000A9079B954EA03007AD1079A3023537123
:10AD20000A9B116043F002031371012630461FB0E5
:10AD3000BDE8F08F40F2FF7081420AD123430A9BA5
:10AD4000079A14BF43F0080343F00403137100266D
:10AD5000ECE7A1F2354A43F4801504F001014FEA13
:10AD6000850823430B9148EA94784FEA840653D12F
:10AD700040F2FE7313EA12530CBF01270027BAF109
:10AD8000000FC0F2B880504600F0EEF9BAF1030FA0
:10AD9000C8BF0138049000F0F3F9049B7C30A3EBAA
:10ADA0000A0A82441AA9184600F07AFA16AB0193EF
:10ADB00014AB009320465346294602971AAA09F07D
:10ADC00097F9049B152B04460D4600F2908018ABB2
:10ADD000AA4A009330464FF0CC334146DDE9149A3D
:10ADE00009F03FFA189B199A9B0843EA827303EB18
:10ADF0008303B34212D13046414600F0C9F9049BA7
:10AE000083428CBF4FF000094FF00109002717E083
:10AE1000DFF86CA21D46A0E70127B0E70B9B002BD3
:10AE200055D1013E48F1FF31F01B61F1000100F006
:10AE3000AFF9049BDDF82C9083428CBF00270127DB
:10AE40000F9B002B40F0C780DDF834800026B2460F
:10AE50000C964FF00A0BDDE91401FFF737FF169B44
:10AE60000893179B1393CDE9100119460898FFF733
:10AE70002DFF109B129198420B46119973EB010123
:10AE80000246139B80F0C380204629461392FFF7A9
:10AE90001DFF139A089D0BFB02F3AB4214BF002762
:10AEA00007F00107109B1493119B002E14BF4FF065
:10AEB000000909F00109CDE915320BFB1046129B80
:10AEC0001793F6B20AF1010A04460D46C3E7B01C17
:10AED00048F1000100F05CF9049B83428CBF002024
:10AEE0000120B9EB00006AF10002CDE914024FF035
:10AEF00000094F46A4E7CAF1000B584600F03AF9A2
:10AF0000BAF1FF3F0CBF8146A0F101090AEB09032A
:10AF1000ABEB0900049300F033F91AA9A0F17D0A04
:10AF2000ABEB090000F04CF916AB019314AB0093A6
:10AF3000204629460297A9EB0A031AAA09F0D8F875
:10AF4000B9F1010F04460D460ED80B9B13B94FF013
:10AF5000010975E7149B159A013B42F1FF32CDE9D7
:10AF600014324FF0010951E7B9F13E0FBFD84FF04D
:10AF7000FF33A9F1200003FA09F2C9F1200103FA15
:10AF800000F023FA01F1024303FA09F30A4326EA27
:10AF9000030628EA020856EA08060CBF4FF001092A
:10AFA0004FF0000932E701FB03F0A2FB012308F197
:10AFB00001080344944275EB0300F4D2049B9844C7
:10AFC0000E9B9844DB0F9845B8BF98460D9B98455B
:10AFD000A8BF98463AE70A2200234FF0010811461D
:10AFE000E8E70BFB01FEA0FB0B010CF1010C714427
:10AFF000844275EB010EF4D2C4450DDDB8F1000FAB
:10B0000002D154EA050107D001230C933CE70A2042
:10B0100000214FF0010CEBE7002F33D04FF00A0B6B
:10B0200019460898FFF752FE02460B460BFB00F14B
:10B030000898814226D1DDE91401CDE91023FFF7FC
:10B0400045FECDE9080120462946FFF73FFE002EC8
:10B0500014BF4FF0000909F001090BFB1046DDE9B0
:10B060000834109A1692CDE91434119B1793F6B256
:10B070000AF1010A089204460D46D1E7CDCCCCCCAA
:10B08000CCFBFFFFB9F1000F05D004F0010304333E
:10B09000052E08BF1E46049B03EB0A090C9B53B9FF
:10B0A000DDE916239D4208BF944204D10B9B002B7F
:10B0B00047D1002F45D0042E94BF00260126301919
:10B0C0004FF00A0245F10001002301271446904287
:10B0D00071EB030537D2EEB1B8451BDA0F9B6BB1AC
:10B0E0000E9A09EB0703D318012B0D9AB8BF012361
:10B0F0009A42A8BF1A46974290460BDD05304FF0A2
:10B100000A024FF0000341F10001DBF7F9FF09F1FA
:10B110000109013F4745079BA8BF47460FFA89F938
:10B1200009FA87F905333EB209F1FF3403FA87F7CC
:10B130004FF00008B0450DDB079B0A9A1C601A719E
:10B14000F4E50126BBE704FB03F5A2FB042301376A
:10B150002B44BCE70A220023DBF7D2FF303207F88A
:10B16000012D08F10108E5E7014B5843800C7047B9
:10B1700041340100014B5843000D7047FB2E0B007A
:10B18000024B5843C00C0130704700BF4F93120070
:10B190000A4A70B503464FF0CC3600204FF03335E5
:10B1A00006FB03F402FB0144A3FB023121449D4250
:10B1B00075EB010401D30130F2E770BDCDCCCCCCEE
:10B1C0002DE9F04F334A1A25B0FBF5F35D4302EB4E
:10B1D000031B421B87B004460E460AD1DBE900235D
:10B1E000C1E90023DBE90201C6E9020107B0BDE8BD
:10B1F000F08F294B03EBC203D3E9008902AB009324
:10B20000DBE902234046494609F02BF804AB0093E2
:10B21000DBE9002307468A464046494609F021F803
:10B22000DDE90432DF1952EB0A0A89464FF00001CA
:10B2300028BF0121804631B1029B039A013342F1BC
:10B240000002CDE902322046FFF79AFF83462846E6
:10B25000FFF796FFABEB00053A4653460095404694
:10B26000494609F015F822090C4B640053F82230C6
:10B2700004F01E04E34003F003031B1841F1000136
:10B28000C6E900313846DDE902230095514608F051
:10B29000FFFFA9E7784D0500A84C0500E4750500FF
:10B2A0002DE9F04F1A25DFF8F0B000F1190ABAFBCA
:10B2B000F5FA05FB0AF52A1A4FEA0A1789B004467F
:10B2C0000E460BEB0A1A0AD1DAE90023C1E9002382
:10B2D000DAE90201C6E9020109B0BDE8F08F2C4BA2
:10B2E00003EBC203D3E9008904AB0093DAE902233C
:10B2F0004046494608F0B5FF5BF80720DAF804300D
:10B30000013ACDE9021006A963F10003009140461D
:10B31000494608F0A6FFDDE90632804603981F186B
:10B32000029B52EB030A89464FF0000128BF01211E
:10B3300031B1049B059A013342F10002CDE9043298
:10B340002846FFF71DFF05462046FFF719FF2D1A77
:10B350003A46534600954046494608F099FF4FEA61
:10B36000141C0C4A640004F01E0352F82C40DC400C
:10B3700004F003040134241841F10001C6E900413E
:10B38000DDE9042300953846514608F081FFA1E726
:10B39000A84C050038760500484E050080EA1040AC
:10B3A00080EA102080EA101046F6961300F00F0095
:10B3B00043FA00F000F00100704700BF2DE9F047AC
:10B3C00082B00646DDF828E00846B4460D46002B5C
:10B3D0004ED18A4214466DD9B2FA82F242B1C2F11C
:10B3E0002003954026FA03F394401D4306FA02FC1D
:10B3F000260CA7B2B5FBF6F14FEA1C4306FB11552C
:10B4000043EA054301FB07F0984209D9E31801F12B
:10B41000FF3580F00381984240F2008102392344D5
:10B420001B1A1FFA8CFCB3FBF6F006FB10334CEA38
:10B43000034C00FB07F363450AD914EB0C0C00F135
:10B44000FF3580F0ED80634540F2EA80A444023885
:10B4500040EA0140ACEB030C0021BEF1000F04D028
:10B460002CFA02F30022CEE9003202B0BDE8F087E8
:10B470008B4209D9BEF1000F01D0CEE90061002155
:10B48000084602B0BDE8F087B3FA83F117460029F9
:10B490004DD1834202D3B24200F20F81B6EB070CCA
:10B4A00060EB030301201D46BEF1000FDDD0CEE9A5
:10B4B00000C5DAE7002A00F098801A46B4FA84F34F
:10B4C000002B40F0AF800B1B270CA6B20121B3FB71
:10B4D000F7F54FEA1C4007FB153340EA034306FB30
:10B4E00005F8984507D9E31805F1FF3002D29845D1
:10B4F00000F2E8800546A3EB08031FFA8CFCB3FBBF
:10B50000F7F007FB10334CEA034C06FB00F36345EE
:10B5100008D914EB0C0C00F1FF3602D2634500F29F
:10B52000CE803046ACEB030C40EA054095E7C1F114
:10B5300020058B4022FA05FC4CEA030C00FA01F4CA
:10B5400026FA05F3E84002FA01F943EA04084FEA53
:10B550001C4206FA01FAB0FBF2F71FFA8CF602FB66
:10B5600017004FEA184444EA004407FB06F0A042E3
:10B570000AD91CEB040407F1FF3380F09C80A04241
:10B5800040F29980023F6444241A1FFA88F3B4FB06
:10B59000F2F002FB104443EA044300FB06F69E422D
:10B5A00009D91CEB030300F1FF3480F082809E4236
:10B5B0007FD90238634440EA0740A0FB09749B1B13
:10B5C000A3423E46A04664D361D0BEF1000F0AD02C
:10B5D000BAEB060263EB080303FA05F5CA4015430C
:10B5E000CB40CEE9005300213FE7730843EAC17323
:10B5F0004A08190C41EA02414FEAC67C9BB2B2FBF1
:10B60000F4F02646A04627461F2243EA0143B1FB39
:10B61000F4F1A3EB080341EA004158E72946FFE6AD
:10B62000284615E71A46C3F120019C4026FA01F38B
:10B6300020FA01F190400343270C06FA02FCB1FB0B
:10B64000F7F0A6B207FB1015190C41EA054100FB03
:10B6500006F58D423BD9611801D28D4220D8491B95
:10B660000138B1FBF7F5019505FB06F8019D9BB28A
:10B6700007FB151143EA0143434526D2E31805F1C0
:10B68000FF31C6D24345C4D2A91E2344C1E7BA45FF
:10B690009BD2B7EB090664EB0C040138A04694E793
:10B6A000651B29440238B1FBF7F5019505FB06F847
:10B6B000DCE720467FE71F4666E70846F4E6A44439
:10B6C00002382FE7023D234415E70199A1E7491B02
:10B6D000B1FBF7F5019505FB06F8C7E7704737B5ED
:10B6E0000C460569836801A95B68984738B92A68E0
:10B6F000019B01215340A1400B4218BF012003B020
:10B7000030BD83681B6C03B11847704710B5044601
:10B710004369017C50F8100C98470023237410BD36
:10B7200013B501AA044606F09EF8002805DB019B2C
:10B73000226819791868F9F785F902B010BD01235C
:10B7400003FA01F103691B68194203D022B183682F
:10B750001B6903E0002AFAD08368DB681847436856
:10B76000197D1869FFF7BBBF43680A469868197BC3
:10B77000FFF7E5BF43680A461869197DFFF7DFBF89
:10B7800040684FF480310830DDF7F6BA40684FF476
:10B7900020210830DDF7F0BA40684FF480311030D6
:10B7A000DDF7EABA40684FF420211030DDF7E4BA43
:10B7B00010B442680B469068117B4BB183689C695A
:10B7C00064B14FF000734FF0A072A44610BC604704
:10B7D0008268946914B14FF40012F6E76FF05700D5
:10B7E00010BC704770B5466805460121B069FFF787
:10B7F00097FF041E0EDB706883685B6C03B198478B
:10B8000000212846FFF7D4FF2846FFF7BFFF284650
:10B81000FFF7C8FF204670BD70B545680646002199
:10B82000A869FFF77DFF041E06DB00213046FFF705
:10B83000BFFF6868FFF765FF204670BD13B500695C
:10B840000C462C3001A9FDF745FA20B99DF80430CB
:10B85000237002B010BD8C20FBE713B54FF480328B
:10B860000C4600230DF10701FFF7E8FF20B99DF812
:10B870000730237002B010BD6FF07300FAE7006963
:10B880002C3007F076BD08B50369012283F8282023
:10B89000FFF7F5FF002008BD19B103695962FFF7F2
:10B8A000F2BF6FF01500704710B50469FFF7E7FFAE
:10B8B000002084F8280010BD73B504698DF80410C9
:10B8C000064602252C340022002301A92046FDF75C
:10B8D000A5F940B1002200230DF107013046FFF722
:10B8E000ADFF012D01D102B070BD0125EBE713B50D
:10B8F00083681B6B0C4653B101220DF10701984779
:10B90000002804DD9DF807102046DDF7F9FA02B0A3
:10B9100010BD38B504460D468368DB6D13B19847FA
:10B92000012804D038BD29462046FFF7E0FFA36870
:10B93000DB6C002BF7D0204698470028F3D1F1E7C5
:10B9400010B50469DDF712FB78B99E22002304F1DB
:10B95000E400FDF751FB50B994F8C030022B18BF3A
:10B960005842002384F8C03010BD0120FCE70220BB
:10B97000FAE710B50469FFF7E3FFA0B9012384F8E3
:10B98000C83042F26762002304F1CC00FDF734FBBB
:10B99000002294F8C930A4F8C82028B9FE2B05D09D
:10B9A000FC2B08BF052010BD0320FCE70420FAE7AC
:10B9B000DDF728BB83689B68184783685B68184776
:10B9C000704703690022C3F8D029C3F8C92970471A
:10B9D00010B542680369044610680022C3F8D029F4
:10B9E000FE21FFF7E7FF2046BDE81040FFF7E9BF63
:10B9F000A0F51E600068FFF7E4BF2DE9F0414FEAB3
:10BA0000021808F4807802F00107C2F34005C2F37F
:10BA10008006C2F3801E4FEAD21CA3EB0803D200BB
:10BA20009DF818809DF81C400380012902F4807263
:10BA3000A8EB020218BF00244280047180F805E0E0
:10BA400080F806C0C77106724572BDE8F081F0B596
:10BA50000B46056985B0144661B1B2FA82F252090B
:10BA60000026002728680092CDE902670022022103
:10BA7000F5F756FF54B1002200232868CDE90223D0
:10BA80000122009223460221F5F74AFF05B0F0BDDE
:10BA900010B586B004699DF8240001909DF820003F
:10BAA000009003A8FFF7A9FFBDF90E20BDF90C1007
:10BAB0002068FFF7CCFF9DF815309DF814209DF805
:10BAC00013102068DDF7A0FB03AA07CA04F6D413FD
:10BAD00003C31A8006B010BD38B5056995F8433A1E
:10BAE00083B943681C68F4212046FFF763FF40B91F
:10BAF000A3681B6943B12046984710B9012385F814
:10BB0000433A38BD0020FCE76FF05700F9E738B53D
:10BB1000056995F8433A7BB143681C68F5212046D6
:10BB2000FFF748FF38B9A368DB683BB12046984768
:10BB300008B985F8430A38BD1846FCE76FF057008E
:10BB4000F9E710B50023934203D14FF0FF331846B5
:10BB500010BD51F823408442F9D00133F3E7F7B523
:10BB600005460C4679B3066996F8437AFFF7CFFF8E
:10BB7000012C0BD1C8212846DDF724FD642128467D
:10BB8000DDF720FD50212846DDF71CFD0DF10701F2
:10BB90002846DDF73DFD044660B99DF807301BB926
:10BBA00086F8C839012405E0033B012B0ED8012398
:10BBB00086F8C83996F8481A2846DDF703FD17B10C
:10BBC0002846FFF789FF204603B0F0BD86F8C80974
:10BBD000E8E72DE9F04142689368002B2FD0046913
:10BBE000656825B9D2E90201C4E901016581678967
:10BBF0006068217A47F420220669D0F808C03368CB
:10BC00000125FF0705FA01F54CBF2B43AB43336019
:10BC1000DCF80030984798B9002144F6CD4007F091
:10BC20009AFE237A60680121994003691B681942D2
:10BC30008368BDE8F0410CBF1B69DB6818471846F4
:10BC4000BDE8F08173B545680646002428680DF10B
:10BC50000701FFF7B2FEC8B99DF807302868AA2B84
:10BC600008D001463046DDF79BFC01340A2CEDD1AB
:10BC7000012009E00DF10701FFF79FFE30B99DF8A3
:10BC80000700003818BF012002B070BDE30705D4DB
:10BC900029683046DDF784FC0134D7E700214FF4F2
:10BCA000203007F058FEE0E701207047F8B506465F
:10BCB00008460F461446DBF74FFA054654B1013CDF
:10BCC00084422246394628BF0246304607F08BFFA1
:10BCD000002333552846F8BDDDF7E2BFDDF7E0BFAE
:10BCE000DDF7FABF10B5837A04681A44C37A1944A1
:10BCF000437A14B901FB032010BD13FB01234268F2
:10BD00009BB2934204D254F8230008B10138F3E700
:10BD10006FF01500F0E7084307D1824201D10020FF
:10BD2000704743F820000130F7E76FF015007047C7
:10BD30000021DEF709B982B008B50068CDE9022319
:10BD4000FFF7CEFF43681878F5F72AFE00284FF07A
:10BD5000000001DBDEF7F0FDBDE8084002B07047EF
:10BD600083681B6803B118476FF0850070478368CC
:10BD70005B6803B118476FF08500704783689B6864
:10BD800003B118476FF08500704782B08DE80C0052
:10BD9000002002B0704770B5436848791A78904225
:10BDA0000FD15868002203F10804B2EB500F08D0FD
:10BDB00034F82260CD88AE4205D103EB82035B8963
:10BDC000CB80002070BD0132EFE770471FB5012422
:10BDD0000294CC680194BDF81840009404F0F1F886
:10BDE00004B010BDF0B587B004460D4616461F4698
:10BDF000DEF702F8002811DB012302930DF117038F
:10BE00000193BDF830308DF81700009332463B4661
:10BE10002946204604F0D5F807B0F0BD6FF01200B7
:10BE2000FAE7F0B591B01E46BDF85830F518ADB23E
:10BE3000142D084611463ED8C4681420324600FB33
:10BE4000034007F0D0FE0B2D32D9254415F8011C14
:10BE500071BB20220DF11D0007F0ECFE01238DF8CF
:10BE60001C30D4F80330CDF82D30D4F80730CDF89D
:10BE700031302378CDF83530A3788DF83A3004F19D
:10BE80000B0110220DF11D00FFF710FFDEF746FC3D
:10BE90000AAD84460FCD6C460FC495E8030044F804
:10BEA000040B07AF217097E80E00604600F01DF804
:10BEB000304611B0F0BD6FF00600FAE77047086039
:10BEC00070470020704700B589B002F0FEFE694659
:10BED000DEF778FB09B000BD00B589B002F0F5FED1
:10BEE0006946DEF76FFB09B000BD84B02DE9F04371
:10BEF0009BB023A880E80E009DF88C30012B04D065
:10BF0000022B6CD06FF0850047E00DF18D03059397
:10BF1000DDF89D3006931822DDF8A130079300214B
:10BF200008A807F087FEDDF8A58007F08DFD4FF427
:10BF30007A73A0FB030703FB0177C50B9DF8AA30BA
:10BF400045EA4745FF0BCDE909850B97002B29D022
:10BF500008AE0FCE0EAC0FC496E8030084E80300D1
:10BF6000CDE90F8511970EAE0FCE14AD0FC594E835
:10BF7000030085E803000598FFF7B2FE00282BD0E8
:10BF800083689C68002CBDD01AAB13E90F008DE8C4
:10BF90000F00DDE9142305A8A0471BB0BDE8F0435E
:10BFA00004B0704708AC0FCC0EAE0FC694E8030087
:10BFB00086E80300CDE90F8511970EAC0FCC14ADC8
:10BFC0000FC596E8030085E803000598FFF788FE93
:10BFD00010B18368DC68D5E76FF01500DDE79DF8E8
:10BFE0008D00DDF759FFD8E71FB50446DEF706F8E8
:10BFF00058B100238DF8003043688DF80130037A82
:10C000008DF802306846DEF7F5FB2046DEF788F84B
:10C0100040B103238DF8003003788DF80130684675
:10C02000DEF7E8FB002004B010BD08B5DEF7FCFB2E
:10C03000BDE80840DDF7ECBF08B5E0F7CDF801F04A
:10C0400009FB002008BD00EBC10040884008704794
:10C05000F8B50346FFF7F7FFB0FA80F0C0F11F0014
:10C0600003EB8007CA003D69161D063245B901245D
:10C070008440D8682043D860396199539952F8BDFB
:10C08000E80004301C5A9C5303EBC4049D52E18029
:10C090001952F4E710B500EBC104E388994202F1AC
:10C0A00004010AD1012303FA02F2C36823EA02035E
:10C0B000C360002340F8213010BDA28840F8213031
:10C0C00000EBC20100EBC300CB808280F4E708B52F
:10C0D0000346FFF7B8FFB0FA80F2C2F11F0218461C
:10C0E000BDE80840FFF7D6BF2DE9F843B1FA81F368
:10C0F000C3F11F0200EB82080546D8F8106089469C
:10C1000086B9C3F120034FF0FF349C40EB681C401C
:10C1100013D094FAA4F2B2FA82F2131D55F8234018
:10C12000214607E03446032721462846FFF78BFFC8
:10C13000484505D32846FFF7ADFF2046BDE8F88304
:10C1400005EBC404013FE488C8F81040D9D0A642EA
:10C15000EAD1D6E738B50346FFF775FF03EBC10513
:10C16000044611461846FFF76EFF044460006880DD
:10C170001846FFF768FF024423F8324038BD38B54F
:10C180000546FFF760FF0C46014405EBC1039B78B1
:10C19000DA070AD42846FFF79AFF21462846FFF718
:10C1A00052FF22182846FFF7D5FF35F83410611AE0
:10C1B00005EBC1039B78DB070CD42846FFF787FF0C
:10C1C00035F834102246611A2846FFF7C3FF35F8C8
:10C1D0003430E41A21462846BDE83840FFF738BF1E
:10C1E00070B50446FFF72FFF551A04EBC1036E002C
:10C1F000891A5E800B1804EBC2015800488024F8AD
:10C20000325011462046FFF71EFF024424F8323018
:10C2100070BD61B100680439091A21F007030344B5
:10C22000C9085A8822F001025A80FFF7A8BF704758
:10C2300070B509B9002070BD0468A368B3EBD10FD5
:10C24000F8D90B31CD0829462046FFF74DFF0646A9
:10C250000028EFD001462046FFF7F5FEA84207D997
:10C260002046AA19FFF7BCFFA9192046FFF7F0FEE8
:10C2700004EBC602101D538843F001035380DAE734
:10C280002DE9F8434B4203EA010931EA030305466D
:10C2900014460BD04B46042B4F4628BF0423A1EB7A
:10C2A00009096CB900252846BDE8F883042904D89B
:10C2B000BDE8F8431146FFF7BBBF00270423F0E7B2
:10C2C0002E68B268B2EBD40FECD904F10B014944EB
:10C2D000C91AC9083046FFF707FF80460028E1D099
:10C2E0003D1D05EBC00509F1FF3335441D44B5FB89
:10C2F000F9F509FB05F5ED1B2C442B1F07349B1B9F
:10C3000024F00704A41BB0EBD30F4FEAD3074FEA86
:10C31000E40408D201463A463046FFF761FF414641
:10C320003046FFF795FE39463046FFF78CFE38441D
:10C33000844207D230462246FFF752FF214630465C
:10C34000FFF786FE06EBC706738843F00103738090
:10C35000A9E7043A2DE9F041CC1D114424F007046B
:10C3600021F00706331BDF08B7FA87F2C2F1240574
:10C37000AD004FF000080735C2F12002ED0804605F
:10C380004146A760C4F80C80920004F1100007F049
:10C3900051FC6B0043F00103638004EBC5027B1B7F
:10C3A0005900A4F80080518024F8355033800123CF
:10C3B000738029462046BDE8F041FFF749BE0020C2
:10C3C00070470FB407B504A951F8040B0191DEF7CB
:10C3D0009BFA03B05DF804EB04B07047044608B55F
:10C3E000084611461A46A047FDF7AEFBE0F73EF9B6
:10C3F0000FB407B504A951F8040B0191DEF784FAD4
:10C4000003B05DF804EB04B07047F0B56423044654
:10C41000042500200A2711B1013D01D12570F0BD8E
:10C420009A42B2FBF3F602D2012B00D038B106F1EA
:10C43000300C0139013004F801CBC9B2C0B203FBA2
:10C440001622D2B2B3FBF7F3E5E7A0F13003DBB27B
:10C45000092B02D80B7000207047A0F16103052B57
:10C4600002D857380870F6E7A0F14103052B01D830
:10C470003738F7E76FF015007047F7B50E4601F053
:10C48000010101EB56079F42054603D900273846B4
:10C4900003B0F0BD59B100780DF10701FFF7D5FFEA
:10C4A0000028F3D19DF8073002F8013B0135013532
:10C4B00002EB5606B242EAD015F8010C0DF1070165
:10C4C000FFF7C3FF0028E1D19DF807402401147055
:10C4D0002878FFF7BAFF0028D8D19DF807301C4410
:10C4E00002F8014B0235E5E7036800220BB9184654
:10C4F00070478B4210D10B6842B942680360914289
:10C5000000D1436000230B60012070471360436833
:10C51000994208BF4260F5E71A461B68E6E7038BBD
:10C5200013F0070306D10368002B18BF032008BFD0
:10C5300000207047022B05D1408BB0FA80F04009F3
:10C5400080007047012B04D10368002B18BF052021
:10C55000EDE70020704710B50C4600B111B96FF03F
:10C56000150010BD081D00F0C3F80028F9D1A3681C
:10C57000032BF6D9F3E72DE9F0410D46074619469E
:10C58000281D90461E4600F0C7F838B13346424693
:10C59000294684463846BDE8F0416047BDE8F08151
:10C5A000EFF31182202383F31288BFF36F8F416171
:10C5B0000121DEF7D7B938B505460C4658B151B15F
:10C5C0000B6843B14B6833B11C22002107F032FBEA
:10C5D0002C61002038BD6FF01500FBE7F8B505466B
:10C5E0000F46FFF7B8FF041E3BDBEFF31182202359
:10C5F00083F31288BFF36F8F6B8B2E8B4FF6FF7117
:10C600008B4206F007062ED0062E2FD8DFE806F064
:10C61000182E082E180418006FF08504002303E07C
:10C6200001336B830224012382F31188BFF36F8FE0
:10C63000BBB10023324639462846FFF79CFF10E085
:10C6400000233B606B6823B9C5E9007726B1344607
:10C65000E4E71F606F60F9E702212846DEF782F900
:10C6600034462046F8BD6FF00A04D7E76FF00404A3
:10C67000D4E710B5EFF31182202383F31288BFF3C0
:10C680006F8F048B04F00704022C0AD0012C0CBF1E
:10C690006FF004006FF0850082F31188BFF36F8F95
:10C6A00008E0438B013B9BB2438323B92146DEF76D
:10C6B00059F9204610BD2046EEE738B5A8B1A1B122
:10C6C000EFF31185202282F31288BFF36F8F048B62
:10C6D000FFF70AFF30B104F0070085F31188BFF3BC
:10C6E0006F8F38BD6FF07700F7E76FF01500F8E750
:10C6F000034640B1426802F00302022A06D0032A30
:10C7000004D0012A05D06FF0150070471A68002A7E
:10C71000F9D000209860704710B54268816002F03F
:10C720000302022A03460AD0032A0BD10468002020
:10C7300000225A6008B1FDF719FD204610BD0068BF
:10C740000024F5E700242046F2E7F0B58E680D6876
:10C75000C469AF1BBC429CBF3F1B3619E41B9C4203
:10C7600028BF1C460368AD1B2B4413600B68234491
:10C770000B602046F0BD30B444684369E51AC469D3
:10C78000631B934228BF134630BC0A46011DFFF7C6
:10C79000DCBF30B40D460146846851F8103FE31AFF
:10C7A000934228BF13462A4630BCFFF7CEBF10B5D0
:10C7B000D1E90043E41A94420CD31A44C1E900229F
:10C7C0008B68C069D21A904201D9002010BD034481
:10C7D0008B60FAE76FF01500F8E72DE9F34180462A
:10C7E0000E46154600272A4601A94046FFF7C3FF1B
:10C7F000044640B102463146019807F0F4F92D1B7A
:10C8000027442644EFD13A4608F104014046FFF799
:10C81000CEFF384602B0BDE8F0812DE9F3418046F5
:10C820000E46154600272A4601A94046FFF7B1FFEC
:10C83000044648B12EB102460199304607F0D3F9BB
:10C8400026442D1B2744EED13A4608F110014046FC
:10C85000FFF7ADFF384602B0BDE8F081704770B415
:10C8600006688489806A0D0C16FA81F105FB0411B3
:10C8700084682468A44670BC60472DE9F0431C46D8
:10C88000C36A1D686D4289B007460E46904605F0A2
:10C8900020051CB9204609B0BDE8F083AC42A14692
:10C8A00028BFA9464B466A4631463846FFF7D7FFB0
:10C8B0000028F0D16B46484502D1241A0644E8E727
:10C8C0001A78424502D101330130F4E70120E2E752
:10C8D0000B6803F580330B60C0891A0CB0EB134F63
:10C8E00004BFA3EB02430B60704738B5828903682D
:10C8F0000D0C090C04462D04806A02FB013100F086
:10C90000DCFF50B9E26AA389527929462046FFF735
:10C91000B4FF002818BF6FF0050038BD10B5014600
:10C9200004460722FF20DDF7CBFFE07110BD03684E
:10C9300058185A4201381040012B98BF08467047DA
:10C940002DE9F0410C4606460821C06AFFF7EFFFCB
:10C95000072280462146FF206588A788DDF7B0FFC3
:10C96000E379834209D1B0893D44A0EB0800A84295
:10C9700094BF00200120BDE8F0810020FBE72DE9F5
:10C98000F3410F4606460821C06AFFF7D0FF3C6816
:10C99000241A250C80463C602D04AC4203D80020AC
:10C9A00002B0BDE8F08108236A4621463046FFF711
:10C9B00056FF0028F4D169463046FFF7C1FF40B169
:10C9C000BDF80230BDF804203C606FF30F0513443E
:10C9D0001D44A4EB0804E0E738B505460C46FFF714
:10C9E000AFFFA0B1A08898B922884FF6FF739A4292
:10C9F0000DD1E86A0821FFF79AFF6288AB899B1A7C
:10CA0000B3FBF0F202FB1030B0FA80F0400938BD01
:10CA10000020FCE7F7B504460E46C06A082115461B
:10CA2000FFF785FF0B462A46316807462046FFF789
:10CA300016FF0546002837D1316839443160A08996
:10CA40008BB2C01B83422FD10B0C03BFE38903F1D0
:10CA5000FF3301EB0341A1F58031316008236A46C1
:10CA60002046FFF7FCFEF0B9E36A5A796B46197865
:10CA700091420ED10130082803F10103F7D1636818
:10CA800005E03368BDF802206FF30F0313443360F1
:10CA90000AE069462046FFF79FFF0028F1D13146A2
:10CAA0002046FFF76CFF0546284603B0F0BD2DE990
:10CAB000F043074689B090461C461BB9002009B0D8
:10CAC000BDE8F0833D688389080C15FA81F100FB0D
:10CAD0000316FB6A1D686D4225400CD0B86A836856
:10CAE0003146D3F804902B46C8470028E7D1641B91
:10CAF000E4D02E44A84422464146684607F073F825
:10CB0000FB6A1A685979121B0DEB040007F092F8C2
:10CB1000D7E90A031B688268314654686A46A04711
:10CB2000CDE738B50A46082341680446FFF7BFFF42
:10CB300008210546E06AFFF7FAFE63681B1A636086
:10CB4000284638BD13B54FF6FF73ADF8003000230B
:10CB5000ADF804304FF0FF3304468DF8063083689B
:10CB6000ADF802306846FFF7D9FE69462046FFF768
:10CB7000D8FF02B010BD13B504460821C06AFFF704
:10CB8000D6FE4FF6FF73ADF800300023ADF8043049
:10CB900063681A18ADF802204FF0FF328DF80620B6
:10CBA000A2896FF30F0313441B1A63606846FFF7F3
:10CBB000B5FE69462046FFF7B4FF211D2046FFF76A
:10CBC00087FE63686FF30F03A36002B010BD2DE909
:10CBD000F04F082195B00446C06AFFF7A8FE6368CD
:10CBE00081466FF30F0303A920460393FFF770FEFE
:10CBF000DDF80CB0A5895D44A5EB0905082306AA5C
:10CC0000294620460495FFF72AFE031EC0F2AE8097
:10CC1000E36A06AA597900231078884240F0978089
:10CC20000133082B02F10102F6D1A36862684B447C
:10CC30009A4280F0848059462046FFF756FE03460C
:10CC400094E0BDF81A202B0C1B0413440493A5EBAD
:10CC50000903009308AA04A92046DDF810A0FFF7F5
:10CC6000D9FE0346002840F0818008A92046FFF73E
:10CC700067FE18B9009B5345ECD1D6E7656805956A
:10CC80000AAA05A92046FFF7C5FE034600286DD174
:10CC9000BDF82820BDF820309A4229D0059B626853
:10CCA0009A4223D1AA45E5D1BDF82430002BE1D02A
:10CCB000BDF822604FEA1A431B041E4408A8A3686B
:10CCC000ADF82230FFF72AFEE36ABDF824801D6824
:10CCD0006D4205F02005B8F1000F10D108A92046DB
:10CCE000FFF71FFF03460028C4D03FE01D46C7E7FB
:10CCF0000AA92046FFF724FE0028CFD0D2E74545F9
:10CD00002F4628BF47463B460CAA31462046FFF730
:10CD1000A6FD034650BB3B460CAAA1682046FFF780
:10CD2000C6FE39460190E06AFFF701FEA268019B4A
:10CD30000244A260D3B9A8EB07083E44CBE72046E3
:10CD4000FFF700FF034600283FF475AF0EE006A989
:10CD50002046FFF741FE00287FF473AF04A9204668
:10CD6000FFF70DFE034600283FF471AF184615B0DB
:10CD7000BDE8F08F2DE9F04F044689B000F11407AB
:10CD8000384606F038FBA06A8368DB689847E062A3
:10CD900028B96FF01505284609B0BDE8F08FA06AE4
:10CDA0008368DB6898470368013B1F2BF1D8A06AB2
:10CDB000216805AA04F06FFA0028EAD1A589002DA0
:10CDC000E7D0069BB5FBF3F203FB1255002DE0D133
:10CDD000E389012BDDD9E36A009593F805804FF0D4
:10CDE000FF324FF0FF333846FBF7D6FFE06A0821E9
:10CDF000FFF79DFDA9460646E3891FFA85FA5345CC
:10CE000045D8E3894B4500F0FB8053450BD1009991
:10CE100008234246891B2046FFF72FFD18B96946B3
:10CE20002046FFF755FD69462046FFF7A8FD054659
:10CE3000002840F0E780009961604FEA11494FEA0D
:10CE40000949C4F80890A3688B420ED8082301AAA8
:10CE50002046FFF704FDC0B901AB1A78424534D132
:10CE60000130082803F10103F7D1636869466FF3C5
:10CE70000F0320460093FFF72BFDA389009942463C
:10CE80002046FFF7FAFC00283EDA0546BAE0A18901
:10CE90002B04891B13FA81F1424608232046009196
:10CEA000FFF7EBFC78B169462046FFF711FD09F169
:10CEB000010900990823424620461FFA89F9FFF725
:10CEC000DCFC00289DD0013596E701A92046FFF73C
:10CED00037FDD4F804A018B9AAEB06016160B2E7E7
:10CEE000BDF808B0BDF80610E06AC4F808905944CF
:10CEF000FFF71DFD48448245A060EDD1BBF1000F56
:10CF0000EAD06FF01C057DE057D063684FF6FF79DB
:10CF100006EB0308A389CDF800801FFA88F29B1B5B
:10CF20009A4210D3002361682BB36FF30F01009175
:10CF300020466946FFF7CCFC00992046FFF7D5FC58
:10CF4000002853D0A1E7082303AA41462046FFF753
:10CF500086FC002899D103A92046FFF7F1FC30B1E7
:10CF6000BDF80C304B4502D1BDF810300BB1B044C8
:10CF7000D0E70123D7E72046FFF7B7FC002884D18C
:10CF80006368A2896FF30F031344A3EB4603636046
:10CF90006FF30F03A3602046FFF719FED0E75B1A7B
:10CFA00042462046FFF769FC0028FFF66EAF08D026
:10CFB000E26AA36812681344A360D4E901318B428A
:10CFC000EDD86168A38901EB46029A42B8D1A26804
:10CFD0000B0C1B049A42B3D02046FFF786FC0028B6
:10CFE0007FF453AF63686FF30F03A360A389A28834
:10CFF000A3EB46039A4205D12046FFF7A3FD44E781
:10D000006FF02C053846FBF73DFF002D7FF4C3AED3
:10D0100001232374BFE62DE9F04F1E46037C91B037
:10D02000CDE900210446002B00F0B980C56A082133
:10D030002846FFF77CFCA3890290A3EB8003B34250
:10D04000C0F0B0801EB1009B002B00F0AB803146D9
:10D050002846FFF76CFCD4F80480CDF8148007460E
:10D0600006AA05A92046FFF7D5FC054600283DD1B4
:10D07000BDF81830019A934207D0DDF81480636838
:10D080004345EDD1002E37D130E006A92046FFF709
:10D0900057FC0028F1D0BDF81C305EB3B3422BD151
:10D0A0004FEA1843BDF81A80DDF800B01B0498441D
:10D0B000E36A1B685B4203F020030393B146039BC2
:10D0C0004B4528BF4B4608AA414620469A46FFF7E3
:10D0D000C6FB00284DD1524608A9584606F050FF1D
:10D0E00050B9B9EB0A09D044D344E8D1284611B06D
:10D0F000BDE8F08F002BF9D0002F3DD1B8464FF09E
:10D10000FF324FF0FF3304F11400FBF745FEE389D3
:10D110009D4241D0A168626808EB01039A4230D376
:10D12000019BADF82030FF23009A8DF82630204671
:10D130003346ADF82210ADF82460FFF7B8FC314655
:10D140000746E06AFFF7F3FBA3680344A36057B9FF
:10D1500008A8FFF7E3FB08A92046FFF7E2FCB84266
:10D1600014BF0746374604F11400FBF78BFE3D461B
:10D17000BCE7C1DC0546B9E7029B1F441FFA87F8EC
:10D18000BDE72046FFF7F7FC2046FFF720FD0746E6
:10D190000028E8D10135BAE76FF01B07E3E76FF02D
:10D1A0000C05A3E76FF01505A0E700231A46FFF76B
:10D1B00032BF2DE9FF471E46037CBDF830700446A0
:10D1C00089469046002B43D0C06A0821FFF7AFFB89
:10D1D000A389A3EB4003B3423DD3656801954FF0AB
:10D1E000000A02AA01A92046FFF714FC20BBBDF8E3
:10D1F00008304B4506D102A92046FFF7A1FB504459
:10D200001FFA80FA019B62689A421AD0BA4516D971
:10D21000BDF80C30CBB1BA4517D3BDF80A10B342F4
:10D220006FF30F0528BF3346424629442046FFF7D7
:10D2300016FB08B9BDF80C0004B0BDE8F0871D4628
:10D24000CFE7BDF808304B45E2D06FF00100F3E7BF
:10D250006FF00C00F0E76FF01500EDE713B5002458
:10D260000094FFF7A6FF02B010BD43691BB11B7904
:10D270000B70002070476FF057007047406930B165
:10D28000BFF35B8F0068BFF35B8F00F00100704756
:10D2900043695BB1BFF35B8F53E8001F41F00101AD
:10D2A00043E80012002AF7D1BFF35B8F7047436950
:10D2B0005BB1BFF35B8F53E8001F21F0010143E82E
:10D2C0000012002AF7D1BFF35B8F704743690BB997
:10D2D00000207047BFF35B8F1A68BFF35B8F1007A6
:10D2E000F6D591B142F01001BFF35B8F53E8000F08
:10D2F000904204D143E8001CBCF1000FF6D1BFF30B
:10D300005B8F0CBF01200020704722F01001EBE77B
:10D31000406930B1BFF35B8F0068BFF35B8FC0F330
:10D32000C000704743693BB1DB682BB15B6918797A
:10D33000B0FA80F0400970470120704770B504468C
:10D340000D46FFF7EFFF18B9636903221A7170BD2C
:10D3500003212046A847002802DA10F1860FF6D1F3
:10D3600020462B460121BDE870401847704730B574
:10D370004C680368A34201D2012030BD8A68224470
:10D38000934201D30020F8E7D1E90452954203D338
:10D390006FF00B038B61F5E7CA681B1B42F8353051
:10D3A0004368086902EBC00253600B6901330B61EB
:10D3B000E2E737B50C46C0B201A91546DDF712FC0D
:10D3C00000280CDB019850B121462A46DDF732FCDB
:10D3D00004460198FFF7CAFF204603B030BD6FF046
:10D3E0001504F9E710F0700F08D100F07F0310F07A
:10D3F000800F18BF103301209840704700207047FD
:10D400002DE9F84306460F469046994604244B46BC
:10D41000424639463046F4F71FFF10F10B0F054620
:10D4200003D1FCF7CDFA013CF1D12846BDE8F883E1
:10D43000006840B150F8043C5B688B42A0F10400E6
:10D4400001D04068F5E77047006850B150F8043CDF
:10D450005B685B689B788B42A0F1040001D0406858
:10D46000F3E7704730B5006888B150F8043C5B685A
:10D470001A6A1D7F04380023043ADCB2A54201D8A1
:10D480004068F1E7013312F833408C42F5D130BDEA
:10D4900008B5DEF75BF928B1406810F1100F14BF32
:10D4A0000020012008BD4B1C8170817680F825305A
:10D4B000C37600F8061C704750E90231D0F89C0092
:10D4C00018470369002283F84A207047036993F8DC
:10D4D0004A0048B193F8480030B1D3F8902053681F
:10D4E0005169D0695B1AC01A70470369002283F83A
:10D4F0004B207047036993F8490008B193F84B003B
:10D50000704708B50246FFF7F5FF28B91046FFF748
:10D51000DDFF003818BF012008BD0369C3E9001210
:10D520007047CB79026923B1012B02D06FF08500DF
:10D53000704782F8A1300020704710B50369D3F816
:10D5400094200A6093F898206AB1012A0CBF022245
:10D5500003224A7193F89920501E032805D8DFE86A
:10D5600000F0050505050122F3E700220A7193F892
:10D570009A20062A0BD0072A0BD0052A0CBF0022BE
:10D5800003228A7193F8A130CB71002010BD0122D3
:10D59000F7E70222F5E770B504690546D4F88C0078
:10D5A000FFF73BF994F8A0300646ABB1D4F88C10E5
:10D5B0004B684A699A1ACB699B1A3F2B0CD994F88D
:10D5C0009E3033B16B681B6A2246187B0021DEF760
:10D5D000A9FB002384F8A030304670BD08B50122B5
:10D5E000FFF7D9FF013818BF4FF0FF3008BD0369BE
:10D5F000D3F8901048694A68C969121A914204BF69
:10D60000002283F84820D3F88C2091681269914257
:10D6100004BF002283F84920012070472DE9FF4113
:10D62000CD680646284698460C461746D9F794FD1D
:10D63000BDF82830009380B2CDE9015043463A4608
:10D640002146304602F0BDFC04B0BDE8F0817047D1
:10D65000002070470020DEF77FBC00221146DEF775
:10D6600043BC0021DEF7CEBC10B50AB10023136025
:10D67000A0B151B1013911F8013F43B10478A3427F
:10D6800003D13D2B00F10100F5D1002006E0017827
:10D690002F2904D10AB101301060012010BD3D29AD
:10D6A000FBD0B1FA81F04009F8E710B509B10023C9
:10D6B0000B6058B103461A783AB13D2A05D02F2A9B
:10D6C00003F1010403D101B10C60181A10BD234607
:10D6D000F1E72DE9F341089C019080460D4616467E
:10D6E0001F4634B1216881B9D4F804E0BEF1000FBF
:10D6F00014D101A94046DEF7C5FC58B1C4680198B1
:10D700003B4632462946A04704E001AAFFF7ACFF9A
:10D710000028E9D1002002B0BDE8F081A36801989B
:10D72000089332463B462946F44602B0BDE8F04134
:10D7300060470830704710B5134614460A46818882
:10D740000068FFF78BFDA042A8BF204610BD2DE961
:10D75000F04F97B00446884601929B46002900F09E
:10D760008680058F0135002B18BF002AADB20CBF93
:10D770004FF001094FF000092F466E1EB6B2B6F504
:10D78000004F33D04A2303AA314604F10800FFF7C3
:10D7900065FD002805DA10F1020F08BF374635464F
:10D7A000EBE700F158030DEB0300002300F84C3CBD
:10D7B00003A94046D9F7BEFC0028F0D1B9F1000F0B
:10D7C0001AD13746B7F5404F54D0238FBB4235D3DB
:10D7D00007F58041019A5B4689B204F10800FFF722
:10D7E0001AFC002837DA17B0BDE8F08FB9F1000F46
:10D7F00034D14FF00109E5E7314604F10800FFF7A5
:10D80000D4FC0028EFDB05F57F513F3189B204F1EC
:10D810000800FFF7CAFC0028E5DB238FB3421DD1C7
:10D820002246013B22F8383F4FF40041022304F125
:10D830000800FFF7F0FB00EAE070D4E7224602237D
:10D8400022F8387F4FF4004104F10800FFF7E3FBB2
:10D850000028BDDAC7E7B9F1000F01D10020C2E707
:10D860004046D9F779FC424603463946DFE76FF078
:10D870001500B8E76FF00B00B5E773B5C36B036332
:10D880000546BBB10830FFF775FA044678B90223A4
:10D890000DF106024FF4004105F10800FFF7DEFC30
:10D8A000A042ACBFBDF806304FF400432B872046A2
:10D8B00002B070BD6FF01204F9E72DE9F041856800
:10D8C000EB6804460E4617469847AB682BB13A46BC
:10D8D00031462046BDE8F04118476FF05700BDE8DB
:10D8E000F081012801D1EFF30583FBF711B8014660
:10D8F0000068FFF7F6BF08B5DEF726FDBDE8084073
:10D90000DEF726BD00210120FFF7EBBF61B662B64E
:10D9100080F31188BFF36F8F704772B6002383F3D3
:10D920001188BFF36F8FBFF34F8F30BF62B6BFF365
:10D930006F8F704772B6002383F31188BFF36F8F28
:10D94000BFF34F8F20BF80F31188BFF36F8F62B694
:10D9500070470023202103F1604202F56142013348
:10D96000302B82F80013F6D17047202809D9B0F186
:10D97000004F08D80138B0FA80F0C0F11F00400015
:10D980007047082070473E207047FAF7BBBFDFF7AB
:10D9900067B970B5A0FB016535B93046DFF796F978
:10D9A000044638B9204670BDFFF7EFFF0C23036033
:10D9B0000024F7E73246294606F03CF9F2E77047C3
:10D9C000002303824369C3607047416A8968DFF7B7
:10D9D000E7B9EFF31182202383F31288BFF36F8F2F
:10D9E00000230B60436833B9C0E9001182F311884A
:10D9F000BFF36F8F704719604160F7E710B5EFF321
:10DA00001181202383F31288BFF36F8F03682BB13A
:10DA100044681A680260A34208BF426081F311881B
:10DA2000BFF36F8F184610BD037A0133037270473E
:10DA3000034618465B68002BFBD17047426810B55F
:10DA40002AB10B461C465B68002BFBD1626041602B
:10DA500010BD10B5044620B90B7A01330B7208468D
:10DA600010BD034618465B68002BFBD1FFF7E6FFAD
:10DA70002046F5E710B508B14B6843604C680023B9
:10DA800008464B60DFF70AFA204610BD83680B4456
:10DA90000360704703680B6043684B6083688B606A
:10DAA00070478388026819448180D018704730B469
:10DAB00084880568A3188380281930BC06F093B8C1
:10DAC00010B5838802685C1C8480D154D01810BDC6
:10DAD000036882885B1A114403608180184670478E
:10DAE00083885B1A83800368194401600846704785
:10DAF000034600689A88521A01449A801960704758
:10DB000008B503681A880221FFF7EAFF104608BD2E
:10DB100002688068101A70478388C2888168D21AA8
:10DB200003685B1AD01A704730B585B014460A886E
:10DB30008B78ADF8002005460D2200210DF1030081
:10DB40008DF8023006F076F86A4669462846F0F706
:10DB500053FE28B9BDF800209DF802302280A37042
:10DB600005B030BD13B50C4601AA0331FFF7DCFF49
:10DB700048B9032201A9204606F002FAB0FA80F063
:10DB8000400902B010BD0020FBE770B50C46064608
:10DB90000321E01CF0F72EFE60B9637903F03F0328
:10DBA00043F0400363712246E11C3046BDE87040FB
:10DBB000FFF7BABF70BD70B50D4600210446FFF7F0
:10DBC00074FD0D2818D1237B302B13D1002305F8C9
:10DBD000063B04F10C062A462046012302210234AA
:10DBE000FEF74BFCB44205F1FF35F4D1002070BDC7
:10DBF0000123ECE7312BFBD06FF01500F7E7DEF7E0
:10DC0000EBBA0020704710B502780B7893428AB0C7
:10DC10000C460FD06946DFF74BFB05A92046DFF71E
:10DC200047FB10220DF115010DF1010006F0A8F9D6
:10DC30000AB010BD012B06D0022B07D073B9408863
:10DC40004B88C01AF4E740684B68FAE710220131AC
:10DC500001300AB0BDE8104006F092B96FF015002F
:10DC6000E6E7042A0AD0102A0DD0022A4FF000035A
:10DC700015D103700B884380012070470123037086
:10DC80000B684360F8E7022300F8013B01F1100341
:10DC900051F8042B40F8042B9942F9D1ECE71846CF
:10DCA0007047012310B50621044600F8013BF0F748
:10DCB000A1FD18B9A37963F03F03A37110BD0B68F0
:10DCC00003608B8883808B798371037823F0020350
:10DCD000037070470078C0F34000704738B50446C1
:10DCE000807ADFF733F86169054649B1637ADB076B
:10DCF00004D4436A1B6820469B68984700236361ED
:10DD000021462846BDE8384005F049BC2DE9F041E0
:10DD100001F10C070C46054600F10C01384690460F
:10DD20001E46FFF7B7FE3846FFF7F2FE01234044D8
:10DD300068826B72A5F8108041463846FFF7D0FE26
:10DD4000E3687360628A0023E360728163823460F7
:10DD50002846BDE8F08138B5D1E90032DA600B68B9
:10DD60004A895A820C4605460868DFF797F820462C
:10DD70001022002105F05EFF2846BDE83840FFF77D
:10DD8000ADBF438A23B9C068B0FA80F0400970473C
:10DD9000002070477047D0F89C3083B15A7BD10780
:10DDA0000DD5D2060DD51B7B102B0CBF04230323EE
:10DDB0004372807A98428CBF002001207047022372
:10DDC000F6E70323F4E70F2806D80D280BD805281B
:10DDD00014BF022003207047132804D01A2814BF50
:10DDE0000220012070470120704710B50346BFF3A1
:10DDF0005B8F53E8000F40EA010243E80024002C47
:10DE0000F7D1BFF35B8F10BD38B5C3681D7875B906
:10DE1000B3F801000F21E1F73FFA044638B1294673
:10DE2000E1F7B8F92046BDE83840E1F78BB938BDD5
:10DE300008B5C36801211888E1F72EFA18B1BDE8CA
:10DE40000840E1F77FB908BD01210C30FFF750BE53
:10DE500037B5C5680121B5F80100E1F71DFA0446A0
:10DE600070B32B781A2B19D1C378012B24D14FF41E
:10DE700080410430FFF7B9FF43040FD4D4F8883051
:10DE800000936946D4F8903001932046E1F78AFE6A
:10DE9000204603B0BDE83040E1F754B92B785BB9B8
:10DEA000B5F80330A4F88630B5F80530A4F88C3006
:10DEB000B5F80730A4F88E302046E1F73BFBE7E7E2
:10DEC00003B030BD38B5C5680121B5F80100E1F7F0
:10DED000E3F9044698B12B783BB9D5F80330C0F884
:10DEE0009430D5F80730C0F89830201D4FF48031B9
:10DEF000FFF77BFF2046BDE83840E1F723B938BD86
:10DF000030B402EBC3039A4201D130BC70471446CF
:10DF100014F8085B854207D1088A53789842F4D3F5
:10DF200030BC5368084618472246ECE7BFF35B8FC6
:10DF300050E8003F0B4040E80032002AF8D1BFF320
:10DF40005B8F704710B5E0F71BFB6FF0800110305E
:10DF5000FFF7ECFF0020DFF74BFA044648B13C2303
:10DF600003730021E1F716F92046BDE81040E1F700
:10DF7000E9B810BD030A1070000E5370D070002372
:10DF8000080A090E9370137150719371D171704723
:10DF90002DE9F843C768028A3B789B00013393421E
:10DFA0003FD9BDE8F88307EB85030F21B3F80100E3
:10DFB000B3F80360E1F770F9044660B100F1C008FE
:10DFC00036B12046E0F7C0FFFAF7DCFF63693BB9E2
:10DFD0002046E1F7B7F801353B789D42E3DBE0E707
:10DFE000A1691A6862618B4208BFA261C3F8009000
:10DFF000226A013EB6B28AB9C4E90733BFF35B8F28
:10E0000058E8003F013B48E80032002AF8D1BFF34E
:10E010005B8F00212046E0F7A3FFD1E71360236266
:10E02000ECE70025A946D7E70120704781767047C5
:10E03000704738B5C5680121B5F80100E1F72CF942
:10E04000044688B1E878DFF74FFB84F8A000287910
:10E05000DFF74AFB84F8A1002046E1F7BDFA20462D
:10E06000BDE83840E1F76EB838BD10B50288438886
:10E070009A4218D8052A16D9B3F5486F13D8848860
:10E08000B4F5FA7F0FD2C188A1F10A0292B240F62C
:10E090007640824207D804FB0333B3EB810F34BFD1
:10E0A0000120002010BD0020FCE738B5C3680F2117
:10E0B000B3F801001D78E1F7EFF8044638B365B115
:10E0C0002846DFF71BFB294602462046E1F714FBF2
:10E0D0002046BDE83840E1F735B88378012B07D1F9
:10E0E00002F021FD2046FFF756FEA84208BF052595
:10E0F0002846DFF703FB294602462046E1F7FCFAF3
:10E10000002DE5D00521204600F031FDE0E738BDC7
:10E1100070B5C6680F21B6F801003578E1F7BCF894
:10E12000044670B34DB12846DFF7E8FA29460246A7
:10E130002046E1F7E1FA204603E0F378C27A9A42FA
:10E1400003D1BDE87040E0F7FDBF8278C372012AB9
:10E1500008D10BB102F0E7FC2046FFF71CFE0028B7
:10E1600008BF05252846DFF7C9FA2946024620469A
:10E17000E1F7C2FA002DDED00521204600F0F7FCC1
:10E18000D9E770BD40F2C130704708B5E4F704FC30
:10E1900018B1C089003818BF012008BDF0B5C568A6
:10E1A0002F8887B00121B8B2E1F776F8064658B358
:10E1B00002ACD5F80220D5F80630019469890091A7
:10E1C00002F04CFB10B3122142F21A00DFF750FAB2
:10E1D0000546B0B112210C30FFF763FC034622461E
:10E1E00023F8027B144603CC596006A98C421860C0
:10E1F000224603F10803F5D1294642F21A00DFF75F
:10E2000035FB3046E0F79EFF07B0F0BD022142F239
:10E210001B00DFF72DFA04460028F2D002210C3053
:10E22000FFF73FFC2146078042F21B00E7E770B58D
:10E2300006460D4642F221000321DFF719FA044693
:10E2400060B103210C30FFF72CFC0680857021465D
:10E2500042F22100BDE87040DFF708BB70BD73B526
:10E26000C368D9789A781D8842EA0122ADF8002067
:10E2700059791A7942EA0122ADF80220D9799A79BE
:10E2800042EA0122ADF804201A7A5B7A012142EABF
:10E290000323A8B2ADF80630E0F7FEFF064628B922
:10E2A0000221A8B2FFF7C3FF02B070BD6946E1F7D3
:10E2B000B7F938B91E21A8B2FFF7B9FF3046E0F729
:10E2C00041FFF1E70E2142F22000DFF7D1F90446C9
:10E2D0000028F3D00E210C30FFF7E3FB002305806C
:10E2E000C0F80A30BDF800304380BDF802308380AA
:10E2F000BDF80430C380BDF806300381214642F2E8
:10E300002000DFF7B3FAD9E773B506460D4601AA38
:10E31000002142F22F00DFF725FB044648B901989F
:10E32000C368B3F801203280B3F803302B80DEF7E6
:10E33000B5FD204602B070BD70B506460D4640F2F0
:10E3400006400321DFF794F9044668B103210C303D
:10E35000FFF7A7FB0680857021460022BDE87040CC
:10E3600040F20640DFF7FEBA6FF0680070BDC0688B
:10E3700003781BB13C2B03D1FFF7E4BDDFF730BCC2
:10E38000704738B50221054642F21600DFF770F9F2
:10E39000044668B102210C30FFF783FB2B88038011
:10E3A00021460022BDE8384042F21600DFF7DABA13
:10E3B0006FF0680038BDF8B507460E4642F22200FD
:10E3C00006211546DFF754F9044678B106210C30D2
:10E3D000FFF767FB3B88038046808580214600224B
:10E3E000BDE8F84042F22200DFF7BCBA6FF06800E7
:10E3F000F8BD2DE9F8438146884642F232000721F4
:10E400009DF8205017461E46DFF732F90446A0B1AA
:10E4100007210C30FFF745FBB9F80030038080F886
:10E420000280C7700671A0F8055021460022BDE8A1
:10E43000F84342F23200DFF795BA6FF06800BDE8AA
:10E44000F88308B500200021DFF734FA18B1BDE8E1
:10E450000840DFF705BABDE80840E0F78FBF033199
:10E4600038B5C9B205460E20DFF7EEFC032104469D
:10E470000C30FFF716FB01230370A0F80150204673
:10E4800038BD70B505460E460F200421DFF7DCFCD1
:10E49000042104460C30FFF704FB0123067043708F
:10E4A0004580204670BD08B5072205F069FDB0FA29
:10E4B00080F0400908BD0B6803608B8883808B79EE
:10E4C00083717047BFF35B8F0068BFF35B8F70474A
:10E4D00070B50E46144620BB272142F22700DFF715
:10E4E000C7F8054600B327210C30FFF7DAFA3146AA
:10E4F000FFF7E1FF2246C31D04F1100152F8044B5F
:10E5000043F8044B8A42F9D110220021173005F05C
:10E5100091FB29460022BDE8704042F22700DFF758
:10E5200021BA6FF0150070BD6FF06800FBE7037A49
:10E530005B0706D5014600F12A0211F8010BFFF72F
:10E54000C7BF704738B50121054642F22D00DFF7FD
:10E550008FF8044658B129460C30FFF7B1FA21462E
:10E560000022BDE8384042F22D00DFF7FBB96FF022
:10E57000680038BD10B400F11003BFF35B8F53E89F
:10E58000002F22F4004143E80014002CF7D1BFF320
:10E590005B8F130403D510BC012100F0DDB910BC62
:10E5A00070472DE9F041D1F8048086B005460E464B
:10E5B000B8F1000F1ED1037A5B071BD50C68411C14
:10E5C000601CFFF770FF162241460746684605F0BB
:10E5D00031FB1022694604F12A0005F0D1FC60B13C
:10E5E0003FB9102205F12A0104F12A0005F0C8FC08
:10E5F00000B9756006B0BDE8F081002FF9D1F9E7E8
:10E6000008B500F1100302461846FFF75BFF01064C
:10E6100011D5BFF35B8F53E8000F40F4004043E88F
:10E6200000010029F7D1BFF35B8F0021BDE808404E
:10E63000104600F091B908BD10B50C4630B919B1BB
:10E64000E4F776F900B1441C204610BD0024FBE736
:10E6500018B111B10846DFF76FBC6FF015007047B5
:10E6600013B5044680B106216846F0F7C3F848B9EF
:10E670009DF80530694603F03F0320468DF80530CC
:10E68000FFF7E6FF02B010BD6FF01500FAE70038A3
:10E6900018BF01207047037AD90704D523F001037E
:10E6A0000372DFF79BBC990704D523F002030372C2
:10E6B000DFF72ABD70470020704710F4004F14BFE9
:10E6C0000623072303F0050210F4803F18BF13460A
:10E6D00003F0030210F4003F14BF104618467047C1
:10E6E000BFF35B8F0068BFF35B8F704710B50346C5
:10E6F000BFF35B8F53E8000F00EA010243E80024F8
:10E70000002CF7D1BFF35B8F10BD2DE9F74F0C46FE
:10E71000202100901746DEF7ABFF0646002850D0B8
:10E7200020210C30FFF7BDF900218246202205F0A0
:10E7300081FA0AF1010804EBC707002125684FF0B0
:10E740000009636899450CD30834A742F6D10098B4
:10E750008AF800100022314603B0BDE8F04FDFF721
:10E7600001B96A7895F800C0881C02EB000EBEF172
:10E770001F0F5FFA80FB08D9BCF1090F19D11C29C2
:10E7800017D8CBF11F024FF0080C02F1010E08F868
:10E7900001E00131C9B2404408F801C06968019242
:10E7A00005F021FA019A5A44D1B209F1010908355C
:10E7B000C7E73046DEF772FB6FF0150003B0BDE827
:10E7C000F08F6FF06800F9E7012310B403FA01F14C
:10E7D000044662B1BFF35B8F54E8003F0B4344E84B
:10E7E0000032002AF8D1BFF35B8F10BC704710BC19
:10E7F000C943FFF77BBF2DE9F04F87B006469DF870
:10E800004850DDF840809DF844900C469246002127
:10E81000102202A81F4605F00DFA9DB1DFF71CF883
:10E820008346002C3DD1002F47D15846D8F794FCA1
:10E830000023ADF8023009238DF800308DF8010077
:10E84000CDF804B0012D0CBF0222012202A942F230
:10E850000800CDE9024A04BFCDF810D00595FFF7B6
:10E8600054FF044678B9B9F1000F28D11036BFF330
:10E870005B8F56E8003F43F0040346E80032002A6D
:10E88000F7D1BFF35B8F204607B0BDE8F08F14F8D7
:10E890003230083BDBB2012B26D901329245F6D14A
:10E8A000C1E70022FAE717F83230083BDBB2012B50
:10E8B0001AD901329045F6D1B7E70022FAE7022DC6
:10E8C0004FF0010208BF059202A908BF2A4642F292
:10E8D000090008BFCDF810D0CDE90278FFF715FF89
:10E8E0000028C3D00446CEE76FF01504CBE7436899
:10E8F00013F008000AD05A0307D403F4C063B3F539
:10E90000806F0CBF0120022070470120704770B556
:10E91000064686B00D4642F20A000121DEF7A8FE47
:10E920000446B0B10C3095B10121FFF7C9F806F1EA
:10E93000100203A9204600950723DEF787FE002278
:10E94000214642F20A00DFF70DF806B070BD2946F5
:10E95000EBE76FF06800F8E7FFF7D9BF183004F075
:10E96000FBBEDFF76FBF01F12003013813F8012D63
:10E9700000F8012F9942F9D1704700230B604368DA
:10E9800013B9C0E900117047196041607047D0F8B1
:10E99000B000003818BF012070470846896911602F
:10E9A000C2691A60C27A0021183005F043B9BFF37A
:10E9B0005B8F0068BFF35B8F704773B50446CDE98A
:10E9C00000320D4622B9D0F8A8606B4601AAB047C4
:10E9D0002846DEF763FA019B23B100996FF06D02C0
:10E9E0002046984702B070BD2438E0F739BA036872
:10E9F00000220BB9184670478B4210D10B6842B900
:10EA000042680360914200D1436000230B60012003
:10EA1000704713604368994208BF4260F5E71A46A1
:10EA20001B68E6E710B50446006918B1DEF736FA50
:10EA30000023236110BD70B50D4601211646044622
:10EA4000E0F78EFA00212846FFF7F0FA012E16D0E3
:10EA5000022E16D1236913B12046FFF7E3FF2846A3
:10EA6000FEF7E2FF20612269138A012B29D8208852
:10EA7000FFF7DEFA01212846FFF7D8FA07E0206900
:10EA800018B92046FFF7CEFF01E02E8A26B92846A6
:10EA9000BDE87040DEF702BA0C30FFF73DF8864261
:10EAA000236907D919460022204600F082FA002384
:10EAB0002361ECE72A8AE96803F10C00FEF7F7FF0F
:10EAC000D1E7D26816880436B6B2B342CFD328460F
:10EAD000DEF7E4F921690B8AB34204D92046BDE888
:10EAE0007040FFF79FBF0023236120460122BDE84D
:10EAF000704000F05EBA10B5034600F1C80210463F
:10EB0000FFF755FF80B1BFF35B8F411C52E8004F08
:10EB1000844204D142E8001CBCF1000FF6D1BFF3DF
:10EB20005B8FECD1184610BD0346FBE72DE9F041A1
:10EB300007460D4690460024D026A54203D1002367
:10EB40001846BDE8F08106FB0470FFF7D4FF0346CA
:10EB500058B1427B012A02D0073A012A03D81A8809
:10EB60004245EDD01846E0F7EDFA0134E5E710B57F
:10EB7000437B023B0446062B16D8DFE803F009046A
:10EB80001515150B0900017300212046E0F702FB63
:10EB9000002010BD0088FFF7CFFB0028F9D1637B70
:10EBA000072BF5D10821F0E76FF07F00F1E710B5F2
:10EBB0000446D0F89C0028B9207A04F17001E3F7EC
:10EBC000EBFE38B1E278C3892AB913F0210F14BFE4
:10EBD0000120104610BD13F0240F14BF01200020A7
:10EBE000F8E738B5037A8B420446154615D100F193
:10EBF00070010722284605F0C3F980B1E3780722A7
:10EC000043B904F17E01284605F0BAF9B0FA80F064
:10EC1000400938BD04F17701F5E70020F9E701204C
:10EC2000F7E708B5E0F7D0FD10B1E0F78BFA012067
:10EC300008BD20B18378194214BF0120002070471D
:10EC400010B50A4603210446FFF7F3FF68B3637B60
:10EC5000072B2DD102F07F03120614D5BFF35B8F73
:10EC6000221D52E8000F40F4004042E80001002954
:10EC7000F7D1BFF35B8F2046A372E3F71DFB08B10A
:10EC8000637AA37210BD627A9A4214D2A27A9A422F
:10EC900011D2BFF35B8F221D52E8000F20F4004019
:10ECA00042E800010029E4D0F6E76FF01500E9E73B
:10ECB0006FF07F00E6E70020E4E708B50321024695
:10ECC000FFF7B7FF00B1507A08BD08B50121024631
:10ECD000FFF7AFFF08B102F1700008BD70B506463E
:10ECE0000C4642F213000E21DEF7C2FC0546C8B105
:10ECF0000E210C30FEF7D5FE0E22002104F09AFF03
:10ED0000328802802288428062888280A288C28003
:10ED1000E288028129460022BDE8704042F21300D9
:10ED2000DEF720BE6FF0680070BD7047704710B40A
:10ED300000F14C030122BFF35B8F53E8001F43E84F
:10ED40000024002CF9D1BFF35B8F41B9034653F87F
:10ED5000482B8164D2F8B41029B9C2E92C3310BC15
:10ED60000068E0F74DB90B60C2F8B430F7E710B5B2
:10ED70000368D3F8B02042B1D3F8B4401168C3F8A7
:10ED8000B010A24208BFC3F8B4104C300023BFF348
:10ED90005B8F50E8002F40E800310029F9D1BFF324
:10EDA0005B8F10BD70B5D0E9003504463BB3D3F896
:10EDB000B020483000216AB1904232D1A26C41BBF0
:10EDC000D3F8B410C3F8B020884201D1C3F8B420FE
:10EDD0000023A36404F14C030022BFF35B8F53E8CC
:10EDE000001F43E800200028F9D1BFF35B8F236B9D
:10EDF000D3B96B680BB12046984700232360E368C2
:10EE00000BB1204698472B6ABBB12046BDE8704045
:10EE100018470A60D3F8B420904208BFC3F8B41072
:10EE2000D6E711461268C6E70022002304F130003D
:10EE3000FAF778F8DEF732F8D9E770BD10B5406B15
:10EE400020B150F8084904B1083C00B910BDFFF7E3
:10EE5000A9FF2CB1A36803B1083B20461C46F4E788
:10EE60002346FAE738B5406B0D4620B150F8084903
:10EE700004B1083C00B938BD43689B680BB1294612
:10EE800098472CB1A36803B1083B20461C46F1E724
:10EE90002346FAE7F8B50E4600210746154600233B
:10EEA0004FF480320846E0F7FFFD044630B10421FC
:10EEB0000C30FEF7F6FD0770467045802046F8BD21
:10EEC00038B50568044695B16D7B072D0FD10D7AD5
:10EED000012D0FD1CD7A072D0CD98A61CB6130304D
:10EEE00004F053FB2046FFF722FF002038BD6FF0EF
:10EEF0007F00FBE76FF01500F8E7406B30B1838BC4
:10EF00008B42A0F1080001D08068F7E7704710B588
:10EF10004AB989B2FFF7F1FF28B143689B6913B181
:10EF2000BDE81040184710BD38B50D460521FFF764
:10EF3000E4FF00231A462946FFF7C2FF044610B13A
:10EF40002846DDF7ABFF204638BD38B50B8A032BCA
:10EF500005460C4621D9042104F10C00FEF7C8FD3A
:10EF6000238A42889A4218D14178B1B10378012BA3
:10EF700013D0132B11D0022201202D68FFF78AFF36
:10EF8000044650B102210C30FEF78BFD00230370C4
:10EF9000437021462846FFF7C7FF002038BD406B6D
:10EFA00030B183898B42A0F1080001D08068F7E777
:10EFB000704738B50B8A032B05460C4604D820460B
:10EFC000BDE83840DDF76ABF042104F10C00FEF70C
:10EFD0008FFD41882846FFF7E2FF0028EFD0436805
:10EFE00021465B699847EAE7704703682BB141689F
:10EFF0001A6802608B4208BF426018467047034699
:10F00000002003B970471A8A5B681044F9E710B50D
:10F01000D4682378023113B92170012010BD8B42CE
:10F02000FBD0038A023B038200201061F6E7062032
:10F03000704773B51446014605464FF49572206833
:10F0400001F04CF82075F8B9237AB3B1A3F1180296
:10F05000534253419B000193638A0093AE68238A15
:10F06000E26820682946B047002808DB238A8342EB
:10F070000DD100232375012007E00223EBE710F5F3
:10F08000807F04D940422075002002B070BD0E2060
:10F09000F9E72DE9F04F91B0166880460F4600253C
:10F0A00042F601030068D6F804908DF82C500BA9A5
:10F0B0001446ADF82E30FEF7A6FD002800F088803B
:10F0C0004FF42053D8F800008DF82C500BA9ADF860
:10F0D0002E30FEF798FD38B1A3681BB15A88BA42AA
:10F0E00000D25F8001200EE061680846FFF787FFCD
:10F0F000728B738D9A4294BFC0EB0200C0EB030089
:10F10000032803D8002011B0BDE8F08F0846FEF7B1
:10F110008FFC05466068FFF772FF728D738B9A4211
:10F1200094BFC0EB020AC0EB030A05F10C00FEF726
:10F13000F3FC824543D26068FFF761FF728D738BE9
:10F140009A4294BFC0EB0200C0EB030070B9636841
:10F15000987ADDF7FBFD00220023FEF736FC05461A
:10F160000028CFD001466068FEF773FC00230093AF
:10F17000D8F80460102302AA41464846B047061E4C
:10F1800026DB227CE068B2421ED001460BA8FEF7C7
:10F1900068FDE8B1F2B202A906A8FEF762FDB8B1B7
:10F1A00006A90BA8FEF72FFD90B96074042105F1A4
:10F1B0000C00FEF776FCA0600780A36891E705F1DC
:10F1C0000C00FEF7A9FCC1E702A904F0D9FEEBE7A9
:10F1D0000023A36086E7F8B59368166805460F46D6
:10F1E000144663B9506801210C30FEF75AFCA06048
:10F1F0002B681B78002B14BF022301230370A36824
:10F200001B78012B03D0022B1FD000201CE02B68A1
:10F210001B78002BF9D1606804210C30FEF741FC0B
:10F22000E06007802A68E36852885A806168728DBE
:10F23000738B088A9A4294BFC0EB0200C0EB0300B4
:10F24000042894BF00200120F8BD2B681B78022BF6
:10F25000DBD1606812210C30FEF723FCE0600780F0
:10F260002B68E268591C0232113351F8040B42F842
:10F27000040B9942F9D16168728D738B088A9A42A6
:10F2800094BFC0EB0200C0EB03001228D9E770B4B2
:10F290000668726A5AB3144654F8A83903B1A83BF9
:10F2A000002211467CB9438D408B8B4201D890429D
:10F2B0001FD9824238BF02469942306838BF19468A
:10F2C00070BCE2F765BB844207D0658D648BA942B0
:10F2D00038BF2946A24238BF224633B1D3F8A850DE
:10F2E00005B1A83D1C462B46DCE71D46FAE7114652
:10F2F000D9E770BC7047D0680378043113B9017046
:10F30000012070478B42FBD091680B8A0020043BA0
:10F310000B82106170471FB5CDE9012300230093D4
:10F320001A46E1F715FF05B000BD2DE9F04F06467E
:10F3300085B0104690469946FFF761FE738B728D3B
:10F34000934228BF134683428B4640F293807368F2
:10F3500003934046FEF76CFB4FF0000A054640461B
:10F36000FFF74DFE728B738D05F10C079A4294BF27
:10F37000C0EB0204C0EB03043846FEF7CDFB844229
:10F3800017D24046FFF73BFE728B738D9A4294BFB3
:10F39000C0EB0204C0EB03048CBB98F80A00DDF755
:10F3A000D5FC00220023FEF710FB054630B9574676
:10F3B00036E03846FEF7B0FB0446EDE7014640462E
:10F3C000FEF747FB4046FFF71AFE728D738B05F17F
:10F3D0000C079A4294BFC0EB0204C0EB030438460A
:10F3E000FEF79AFB84421FD24046FFF708FE728D5B
:10F3F000738B9A4294BFC0EB0204C0EB0304E9682C
:10F400002A8ACDF80090DBF8047003980A44A3B26E
:10F410005946B847071E0CDABAF1000F18BF574615
:10F42000384605B0BDE8F08F3846FEF775FB044658
:10F43000E5E70E9BB3B9394605F10C00FEF731FB49
:10F440004046FFF7DCFD738D728B934228BF134655
:10F450008342BA44ABD9B944A7421FFA89F93FF4B1
:10F460007EAFA4E70F9A0E9B39462846984700289E
:10F47000E1D19CE70027D3E72DE9F3411568074662
:10F4800000236868137314463946952200F026FE5F
:10F490000646207300BBA068698B6A8D038A91427F
:10F4A00094BFC3EB0103C3EB0203012B14DD022164
:10F4B0000C30FEF7F6FACDE900668046A388A26814
:10F4C00039462846FFF731FF002809DA10F5807F1A
:10F4D0008CBF40420E202073002002B0BDE8F081B6
:10F4E000A8F800000120F8E773B515680646002368
:10F4F0006868137314463146952200F0EFFD2073BF
:10F5000078B9CDE900003146A388A2682846FFF704
:10F510000CFF002808DA10F5807F8CBF40420E20D7
:10F520002073002002B070BD0120FBE703680022B9
:10F5300003B970478B420FD10B683AB94268036038
:10F54000914200D1436000230B6070471360436811
:10F55000994208BF4260F6E71A461B68E8E70620B2
:10F560007047BFF35B8F50E8003F43F0080240E86C
:10F5700000210029F7D1BFF35B8FC3F3C0007047B0
:10F580002DE9F04104468868FFF739FD638B628DF1
:10F59000934228BF134683420D461DD3E165D1F83F
:10F5A000088000278F60FAF7B5F941462046E0F75A
:10F5B00019FD064638B1C5F80880E765FAF7BEF9C7
:10F5C0003046BDE8F081618D638B994228BF1946B2
:10F5D000284600F01BFFF1E76FF07906F0E738B539
:10F5E0000546BFF35B8F0B68BFF35B8FDB0717D557
:10F5F00050F8040CA0B1AB6D93B90430FFF7F5FCE3
:10F60000044668B10146281FFFF7BAFF002807DA51
:10F6100055F8043C5A6822609A685C6002B99C60A4
:10F6200038BD2DE9F041446A074634B154F8A86961
:10F6300006B1A83E002215460CB9BDE8F081E36D85
:10F640009BB905B98AB9381DFFF7CFFC054658B1FB
:10F6500001462046FFF794FF0028EEDA7B682B6016
:10F66000BB687D6003B9BD60224636B1D6F8A830CC
:10F6700003B1A83B34461E46DEE73346FAE770B5D1
:10F6800004460E46002200230846F9F74BFC0546C7
:10F6900058B101462046E0F7A5FC044618B12946BA
:10F6A000304603F07CFF204670BD6FF00104FAE79E
:10F6B000F8B5054600F1540350F8044CBFF35B8FD6
:10F6C00053E8001F21F0040143E80012002AF7D19B
:10F6D000BFF35B8F0CB3AB6D2F1F8BB963687BB12E
:10F6E000201DFFF782FC014606463846FFF748FF1B
:10F6F000002812DA63683360A368666003B9A66005
:10F7000005F15C013846FFF7BAFF30B104F10C0196
:10F710003846BDE8F840FFF7B2BFF8BD38B504463B
:10F720000D46E0F75FFC30B1294604F16000BDE80A
:10F73000384003F02ABF38BD2DE9F041884617460E
:10F740000121042205461E46E0F706FC044670B17E
:10F7500004210C30FEF7A5F980F80080A0F80170B4
:10F76000C67021462846BDE8F041FFF7D7BFBDE887
:10F77000F08137B50C46054601F10C00FEF7C0F9E3
:10F78000228A0192E268009203461322122128463F
:10F79000E0F736FD03B030BD37B50C46054601F144
:10F7A0000C00FEF7ADF9228A0192E2680092002275
:10F7B000034611462846E0F723FD03B030BD08B5E7
:10F7C000437B072B01D0002008BD0421FFF7E7FB96
:10F7D0000028F8D0BFF35B8F436DBFF35B8FDB076F
:10F7E000F1D550F8040CEFE770B50E461546FFF75B
:10F7F000E6FF78B1436A6BB1184650F8A83903B1F7
:10F80000A83B6A1C448D418B8C4228BF0C46A24207
:10F8100002D93BB9002070BD2A463146BDE8704090
:10F82000E0F79ABBD3F8A84004B1A83C1846234699
:10F83000E8E707B5CA681388528800920C210D22A8
:10F84000E0F76EFE03B000BD07B5CB6800221B8851
:10F8500000920A210B22E0F763FE03B000BD2DE900
:10F86000F041CB681F88BBB2162B05461BD903217C
:10F87000E0F726FD0646C0B102210C30FEF711F973
:10F8800000244FF0410880F800804470314628463B
:10F89000FFF744FF2846A5F81A806F85FFF7F7FCAD
:10F8A0002046BDE8F0810420FBE70E20F9E7E1F7F0
:10F8B000CBBB30B5044689B054F8043B0546186804
:10F8C000FFF703FA6946E0F7F9F92046E0F7F2FF9F
:10F8D00068681321FFF74BF909B030BD10B5044635
:10F8E00088B054F8783D1868FFF7EFF96946E0F7FB
:10F8F000E5F92046FFF7DDFF08B010BD70B550F800
:10F90000043C0446002B35D0051F39B1836D002B14
:10F9100030D01B7CDA072DD505231EE00668304663
:10F92000E2F74AF8737A012B24D0A46D14B3237C38
:10F93000DB071FD5E368002BEED06269617C2846A7
:10F94000E0F70AFB064638B1D4E90512E3689847A8
:10F9500050B13046DDF7A2FA0E23002228461146A8
:10F96000BDE87040E0F774BF31462846E0F73AFB47
:10F970000028EED170BD08B500230A8AC968E0F7F7
:10F9800067FF002008BD70B50D46FFF718FF04465D
:10F9900028B92846DDF782FA6FF07F0070BD00F1CC
:10F9A0000C062946304603F0F0FD646A25461CB17A
:10F9B00055F8A84904B1A83C002002463DB1831C7B
:10F9C00000D13AB931462846FFF759FE08B9002060
:10F9D000E4E72A4634B1D4F8A83003B1A83B254661
:10F9E0001C46EBE72346FAE738B505460C46F9F71F
:10F9F00091FF2846FFF7E3FE20B9F9F79FFF6FF06C
:10FA00007F0038BD0023236083683BB9C0E901440F
:10FA1000FFF707FEF9F792FF0020F2E71C60846011
:10FA2000F6E70120704708B5FFF7C9FE98B1436AB1
:10FA30008BB1BFF35B8FA83B03F1580252E8000F74
:10FA400020F0080042E800010029F7D1BFF35B8FE6
:10FA5000D3F8A830ECE708BD08B50421FFF79FFAFA
:10FA600030B1BFF35B8F406DBFF35B8FC0F3C0005D
:10FA700008BD10600020704710B5029CA3683BB120
:10FA8000B1F5807F34BF0A460E22D2B22146984794
:10FA9000A37DE268013BDBB2A37522B11BB920460E
:10FAA000BDE81040104710BD1060918000207047E5
:10FAB000002070470B6803608B8883808B7983718B
:10FAC000704770B586B01646BDF828501122002147
:10FAD00001A81C4604F0AEF80F2D13D82544102DB4
:10FAE00013DC2246314601A804F07DF804F1180326
:10FAF0006B44002201A803F8142CDDF789FE204690
:10FB000006B070BD6FF00604F9E76FF00C04F6E77D
:10FB100008B5072204F034FAB0FA80F0400908BDB5
:10FB200010B503789342044607D10130FFF7F0FF88
:10FB3000002814BF2046002010BD0020FCE710B5AF
:10FB40000346BFF35B8F53E8000F40EA010243E82E
:10FB50000024002CF7D1BFF35B8F10BD10B5034616
:10FB6000BFF35B8F53E8000F00EA010243E8002473
:10FB7000002CF7D1BFF35B8F10BDBFF35B8F006824
:10FB8000BFF35B8F704770B506460D4611F8010B49
:10FB9000DFF71AFE68B12C89DFF7D4FA6B89A3422C
:10FBA00009D0EB686C8133B121463046BDE8704026
:10FBB00018470446F2E770BD38B5BDF81040A242C0
:10FBC00015460CD84CB16BB1A21A8A42A8BF0A469E
:10FBD00094B22246591904F006F8204638BD6FF059
:10FBE0000600FBE76FF00D00F8E730B585B0C96897
:10FBF00014461D46E0F7C8FF00B10089ADF80E00BD
:10FC000002230093BDF820200DF10E032946204663
:10FC1000FFF7D2FF05B030BD1FB50C461946E368AB
:10FC20001C781046BDF818203CB11024013306940E
:10FC300004B0BDE81040FFF7BFBF5B88ADF80E30E1
:10FC4000022300930DF10E03FFF7B6FF04B010BDC1
:10FC500030B585B01D46002314468DF80C30E0F712
:10FC600073FF10B1037A8DF80C3001230093BDF8B7
:10FC7000202003AB29462046FFF79EFF05B030BD8C
:10FC80002DE9F04114461D46BDF81860DDF7E4FD8E
:10FC90000746D7F761FA80B206903B4632462946BE
:10FCA0002046BDE8F041FFF787BF30B585B0144668
:10FCB0001D46FEF767FA0223ADF80E000093BDF86B
:10FCC00020200DF10E0329462046FFF775FF05B0F1
:10FCD00030BD10B5E0F7B0FE044640B1014611F862
:10FCE000010BDDF729FA002323606360A36010BDD8
:10FCF00070B500F170010646007AFEF746FA044638
:10FD000006F17001307A1CB1BDE87040FFF7E1BF29
:10FD1000E0F792FE10B104604460846070BD022A76
:10FD200008B508D1002300F170011A46007AE0F707
:10FD300083FF022008BDFFF7DBFFFAE737B5044673
:10FD40000D46E0F737FE024688B1037A8DF804309D
:10FD50000C30FFF712FF00F001008DF805000223C0
:10FD600001AA29462046DDF7EFF903B030BD03466E
:10FD7000F7E7F0B505682E7889B00746144626BB2C
:10FD80006B88B3F5245F04D01AD8A3F52053032B56
:10FD90001BD8ADF80A1002220DF10A01204602F02C
:10FDA0002DFD48B96B88ADF80A3002220DF10A0129
:10FDB000204602F023FD60B16FF01503A36505E056
:10FDC000A3F52453013B042B14D90126304609B076
:10FDD000F0BD009003AA7D6813233946A847021E90
:10FDE00001DAA265F2E703A9204602F007FD002828
:10FDF000EBD0E1E7ADF80A1002220DF10A0120462E
:10FE000002F0FCFC0028D7D16B88ADF80A30022242
:10FE10000DF10A01E8E708B50C3039B10121FFF70F
:10FE20008EFE21EA000000F0010008BD6FF0010124
:10FE3000FFF794FEF7E710B50446FFF7ECFF38B183
:10FE400021460122BDE8104011F8010BE0F7B0BED9
:10FE500010BDF8B51F46BDF81830012B05461646F3
:10FE60002BD83B44012B3C462ADCE0F76DFE0246D2
:10FE700018B9E0F769FE024628B38FB1117A002362
:10FE800021FA03F0C70703D53078D840C0071DD545
:10FE90000133032BF4D1337803F0070319431172B4
:10FEA00005F17001501CFFF705FE2B7A137001213C
:10FEB0001046FFF7C0FF2046F8BD6FF00604FAE7D2
:10FEC0006FF00C04F7E76FF01004F4E76FF0120422
:10FED000F1E770B504461546FFF7A3FD48B120468B
:10FEE000E0F732FE28B1037ADB0702D50121FFF7E4
:10FEF000A2FF85B9207A04F17001E0F79DFD50B1B1
:10FF00000146856000F10802BDE8704011F8010B60
:10FF10000423DDF705B970BD2DE9FF41044688468D
:10FF200016461F4628B96FF01505284604B0BDE8EF
:10FF3000F08102A9FDF73FFE05460028F3D101A993
:10FF40002046FDF7B2FB0198C8B902A9E0F732FDDF
:10FF5000044648B9E0F7F8FD044678B3002300F8FA
:10FF6000013B02A9FFF7A6FDB8F1000F22D0022243
:10FF700069463846B047002808DA0546D5E70A2220
:10FF8000294604F02BF80028DFD0CCE79DF800309C
:10FF90002372022804D000212046FFF74CFFC4E75B
:10FFA0009DF801100129F6D801F001012046FFF764
:10FFB00032FFBAE72046E0F719FFB6E76FF00B050E
:10FFC000B3E738B5BDF81010BDF81840059DA14243
:10FFD00010460CD84CB16DB1621A9A42A8BF1A46AD
:10FFE00094B22246294403F0FEFD204638BD6FF04E
:10FFF0000600FBE76FF00D00F8E713B5044610B9F3
:020000025000AC
:10000000002002B010BD00238DF80430006842F6D5
:10001000030301A9ADF80630FDF7F5FD0028EFD187
:10002000E36898880028ECD12046E1F761F80130B8
:1000300080B2E6E770B5CC6888B008461E46A37962
:100040008DF80C301546FFF7D8FFADF80D0023688A
:100050001A786AB95B88ADF80F3005230093BDF8B4
:10006000302003AB31462846FFF7A6FD08B070BD2F
:100070005A1C0DF10F00113352F8041B40F8041BF9
:100080009A42F9D11323E9E71FB5CDE901230023F3
:1000900000931A46E1F75CF805B000BDE1F73EB900
:1000A0001FB50C461946E36810461A788DF80820EB
:1000B00093F901208DF809205A88ADF80A201A79A1
:1000C000DB88ADF80D3007238DF80C200093BDF8C8
:1000D000182002ABFFF770FD04B010BD38B54C8A94
:1000E000D3070546C4F30E0404D514F0950F2AD0A7
:1000F0004B6843B3900704D514F4957F25D08B68E3
:100100001BB3144014F4DE7F0DD0EB7A2BB92846D4
:10011000FEF74DFDD8B9052038BD14F0300F04D1DD
:1001200014F4C07F07D10020F6E72846FEF7C5FD8E
:100130000228F5D8EFE7D5F89C30002BEBD05B7B9D
:10014000DB06E8D5EFE70220E6E70320E4E70F202F
:10015000E2E72DE9F041437B072B86B006460C46CB
:10016000174640F0858000238DF81430206842F651
:10017000030305A9ADF81630FDF745FD98B965688C
:10018000002D75D00090012304AA2146A84701281C
:100190006ED19DF8103003F03003002B68D020465C
:1001A000E1F750F90446002320688DF8143005A9C2
:1001B00042F60213ADF81630FDF725FD18B12046C2
:1001C000E1F740F90446002542F6021820688DF850
:1001D000085002A9ADF80A80FDF715FDF0B900231B
:1001E00020688DF8143005A942F60213ADF81630D8
:1001F000FDF709FD00283BD16568002D38D000903F
:10020000022305AA21463046A847022830D1BDF86E
:1002100014301F4214BF012000202AE020688DF80E
:100220000C5042F6030303A9ADF80E30FDF7EBFCCA
:100230000028D4D020688DF810504FF4205304A922
:10024000ADF81230FDF7DFFC0028C8D020688DF82B
:10025000145042F6010305A9ADF81630FDF7D3FCA2
:100260000028BCD02046E1F7EDF804460028ADD1C7
:10027000002006B0BDE8F081F8B514460F46942280
:1002800061680646FFF72AFF20BB616801223046FD
:10029000FFF75FFF08B3A2891B2102323046FFF748
:1002A000A3FA0546E0B1A1890C300231FDF7F9FB54
:1002B00020F8027BA289A16803F095FCD4E904121E
:1002C00028460123E0F758FB29463046BDE8F840B0
:1002D000FFF759BB4FF0FF30F8BD6FF01500FBE79B
:1002E0006FF00B00F8E72DE9F04106468846E0F78D
:1002F0002BFC0546E0B1037ADB0719D500F10C07AA
:100300003846FFF73AFC10F0010411D1B8F1000FA4
:100310000FD06FF002013846FFF720FC10F0020FFB
:10032000304609D0FFF77FFB01212846FFF783FD08
:1003300001242046BDE8F081FFF773FB0028F8D0C8
:100340003046FFF789FB0028F3D06FF002013846F2
:10035000FFF704FC3046E5E7F8B506460F46E0F740
:1003600049FB394605463046FDF70FFF68B365B3D4
:1003700005F108046FF001012046FFF7EFFBC2070B
:1003800003D539463046E1F72FFB6FF002012046D6
:10039000FFF7E4FB830703D539463046FFF7CEFC71
:1003A0002046FFF7EAFB80B92B4603F8010BC5F89E
:1003B0000100C3F80300BFF35B8F54E8003F44E83B
:1003C0000002002AF9D1BFF35B8FF8BD10B50446D7
:1003D000A0F1170110F8180CFFF7BEFF14F80C0C71
:1003E000A4F10B01BDE81040FFF7B6BF38B50446D5
:1003F00059B100F17001007AE1F7F6FA207A04F1C0
:100400007001BDE83840FFF799BC38BD7047072040
:10041000704708B50621FEF7C2FD00B1EC3808BDF3
:10042000BFF35B8F0068BFF35B8F084100F00100F2
:10043000704710B50346D9B1C88910F0240F17D002
:100440001A7D5C7B097BA24228BF2246914201D9DA
:10045000002010BD820604D4187A003818BF01208D
:10046000F7E70521181DFFF7DBFF0028F4D1EFE7C0
:100470000120EEE701238B40DB43BFF35B8F50E8A5
:10048000002F1A4040E800210029F8D1BFF35B8F0C
:10049000704707207047002370B51A460446EC30B9
:1004A0000D46FEF70DFD20B12846BDE87040DCF793
:1004B000F5BC04F5A0704FF47022BDE87040002335
:1004C000F9F706B801238B40BFF35B8F50E8002F8C
:1004D0001A4340E800210029F8D1BFF35B8F704731
:1004E00008B50E21FFF7EEFF002008BD38B5054620
:1004F0000B4604300D21FFF793FF98B1DC68D5F867
:10050000EC300220197A03F1700200F08CFB78B114
:1005100023462A3004F1100253F8041B40F8041B50
:100520009342F9D128460921FFF7CCFF002038BDBE
:100530000820FCE770B5041D0E4620460421FFF795
:100540006FFF68B10022002100230846DFF7ACFAF4
:10055000054640B904212046FFF7B4FF284670BD88
:100560004FF47022EFE701210C30FDF79AFA067084
:10057000F4E738B504210446FFF7DCFF054698B1DF
:1005800010210C30FDF78DFA04F1270304F1370236
:1005900053F8041B40F8041B9342F9D12046294626
:1005A000FFF779FF002038BD0820FCE72DE9F04770
:1005B00090B004460CAD10220021284603F03AFB0F
:1005C000237A052B1CD8DFE803F0060303061B1F64
:1005D000D4F8D8300C93D4F8EC3004F1470204F18D
:1005E000C707CDE9017203F17E020092773304F16F
:1005F000270204F1370104F19700E2F7DFF998B11F
:10060000082010B0BDE8F087D4F8E430002BE2D029
:100610002E4603F1100718685968324603C20833A2
:10062000BB421646F7D1D6E7D4F8EC3003F1770297
:100630007E3308AE019304F11103029200930396F6
:100640002B4604F1370204F12701384600F0A2FBE3
:100650000028D5D1237A052B0FD1D4F8E01000293A
:100660004AD00B46AC4601F1100E18685968624634
:1006700003C2083373459446F7D1D4F8EC3003F144
:100680007E0277330DF1100A019304F10A030292FE
:100690000093CDF80CA02B4604F1270204F137019A
:1006A000384600F077FB0028AAD11022514604F109
:1006B000B70003F065FC20BB0D212046FFF73AFF91
:1006C000074600289CD010210C30FDF7EAF932468D
:1006D0000346164603CEAE4218605960324603F117
:1006E0000803F6D139462046FFF7D5FE201D01212B
:1006F000FFF7E8FE002084E71022284603F09AFA6C
:10070000BBE70B207DE770B5D0F8EC30DB78012B30
:1007100005461DD1CC6804301021FFF7ABFE2346FF
:1007200005F1B70204F1100153F8040B42F8040B71
:100730008B42F9D10721281DFFF772FE20B90A214B
:10074000281DFFF76DFE28B10921281DFFF7BAFE0D
:10075000002070BD2846BDE87040FFF727BF70B588
:10076000CC6805460B210430FFF784FE234605F1D3
:10077000170204F1100153F8040B42F8040B8B42EA
:10078000F9D12B7A012B09D0022B13D12846042151
:10079000FFF798FEBDE87040E1F7EEBA0A21281D88
:1007A000FFF73EFE0028F1D0281D0021FFF78AFE4A
:1007B000002070BD0820FCE7072070470720704725
:1007C0000720704730B5012303FA01F1CA43BFF394
:1007D0005B8F50E8003F03EA020440E80045002D2B
:1007E000F7D1BFF35B8F194214BF0120002030BD49
:1007F00070B5072205460E467030096803F0C0FB4D
:1008000040B973681A682A679A88A5F874209B799A
:1008100085F8763070BD38B50446031D0025BFF35A
:100820005B8F53E8002F43E800510029F9D1BFF353
:100830005B8F04F5A07002F08FFF2572BFF35B8F12
:1008400054E8003F44E80052002AF9D1BFF35B8F1F
:1008500020460121BDE83840FFF734BE2DE9F84FAE
:100860000B9FBDF82880044692469946FFF7D1FDBC
:10087000054600285AD0B8F1000F26D15AEA0903DC
:1008800023D103210430FFF7CBFDF0B10121281D56
:10089000FFF7C6FDC8B12C7D6B7B9C4228BF1C4670
:1008A000224605F14701384603F09DF90F2C05D883
:1008B000C4F110024146381903F0BCF9281D01218A
:1008C000FFF700FE0120BDE8F88FD4F89C3083B913
:1008D000217A04F170022020E2F714F8C4F89C0099
:1008E00038B9217A04F170020120E2F70BF8C4F85C
:1008F0009C00B8F1000F0CD15AEA090909D1D4F8CB
:100900009C1031B1CB899B0603D50C7B1A31224652
:10091000C9E70F21281DFFF783FD20B10222062120
:100920002046DEF7E9FE2846FFF775FF0020CAE7FC
:100930006FF085007047F8B506460F460430022177
:10094000FFF76EFDC0B196F8E820AAB996F8E94025
:10095000B4FA84F464090321301DFFF761FD68B126
:1009600039463046E1F76EFD0521A4B1D6F8EC001A
:10097000FEF7FDF80020F8BD0024ECE70121301D52
:10098000FFF74EFD0028EBD10F21301DFFF748FD8A
:100990000028E5D1E8E73046FFF7CCFD054688B1F1
:1009A00001210C30FDF77DF82346077022462946C9
:1009B00006F1EC00FEF784FA0028DBD02846DCF7CD
:1009C0006DFAD7E76FF06800D5E770B504460820E8
:1009D000E1F7A6F80646E0B108210430FFF74AFD2A
:1009E000002C37D00721FFF745FD204606F197037D
:1009F00004F1200250F8041B43F8041B9042F9D183
:100A00000A21301DFFF70CFD70B10921301DFFF7E1
:100A100059FD0720E1F784F80446E8B1E1F7D0F882
:100A2000D0B10821204612E01021301DFFF7F8FC5C
:100A300009210028EAD1301DFFF7F2FC0028E8D098
:100A40003046FFF7B3FD01460028E2D03046FFF7FD
:100A500072FFDEE70B21F9E770BD2DE9F0410E468C
:100A60000446D0F8EC80E1F769F80A210546201D1C
:100A7000F768FFF7A7FE38B16DB920463978E1F77E
:100A8000E1FC0020BDE8F0810B21201DFFF79AFE5C
:100A90000028F1D1F1E76B69002BEED04046984772
:100AA000EBE770B50446A0F1EC0650F8543BD3F8E0
:100AB0009C5002F051FE0321A4F1E800FFF7B0FCC6
:100AC000A0B108213046E1F7BDFC3DB1EB8913B17F
:100AD0006B7B9B0702D5284600F0B9F830464FF4EF
:100AE000BC72BDE87040002103F0A4B80121A4F15C
:100AF000E800FFF795FC0028E3D10F21A4F1E800FE
:100B0000FFF78EFC0028DCD1DFE710B50821044692
:100B1000A0F5A070E1F796FCA4F59E700421BDE855
:100B20001040FFF7CFBC70B50446FFF772FC0546D6
:100B3000002871D0061D03213046FFF771FC002804
:100B40006AD0D4F89C0008B100F081F8207A04F152
:100B50007001E1F783FEC4F89C0028B928460821FB
:100B6000BDE87040FFF7E7BE0E213046FFF758FCA6
:100B700028B1D4F89C20537B43F0020353732A7AA4
:100B8000D4F89C10032A4B7B09D872B923F02003B8
:100B90004B73D4F89C20537B23F001030AE0053A01
:100BA000012AF3D843F020034B73D4F89C20537BE5
:100BB00043F0010353732B7D697BD4F89C208B4257
:100BC00028BF0B46137305213046FFF729FCD4F8E4
:100BD0009C20537B08B343F0100353730D21304620
:100BE000FFF71EFCC0B1D4F89C00202100F02BF8C8
:100BF000D4F89C3005F147021A33573552F8041BDC
:100C000043F8041BAA42F9D1D4F89C2000231361B5
:100C10005361D4F89C20138370BD23F010035373E9
:100C2000FAE7DDF7DBB970B504460D461646E1F785
:100C300069FE38B931462846E1F710FE10B1C38984
:100C40001C43C48170BDC3891943C181704710B56D
:100C5000037A5B07044601D5DDF756FA214611F801
:100C6000010BDCF7F7FA20464022BDE810400021D6
:100C700002F0E0BF70B5064690B0144628B33422A7
:100C800003A91846A047051E1FDB01A93046FCF743
:100C900092FF0446C8B969463046FCF706FD009845
:100CA00068B9ADB901AA29463F20E1F72BFE18B17A
:100CB0004022294602F0BEFF204610B070BD0A2235
:100CC000214603F08BF90028EBD06FF01504F3E711
:100CD00001A90020E1F7C2FDA0B1342D02D0FFF739
:100CE000B6FFF2E703AA00F10C030FAE154603CDE1
:100CF000B542186059602A4603F10803F6D1286806
:100D00001860D9E76FF00B04D6E7014600F10C023A
:100D1000342311F8010BDCF791BA531E1944024435
:100D200011F8013900F8013B9042F9D1704710B534
:100D3000431E00F11002073013F8011F12F8014D95
:100D40001C7083421170F7D110BDF0B597B01446F6
:100D50000F462022014605A81E461C9DFFF7DDFF19
:100D6000202239460DA8FFF7D8FF2146102201A8FE
:100D70008DF85460FFF7D1FF2B46412205A901A849
:100D8000E1F7B2FE044610B92846FFF7D0FF20462F
:100D900017B0F0BD2DE9F04397B00746914605A87E
:100DA0001022DDE91F649846219DFFF7B6FF10224F
:100DB000494609A8FFF7B1FF102241460DA8FFF7E9
:100DC000ACFF1E99032211A8FFF7A7FF3146D6F802
:100DD000010011F8013B8DF8473012908B88ADF877
:100DE0004C30062212A8FFF798FF2146062211F880
:100DF000013B8DF84E30D4F80130CDF84F300DF175
:100E00004F008B88ADF85330FFF787FF102239462B
:100E100001A8FFF782FF2B46412205A901A8E1F7AF
:100E200063FE044610B92846FFF781FF204617B03D
:100E3000BDE8F0832DE9F04106460D4690461C467C
:100E400093B187683B689847002D10DB84420ED829
:100E5000001BA8420BD3BF682346424629463046B2
:100E6000BC46BDE8F04160471846BDE8F0816FF030
:100E70001500FAE74368D3E90203C01A70472DE969
:100E8000F0410C4645680646006917469846F0F75B
:100E90006FFD002C16DBD5E9021304EB0800C91A1C
:100EA00088420FD8D5E90003E1186B7C194443460A
:100EB0003A46FFF7BFFF04463069F0F767FD20466A
:100EC000BDE8F0816FF01504F6E72DE9F8430D1E3B
:100ED000074691461C462BDB4668EA18D6E90231E4
:100EE0005B1A9A4224D80069F0F742FDD6E90082E5
:100EF000737CA4B1D8F8086015441D44404633689B
:100F00009847002D11DB84420FD8001B85420CD876
:100F1000234676684A4629464046B0470446386923
:100F2000F0F734FD2046BDE8F8836FF01504F6E7CE
:100F30006FF01504F6E738B5456804460069F0F728
:100F400017FD6B7C53B92B7C002B0CBF6FF0850514
:100F500001252069F0F71AFD284638BD0125F8E77C
:100F600038B544680569206802F0F7F878B1206860
:100F700083681B689847002808DBD4E901321344D2
:100F8000834207D8281D02F036FA002038BD6FF0E2
:100F90001200FBE76FF01500F8E7F0B50569466849
:100FA00085B0102200210746684602F043FE002467
:100FB0002846F0F7DDFC2C702546B368A34205D81F
:100FC0003869F0F7E3FC284605B0F0BDD6E900012A
:100FD00021441B1B102B28BF10236A46FFF72AFF52
:100FE000051EEDDBB3681B1B102B94BFE4181034F7
:100FF000E3E710B50369C0E905330023C360837FCD
:10100000044613B1407AF1F79DFF012323770023B3
:101010006377E377A37710BDF7F7BEBEF7F732BF6C
:101020000378027903F00F011AB951B14FF0FF3084
:1010300070470829FAD8012A03D1C3F3C000013848
:10104000704743F3C000704738B50146F0F7B6FC6F
:10105000054660B1037A6BB108460024F1F7F2FF50
:101060002846AC77FFF7C5FF2C72204638BD6FF0DD
:101070001500FBE76FF07700F8E770B504460E4601
:101080001546F1F75DF930B906B925B12046BDE83E
:101090007040F1F79BB970BD4FF08053D3F8302109
:1010A000082A05D1D3F83401003818BF0120704751
:1010B0000020704780F0FF03DB0900F00F0000EB19
:1010C0000310704708B5F1F7EDF9818208BD08B546
:1010D000F1F7E8F9EFF31183202282F31288BFF3CE
:1010E0006F8F02690A60027B2AB9807D83F31188C1
:1010F000BFF36F8F08BD0420F8E710B4A0F1080318
:10110000BFF35B8F53E8002F511C43E80014002C01
:10111000F8D1BFF35B8F1AB910BC1846F2F72EB89E
:101120006FF00F03836610BC70470369C9B20C22CD
:1011300002FB013393F8400000F00700704770B5E0
:10114000C9B20369EFF31186202484F31288BFF338
:101150006F8F0C2505FB0134246C14F0C00401D002
:10116000A24211D105FB013301221A64002386F348
:101170001188BFF36F8F2BB9436803EBC1035B6822
:1011800098470023184670BD4FF0FF33EFE78022E9
:10119000FFF7D5BFF8B5069F0469C9B2EFF3118C0C
:1011A000202585F31288BFF36F8F0C2606FB0146BE
:1011B000356C05F0070EBEF1010F11D13764002523
:1011C0008CF31188BFF36F8F45B90C2606FB0144E1
:1011D000C4E90E23436853F8313098472846F8BDD8
:1011E00005F0C005AF420CBF6FF077054FF0FF353B
:1011F000E6E713B580240094FFF7CCFF02B010BDE2
:1012000010B40069CBB21C2404FB0300002110BC05
:1012100010470020F4F7BABA002000F0A5BD104630
:10122000F7F7B0BE0020704708461146DCF746BC11
:101230002DE9F3411C469046002382682360A36099
:1012400053690D4601AA69469847019B5A1E0192AF
:1012500023B96FF0150002B0BDE8F081009BA168D2
:101260005F682068676085B9A8EB01021E68B2421A
:1012700028BF3246114402FB07002060A1601968B4
:10128000914206D808330093DFE72A1AB2FBF7F23F
:10129000ECE70020DFE713460022FFF7C9BF2DE986
:1012A000F047836886B05B698946924601A902AA25
:1012B00098470024A0462546029BAB4202D806B0C0
:1012C000BDE8F087019F07EBC50700267B68049304
:1012D0003A68B24208EB060302D801359846EBE7BC
:1012E00003940593514603A8C8470028E7D0049B00
:1012F00001361C44ECE74FF400120023C1E900233F
:101300000020704718B901F11800F7F73BBE70478D
:1013100037B50D46416811B3D1E90013846804B3B1
:10132000D4E90024F4B1EBB19C421ED10133092B66
:101330001BD800788DF8013040F201138DF80000C1
:10134000ADF80230684600238DF804308DF8055062
:10135000F5F7CAF903B0BDE83040F2F76FBC0B46B1
:10136000DCE7224601332344E1E76FF0150003B0C8
:1013700030BD7FB5FF2202288DF803200DF1030256
:101380000CBF35230523002101920122CDE9022162
:1013900003A88DF80C3001AB04910593FFF7B8FF5B
:1013A00008B99DF8030007B000BD1FB500218842B1
:1013B0000CBF0623042301A8CDE9011103918DF888
:1013C0000430FFF7A5FF002818BF6FF0040005B038
:1013D00000BD13B501AA044600F045FA002805DB5C
:1013E000019B226819791868F3F72CFB02B010BD35
:1013F0004FF0FF324FF0FF33F7F7FEBD38B5056908
:10140000BFF35B8F044605F1300353E8001F013141
:1014100043E80012002AF8D1BFF35B8F2069FFF781
:10142000E7FF95F8343023B92046BDE83840FBF794
:101430002FBF38BD10B50269BFF35B8F044602F1C0
:10144000300353E8001F013943E800100028F8D1A9
:10145000BFF35B8F92F834302BB909B9F5F702FA74
:101460002046FBF724FF2069BDE81040F7F78ABD4E
:1014700010B50C4600F0F8FC0023C4E90003184640
:1014800010BD38B505460C4600F0EEFC002D07DB1C
:10149000A84205D9401B84428CBF0020012038BDE2
:1014A0000020FCE770B50D462846194616461C4636
:1014B000FFF7E7FF38B124B122462946304602F053
:1014C00092FB002070BD6FF01500FBE743685B687E
:1014D000D3F810350B600020704743685B6802EA60
:1014E000010021EA0201C3F80805C3F80C15002029
:1014F000704743685B680020C3F80815704743686D
:101500005B680020C3F80C15704743685B68D3F82C
:10151000042521EA02001140C3F80805C3F80C15A0
:101520000020704730B50369586800B30024884232
:1015300019D108688CB99C685860A14200D19860A4
:10154000002008602AB15A680A609A68596002B996
:10155000996000200FE02846E9E720609868814202
:1015600008BF9C60ECE705680446002DF3D1002A13
:10157000E9D16FF0150030BD13B54FF08052082946
:10158000136E526E28BF082112BA00921BBA0C4685
:101590000A466946019302F026FB204602B010BDC0
:1015A00070B50B680546006898420C460AD041F8B1
:1015B000040B066983685B68984740B963683268C2
:1015C000534063602B796068D84000F0010070BD23
:1015D00070B403460C46DA8800681979224305691D
:1015E00086682B6801248C4012F0010F14BF23433E
:1015F000A3432B60336870BC184703460A46006853
:101600001979012303FA01F103691B68194218BF14
:1016100082F0010212B18368DB68184783681B6996
:10162000FBE719B103690020D96070476FF015001E
:101630007047F8B505460F4600240C266B68A34298
:1016400001D80020F8BD2868394606FB0400FFF7E2
:10165000D4FF0028F6D10134F0E72DE9F04F0669F8
:10166000446885B005464FF000094FF00C0B6368E5
:101670004B4534D84FF00008C14623699845C0F067
:101680008D80B9F1000F00F091802C696B689A6928
:10169000D4E91231D31841EBE271C4E91231C90324
:1016A00041EA534140F2E730DB03181841F10001F1
:1016B0000B4304F1100474D04FF47A720023D5F771
:1016C0001FFD6FF00102121A4FF0FF3363EB0103AD
:1016D0002046F7F7FDFE002005B0BDE8F08F276833
:1016E0000BFB097701213846FFF787FF0028F3D16C
:1016F000CDE9020004F1080382460193B368534523
:1017000008D800213846FFF778FF0028E4D109F116
:101710000109ACE7706894F820C0BA6821690BFB36
:101720000A008368BCF1000F13D101FB032802A952
:10173000FFF736FF0028CFDB306D019BA26914BF95
:101740000121002100EB480001F0C2FC0AF1010A6E
:10175000D4E701FB0238EAE72369326D03FB0A8311
:1017600002EB430B584601F0EFFC40B1584601F044
:10177000E7FCF7680346524641462846B847B9F1A8
:10178000000F03D1584601F0D0FC81460AF1010A4E
:1017900063695345E0D808F101086EE74FF0000A8D
:1017A000F6E76FF001024FF0FF3391E728694FF041
:1017B0009861F3F779F800288DD168680121FFF767
:1017C00038FF88E750F8100CFFF747BF10B54FF40B
:1017D000001104460069F3F767F8014620B9606814
:1017E000BDE81040FFF725BF10BD10B504460069E5
:1017F000103001F0B1FF2046BDE81040FFF7E6BF12
:1018000010B551F8043C1C692068FFF7DFFF02F0B7
:101810001BF94FF47A72A0FB020302FB0131C00BEB
:1018200040EA4140C90BC4E91201002204F1100052
:101830000023BDE81040F7F74BBE38B504460569F4
:1018400002F002F94FF47A72A0FB020302FB0131AD
:10185000C00B40EA4140C90BC5E912012046BDE872
:101860003840FFF7FABE30B543681360057A446824
:1018700004EBC504A34202D36FF0010030BD5C79D4
:101880008C4203F10803F0D10020F7E74368586861
:1018900070474FF0FF324FF0FF33F7F77DBAF7F79D
:1018A000F1BA2DE9F041D0F80480044600691F46E2
:1018B0000E461546FFF7EDFFD8F800103A463144C2
:1018C000284602F090F92069FFF7E9FF0020BDE803
:1018D000F0812DE9F041D0F80480044600691F46EC
:1018E0000D461646FFF7D5FFD8F800003A463146B8
:1018F000284402F078F92069FFF7D1FF0020BDE805
:10190000F08138B5456804460069FFF7C2FF6A6890
:101910002868002102F08EF92069FFF7C0FF00203F
:1019200038BD08B5006901F066FD002008BD0269F8
:101930000B4692E8030083E80300002070474368E9
:101940001B68D3F88004C3F88004704742681368AA
:10195000D3F8100150B19269002012780A70C3F8D0
:101960001001D3F8102101221A6070474FF0FF30A8
:101970007047002A0FDD42681368D3F8100158B190
:101980000020C3F810019269D3F8100112780A7090
:101990000120186070470020704710B5436819682F
:1019A0000369EFF31182202080F31288BFF36F8F59
:1019B0009868002484739B680120D8734FF48003D7
:1019C000C1F8043382F31188BFF36F8F10BD036930
:1019D0009A68012191739B680022DA73704702694B
:1019E0009168CB7B4BB143681B68D3F8580128B191
:1019F00000234B6193689889704718467047436885
:101A00001B68D3F81001003818BF012070474368E5
:101A10001B681022C3F80423704743681B68102218
:101A2000C3F80823704743681B684FF40072C3F87B
:101A30000423704743681B684FF40072C3F80823FF
:101A4000704738B543681D68D5F804335B02044617
:101A500005D4D5F8040310F0100006D138BDFFF707
:101A6000BEFF0028F5D00120F8E72046BDE8384049
:101A7000FFF7C5BF012070470369986801609B6844
:101A80005A60704773B543680E460DF107011C6834
:101A90001546FBF7EAFB9DF807306BB9C4F84465BF
:101AA000C4F84855C4F82031D4F82021C4F858317E
:101AB000D4F858310123A36002B070BD0268D2F897
:101AC000583143B90179C90707D4D2F82001C01AA7
:101AD00018BF012070470120704718467047F8B5BD
:101AE0000669B36805469C89BFF35B8F14330120F8
:101AF00053E8007F002F04D143E8000CBCF1000F35
:101B0000F6D1BFF35B8F21D19442B368A8BF1446CE
:101B10009868224602F067F8EFF31187202383F3D9
:101B20001288BFF36F8F6868FFF7C8FFB36838B9D2
:101B30005861044687F31188BFF36F8F2046F8BDC4
:101B4000996822462846FFF79DFFF3E70CBF012462
:101B50000024F3E710B4436802691B68D3F8041348
:101B6000C90517D5D3F82011A1B1EFF311812024B5
:101B700084F31288BFF36F8FD3F8204134B100246F
:101B8000C3F82041D3F820410124DC6081F311889F
:101B9000BFF36F8F9168D3F8584171B17CB10024C5
:101BA0004C619168C97B19B94FF48001C3F80813DF
:101BB00091688C7B1CB100238B7310BC7047D3F8E9
:101BC000241119B1C3F82441D3F824319268136861
:101BD000002BF2D010BC5168184713B501AA044677
:101BE000FFF741FE002805DB019B22681979186880
:101BF000F2F728FF02B010BD01292DE9F84306468F
:101C00000C4620D143680021D868FFF7E6FF7268D0
:101C1000306913680821C3F80015117A81B99269F7
:101C2000C3F83425C3F83845C3F81011D3F8102190
:101C30001C60826822B1127C12B11022C3F8042306
:101C40000020BDE8F883002963D1D0F80480D8F8DB
:101C50000040D4F84C3123B30269916851B1D4F8F3
:101C60000433C3F300130B7493681B7C13B110236C
:101C7000C4F8083301236360D4F84431002BFBD04F
:101C80000023C4F84C31D4F84C21C4F84431D4F8C2
:101C90004421C4F81031D4F81021C4F82431D4F808
:101CA000243172681379156813F0010917D14FF4C4
:101CB0008073C5F808334FF47A777068FFF7FEFE3B
:101CC00020B9012000F042F8013FF6D1D5F8583193
:101CD0002BB9C5F82031D5F820310123EB604FF442
:101CE0007A76D5F8583123B9012000F02FF8013E5B
:101CF000F7D1B9F1000F03D14FF48073C5F8043365
:101D00000023C4F80035D8F80C000121FFF765FF67
:101D100096E76FF0850094E700F150039B009BB2BB
:101D200003F1804303F5883300221A601B68704773
:101D30004FF08053D3F83021082A03BFD3F8340181
:101D4000B0FA80F0400900207047004701F000BA67
:101D5000C00000F1804000F5F830C0F81015C0F860
:101D600014257047F4F75CBAF3F798BCF7B5019007
:101D700001A8DDE9084517461E46F3F791FD019BD2
:101D8000B7F1000C18BF4FF0010C00EB83000B1EE5
:101D900018BF0123002E43EA4C030CBF4FF0000C88
:101DA0004FF00C0C002C43EA0C030CBF4FF0000C5E
:101DB0004FF4E06C002D43EA0C03D0F800270CBF71
:101DC0004FF0000C4FF4403C43EA0C0322EA0303BB
:101DD00001B109780FB13F787F0019430EB1367811
:101DE000B60039430CB12478240231430DB12D786B
:101DF0002D040C432C43C0F8004703B0F0BD1FB5C1
:101E00000DF10F03019300238DF80F1000931A4674
:101E10001946FFF7ABFF05B000BD38B505460846CB
:101E20000C46F3F7D1FDA8B10846F3F705FE88B1DB
:101E30000846F3F7BDFD2A6801238340C2F8083342
:101E40002B6803EB8000D0F8103523F00303C0F8B3
:101E5000103538BD01462046BDE83840FFF7CFBFFA
:101E6000F3F7F8BDFFF7D9BF4FF080531A695869EF
:101E7000504370474FF08053186970474FF08053BC
:101E80005869704700F180431A68101E18BF01207E
:101E900012B100221A601B6870474FF080434FF464
:101EA0006072C3F8042370474FF080434FF46072B0
:101EB000C3F80823704708B5F4F762F9BDE8084095
:101EC000F3F7BABC0021F4F781BA0223F4F7F6B9AC
:101ED0000323F4F7F3B900210220F4F7DFBC4FF439
:101EE0008C72002101F0A6BE18B14FF48C71F5F789
:101EF000C7BD704710B40C46012C11461A4606D8CF
:101F000014B910BCF5F770B810BCF4F7A1BE6FF0AF
:101F1000200010BC70472DE9FF470129DDE90C6462
:101F200080461F4657D882B3130757D1002947D19F
:101F3000B51833466A4606F11009EA46186859682A
:101F40009446ACE8030008334B456246F6D122467E
:101F500031464046F5F748F80023FA58E1584A4020
:101F6000E2500433102BF8D152463E46134603CBC1
:101F7000716004A98B4230601A4606F10806F5D15B
:101F8000A9454E4604F11004D3D1002004B0BDE8A9
:101F9000F087C25851F803C082EA0C02E2500433C1
:101FA000102BF6D1214622464046F4F751FE103D53
:101FB00004F11003214607D01C460023701BE8E7FC
:101FC000394615461644F8E754F8042B47F8042B15
:101FD0009C42F9D1D9E76FF02000D7E76FF02100DC
:101FE000D4E710B50446FFF77FFF2046BDE8104058
:101FF000F5F758BD10B54FF48C710120F5F74CFD85
:10200000044608B1FFF76BFF204610BDF4F7A2BDF0
:10201000F4F7D8BCFFF77FBFFFF76CBF4822002161
:1020200001F008BE10B5044608B1F5F729FD2046B9
:10203000BDE81040F5F736BD08B5F6F751F80028B1
:1020400018BF6FF0040008BD38B5084614461D4699
:102050001146DAF771FF08B92C6038BD6FF08300C4
:10206000FBE730B587B01D460DF11703039200243E
:10207000009303AA0DF116038DF81740F5F718FD2C
:1020800050B99DF8170005B128709DF816200399E6
:10209000F5F776F907B030BD2046FBE700230B606B
:1020A0006FF0860070472DE9F34747683F0ADDE986
:1020B0000A560446884691469A4611D1CDE9005603
:1020C000F6F70CF910F1860F0CD153464A464146FB
:1020D0002046CDE90A5602B0BDE8F04700F049BA03
:1020E0006FF0860002B0BDE8F087009BF5F73EBDBB
:1020F000009BF5F73BBD38B51C460368154623B178
:10210000F5F7F8FC00B9256038BD6FF08800FBE7F3
:1021100070B594B00A460024014601A8CDE90144F7
:10212000199E1B9DF5F722FD044638B966B91A9928
:102130002A4601A8F5F7DEFC044670B101A8F5F7C0
:10214000FBFC204614B070BD1899324601A8F5F783
:102150004BFD04460028EAD0F0E71C9B1D60EDE72C
:1021600000F4E040B0F5805F18BFB0F5005F0CBF31
:102170000120002070473AB1002918BF0023D21A6D
:102180002121184401F056BD704738B513464FF46D
:1021900080420D46F5F7A4FE044640B9286843681E
:1021A0001B0A04D000F0F3FC2C606FF0850420467D
:1021B00038BD2DE9F04F89B09B4600238DF81B30C8
:1021C000159B149F002B92460B4688460CBF4FF47C
:1021D00000624FF4806207A9DDE91296F5F780FEF0
:1021E0000446F0B9079D0DF11B0229884046F5F71A
:1021F000E1FE0446A8B99DF81B30B34221D86A68B5
:10220000120A21D1CDE90337CDE901B9CDF800A0FB
:102210006A6E434605F120012846FFF779FF044620
:1022200000B13E603B68324621464846FFF7A3FFB7
:10223000079800F0ACFC002C18BF204609B0BDE8A0
:10224000F08F6FF08904ECE76FF08604E9E72DE981
:10225000F341002313604668D0F8148004460F460B
:102260003046114600F095FC054688B9304600F02E
:1022700092FC054660B9F6B276B9B8F1000F05D107
:10228000A06820F47F4020F0030060B16FF0860565
:10229000284602B0BDE8F0810146606900F052FCBA
:1022A0000028EDD1F2E762884FF6F8739A4219D808
:1022B00094F80480B8F1000F00D101A83946F5F771
:1022C000A3FF05460028E3D10FCC3F683E460FC66A
:1022D00094E8030086E80300B8F1000FD8D1019B11
:1022E0007B61D5E76FF08505D2E7434213F07F03AA
:1022F00013D110F1710F15DB00282FD02CDC10F159
:10230000210F45D010F1200F09D010F1220F14BF7A
:102310006FF083006FF085007047722B3BD16FF038
:102320008500704710F5C44F26D00BDC10F5C64F62
:1023300025D010F5C54F2BD010F5C74F0CD16FF03D
:102340009600704710F5C34F1CD005DB10F5C24F47
:102350001ED010F5C14FE2D06FF0830070473D2BC7
:1023600013DD6E2BEBD0402B0FD0702B14BF6FF012
:1023700083006FF0920070476FF0950070476FF028
:10238000940070476FF08C0070476FF093007047B7
:102390006FF086007047712BDEDC3B2BDFDC584290
:1023A000AAE741F2052398421AD8B0F5905F09D206
:1023B00041F2010398420CD0B0F5885F09D06FF06C
:1023C00085007047A0F5905080B22923C340DB07F9
:1023D000F5D511F0070F14BF6FF08600002070478D
:1023E000B0F5105FEBD121F04003802B06D0B1F5A2
:1023F000807F14BF6FF08600002070470020704778
:10240000F8B504460F4615461E469AB10088FFF7F8
:10241000A7FE78B1089BD10019602088FFF7C1FFA3
:10242000044628B93946304601F0DDFB079B1D60A4
:102430002046F8BD6FF08504FAE710B5436E0446F8
:102440001BB141212030F5F71BFB0020606610BD59
:1024500038B50446FFF7F1FF237E012B0FD0023B76
:10246000012B0FD8E369012B14BF6FF096050025EF
:1024700068220021204601F0DDFB284638BDE369D3
:10248000002BF1E76FF09605F2E713B5A0B101A9B3
:10249000F5F702FF80B90198037E022B0ED10323CA
:1024A00003760379FF2B0CBF6FF08404002400F047
:1024B00059FB002808BF204602B010BD6FF09604FB
:1024C000F5E770B51D460388049E18461446FFF7CD
:1024D00047FE68B923F4405044F20102904207D00D
:1024E00003F44F43B3F5824F02D0B3F5844F0ED1BE
:1024F000B4420FD82246284601F075FB321B00215A
:10250000281901F097FB059B00201C6070BD6FF03F
:102510008500FBE76FF08900F8E72DE9FF41884669
:1025200016461F4612B300233B60012203A9F5F7AC
:10253000D7FC044698B9039D6B681B0A13D1CDE9FB
:10254000006743466A6E05F120012846FFF7B9FF90
:102550000446284600F01BFB002C08BF044620461A
:1025600004B0BDE8F0816FF08604F2E76FF08904F3
:10257000F5E770B514460288049D02F4E040B0F51A
:10258000804F1CD122F4405644F20100864207D00D
:1025900002F44F42B2F5824F02D0B2F5844F0ED111
:1025A000AC420FD81846224601F01DFB2A1B002121
:1025B000204401F03FFB059B00201C6070BD6FF0C4
:1025C0008500FBE76FF08900F8E7F0B50F4685B0AE
:1025D00015461E4602B3002333601A4603A9F5F7D9
:1025E0007FFC044690B9039803885B0411D5CDE9BC
:1025F00000563B46426E00F12001FFF754FD0446B1
:10260000039800F0C4FA002C08BF0446204605B029
:10261000F0BD6FF08604F3E76FF08904F6E72DE96B
:10262000F04F99468BB00023CDE9073307468A4621
:102630001646C9F80030002A6DD0B2F1005F6DD2A5
:1026400008AA07A9FFF703FE0446002855D1079DF5
:10265000D5F86480B8F1000F06D17B681B0A4AD117
:10266000412E55D86E66B0466B8809937B681B0A6D
:1026700041D105F120030DF1240B6435CDE9015B57
:10268000CDF80080324651463846059300F08AFA6C
:1026900010F1860F059B044609D1CDE9015BCDF809
:1026A0000080324651463846FFF7AAFE044624BB56
:1026B0000799099B4A88E2B94B80099A4FF6F8734B
:1026C0009A4225D83A88079B12B11988914212D1B3
:1026D0007A8812B1598891420DD15A69C9F80020FF
:1026E0001A7E012A0ED00023C9F800306FF096043C
:1026F00003E09A42E1D06FF08604079820B1FFF71B
:10270000A7FE01E002221A7620460BB0BDE8F08F4A
:102710006FF08504F1E76FF08604F5E76FF085044C
:10272000F2E710B50446006858B101280AD104F157
:102730000800F5F701FA00232360A3886FF308036C
:10274000A38010BD6FF08600F5E72DE9FF41054637
:102750009846002303932B6808461746002B3ED16A
:1027600098450CBF4FF400624FF4806203A93B46CA
:10277000F5F7B6FB0446002833D1039C2A1D2188B7
:102780003846F5F717FC064680BB6B7968F3000303
:102790006B716268636E120AB8F1000F15D03ABB14
:1027A000009704F12002214605F10800FFF79DFC87
:1027B0000446B0B901232B60039800F0E8F9002E1D
:1027C00018BF304604B0BDE8F0818AB9009704F123
:1027D0002002214605F10800FFF78AFCE8E76FF0C8
:1027E00088042846FFF79DFF2646E5E70446F8E7FC
:1027F0006FF08604F5E70123FFF7A7BF38B503683C
:10280000054693B112B90024204638BD012B09D1E9
:102810000830F5F7E9F904460028F4D02846FFF718
:1028200080FFF1E76FF08604F8E76FF08804EBE7CC
:102830002DE9F041054600680F461646984610B34C
:102840006A79D2071FD52A79EAB1B2421ED8012887
:102850001FD105F10800FFF74EFC044618B1002314
:10286000C8F800602B7137B1D8F8003032462146E5
:102870003846FFF780FC2846FFF753FF002C18BFAF
:102880002046BDE8F0816FF08804E8E76FF0890426
:10289000E5E76FF08604E2E71FB501240394089C86
:1028A0000294079C0194069C0094FFF782FC04B0FC
:1028B00010BD036819430CBF0120002070472DE9AB
:1028C000F04786B080469A460023059308F0FE4301
:1028D000B3F1106FDDE90E56109F0846914630D1D6
:1028E000424605A9FFF751FC044660BB05990A88DA
:1028F00022F0FF02B2F5E24F02D0B2F5E44F04D16C
:102900004B880733B6EBD30F20D3CDE90167009591
:1029100053464A464046F5F7ADFA04464DB93D6088
:10292000059800F034F9002C18BF204606B0BDE829
:10293000F0870028F4D031462846F5F77DFA3E604E
:10294000EEE76FF08604002DE9D0F4E76FF089041C
:10295000F9E7F5F771BA08B500880399FFF700FCAD
:1029600020B10298BDE80840F5F766BA6FF085001F
:1029700008BD2DE9F04F8BB01F46149D00232B603E
:10298000CDE90733438804460E469046002B00F0FD
:10299000D280038803F4E043B3F5804F00F0CB808E
:1029A00039463046FFF785FF002800F0C48008AAAA
:1029B00007A92046FFF74BFC8146002840F09A808B
:1029C000079BD3F864A0BAF1000F3DD16268120AE8
:1029D00040F08980B4F800A061885046FFF7C0FB42
:1029E00088B15046FFF7DDFC8146002840F0828028
:1029F0000AF4E043B3F5805F02D0B3F5005F0AD17B
:102A00000731CA0817E00AF47F43B3F5E24F07D055
:102A10006FF085096EE00AF44F43B3F5844FEFD0B1
:102A200047F201039A4534D149080131C90801EB45
:102A3000C10101F13B020992DDF824A0BAF1410F76
:102A4000E6D8079BC3F864A06268120A67D12188A0
:102A500047F21212914203F1200B03F164034ED0AE
:102A6000CDE901A3CDF800B03B46424631462046B1
:102A7000FFF771FF8146B9F1000F52D1079B5A69E8
:102A80002A601A7E012A50D0C5F800906FF096098E
:102A900030E044F201039A4503D1C90801F1100264
:102AA000C9E747F202039A4505D1C90801EB410184
:102AB00001F15A02BFE744F202039A4505D1C90861
:102AC00001EB410101F14A02B5E72AF0FF00B0F540
:102AD000E24F95D0CB1DDB085B000133B0F5824F90
:102AE00008BF1A46A7E709A92046FFF7D7FA81468B
:102AF0000028A1D00798D0B1FFF7AAFC17E06288A0
:102B0000B2F5807FACD1524659462046059300F07D
:102B100081F810F1860F059B8146ACD1A0E76FF0DC
:102B200086090798FFF789FCE4E702221A764846EF
:102B30000BB0BDE8F08F6FF08609F8E7182200218E
:102B400001F078B8421E6FF040439A4208D329B191
:102B500000F1404098428CBF002101210846704797
:102B60000121FBE7024668B1017E8B1E012B0BD8C9
:102B70000329C36903D1012B01D1FFF769BC1BB144
:102B8000013BD361002070476FF096007047FFF75C
:102B9000E9BF00207047C0B2002814BF6FF0850065
:102BA00000207047F8B5089E1F463368144633F47A
:102BB00080720D462BD1028844F212118A4213D141
:102BC000412C03D01BB36FF08600F8BD681C00F0E9
:102BD0001AFA0028F7D14FF480733360069B9C42A9
:102BE0000CD96FF08900F0E747F212118A420ED13A
:102BF000202CE7D1284600F013FAEAE722462946BE
:102C0000384600F0F0FF079B00201C60DDE76FF006
:102C10008500DAE730B5202A91B0084614461D46F3
:102C200009D16946F5F72CFD00B92C6011B0BDE85B
:102C30003040F5F747BB6FF0890011B030BD70B57B
:102C40001446202CDDE90426DDE90603089D0CD19D
:102C5000412E0AD11F2B0BD90132F5F733FD00B9F4
:102C60002C60BDE87040F5F72DBB6FF0860070BD9D
:102C70006FF08900FBE740F8041B1C22002100F0E4
:102C8000D9BFF0B5002407462546204652F82460F7
:102C900051F824309B1945EB05061B1847F82430E2
:102CA00004F1010446F10000082CEFD1F0BD00232F
:102CB00070B50646184652F8235051F82340641B5D
:102CC00065EB0505241A46F8234003F1010365F17D
:102CD0000005082BC5F10000EDD170BD70B50439B9
:102CE0005642041F013A1C3054F8043F51F8045F67
:102CF000134035402B4384422360F5D170BD30B57D
:102D000000231A4650F8234051F8235001336C40F9
:102D1000082B42EA0402F5D1104630BD70B50446D6
:102D20000568166800200346E1FB66532560566877
:102D30006568E1FB665365609668A568E1FB6653CC
:102D4000A560D668E568E1FB6653E560166925690C
:102D5000E1FB6653256156696569E1FB6653656170
:102D60009669A569E1FB6653A561D569E269E1FB56
:102D70006523E261226A9B182362404170BD10B551
:102D80000438A1F120024B7F0C7F1B0443EA04634B
:102D9000CC7F23438C7F043943EA04238A4240F8E2
:102DA000043FF0D110BD0B1F1C3153F8042F120E3D
:102DB00002775A8842771A68120A82771A68C277AD
:102DC0008B42A0F10400F0D1704770B588B01E4668
:102DD0000446FFF756FF3246054621466846FFF790
:102DE00066FFC0F101022A4369462046FFF776FFDD
:102DF00008B070BD2DE9F04F8BB006469046A1F1AA
:102E0000040A01F11C052422002101A8D3F84090F6
:102E10001F4600F00FFF5AF8041FD8F80030019C3D
:102E2000424601A803FB0144FFF778FF09FB04F1C8
:102E300083463A4601A8FFF771FF20220BEB0004FE
:102E400002A901A800F0DDFE55450994E3D13A46F8
:102E500001A93046FFF72BFFC0F101022243C2F166
:102E600001023046FFF73AFF0BB0BDE8F08F0B468A
:102E700001F120020146FFF7BDBF30B589B004461D
:102E80000D4668460121FFF7F6FE2B466A462146AD
:102E90002046FFF7AFFF09B030BD38B504461546F0
:102EA000FFF7E9FE29462046BDE83840FFF7DFBFBF
:102EB0002DE9F04389B01546074601226846FFF721
:102EC0000DFF2A4601213846FFF7E7FF2C682E4602
:102ED000023C05F11C094FF02008E30705D52B46FD
:102EE0006A4639463846FFF785FF2B466A466946EB
:102EF0006846FFF77FFFB8F101084FEA5404ECD1B0
:102F00004E4502D056F8044FE5E709B0BDE8F0831E
:102F100030B589B00446154668460122FFF7DEFE4B
:102F200029466846FFF7A9FF69462046FFF73BFFA1
:102F300009B030BDF0B599B004460E4615461146AD
:102F400068461F46F5F7EEF92A46694608A8F5F7E0
:102F5000E9F93A4669466846F5F7E4F908A91E9A80
:102F60000846F5F7DFF9224669466846F5F722FA82
:102F700008A932460846F5F71DFA6A46294628464A
:102F8000F5F7D0F96A46694610A8F5F7CBF96A4615
:102F900010A96846F5F7C6F910A922460846F5F7C4
:102FA000C1F908AA11462046F5F7BCF910AA214636
:102FB0002046F5F7FFF910AA21462046F5F7FAF961
:102FC0006A4621462046F5F7F5F910A9224608463B
:102FD000F5F7F0F910A908AA0846F5F7A3F9324663
:102FE00069466846F5F79EF96A4610A93046F5F736
:102FF000E1F919B0F0BD08B5FFF7ABFC003818BF18
:103000000120404208BD00B591B0024608A96846BB
:10301000F5F7E4F9002818BF6FF0010011B000BD0A
:1030200010B588B001466846F5F7A4F9202104469A
:103030006846F4F725FD002C0CBF20466FF0020017
:1030400008B010BD2B2904D0302912D06FF08500B4
:1030500070474FF47A714388B3FBF1F313604388F0
:10306000B3FBF1F001FB10339BB24B4353600020E4
:103070007047037913600023F8E741F26703984231
:103080000ADC40F67A53984208DD0F234000B0FB7B
:10309000F3F03530C0B270476420704700207047AD
:1030A00003460A4600681979012303FA01F103690E
:1030B0001B68194218BF82F0010212B18368DB68F5
:1030C000184783681B69FBE700692030FFF7BABF28
:1030D000F0B5047824F00204047004F00105E7B2AE
:1030E00004888D42C4F38D0609D1B24203DD6FF32B
:1030F0008F040480F0BDB61A66F38F04F9E7D3E9B4
:10310000001317F0010F18BF19468E4208D216445B
:10311000B6F5804FF0D343F6FF7363F38F04E8E70F
:1031200085F0010444F00204E3E70378DB0705D4EB
:103130000088032894BF00200120704701207047B9
:10314000007800F0010070470078C0F3400070473D
:1031500008B1D9F7DBBE7047704740B1C3685878F3
:1031600010F001001EBF1878B0FA80F040097047D7
:10317000EFF31183202383F31288BFF36F8FFEE7F1
:1031800008B5FFF7F5FF10B5D0E9003433B90020DA
:10319000E268537843F00103537010BD204698470E
:1031A0000028F4D00028B8BF4042E368FF28A8BF39
:1031B000FF201870ECE700F03DBD00F014BD704733
:1031C00000F10C03C0E90333F9F7C3B82DE9F04F60
:1031D00089B0DDE9125607463346924606A82A46CC
:1031E000059100F033FCDDE90634CDE90234EFF35C
:1031F00011844FF0200888F31288BFF36F8F059970
:1032000052463846F9F73CF830B184F31188BFF3E1
:103210006F8F09B0BDE8F08F3543F6D0DDE90223AA
:1032200006A800F03BFCDDE9065607F10C02CDE9EB
:103230000056214607F11400F6F7CAFAEFF311849D
:10324000D9E738B50546EFF31184202383F31288BC
:10325000BFF36F8FF8F7DDFF05F10C0000F067FB9F
:1032600030B1214605F11400BDE83840F6F72CBB1B
:1032700084F31188BFF36F8F38BD4169836843EAD7
:10328000010212F003020FD1C2600269013A01FB90
:10329000023382689A4201D900207047C2681A60DE
:1032A0004269C3609B1AF4E76FF0150070472DE97F
:1032B000F04105460F46EFF31188202383F312886F
:1032C000BFF36F8FC668F6B90468A0421BD0D4B1B3
:1032D000D4E9003213605A60637BA66023F00203D6
:1032E0006373C4E9006604F1180000F088FB20460F
:1032F000E667676100F0BBFA414605F10800BDE8EA
:10330000F041F6F7E1BA3E60AB69EF60013BAB61BB
:1033100088F31188BFF36F8FBDE8F08108B52024D2
:10332000EFF3118384F31288BFF36F8FFAF7F5FA86
:10333000F6E7D0E9003213605A60427B002322F0A6
:103340000202C0E90033427383607047C0E9022380
:1033500003FB02120023036280F82C3000F12403E7
:10336000C0E90521C0E90000C0E909330161C1617C
:103370007047F8B50546EFF31186202383F31288D2
:10338000BFF36F8F0468A04219D0C4B12046FFF785
:10339000D0FF04F1180000F032FB6FF02207E7675E
:1033A000204600F064FA2C68A54215D0A4B120464E
:1033B000FFF7BFFF04F1180000F021FBEFE7002347
:1033C00000222A62EA69AA6143B1314605F1080088
:1033D000BDE8F840F6F778BA0123F1E786F31188E3
:1033E000BFF36F8FF8BD90F90E308B4201D0F6F726
:1033F0001BBA0020704703460020C3E90200C3E95E
:1034000000337047D0E9003213605A60427B0023DA
:1034100022F00202C0E900334273836070472DE955
:10342000F843914604469DF820200D46EFF311879E
:10343000202181F31288BFF36F8F02B14568A6681F
:1034400004F10808B04515D0A6B13046FFF7DAFF01
:1034500006F1180000F0D3FA0023F367C6F81490C1
:10346000304600F004FA40463946F6F72DFA0020BF
:10347000BDE8F883ABB108210020F6F79DFE0028D7
:1034800037D00123C0F804900360027802F00302F1
:103490005DB9236813430360636820606BB96060A3
:1034A0000BE0C9F800304846EFE72B68032B16D82D
:1034B000026062686AB9C4E90000042104F11000E6
:1034C00000F06BFB0028CED187F31188BFF36F8F1C
:1034D000CEE7137803F0030303431360DFE723F021
:1034E0000303134303602B7803F00303184328609E
:1034F000E3E76FF00B00E7E710B5044630B1027860
:10350000930703D0446809B100F066FB204610BD64
:103510000023C0E9003300F10803C0E9023300F1E1
:103520001003C0E904337047F8B50546EFF311877F
:10353000202383F31288BFF36F8F846800F108069D
:10354000A6421AD06CB12046FFF75CFF04F11800C8
:1035500000F055FA0023E3676361204600F087F925
:103560000124082105F1100000F017FB38B934B927
:1035700087F31188BFF36F8FF8BD0024F1E7394658
:103580003046BDE8F840F6F79FB907B50123009330
:1035900000230A461946FFF742FF03B000BD07B5F6
:1035A00000230A4600931946FFF739FF03B000BD18
:1035B00000680021FFF7A0BF5AB18A4209D300F189
:1035C0001003C0E90212C0E90000C0E90433002082
:1035D00070476FF015007047704720B10022114608
:1035E000D03000F0D1B9704708B5C26822F00801A8
:1035F000C2F3C0031207C16005D5103000F0FFF917
:10360000B0FA80F35B09184608BDC3689A0718D45E
:1036100023F00401C1605907826812D5D2F8C8109E
:10362000C3F3400369B188421ED10168A3B9D2F83F
:10363000CC30C2F8C810984201D1C2F8CC10002397
:103640000360C26812F01F031DBF42F00202C26095
:1036500043F00200184670471960D2F8CC10884237
:1036600008BFC2F8CC30EAE70B460968DAE713B5C1
:10367000EFF31184202383F31288BFF36F8F0023AD
:10368000019350F8043C23F008021B0740F8042C77
:1036900005D58369019301A91038F5F7EBFD84F393
:1036A0001188BFF36F8F02B010BD10B510220C4609
:1036B000002100F0BFFA446010BD13B50190084628
:1036C000EFF31184202383F31288BFF36F8F01A9D6
:1036D000F5F7D0FD84F31188BFF36F8F02B010BDF2
:1036E00010B5FFF7EAFF041E08DDEFF31180202379
:1036F00083F31288BFF36F8FF6F7F8F8204610BDFA
:1037000070B50D46EFF31186202383F31288BFF3C3
:103710006F8FF5F7FFFD044686F31188BFF36F8FB7
:1037200038B14FF0FF324FF0FF3305F11000F5F7DD
:1037300063FC204670BD08B5E822002100F07AFA4B
:1037400008BD10B530220C46002100F073FA4FF48A
:1037500080724460C26010BD38B50546EFF3118435
:10376000202383F31288BFF36F8FFFF73DFF2846B6
:10377000FFF74BFF84F31188BFF36F8F38BDF8B5A7
:1037800004460D46EFF31187202383F31288BFF31D
:103790006F8FC36803F01F031E1E18BF01264BB1B5
:1037A000FFF722FF2046FFF730FF29462046F5F7B6
:1037B00043FD034687F31188BFF36F8F3BB14FF092
:1037C000FF324FF0FF3305F10800F5F715FC3046E6
:1037D000F8BDD0E9003213605A60427B002322F02A
:1037E0000202C0E90033427383607047EFF3058043
:1037F000003818BF012070476FF057007047D0E9BC
:10380000003213605A600023C0E90033704708B5E6
:10381000FFF7F5FF437B23F002034373002383602C
:1038200008BD38B504460D46F5F760FF637B43F0ED
:1038300002036373D5B1A5602B689D4209D16B6803
:10384000C4E900531C606C6010E06A689342F6D0D3
:103850001B68002BF3D093F90E1094F90E209142BF
:10386000F3DD5A68C4E9003214605C6038BD10B5FD
:10387000EFF31184202383F31288BFF36F8FF5F7E2
:10388000F5FE84F31188BFF36F8F10BD08B5EFF319
:103890001181202383F31288BFF36F8F83680BB1EC
:1038A000FFF7B5FF81F31188BFF36F8F08BD10B527
:1038B0000146EFF31184202383F31288BFF36F8F47
:1038C000437B03F0280343B983685BB94B7B23F048
:1038D00004034B730846F5F7C9FE84F31188BFF360
:1038E0006F8F10BDFFF793FFF0E701211838FFF746
:1038F000DEBF08B50346EFF31181202282F3128860
:10390000BFF36F8F0068834207D008B1FFF77FFFD6
:1039100081F31188BFF36F8F08BD0020F8E708B569
:10392000FFF7B4FFBDE80840183000F068B838B5BC
:1039300004680546AC424FF0000000D138BD002CB1
:10394000FCD02046FFF7EBFF2046FFF790FF2C68E6
:103950000120A542F1E738B50C460546F6F772F8A6
:10396000B4F1FF3F08BFB5F1FF3F1FBF47F6FF733C
:1039700000224FF47A71E0FB01321ABFD80B40EA03
:1039800042404FF0FF3038BD38B5EFF311852023AA
:1039900083F31288BFF36F8F0468A04212D09CB1EA
:1039A000E16762612046FFF732FF04F1180000F082
:1039B00026F82046F5F75AFE012085F31188BFF35B
:1039C0006F8F38BD0020F8E72046F6E710B5F6F710
:1039D00015FA0446F6F71AFA74B1D4E904321B1A40
:1039E00062EBE070B3F1004F70F1000204DA0028DE
:1039F000ACBF1846002010BD6FF00040FBE770B56B
:103A00000446EFF31185202383F31288BFF36F8FF1
:103A1000036893B1F6F7F2F906462046F6F700FA86
:103A2000B44204D1FFF7D2FF0021F1F795FC00204A
:103A300085F31188BFF36F8F70BD6FF01500F7E746
:103A400008B5F6F7D5FA08BDF6F7D2BAB3F1FF3FDD
:103A500008BFB2F1FF3F70B506461D46144617D0A9
:103A600055EA020318D0013275F1FF330ADA6FF01C
:103A700001031C1B4FF0FF3363EB0501C6E9004156
:103A8000304670BDF6F7B4FA041941EB0501F5E7CD
:103A90004FF0FF342146F1E70024FBE7B3F1FF3F8D
:103AA00008BFB2F1FF3FF8B5074616461D460FD0D6
:103AB00055EA020310D0F6F79BFAB0428C46A941B2
:103AC0000AD2321A65EB0C05C7E900253846F8BD65
:103AD0004FF0FF321546F7E70022FBE710B504462A
:103AE000FFF78DFFA8B9636A0BB12046984704F130
:103AF0001800FFF7FEFE60B1FFF7B9FEEFF311808B
:103B0000202383F31288BFF36F8FBDE81040F5F7D1
:103B1000EDBE10BD2DE9F041846805460E46D4B1D6
:103B20006378012B22D114F8533C9A0711D5A4F1E4
:103B300060073846FFF7F3FE082E14BF00236FF02E
:103B40000303E36114F8533CDB0602D13846FFF768
:103B50008EFE002323700023AB60EB68C3F3863234
:103B6000164366F39433EB60BDE8F081022BF0D18D
:103B70002378002BEDD054F8048CB8F1000FE8D076
:103B800004F11400FFF73BFFA4F114070023E362E4
:103B900039464046FFF791FDDBE738B5EFF3118575
:103BA000202383F31288BFF36F8F0468A04211D0E3
:103BB000D4E9003213605A600023C4E90033204680
:103BC000FFF7A8FF85F31188BFF36F8F201E18BF82
:103BD000012038BD0024F5E720B1011F50F8040C86
:103BE000FFF72FBB70470A44914200F1FF3300D129
:103BF000704710B511F8014B03F8014F9142F9D10C
:103C000010BD884210B501EB020402D9844223465C
:103C100007D8431EA14207D011F8012B03F8012F4A
:103C2000F8E70244824200D110BD13F8011D02F8EA
:103C3000011DF7E702440346934200D1704703F8A1
:103C4000011BF9E7022B10B509D0920803680C6834
:103C500040F8044B013A41F8043BF7D110BD029BF8
:103C6000022B09D0920803680C6840F8044B013A13
:103C700041F8043BF7D1F1E702440C78037800F8EF
:103C8000014B904201F8013BF7D1E7E7F8B50F4649
:103C9000164604461D4698470028314638460CDA39
:103CA000A847002802DA3C462046F8BD31462046A7
:103CB000A8470028F8DA3446F6E7A8470028F2DCDF
:103CC00031462046A8470028F5DAEDE72DE9F04F08
:103CD00097B016468207074602931AD1B30718D148
:103CE000B6F1040818BF4FF001080023039306FB48
:103CF00001F43B19062907EB060B04932AD8049B11
:103D00009B4512D3039B002B40F02B8117B0BDE8DD
:103D1000F08F4FF00208E8E7CDF8008043463246C6
:103D200029462046FFF78EFF0FE05C460EE0A51BFC
:103D3000029B214628469847002809DDB8F1000F6C
:103D4000EAD123682A6822602B602C46A742EED372
:103D5000B344D4E74FEA5109A41B072906FB0979AC
:103D60003C4422D0282945D9C90806FB01F5029B0D
:103D700007EB450279193846FFF788FF494609EBFA
:103D80000502029B8246481BFFF780FF2246029BEA
:103D90008146611BA4EB4500FFF778FF02464946C8
:103DA000029B5046FFF772FF8146B8F1000F24D105
:103DB0003B68D9F800203A60C9F80030D946A246DD
:103DC0005D460023A1453AD805933946029B4846F3
:103DD00098470028059B30DC0AD1B8F1000F15D1B7
:103DE0002B68D9F800202A60C9F800303544012337
:103DF000B144E7E72246BA46D1E7CDF80080434612
:103E0000324649463846FFF71DFFD7E7CDF8008018
:103E10004346324649462846FFF714FFE6E70BD1F2
:103E2000B8F1000F13D12368DAF800202260CAF835
:103E30000030AAEB060A0123A41BA14510D9002BD0
:103E400046D1049B9B45BFF45DAF5C463CE0CDF89A
:103E500000804346324651462046FFF7F3FEE8E72E
:103E600005933946029B204698470028059BD6DAE1
:103E7000B8F1000F07D1D9F800302268C9F8002046
:103E80002360A41BB3E7CDF80080434632462146A9
:103E90004846FFF7D7FEF4E7CDF8008043463246A8
:103EA00029462046FFF7CEFE0DE0A51B029B2146CA
:103EB00028469847002809DDB8F1000FECD12368A7
:103EC0002A6822602B602C46A742EED3B344B8E7A1
:103ED000A9EB050BEA1B5A45A8BF5A463AB1CDF8E3
:103EE00000804346A9EB02013846FFF7ABFE049B76
:103EF000A3EB0A02AAEB0404921BA24228BF2246AB
:103F00003AB10499CDF800804346891A4846FFF734
:103F100099FE049B5C45A3EB040505D823465C464B
:103F20009B462B463D461F46B34523D9BBFBF6F1C6
:103F3000039B072B0ED8B4FBF6F416AA02EBC303BF
:103F400043F8405C43F83C4C039B013303933D46EC
:103F50002F46CCE6029B32463846FFF7B7FEB44206
:103F60000BD8039B16AA013B039302EBC30353E94F
:103F70001051EDE7B4427FF6C5AEB4FBF6F1E7E7CA
:103F800010B501390244904201D1002005E00378C8
:103F900011F8014FA34201D0181B10BD0130F2E708
:103FA00010B56AB101398418027811F8013F9A42BC
:103FB00004D10130A04201D0002AF5D1D01A10BDA1
:103FC0001046FCE710B5024601448A42134603D06E
:103FD0001C780132002CF8D1181A10BD242AF8B52B
:103FE00004460E4601D8012A07D1F9F7CEFC162364
:103FF000036006B134600020F8BD0746394617F863
:10400000013B202BFAD0A3F109000428F6D92B2B71
:104010002BD02D2B2CD14FF0010C3B788F1C302B4B
:104020002DD1397841F02001782924D132F01001C6
:1040300021D17B783C461022023700205D1E45F0DE
:104040002005263D392B88BF2B46303B9A421AD992
:10405000A0FB020109B9C01801D34CF0020C39468B
:104060003C4611F8013B0F46E8E74FF0000CD4E75F
:104070004FF0000CD3E7002A08BF0822DDE7002A32
:1040800008BF0A22D9E706B134601CF0010F18BF3F
:1040900040421CF0020FAFD0F9F777FC22230360F7
:1040A0004FF0FF30A8E72DE9F84380460F46C3F1F3
:1040B000370903F01F0615464046394632460023AD
:1040C000D3F71EF8D4B259FA82F2C446D2B23B46B4
:1040D000092C88BF1446B44504F1300473F1000381
:1040E00005F8014B80460F46E6D22846BDE8F88326
:1040F0002DE9F04F89B005189A4604AB41EB010455
:10410000009390462846D2E90023214600F0A9F802
:1041100006AB0093D8E90223064689462846214685
:1041200000F09FF8DDE90437C4184F41069BD8E939
:1041300000124FF0000528BF0125ED18079B43F141
:104140000003711849EB0202B14272EB0902D8E98F
:10415000022134BF01200020A21847EB0101801882
:1041600041F10001A04271EB070234BF012200229D
:104170005219AAF1410BCDE90653CDF800B043F135
:10418000000300F085F8129BC3E90001D8F808206D
:104190000392DDE90653149AD8F80CE00293012A41
:1041A000D8E900C127D1039ACDF800B0A01A67EB77
:1041B0000E02664579EB010134BF01210021401A4E
:1041C00062F10001844277EB010234BF0122002238
:1041D000AA1A63F1000300F05BF8139BC3E9000126
:1041E000DDE90623CDF800B02046394600F050F84E
:1041F00009B0BDE8F08F16EB060849EB090022195B
:10420000134647EB0702B04570EB090934BF01269E
:1042100000269E1942F10002E0458841039B34BF0D
:1042200001200020301A62F10001C01A029B61EBEC
:104230000E016D195B41A64272EB070C34BF4FF0C3
:10424000010C4FF0000C15EB0C0543F10003864206
:104250008A4134BF01220022AA1AAAF14005009522
:10426000B7E7F0B500240D4606469446A0FB0201D0
:104270002246E5FB0C12A446E3FB061CE5FB0324E7
:1042800012EB0C02059F44F10004C7E90024F0BDC5
:10429000F0B5059CC4F14007C4F1200602FA06F609
:1042A000A4F12005BB4022FA05F53343C4F12006F2
:1042B0002B4301FA06F6A4F12005E04021FA05F5AA
:1042C0003043BA402843E14010431943F0BD2DE983
:1042D000F7438DED000BDDE90043DE0FC3F30A5514
:1042E000C3F3130354EA030C067140F2FF7769D15C
:1042F000002D71D12C462B46002905605EDB0C2970
:104300005EDCC1F10D05AD00012605F1FF3EA5F112
:10431000210CC5F1210726FA07F706FA0CFC06FA6C
:104320000EF64CEA070CB7194CEB0C09D7F1000854
:1043300069EB490E013F49F1FF39274009EA0309BA
:10434000BE427CEB09090FDBC5F12009B5F120075E
:1043500003FA09F924FA05F545EA09055CBF43FAB1
:1043600007F73D43ED0703D5A619344643EB0C038D
:1043700004EA080403EA0E030D260530C2F1270201
:1043800004F00F05240944EA03741B1165B9B14216
:104390000EDA013EF4D21BE01DB90125A5F2FF356E
:1043A000AAE743F48013F9E7AF18092DC8BF3D46CB
:1043B0003035B1428555B8BF3146EAE70021DBE729
:1043C0000D21D9E7BD42E7D146F00806067100216C
:1043D000084603B0BDE8F083BD42E2D146F00406D2
:1043E000F4E7D1E9043293421EBF5A1C0A611870E7
:0443F0007047000012
:0843F400402DFD7F01000000D7
:1043FC00D5CE0200000000003536040084450500CF
:10440C00758B040000000000998B04000000000074
:10441C0035450400B4450500354504009C450500B0
:10442C0025120500FC450500593B0400E445050038
:10443C00F1BB0200CC450500414E040014460500BA
:10444C004539040000000000F95104000000000090
:10445C0021CF020000000000000000006C450500A8
:10446C0089CC020000000000000000002C46050072
:10447C00000000005C4605000000000044460500FA
:10448C00231905008C46050023190500A4460500D8
:10449C00000000007446050091A802000000000016
:1044AC001DBE0200000000003920050000000000C5
:1044BC00BD90040000000000AD400400BC460500A7
:1044CC0065340400EC4605008D42040004470500E9
:1044DC0000000000D446050065D202000000000078
:1044EC00311A040000000000B98D02001C470500C1
:1044FC00610F050034470500610F05004C470500AE
:10450C00814804007C47050075870400AC47050012
:10451C00A14C040094470500C991020064470500B2
:10452C00C5A7020000000000B1A2020000000000BC
:10453C00D5A4020000000000099C0200000000004D
:10454C00099F020000000000C1A102000000000051
:10455C0051D604000000000011A802000000000069
:10456C006B7A050000000000E84F0500EF150020F5
:10457C000000000000000000B87E05009C6A0500E9
:10458C001C4A0500031600201854002000000000EF
:10459C000A7F0500486B0500C04905000D16002078
:1045AC00E054002000000000187F0500606B05003F
:1045BC00C04905000F160020EC540020000000003C
:1045CC00877C0500601A0020384A0500F915002088
:1045DC00C80B002000000000C77E05000000000092
:1045EC0088490500051600206C54002000000000CE
:1045FC00D77E05000000000080490500071600204A
:10460C000000000000000000607F0500B86B050092
:10461C009C4A050019160020D8140020C81400204C
:10462C00227B050007800500C8500500F11500200D
:10463C0000000000000000002B7B05000880050036
:10464C00C8500500F3150020000000000000000019
:10465C003E7B050000000000E0500500F515002031
:10466C000000000000000000477B0500F85005002A
:10467C00700F0020F7150020000000000000000063
:10468C002C7F0500A86B0500E449050013160020DB
:10469C0038550020000000003F7F0500B06B05007E
:1046AC00E4490500151600204C55002000000000C0
:1046BC00E67E0500B46A0500A8490500091600202D
:1046CC0014140020041400202C5A050000000000D3
:1046DC00104A0500FB1500207C3E00200000000065
:1046EC00AB7E050000000000744905000116002097
:1046FC0000000000F4130020F07E05000000000014
:10470C00904905000B16002000000000000000007E
:10471C00EB770500384F0500884F0500EB1500209E
:10472C00800A002000000000947E0500486A050005
:10473C00786A0500FD1500204849002000000000A3
:10474C00947E0500606A0500786A0500FF1500205C
:10475C006049002000000000277A0500B44F0500D6
:10476C0000000000ED1500200000002000000000FB
:10477C00267F0500786B05009C6B05001116002048
:10478C00C00E00204C140020527F050000000000D9
:10479C00F4490500171600206055002000000000A9
:1047AC00B67F05009C750500B07505001B16002032
:0847BC009C1500200000000024
:1047C400B71E05004B1D05000000000005D90400BC
:1047D40014460500551B05000000000005D904001F
:1047E4000000000005D904000000000005D9040001
:1047F400C95E04004B1D0500EC460500B9340400F5
:104804000000000005D904000000000005D90400E0
:104814000000000005D90400000000007DE9030049
:1048240094470500114C04006C540020CD3B040057
:1048340000000000251804000000000005D9040051
:104844000000000005D904000000000089520400A3
:104854000000000005D904000000000005D9040090
:104864000000000005D904000000000005D9040080
:104874000000000005D904000000000005D9040070
:1048840000000000ADE903000000000005D90400A9
:104894000000000005D904000000000005D9040050
:1048A4000000000005D904000000000005D9040040
:1048B4000000000005D904000000000005D9040030
:1048C4000000000005D904000000000005D9040020
:1048D4000000000005D904000000000005D9040010
:1048E4000000000005D904000000000005D9040000
:1048F4000000000005D90400DD2804004B1D05005C
:104904000000000005D90400316904004B1D0500B6
:104914000000000005D904000000000005D90400CF
:104924000000000005D904000000000005D90400BF
:104934000000000005D904000000000005D90400AF
:10494400302900200089002000040000DD18040044
:104954000000000000000000000000000000000053
:10496400000000008E7E0500000000000000000032
:0C49740099310400D53204005802000004
:104980002912050000000000053B0400553A040010
:10499000A5140500B9440400A143040085420400A5
:1049A0007114050075420400953D04008D3C04001F
:1049B000D13E0400693C0400F7120500593C040094
:1049C00081450400CD140500DB140500F314050037
:1049D000FF1405000B1505005D47040025150500B3
:0449E00000000000D3
:1049E4008D180500A3180500D31805000319050048
:1049F400000000000000000000000000294C04003A
:0C4A0400E54B0400000000000000000072
:0C4A1000E975020025590300555B030006
:104A1C008D3604008F110500F31105000000000015
:0C4A2C002B11050000000000000000003D
:104A3800000000000000000000000000000000006E
:104A48000000000000000000DDD5040039BC0200B1
:104A58000000000023D504003BD50400A9BA0200D9
:104A680097D5040089BA0200C3D40400CDD4040049
:104A780069BA0200EBD4040000000000F5D4040079
:104A8800000000000000000003D50400EFD504007A
:104A98001BD504000000000000000000000000001A
:104AA8000000000000000000000000004D19050093
:104AB800F94E04003F190500E14C04002F190500C8
:104AC800DF1A0500731905009B190500CF190500A9
:104AD800DF1905000F1A05001B1A0500DF1905006C
:104AE800FF190500271A0500351A0500431A0500A5
:084AF800751A0500791A05008A
:104B000005000000E5F902000000000006000000BA
:104B1000FD1A0300000000000400000095FE0200E2
:044B20000000000091
:104B24006455050008000000045605000700000055
:104B340028530500050000009C52050007000000F2
:084B4400205105000D000000E6
:104B4C000E7D0500000000000000000059CF02009F
:104B5C00B9D10200000000006B7E050001000000CE
:104B6C0000000000B1FA040000000000000000008A
:104B7C007A7E0500010000000000000019FF04000F
:104B8C000000000000000000727E05000100000023
:104B9C00000000009D0903009913030000000000B1
:104BAC00867E05000100000000000000750C050069
:104BBC00F128030000000000807E050001000000C9
:104BCC0000000000AD0C0300C10D0300000000004C
:104BDC00817A05000000000000000000B99E020070
:084BEC000000000000000000C1
:104BF40000000000FD9B0200000000006447050067
:084C0400C1A002000000000045
:104C10000000000003000000A0000000F000000001
:104C20000000000000010602010000000001020176
:104C300004040404FF000000FF000000FF00000067
:104C4000FF000000FF000000FF000000022A48C231
:104C5000B1CFC567C9077196000600000000C20108
:104C60000000000801030062746C65000000000091
:104C70000000000000000000000000000000000034
:104C80000000000000000000000000000000000024
:104C90000000000000000000000100000000000013
:104CA0000338FDD87047000001000000000000003C
:104CB00005000000000000001900000000000000D6
:104CC0007D000000000000007102000000000000F4
:104CD000350C000000000000093D0000000000004D
:104CE0002D31010000000000E1F50500000000008A
:104CF00065CD1D0000000000F902950000000000D5
:104D0000DD0EE90200000000514A8D0E0000000097
:104D10009573C24800000000E941CC6B010000001F
:104D20008D49FD1A07000000C16FF28623000000C4
:104D3000C52EBCA2B1000000D9E9AC2D780300005B
:104D40003D9160E45811000031D6E275BC56000078
:104D5000F52E6E4DAEB10100C9EA268367780800D2
:104D6000ED95C28F055A2A00A1EDCCCE1BC2D3000F
:104D700025A4000A8BCA22040000000000000000E5
:104D80000000000000000010000000000000000013
:104D9000B9340332B7F4AD1410DB1AB30892540ED1
:104DA0000D307D951447BA1A66088F4D26ADC66D35
:104DB000F598BF85E2B74511CA96853D92BD1DEBBA
:104DC000FCA11860DCEF52163C92AE220BB8C1B4C5
:104DD000839D2D5B0562DA1C304C7E8F4E8BB25B5F
:104DE00016F4529F8B56A512FBD4827643ED8AF0BF
:104DF0008FE7F9311565191850F19BD94A13EEB4B4
:104E0000284CF0A686C1251F035FC270CB9E4916B1
:104E1000E642889C44EB2014B0650836AD6EA5854B
:104E200085F0CA14E2FD031A0B899979D5B13D09C1
:104E3000D8DA973A35EBCF10AC363F5E73BB38CF3C
:104E40003E6752FA44AFBA150100000000000000AE
:104E50000000000000000020345065C05FC9A65269
:104E6000BB13CBAEC440C21806C8DF7100D5A87C06
:104E7000F56F0FDA58FC27136E4756357D242065F1
:104E800002C7E768E48CA41DE9E60268D7CD396162
:104E90007977FCC2405BEF16798CDE43FFA751F9AE
:104EA00091F3B278F5BDBE11E857E9D6E8BEE87BCC
:104EB000B054AC8F848D751BEA23A499E9F9D38B88
:104EC000B7A3714061DA3E15CEE33ECB73F94808D3
:104ED0008C97B427D51B7010A2BFEFB9EB853215A4
:104EE0004DB44DB49BBB6F1996B6076CF8E7EEADA9
:104EF00036D9B4F59135AE13222218AF4E6A684DFB
:104F000091DAAA3D4F40741E9FBD9EE006A1C09855
:104F100057C2A7FDA40E90170E7D497173E3208F31
:104F2000B220D87605143B12853D7434811343B00A
:104F3000AD297A5F27F4351C0000000014460500F7
:104F40009C4505000B0000009C4505000C0000007E
:104F50005C4F05000100000001000000002000403F
:104F6000684F050002000000804F050002000000AD
:104F7000784F0500020100001B0000001F00000127
:104F80001B0000002C00000199B804005BB804006D
:104F9000B1B90400A9B8040087B804004B7A050031
:104FA0004F7A0500547A0500597A05005D7A0500AC
:104FB000617A05001C4705000000000000000000A9
:104FC000000000000000000000000000640000007D
:104FD00000000000FFFFFFFFFF000000FF000000D7
:104FE000FF00000000000000A9BC0400B99B020003
:104FF000899B02007D9B0200D9BC0400085005007B
:1050000025000000040A0500010000000200000065
:10501000030000000400000005000000060000007E
:105020000700000008000000090000000A0000005E
:105030000B0000000C0000000D0000000E0000003E
:105040000F0000001000000011000000120000001E
:1050500013000000140000001500000016000000FE
:105060001700000018000000190000001A000000DE
:105070001B0000001C0000001D0000001E000000BE
:105080000000000000000000000000001F00000001
:10509000200000002100000022000000927A05009C
:1050A000FC4F05007C4705000000000000000000E8
:1050B000000000009A7A0500C07A0500DB7A05003E
:1050C000F67A0500077B05000100000000000000E3
:1050D00037BD0400000000000000000000000000D8
:1050E0000200000085A0020031A002008BBD040078
:1050F00000000000000000000200000004000000AA
:105100000000010001000000537B0500787B0500D2
:10511000DDA10200927B0500B67B050000000000C7
:10512000AC76050019FC0400000000009180050029
:1051300000000100A8760500350005000000000011
:10514000DC0F0020000001006F8005005DA202005E
:10515000000000002D5D002000000400A476050082
:10516000EBFB0400B10E0300C40F002000000C0094
:10517000A07605003500050000000000BC0F0020EF
:10518000000001004D8005000000000023BE040067
:10519000195D0020000008009C760500CDBD0400CC
:1051A00000000000CD1500200000010098760500E9
:1051B0003500050000000000B40F002000000100D1
:1051C0002B8005000000000000000000000000002F
:1051D0000000040094760500EBFB0400B10E030010
:1051E0009C0F002000000C00907605002DA202000C
:1051F0000000000000000000000001008C760500A7
:105200003500050000000000940F002000000100A0
:1052100009800500E5BD040079A20200000000003D
:1052200000000C0069A3020049A5020069A4020065
:105230005DA4020001010000E01500200202000050
:10524000DE15002007100000CE150020E9BF040085
:10525000357C050000000000040000000000000094
:10526000000000000070020004470500010000007B
:105270000070020000500C0004470500020000000E
:1052800000C00E000080000004470500030000007D
:1052900000400F0000C0000004470500D87605005C
:1052A00019FC040000000000D47605000000010095
:1052B000D07605003500050000000000E410002055
:1052C00000000100C87605001DD6040000000000A3
:1052D000F77F050000000100C476050035000500D9
:1052E00000000000DC10002000000100BC7605007A
:1052F0001DD6040000000000A37C05000000010092
:10530000B87605003500050000000000D41000202C
:1053100000000100B07605004DBE02000000000054
:10532000E215002000000100F476050019FC0400DD
:1053300000000000F076050000000100EC7605009A
:1053400035000500000000000411002000000100ED
:10535000E476050069BE02000000000000000000C5
:1053600000000100E0760500EBFB0400B10E030035
:10537000EC10002000000300DC760500A100050011
:1053800000000000F8760500000001000000002089
:105390000000000000000B0602000000A053050002
:1053A00000000000AF7C0500260002020000002083
:1053B000B77C050022000B117DCD0200000000002B
:1053C000BFD90400B8530500D05305004A000000BF
:1053D00000AB0020B8530500E05305002E0000008C
:1053E000F8AF0020B8530500F0530500020100009B
:1053F000D8B000200E030000DDDD02000F04000025
:1054000019DE02001A01000095DD04000504000009
:10541000A5D302001301000091DF0400FF0100008A
:105420001DD402003E0100003DD40200050400002E
:1054300009DE04000804000011E10400300300004C
:10544000ABE004001001000049DE0400011200007E
:1054500061DD02000A1E00006FE304000309000082
:1054600051DE0400040B0000C5DE0400060A000043
:105470005FE20400070A000031DE04000C050000B2
:1054800033E00400050C00009DE10400B853050062
:105490009854050047000000F8B10020B8530500FB
:1054A000A85405000000000024B30020B8530500F4
:1054B000B85405004A0000004CB300202BED040056
:1054C0002DED0400000000000000000000000000BE
:1054D0004BEF04000000000000000000000000008E
:1054E00000000000020201005FF804000404010053
:1054F0008107030006060100C50603000804010039
:10550000B10503000A02010049F804000C0401007F
:1055100033F804000E0401008D0403002004010090
:10552000F903030010040100090303001202010043
:1055300073F70400160401002FF0040018010100A5
:105540005FF504001E00040077F904005202000019
:1055500099F70400B8530500605505004C000000A1
:10556000A4B400202C77050019FC04000000000002
:1055700028770500000001002477050035000500AC
:105580000000000030120020000001001C77050020
:10559000000000000000000000000000000000000B
:1055A00018770500EBFB0400B10E03003812002051
:1055B000000003001477050035000500000000001E
:1055C00028120020000001000C77050051FC0400A7
:1055D00053FE0400000000000000030008770500EF
:1055E000350005000000000020120020000001002E
:1055F00000770500A5120300000000000000000075
:10560000000001005877050019FC040000000000AC
:1056100054770500000001005077050035000500B3
:105620000000000060120020000001004877050023
:1056300081FC0400C3FA0400E80D0020000009000A
:1056400044770500350005000000000058120020D6
:10565000000001003C770500ABFC040000000000E6
:10566000000000000000010038770500350005004B
:1056700000000000501200200000010030770500FB
:10568000390D0300000000000000000000000100D0
:10569000C91F0300A30A05005127030000000000F2
:1056A00000000000B1250300000000000000000021
:1056B00000000000000000000000000000000000EA
:1056C0008920030006000000BD0705000600000059
:1056D0005F07050010000000211C030010000000FF
:1056E0005B0A0500010000000F0405001000000027
:1056F000B90705000A000000ED04050010000000D5
:105700003926030007000000C10705001000000053
:105710009304050001000000211F03004000000069
:105720000707050010000000E1040500010000006B
:10573000574553545F544F504449522F7A6570680F
:1057400079722F7375627379732F626C7565746FDC
:105750006F74682F636F6E74726F6C6C65722F74E8
:1057600069636B65722F7469636B65722E630000E9
:105770007469636B65725F726573636865642D3EFF
:105780007469636B735F746F5F65787069726520AD
:105790003D3D203055000000415353455254494F80
:1057A0004E204641494C205B25735D2040202573E7
:1057B0003A25640A0000000028287469636B65724A
:1057C0005F72657363686564292D3E6578745F64F4
:1057D0006174612026262028287469636B65725FD6
:1057E00072657363686564292D3E6578745F6461D2
:1057F00074612D3E7469636B735F736C6F745F7754
:10580000696E646F7720213D203055292900000002
:10581000574553545F544F504449522F7A6570682E
:1058200079722F7375627379732F626C7565746FFB
:105830006F74682F636F6E74726F6C6C65722F6C0F
:105840006C5F73772F756C6C2E630000216572722C
:105850000000000072780000756C6C5F7265665F16
:1058600067657428756C6C5F6864722900000000BD
:105870003000000072656C65617365203D3D2064F9
:105880006F6E65002172657476616C0064656C747E
:1058900061203C3D2030207C7C206D656D5F6C6913
:1058A0006E6B5F72782E71756F74615F70647520B6
:1058B0003C20282833202B2030202B203129202B5E
:1058C000202832202A20283129292900636F6E6E72
:1058D0005F6C6C6C0000000021636F6E6E5F6C6C1F
:1058E0006C2D3E6C696E6B5F74785F6672656500E7
:1058F0006D656D715F6C696E6B00000072782D3E96
:105900006864722E7479706520213D204E4F4445A5
:105910005F52585F545950455F4E4F4E450000004E
:105920002163632D3E7374617475730072785F66D2
:105930007265652D3E6864722E7479706520213D14
:10594000204E4F44455F52585F545950455F4E4F6B
:105950004E45000021636F6E6E2D3E6C6C6C2E6C9C
:10596000696E6B5F74785F667265650074780000BD
:1059700021726574000000006C6F6F700000000001
:10598000574553545F544F504449522F7A657068BD
:1059900079722F7375627379732F626C7565746F8A
:1059A0006F74682F636F6E74726F6C6C65722F6C9E
:1059B0006C5F73772F6C6C6C5F636F6D6D6F6E2EA9
:1059C0006300000021657272207C7C206572722069
:1059D0003D3D202D31313900574553545F544F50D0
:1059E0004449522F7A65706879722F7375627379A2
:1059F000732F626C7565746F6F74682F636F6E744C
:105A0000726F6C6C65722F6863692F6863695F647D
:105A100072697665722E630042542052582070726B
:105A200069000000425420525800000062745F6810
:105A300063695F636F6E74726F6C6C6572000000F7
:105A40005A6570687972204F532076342E312E308B
:105A500000000000574553545F544F504449522FA3
:105A60007A65706879722F7375627379732F626CBF
:105A70007565746F6F74682F636F6E74726F6C6C82
:105A800065722F6863692F6863692E6300000000E8
:105A90002828282875696E747074725F74296E6F77
:105AA0006465292025205F5F616C69676E6F6628D9
:105AB000737472756374206E6F64655F72785F6370
:105AC000632929203D3D203029000000282828286E
:105AD00075696E747074725F74296E6F64652920C5
:105AE00025205F5F616C69676E6F662873747275DD
:105AF0006374206E6F64655F72785F637529292017
:105B00003D3D203029000000574553545F544F500D
:105B10004449522F7A65706879722F737562737970
:105B2000732F626C7565746F6F74682F636F6E741A
:105B3000726F6C6C65722F6C6C5F73772F756C6C09
:105B40005F6164762E63000068616E646C65203C62
:105B50002031000028726574203D3D203029207CD2
:105B60007C2028726574203D3D2032290000000011
:105B70006164762D3E6C696E6B5F63635F66726510
:105B8000650000006164762D3E6E6F64655F72781B
:105B90005F63635F66726565000000002168647280
:105BA0002D3E64697361626C65645F63620000002E
:105BB000737461747573203D3D2030207C7C2070AF
:105BC0006172616D203D3D20756C6C5F646973612D
:105BD000626C655F6D61726B5F6765742829207CFC
:105BE0007C2028636F6E6E65637461626C6520262D
:105BF0002620216164762D3E6C6C6C2E636F6E6E78
:105C000029207C7C20300000216C6C6C2D3E6C695E
:105C10006E6B5F74785F6672656500006D61726BB4
:105C2000203D3D206164760021657272207C7C20DD
:105C300028657272203D3D202D3132302900000050
:105C40007265660028726574203D3D203029207CF5
:105C50007C2028726574203D3D203229207C7C20E8
:105C60002866705F6F705F66756E63203D3D20280B
:105C700028766F6964202A29302929007064752DDF
:105C80003E6C656E203E3D205F5F6275696C746995
:105C90006E5F6F66667365746F66202873747275C5
:105CA0006374207064755F6164765F6164765F69B8
:105CB0006E642C20646174612900000057455354C0
:105CC0005F544F504449522F7A65706879722F7330
:105CD00075627379732F626C7565746F6F74682F5A
:105CE000636F6E74726F6C6C65722F6C6C5F737720
:105CF0002F756C6C5F636F6E6E2E630074785F62DD
:105D00007566000072782D3E6864722E6C696E6B49
:105D100000000000737461747573203D3D203000F5
:105D2000737461747573203D3D2030207C7C20703D
:105D30006172616D203D3D20756C6C5F75706461B2
:105D400074655F6D61726B5F6765742829207C7C68
:105D500020706172616D203D3D20756C6C5F6469DF
:105D60007361626C655F6D61726B5F676574282932
:105D70000000000070203D3D20706172616D0000E8
:105D8000287469636B65725F737461747573203D09
:105D90003D203029207C7C20287469636B65725F0C
:105DA000737461747573203D3D203229000000003A
:105DB000657272203D3D2030207C7C20657272200F
:105DC0003D3D202D3132300009706172616D313AF4
:105DD00020257520706172616D323A2025750A00A8
:105DE000636F6E6E2D3E6C6C6C2E68616E646C65BC
:105DF00020213D20307846464646000028746963DD
:105E00006B65725F737461747573203D3D2030293A
:105E1000207C7C20287469636B65725F7374617485
:105E20007573203D3D203229207C7C202828766F08
:105E30006964202A29636F6E6E5F6C6C203D3D2083
:105E4000756C6C5F64697361626C655F6D61726BC8
:105E50005F676574282929006C6C6C5F747800009A
:105E60007064755F74782D3E6C656E00216C696E90
:105E70006B2D3E6E65787400574553545F544F50F8
:105E80004449522F7A65706879722F7375627379FD
:105E9000732F626C7565746F6F74682F636F6E74A7
:105EA000726F6C6C65722F6C6C5F73772F756C6C96
:105EB0005F6C6C63705F656E632E63006E7466006A
:105EC000574553545F544F504449522F7A65706878
:105ED00079722F7375627379732F626C7565746F45
:105EE0006F74682F636F6E74726F6C6C65722F6C59
:105EF0006C5F73772F756C6C5F6C6C63705F706830
:105F0000792E63006E74662D3E6864722E7479700B
:105F100065203D3D204E4F44455F52585F545950D7
:105F2000455F52455441494E000000006374782D8E
:105F30003E6E6F64655F7265662E747800000000C7
:105F40006374782D3E646174612E70752E6E746674
:105F50005F646C655F6E6F6465000000636F6E6EFA
:105F60002D3E6C6C6C2E726F6C65203D3D20307840
:105F700030310000574553545F544F504449522F1D
:105F80007A65706879722F7375627379732F626C9A
:105F90007565746F6F74682F636F6E74726F6C6C5D
:105FA00065722F6C6C5F73772F756C6C5F6C6C63B4
:105FB000702E63006374782D3E6F776E65720000FB
:105FC0006374782D3E6E6F64655F7265662E7278BD
:105FD0000000000063747800574553545F544F50DD
:105FE0004449522F7A65706879722F73756273799C
:105FF000732F626C7565746F6F74682F636F6E7446
:10600000726F6C6C65722F6C6C5F73772F756C6C34
:106010005F6C6C63705F636F6D6D6F6E2E630000FD
:106020006374782D3E70726F63203D3D2050524F57
:10603000435F5445524D494E415445006374782D99
:106040003E70726F63203D3D2050524F435F44418C
:1060500054415F4C454E4754485F55504441544568
:1060600000000000574553545F544F504449522F8D
:106070007A65706879722F7375627379732F626CA9
:106080007565746F6F74682F636F6E74726F6C6C6C
:1060900065722F6C6C5F73772F756C6C5F6C6C63C3
:1060A000705F6C6F63616C2E630000006374782016
:1060B000213D202828766F6964202A293029000094
:1060C0006374785F686561646572203D3D20637428
:1060D000780000006374782D3E6E6F64655F7265B2
:1060E000662E7278203D3D202828766F6964202A2C
:1060F000293029207C7C206374782D3E6E6F646586
:106100005F7265662E72782D3E6864722E747970A7
:106110006520213D204E4F44455F52585F545950F1
:10612000455F52455441494E0000000057455354C5
:106130005F544F504449522F7A65706879722F73BB
:1061400075627379732F626C7565746F6F74682FE5
:10615000636F6E74726F6C6C65722F6C6C5F7377AB
:106160002F756C6C5F6C6C63705F636F6E6E5F75C8
:1061700070642E63000000006374782D3E6E6F64BF
:10618000655F7265662E7278203D3D202828766F07
:106190006964202A29302900574553545F544F50D1
:1061A0004449522F7A65706879722F7375627379DA
:1061B000732F626C7565746F6F74682F636F6E7484
:1061C000726F6C6C65722F6C6C5F73772F756C6C73
:1061D0005F6C6C63705F63686D752E630000000018
:1061E000574553545F544F504449522F7A65706855
:1061F00079722F7375627379732F626C7565746F22
:106200006F74682F636F6E74726F6C6C65722F6C35
:106210006C5F73772F756C6C5F6C6C63705F72650D
:106220006D6F74652E630000574553545F544F5093
:106230004449522F7A65706879722F737562737949
:10624000732F626C7565746F6F74682F636F6E74F3
:10625000726F6C6C65722F6C6C5F73772F756C6CE2
:106260005F7065726970686572616C2E6300000012
:106270007469636B65725F737461747573203D3DFF
:106280002030000073746174757320213D2031202B
:106290007C7C20706172616D203D3D20756C6C5F6F
:1062A00064697361626C655F6D61726B5F67657471
:1062B00028290000574553545F544F504449522FEA
:1062C0007A65706879722F7375627379732F626C57
:1062D0007565746F6F74682F636F6E74726F6C6C1A
:1062E00065722F6C6C5F73772F756C6C5F66696C71
:1062F0007465722E63000000726C5F696478203CE4
:1063000020380000726C5B726C5F6964785D2E747B
:10631000616B656E00000000726C5B726C5F69649B
:10632000785D2E727061735F726561647900000040
:106330006465766D617463685F6964203C20282819
:1063400073697A655F742920282828696E7429206A
:1063500073697A656F6628636861725B31202D20EE
:1063600032202A202128215F5F6275696C74696E72
:106370005F74797065735F636F6D70617469626C6F
:10638000655F70285F5F747970656F665F5F286610
:10639000616C292C205F5F747970656F665F5F2880
:1063A000262866616C295B305D2929295D29202D0D
:1063B000203129202B202873697A656F6628666151
:1063C0006C29202F2073697A656F66282866616CB6
:1063D000295B305D292929290000000066616C5B7A
:1063E0006465766D617463685F69645D2E74616B6A
:1063F000656E00006465766D617463685F69642032
:106400003C20282873697A655F7429202828286928
:106410006E74292073697A656F6628636861725BA0
:1064200031202D2032202A202128215F5F627569CA
:106430006C74696E5F74797065735F636F6D7061A2
:106440007469626C655F70285F5F747970656F66F0
:106450005F5F28726C292C205F5F747970656F66AE
:106460005F5F282628726C295B305D2929295D2908
:10647000202D203129202B202873697A656F66280A
:10648000726C29202F2073697A656F662828726CD8
:10649000295B305D2929292900000000726C5B69A5
:1064A0005D2E74616B656E0069726B6D61746368FB
:1064B0005F6964203C20706565725F69726B5F6321
:1064C0006F756E740000000069203C2038000000E9
:1064D000574553545F544F504449522F7A65706862
:1064E00079722F7375627379732F626C7565746F2F
:1064F0006F74682F636F6E74726F6C6C65722F6C43
:106500006C5F73772F6E6F726469632F6C6C6C2F86
:106510006C6C6C2E63000000707265656D70745F4A
:10652000726571203D3D20707265656D70745F61AC
:10653000636B0000707265656D70745F7374617277
:10654000745F72657120213D20707265656D707495
:106550005F73746172745F61636B00007072656574
:106560006D70745F73746F705F72657120213D2070
:10657000707265656D70745F73746F705F61636B6B
:1065800000000000707265656D70745F7265712047
:10659000213D20707265656D70745F61636B0000F2
:1065A000707265656D70745F61636B20213D207052
:1065B0007265656D70745F7265710000726561640B
:1065C000792D3E707265706172655F706172616D88
:1065D0002E706172616D203D3D20706172616D00B1
:1065E0006974657200000000657272203D3D202DC7
:1065F0003134300021706172616D00002170617270
:10660000616D207C7C206E65787400006576656E17
:10661000742E637572722E61626F72745F636200B2
:106620006576646F6E650000657272203E3D2030B5
:10663000000000006E657874000000002172656142
:106640006479207C7C202672656164792D3E7072AD
:1066500065706172655F706172616D203D3D207093
:106660007265706172655F706172616D000000003B
:10667000574553545F544F504449522F7A657068C0
:1066800079722F7375627379732F626C7565746F8D
:106690006F74682F636F6E74726F6C6C65722F6CA1
:1066A0006C5F73772F6E6F726469632F6C6C6C2FE5
:1066B0006C6C6C5F6164762E630000006E6F6465C5
:1066C0005F72780021726164696F5F69735F7265E0
:1066D0006164792829000000700000006368616E21
:1066E00000000000706475007363616E5F70647514
:1066F000000000000925733A2041637475616C2025
:106700004556454E545F4F564552484541445F53A8
:10671000544152545F5553203D2025750A00000016
:10672000574553545F544F504449522F7A6570680F
:1067300079722F7375627379732F626C7565746FDC
:106740006F74682F636F6E74726F6C6C65722F6CF0
:106750006C5F73772F6E6F726469632F6C6C6C2F34
:106760006C6C6C5F636F6E6E2E63000021726164EF
:10677000696F5F69735F6164647265737328290070
:10678000646F6E65000000006C6C6C2D3E68616E7D
:10679000646C6520213D2030784646464600000066
:1067A000574553545F544F504449522F7A6570688F
:1067B00079722F7375627379732F626C7565746F5C
:1067C0006F74682F636F6E74726F6C6C65722F6C70
:1067D0006C5F73772F6E6F726469632F6C6C6C2FB4
:1067E0006C6C6C5F7065726970686572616C2E6349
:1067F00000000000574553545F544F504449522FF6
:106800007A65706879722F7375627379732F626C11
:106810007565746F6F74682F636F6E74726F6C6CD4
:1068200065722F6C6C5F73772F6E6F726469632F64
:1068300068616C2F6E7266352F636E74722E630002
:106840005F726566636F756E740000005745535440
:106850005F544F504449522F7A65706879722F7394
:1068600075627379732F626C7565746F6F74682FBE
:10687000636F6E74726F6C6C65722F6C6C5F737784
:106880002F6E6F726469632F68616C2F6E7266354C
:106890002F6D6179666C792E630000005745535463
:1068A0005F544F504449522F7A65706879722F7344
:1068B00075627379732F626C7565746F6F74682F6E
:1068C000636F6E74726F6C6C65722F6C6C5F737734
:1068D0002F6E6F726469632F68616C2F6E726635FC
:1068E0002F7469636B65722E6300000075736572A7
:1068F0005F6964203C2073697A656F662863616C08
:106900006C65725F69645F6C7574290063616C6C9F
:1069100065725F696420213D203000005745535463
:106920005F544F504449522F7A65706879722F73C3
:1069300075627379732F626C7565746F6F74682FED
:10694000636F6E74726F6C6C65722F6C6C5F7377B3
:106950002F6E6F726469632F68616C2F6E7266357B
:106960002F6563622E630000519E0300619E030049
:10697000719E0300819E03000000000000000000E3
:10698000919E0300319F0300A19E030000000000C0
:10699000619F030000000000B19E0300419F0300BF
:1069A00000000000C19E0300B19F0300D19E0300C0
:1069B000719F0300819F0300919F0300A19F03002B
:1069C000C19F0300D19F0300E19E0300000000006F
:1069D00000000000000000000000000000000000B7
:1069E000519F030008020B020A0305020000000089
:1069F0000000000002020000060200000403000084
:106A00000000090300000000010300000C03000067
:106A1000070300000000000000000000F401FA007D
:106A2000960064004B0032001E0014007072657006
:106A30006172655F63620000707265706172655FAC
:106A400063620000010304056C45050000000000BE
:106A50000100000000000000000000000000000035
:106A6000A446050000000000010000000000000036
:106A70000000000000000000750E0500370F050043
:106A8000CB0E05007F0E05009B0F0500D11B0400F7
:106A9000F1350400C1350400000000004537040052
:106AA000C536040013120500191205000400000089
:106AB00000FF0000000000000000000000000000D7
:106AC00000000000000000000000000000000000C6
:106AD0000000000000000000F401000000010100BF
:106AE0000000200085601500EC6A0500009002405F
:106AF000F86A050002000000206B05000600000097
:106B0000086B0500060100001580001D1480001FA1
:106B10001880002016800021178000221986001E90
:106B20001500001D1400001F180000201600002191
:106B3000170000221900001E2000000000000100C4
:106B40000400000000FF0000FFFF000000030050F1
:106B50000000000001000000006000400000000094
:106B6000FFFFFFFF000000500000000000000000D9
:106B700000600040000000005C14002005000000E0
:106B800005000000050000000400000005000000F2
:106B9000010000000A0000000100000023160500AB
:106BA000EB1705003B180500200500400100000020
:106BB0001C05004001000000002000400100000012
:106BC00000000000D46B05000024F4001A5E0020D1
:106BD000195E002000200040E06B0500020000006C
:106BE000F86B050002000000F06B050002010000D8
:106BF0001B0000001F0000011B0000002C00000112
:106C00000100000002000000040000000800000075
:106C10001000000020000000400000008000000084
:106C20001B0000003600000051F4A7507E41655360
:106C30001A17A4C33A275E963BAB6BCB1F9D45F159
:106C4000ACFA58AB4BE303932030FA55AD766DF6B2
:106C500088CC7691F5024C254FE5D7FCC52ACBD7D9
:106C600026354480B562A38FDEB15A4925BA1B6729
:106C700045EA0E985DFEC0E1C32F7502814CF0120B
:106C80008D4697A36BD3F9C6038F5FE715929C954A
:106C9000BF6D7AEB955259DAD4BE832D587421D347
:106CA00049E069298EC9C84475C2896AF48E797829
:106CB00099583E6B27B971DDBEE14FB6F088AD172C
:106CC000C920AC667DCE3AB463DF4A18E51A31823A
:106CD0009751336062537F45B16477E0BB6BAE84FC
:106CE000FE81A01CF9082B94704868588F45FD1947
:106CF00094DE6C87527BF8B7AB73D323724B02E2FE
:106D0000E31F8F576655AB2AB2EB28072FB5C20396
:106D100086C57B9AD33708A5302887F223BFA5B252
:106D200002036ABAED16825C8ACF1C2BA779B49253
:106D3000F307F2F04E69E2A165DAF4CD0605BED59F
:106D4000D134621FC4A6FE8A342E539DA2F355A0EF
:106D5000058AE132A4F6EB750B83EC394060EFAAAB
:106D60005E719F06BD6E10513E218AF996DD063D8B
:106D7000DD3E05AE4DE6BD4691548DB571C45D0551
:106D80000406D46F605015FF1998FB24D6BDE9970F
:106D9000894043CC67D99E77B0E842BD07898B888C
:106DA000E7195B3879C8EEDBA17C0A477C420FE922
:106DB000F8841EC90000000009808683322BED484C
:106DC0001E1170AC6C5A724EFD0EFFFB0F853856CB
:106DD0003DAED51E362D39270A0FD964685CA62131
:106DE0009B5B54D124362E3A0C0A67B19357E70FB8
:106DF000B4EE96D21B9B919E80C0C54F61DC20A251
:106E00005A774B691C121A16E293BA0AC0A02AE5F7
:106E10003C22E043121B171D0E090D0BF28BC7AD70
:106E20002DB6A8B9141EA9C857F11985AF75074C1E
:106E3000EE99DDBBA37F60FDF701269F5C72F5BC78
:106E400044663BC55BFB7E348B432976CB23C6DC93
:106E5000B6EDFC68B8E4F163D731DCCA4263851053
:106E60001397224084C61120854A247DD2BB3DF869
:106E7000AEF93211C729A16D1D9E2F4BDCB230F344
:106E80000D8652EC77C1E3D02BB3166CA970B9997B
:106E9000119448FA47E96422A8FC8CC4A0F03F1A78
:106EA000567D2CD8223390EF87494EC7D938D1C1AF
:106EB0008CCAA2FE98D40B36A6F581CFA57ADE281F
:106EC000DAB78E263FADBFA42C3A9DE45078920DE0
:106ED0006A5FCC9B547E4662F68D13C290D8B8E8A8
:106EE0002E39F75E82C3AFF59F5D80BE69D0937C7B
:106EF0006FD52DA9CF2512B3C8AC993B10187DA72B
:106F0000E89C636EDB3BBB7BCD2678096E5918F499
:106F1000EC9AB701834F9AA8E6956E65AAFFE67EC4
:106F200021BCCF08EF15E8E6BAE79BD94A6F36CE09
:106F3000EA9F09D429B07CD631A4B2AF2A3F2331CD
:106F4000C6A5943035A266C0744EBC37FC82CAA672
:106F5000E090D0B033A7D815F104984A41ECDAF7A5
:106F60007FCD500E1791F62F764DD68D43EFB04D55
:106F7000CCAA4D54E49604DF9ED1B5E34C6A881B3D
:106F8000C12C1FB84665517F9D5EEA04018C355DBA
:106F9000FA877473FB0B412EB3671D5A92DBD252F2
:106FA000E91056336DD647139AD7618C37A10C7A06
:106FB00059F8148EEB133C89CEA927EEB761C93579
:106FC000E11CE5ED7A47B13C9CD2DF5955F2733FA5
:106FD0001814CE7973C737BF53F7CDEA5FFDAA5BAC
:106FE000DF3D6F147844DB86CAAFF381B968C43ED5
:106FF0003824342CC2A3405F161DC372BCE2250C9A
:10700000283C498BFF0D954139A80171080CB3DE6E
:10701000D8B4E49C6456C1907BCB8461D532B67001
:10702000486C5C74D0B85742C66363A5F87C7C8416
:10703000EE777799F67B7B8DFFF2F20DD66B6BBD09
:10704000DE6F6FB191C5C55460303050020101034D
:10705000CE6767A9562B2B7DE7FEFE19B5D7D76201
:107060004DABABE6EC76769A8FCACA451F82829DFD
:1070700089C9C940FA7D7D87EFFAFA15B25959EBF3
:107080008E4747C9FBF0F00B41ADADECB3D4D467EC
:107090005FA2A2FD45AFAFEA239C9CBF53A4A4F717
:1070A000E47272969BC0C05B75B7B7C2E1FDFD1C70
:1070B0003D9393AE4C26266A6C36365A7E3F3F414E
:1070C000F5F7F70283CCCC4F6834345C51A5A5F4B6
:1070D000D1E5E534F9F1F108E2717193ABD8D873D9
:1070E000623131532A15153F0804040C95C7C75265
:1070F000462323659DC3C35E30181828379696A192
:107100000A05050F2F9A9AB50E07070924121236A1
:107110001B80809BDFE2E23DCDEBEB264E2727690B
:107120007FB2B2CDEA75759F1209091B1D83839E3C
:10713000582C2C74341A1A2E361B1B2DDC6E6EB292
:10714000B45A5AEE5BA0A0FBA45252F6763B3B4DDC
:10715000B7D6D6617DB3B3CE5229297BDDE3E33EBA
:107160005E2F2F7113848497A65353F5B9D1D1683C
:1071700000000000C1EDED2C40202060E3FCFC1F6E
:1071800079B1B1C8B65B5BEDD46A6ABE8DCBCB4634
:1071900067BEBED97239394B944A4ADE984C4CD4FA
:1071A000B05858E885CFCF4ABBD0D06BC5EFEF2A97
:1071B0004FAAAAE5EDFBFB16864343C59A4D4DD772
:1071C00066333355118585948A4545CFE9F9F91021
:1071D00004020206FE7F7F81A05050F0783C3C44C0
:1071E000259F9FBA4BA8A8E3A25151F35DA3A3FE2C
:1071F000804040C0058F8F8A3F9292AD219D9DBCFB
:1072000070383848F1F5F50463BCBCDF77B6B6C119
:10721000AFDADA754221216320101030E5FFFF1A42
:10722000FDF3F30EBFD2D26D81CDCD4C180C0C14F2
:1072300026131335C3ECEC2FBE5F5FE1359797A2A1
:10724000884444CC2E17173993C4C45755A7A7F2C6
:10725000FC7E7E827A3D3D47C86464ACBA5D5DE7E2
:107260003219192BE6737395C06060A0198181985B
:107270009E4F4FD1A3DCDC7F44222266542A2A7E13
:107280003B9090AB0B8888838C4646CAC7EEEE29AC
:107290006BB8B8D32814143CA7DEDE79BC5E5EE27E
:1072A000160B0B1DADDBDB76DBE0E03B64323256C8
:1072B000743A3A4E140A0A1E924949DB0C06060A31
:1072C0004824246CB85C5CE49FC2C25DBDD3D36E1D
:1072D00043ACACEFC46262A6399191A8319595A4F4
:1072E000D3E4E437F279798BD5E7E7328BC8C8432A
:1072F0006E373759DA6D6DB7018D8D8CB1D5D56488
:107300009C4E4ED249A9A9E0D86C6CB4AC5656FA42
:10731000F3F4F407CFEAEA25CA6565AFF47A7A8E0A
:1073200047AEAEE9100808186FBABAD5F078788879
:107330004A25256F5C2E2E72381C1C2457A6A6F1F8
:1073400073B4B4C797C6C651CBE8E823A1DDDD7C92
:10735000E874749C3E1F1F21964B4BDD61BDBDDC64
:107360000D8B8B860F8A8A85E07070907C3E3E4242
:1073700071B5B5C4CC6666AA904848D80603030523
:10738000F7F6F6011C0E0E12C26161A36A35355F75
:10739000AE5757F969B9B9D01786869199C1C158C6
:1073A0003A1D1D27279E9EB9D9E1E138EBF8F81365
:1073B0002B9898B322111133D26969BBA9D9D9701E
:1073C000078E8E89339494A72D9B9BB63C1E1E225C
:1073D00015878792C9E9E92087CECE49AA5555FF7E
:1073E00050282878A5DFDF7A038C8C8F59A1A1F86B
:1073F000098989801A0D0D1765BFBFDAD7E6E63116
:10740000844242C6D06868B8824141C3299999B084
:107410005A2D2D771E0F0F117BB0B0CBA85454FC02
:107420006DBBBBD62C16163A02000000887405000E
:10743000030000008074050004000000787405005B
:107440000500000070740500060000006874050067
:10745000070000006074050000000000000000004C
:107460006E7F0500902407007A7F050090230600B8
:10747000867F050090220500927F0500101404000D
:107480009E7F050010130300AA7F05001012020062
:10749000020000001920050015200500112005003C
:1074A0000D200500F51F0500E31F0500353C050014
:1074B000000000000A5695CE5753F2DD5CE419BA7D
:1074C000E4B84A8B25F321DD8886E8D2855D8825DE
:1074D00018FF71853C14A918D430E77901B6ED5F27
:1074E000FC95BA75102562772B73FB79C65537A5C5
:1074F000765F9018DFBDC42962DF9CD89030847815
:10750000CD05F0ACD62E21F7AB20A2E53448870498
:107510001D0630DC512563FCC2CAB9F3849E17A74F
:10752000ADFAE6BCFFFFFFFFFFFFFFFF000000001A
:10753000FFFFFFFFA2EE79BE954C2483A66FBD49E5
:107540009C79994659EC6B2B39B245282056D9F3D2
:10755000942DE1664FBC00EEFFFFFFFFFFFFFFFF32
:10756000FFFFFFFF0000000000000000000000001F
:1075700001000000FFFFFFFF03000000000000000B
:10758000FFFFFFFFFBFFFFFFFEFFFFFFFFFFFFFF10
:10759000FDFFFFFF040000000100000007000000E5
:1075A000B44505000E00070030C80700700A170038
:1075B0000000000000000000000000001988040026
:1075C000C93005000000000000000000FC43050079
:1075D000FC43050054440500644405002C450500A7
:1075E0006C450500000000000000000000000000E5
:1075F0000000000000000040955969595555545548
:1076000015555556040515411054554045515544DE
:107610004045504450555545004000404004449674
:107620006555565545404554514115405591555560
:107630005555405105010000544554544555050425
:10764000001004101404400000000140555515417D
:1076500054040000440001000000004041000044C8
:107660005044455054005555545565510040004014
:1076700001000001000501001154515154555505F8
:1076800000000000000000000000000000000328CF
:107690000000042900000229000003280000092935
:1076A0000000032800000229000003280000002831
:1076B0000000502A0000502A000003280000292A58
:1076C0000000292A000003280000242A0000242AA0
:1076D0000000032800000A18000000280000042908
:1076E000000002290000192A0000192A00000328BE
:1076F00000000F18000000280400AD27010006015B
:1077000000002A2B00002A2B000003280000292B50
:107710000000292B00000328000002290000052A90
:107720000000052A000003280000011800000028BE
:107730000000042A0000042A000003280000012A97
:107740000000012A000003280000002A0000002A8F
:107750000000032800000018000000280000F0FFCF
:10776000F0FFF0FFEAFF74FFF0FFF0FFF0FFF0FF23
:10777000EAFF6BFF79FF79FF7CFF000073636C20E9
:1077800074696D656F757400737563636573736693
:10779000756C2061636B006661696C656420616370
:1077A0006B004F76657272756E206572726F720033
:1077B000506172697479206572726F7200467261ED
:1077C0006D696E67206572726F7200427265616BDF
:1077D00020696E7465727275707400436F6C6C69A9
:1077E00073696F6E206572726F7200756172745F7B
:1077F000707332004D756C7469706C6520627574BD
:10780000746F6E20707265737365730042697420C3
:1078100033206F66207061636B657420697320305C
:1078200020696E7374656164206F66203100436166
:107830006E6E6F742073656E6420636D642077696B
:107840007468206C657373207468616E20312062E7
:10785000797465206C656E67746800526573706F2B
:107860006E73652063616E2774206265206C6F6E95
:10787000676572207468616E207468652072657334
:10788000705F627566666572202825642900436F03
:10789000756C64206E6F742064697361626C65201E
:1078A00064617461207265706F7274696E672028FC
:1078B00025642900436F756C64206E6F74207365B6
:1078C0006E6420636D6420627974652025642F25C1
:1078D00064202825642900436F756C64206E6F74E2
:1078E0002073656E64206172672028256429004337
:1078F0006F756C64206E6F742072656164207265B0
:1079000073706F6E736520636D6420627974652097
:1079100025642F2564202825642900436F756C6435
:10792000206E6F742072652D656E61626C652064D7
:10793000617461207265706F7274696E67202825AA
:10794000642900FF00F300F200E100E24600556EFA
:107950006B6E6F776E0047656E657269632050537A
:107960002F32204D6F75736500547261636B706FB9
:10797000696E742062792025732028307825303292
:1079800058293B205365636F6E64617279204944C6
:107990003A203078253032583B20526F6D205665A2
:1079A0007273696F6E3A202530325800E2802C00E5
:1079B000E2812C00507265737320546F2053656C04
:1079C00065637400496E76657274205800496E765E
:1079D0006572742059005377617020585900E28114
:1079E0004A00E2814D00E2816000E2815C00747037
:1079F0005F73656E73697469766974790074705F1A
:107A00006E65675F696E65727469610074705F7638
:107A1000616C7565360074705F7074735F74687242
:107A20006573686F6C64006D6F7573655F7073323A
:107A30000025732F257300756E64657465726D691A
:107A40006E6564206465766963650049424D004156
:107A50006C707300456C616E004E5850004A59546A
:107A60002053796E617074696373006D6167696337
:107A70005F6D61707065720073656C6563746564D9
:107A800000706879736963616C5F6C61796F75749C
:107A9000730044656661756C74007A6D6B5F706825
:107AA00079736963616C5F6C61796F75745F73651D
:107AB0006C656374696F6E5F6368616E67656400AF
:107AC0007A6D6B5F61637469766974795F737461F1
:107AD00074655F6368616E676564007A6D6B5F7083
:107AE0006F736974696F6E5F73746174655F6368E7
:107AF000616E676564007A6D6B5F73656E736F723C
:107B00005F6576656E74007A6D6B5F7573625F6337
:107B10006F6E6E5F73746174655F6368616E6765D5
:107B20006400626F6F746C6F616400737973726567
:107B3000736574004558545F504F5745520065783F
:107B400074706F776572007A69705F78795F7377A8
:107B50006170007A6D6B5F706572697068657261E3
:107B60006C5F626174746572795F73746174655F70
:107B70006368616E676564007A6D6B5F62617474DF
:107B80006572795F73746174655F6368616E676560
:107B900064007A6D6B5F73706C69745F7065726995
:107BA00070686572616C5F7374617475735F63682C
:107BB000616E6765640053706C697420506572690A
:107BC00070686572616C204E6F7469666963617478
:107BD000696F6E205175657565007075626C6963BB
:107BE0000072616E646F6D007075626C69632D69FF
:107BF000640072616E646F6D2D69640030782530A9
:107C0000327800253032583A253032583A25303211
:107C1000583A253032583A253032583A25303258C1
:107C2000202825732900626C655F70657269706831
:107C30006572616C004C6F77205072696F72697465
:107C40007920576F726B20517565756500466169C3
:107C50006C656420746F207265626F6F743A207374
:107C600070696E6E696E6720656E646C6573736CA7
:107C7000792E2E2E0A0030313233343536373839EA
:107C800041424344454600626F6172645F636463CE
:107C90005F61636D5F7561727400757362776F7297
:107CA0006B71005A4D4B2050726F6A6563740046C9
:107CB0004C4153485F30005352414D5F30006E617C
:107CC0006D650062742F25732F2530327825303290
:107CD00078253032782530327825303278253032A8
:107CE0007825752F25730062742F25732F25303268
:107CF0007825303278253032782530327825303288
:107D0000782530327825750062742F2573006274EF
:107D1000004254204C5720575100574553545F544C
:107D20004F504449522F7A65706879722F7375628B
:107D30007379732F626C7565746F6F74682F686FD9
:107D400073742F6863695F636F72652E630062747A
:107D50005F6863695F6576745F6765745F666C61B1
:107D60006773286864722D3E657674292026202862
:107D700031554C203C3C20283129290041535345A2
:107D80005254494F4E204641494C205B25735D209B
:107D9000402025733A25640A006576745F666C613D
:107DA00067732026202831554C203C3C2028302960
:107DB00029006275660073756363657373000963F8
:107DC0006F6D6D616E64206F70636F6465203078D5
:107DD000253034782074696D656F75740A0065729A
:107DE00072203D3D20300009436F6E74726F6C6CE1
:107DF000657220756E726573706F6E736976652C2F
:107E000020636F6D6D616E64206F70636F646520B9
:107E10003078253034782074696D656F75742077FB
:107E2000697468206572722025640A0042542052E9
:107E30005820575100574553545F544F50444952AE
:107E40002F7A65706879722F7375627379732F62F8
:107E50006C7565746F6F74682F686F73742F6863C7
:107E6000695F636F6D6D6F6E2E630062742F636365
:107E7000630062742F686173680062742F63660028
:107E800062742F73630062742F6B65797300696E7F
:107E900070757400726574656E74696F6E40300041
:107EA000757362645F776F726B71006164634034F5
:107EB0003030303730303000636C6F636B403430BB
:107EC0003030303030300072616E646F6D4034306D
:107ED00030306430303000656E74726F70795F627C
:107EE000745F686369007032357131366840300004
:107EF000666C6173682D636F6E74726F6C6C657203
:107F0000403430303165303030006770696F403553
:107F100030303030333030006770696F403530308A
:107F20003030303030004B5343414E006770726543
:107F3000677265743240343030303035323000672B
:107F4000707265677265743140343030303035316D
:107F5000630074656D704034303030633030300011
:107F60007561727440343030303230303000414509
:107F7000532D3235362D434243004145532D31397F
:107F8000322D434243004145532D3132382D434277
:107F900043004145532D3235362D4543420041457E
:107FA000532D3139322D454342004145532D313255
:107FB000382D454342007662617474006D61696ECC
:107FC00000737973776F726B71002A2A2A20426FCF
:107FD0006F74696E67205A6570687972204F5320FC
:107FE0006275696C6420396466346231326235616D
:107FF0006633202A2A2A0A00696E66006E616E00C6
:10800000286E756C6C29000100022A48C2B1CFC5E8
:1080100067C90771960005000000022A48C2B1CF67
:10802000C567C90771960005000000022A48C2B161
:10803000CFC567C90771960006000000022A48C232
:10804000B1CFC567C90771960006000000022A4833
:10805000C2B1CFC567C90771960002000000022AAD
:1080600048C2B1CFC567C90771960002000000027F
:108070002A48C2B1CFC567C9077196000100000048
:10808000022A48C2B1CFC567C90771960001000036
:1080900000022A48C2B1CFC567C907719600000027
:1080A000000000070E091C1B1215383F363124232F
:1080B0002A2D000101030100030100FFFFFFFFFF64
:1080C000FF00000000000000FFFFFFFFFFFF0000B7
:1080D0000000000002FB349B5F8000008000100065
:1080E0000000000000000909090901020909090945
:1080F00009090909090909070909090909060909F5
:1081000009090909090909090909090909090501EB
:108110000204E69D350E480103CCDBFDF4AC119161
:10812000F4EFB9A5F9E9A7832C5E2CBE97F2D20330
:10813000B0208BD28915D08E1C742430ED8FC245AF
:1081400063765C15525ABF9A32636DEB2A65499C7F
:1081500080DC0005061F1F2918120308020305080A
:108160000A000801030401050405090607010106C8
:1081700006080000010001000301000302020100E3
:1081800002000000000002030100036C888391AA32
:10819000F5A53860370BDB5A6083BE010002030689
:1081A00001050104010702030105020201030205A2
:1081B00004010101020103010401060108010C018F
:1081C000100118012001400180000102030405068E
:1081D0000700203030303030303030303030303008
:1081E00030000152096AD53036A538BF40A39E81C0
:1081F000F3D7FB7CE339829B2FFF87348E4344C443
:10820000DEE9CB547B9432A6C2233DEE4C950B4263
:10821000FAC34E082EA16628D924B2765BA2496D16
:108220008BD12572F8F66486689816D4A45CCC5D70
:1082300065B6926C704850FDEDB9DA5E154657A7E9
:108240008D9D8490D8AB008CBCD30AF7E45805B858
:10825000B34506D02C1E8FCA3F0F02C1AFBD03012C
:10826000138A6B3A9111414F67DCEA97F2CFCEF057
:10827000B4E67396AC7422E7AD3585E2F937E81CB5
:1082800075DF6E47F11A711D29C5896FB7620EAA95
:1082900018BE1BFC563E4BC6D279209ADBC0FE7836
:1082A000CD5AF41FDDA8338807C731B11210592702
:1082B00080EC5F60517FA919B54A0D2DE57A9F9337
:1082C000C99CEFA0E03B4DAE2AF5B0C8EBBB3C83A8
:1082D000539961172B047EBA77D626E1691463554A
:1082E000210C7D637C777BF26B6FC53001672BFEC1
:1082F000D7AB76CA82C97DFA5947F0ADD4A2AF9CFC
:10830000A472C0B7FD9326363FF7CC34A5E5F171D2
:10831000D8311504C723C31896059A071280E2EBDB
:1083200027B27509832C1A1B6E5AA0523BD6B3296B
:10833000E32F8453D100ED20FCB15B6ACBBE394AF8
:108340004C58CFD0EFAAFB434D338545F9027F50FF
:108350003C9FA851A3408F929D38F5BCB6DA2110FE
:10836000FFF3D2CD0C13EC5F974417C4A77E3D6496
:108370005D197360814FDC222A908846EEB814DEC6
:108380005E0BDBE0323A0A4906245CC2D3AC629150
:1083900095E479E7C8376D8DD54EA96C56F4EA653A
:1083A0007AAE08BA78252E1CA6B4C6E8DD741F4B39
:1083B000BD8B8A703EB5664803F60E613557B986A7
:1083C000C11D9EE1F8981169D98E949B1E87E9CE54
:1083D0005528DF8CA1890DBFE6426841992D0FB069
:1083E00054BB1610141400001C2030401C20000048
:1083F0001C203040B4500500B8500500BC500500AA
:10840000C0500500C4500500085105000C5105007E
:1084100014510500C0500500F84F0500BC50050080
:10842000F84F0500B8500500105105000C5105002B
:0C8430004C520500BC5005004C520500E9
:10843C000000000000000000000000000000000030
:10844C000000000000000000000000000000000020
:10845C000000000000000000000000000000000010
:10846C000000000000000000000000000000000000
:10847C0000000000000000000000000000000000F0
:10848C0000000000000000000000000000000000E0
:10849C0000000000000000000000000000000000D0
:1084AC0000000000000000000000000000000000C0
:1084BC0000000000000000000000000000000000B0
:1084CC0000000000000000000000000000000000A0
:1084DC000000000000000000000000000000000090
:1084EC000000000000000000000000000000000080
:1084FC000000000000000000000000000000000070
:10850C00000000000000000000000000000000005F
:10851C00000000000000000000000000000000004F
:10852C00000000000000000000000000000000003F
:10853C00000000000000000000000000000000002F
:10854C00000000000000000000000000000000001F
:10855C00000000000000000000000000000000000F
:10856C0000000000000000000000000000000000FF
:10857C0000000000000000000000000000000000EF
:10858C0000000000000000000000000000000000DF
:10859C0000000000000000000000000000000000CF
:1085AC0000000000000000000000000000000000BF
:1085BC0000000000000000000000000000000000AF
:1085CC00000000000000000000000000000000009F
:1085DC00000000000000000000000000000000008F
:1085EC00000000000000000000000000000000007F
:1085FC00000000000000000000000000000000006F
:10860C00000000000000000000000000000000005E
:10861C00000000000000000000000000000000004E
:10862C00000000000000000000000000000000003E
:10863C00000000000000000000000000000000002E
:10864C00000000000000000000000000000000001E
:10865C00000000000000000000000000000000000E
:10866C0000000000000000000000000000000000FE
:10867C0000000000000000000000000000000000EE
:10868C0000000000000000000000000000000000DE
:10869C0000000000000000000000000000000000CE
:1086AC0000000000000000000000000000000000BE
:1086BC0000000000000000000000000000000000AE
:1086CC00000000000000000000000000000000009E
:1086DC00000000000000000000000000000000008E
:1086EC00000000000000000000000000000000007E
:1086FC00000000000000000000000000000000006E
:10870C00000000000000000000000000000000005D
:10871C00000000000000000000000000000000004D
:10872C00000000000000000000000000000000003D
:10873C00000000000000000000000000000000002D
:10874C00000000000000000000000000000000001D
:10875C00000000000000000000000000000000000D
:10876C0000000000000000000000000000000000FD
:10877C0000000000000000000000000000000000ED
:10878C0000000000000000000000000000000000DD
:10879C0000000000000000000000000000000000CD
:1087AC0000000000000000000000000000000000BD
:1087BC0000000000000000000000000000000000AD
:1087CC00000000000000000000000000000000009D
:1087DC00000000000000000000000000000000008D
:1087EC00000000000000000000000000000000007D
:1087FC00000000000000000000000000000000006D
:10880C00000000000000000000000000000000005C
:10881C00000000000000000000000000000000004C
:10882C00000000000000000000000000000000003C
:10883C00000000000000000000000000000000002C
:10884C00000000000000000000000000000000001C
:10885C00000000000000000000000000000000000C
:10886C0000000000000000000000000000000000FC
:10887C0000000000000000000000000000000000EC
:10888C0000000000000000000000000000000000DC
:10889C0000000000000000000000000000000000CC
:1088AC0000000000000000000000000000000000BC
:1088BC0000000000000000000000000000000000AC
:1088CC00000000000000000000000000000000009C
:1088DC00000000000000000000000000000000008C
:1088EC00000000000000000000000000000000007C
:1088FC00000000000000000000000000000000006C
:10890C00000000000000000000000000000000005B
:10891C00000000000000000000000000000000004B
:10892C00000000000000000000000000000000003B
:10893C00000000000000000000000000000000002B
:10894C00000000000000000000000000000000001B
:10895C00000000000000000000000000000000000B
:10896C0000000000000000000000000000000000FB
:10897C0000000000000000000000000000000000EB
:10898C0000000000000000000000000000000000DB
:10899C0000000000000000000000000000000000CB
:1089AC0000000000000000000000000000000000BB
:1089BC0000000000000000000000000000000000AB
:1089CC00000000000000000000000000000000009B
:1089DC00000000000000000000000000000000008B
:1089EC00000000000000000000000000000000007B
:1089FC00000000000000000000000000000000006B
:108A0C00000000000000000000000000000000005A
:108A1C00000000000000000000000000000000004A
:108A2C00000000000000000000000000000000003A
:108A3C00000000000000000000000000000000002A
:108A4C00000000000000000000000000000000001A
:108A5C00000000000000000000000000000000000A
:108A6C0000000000000000000000000000000000FA
:108A7C0000000000000000000000000000000000EA
:108A8C0000000000000000000000000000000000DA
:108A9C0000000000000000000000000000000000CA
:108AAC0000000000000000000000000000000000BA
:108ABC0000000000000000000000000000000000AA
:108ACC00000000000000000000000000000000009A
:108ADC00000000000000000000000000000000008A
:108AEC00000000000000000000000000000000007A
:108AFC00000000000000000000000000000000006A
:108B0C000000000000000000000000000000000059
:108B1C000000000000000000000000000000000049
:108B2C000000000000000000000000000000000039
:108B3C000000000000000000000000000000000029
:108B4C000000000000000000000000000000000019
:108B5C000000000000000000000000000000000009
:108B6C0000000000000000000000000000000000F9
:108B7C0000000000000000000000000000000000E9
:108B8C0000000000000000000000000000000000D9
:108B9C0000000000000000000000000000000000C9
:108BAC0000000000000000000000000000000000B9
:108BBC0000000000000000000000000000000000A9
:108BCC000000000000000000000000000000000099
:108BDC000000000000000000000000000000000089
:108BEC000000000000000000000000000000000079
:108BFC000000000000000000000000000000000069
:108C0C000000000000000000000000000000000058
:108C1C000000000000000000000000000000000048
:108C2C000000000000000000000000000000000038
:108C3C000000000000000000000000000000000028
:108C4C000000000000000000000000000000000018
:108C5C000000000000000000000000000000000008
:108C6C0000000000000000000000000000000000F8
:108C7C0000000000000000000000000000000000E8
:108C8C0000000000000000000000000000000000D8
:108C9C0000000000000000000000000000000000C8
:108CAC0000000000000000000000000000000000B8
:108CBC0000000000000000000000000000000000A8
:108CCC000000000000000000000000000000000098
:108CDC000000000000000000000000000000000088
:108CEC000000000000000000000000000000000078
:108CFC000000000000000000000000000000000068
:108D0C000000000000000000000000000000000057
:108D1C000000000000000000000000000000000047
:108D2C000000000000000000000000000000000037
:108D3C000000000000000000000000000000000027
:108D4C000000000000000000000000000000000017
:108D5C000000000000000000000000000000000007
:108D6C0000000000000000000000000000000000F7
:108D7C0000000000000000000000000000000000E7
:108D8C0000000000000000000000000000000000D7
:108D9C0000000000000000000000000000000000C7
:108DAC0000000000000000000000000000000000B7
:108DBC0000000000000000000000000000000000A7
:108DCC000000000000000000000000000000000097
:108DDC000000000000000000000000000000000087
:108DEC000000000000000000000000000000000077
:108DFC000000000000000000000000000000000067
:108E0C000000000000000000000000000000000056
:108E1C000000000000000000000000000000000046
:108E2C000000000000000000000000000000000036
:108E3C000000000000000000000000000000000026
:108E4C000000000000000000000000000000000016
:108E5C000000000000000000000000000000000006
:108E6C0000000000000000000000000000000000F6
:108E7C000000000000000000648006610800000093
:108E8C003D940200C1B90400000000000000000085
:108E9C0000000000000000000000000000000000C6
:108EAC0000000000000000000000000000000000B6
:108EBC0000000000000000000000000000000000A6
:108ECC000000000000000000000000000000000096
:108EDC000000000000000000000000000000000086
:108EEC000000000000000000000000000000000076
:108EFC000000000000000000000000000000000066
:108F0C000000000000000000000000000000000055
:108F1C000000000000000000000000000000000045
:108F2C000000000000000000000000000000000035
:108F3C000000000000000000000000000000000025
:108F4C000000000000000000000000000000000015
:108F5C000000000000000000000000000000000005
:108F6C0000000000000000000000000000000000F5
:108F7C0000000000000000000000000000000000E5
:108F8C0000000000000000000000000000000000D5
:108F9C0000000000000000000000000000000000C5
:108FAC0000000000000000000000000000000000B5
:108FBC0000000000000000000000000000000000A5
:108FCC000000000000000000000000000000000095
:108FDC000000000000000000000000000000000085
:108FEC000000000000000000000000000000000075
:108FFC00B99102000D910200000000000000000079
:10900C000000000000000000000000000000000054
:10901C000000000000000000000000000000000044
:10902C000000000000000000000000000000000034
:10903C000000000000000000000000000000000024
:10904C000000000000000000000000000000000014
:10905C000000000000000000000000000000000004
:10906C0000000000000000000000000000000000F4
:10907C0000000000000000000000000000000000E4
:10908C00000000009C1000207C10002000C2010099
:10909C0000000800000000000000000000000000BC
:1090AC0000000000000000000000000000000000B4
:1090BC0000000000000000000000000000000000A4
:1090CC000000000000000000000000000000000094
:1090DC000000000000000000000000000000000084
:1090EC000000000000000000000000000000000074
:1090FC000000000000000000000000000000000064
:10910C000000000000000000000000000000000053
:10911C000000000000000000000000000000000043
:10912C000000000000000000000000000000000033
:10913C000000000000000000000000000000000023
:10914C000000000000000000000000000000000013
:10915C000000000000000000000000000000000003
:10916C0000000000000000000000000000000000F3
:10917C0011DB0200000000000000000000000000F5
:10918C0000000000000000000000000000000000D3
:10919C0000000000000000000000000000000000C3
:1091AC0000000000000000000000000000000000B3
:1091BC0000000000000000000000000000000000A3
:1091CC000000000000000000000000000000000093
:1091DC000000000000000000000000000000000083
:1091EC000000000000000000000000000000000073
:1091FC000000000000000000000000000000000063
:10920C000000000000000000000000000000000052
:10921C0000000000D4460500000000000000000023
:10922C000000000000000000000000000000000032
:10923C001F00000000000000FFFFFFFFFF1F0000E9
:10924C000000000000000000000000000000000012
:10925C0021A004000000000000000000000000003D
:10926C00300E0020300E0020FB1005000000000026
:10927C0000000000000000000000000000000000E2
:10928C00500E0020500E00200000000001000000D5
:10929C00600E0020600E0020680E0020680E00207A
:1092AC000000000001000000780E0020780E002065
:1092BC0000000000000000000000000000000000A2
:1092CC000000000000000000000000000000000092
:1092DC000000000000000000000000000000000082
:1092EC000000000000000000000000000000000072
:1092FC000000000098140020040000000000000092
:10930C000000000000000000000000000000000051
:10931C000000000000000000000000000000000041
:10932C000000000000000000000000000000000031
:10933C00F8540020000000000000000000000000B5
:10934C00EE5C002000000000277A05000000000001
:10935C000000000005990200000000000000000061
:10936C00000000000A0000001400000028000000AB
:10937C003C0000005000000064000000C800000029
:10938C0000000000DDBC0400000000000000000034
:10939C0000000000699C02000000000000000000BA
:1093AC0097BD04000000000049A10200000000006D
:1093BC000000000000000000D9A202000000000024
:1093CC00000000001A80050000000A0000000000E8
:1093DC000000000000000000BDBE04000000000002
:1093EC00000000003C800500000010005E800500BD
:1093FC00000004000000000000000000000000005D
:10940C00CBBD0400000000000000000080800500BF
:10941C000000120000000000A5A2020000000000E5
:10942C0000000000267C0500000000000000000089
:10943C00C3BE0400F1A40200000000000000000004
:10944C000000000099A402000000000000000000D1
:10945C0051A4020000000000000000000000000009
:10946C0085A502003DA6020029A50200000000000F
:10947C00D9BE040000000000C7BE040000000000BC
:10948C0000000000000000005DA6020000000000CB
:10949C0000000000000000002BC0040000000000D1
:1094AC0000000000BFC304005C520500C0B90020DE
:1094BC0000000000000000000000000000000000A0
:1094CC00000000000000000000040000C0BD0020EF
:1094DC000000000000000000000000000000000080
:1094EC000000000000000000000400009DBB020012
:1094FC008000000079B802000000000079B802007A
:10950C0080000000B476050000000200C076050063
:10951C0000000200CC7605000000020000000000F4
:10952C0000000000000000004FD604000000000006
:10953C0000000000E87605000000120015C20200D1
:10954C00000000004FD704000000000033D70400D7
:10955C00000000008FD90400000000000000000093
:10956C00301100203011002000000000000000002D
:10957C000E00000000000000B1D00200000000004E
:10958C00000000000000000043E4040000000000A4
:10959C0000000000000000005DD40200000000008C
:1095AC00000000000000000095EA0200000000002E
:1095BC00000000000000000081E902000000000033
:1095CC000000000000000000EDF2020000000000AE
:1095DC0000000000000000000DEE02000000000082
:1095EC0000000000B4110020B411002000000000A5
:1095FC00000000007DFC0200B5080300FDF804002B
:10960C0000000000000000006D010300B1F6040032
:10961C00DFF5040071FC02000000000000000000F7
:10962C00000000000000000000000000000000002E
:10963C00251A0300000000000000000000000000DC
:10964C00ED03050000000000000000000000000019
:10965C0004770500000002001077050000000A00E6
:10966C002077050000002000000000000000000032
:10967C0000000000000000001FFD040000000000BE
:10968C00347705000000020040770500000002005E
:10969C004C77050000000A006812002068120020B8
:1096AC0000000000000000000E0000007C120020F2
:1096BC007C12002055250300000000000000000073
:1096CC00B434002000000000D1580300000000005A
:1096DC00BC340020000000003549030000000000ED
:1096EC00C434002000000000F5EF0300000000006F
:1096FC00CC34002000000000F5EF03000000000057
:10970C00D434002000000000C54503000000000018
:10971C00B43E0020000000009DFC0300000000008F
:10972C00BC3E002000000000F5EF0300000000002C
:10973C00C43E00200000000019710300000000006E
:10974C004C3F002000000000E97A030000000000FC
:10975C00543F002000000000F5EF03000000000063
:10976C005C3F002000000000817C03000000000032
:10977C00643F002000000000C987030000000000C7
:10978C008840002000000000D840002000000000AD
:10979C00B8420020000000006843002000000000D8
:1097AC00A90904000000000004450020000000008E
:1097BC00D5EC030000000000244500200000000050
:1097CC00F5EF0300000000004049002000000000FD
:1097DC00F1360300000000003849002000000000B2
:1097EC00F1360300000000003049002000000000AA
:1097FC00293303000000000028490020000000006D
:10980C00F136030000000000204900200000000099
:10981C00293303000000000018490020000000005C
:10982C00F1360300800100000000000061310400EB
:10983C00000000000000000000000000CD4104000A
:10984C00000000001414002014140020010000007B
:10985C000100000024140020241400202C140020EB
:10986C002C14002000000000010000003C1400201B
:10987C003C1400200000000000000000000000006C
:10988C000000000019490400000000009C45050080
:10989C000D000000000000009C4505000E000000BB
:1098AC00010000009C4505000F00000002000000B4
:1098BC00B44505000500000003000000B445050098
:1098CC000400000004000000B44505000200200064
:1098DC0000000000B445050003002000010000005A
:1098EC00B44505001C00200002000000B445050032
:1098FC001D0020000300000000010000000000001B
:10990C00F91B0500000000004038000000010300B6
:10991C00F014002000000000000000000000000017
:10992C0000000000000000001B5E00202000000072
:10993C00000000000000000000000000000000001B
:10994C00000000000000000000000000000000000B
:10995C0000000000000000000000000000000000FB
:10996C0000000000000000000000000000000000EB
:10997C0000000000000000000000000000000000DB
:10998C0000000000000000000000000000000000CB
:10999C0000000000000000000000000000000000BB
:1099AC00000000000000000008000000FF000000A4
:1099BC000000000003000000000000003FC00F008A
:1099CC0090740500F9CC020093D90400EC46050014
:1099DC00000000000000000000000000000000007B
:1099EC00000000000000000000000000000000006B
:1099FC0000000000C4150020C4150020FF222A48D6
:109A0C00C2B1CFC567C907719600000000000F18DE
:0B9A1C00060B01501D5E61010064019B
:109A2700000000000000000000000000000000002F
:109A3700000000000000000000000000000000001F
:109A4700000000000000000000000000000000000F
:029A570000000D
:109A5C0000000000000000000000000000000000FA
:109A6C0000000000000000000000000000000000EA
:109A7C0000000000000000000000000000000000DA
:109A8C0000000000000000000000000000000000CA
:109A9C0000000000000000000000000000000000BA
:109AAC0000000000000000000000000000000000AA
:109ABC00000000000000000021A0040000000000D5
:109ACC0000000000000000009816002098160020EE
:109ADC00F19B0200000000000000000000000000EC
:109AEC00000000000000000000000000000000006A
:109AFC0021A0040000000000000000000000000095
:109B0C00D0160020D016002035A102000000000065
:109B1C000000000000000000000000000000000039
:109B2C00F0160020F016002000B600200000000007
:109B3C00010000002C000000000000000C170020A9
:109B4C000C17002080A9002000000000010000007C
:109B5C00B00000000000000028170020281700208B
:109B6C0040B700200000000020000000140000009E
:109B7C000000000044170020441700202CB60020E1
:109B8C0000000000030000001C00000000000000AA
:109B9C00601700206017002000000000000000008B
:109BAC000E00000074170020741700200000000045
:109BBC00000000000E00000088170020881700200D
:0C9BCC0000000000000000000E0000007F
:109BD8009C1700209C1700200C00000010000000BB
:109BE80080B6002040B7002080B6002080B6002054
:109BF80000000000C0170020C0170020000000006F
:109C0800CC170020CC1700200C0000000400000036
:109C180030AA002060AA002030AA002030AA002024
:109C280000000000F0170020F017002000000000DE
:109C3800FC170020FC170020100000000A0000009C
:109C480060AA002000AB002060AA002060AA0020C3
:109C5800000000002018002020180020000000004C
:109C68002C1800202C180020010000000100000022
:109C78003C1800203C1800204418002044180020FC
:109C880000000000FFFFFFFF5418002054180020B8
:109C98000000000000000000641800206418002084
:109CA8006C1800206C180020000000000000000064
:109CB8007C1800207C1800208418002084180020BC
:109CC80000000000000000009418002094180020F4
:109CD8009C1800209C1800200300030010000000BE
:109CE80000000000AC5405002CB400200000000067
:109CF80000000000C0180020C0180020C81800206C
:109D0800C8180020030003001000000089000300A9
:109D18005455050088B50020000000000000000030
:109D2800EC180020EC180020F4180020F41800208B
:109D3800030003000100000000000000D4530500E8
:109D480084B0002000000000000000001819002066
:109D580018190020201900202019002001000100F6
:109D68001000000089ED02009C54050024B3002077
:109D780000000000000000004419002044190020E1
:109D88004C1900204C1900200300030001000000BA
:109D9800000000008C540500D0B200200000000034
:109DA80000000000701900207019002078190020A8
:109DB800781900200C000C000600000025D30200D2
:109DC800C453050078AE0020000000000000000029
:109DD8009C1900209C190020A4190020A419002017
:109DE800010001000100000000000000E45305002C
:049DF800DCB10020BA
:109DFC0012010002EF020140501D5E6101040102DC
:109E0C00030109020000000100E032080B0002020D
:109E1C0002000009040000010202000005240010E9
:109E2C000105240102010424020205240600010795
:109E3C0005800310000A09040100020A0000000753
:109E4C0005800240000007050002400000040309E1
:109E5C000418035A4D4B2050726F6A6563740000EE
:109E6C000000000000000000000203220330313229
:109E7C0033343536373839414243444546000000C7
:0F9E8C00000000000000000000000000000000C7
:109E9C0000000000E3190020A7D4040099BD0200C3
:109EAC0039BB0200000000000000000003000000AD
:049EBC00BC100020B6
:0C9EC0002C4605005C46050044460500E9
:049ECC002452050017
:049ED00015E015E0A4
:040000032000C619FA
:00000001FF
