ISO-10303-21;
HEADER;
FILE_DESCRIPTION(('Open CASCADE Model'),'2;1');
FILE_NAME('Open CASCADE Shape Model','2026-03-21T22:11:59',('Author'),(
    'Open CASCADE'),'Open CASCADE STEP processor 7.8','Open CASCADE 7.8'
  ,'Unknown');
FILE_SCHEMA(('AUTOMOTIVE_DESIGN { 1 0 10303 214 1 1 1 1 }'));
ENDSEC;
DATA;
#1 = APPLICATION_PROTOCOL_DEFINITION('international standard',
  'automotive_design',2000,#2);
#2 = APPLICATION_CONTEXT(
  'core data for automotive mechanical design processes');
#3 = SHAPE_DEFINITION_REPRESENTATION(#4,#10);
#4 = PRODUCT_DEFINITION_SHAPE('','',#5);
#5 = PRODUCT_DEFINITION('design','',#6,#9);
#6 = PRODUCT_DEFINITION_FORMATION('','',#7);
#7 = PRODUCT('Open CASCADE STEP translator 7.8 1',
  'Open CASCADE STEP translator 7.8 1','',(#8));
#8 = PRODUCT_CONTEXT('',#2,'mechanical');
#9 = PRODUCT_DEFINITION_CONTEXT('part definition',#2,'design');
#10 = SHAPE_REPRESENTATION('',(#11,#15,#19),#23);
#11 = AXIS2_PLACEMENT_3D('',#12,#13,#14);
#12 = CARTESIAN_POINT('',(0.,0.,0.));
#13 = DIRECTION('',(0.,0.,1.));
#14 = DIRECTION('',(1.,0.,-0.));
#15 = AXIS2_PLACEMENT_3D('',#16,#17,#18);
#16 = CARTESIAN_POINT('',(0.,0.,0.));
#17 = DIRECTION('',(0.,0.,1.));
#18 = DIRECTION('',(1.,0.,-0.));
#19 = AXIS2_PLACEMENT_3D('',#20,#21,#22);
#20 = CARTESIAN_POINT('',(0.,0.,0.));
#21 = DIRECTION('',(0.,0.,1.));
#22 = DIRECTION('',(1.,0.,0.));
#23 = ( GEOMETRIC_REPRESENTATION_CONTEXT(3) 
GLOBAL_UNCERTAINTY_ASSIGNED_CONTEXT((#27)) GLOBAL_UNIT_ASSIGNED_CONTEXT(
(#24,#25,#26)) REPRESENTATION_CONTEXT('Context #1',
  '3D Context with UNIT and UNCERTAINTY') );
#24 = ( LENGTH_UNIT() NAMED_UNIT(*) SI_UNIT(.MILLI.,.METRE.) );
#25 = ( NAMED_UNIT(*) PLANE_ANGLE_UNIT() SI_UNIT($,.RADIAN.) );
#26 = ( NAMED_UNIT(*) SI_UNIT($,.STERADIAN.) SOLID_ANGLE_UNIT() );
#27 = UNCERTAINTY_MEASURE_WITH_UNIT(LENGTH_MEASURE(2.E-04),#24,
  'distance_accuracy_value','confusion accuracy');
#28 = PRODUCT_RELATED_PRODUCT_CATEGORY('part',$,(#7));
#29 = SHAPE_DEFINITION_REPRESENTATION(#30,#36);
#30 = PRODUCT_DEFINITION_SHAPE('','',#31);
#31 = PRODUCT_DEFINITION('design','',#32,#35);
#32 = PRODUCT_DEFINITION_FORMATION('','',#33);
#33 = PRODUCT('Open CASCADE STEP translator 7.8 1.1',
  'Open CASCADE STEP translator 7.8 1.1','',(#34));
#34 = PRODUCT_CONTEXT('',#2,'mechanical');
#35 = PRODUCT_DEFINITION_CONTEXT('part definition',#2,'design');
#36 = SHAPE_REPRESENTATION('',(#11,#37,#41,#45),#49);
#37 = AXIS2_PLACEMENT_3D('',#38,#39,#40);
#38 = CARTESIAN_POINT('',(0.,0.,0.));
#39 = DIRECTION('',(0.,0.,1.));
#40 = DIRECTION('',(1.,0.,0.));
#41 = AXIS2_PLACEMENT_3D('',#42,#43,#44);
#42 = CARTESIAN_POINT('',(0.,0.,0.));
#43 = DIRECTION('',(0.,0.,1.));
#44 = DIRECTION('',(1.,0.,0.));
#45 = AXIS2_PLACEMENT_3D('',#46,#47,#48);
#46 = CARTESIAN_POINT('',(0.,0.,0.));
#47 = DIRECTION('',(0.,0.,1.));
#48 = DIRECTION('',(1.,0.,0.));
#49 = ( GEOMETRIC_REPRESENTATION_CONTEXT(3) 
GLOBAL_UNCERTAINTY_ASSIGNED_CONTEXT((#53)) GLOBAL_UNIT_ASSIGNED_CONTEXT(
(#50,#51,#52)) REPRESENTATION_CONTEXT('Context #1',
  '3D Context with UNIT and UNCERTAINTY') );
#50 = ( LENGTH_UNIT() NAMED_UNIT(*) SI_UNIT(.MILLI.,.METRE.) );
#51 = ( NAMED_UNIT(*) PLANE_ANGLE_UNIT() SI_UNIT($,.RADIAN.) );
#52 = ( NAMED_UNIT(*) SI_UNIT($,.STERADIAN.) SOLID_ANGLE_UNIT() );
#53 = UNCERTAINTY_MEASURE_WITH_UNIT(LENGTH_MEASURE(2.E-04),#50,
  'distance_accuracy_value','confusion accuracy');
#54 = CONTEXT_DEPENDENT_SHAPE_REPRESENTATION(#55,#57);
#55 = ( REPRESENTATION_RELATIONSHIP('','',#36,#10) 
REPRESENTATION_RELATIONSHIP_WITH_TRANSFORMATION(#56) 
SHAPE_REPRESENTATION_RELATIONSHIP() );
#56 = ITEM_DEFINED_TRANSFORMATION('','',#11,#15);
#57 = PRODUCT_DEFINITION_SHAPE('Placement','Placement of an item',#58);
#58 = NEXT_ASSEMBLY_USAGE_OCCURRENCE('6','','',#5,#31,$);
#59 = PRODUCT_RELATED_PRODUCT_CATEGORY('part',$,(#33));
#60 = SHAPE_DEFINITION_REPRESENTATION(#61,#67);
#61 = PRODUCT_DEFINITION_SHAPE('','',#62);
#62 = PRODUCT_DEFINITION('design','',#63,#66);
#63 = PRODUCT_DEFINITION_FORMATION('','',#64);
#64 = PRODUCT('Open CASCADE STEP translator 7.8 1.1.1',
  'Open CASCADE STEP translator 7.8 1.1.1','',(#65));
#65 = PRODUCT_CONTEXT('',#2,'mechanical');
#66 = PRODUCT_DEFINITION_CONTEXT('part definition',#2,'design');
#67 = ADVANCED_BREP_SHAPE_REPRESENTATION('',(#11,#68),#3385);
#68 = MANIFOLD_SOLID_BREP('',#69);
#69 = CLOSED_SHELL('',(#70,#321,#397,#641,#717,#803,#1145,#1221,#1271,
    #1320,#1370,#1424,#1478,#1505,#1706,#1733,#1904,#1986,#2161,#2233,
    #2563,#2645,#2716,#2828,#2860,#2910,#2964,#3014,#3068,#3116,#3166,
    #3193,#3200,#3227,#3254,#3302,#3321,#3328,#3363,#3370));
#70 = ADVANCED_FACE('',(#71),#98,.F.);
#71 = FACE_BOUND('',#72,.F.);
#72 = EDGE_LOOP('',(#73,#209,#237,#266,#294));
#73 = ORIENTED_EDGE('',*,*,#74,.F.);
#74 = EDGE_CURVE('',#75,#77,#79,.T.);
#75 = VERTEX_POINT('',#76);
#76 = CARTESIAN_POINT('',(7.000000096858,-4.7,0.359302081526));
#77 = VERTEX_POINT('',#78);
#78 = CARTESIAN_POINT('',(6.520204207195,-5.059302081526,
    2.081668171172E-16));
#79 = SURFACE_CURVE('',#80,(#97,#153),.PCURVE_S1.);
#80 = B_SPLINE_CURVE_WITH_KNOTS('',3,(#81,#82,#83,#84,#85,#86,#87,#88,
    #89,#90,#91,#92,#93,#94,#95,#96),.UNSPECIFIED.,.F.,.F.,(4,2,2,2,2,2,
    2,4),(0.223999461616,0.232971857141,0.244437694714,0.255903532287,
    0.26601572556,0.276127918833,0.295594095912,0.301248907446),
  .UNSPECIFIED.);
#81 = CARTESIAN_POINT('',(7.000000096858,-4.7,0.359302081526));
#82 = CARTESIAN_POINT('',(6.991287694821,-4.7,0.32959180058));
#83 = CARTESIAN_POINT('',(6.979758964191,-4.700211296663,0.300581433489)
  );
#84 = CARTESIAN_POINT('',(6.947744231136,-4.702412386029,0.237751096524)
  );
#85 = CARTESIAN_POINT('',(6.925588138093,-4.704893591636,0.204766701416)
  );
#86 = CARTESIAN_POINT('',(6.875294382773,-4.715130759365,0.145865041042)
  );
#87 = CARTESIAN_POINT('',(6.847151477166,-4.722897381327,0.119954106303)
  );
#88 = CARTESIAN_POINT('',(6.79201731795,-4.744464159855,
    7.910611100042E-02));
#89 = CARTESIAN_POINT('',(6.762788944616,-4.758553149294,
    6.164228087427E-02));
#90 = CARTESIAN_POINT('',(6.705486787731,-4.794529441992,
    3.451616319634E-02));
#91 = CARTESIAN_POINT('',(6.677504025442,-4.816478335913,
    2.474350798479E-02));
#92 = CARTESIAN_POINT('',(6.607770283459,-4.88344895943,
    5.42953317742E-03));
#93 = CARTESIAN_POINT('',(6.567293643897,-4.940288951164,
    1.49276641724E-03));
#94 = CARTESIAN_POINT('',(6.532529520398,-5.02148784079,
    9.058549889605E-05));
#95 = CARTESIAN_POINT('',(6.525787931237,-5.040260948057,
    2.088506260948E-16));
#96 = CARTESIAN_POINT('',(6.520204207195,-5.059302081526,
    2.081668171172E-16));
#97 = PCURVE('',#98,#103);
#98 = CYLINDRICAL_SURFACE('',#99,0.5);
#99 = AXIS2_PLACEMENT_3D('',#100,#101,#102);
#100 = CARTESIAN_POINT('',(7.000000096858,-5.2,-0.375));
#101 = DIRECTION('',(0.,0.,-1.));
#102 = DIRECTION('',(-0.707106781187,0.707106781187,0.));
#103 = DEFINITIONAL_REPRESENTATION('',(#104),#152);
#104 = B_SPLINE_CURVE_WITH_KNOTS('',3,(#105,#106,#107,#108,#109,#110,
    #111,#112,#113,#114,#115,#116,#117,#118,#119,#120,#121,#122,#123,
    #124,#125,#126,#127,#128,#129,#130,#131,#132,#133,#134,#135,#136,
    #137,#138,#139,#140,#141,#142,#143,#144,#145,#146,#147,#148,#149,
    #150,#151),.UNSPECIFIED.,.F.,.F.,(4,1,1,1,1,1,1,1,1,1,1,1,1,1,1,1,1,
    1,1,1,1,1,1,1,1,1,1,1,1,1,1,1,1,1,1,1,1,1,1,1,1,1,1,1,4),(
    0.223999461616,0.225755130839,0.227510800062,0.229266469286,
    0.231022138509,0.232777807733,0.234533476956,0.23628914618,
    0.238044815403,0.239800484626,0.24155615385,0.243311823073,
    0.245067492297,0.24682316152,0.248578830743,0.250334499967,
    0.25209016919,0.253845838414,0.255601507637,0.257357176861,
    0.259112846084,0.260868515307,0.262624184531,0.264379853754,
    0.266135522978,0.267891192201,0.269646861424,0.271402530648,
    0.273158199871,0.274913869095,0.276669538318,0.278425207542,
    0.280180876765,0.281936545988,0.283692215212,0.285447884435,
    0.287203553659,0.288959222882,0.290714892105,0.292470561329,
    0.294226230552,0.295981899776,0.297737568999,0.299493238222,
    0.301248907446),.QUASI_UNIFORM_KNOTS.);
#105 = CARTESIAN_POINT('',(0.785398163397,-0.734302081526));
#106 = CARTESIAN_POINT('',(0.781988467591,-0.728488536445));
#107 = CARTESIAN_POINT('',(0.774738148809,-0.716915046236));
#108 = CARTESIAN_POINT('',(0.762593140092,-0.699748308151));
#109 = CARTESIAN_POINT('',(0.749202619948,-0.682807859142));
#110 = CARTESIAN_POINT('',(0.734587918962,-0.666126160364));
#111 = CARTESIAN_POINT('',(0.718772400419,-0.649736901248));
#112 = CARTESIAN_POINT('',(0.701765778668,-0.633669188824));
#113 = CARTESIAN_POINT('',(0.683591370701,-0.617942661507));
#114 = CARTESIAN_POINT('',(0.664294309715,-0.602586660674));
#115 = CARTESIAN_POINT('',(0.643911008951,-0.587628001245));
#116 = CARTESIAN_POINT('',(0.622476726937,-0.573094245789));
#117 = CARTESIAN_POINT('',(0.600024068874,-0.559012492734));
#118 = CARTESIAN_POINT('',(0.576580403662,-0.545410949427));
#119 = CARTESIAN_POINT('',(0.55217925096,-0.532313594508));
#120 = CARTESIAN_POINT('',(0.526877217427,-0.519733517247));
#121 = CARTESIAN_POINT('',(0.500722128483,-0.507684964207));
#122 = CARTESIAN_POINT('',(0.473767206369,-0.496183910148));
#123 = CARTESIAN_POINT('',(0.446033922074,-0.485238259753));
#124 = CARTESIAN_POINT('',(0.417644203335,-0.474886469811));
#125 = CARTESIAN_POINT('',(0.3883263768,-0.465052858762));
#126 = CARTESIAN_POINT('',(0.357326837396,-0.455526913526));
#127 = CARTESIAN_POINT('',(0.325079502198,-0.446446483792));
#128 = CARTESIAN_POINT('',(0.291718115007,-0.437863443364));
#129 = CARTESIAN_POINT('',(0.257450189515,-0.429851057493));
#130 = CARTESIAN_POINT('',(0.22244836644,-0.422483001526));
#131 = CARTESIAN_POINT('',(0.186897097088,-0.415809611797));
#132 = CARTESIAN_POINT('',(0.151043354505,-0.409798256015));
#133 = CARTESIAN_POINT('',(0.115122554388,-0.404432387318));
#134 = CARTESIAN_POINT('',(7.940456612942E-02,-0.399693868535));
#135 = CARTESIAN_POINT('',(4.405581602121E-02,-0.395554838296));
#136 = CARTESIAN_POINT('',(9.624250197813E-03,-0.392027922346));
#137 = CARTESIAN_POINT('',(-2.516650073876E-02,-0.388931921253));
#138 = CARTESIAN_POINT('',(-6.041002938267E-02,-0.38622716043));
#139 = CARTESIAN_POINT('',(-9.602280929667E-02,-0.383891206984));
#140 = CARTESIAN_POINT('',(-0.131967615946,-0.381897007897));
#141 = CARTESIAN_POINT('',(-0.168194590142,-0.380218748971));
#142 = CARTESIAN_POINT('',(-0.204658027712,-0.378830280842));
#143 = CARTESIAN_POINT('',(-0.241312909155,-0.377705555994));
#144 = CARTESIAN_POINT('',(-0.278116923399,-0.376818454686));
#145 = CARTESIAN_POINT('',(-0.315030845654,-0.376143044225));
#146 = CARTESIAN_POINT('',(-0.352019969569,-0.375652715955));
#147 = CARTESIAN_POINT('',(-0.389052837838,-0.375323378025));
#148 = CARTESIAN_POINT('',(-0.426110467518,-0.375120258366));
#149 = CARTESIAN_POINT('',(-0.463159003632,-0.375017445925));
#150 = CARTESIAN_POINT('',(-0.487828336428,-0.375));
#151 = CARTESIAN_POINT('',(-0.500149748418,-0.375));
#152 = ( GEOMETRIC_REPRESENTATION_CONTEXT(2) 
PARAMETRIC_REPRESENTATION_CONTEXT() REPRESENTATION_CONTEXT('2D SPACE',''
  ) );
#153 = PCURVE('',#154,#159);
#154 = CYLINDRICAL_SURFACE('',#155,0.5);
#155 = AXIS2_PLACEMENT_3D('',#156,#157,#158);
#156 = CARTESIAN_POINT('',(6.520204207195,4.408749988824,0.5));
#157 = DIRECTION('',(0.,-1.,0.));
#158 = DIRECTION('',(0.,0.,1.));
#159 = DEFINITIONAL_REPRESENTATION('',(#160),#208);
#160 = B_SPLINE_CURVE_WITH_KNOTS('',3,(#161,#162,#163,#164,#165,#166,
    #167,#168,#169,#170,#171,#172,#173,#174,#175,#176,#177,#178,#179,
    #180,#181,#182,#183,#184,#185,#186,#187,#188,#189,#190,#191,#192,
    #193,#194,#195,#196,#197,#198,#199,#200,#201,#202,#203,#204,#205,
    #206,#207),.UNSPECIFIED.,.F.,.F.,(4,1,1,1,1,1,1,1,1,1,1,1,1,1,1,1,1,
    1,1,1,1,1,1,1,1,1,1,1,1,1,1,1,1,1,1,1,1,1,1,1,1,1,1,1,4),(
    0.223999461616,0.225755130839,0.227510800062,0.229266469286,
    0.231022138509,0.232777807733,0.234533476956,0.23628914618,
    0.238044815403,0.239800484626,0.24155615385,0.243311823073,
    0.245067492297,0.24682316152,0.248578830743,0.250334499967,
    0.25209016919,0.253845838414,0.255601507637,0.257357176861,
    0.259112846084,0.260868515307,0.262624184531,0.264379853754,
    0.266135522978,0.267891192201,0.269646861424,0.271402530648,
    0.273158199871,0.274913869095,0.276669538318,0.278425207542,
    0.280180876765,0.281936545988,0.283692215212,0.285447884435,
    0.287203553659,0.288959222882,0.290714892105,0.292470561329,
    0.294226230552,0.295981899776,0.297737568999,0.299493238222,
    0.301248907446),.QUASI_UNIFORM_KNOTS.);
#161 = CARTESIAN_POINT('',(4.427140565406,9.108749988824));
#162 = CARTESIAN_POINT('',(4.415023923654,9.108749988824));
#163 = CARTESIAN_POINT('',(4.390771882701,9.108766168964));
#164 = CARTESIAN_POINT('',(4.35435988342,9.108863422653));
#165 = CARTESIAN_POINT('',(4.317936398562,9.109058090902));
#166 = CARTESIAN_POINT('',(4.281523468181,9.109374646716));
#167 = CARTESIAN_POINT('',(4.245146550566,9.109837407381));
#168 = CARTESIAN_POINT('',(4.208816414985,9.110471271131));
#169 = CARTESIAN_POINT('',(4.172533712162,9.111307357059));
#170 = CARTESIAN_POINT('',(4.13632982236,9.112375336159));
#171 = CARTESIAN_POINT('',(4.10023053826,9.113705244755));
#172 = CARTESIAN_POINT('',(4.064264787026,9.115327043891));
#173 = CARTESIAN_POINT('',(4.028461471671,9.117270630394));
#174 = CARTESIAN_POINT('',(3.992849741841,9.119566233237));
#175 = CARTESIAN_POINT('',(3.957457539276,9.12224305212));
#176 = CARTESIAN_POINT('',(3.922314485567,9.125322753161));
#177 = CARTESIAN_POINT('',(3.887452016614,9.128828373064));
#178 = CARTESIAN_POINT('',(3.852912450626,9.132781185401));
#179 = CARTESIAN_POINT('',(3.818710037926,9.137208145688));
#180 = CARTESIAN_POINT('',(3.784973836686,9.1421152448));
#181 = CARTESIAN_POINT('',(3.751411361517,9.147586650225));
#182 = CARTESIAN_POINT('',(3.71722347386,9.153813183343));
#183 = CARTESIAN_POINT('',(3.682908311856,9.160745240102));
#184 = CARTESIAN_POINT('',(3.648647675047,9.168392735663));
#185 = CARTESIAN_POINT('',(3.614710170623,9.176749992232));
#186 = CARTESIAN_POINT('',(3.581337763751,9.185814184626));
#187 = CARTESIAN_POINT('',(3.548777998593,9.195586796526));
#188 = CARTESIAN_POINT('',(3.517179684018,9.205974663126));
#189 = CARTESIAN_POINT('',(3.486694416564,9.216884595113));
#190 = CARTESIAN_POINT('',(3.457503067182,9.228214685431));
#191 = CARTESIAN_POINT('',(3.429714084119,9.239897922509));
#192 = CARTESIAN_POINT('',(3.403733726207,9.251736430568));
#193 = CARTESIAN_POINT('',(3.378585445014,9.264151793804));
#194 = CARTESIAN_POINT('',(3.354203853165,9.277161612313));
#195 = CARTESIAN_POINT('',(3.330660592093,9.290723862435));
#196 = CARTESIAN_POINT('',(3.307995066415,9.304812496299));
#197 = CARTESIAN_POINT('',(3.286259382978,9.319397186626));
#198 = CARTESIAN_POINT('',(3.265505878879,9.334448747982));
#199 = CARTESIAN_POINT('',(3.245790244731,9.349937706965));
#200 = CARTESIAN_POINT('',(3.227169859,9.365834600195));
#201 = CARTESIAN_POINT('',(3.209705882124,9.382110212175));
#202 = CARTESIAN_POINT('',(3.193455308824,9.398734325854));
#203 = CARTESIAN_POINT('',(3.178499633477,9.415680482511));
#204 = CARTESIAN_POINT('',(3.164826814497,9.432906533062));
#205 = CARTESIAN_POINT('',(3.152440419364,9.450368405965));
#206 = CARTESIAN_POINT('',(3.145059951218,9.462140302679));
#207 = CARTESIAN_POINT('',(3.14159265359,9.468052070351));
#208 = ( GEOMETRIC_REPRESENTATION_CONTEXT(2) 
PARAMETRIC_REPRESENTATION_CONTEXT() REPRESENTATION_CONTEXT('2D SPACE',''
  ) );
#209 = ORIENTED_EDGE('',*,*,#210,.F.);
#210 = EDGE_CURVE('',#211,#75,#213,.T.);
#211 = VERTEX_POINT('',#212);
#212 = CARTESIAN_POINT('',(7.000000096858,-4.7,-0.5));
#213 = SURFACE_CURVE('',#214,(#218,#225),.PCURVE_S1.);
#214 = LINE('',#215,#216);
#215 = CARTESIAN_POINT('',(7.000000096858,-4.7,-0.375));
#216 = VECTOR('',#217,1.);
#217 = DIRECTION('',(0.,0.,1.));
#218 = PCURVE('',#98,#219);
#219 = DEFINITIONAL_REPRESENTATION('',(#220),#224);
#220 = LINE('',#221,#222);
#221 = CARTESIAN_POINT('',(0.785398163397,0.));
#222 = VECTOR('',#223,1.);
#223 = DIRECTION('',(0.,-1.));
#224 = ( GEOMETRIC_REPRESENTATION_CONTEXT(2) 
PARAMETRIC_REPRESENTATION_CONTEXT() REPRESENTATION_CONTEXT('2D SPACE',''
  ) );
#225 = PCURVE('',#226,#231);
#226 = PLANE('',#227);
#227 = AXIS2_PLACEMENT_3D('',#228,#229,#230);
#228 = CARTESIAN_POINT('',(0.,-4.7,-0.25));
#229 = DIRECTION('',(0.,-1.,0.));
#230 = DIRECTION('',(0.,0.,-1.));
#231 = DEFINITIONAL_REPRESENTATION('',(#232),#236);
#232 = LINE('',#233,#234);
#233 = CARTESIAN_POINT('',(0.125,7.000000096858));
#234 = VECTOR('',#235,1.);
#235 = DIRECTION('',(-1.,0.));
#236 = ( GEOMETRIC_REPRESENTATION_CONTEXT(2) 
PARAMETRIC_REPRESENTATION_CONTEXT() REPRESENTATION_CONTEXT('2D SPACE',''
  ) );
#237 = ORIENTED_EDGE('',*,*,#238,.F.);
#238 = EDGE_CURVE('',#239,#211,#241,.T.);
#239 = VERTEX_POINT('',#240);
#240 = CARTESIAN_POINT('',(6.500000096858,-5.2,-0.5));
#241 = SURFACE_CURVE('',#242,(#247,#254),.PCURVE_S1.);
#242 = CIRCLE('',#243,0.5);
#243 = AXIS2_PLACEMENT_3D('',#244,#245,#246);
#244 = CARTESIAN_POINT('',(7.000000096858,-5.2,-0.5));
#245 = DIRECTION('',(0.,0.,-1.));
#246 = DIRECTION('',(-0.707106781187,0.707106781187,0.));
#247 = PCURVE('',#98,#248);
#248 = DEFINITIONAL_REPRESENTATION('',(#249),#253);
#249 = LINE('',#250,#251);
#250 = CARTESIAN_POINT('',(-6.28318530718,0.125));
#251 = VECTOR('',#252,1.);
#252 = DIRECTION('',(1.,0.));
#253 = ( GEOMETRIC_REPRESENTATION_CONTEXT(2) 
PARAMETRIC_REPRESENTATION_CONTEXT() REPRESENTATION_CONTEXT('2D SPACE',''
  ) );
#254 = PCURVE('',#255,#260);
#255 = PLANE('',#256);
#256 = AXIS2_PLACEMENT_3D('',#257,#258,#259);
#257 = CARTESIAN_POINT('',(11.5,-1.7,-0.5));
#258 = DIRECTION('',(0.,0.,-1.));
#259 = DIRECTION('',(-1.,0.,0.));
#260 = DEFINITIONAL_REPRESENTATION('',(#261),#265);
#261 = CIRCLE('',#262,0.5);
#262 = AXIS2_PLACEMENT_2D('',#263,#264);
#263 = CARTESIAN_POINT('',(4.499999903142,-3.5));
#264 = DIRECTION('',(0.707106781187,0.707106781187));
#265 = ( GEOMETRIC_REPRESENTATION_CONTEXT(2) 
PARAMETRIC_REPRESENTATION_CONTEXT() REPRESENTATION_CONTEXT('2D SPACE',''
  ) );
#266 = ORIENTED_EDGE('',*,*,#267,.F.);
#267 = EDGE_CURVE('',#268,#239,#270,.T.);
#268 = VERTEX_POINT('',#269);
#269 = CARTESIAN_POINT('',(6.500000096858,-5.2,-2.081668171172E-16));
#270 = SURFACE_CURVE('',#271,(#275,#282),.PCURVE_S1.);
#271 = LINE('',#272,#273);
#272 = CARTESIAN_POINT('',(6.500000096858,-5.2,-0.375));
#273 = VECTOR('',#274,1.);
#274 = DIRECTION('',(0.,0.,-1.));
#275 = PCURVE('',#98,#276);
#276 = DEFINITIONAL_REPRESENTATION('',(#277),#281);
#277 = LINE('',#278,#279);
#278 = CARTESIAN_POINT('',(-0.785398163397,0.));
#279 = VECTOR('',#280,1.);
#280 = DIRECTION('',(0.,1.));
#281 = ( GEOMETRIC_REPRESENTATION_CONTEXT(2) 
PARAMETRIC_REPRESENTATION_CONTEXT() REPRESENTATION_CONTEXT('2D SPACE',''
  ) );
#282 = PCURVE('',#283,#288);
#283 = PLANE('',#284);
#284 = AXIS2_PLACEMENT_3D('',#285,#286,#287);
#285 = CARTESIAN_POINT('',(6.500000096858,-6.200000067055,-0.5));
#286 = DIRECTION('',(1.,0.,0.));
#287 = DIRECTION('',(0.,1.,0.));
#288 = DEFINITIONAL_REPRESENTATION('',(#289),#293);
#289 = LINE('',#290,#291);
#290 = CARTESIAN_POINT('',(1.000000067055,0.125));
#291 = VECTOR('',#292,1.);
#292 = DIRECTION('',(0.,-1.));
#293 = ( GEOMETRIC_REPRESENTATION_CONTEXT(2) 
PARAMETRIC_REPRESENTATION_CONTEXT() REPRESENTATION_CONTEXT('2D SPACE',''
  ) );
#294 = ORIENTED_EDGE('',*,*,#295,.F.);
#295 = EDGE_CURVE('',#77,#268,#296,.T.);
#296 = SURFACE_CURVE('',#297,(#302,#309),.PCURVE_S1.);
#297 = CIRCLE('',#298,0.5);
#298 = AXIS2_PLACEMENT_3D('',#299,#300,#301);
#299 = CARTESIAN_POINT('',(7.000000096858,-5.2,2.081668171172E-16));
#300 = DIRECTION('',(0.,0.,1.));
#301 = DIRECTION('',(-0.707106781187,0.707106781187,0.));
#302 = PCURVE('',#98,#303);
#303 = DEFINITIONAL_REPRESENTATION('',(#304),#308);
#304 = LINE('',#305,#306);
#305 = CARTESIAN_POINT('',(5.551115123126E-16,-0.375));
#306 = VECTOR('',#307,1.);
#307 = DIRECTION('',(-1.,0.));
#308 = ( GEOMETRIC_REPRESENTATION_CONTEXT(2) 
PARAMETRIC_REPRESENTATION_CONTEXT() REPRESENTATION_CONTEXT('2D SPACE',''
  ) );
#309 = PCURVE('',#310,#315);
#310 = PLANE('',#311);
#311 = AXIS2_PLACEMENT_3D('',#312,#313,#314);
#312 = CARTESIAN_POINT('',(-11.5,-1.7,2.081668171172E-16));
#313 = DIRECTION('',(0.,0.,1.));
#314 = DIRECTION('',(1.,0.,0.));
#315 = DEFINITIONAL_REPRESENTATION('',(#316),#320);
#316 = CIRCLE('',#317,0.5);
#317 = AXIS2_PLACEMENT_2D('',#318,#319);
#318 = CARTESIAN_POINT('',(18.500000096858,-3.5));
#319 = DIRECTION('',(-0.707106781187,0.707106781187));
#320 = ( GEOMETRIC_REPRESENTATION_CONTEXT(2) 
PARAMETRIC_REPRESENTATION_CONTEXT() REPRESENTATION_CONTEXT('2D SPACE',''
  ) );
#321 = ADVANCED_FACE('',(#322),#283,.T.);
#322 = FACE_BOUND('',#323,.T.);
#323 = EDGE_LOOP('',(#324,#325,#348,#376));
#324 = ORIENTED_EDGE('',*,*,#267,.F.);
#325 = ORIENTED_EDGE('',*,*,#326,.F.);
#326 = EDGE_CURVE('',#327,#268,#329,.T.);
#327 = VERTEX_POINT('',#328);
#328 = CARTESIAN_POINT('',(6.500000096858,-5.700000067055,
    -2.081668171172E-16));
#329 = SURFACE_CURVE('',#330,(#334,#341),.PCURVE_S1.);
#330 = LINE('',#331,#332);
#331 = CARTESIAN_POINT('',(6.500000096858,-3.309999932945,
    -2.081668171172E-16));
#332 = VECTOR('',#333,1.);
#333 = DIRECTION('',(0.,1.,0.));
#334 = PCURVE('',#283,#335);
#335 = DEFINITIONAL_REPRESENTATION('',(#336),#340);
#336 = LINE('',#337,#338);
#337 = CARTESIAN_POINT('',(2.89000013411,0.5));
#338 = VECTOR('',#339,1.);
#339 = DIRECTION('',(1.,0.));
#340 = ( GEOMETRIC_REPRESENTATION_CONTEXT(2) 
PARAMETRIC_REPRESENTATION_CONTEXT() REPRESENTATION_CONTEXT('2D SPACE',''
  ) );
#341 = PCURVE('',#310,#342);
#342 = DEFINITIONAL_REPRESENTATION('',(#343),#347);
#343 = LINE('',#344,#345);
#344 = CARTESIAN_POINT('',(18.000000096858,-1.609999932945));
#345 = VECTOR('',#346,1.);
#346 = DIRECTION('',(0.,1.));
#347 = ( GEOMETRIC_REPRESENTATION_CONTEXT(2) 
PARAMETRIC_REPRESENTATION_CONTEXT() REPRESENTATION_CONTEXT('2D SPACE',''
  ) );
#348 = ORIENTED_EDGE('',*,*,#349,.F.);
#349 = EDGE_CURVE('',#350,#327,#352,.T.);
#350 = VERTEX_POINT('',#351);
#351 = CARTESIAN_POINT('',(6.500000096858,-5.700000067055,-0.5));
#352 = SURFACE_CURVE('',#353,(#357,#364),.PCURVE_S1.);
#353 = LINE('',#354,#355);
#354 = CARTESIAN_POINT('',(6.500000096858,-5.700000067055,-0.5));
#355 = VECTOR('',#356,1.);
#356 = DIRECTION('',(0.,0.,1.));
#357 = PCURVE('',#283,#358);
#358 = DEFINITIONAL_REPRESENTATION('',(#359),#363);
#359 = LINE('',#360,#361);
#360 = CARTESIAN_POINT('',(0.5,0.));
#361 = VECTOR('',#362,1.);
#362 = DIRECTION('',(0.,1.));
#363 = ( GEOMETRIC_REPRESENTATION_CONTEXT(2) 
PARAMETRIC_REPRESENTATION_CONTEXT() REPRESENTATION_CONTEXT('2D SPACE',''
  ) );
#364 = PCURVE('',#365,#370);
#365 = CYLINDRICAL_SURFACE('',#366,0.5);
#366 = AXIS2_PLACEMENT_3D('',#367,#368,#369);
#367 = CARTESIAN_POINT('',(6.000000096858,-5.700000067055,-0.5));
#368 = DIRECTION('',(0.,0.,1.));
#369 = DIRECTION('',(0.707106781187,-0.707106781187,0.));
#370 = DEFINITIONAL_REPRESENTATION('',(#371),#375);
#371 = LINE('',#372,#373);
#372 = CARTESIAN_POINT('',(0.785398163397,0.));
#373 = VECTOR('',#374,1.);
#374 = DIRECTION('',(0.,1.));
#375 = ( GEOMETRIC_REPRESENTATION_CONTEXT(2) 
PARAMETRIC_REPRESENTATION_CONTEXT() REPRESENTATION_CONTEXT('2D SPACE',''
  ) );
#376 = ORIENTED_EDGE('',*,*,#377,.F.);
#377 = EDGE_CURVE('',#239,#350,#378,.T.);
#378 = SURFACE_CURVE('',#379,(#383,#390),.PCURVE_S1.);
#379 = LINE('',#380,#381);
#380 = CARTESIAN_POINT('',(6.500000096858,-3.309999932945,-0.5));
#381 = VECTOR('',#382,1.);
#382 = DIRECTION('',(0.,-1.,0.));
#383 = PCURVE('',#283,#384);
#384 = DEFINITIONAL_REPRESENTATION('',(#385),#389);
#385 = LINE('',#386,#387);
#386 = CARTESIAN_POINT('',(2.89000013411,0.));
#387 = VECTOR('',#388,1.);
#388 = DIRECTION('',(-1.,0.));
#389 = ( GEOMETRIC_REPRESENTATION_CONTEXT(2) 
PARAMETRIC_REPRESENTATION_CONTEXT() REPRESENTATION_CONTEXT('2D SPACE',''
  ) );
#390 = PCURVE('',#255,#391);
#391 = DEFINITIONAL_REPRESENTATION('',(#392),#396);
#392 = LINE('',#393,#394);
#393 = CARTESIAN_POINT('',(4.999999903142,-1.609999932945));
#394 = VECTOR('',#395,1.);
#395 = DIRECTION('',(0.,-1.));
#396 = ( GEOMETRIC_REPRESENTATION_CONTEXT(2) 
PARAMETRIC_REPRESENTATION_CONTEXT() REPRESENTATION_CONTEXT('2D SPACE',''
  ) );
#397 = ADVANCED_FACE('',(#398),#425,.F.);
#398 = FACE_BOUND('',#399,.F.);
#399 = EDGE_LOOP('',(#400,#536,#564,#588,#616));
#400 = ORIENTED_EDGE('',*,*,#401,.F.);
#401 = EDGE_CURVE('',#402,#404,#406,.T.);
#402 = VERTEX_POINT('',#403);
#403 = CARTESIAN_POINT('',(-6.500000096858,-5.2,-2.081668171172E-16));
#404 = VERTEX_POINT('',#405);
#405 = CARTESIAN_POINT('',(-6.989898052154,-4.700102061724,
    0.399999996518));
#406 = SURFACE_CURVE('',#407,(#424,#480),.PCURVE_S1.);
#407 = B_SPLINE_CURVE_WITH_KNOTS('',3,(#408,#409,#410,#411,#412,#413,
    #414,#415,#416,#417,#418,#419,#420,#421,#422,#423),.UNSPECIFIED.,.F.
  ,.F.,(4,2,2,2,2,2,2,4),(0.102859572174,0.121828229737,0.1407968873,
    0.15071351444,0.16063014158,0.171902392271,0.183174642963,
    0.195828516591),.UNSPECIFIED.);
#408 = CARTESIAN_POINT('',(-6.500000096858,-5.2,2.775557561563E-16));
#409 = CARTESIAN_POINT('',(-6.500000096858,-5.136771141456,
    2.775557560909E-16));
#410 = CARTESIAN_POINT('',(-6.512752517488,-5.069417082023,
    -5.006881279376E-04));
#411 = CARTESIAN_POINT('',(-6.564120003819,-4.946089354397,
    3.459742357983E-03));
#412 = CARTESIAN_POINT('',(-6.602750477679,-4.890142837341,
    8.542078343348E-03));
#413 = CARTESIAN_POINT('',(-6.669290667727,-4.823602648284,
    2.892514422835E-02));
#414 = CARTESIAN_POINT('',(-6.696131808601,-4.801560427888,
    3.904584846445E-02));
#415 = CARTESIAN_POINT('',(-6.751160423084,-4.765064561262,
    6.656617861842E-02));
#416 = CARTESIAN_POINT('',(-6.779256709951,-4.750553403796,
    8.407166266503E-02));
#417 = CARTESIAN_POINT('',(-6.832368189366,-4.727937903673,
    0.124768705355));
#418 = CARTESIAN_POINT('',(-6.859591592585,-4.719475810733,0.150514463)
  );
#419 = CARTESIAN_POINT('',(-6.908293542496,-4.707835789053,
    0.208897728436));
#420 = CARTESIAN_POINT('',(-6.929776869721,-4.704646239644,
    0.241528930728));
#421 = CARTESIAN_POINT('',(-6.966736888754,-4.700720582177,
    0.315429054353));
#422 = CARTESIAN_POINT('',(-6.981198216596,-4.700277869866,
    0.357379682136));
#423 = CARTESIAN_POINT('',(-6.989898052154,-4.700102061724,
    0.399999996517));
#424 = PCURVE('',#425,#430);
#425 = CYLINDRICAL_SURFACE('',#426,0.5);
#426 = AXIS2_PLACEMENT_3D('',#427,#428,#429);
#427 = CARTESIAN_POINT('',(-7.000000096858,-5.2,-0.375));
#428 = DIRECTION('',(0.,0.,1.));
#429 = DIRECTION('',(0.707106781187,0.707106781187,0.));
#430 = DEFINITIONAL_REPRESENTATION('',(#431),#479);
#431 = B_SPLINE_CURVE_WITH_KNOTS('',3,(#432,#433,#434,#435,#436,#437,
    #438,#439,#440,#441,#442,#443,#444,#445,#446,#447,#448,#449,#450,
    #451,#452,#453,#454,#455,#456,#457,#458,#459,#460,#461,#462,#463,
    #464,#465,#466,#467,#468,#469,#470,#471,#472,#473,#474,#475,#476,
    #477,#478),.UNSPECIFIED.,.F.,.F.,(4,1,1,1,1,1,1,1,1,1,1,1,1,1,1,1,1,
    1,1,1,1,1,1,1,1,1,1,1,1,1,1,1,1,1,1,1,1,1,1,1,1,1,1,1,4),(
    0.102859572174,0.104972502729,0.107085433284,0.109198363839,
    0.111311294393,0.113424224948,0.115537155503,0.117650086058,
    0.119763016613,0.121875947168,0.123988877723,0.126101808278,
    0.128214738833,0.130327669388,0.132440599943,0.134553530498,
    0.136666461053,0.138779391608,0.140892322163,0.143005252718,
    0.145118183273,0.147231113828,0.149344044383,0.151456974937,
    0.153569905492,0.155682836047,0.157795766602,0.159908697157,
    0.162021627712,0.164134558267,0.166247488822,0.168360419377,
    0.170473349932,0.172586280487,0.174699211042,0.176812141597,
    0.178925072152,0.181038002707,0.183150933262,0.185263863817,
    0.187376794372,0.189489724927,0.191602655481,0.193715586036,
    0.195828516591),.QUASI_UNIFORM_KNOTS.);
#432 = CARTESIAN_POINT('',(5.497787143782,0.375));
#433 = CARTESIAN_POINT('',(5.51187304026,0.375));
#434 = CARTESIAN_POINT('',(5.540250785408,0.374987574934));
#435 = CARTESIAN_POINT('',(5.583355533142,0.374956388719));
#436 = CARTESIAN_POINT('',(5.626919709877,0.374937376187));
#437 = CARTESIAN_POINT('',(5.670861025146,0.374955274622));
#438 = CARTESIAN_POINT('',(5.715097347784,0.375034765657));
#439 = CARTESIAN_POINT('',(5.759548377308,0.375200738538));
#440 = CARTESIAN_POINT('',(5.804137978153,0.375477307715));
#441 = CARTESIAN_POINT('',(5.848796251628,0.37589147921));
#442 = CARTESIAN_POINT('',(5.893461902612,0.376459467547));
#443 = CARTESIAN_POINT('',(5.938083230328,0.377237832643));
#444 = CARTESIAN_POINT('',(5.982606946068,0.378297020822));
#445 = CARTESIAN_POINT('',(6.026968322156,0.379672826622));
#446 = CARTESIAN_POINT('',(6.071093587006,0.381410402524));
#447 = CARTESIAN_POINT('',(6.114899078663,0.383552121025));
#448 = CARTESIAN_POINT('',(6.158305283564,0.386142116614));
#449 = CARTESIAN_POINT('',(6.201194988583,0.389220255797));
#450 = CARTESIAN_POINT('',(6.243580105713,0.392841715023));
#451 = CARTESIAN_POINT('',(6.284989255081,0.397004698945));
#452 = CARTESIAN_POINT('',(6.326774880181,0.401921411426));
#453 = CARTESIAN_POINT('',(6.369559016029,0.407746380394));
#454 = CARTESIAN_POINT('',(6.412609528402,0.41447661347));
#455 = CARTESIAN_POINT('',(6.455555402204,0.422149406474));
#456 = CARTESIAN_POINT('',(6.497931477077,0.430798422728));
#457 = CARTESIAN_POINT('',(6.539333462767,0.440435398616));
#458 = CARTESIAN_POINT('',(6.579454952345,0.450916071539));
#459 = CARTESIAN_POINT('',(6.617956417943,0.462117538301));
#460 = CARTESIAN_POINT('',(6.654476139003,0.473908126261));
#461 = CARTESIAN_POINT('',(6.688687678649,0.486169881149));
#462 = CARTESIAN_POINT('',(6.722091838896,0.499345065439));
#463 = CARTESIAN_POINT('',(6.754331384234,0.513323074784));
#464 = CARTESIAN_POINT('',(6.785400941798,0.52810113345));
#465 = CARTESIAN_POINT('',(6.815192738937,0.543646953661));
#466 = CARTESIAN_POINT('',(6.843612767343,0.559938467195));
#467 = CARTESIAN_POINT('',(6.870578905092,0.576941011369));
#468 = CARTESIAN_POINT('',(6.896046211556,0.594602571006));
#469 = CARTESIAN_POINT('',(6.919954935847,0.612874024567));
#470 = CARTESIAN_POINT('',(6.942242541743,0.631706457568));
#471 = CARTESIAN_POINT('',(6.96283721373,0.651047233661));
#472 = CARTESIAN_POINT('',(6.981674355376,0.670858396904));
#473 = CARTESIAN_POINT('',(6.998740009977,0.691091128605));
#474 = CARTESIAN_POINT('',(7.014004966855,0.711680689161));
#475 = CARTESIAN_POINT('',(7.027441098922,0.73256660315));
#476 = CARTESIAN_POINT('',(7.039017174669,0.753687252173));
#477 = CARTESIAN_POINT('',(7.045471866285,0.767883301095));
#478 = CARTESIAN_POINT('',(7.048378006348,0.774999996517));
#479 = ( GEOMETRIC_REPRESENTATION_CONTEXT(2) 
PARAMETRIC_REPRESENTATION_CONTEXT() REPRESENTATION_CONTEXT('2D SPACE',''
  ) );
#480 = PCURVE('',#481,#486);
#481 = CYLINDRICAL_SURFACE('',#482,0.5);
#482 = AXIS2_PLACEMENT_3D('',#483,#484,#485);
#483 = CARTESIAN_POINT('',(-6.500000104308,-3.200000022352,0.5));
#484 = DIRECTION('',(0.,-1.,0.));
#485 = DIRECTION('',(-0.707106781187,-0.,-0.707106781187));
#486 = DEFINITIONAL_REPRESENTATION('',(#487),#535);
#487 = B_SPLINE_CURVE_WITH_KNOTS('',3,(#488,#489,#490,#491,#492,#493,
    #494,#495,#496,#497,#498,#499,#500,#501,#502,#503,#504,#505,#506,
    #507,#508,#509,#510,#511,#512,#513,#514,#515,#516,#517,#518,#519,
    #520,#521,#522,#523,#524,#525,#526,#527,#528,#529,#530,#531,#532,
    #533,#534),.UNSPECIFIED.,.F.,.F.,(4,1,1,1,1,1,1,1,1,1,1,1,1,1,1,1,1,
    1,1,1,1,1,1,1,1,1,1,1,1,1,1,1,1,1,1,1,1,1,1,1,1,1,1,1,4),(
    0.102859572174,0.104972502729,0.107085433284,0.109198363839,
    0.111311294393,0.113424224948,0.115537155503,0.117650086058,
    0.119763016613,0.121875947168,0.123988877723,0.126101808278,
    0.128214738833,0.130327669388,0.132440599943,0.134553530498,
    0.136666461053,0.138779391608,0.140892322163,0.143005252718,
    0.145118183273,0.147231113828,0.149344044383,0.151456974937,
    0.153569905492,0.155682836047,0.157795766602,0.159908697157,
    0.162021627712,0.164134558267,0.166247488822,0.168360419377,
    0.170473349932,0.172586280487,0.174699211042,0.176812141597,
    0.178925072152,0.181038002707,0.183150933262,0.185263863817,
    0.187376794372,0.189489724927,0.191602655481,0.193715586036,
    0.195828516591),.QUASI_UNIFORM_KNOTS.);
#488 = CARTESIAN_POINT('',(0.785398178299,1.999999977648));
#489 = CARTESIAN_POINT('',(0.785398169532,1.992956875798));
#490 = CARTESIAN_POINT('',(0.784765243452,1.978768302178));
#491 = CARTESIAN_POINT('',(0.781914369575,1.957259728376));
#492 = CARTESIAN_POINT('',(0.777159441906,1.935606837464));
#493 = CARTESIAN_POINT('',(0.770497226124,1.913891026163));
#494 = CARTESIAN_POINT('',(0.761923468628,1.892193689485));
#495 = CARTESIAN_POINT('',(0.751432631292,1.870596228816));
#496 = CARTESIAN_POINT('',(0.739018027129,1.849180021751));
#497 = CARTESIAN_POINT('',(0.724671541953,1.828026534684));
#498 = CARTESIAN_POINT('',(0.70838592102,1.807216902597));
#499 = CARTESIAN_POINT('',(0.690148548847,1.786833500105));
#500 = CARTESIAN_POINT('',(0.670071848289,1.766931297875));
#501 = CARTESIAN_POINT('',(0.648269302181,1.74756430458));
#502 = CARTESIAN_POINT('',(0.624848771472,1.728786569993));
#503 = CARTESIAN_POINT('',(0.599915995636,1.710652941488));
#504 = CARTESIAN_POINT('',(0.573564754303,1.693215034936));
#505 = CARTESIAN_POINT('',(0.545909568951,1.67653659461));
#506 = CARTESIAN_POINT('',(0.51696093029,1.660636082687));
#507 = CARTESIAN_POINT('',(0.487087264665,1.645700961323));
#508 = CARTESIAN_POINT('',(0.455277736545,1.631283740819));
#509 = CARTESIAN_POINT('',(0.421047943664,1.617188062405));
#510 = CARTESIAN_POINT('',(0.38491494732,1.603687798961));
#511 = CARTESIAN_POINT('',(0.34711813046,1.590925913161));
#512 = CARTESIAN_POINT('',(0.30793048205,1.579098776845));
#513 = CARTESIAN_POINT('',(0.267682972329,1.568307131322));
#514 = CARTESIAN_POINT('',(0.226842003837,1.558544719164));
#515 = CARTESIAN_POINT('',(0.185851252163,1.549826562805));
#516 = CARTESIAN_POINT('',(0.145172566356,1.542165021369));
#517 = CARTESIAN_POINT('',(0.105209076161,1.53556182735));
#518 = CARTESIAN_POINT('',(6.435018913761E-02,1.529637531978));
#519 = CARTESIAN_POINT('',(2.297931766578E-02,1.524418112693));
#520 = CARTESIAN_POINT('',(-1.891279545291E-02,1.519850262746));
#521 = CARTESIAN_POINT('',(-6.123626607164E-02,1.515901437206));
#522 = CARTESIAN_POINT('',(-0.103936722467,1.51253532806));
#523 = CARTESIAN_POINT('',(-0.146958355028,1.509708660981));
#524 = CARTESIAN_POINT('',(-0.190245210705,1.507368638743));
#525 = CARTESIAN_POINT('',(-0.233740450081,1.505464855799));
#526 = CARTESIAN_POINT('',(-0.277391244254,1.503945782291));
#527 = CARTESIAN_POINT('',(-0.321139466431,1.502761993926));
#528 = CARTESIAN_POINT('',(-0.364963834333,1.501856768458));
#529 = CARTESIAN_POINT('',(-0.408851007029,1.501185758326));
#530 = CARTESIAN_POINT('',(-0.452749809745,1.500712443207));
#531 = CARTESIAN_POINT('',(-0.496616444914,1.500398206362));
#532 = CARTESIAN_POINT('',(-0.540404023275,1.500204992979));
#533 = CARTESIAN_POINT('',(-0.569513533746,1.500131395631));
#534 = CARTESIAN_POINT('',(-0.584040235497,1.500102039372));
#535 = ( GEOMETRIC_REPRESENTATION_CONTEXT(2) 
PARAMETRIC_REPRESENTATION_CONTEXT() REPRESENTATION_CONTEXT('2D SPACE',''
  ) );
#536 = ORIENTED_EDGE('',*,*,#537,.F.);
#537 = EDGE_CURVE('',#538,#402,#540,.T.);
#538 = VERTEX_POINT('',#539);
#539 = CARTESIAN_POINT('',(-6.500000096858,-5.2,-0.5));
#540 = SURFACE_CURVE('',#541,(#545,#552),.PCURVE_S1.);
#541 = LINE('',#542,#543);
#542 = CARTESIAN_POINT('',(-6.500000096858,-5.2,-0.375));
#543 = VECTOR('',#544,1.);
#544 = DIRECTION('',(0.,0.,1.));
#545 = PCURVE('',#425,#546);
#546 = DEFINITIONAL_REPRESENTATION('',(#547),#551);
#547 = LINE('',#548,#549);
#548 = CARTESIAN_POINT('',(5.497787143782,0.));
#549 = VECTOR('',#550,1.);
#550 = DIRECTION('',(0.,1.));
#551 = ( GEOMETRIC_REPRESENTATION_CONTEXT(2) 
PARAMETRIC_REPRESENTATION_CONTEXT() REPRESENTATION_CONTEXT('2D SPACE',''
  ) );
#552 = PCURVE('',#553,#558);
#553 = PLANE('',#554);
#554 = AXIS2_PLACEMENT_3D('',#555,#556,#557);
#555 = CARTESIAN_POINT('',(-6.500000096858,-4.7,-0.5));
#556 = DIRECTION('',(-1.,0.,0.));
#557 = DIRECTION('',(0.,-1.,0.));
#558 = DEFINITIONAL_REPRESENTATION('',(#559),#563);
#559 = LINE('',#560,#561);
#560 = CARTESIAN_POINT('',(0.5,0.125));
#561 = VECTOR('',#562,1.);
#562 = DIRECTION('',(0.,1.));
#563 = ( GEOMETRIC_REPRESENTATION_CONTEXT(2) 
PARAMETRIC_REPRESENTATION_CONTEXT() REPRESENTATION_CONTEXT('2D SPACE',''
  ) );
#564 = ORIENTED_EDGE('',*,*,#565,.F.);
#565 = EDGE_CURVE('',#566,#538,#568,.T.);
#566 = VERTEX_POINT('',#567);
#567 = CARTESIAN_POINT('',(-7.,-4.7,-0.5));
#568 = SURFACE_CURVE('',#569,(#574,#581),.PCURVE_S1.);
#569 = CIRCLE('',#570,0.5);
#570 = AXIS2_PLACEMENT_3D('',#571,#572,#573);
#571 = CARTESIAN_POINT('',(-7.000000096858,-5.2,-0.5));
#572 = DIRECTION('',(0.,0.,-1.));
#573 = DIRECTION('',(0.707106781187,0.707106781187,0.));
#574 = PCURVE('',#425,#575);
#575 = DEFINITIONAL_REPRESENTATION('',(#576),#580);
#576 = LINE('',#577,#578);
#577 = CARTESIAN_POINT('',(12.566370614359,-0.125));
#578 = VECTOR('',#579,1.);
#579 = DIRECTION('',(-1.,0.));
#580 = ( GEOMETRIC_REPRESENTATION_CONTEXT(2) 
PARAMETRIC_REPRESENTATION_CONTEXT() REPRESENTATION_CONTEXT('2D SPACE',''
  ) );
#581 = PCURVE('',#255,#582);
#582 = DEFINITIONAL_REPRESENTATION('',(#583),#587);
#583 = CIRCLE('',#584,0.5);
#584 = AXIS2_PLACEMENT_2D('',#585,#586);
#585 = CARTESIAN_POINT('',(18.500000096858,-3.5));
#586 = DIRECTION('',(-0.707106781187,0.707106781187));
#587 = ( GEOMETRIC_REPRESENTATION_CONTEXT(2) 
PARAMETRIC_REPRESENTATION_CONTEXT() REPRESENTATION_CONTEXT('2D SPACE',''
  ) );
#588 = ORIENTED_EDGE('',*,*,#589,.F.);
#589 = EDGE_CURVE('',#590,#566,#592,.T.);
#590 = VERTEX_POINT('',#591);
#591 = CARTESIAN_POINT('',(-7.000000096858,-4.7,0.440697867659));
#592 = SURFACE_CURVE('',#593,(#597,#604),.PCURVE_S1.);
#593 = LINE('',#594,#595);
#594 = CARTESIAN_POINT('',(-7.000000096858,-4.7,-0.375));
#595 = VECTOR('',#596,1.);
#596 = DIRECTION('',(0.,0.,-1.));
#597 = PCURVE('',#425,#598);
#598 = DEFINITIONAL_REPRESENTATION('',(#599),#603);
#599 = LINE('',#600,#601);
#600 = CARTESIAN_POINT('',(7.068583470577,0.));
#601 = VECTOR('',#602,1.);
#602 = DIRECTION('',(0.,-1.));
#603 = ( GEOMETRIC_REPRESENTATION_CONTEXT(2) 
PARAMETRIC_REPRESENTATION_CONTEXT() REPRESENTATION_CONTEXT('2D SPACE',''
  ) );
#604 = PCURVE('',#605,#610);
#605 = PLANE('',#606);
#606 = AXIS2_PLACEMENT_3D('',#607,#608,#609);
#607 = CARTESIAN_POINT('',(0.,-4.7,-0.25));
#608 = DIRECTION('',(0.,-1.,0.));
#609 = DIRECTION('',(0.,0.,-1.));
#610 = DEFINITIONAL_REPRESENTATION('',(#611),#615);
#611 = LINE('',#612,#613);
#612 = CARTESIAN_POINT('',(0.125,-7.000000096858));
#613 = VECTOR('',#614,1.);
#614 = DIRECTION('',(1.,0.));
#615 = ( GEOMETRIC_REPRESENTATION_CONTEXT(2) 
PARAMETRIC_REPRESENTATION_CONTEXT() REPRESENTATION_CONTEXT('2D SPACE',''
  ) );
#616 = ORIENTED_EDGE('',*,*,#617,.F.);
#617 = EDGE_CURVE('',#404,#590,#618,.T.);
#618 = SURFACE_CURVE('',#619,(#624,#630),.PCURVE_S1.);
#619 = B_SPLINE_CURVE_WITH_KNOTS('',3,(#620,#621,#622,#623),
  .UNSPECIFIED.,.F.,.F.,(4,4),(0.219939655396,0.223999453311),
  .PIECEWISE_BEZIER_KNOTS.);
#620 = CARTESIAN_POINT('',(-6.989898052154,-4.700102061724,
    0.399999996518));
#621 = CARTESIAN_POINT('',(-6.992685200192,-4.700045738439,
    0.413654178075));
#622 = CARTESIAN_POINT('',(-6.996057399799,-4.7,0.427252817403));
#623 = CARTESIAN_POINT('',(-7.000000096858,-4.7,0.440697867659));
#624 = PCURVE('',#425,#625);
#625 = DEFINITIONAL_REPRESENTATION('',(#626),#629);
#626 = B_SPLINE_CURVE_WITH_KNOTS('',1,(#627,#628),.UNSPECIFIED.,.F.,.F.,
  (2,2),(0.219939655396,0.223999453311),.PIECEWISE_BEZIER_KNOTS.);
#627 = CARTESIAN_POINT('',(7.048378006348,0.774999996518));
#628 = CARTESIAN_POINT('',(7.068583470577,0.815697867659));
#629 = ( GEOMETRIC_REPRESENTATION_CONTEXT(2) 
PARAMETRIC_REPRESENTATION_CONTEXT() REPRESENTATION_CONTEXT('2D SPACE',''
  ) );
#630 = PCURVE('',#631,#636);
#631 = CYLINDRICAL_SURFACE('',#632,0.5);
#632 = AXIS2_PLACEMENT_3D('',#633,#634,#635);
#633 = CARTESIAN_POINT('',(-7.479796001421,-3.200000022352,0.3));
#634 = DIRECTION('',(0.,1.,0.));
#635 = DIRECTION('',(0.,0.,-1.));
#636 = DEFINITIONAL_REPRESENTATION('',(#637),#640);
#637 = B_SPLINE_CURVE_WITH_KNOTS('',1,(#638,#639),.UNSPECIFIED.,.F.,.F.,
  (2,2),(0.219939655396,0.223999453311),.PIECEWISE_BEZIER_KNOTS.);
#638 = CARTESIAN_POINT('',(4.511031066701,-1.500102039372));
#639 = CARTESIAN_POINT('',(4.427140671315,-1.499999977648));
#640 = ( GEOMETRIC_REPRESENTATION_CONTEXT(2) 
PARAMETRIC_REPRESENTATION_CONTEXT() REPRESENTATION_CONTEXT('2D SPACE',''
  ) );
#641 = ADVANCED_FACE('',(#642),#553,.T.);
#642 = FACE_BOUND('',#643,.T.);
#643 = EDGE_LOOP('',(#644,#645,#668,#696));
#644 = ORIENTED_EDGE('',*,*,#537,.F.);
#645 = ORIENTED_EDGE('',*,*,#646,.T.);
#646 = EDGE_CURVE('',#538,#647,#649,.T.);
#647 = VERTEX_POINT('',#648);
#648 = CARTESIAN_POINT('',(-6.500000096858,-5.700000067055,-0.5));
#649 = SURFACE_CURVE('',#650,(#654,#661),.PCURVE_S1.);
#650 = LINE('',#651,#652);
#651 = CARTESIAN_POINT('',(-6.500000096858,-3.309999932945,-0.5));
#652 = VECTOR('',#653,1.);
#653 = DIRECTION('',(0.,-1.,0.));
#654 = PCURVE('',#553,#655);
#655 = DEFINITIONAL_REPRESENTATION('',(#656),#660);
#656 = LINE('',#657,#658);
#657 = CARTESIAN_POINT('',(-1.390000067055,0.));
#658 = VECTOR('',#659,1.);
#659 = DIRECTION('',(1.,0.));
#660 = ( GEOMETRIC_REPRESENTATION_CONTEXT(2) 
PARAMETRIC_REPRESENTATION_CONTEXT() REPRESENTATION_CONTEXT('2D SPACE',''
  ) );
#661 = PCURVE('',#255,#662);
#662 = DEFINITIONAL_REPRESENTATION('',(#663),#667);
#663 = LINE('',#664,#665);
#664 = CARTESIAN_POINT('',(18.000000096858,-1.609999932945));
#665 = VECTOR('',#666,1.);
#666 = DIRECTION('',(0.,-1.));
#667 = ( GEOMETRIC_REPRESENTATION_CONTEXT(2) 
PARAMETRIC_REPRESENTATION_CONTEXT() REPRESENTATION_CONTEXT('2D SPACE',''
  ) );
#668 = ORIENTED_EDGE('',*,*,#669,.F.);
#669 = EDGE_CURVE('',#670,#647,#672,.T.);
#670 = VERTEX_POINT('',#671);
#671 = CARTESIAN_POINT('',(-6.500000096858,-5.700000067055,
    -2.081668171172E-16));
#672 = SURFACE_CURVE('',#673,(#677,#684),.PCURVE_S1.);
#673 = LINE('',#674,#675);
#674 = CARTESIAN_POINT('',(-6.500000096858,-5.700000067055,-0.5));
#675 = VECTOR('',#676,1.);
#676 = DIRECTION('',(0.,0.,-1.));
#677 = PCURVE('',#553,#678);
#678 = DEFINITIONAL_REPRESENTATION('',(#679),#683);
#679 = LINE('',#680,#681);
#680 = CARTESIAN_POINT('',(1.000000067055,0.));
#681 = VECTOR('',#682,1.);
#682 = DIRECTION('',(0.,-1.));
#683 = ( GEOMETRIC_REPRESENTATION_CONTEXT(2) 
PARAMETRIC_REPRESENTATION_CONTEXT() REPRESENTATION_CONTEXT('2D SPACE',''
  ) );
#684 = PCURVE('',#685,#690);
#685 = CYLINDRICAL_SURFACE('',#686,0.5);
#686 = AXIS2_PLACEMENT_3D('',#687,#688,#689);
#687 = CARTESIAN_POINT('',(-6.000000096858,-5.700000067055,-0.5));
#688 = DIRECTION('',(0.,0.,1.));
#689 = DIRECTION('',(-0.707106781187,-0.707106781187,0.));
#690 = DEFINITIONAL_REPRESENTATION('',(#691),#695);
#691 = LINE('',#692,#693);
#692 = CARTESIAN_POINT('',(-0.785398163397,0.));
#693 = VECTOR('',#694,1.);
#694 = DIRECTION('',(0.,-1.));
#695 = ( GEOMETRIC_REPRESENTATION_CONTEXT(2) 
PARAMETRIC_REPRESENTATION_CONTEXT() REPRESENTATION_CONTEXT('2D SPACE',''
  ) );
#696 = ORIENTED_EDGE('',*,*,#697,.F.);
#697 = EDGE_CURVE('',#402,#670,#698,.T.);
#698 = SURFACE_CURVE('',#699,(#703,#710),.PCURVE_S1.);
#699 = LINE('',#700,#701);
#700 = CARTESIAN_POINT('',(-6.500000096858,-3.309999932945,
    -2.081668171172E-16));
#701 = VECTOR('',#702,1.);
#702 = DIRECTION('',(0.,-1.,0.));
#703 = PCURVE('',#553,#704);
#704 = DEFINITIONAL_REPRESENTATION('',(#705),#709);
#705 = LINE('',#706,#707);
#706 = CARTESIAN_POINT('',(-1.390000067055,0.5));
#707 = VECTOR('',#708,1.);
#708 = DIRECTION('',(1.,0.));
#709 = ( GEOMETRIC_REPRESENTATION_CONTEXT(2) 
PARAMETRIC_REPRESENTATION_CONTEXT() REPRESENTATION_CONTEXT('2D SPACE',''
  ) );
#710 = PCURVE('',#310,#711);
#711 = DEFINITIONAL_REPRESENTATION('',(#712),#716);
#712 = LINE('',#713,#714);
#713 = CARTESIAN_POINT('',(4.999999903142,-1.609999932945));
#714 = VECTOR('',#715,1.);
#715 = DIRECTION('',(0.,-1.));
#716 = ( GEOMETRIC_REPRESENTATION_CONTEXT(2) 
PARAMETRIC_REPRESENTATION_CONTEXT() REPRESENTATION_CONTEXT('2D SPACE',''
  ) );
#717 = ADVANCED_FACE('',(#718),#365,.T.);
#718 = FACE_BOUND('',#719,.T.);
#719 = EDGE_LOOP('',(#720,#748,#776,#802));
#720 = ORIENTED_EDGE('',*,*,#721,.T.);
#721 = EDGE_CURVE('',#327,#722,#724,.T.);
#722 = VERTEX_POINT('',#723);
#723 = CARTESIAN_POINT('',(6.000000096858,-6.200000067055,
    -2.081668171172E-16));
#724 = SURFACE_CURVE('',#725,(#730,#737),.PCURVE_S1.);
#725 = CIRCLE('',#726,0.5);
#726 = AXIS2_PLACEMENT_3D('',#727,#728,#729);
#727 = CARTESIAN_POINT('',(6.000000096858,-5.700000067055,
    2.081668171172E-16));
#728 = DIRECTION('',(0.,0.,-1.));
#729 = DIRECTION('',(0.707106781187,-0.707106781187,0.));
#730 = PCURVE('',#365,#731);
#731 = DEFINITIONAL_REPRESENTATION('',(#732),#736);
#732 = LINE('',#733,#734);
#733 = CARTESIAN_POINT('',(6.28318530718,0.5));
#734 = VECTOR('',#735,1.);
#735 = DIRECTION('',(-1.,0.));
#736 = ( GEOMETRIC_REPRESENTATION_CONTEXT(2) 
PARAMETRIC_REPRESENTATION_CONTEXT() REPRESENTATION_CONTEXT('2D SPACE',''
  ) );
#737 = PCURVE('',#310,#738);
#738 = DEFINITIONAL_REPRESENTATION('',(#739),#747);
#739 = ( BOUNDED_CURVE() B_SPLINE_CURVE(2,(#740,#741,#742,#743,#744,#745
,#746),.UNSPECIFIED.,.T.,.F.) B_SPLINE_CURVE_WITH_KNOTS((1,2,2,2,2,1),(
    -2.094395102393,0.,2.094395102393,4.188790204786,6.28318530718,
8.377580409573),.UNSPECIFIED.) CURVE() GEOMETRIC_REPRESENTATION_ITEM() 
RATIONAL_B_SPLINE_CURVE((1.,0.5,1.,0.5,1.,0.5,1.)) REPRESENTATION_ITEM(
  '') );
#740 = CARTESIAN_POINT('',(17.853553487451,-4.353553457649));
#741 = CARTESIAN_POINT('',(17.241181051755,-4.965925893344));
#742 = CARTESIAN_POINT('',(17.017037183713,-4.129409589606));
#743 = CARTESIAN_POINT('',(16.792893315671,-3.292893285869));
#744 = CARTESIAN_POINT('',(17.629409619409,-3.517037153911));
#745 = CARTESIAN_POINT('',(18.465925923147,-3.741181021953));
#746 = CARTESIAN_POINT('',(17.853553487451,-4.353553457649));
#747 = ( GEOMETRIC_REPRESENTATION_CONTEXT(2) 
PARAMETRIC_REPRESENTATION_CONTEXT() REPRESENTATION_CONTEXT('2D SPACE',''
  ) );
#748 = ORIENTED_EDGE('',*,*,#749,.T.);
#749 = EDGE_CURVE('',#722,#750,#752,.T.);
#750 = VERTEX_POINT('',#751);
#751 = CARTESIAN_POINT('',(6.000000096858,-6.200000067055,-0.5));
#752 = SURFACE_CURVE('',#753,(#757,#764),.PCURVE_S1.);
#753 = LINE('',#754,#755);
#754 = CARTESIAN_POINT('',(6.000000096858,-6.200000067055,-0.5));
#755 = VECTOR('',#756,1.);
#756 = DIRECTION('',(0.,0.,-1.));
#757 = PCURVE('',#365,#758);
#758 = DEFINITIONAL_REPRESENTATION('',(#759),#763);
#759 = LINE('',#760,#761);
#760 = CARTESIAN_POINT('',(-0.785398163397,0.));
#761 = VECTOR('',#762,1.);
#762 = DIRECTION('',(0.,-1.));
#763 = ( GEOMETRIC_REPRESENTATION_CONTEXT(2) 
PARAMETRIC_REPRESENTATION_CONTEXT() REPRESENTATION_CONTEXT('2D SPACE',''
  ) );
#764 = PCURVE('',#765,#770);
#765 = PLANE('',#766);
#766 = AXIS2_PLACEMENT_3D('',#767,#768,#769);
#767 = CARTESIAN_POINT('',(2.999999903142,-6.200000067055,-0.5));
#768 = DIRECTION('',(0.,-1.,0.));
#769 = DIRECTION('',(1.,0.,0.));
#770 = DEFINITIONAL_REPRESENTATION('',(#771),#775);
#771 = LINE('',#772,#773);
#772 = CARTESIAN_POINT('',(3.000000193715,0.));
#773 = VECTOR('',#774,1.);
#774 = DIRECTION('',(0.,-1.));
#775 = ( GEOMETRIC_REPRESENTATION_CONTEXT(2) 
PARAMETRIC_REPRESENTATION_CONTEXT() REPRESENTATION_CONTEXT('2D SPACE',''
  ) );
#776 = ORIENTED_EDGE('',*,*,#777,.T.);
#777 = EDGE_CURVE('',#750,#350,#778,.T.);
#778 = SURFACE_CURVE('',#779,(#784,#791),.PCURVE_S1.);
#779 = CIRCLE('',#780,0.5);
#780 = AXIS2_PLACEMENT_3D('',#781,#782,#783);
#781 = CARTESIAN_POINT('',(6.000000096858,-5.700000067055,-0.5));
#782 = DIRECTION('',(-0.,0.,1.));
#783 = DIRECTION('',(0.707106781187,-0.707106781187,0.));
#784 = PCURVE('',#365,#785);
#785 = DEFINITIONAL_REPRESENTATION('',(#786),#790);
#786 = LINE('',#787,#788);
#787 = CARTESIAN_POINT('',(-6.28318530718,0.));
#788 = VECTOR('',#789,1.);
#789 = DIRECTION('',(1.,0.));
#790 = ( GEOMETRIC_REPRESENTATION_CONTEXT(2) 
PARAMETRIC_REPRESENTATION_CONTEXT() REPRESENTATION_CONTEXT('2D SPACE',''
  ) );
#791 = PCURVE('',#255,#792);
#792 = DEFINITIONAL_REPRESENTATION('',(#793),#801);
#793 = ( BOUNDED_CURVE() B_SPLINE_CURVE(2,(#794,#795,#796,#797,#798,#799
,#800),.UNSPECIFIED.,.T.,.F.) B_SPLINE_CURVE_WITH_KNOTS((1,2,2,2,2,1),(
    -2.094395102393,0.,2.094395102393,4.188790204786,6.28318530718,
8.377580409573),.UNSPECIFIED.) CURVE() GEOMETRIC_REPRESENTATION_ITEM() 
RATIONAL_B_SPLINE_CURVE((1.,0.5,1.,0.5,1.,0.5,1.)) REPRESENTATION_ITEM(
  '') );
#794 = CARTESIAN_POINT('',(5.146446512549,-4.353553457649));
#795 = CARTESIAN_POINT('',(4.534074076853,-3.741181021953));
#796 = CARTESIAN_POINT('',(5.370590380591,-3.517037153911));
#797 = CARTESIAN_POINT('',(6.207106684329,-3.292893285869));
#798 = CARTESIAN_POINT('',(5.982962816287,-4.129409589606));
#799 = CARTESIAN_POINT('',(5.758818948245,-4.965925893344));
#800 = CARTESIAN_POINT('',(5.146446512549,-4.353553457649));
#801 = ( GEOMETRIC_REPRESENTATION_CONTEXT(2) 
PARAMETRIC_REPRESENTATION_CONTEXT() REPRESENTATION_CONTEXT('2D SPACE',''
  ) );
#802 = ORIENTED_EDGE('',*,*,#349,.T.);
#803 = ADVANCED_FACE('',(#804),#255,.T.);
#804 = FACE_BOUND('',#805,.T.);
#805 = EDGE_LOOP('',(#806,#807,#830,#863,#892,#920,#949,#982,#1010,#1036
    ,#1037,#1038,#1066,#1094,#1122,#1143,#1144));
#806 = ORIENTED_EDGE('',*,*,#777,.F.);
#807 = ORIENTED_EDGE('',*,*,#808,.T.);
#808 = EDGE_CURVE('',#750,#809,#811,.T.);
#809 = VERTEX_POINT('',#810);
#810 = CARTESIAN_POINT('',(3.499999903142,-6.200000067055,-0.5));
#811 = SURFACE_CURVE('',#812,(#816,#823),.PCURVE_S1.);
#812 = LINE('',#813,#814);
#813 = CARTESIAN_POINT('',(6.500000096858,-6.200000067055,-0.5));
#814 = VECTOR('',#815,1.);
#815 = DIRECTION('',(-1.,0.,0.));
#816 = PCURVE('',#255,#817);
#817 = DEFINITIONAL_REPRESENTATION('',(#818),#822);
#818 = LINE('',#819,#820);
#819 = CARTESIAN_POINT('',(4.999999903142,-4.500000067055));
#820 = VECTOR('',#821,1.);
#821 = DIRECTION('',(1.,0.));
#822 = ( GEOMETRIC_REPRESENTATION_CONTEXT(2) 
PARAMETRIC_REPRESENTATION_CONTEXT() REPRESENTATION_CONTEXT('2D SPACE',''
  ) );
#823 = PCURVE('',#765,#824);
#824 = DEFINITIONAL_REPRESENTATION('',(#825),#829);
#825 = LINE('',#826,#827);
#826 = CARTESIAN_POINT('',(3.500000193715,0.));
#827 = VECTOR('',#828,1.);
#828 = DIRECTION('',(-1.,0.));
#829 = ( GEOMETRIC_REPRESENTATION_CONTEXT(2) 
PARAMETRIC_REPRESENTATION_CONTEXT() REPRESENTATION_CONTEXT('2D SPACE',''
  ) );
#830 = ORIENTED_EDGE('',*,*,#831,.F.);
#831 = EDGE_CURVE('',#832,#809,#834,.T.);
#832 = VERTEX_POINT('',#833);
#833 = CARTESIAN_POINT('',(2.999999903142,-5.7,-0.5));
#834 = SURFACE_CURVE('',#835,(#840,#851),.PCURVE_S1.);
#835 = CIRCLE('',#836,0.5);
#836 = AXIS2_PLACEMENT_3D('',#837,#838,#839);
#837 = CARTESIAN_POINT('',(3.499999903142,-5.700000067055,-0.5));
#838 = DIRECTION('',(0.,0.,1.));
#839 = DIRECTION('',(-0.707106781187,-0.707106781187,0.));
#840 = PCURVE('',#255,#841);
#841 = DEFINITIONAL_REPRESENTATION('',(#842),#850);
#842 = ( BOUNDED_CURVE() B_SPLINE_CURVE(2,(#843,#844,#845,#846,#847,#848
,#849),.UNSPECIFIED.,.T.,.F.) B_SPLINE_CURVE_WITH_KNOTS((1,2,2,2,2,1),(
    -2.094395102393,0.,2.094395102393,4.188790204786,6.28318530718,
8.377580409573),.UNSPECIFIED.) CURVE() GEOMETRIC_REPRESENTATION_ITEM() 
RATIONAL_B_SPLINE_CURVE((1.,0.5,1.,0.5,1.,0.5,1.)) REPRESENTATION_ITEM(
  '') );
#843 = CARTESIAN_POINT('',(8.353553487451,-4.353553457649));
#844 = CARTESIAN_POINT('',(7.741181051755,-4.965925893344));
#845 = CARTESIAN_POINT('',(7.517037183713,-4.129409589606));
#846 = CARTESIAN_POINT('',(7.292893315671,-3.292893285869));
#847 = CARTESIAN_POINT('',(8.129409619409,-3.517037153911));
#848 = CARTESIAN_POINT('',(8.965925923147,-3.741181021953));
#849 = CARTESIAN_POINT('',(8.353553487451,-4.353553457649));
#850 = ( GEOMETRIC_REPRESENTATION_CONTEXT(2) 
PARAMETRIC_REPRESENTATION_CONTEXT() REPRESENTATION_CONTEXT('2D SPACE',''
  ) );
#851 = PCURVE('',#852,#857);
#852 = CYLINDRICAL_SURFACE('',#853,0.5);
#853 = AXIS2_PLACEMENT_3D('',#854,#855,#856);
#854 = CARTESIAN_POINT('',(3.499999903142,-5.700000067055,-0.5));
#855 = DIRECTION('',(0.,0.,1.));
#856 = DIRECTION('',(-0.707106781187,-0.707106781187,0.));
#857 = DEFINITIONAL_REPRESENTATION('',(#858),#862);
#858 = LINE('',#859,#860);
#859 = CARTESIAN_POINT('',(-1.7763568394E-15,0.));
#860 = VECTOR('',#861,1.);
#861 = DIRECTION('',(1.,0.));
#862 = ( GEOMETRIC_REPRESENTATION_CONTEXT(2) 
PARAMETRIC_REPRESENTATION_CONTEXT() REPRESENTATION_CONTEXT('2D SPACE',''
  ) );
#863 = ORIENTED_EDGE('',*,*,#864,.F.);
#864 = EDGE_CURVE('',#865,#832,#867,.T.);
#865 = VERTEX_POINT('',#866);
#866 = CARTESIAN_POINT('',(2.499999903142,-5.2,-0.5));
#867 = SURFACE_CURVE('',#868,(#873,#880),.PCURVE_S1.);
#868 = CIRCLE('',#869,0.5);
#869 = AXIS2_PLACEMENT_3D('',#870,#871,#872);
#870 = CARTESIAN_POINT('',(2.499999903142,-5.7,-0.5));
#871 = DIRECTION('',(0.,0.,-1.));
#872 = DIRECTION('',(0.707106781187,0.707106781187,0.));
#873 = PCURVE('',#255,#874);
#874 = DEFINITIONAL_REPRESENTATION('',(#875),#879);
#875 = CIRCLE('',#876,0.5);
#876 = AXIS2_PLACEMENT_2D('',#877,#878);
#877 = CARTESIAN_POINT('',(9.000000096858,-4.));
#878 = DIRECTION('',(-0.707106781187,0.707106781187));
#879 = ( GEOMETRIC_REPRESENTATION_CONTEXT(2) 
PARAMETRIC_REPRESENTATION_CONTEXT() REPRESENTATION_CONTEXT('2D SPACE',''
  ) );
#880 = PCURVE('',#881,#886);
#881 = CYLINDRICAL_SURFACE('',#882,0.5);
#882 = AXIS2_PLACEMENT_3D('',#883,#884,#885);
#883 = CARTESIAN_POINT('',(2.499999903142,-5.7,-0.375));
#884 = DIRECTION('',(0.,0.,-1.));
#885 = DIRECTION('',(0.707106781187,0.707106781187,0.));
#886 = DEFINITIONAL_REPRESENTATION('',(#887),#891);
#887 = LINE('',#888,#889);
#888 = CARTESIAN_POINT('',(-6.28318530718,0.125));
#889 = VECTOR('',#890,1.);
#890 = DIRECTION('',(1.,0.));
#891 = ( GEOMETRIC_REPRESENTATION_CONTEXT(2) 
PARAMETRIC_REPRESENTATION_CONTEXT() REPRESENTATION_CONTEXT('2D SPACE',''
  ) );
#892 = ORIENTED_EDGE('',*,*,#893,.F.);
#893 = EDGE_CURVE('',#894,#865,#896,.T.);
#894 = VERTEX_POINT('',#895);
#895 = CARTESIAN_POINT('',(-2.499999903142,-5.2,-0.5));
#896 = SURFACE_CURVE('',#897,(#901,#908),.PCURVE_S1.);
#897 = LINE('',#898,#899);
#898 = CARTESIAN_POINT('',(-11.5,-5.2,-0.5));
#899 = VECTOR('',#900,1.);
#900 = DIRECTION('',(1.,0.,0.));
#901 = PCURVE('',#255,#902);
#902 = DEFINITIONAL_REPRESENTATION('',(#903),#907);
#903 = LINE('',#904,#905);
#904 = CARTESIAN_POINT('',(23.,-3.5));
#905 = VECTOR('',#906,1.);
#906 = DIRECTION('',(-1.,0.));
#907 = ( GEOMETRIC_REPRESENTATION_CONTEXT(2) 
PARAMETRIC_REPRESENTATION_CONTEXT() REPRESENTATION_CONTEXT('2D SPACE',''
  ) );
#908 = PCURVE('',#909,#914);
#909 = PLANE('',#910);
#910 = AXIS2_PLACEMENT_3D('',#911,#912,#913);
#911 = CARTESIAN_POINT('',(0.,-5.2,-0.25));
#912 = DIRECTION('',(0.,-1.,0.));
#913 = DIRECTION('',(0.,0.,-1.));
#914 = DEFINITIONAL_REPRESENTATION('',(#915),#919);
#915 = LINE('',#916,#917);
#916 = CARTESIAN_POINT('',(0.25,-11.5));
#917 = VECTOR('',#918,1.);
#918 = DIRECTION('',(0.,1.));
#919 = ( GEOMETRIC_REPRESENTATION_CONTEXT(2) 
PARAMETRIC_REPRESENTATION_CONTEXT() REPRESENTATION_CONTEXT('2D SPACE',''
  ) );
#920 = ORIENTED_EDGE('',*,*,#921,.F.);
#921 = EDGE_CURVE('',#922,#894,#924,.T.);
#922 = VERTEX_POINT('',#923);
#923 = CARTESIAN_POINT('',(-2.999999903142,-5.700000067055,-0.5));
#924 = SURFACE_CURVE('',#925,(#930,#937),.PCURVE_S1.);
#925 = CIRCLE('',#926,0.5);
#926 = AXIS2_PLACEMENT_3D('',#927,#928,#929);
#927 = CARTESIAN_POINT('',(-2.499999903142,-5.7,-0.5));
#928 = DIRECTION('',(0.,0.,-1.));
#929 = DIRECTION('',(-0.707106781187,0.707106781187,0.));
#930 = PCURVE('',#255,#931);
#931 = DEFINITIONAL_REPRESENTATION('',(#932),#936);
#932 = CIRCLE('',#933,0.5);
#933 = AXIS2_PLACEMENT_2D('',#934,#935);
#934 = CARTESIAN_POINT('',(13.999999903142,-4.));
#935 = DIRECTION('',(0.707106781187,0.707106781187));
#936 = ( GEOMETRIC_REPRESENTATION_CONTEXT(2) 
PARAMETRIC_REPRESENTATION_CONTEXT() REPRESENTATION_CONTEXT('2D SPACE',''
  ) );
#937 = PCURVE('',#938,#943);
#938 = CYLINDRICAL_SURFACE('',#939,0.5);
#939 = AXIS2_PLACEMENT_3D('',#940,#941,#942);
#940 = CARTESIAN_POINT('',(-2.499999903142,-5.7,-0.375));
#941 = DIRECTION('',(0.,0.,1.));
#942 = DIRECTION('',(-0.707106781187,0.707106781187,0.));
#943 = DEFINITIONAL_REPRESENTATION('',(#944),#948);
#944 = LINE('',#945,#946);
#945 = CARTESIAN_POINT('',(6.28318530718,-0.125));
#946 = VECTOR('',#947,1.);
#947 = DIRECTION('',(-1.,0.));
#948 = ( GEOMETRIC_REPRESENTATION_CONTEXT(2) 
PARAMETRIC_REPRESENTATION_CONTEXT() REPRESENTATION_CONTEXT('2D SPACE',''
  ) );
#949 = ORIENTED_EDGE('',*,*,#950,.F.);
#950 = EDGE_CURVE('',#951,#922,#953,.T.);
#951 = VERTEX_POINT('',#952);
#952 = CARTESIAN_POINT('',(-3.499999903142,-6.200000067055,-0.5));
#953 = SURFACE_CURVE('',#954,(#959,#970),.PCURVE_S1.);
#954 = CIRCLE('',#955,0.5);
#955 = AXIS2_PLACEMENT_3D('',#956,#957,#958);
#956 = CARTESIAN_POINT('',(-3.499999903142,-5.700000067055,-0.5));
#957 = DIRECTION('',(-0.,0.,1.));
#958 = DIRECTION('',(0.707106781187,-0.707106781187,0.));
#959 = PCURVE('',#255,#960);
#960 = DEFINITIONAL_REPRESENTATION('',(#961),#969);
#961 = ( BOUNDED_CURVE() B_SPLINE_CURVE(2,(#962,#963,#964,#965,#966,#967
,#968),.UNSPECIFIED.,.T.,.F.) B_SPLINE_CURVE_WITH_KNOTS((1,2,2,2,2,1),(
    -2.094395102393,0.,2.094395102393,4.188790204786,6.28318530718,
8.377580409573),.UNSPECIFIED.) CURVE() GEOMETRIC_REPRESENTATION_ITEM() 
RATIONAL_B_SPLINE_CURVE((1.,0.5,1.,0.5,1.,0.5,1.)) REPRESENTATION_ITEM(
  '') );
#962 = CARTESIAN_POINT('',(14.646446512549,-4.353553457649));
#963 = CARTESIAN_POINT('',(14.034074076853,-3.741181021953));
#964 = CARTESIAN_POINT('',(14.870590380591,-3.517037153911));
#965 = CARTESIAN_POINT('',(15.707106684329,-3.292893285869));
#966 = CARTESIAN_POINT('',(15.482962816287,-4.129409589606));
#967 = CARTESIAN_POINT('',(15.258818948245,-4.965925893344));
#968 = CARTESIAN_POINT('',(14.646446512549,-4.353553457649));
#969 = ( GEOMETRIC_REPRESENTATION_CONTEXT(2) 
PARAMETRIC_REPRESENTATION_CONTEXT() REPRESENTATION_CONTEXT('2D SPACE',''
  ) );
#970 = PCURVE('',#971,#976);
#971 = CYLINDRICAL_SURFACE('',#972,0.5);
#972 = AXIS2_PLACEMENT_3D('',#973,#974,#975);
#973 = CARTESIAN_POINT('',(-3.499999903142,-5.700000067055,-0.5));
#974 = DIRECTION('',(0.,0.,1.));
#975 = DIRECTION('',(0.707106781187,-0.707106781187,0.));
#976 = DEFINITIONAL_REPRESENTATION('',(#977),#981);
#977 = LINE('',#978,#979);
#978 = CARTESIAN_POINT('',(-6.28318530718,0.));
#979 = VECTOR('',#980,1.);
#980 = DIRECTION('',(1.,0.));
#981 = ( GEOMETRIC_REPRESENTATION_CONTEXT(2) 
PARAMETRIC_REPRESENTATION_CONTEXT() REPRESENTATION_CONTEXT('2D SPACE',''
  ) );
#982 = ORIENTED_EDGE('',*,*,#983,.F.);
#983 = EDGE_CURVE('',#984,#951,#986,.T.);
#984 = VERTEX_POINT('',#985);
#985 = CARTESIAN_POINT('',(-6.000000096858,-6.200000067055,-0.5));
#986 = SURFACE_CURVE('',#987,(#991,#998),.PCURVE_S1.);
#987 = LINE('',#988,#989);
#988 = CARTESIAN_POINT('',(-6.500000096858,-6.200000067055,-0.5));
#989 = VECTOR('',#990,1.);
#990 = DIRECTION('',(1.,0.,0.));
#991 = PCURVE('',#255,#992);
#992 = DEFINITIONAL_REPRESENTATION('',(#993),#997);
#993 = LINE('',#994,#995);
#994 = CARTESIAN_POINT('',(18.000000096858,-4.500000067055));
#995 = VECTOR('',#996,1.);
#996 = DIRECTION('',(-1.,0.));
#997 = ( GEOMETRIC_REPRESENTATION_CONTEXT(2) 
PARAMETRIC_REPRESENTATION_CONTEXT() REPRESENTATION_CONTEXT('2D SPACE',''
  ) );
#998 = PCURVE('',#999,#1004);
#999 = PLANE('',#1000);
#1000 = AXIS2_PLACEMENT_3D('',#1001,#1002,#1003);
#1001 = CARTESIAN_POINT('',(-6.500000096858,-6.200000067055,-0.5));
#1002 = DIRECTION('',(0.,-1.,0.));
#1003 = DIRECTION('',(1.,0.,0.));
#1004 = DEFINITIONAL_REPRESENTATION('',(#1005),#1009);
#1005 = LINE('',#1006,#1007);
#1006 = CARTESIAN_POINT('',(0.,0.));
#1007 = VECTOR('',#1008,1.);
#1008 = DIRECTION('',(1.,0.));
#1009 = ( GEOMETRIC_REPRESENTATION_CONTEXT(2) 
PARAMETRIC_REPRESENTATION_CONTEXT() REPRESENTATION_CONTEXT('2D SPACE',''
  ) );
#1010 = ORIENTED_EDGE('',*,*,#1011,.F.);
#1011 = EDGE_CURVE('',#647,#984,#1012,.T.);
#1012 = SURFACE_CURVE('',#1013,(#1018,#1029),.PCURVE_S1.);
#1013 = CIRCLE('',#1014,0.5);
#1014 = AXIS2_PLACEMENT_3D('',#1015,#1016,#1017);
#1015 = CARTESIAN_POINT('',(-6.000000096858,-5.700000067055,-0.5));
#1016 = DIRECTION('',(0.,0.,1.));
#1017 = DIRECTION('',(-0.707106781187,-0.707106781187,0.));
#1018 = PCURVE('',#255,#1019);
#1019 = DEFINITIONAL_REPRESENTATION('',(#1020),#1028);
#1020 = ( BOUNDED_CURVE() B_SPLINE_CURVE(2,(#1021,#1022,#1023,#1024,
#1025,#1026,#1027),.UNSPECIFIED.,.T.,.F.) B_SPLINE_CURVE_WITH_KNOTS((1,2
    ,2,2,2,1),(-2.094395102393,0.,2.094395102393,4.188790204786,
6.28318530718,8.377580409573),.UNSPECIFIED.) CURVE() 
GEOMETRIC_REPRESENTATION_ITEM() RATIONAL_B_SPLINE_CURVE((1.,0.5,1.,0.5,
1.,0.5,1.)) REPRESENTATION_ITEM('') );
#1021 = CARTESIAN_POINT('',(17.853553487451,-4.353553457649));
#1022 = CARTESIAN_POINT('',(17.241181051755,-4.965925893344));
#1023 = CARTESIAN_POINT('',(17.017037183713,-4.129409589606));
#1024 = CARTESIAN_POINT('',(16.792893315671,-3.292893285869));
#1025 = CARTESIAN_POINT('',(17.629409619409,-3.517037153911));
#1026 = CARTESIAN_POINT('',(18.465925923147,-3.741181021953));
#1027 = CARTESIAN_POINT('',(17.853553487451,-4.353553457649));
#1028 = ( GEOMETRIC_REPRESENTATION_CONTEXT(2) 
PARAMETRIC_REPRESENTATION_CONTEXT() REPRESENTATION_CONTEXT('2D SPACE',''
  ) );
#1029 = PCURVE('',#685,#1030);
#1030 = DEFINITIONAL_REPRESENTATION('',(#1031),#1035);
#1031 = LINE('',#1032,#1033);
#1032 = CARTESIAN_POINT('',(-6.28318530718,0.));
#1033 = VECTOR('',#1034,1.);
#1034 = DIRECTION('',(1.,0.));
#1035 = ( GEOMETRIC_REPRESENTATION_CONTEXT(2) 
PARAMETRIC_REPRESENTATION_CONTEXT() REPRESENTATION_CONTEXT('2D SPACE',''
  ) );
#1036 = ORIENTED_EDGE('',*,*,#646,.F.);
#1037 = ORIENTED_EDGE('',*,*,#565,.F.);
#1038 = ORIENTED_EDGE('',*,*,#1039,.F.);
#1039 = EDGE_CURVE('',#1040,#566,#1042,.T.);
#1040 = VERTEX_POINT('',#1041);
#1041 = CARTESIAN_POINT('',(-7.,7.445,-0.5));
#1042 = SURFACE_CURVE('',#1043,(#1047,#1054),.PCURVE_S1.);
#1043 = LINE('',#1044,#1045);
#1044 = CARTESIAN_POINT('',(-7.,-3.2,-0.5));
#1045 = VECTOR('',#1046,1.);
#1046 = DIRECTION('',(0.,-1.,0.));
#1047 = PCURVE('',#255,#1048);
#1048 = DEFINITIONAL_REPRESENTATION('',(#1049),#1053);
#1049 = LINE('',#1050,#1051);
#1050 = CARTESIAN_POINT('',(18.5,-1.5));
#1051 = VECTOR('',#1052,1.);
#1052 = DIRECTION('',(0.,-1.));
#1053 = ( GEOMETRIC_REPRESENTATION_CONTEXT(2) 
PARAMETRIC_REPRESENTATION_CONTEXT() REPRESENTATION_CONTEXT('2D SPACE',''
  ) );
#1054 = PCURVE('',#1055,#1060);
#1055 = CYLINDRICAL_SURFACE('',#1056,0.5);
#1056 = AXIS2_PLACEMENT_3D('',#1057,#1058,#1059);
#1057 = CARTESIAN_POINT('',(-7.,-3.2,-2.081668171172E-16));
#1058 = DIRECTION('',(0.,1.,0.));
#1059 = DIRECTION('',(-0.707106781187,0.,-0.707106781187));
#1060 = DEFINITIONAL_REPRESENTATION('',(#1061),#1065);
#1061 = LINE('',#1062,#1063);
#1062 = CARTESIAN_POINT('',(5.497787143782,0.));
#1063 = VECTOR('',#1064,1.);
#1064 = DIRECTION('',(0.,-1.));
#1065 = ( GEOMETRIC_REPRESENTATION_CONTEXT(2) 
PARAMETRIC_REPRESENTATION_CONTEXT() REPRESENTATION_CONTEXT('2D SPACE',''
  ) );
#1066 = ORIENTED_EDGE('',*,*,#1067,.F.);
#1067 = EDGE_CURVE('',#1068,#1040,#1070,.T.);
#1068 = VERTEX_POINT('',#1069);
#1069 = CARTESIAN_POINT('',(7.020204102887,7.445,-0.5));
#1070 = SURFACE_CURVE('',#1071,(#1075,#1082),.PCURVE_S1.);
#1071 = LINE('',#1072,#1073);
#1072 = CARTESIAN_POINT('',(-11.5,7.445,-0.5));
#1073 = VECTOR('',#1074,1.);
#1074 = DIRECTION('',(-1.,0.,0.));
#1075 = PCURVE('',#255,#1076);
#1076 = DEFINITIONAL_REPRESENTATION('',(#1077),#1081);
#1077 = LINE('',#1078,#1079);
#1078 = CARTESIAN_POINT('',(23.,9.145));
#1079 = VECTOR('',#1080,1.);
#1080 = DIRECTION('',(1.,0.));
#1081 = ( GEOMETRIC_REPRESENTATION_CONTEXT(2) 
PARAMETRIC_REPRESENTATION_CONTEXT() REPRESENTATION_CONTEXT('2D SPACE',''
  ) );
#1082 = PCURVE('',#1083,#1088);
#1083 = PLANE('',#1084);
#1084 = AXIS2_PLACEMENT_3D('',#1085,#1086,#1087);
#1085 = CARTESIAN_POINT('',(0.,7.445,-0.25));
#1086 = DIRECTION('',(0.,1.,0.));
#1087 = DIRECTION('',(0.,0.,1.));
#1088 = DEFINITIONAL_REPRESENTATION('',(#1089),#1093);
#1089 = LINE('',#1090,#1091);
#1090 = CARTESIAN_POINT('',(-0.25,-11.5));
#1091 = VECTOR('',#1092,1.);
#1092 = DIRECTION('',(0.,-1.));
#1093 = ( GEOMETRIC_REPRESENTATION_CONTEXT(2) 
PARAMETRIC_REPRESENTATION_CONTEXT() REPRESENTATION_CONTEXT('2D SPACE',''
  ) );
#1094 = ORIENTED_EDGE('',*,*,#1095,.F.);
#1095 = EDGE_CURVE('',#1096,#1068,#1098,.T.);
#1096 = VERTEX_POINT('',#1097);
#1097 = CARTESIAN_POINT('',(7.020204102887,-4.7,-0.5));
#1098 = SURFACE_CURVE('',#1099,(#1103,#1110),.PCURVE_S1.);
#1099 = LINE('',#1100,#1101);
#1100 = CARTESIAN_POINT('',(7.020204102887,4.40875,-0.5));
#1101 = VECTOR('',#1102,1.);
#1102 = DIRECTION('',(0.,1.,0.));
#1103 = PCURVE('',#255,#1104);
#1104 = DEFINITIONAL_REPRESENTATION('',(#1105),#1109);
#1105 = LINE('',#1106,#1107);
#1106 = CARTESIAN_POINT('',(4.479795897113,6.10875));
#1107 = VECTOR('',#1108,1.);
#1108 = DIRECTION('',(0.,1.));
#1109 = ( GEOMETRIC_REPRESENTATION_CONTEXT(2) 
PARAMETRIC_REPRESENTATION_CONTEXT() REPRESENTATION_CONTEXT('2D SPACE',''
  ) );
#1110 = PCURVE('',#1111,#1116);
#1111 = CYLINDRICAL_SURFACE('',#1112,0.5);
#1112 = AXIS2_PLACEMENT_3D('',#1113,#1114,#1115);
#1113 = CARTESIAN_POINT('',(7.020204102887,4.40875,-2.081668171172E-16)
  );
#1114 = DIRECTION('',(0.,-1.,0.));
#1115 = DIRECTION('',(0.,0.,1.));
#1116 = DEFINITIONAL_REPRESENTATION('',(#1117),#1121);
#1117 = LINE('',#1118,#1119);
#1118 = CARTESIAN_POINT('',(3.14159265359,0.));
#1119 = VECTOR('',#1120,1.);
#1120 = DIRECTION('',(0.,-1.));
#1121 = ( GEOMETRIC_REPRESENTATION_CONTEXT(2) 
PARAMETRIC_REPRESENTATION_CONTEXT() REPRESENTATION_CONTEXT('2D SPACE',''
  ) );
#1122 = ORIENTED_EDGE('',*,*,#1123,.F.);
#1123 = EDGE_CURVE('',#211,#1096,#1124,.T.);
#1124 = SURFACE_CURVE('',#1125,(#1129,#1136),.PCURVE_S1.);
#1125 = LINE('',#1126,#1127);
#1126 = CARTESIAN_POINT('',(-11.5,-4.7,-0.5));
#1127 = VECTOR('',#1128,1.);
#1128 = DIRECTION('',(1.,0.,0.));
#1129 = PCURVE('',#255,#1130);
#1130 = DEFINITIONAL_REPRESENTATION('',(#1131),#1135);
#1131 = LINE('',#1132,#1133);
#1132 = CARTESIAN_POINT('',(23.,-3.));
#1133 = VECTOR('',#1134,1.);
#1134 = DIRECTION('',(-1.,0.));
#1135 = ( GEOMETRIC_REPRESENTATION_CONTEXT(2) 
PARAMETRIC_REPRESENTATION_CONTEXT() REPRESENTATION_CONTEXT('2D SPACE',''
  ) );
#1136 = PCURVE('',#226,#1137);
#1137 = DEFINITIONAL_REPRESENTATION('',(#1138),#1142);
#1138 = LINE('',#1139,#1140);
#1139 = CARTESIAN_POINT('',(0.25,-11.5));
#1140 = VECTOR('',#1141,1.);
#1141 = DIRECTION('',(0.,1.));
#1142 = ( GEOMETRIC_REPRESENTATION_CONTEXT(2) 
PARAMETRIC_REPRESENTATION_CONTEXT() REPRESENTATION_CONTEXT('2D SPACE',''
  ) );
#1143 = ORIENTED_EDGE('',*,*,#238,.F.);
#1144 = ORIENTED_EDGE('',*,*,#377,.T.);
#1145 = ADVANCED_FACE('',(#1146),#852,.T.);
#1146 = FACE_BOUND('',#1147,.T.);
#1147 = EDGE_LOOP('',(#1148,#1178,#1199,#1200));
#1148 = ORIENTED_EDGE('',*,*,#1149,.T.);
#1149 = EDGE_CURVE('',#1150,#1152,#1154,.T.);
#1150 = VERTEX_POINT('',#1151);
#1151 = CARTESIAN_POINT('',(3.499999903142,-6.200000067055,
    -2.081668171172E-16));
#1152 = VERTEX_POINT('',#1153);
#1153 = CARTESIAN_POINT('',(2.999999903142,-5.7,-2.081668171172E-16));
#1154 = SURFACE_CURVE('',#1155,(#1160,#1167),.PCURVE_S1.);
#1155 = CIRCLE('',#1156,0.5);
#1156 = AXIS2_PLACEMENT_3D('',#1157,#1158,#1159);
#1157 = CARTESIAN_POINT('',(3.499999903142,-5.700000067055,
    2.081668171172E-16));
#1158 = DIRECTION('',(0.,0.,-1.));
#1159 = DIRECTION('',(-0.707106781187,-0.707106781187,-0.));
#1160 = PCURVE('',#852,#1161);
#1161 = DEFINITIONAL_REPRESENTATION('',(#1162),#1166);
#1162 = LINE('',#1163,#1164);
#1163 = CARTESIAN_POINT('',(12.566370614359,0.5));
#1164 = VECTOR('',#1165,1.);
#1165 = DIRECTION('',(-1.,0.));
#1166 = ( GEOMETRIC_REPRESENTATION_CONTEXT(2) 
PARAMETRIC_REPRESENTATION_CONTEXT() REPRESENTATION_CONTEXT('2D SPACE',''
  ) );
#1167 = PCURVE('',#310,#1168);
#1168 = DEFINITIONAL_REPRESENTATION('',(#1169),#1177);
#1169 = ( BOUNDED_CURVE() B_SPLINE_CURVE(2,(#1170,#1171,#1172,#1173,
#1174,#1175,#1176),.UNSPECIFIED.,.T.,.F.) B_SPLINE_CURVE_WITH_KNOTS((1,2
    ,2,2,2,1),(-2.094395102393,0.,2.094395102393,4.188790204786,
6.28318530718,8.377580409573),.UNSPECIFIED.) CURVE() 
GEOMETRIC_REPRESENTATION_ITEM() RATIONAL_B_SPLINE_CURVE((1.,0.5,1.,0.5,
1.,0.5,1.)) REPRESENTATION_ITEM('') );
#1170 = CARTESIAN_POINT('',(14.646446512549,-4.353553457649));
#1171 = CARTESIAN_POINT('',(14.034074076853,-3.741181021953));
#1172 = CARTESIAN_POINT('',(14.870590380591,-3.517037153911));
#1173 = CARTESIAN_POINT('',(15.707106684329,-3.292893285869));
#1174 = CARTESIAN_POINT('',(15.482962816287,-4.129409589606));
#1175 = CARTESIAN_POINT('',(15.258818948245,-4.965925893344));
#1176 = CARTESIAN_POINT('',(14.646446512549,-4.353553457649));
#1177 = ( GEOMETRIC_REPRESENTATION_CONTEXT(2) 
PARAMETRIC_REPRESENTATION_CONTEXT() REPRESENTATION_CONTEXT('2D SPACE',''
  ) );
#1178 = ORIENTED_EDGE('',*,*,#1179,.F.);
#1179 = EDGE_CURVE('',#832,#1152,#1180,.T.);
#1180 = SURFACE_CURVE('',#1181,(#1185,#1192),.PCURVE_S1.);
#1181 = LINE('',#1182,#1183);
#1182 = CARTESIAN_POINT('',(2.999999903142,-5.7,-0.375));
#1183 = VECTOR('',#1184,1.);
#1184 = DIRECTION('',(0.,0.,1.));
#1185 = PCURVE('',#852,#1186);
#1186 = DEFINITIONAL_REPRESENTATION('',(#1187),#1191);
#1187 = LINE('',#1188,#1189);
#1188 = CARTESIAN_POINT('',(5.497787009672,0.125));
#1189 = VECTOR('',#1190,1.);
#1190 = DIRECTION('',(0.,1.));
#1191 = ( GEOMETRIC_REPRESENTATION_CONTEXT(2) 
PARAMETRIC_REPRESENTATION_CONTEXT() REPRESENTATION_CONTEXT('2D SPACE',''
  ) );
#1192 = PCURVE('',#881,#1193);
#1193 = DEFINITIONAL_REPRESENTATION('',(#1194),#1198);
#1194 = LINE('',#1195,#1196);
#1195 = CARTESIAN_POINT('',(0.785398163397,0.));
#1196 = VECTOR('',#1197,1.);
#1197 = DIRECTION('',(0.,-1.));
#1198 = ( GEOMETRIC_REPRESENTATION_CONTEXT(2) 
PARAMETRIC_REPRESENTATION_CONTEXT() REPRESENTATION_CONTEXT('2D SPACE',''
  ) );
#1199 = ORIENTED_EDGE('',*,*,#831,.T.);
#1200 = ORIENTED_EDGE('',*,*,#1201,.T.);
#1201 = EDGE_CURVE('',#809,#1150,#1202,.T.);
#1202 = SURFACE_CURVE('',#1203,(#1207,#1214),.PCURVE_S1.);
#1203 = LINE('',#1204,#1205);
#1204 = CARTESIAN_POINT('',(3.499999903142,-6.200000067055,-0.5));
#1205 = VECTOR('',#1206,1.);
#1206 = DIRECTION('',(0.,0.,1.));
#1207 = PCURVE('',#852,#1208);
#1208 = DEFINITIONAL_REPRESENTATION('',(#1209),#1213);
#1209 = LINE('',#1210,#1211);
#1210 = CARTESIAN_POINT('',(7.068583470577,0.));
#1211 = VECTOR('',#1212,1.);
#1212 = DIRECTION('',(0.,1.));
#1213 = ( GEOMETRIC_REPRESENTATION_CONTEXT(2) 
PARAMETRIC_REPRESENTATION_CONTEXT() REPRESENTATION_CONTEXT('2D SPACE',''
  ) );
#1214 = PCURVE('',#765,#1215);
#1215 = DEFINITIONAL_REPRESENTATION('',(#1216),#1220);
#1216 = LINE('',#1217,#1218);
#1217 = CARTESIAN_POINT('',(0.5,0.));
#1218 = VECTOR('',#1219,1.);
#1219 = DIRECTION('',(0.,1.));
#1220 = ( GEOMETRIC_REPRESENTATION_CONTEXT(2) 
PARAMETRIC_REPRESENTATION_CONTEXT() REPRESENTATION_CONTEXT('2D SPACE',''
  ) );
#1221 = ADVANCED_FACE('',(#1222),#881,.F.);
#1222 = FACE_BOUND('',#1223,.F.);
#1223 = EDGE_LOOP('',(#1224,#1225,#1226,#1249));
#1224 = ORIENTED_EDGE('',*,*,#1179,.F.);
#1225 = ORIENTED_EDGE('',*,*,#864,.F.);
#1226 = ORIENTED_EDGE('',*,*,#1227,.F.);
#1227 = EDGE_CURVE('',#1228,#865,#1230,.T.);
#1228 = VERTEX_POINT('',#1229);
#1229 = CARTESIAN_POINT('',(2.499999903142,-5.2,2.081668171172E-16));
#1230 = SURFACE_CURVE('',#1231,(#1235,#1242),.PCURVE_S1.);
#1231 = LINE('',#1232,#1233);
#1232 = CARTESIAN_POINT('',(2.499999903142,-5.2,-0.375));
#1233 = VECTOR('',#1234,1.);
#1234 = DIRECTION('',(0.,0.,-1.));
#1235 = PCURVE('',#881,#1236);
#1236 = DEFINITIONAL_REPRESENTATION('',(#1237),#1241);
#1237 = LINE('',#1238,#1239);
#1238 = CARTESIAN_POINT('',(-0.785398163397,0.));
#1239 = VECTOR('',#1240,1.);
#1240 = DIRECTION('',(0.,1.));
#1241 = ( GEOMETRIC_REPRESENTATION_CONTEXT(2) 
PARAMETRIC_REPRESENTATION_CONTEXT() REPRESENTATION_CONTEXT('2D SPACE',''
  ) );
#1242 = PCURVE('',#909,#1243);
#1243 = DEFINITIONAL_REPRESENTATION('',(#1244),#1248);
#1244 = LINE('',#1245,#1246);
#1245 = CARTESIAN_POINT('',(0.125,2.499999903142));
#1246 = VECTOR('',#1247,1.);
#1247 = DIRECTION('',(1.,0.));
#1248 = ( GEOMETRIC_REPRESENTATION_CONTEXT(2) 
PARAMETRIC_REPRESENTATION_CONTEXT() REPRESENTATION_CONTEXT('2D SPACE',''
  ) );
#1249 = ORIENTED_EDGE('',*,*,#1250,.F.);
#1250 = EDGE_CURVE('',#1152,#1228,#1251,.T.);
#1251 = SURFACE_CURVE('',#1252,(#1257,#1264),.PCURVE_S1.);
#1252 = CIRCLE('',#1253,0.5);
#1253 = AXIS2_PLACEMENT_3D('',#1254,#1255,#1256);
#1254 = CARTESIAN_POINT('',(2.499999903142,-5.7,2.081668171172E-16));
#1255 = DIRECTION('',(0.,-0.,1.));
#1256 = DIRECTION('',(0.707106781187,0.707106781187,0.));
#1257 = PCURVE('',#881,#1258);
#1258 = DEFINITIONAL_REPRESENTATION('',(#1259),#1263);
#1259 = LINE('',#1260,#1261);
#1260 = CARTESIAN_POINT('',(6.28318530718,-0.375));
#1261 = VECTOR('',#1262,1.);
#1262 = DIRECTION('',(-1.,0.));
#1263 = ( GEOMETRIC_REPRESENTATION_CONTEXT(2) 
PARAMETRIC_REPRESENTATION_CONTEXT() REPRESENTATION_CONTEXT('2D SPACE',''
  ) );
#1264 = PCURVE('',#310,#1265);
#1265 = DEFINITIONAL_REPRESENTATION('',(#1266),#1270);
#1266 = CIRCLE('',#1267,0.5);
#1267 = AXIS2_PLACEMENT_2D('',#1268,#1269);
#1268 = CARTESIAN_POINT('',(13.999999903142,-4.));
#1269 = DIRECTION('',(0.707106781187,0.707106781187));
#1270 = ( GEOMETRIC_REPRESENTATION_CONTEXT(2) 
PARAMETRIC_REPRESENTATION_CONTEXT() REPRESENTATION_CONTEXT('2D SPACE',''
  ) );
#1271 = ADVANCED_FACE('',(#1272),#909,.T.);
#1272 = FACE_BOUND('',#1273,.T.);
#1273 = EDGE_LOOP('',(#1274,#1275,#1298,#1319));
#1274 = ORIENTED_EDGE('',*,*,#1227,.F.);
#1275 = ORIENTED_EDGE('',*,*,#1276,.T.);
#1276 = EDGE_CURVE('',#1228,#1277,#1279,.T.);
#1277 = VERTEX_POINT('',#1278);
#1278 = CARTESIAN_POINT('',(-2.499999903142,-5.2,2.081668171172E-16));
#1279 = SURFACE_CURVE('',#1280,(#1284,#1291),.PCURVE_S1.);
#1280 = LINE('',#1281,#1282);
#1281 = CARTESIAN_POINT('',(11.5,-5.2,2.081668171172E-16));
#1282 = VECTOR('',#1283,1.);
#1283 = DIRECTION('',(-1.,0.,0.));
#1284 = PCURVE('',#909,#1285);
#1285 = DEFINITIONAL_REPRESENTATION('',(#1286),#1290);
#1286 = LINE('',#1287,#1288);
#1287 = CARTESIAN_POINT('',(-0.25,11.5));
#1288 = VECTOR('',#1289,1.);
#1289 = DIRECTION('',(0.,-1.));
#1290 = ( GEOMETRIC_REPRESENTATION_CONTEXT(2) 
PARAMETRIC_REPRESENTATION_CONTEXT() REPRESENTATION_CONTEXT('2D SPACE',''
  ) );
#1291 = PCURVE('',#310,#1292);
#1292 = DEFINITIONAL_REPRESENTATION('',(#1293),#1297);
#1293 = LINE('',#1294,#1295);
#1294 = CARTESIAN_POINT('',(23.,-3.5));
#1295 = VECTOR('',#1296,1.);
#1296 = DIRECTION('',(-1.,0.));
#1297 = ( GEOMETRIC_REPRESENTATION_CONTEXT(2) 
PARAMETRIC_REPRESENTATION_CONTEXT() REPRESENTATION_CONTEXT('2D SPACE',''
  ) );
#1298 = ORIENTED_EDGE('',*,*,#1299,.F.);
#1299 = EDGE_CURVE('',#894,#1277,#1300,.T.);
#1300 = SURFACE_CURVE('',#1301,(#1305,#1312),.PCURVE_S1.);
#1301 = LINE('',#1302,#1303);
#1302 = CARTESIAN_POINT('',(-2.499999903142,-5.2,-0.375));
#1303 = VECTOR('',#1304,1.);
#1304 = DIRECTION('',(0.,0.,1.));
#1305 = PCURVE('',#909,#1306);
#1306 = DEFINITIONAL_REPRESENTATION('',(#1307),#1311);
#1307 = LINE('',#1308,#1309);
#1308 = CARTESIAN_POINT('',(0.125,-2.499999903142));
#1309 = VECTOR('',#1310,1.);
#1310 = DIRECTION('',(-1.,0.));
#1311 = ( GEOMETRIC_REPRESENTATION_CONTEXT(2) 
PARAMETRIC_REPRESENTATION_CONTEXT() REPRESENTATION_CONTEXT('2D SPACE',''
  ) );
#1312 = PCURVE('',#938,#1313);
#1313 = DEFINITIONAL_REPRESENTATION('',(#1314),#1318);
#1314 = LINE('',#1315,#1316);
#1315 = CARTESIAN_POINT('',(-0.785398163397,0.));
#1316 = VECTOR('',#1317,1.);
#1317 = DIRECTION('',(0.,1.));
#1318 = ( GEOMETRIC_REPRESENTATION_CONTEXT(2) 
PARAMETRIC_REPRESENTATION_CONTEXT() REPRESENTATION_CONTEXT('2D SPACE',''
  ) );
#1319 = ORIENTED_EDGE('',*,*,#893,.T.);
#1320 = ADVANCED_FACE('',(#1321),#938,.F.);
#1321 = FACE_BOUND('',#1322,.F.);
#1322 = EDGE_LOOP('',(#1323,#1346,#1368,#1369));
#1323 = ORIENTED_EDGE('',*,*,#1324,.T.);
#1324 = EDGE_CURVE('',#922,#1325,#1327,.T.);
#1325 = VERTEX_POINT('',#1326);
#1326 = CARTESIAN_POINT('',(-2.999999903142,-5.700000067055,
    -2.081668171172E-16));
#1327 = SURFACE_CURVE('',#1328,(#1332,#1339),.PCURVE_S1.);
#1328 = LINE('',#1329,#1330);
#1329 = CARTESIAN_POINT('',(-2.999999903142,-5.700000067055,-0.5));
#1330 = VECTOR('',#1331,1.);
#1331 = DIRECTION('',(0.,0.,1.));
#1332 = PCURVE('',#938,#1333);
#1333 = DEFINITIONAL_REPRESENTATION('',(#1334),#1338);
#1334 = LINE('',#1335,#1336);
#1335 = CARTESIAN_POINT('',(0.785398297508,-0.125));
#1336 = VECTOR('',#1337,1.);
#1337 = DIRECTION('',(0.,1.));
#1338 = ( GEOMETRIC_REPRESENTATION_CONTEXT(2) 
PARAMETRIC_REPRESENTATION_CONTEXT() REPRESENTATION_CONTEXT('2D SPACE',''
  ) );
#1339 = PCURVE('',#971,#1340);
#1340 = DEFINITIONAL_REPRESENTATION('',(#1341),#1345);
#1341 = LINE('',#1342,#1343);
#1342 = CARTESIAN_POINT('',(0.785398163397,0.));
#1343 = VECTOR('',#1344,1.);
#1344 = DIRECTION('',(0.,1.));
#1345 = ( GEOMETRIC_REPRESENTATION_CONTEXT(2) 
PARAMETRIC_REPRESENTATION_CONTEXT() REPRESENTATION_CONTEXT('2D SPACE',''
  ) );
#1346 = ORIENTED_EDGE('',*,*,#1347,.F.);
#1347 = EDGE_CURVE('',#1277,#1325,#1348,.T.);
#1348 = SURFACE_CURVE('',#1349,(#1354,#1361),.PCURVE_S1.);
#1349 = CIRCLE('',#1350,0.5);
#1350 = AXIS2_PLACEMENT_3D('',#1351,#1352,#1353);
#1351 = CARTESIAN_POINT('',(-2.499999903142,-5.7,2.081668171172E-16));
#1352 = DIRECTION('',(0.,0.,1.));
#1353 = DIRECTION('',(-0.707106781187,0.707106781187,0.));
#1354 = PCURVE('',#938,#1355);
#1355 = DEFINITIONAL_REPRESENTATION('',(#1356),#1360);
#1356 = LINE('',#1357,#1358);
#1357 = CARTESIAN_POINT('',(-6.28318530718,0.375));
#1358 = VECTOR('',#1359,1.);
#1359 = DIRECTION('',(1.,0.));
#1360 = ( GEOMETRIC_REPRESENTATION_CONTEXT(2) 
PARAMETRIC_REPRESENTATION_CONTEXT() REPRESENTATION_CONTEXT('2D SPACE',''
  ) );
#1361 = PCURVE('',#310,#1362);
#1362 = DEFINITIONAL_REPRESENTATION('',(#1363),#1367);
#1363 = CIRCLE('',#1364,0.5);
#1364 = AXIS2_PLACEMENT_2D('',#1365,#1366);
#1365 = CARTESIAN_POINT('',(9.000000096858,-4.));
#1366 = DIRECTION('',(-0.707106781187,0.707106781187));
#1367 = ( GEOMETRIC_REPRESENTATION_CONTEXT(2) 
PARAMETRIC_REPRESENTATION_CONTEXT() REPRESENTATION_CONTEXT('2D SPACE',''
  ) );
#1368 = ORIENTED_EDGE('',*,*,#1299,.F.);
#1369 = ORIENTED_EDGE('',*,*,#921,.F.);
#1370 = ADVANCED_FACE('',(#1371),#971,.T.);
#1371 = FACE_BOUND('',#1372,.T.);
#1372 = EDGE_LOOP('',(#1373,#1401,#1422,#1423));
#1373 = ORIENTED_EDGE('',*,*,#1374,.T.);
#1374 = EDGE_CURVE('',#1325,#1375,#1377,.T.);
#1375 = VERTEX_POINT('',#1376);
#1376 = CARTESIAN_POINT('',(-3.499999903142,-6.200000067055,
    -2.081668171172E-16));
#1377 = SURFACE_CURVE('',#1378,(#1383,#1390),.PCURVE_S1.);
#1378 = CIRCLE('',#1379,0.5);
#1379 = AXIS2_PLACEMENT_3D('',#1380,#1381,#1382);
#1380 = CARTESIAN_POINT('',(-3.499999903142,-5.700000067055,
    2.081668171172E-16));
#1381 = DIRECTION('',(0.,0.,-1.));
#1382 = DIRECTION('',(0.707106781187,-0.707106781187,0.));
#1383 = PCURVE('',#971,#1384);
#1384 = DEFINITIONAL_REPRESENTATION('',(#1385),#1389);
#1385 = LINE('',#1386,#1387);
#1386 = CARTESIAN_POINT('',(6.28318530718,0.5));
#1387 = VECTOR('',#1388,1.);
#1388 = DIRECTION('',(-1.,0.));
#1389 = ( GEOMETRIC_REPRESENTATION_CONTEXT(2) 
PARAMETRIC_REPRESENTATION_CONTEXT() REPRESENTATION_CONTEXT('2D SPACE',''
  ) );
#1390 = PCURVE('',#310,#1391);
#1391 = DEFINITIONAL_REPRESENTATION('',(#1392),#1400);
#1392 = ( BOUNDED_CURVE() B_SPLINE_CURVE(2,(#1393,#1394,#1395,#1396,
#1397,#1398,#1399),.UNSPECIFIED.,.T.,.F.) B_SPLINE_CURVE_WITH_KNOTS((1,2
    ,2,2,2,1),(-2.094395102393,0.,2.094395102393,4.188790204786,
6.28318530718,8.377580409573),.UNSPECIFIED.) CURVE() 
GEOMETRIC_REPRESENTATION_ITEM() RATIONAL_B_SPLINE_CURVE((1.,0.5,1.,0.5,
1.,0.5,1.)) REPRESENTATION_ITEM('') );
#1393 = CARTESIAN_POINT('',(8.353553487451,-4.353553457649));
#1394 = CARTESIAN_POINT('',(7.741181051755,-4.965925893344));
#1395 = CARTESIAN_POINT('',(7.517037183713,-4.129409589606));
#1396 = CARTESIAN_POINT('',(7.292893315671,-3.292893285869));
#1397 = CARTESIAN_POINT('',(8.129409619409,-3.517037153911));
#1398 = CARTESIAN_POINT('',(8.965925923147,-3.741181021953));
#1399 = CARTESIAN_POINT('',(8.353553487451,-4.353553457649));
#1400 = ( GEOMETRIC_REPRESENTATION_CONTEXT(2) 
PARAMETRIC_REPRESENTATION_CONTEXT() REPRESENTATION_CONTEXT('2D SPACE',''
  ) );
#1401 = ORIENTED_EDGE('',*,*,#1402,.T.);
#1402 = EDGE_CURVE('',#1375,#951,#1403,.T.);
#1403 = SURFACE_CURVE('',#1404,(#1408,#1415),.PCURVE_S1.);
#1404 = LINE('',#1405,#1406);
#1405 = CARTESIAN_POINT('',(-3.499999903142,-6.200000067055,-0.5));
#1406 = VECTOR('',#1407,1.);
#1407 = DIRECTION('',(0.,0.,-1.));
#1408 = PCURVE('',#971,#1409);
#1409 = DEFINITIONAL_REPRESENTATION('',(#1410),#1414);
#1410 = LINE('',#1411,#1412);
#1411 = CARTESIAN_POINT('',(-0.785398163397,0.));
#1412 = VECTOR('',#1413,1.);
#1413 = DIRECTION('',(0.,-1.));
#1414 = ( GEOMETRIC_REPRESENTATION_CONTEXT(2) 
PARAMETRIC_REPRESENTATION_CONTEXT() REPRESENTATION_CONTEXT('2D SPACE',''
  ) );
#1415 = PCURVE('',#999,#1416);
#1416 = DEFINITIONAL_REPRESENTATION('',(#1417),#1421);
#1417 = LINE('',#1418,#1419);
#1418 = CARTESIAN_POINT('',(3.000000193715,0.));
#1419 = VECTOR('',#1420,1.);
#1420 = DIRECTION('',(0.,-1.));
#1421 = ( GEOMETRIC_REPRESENTATION_CONTEXT(2) 
PARAMETRIC_REPRESENTATION_CONTEXT() REPRESENTATION_CONTEXT('2D SPACE',''
  ) );
#1422 = ORIENTED_EDGE('',*,*,#950,.T.);
#1423 = ORIENTED_EDGE('',*,*,#1324,.T.);
#1424 = ADVANCED_FACE('',(#1425),#685,.T.);
#1425 = FACE_BOUND('',#1426,.T.);
#1426 = EDGE_LOOP('',(#1427,#1455,#1456,#1457));
#1427 = ORIENTED_EDGE('',*,*,#1428,.T.);
#1428 = EDGE_CURVE('',#1429,#670,#1431,.T.);
#1429 = VERTEX_POINT('',#1430);
#1430 = CARTESIAN_POINT('',(-6.000000096858,-6.200000067055,
    -2.081668171172E-16));
#1431 = SURFACE_CURVE('',#1432,(#1437,#1444),.PCURVE_S1.);
#1432 = CIRCLE('',#1433,0.5);
#1433 = AXIS2_PLACEMENT_3D('',#1434,#1435,#1436);
#1434 = CARTESIAN_POINT('',(-6.000000096858,-5.700000067055,
    2.081668171172E-16));
#1435 = DIRECTION('',(0.,0.,-1.));
#1436 = DIRECTION('',(-0.707106781187,-0.707106781187,-0.));
#1437 = PCURVE('',#685,#1438);
#1438 = DEFINITIONAL_REPRESENTATION('',(#1439),#1443);
#1439 = LINE('',#1440,#1441);
#1440 = CARTESIAN_POINT('',(6.28318530718,0.5));
#1441 = VECTOR('',#1442,1.);
#1442 = DIRECTION('',(-1.,0.));
#1443 = ( GEOMETRIC_REPRESENTATION_CONTEXT(2) 
PARAMETRIC_REPRESENTATION_CONTEXT() REPRESENTATION_CONTEXT('2D SPACE',''
  ) );
#1444 = PCURVE('',#310,#1445);
#1445 = DEFINITIONAL_REPRESENTATION('',(#1446),#1454);
#1446 = ( BOUNDED_CURVE() B_SPLINE_CURVE(2,(#1447,#1448,#1449,#1450,
#1451,#1452,#1453),.UNSPECIFIED.,.T.,.F.) B_SPLINE_CURVE_WITH_KNOTS((1,2
    ,2,2,2,1),(-2.094395102393,0.,2.094395102393,4.188790204786,
6.28318530718,8.377580409573),.UNSPECIFIED.) CURVE() 
GEOMETRIC_REPRESENTATION_ITEM() RATIONAL_B_SPLINE_CURVE((1.,0.5,1.,0.5,
1.,0.5,1.)) REPRESENTATION_ITEM('') );
#1447 = CARTESIAN_POINT('',(5.146446512549,-4.353553457649));
#1448 = CARTESIAN_POINT('',(4.534074076853,-3.741181021953));
#1449 = CARTESIAN_POINT('',(5.370590380591,-3.517037153911));
#1450 = CARTESIAN_POINT('',(6.207106684329,-3.292893285869));
#1451 = CARTESIAN_POINT('',(5.982962816287,-4.129409589606));
#1452 = CARTESIAN_POINT('',(5.758818948245,-4.965925893344));
#1453 = CARTESIAN_POINT('',(5.146446512549,-4.353553457649));
#1454 = ( GEOMETRIC_REPRESENTATION_CONTEXT(2) 
PARAMETRIC_REPRESENTATION_CONTEXT() REPRESENTATION_CONTEXT('2D SPACE',''
  ) );
#1455 = ORIENTED_EDGE('',*,*,#669,.T.);
#1456 = ORIENTED_EDGE('',*,*,#1011,.T.);
#1457 = ORIENTED_EDGE('',*,*,#1458,.T.);
#1458 = EDGE_CURVE('',#984,#1429,#1459,.T.);
#1459 = SURFACE_CURVE('',#1460,(#1464,#1471),.PCURVE_S1.);
#1460 = LINE('',#1461,#1462);
#1461 = CARTESIAN_POINT('',(-6.000000096858,-6.200000067055,-0.5));
#1462 = VECTOR('',#1463,1.);
#1463 = DIRECTION('',(0.,0.,1.));
#1464 = PCURVE('',#685,#1465);
#1465 = DEFINITIONAL_REPRESENTATION('',(#1466),#1470);
#1466 = LINE('',#1467,#1468);
#1467 = CARTESIAN_POINT('',(0.785398163397,0.));
#1468 = VECTOR('',#1469,1.);
#1469 = DIRECTION('',(0.,1.));
#1470 = ( GEOMETRIC_REPRESENTATION_CONTEXT(2) 
PARAMETRIC_REPRESENTATION_CONTEXT() REPRESENTATION_CONTEXT('2D SPACE',''
  ) );
#1471 = PCURVE('',#999,#1472);
#1472 = DEFINITIONAL_REPRESENTATION('',(#1473),#1477);
#1473 = LINE('',#1474,#1475);
#1474 = CARTESIAN_POINT('',(0.5,0.));
#1475 = VECTOR('',#1476,1.);
#1476 = DIRECTION('',(0.,1.));
#1477 = ( GEOMETRIC_REPRESENTATION_CONTEXT(2) 
PARAMETRIC_REPRESENTATION_CONTEXT() REPRESENTATION_CONTEXT('2D SPACE',''
  ) );
#1478 = ADVANCED_FACE('',(#1479),#765,.T.);
#1479 = FACE_BOUND('',#1480,.T.);
#1480 = EDGE_LOOP('',(#1481,#1482,#1503,#1504));
#1481 = ORIENTED_EDGE('',*,*,#749,.F.);
#1482 = ORIENTED_EDGE('',*,*,#1483,.F.);
#1483 = EDGE_CURVE('',#1150,#722,#1484,.T.);
#1484 = SURFACE_CURVE('',#1485,(#1489,#1496),.PCURVE_S1.);
#1485 = LINE('',#1486,#1487);
#1486 = CARTESIAN_POINT('',(6.500000096858,-6.200000067055,
    -2.081668171172E-16));
#1487 = VECTOR('',#1488,1.);
#1488 = DIRECTION('',(1.,0.,0.));
#1489 = PCURVE('',#765,#1490);
#1490 = DEFINITIONAL_REPRESENTATION('',(#1491),#1495);
#1491 = LINE('',#1492,#1493);
#1492 = CARTESIAN_POINT('',(3.500000193715,0.5));
#1493 = VECTOR('',#1494,1.);
#1494 = DIRECTION('',(1.,0.));
#1495 = ( GEOMETRIC_REPRESENTATION_CONTEXT(2) 
PARAMETRIC_REPRESENTATION_CONTEXT() REPRESENTATION_CONTEXT('2D SPACE',''
  ) );
#1496 = PCURVE('',#310,#1497);
#1497 = DEFINITIONAL_REPRESENTATION('',(#1498),#1502);
#1498 = LINE('',#1499,#1500);
#1499 = CARTESIAN_POINT('',(18.000000096858,-4.500000067055));
#1500 = VECTOR('',#1501,1.);
#1501 = DIRECTION('',(1.,0.));
#1502 = ( GEOMETRIC_REPRESENTATION_CONTEXT(2) 
PARAMETRIC_REPRESENTATION_CONTEXT() REPRESENTATION_CONTEXT('2D SPACE',''
  ) );
#1503 = ORIENTED_EDGE('',*,*,#1201,.F.);
#1504 = ORIENTED_EDGE('',*,*,#808,.F.);
#1505 = ADVANCED_FACE('',(#1506),#226,.T.);
#1506 = FACE_BOUND('',#1507,.T.);
#1507 = EDGE_LOOP('',(#1508,#1509,#1510,#1538,#1567,#1595,#1623,#1651,
    #1684));
#1508 = ORIENTED_EDGE('',*,*,#210,.F.);
#1509 = ORIENTED_EDGE('',*,*,#1123,.T.);
#1510 = ORIENTED_EDGE('',*,*,#1511,.F.);
#1511 = EDGE_CURVE('',#1512,#1096,#1514,.T.);
#1512 = VERTEX_POINT('',#1513);
#1513 = CARTESIAN_POINT('',(7.510102051443,-4.7,-0.1));
#1514 = SURFACE_CURVE('',#1515,(#1520,#1531),.PCURVE_S1.);
#1515 = CIRCLE('',#1516,0.5);
#1516 = AXIS2_PLACEMENT_3D('',#1517,#1518,#1519);
#1517 = CARTESIAN_POINT('',(7.020204102887,-4.7,-2.081668171172E-16));
#1518 = DIRECTION('',(0.,1.,0.));
#1519 = DIRECTION('',(0.,0.,1.));
#1520 = PCURVE('',#226,#1521);
#1521 = DEFINITIONAL_REPRESENTATION('',(#1522),#1530);
#1522 = ( BOUNDED_CURVE() B_SPLINE_CURVE(2,(#1523,#1524,#1525,#1526,
#1527,#1528,#1529),.UNSPECIFIED.,.T.,.F.) B_SPLINE_CURVE_WITH_KNOTS((1,2
    ,2,2,2,1),(-2.094395102393,0.,2.094395102393,4.188790204786,
6.28318530718,8.377580409573),.UNSPECIFIED.) CURVE() 
GEOMETRIC_REPRESENTATION_ITEM() RATIONAL_B_SPLINE_CURVE((1.,0.5,1.,0.5,
1.,0.5,1.)) REPRESENTATION_ITEM('') );
#1523 = CARTESIAN_POINT('',(-0.75,7.020204102887));
#1524 = CARTESIAN_POINT('',(-0.75,7.886229506671));
#1525 = CARTESIAN_POINT('',(1.110223024625E-16,7.453216804779));
#1526 = CARTESIAN_POINT('',(0.75,7.020204102887));
#1527 = CARTESIAN_POINT('',(4.440892098501E-16,6.587191400995));
#1528 = CARTESIAN_POINT('',(-0.75,6.154178699102));
#1529 = CARTESIAN_POINT('',(-0.75,7.020204102887));
#1530 = ( GEOMETRIC_REPRESENTATION_CONTEXT(2) 
PARAMETRIC_REPRESENTATION_CONTEXT() REPRESENTATION_CONTEXT('2D SPACE',''
  ) );
#1531 = PCURVE('',#1111,#1532);
#1532 = DEFINITIONAL_REPRESENTATION('',(#1533),#1537);
#1533 = LINE('',#1534,#1535);
#1534 = CARTESIAN_POINT('',(6.28318530718,9.10875));
#1535 = VECTOR('',#1536,1.);
#1536 = DIRECTION('',(-1.,0.));
#1537 = ( GEOMETRIC_REPRESENTATION_CONTEXT(2) 
PARAMETRIC_REPRESENTATION_CONTEXT() REPRESENTATION_CONTEXT('2D SPACE',''
  ) );
#1538 = ORIENTED_EDGE('',*,*,#1539,.F.);
#1539 = EDGE_CURVE('',#1540,#1512,#1542,.T.);
#1540 = VERTEX_POINT('',#1541);
#1541 = CARTESIAN_POINT('',(8.,-4.7,0.3));
#1542 = SURFACE_CURVE('',#1543,(#1548,#1555),.PCURVE_S1.);
#1543 = CIRCLE('',#1544,0.5);
#1544 = AXIS2_PLACEMENT_3D('',#1545,#1546,#1547);
#1545 = CARTESIAN_POINT('',(8.,-4.7,-0.2));
#1546 = DIRECTION('',(0.,-1.,0.));
#1547 = DIRECTION('',(-0.707106781187,0.,0.707106781187));
#1548 = PCURVE('',#226,#1549);
#1549 = DEFINITIONAL_REPRESENTATION('',(#1550),#1554);
#1550 = CIRCLE('',#1551,0.5);
#1551 = AXIS2_PLACEMENT_2D('',#1552,#1553);
#1552 = CARTESIAN_POINT('',(-5.E-02,8.));
#1553 = DIRECTION('',(-0.707106781187,-0.707106781187));
#1554 = ( GEOMETRIC_REPRESENTATION_CONTEXT(2) 
PARAMETRIC_REPRESENTATION_CONTEXT() REPRESENTATION_CONTEXT('2D SPACE',''
  ) );
#1555 = PCURVE('',#1556,#1561);
#1556 = CYLINDRICAL_SURFACE('',#1557,0.5);
#1557 = AXIS2_PLACEMENT_3D('',#1558,#1559,#1560);
#1558 = CARTESIAN_POINT('',(8.,4.40875,-0.2));
#1559 = DIRECTION('',(0.,1.,0.));
#1560 = DIRECTION('',(-0.707106781187,0.,0.707106781187));
#1561 = DEFINITIONAL_REPRESENTATION('',(#1562),#1566);
#1562 = LINE('',#1563,#1564);
#1563 = CARTESIAN_POINT('',(6.28318530718,-9.10875));
#1564 = VECTOR('',#1565,1.);
#1565 = DIRECTION('',(-1.,0.));
#1566 = ( GEOMETRIC_REPRESENTATION_CONTEXT(2) 
PARAMETRIC_REPRESENTATION_CONTEXT() REPRESENTATION_CONTEXT('2D SPACE',''
  ) );
#1567 = ORIENTED_EDGE('',*,*,#1568,.T.);
#1568 = EDGE_CURVE('',#1540,#1569,#1571,.T.);
#1569 = VERTEX_POINT('',#1570);
#1570 = CARTESIAN_POINT('',(11.,-4.7,0.3));
#1571 = SURFACE_CURVE('',#1572,(#1576,#1583),.PCURVE_S1.);
#1572 = LINE('',#1573,#1574);
#1573 = CARTESIAN_POINT('',(3.9,-4.7,0.3));
#1574 = VECTOR('',#1575,1.);
#1575 = DIRECTION('',(1.,0.,0.));
#1576 = PCURVE('',#226,#1577);
#1577 = DEFINITIONAL_REPRESENTATION('',(#1578),#1582);
#1578 = LINE('',#1579,#1580);
#1579 = CARTESIAN_POINT('',(-0.55,3.9));
#1580 = VECTOR('',#1581,1.);
#1581 = DIRECTION('',(0.,1.));
#1582 = ( GEOMETRIC_REPRESENTATION_CONTEXT(2) 
PARAMETRIC_REPRESENTATION_CONTEXT() REPRESENTATION_CONTEXT('2D SPACE',''
  ) );
#1583 = PCURVE('',#1584,#1589);
#1584 = PLANE('',#1585);
#1585 = AXIS2_PLACEMENT_3D('',#1586,#1587,#1588);
#1586 = CARTESIAN_POINT('',(9.65,1.3725,0.3));
#1587 = DIRECTION('',(0.,0.,1.));
#1588 = DIRECTION('',(1.,0.,0.));
#1589 = DEFINITIONAL_REPRESENTATION('',(#1590),#1594);
#1590 = LINE('',#1591,#1592);
#1591 = CARTESIAN_POINT('',(-5.75,-6.0725));
#1592 = VECTOR('',#1593,1.);
#1593 = DIRECTION('',(1.,0.));
#1594 = ( GEOMETRIC_REPRESENTATION_CONTEXT(2) 
PARAMETRIC_REPRESENTATION_CONTEXT() REPRESENTATION_CONTEXT('2D SPACE',''
  ) );
#1595 = ORIENTED_EDGE('',*,*,#1596,.F.);
#1596 = EDGE_CURVE('',#1597,#1569,#1599,.T.);
#1597 = VERTEX_POINT('',#1598);
#1598 = CARTESIAN_POINT('',(11.,-4.700000044703,0.8));
#1599 = SURFACE_CURVE('',#1600,(#1604,#1611),.PCURVE_S1.);
#1600 = LINE('',#1601,#1602);
#1601 = CARTESIAN_POINT('',(11.,-4.7,-0.125));
#1602 = VECTOR('',#1603,1.);
#1603 = DIRECTION('',(0.,0.,-1.));
#1604 = PCURVE('',#226,#1605);
#1605 = DEFINITIONAL_REPRESENTATION('',(#1606),#1610);
#1606 = LINE('',#1607,#1608);
#1607 = CARTESIAN_POINT('',(-0.125,11.));
#1608 = VECTOR('',#1609,1.);
#1609 = DIRECTION('',(1.,0.));
#1610 = ( GEOMETRIC_REPRESENTATION_CONTEXT(2) 
PARAMETRIC_REPRESENTATION_CONTEXT() REPRESENTATION_CONTEXT('2D SPACE',''
  ) );
#1611 = PCURVE('',#1612,#1617);
#1612 = CYLINDRICAL_SURFACE('',#1613,0.5);
#1613 = AXIS2_PLACEMENT_3D('',#1614,#1615,#1616);
#1614 = CARTESIAN_POINT('',(11.,-4.2,-0.125));
#1615 = DIRECTION('',(0.,0.,1.));
#1616 = DIRECTION('',(0.707106781187,-0.707106781187,0.));
#1617 = DEFINITIONAL_REPRESENTATION('',(#1618),#1622);
#1618 = LINE('',#1619,#1620);
#1619 = CARTESIAN_POINT('',(-0.785398163397,0.));
#1620 = VECTOR('',#1621,1.);
#1621 = DIRECTION('',(0.,-1.));
#1622 = ( GEOMETRIC_REPRESENTATION_CONTEXT(2) 
PARAMETRIC_REPRESENTATION_CONTEXT() REPRESENTATION_CONTEXT('2D SPACE',''
  ) );
#1623 = ORIENTED_EDGE('',*,*,#1624,.F.);
#1624 = EDGE_CURVE('',#1625,#1597,#1627,.T.);
#1625 = VERTEX_POINT('',#1626);
#1626 = CARTESIAN_POINT('',(7.500000104308,-4.700000044703,0.8));
#1627 = SURFACE_CURVE('',#1628,(#1632,#1639),.PCURVE_S1.);
#1628 = LINE('',#1629,#1630);
#1629 = CARTESIAN_POINT('',(7.000000104308,-4.700000044703,0.8));
#1630 = VECTOR('',#1631,1.);
#1631 = DIRECTION('',(1.,0.,0.));
#1632 = PCURVE('',#226,#1633);
#1633 = DEFINITIONAL_REPRESENTATION('',(#1634),#1638);
#1634 = LINE('',#1635,#1636);
#1635 = CARTESIAN_POINT('',(-1.05,7.000000104308));
#1636 = VECTOR('',#1637,1.);
#1637 = DIRECTION('',(0.,1.));
#1638 = ( GEOMETRIC_REPRESENTATION_CONTEXT(2) 
PARAMETRIC_REPRESENTATION_CONTEXT() REPRESENTATION_CONTEXT('2D SPACE',''
  ) );
#1639 = PCURVE('',#1640,#1645);
#1640 = PLANE('',#1641);
#1641 = AXIS2_PLACEMENT_3D('',#1642,#1643,#1644);
#1642 = CARTESIAN_POINT('',(9.250000052154,1.372499977648,0.8));
#1643 = DIRECTION('',(0.,0.,1.));
#1644 = DIRECTION('',(1.,0.,0.));
#1645 = DEFINITIONAL_REPRESENTATION('',(#1646),#1650);
#1646 = LINE('',#1647,#1648);
#1647 = CARTESIAN_POINT('',(-2.249999947846,-6.072500022352));
#1648 = VECTOR('',#1649,1.);
#1649 = DIRECTION('',(1.,0.));
#1650 = ( GEOMETRIC_REPRESENTATION_CONTEXT(2) 
PARAMETRIC_REPRESENTATION_CONTEXT() REPRESENTATION_CONTEXT('2D SPACE',''
  ) );
#1651 = ORIENTED_EDGE('',*,*,#1652,.F.);
#1652 = EDGE_CURVE('',#1653,#1625,#1655,.T.);
#1653 = VERTEX_POINT('',#1654);
#1654 = CARTESIAN_POINT('',(7.010102155751,-4.7,0.4));
#1655 = SURFACE_CURVE('',#1656,(#1661,#1672),.PCURVE_S1.);
#1656 = CIRCLE('',#1657,0.5);
#1657 = AXIS2_PLACEMENT_3D('',#1658,#1659,#1660);
#1658 = CARTESIAN_POINT('',(7.500000104308,-4.7,0.3));
#1659 = DIRECTION('',(0.,1.,-0.));
#1660 = DIRECTION('',(-0.707106781187,0.,0.707106781187));
#1661 = PCURVE('',#226,#1662);
#1662 = DEFINITIONAL_REPRESENTATION('',(#1663),#1671);
#1663 = ( BOUNDED_CURVE() B_SPLINE_CURVE(2,(#1664,#1665,#1666,#1667,
#1668,#1669,#1670),.UNSPECIFIED.,.T.,.F.) B_SPLINE_CURVE_WITH_KNOTS((1,2
    ,2,2,2,1),(-2.094395102393,0.,2.094395102393,4.188790204786,
6.28318530718,8.377580409573),.UNSPECIFIED.) CURVE() 
GEOMETRIC_REPRESENTATION_ITEM() RATIONAL_B_SPLINE_CURVE((1.,0.5,1.,0.5,
1.,0.5,1.)) REPRESENTATION_ITEM('') );
#1664 = CARTESIAN_POINT('',(-0.903553390593,7.146446713715));
#1665 = CARTESIAN_POINT('',(-1.515925826289,7.758819149411));
#1666 = CARTESIAN_POINT('',(-0.679409522551,7.982963017453));
#1667 = CARTESIAN_POINT('',(0.157106781187,8.207106885495));
#1668 = CARTESIAN_POINT('',(-6.703708685547E-02,7.370590581757));
#1669 = CARTESIAN_POINT('',(-0.291180954897,6.534074278019));
#1670 = CARTESIAN_POINT('',(-0.903553390593,7.146446713715));
#1671 = ( GEOMETRIC_REPRESENTATION_CONTEXT(2) 
PARAMETRIC_REPRESENTATION_CONTEXT() REPRESENTATION_CONTEXT('2D SPACE',''
  ) );
#1672 = PCURVE('',#1673,#1678);
#1673 = CYLINDRICAL_SURFACE('',#1674,0.5);
#1674 = AXIS2_PLACEMENT_3D('',#1675,#1676,#1677);
#1675 = CARTESIAN_POINT('',(7.500000104308,4.408749988824,0.3));
#1676 = DIRECTION('',(0.,-1.,0.));
#1677 = DIRECTION('',(-0.707106781187,0.,0.707106781187));
#1678 = DEFINITIONAL_REPRESENTATION('',(#1679),#1683);
#1679 = LINE('',#1680,#1681);
#1680 = CARTESIAN_POINT('',(12.566370614359,9.108749988824));
#1681 = VECTOR('',#1682,1.);
#1682 = DIRECTION('',(-1.,0.));
#1683 = ( GEOMETRIC_REPRESENTATION_CONTEXT(2) 
PARAMETRIC_REPRESENTATION_CONTEXT() REPRESENTATION_CONTEXT('2D SPACE',''
  ) );
#1684 = ORIENTED_EDGE('',*,*,#1685,.F.);
#1685 = EDGE_CURVE('',#75,#1653,#1686,.T.);
#1686 = SURFACE_CURVE('',#1687,(#1692,#1699),.PCURVE_S1.);
#1687 = CIRCLE('',#1688,0.5);
#1688 = AXIS2_PLACEMENT_3D('',#1689,#1690,#1691);
#1689 = CARTESIAN_POINT('',(6.520204207195,-4.7,0.5));
#1690 = DIRECTION('',(0.,-1.,0.));
#1691 = DIRECTION('',(0.,0.,1.));
#1692 = PCURVE('',#226,#1693);
#1693 = DEFINITIONAL_REPRESENTATION('',(#1694),#1698);
#1694 = CIRCLE('',#1695,0.5);
#1695 = AXIS2_PLACEMENT_2D('',#1696,#1697);
#1696 = CARTESIAN_POINT('',(-0.75,6.520204207195));
#1697 = DIRECTION('',(-1.,0.));
#1698 = ( GEOMETRIC_REPRESENTATION_CONTEXT(2) 
PARAMETRIC_REPRESENTATION_CONTEXT() REPRESENTATION_CONTEXT('2D SPACE',''
  ) );
#1699 = PCURVE('',#154,#1700);
#1700 = DEFINITIONAL_REPRESENTATION('',(#1701),#1705);
#1701 = LINE('',#1702,#1703);
#1702 = CARTESIAN_POINT('',(0.,9.108749988824));
#1703 = VECTOR('',#1704,1.);
#1704 = DIRECTION('',(1.,0.));
#1705 = ( GEOMETRIC_REPRESENTATION_CONTEXT(2) 
PARAMETRIC_REPRESENTATION_CONTEXT() REPRESENTATION_CONTEXT('2D SPACE',''
  ) );
#1706 = ADVANCED_FACE('',(#1707),#999,.T.);
#1707 = FACE_BOUND('',#1708,.T.);
#1708 = EDGE_LOOP('',(#1709,#1710,#1731,#1732));
#1709 = ORIENTED_EDGE('',*,*,#1402,.F.);
#1710 = ORIENTED_EDGE('',*,*,#1711,.F.);
#1711 = EDGE_CURVE('',#1429,#1375,#1712,.T.);
#1712 = SURFACE_CURVE('',#1713,(#1717,#1724),.PCURVE_S1.);
#1713 = LINE('',#1714,#1715);
#1714 = CARTESIAN_POINT('',(-6.500000096858,-6.200000067055,
    -2.081668171172E-16));
#1715 = VECTOR('',#1716,1.);
#1716 = DIRECTION('',(1.,0.,0.));
#1717 = PCURVE('',#999,#1718);
#1718 = DEFINITIONAL_REPRESENTATION('',(#1719),#1723);
#1719 = LINE('',#1720,#1721);
#1720 = CARTESIAN_POINT('',(0.,0.5));
#1721 = VECTOR('',#1722,1.);
#1722 = DIRECTION('',(1.,0.));
#1723 = ( GEOMETRIC_REPRESENTATION_CONTEXT(2) 
PARAMETRIC_REPRESENTATION_CONTEXT() REPRESENTATION_CONTEXT('2D SPACE',''
  ) );
#1724 = PCURVE('',#310,#1725);
#1725 = DEFINITIONAL_REPRESENTATION('',(#1726),#1730);
#1726 = LINE('',#1727,#1728);
#1727 = CARTESIAN_POINT('',(4.999999903142,-4.500000067055));
#1728 = VECTOR('',#1729,1.);
#1729 = DIRECTION('',(1.,0.));
#1730 = ( GEOMETRIC_REPRESENTATION_CONTEXT(2) 
PARAMETRIC_REPRESENTATION_CONTEXT() REPRESENTATION_CONTEXT('2D SPACE',''
  ) );
#1731 = ORIENTED_EDGE('',*,*,#1458,.F.);
#1732 = ORIENTED_EDGE('',*,*,#983,.T.);
#1733 = ADVANCED_FACE('',(#1734),#605,.T.);
#1734 = FACE_BOUND('',#1735,.T.);
#1735 = EDGE_LOOP('',(#1736,#1737,#1765,#1793,#1821,#1849,#1878));
#1736 = ORIENTED_EDGE('',*,*,#589,.F.);
#1737 = ORIENTED_EDGE('',*,*,#1738,.F.);
#1738 = EDGE_CURVE('',#1739,#590,#1741,.T.);
#1739 = VERTEX_POINT('',#1740);
#1740 = CARTESIAN_POINT('',(-7.479796001421,-4.700000044703,0.8));
#1741 = SURFACE_CURVE('',#1742,(#1747,#1758),.PCURVE_S1.);
#1742 = CIRCLE('',#1743,0.5);
#1743 = AXIS2_PLACEMENT_3D('',#1744,#1745,#1746);
#1744 = CARTESIAN_POINT('',(-7.479796001421,-4.7,0.3));
#1745 = DIRECTION('',(0.,1.,0.));
#1746 = DIRECTION('',(0.,0.,-1.));
#1747 = PCURVE('',#605,#1748);
#1748 = DEFINITIONAL_REPRESENTATION('',(#1749),#1757);
#1749 = ( BOUNDED_CURVE() B_SPLINE_CURVE(2,(#1750,#1751,#1752,#1753,
#1754,#1755,#1756),.UNSPECIFIED.,.T.,.F.) B_SPLINE_CURVE_WITH_KNOTS((1,2
    ,2,2,2,1),(-2.094395102393,0.,2.094395102393,4.188790204786,
6.28318530718,8.377580409573),.UNSPECIFIED.) CURVE() 
GEOMETRIC_REPRESENTATION_ITEM() RATIONAL_B_SPLINE_CURVE((1.,0.5,1.,0.5,
1.,0.5,1.)) REPRESENTATION_ITEM('') );
#1750 = CARTESIAN_POINT('',(-5.E-02,-7.479796001421));
#1751 = CARTESIAN_POINT('',(-5.E-02,-8.345821405206));
#1752 = CARTESIAN_POINT('',(-0.8,-7.912808703314));
#1753 = CARTESIAN_POINT('',(-1.55,-7.479796001421));
#1754 = CARTESIAN_POINT('',(-0.8,-7.046783299529));
#1755 = CARTESIAN_POINT('',(-5.E-02,-6.613770597637));
#1756 = CARTESIAN_POINT('',(-5.E-02,-7.479796001421));
#1757 = ( GEOMETRIC_REPRESENTATION_CONTEXT(2) 
PARAMETRIC_REPRESENTATION_CONTEXT() REPRESENTATION_CONTEXT('2D SPACE',''
  ) );
#1758 = PCURVE('',#631,#1759);
#1759 = DEFINITIONAL_REPRESENTATION('',(#1760),#1764);
#1760 = LINE('',#1761,#1762);
#1761 = CARTESIAN_POINT('',(0.,-1.499999977648));
#1762 = VECTOR('',#1763,1.);
#1763 = DIRECTION('',(1.,0.));
#1764 = ( GEOMETRIC_REPRESENTATION_CONTEXT(2) 
PARAMETRIC_REPRESENTATION_CONTEXT() REPRESENTATION_CONTEXT('2D SPACE',''
  ) );
#1765 = ORIENTED_EDGE('',*,*,#1766,.F.);
#1766 = EDGE_CURVE('',#1767,#1739,#1769,.T.);
#1767 = VERTEX_POINT('',#1768);
#1768 = CARTESIAN_POINT('',(-11.,-4.700000044703,0.8));
#1769 = SURFACE_CURVE('',#1770,(#1774,#1781),.PCURVE_S1.);
#1770 = LINE('',#1771,#1772);
#1771 = CARTESIAN_POINT('',(-7.000000104308,-4.700000044703,0.8));
#1772 = VECTOR('',#1773,1.);
#1773 = DIRECTION('',(1.,-2.467162334133E-16,0.));
#1774 = PCURVE('',#605,#1775);
#1775 = DEFINITIONAL_REPRESENTATION('',(#1776),#1780);
#1776 = LINE('',#1777,#1778);
#1777 = CARTESIAN_POINT('',(-1.05,-7.000000104308));
#1778 = VECTOR('',#1779,1.);
#1779 = DIRECTION('',(0.,1.));
#1780 = ( GEOMETRIC_REPRESENTATION_CONTEXT(2) 
PARAMETRIC_REPRESENTATION_CONTEXT() REPRESENTATION_CONTEXT('2D SPACE',''
  ) );
#1781 = PCURVE('',#1782,#1787);
#1782 = PLANE('',#1783);
#1783 = AXIS2_PLACEMENT_3D('',#1784,#1785,#1786);
#1784 = CARTESIAN_POINT('',(-9.250000052154,1.372499977648,0.8));
#1785 = DIRECTION('',(0.,0.,1.));
#1786 = DIRECTION('',(1.,0.,0.));
#1787 = DEFINITIONAL_REPRESENTATION('',(#1788),#1792);
#1788 = LINE('',#1789,#1790);
#1789 = CARTESIAN_POINT('',(2.249999947846,-6.072500022352));
#1790 = VECTOR('',#1791,1.);
#1791 = DIRECTION('',(1.,-2.467162334133E-16));
#1792 = ( GEOMETRIC_REPRESENTATION_CONTEXT(2) 
PARAMETRIC_REPRESENTATION_CONTEXT() REPRESENTATION_CONTEXT('2D SPACE',''
  ) );
#1793 = ORIENTED_EDGE('',*,*,#1794,.F.);
#1794 = EDGE_CURVE('',#1795,#1767,#1797,.T.);
#1795 = VERTEX_POINT('',#1796);
#1796 = CARTESIAN_POINT('',(-11.,-4.7,0.3));
#1797 = SURFACE_CURVE('',#1798,(#1802,#1809),.PCURVE_S1.);
#1798 = LINE('',#1799,#1800);
#1799 = CARTESIAN_POINT('',(-11.,-4.7,-0.375));
#1800 = VECTOR('',#1801,1.);
#1801 = DIRECTION('',(0.,0.,1.));
#1802 = PCURVE('',#605,#1803);
#1803 = DEFINITIONAL_REPRESENTATION('',(#1804),#1808);
#1804 = LINE('',#1805,#1806);
#1805 = CARTESIAN_POINT('',(0.125,-11.));
#1806 = VECTOR('',#1807,1.);
#1807 = DIRECTION('',(-1.,0.));
#1808 = ( GEOMETRIC_REPRESENTATION_CONTEXT(2) 
PARAMETRIC_REPRESENTATION_CONTEXT() REPRESENTATION_CONTEXT('2D SPACE',''
  ) );
#1809 = PCURVE('',#1810,#1815);
#1810 = CYLINDRICAL_SURFACE('',#1811,0.5);
#1811 = AXIS2_PLACEMENT_3D('',#1812,#1813,#1814);
#1812 = CARTESIAN_POINT('',(-11.,-4.2,-0.375));
#1813 = DIRECTION('',(0.,0.,1.));
#1814 = DIRECTION('',(-0.707106781187,-0.707106781187,0.));
#1815 = DEFINITIONAL_REPRESENTATION('',(#1816),#1820);
#1816 = LINE('',#1817,#1818);
#1817 = CARTESIAN_POINT('',(7.068583470577,0.));
#1818 = VECTOR('',#1819,1.);
#1819 = DIRECTION('',(0.,1.));
#1820 = ( GEOMETRIC_REPRESENTATION_CONTEXT(2) 
PARAMETRIC_REPRESENTATION_CONTEXT() REPRESENTATION_CONTEXT('2D SPACE',''
  ) );
#1821 = ORIENTED_EDGE('',*,*,#1822,.T.);
#1822 = EDGE_CURVE('',#1795,#1823,#1825,.T.);
#1823 = VERTEX_POINT('',#1824);
#1824 = CARTESIAN_POINT('',(-7.979795897113,-4.7,0.3));
#1825 = SURFACE_CURVE('',#1826,(#1830,#1837),.PCURVE_S1.);
#1826 = LINE('',#1827,#1828);
#1827 = CARTESIAN_POINT('',(-3.9,-4.7,0.3));
#1828 = VECTOR('',#1829,1.);
#1829 = DIRECTION('',(1.,0.,0.));
#1830 = PCURVE('',#605,#1831);
#1831 = DEFINITIONAL_REPRESENTATION('',(#1832),#1836);
#1832 = LINE('',#1833,#1834);
#1833 = CARTESIAN_POINT('',(-0.55,-3.9));
#1834 = VECTOR('',#1835,1.);
#1835 = DIRECTION('',(0.,1.));
#1836 = ( GEOMETRIC_REPRESENTATION_CONTEXT(2) 
PARAMETRIC_REPRESENTATION_CONTEXT() REPRESENTATION_CONTEXT('2D SPACE',''
  ) );
#1837 = PCURVE('',#1838,#1843);
#1838 = PLANE('',#1839);
#1839 = AXIS2_PLACEMENT_3D('',#1840,#1841,#1842);
#1840 = CARTESIAN_POINT('',(-9.65,1.3725,0.3));
#1841 = DIRECTION('',(0.,0.,1.));
#1842 = DIRECTION('',(1.,0.,0.));
#1843 = DEFINITIONAL_REPRESENTATION('',(#1844),#1848);
#1844 = LINE('',#1845,#1846);
#1845 = CARTESIAN_POINT('',(5.75,-6.0725));
#1846 = VECTOR('',#1847,1.);
#1847 = DIRECTION('',(1.,0.));
#1848 = ( GEOMETRIC_REPRESENTATION_CONTEXT(2) 
PARAMETRIC_REPRESENTATION_CONTEXT() REPRESENTATION_CONTEXT('2D SPACE',''
  ) );
#1849 = ORIENTED_EDGE('',*,*,#1850,.F.);
#1850 = EDGE_CURVE('',#1851,#1823,#1853,.T.);
#1851 = VERTEX_POINT('',#1852);
#1852 = CARTESIAN_POINT('',(-7.489897948557,-4.7,-0.1));
#1853 = SURFACE_CURVE('',#1854,(#1859,#1866),.PCURVE_S1.);
#1854 = CIRCLE('',#1855,0.5);
#1855 = AXIS2_PLACEMENT_3D('',#1856,#1857,#1858);
#1856 = CARTESIAN_POINT('',(-7.979795897113,-4.7,-0.2));
#1857 = DIRECTION('',(0.,-1.,0.));
#1858 = DIRECTION('',(0.,0.,-1.));
#1859 = PCURVE('',#605,#1860);
#1860 = DEFINITIONAL_REPRESENTATION('',(#1861),#1865);
#1861 = CIRCLE('',#1862,0.5);
#1862 = AXIS2_PLACEMENT_2D('',#1863,#1864);
#1863 = CARTESIAN_POINT('',(-5.E-02,-7.979795897113));
#1864 = DIRECTION('',(1.,0.));
#1865 = ( GEOMETRIC_REPRESENTATION_CONTEXT(2) 
PARAMETRIC_REPRESENTATION_CONTEXT() REPRESENTATION_CONTEXT('2D SPACE',''
  ) );
#1866 = PCURVE('',#1867,#1872);
#1867 = CYLINDRICAL_SURFACE('',#1868,0.5);
#1868 = AXIS2_PLACEMENT_3D('',#1869,#1870,#1871);
#1869 = CARTESIAN_POINT('',(-7.979795897113,-3.2,-0.2));
#1870 = DIRECTION('',(0.,1.,0.));
#1871 = DIRECTION('',(0.,0.,-1.));
#1872 = DEFINITIONAL_REPRESENTATION('',(#1873),#1877);
#1873 = LINE('',#1874,#1875);
#1874 = CARTESIAN_POINT('',(6.28318530718,-1.5));
#1875 = VECTOR('',#1876,1.);
#1876 = DIRECTION('',(-1.,0.));
#1877 = ( GEOMETRIC_REPRESENTATION_CONTEXT(2) 
PARAMETRIC_REPRESENTATION_CONTEXT() REPRESENTATION_CONTEXT('2D SPACE',''
  ) );
#1878 = ORIENTED_EDGE('',*,*,#1879,.F.);
#1879 = EDGE_CURVE('',#566,#1851,#1880,.T.);
#1880 = SURFACE_CURVE('',#1881,(#1886,#1897),.PCURVE_S1.);
#1881 = CIRCLE('',#1882,0.5);
#1882 = AXIS2_PLACEMENT_3D('',#1883,#1884,#1885);
#1883 = CARTESIAN_POINT('',(-7.,-4.7,-2.081668171172E-16));
#1884 = DIRECTION('',(0.,1.,0.));
#1885 = DIRECTION('',(-0.707106781187,0.,-0.707106781187));
#1886 = PCURVE('',#605,#1887);
#1887 = DEFINITIONAL_REPRESENTATION('',(#1888),#1896);
#1888 = ( BOUNDED_CURVE() B_SPLINE_CURVE(2,(#1889,#1890,#1891,#1892,
#1893,#1894,#1895),.UNSPECIFIED.,.T.,.F.) B_SPLINE_CURVE_WITH_KNOTS((1,2
    ,2,2,2,1),(-2.094395102393,0.,2.094395102393,4.188790204786,
6.28318530718,8.377580409573),.UNSPECIFIED.) CURVE() 
GEOMETRIC_REPRESENTATION_ITEM() RATIONAL_B_SPLINE_CURVE((1.,0.5,1.,0.5,
1.,0.5,1.)) REPRESENTATION_ITEM('') );
#1889 = CARTESIAN_POINT('',(0.103553390593,-7.353553390593));
#1890 = CARTESIAN_POINT('',(-0.508819045103,-7.965925826289));
#1891 = CARTESIAN_POINT('',(-0.732962913145,-7.129409522551));
#1892 = CARTESIAN_POINT('',(-0.957106781187,-6.292893218813));
#1893 = CARTESIAN_POINT('',(-0.120590477449,-6.517037086855));
#1894 = CARTESIAN_POINT('',(0.715925826289,-6.741180954897));
#1895 = CARTESIAN_POINT('',(0.103553390593,-7.353553390593));
#1896 = ( GEOMETRIC_REPRESENTATION_CONTEXT(2) 
PARAMETRIC_REPRESENTATION_CONTEXT() REPRESENTATION_CONTEXT('2D SPACE',''
  ) );
#1897 = PCURVE('',#1055,#1898);
#1898 = DEFINITIONAL_REPRESENTATION('',(#1899),#1903);
#1899 = LINE('',#1900,#1901);
#1900 = CARTESIAN_POINT('',(8.881784197001E-16,-1.5));
#1901 = VECTOR('',#1902,1.);
#1902 = DIRECTION('',(1.,0.));
#1903 = ( GEOMETRIC_REPRESENTATION_CONTEXT(2) 
PARAMETRIC_REPRESENTATION_CONTEXT() REPRESENTATION_CONTEXT('2D SPACE',''
  ) );
#1904 = ADVANCED_FACE('',(#1905),#1612,.T.);
#1905 = FACE_BOUND('',#1906,.T.);
#1906 = EDGE_LOOP('',(#1907,#1935,#1936,#1960));
#1907 = ORIENTED_EDGE('',*,*,#1908,.T.);
#1908 = EDGE_CURVE('',#1909,#1597,#1911,.T.);
#1909 = VERTEX_POINT('',#1910);
#1910 = CARTESIAN_POINT('',(11.5,-4.2,0.8));
#1911 = SURFACE_CURVE('',#1912,(#1917,#1924),.PCURVE_S1.);
#1912 = CIRCLE('',#1913,0.5);
#1913 = AXIS2_PLACEMENT_3D('',#1914,#1915,#1916);
#1914 = CARTESIAN_POINT('',(11.,-4.2,0.8));
#1915 = DIRECTION('',(0.,0.,-1.));
#1916 = DIRECTION('',(0.707106781187,-0.707106781187,0.));
#1917 = PCURVE('',#1612,#1918);
#1918 = DEFINITIONAL_REPRESENTATION('',(#1919),#1923);
#1919 = LINE('',#1920,#1921);
#1920 = CARTESIAN_POINT('',(6.28318530718,0.925));
#1921 = VECTOR('',#1922,1.);
#1922 = DIRECTION('',(-1.,0.));
#1923 = ( GEOMETRIC_REPRESENTATION_CONTEXT(2) 
PARAMETRIC_REPRESENTATION_CONTEXT() REPRESENTATION_CONTEXT('2D SPACE',''
  ) );
#1924 = PCURVE('',#1640,#1925);
#1925 = DEFINITIONAL_REPRESENTATION('',(#1926),#1934);
#1926 = ( BOUNDED_CURVE() B_SPLINE_CURVE(2,(#1927,#1928,#1929,#1930,
#1931,#1932,#1933),.UNSPECIFIED.,.T.,.F.) B_SPLINE_CURVE_WITH_KNOTS((1,2
    ,2,2,2,1),(-2.094395102393,0.,2.094395102393,4.188790204786,
6.28318530718,8.377580409573),.UNSPECIFIED.) CURVE() 
GEOMETRIC_REPRESENTATION_ITEM() RATIONAL_B_SPLINE_CURVE((1.,0.5,1.,0.5,
1.,0.5,1.)) REPRESENTATION_ITEM('') );
#1927 = CARTESIAN_POINT('',(2.103553338439,-5.926053368242));
#1928 = CARTESIAN_POINT('',(1.491180902743,-6.538425803937));
#1929 = CARTESIAN_POINT('',(1.267037034701,-5.7019095002));
#1930 = CARTESIAN_POINT('',(1.042893166659,-4.865393196462));
#1931 = CARTESIAN_POINT('',(1.879409470397,-5.089537064504));
#1932 = CARTESIAN_POINT('',(2.715925774135,-5.313680932546));
#1933 = CARTESIAN_POINT('',(2.103553338439,-5.926053368242));
#1934 = ( GEOMETRIC_REPRESENTATION_CONTEXT(2) 
PARAMETRIC_REPRESENTATION_CONTEXT() REPRESENTATION_CONTEXT('2D SPACE',''
  ) );
#1935 = ORIENTED_EDGE('',*,*,#1596,.T.);
#1936 = ORIENTED_EDGE('',*,*,#1937,.T.);
#1937 = EDGE_CURVE('',#1569,#1938,#1940,.T.);
#1938 = VERTEX_POINT('',#1939);
#1939 = CARTESIAN_POINT('',(11.5,-4.2,0.3));
#1940 = SURFACE_CURVE('',#1941,(#1946,#1953),.PCURVE_S1.);
#1941 = CIRCLE('',#1942,0.5);
#1942 = AXIS2_PLACEMENT_3D('',#1943,#1944,#1945);
#1943 = CARTESIAN_POINT('',(11.,-4.2,0.3));
#1944 = DIRECTION('',(-0.,0.,1.));
#1945 = DIRECTION('',(0.707106781187,-0.707106781187,0.));
#1946 = PCURVE('',#1612,#1947);
#1947 = DEFINITIONAL_REPRESENTATION('',(#1948),#1952);
#1948 = LINE('',#1949,#1950);
#1949 = CARTESIAN_POINT('',(-6.28318530718,0.425));
#1950 = VECTOR('',#1951,1.);
#1951 = DIRECTION('',(1.,0.));
#1952 = ( GEOMETRIC_REPRESENTATION_CONTEXT(2) 
PARAMETRIC_REPRESENTATION_CONTEXT() REPRESENTATION_CONTEXT('2D SPACE',''
  ) );
#1953 = PCURVE('',#1584,#1954);
#1954 = DEFINITIONAL_REPRESENTATION('',(#1955),#1959);
#1955 = CIRCLE('',#1956,0.5);
#1956 = AXIS2_PLACEMENT_2D('',#1957,#1958);
#1957 = CARTESIAN_POINT('',(1.35,-5.5725));
#1958 = DIRECTION('',(0.707106781187,-0.707106781187));
#1959 = ( GEOMETRIC_REPRESENTATION_CONTEXT(2) 
PARAMETRIC_REPRESENTATION_CONTEXT() REPRESENTATION_CONTEXT('2D SPACE',''
  ) );
#1960 = ORIENTED_EDGE('',*,*,#1961,.T.);
#1961 = EDGE_CURVE('',#1938,#1909,#1962,.T.);
#1962 = SURFACE_CURVE('',#1963,(#1967,#1974),.PCURVE_S1.);
#1963 = LINE('',#1964,#1965);
#1964 = CARTESIAN_POINT('',(11.5,-4.2,-0.125));
#1965 = VECTOR('',#1966,1.);
#1966 = DIRECTION('',(0.,0.,1.));
#1967 = PCURVE('',#1612,#1968);
#1968 = DEFINITIONAL_REPRESENTATION('',(#1969),#1973);
#1969 = LINE('',#1970,#1971);
#1970 = CARTESIAN_POINT('',(0.785398163397,0.));
#1971 = VECTOR('',#1972,1.);
#1972 = DIRECTION('',(0.,1.));
#1973 = ( GEOMETRIC_REPRESENTATION_CONTEXT(2) 
PARAMETRIC_REPRESENTATION_CONTEXT() REPRESENTATION_CONTEXT('2D SPACE',''
  ) );
#1974 = PCURVE('',#1975,#1980);
#1975 = PLANE('',#1976);
#1976 = AXIS2_PLACEMENT_3D('',#1977,#1978,#1979);
#1977 = CARTESIAN_POINT('',(11.5,-1.7,2.081668171172E-16));
#1978 = DIRECTION('',(1.,0.,0.));
#1979 = DIRECTION('',(0.,0.,-1.));
#1980 = DEFINITIONAL_REPRESENTATION('',(#1981),#1985);
#1981 = LINE('',#1982,#1983);
#1982 = CARTESIAN_POINT('',(0.125,-2.5));
#1983 = VECTOR('',#1984,1.);
#1984 = DIRECTION('',(-1.,0.));
#1985 = ( GEOMETRIC_REPRESENTATION_CONTEXT(2) 
PARAMETRIC_REPRESENTATION_CONTEXT() REPRESENTATION_CONTEXT('2D SPACE',''
  ) );
#1986 = ADVANCED_FACE('',(#1987,#2091,#2126),#1640,.T.);
#1987 = FACE_BOUND('',#1988,.T.);
#1988 = EDGE_LOOP('',(#1989,#1990,#2013,#2046,#2069,#2090));
#1989 = ORIENTED_EDGE('',*,*,#1908,.F.);
#1990 = ORIENTED_EDGE('',*,*,#1991,.T.);
#1991 = EDGE_CURVE('',#1909,#1992,#1994,.T.);
#1992 = VERTEX_POINT('',#1993);
#1993 = CARTESIAN_POINT('',(11.5,6.945,0.8));
#1994 = SURFACE_CURVE('',#1995,(#1999,#2006),.PCURVE_S1.);
#1995 = LINE('',#1996,#1997);
#1996 = CARTESIAN_POINT('',(11.5,-4.700000044703,0.8));
#1997 = VECTOR('',#1998,1.);
#1998 = DIRECTION('',(0.,1.,0.));
#1999 = PCURVE('',#1640,#2000);
#2000 = DEFINITIONAL_REPRESENTATION('',(#2001),#2005);
#2001 = LINE('',#2002,#2003);
#2002 = CARTESIAN_POINT('',(2.249999947846,-6.072500022352));
#2003 = VECTOR('',#2004,1.);
#2004 = DIRECTION('',(0.,1.));
#2005 = ( GEOMETRIC_REPRESENTATION_CONTEXT(2) 
PARAMETRIC_REPRESENTATION_CONTEXT() REPRESENTATION_CONTEXT('2D SPACE',''
  ) );
#2006 = PCURVE('',#1975,#2007);
#2007 = DEFINITIONAL_REPRESENTATION('',(#2008),#2012);
#2008 = LINE('',#2009,#2010);
#2009 = CARTESIAN_POINT('',(-0.8,-3.000000044703));
#2010 = VECTOR('',#2011,1.);
#2011 = DIRECTION('',(0.,1.));
#2012 = ( GEOMETRIC_REPRESENTATION_CONTEXT(2) 
PARAMETRIC_REPRESENTATION_CONTEXT() REPRESENTATION_CONTEXT('2D SPACE',''
  ) );
#2013 = ORIENTED_EDGE('',*,*,#2014,.F.);
#2014 = EDGE_CURVE('',#2015,#1992,#2017,.T.);
#2015 = VERTEX_POINT('',#2016);
#2016 = CARTESIAN_POINT('',(11.,7.445,0.8));
#2017 = SURFACE_CURVE('',#2018,(#2023,#2034),.PCURVE_S1.);
#2018 = CIRCLE('',#2019,0.5);
#2019 = AXIS2_PLACEMENT_3D('',#2020,#2021,#2022);
#2020 = CARTESIAN_POINT('',(11.,6.945,0.8));
#2021 = DIRECTION('',(0.,0.,-1.));
#2022 = DIRECTION('',(0.707106781187,0.707106781187,0.));
#2023 = PCURVE('',#1640,#2024);
#2024 = DEFINITIONAL_REPRESENTATION('',(#2025),#2033);
#2025 = ( BOUNDED_CURVE() B_SPLINE_CURVE(2,(#2026,#2027,#2028,#2029,
#2030,#2031,#2032),.UNSPECIFIED.,.T.,.F.) B_SPLINE_CURVE_WITH_KNOTS((1,2
    ,2,2,2,1),(-2.094395102393,0.,2.094395102393,4.188790204786,
6.28318530718,8.377580409573),.UNSPECIFIED.) CURVE() 
GEOMETRIC_REPRESENTATION_ITEM() RATIONAL_B_SPLINE_CURVE((1.,0.5,1.,0.5,
1.,0.5,1.)) REPRESENTATION_ITEM('') );
#2026 = CARTESIAN_POINT('',(2.103553338439,5.926053412945));
#2027 = CARTESIAN_POINT('',(2.715925774135,5.313680977249));
#2028 = CARTESIAN_POINT('',(1.879409470397,5.089537109207));
#2029 = CARTESIAN_POINT('',(1.042893166659,4.865393241165));
#2030 = CARTESIAN_POINT('',(1.267037034701,5.701909544903));
#2031 = CARTESIAN_POINT('',(1.491180902743,6.538425848641));
#2032 = CARTESIAN_POINT('',(2.103553338439,5.926053412945));
#2033 = ( GEOMETRIC_REPRESENTATION_CONTEXT(2) 
PARAMETRIC_REPRESENTATION_CONTEXT() REPRESENTATION_CONTEXT('2D SPACE',''
  ) );
#2034 = PCURVE('',#2035,#2040);
#2035 = CYLINDRICAL_SURFACE('',#2036,0.5);
#2036 = AXIS2_PLACEMENT_3D('',#2037,#2038,#2039);
#2037 = CARTESIAN_POINT('',(11.,6.945,-0.125));
#2038 = DIRECTION('',(0.,0.,1.));
#2039 = DIRECTION('',(0.707106781187,0.707106781187,0.));
#2040 = DEFINITIONAL_REPRESENTATION('',(#2041),#2045);
#2041 = LINE('',#2042,#2043);
#2042 = CARTESIAN_POINT('',(12.566370614359,0.925));
#2043 = VECTOR('',#2044,1.);
#2044 = DIRECTION('',(-1.,0.));
#2045 = ( GEOMETRIC_REPRESENTATION_CONTEXT(2) 
PARAMETRIC_REPRESENTATION_CONTEXT() REPRESENTATION_CONTEXT('2D SPACE',''
  ) );
#2046 = ORIENTED_EDGE('',*,*,#2047,.T.);
#2047 = EDGE_CURVE('',#2015,#2048,#2050,.T.);
#2048 = VERTEX_POINT('',#2049);
#2049 = CARTESIAN_POINT('',(7.500000104308,7.445,0.8));
#2050 = SURFACE_CURVE('',#2051,(#2055,#2062),.PCURVE_S1.);
#2051 = LINE('',#2052,#2053);
#2052 = CARTESIAN_POINT('',(11.5,7.445,0.8));
#2053 = VECTOR('',#2054,1.);
#2054 = DIRECTION('',(-1.,0.,0.));
#2055 = PCURVE('',#1640,#2056);
#2056 = DEFINITIONAL_REPRESENTATION('',(#2057),#2061);
#2057 = LINE('',#2058,#2059);
#2058 = CARTESIAN_POINT('',(2.249999947846,6.072500022352));
#2059 = VECTOR('',#2060,1.);
#2060 = DIRECTION('',(-1.,0.));
#2061 = ( GEOMETRIC_REPRESENTATION_CONTEXT(2) 
PARAMETRIC_REPRESENTATION_CONTEXT() REPRESENTATION_CONTEXT('2D SPACE',''
  ) );
#2062 = PCURVE('',#1083,#2063);
#2063 = DEFINITIONAL_REPRESENTATION('',(#2064),#2068);
#2064 = LINE('',#2065,#2066);
#2065 = CARTESIAN_POINT('',(1.05,11.5));
#2066 = VECTOR('',#2067,1.);
#2067 = DIRECTION('',(0.,-1.));
#2068 = ( GEOMETRIC_REPRESENTATION_CONTEXT(2) 
PARAMETRIC_REPRESENTATION_CONTEXT() REPRESENTATION_CONTEXT('2D SPACE',''
  ) );
#2069 = ORIENTED_EDGE('',*,*,#2070,.F.);
#2070 = EDGE_CURVE('',#1625,#2048,#2071,.T.);
#2071 = SURFACE_CURVE('',#2072,(#2076,#2083),.PCURVE_S1.);
#2072 = LINE('',#2073,#2074);
#2073 = CARTESIAN_POINT('',(7.500000104308,4.408749988824,0.8));
#2074 = VECTOR('',#2075,1.);
#2075 = DIRECTION('',(0.,1.,0.));
#2076 = PCURVE('',#1640,#2077);
#2077 = DEFINITIONAL_REPRESENTATION('',(#2078),#2082);
#2078 = LINE('',#2079,#2080);
#2079 = CARTESIAN_POINT('',(-1.749999947846,3.036250011176));
#2080 = VECTOR('',#2081,1.);
#2081 = DIRECTION('',(0.,1.));
#2082 = ( GEOMETRIC_REPRESENTATION_CONTEXT(2) 
PARAMETRIC_REPRESENTATION_CONTEXT() REPRESENTATION_CONTEXT('2D SPACE',''
  ) );
#2083 = PCURVE('',#1673,#2084);
#2084 = DEFINITIONAL_REPRESENTATION('',(#2085),#2089);
#2085 = LINE('',#2086,#2087);
#2086 = CARTESIAN_POINT('',(5.497787143782,0.));
#2087 = VECTOR('',#2088,1.);
#2088 = DIRECTION('',(0.,-1.));
#2089 = ( GEOMETRIC_REPRESENTATION_CONTEXT(2) 
PARAMETRIC_REPRESENTATION_CONTEXT() REPRESENTATION_CONTEXT('2D SPACE',''
  ) );
#2090 = ORIENTED_EDGE('',*,*,#1624,.T.);
#2091 = FACE_BOUND('',#2092,.T.);
#2092 = EDGE_LOOP('',(#2093));
#2093 = ORIENTED_EDGE('',*,*,#2094,.T.);
#2094 = EDGE_CURVE('',#2095,#2095,#2097,.T.);
#2095 = VERTEX_POINT('',#2096);
#2096 = CARTESIAN_POINT('',(10.489898000711,-5.E-03,0.8));
#2097 = SURFACE_CURVE('',#2098,(#2103,#2114),.PCURVE_S1.);
#2098 = CIRCLE('',#2099,1.);
#2099 = AXIS2_PLACEMENT_3D('',#2100,#2101,#2102);
#2100 = CARTESIAN_POINT('',(9.489898000711,-5.E-03,0.8));
#2101 = DIRECTION('',(0.,0.,-1.));
#2102 = DIRECTION('',(-1.,0.,0.));
#2103 = PCURVE('',#1640,#2104);
#2104 = DEFINITIONAL_REPRESENTATION('',(#2105),#2113);
#2105 = ( BOUNDED_CURVE() B_SPLINE_CURVE(2,(#2106,#2107,#2108,#2109,
#2110,#2111,#2112),.UNSPECIFIED.,.T.,.F.) B_SPLINE_CURVE_WITH_KNOTS((1,2
    ,2,2,2,1),(-2.094395102393,0.,2.094395102393,4.188790204786,
6.28318530718,8.377580409573),.UNSPECIFIED.) CURVE() 
GEOMETRIC_REPRESENTATION_ITEM() RATIONAL_B_SPLINE_CURVE((1.,0.5,1.,0.5,
1.,0.5,1.)) REPRESENTATION_ITEM('') );
#2106 = CARTESIAN_POINT('',(-0.760102051443,-1.377499977648));
#2107 = CARTESIAN_POINT('',(-0.760102051443,0.354550829921));
#2108 = CARTESIAN_POINT('',(0.739897948557,-0.511474573864));
#2109 = CARTESIAN_POINT('',(2.239897948557,-1.377499977648));
#2110 = CARTESIAN_POINT('',(0.739897948557,-2.243525381433));
#2111 = CARTESIAN_POINT('',(-0.760102051443,-3.109550785217));
#2112 = CARTESIAN_POINT('',(-0.760102051443,-1.377499977648));
#2113 = ( GEOMETRIC_REPRESENTATION_CONTEXT(2) 
PARAMETRIC_REPRESENTATION_CONTEXT() REPRESENTATION_CONTEXT('2D SPACE',''
  ) );
#2114 = PCURVE('',#2115,#2120);
#2115 = CYLINDRICAL_SURFACE('',#2116,1.);
#2116 = AXIS2_PLACEMENT_3D('',#2117,#2118,#2119);
#2117 = CARTESIAN_POINT('',(9.489898000711,-5.E-03,0.8));
#2118 = DIRECTION('',(0.,0.,-1.));
#2119 = DIRECTION('',(-1.,0.,0.));
#2120 = DEFINITIONAL_REPRESENTATION('',(#2121),#2125);
#2121 = LINE('',#2122,#2123);
#2122 = CARTESIAN_POINT('',(0.,0.));
#2123 = VECTOR('',#2124,1.);
#2124 = DIRECTION('',(1.,0.));
#2125 = ( GEOMETRIC_REPRESENTATION_CONTEXT(2) 
PARAMETRIC_REPRESENTATION_CONTEXT() REPRESENTATION_CONTEXT('2D SPACE',''
  ) );
#2126 = FACE_BOUND('',#2127,.T.);
#2127 = EDGE_LOOP('',(#2128));
#2128 = ORIENTED_EDGE('',*,*,#2129,.T.);
#2129 = EDGE_CURVE('',#2130,#2130,#2132,.T.);
#2130 = VERTEX_POINT('',#2131);
#2131 = CARTESIAN_POINT('',(10.489898000711,4.085,0.8));
#2132 = SURFACE_CURVE('',#2133,(#2138,#2149),.PCURVE_S1.);
#2133 = CIRCLE('',#2134,1.);
#2134 = AXIS2_PLACEMENT_3D('',#2135,#2136,#2137);
#2135 = CARTESIAN_POINT('',(9.489898000711,4.085,0.8));
#2136 = DIRECTION('',(0.,0.,-1.));
#2137 = DIRECTION('',(-1.,0.,0.));
#2138 = PCURVE('',#1640,#2139);
#2139 = DEFINITIONAL_REPRESENTATION('',(#2140),#2148);
#2140 = ( BOUNDED_CURVE() B_SPLINE_CURVE(2,(#2141,#2142,#2143,#2144,
#2145,#2146,#2147),.UNSPECIFIED.,.T.,.F.) B_SPLINE_CURVE_WITH_KNOTS((1,2
    ,2,2,2,1),(-2.094395102393,0.,2.094395102393,4.188790204786,
6.28318530718,8.377580409573),.UNSPECIFIED.) CURVE() 
GEOMETRIC_REPRESENTATION_ITEM() RATIONAL_B_SPLINE_CURVE((1.,0.5,1.,0.5,
1.,0.5,1.)) REPRESENTATION_ITEM('') );
#2141 = CARTESIAN_POINT('',(-0.760102051443,2.712500022352));
#2142 = CARTESIAN_POINT('',(-0.760102051443,4.444550829921));
#2143 = CARTESIAN_POINT('',(0.739897948557,3.578525426136));
#2144 = CARTESIAN_POINT('',(2.239897948557,2.712500022352));
#2145 = CARTESIAN_POINT('',(0.739897948557,1.846474618567));
#2146 = CARTESIAN_POINT('',(-0.760102051443,0.980449214783));
#2147 = CARTESIAN_POINT('',(-0.760102051443,2.712500022352));
#2148 = ( GEOMETRIC_REPRESENTATION_CONTEXT(2) 
PARAMETRIC_REPRESENTATION_CONTEXT() REPRESENTATION_CONTEXT('2D SPACE',''
  ) );
#2149 = PCURVE('',#2150,#2155);
#2150 = CYLINDRICAL_SURFACE('',#2151,1.);
#2151 = AXIS2_PLACEMENT_3D('',#2152,#2153,#2154);
#2152 = CARTESIAN_POINT('',(9.489898000711,4.085,0.8));
#2153 = DIRECTION('',(0.,0.,-1.));
#2154 = DIRECTION('',(-1.,0.,0.));
#2155 = DEFINITIONAL_REPRESENTATION('',(#2156),#2160);
#2156 = LINE('',#2157,#2158);
#2157 = CARTESIAN_POINT('',(0.,0.));
#2158 = VECTOR('',#2159,1.);
#2159 = DIRECTION('',(1.,0.));
#2160 = ( GEOMETRIC_REPRESENTATION_CONTEXT(2) 
PARAMETRIC_REPRESENTATION_CONTEXT() REPRESENTATION_CONTEXT('2D SPACE',''
  ) );
#2161 = ADVANCED_FACE('',(#2162),#2035,.T.);
#2162 = FACE_BOUND('',#2163,.T.);
#2163 = EDGE_LOOP('',(#2164,#2165,#2188,#2212));
#2164 = ORIENTED_EDGE('',*,*,#2014,.T.);
#2165 = ORIENTED_EDGE('',*,*,#2166,.T.);
#2166 = EDGE_CURVE('',#1992,#2167,#2169,.T.);
#2167 = VERTEX_POINT('',#2168);
#2168 = CARTESIAN_POINT('',(11.5,6.945,0.3));
#2169 = SURFACE_CURVE('',#2170,(#2174,#2181),.PCURVE_S1.);
#2170 = LINE('',#2171,#2172);
#2171 = CARTESIAN_POINT('',(11.5,6.945,-0.125));
#2172 = VECTOR('',#2173,1.);
#2173 = DIRECTION('',(0.,0.,-1.));
#2174 = PCURVE('',#2035,#2175);
#2175 = DEFINITIONAL_REPRESENTATION('',(#2176),#2180);
#2176 = LINE('',#2177,#2178);
#2177 = CARTESIAN_POINT('',(5.497787143782,0.));
#2178 = VECTOR('',#2179,1.);
#2179 = DIRECTION('',(0.,-1.));
#2180 = ( GEOMETRIC_REPRESENTATION_CONTEXT(2) 
PARAMETRIC_REPRESENTATION_CONTEXT() REPRESENTATION_CONTEXT('2D SPACE',''
  ) );
#2181 = PCURVE('',#1975,#2182);
#2182 = DEFINITIONAL_REPRESENTATION('',(#2183),#2187);
#2183 = LINE('',#2184,#2185);
#2184 = CARTESIAN_POINT('',(0.125,8.645));
#2185 = VECTOR('',#2186,1.);
#2186 = DIRECTION('',(1.,0.));
#2187 = ( GEOMETRIC_REPRESENTATION_CONTEXT(2) 
PARAMETRIC_REPRESENTATION_CONTEXT() REPRESENTATION_CONTEXT('2D SPACE',''
  ) );
#2188 = ORIENTED_EDGE('',*,*,#2189,.T.);
#2189 = EDGE_CURVE('',#2167,#2190,#2192,.T.);
#2190 = VERTEX_POINT('',#2191);
#2191 = CARTESIAN_POINT('',(11.,7.445,0.3));
#2192 = SURFACE_CURVE('',#2193,(#2198,#2205),.PCURVE_S1.);
#2193 = CIRCLE('',#2194,0.5);
#2194 = AXIS2_PLACEMENT_3D('',#2195,#2196,#2197);
#2195 = CARTESIAN_POINT('',(11.,6.945,0.3));
#2196 = DIRECTION('',(0.,-0.,1.));
#2197 = DIRECTION('',(0.707106781187,0.707106781187,0.));
#2198 = PCURVE('',#2035,#2199);
#2199 = DEFINITIONAL_REPRESENTATION('',(#2200),#2204);
#2200 = LINE('',#2201,#2202);
#2201 = CARTESIAN_POINT('',(-8.881784197001E-16,0.425));
#2202 = VECTOR('',#2203,1.);
#2203 = DIRECTION('',(1.,0.));
#2204 = ( GEOMETRIC_REPRESENTATION_CONTEXT(2) 
PARAMETRIC_REPRESENTATION_CONTEXT() REPRESENTATION_CONTEXT('2D SPACE',''
  ) );
#2205 = PCURVE('',#1584,#2206);
#2206 = DEFINITIONAL_REPRESENTATION('',(#2207),#2211);
#2207 = CIRCLE('',#2208,0.5);
#2208 = AXIS2_PLACEMENT_2D('',#2209,#2210);
#2209 = CARTESIAN_POINT('',(1.35,5.5725));
#2210 = DIRECTION('',(0.707106781187,0.707106781187));
#2211 = ( GEOMETRIC_REPRESENTATION_CONTEXT(2) 
PARAMETRIC_REPRESENTATION_CONTEXT() REPRESENTATION_CONTEXT('2D SPACE',''
  ) );
#2212 = ORIENTED_EDGE('',*,*,#2213,.T.);
#2213 = EDGE_CURVE('',#2190,#2015,#2214,.T.);
#2214 = SURFACE_CURVE('',#2215,(#2219,#2226),.PCURVE_S1.);
#2215 = LINE('',#2216,#2217);
#2216 = CARTESIAN_POINT('',(11.,7.445,-0.125));
#2217 = VECTOR('',#2218,1.);
#2218 = DIRECTION('',(0.,0.,1.));
#2219 = PCURVE('',#2035,#2220);
#2220 = DEFINITIONAL_REPRESENTATION('',(#2221),#2225);
#2221 = LINE('',#2222,#2223);
#2222 = CARTESIAN_POINT('',(7.068583470577,0.));
#2223 = VECTOR('',#2224,1.);
#2224 = DIRECTION('',(0.,1.));
#2225 = ( GEOMETRIC_REPRESENTATION_CONTEXT(2) 
PARAMETRIC_REPRESENTATION_CONTEXT() REPRESENTATION_CONTEXT('2D SPACE',''
  ) );
#2226 = PCURVE('',#1083,#2227);
#2227 = DEFINITIONAL_REPRESENTATION('',(#2228),#2232);
#2228 = LINE('',#2229,#2230);
#2229 = CARTESIAN_POINT('',(0.125,11.));
#2230 = VECTOR('',#2231,1.);
#2231 = DIRECTION('',(1.,0.));
#2232 = ( GEOMETRIC_REPRESENTATION_CONTEXT(2) 
PARAMETRIC_REPRESENTATION_CONTEXT() REPRESENTATION_CONTEXT('2D SPACE',''
  ) );
#2233 = ADVANCED_FACE('',(#2234),#1083,.T.);
#2234 = FACE_BOUND('',#2235,.T.);
#2235 = EDGE_LOOP('',(#2236,#2237,#2260,#2284,#2310,#2311,#2339,#2363,
    #2386,#2414,#2437,#2465,#2489,#2512,#2536,#2562));
#2236 = ORIENTED_EDGE('',*,*,#2213,.F.);
#2237 = ORIENTED_EDGE('',*,*,#2238,.T.);
#2238 = EDGE_CURVE('',#2190,#2239,#2241,.T.);
#2239 = VERTEX_POINT('',#2240);
#2240 = CARTESIAN_POINT('',(8.,7.445,0.3));
#2241 = SURFACE_CURVE('',#2242,(#2246,#2253),.PCURVE_S1.);
#2242 = LINE('',#2243,#2244);
#2243 = CARTESIAN_POINT('',(3.9,7.445,0.3));
#2244 = VECTOR('',#2245,1.);
#2245 = DIRECTION('',(-1.,0.,0.));
#2246 = PCURVE('',#1083,#2247);
#2247 = DEFINITIONAL_REPRESENTATION('',(#2248),#2252);
#2248 = LINE('',#2249,#2250);
#2249 = CARTESIAN_POINT('',(0.55,3.9));
#2250 = VECTOR('',#2251,1.);
#2251 = DIRECTION('',(0.,-1.));
#2252 = ( GEOMETRIC_REPRESENTATION_CONTEXT(2) 
PARAMETRIC_REPRESENTATION_CONTEXT() REPRESENTATION_CONTEXT('2D SPACE',''
  ) );
#2253 = PCURVE('',#1584,#2254);
#2254 = DEFINITIONAL_REPRESENTATION('',(#2255),#2259);
#2255 = LINE('',#2256,#2257);
#2256 = CARTESIAN_POINT('',(-5.75,6.0725));
#2257 = VECTOR('',#2258,1.);
#2258 = DIRECTION('',(-1.,0.));
#2259 = ( GEOMETRIC_REPRESENTATION_CONTEXT(2) 
PARAMETRIC_REPRESENTATION_CONTEXT() REPRESENTATION_CONTEXT('2D SPACE',''
  ) );
#2260 = ORIENTED_EDGE('',*,*,#2261,.F.);
#2261 = EDGE_CURVE('',#2262,#2239,#2264,.T.);
#2262 = VERTEX_POINT('',#2263);
#2263 = CARTESIAN_POINT('',(7.510102051443,7.445,-0.1));
#2264 = SURFACE_CURVE('',#2265,(#2270,#2277),.PCURVE_S1.);
#2265 = CIRCLE('',#2266,0.5);
#2266 = AXIS2_PLACEMENT_3D('',#2267,#2268,#2269);
#2267 = CARTESIAN_POINT('',(8.,7.445,-0.2));
#2268 = DIRECTION('',(0.,1.,-0.));
#2269 = DIRECTION('',(-0.707106781187,0.,0.707106781187));
#2270 = PCURVE('',#1083,#2271);
#2271 = DEFINITIONAL_REPRESENTATION('',(#2272),#2276);
#2272 = CIRCLE('',#2273,0.5);
#2273 = AXIS2_PLACEMENT_2D('',#2274,#2275);
#2274 = CARTESIAN_POINT('',(5.E-02,8.));
#2275 = DIRECTION('',(0.707106781187,-0.707106781187));
#2276 = ( GEOMETRIC_REPRESENTATION_CONTEXT(2) 
PARAMETRIC_REPRESENTATION_CONTEXT() REPRESENTATION_CONTEXT('2D SPACE',''
  ) );
#2277 = PCURVE('',#1556,#2278);
#2278 = DEFINITIONAL_REPRESENTATION('',(#2279),#2283);
#2279 = LINE('',#2280,#2281);
#2280 = CARTESIAN_POINT('',(-6.28318530718,3.03625));
#2281 = VECTOR('',#2282,1.);
#2282 = DIRECTION('',(1.,0.));
#2283 = ( GEOMETRIC_REPRESENTATION_CONTEXT(2) 
PARAMETRIC_REPRESENTATION_CONTEXT() REPRESENTATION_CONTEXT('2D SPACE',''
  ) );
#2284 = ORIENTED_EDGE('',*,*,#2285,.F.);
#2285 = EDGE_CURVE('',#1068,#2262,#2286,.T.);
#2286 = SURFACE_CURVE('',#2287,(#2292,#2303),.PCURVE_S1.);
#2287 = CIRCLE('',#2288,0.5);
#2288 = AXIS2_PLACEMENT_3D('',#2289,#2290,#2291);
#2289 = CARTESIAN_POINT('',(7.020204102887,7.445,-2.081668171172E-16));
#2290 = DIRECTION('',(0.,-1.,0.));
#2291 = DIRECTION('',(0.,0.,1.));
#2292 = PCURVE('',#1083,#2293);
#2293 = DEFINITIONAL_REPRESENTATION('',(#2294),#2302);
#2294 = ( BOUNDED_CURVE() B_SPLINE_CURVE(2,(#2295,#2296,#2297,#2298,
#2299,#2300,#2301),.UNSPECIFIED.,.T.,.F.) B_SPLINE_CURVE_WITH_KNOTS((1,2
    ,2,2,2,1),(-2.094395102393,0.,2.094395102393,4.188790204786,
6.28318530718,8.377580409573),.UNSPECIFIED.) CURVE() 
GEOMETRIC_REPRESENTATION_ITEM() RATIONAL_B_SPLINE_CURVE((1.,0.5,1.,0.5,
1.,0.5,1.)) REPRESENTATION_ITEM('') );
#2295 = CARTESIAN_POINT('',(0.75,7.020204102887));
#2296 = CARTESIAN_POINT('',(0.75,6.154178699102));
#2297 = CARTESIAN_POINT('',(-1.110223024625E-16,6.587191400995));
#2298 = CARTESIAN_POINT('',(-0.75,7.020204102887));
#2299 = CARTESIAN_POINT('',(-4.440892098501E-16,7.453216804779));
#2300 = CARTESIAN_POINT('',(0.75,7.886229506671));
#2301 = CARTESIAN_POINT('',(0.75,7.020204102887));
#2302 = ( GEOMETRIC_REPRESENTATION_CONTEXT(2) 
PARAMETRIC_REPRESENTATION_CONTEXT() REPRESENTATION_CONTEXT('2D SPACE',''
  ) );
#2303 = PCURVE('',#1111,#2304);
#2304 = DEFINITIONAL_REPRESENTATION('',(#2305),#2309);
#2305 = LINE('',#2306,#2307);
#2306 = CARTESIAN_POINT('',(0.,-3.03625));
#2307 = VECTOR('',#2308,1.);
#2308 = DIRECTION('',(1.,0.));
#2309 = ( GEOMETRIC_REPRESENTATION_CONTEXT(2) 
PARAMETRIC_REPRESENTATION_CONTEXT() REPRESENTATION_CONTEXT('2D SPACE',''
  ) );
#2310 = ORIENTED_EDGE('',*,*,#1067,.T.);
#2311 = ORIENTED_EDGE('',*,*,#2312,.F.);
#2312 = EDGE_CURVE('',#2313,#1040,#2315,.T.);
#2313 = VERTEX_POINT('',#2314);
#2314 = CARTESIAN_POINT('',(-7.489897948557,7.445,-0.1));
#2315 = SURFACE_CURVE('',#2316,(#2321,#2332),.PCURVE_S1.);
#2316 = CIRCLE('',#2317,0.5);
#2317 = AXIS2_PLACEMENT_3D('',#2318,#2319,#2320);
#2318 = CARTESIAN_POINT('',(-7.,7.445,-2.081668171172E-16));
#2319 = DIRECTION('',(0.,-1.,0.));
#2320 = DIRECTION('',(-0.707106781187,-0.,-0.707106781187));
#2321 = PCURVE('',#1083,#2322);
#2322 = DEFINITIONAL_REPRESENTATION('',(#2323),#2331);
#2323 = ( BOUNDED_CURVE() B_SPLINE_CURVE(2,(#2324,#2325,#2326,#2327,
#2328,#2329,#2330),.UNSPECIFIED.,.T.,.F.) B_SPLINE_CURVE_WITH_KNOTS((1,2
    ,2,2,2,1),(-2.094395102393,0.,2.094395102393,4.188790204786,
6.28318530718,8.377580409573),.UNSPECIFIED.) CURVE() 
GEOMETRIC_REPRESENTATION_ITEM() RATIONAL_B_SPLINE_CURVE((1.,0.5,1.,0.5,
1.,0.5,1.)) REPRESENTATION_ITEM('') );
#2324 = CARTESIAN_POINT('',(-0.103553390593,-7.353553390593));
#2325 = CARTESIAN_POINT('',(-0.715925826289,-6.741180954897));
#2326 = CARTESIAN_POINT('',(0.120590477449,-6.517037086855));
#2327 = CARTESIAN_POINT('',(0.957106781187,-6.292893218813));
#2328 = CARTESIAN_POINT('',(0.732962913145,-7.129409522551));
#2329 = CARTESIAN_POINT('',(0.508819045103,-7.965925826289));
#2330 = CARTESIAN_POINT('',(-0.103553390593,-7.353553390593));
#2331 = ( GEOMETRIC_REPRESENTATION_CONTEXT(2) 
PARAMETRIC_REPRESENTATION_CONTEXT() REPRESENTATION_CONTEXT('2D SPACE',''
  ) );
#2332 = PCURVE('',#1055,#2333);
#2333 = DEFINITIONAL_REPRESENTATION('',(#2334),#2338);
#2334 = LINE('',#2335,#2336);
#2335 = CARTESIAN_POINT('',(12.566370614359,10.645));
#2336 = VECTOR('',#2337,1.);
#2337 = DIRECTION('',(-1.,0.));
#2338 = ( GEOMETRIC_REPRESENTATION_CONTEXT(2) 
PARAMETRIC_REPRESENTATION_CONTEXT() REPRESENTATION_CONTEXT('2D SPACE',''
  ) );
#2339 = ORIENTED_EDGE('',*,*,#2340,.F.);
#2340 = EDGE_CURVE('',#2341,#2313,#2343,.T.);
#2341 = VERTEX_POINT('',#2342);
#2342 = CARTESIAN_POINT('',(-7.979795897113,7.445,0.3));
#2343 = SURFACE_CURVE('',#2344,(#2349,#2356),.PCURVE_S1.);
#2344 = CIRCLE('',#2345,0.5);
#2345 = AXIS2_PLACEMENT_3D('',#2346,#2347,#2348);
#2346 = CARTESIAN_POINT('',(-7.979795897113,7.445,-0.2));
#2347 = DIRECTION('',(0.,1.,0.));
#2348 = DIRECTION('',(0.,0.,-1.));
#2349 = PCURVE('',#1083,#2350);
#2350 = DEFINITIONAL_REPRESENTATION('',(#2351),#2355);
#2351 = CIRCLE('',#2352,0.5);
#2352 = AXIS2_PLACEMENT_2D('',#2353,#2354);
#2353 = CARTESIAN_POINT('',(5.E-02,-7.979795897113));
#2354 = DIRECTION('',(-1.,0.));
#2355 = ( GEOMETRIC_REPRESENTATION_CONTEXT(2) 
PARAMETRIC_REPRESENTATION_CONTEXT() REPRESENTATION_CONTEXT('2D SPACE',''
  ) );
#2356 = PCURVE('',#1867,#2357);
#2357 = DEFINITIONAL_REPRESENTATION('',(#2358),#2362);
#2358 = LINE('',#2359,#2360);
#2359 = CARTESIAN_POINT('',(0.,10.645));
#2360 = VECTOR('',#2361,1.);
#2361 = DIRECTION('',(1.,0.));
#2362 = ( GEOMETRIC_REPRESENTATION_CONTEXT(2) 
PARAMETRIC_REPRESENTATION_CONTEXT() REPRESENTATION_CONTEXT('2D SPACE',''
  ) );
#2363 = ORIENTED_EDGE('',*,*,#2364,.T.);
#2364 = EDGE_CURVE('',#2341,#2365,#2367,.T.);
#2365 = VERTEX_POINT('',#2366);
#2366 = CARTESIAN_POINT('',(-11.,7.445,0.3));
#2367 = SURFACE_CURVE('',#2368,(#2372,#2379),.PCURVE_S1.);
#2368 = LINE('',#2369,#2370);
#2369 = CARTESIAN_POINT('',(-3.9,7.445,0.3));
#2370 = VECTOR('',#2371,1.);
#2371 = DIRECTION('',(-1.,0.,0.));
#2372 = PCURVE('',#1083,#2373);
#2373 = DEFINITIONAL_REPRESENTATION('',(#2374),#2378);
#2374 = LINE('',#2375,#2376);
#2375 = CARTESIAN_POINT('',(0.55,-3.9));
#2376 = VECTOR('',#2377,1.);
#2377 = DIRECTION('',(0.,-1.));
#2378 = ( GEOMETRIC_REPRESENTATION_CONTEXT(2) 
PARAMETRIC_REPRESENTATION_CONTEXT() REPRESENTATION_CONTEXT('2D SPACE',''
  ) );
#2379 = PCURVE('',#1838,#2380);
#2380 = DEFINITIONAL_REPRESENTATION('',(#2381),#2385);
#2381 = LINE('',#2382,#2383);
#2382 = CARTESIAN_POINT('',(5.75,6.0725));
#2383 = VECTOR('',#2384,1.);
#2384 = DIRECTION('',(-1.,0.));
#2385 = ( GEOMETRIC_REPRESENTATION_CONTEXT(2) 
PARAMETRIC_REPRESENTATION_CONTEXT() REPRESENTATION_CONTEXT('2D SPACE',''
  ) );
#2386 = ORIENTED_EDGE('',*,*,#2387,.F.);
#2387 = EDGE_CURVE('',#2388,#2365,#2390,.T.);
#2388 = VERTEX_POINT('',#2389);
#2389 = CARTESIAN_POINT('',(-11.,7.445,0.8));
#2390 = SURFACE_CURVE('',#2391,(#2395,#2402),.PCURVE_S1.);
#2391 = LINE('',#2392,#2393);
#2392 = CARTESIAN_POINT('',(-11.,7.445,-0.375));
#2393 = VECTOR('',#2394,1.);
#2394 = DIRECTION('',(0.,0.,-1.));
#2395 = PCURVE('',#1083,#2396);
#2396 = DEFINITIONAL_REPRESENTATION('',(#2397),#2401);
#2397 = LINE('',#2398,#2399);
#2398 = CARTESIAN_POINT('',(-0.125,-11.));
#2399 = VECTOR('',#2400,1.);
#2400 = DIRECTION('',(-1.,0.));
#2401 = ( GEOMETRIC_REPRESENTATION_CONTEXT(2) 
PARAMETRIC_REPRESENTATION_CONTEXT() REPRESENTATION_CONTEXT('2D SPACE',''
  ) );
#2402 = PCURVE('',#2403,#2408);
#2403 = CYLINDRICAL_SURFACE('',#2404,0.5);
#2404 = AXIS2_PLACEMENT_3D('',#2405,#2406,#2407);
#2405 = CARTESIAN_POINT('',(-11.,6.945,-0.375));
#2406 = DIRECTION('',(0.,0.,1.));
#2407 = DIRECTION('',(-0.707106781187,0.707106781187,0.));
#2408 = DEFINITIONAL_REPRESENTATION('',(#2409),#2413);
#2409 = LINE('',#2410,#2411);
#2410 = CARTESIAN_POINT('',(-0.785398163397,0.));
#2411 = VECTOR('',#2412,1.);
#2412 = DIRECTION('',(0.,-1.));
#2413 = ( GEOMETRIC_REPRESENTATION_CONTEXT(2) 
PARAMETRIC_REPRESENTATION_CONTEXT() REPRESENTATION_CONTEXT('2D SPACE',''
  ) );
#2414 = ORIENTED_EDGE('',*,*,#2415,.F.);
#2415 = EDGE_CURVE('',#2416,#2388,#2418,.T.);
#2416 = VERTEX_POINT('',#2417);
#2417 = CARTESIAN_POINT('',(-7.479796001421,7.445,0.8));
#2418 = SURFACE_CURVE('',#2419,(#2423,#2430),.PCURVE_S1.);
#2419 = LINE('',#2420,#2421);
#2420 = CARTESIAN_POINT('',(-11.5,7.445,0.8));
#2421 = VECTOR('',#2422,1.);
#2422 = DIRECTION('',(-1.,0.,0.));
#2423 = PCURVE('',#1083,#2424);
#2424 = DEFINITIONAL_REPRESENTATION('',(#2425),#2429);
#2425 = LINE('',#2426,#2427);
#2426 = CARTESIAN_POINT('',(1.05,-11.5));
#2427 = VECTOR('',#2428,1.);
#2428 = DIRECTION('',(0.,-1.));
#2429 = ( GEOMETRIC_REPRESENTATION_CONTEXT(2) 
PARAMETRIC_REPRESENTATION_CONTEXT() REPRESENTATION_CONTEXT('2D SPACE',''
  ) );
#2430 = PCURVE('',#1782,#2431);
#2431 = DEFINITIONAL_REPRESENTATION('',(#2432),#2436);
#2432 = LINE('',#2433,#2434);
#2433 = CARTESIAN_POINT('',(-2.249999947846,6.072500022352));
#2434 = VECTOR('',#2435,1.);
#2435 = DIRECTION('',(-1.,0.));
#2436 = ( GEOMETRIC_REPRESENTATION_CONTEXT(2) 
PARAMETRIC_REPRESENTATION_CONTEXT() REPRESENTATION_CONTEXT('2D SPACE',''
  ) );
#2437 = ORIENTED_EDGE('',*,*,#2438,.F.);
#2438 = EDGE_CURVE('',#2439,#2416,#2441,.T.);
#2439 = VERTEX_POINT('',#2440);
#2440 = CARTESIAN_POINT('',(-6.989898052865,7.445,0.4));
#2441 = SURFACE_CURVE('',#2442,(#2447,#2458),.PCURVE_S1.);
#2442 = CIRCLE('',#2443,0.5);
#2443 = AXIS2_PLACEMENT_3D('',#2444,#2445,#2446);
#2444 = CARTESIAN_POINT('',(-7.479796001421,7.445,0.3));
#2445 = DIRECTION('',(0.,-1.,0.));
#2446 = DIRECTION('',(0.,0.,-1.));
#2447 = PCURVE('',#1083,#2448);
#2448 = DEFINITIONAL_REPRESENTATION('',(#2449),#2457);
#2449 = ( BOUNDED_CURVE() B_SPLINE_CURVE(2,(#2450,#2451,#2452,#2453,
#2454,#2455,#2456),.UNSPECIFIED.,.T.,.F.) B_SPLINE_CURVE_WITH_KNOTS((1,2
    ,2,2,2,1),(-2.094395102393,0.,2.094395102393,4.188790204786,
6.28318530718,8.377580409573),.UNSPECIFIED.) CURVE() 
GEOMETRIC_REPRESENTATION_ITEM() RATIONAL_B_SPLINE_CURVE((1.,0.5,1.,0.5,
1.,0.5,1.)) REPRESENTATION_ITEM('') );
#2450 = CARTESIAN_POINT('',(5.E-02,-7.479796001421));
#2451 = CARTESIAN_POINT('',(5.E-02,-6.613770597637));
#2452 = CARTESIAN_POINT('',(0.8,-7.046783299529));
#2453 = CARTESIAN_POINT('',(1.55,-7.479796001421));
#2454 = CARTESIAN_POINT('',(0.8,-7.912808703314));
#2455 = CARTESIAN_POINT('',(5.E-02,-8.345821405206));
#2456 = CARTESIAN_POINT('',(5.E-02,-7.479796001421));
#2457 = ( GEOMETRIC_REPRESENTATION_CONTEXT(2) 
PARAMETRIC_REPRESENTATION_CONTEXT() REPRESENTATION_CONTEXT('2D SPACE',''
  ) );
#2458 = PCURVE('',#631,#2459);
#2459 = DEFINITIONAL_REPRESENTATION('',(#2460),#2464);
#2460 = LINE('',#2461,#2462);
#2461 = CARTESIAN_POINT('',(6.28318530718,10.645000022352));
#2462 = VECTOR('',#2463,1.);
#2463 = DIRECTION('',(-1.,0.));
#2464 = ( GEOMETRIC_REPRESENTATION_CONTEXT(2) 
PARAMETRIC_REPRESENTATION_CONTEXT() REPRESENTATION_CONTEXT('2D SPACE',''
  ) );
#2465 = ORIENTED_EDGE('',*,*,#2466,.F.);
#2466 = EDGE_CURVE('',#2467,#2439,#2469,.T.);
#2467 = VERTEX_POINT('',#2468);
#2468 = CARTESIAN_POINT('',(-6.500000104308,7.445,2.081668171172E-16));
#2469 = SURFACE_CURVE('',#2470,(#2475,#2482),.PCURVE_S1.);
#2470 = CIRCLE('',#2471,0.5);
#2471 = AXIS2_PLACEMENT_3D('',#2472,#2473,#2474);
#2472 = CARTESIAN_POINT('',(-6.500000104308,7.445,0.5));
#2473 = DIRECTION('',(0.,1.,0.));
#2474 = DIRECTION('',(-0.707106781187,0.,-0.707106781187));
#2475 = PCURVE('',#1083,#2476);
#2476 = DEFINITIONAL_REPRESENTATION('',(#2477),#2481);
#2477 = CIRCLE('',#2478,0.5);
#2478 = AXIS2_PLACEMENT_2D('',#2479,#2480);
#2479 = CARTESIAN_POINT('',(0.75,-6.500000104308));
#2480 = DIRECTION('',(-0.707106781187,-0.707106781187));
#2481 = ( GEOMETRIC_REPRESENTATION_CONTEXT(2) 
PARAMETRIC_REPRESENTATION_CONTEXT() REPRESENTATION_CONTEXT('2D SPACE',''
  ) );
#2482 = PCURVE('',#481,#2483);
#2483 = DEFINITIONAL_REPRESENTATION('',(#2484),#2488);
#2484 = LINE('',#2485,#2486);
#2485 = CARTESIAN_POINT('',(6.28318530718,-10.64500002235));
#2486 = VECTOR('',#2487,1.);
#2487 = DIRECTION('',(-1.,0.));
#2488 = ( GEOMETRIC_REPRESENTATION_CONTEXT(2) 
PARAMETRIC_REPRESENTATION_CONTEXT() REPRESENTATION_CONTEXT('2D SPACE',''
  ) );
#2489 = ORIENTED_EDGE('',*,*,#2490,.T.);
#2490 = EDGE_CURVE('',#2467,#2491,#2493,.T.);
#2491 = VERTEX_POINT('',#2492);
#2492 = CARTESIAN_POINT('',(6.520204207195,7.445,2.081668171172E-16));
#2493 = SURFACE_CURVE('',#2494,(#2498,#2505),.PCURVE_S1.);
#2494 = LINE('',#2495,#2496);
#2495 = CARTESIAN_POINT('',(11.5,7.445,2.081668171172E-16));
#2496 = VECTOR('',#2497,1.);
#2497 = DIRECTION('',(1.,0.,0.));
#2498 = PCURVE('',#1083,#2499);
#2499 = DEFINITIONAL_REPRESENTATION('',(#2500),#2504);
#2500 = LINE('',#2501,#2502);
#2501 = CARTESIAN_POINT('',(0.25,11.5));
#2502 = VECTOR('',#2503,1.);
#2503 = DIRECTION('',(0.,1.));
#2504 = ( GEOMETRIC_REPRESENTATION_CONTEXT(2) 
PARAMETRIC_REPRESENTATION_CONTEXT() REPRESENTATION_CONTEXT('2D SPACE',''
  ) );
#2505 = PCURVE('',#310,#2506);
#2506 = DEFINITIONAL_REPRESENTATION('',(#2507),#2511);
#2507 = LINE('',#2508,#2509);
#2508 = CARTESIAN_POINT('',(23.,9.145));
#2509 = VECTOR('',#2510,1.);
#2510 = DIRECTION('',(1.,0.));
#2511 = ( GEOMETRIC_REPRESENTATION_CONTEXT(2) 
PARAMETRIC_REPRESENTATION_CONTEXT() REPRESENTATION_CONTEXT('2D SPACE',''
  ) );
#2512 = ORIENTED_EDGE('',*,*,#2513,.F.);
#2513 = EDGE_CURVE('',#2514,#2491,#2516,.T.);
#2514 = VERTEX_POINT('',#2515);
#2515 = CARTESIAN_POINT('',(7.010102155751,7.445,0.4));
#2516 = SURFACE_CURVE('',#2517,(#2522,#2529),.PCURVE_S1.);
#2517 = CIRCLE('',#2518,0.5);
#2518 = AXIS2_PLACEMENT_3D('',#2519,#2520,#2521);
#2519 = CARTESIAN_POINT('',(6.520204207195,7.445,0.5));
#2520 = DIRECTION('',(0.,1.,0.));
#2521 = DIRECTION('',(0.,0.,1.));
#2522 = PCURVE('',#1083,#2523);
#2523 = DEFINITIONAL_REPRESENTATION('',(#2524),#2528);
#2524 = CIRCLE('',#2525,0.5);
#2525 = AXIS2_PLACEMENT_2D('',#2526,#2527);
#2526 = CARTESIAN_POINT('',(0.75,6.520204207195));
#2527 = DIRECTION('',(1.,0.));
#2528 = ( GEOMETRIC_REPRESENTATION_CONTEXT(2) 
PARAMETRIC_REPRESENTATION_CONTEXT() REPRESENTATION_CONTEXT('2D SPACE',''
  ) );
#2529 = PCURVE('',#154,#2530);
#2530 = DEFINITIONAL_REPRESENTATION('',(#2531),#2535);
#2531 = LINE('',#2532,#2533);
#2532 = CARTESIAN_POINT('',(6.28318530718,-3.036250011176));
#2533 = VECTOR('',#2534,1.);
#2534 = DIRECTION('',(-1.,0.));
#2535 = ( GEOMETRIC_REPRESENTATION_CONTEXT(2) 
PARAMETRIC_REPRESENTATION_CONTEXT() REPRESENTATION_CONTEXT('2D SPACE',''
  ) );
#2536 = ORIENTED_EDGE('',*,*,#2537,.F.);
#2537 = EDGE_CURVE('',#2048,#2514,#2538,.T.);
#2538 = SURFACE_CURVE('',#2539,(#2544,#2555),.PCURVE_S1.);
#2539 = CIRCLE('',#2540,0.5);
#2540 = AXIS2_PLACEMENT_3D('',#2541,#2542,#2543);
#2541 = CARTESIAN_POINT('',(7.500000104308,7.445,0.3));
#2542 = DIRECTION('',(0.,-1.,0.));
#2543 = DIRECTION('',(-0.707106781187,0.,0.707106781187));
#2544 = PCURVE('',#1083,#2545);
#2545 = DEFINITIONAL_REPRESENTATION('',(#2546),#2554);
#2546 = ( BOUNDED_CURVE() B_SPLINE_CURVE(2,(#2547,#2548,#2549,#2550,
#2551,#2552,#2553),.UNSPECIFIED.,.T.,.F.) B_SPLINE_CURVE_WITH_KNOTS((1,2
    ,2,2,2,1),(-2.094395102393,0.,2.094395102393,4.188790204786,
6.28318530718,8.377580409573),.UNSPECIFIED.) CURVE() 
GEOMETRIC_REPRESENTATION_ITEM() RATIONAL_B_SPLINE_CURVE((1.,0.5,1.,0.5,
1.,0.5,1.)) REPRESENTATION_ITEM('') );
#2547 = CARTESIAN_POINT('',(0.903553390593,7.146446713715));
#2548 = CARTESIAN_POINT('',(0.291180954897,6.534074278019));
#2549 = CARTESIAN_POINT('',(6.703708685547E-02,7.370590581757));
#2550 = CARTESIAN_POINT('',(-0.157106781187,8.207106885495));
#2551 = CARTESIAN_POINT('',(0.679409522551,7.982963017453));
#2552 = CARTESIAN_POINT('',(1.515925826289,7.758819149411));
#2553 = CARTESIAN_POINT('',(0.903553390593,7.146446713715));
#2554 = ( GEOMETRIC_REPRESENTATION_CONTEXT(2) 
PARAMETRIC_REPRESENTATION_CONTEXT() REPRESENTATION_CONTEXT('2D SPACE',''
  ) );
#2555 = PCURVE('',#1673,#2556);
#2556 = DEFINITIONAL_REPRESENTATION('',(#2557),#2561);
#2557 = LINE('',#2558,#2559);
#2558 = CARTESIAN_POINT('',(8.881784197001E-16,-3.036250011176));
#2559 = VECTOR('',#2560,1.);
#2560 = DIRECTION('',(1.,0.));
#2561 = ( GEOMETRIC_REPRESENTATION_CONTEXT(2) 
PARAMETRIC_REPRESENTATION_CONTEXT() REPRESENTATION_CONTEXT('2D SPACE',''
  ) );
#2562 = ORIENTED_EDGE('',*,*,#2047,.F.);
#2563 = ADVANCED_FACE('',(#2564),#2403,.T.);
#2564 = FACE_BOUND('',#2565,.T.);
#2565 = EDGE_LOOP('',(#2566,#2594,#2595,#2619));
#2566 = ORIENTED_EDGE('',*,*,#2567,.T.);
#2567 = EDGE_CURVE('',#2568,#2388,#2570,.T.);
#2568 = VERTEX_POINT('',#2569);
#2569 = CARTESIAN_POINT('',(-11.5,6.945,0.8));
#2570 = SURFACE_CURVE('',#2571,(#2576,#2583),.PCURVE_S1.);
#2571 = CIRCLE('',#2572,0.5);
#2572 = AXIS2_PLACEMENT_3D('',#2573,#2574,#2575);
#2573 = CARTESIAN_POINT('',(-11.,6.945,0.8));
#2574 = DIRECTION('',(0.,0.,-1.));
#2575 = DIRECTION('',(-0.707106781187,0.707106781187,0.));
#2576 = PCURVE('',#2403,#2577);
#2577 = DEFINITIONAL_REPRESENTATION('',(#2578),#2582);
#2578 = LINE('',#2579,#2580);
#2579 = CARTESIAN_POINT('',(6.28318530718,1.175));
#2580 = VECTOR('',#2581,1.);
#2581 = DIRECTION('',(-1.,0.));
#2582 = ( GEOMETRIC_REPRESENTATION_CONTEXT(2) 
PARAMETRIC_REPRESENTATION_CONTEXT() REPRESENTATION_CONTEXT('2D SPACE',''
  ) );
#2583 = PCURVE('',#1782,#2584);
#2584 = DEFINITIONAL_REPRESENTATION('',(#2585),#2593);
#2585 = ( BOUNDED_CURVE() B_SPLINE_CURVE(2,(#2586,#2587,#2588,#2589,
#2590,#2591,#2592),.UNSPECIFIED.,.T.,.F.) B_SPLINE_CURVE_WITH_KNOTS((1,2
    ,2,2,2,1),(-2.094395102393,0.,2.094395102393,4.188790204786,
6.28318530718,8.377580409573),.UNSPECIFIED.) CURVE() 
GEOMETRIC_REPRESENTATION_ITEM() RATIONAL_B_SPLINE_CURVE((1.,0.5,1.,0.5,
1.,0.5,1.)) REPRESENTATION_ITEM('') );
#2586 = CARTESIAN_POINT('',(-2.103553338439,5.926053412945));
#2587 = CARTESIAN_POINT('',(-1.491180902743,6.538425848641));
#2588 = CARTESIAN_POINT('',(-1.267037034701,5.701909544903));
#2589 = CARTESIAN_POINT('',(-1.042893166659,4.865393241165));
#2590 = CARTESIAN_POINT('',(-1.879409470397,5.089537109207));
#2591 = CARTESIAN_POINT('',(-2.715925774135,5.313680977249));
#2592 = CARTESIAN_POINT('',(-2.103553338439,5.926053412945));
#2593 = ( GEOMETRIC_REPRESENTATION_CONTEXT(2) 
PARAMETRIC_REPRESENTATION_CONTEXT() REPRESENTATION_CONTEXT('2D SPACE',''
  ) );
#2594 = ORIENTED_EDGE('',*,*,#2387,.T.);
#2595 = ORIENTED_EDGE('',*,*,#2596,.T.);
#2596 = EDGE_CURVE('',#2365,#2597,#2599,.T.);
#2597 = VERTEX_POINT('',#2598);
#2598 = CARTESIAN_POINT('',(-11.5,6.945,0.3));
#2599 = SURFACE_CURVE('',#2600,(#2605,#2612),.PCURVE_S1.);
#2600 = CIRCLE('',#2601,0.5);
#2601 = AXIS2_PLACEMENT_3D('',#2602,#2603,#2604);
#2602 = CARTESIAN_POINT('',(-11.,6.945,0.3));
#2603 = DIRECTION('',(0.,0.,1.));
#2604 = DIRECTION('',(-0.707106781187,0.707106781187,0.));
#2605 = PCURVE('',#2403,#2606);
#2606 = DEFINITIONAL_REPRESENTATION('',(#2607),#2611);
#2607 = LINE('',#2608,#2609);
#2608 = CARTESIAN_POINT('',(-6.28318530718,0.675));
#2609 = VECTOR('',#2610,1.);
#2610 = DIRECTION('',(1.,0.));
#2611 = ( GEOMETRIC_REPRESENTATION_CONTEXT(2) 
PARAMETRIC_REPRESENTATION_CONTEXT() REPRESENTATION_CONTEXT('2D SPACE',''
  ) );
#2612 = PCURVE('',#1838,#2613);
#2613 = DEFINITIONAL_REPRESENTATION('',(#2614),#2618);
#2614 = CIRCLE('',#2615,0.5);
#2615 = AXIS2_PLACEMENT_2D('',#2616,#2617);
#2616 = CARTESIAN_POINT('',(-1.35,5.5725));
#2617 = DIRECTION('',(-0.707106781187,0.707106781187));
#2618 = ( GEOMETRIC_REPRESENTATION_CONTEXT(2) 
PARAMETRIC_REPRESENTATION_CONTEXT() REPRESENTATION_CONTEXT('2D SPACE',''
  ) );
#2619 = ORIENTED_EDGE('',*,*,#2620,.T.);
#2620 = EDGE_CURVE('',#2597,#2568,#2621,.T.);
#2621 = SURFACE_CURVE('',#2622,(#2626,#2633),.PCURVE_S1.);
#2622 = LINE('',#2623,#2624);
#2623 = CARTESIAN_POINT('',(-11.5,6.945,-0.375));
#2624 = VECTOR('',#2625,1.);
#2625 = DIRECTION('',(0.,0.,1.));
#2626 = PCURVE('',#2403,#2627);
#2627 = DEFINITIONAL_REPRESENTATION('',(#2628),#2632);
#2628 = LINE('',#2629,#2630);
#2629 = CARTESIAN_POINT('',(0.785398163397,0.));
#2630 = VECTOR('',#2631,1.);
#2631 = DIRECTION('',(0.,1.));
#2632 = ( GEOMETRIC_REPRESENTATION_CONTEXT(2) 
PARAMETRIC_REPRESENTATION_CONTEXT() REPRESENTATION_CONTEXT('2D SPACE',''
  ) );
#2633 = PCURVE('',#2634,#2639);
#2634 = PLANE('',#2635);
#2635 = AXIS2_PLACEMENT_3D('',#2636,#2637,#2638);
#2636 = CARTESIAN_POINT('',(-11.5,-1.7,-0.5));
#2637 = DIRECTION('',(-1.,0.,0.));
#2638 = DIRECTION('',(0.,0.,1.));
#2639 = DEFINITIONAL_REPRESENTATION('',(#2640),#2644);
#2640 = LINE('',#2641,#2642);
#2641 = CARTESIAN_POINT('',(0.125,8.645));
#2642 = VECTOR('',#2643,1.);
#2643 = DIRECTION('',(1.,0.));
#2644 = ( GEOMETRIC_REPRESENTATION_CONTEXT(2) 
PARAMETRIC_REPRESENTATION_CONTEXT() REPRESENTATION_CONTEXT('2D SPACE',''
  ) );
#2645 = ADVANCED_FACE('',(#2646),#2634,.T.);
#2646 = FACE_BOUND('',#2647,.T.);
#2647 = EDGE_LOOP('',(#2648,#2649,#2672,#2695));
#2648 = ORIENTED_EDGE('',*,*,#2620,.F.);
#2649 = ORIENTED_EDGE('',*,*,#2650,.T.);
#2650 = EDGE_CURVE('',#2597,#2651,#2653,.T.);
#2651 = VERTEX_POINT('',#2652);
#2652 = CARTESIAN_POINT('',(-11.5,-4.2,0.3));
#2653 = SURFACE_CURVE('',#2654,(#2658,#2665),.PCURVE_S1.);
#2654 = LINE('',#2655,#2656);
#2655 = CARTESIAN_POINT('',(-11.5,-0.16375,0.3));
#2656 = VECTOR('',#2657,1.);
#2657 = DIRECTION('',(0.,-1.,0.));
#2658 = PCURVE('',#2634,#2659);
#2659 = DEFINITIONAL_REPRESENTATION('',(#2660),#2664);
#2660 = LINE('',#2661,#2662);
#2661 = CARTESIAN_POINT('',(0.8,1.53625));
#2662 = VECTOR('',#2663,1.);
#2663 = DIRECTION('',(0.,-1.));
#2664 = ( GEOMETRIC_REPRESENTATION_CONTEXT(2) 
PARAMETRIC_REPRESENTATION_CONTEXT() REPRESENTATION_CONTEXT('2D SPACE',''
  ) );
#2665 = PCURVE('',#1838,#2666);
#2666 = DEFINITIONAL_REPRESENTATION('',(#2667),#2671);
#2667 = LINE('',#2668,#2669);
#2668 = CARTESIAN_POINT('',(-1.85,-1.53625));
#2669 = VECTOR('',#2670,1.);
#2670 = DIRECTION('',(0.,-1.));
#2671 = ( GEOMETRIC_REPRESENTATION_CONTEXT(2) 
PARAMETRIC_REPRESENTATION_CONTEXT() REPRESENTATION_CONTEXT('2D SPACE',''
  ) );
#2672 = ORIENTED_EDGE('',*,*,#2673,.F.);
#2673 = EDGE_CURVE('',#2674,#2651,#2676,.T.);
#2674 = VERTEX_POINT('',#2675);
#2675 = CARTESIAN_POINT('',(-11.5,-4.2,0.8));
#2676 = SURFACE_CURVE('',#2677,(#2681,#2688),.PCURVE_S1.);
#2677 = LINE('',#2678,#2679);
#2678 = CARTESIAN_POINT('',(-11.5,-4.2,-0.375));
#2679 = VECTOR('',#2680,1.);
#2680 = DIRECTION('',(0.,0.,-1.));
#2681 = PCURVE('',#2634,#2682);
#2682 = DEFINITIONAL_REPRESENTATION('',(#2683),#2687);
#2683 = LINE('',#2684,#2685);
#2684 = CARTESIAN_POINT('',(0.125,-2.5));
#2685 = VECTOR('',#2686,1.);
#2686 = DIRECTION('',(-1.,0.));
#2687 = ( GEOMETRIC_REPRESENTATION_CONTEXT(2) 
PARAMETRIC_REPRESENTATION_CONTEXT() REPRESENTATION_CONTEXT('2D SPACE',''
  ) );
#2688 = PCURVE('',#1810,#2689);
#2689 = DEFINITIONAL_REPRESENTATION('',(#2690),#2694);
#2690 = LINE('',#2691,#2692);
#2691 = CARTESIAN_POINT('',(5.497787143782,0.));
#2692 = VECTOR('',#2693,1.);
#2693 = DIRECTION('',(0.,-1.));
#2694 = ( GEOMETRIC_REPRESENTATION_CONTEXT(2) 
PARAMETRIC_REPRESENTATION_CONTEXT() REPRESENTATION_CONTEXT('2D SPACE',''
  ) );
#2695 = ORIENTED_EDGE('',*,*,#2696,.F.);
#2696 = EDGE_CURVE('',#2568,#2674,#2697,.T.);
#2697 = SURFACE_CURVE('',#2698,(#2702,#2709),.PCURVE_S1.);
#2698 = LINE('',#2699,#2700);
#2699 = CARTESIAN_POINT('',(-11.5,-4.700000044703,0.8));
#2700 = VECTOR('',#2701,1.);
#2701 = DIRECTION('',(0.,-1.,0.));
#2702 = PCURVE('',#2634,#2703);
#2703 = DEFINITIONAL_REPRESENTATION('',(#2704),#2708);
#2704 = LINE('',#2705,#2706);
#2705 = CARTESIAN_POINT('',(1.3,-3.000000044703));
#2706 = VECTOR('',#2707,1.);
#2707 = DIRECTION('',(0.,-1.));
#2708 = ( GEOMETRIC_REPRESENTATION_CONTEXT(2) 
PARAMETRIC_REPRESENTATION_CONTEXT() REPRESENTATION_CONTEXT('2D SPACE',''
  ) );
#2709 = PCURVE('',#1782,#2710);
#2710 = DEFINITIONAL_REPRESENTATION('',(#2711),#2715);
#2711 = LINE('',#2712,#2713);
#2712 = CARTESIAN_POINT('',(-2.249999947846,-6.072500022352));
#2713 = VECTOR('',#2714,1.);
#2714 = DIRECTION('',(0.,-1.));
#2715 = ( GEOMETRIC_REPRESENTATION_CONTEXT(2) 
PARAMETRIC_REPRESENTATION_CONTEXT() REPRESENTATION_CONTEXT('2D SPACE',''
  ) );
#2716 = ADVANCED_FACE('',(#2717,#2766,#2797),#1838,.F.);
#2717 = FACE_BOUND('',#2718,.T.);
#2718 = EDGE_LOOP('',(#2719,#2720,#2721,#2742,#2743,#2765));
#2719 = ORIENTED_EDGE('',*,*,#2596,.F.);
#2720 = ORIENTED_EDGE('',*,*,#2364,.F.);
#2721 = ORIENTED_EDGE('',*,*,#2722,.F.);
#2722 = EDGE_CURVE('',#1823,#2341,#2723,.T.);
#2723 = SURFACE_CURVE('',#2724,(#2728,#2735),.PCURVE_S1.);
#2724 = LINE('',#2725,#2726);
#2725 = CARTESIAN_POINT('',(-7.979795897113,-3.2,0.3));
#2726 = VECTOR('',#2727,1.);
#2727 = DIRECTION('',(0.,1.,0.));
#2728 = PCURVE('',#1838,#2729);
#2729 = DEFINITIONAL_REPRESENTATION('',(#2730),#2734);
#2730 = LINE('',#2731,#2732);
#2731 = CARTESIAN_POINT('',(1.670204102887,-4.5725));
#2732 = VECTOR('',#2733,1.);
#2733 = DIRECTION('',(0.,1.));
#2734 = ( GEOMETRIC_REPRESENTATION_CONTEXT(2) 
PARAMETRIC_REPRESENTATION_CONTEXT() REPRESENTATION_CONTEXT('2D SPACE',''
  ) );
#2735 = PCURVE('',#1867,#2736);
#2736 = DEFINITIONAL_REPRESENTATION('',(#2737),#2741);
#2737 = LINE('',#2738,#2739);
#2738 = CARTESIAN_POINT('',(3.14159265359,0.));
#2739 = VECTOR('',#2740,1.);
#2740 = DIRECTION('',(0.,1.));
#2741 = ( GEOMETRIC_REPRESENTATION_CONTEXT(2) 
PARAMETRIC_REPRESENTATION_CONTEXT() REPRESENTATION_CONTEXT('2D SPACE',''
  ) );
#2742 = ORIENTED_EDGE('',*,*,#1822,.F.);
#2743 = ORIENTED_EDGE('',*,*,#2744,.F.);
#2744 = EDGE_CURVE('',#2651,#1795,#2745,.T.);
#2745 = SURFACE_CURVE('',#2746,(#2751,#2758),.PCURVE_S1.);
#2746 = CIRCLE('',#2747,0.5);
#2747 = AXIS2_PLACEMENT_3D('',#2748,#2749,#2750);
#2748 = CARTESIAN_POINT('',(-11.,-4.2,0.3));
#2749 = DIRECTION('',(0.,0.,1.));
#2750 = DIRECTION('',(-0.707106781187,-0.707106781187,0.));
#2751 = PCURVE('',#1838,#2752);
#2752 = DEFINITIONAL_REPRESENTATION('',(#2753),#2757);
#2753 = CIRCLE('',#2754,0.5);
#2754 = AXIS2_PLACEMENT_2D('',#2755,#2756);
#2755 = CARTESIAN_POINT('',(-1.35,-5.5725));
#2756 = DIRECTION('',(-0.707106781187,-0.707106781187));
#2757 = ( GEOMETRIC_REPRESENTATION_CONTEXT(2) 
PARAMETRIC_REPRESENTATION_CONTEXT() REPRESENTATION_CONTEXT('2D SPACE',''
  ) );
#2758 = PCURVE('',#1810,#2759);
#2759 = DEFINITIONAL_REPRESENTATION('',(#2760),#2764);
#2760 = LINE('',#2761,#2762);
#2761 = CARTESIAN_POINT('',(8.881784197001E-16,0.675));
#2762 = VECTOR('',#2763,1.);
#2763 = DIRECTION('',(1.,0.));
#2764 = ( GEOMETRIC_REPRESENTATION_CONTEXT(2) 
PARAMETRIC_REPRESENTATION_CONTEXT() REPRESENTATION_CONTEXT('2D SPACE',''
  ) );
#2765 = ORIENTED_EDGE('',*,*,#2650,.F.);
#2766 = FACE_BOUND('',#2767,.T.);
#2767 = EDGE_LOOP('',(#2768));
#2768 = ORIENTED_EDGE('',*,*,#2769,.T.);
#2769 = EDGE_CURVE('',#2770,#2770,#2772,.T.);
#2770 = VERTEX_POINT('',#2771);
#2771 = CARTESIAN_POINT('',(-8.489898000711,-5.E-03,0.3));
#2772 = SURFACE_CURVE('',#2773,(#2778,#2785),.PCURVE_S1.);
#2773 = CIRCLE('',#2774,1.);
#2774 = AXIS2_PLACEMENT_3D('',#2775,#2776,#2777);
#2775 = CARTESIAN_POINT('',(-9.489898000711,-5.E-03,0.3));
#2776 = DIRECTION('',(0.,0.,1.));
#2777 = DIRECTION('',(-1.,0.,0.));
#2778 = PCURVE('',#1838,#2779);
#2779 = DEFINITIONAL_REPRESENTATION('',(#2780),#2784);
#2780 = CIRCLE('',#2781,1.);
#2781 = AXIS2_PLACEMENT_2D('',#2782,#2783);
#2782 = CARTESIAN_POINT('',(0.160101999289,-1.3775));
#2783 = DIRECTION('',(-1.,0.));
#2784 = ( GEOMETRIC_REPRESENTATION_CONTEXT(2) 
PARAMETRIC_REPRESENTATION_CONTEXT() REPRESENTATION_CONTEXT('2D SPACE',''
  ) );
#2785 = PCURVE('',#2786,#2791);
#2786 = CYLINDRICAL_SURFACE('',#2787,1.);
#2787 = AXIS2_PLACEMENT_3D('',#2788,#2789,#2790);
#2788 = CARTESIAN_POINT('',(-9.489898000711,-5.E-03,0.8));
#2789 = DIRECTION('',(0.,0.,-1.));
#2790 = DIRECTION('',(-1.,0.,0.));
#2791 = DEFINITIONAL_REPRESENTATION('',(#2792),#2796);
#2792 = LINE('',#2793,#2794);
#2793 = CARTESIAN_POINT('',(12.566370614359,0.5));
#2794 = VECTOR('',#2795,1.);
#2795 = DIRECTION('',(-1.,0.));
#2796 = ( GEOMETRIC_REPRESENTATION_CONTEXT(2) 
PARAMETRIC_REPRESENTATION_CONTEXT() REPRESENTATION_CONTEXT('2D SPACE',''
  ) );
#2797 = FACE_BOUND('',#2798,.T.);
#2798 = EDGE_LOOP('',(#2799));
#2799 = ORIENTED_EDGE('',*,*,#2800,.T.);
#2800 = EDGE_CURVE('',#2801,#2801,#2803,.T.);
#2801 = VERTEX_POINT('',#2802);
#2802 = CARTESIAN_POINT('',(-8.489898000711,4.085,0.3));
#2803 = SURFACE_CURVE('',#2804,(#2809,#2816),.PCURVE_S1.);
#2804 = CIRCLE('',#2805,1.);
#2805 = AXIS2_PLACEMENT_3D('',#2806,#2807,#2808);
#2806 = CARTESIAN_POINT('',(-9.489898000711,4.085,0.3));
#2807 = DIRECTION('',(0.,0.,1.));
#2808 = DIRECTION('',(-1.,0.,0.));
#2809 = PCURVE('',#1838,#2810);
#2810 = DEFINITIONAL_REPRESENTATION('',(#2811),#2815);
#2811 = CIRCLE('',#2812,1.);
#2812 = AXIS2_PLACEMENT_2D('',#2813,#2814);
#2813 = CARTESIAN_POINT('',(0.160101999289,2.7125));
#2814 = DIRECTION('',(-1.,0.));
#2815 = ( GEOMETRIC_REPRESENTATION_CONTEXT(2) 
PARAMETRIC_REPRESENTATION_CONTEXT() REPRESENTATION_CONTEXT('2D SPACE',''
  ) );
#2816 = PCURVE('',#2817,#2822);
#2817 = CYLINDRICAL_SURFACE('',#2818,1.);
#2818 = AXIS2_PLACEMENT_3D('',#2819,#2820,#2821);
#2819 = CARTESIAN_POINT('',(-9.489898000711,4.085,0.8));
#2820 = DIRECTION('',(0.,0.,-1.));
#2821 = DIRECTION('',(-1.,0.,0.));
#2822 = DEFINITIONAL_REPRESENTATION('',(#2823),#2827);
#2823 = LINE('',#2824,#2825);
#2824 = CARTESIAN_POINT('',(12.566370614359,0.5));
#2825 = VECTOR('',#2826,1.);
#2826 = DIRECTION('',(-1.,0.));
#2827 = ( GEOMETRIC_REPRESENTATION_CONTEXT(2) 
PARAMETRIC_REPRESENTATION_CONTEXT() REPRESENTATION_CONTEXT('2D SPACE',''
  ) );
#2828 = ADVANCED_FACE('',(#2829),#1810,.T.);
#2829 = FACE_BOUND('',#2830,.T.);
#2830 = EDGE_LOOP('',(#2831,#2857,#2858,#2859));
#2831 = ORIENTED_EDGE('',*,*,#2832,.T.);
#2832 = EDGE_CURVE('',#1767,#2674,#2833,.T.);
#2833 = SURFACE_CURVE('',#2834,(#2839,#2846),.PCURVE_S1.);
#2834 = CIRCLE('',#2835,0.5);
#2835 = AXIS2_PLACEMENT_3D('',#2836,#2837,#2838);
#2836 = CARTESIAN_POINT('',(-11.,-4.2,0.8));
#2837 = DIRECTION('',(0.,0.,-1.));
#2838 = DIRECTION('',(-0.707106781187,-0.707106781187,-0.));
#2839 = PCURVE('',#1810,#2840);
#2840 = DEFINITIONAL_REPRESENTATION('',(#2841),#2845);
#2841 = LINE('',#2842,#2843);
#2842 = CARTESIAN_POINT('',(12.566370614359,1.175));
#2843 = VECTOR('',#2844,1.);
#2844 = DIRECTION('',(-1.,0.));
#2845 = ( GEOMETRIC_REPRESENTATION_CONTEXT(2) 
PARAMETRIC_REPRESENTATION_CONTEXT() REPRESENTATION_CONTEXT('2D SPACE',''
  ) );
#2846 = PCURVE('',#1782,#2847);
#2847 = DEFINITIONAL_REPRESENTATION('',(#2848),#2856);
#2848 = ( BOUNDED_CURVE() B_SPLINE_CURVE(2,(#2849,#2850,#2851,#2852,
#2853,#2854,#2855),.UNSPECIFIED.,.T.,.F.) B_SPLINE_CURVE_WITH_KNOTS((1,2
    ,2,2,2,1),(-2.094395102393,0.,2.094395102393,4.188790204786,
6.28318530718,8.377580409573),.UNSPECIFIED.) CURVE() 
GEOMETRIC_REPRESENTATION_ITEM() RATIONAL_B_SPLINE_CURVE((1.,0.5,1.,0.5,
1.,0.5,1.)) REPRESENTATION_ITEM('') );
#2849 = CARTESIAN_POINT('',(-2.103553338439,-5.926053368242));
#2850 = CARTESIAN_POINT('',(-2.715925774135,-5.313680932546));
#2851 = CARTESIAN_POINT('',(-1.879409470397,-5.089537064504));
#2852 = CARTESIAN_POINT('',(-1.042893166659,-4.865393196462));
#2853 = CARTESIAN_POINT('',(-1.267037034701,-5.7019095002));
#2854 = CARTESIAN_POINT('',(-1.491180902743,-6.538425803937));
#2855 = CARTESIAN_POINT('',(-2.103553338439,-5.926053368242));
#2856 = ( GEOMETRIC_REPRESENTATION_CONTEXT(2) 
PARAMETRIC_REPRESENTATION_CONTEXT() REPRESENTATION_CONTEXT('2D SPACE',''
  ) );
#2857 = ORIENTED_EDGE('',*,*,#2673,.T.);
#2858 = ORIENTED_EDGE('',*,*,#2744,.T.);
#2859 = ORIENTED_EDGE('',*,*,#1794,.T.);
#2860 = ADVANCED_FACE('',(#2861),#2115,.F.);
#2861 = FACE_BOUND('',#2862,.F.);
#2862 = EDGE_LOOP('',(#2863,#2886,#2908,#2909));
#2863 = ORIENTED_EDGE('',*,*,#2864,.T.);
#2864 = EDGE_CURVE('',#2095,#2865,#2867,.T.);
#2865 = VERTEX_POINT('',#2866);
#2866 = CARTESIAN_POINT('',(10.489898000711,-5.E-03,0.3));
#2867 = SEAM_CURVE('',#2868,(#2872,#2879),.PCURVE_S1.);
#2868 = LINE('',#2869,#2870);
#2869 = CARTESIAN_POINT('',(10.489898000711,-5.E-03,0.8));
#2870 = VECTOR('',#2871,1.);
#2871 = DIRECTION('',(0.,0.,-1.));
#2872 = PCURVE('',#2115,#2873);
#2873 = DEFINITIONAL_REPRESENTATION('',(#2874),#2878);
#2874 = LINE('',#2875,#2876);
#2875 = CARTESIAN_POINT('',(9.424777960769,0.));
#2876 = VECTOR('',#2877,1.);
#2877 = DIRECTION('',(0.,1.));
#2878 = ( GEOMETRIC_REPRESENTATION_CONTEXT(2) 
PARAMETRIC_REPRESENTATION_CONTEXT() REPRESENTATION_CONTEXT('2D SPACE',''
  ) );
#2879 = PCURVE('',#2115,#2880);
#2880 = DEFINITIONAL_REPRESENTATION('',(#2881),#2885);
#2881 = LINE('',#2882,#2883);
#2882 = CARTESIAN_POINT('',(3.14159265359,0.));
#2883 = VECTOR('',#2884,1.);
#2884 = DIRECTION('',(0.,1.));
#2885 = ( GEOMETRIC_REPRESENTATION_CONTEXT(2) 
PARAMETRIC_REPRESENTATION_CONTEXT() REPRESENTATION_CONTEXT('2D SPACE',''
  ) );
#2886 = ORIENTED_EDGE('',*,*,#2887,.T.);
#2887 = EDGE_CURVE('',#2865,#2865,#2888,.T.);
#2888 = SURFACE_CURVE('',#2889,(#2894,#2901),.PCURVE_S1.);
#2889 = CIRCLE('',#2890,1.);
#2890 = AXIS2_PLACEMENT_3D('',#2891,#2892,#2893);
#2891 = CARTESIAN_POINT('',(9.489898000711,-5.E-03,0.3));
#2892 = DIRECTION('',(0.,0.,1.));
#2893 = DIRECTION('',(-1.,0.,0.));
#2894 = PCURVE('',#2115,#2895);
#2895 = DEFINITIONAL_REPRESENTATION('',(#2896),#2900);
#2896 = LINE('',#2897,#2898);
#2897 = CARTESIAN_POINT('',(12.566370614359,0.5));
#2898 = VECTOR('',#2899,1.);
#2899 = DIRECTION('',(-1.,0.));
#2900 = ( GEOMETRIC_REPRESENTATION_CONTEXT(2) 
PARAMETRIC_REPRESENTATION_CONTEXT() REPRESENTATION_CONTEXT('2D SPACE',''
  ) );
#2901 = PCURVE('',#1584,#2902);
#2902 = DEFINITIONAL_REPRESENTATION('',(#2903),#2907);
#2903 = CIRCLE('',#2904,1.);
#2904 = AXIS2_PLACEMENT_2D('',#2905,#2906);
#2905 = CARTESIAN_POINT('',(-0.160101999289,-1.3775));
#2906 = DIRECTION('',(-1.,0.));
#2907 = ( GEOMETRIC_REPRESENTATION_CONTEXT(2) 
PARAMETRIC_REPRESENTATION_CONTEXT() REPRESENTATION_CONTEXT('2D SPACE',''
  ) );
#2908 = ORIENTED_EDGE('',*,*,#2864,.F.);
#2909 = ORIENTED_EDGE('',*,*,#2094,.T.);
#2910 = ADVANCED_FACE('',(#2911),#2786,.F.);
#2911 = FACE_BOUND('',#2912,.F.);
#2912 = EDGE_LOOP('',(#2913,#2936,#2937,#2938));
#2913 = ORIENTED_EDGE('',*,*,#2914,.T.);
#2914 = EDGE_CURVE('',#2915,#2770,#2917,.T.);
#2915 = VERTEX_POINT('',#2916);
#2916 = CARTESIAN_POINT('',(-8.489898000711,-5.E-03,0.8));
#2917 = SEAM_CURVE('',#2918,(#2922,#2929),.PCURVE_S1.);
#2918 = LINE('',#2919,#2920);
#2919 = CARTESIAN_POINT('',(-8.489898000711,-5.E-03,0.8));
#2920 = VECTOR('',#2921,1.);
#2921 = DIRECTION('',(0.,0.,-1.));
#2922 = PCURVE('',#2786,#2923);
#2923 = DEFINITIONAL_REPRESENTATION('',(#2924),#2928);
#2924 = LINE('',#2925,#2926);
#2925 = CARTESIAN_POINT('',(9.424777960769,0.));
#2926 = VECTOR('',#2927,1.);
#2927 = DIRECTION('',(0.,1.));
#2928 = ( GEOMETRIC_REPRESENTATION_CONTEXT(2) 
PARAMETRIC_REPRESENTATION_CONTEXT() REPRESENTATION_CONTEXT('2D SPACE',''
  ) );
#2929 = PCURVE('',#2786,#2930);
#2930 = DEFINITIONAL_REPRESENTATION('',(#2931),#2935);
#2931 = LINE('',#2932,#2933);
#2932 = CARTESIAN_POINT('',(3.14159265359,0.));
#2933 = VECTOR('',#2934,1.);
#2934 = DIRECTION('',(0.,1.));
#2935 = ( GEOMETRIC_REPRESENTATION_CONTEXT(2) 
PARAMETRIC_REPRESENTATION_CONTEXT() REPRESENTATION_CONTEXT('2D SPACE',''
  ) );
#2936 = ORIENTED_EDGE('',*,*,#2769,.T.);
#2937 = ORIENTED_EDGE('',*,*,#2914,.F.);
#2938 = ORIENTED_EDGE('',*,*,#2939,.T.);
#2939 = EDGE_CURVE('',#2915,#2915,#2940,.T.);
#2940 = SURFACE_CURVE('',#2941,(#2946,#2953),.PCURVE_S1.);
#2941 = CIRCLE('',#2942,1.);
#2942 = AXIS2_PLACEMENT_3D('',#2943,#2944,#2945);
#2943 = CARTESIAN_POINT('',(-9.489898000711,-5.E-03,0.8));
#2944 = DIRECTION('',(0.,0.,-1.));
#2945 = DIRECTION('',(-1.,0.,0.));
#2946 = PCURVE('',#2786,#2947);
#2947 = DEFINITIONAL_REPRESENTATION('',(#2948),#2952);
#2948 = LINE('',#2949,#2950);
#2949 = CARTESIAN_POINT('',(0.,0.));
#2950 = VECTOR('',#2951,1.);
#2951 = DIRECTION('',(1.,0.));
#2952 = ( GEOMETRIC_REPRESENTATION_CONTEXT(2) 
PARAMETRIC_REPRESENTATION_CONTEXT() REPRESENTATION_CONTEXT('2D SPACE',''
  ) );
#2953 = PCURVE('',#1782,#2954);
#2954 = DEFINITIONAL_REPRESENTATION('',(#2955),#2963);
#2955 = ( BOUNDED_CURVE() B_SPLINE_CURVE(2,(#2956,#2957,#2958,#2959,
#2960,#2961,#2962),.UNSPECIFIED.,.T.,.F.) B_SPLINE_CURVE_WITH_KNOTS((1,2
    ,2,2,2,1),(-2.094395102393,0.,2.094395102393,4.188790204786,
6.28318530718,8.377580409573),.UNSPECIFIED.) CURVE() 
GEOMETRIC_REPRESENTATION_ITEM() RATIONAL_B_SPLINE_CURVE((1.,0.5,1.,0.5,
1.,0.5,1.)) REPRESENTATION_ITEM('') );
#2956 = CARTESIAN_POINT('',(-1.239897948557,-1.377499977648));
#2957 = CARTESIAN_POINT('',(-1.239897948557,0.354550829921));
#2958 = CARTESIAN_POINT('',(0.260102051443,-0.511474573864));
#2959 = CARTESIAN_POINT('',(1.760102051443,-1.377499977648));
#2960 = CARTESIAN_POINT('',(0.260102051443,-2.243525381433));
#2961 = CARTESIAN_POINT('',(-1.239897948557,-3.109550785217));
#2962 = CARTESIAN_POINT('',(-1.239897948557,-1.377499977648));
#2963 = ( GEOMETRIC_REPRESENTATION_CONTEXT(2) 
PARAMETRIC_REPRESENTATION_CONTEXT() REPRESENTATION_CONTEXT('2D SPACE',''
  ) );
#2964 = ADVANCED_FACE('',(#2965),#2150,.F.);
#2965 = FACE_BOUND('',#2966,.F.);
#2966 = EDGE_LOOP('',(#2967,#2990,#3012,#3013));
#2967 = ORIENTED_EDGE('',*,*,#2968,.T.);
#2968 = EDGE_CURVE('',#2130,#2969,#2971,.T.);
#2969 = VERTEX_POINT('',#2970);
#2970 = CARTESIAN_POINT('',(10.489898000711,4.085,0.3));
#2971 = SEAM_CURVE('',#2972,(#2976,#2983),.PCURVE_S1.);
#2972 = LINE('',#2973,#2974);
#2973 = CARTESIAN_POINT('',(10.489898000711,4.085,0.8));
#2974 = VECTOR('',#2975,1.);
#2975 = DIRECTION('',(0.,0.,-1.));
#2976 = PCURVE('',#2150,#2977);
#2977 = DEFINITIONAL_REPRESENTATION('',(#2978),#2982);
#2978 = LINE('',#2979,#2980);
#2979 = CARTESIAN_POINT('',(9.424777960769,0.));
#2980 = VECTOR('',#2981,1.);
#2981 = DIRECTION('',(0.,1.));
#2982 = ( GEOMETRIC_REPRESENTATION_CONTEXT(2) 
PARAMETRIC_REPRESENTATION_CONTEXT() REPRESENTATION_CONTEXT('2D SPACE',''
  ) );
#2983 = PCURVE('',#2150,#2984);
#2984 = DEFINITIONAL_REPRESENTATION('',(#2985),#2989);
#2985 = LINE('',#2986,#2987);
#2986 = CARTESIAN_POINT('',(3.14159265359,0.));
#2987 = VECTOR('',#2988,1.);
#2988 = DIRECTION('',(0.,1.));
#2989 = ( GEOMETRIC_REPRESENTATION_CONTEXT(2) 
PARAMETRIC_REPRESENTATION_CONTEXT() REPRESENTATION_CONTEXT('2D SPACE',''
  ) );
#2990 = ORIENTED_EDGE('',*,*,#2991,.T.);
#2991 = EDGE_CURVE('',#2969,#2969,#2992,.T.);
#2992 = SURFACE_CURVE('',#2993,(#2998,#3005),.PCURVE_S1.);
#2993 = CIRCLE('',#2994,1.);
#2994 = AXIS2_PLACEMENT_3D('',#2995,#2996,#2997);
#2995 = CARTESIAN_POINT('',(9.489898000711,4.085,0.3));
#2996 = DIRECTION('',(0.,0.,1.));
#2997 = DIRECTION('',(-1.,0.,0.));
#2998 = PCURVE('',#2150,#2999);
#2999 = DEFINITIONAL_REPRESENTATION('',(#3000),#3004);
#3000 = LINE('',#3001,#3002);
#3001 = CARTESIAN_POINT('',(12.566370614359,0.5));
#3002 = VECTOR('',#3003,1.);
#3003 = DIRECTION('',(-1.,0.));
#3004 = ( GEOMETRIC_REPRESENTATION_CONTEXT(2) 
PARAMETRIC_REPRESENTATION_CONTEXT() REPRESENTATION_CONTEXT('2D SPACE',''
  ) );
#3005 = PCURVE('',#1584,#3006);
#3006 = DEFINITIONAL_REPRESENTATION('',(#3007),#3011);
#3007 = CIRCLE('',#3008,1.);
#3008 = AXIS2_PLACEMENT_2D('',#3009,#3010);
#3009 = CARTESIAN_POINT('',(-0.160101999289,2.7125));
#3010 = DIRECTION('',(-1.,0.));
#3011 = ( GEOMETRIC_REPRESENTATION_CONTEXT(2) 
PARAMETRIC_REPRESENTATION_CONTEXT() REPRESENTATION_CONTEXT('2D SPACE',''
  ) );
#3012 = ORIENTED_EDGE('',*,*,#2968,.F.);
#3013 = ORIENTED_EDGE('',*,*,#2129,.T.);
#3014 = ADVANCED_FACE('',(#3015),#2817,.F.);
#3015 = FACE_BOUND('',#3016,.F.);
#3016 = EDGE_LOOP('',(#3017,#3040,#3041,#3042));
#3017 = ORIENTED_EDGE('',*,*,#3018,.T.);
#3018 = EDGE_CURVE('',#3019,#2801,#3021,.T.);
#3019 = VERTEX_POINT('',#3020);
#3020 = CARTESIAN_POINT('',(-8.489898000711,4.085,0.8));
#3021 = SEAM_CURVE('',#3022,(#3026,#3033),.PCURVE_S1.);
#3022 = LINE('',#3023,#3024);
#3023 = CARTESIAN_POINT('',(-8.489898000711,4.085,0.8));
#3024 = VECTOR('',#3025,1.);
#3025 = DIRECTION('',(0.,0.,-1.));
#3026 = PCURVE('',#2817,#3027);
#3027 = DEFINITIONAL_REPRESENTATION('',(#3028),#3032);
#3028 = LINE('',#3029,#3030);
#3029 = CARTESIAN_POINT('',(9.424777960769,0.));
#3030 = VECTOR('',#3031,1.);
#3031 = DIRECTION('',(0.,1.));
#3032 = ( GEOMETRIC_REPRESENTATION_CONTEXT(2) 
PARAMETRIC_REPRESENTATION_CONTEXT() REPRESENTATION_CONTEXT('2D SPACE',''
  ) );
#3033 = PCURVE('',#2817,#3034);
#3034 = DEFINITIONAL_REPRESENTATION('',(#3035),#3039);
#3035 = LINE('',#3036,#3037);
#3036 = CARTESIAN_POINT('',(3.14159265359,0.));
#3037 = VECTOR('',#3038,1.);
#3038 = DIRECTION('',(0.,1.));
#3039 = ( GEOMETRIC_REPRESENTATION_CONTEXT(2) 
PARAMETRIC_REPRESENTATION_CONTEXT() REPRESENTATION_CONTEXT('2D SPACE',''
  ) );
#3040 = ORIENTED_EDGE('',*,*,#2800,.T.);
#3041 = ORIENTED_EDGE('',*,*,#3018,.F.);
#3042 = ORIENTED_EDGE('',*,*,#3043,.T.);
#3043 = EDGE_CURVE('',#3019,#3019,#3044,.T.);
#3044 = SURFACE_CURVE('',#3045,(#3050,#3057),.PCURVE_S1.);
#3045 = CIRCLE('',#3046,1.);
#3046 = AXIS2_PLACEMENT_3D('',#3047,#3048,#3049);
#3047 = CARTESIAN_POINT('',(-9.489898000711,4.085,0.8));
#3048 = DIRECTION('',(0.,0.,-1.));
#3049 = DIRECTION('',(-1.,0.,0.));
#3050 = PCURVE('',#2817,#3051);
#3051 = DEFINITIONAL_REPRESENTATION('',(#3052),#3056);
#3052 = LINE('',#3053,#3054);
#3053 = CARTESIAN_POINT('',(0.,0.));
#3054 = VECTOR('',#3055,1.);
#3055 = DIRECTION('',(1.,0.));
#3056 = ( GEOMETRIC_REPRESENTATION_CONTEXT(2) 
PARAMETRIC_REPRESENTATION_CONTEXT() REPRESENTATION_CONTEXT('2D SPACE',''
  ) );
#3057 = PCURVE('',#1782,#3058);
#3058 = DEFINITIONAL_REPRESENTATION('',(#3059),#3067);
#3059 = ( BOUNDED_CURVE() B_SPLINE_CURVE(2,(#3060,#3061,#3062,#3063,
#3064,#3065,#3066),.UNSPECIFIED.,.T.,.F.) B_SPLINE_CURVE_WITH_KNOTS((1,2
    ,2,2,2,1),(-2.094395102393,0.,2.094395102393,4.188790204786,
6.28318530718,8.377580409573),.UNSPECIFIED.) CURVE() 
GEOMETRIC_REPRESENTATION_ITEM() RATIONAL_B_SPLINE_CURVE((1.,0.5,1.,0.5,
1.,0.5,1.)) REPRESENTATION_ITEM('') );
#3060 = CARTESIAN_POINT('',(-1.239897948557,2.712500022352));
#3061 = CARTESIAN_POINT('',(-1.239897948557,4.444550829921));
#3062 = CARTESIAN_POINT('',(0.260102051443,3.578525426136));
#3063 = CARTESIAN_POINT('',(1.760102051443,2.712500022352));
#3064 = CARTESIAN_POINT('',(0.260102051443,1.846474618567));
#3065 = CARTESIAN_POINT('',(-1.239897948557,0.980449214783));
#3066 = CARTESIAN_POINT('',(-1.239897948557,2.712500022352));
#3067 = ( GEOMETRIC_REPRESENTATION_CONTEXT(2) 
PARAMETRIC_REPRESENTATION_CONTEXT() REPRESENTATION_CONTEXT('2D SPACE',''
  ) );
#3068 = ADVANCED_FACE('',(#3069),#631,.T.);
#3069 = FACE_BOUND('',#3070,.T.);
#3070 = EDGE_LOOP('',(#3071,#3072,#3073,#3094,#3095));
#3071 = ORIENTED_EDGE('',*,*,#1738,.T.);
#3072 = ORIENTED_EDGE('',*,*,#617,.F.);
#3073 = ORIENTED_EDGE('',*,*,#3074,.F.);
#3074 = EDGE_CURVE('',#2439,#404,#3075,.T.);
#3075 = SURFACE_CURVE('',#3076,(#3080,#3087),.PCURVE_S1.);
#3076 = LINE('',#3077,#3078);
#3077 = CARTESIAN_POINT('',(-6.989898052865,-3.200000022352,0.4));
#3078 = VECTOR('',#3079,1.);
#3079 = DIRECTION('',(0.,-1.,0.));
#3080 = PCURVE('',#631,#3081);
#3081 = DEFINITIONAL_REPRESENTATION('',(#3082),#3086);
#3082 = LINE('',#3083,#3084);
#3083 = CARTESIAN_POINT('',(4.511031059594,0.));
#3084 = VECTOR('',#3085,1.);
#3085 = DIRECTION('',(0.,-1.));
#3086 = ( GEOMETRIC_REPRESENTATION_CONTEXT(2) 
PARAMETRIC_REPRESENTATION_CONTEXT() REPRESENTATION_CONTEXT('2D SPACE',''
  ) );
#3087 = PCURVE('',#481,#3088);
#3088 = DEFINITIONAL_REPRESENTATION('',(#3089),#3093);
#3089 = LINE('',#3090,#3091);
#3090 = CARTESIAN_POINT('',(-0.584040242607,0.));
#3091 = VECTOR('',#3092,1.);
#3092 = DIRECTION('',(0.,1.));
#3093 = ( GEOMETRIC_REPRESENTATION_CONTEXT(2) 
PARAMETRIC_REPRESENTATION_CONTEXT() REPRESENTATION_CONTEXT('2D SPACE',''
  ) );
#3094 = ORIENTED_EDGE('',*,*,#2438,.T.);
#3095 = ORIENTED_EDGE('',*,*,#3096,.T.);
#3096 = EDGE_CURVE('',#2416,#1739,#3097,.T.);
#3097 = SURFACE_CURVE('',#3098,(#3102,#3109),.PCURVE_S1.);
#3098 = LINE('',#3099,#3100);
#3099 = CARTESIAN_POINT('',(-7.479796001421,-3.200000022352,0.8));
#3100 = VECTOR('',#3101,1.);
#3101 = DIRECTION('',(0.,-1.,0.));
#3102 = PCURVE('',#631,#3103);
#3103 = DEFINITIONAL_REPRESENTATION('',(#3104),#3108);
#3104 = LINE('',#3105,#3106);
#3105 = CARTESIAN_POINT('',(3.14159265359,0.));
#3106 = VECTOR('',#3107,1.);
#3107 = DIRECTION('',(0.,-1.));
#3108 = ( GEOMETRIC_REPRESENTATION_CONTEXT(2) 
PARAMETRIC_REPRESENTATION_CONTEXT() REPRESENTATION_CONTEXT('2D SPACE',''
  ) );
#3109 = PCURVE('',#1782,#3110);
#3110 = DEFINITIONAL_REPRESENTATION('',(#3111),#3115);
#3111 = LINE('',#3112,#3113);
#3112 = CARTESIAN_POINT('',(1.770204050733,-4.5725));
#3113 = VECTOR('',#3114,1.);
#3114 = DIRECTION('',(0.,-1.));
#3115 = ( GEOMETRIC_REPRESENTATION_CONTEXT(2) 
PARAMETRIC_REPRESENTATION_CONTEXT() REPRESENTATION_CONTEXT('2D SPACE',''
  ) );
#3116 = ADVANCED_FACE('',(#3117),#481,.F.);
#3117 = FACE_BOUND('',#3118,.F.);
#3118 = EDGE_LOOP('',(#3119,#3120,#3143,#3164,#3165));
#3119 = ORIENTED_EDGE('',*,*,#2466,.F.);
#3120 = ORIENTED_EDGE('',*,*,#3121,.F.);
#3121 = EDGE_CURVE('',#3122,#2467,#3124,.T.);
#3122 = VERTEX_POINT('',#3123);
#3123 = CARTESIAN_POINT('',(-6.500000104308,-4.7,2.081668171172E-16));
#3124 = SURFACE_CURVE('',#3125,(#3129,#3136),.PCURVE_S1.);
#3125 = LINE('',#3126,#3127);
#3126 = CARTESIAN_POINT('',(-6.500000104308,-3.200000022352,
    2.081668171172E-16));
#3127 = VECTOR('',#3128,1.);
#3128 = DIRECTION('',(0.,1.,0.));
#3129 = PCURVE('',#481,#3130);
#3130 = DEFINITIONAL_REPRESENTATION('',(#3131),#3135);
#3131 = LINE('',#3132,#3133);
#3132 = CARTESIAN_POINT('',(0.785398163397,0.));
#3133 = VECTOR('',#3134,1.);
#3134 = DIRECTION('',(0.,-1.));
#3135 = ( GEOMETRIC_REPRESENTATION_CONTEXT(2) 
PARAMETRIC_REPRESENTATION_CONTEXT() REPRESENTATION_CONTEXT('2D SPACE',''
  ) );
#3136 = PCURVE('',#310,#3137);
#3137 = DEFINITIONAL_REPRESENTATION('',(#3138),#3142);
#3138 = LINE('',#3139,#3140);
#3139 = CARTESIAN_POINT('',(4.999999895692,-1.500000022352));
#3140 = VECTOR('',#3141,1.);
#3141 = DIRECTION('',(0.,1.));
#3142 = ( GEOMETRIC_REPRESENTATION_CONTEXT(2) 
PARAMETRIC_REPRESENTATION_CONTEXT() REPRESENTATION_CONTEXT('2D SPACE',''
  ) );
#3143 = ORIENTED_EDGE('',*,*,#3144,.T.);
#3144 = EDGE_CURVE('',#3122,#402,#3145,.T.);
#3145 = SURFACE_CURVE('',#3146,(#3150,#3157),.PCURVE_S1.);
#3146 = LINE('',#3147,#3148);
#3147 = CARTESIAN_POINT('',(-6.500000096858,-3.309999932945,
    -2.081668171172E-16));
#3148 = VECTOR('',#3149,1.);
#3149 = DIRECTION('',(0.,-1.,0.));
#3150 = PCURVE('',#481,#3151);
#3151 = DEFINITIONAL_REPRESENTATION('',(#3152),#3156);
#3152 = LINE('',#3153,#3154);
#3153 = CARTESIAN_POINT('',(0.785398178299,0.109999910593));
#3154 = VECTOR('',#3155,1.);
#3155 = DIRECTION('',(0.,1.));
#3156 = ( GEOMETRIC_REPRESENTATION_CONTEXT(2) 
PARAMETRIC_REPRESENTATION_CONTEXT() REPRESENTATION_CONTEXT('2D SPACE',''
  ) );
#3157 = PCURVE('',#310,#3158);
#3158 = DEFINITIONAL_REPRESENTATION('',(#3159),#3163);
#3159 = LINE('',#3160,#3161);
#3160 = CARTESIAN_POINT('',(4.999999903142,-1.609999932945));
#3161 = VECTOR('',#3162,1.);
#3162 = DIRECTION('',(0.,-1.));
#3163 = ( GEOMETRIC_REPRESENTATION_CONTEXT(2) 
PARAMETRIC_REPRESENTATION_CONTEXT() REPRESENTATION_CONTEXT('2D SPACE',''
  ) );
#3164 = ORIENTED_EDGE('',*,*,#401,.T.);
#3165 = ORIENTED_EDGE('',*,*,#3074,.F.);
#3166 = ADVANCED_FACE('',(#3167),#1867,.F.);
#3167 = FACE_BOUND('',#3168,.F.);
#3168 = EDGE_LOOP('',(#3169,#3170,#3171,#3192));
#3169 = ORIENTED_EDGE('',*,*,#2722,.F.);
#3170 = ORIENTED_EDGE('',*,*,#1850,.F.);
#3171 = ORIENTED_EDGE('',*,*,#3172,.F.);
#3172 = EDGE_CURVE('',#2313,#1851,#3173,.T.);
#3173 = SURFACE_CURVE('',#3174,(#3178,#3185),.PCURVE_S1.);
#3174 = LINE('',#3175,#3176);
#3175 = CARTESIAN_POINT('',(-7.489897948557,-3.2,-0.1));
#3176 = VECTOR('',#3177,1.);
#3177 = DIRECTION('',(0.,-1.,0.));
#3178 = PCURVE('',#1867,#3179);
#3179 = DEFINITIONAL_REPRESENTATION('',(#3180),#3184);
#3180 = LINE('',#3181,#3182);
#3181 = CARTESIAN_POINT('',(4.511031059594,0.));
#3182 = VECTOR('',#3183,1.);
#3183 = DIRECTION('',(0.,-1.));
#3184 = ( GEOMETRIC_REPRESENTATION_CONTEXT(2) 
PARAMETRIC_REPRESENTATION_CONTEXT() REPRESENTATION_CONTEXT('2D SPACE',''
  ) );
#3185 = PCURVE('',#1055,#3186);
#3186 = DEFINITIONAL_REPRESENTATION('',(#3187),#3191);
#3187 = LINE('',#3188,#3189);
#3188 = CARTESIAN_POINT('',(6.867225549787,0.));
#3189 = VECTOR('',#3190,1.);
#3190 = DIRECTION('',(0.,-1.));
#3191 = ( GEOMETRIC_REPRESENTATION_CONTEXT(2) 
PARAMETRIC_REPRESENTATION_CONTEXT() REPRESENTATION_CONTEXT('2D SPACE',''
  ) );
#3192 = ORIENTED_EDGE('',*,*,#2340,.F.);
#3193 = ADVANCED_FACE('',(#3194),#1055,.T.);
#3194 = FACE_BOUND('',#3195,.T.);
#3195 = EDGE_LOOP('',(#3196,#3197,#3198,#3199));
#3196 = ORIENTED_EDGE('',*,*,#3172,.F.);
#3197 = ORIENTED_EDGE('',*,*,#2312,.T.);
#3198 = ORIENTED_EDGE('',*,*,#1039,.T.);
#3199 = ORIENTED_EDGE('',*,*,#1879,.T.);
#3200 = ADVANCED_FACE('',(#3201),#1111,.T.);
#3201 = FACE_BOUND('',#3202,.T.);
#3202 = EDGE_LOOP('',(#3203,#3204,#3225,#3226));
#3203 = ORIENTED_EDGE('',*,*,#2285,.T.);
#3204 = ORIENTED_EDGE('',*,*,#3205,.T.);
#3205 = EDGE_CURVE('',#2262,#1512,#3206,.T.);
#3206 = SURFACE_CURVE('',#3207,(#3211,#3218),.PCURVE_S1.);
#3207 = LINE('',#3208,#3209);
#3208 = CARTESIAN_POINT('',(7.510102051443,4.40875,-0.1));
#3209 = VECTOR('',#3210,1.);
#3210 = DIRECTION('',(0.,-1.,0.));
#3211 = PCURVE('',#1111,#3212);
#3212 = DEFINITIONAL_REPRESENTATION('',(#3213),#3217);
#3213 = LINE('',#3214,#3215);
#3214 = CARTESIAN_POINT('',(4.511031059594,0.));
#3215 = VECTOR('',#3216,1.);
#3216 = DIRECTION('',(0.,1.));
#3217 = ( GEOMETRIC_REPRESENTATION_CONTEXT(2) 
PARAMETRIC_REPRESENTATION_CONTEXT() REPRESENTATION_CONTEXT('2D SPACE',''
  ) );
#3218 = PCURVE('',#1556,#3219);
#3219 = DEFINITIONAL_REPRESENTATION('',(#3220),#3224);
#3220 = LINE('',#3221,#3222);
#3221 = CARTESIAN_POINT('',(-0.584040242607,0.));
#3222 = VECTOR('',#3223,1.);
#3223 = DIRECTION('',(0.,-1.));
#3224 = ( GEOMETRIC_REPRESENTATION_CONTEXT(2) 
PARAMETRIC_REPRESENTATION_CONTEXT() REPRESENTATION_CONTEXT('2D SPACE',''
  ) );
#3225 = ORIENTED_EDGE('',*,*,#1511,.T.);
#3226 = ORIENTED_EDGE('',*,*,#1095,.T.);
#3227 = ADVANCED_FACE('',(#3228),#1556,.F.);
#3228 = FACE_BOUND('',#3229,.F.);
#3229 = EDGE_LOOP('',(#3230,#3231,#3252,#3253));
#3230 = ORIENTED_EDGE('',*,*,#1539,.F.);
#3231 = ORIENTED_EDGE('',*,*,#3232,.F.);
#3232 = EDGE_CURVE('',#2239,#1540,#3233,.T.);
#3233 = SURFACE_CURVE('',#3234,(#3238,#3245),.PCURVE_S1.);
#3234 = LINE('',#3235,#3236);
#3235 = CARTESIAN_POINT('',(8.,4.40875,0.3));
#3236 = VECTOR('',#3237,1.);
#3237 = DIRECTION('',(0.,-1.,0.));
#3238 = PCURVE('',#1556,#3239);
#3239 = DEFINITIONAL_REPRESENTATION('',(#3240),#3244);
#3240 = LINE('',#3241,#3242);
#3241 = CARTESIAN_POINT('',(0.785398163397,0.));
#3242 = VECTOR('',#3243,1.);
#3243 = DIRECTION('',(0.,-1.));
#3244 = ( GEOMETRIC_REPRESENTATION_CONTEXT(2) 
PARAMETRIC_REPRESENTATION_CONTEXT() REPRESENTATION_CONTEXT('2D SPACE',''
  ) );
#3245 = PCURVE('',#1584,#3246);
#3246 = DEFINITIONAL_REPRESENTATION('',(#3247),#3251);
#3247 = LINE('',#3248,#3249);
#3248 = CARTESIAN_POINT('',(-1.65,3.03625));
#3249 = VECTOR('',#3250,1.);
#3250 = DIRECTION('',(0.,-1.));
#3251 = ( GEOMETRIC_REPRESENTATION_CONTEXT(2) 
PARAMETRIC_REPRESENTATION_CONTEXT() REPRESENTATION_CONTEXT('2D SPACE',''
  ) );
#3252 = ORIENTED_EDGE('',*,*,#2261,.F.);
#3253 = ORIENTED_EDGE('',*,*,#3205,.T.);
#3254 = ADVANCED_FACE('',(#3255),#154,.F.);
#3255 = FACE_BOUND('',#3256,.F.);
#3256 = EDGE_LOOP('',(#3257,#3258,#3279,#3280,#3301));
#3257 = ORIENTED_EDGE('',*,*,#74,.T.);
#3258 = ORIENTED_EDGE('',*,*,#3259,.F.);
#3259 = EDGE_CURVE('',#2491,#77,#3260,.T.);
#3260 = SURFACE_CURVE('',#3261,(#3265,#3272),.PCURVE_S1.);
#3261 = LINE('',#3262,#3263);
#3262 = CARTESIAN_POINT('',(6.520204207195,4.408749988824,
    2.081668171172E-16));
#3263 = VECTOR('',#3264,1.);
#3264 = DIRECTION('',(0.,-1.,0.));
#3265 = PCURVE('',#154,#3266);
#3266 = DEFINITIONAL_REPRESENTATION('',(#3267),#3271);
#3267 = LINE('',#3268,#3269);
#3268 = CARTESIAN_POINT('',(3.14159265359,0.));
#3269 = VECTOR('',#3270,1.);
#3270 = DIRECTION('',(0.,1.));
#3271 = ( GEOMETRIC_REPRESENTATION_CONTEXT(2) 
PARAMETRIC_REPRESENTATION_CONTEXT() REPRESENTATION_CONTEXT('2D SPACE',''
  ) );
#3272 = PCURVE('',#310,#3273);
#3273 = DEFINITIONAL_REPRESENTATION('',(#3274),#3278);
#3274 = LINE('',#3275,#3276);
#3275 = CARTESIAN_POINT('',(18.020204207195,6.108749988824));
#3276 = VECTOR('',#3277,1.);
#3277 = DIRECTION('',(0.,-1.));
#3278 = ( GEOMETRIC_REPRESENTATION_CONTEXT(2) 
PARAMETRIC_REPRESENTATION_CONTEXT() REPRESENTATION_CONTEXT('2D SPACE',''
  ) );
#3279 = ORIENTED_EDGE('',*,*,#2513,.F.);
#3280 = ORIENTED_EDGE('',*,*,#3281,.F.);
#3281 = EDGE_CURVE('',#1653,#2514,#3282,.T.);
#3282 = SURFACE_CURVE('',#3283,(#3287,#3294),.PCURVE_S1.);
#3283 = LINE('',#3284,#3285);
#3284 = CARTESIAN_POINT('',(7.010102155751,4.408749988824,0.4));
#3285 = VECTOR('',#3286,1.);
#3286 = DIRECTION('',(0.,1.,0.));
#3287 = PCURVE('',#154,#3288);
#3288 = DEFINITIONAL_REPRESENTATION('',(#3289),#3293);
#3289 = LINE('',#3290,#3291);
#3290 = CARTESIAN_POINT('',(4.511031059594,0.));
#3291 = VECTOR('',#3292,1.);
#3292 = DIRECTION('',(0.,-1.));
#3293 = ( GEOMETRIC_REPRESENTATION_CONTEXT(2) 
PARAMETRIC_REPRESENTATION_CONTEXT() REPRESENTATION_CONTEXT('2D SPACE',''
  ) );
#3294 = PCURVE('',#1673,#3295);
#3295 = DEFINITIONAL_REPRESENTATION('',(#3296),#3300);
#3296 = LINE('',#3297,#3298);
#3297 = CARTESIAN_POINT('',(6.867225549787,0.));
#3298 = VECTOR('',#3299,1.);
#3299 = DIRECTION('',(0.,-1.));
#3300 = ( GEOMETRIC_REPRESENTATION_CONTEXT(2) 
PARAMETRIC_REPRESENTATION_CONTEXT() REPRESENTATION_CONTEXT('2D SPACE',''
  ) );
#3301 = ORIENTED_EDGE('',*,*,#1685,.F.);
#3302 = ADVANCED_FACE('',(#3303),#310,.T.);
#3303 = FACE_BOUND('',#3304,.T.);
#3304 = EDGE_LOOP('',(#3305,#3306,#3307,#3308,#3309,#3310,#3311,#3312,
    #3313,#3314,#3315,#3316,#3317,#3318,#3319,#3320));
#3305 = ORIENTED_EDGE('',*,*,#721,.F.);
#3306 = ORIENTED_EDGE('',*,*,#326,.T.);
#3307 = ORIENTED_EDGE('',*,*,#295,.F.);
#3308 = ORIENTED_EDGE('',*,*,#3259,.F.);
#3309 = ORIENTED_EDGE('',*,*,#2490,.F.);
#3310 = ORIENTED_EDGE('',*,*,#3121,.F.);
#3311 = ORIENTED_EDGE('',*,*,#3144,.T.);
#3312 = ORIENTED_EDGE('',*,*,#697,.T.);
#3313 = ORIENTED_EDGE('',*,*,#1428,.F.);
#3314 = ORIENTED_EDGE('',*,*,#1711,.T.);
#3315 = ORIENTED_EDGE('',*,*,#1374,.F.);
#3316 = ORIENTED_EDGE('',*,*,#1347,.F.);
#3317 = ORIENTED_EDGE('',*,*,#1276,.F.);
#3318 = ORIENTED_EDGE('',*,*,#1250,.F.);
#3319 = ORIENTED_EDGE('',*,*,#1149,.F.);
#3320 = ORIENTED_EDGE('',*,*,#1483,.T.);
#3321 = ADVANCED_FACE('',(#3322),#1673,.T.);
#3322 = FACE_BOUND('',#3323,.T.);
#3323 = EDGE_LOOP('',(#3324,#3325,#3326,#3327));
#3324 = ORIENTED_EDGE('',*,*,#3281,.F.);
#3325 = ORIENTED_EDGE('',*,*,#1652,.T.);
#3326 = ORIENTED_EDGE('',*,*,#2070,.T.);
#3327 = ORIENTED_EDGE('',*,*,#2537,.T.);
#3328 = ADVANCED_FACE('',(#3329,#3357,#3360),#1584,.F.);
#3329 = FACE_BOUND('',#3330,.T.);
#3330 = EDGE_LOOP('',(#3331,#3332,#3333,#3334,#3335,#3336));
#3331 = ORIENTED_EDGE('',*,*,#1937,.F.);
#3332 = ORIENTED_EDGE('',*,*,#1568,.F.);
#3333 = ORIENTED_EDGE('',*,*,#3232,.F.);
#3334 = ORIENTED_EDGE('',*,*,#2238,.F.);
#3335 = ORIENTED_EDGE('',*,*,#2189,.F.);
#3336 = ORIENTED_EDGE('',*,*,#3337,.F.);
#3337 = EDGE_CURVE('',#1938,#2167,#3338,.T.);
#3338 = SURFACE_CURVE('',#3339,(#3343,#3350),.PCURVE_S1.);
#3339 = LINE('',#3340,#3341);
#3340 = CARTESIAN_POINT('',(11.5,-0.16375,0.3));
#3341 = VECTOR('',#3342,1.);
#3342 = DIRECTION('',(0.,1.,0.));
#3343 = PCURVE('',#1584,#3344);
#3344 = DEFINITIONAL_REPRESENTATION('',(#3345),#3349);
#3345 = LINE('',#3346,#3347);
#3346 = CARTESIAN_POINT('',(1.85,-1.53625));
#3347 = VECTOR('',#3348,1.);
#3348 = DIRECTION('',(0.,1.));
#3349 = ( GEOMETRIC_REPRESENTATION_CONTEXT(2) 
PARAMETRIC_REPRESENTATION_CONTEXT() REPRESENTATION_CONTEXT('2D SPACE',''
  ) );
#3350 = PCURVE('',#1975,#3351);
#3351 = DEFINITIONAL_REPRESENTATION('',(#3352),#3356);
#3352 = LINE('',#3353,#3354);
#3353 = CARTESIAN_POINT('',(-0.3,1.53625));
#3354 = VECTOR('',#3355,1.);
#3355 = DIRECTION('',(0.,1.));
#3356 = ( GEOMETRIC_REPRESENTATION_CONTEXT(2) 
PARAMETRIC_REPRESENTATION_CONTEXT() REPRESENTATION_CONTEXT('2D SPACE',''
  ) );
#3357 = FACE_BOUND('',#3358,.T.);
#3358 = EDGE_LOOP('',(#3359));
#3359 = ORIENTED_EDGE('',*,*,#2887,.T.);
#3360 = FACE_BOUND('',#3361,.T.);
#3361 = EDGE_LOOP('',(#3362));
#3362 = ORIENTED_EDGE('',*,*,#2991,.T.);
#3363 = ADVANCED_FACE('',(#3364),#1975,.T.);
#3364 = FACE_BOUND('',#3365,.T.);
#3365 = EDGE_LOOP('',(#3366,#3367,#3368,#3369));
#3366 = ORIENTED_EDGE('',*,*,#1961,.F.);
#3367 = ORIENTED_EDGE('',*,*,#3337,.T.);
#3368 = ORIENTED_EDGE('',*,*,#2166,.F.);
#3369 = ORIENTED_EDGE('',*,*,#1991,.F.);
#3370 = ADVANCED_FACE('',(#3371,#3379,#3382),#1782,.T.);
#3371 = FACE_BOUND('',#3372,.T.);
#3372 = EDGE_LOOP('',(#3373,#3374,#3375,#3376,#3377,#3378));
#3373 = ORIENTED_EDGE('',*,*,#2567,.F.);
#3374 = ORIENTED_EDGE('',*,*,#2696,.T.);
#3375 = ORIENTED_EDGE('',*,*,#2832,.F.);
#3376 = ORIENTED_EDGE('',*,*,#1766,.T.);
#3377 = ORIENTED_EDGE('',*,*,#3096,.F.);
#3378 = ORIENTED_EDGE('',*,*,#2415,.T.);
#3379 = FACE_BOUND('',#3380,.T.);
#3380 = EDGE_LOOP('',(#3381));
#3381 = ORIENTED_EDGE('',*,*,#2939,.T.);
#3382 = FACE_BOUND('',#3383,.T.);
#3383 = EDGE_LOOP('',(#3384));
#3384 = ORIENTED_EDGE('',*,*,#3043,.T.);
#3385 = ( GEOMETRIC_REPRESENTATION_CONTEXT(3) 
GLOBAL_UNCERTAINTY_ASSIGNED_CONTEXT((#3389)) 
GLOBAL_UNIT_ASSIGNED_CONTEXT((#3386,#3387,#3388)) REPRESENTATION_CONTEXT
('Context #1','3D Context with UNIT and UNCERTAINTY') );
#3386 = ( LENGTH_UNIT() NAMED_UNIT(*) SI_UNIT(.MILLI.,.METRE.) );
#3387 = ( NAMED_UNIT(*) PLANE_ANGLE_UNIT() SI_UNIT($,.RADIAN.) );
#3388 = ( NAMED_UNIT(*) SI_UNIT($,.STERADIAN.) SOLID_ANGLE_UNIT() );
#3389 = UNCERTAINTY_MEASURE_WITH_UNIT(LENGTH_MEASURE(2.E-05),#3386,
  'distance_accuracy_value','confusion accuracy');
#3390 = CONTEXT_DEPENDENT_SHAPE_REPRESENTATION(#3391,#3393);
#3391 = ( REPRESENTATION_RELATIONSHIP('','',#67,#36) 
REPRESENTATION_RELATIONSHIP_WITH_TRANSFORMATION(#3392) 
SHAPE_REPRESENTATION_RELATIONSHIP() );
#3392 = ITEM_DEFINED_TRANSFORMATION('','',#11,#37);
#3393 = PRODUCT_DEFINITION_SHAPE('Placement','Placement of an item',
  #3394);
#3394 = NEXT_ASSEMBLY_USAGE_OCCURRENCE('1','','',#31,#62,$);
#3395 = PRODUCT_RELATED_PRODUCT_CATEGORY('part',$,(#64));
#3396 = SHAPE_DEFINITION_REPRESENTATION(#3397,#3403);
#3397 = PRODUCT_DEFINITION_SHAPE('','',#3398);
#3398 = PRODUCT_DEFINITION('design','',#3399,#3402);
#3399 = PRODUCT_DEFINITION_FORMATION('','',#3400);
#3400 = PRODUCT('Open CASCADE STEP translator 7.8 1.1.2',
  'Open CASCADE STEP translator 7.8 1.1.2','',(#3401));
#3401 = PRODUCT_CONTEXT('',#2,'mechanical');
#3402 = PRODUCT_DEFINITION_CONTEXT('part definition',#2,'design');
#3403 = ADVANCED_BREP_SHAPE_REPRESENTATION('',(#11,#3404),#8972);
#3404 = MANIFOLD_SOLID_BREP('',#3405);
#3405 = CLOSED_SHELL('',(#3406,#3536,#3661,#3786,#3911,#4033,#4150,#4267
    ,#4384,#4496,#4603,#4710,#4827,#4954,#5076,#5174,#5323,#5449,#5552,
    #5655,#5758,#5908,#5955,#6077,#6244,#6344,#6391,#6438,#6445,#6521,
    #6592,#6639,#6648,#6724,#6795,#6842,#6851,#6951,#6998,#7045,#7052,
    #7123,#7170,#7179,#7279,#7326,#7373,#7380,#7456,#7527,#7574,#7583,
    #7683,#7730,#7777,#7784,#7861,#7892,#7954,#8031,#8062,#8119,#8196,
    #8227,#8284,#8361,#8392,#8507,#8583,#8654,#8701,#8758,#8771,#8778,
    #8857,#8884,#8911,#8938,#8965));
#3406 = ADVANCED_FACE('',(#3407),#3422,.F.);
#3407 = FACE_BOUND('',#3408,.F.);
#3408 = EDGE_LOOP('',(#3409,#3449,#3477,#3510));
#3409 = ORIENTED_EDGE('',*,*,#3410,.F.);
#3410 = EDGE_CURVE('',#3411,#3413,#3415,.T.);
#3411 = VERTEX_POINT('',#3412);
#3412 = CARTESIAN_POINT('',(-3.901471862576,-3.906471862576,0.78));
#3413 = VERTEX_POINT('',#3414);
#3414 = CARTESIAN_POINT('',(-3.55,-4.755,0.78));
#3415 = SURFACE_CURVE('',#3416,(#3421,#3433),.PCURVE_S1.);
#3416 = CIRCLE('',#3417,1.2);
#3417 = AXIS2_PLACEMENT_3D('',#3418,#3419,#3420);
#3418 = CARTESIAN_POINT('',(-4.75,-4.755,0.78));
#3419 = DIRECTION('',(0.,0.,-1.));
#3420 = DIRECTION('',(-1.,0.,0.));
#3421 = PCURVE('',#3422,#3427);
#3422 = CYLINDRICAL_SURFACE('',#3423,1.2);
#3423 = AXIS2_PLACEMENT_3D('',#3424,#3425,#3426);
#3424 = CARTESIAN_POINT('',(-4.75,-4.755,0.8));
#3425 = DIRECTION('',(0.,0.,-1.));
#3426 = DIRECTION('',(-1.,0.,0.));
#3427 = DEFINITIONAL_REPRESENTATION('',(#3428),#3432);
#3428 = LINE('',#3429,#3430);
#3429 = CARTESIAN_POINT('',(0.,2.E-02));
#3430 = VECTOR('',#3431,1.);
#3431 = DIRECTION('',(1.,0.));
#3432 = ( GEOMETRIC_REPRESENTATION_CONTEXT(2) 
PARAMETRIC_REPRESENTATION_CONTEXT() REPRESENTATION_CONTEXT('2D SPACE',''
  ) );
#3433 = PCURVE('',#3434,#3439);
#3434 = PLANE('',#3435);
#3435 = AXIS2_PLACEMENT_3D('',#3436,#3437,#3438);
#3436 = CARTESIAN_POINT('',(-4.75,-4.755,0.78));
#3437 = DIRECTION('',(0.,0.,1.));
#3438 = DIRECTION('',(-1.,0.,0.));
#3439 = DEFINITIONAL_REPRESENTATION('',(#3440),#3448);
#3440 = ( BOUNDED_CURVE() B_SPLINE_CURVE(2,(#3441,#3442,#3443,#3444,
#3445,#3446,#3447),.UNSPECIFIED.,.T.,.F.) B_SPLINE_CURVE_WITH_KNOTS((1,2
    ,2,2,2,1),(-2.094395102393,0.,2.094395102393,4.188790204786,
6.28318530718,8.377580409573),.UNSPECIFIED.) CURVE() 
GEOMETRIC_REPRESENTATION_ITEM() RATIONAL_B_SPLINE_CURVE((1.,0.5,1.,0.5,
1.,0.5,1.)) REPRESENTATION_ITEM('') );
#3441 = CARTESIAN_POINT('',(1.2,0.));
#3442 = CARTESIAN_POINT('',(1.2,-2.078460969083));
#3443 = CARTESIAN_POINT('',(-0.6,-1.039230484541));
#3444 = CARTESIAN_POINT('',(-2.4,-2.939152317954E-16));
#3445 = CARTESIAN_POINT('',(-0.6,1.039230484541));
#3446 = CARTESIAN_POINT('',(1.2,2.078460969083));
#3447 = CARTESIAN_POINT('',(1.2,0.));
#3448 = ( GEOMETRIC_REPRESENTATION_CONTEXT(2) 
PARAMETRIC_REPRESENTATION_CONTEXT() REPRESENTATION_CONTEXT('2D SPACE',''
  ) );
#3449 = ORIENTED_EDGE('',*,*,#3450,.F.);
#3450 = EDGE_CURVE('',#3451,#3411,#3453,.T.);
#3451 = VERTEX_POINT('',#3452);
#3452 = CARTESIAN_POINT('',(-3.901471862576,-3.906471862576,0.8));
#3453 = SURFACE_CURVE('',#3454,(#3458,#3465),.PCURVE_S1.);
#3454 = LINE('',#3455,#3456);
#3455 = CARTESIAN_POINT('',(-3.901471862576,-3.906471862576,0.8));
#3456 = VECTOR('',#3457,1.);
#3457 = DIRECTION('',(0.,0.,-1.));
#3458 = PCURVE('',#3422,#3459);
#3459 = DEFINITIONAL_REPRESENTATION('',(#3460),#3464);
#3460 = LINE('',#3461,#3462);
#3461 = CARTESIAN_POINT('',(2.356194490192,0.));
#3462 = VECTOR('',#3463,1.);
#3463 = DIRECTION('',(0.,1.));
#3464 = ( GEOMETRIC_REPRESENTATION_CONTEXT(2) 
PARAMETRIC_REPRESENTATION_CONTEXT() REPRESENTATION_CONTEXT('2D SPACE',''
  ) );
#3465 = PCURVE('',#3466,#3471);
#3466 = CYLINDRICAL_SURFACE('',#3467,5.517514421272);
#3467 = AXIS2_PLACEMENT_3D('',#3468,#3469,#3470);
#3468 = CARTESIAN_POINT('',(0.,-5.E-03,0.8));
#3469 = DIRECTION('',(0.,0.,-1.));
#3470 = DIRECTION('',(-1.,0.,0.));
#3471 = DEFINITIONAL_REPRESENTATION('',(#3472),#3476);
#3472 = LINE('',#3473,#3474);
#3473 = CARTESIAN_POINT('',(5.497787143782,0.));
#3474 = VECTOR('',#3475,1.);
#3475 = DIRECTION('',(0.,1.));
#3476 = ( GEOMETRIC_REPRESENTATION_CONTEXT(2) 
PARAMETRIC_REPRESENTATION_CONTEXT() REPRESENTATION_CONTEXT('2D SPACE',''
  ) );
#3477 = ORIENTED_EDGE('',*,*,#3478,.T.);
#3478 = EDGE_CURVE('',#3451,#3479,#3481,.T.);
#3479 = VERTEX_POINT('',#3480);
#3480 = CARTESIAN_POINT('',(-3.55,-4.755,0.8));
#3481 = SURFACE_CURVE('',#3482,(#3487,#3494),.PCURVE_S1.);
#3482 = CIRCLE('',#3483,1.2);
#3483 = AXIS2_PLACEMENT_3D('',#3484,#3485,#3486);
#3484 = CARTESIAN_POINT('',(-4.75,-4.755,0.8));
#3485 = DIRECTION('',(0.,0.,-1.));
#3486 = DIRECTION('',(-1.,0.,0.));
#3487 = PCURVE('',#3422,#3488);
#3488 = DEFINITIONAL_REPRESENTATION('',(#3489),#3493);
#3489 = LINE('',#3490,#3491);
#3490 = CARTESIAN_POINT('',(0.,0.));
#3491 = VECTOR('',#3492,1.);
#3492 = DIRECTION('',(1.,0.));
#3493 = ( GEOMETRIC_REPRESENTATION_CONTEXT(2) 
PARAMETRIC_REPRESENTATION_CONTEXT() REPRESENTATION_CONTEXT('2D SPACE',''
  ) );
#3494 = PCURVE('',#3495,#3500);
#3495 = PLANE('',#3496);
#3496 = AXIS2_PLACEMENT_3D('',#3497,#3498,#3499);
#3497 = CARTESIAN_POINT('',(0.,-1.7,0.8));
#3498 = DIRECTION('',(0.,0.,1.));
#3499 = DIRECTION('',(1.,0.,0.));
#3500 = DEFINITIONAL_REPRESENTATION('',(#3501),#3509);
#3501 = ( BOUNDED_CURVE() B_SPLINE_CURVE(2,(#3502,#3503,#3504,#3505,
#3506,#3507,#3508),.UNSPECIFIED.,.T.,.F.) B_SPLINE_CURVE_WITH_KNOTS((1,2
    ,2,2,2,1),(-2.094395102393,0.,2.094395102393,4.188790204786,
6.28318530718,8.377580409573),.UNSPECIFIED.) CURVE() 
GEOMETRIC_REPRESENTATION_ITEM() RATIONAL_B_SPLINE_CURVE((1.,0.5,1.,0.5,
1.,0.5,1.)) REPRESENTATION_ITEM('') );
#3502 = CARTESIAN_POINT('',(-5.95,-3.055));
#3503 = CARTESIAN_POINT('',(-5.95,-0.976539030917));
#3504 = CARTESIAN_POINT('',(-4.15,-2.015769515459));
#3505 = CARTESIAN_POINT('',(-2.35,-3.055));
#3506 = CARTESIAN_POINT('',(-4.15,-4.094230484541));
#3507 = CARTESIAN_POINT('',(-5.95,-5.133460969083));
#3508 = CARTESIAN_POINT('',(-5.95,-3.055));
#3509 = ( GEOMETRIC_REPRESENTATION_CONTEXT(2) 
PARAMETRIC_REPRESENTATION_CONTEXT() REPRESENTATION_CONTEXT('2D SPACE',''
  ) );
#3510 = ORIENTED_EDGE('',*,*,#3511,.T.);
#3511 = EDGE_CURVE('',#3479,#3413,#3512,.T.);
#3512 = SURFACE_CURVE('',#3513,(#3517,#3524),.PCURVE_S1.);
#3513 = LINE('',#3514,#3515);
#3514 = CARTESIAN_POINT('',(-3.55,-4.755,0.8));
#3515 = VECTOR('',#3516,1.);
#3516 = DIRECTION('',(0.,0.,-1.));
#3517 = PCURVE('',#3422,#3518);
#3518 = DEFINITIONAL_REPRESENTATION('',(#3519),#3523);
#3519 = LINE('',#3520,#3521);
#3520 = CARTESIAN_POINT('',(3.14159265359,0.));
#3521 = VECTOR('',#3522,1.);
#3522 = DIRECTION('',(0.,1.));
#3523 = ( GEOMETRIC_REPRESENTATION_CONTEXT(2) 
PARAMETRIC_REPRESENTATION_CONTEXT() REPRESENTATION_CONTEXT('2D SPACE',''
  ) );
#3524 = PCURVE('',#3525,#3530);
#3525 = CYLINDRICAL_SURFACE('',#3526,1.2);
#3526 = AXIS2_PLACEMENT_3D('',#3527,#3528,#3529);
#3527 = CARTESIAN_POINT('',(-4.75,-4.755,0.8));
#3528 = DIRECTION('',(0.,0.,-1.));
#3529 = DIRECTION('',(-1.,0.,0.));
#3530 = DEFINITIONAL_REPRESENTATION('',(#3531),#3535);
#3531 = LINE('',#3532,#3533);
#3532 = CARTESIAN_POINT('',(3.14159265359,0.));
#3533 = VECTOR('',#3534,1.);
#3534 = DIRECTION('',(0.,1.));
#3535 = ( GEOMETRIC_REPRESENTATION_CONTEXT(2) 
PARAMETRIC_REPRESENTATION_CONTEXT() REPRESENTATION_CONTEXT('2D SPACE',''
  ) );
#3536 = ADVANCED_FACE('',(#3537),#3552,.F.);
#3537 = FACE_BOUND('',#3538,.F.);
#3538 = EDGE_LOOP('',(#3539,#3579,#3607,#3635));
#3539 = ORIENTED_EDGE('',*,*,#3540,.F.);
#3540 = EDGE_CURVE('',#3541,#3543,#3545,.T.);
#3541 = VERTEX_POINT('',#3542);
#3542 = CARTESIAN_POINT('',(3.901471862576,3.896471862576,0.78));
#3543 = VERTEX_POINT('',#3544);
#3544 = CARTESIAN_POINT('',(5.95,4.745,0.78));
#3545 = SURFACE_CURVE('',#3546,(#3551,#3563),.PCURVE_S1.);
#3546 = CIRCLE('',#3547,1.2);
#3547 = AXIS2_PLACEMENT_3D('',#3548,#3549,#3550);
#3548 = CARTESIAN_POINT('',(4.75,4.745,0.78));
#3549 = DIRECTION('',(0.,0.,-1.));
#3550 = DIRECTION('',(-1.,0.,0.));
#3551 = PCURVE('',#3552,#3557);
#3552 = CYLINDRICAL_SURFACE('',#3553,1.2);
#3553 = AXIS2_PLACEMENT_3D('',#3554,#3555,#3556);
#3554 = CARTESIAN_POINT('',(4.75,4.745,0.8));
#3555 = DIRECTION('',(0.,0.,-1.));
#3556 = DIRECTION('',(-1.,0.,0.));
#3557 = DEFINITIONAL_REPRESENTATION('',(#3558),#3562);
#3558 = LINE('',#3559,#3560);
#3559 = CARTESIAN_POINT('',(-6.28318530718,2.E-02));
#3560 = VECTOR('',#3561,1.);
#3561 = DIRECTION('',(1.,0.));
#3562 = ( GEOMETRIC_REPRESENTATION_CONTEXT(2) 
PARAMETRIC_REPRESENTATION_CONTEXT() REPRESENTATION_CONTEXT('2D SPACE',''
  ) );
#3563 = PCURVE('',#3564,#3569);
#3564 = PLANE('',#3565);
#3565 = AXIS2_PLACEMENT_3D('',#3566,#3567,#3568);
#3566 = CARTESIAN_POINT('',(4.75,4.745,0.78));
#3567 = DIRECTION('',(0.,0.,1.));
#3568 = DIRECTION('',(-1.,0.,0.));
#3569 = DEFINITIONAL_REPRESENTATION('',(#3570),#3578);
#3570 = ( BOUNDED_CURVE() B_SPLINE_CURVE(2,(#3571,#3572,#3573,#3574,
#3575,#3576,#3577),.UNSPECIFIED.,.T.,.F.) B_SPLINE_CURVE_WITH_KNOTS((1,2
    ,2,2,2,1),(-2.094395102393,0.,2.094395102393,4.188790204786,
6.28318530718,8.377580409573),.UNSPECIFIED.) CURVE() 
GEOMETRIC_REPRESENTATION_ITEM() RATIONAL_B_SPLINE_CURVE((1.,0.5,1.,0.5,
1.,0.5,1.)) REPRESENTATION_ITEM('') );
#3571 = CARTESIAN_POINT('',(1.2,0.));
#3572 = CARTESIAN_POINT('',(1.2,-2.078460969083));
#3573 = CARTESIAN_POINT('',(-0.6,-1.039230484541));
#3574 = CARTESIAN_POINT('',(-2.4,-2.939152317954E-16));
#3575 = CARTESIAN_POINT('',(-0.6,1.039230484541));
#3576 = CARTESIAN_POINT('',(1.2,2.078460969083));
#3577 = CARTESIAN_POINT('',(1.2,0.));
#3578 = ( GEOMETRIC_REPRESENTATION_CONTEXT(2) 
PARAMETRIC_REPRESENTATION_CONTEXT() REPRESENTATION_CONTEXT('2D SPACE',''
  ) );
#3579 = ORIENTED_EDGE('',*,*,#3580,.F.);
#3580 = EDGE_CURVE('',#3581,#3541,#3583,.T.);
#3581 = VERTEX_POINT('',#3582);
#3582 = CARTESIAN_POINT('',(3.901471862576,3.896471862576,0.8));
#3583 = SURFACE_CURVE('',#3584,(#3588,#3595),.PCURVE_S1.);
#3584 = LINE('',#3585,#3586);
#3585 = CARTESIAN_POINT('',(3.901471862576,3.896471862576,0.8));
#3586 = VECTOR('',#3587,1.);
#3587 = DIRECTION('',(0.,0.,-1.));
#3588 = PCURVE('',#3552,#3589);
#3589 = DEFINITIONAL_REPRESENTATION('',(#3590),#3594);
#3590 = LINE('',#3591,#3592);
#3591 = CARTESIAN_POINT('',(-0.785398163397,0.));
#3592 = VECTOR('',#3593,1.);
#3593 = DIRECTION('',(0.,1.));
#3594 = ( GEOMETRIC_REPRESENTATION_CONTEXT(2) 
PARAMETRIC_REPRESENTATION_CONTEXT() REPRESENTATION_CONTEXT('2D SPACE',''
  ) );
#3595 = PCURVE('',#3596,#3601);
#3596 = CYLINDRICAL_SURFACE('',#3597,5.517514421272);
#3597 = AXIS2_PLACEMENT_3D('',#3598,#3599,#3600);
#3598 = CARTESIAN_POINT('',(0.,-5.E-03,0.8));
#3599 = DIRECTION('',(0.,0.,-1.));
#3600 = DIRECTION('',(-1.,0.,0.));
#3601 = DEFINITIONAL_REPRESENTATION('',(#3602),#3606);
#3602 = LINE('',#3603,#3604);
#3603 = CARTESIAN_POINT('',(2.356194490192,0.));
#3604 = VECTOR('',#3605,1.);
#3605 = DIRECTION('',(0.,1.));
#3606 = ( GEOMETRIC_REPRESENTATION_CONTEXT(2) 
PARAMETRIC_REPRESENTATION_CONTEXT() REPRESENTATION_CONTEXT('2D SPACE',''
  ) );
#3607 = ORIENTED_EDGE('',*,*,#3608,.T.);
#3608 = EDGE_CURVE('',#3581,#3609,#3611,.T.);
#3609 = VERTEX_POINT('',#3610);
#3610 = CARTESIAN_POINT('',(5.95,4.745,0.8));
#3611 = SURFACE_CURVE('',#3612,(#3617,#3624),.PCURVE_S1.);
#3612 = CIRCLE('',#3613,1.2);
#3613 = AXIS2_PLACEMENT_3D('',#3614,#3615,#3616);
#3614 = CARTESIAN_POINT('',(4.75,4.745,0.8));
#3615 = DIRECTION('',(0.,0.,-1.));
#3616 = DIRECTION('',(-1.,0.,0.));
#3617 = PCURVE('',#3552,#3618);
#3618 = DEFINITIONAL_REPRESENTATION('',(#3619),#3623);
#3619 = LINE('',#3620,#3621);
#3620 = CARTESIAN_POINT('',(-6.28318530718,0.));
#3621 = VECTOR('',#3622,1.);
#3622 = DIRECTION('',(1.,0.));
#3623 = ( GEOMETRIC_REPRESENTATION_CONTEXT(2) 
PARAMETRIC_REPRESENTATION_CONTEXT() REPRESENTATION_CONTEXT('2D SPACE',''
  ) );
#3624 = PCURVE('',#3495,#3625);
#3625 = DEFINITIONAL_REPRESENTATION('',(#3626),#3634);
#3626 = ( BOUNDED_CURVE() B_SPLINE_CURVE(2,(#3627,#3628,#3629,#3630,
#3631,#3632,#3633),.UNSPECIFIED.,.T.,.F.) B_SPLINE_CURVE_WITH_KNOTS((1,2
    ,2,2,2,1),(-2.094395102393,0.,2.094395102393,4.188790204786,
6.28318530718,8.377580409573),.UNSPECIFIED.) CURVE() 
GEOMETRIC_REPRESENTATION_ITEM() RATIONAL_B_SPLINE_CURVE((1.,0.5,1.,0.5,
1.,0.5,1.)) REPRESENTATION_ITEM('') );
#3627 = CARTESIAN_POINT('',(3.55,6.445));
#3628 = CARTESIAN_POINT('',(3.55,8.523460969083));
#3629 = CARTESIAN_POINT('',(5.35,7.484230484541));
#3630 = CARTESIAN_POINT('',(7.15,6.445));
#3631 = CARTESIAN_POINT('',(5.35,5.405769515459));
#3632 = CARTESIAN_POINT('',(3.55,4.366539030917));
#3633 = CARTESIAN_POINT('',(3.55,6.445));
#3634 = ( GEOMETRIC_REPRESENTATION_CONTEXT(2) 
PARAMETRIC_REPRESENTATION_CONTEXT() REPRESENTATION_CONTEXT('2D SPACE',''
  ) );
#3635 = ORIENTED_EDGE('',*,*,#3636,.T.);
#3636 = EDGE_CURVE('',#3609,#3543,#3637,.T.);
#3637 = SURFACE_CURVE('',#3638,(#3642,#3649),.PCURVE_S1.);
#3638 = LINE('',#3639,#3640);
#3639 = CARTESIAN_POINT('',(5.95,4.745,0.8));
#3640 = VECTOR('',#3641,1.);
#3641 = DIRECTION('',(0.,0.,-1.));
#3642 = PCURVE('',#3552,#3643);
#3643 = DEFINITIONAL_REPRESENTATION('',(#3644),#3648);
#3644 = LINE('',#3645,#3646);
#3645 = CARTESIAN_POINT('',(3.14159265359,0.));
#3646 = VECTOR('',#3647,1.);
#3647 = DIRECTION('',(0.,1.));
#3648 = ( GEOMETRIC_REPRESENTATION_CONTEXT(2) 
PARAMETRIC_REPRESENTATION_CONTEXT() REPRESENTATION_CONTEXT('2D SPACE',''
  ) );
#3649 = PCURVE('',#3650,#3655);
#3650 = CYLINDRICAL_SURFACE('',#3651,1.2);
#3651 = AXIS2_PLACEMENT_3D('',#3652,#3653,#3654);
#3652 = CARTESIAN_POINT('',(4.75,4.745,0.8));
#3653 = DIRECTION('',(0.,0.,-1.));
#3654 = DIRECTION('',(-1.,0.,0.));
#3655 = DEFINITIONAL_REPRESENTATION('',(#3656),#3660);
#3656 = LINE('',#3657,#3658);
#3657 = CARTESIAN_POINT('',(3.14159265359,0.));
#3658 = VECTOR('',#3659,1.);
#3659 = DIRECTION('',(0.,1.));
#3660 = ( GEOMETRIC_REPRESENTATION_CONTEXT(2) 
PARAMETRIC_REPRESENTATION_CONTEXT() REPRESENTATION_CONTEXT('2D SPACE',''
  ) );
#3661 = ADVANCED_FACE('',(#3662),#3677,.F.);
#3662 = FACE_BOUND('',#3663,.F.);
#3663 = EDGE_LOOP('',(#3664,#3704,#3732,#3760));
#3664 = ORIENTED_EDGE('',*,*,#3665,.F.);
#3665 = EDGE_CURVE('',#3666,#3668,#3670,.T.);
#3666 = VERTEX_POINT('',#3667);
#3667 = CARTESIAN_POINT('',(3.901471862576,-3.906471862576,0.78));
#3668 = VERTEX_POINT('',#3669);
#3669 = CARTESIAN_POINT('',(5.95,-4.755,0.78));
#3670 = SURFACE_CURVE('',#3671,(#3676,#3688),.PCURVE_S1.);
#3671 = CIRCLE('',#3672,1.2);
#3672 = AXIS2_PLACEMENT_3D('',#3673,#3674,#3675);
#3673 = CARTESIAN_POINT('',(4.75,-4.755,0.78));
#3674 = DIRECTION('',(0.,0.,-1.));
#3675 = DIRECTION('',(-1.,0.,0.));
#3676 = PCURVE('',#3677,#3682);
#3677 = CYLINDRICAL_SURFACE('',#3678,1.2);
#3678 = AXIS2_PLACEMENT_3D('',#3679,#3680,#3681);
#3679 = CARTESIAN_POINT('',(4.75,-4.755,0.8));
#3680 = DIRECTION('',(0.,0.,-1.));
#3681 = DIRECTION('',(-1.,0.,0.));
#3682 = DEFINITIONAL_REPRESENTATION('',(#3683),#3687);
#3683 = LINE('',#3684,#3685);
#3684 = CARTESIAN_POINT('',(1.110223024625E-16,2.E-02));
#3685 = VECTOR('',#3686,1.);
#3686 = DIRECTION('',(1.,0.));
#3687 = ( GEOMETRIC_REPRESENTATION_CONTEXT(2) 
PARAMETRIC_REPRESENTATION_CONTEXT() REPRESENTATION_CONTEXT('2D SPACE',''
  ) );
#3688 = PCURVE('',#3689,#3694);
#3689 = PLANE('',#3690);
#3690 = AXIS2_PLACEMENT_3D('',#3691,#3692,#3693);
#3691 = CARTESIAN_POINT('',(4.75,-4.755,0.78));
#3692 = DIRECTION('',(0.,0.,1.));
#3693 = DIRECTION('',(-1.,0.,0.));
#3694 = DEFINITIONAL_REPRESENTATION('',(#3695),#3703);
#3695 = ( BOUNDED_CURVE() B_SPLINE_CURVE(2,(#3696,#3697,#3698,#3699,
#3700,#3701,#3702),.UNSPECIFIED.,.T.,.F.) B_SPLINE_CURVE_WITH_KNOTS((1,2
    ,2,2,2,1),(-2.094395102393,0.,2.094395102393,4.188790204786,
6.28318530718,8.377580409573),.UNSPECIFIED.) CURVE() 
GEOMETRIC_REPRESENTATION_ITEM() RATIONAL_B_SPLINE_CURVE((1.,0.5,1.,0.5,
1.,0.5,1.)) REPRESENTATION_ITEM('') );
#3696 = CARTESIAN_POINT('',(1.2,0.));
#3697 = CARTESIAN_POINT('',(1.2,-2.078460969083));
#3698 = CARTESIAN_POINT('',(-0.6,-1.039230484541));
#3699 = CARTESIAN_POINT('',(-2.4,-2.939152317954E-16));
#3700 = CARTESIAN_POINT('',(-0.6,1.039230484541));
#3701 = CARTESIAN_POINT('',(1.2,2.078460969083));
#3702 = CARTESIAN_POINT('',(1.2,0.));
#3703 = ( GEOMETRIC_REPRESENTATION_CONTEXT(2) 
PARAMETRIC_REPRESENTATION_CONTEXT() REPRESENTATION_CONTEXT('2D SPACE',''
  ) );
#3704 = ORIENTED_EDGE('',*,*,#3705,.F.);
#3705 = EDGE_CURVE('',#3706,#3666,#3708,.T.);
#3706 = VERTEX_POINT('',#3707);
#3707 = CARTESIAN_POINT('',(3.901471862576,-3.906471862576,0.8));
#3708 = SURFACE_CURVE('',#3709,(#3713,#3720),.PCURVE_S1.);
#3709 = LINE('',#3710,#3711);
#3710 = CARTESIAN_POINT('',(3.901471862576,-3.906471862576,0.8));
#3711 = VECTOR('',#3712,1.);
#3712 = DIRECTION('',(0.,0.,-1.));
#3713 = PCURVE('',#3677,#3714);
#3714 = DEFINITIONAL_REPRESENTATION('',(#3715),#3719);
#3715 = LINE('',#3716,#3717);
#3716 = CARTESIAN_POINT('',(0.785398163397,0.));
#3717 = VECTOR('',#3718,1.);
#3718 = DIRECTION('',(0.,1.));
#3719 = ( GEOMETRIC_REPRESENTATION_CONTEXT(2) 
PARAMETRIC_REPRESENTATION_CONTEXT() REPRESENTATION_CONTEXT('2D SPACE',''
  ) );
#3720 = PCURVE('',#3721,#3726);
#3721 = CYLINDRICAL_SURFACE('',#3722,5.517514421272);
#3722 = AXIS2_PLACEMENT_3D('',#3723,#3724,#3725);
#3723 = CARTESIAN_POINT('',(0.,-5.E-03,0.8));
#3724 = DIRECTION('',(0.,0.,-1.));
#3725 = DIRECTION('',(1.,-1.224646799147E-16,0.));
#3726 = DEFINITIONAL_REPRESENTATION('',(#3727),#3731);
#3727 = LINE('',#3728,#3729);
#3728 = CARTESIAN_POINT('',(7.068583470577,0.));
#3729 = VECTOR('',#3730,1.);
#3730 = DIRECTION('',(0.,1.));
#3731 = ( GEOMETRIC_REPRESENTATION_CONTEXT(2) 
PARAMETRIC_REPRESENTATION_CONTEXT() REPRESENTATION_CONTEXT('2D SPACE',''
  ) );
#3732 = ORIENTED_EDGE('',*,*,#3733,.T.);
#3733 = EDGE_CURVE('',#3706,#3734,#3736,.T.);
#3734 = VERTEX_POINT('',#3735);
#3735 = CARTESIAN_POINT('',(5.95,-4.755,0.8));
#3736 = SURFACE_CURVE('',#3737,(#3742,#3749),.PCURVE_S1.);
#3737 = CIRCLE('',#3738,1.2);
#3738 = AXIS2_PLACEMENT_3D('',#3739,#3740,#3741);
#3739 = CARTESIAN_POINT('',(4.75,-4.755,0.8));
#3740 = DIRECTION('',(0.,0.,-1.));
#3741 = DIRECTION('',(-1.,0.,0.));
#3742 = PCURVE('',#3677,#3743);
#3743 = DEFINITIONAL_REPRESENTATION('',(#3744),#3748);
#3744 = LINE('',#3745,#3746);
#3745 = CARTESIAN_POINT('',(1.110223024625E-16,0.));
#3746 = VECTOR('',#3747,1.);
#3747 = DIRECTION('',(1.,0.));
#3748 = ( GEOMETRIC_REPRESENTATION_CONTEXT(2) 
PARAMETRIC_REPRESENTATION_CONTEXT() REPRESENTATION_CONTEXT('2D SPACE',''
  ) );
#3749 = PCURVE('',#3495,#3750);
#3750 = DEFINITIONAL_REPRESENTATION('',(#3751),#3759);
#3751 = ( BOUNDED_CURVE() B_SPLINE_CURVE(2,(#3752,#3753,#3754,#3755,
#3756,#3757,#3758),.UNSPECIFIED.,.T.,.F.) B_SPLINE_CURVE_WITH_KNOTS((1,2
    ,2,2,2,1),(-2.094395102393,0.,2.094395102393,4.188790204786,
6.28318530718,8.377580409573),.UNSPECIFIED.) CURVE() 
GEOMETRIC_REPRESENTATION_ITEM() RATIONAL_B_SPLINE_CURVE((1.,0.5,1.,0.5,
1.,0.5,1.)) REPRESENTATION_ITEM('') );
#3752 = CARTESIAN_POINT('',(3.55,-3.055));
#3753 = CARTESIAN_POINT('',(3.55,-0.976539030917));
#3754 = CARTESIAN_POINT('',(5.35,-2.015769515459));
#3755 = CARTESIAN_POINT('',(7.15,-3.055));
#3756 = CARTESIAN_POINT('',(5.35,-4.094230484541));
#3757 = CARTESIAN_POINT('',(3.55,-5.133460969083));
#3758 = CARTESIAN_POINT('',(3.55,-3.055));
#3759 = ( GEOMETRIC_REPRESENTATION_CONTEXT(2) 
PARAMETRIC_REPRESENTATION_CONTEXT() REPRESENTATION_CONTEXT('2D SPACE',''
  ) );
#3760 = ORIENTED_EDGE('',*,*,#3761,.T.);
#3761 = EDGE_CURVE('',#3734,#3668,#3762,.T.);
#3762 = SURFACE_CURVE('',#3763,(#3767,#3774),.PCURVE_S1.);
#3763 = LINE('',#3764,#3765);
#3764 = CARTESIAN_POINT('',(5.95,-4.755,0.8));
#3765 = VECTOR('',#3766,1.);
#3766 = DIRECTION('',(0.,0.,-1.));
#3767 = PCURVE('',#3677,#3768);
#3768 = DEFINITIONAL_REPRESENTATION('',(#3769),#3773);
#3769 = LINE('',#3770,#3771);
#3770 = CARTESIAN_POINT('',(3.14159265359,0.));
#3771 = VECTOR('',#3772,1.);
#3772 = DIRECTION('',(0.,1.));
#3773 = ( GEOMETRIC_REPRESENTATION_CONTEXT(2) 
PARAMETRIC_REPRESENTATION_CONTEXT() REPRESENTATION_CONTEXT('2D SPACE',''
  ) );
#3774 = PCURVE('',#3775,#3780);
#3775 = CYLINDRICAL_SURFACE('',#3776,1.2);
#3776 = AXIS2_PLACEMENT_3D('',#3777,#3778,#3779);
#3777 = CARTESIAN_POINT('',(4.75,-4.755,0.8));
#3778 = DIRECTION('',(0.,0.,-1.));
#3779 = DIRECTION('',(-1.,0.,0.));
#3780 = DEFINITIONAL_REPRESENTATION('',(#3781),#3785);
#3781 = LINE('',#3782,#3783);
#3782 = CARTESIAN_POINT('',(3.14159265359,0.));
#3783 = VECTOR('',#3784,1.);
#3784 = DIRECTION('',(0.,1.));
#3785 = ( GEOMETRIC_REPRESENTATION_CONTEXT(2) 
PARAMETRIC_REPRESENTATION_CONTEXT() REPRESENTATION_CONTEXT('2D SPACE',''
  ) );
#3786 = ADVANCED_FACE('',(#3787),#3802,.F.);
#3787 = FACE_BOUND('',#3788,.F.);
#3788 = EDGE_LOOP('',(#3789,#3829,#3857,#3885));
#3789 = ORIENTED_EDGE('',*,*,#3790,.F.);
#3790 = EDGE_CURVE('',#3791,#3793,#3795,.T.);
#3791 = VERTEX_POINT('',#3792);
#3792 = CARTESIAN_POINT('',(-3.901471862576,3.896471862576,0.78));
#3793 = VERTEX_POINT('',#3794);
#3794 = CARTESIAN_POINT('',(-3.55,4.745,0.78));
#3795 = SURFACE_CURVE('',#3796,(#3801,#3813),.PCURVE_S1.);
#3796 = CIRCLE('',#3797,1.2);
#3797 = AXIS2_PLACEMENT_3D('',#3798,#3799,#3800);
#3798 = CARTESIAN_POINT('',(-4.75,4.745,0.78));
#3799 = DIRECTION('',(0.,0.,-1.));
#3800 = DIRECTION('',(-1.,0.,0.));
#3801 = PCURVE('',#3802,#3807);
#3802 = CYLINDRICAL_SURFACE('',#3803,1.2);
#3803 = AXIS2_PLACEMENT_3D('',#3804,#3805,#3806);
#3804 = CARTESIAN_POINT('',(-4.75,4.745,0.8));
#3805 = DIRECTION('',(0.,0.,-1.));
#3806 = DIRECTION('',(-1.,0.,0.));
#3807 = DEFINITIONAL_REPRESENTATION('',(#3808),#3812);
#3808 = LINE('',#3809,#3810);
#3809 = CARTESIAN_POINT('',(-6.28318530718,2.E-02));
#3810 = VECTOR('',#3811,1.);
#3811 = DIRECTION('',(1.,0.));
#3812 = ( GEOMETRIC_REPRESENTATION_CONTEXT(2) 
PARAMETRIC_REPRESENTATION_CONTEXT() REPRESENTATION_CONTEXT('2D SPACE',''
  ) );
#3813 = PCURVE('',#3814,#3819);
#3814 = PLANE('',#3815);
#3815 = AXIS2_PLACEMENT_3D('',#3816,#3817,#3818);
#3816 = CARTESIAN_POINT('',(-4.75,4.745,0.78));
#3817 = DIRECTION('',(0.,0.,1.));
#3818 = DIRECTION('',(-1.,0.,0.));
#3819 = DEFINITIONAL_REPRESENTATION('',(#3820),#3828);
#3820 = ( BOUNDED_CURVE() B_SPLINE_CURVE(2,(#3821,#3822,#3823,#3824,
#3825,#3826,#3827),.UNSPECIFIED.,.T.,.F.) B_SPLINE_CURVE_WITH_KNOTS((1,2
    ,2,2,2,1),(-2.094395102393,0.,2.094395102393,4.188790204786,
6.28318530718,8.377580409573),.UNSPECIFIED.) CURVE() 
GEOMETRIC_REPRESENTATION_ITEM() RATIONAL_B_SPLINE_CURVE((1.,0.5,1.,0.5,
1.,0.5,1.)) REPRESENTATION_ITEM('') );
#3821 = CARTESIAN_POINT('',(1.2,0.));
#3822 = CARTESIAN_POINT('',(1.2,-2.078460969083));
#3823 = CARTESIAN_POINT('',(-0.6,-1.039230484541));
#3824 = CARTESIAN_POINT('',(-2.4,-2.939152317954E-16));
#3825 = CARTESIAN_POINT('',(-0.6,1.039230484541));
#3826 = CARTESIAN_POINT('',(1.2,2.078460969083));
#3827 = CARTESIAN_POINT('',(1.2,0.));
#3828 = ( GEOMETRIC_REPRESENTATION_CONTEXT(2) 
PARAMETRIC_REPRESENTATION_CONTEXT() REPRESENTATION_CONTEXT('2D SPACE',''
  ) );
#3829 = ORIENTED_EDGE('',*,*,#3830,.F.);
#3830 = EDGE_CURVE('',#3831,#3791,#3833,.T.);
#3831 = VERTEX_POINT('',#3832);
#3832 = CARTESIAN_POINT('',(-3.901471862576,3.896471862576,0.8));
#3833 = SURFACE_CURVE('',#3834,(#3838,#3845),.PCURVE_S1.);
#3834 = LINE('',#3835,#3836);
#3835 = CARTESIAN_POINT('',(-3.901471862576,3.896471862576,0.8));
#3836 = VECTOR('',#3837,1.);
#3837 = DIRECTION('',(0.,0.,-1.));
#3838 = PCURVE('',#3802,#3839);
#3839 = DEFINITIONAL_REPRESENTATION('',(#3840),#3844);
#3840 = LINE('',#3841,#3842);
#3841 = CARTESIAN_POINT('',(-2.356194490192,0.));
#3842 = VECTOR('',#3843,1.);
#3843 = DIRECTION('',(0.,1.));
#3844 = ( GEOMETRIC_REPRESENTATION_CONTEXT(2) 
PARAMETRIC_REPRESENTATION_CONTEXT() REPRESENTATION_CONTEXT('2D SPACE',''
  ) );
#3845 = PCURVE('',#3846,#3851);
#3846 = CYLINDRICAL_SURFACE('',#3847,5.517514421272);
#3847 = AXIS2_PLACEMENT_3D('',#3848,#3849,#3850);
#3848 = CARTESIAN_POINT('',(0.,-5.E-03,0.8));
#3849 = DIRECTION('',(0.,0.,-1.));
#3850 = DIRECTION('',(-1.,0.,0.));
#3851 = DEFINITIONAL_REPRESENTATION('',(#3852),#3856);
#3852 = LINE('',#3853,#3854);
#3853 = CARTESIAN_POINT('',(7.068583470577,0.));
#3854 = VECTOR('',#3855,1.);
#3855 = DIRECTION('',(0.,1.));
#3856 = ( GEOMETRIC_REPRESENTATION_CONTEXT(2) 
PARAMETRIC_REPRESENTATION_CONTEXT() REPRESENTATION_CONTEXT('2D SPACE',''
  ) );
#3857 = ORIENTED_EDGE('',*,*,#3858,.T.);
#3858 = EDGE_CURVE('',#3831,#3859,#3861,.T.);
#3859 = VERTEX_POINT('',#3860);
#3860 = CARTESIAN_POINT('',(-3.55,4.745,0.8));
#3861 = SURFACE_CURVE('',#3862,(#3867,#3874),.PCURVE_S1.);
#3862 = CIRCLE('',#3863,1.2);
#3863 = AXIS2_PLACEMENT_3D('',#3864,#3865,#3866);
#3864 = CARTESIAN_POINT('',(-4.75,4.745,0.8));
#3865 = DIRECTION('',(0.,0.,-1.));
#3866 = DIRECTION('',(-1.,0.,0.));
#3867 = PCURVE('',#3802,#3868);
#3868 = DEFINITIONAL_REPRESENTATION('',(#3869),#3873);
#3869 = LINE('',#3870,#3871);
#3870 = CARTESIAN_POINT('',(-6.28318530718,0.));
#3871 = VECTOR('',#3872,1.);
#3872 = DIRECTION('',(1.,0.));
#3873 = ( GEOMETRIC_REPRESENTATION_CONTEXT(2) 
PARAMETRIC_REPRESENTATION_CONTEXT() REPRESENTATION_CONTEXT('2D SPACE',''
  ) );
#3874 = PCURVE('',#3495,#3875);
#3875 = DEFINITIONAL_REPRESENTATION('',(#3876),#3884);
#3876 = ( BOUNDED_CURVE() B_SPLINE_CURVE(2,(#3877,#3878,#3879,#3880,
#3881,#3882,#3883),.UNSPECIFIED.,.T.,.F.) B_SPLINE_CURVE_WITH_KNOTS((1,2
    ,2,2,2,1),(-2.094395102393,0.,2.094395102393,4.188790204786,
6.28318530718,8.377580409573),.UNSPECIFIED.) CURVE() 
GEOMETRIC_REPRESENTATION_ITEM() RATIONAL_B_SPLINE_CURVE((1.,0.5,1.,0.5,
1.,0.5,1.)) REPRESENTATION_ITEM('') );
#3877 = CARTESIAN_POINT('',(-5.95,6.445));
#3878 = CARTESIAN_POINT('',(-5.95,8.523460969083));
#3879 = CARTESIAN_POINT('',(-4.15,7.484230484541));
#3880 = CARTESIAN_POINT('',(-2.35,6.445));
#3881 = CARTESIAN_POINT('',(-4.15,5.405769515459));
#3882 = CARTESIAN_POINT('',(-5.95,4.366539030917));
#3883 = CARTESIAN_POINT('',(-5.95,6.445));
#3884 = ( GEOMETRIC_REPRESENTATION_CONTEXT(2) 
PARAMETRIC_REPRESENTATION_CONTEXT() REPRESENTATION_CONTEXT('2D SPACE',''
  ) );
#3885 = ORIENTED_EDGE('',*,*,#3886,.T.);
#3886 = EDGE_CURVE('',#3859,#3793,#3887,.T.);
#3887 = SURFACE_CURVE('',#3888,(#3892,#3899),.PCURVE_S1.);
#3888 = LINE('',#3889,#3890);
#3889 = CARTESIAN_POINT('',(-3.55,4.745,0.8));
#3890 = VECTOR('',#3891,1.);
#3891 = DIRECTION('',(0.,0.,-1.));
#3892 = PCURVE('',#3802,#3893);
#3893 = DEFINITIONAL_REPRESENTATION('',(#3894),#3898);
#3894 = LINE('',#3895,#3896);
#3895 = CARTESIAN_POINT('',(3.14159265359,0.));
#3896 = VECTOR('',#3897,1.);
#3897 = DIRECTION('',(0.,1.));
#3898 = ( GEOMETRIC_REPRESENTATION_CONTEXT(2) 
PARAMETRIC_REPRESENTATION_CONTEXT() REPRESENTATION_CONTEXT('2D SPACE',''
  ) );
#3899 = PCURVE('',#3900,#3905);
#3900 = CYLINDRICAL_SURFACE('',#3901,1.2);
#3901 = AXIS2_PLACEMENT_3D('',#3902,#3903,#3904);
#3902 = CARTESIAN_POINT('',(-4.75,4.745,0.8));
#3903 = DIRECTION('',(0.,0.,-1.));
#3904 = DIRECTION('',(-1.,0.,0.));
#3905 = DEFINITIONAL_REPRESENTATION('',(#3906),#3910);
#3906 = LINE('',#3907,#3908);
#3907 = CARTESIAN_POINT('',(3.14159265359,0.));
#3908 = VECTOR('',#3909,1.);
#3909 = DIRECTION('',(0.,1.));
#3910 = ( GEOMETRIC_REPRESENTATION_CONTEXT(2) 
PARAMETRIC_REPRESENTATION_CONTEXT() REPRESENTATION_CONTEXT('2D SPACE',''
  ) );
#3911 = ADVANCED_FACE('',(#3912),#3926,.F.);
#3912 = FACE_BOUND('',#3913,.F.);
#3913 = EDGE_LOOP('',(#3914,#3949,#3978,#4006));
#3914 = ORIENTED_EDGE('',*,*,#3915,.T.);
#3915 = EDGE_CURVE('',#3916,#3918,#3920,.T.);
#3916 = VERTEX_POINT('',#3917);
#3917 = CARTESIAN_POINT('',(4.7125,-10.845,0.78));
#3918 = VERTEX_POINT('',#3919);
#3919 = CARTESIAN_POINT('',(4.7125,-10.845,0.));
#3920 = SURFACE_CURVE('',#3921,(#3925,#3937),.PCURVE_S1.);
#3921 = LINE('',#3922,#3923);
#3922 = CARTESIAN_POINT('',(4.7125,-10.845,0.8));
#3923 = VECTOR('',#3924,1.);
#3924 = DIRECTION('',(0.,0.,-1.));
#3925 = PCURVE('',#3926,#3931);
#3926 = CYLINDRICAL_SURFACE('',#3927,0.503125);
#3927 = AXIS2_PLACEMENT_3D('',#3928,#3929,#3930);
#3928 = CARTESIAN_POINT('',(4.209375,-10.845,0.8));
#3929 = DIRECTION('',(0.,0.,-1.));
#3930 = DIRECTION('',(-1.,0.,0.));
#3931 = DEFINITIONAL_REPRESENTATION('',(#3932),#3936);
#3932 = LINE('',#3933,#3934);
#3933 = CARTESIAN_POINT('',(3.14159265359,0.));
#3934 = VECTOR('',#3935,1.);
#3935 = DIRECTION('',(0.,1.));
#3936 = ( GEOMETRIC_REPRESENTATION_CONTEXT(2) 
PARAMETRIC_REPRESENTATION_CONTEXT() REPRESENTATION_CONTEXT('2D SPACE',''
  ) );
#3937 = PCURVE('',#3938,#3943);
#3938 = PLANE('',#3939);
#3939 = AXIS2_PLACEMENT_3D('',#3940,#3941,#3942);
#3940 = CARTESIAN_POINT('',(-6.6,-10.845,0.));
#3941 = DIRECTION('',(0.,-1.,0.));
#3942 = DIRECTION('',(1.,0.,0.));
#3943 = DEFINITIONAL_REPRESENTATION('',(#3944),#3948);
#3944 = LINE('',#3945,#3946);
#3945 = CARTESIAN_POINT('',(11.3125,0.8));
#3946 = VECTOR('',#3947,1.);
#3947 = DIRECTION('',(0.,-1.));
#3948 = ( GEOMETRIC_REPRESENTATION_CONTEXT(2) 
PARAMETRIC_REPRESENTATION_CONTEXT() REPRESENTATION_CONTEXT('2D SPACE',''
  ) );
#3949 = ORIENTED_EDGE('',*,*,#3950,.T.);
#3950 = EDGE_CURVE('',#3918,#3951,#3953,.T.);
#3951 = VERTEX_POINT('',#3952);
#3952 = CARTESIAN_POINT('',(3.70625,-10.845,0.));
#3953 = SURFACE_CURVE('',#3954,(#3959,#3966),.PCURVE_S1.);
#3954 = CIRCLE('',#3955,0.503125);
#3955 = AXIS2_PLACEMENT_3D('',#3956,#3957,#3958);
#3956 = CARTESIAN_POINT('',(4.209375,-10.845,0.));
#3957 = DIRECTION('',(0.,0.,1.));
#3958 = DIRECTION('',(-1.,0.,0.));
#3959 = PCURVE('',#3926,#3960);
#3960 = DEFINITIONAL_REPRESENTATION('',(#3961),#3965);
#3961 = LINE('',#3962,#3963);
#3962 = CARTESIAN_POINT('',(6.28318530718,0.8));
#3963 = VECTOR('',#3964,1.);
#3964 = DIRECTION('',(-1.,0.));
#3965 = ( GEOMETRIC_REPRESENTATION_CONTEXT(2) 
PARAMETRIC_REPRESENTATION_CONTEXT() REPRESENTATION_CONTEXT('2D SPACE',''
  ) );
#3966 = PCURVE('',#3967,#3972);
#3967 = PLANE('',#3968);
#3968 = AXIS2_PLACEMENT_3D('',#3969,#3970,#3971);
#3969 = CARTESIAN_POINT('',(0.,-1.7,0.));
#3970 = DIRECTION('',(0.,0.,1.));
#3971 = DIRECTION('',(1.,0.,0.));
#3972 = DEFINITIONAL_REPRESENTATION('',(#3973),#3977);
#3973 = CIRCLE('',#3974,0.503125);
#3974 = AXIS2_PLACEMENT_2D('',#3975,#3976);
#3975 = CARTESIAN_POINT('',(4.209375,-9.145));
#3976 = DIRECTION('',(-1.,0.));
#3977 = ( GEOMETRIC_REPRESENTATION_CONTEXT(2) 
PARAMETRIC_REPRESENTATION_CONTEXT() REPRESENTATION_CONTEXT('2D SPACE',''
  ) );
#3978 = ORIENTED_EDGE('',*,*,#3979,.T.);
#3979 = EDGE_CURVE('',#3951,#3980,#3982,.T.);
#3980 = VERTEX_POINT('',#3981);
#3981 = CARTESIAN_POINT('',(3.70625,-10.845,0.78));
#3982 = SURFACE_CURVE('',#3983,(#3987,#3994),.PCURVE_S1.);
#3983 = LINE('',#3984,#3985);
#3984 = CARTESIAN_POINT('',(3.70625,-10.845,0.8));
#3985 = VECTOR('',#3986,1.);
#3986 = DIRECTION('',(0.,0.,1.));
#3987 = PCURVE('',#3926,#3988);
#3988 = DEFINITIONAL_REPRESENTATION('',(#3989),#3993);
#3989 = LINE('',#3990,#3991);
#3990 = CARTESIAN_POINT('',(0.,0.));
#3991 = VECTOR('',#3992,1.);
#3992 = DIRECTION('',(0.,-1.));
#3993 = ( GEOMETRIC_REPRESENTATION_CONTEXT(2) 
PARAMETRIC_REPRESENTATION_CONTEXT() REPRESENTATION_CONTEXT('2D SPACE',''
  ) );
#3994 = PCURVE('',#3995,#4000);
#3995 = PLANE('',#3996);
#3996 = AXIS2_PLACEMENT_3D('',#3997,#3998,#3999);
#3997 = CARTESIAN_POINT('',(-6.6,-10.845,0.));
#3998 = DIRECTION('',(0.,-1.,0.));
#3999 = DIRECTION('',(1.,0.,0.));
#4000 = DEFINITIONAL_REPRESENTATION('',(#4001),#4005);
#4001 = LINE('',#4002,#4003);
#4002 = CARTESIAN_POINT('',(10.30625,0.8));
#4003 = VECTOR('',#4004,1.);
#4004 = DIRECTION('',(0.,1.));
#4005 = ( GEOMETRIC_REPRESENTATION_CONTEXT(2) 
PARAMETRIC_REPRESENTATION_CONTEXT() REPRESENTATION_CONTEXT('2D SPACE',''
  ) );
#4006 = ORIENTED_EDGE('',*,*,#4007,.F.);
#4007 = EDGE_CURVE('',#3916,#3980,#4008,.T.);
#4008 = SURFACE_CURVE('',#4009,(#4014,#4021),.PCURVE_S1.);
#4009 = CIRCLE('',#4010,0.503125);
#4010 = AXIS2_PLACEMENT_3D('',#4011,#4012,#4013);
#4011 = CARTESIAN_POINT('',(4.209375,-10.845,0.78));
#4012 = DIRECTION('',(0.,0.,1.));
#4013 = DIRECTION('',(-1.,0.,0.));
#4014 = PCURVE('',#3926,#4015);
#4015 = DEFINITIONAL_REPRESENTATION('',(#4016),#4020);
#4016 = LINE('',#4017,#4018);
#4017 = CARTESIAN_POINT('',(6.28318530718,2.E-02));
#4018 = VECTOR('',#4019,1.);
#4019 = DIRECTION('',(-1.,0.));
#4020 = ( GEOMETRIC_REPRESENTATION_CONTEXT(2) 
PARAMETRIC_REPRESENTATION_CONTEXT() REPRESENTATION_CONTEXT('2D SPACE',''
  ) );
#4021 = PCURVE('',#4022,#4027);
#4022 = PLANE('',#4023);
#4023 = AXIS2_PLACEMENT_3D('',#4024,#4025,#4026);
#4024 = CARTESIAN_POINT('',(4.209375,-10.22,0.78));
#4025 = DIRECTION('',(0.,0.,1.));
#4026 = DIRECTION('',(-1.,0.,0.));
#4027 = DEFINITIONAL_REPRESENTATION('',(#4028),#4032);
#4028 = CIRCLE('',#4029,0.503125);
#4029 = AXIS2_PLACEMENT_2D('',#4030,#4031);
#4030 = CARTESIAN_POINT('',(0.,0.625));
#4031 = DIRECTION('',(1.,0.));
#4032 = ( GEOMETRIC_REPRESENTATION_CONTEXT(2) 
PARAMETRIC_REPRESENTATION_CONTEXT() REPRESENTATION_CONTEXT('2D SPACE',''
  ) );
#4033 = ADVANCED_FACE('',(#4034),#4048,.F.);
#4034 = FACE_BOUND('',#4035,.F.);
#4035 = EDGE_LOOP('',(#4036,#4071,#4095,#4123));
#4036 = ORIENTED_EDGE('',*,*,#4037,.T.);
#4037 = EDGE_CURVE('',#4038,#4040,#4042,.T.);
#4038 = VERTEX_POINT('',#4039);
#4039 = CARTESIAN_POINT('',(2.2875,-10.845,0.78));
#4040 = VERTEX_POINT('',#4041);
#4041 = CARTESIAN_POINT('',(2.2875,-10.845,0.));
#4042 = SURFACE_CURVE('',#4043,(#4047,#4059),.PCURVE_S1.);
#4043 = LINE('',#4044,#4045);
#4044 = CARTESIAN_POINT('',(2.2875,-10.845,0.8));
#4045 = VECTOR('',#4046,1.);
#4046 = DIRECTION('',(0.,0.,-1.));
#4047 = PCURVE('',#4048,#4053);
#4048 = CYLINDRICAL_SURFACE('',#4049,0.503125);
#4049 = AXIS2_PLACEMENT_3D('',#4050,#4051,#4052);
#4050 = CARTESIAN_POINT('',(1.784375,-10.845,0.8));
#4051 = DIRECTION('',(0.,0.,-1.));
#4052 = DIRECTION('',(-1.,0.,0.));
#4053 = DEFINITIONAL_REPRESENTATION('',(#4054),#4058);
#4054 = LINE('',#4055,#4056);
#4055 = CARTESIAN_POINT('',(3.14159265359,0.));
#4056 = VECTOR('',#4057,1.);
#4057 = DIRECTION('',(0.,1.));
#4058 = ( GEOMETRIC_REPRESENTATION_CONTEXT(2) 
PARAMETRIC_REPRESENTATION_CONTEXT() REPRESENTATION_CONTEXT('2D SPACE',''
  ) );
#4059 = PCURVE('',#4060,#4065);
#4060 = PLANE('',#4061);
#4061 = AXIS2_PLACEMENT_3D('',#4062,#4063,#4064);
#4062 = CARTESIAN_POINT('',(-6.6,-10.845,0.));
#4063 = DIRECTION('',(0.,-1.,0.));
#4064 = DIRECTION('',(1.,0.,0.));
#4065 = DEFINITIONAL_REPRESENTATION('',(#4066),#4070);
#4066 = LINE('',#4067,#4068);
#4067 = CARTESIAN_POINT('',(8.8875,0.8));
#4068 = VECTOR('',#4069,1.);
#4069 = DIRECTION('',(0.,-1.));
#4070 = ( GEOMETRIC_REPRESENTATION_CONTEXT(2) 
PARAMETRIC_REPRESENTATION_CONTEXT() REPRESENTATION_CONTEXT('2D SPACE',''
  ) );
#4071 = ORIENTED_EDGE('',*,*,#4072,.T.);
#4072 = EDGE_CURVE('',#4040,#4073,#4075,.T.);
#4073 = VERTEX_POINT('',#4074);
#4074 = CARTESIAN_POINT('',(1.28125,-10.845,0.));
#4075 = SURFACE_CURVE('',#4076,(#4081,#4088),.PCURVE_S1.);
#4076 = CIRCLE('',#4077,0.503125);
#4077 = AXIS2_PLACEMENT_3D('',#4078,#4079,#4080);
#4078 = CARTESIAN_POINT('',(1.784375,-10.845,0.));
#4079 = DIRECTION('',(0.,0.,1.));
#4080 = DIRECTION('',(-1.,0.,0.));
#4081 = PCURVE('',#4048,#4082);
#4082 = DEFINITIONAL_REPRESENTATION('',(#4083),#4087);
#4083 = LINE('',#4084,#4085);
#4084 = CARTESIAN_POINT('',(6.28318530718,0.8));
#4085 = VECTOR('',#4086,1.);
#4086 = DIRECTION('',(-1.,0.));
#4087 = ( GEOMETRIC_REPRESENTATION_CONTEXT(2) 
PARAMETRIC_REPRESENTATION_CONTEXT() REPRESENTATION_CONTEXT('2D SPACE',''
  ) );
#4088 = PCURVE('',#3967,#4089);
#4089 = DEFINITIONAL_REPRESENTATION('',(#4090),#4094);
#4090 = CIRCLE('',#4091,0.503125);
#4091 = AXIS2_PLACEMENT_2D('',#4092,#4093);
#4092 = CARTESIAN_POINT('',(1.784375,-9.145));
#4093 = DIRECTION('',(-1.,0.));
#4094 = ( GEOMETRIC_REPRESENTATION_CONTEXT(2) 
PARAMETRIC_REPRESENTATION_CONTEXT() REPRESENTATION_CONTEXT('2D SPACE',''
  ) );
#4095 = ORIENTED_EDGE('',*,*,#4096,.T.);
#4096 = EDGE_CURVE('',#4073,#4097,#4099,.T.);
#4097 = VERTEX_POINT('',#4098);
#4098 = CARTESIAN_POINT('',(1.28125,-10.845,0.78));
#4099 = SURFACE_CURVE('',#4100,(#4104,#4111),.PCURVE_S1.);
#4100 = LINE('',#4101,#4102);
#4101 = CARTESIAN_POINT('',(1.28125,-10.845,0.8));
#4102 = VECTOR('',#4103,1.);
#4103 = DIRECTION('',(0.,0.,1.));
#4104 = PCURVE('',#4048,#4105);
#4105 = DEFINITIONAL_REPRESENTATION('',(#4106),#4110);
#4106 = LINE('',#4107,#4108);
#4107 = CARTESIAN_POINT('',(0.,0.));
#4108 = VECTOR('',#4109,1.);
#4109 = DIRECTION('',(0.,-1.));
#4110 = ( GEOMETRIC_REPRESENTATION_CONTEXT(2) 
PARAMETRIC_REPRESENTATION_CONTEXT() REPRESENTATION_CONTEXT('2D SPACE',''
  ) );
#4111 = PCURVE('',#4112,#4117);
#4112 = PLANE('',#4113);
#4113 = AXIS2_PLACEMENT_3D('',#4114,#4115,#4116);
#4114 = CARTESIAN_POINT('',(-6.6,-10.845,0.));
#4115 = DIRECTION('',(0.,-1.,0.));
#4116 = DIRECTION('',(1.,0.,0.));
#4117 = DEFINITIONAL_REPRESENTATION('',(#4118),#4122);
#4118 = LINE('',#4119,#4120);
#4119 = CARTESIAN_POINT('',(7.88125,0.8));
#4120 = VECTOR('',#4121,1.);
#4121 = DIRECTION('',(0.,1.));
#4122 = ( GEOMETRIC_REPRESENTATION_CONTEXT(2) 
PARAMETRIC_REPRESENTATION_CONTEXT() REPRESENTATION_CONTEXT('2D SPACE',''
  ) );
#4123 = ORIENTED_EDGE('',*,*,#4124,.F.);
#4124 = EDGE_CURVE('',#4038,#4097,#4125,.T.);
#4125 = SURFACE_CURVE('',#4126,(#4131,#4138),.PCURVE_S1.);
#4126 = CIRCLE('',#4127,0.503125);
#4127 = AXIS2_PLACEMENT_3D('',#4128,#4129,#4130);
#4128 = CARTESIAN_POINT('',(1.784375,-10.845,0.78));
#4129 = DIRECTION('',(0.,0.,1.));
#4130 = DIRECTION('',(-1.,0.,0.));
#4131 = PCURVE('',#4048,#4132);
#4132 = DEFINITIONAL_REPRESENTATION('',(#4133),#4137);
#4133 = LINE('',#4134,#4135);
#4134 = CARTESIAN_POINT('',(6.28318530718,2.E-02));
#4135 = VECTOR('',#4136,1.);
#4136 = DIRECTION('',(-1.,0.));
#4137 = ( GEOMETRIC_REPRESENTATION_CONTEXT(2) 
PARAMETRIC_REPRESENTATION_CONTEXT() REPRESENTATION_CONTEXT('2D SPACE',''
  ) );
#4138 = PCURVE('',#4139,#4144);
#4139 = PLANE('',#4140);
#4140 = AXIS2_PLACEMENT_3D('',#4141,#4142,#4143);
#4141 = CARTESIAN_POINT('',(1.784375,-10.22,0.78));
#4142 = DIRECTION('',(0.,0.,1.));
#4143 = DIRECTION('',(-1.,0.,0.));
#4144 = DEFINITIONAL_REPRESENTATION('',(#4145),#4149);
#4145 = CIRCLE('',#4146,0.503125);
#4146 = AXIS2_PLACEMENT_2D('',#4147,#4148);
#4147 = CARTESIAN_POINT('',(0.,0.625));
#4148 = DIRECTION('',(1.,0.));
#4149 = ( GEOMETRIC_REPRESENTATION_CONTEXT(2) 
PARAMETRIC_REPRESENTATION_CONTEXT() REPRESENTATION_CONTEXT('2D SPACE',''
  ) );
#4150 = ADVANCED_FACE('',(#4151),#4165,.F.);
#4151 = FACE_BOUND('',#4152,.F.);
#4152 = EDGE_LOOP('',(#4153,#4188,#4212,#4240));
#4153 = ORIENTED_EDGE('',*,*,#4154,.T.);
#4154 = EDGE_CURVE('',#4155,#4157,#4159,.T.);
#4155 = VERTEX_POINT('',#4156);
#4156 = CARTESIAN_POINT('',(-0.65,-10.845,0.78));
#4157 = VERTEX_POINT('',#4158);
#4158 = CARTESIAN_POINT('',(-0.65,-10.845,0.));
#4159 = SURFACE_CURVE('',#4160,(#4164,#4176),.PCURVE_S1.);
#4160 = LINE('',#4161,#4162);
#4161 = CARTESIAN_POINT('',(-0.65,-10.845,0.8));
#4162 = VECTOR('',#4163,1.);
#4163 = DIRECTION('',(0.,0.,-1.));
#4164 = PCURVE('',#4165,#4170);
#4165 = CYLINDRICAL_SURFACE('',#4166,0.6);
#4166 = AXIS2_PLACEMENT_3D('',#4167,#4168,#4169);
#4167 = CARTESIAN_POINT('',(-1.25,-10.845,0.8));
#4168 = DIRECTION('',(0.,0.,-1.));
#4169 = DIRECTION('',(-1.,0.,0.));
#4170 = DEFINITIONAL_REPRESENTATION('',(#4171),#4175);
#4171 = LINE('',#4172,#4173);
#4172 = CARTESIAN_POINT('',(3.14159265359,0.));
#4173 = VECTOR('',#4174,1.);
#4174 = DIRECTION('',(0.,1.));
#4175 = ( GEOMETRIC_REPRESENTATION_CONTEXT(2) 
PARAMETRIC_REPRESENTATION_CONTEXT() REPRESENTATION_CONTEXT('2D SPACE',''
  ) );
#4176 = PCURVE('',#4177,#4182);
#4177 = PLANE('',#4178);
#4178 = AXIS2_PLACEMENT_3D('',#4179,#4180,#4181);
#4179 = CARTESIAN_POINT('',(-6.6,-10.845,0.));
#4180 = DIRECTION('',(0.,-1.,0.));
#4181 = DIRECTION('',(1.,0.,0.));
#4182 = DEFINITIONAL_REPRESENTATION('',(#4183),#4187);
#4183 = LINE('',#4184,#4185);
#4184 = CARTESIAN_POINT('',(5.95,0.8));
#4185 = VECTOR('',#4186,1.);
#4186 = DIRECTION('',(0.,-1.));
#4187 = ( GEOMETRIC_REPRESENTATION_CONTEXT(2) 
PARAMETRIC_REPRESENTATION_CONTEXT() REPRESENTATION_CONTEXT('2D SPACE',''
  ) );
#4188 = ORIENTED_EDGE('',*,*,#4189,.T.);
#4189 = EDGE_CURVE('',#4157,#4190,#4192,.T.);
#4190 = VERTEX_POINT('',#4191);
#4191 = CARTESIAN_POINT('',(-1.85,-10.845,0.));
#4192 = SURFACE_CURVE('',#4193,(#4198,#4205),.PCURVE_S1.);
#4193 = CIRCLE('',#4194,0.6);
#4194 = AXIS2_PLACEMENT_3D('',#4195,#4196,#4197);
#4195 = CARTESIAN_POINT('',(-1.25,-10.845,0.));
#4196 = DIRECTION('',(0.,0.,1.));
#4197 = DIRECTION('',(-1.,0.,0.));
#4198 = PCURVE('',#4165,#4199);
#4199 = DEFINITIONAL_REPRESENTATION('',(#4200),#4204);
#4200 = LINE('',#4201,#4202);
#4201 = CARTESIAN_POINT('',(6.28318530718,0.8));
#4202 = VECTOR('',#4203,1.);
#4203 = DIRECTION('',(-1.,0.));
#4204 = ( GEOMETRIC_REPRESENTATION_CONTEXT(2) 
PARAMETRIC_REPRESENTATION_CONTEXT() REPRESENTATION_CONTEXT('2D SPACE',''
  ) );
#4205 = PCURVE('',#3967,#4206);
#4206 = DEFINITIONAL_REPRESENTATION('',(#4207),#4211);
#4207 = CIRCLE('',#4208,0.6);
#4208 = AXIS2_PLACEMENT_2D('',#4209,#4210);
#4209 = CARTESIAN_POINT('',(-1.25,-9.145));
#4210 = DIRECTION('',(-1.,0.));
#4211 = ( GEOMETRIC_REPRESENTATION_CONTEXT(2) 
PARAMETRIC_REPRESENTATION_CONTEXT() REPRESENTATION_CONTEXT('2D SPACE',''
  ) );
#4212 = ORIENTED_EDGE('',*,*,#4213,.T.);
#4213 = EDGE_CURVE('',#4190,#4214,#4216,.T.);
#4214 = VERTEX_POINT('',#4215);
#4215 = CARTESIAN_POINT('',(-1.85,-10.845,0.78));
#4216 = SURFACE_CURVE('',#4217,(#4221,#4228),.PCURVE_S1.);
#4217 = LINE('',#4218,#4219);
#4218 = CARTESIAN_POINT('',(-1.85,-10.845,0.8));
#4219 = VECTOR('',#4220,1.);
#4220 = DIRECTION('',(0.,0.,1.));
#4221 = PCURVE('',#4165,#4222);
#4222 = DEFINITIONAL_REPRESENTATION('',(#4223),#4227);
#4223 = LINE('',#4224,#4225);
#4224 = CARTESIAN_POINT('',(0.,0.));
#4225 = VECTOR('',#4226,1.);
#4226 = DIRECTION('',(0.,-1.));
#4227 = ( GEOMETRIC_REPRESENTATION_CONTEXT(2) 
PARAMETRIC_REPRESENTATION_CONTEXT() REPRESENTATION_CONTEXT('2D SPACE',''
  ) );
#4228 = PCURVE('',#4229,#4234);
#4229 = PLANE('',#4230);
#4230 = AXIS2_PLACEMENT_3D('',#4231,#4232,#4233);
#4231 = CARTESIAN_POINT('',(-6.6,-10.845,0.));
#4232 = DIRECTION('',(0.,-1.,0.));
#4233 = DIRECTION('',(1.,0.,0.));
#4234 = DEFINITIONAL_REPRESENTATION('',(#4235),#4239);
#4235 = LINE('',#4236,#4237);
#4236 = CARTESIAN_POINT('',(4.75,0.8));
#4237 = VECTOR('',#4238,1.);
#4238 = DIRECTION('',(0.,1.));
#4239 = ( GEOMETRIC_REPRESENTATION_CONTEXT(2) 
PARAMETRIC_REPRESENTATION_CONTEXT() REPRESENTATION_CONTEXT('2D SPACE',''
  ) );
#4240 = ORIENTED_EDGE('',*,*,#4241,.F.);
#4241 = EDGE_CURVE('',#4155,#4214,#4242,.T.);
#4242 = SURFACE_CURVE('',#4243,(#4248,#4255),.PCURVE_S1.);
#4243 = CIRCLE('',#4244,0.6);
#4244 = AXIS2_PLACEMENT_3D('',#4245,#4246,#4247);
#4245 = CARTESIAN_POINT('',(-1.25,-10.845,0.78));
#4246 = DIRECTION('',(0.,0.,1.));
#4247 = DIRECTION('',(-1.,0.,0.));
#4248 = PCURVE('',#4165,#4249);
#4249 = DEFINITIONAL_REPRESENTATION('',(#4250),#4254);
#4250 = LINE('',#4251,#4252);
#4251 = CARTESIAN_POINT('',(6.28318530718,2.E-02));
#4252 = VECTOR('',#4253,1.);
#4253 = DIRECTION('',(-1.,0.));
#4254 = ( GEOMETRIC_REPRESENTATION_CONTEXT(2) 
PARAMETRIC_REPRESENTATION_CONTEXT() REPRESENTATION_CONTEXT('2D SPACE',''
  ) );
#4255 = PCURVE('',#4256,#4261);
#4256 = PLANE('',#4257);
#4257 = AXIS2_PLACEMENT_3D('',#4258,#4259,#4260);
#4258 = CARTESIAN_POINT('',(-1.25,-10.22,0.78));
#4259 = DIRECTION('',(0.,0.,1.));
#4260 = DIRECTION('',(-1.,0.,0.));
#4261 = DEFINITIONAL_REPRESENTATION('',(#4262),#4266);
#4262 = CIRCLE('',#4263,0.6);
#4263 = AXIS2_PLACEMENT_2D('',#4264,#4265);
#4264 = CARTESIAN_POINT('',(0.,0.625));
#4265 = DIRECTION('',(1.,0.));
#4266 = ( GEOMETRIC_REPRESENTATION_CONTEXT(2) 
PARAMETRIC_REPRESENTATION_CONTEXT() REPRESENTATION_CONTEXT('2D SPACE',''
  ) );
#4267 = ADVANCED_FACE('',(#4268),#4282,.F.);
#4268 = FACE_BOUND('',#4269,.F.);
#4269 = EDGE_LOOP('',(#4270,#4305,#4329,#4357));
#4270 = ORIENTED_EDGE('',*,*,#4271,.T.);
#4271 = EDGE_CURVE('',#4272,#4274,#4276,.T.);
#4272 = VERTEX_POINT('',#4273);
#4273 = CARTESIAN_POINT('',(-6.6,-9.845,0.78));
#4274 = VERTEX_POINT('',#4275);
#4275 = CARTESIAN_POINT('',(-6.6,-9.845,0.));
#4276 = SURFACE_CURVE('',#4277,(#4281,#4293),.PCURVE_S1.);
#4277 = LINE('',#4278,#4279);
#4278 = CARTESIAN_POINT('',(-6.6,-9.845,0.8));
#4279 = VECTOR('',#4280,1.);
#4280 = DIRECTION('',(0.,0.,-1.));
#4281 = PCURVE('',#4282,#4287);
#4282 = CYLINDRICAL_SURFACE('',#4283,0.75);
#4283 = AXIS2_PLACEMENT_3D('',#4284,#4285,#4286);
#4284 = CARTESIAN_POINT('',(-6.6,-9.095,0.8));
#4285 = DIRECTION('',(0.,0.,-1.));
#4286 = DIRECTION('',(1.,1.224646799147E-16,0.));
#4287 = DEFINITIONAL_REPRESENTATION('',(#4288),#4292);
#4288 = LINE('',#4289,#4290);
#4289 = CARTESIAN_POINT('',(1.570796326795,0.));
#4290 = VECTOR('',#4291,1.);
#4291 = DIRECTION('',(0.,1.));
#4292 = ( GEOMETRIC_REPRESENTATION_CONTEXT(2) 
PARAMETRIC_REPRESENTATION_CONTEXT() REPRESENTATION_CONTEXT('2D SPACE',''
  ) );
#4293 = PCURVE('',#4294,#4299);
#4294 = PLANE('',#4295);
#4295 = AXIS2_PLACEMENT_3D('',#4296,#4297,#4298);
#4296 = CARTESIAN_POINT('',(-6.6,7.445,0.));
#4297 = DIRECTION('',(-1.,0.,0.));
#4298 = DIRECTION('',(0.,-1.,0.));
#4299 = DEFINITIONAL_REPRESENTATION('',(#4300),#4304);
#4300 = LINE('',#4301,#4302);
#4301 = CARTESIAN_POINT('',(17.29,0.8));
#4302 = VECTOR('',#4303,1.);
#4303 = DIRECTION('',(0.,-1.));
#4304 = ( GEOMETRIC_REPRESENTATION_CONTEXT(2) 
PARAMETRIC_REPRESENTATION_CONTEXT() REPRESENTATION_CONTEXT('2D SPACE',''
  ) );
#4305 = ORIENTED_EDGE('',*,*,#4306,.T.);
#4306 = EDGE_CURVE('',#4274,#4307,#4309,.T.);
#4307 = VERTEX_POINT('',#4308);
#4308 = CARTESIAN_POINT('',(-6.6,-8.345,0.));
#4309 = SURFACE_CURVE('',#4310,(#4315,#4322),.PCURVE_S1.);
#4310 = CIRCLE('',#4311,0.75);
#4311 = AXIS2_PLACEMENT_3D('',#4312,#4313,#4314);
#4312 = CARTESIAN_POINT('',(-6.6,-9.095,0.));
#4313 = DIRECTION('',(0.,0.,1.));
#4314 = DIRECTION('',(-1.,0.,0.));
#4315 = PCURVE('',#4282,#4316);
#4316 = DEFINITIONAL_REPRESENTATION('',(#4317),#4321);
#4317 = LINE('',#4318,#4319);
#4318 = CARTESIAN_POINT('',(3.14159265359,0.8));
#4319 = VECTOR('',#4320,1.);
#4320 = DIRECTION('',(-1.,0.));
#4321 = ( GEOMETRIC_REPRESENTATION_CONTEXT(2) 
PARAMETRIC_REPRESENTATION_CONTEXT() REPRESENTATION_CONTEXT('2D SPACE',''
  ) );
#4322 = PCURVE('',#3967,#4323);
#4323 = DEFINITIONAL_REPRESENTATION('',(#4324),#4328);
#4324 = CIRCLE('',#4325,0.75);
#4325 = AXIS2_PLACEMENT_2D('',#4326,#4327);
#4326 = CARTESIAN_POINT('',(-6.6,-7.395));
#4327 = DIRECTION('',(-1.,0.));
#4328 = ( GEOMETRIC_REPRESENTATION_CONTEXT(2) 
PARAMETRIC_REPRESENTATION_CONTEXT() REPRESENTATION_CONTEXT('2D SPACE',''
  ) );
#4329 = ORIENTED_EDGE('',*,*,#4330,.T.);
#4330 = EDGE_CURVE('',#4307,#4331,#4333,.T.);
#4331 = VERTEX_POINT('',#4332);
#4332 = CARTESIAN_POINT('',(-6.6,-8.345,0.78));
#4333 = SURFACE_CURVE('',#4334,(#4338,#4345),.PCURVE_S1.);
#4334 = LINE('',#4335,#4336);
#4335 = CARTESIAN_POINT('',(-6.6,-8.345,0.8));
#4336 = VECTOR('',#4337,1.);
#4337 = DIRECTION('',(0.,0.,1.));
#4338 = PCURVE('',#4282,#4339);
#4339 = DEFINITIONAL_REPRESENTATION('',(#4340),#4344);
#4340 = LINE('',#4341,#4342);
#4341 = CARTESIAN_POINT('',(-1.570796326795,0.));
#4342 = VECTOR('',#4343,1.);
#4343 = DIRECTION('',(0.,-1.));
#4344 = ( GEOMETRIC_REPRESENTATION_CONTEXT(2) 
PARAMETRIC_REPRESENTATION_CONTEXT() REPRESENTATION_CONTEXT('2D SPACE',''
  ) );
#4345 = PCURVE('',#4346,#4351);
#4346 = PLANE('',#4347);
#4347 = AXIS2_PLACEMENT_3D('',#4348,#4349,#4350);
#4348 = CARTESIAN_POINT('',(-6.6,7.445,0.));
#4349 = DIRECTION('',(-1.,0.,0.));
#4350 = DIRECTION('',(0.,-1.,0.));
#4351 = DEFINITIONAL_REPRESENTATION('',(#4352),#4356);
#4352 = LINE('',#4353,#4354);
#4353 = CARTESIAN_POINT('',(15.79,0.8));
#4354 = VECTOR('',#4355,1.);
#4355 = DIRECTION('',(0.,1.));
#4356 = ( GEOMETRIC_REPRESENTATION_CONTEXT(2) 
PARAMETRIC_REPRESENTATION_CONTEXT() REPRESENTATION_CONTEXT('2D SPACE',''
  ) );
#4357 = ORIENTED_EDGE('',*,*,#4358,.F.);
#4358 = EDGE_CURVE('',#4272,#4331,#4359,.T.);
#4359 = SURFACE_CURVE('',#4360,(#4365,#4372),.PCURVE_S1.);
#4360 = CIRCLE('',#4361,0.75);
#4361 = AXIS2_PLACEMENT_3D('',#4362,#4363,#4364);
#4362 = CARTESIAN_POINT('',(-6.6,-9.095,0.78));
#4363 = DIRECTION('',(0.,0.,1.));
#4364 = DIRECTION('',(-1.,0.,0.));
#4365 = PCURVE('',#4282,#4366);
#4366 = DEFINITIONAL_REPRESENTATION('',(#4367),#4371);
#4367 = LINE('',#4368,#4369);
#4368 = CARTESIAN_POINT('',(3.14159265359,2.E-02));
#4369 = VECTOR('',#4370,1.);
#4370 = DIRECTION('',(-1.,0.));
#4371 = ( GEOMETRIC_REPRESENTATION_CONTEXT(2) 
PARAMETRIC_REPRESENTATION_CONTEXT() REPRESENTATION_CONTEXT('2D SPACE',''
  ) );
#4372 = PCURVE('',#4373,#4378);
#4373 = PLANE('',#4374);
#4374 = AXIS2_PLACEMENT_3D('',#4375,#4376,#4377);
#4375 = CARTESIAN_POINT('',(-5.9125,-9.095,0.78));
#4376 = DIRECTION('',(0.,0.,1.));
#4377 = DIRECTION('',(-1.,0.,0.));
#4378 = DEFINITIONAL_REPRESENTATION('',(#4379),#4383);
#4379 = CIRCLE('',#4380,0.75);
#4380 = AXIS2_PLACEMENT_2D('',#4381,#4382);
#4381 = CARTESIAN_POINT('',(0.6875,0.));
#4382 = DIRECTION('',(1.,0.));
#4383 = ( GEOMETRIC_REPRESENTATION_CONTEXT(2) 
PARAMETRIC_REPRESENTATION_CONTEXT() REPRESENTATION_CONTEXT('2D SPACE',''
  ) );
#4384 = ADVANCED_FACE('',(#4385),#4399,.F.);
#4385 = FACE_BOUND('',#4386,.F.);
#4386 = EDGE_LOOP('',(#4387,#4417,#4441,#4469));
#4387 = ORIENTED_EDGE('',*,*,#4388,.T.);
#4388 = EDGE_CURVE('',#4389,#4391,#4393,.T.);
#4389 = VERTEX_POINT('',#4390);
#4390 = CARTESIAN_POINT('',(-3.125,-10.845,0.78));
#4391 = VERTEX_POINT('',#4392);
#4392 = CARTESIAN_POINT('',(-3.125,-10.845,0.));
#4393 = SURFACE_CURVE('',#4394,(#4398,#4410),.PCURVE_S1.);
#4394 = LINE('',#4395,#4396);
#4395 = CARTESIAN_POINT('',(-3.125,-10.845,0.8));
#4396 = VECTOR('',#4397,1.);
#4397 = DIRECTION('',(0.,0.,-1.));
#4398 = PCURVE('',#4399,#4404);
#4399 = CYLINDRICAL_SURFACE('',#4400,0.625);
#4400 = AXIS2_PLACEMENT_3D('',#4401,#4402,#4403);
#4401 = CARTESIAN_POINT('',(-3.75,-10.845,0.8));
#4402 = DIRECTION('',(0.,0.,-1.));
#4403 = DIRECTION('',(-1.,0.,0.));
#4404 = DEFINITIONAL_REPRESENTATION('',(#4405),#4409);
#4405 = LINE('',#4406,#4407);
#4406 = CARTESIAN_POINT('',(3.14159265359,0.));
#4407 = VECTOR('',#4408,1.);
#4408 = DIRECTION('',(0.,1.));
#4409 = ( GEOMETRIC_REPRESENTATION_CONTEXT(2) 
PARAMETRIC_REPRESENTATION_CONTEXT() REPRESENTATION_CONTEXT('2D SPACE',''
  ) );
#4410 = PCURVE('',#4229,#4411);
#4411 = DEFINITIONAL_REPRESENTATION('',(#4412),#4416);
#4412 = LINE('',#4413,#4414);
#4413 = CARTESIAN_POINT('',(3.475,0.8));
#4414 = VECTOR('',#4415,1.);
#4415 = DIRECTION('',(0.,-1.));
#4416 = ( GEOMETRIC_REPRESENTATION_CONTEXT(2) 
PARAMETRIC_REPRESENTATION_CONTEXT() REPRESENTATION_CONTEXT('2D SPACE',''
  ) );
#4417 = ORIENTED_EDGE('',*,*,#4418,.T.);
#4418 = EDGE_CURVE('',#4391,#4419,#4421,.T.);
#4419 = VERTEX_POINT('',#4420);
#4420 = CARTESIAN_POINT('',(-4.375,-10.845,0.));
#4421 = SURFACE_CURVE('',#4422,(#4427,#4434),.PCURVE_S1.);
#4422 = CIRCLE('',#4423,0.625);
#4423 = AXIS2_PLACEMENT_3D('',#4424,#4425,#4426);
#4424 = CARTESIAN_POINT('',(-3.75,-10.845,0.));
#4425 = DIRECTION('',(0.,0.,1.));
#4426 = DIRECTION('',(-1.,0.,0.));
#4427 = PCURVE('',#4399,#4428);
#4428 = DEFINITIONAL_REPRESENTATION('',(#4429),#4433);
#4429 = LINE('',#4430,#4431);
#4430 = CARTESIAN_POINT('',(6.28318530718,0.8));
#4431 = VECTOR('',#4432,1.);
#4432 = DIRECTION('',(-1.,0.));
#4433 = ( GEOMETRIC_REPRESENTATION_CONTEXT(2) 
PARAMETRIC_REPRESENTATION_CONTEXT() REPRESENTATION_CONTEXT('2D SPACE',''
  ) );
#4434 = PCURVE('',#3967,#4435);
#4435 = DEFINITIONAL_REPRESENTATION('',(#4436),#4440);
#4436 = CIRCLE('',#4437,0.625);
#4437 = AXIS2_PLACEMENT_2D('',#4438,#4439);
#4438 = CARTESIAN_POINT('',(-3.75,-9.145));
#4439 = DIRECTION('',(-1.,0.));
#4440 = ( GEOMETRIC_REPRESENTATION_CONTEXT(2) 
PARAMETRIC_REPRESENTATION_CONTEXT() REPRESENTATION_CONTEXT('2D SPACE',''
  ) );
#4441 = ORIENTED_EDGE('',*,*,#4442,.T.);
#4442 = EDGE_CURVE('',#4419,#4443,#4445,.T.);
#4443 = VERTEX_POINT('',#4444);
#4444 = CARTESIAN_POINT('',(-4.375,-10.845,0.78));
#4445 = SURFACE_CURVE('',#4446,(#4450,#4457),.PCURVE_S1.);
#4446 = LINE('',#4447,#4448);
#4447 = CARTESIAN_POINT('',(-4.375,-10.845,0.8));
#4448 = VECTOR('',#4449,1.);
#4449 = DIRECTION('',(0.,0.,1.));
#4450 = PCURVE('',#4399,#4451);
#4451 = DEFINITIONAL_REPRESENTATION('',(#4452),#4456);
#4452 = LINE('',#4453,#4454);
#4453 = CARTESIAN_POINT('',(0.,0.));
#4454 = VECTOR('',#4455,1.);
#4455 = DIRECTION('',(0.,-1.));
#4456 = ( GEOMETRIC_REPRESENTATION_CONTEXT(2) 
PARAMETRIC_REPRESENTATION_CONTEXT() REPRESENTATION_CONTEXT('2D SPACE',''
  ) );
#4457 = PCURVE('',#4458,#4463);
#4458 = PLANE('',#4459);
#4459 = AXIS2_PLACEMENT_3D('',#4460,#4461,#4462);
#4460 = CARTESIAN_POINT('',(-6.6,-10.845,0.));
#4461 = DIRECTION('',(0.,-1.,0.));
#4462 = DIRECTION('',(1.,0.,0.));
#4463 = DEFINITIONAL_REPRESENTATION('',(#4464),#4468);
#4464 = LINE('',#4465,#4466);
#4465 = CARTESIAN_POINT('',(2.225,0.8));
#4466 = VECTOR('',#4467,1.);
#4467 = DIRECTION('',(0.,1.));
#4468 = ( GEOMETRIC_REPRESENTATION_CONTEXT(2) 
PARAMETRIC_REPRESENTATION_CONTEXT() REPRESENTATION_CONTEXT('2D SPACE',''
  ) );
#4469 = ORIENTED_EDGE('',*,*,#4470,.F.);
#4470 = EDGE_CURVE('',#4389,#4443,#4471,.T.);
#4471 = SURFACE_CURVE('',#4472,(#4477,#4484),.PCURVE_S1.);
#4472 = CIRCLE('',#4473,0.625);
#4473 = AXIS2_PLACEMENT_3D('',#4474,#4475,#4476);
#4474 = CARTESIAN_POINT('',(-3.75,-10.845,0.78));
#4475 = DIRECTION('',(0.,0.,1.));
#4476 = DIRECTION('',(-1.,0.,0.));
#4477 = PCURVE('',#4399,#4478);
#4478 = DEFINITIONAL_REPRESENTATION('',(#4479),#4483);
#4479 = LINE('',#4480,#4481);
#4480 = CARTESIAN_POINT('',(6.28318530718,2.E-02));
#4481 = VECTOR('',#4482,1.);
#4482 = DIRECTION('',(-1.,0.));
#4483 = ( GEOMETRIC_REPRESENTATION_CONTEXT(2) 
PARAMETRIC_REPRESENTATION_CONTEXT() REPRESENTATION_CONTEXT('2D SPACE',''
  ) );
#4484 = PCURVE('',#4485,#4490);
#4485 = PLANE('',#4486);
#4486 = AXIS2_PLACEMENT_3D('',#4487,#4488,#4489);
#4487 = CARTESIAN_POINT('',(-3.75,-10.22,0.78));
#4488 = DIRECTION('',(0.,0.,1.));
#4489 = DIRECTION('',(-1.,0.,0.));
#4490 = DEFINITIONAL_REPRESENTATION('',(#4491),#4495);
#4491 = CIRCLE('',#4492,0.625);
#4492 = AXIS2_PLACEMENT_2D('',#4493,#4494);
#4493 = CARTESIAN_POINT('',(0.,0.625));
#4494 = DIRECTION('',(1.,0.));
#4495 = ( GEOMETRIC_REPRESENTATION_CONTEXT(2) 
PARAMETRIC_REPRESENTATION_CONTEXT() REPRESENTATION_CONTEXT('2D SPACE',''
  ) );
#4496 = ADVANCED_FACE('',(#4497),#4511,.F.);
#4497 = FACE_BOUND('',#4498,.F.);
#4498 = EDGE_LOOP('',(#4499,#4529,#4553,#4576));
#4499 = ORIENTED_EDGE('',*,*,#4500,.T.);
#4500 = EDGE_CURVE('',#4501,#4503,#4505,.T.);
#4501 = VERTEX_POINT('',#4502);
#4502 = CARTESIAN_POINT('',(1.14375,-10.845,0.78));
#4503 = VERTEX_POINT('',#4504);
#4504 = CARTESIAN_POINT('',(1.14375,-10.845,0.));
#4505 = SURFACE_CURVE('',#4506,(#4510,#4522),.PCURVE_S1.);
#4506 = LINE('',#4507,#4508);
#4507 = CARTESIAN_POINT('',(1.14375,-10.845,0.8));
#4508 = VECTOR('',#4509,1.);
#4509 = DIRECTION('',(0.,0.,-1.));
#4510 = PCURVE('',#4511,#4516);
#4511 = CYLINDRICAL_SURFACE('',#4512,0.503125);
#4512 = AXIS2_PLACEMENT_3D('',#4513,#4514,#4515);
#4513 = CARTESIAN_POINT('',(0.640625,-10.845,0.8));
#4514 = DIRECTION('',(0.,0.,-1.));
#4515 = DIRECTION('',(-1.,0.,0.));
#4516 = DEFINITIONAL_REPRESENTATION('',(#4517),#4521);
#4517 = LINE('',#4518,#4519);
#4518 = CARTESIAN_POINT('',(3.14159265359,0.));
#4519 = VECTOR('',#4520,1.);
#4520 = DIRECTION('',(0.,1.));
#4521 = ( GEOMETRIC_REPRESENTATION_CONTEXT(2) 
PARAMETRIC_REPRESENTATION_CONTEXT() REPRESENTATION_CONTEXT('2D SPACE',''
  ) );
#4522 = PCURVE('',#4112,#4523);
#4523 = DEFINITIONAL_REPRESENTATION('',(#4524),#4528);
#4524 = LINE('',#4525,#4526);
#4525 = CARTESIAN_POINT('',(7.74375,0.8));
#4526 = VECTOR('',#4527,1.);
#4527 = DIRECTION('',(0.,-1.));
#4528 = ( GEOMETRIC_REPRESENTATION_CONTEXT(2) 
PARAMETRIC_REPRESENTATION_CONTEXT() REPRESENTATION_CONTEXT('2D SPACE',''
  ) );
#4529 = ORIENTED_EDGE('',*,*,#4530,.T.);
#4530 = EDGE_CURVE('',#4503,#4531,#4533,.T.);
#4531 = VERTEX_POINT('',#4532);
#4532 = CARTESIAN_POINT('',(0.1375,-10.845,0.));
#4533 = SURFACE_CURVE('',#4534,(#4539,#4546),.PCURVE_S1.);
#4534 = CIRCLE('',#4535,0.503125);
#4535 = AXIS2_PLACEMENT_3D('',#4536,#4537,#4538);
#4536 = CARTESIAN_POINT('',(0.640625,-10.845,0.));
#4537 = DIRECTION('',(0.,0.,1.));
#4538 = DIRECTION('',(-1.,0.,0.));
#4539 = PCURVE('',#4511,#4540);
#4540 = DEFINITIONAL_REPRESENTATION('',(#4541),#4545);
#4541 = LINE('',#4542,#4543);
#4542 = CARTESIAN_POINT('',(6.28318530718,0.8));
#4543 = VECTOR('',#4544,1.);
#4544 = DIRECTION('',(-1.,0.));
#4545 = ( GEOMETRIC_REPRESENTATION_CONTEXT(2) 
PARAMETRIC_REPRESENTATION_CONTEXT() REPRESENTATION_CONTEXT('2D SPACE',''
  ) );
#4546 = PCURVE('',#3967,#4547);
#4547 = DEFINITIONAL_REPRESENTATION('',(#4548),#4552);
#4548 = CIRCLE('',#4549,0.503125);
#4549 = AXIS2_PLACEMENT_2D('',#4550,#4551);
#4550 = CARTESIAN_POINT('',(0.640625,-9.145));
#4551 = DIRECTION('',(-1.,0.));
#4552 = ( GEOMETRIC_REPRESENTATION_CONTEXT(2) 
PARAMETRIC_REPRESENTATION_CONTEXT() REPRESENTATION_CONTEXT('2D SPACE',''
  ) );
#4553 = ORIENTED_EDGE('',*,*,#4554,.T.);
#4554 = EDGE_CURVE('',#4531,#4555,#4557,.T.);
#4555 = VERTEX_POINT('',#4556);
#4556 = CARTESIAN_POINT('',(0.1375,-10.845,0.78));
#4557 = SURFACE_CURVE('',#4558,(#4562,#4569),.PCURVE_S1.);
#4558 = LINE('',#4559,#4560);
#4559 = CARTESIAN_POINT('',(0.1375,-10.845,0.8));
#4560 = VECTOR('',#4561,1.);
#4561 = DIRECTION('',(0.,0.,1.));
#4562 = PCURVE('',#4511,#4563);
#4563 = DEFINITIONAL_REPRESENTATION('',(#4564),#4568);
#4564 = LINE('',#4565,#4566);
#4565 = CARTESIAN_POINT('',(0.,0.));
#4566 = VECTOR('',#4567,1.);
#4567 = DIRECTION('',(0.,-1.));
#4568 = ( GEOMETRIC_REPRESENTATION_CONTEXT(2) 
PARAMETRIC_REPRESENTATION_CONTEXT() REPRESENTATION_CONTEXT('2D SPACE',''
  ) );
#4569 = PCURVE('',#4177,#4570);
#4570 = DEFINITIONAL_REPRESENTATION('',(#4571),#4575);
#4571 = LINE('',#4572,#4573);
#4572 = CARTESIAN_POINT('',(6.7375,0.8));
#4573 = VECTOR('',#4574,1.);
#4574 = DIRECTION('',(0.,1.));
#4575 = ( GEOMETRIC_REPRESENTATION_CONTEXT(2) 
PARAMETRIC_REPRESENTATION_CONTEXT() REPRESENTATION_CONTEXT('2D SPACE',''
  ) );
#4576 = ORIENTED_EDGE('',*,*,#4577,.F.);
#4577 = EDGE_CURVE('',#4501,#4555,#4578,.T.);
#4578 = SURFACE_CURVE('',#4579,(#4584,#4591),.PCURVE_S1.);
#4579 = CIRCLE('',#4580,0.503125);
#4580 = AXIS2_PLACEMENT_3D('',#4581,#4582,#4583);
#4581 = CARTESIAN_POINT('',(0.640625,-10.845,0.78));
#4582 = DIRECTION('',(0.,0.,1.));
#4583 = DIRECTION('',(-1.,0.,0.));
#4584 = PCURVE('',#4511,#4585);
#4585 = DEFINITIONAL_REPRESENTATION('',(#4586),#4590);
#4586 = LINE('',#4587,#4588);
#4587 = CARTESIAN_POINT('',(6.28318530718,2.E-02));
#4588 = VECTOR('',#4589,1.);
#4589 = DIRECTION('',(-1.,0.));
#4590 = ( GEOMETRIC_REPRESENTATION_CONTEXT(2) 
PARAMETRIC_REPRESENTATION_CONTEXT() REPRESENTATION_CONTEXT('2D SPACE',''
  ) );
#4591 = PCURVE('',#4592,#4597);
#4592 = PLANE('',#4593);
#4593 = AXIS2_PLACEMENT_3D('',#4594,#4595,#4596);
#4594 = CARTESIAN_POINT('',(0.640625,-10.22,0.78));
#4595 = DIRECTION('',(0.,0.,1.));
#4596 = DIRECTION('',(-1.,0.,0.));
#4597 = DEFINITIONAL_REPRESENTATION('',(#4598),#4602);
#4598 = CIRCLE('',#4599,0.503125);
#4599 = AXIS2_PLACEMENT_2D('',#4600,#4601);
#4600 = CARTESIAN_POINT('',(0.,0.625));
#4601 = DIRECTION('',(1.,0.));
#4602 = ( GEOMETRIC_REPRESENTATION_CONTEXT(2) 
PARAMETRIC_REPRESENTATION_CONTEXT() REPRESENTATION_CONTEXT('2D SPACE',''
  ) );
#4603 = ADVANCED_FACE('',(#4604),#4618,.F.);
#4604 = FACE_BOUND('',#4605,.F.);
#4605 = EDGE_LOOP('',(#4606,#4636,#4660,#4683));
#4606 = ORIENTED_EDGE('',*,*,#4607,.T.);
#4607 = EDGE_CURVE('',#4608,#4610,#4612,.T.);
#4608 = VERTEX_POINT('',#4609);
#4609 = CARTESIAN_POINT('',(3.56875,-10.845,0.78));
#4610 = VERTEX_POINT('',#4611);
#4611 = CARTESIAN_POINT('',(3.56875,-10.845,0.));
#4612 = SURFACE_CURVE('',#4613,(#4617,#4629),.PCURVE_S1.);
#4613 = LINE('',#4614,#4615);
#4614 = CARTESIAN_POINT('',(3.56875,-10.845,0.8));
#4615 = VECTOR('',#4616,1.);
#4616 = DIRECTION('',(0.,0.,-1.));
#4617 = PCURVE('',#4618,#4623);
#4618 = CYLINDRICAL_SURFACE('',#4619,0.503125);
#4619 = AXIS2_PLACEMENT_3D('',#4620,#4621,#4622);
#4620 = CARTESIAN_POINT('',(3.065625,-10.845,0.8));
#4621 = DIRECTION('',(0.,0.,-1.));
#4622 = DIRECTION('',(-1.,0.,0.));
#4623 = DEFINITIONAL_REPRESENTATION('',(#4624),#4628);
#4624 = LINE('',#4625,#4626);
#4625 = CARTESIAN_POINT('',(3.14159265359,0.));
#4626 = VECTOR('',#4627,1.);
#4627 = DIRECTION('',(0.,1.));
#4628 = ( GEOMETRIC_REPRESENTATION_CONTEXT(2) 
PARAMETRIC_REPRESENTATION_CONTEXT() REPRESENTATION_CONTEXT('2D SPACE',''
  ) );
#4629 = PCURVE('',#3995,#4630);
#4630 = DEFINITIONAL_REPRESENTATION('',(#4631),#4635);
#4631 = LINE('',#4632,#4633);
#4632 = CARTESIAN_POINT('',(10.16875,0.8));
#4633 = VECTOR('',#4634,1.);
#4634 = DIRECTION('',(0.,-1.));
#4635 = ( GEOMETRIC_REPRESENTATION_CONTEXT(2) 
PARAMETRIC_REPRESENTATION_CONTEXT() REPRESENTATION_CONTEXT('2D SPACE',''
  ) );
#4636 = ORIENTED_EDGE('',*,*,#4637,.T.);
#4637 = EDGE_CURVE('',#4610,#4638,#4640,.T.);
#4638 = VERTEX_POINT('',#4639);
#4639 = CARTESIAN_POINT('',(2.5625,-10.845,0.));
#4640 = SURFACE_CURVE('',#4641,(#4646,#4653),.PCURVE_S1.);
#4641 = CIRCLE('',#4642,0.503125);
#4642 = AXIS2_PLACEMENT_3D('',#4643,#4644,#4645);
#4643 = CARTESIAN_POINT('',(3.065625,-10.845,0.));
#4644 = DIRECTION('',(0.,0.,1.));
#4645 = DIRECTION('',(-1.,0.,0.));
#4646 = PCURVE('',#4618,#4647);
#4647 = DEFINITIONAL_REPRESENTATION('',(#4648),#4652);
#4648 = LINE('',#4649,#4650);
#4649 = CARTESIAN_POINT('',(6.28318530718,0.8));
#4650 = VECTOR('',#4651,1.);
#4651 = DIRECTION('',(-1.,0.));
#4652 = ( GEOMETRIC_REPRESENTATION_CONTEXT(2) 
PARAMETRIC_REPRESENTATION_CONTEXT() REPRESENTATION_CONTEXT('2D SPACE',''
  ) );
#4653 = PCURVE('',#3967,#4654);
#4654 = DEFINITIONAL_REPRESENTATION('',(#4655),#4659);
#4655 = CIRCLE('',#4656,0.503125);
#4656 = AXIS2_PLACEMENT_2D('',#4657,#4658);
#4657 = CARTESIAN_POINT('',(3.065625,-9.145));
#4658 = DIRECTION('',(-1.,0.));
#4659 = ( GEOMETRIC_REPRESENTATION_CONTEXT(2) 
PARAMETRIC_REPRESENTATION_CONTEXT() REPRESENTATION_CONTEXT('2D SPACE',''
  ) );
#4660 = ORIENTED_EDGE('',*,*,#4661,.T.);
#4661 = EDGE_CURVE('',#4638,#4662,#4664,.T.);
#4662 = VERTEX_POINT('',#4663);
#4663 = CARTESIAN_POINT('',(2.5625,-10.845,0.78));
#4664 = SURFACE_CURVE('',#4665,(#4669,#4676),.PCURVE_S1.);
#4665 = LINE('',#4666,#4667);
#4666 = CARTESIAN_POINT('',(2.5625,-10.845,0.8));
#4667 = VECTOR('',#4668,1.);
#4668 = DIRECTION('',(0.,0.,1.));
#4669 = PCURVE('',#4618,#4670);
#4670 = DEFINITIONAL_REPRESENTATION('',(#4671),#4675);
#4671 = LINE('',#4672,#4673);
#4672 = CARTESIAN_POINT('',(0.,0.));
#4673 = VECTOR('',#4674,1.);
#4674 = DIRECTION('',(0.,-1.));
#4675 = ( GEOMETRIC_REPRESENTATION_CONTEXT(2) 
PARAMETRIC_REPRESENTATION_CONTEXT() REPRESENTATION_CONTEXT('2D SPACE',''
  ) );
#4676 = PCURVE('',#4060,#4677);
#4677 = DEFINITIONAL_REPRESENTATION('',(#4678),#4682);
#4678 = LINE('',#4679,#4680);
#4679 = CARTESIAN_POINT('',(9.1625,0.8));
#4680 = VECTOR('',#4681,1.);
#4681 = DIRECTION('',(0.,1.));
#4682 = ( GEOMETRIC_REPRESENTATION_CONTEXT(2) 
PARAMETRIC_REPRESENTATION_CONTEXT() REPRESENTATION_CONTEXT('2D SPACE',''
  ) );
#4683 = ORIENTED_EDGE('',*,*,#4684,.F.);
#4684 = EDGE_CURVE('',#4608,#4662,#4685,.T.);
#4685 = SURFACE_CURVE('',#4686,(#4691,#4698),.PCURVE_S1.);
#4686 = CIRCLE('',#4687,0.503125);
#4687 = AXIS2_PLACEMENT_3D('',#4688,#4689,#4690);
#4688 = CARTESIAN_POINT('',(3.065625,-10.845,0.78));
#4689 = DIRECTION('',(0.,0.,1.));
#4690 = DIRECTION('',(-1.,0.,0.));
#4691 = PCURVE('',#4618,#4692);
#4692 = DEFINITIONAL_REPRESENTATION('',(#4693),#4697);
#4693 = LINE('',#4694,#4695);
#4694 = CARTESIAN_POINT('',(6.28318530718,2.E-02));
#4695 = VECTOR('',#4696,1.);
#4696 = DIRECTION('',(-1.,0.));
#4697 = ( GEOMETRIC_REPRESENTATION_CONTEXT(2) 
PARAMETRIC_REPRESENTATION_CONTEXT() REPRESENTATION_CONTEXT('2D SPACE',''
  ) );
#4698 = PCURVE('',#4699,#4704);
#4699 = PLANE('',#4700);
#4700 = AXIS2_PLACEMENT_3D('',#4701,#4702,#4703);
#4701 = CARTESIAN_POINT('',(3.065625,-10.22,0.78));
#4702 = DIRECTION('',(0.,0.,1.));
#4703 = DIRECTION('',(-1.,0.,0.));
#4704 = DEFINITIONAL_REPRESENTATION('',(#4705),#4709);
#4705 = CIRCLE('',#4706,0.503125);
#4706 = AXIS2_PLACEMENT_2D('',#4707,#4708);
#4707 = CARTESIAN_POINT('',(0.,0.625));
#4708 = DIRECTION('',(1.,0.));
#4709 = ( GEOMETRIC_REPRESENTATION_CONTEXT(2) 
PARAMETRIC_REPRESENTATION_CONTEXT() REPRESENTATION_CONTEXT('2D SPACE',''
  ) );
#4710 = ADVANCED_FACE('',(#4711),#4725,.F.);
#4711 = FACE_BOUND('',#4712,.F.);
#4712 = EDGE_LOOP('',(#4713,#4748,#4772,#4800));
#4713 = ORIENTED_EDGE('',*,*,#4714,.T.);
#4714 = EDGE_CURVE('',#4715,#4717,#4719,.T.);
#4715 = VERTEX_POINT('',#4716);
#4716 = CARTESIAN_POINT('',(6.6,-8.598187556394,0.78));
#4717 = VERTEX_POINT('',#4718);
#4718 = CARTESIAN_POINT('',(6.6,-8.598187556394,0.));
#4719 = SURFACE_CURVE('',#4720,(#4724,#4736),.PCURVE_S1.);
#4720 = LINE('',#4721,#4722);
#4721 = CARTESIAN_POINT('',(6.6,-8.598187556394,0.8));
#4722 = VECTOR('',#4723,1.);
#4723 = DIRECTION('',(0.,0.,-1.));
#4724 = PCURVE('',#4725,#4730);
#4725 = CYLINDRICAL_SURFACE('',#4726,0.75);
#4726 = AXIS2_PLACEMENT_3D('',#4727,#4728,#4729);
#4727 = CARTESIAN_POINT('',(6.6,-9.348187556394,0.8));
#4728 = DIRECTION('',(0.,0.,-1.));
#4729 = DIRECTION('',(-1.,0.,0.));
#4730 = DEFINITIONAL_REPRESENTATION('',(#4731),#4735);
#4731 = LINE('',#4732,#4733);
#4732 = CARTESIAN_POINT('',(1.570796326795,0.));
#4733 = VECTOR('',#4734,1.);
#4734 = DIRECTION('',(0.,1.));
#4735 = ( GEOMETRIC_REPRESENTATION_CONTEXT(2) 
PARAMETRIC_REPRESENTATION_CONTEXT() REPRESENTATION_CONTEXT('2D SPACE',''
  ) );
#4736 = PCURVE('',#4737,#4742);
#4737 = PLANE('',#4738);
#4738 = AXIS2_PLACEMENT_3D('',#4739,#4740,#4741);
#4739 = CARTESIAN_POINT('',(6.6,-10.845,0.));
#4740 = DIRECTION('',(1.,0.,0.));
#4741 = DIRECTION('',(0.,1.,0.));
#4742 = DEFINITIONAL_REPRESENTATION('',(#4743),#4747);
#4743 = LINE('',#4744,#4745);
#4744 = CARTESIAN_POINT('',(2.246812443606,0.8));
#4745 = VECTOR('',#4746,1.);
#4746 = DIRECTION('',(0.,-1.));
#4747 = ( GEOMETRIC_REPRESENTATION_CONTEXT(2) 
PARAMETRIC_REPRESENTATION_CONTEXT() REPRESENTATION_CONTEXT('2D SPACE',''
  ) );
#4748 = ORIENTED_EDGE('',*,*,#4749,.T.);
#4749 = EDGE_CURVE('',#4717,#4750,#4752,.T.);
#4750 = VERTEX_POINT('',#4751);
#4751 = CARTESIAN_POINT('',(6.6,-10.09818755639,0.));
#4752 = SURFACE_CURVE('',#4753,(#4758,#4765),.PCURVE_S1.);
#4753 = CIRCLE('',#4754,0.75);
#4754 = AXIS2_PLACEMENT_3D('',#4755,#4756,#4757);
#4755 = CARTESIAN_POINT('',(6.6,-9.348187556394,0.));
#4756 = DIRECTION('',(0.,0.,1.));
#4757 = DIRECTION('',(-1.,0.,0.));
#4758 = PCURVE('',#4725,#4759);
#4759 = DEFINITIONAL_REPRESENTATION('',(#4760),#4764);
#4760 = LINE('',#4761,#4762);
#4761 = CARTESIAN_POINT('',(6.28318530718,0.8));
#4762 = VECTOR('',#4763,1.);
#4763 = DIRECTION('',(-1.,0.));
#4764 = ( GEOMETRIC_REPRESENTATION_CONTEXT(2) 
PARAMETRIC_REPRESENTATION_CONTEXT() REPRESENTATION_CONTEXT('2D SPACE',''
  ) );
#4765 = PCURVE('',#3967,#4766);
#4766 = DEFINITIONAL_REPRESENTATION('',(#4767),#4771);
#4767 = CIRCLE('',#4768,0.75);
#4768 = AXIS2_PLACEMENT_2D('',#4769,#4770);
#4769 = CARTESIAN_POINT('',(6.6,-7.648187556394));
#4770 = DIRECTION('',(-1.,0.));
#4771 = ( GEOMETRIC_REPRESENTATION_CONTEXT(2) 
PARAMETRIC_REPRESENTATION_CONTEXT() REPRESENTATION_CONTEXT('2D SPACE',''
  ) );
#4772 = ORIENTED_EDGE('',*,*,#4773,.T.);
#4773 = EDGE_CURVE('',#4750,#4774,#4776,.T.);
#4774 = VERTEX_POINT('',#4775);
#4775 = CARTESIAN_POINT('',(6.6,-10.09818755639,0.78));
#4776 = SURFACE_CURVE('',#4777,(#4781,#4788),.PCURVE_S1.);
#4777 = LINE('',#4778,#4779);
#4778 = CARTESIAN_POINT('',(6.6,-10.09818755639,0.8));
#4779 = VECTOR('',#4780,1.);
#4780 = DIRECTION('',(0.,0.,1.));
#4781 = PCURVE('',#4725,#4782);
#4782 = DEFINITIONAL_REPRESENTATION('',(#4783),#4787);
#4783 = LINE('',#4784,#4785);
#4784 = CARTESIAN_POINT('',(-1.570796326795,0.));
#4785 = VECTOR('',#4786,1.);
#4786 = DIRECTION('',(0.,-1.));
#4787 = ( GEOMETRIC_REPRESENTATION_CONTEXT(2) 
PARAMETRIC_REPRESENTATION_CONTEXT() REPRESENTATION_CONTEXT('2D SPACE',''
  ) );
#4788 = PCURVE('',#4789,#4794);
#4789 = PLANE('',#4790);
#4790 = AXIS2_PLACEMENT_3D('',#4791,#4792,#4793);
#4791 = CARTESIAN_POINT('',(6.6,-10.845,0.));
#4792 = DIRECTION('',(1.,0.,0.));
#4793 = DIRECTION('',(0.,1.,0.));
#4794 = DEFINITIONAL_REPRESENTATION('',(#4795),#4799);
#4795 = LINE('',#4796,#4797);
#4796 = CARTESIAN_POINT('',(0.746812443606,0.8));
#4797 = VECTOR('',#4798,1.);
#4798 = DIRECTION('',(0.,1.));
#4799 = ( GEOMETRIC_REPRESENTATION_CONTEXT(2) 
PARAMETRIC_REPRESENTATION_CONTEXT() REPRESENTATION_CONTEXT('2D SPACE',''
  ) );
#4800 = ORIENTED_EDGE('',*,*,#4801,.F.);
#4801 = EDGE_CURVE('',#4715,#4774,#4802,.T.);
#4802 = SURFACE_CURVE('',#4803,(#4808,#4815),.PCURVE_S1.);
#4803 = CIRCLE('',#4804,0.75);
#4804 = AXIS2_PLACEMENT_3D('',#4805,#4806,#4807);
#4805 = CARTESIAN_POINT('',(6.6,-9.348187556394,0.78));
#4806 = DIRECTION('',(0.,0.,1.));
#4807 = DIRECTION('',(-1.,0.,0.));
#4808 = PCURVE('',#4725,#4809);
#4809 = DEFINITIONAL_REPRESENTATION('',(#4810),#4814);
#4810 = LINE('',#4811,#4812);
#4811 = CARTESIAN_POINT('',(6.28318530718,2.E-02));
#4812 = VECTOR('',#4813,1.);
#4813 = DIRECTION('',(-1.,0.));
#4814 = ( GEOMETRIC_REPRESENTATION_CONTEXT(2) 
PARAMETRIC_REPRESENTATION_CONTEXT() REPRESENTATION_CONTEXT('2D SPACE',''
  ) );
#4815 = PCURVE('',#4816,#4821);
#4816 = PLANE('',#4817);
#4817 = AXIS2_PLACEMENT_3D('',#4818,#4819,#4820);
#4818 = CARTESIAN_POINT('',(5.9125,-9.346593778197,0.78));
#4819 = DIRECTION('',(0.,0.,1.));
#4820 = DIRECTION('',(-1.,0.,0.));
#4821 = DEFINITIONAL_REPRESENTATION('',(#4822),#4826);
#4822 = CIRCLE('',#4823,0.75);
#4823 = AXIS2_PLACEMENT_2D('',#4824,#4825);
#4824 = CARTESIAN_POINT('',(-0.6875,1.593778196799E-03));
#4825 = DIRECTION('',(1.,0.));
#4826 = ( GEOMETRIC_REPRESENTATION_CONTEXT(2) 
PARAMETRIC_REPRESENTATION_CONTEXT() REPRESENTATION_CONTEXT('2D SPACE',''
  ) );
#4827 = ADVANCED_FACE('',(#4828),#4346,.T.);
#4828 = FACE_BOUND('',#4829,.T.);
#4829 = EDGE_LOOP('',(#4830,#4831,#4854,#4882,#4905,#4933));
#4830 = ORIENTED_EDGE('',*,*,#4330,.T.);
#4831 = ORIENTED_EDGE('',*,*,#4832,.T.);
#4832 = EDGE_CURVE('',#4331,#4833,#4835,.T.);
#4833 = VERTEX_POINT('',#4834);
#4834 = CARTESIAN_POINT('',(-6.6,-7.595,0.78));
#4835 = SURFACE_CURVE('',#4836,(#4840,#4847),.PCURVE_S1.);
#4836 = LINE('',#4837,#4838);
#4837 = CARTESIAN_POINT('',(-6.6,-0.825,0.78));
#4838 = VECTOR('',#4839,1.);
#4839 = DIRECTION('',(0.,1.,0.));
#4840 = PCURVE('',#4346,#4841);
#4841 = DEFINITIONAL_REPRESENTATION('',(#4842),#4846);
#4842 = LINE('',#4843,#4844);
#4843 = CARTESIAN_POINT('',(8.27,0.78));
#4844 = VECTOR('',#4845,1.);
#4845 = DIRECTION('',(-1.,0.));
#4846 = ( GEOMETRIC_REPRESENTATION_CONTEXT(2) 
PARAMETRIC_REPRESENTATION_CONTEXT() REPRESENTATION_CONTEXT('2D SPACE',''
  ) );
#4847 = PCURVE('',#4373,#4848);
#4848 = DEFINITIONAL_REPRESENTATION('',(#4849),#4853);
#4849 = LINE('',#4850,#4851);
#4850 = CARTESIAN_POINT('',(0.6875,-8.27));
#4851 = VECTOR('',#4852,1.);
#4852 = DIRECTION('',(0.,-1.));
#4853 = ( GEOMETRIC_REPRESENTATION_CONTEXT(2) 
PARAMETRIC_REPRESENTATION_CONTEXT() REPRESENTATION_CONTEXT('2D SPACE',''
  ) );
#4854 = ORIENTED_EDGE('',*,*,#4855,.T.);
#4855 = EDGE_CURVE('',#4833,#4856,#4858,.T.);
#4856 = VERTEX_POINT('',#4857);
#4857 = CARTESIAN_POINT('',(-6.6,-7.595,0.8));
#4858 = SURFACE_CURVE('',#4859,(#4863,#4870),.PCURVE_S1.);
#4859 = LINE('',#4860,#4861);
#4860 = CARTESIAN_POINT('',(-6.6,-7.595,0.4));
#4861 = VECTOR('',#4862,1.);
#4862 = DIRECTION('',(0.,0.,1.));
#4863 = PCURVE('',#4346,#4864);
#4864 = DEFINITIONAL_REPRESENTATION('',(#4865),#4869);
#4865 = LINE('',#4866,#4867);
#4866 = CARTESIAN_POINT('',(15.04,0.4));
#4867 = VECTOR('',#4868,1.);
#4868 = DIRECTION('',(0.,1.));
#4869 = ( GEOMETRIC_REPRESENTATION_CONTEXT(2) 
PARAMETRIC_REPRESENTATION_CONTEXT() REPRESENTATION_CONTEXT('2D SPACE',''
  ) );
#4870 = PCURVE('',#4871,#4876);
#4871 = PLANE('',#4872);
#4872 = AXIS2_PLACEMENT_3D('',#4873,#4874,#4875);
#4873 = CARTESIAN_POINT('',(-6.6,-7.595,0.8));
#4874 = DIRECTION('',(0.,1.,0.));
#4875 = DIRECTION('',(1.,0.,0.));
#4876 = DEFINITIONAL_REPRESENTATION('',(#4877),#4881);
#4877 = LINE('',#4878,#4879);
#4878 = CARTESIAN_POINT('',(0.,0.4));
#4879 = VECTOR('',#4880,1.);
#4880 = DIRECTION('',(0.,-1.));
#4881 = ( GEOMETRIC_REPRESENTATION_CONTEXT(2) 
PARAMETRIC_REPRESENTATION_CONTEXT() REPRESENTATION_CONTEXT('2D SPACE',''
  ) );
#4882 = ORIENTED_EDGE('',*,*,#4883,.F.);
#4883 = EDGE_CURVE('',#4884,#4856,#4886,.T.);
#4884 = VERTEX_POINT('',#4885);
#4885 = CARTESIAN_POINT('',(-6.6,7.445,0.8));
#4886 = SURFACE_CURVE('',#4887,(#4891,#4898),.PCURVE_S1.);
#4887 = LINE('',#4888,#4889);
#4888 = CARTESIAN_POINT('',(-6.6,7.445,0.8));
#4889 = VECTOR('',#4890,1.);
#4890 = DIRECTION('',(0.,-1.,0.));
#4891 = PCURVE('',#4346,#4892);
#4892 = DEFINITIONAL_REPRESENTATION('',(#4893),#4897);
#4893 = LINE('',#4894,#4895);
#4894 = CARTESIAN_POINT('',(0.,0.8));
#4895 = VECTOR('',#4896,1.);
#4896 = DIRECTION('',(1.,0.));
#4897 = ( GEOMETRIC_REPRESENTATION_CONTEXT(2) 
PARAMETRIC_REPRESENTATION_CONTEXT() REPRESENTATION_CONTEXT('2D SPACE',''
  ) );
#4898 = PCURVE('',#3495,#4899);
#4899 = DEFINITIONAL_REPRESENTATION('',(#4900),#4904);
#4900 = LINE('',#4901,#4902);
#4901 = CARTESIAN_POINT('',(-6.6,9.145));
#4902 = VECTOR('',#4903,1.);
#4903 = DIRECTION('',(0.,-1.));
#4904 = ( GEOMETRIC_REPRESENTATION_CONTEXT(2) 
PARAMETRIC_REPRESENTATION_CONTEXT() REPRESENTATION_CONTEXT('2D SPACE',''
  ) );
#4905 = ORIENTED_EDGE('',*,*,#4906,.F.);
#4906 = EDGE_CURVE('',#4907,#4884,#4909,.T.);
#4907 = VERTEX_POINT('',#4908);
#4908 = CARTESIAN_POINT('',(-6.6,7.445,0.));
#4909 = SURFACE_CURVE('',#4910,(#4914,#4921),.PCURVE_S1.);
#4910 = LINE('',#4911,#4912);
#4911 = CARTESIAN_POINT('',(-6.6,7.445,0.));
#4912 = VECTOR('',#4913,1.);
#4913 = DIRECTION('',(0.,0.,1.));
#4914 = PCURVE('',#4346,#4915);
#4915 = DEFINITIONAL_REPRESENTATION('',(#4916),#4920);
#4916 = LINE('',#4917,#4918);
#4917 = CARTESIAN_POINT('',(0.,0.));
#4918 = VECTOR('',#4919,1.);
#4919 = DIRECTION('',(0.,1.));
#4920 = ( GEOMETRIC_REPRESENTATION_CONTEXT(2) 
PARAMETRIC_REPRESENTATION_CONTEXT() REPRESENTATION_CONTEXT('2D SPACE',''
  ) );
#4921 = PCURVE('',#4922,#4927);
#4922 = PLANE('',#4923);
#4923 = AXIS2_PLACEMENT_3D('',#4924,#4925,#4926);
#4924 = CARTESIAN_POINT('',(6.6,7.445,0.));
#4925 = DIRECTION('',(0.,1.,0.));
#4926 = DIRECTION('',(-1.,0.,0.));
#4927 = DEFINITIONAL_REPRESENTATION('',(#4928),#4932);
#4928 = LINE('',#4929,#4930);
#4929 = CARTESIAN_POINT('',(13.2,0.));
#4930 = VECTOR('',#4931,1.);
#4931 = DIRECTION('',(0.,1.));
#4932 = ( GEOMETRIC_REPRESENTATION_CONTEXT(2) 
PARAMETRIC_REPRESENTATION_CONTEXT() REPRESENTATION_CONTEXT('2D SPACE',''
  ) );
#4933 = ORIENTED_EDGE('',*,*,#4934,.T.);
#4934 = EDGE_CURVE('',#4907,#4307,#4935,.T.);
#4935 = SURFACE_CURVE('',#4936,(#4940,#4947),.PCURVE_S1.);
#4936 = LINE('',#4937,#4938);
#4937 = CARTESIAN_POINT('',(-6.6,7.445,0.));
#4938 = VECTOR('',#4939,1.);
#4939 = DIRECTION('',(0.,-1.,0.));
#4940 = PCURVE('',#4346,#4941);
#4941 = DEFINITIONAL_REPRESENTATION('',(#4942),#4946);
#4942 = LINE('',#4943,#4944);
#4943 = CARTESIAN_POINT('',(0.,0.));
#4944 = VECTOR('',#4945,1.);
#4945 = DIRECTION('',(1.,0.));
#4946 = ( GEOMETRIC_REPRESENTATION_CONTEXT(2) 
PARAMETRIC_REPRESENTATION_CONTEXT() REPRESENTATION_CONTEXT('2D SPACE',''
  ) );
#4947 = PCURVE('',#3967,#4948);
#4948 = DEFINITIONAL_REPRESENTATION('',(#4949),#4953);
#4949 = LINE('',#4950,#4951);
#4950 = CARTESIAN_POINT('',(-6.6,9.145));
#4951 = VECTOR('',#4952,1.);
#4952 = DIRECTION('',(0.,-1.));
#4953 = ( GEOMETRIC_REPRESENTATION_CONTEXT(2) 
PARAMETRIC_REPRESENTATION_CONTEXT() REPRESENTATION_CONTEXT('2D SPACE',''
  ) );
#4954 = ADVANCED_FACE('',(#4955),#4294,.T.);
#4955 = FACE_BOUND('',#4956,.T.);
#4956 = EDGE_LOOP('',(#4957,#4958,#4981,#5004,#5027,#5055));
#4957 = ORIENTED_EDGE('',*,*,#4271,.T.);
#4958 = ORIENTED_EDGE('',*,*,#4959,.T.);
#4959 = EDGE_CURVE('',#4274,#4960,#4962,.T.);
#4960 = VERTEX_POINT('',#4961);
#4961 = CARTESIAN_POINT('',(-6.6,-10.845,0.));
#4962 = SURFACE_CURVE('',#4963,(#4967,#4974),.PCURVE_S1.);
#4963 = LINE('',#4964,#4965);
#4964 = CARTESIAN_POINT('',(-6.6,7.445,0.));
#4965 = VECTOR('',#4966,1.);
#4966 = DIRECTION('',(0.,-1.,0.));
#4967 = PCURVE('',#4294,#4968);
#4968 = DEFINITIONAL_REPRESENTATION('',(#4969),#4973);
#4969 = LINE('',#4970,#4971);
#4970 = CARTESIAN_POINT('',(0.,0.));
#4971 = VECTOR('',#4972,1.);
#4972 = DIRECTION('',(1.,0.));
#4973 = ( GEOMETRIC_REPRESENTATION_CONTEXT(2) 
PARAMETRIC_REPRESENTATION_CONTEXT() REPRESENTATION_CONTEXT('2D SPACE',''
  ) );
#4974 = PCURVE('',#3967,#4975);
#4975 = DEFINITIONAL_REPRESENTATION('',(#4976),#4980);
#4976 = LINE('',#4977,#4978);
#4977 = CARTESIAN_POINT('',(-6.6,9.145));
#4978 = VECTOR('',#4979,1.);
#4979 = DIRECTION('',(0.,-1.));
#4980 = ( GEOMETRIC_REPRESENTATION_CONTEXT(2) 
PARAMETRIC_REPRESENTATION_CONTEXT() REPRESENTATION_CONTEXT('2D SPACE',''
  ) );
#4981 = ORIENTED_EDGE('',*,*,#4982,.T.);
#4982 = EDGE_CURVE('',#4960,#4983,#4985,.T.);
#4983 = VERTEX_POINT('',#4984);
#4984 = CARTESIAN_POINT('',(-6.6,-10.845,0.8));
#4985 = SURFACE_CURVE('',#4986,(#4990,#4997),.PCURVE_S1.);
#4986 = LINE('',#4987,#4988);
#4987 = CARTESIAN_POINT('',(-6.6,-10.845,0.));
#4988 = VECTOR('',#4989,1.);
#4989 = DIRECTION('',(0.,0.,1.));
#4990 = PCURVE('',#4294,#4991);
#4991 = DEFINITIONAL_REPRESENTATION('',(#4992),#4996);
#4992 = LINE('',#4993,#4994);
#4993 = CARTESIAN_POINT('',(18.29,0.));
#4994 = VECTOR('',#4995,1.);
#4995 = DIRECTION('',(0.,1.));
#4996 = ( GEOMETRIC_REPRESENTATION_CONTEXT(2) 
PARAMETRIC_REPRESENTATION_CONTEXT() REPRESENTATION_CONTEXT('2D SPACE',''
  ) );
#4997 = PCURVE('',#4458,#4998);
#4998 = DEFINITIONAL_REPRESENTATION('',(#4999),#5003);
#4999 = LINE('',#5000,#5001);
#5000 = CARTESIAN_POINT('',(0.,0.));
#5001 = VECTOR('',#5002,1.);
#5002 = DIRECTION('',(0.,1.));
#5003 = ( GEOMETRIC_REPRESENTATION_CONTEXT(2) 
PARAMETRIC_REPRESENTATION_CONTEXT() REPRESENTATION_CONTEXT('2D SPACE',''
  ) );
#5004 = ORIENTED_EDGE('',*,*,#5005,.F.);
#5005 = EDGE_CURVE('',#5006,#4983,#5008,.T.);
#5006 = VERTEX_POINT('',#5007);
#5007 = CARTESIAN_POINT('',(-6.6,-10.595,0.8));
#5008 = SURFACE_CURVE('',#5009,(#5013,#5020),.PCURVE_S1.);
#5009 = LINE('',#5010,#5011);
#5010 = CARTESIAN_POINT('',(-6.6,7.445,0.8));
#5011 = VECTOR('',#5012,1.);
#5012 = DIRECTION('',(0.,-1.,0.));
#5013 = PCURVE('',#4294,#5014);
#5014 = DEFINITIONAL_REPRESENTATION('',(#5015),#5019);
#5015 = LINE('',#5016,#5017);
#5016 = CARTESIAN_POINT('',(0.,0.8));
#5017 = VECTOR('',#5018,1.);
#5018 = DIRECTION('',(1.,0.));
#5019 = ( GEOMETRIC_REPRESENTATION_CONTEXT(2) 
PARAMETRIC_REPRESENTATION_CONTEXT() REPRESENTATION_CONTEXT('2D SPACE',''
  ) );
#5020 = PCURVE('',#3495,#5021);
#5021 = DEFINITIONAL_REPRESENTATION('',(#5022),#5026);
#5022 = LINE('',#5023,#5024);
#5023 = CARTESIAN_POINT('',(-6.6,9.145));
#5024 = VECTOR('',#5025,1.);
#5025 = DIRECTION('',(0.,-1.));
#5026 = ( GEOMETRIC_REPRESENTATION_CONTEXT(2) 
PARAMETRIC_REPRESENTATION_CONTEXT() REPRESENTATION_CONTEXT('2D SPACE',''
  ) );
#5027 = ORIENTED_EDGE('',*,*,#5028,.T.);
#5028 = EDGE_CURVE('',#5006,#5029,#5031,.T.);
#5029 = VERTEX_POINT('',#5030);
#5030 = CARTESIAN_POINT('',(-6.6,-10.595,0.78));
#5031 = SURFACE_CURVE('',#5032,(#5036,#5043),.PCURVE_S1.);
#5032 = LINE('',#5033,#5034);
#5033 = CARTESIAN_POINT('',(-6.6,-10.595,0.4));
#5034 = VECTOR('',#5035,1.);
#5035 = DIRECTION('',(0.,0.,-1.));
#5036 = PCURVE('',#4294,#5037);
#5037 = DEFINITIONAL_REPRESENTATION('',(#5038),#5042);
#5038 = LINE('',#5039,#5040);
#5039 = CARTESIAN_POINT('',(18.04,0.4));
#5040 = VECTOR('',#5041,1.);
#5041 = DIRECTION('',(0.,-1.));
#5042 = ( GEOMETRIC_REPRESENTATION_CONTEXT(2) 
PARAMETRIC_REPRESENTATION_CONTEXT() REPRESENTATION_CONTEXT('2D SPACE',''
  ) );
#5043 = PCURVE('',#5044,#5049);
#5044 = PLANE('',#5045);
#5045 = AXIS2_PLACEMENT_3D('',#5046,#5047,#5048);
#5046 = CARTESIAN_POINT('',(-5.225,-10.595,0.8));
#5047 = DIRECTION('',(0.,-1.,0.));
#5048 = DIRECTION('',(-1.,0.,0.));
#5049 = DEFINITIONAL_REPRESENTATION('',(#5050),#5054);
#5050 = LINE('',#5051,#5052);
#5051 = CARTESIAN_POINT('',(1.375,0.4));
#5052 = VECTOR('',#5053,1.);
#5053 = DIRECTION('',(0.,1.));
#5054 = ( GEOMETRIC_REPRESENTATION_CONTEXT(2) 
PARAMETRIC_REPRESENTATION_CONTEXT() REPRESENTATION_CONTEXT('2D SPACE',''
  ) );
#5055 = ORIENTED_EDGE('',*,*,#5056,.T.);
#5056 = EDGE_CURVE('',#5029,#4272,#5057,.T.);
#5057 = SURFACE_CURVE('',#5058,(#5062,#5069),.PCURVE_S1.);
#5058 = LINE('',#5059,#5060);
#5059 = CARTESIAN_POINT('',(-6.6,-0.825,0.78));
#5060 = VECTOR('',#5061,1.);
#5061 = DIRECTION('',(0.,1.,0.));
#5062 = PCURVE('',#4294,#5063);
#5063 = DEFINITIONAL_REPRESENTATION('',(#5064),#5068);
#5064 = LINE('',#5065,#5066);
#5065 = CARTESIAN_POINT('',(8.27,0.78));
#5066 = VECTOR('',#5067,1.);
#5067 = DIRECTION('',(-1.,0.));
#5068 = ( GEOMETRIC_REPRESENTATION_CONTEXT(2) 
PARAMETRIC_REPRESENTATION_CONTEXT() REPRESENTATION_CONTEXT('2D SPACE',''
  ) );
#5069 = PCURVE('',#4373,#5070);
#5070 = DEFINITIONAL_REPRESENTATION('',(#5071),#5075);
#5071 = LINE('',#5072,#5073);
#5072 = CARTESIAN_POINT('',(0.6875,-8.27));
#5073 = VECTOR('',#5074,1.);
#5074 = DIRECTION('',(0.,-1.));
#5075 = ( GEOMETRIC_REPRESENTATION_CONTEXT(2) 
PARAMETRIC_REPRESENTATION_CONTEXT() REPRESENTATION_CONTEXT('2D SPACE',''
  ) );
#5076 = ADVANCED_FACE('',(#5077),#4458,.T.);
#5077 = FACE_BOUND('',#5078,.T.);
#5078 = EDGE_LOOP('',(#5079,#5080,#5103,#5131,#5152,#5153));
#5079 = ORIENTED_EDGE('',*,*,#4442,.T.);
#5080 = ORIENTED_EDGE('',*,*,#5081,.T.);
#5081 = EDGE_CURVE('',#4443,#5082,#5084,.T.);
#5082 = VERTEX_POINT('',#5083);
#5083 = CARTESIAN_POINT('',(-4.55,-10.845,0.78));
#5084 = SURFACE_CURVE('',#5085,(#5089,#5096),.PCURVE_S1.);
#5085 = LINE('',#5086,#5087);
#5086 = CARTESIAN_POINT('',(-5.175,-10.845,0.78));
#5087 = VECTOR('',#5088,1.);
#5088 = DIRECTION('',(-1.,0.,0.));
#5089 = PCURVE('',#4458,#5090);
#5090 = DEFINITIONAL_REPRESENTATION('',(#5091),#5095);
#5091 = LINE('',#5092,#5093);
#5092 = CARTESIAN_POINT('',(1.425,0.78));
#5093 = VECTOR('',#5094,1.);
#5094 = DIRECTION('',(-1.,0.));
#5095 = ( GEOMETRIC_REPRESENTATION_CONTEXT(2) 
PARAMETRIC_REPRESENTATION_CONTEXT() REPRESENTATION_CONTEXT('2D SPACE',''
  ) );
#5096 = PCURVE('',#4485,#5097);
#5097 = DEFINITIONAL_REPRESENTATION('',(#5098),#5102);
#5098 = LINE('',#5099,#5100);
#5099 = CARTESIAN_POINT('',(1.425,0.625));
#5100 = VECTOR('',#5101,1.);
#5101 = DIRECTION('',(1.,0.));
#5102 = ( GEOMETRIC_REPRESENTATION_CONTEXT(2) 
PARAMETRIC_REPRESENTATION_CONTEXT() REPRESENTATION_CONTEXT('2D SPACE',''
  ) );
#5103 = ORIENTED_EDGE('',*,*,#5104,.T.);
#5104 = EDGE_CURVE('',#5082,#5105,#5107,.T.);
#5105 = VERTEX_POINT('',#5106);
#5106 = CARTESIAN_POINT('',(-4.55,-10.845,0.8));
#5107 = SURFACE_CURVE('',#5108,(#5112,#5119),.PCURVE_S1.);
#5108 = LINE('',#5109,#5110);
#5109 = CARTESIAN_POINT('',(-4.55,-10.845,0.4));
#5110 = VECTOR('',#5111,1.);
#5111 = DIRECTION('',(0.,0.,1.));
#5112 = PCURVE('',#4458,#5113);
#5113 = DEFINITIONAL_REPRESENTATION('',(#5114),#5118);
#5114 = LINE('',#5115,#5116);
#5115 = CARTESIAN_POINT('',(2.05,0.4));
#5116 = VECTOR('',#5117,1.);
#5117 = DIRECTION('',(0.,1.));
#5118 = ( GEOMETRIC_REPRESENTATION_CONTEXT(2) 
PARAMETRIC_REPRESENTATION_CONTEXT() REPRESENTATION_CONTEXT('2D SPACE',''
  ) );
#5119 = PCURVE('',#5120,#5125);
#5120 = PLANE('',#5121);
#5121 = AXIS2_PLACEMENT_3D('',#5122,#5123,#5124);
#5122 = CARTESIAN_POINT('',(-4.55,-10.845,0.8));
#5123 = DIRECTION('',(-1.,0.,0.));
#5124 = DIRECTION('',(0.,1.,0.));
#5125 = DEFINITIONAL_REPRESENTATION('',(#5126),#5130);
#5126 = LINE('',#5127,#5128);
#5127 = CARTESIAN_POINT('',(0.,0.4));
#5128 = VECTOR('',#5129,1.);
#5129 = DIRECTION('',(0.,-1.));
#5130 = ( GEOMETRIC_REPRESENTATION_CONTEXT(2) 
PARAMETRIC_REPRESENTATION_CONTEXT() REPRESENTATION_CONTEXT('2D SPACE',''
  ) );
#5131 = ORIENTED_EDGE('',*,*,#5132,.F.);
#5132 = EDGE_CURVE('',#4983,#5105,#5133,.T.);
#5133 = SURFACE_CURVE('',#5134,(#5138,#5145),.PCURVE_S1.);
#5134 = LINE('',#5135,#5136);
#5135 = CARTESIAN_POINT('',(-6.6,-10.845,0.8));
#5136 = VECTOR('',#5137,1.);
#5137 = DIRECTION('',(1.,0.,0.));
#5138 = PCURVE('',#4458,#5139);
#5139 = DEFINITIONAL_REPRESENTATION('',(#5140),#5144);
#5140 = LINE('',#5141,#5142);
#5141 = CARTESIAN_POINT('',(0.,0.8));
#5142 = VECTOR('',#5143,1.);
#5143 = DIRECTION('',(1.,0.));
#5144 = ( GEOMETRIC_REPRESENTATION_CONTEXT(2) 
PARAMETRIC_REPRESENTATION_CONTEXT() REPRESENTATION_CONTEXT('2D SPACE',''
  ) );
#5145 = PCURVE('',#3495,#5146);
#5146 = DEFINITIONAL_REPRESENTATION('',(#5147),#5151);
#5147 = LINE('',#5148,#5149);
#5148 = CARTESIAN_POINT('',(-6.6,-9.145));
#5149 = VECTOR('',#5150,1.);
#5150 = DIRECTION('',(1.,0.));
#5151 = ( GEOMETRIC_REPRESENTATION_CONTEXT(2) 
PARAMETRIC_REPRESENTATION_CONTEXT() REPRESENTATION_CONTEXT('2D SPACE',''
  ) );
#5152 = ORIENTED_EDGE('',*,*,#4982,.F.);
#5153 = ORIENTED_EDGE('',*,*,#5154,.T.);
#5154 = EDGE_CURVE('',#4960,#4419,#5155,.T.);
#5155 = SURFACE_CURVE('',#5156,(#5160,#5167),.PCURVE_S1.);
#5156 = LINE('',#5157,#5158);
#5157 = CARTESIAN_POINT('',(-6.6,-10.845,0.));
#5158 = VECTOR('',#5159,1.);
#5159 = DIRECTION('',(1.,0.,0.));
#5160 = PCURVE('',#4458,#5161);
#5161 = DEFINITIONAL_REPRESENTATION('',(#5162),#5166);
#5162 = LINE('',#5163,#5164);
#5163 = CARTESIAN_POINT('',(0.,0.));
#5164 = VECTOR('',#5165,1.);
#5165 = DIRECTION('',(1.,0.));
#5166 = ( GEOMETRIC_REPRESENTATION_CONTEXT(2) 
PARAMETRIC_REPRESENTATION_CONTEXT() REPRESENTATION_CONTEXT('2D SPACE',''
  ) );
#5167 = PCURVE('',#3967,#5168);
#5168 = DEFINITIONAL_REPRESENTATION('',(#5169),#5173);
#5169 = LINE('',#5170,#5171);
#5170 = CARTESIAN_POINT('',(-6.6,-9.145));
#5171 = VECTOR('',#5172,1.);
#5172 = DIRECTION('',(1.,0.));
#5173 = ( GEOMETRIC_REPRESENTATION_CONTEXT(2) 
PARAMETRIC_REPRESENTATION_CONTEXT() REPRESENTATION_CONTEXT('2D SPACE',''
  ) );
#5174 = ADVANCED_FACE('',(#5175),#4229,.T.);
#5175 = FACE_BOUND('',#5176,.T.);
#5176 = EDGE_LOOP('',(#5177,#5178,#5201,#5229,#5252,#5280,#5301,#5302));
#5177 = ORIENTED_EDGE('',*,*,#4213,.T.);
#5178 = ORIENTED_EDGE('',*,*,#5179,.T.);
#5179 = EDGE_CURVE('',#4214,#5180,#5182,.T.);
#5180 = VERTEX_POINT('',#5181);
#5181 = CARTESIAN_POINT('',(-2.05,-10.845,0.78));
#5182 = SURFACE_CURVE('',#5183,(#5187,#5194),.PCURVE_S1.);
#5183 = LINE('',#5184,#5185);
#5184 = CARTESIAN_POINT('',(-3.925,-10.845,0.78));
#5185 = VECTOR('',#5186,1.);
#5186 = DIRECTION('',(-1.,0.,0.));
#5187 = PCURVE('',#4229,#5188);
#5188 = DEFINITIONAL_REPRESENTATION('',(#5189),#5193);
#5189 = LINE('',#5190,#5191);
#5190 = CARTESIAN_POINT('',(2.675,0.78));
#5191 = VECTOR('',#5192,1.);
#5192 = DIRECTION('',(-1.,0.));
#5193 = ( GEOMETRIC_REPRESENTATION_CONTEXT(2) 
PARAMETRIC_REPRESENTATION_CONTEXT() REPRESENTATION_CONTEXT('2D SPACE',''
  ) );
#5194 = PCURVE('',#4256,#5195);
#5195 = DEFINITIONAL_REPRESENTATION('',(#5196),#5200);
#5196 = LINE('',#5197,#5198);
#5197 = CARTESIAN_POINT('',(2.675,0.625));
#5198 = VECTOR('',#5199,1.);
#5199 = DIRECTION('',(1.,0.));
#5200 = ( GEOMETRIC_REPRESENTATION_CONTEXT(2) 
PARAMETRIC_REPRESENTATION_CONTEXT() REPRESENTATION_CONTEXT('2D SPACE',''
  ) );
#5201 = ORIENTED_EDGE('',*,*,#5202,.T.);
#5202 = EDGE_CURVE('',#5180,#5203,#5205,.T.);
#5203 = VERTEX_POINT('',#5204);
#5204 = CARTESIAN_POINT('',(-2.05,-10.845,0.8));
#5205 = SURFACE_CURVE('',#5206,(#5210,#5217),.PCURVE_S1.);
#5206 = LINE('',#5207,#5208);
#5207 = CARTESIAN_POINT('',(-2.05,-10.845,0.4));
#5208 = VECTOR('',#5209,1.);
#5209 = DIRECTION('',(0.,0.,1.));
#5210 = PCURVE('',#4229,#5211);
#5211 = DEFINITIONAL_REPRESENTATION('',(#5212),#5216);
#5212 = LINE('',#5213,#5214);
#5213 = CARTESIAN_POINT('',(4.55,0.4));
#5214 = VECTOR('',#5215,1.);
#5215 = DIRECTION('',(0.,1.));
#5216 = ( GEOMETRIC_REPRESENTATION_CONTEXT(2) 
PARAMETRIC_REPRESENTATION_CONTEXT() REPRESENTATION_CONTEXT('2D SPACE',''
  ) );
#5217 = PCURVE('',#5218,#5223);
#5218 = PLANE('',#5219);
#5219 = AXIS2_PLACEMENT_3D('',#5220,#5221,#5222);
#5220 = CARTESIAN_POINT('',(-2.05,-10.845,0.8));
#5221 = DIRECTION('',(-1.,0.,0.));
#5222 = DIRECTION('',(0.,1.,0.));
#5223 = DEFINITIONAL_REPRESENTATION('',(#5224),#5228);
#5224 = LINE('',#5225,#5226);
#5225 = CARTESIAN_POINT('',(0.,0.4));
#5226 = VECTOR('',#5227,1.);
#5227 = DIRECTION('',(0.,-1.));
#5228 = ( GEOMETRIC_REPRESENTATION_CONTEXT(2) 
PARAMETRIC_REPRESENTATION_CONTEXT() REPRESENTATION_CONTEXT('2D SPACE',''
  ) );
#5229 = ORIENTED_EDGE('',*,*,#5230,.F.);
#5230 = EDGE_CURVE('',#5231,#5203,#5233,.T.);
#5231 = VERTEX_POINT('',#5232);
#5232 = CARTESIAN_POINT('',(-2.95,-10.845,0.8));
#5233 = SURFACE_CURVE('',#5234,(#5238,#5245),.PCURVE_S1.);
#5234 = LINE('',#5235,#5236);
#5235 = CARTESIAN_POINT('',(-6.6,-10.845,0.8));
#5236 = VECTOR('',#5237,1.);
#5237 = DIRECTION('',(1.,0.,0.));
#5238 = PCURVE('',#4229,#5239);
#5239 = DEFINITIONAL_REPRESENTATION('',(#5240),#5244);
#5240 = LINE('',#5241,#5242);
#5241 = CARTESIAN_POINT('',(0.,0.8));
#5242 = VECTOR('',#5243,1.);
#5243 = DIRECTION('',(1.,0.));
#5244 = ( GEOMETRIC_REPRESENTATION_CONTEXT(2) 
PARAMETRIC_REPRESENTATION_CONTEXT() REPRESENTATION_CONTEXT('2D SPACE',''
  ) );
#5245 = PCURVE('',#3495,#5246);
#5246 = DEFINITIONAL_REPRESENTATION('',(#5247),#5251);
#5247 = LINE('',#5248,#5249);
#5248 = CARTESIAN_POINT('',(-6.6,-9.145));
#5249 = VECTOR('',#5250,1.);
#5250 = DIRECTION('',(1.,0.));
#5251 = ( GEOMETRIC_REPRESENTATION_CONTEXT(2) 
PARAMETRIC_REPRESENTATION_CONTEXT() REPRESENTATION_CONTEXT('2D SPACE',''
  ) );
#5252 = ORIENTED_EDGE('',*,*,#5253,.T.);
#5253 = EDGE_CURVE('',#5231,#5254,#5256,.T.);
#5254 = VERTEX_POINT('',#5255);
#5255 = CARTESIAN_POINT('',(-2.95,-10.845,0.78));
#5256 = SURFACE_CURVE('',#5257,(#5261,#5268),.PCURVE_S1.);
#5257 = LINE('',#5258,#5259);
#5258 = CARTESIAN_POINT('',(-2.95,-10.845,0.4));
#5259 = VECTOR('',#5260,1.);
#5260 = DIRECTION('',(0.,0.,-1.));
#5261 = PCURVE('',#4229,#5262);
#5262 = DEFINITIONAL_REPRESENTATION('',(#5263),#5267);
#5263 = LINE('',#5264,#5265);
#5264 = CARTESIAN_POINT('',(3.65,0.4));
#5265 = VECTOR('',#5266,1.);
#5266 = DIRECTION('',(0.,-1.));
#5267 = ( GEOMETRIC_REPRESENTATION_CONTEXT(2) 
PARAMETRIC_REPRESENTATION_CONTEXT() REPRESENTATION_CONTEXT('2D SPACE',''
  ) );
#5268 = PCURVE('',#5269,#5274);
#5269 = PLANE('',#5270);
#5270 = AXIS2_PLACEMENT_3D('',#5271,#5272,#5273);
#5271 = CARTESIAN_POINT('',(-2.95,-9.595,0.8));
#5272 = DIRECTION('',(1.,0.,0.));
#5273 = DIRECTION('',(0.,-1.,0.));
#5274 = DEFINITIONAL_REPRESENTATION('',(#5275),#5279);
#5275 = LINE('',#5276,#5277);
#5276 = CARTESIAN_POINT('',(1.25,0.4));
#5277 = VECTOR('',#5278,1.);
#5278 = DIRECTION('',(0.,1.));
#5279 = ( GEOMETRIC_REPRESENTATION_CONTEXT(2) 
PARAMETRIC_REPRESENTATION_CONTEXT() REPRESENTATION_CONTEXT('2D SPACE',''
  ) );
#5280 = ORIENTED_EDGE('',*,*,#5281,.T.);
#5281 = EDGE_CURVE('',#5254,#4389,#5282,.T.);
#5282 = SURFACE_CURVE('',#5283,(#5287,#5294),.PCURVE_S1.);
#5283 = LINE('',#5284,#5285);
#5284 = CARTESIAN_POINT('',(-5.175,-10.845,0.78));
#5285 = VECTOR('',#5286,1.);
#5286 = DIRECTION('',(-1.,0.,0.));
#5287 = PCURVE('',#4229,#5288);
#5288 = DEFINITIONAL_REPRESENTATION('',(#5289),#5293);
#5289 = LINE('',#5290,#5291);
#5290 = CARTESIAN_POINT('',(1.425,0.78));
#5291 = VECTOR('',#5292,1.);
#5292 = DIRECTION('',(-1.,0.));
#5293 = ( GEOMETRIC_REPRESENTATION_CONTEXT(2) 
PARAMETRIC_REPRESENTATION_CONTEXT() REPRESENTATION_CONTEXT('2D SPACE',''
  ) );
#5294 = PCURVE('',#4485,#5295);
#5295 = DEFINITIONAL_REPRESENTATION('',(#5296),#5300);
#5296 = LINE('',#5297,#5298);
#5297 = CARTESIAN_POINT('',(1.425,0.625));
#5298 = VECTOR('',#5299,1.);
#5299 = DIRECTION('',(1.,0.));
#5300 = ( GEOMETRIC_REPRESENTATION_CONTEXT(2) 
PARAMETRIC_REPRESENTATION_CONTEXT() REPRESENTATION_CONTEXT('2D SPACE',''
  ) );
#5301 = ORIENTED_EDGE('',*,*,#4388,.T.);
#5302 = ORIENTED_EDGE('',*,*,#5303,.T.);
#5303 = EDGE_CURVE('',#4391,#4190,#5304,.T.);
#5304 = SURFACE_CURVE('',#5305,(#5309,#5316),.PCURVE_S1.);
#5305 = LINE('',#5306,#5307);
#5306 = CARTESIAN_POINT('',(-6.6,-10.845,0.));
#5307 = VECTOR('',#5308,1.);
#5308 = DIRECTION('',(1.,0.,0.));
#5309 = PCURVE('',#4229,#5310);
#5310 = DEFINITIONAL_REPRESENTATION('',(#5311),#5315);
#5311 = LINE('',#5312,#5313);
#5312 = CARTESIAN_POINT('',(0.,0.));
#5313 = VECTOR('',#5314,1.);
#5314 = DIRECTION('',(1.,0.));
#5315 = ( GEOMETRIC_REPRESENTATION_CONTEXT(2) 
PARAMETRIC_REPRESENTATION_CONTEXT() REPRESENTATION_CONTEXT('2D SPACE',''
  ) );
#5316 = PCURVE('',#3967,#5317);
#5317 = DEFINITIONAL_REPRESENTATION('',(#5318),#5322);
#5318 = LINE('',#5319,#5320);
#5319 = CARTESIAN_POINT('',(-6.6,-9.145));
#5320 = VECTOR('',#5321,1.);
#5321 = DIRECTION('',(1.,0.));
#5322 = ( GEOMETRIC_REPRESENTATION_CONTEXT(2) 
PARAMETRIC_REPRESENTATION_CONTEXT() REPRESENTATION_CONTEXT('2D SPACE',''
  ) );
#5323 = ADVANCED_FACE('',(#5324),#4177,.T.);
#5324 = FACE_BOUND('',#5325,.T.);
#5325 = EDGE_LOOP('',(#5326,#5327,#5348,#5349,#5377,#5400,#5428));
#5326 = ORIENTED_EDGE('',*,*,#4154,.T.);
#5327 = ORIENTED_EDGE('',*,*,#5328,.T.);
#5328 = EDGE_CURVE('',#4157,#4531,#5329,.T.);
#5329 = SURFACE_CURVE('',#5330,(#5334,#5341),.PCURVE_S1.);
#5330 = LINE('',#5331,#5332);
#5331 = CARTESIAN_POINT('',(-6.6,-10.845,0.));
#5332 = VECTOR('',#5333,1.);
#5333 = DIRECTION('',(1.,0.,0.));
#5334 = PCURVE('',#4177,#5335);
#5335 = DEFINITIONAL_REPRESENTATION('',(#5336),#5340);
#5336 = LINE('',#5337,#5338);
#5337 = CARTESIAN_POINT('',(0.,0.));
#5338 = VECTOR('',#5339,1.);
#5339 = DIRECTION('',(1.,0.));
#5340 = ( GEOMETRIC_REPRESENTATION_CONTEXT(2) 
PARAMETRIC_REPRESENTATION_CONTEXT() REPRESENTATION_CONTEXT('2D SPACE',''
  ) );
#5341 = PCURVE('',#3967,#5342);
#5342 = DEFINITIONAL_REPRESENTATION('',(#5343),#5347);
#5343 = LINE('',#5344,#5345);
#5344 = CARTESIAN_POINT('',(-6.6,-9.145));
#5345 = VECTOR('',#5346,1.);
#5346 = DIRECTION('',(1.,0.));
#5347 = ( GEOMETRIC_REPRESENTATION_CONTEXT(2) 
PARAMETRIC_REPRESENTATION_CONTEXT() REPRESENTATION_CONTEXT('2D SPACE',''
  ) );
#5348 = ORIENTED_EDGE('',*,*,#4554,.T.);
#5349 = ORIENTED_EDGE('',*,*,#5350,.T.);
#5350 = EDGE_CURVE('',#4555,#5351,#5353,.T.);
#5351 = VERTEX_POINT('',#5352);
#5352 = CARTESIAN_POINT('',(0.1375,-10.845,0.8));
#5353 = SURFACE_CURVE('',#5354,(#5358,#5365),.PCURVE_S1.);
#5354 = LINE('',#5355,#5356);
#5355 = CARTESIAN_POINT('',(0.1375,-10.845,0.4));
#5356 = VECTOR('',#5357,1.);
#5357 = DIRECTION('',(0.,0.,1.));
#5358 = PCURVE('',#4177,#5359);
#5359 = DEFINITIONAL_REPRESENTATION('',(#5360),#5364);
#5360 = LINE('',#5361,#5362);
#5361 = CARTESIAN_POINT('',(6.7375,0.4));
#5362 = VECTOR('',#5363,1.);
#5363 = DIRECTION('',(0.,1.));
#5364 = ( GEOMETRIC_REPRESENTATION_CONTEXT(2) 
PARAMETRIC_REPRESENTATION_CONTEXT() REPRESENTATION_CONTEXT('2D SPACE',''
  ) );
#5365 = PCURVE('',#5366,#5371);
#5366 = PLANE('',#5367);
#5367 = AXIS2_PLACEMENT_3D('',#5368,#5369,#5370);
#5368 = CARTESIAN_POINT('',(0.1375,-10.845,0.8));
#5369 = DIRECTION('',(-1.,0.,0.));
#5370 = DIRECTION('',(0.,1.,0.));
#5371 = DEFINITIONAL_REPRESENTATION('',(#5372),#5376);
#5372 = LINE('',#5373,#5374);
#5373 = CARTESIAN_POINT('',(0.,0.4));
#5374 = VECTOR('',#5375,1.);
#5375 = DIRECTION('',(0.,-1.));
#5376 = ( GEOMETRIC_REPRESENTATION_CONTEXT(2) 
PARAMETRIC_REPRESENTATION_CONTEXT() REPRESENTATION_CONTEXT('2D SPACE',''
  ) );
#5377 = ORIENTED_EDGE('',*,*,#5378,.F.);
#5378 = EDGE_CURVE('',#5379,#5351,#5381,.T.);
#5379 = VERTEX_POINT('',#5380);
#5380 = CARTESIAN_POINT('',(-0.45,-10.845,0.8));
#5381 = SURFACE_CURVE('',#5382,(#5386,#5393),.PCURVE_S1.);
#5382 = LINE('',#5383,#5384);
#5383 = CARTESIAN_POINT('',(-6.6,-10.845,0.8));
#5384 = VECTOR('',#5385,1.);
#5385 = DIRECTION('',(1.,0.,0.));
#5386 = PCURVE('',#4177,#5387);
#5387 = DEFINITIONAL_REPRESENTATION('',(#5388),#5392);
#5388 = LINE('',#5389,#5390);
#5389 = CARTESIAN_POINT('',(0.,0.8));
#5390 = VECTOR('',#5391,1.);
#5391 = DIRECTION('',(1.,0.));
#5392 = ( GEOMETRIC_REPRESENTATION_CONTEXT(2) 
PARAMETRIC_REPRESENTATION_CONTEXT() REPRESENTATION_CONTEXT('2D SPACE',''
  ) );
#5393 = PCURVE('',#3495,#5394);
#5394 = DEFINITIONAL_REPRESENTATION('',(#5395),#5399);
#5395 = LINE('',#5396,#5397);
#5396 = CARTESIAN_POINT('',(-6.6,-9.145));
#5397 = VECTOR('',#5398,1.);
#5398 = DIRECTION('',(1.,0.));
#5399 = ( GEOMETRIC_REPRESENTATION_CONTEXT(2) 
PARAMETRIC_REPRESENTATION_CONTEXT() REPRESENTATION_CONTEXT('2D SPACE',''
  ) );
#5400 = ORIENTED_EDGE('',*,*,#5401,.T.);
#5401 = EDGE_CURVE('',#5379,#5402,#5404,.T.);
#5402 = VERTEX_POINT('',#5403);
#5403 = CARTESIAN_POINT('',(-0.45,-10.845,0.78));
#5404 = SURFACE_CURVE('',#5405,(#5409,#5416),.PCURVE_S1.);
#5405 = LINE('',#5406,#5407);
#5406 = CARTESIAN_POINT('',(-0.45,-10.845,0.4));
#5407 = VECTOR('',#5408,1.);
#5408 = DIRECTION('',(0.,0.,-1.));
#5409 = PCURVE('',#4177,#5410);
#5410 = DEFINITIONAL_REPRESENTATION('',(#5411),#5415);
#5411 = LINE('',#5412,#5413);
#5412 = CARTESIAN_POINT('',(6.15,0.4));
#5413 = VECTOR('',#5414,1.);
#5414 = DIRECTION('',(0.,-1.));
#5415 = ( GEOMETRIC_REPRESENTATION_CONTEXT(2) 
PARAMETRIC_REPRESENTATION_CONTEXT() REPRESENTATION_CONTEXT('2D SPACE',''
  ) );
#5416 = PCURVE('',#5417,#5422);
#5417 = PLANE('',#5418);
#5418 = AXIS2_PLACEMENT_3D('',#5419,#5420,#5421);
#5419 = CARTESIAN_POINT('',(-0.45,-9.595,0.8));
#5420 = DIRECTION('',(1.,0.,0.));
#5421 = DIRECTION('',(0.,-1.,0.));
#5422 = DEFINITIONAL_REPRESENTATION('',(#5423),#5427);
#5423 = LINE('',#5424,#5425);
#5424 = CARTESIAN_POINT('',(1.25,0.4));
#5425 = VECTOR('',#5426,1.);
#5426 = DIRECTION('',(0.,1.));
#5427 = ( GEOMETRIC_REPRESENTATION_CONTEXT(2) 
PARAMETRIC_REPRESENTATION_CONTEXT() REPRESENTATION_CONTEXT('2D SPACE',''
  ) );
#5428 = ORIENTED_EDGE('',*,*,#5429,.T.);
#5429 = EDGE_CURVE('',#5402,#4155,#5430,.T.);
#5430 = SURFACE_CURVE('',#5431,(#5435,#5442),.PCURVE_S1.);
#5431 = LINE('',#5432,#5433);
#5432 = CARTESIAN_POINT('',(-3.925,-10.845,0.78));
#5433 = VECTOR('',#5434,1.);
#5434 = DIRECTION('',(-1.,0.,0.));
#5435 = PCURVE('',#4177,#5436);
#5436 = DEFINITIONAL_REPRESENTATION('',(#5437),#5441);
#5437 = LINE('',#5438,#5439);
#5438 = CARTESIAN_POINT('',(2.675,0.78));
#5439 = VECTOR('',#5440,1.);
#5440 = DIRECTION('',(-1.,0.));
#5441 = ( GEOMETRIC_REPRESENTATION_CONTEXT(2) 
PARAMETRIC_REPRESENTATION_CONTEXT() REPRESENTATION_CONTEXT('2D SPACE',''
  ) );
#5442 = PCURVE('',#4256,#5443);
#5443 = DEFINITIONAL_REPRESENTATION('',(#5444),#5448);
#5444 = LINE('',#5445,#5446);
#5445 = CARTESIAN_POINT('',(2.675,0.625));
#5446 = VECTOR('',#5447,1.);
#5447 = DIRECTION('',(1.,0.));
#5448 = ( GEOMETRIC_REPRESENTATION_CONTEXT(2) 
PARAMETRIC_REPRESENTATION_CONTEXT() REPRESENTATION_CONTEXT('2D SPACE',''
  ) );
#5449 = ADVANCED_FACE('',(#5450),#4112,.T.);
#5450 = FACE_BOUND('',#5451,.T.);
#5451 = EDGE_LOOP('',(#5452,#5453,#5481,#5504,#5530,#5531));
#5452 = ORIENTED_EDGE('',*,*,#4096,.T.);
#5453 = ORIENTED_EDGE('',*,*,#5454,.T.);
#5454 = EDGE_CURVE('',#4097,#5455,#5457,.T.);
#5455 = VERTEX_POINT('',#5456);
#5456 = CARTESIAN_POINT('',(1.28125,-10.845,0.8));
#5457 = SURFACE_CURVE('',#5458,(#5462,#5469),.PCURVE_S1.);
#5458 = LINE('',#5459,#5460);
#5459 = CARTESIAN_POINT('',(1.28125,-10.845,0.4));
#5460 = VECTOR('',#5461,1.);
#5461 = DIRECTION('',(0.,0.,1.));
#5462 = PCURVE('',#4112,#5463);
#5463 = DEFINITIONAL_REPRESENTATION('',(#5464),#5468);
#5464 = LINE('',#5465,#5466);
#5465 = CARTESIAN_POINT('',(7.88125,0.4));
#5466 = VECTOR('',#5467,1.);
#5467 = DIRECTION('',(0.,1.));
#5468 = ( GEOMETRIC_REPRESENTATION_CONTEXT(2) 
PARAMETRIC_REPRESENTATION_CONTEXT() REPRESENTATION_CONTEXT('2D SPACE',''
  ) );
#5469 = PCURVE('',#5470,#5475);
#5470 = PLANE('',#5471);
#5471 = AXIS2_PLACEMENT_3D('',#5472,#5473,#5474);
#5472 = CARTESIAN_POINT('',(1.28125,-10.845,0.8));
#5473 = DIRECTION('',(-1.,0.,0.));
#5474 = DIRECTION('',(0.,1.,0.));
#5475 = DEFINITIONAL_REPRESENTATION('',(#5476),#5480);
#5476 = LINE('',#5477,#5478);
#5477 = CARTESIAN_POINT('',(0.,0.4));
#5478 = VECTOR('',#5479,1.);
#5479 = DIRECTION('',(0.,-1.));
#5480 = ( GEOMETRIC_REPRESENTATION_CONTEXT(2) 
PARAMETRIC_REPRESENTATION_CONTEXT() REPRESENTATION_CONTEXT('2D SPACE',''
  ) );
#5481 = ORIENTED_EDGE('',*,*,#5482,.F.);
#5482 = EDGE_CURVE('',#5483,#5455,#5485,.T.);
#5483 = VERTEX_POINT('',#5484);
#5484 = CARTESIAN_POINT('',(1.14375,-10.845,0.8));
#5485 = SURFACE_CURVE('',#5486,(#5490,#5497),.PCURVE_S1.);
#5486 = LINE('',#5487,#5488);
#5487 = CARTESIAN_POINT('',(-6.6,-10.845,0.8));
#5488 = VECTOR('',#5489,1.);
#5489 = DIRECTION('',(1.,0.,0.));
#5490 = PCURVE('',#4112,#5491);
#5491 = DEFINITIONAL_REPRESENTATION('',(#5492),#5496);
#5492 = LINE('',#5493,#5494);
#5493 = CARTESIAN_POINT('',(0.,0.8));
#5494 = VECTOR('',#5495,1.);
#5495 = DIRECTION('',(1.,0.));
#5496 = ( GEOMETRIC_REPRESENTATION_CONTEXT(2) 
PARAMETRIC_REPRESENTATION_CONTEXT() REPRESENTATION_CONTEXT('2D SPACE',''
  ) );
#5497 = PCURVE('',#3495,#5498);
#5498 = DEFINITIONAL_REPRESENTATION('',(#5499),#5503);
#5499 = LINE('',#5500,#5501);
#5500 = CARTESIAN_POINT('',(-6.6,-9.145));
#5501 = VECTOR('',#5502,1.);
#5502 = DIRECTION('',(1.,0.));
#5503 = ( GEOMETRIC_REPRESENTATION_CONTEXT(2) 
PARAMETRIC_REPRESENTATION_CONTEXT() REPRESENTATION_CONTEXT('2D SPACE',''
  ) );
#5504 = ORIENTED_EDGE('',*,*,#5505,.F.);
#5505 = EDGE_CURVE('',#4501,#5483,#5506,.T.);
#5506 = SURFACE_CURVE('',#5507,(#5511,#5518),.PCURVE_S1.);
#5507 = LINE('',#5508,#5509);
#5508 = CARTESIAN_POINT('',(1.14375,-10.845,0.8));
#5509 = VECTOR('',#5510,1.);
#5510 = DIRECTION('',(0.,0.,1.));
#5511 = PCURVE('',#4112,#5512);
#5512 = DEFINITIONAL_REPRESENTATION('',(#5513),#5517);
#5513 = LINE('',#5514,#5515);
#5514 = CARTESIAN_POINT('',(7.74375,0.8));
#5515 = VECTOR('',#5516,1.);
#5516 = DIRECTION('',(0.,1.));
#5517 = ( GEOMETRIC_REPRESENTATION_CONTEXT(2) 
PARAMETRIC_REPRESENTATION_CONTEXT() REPRESENTATION_CONTEXT('2D SPACE',''
  ) );
#5518 = PCURVE('',#5519,#5524);
#5519 = PLANE('',#5520);
#5520 = AXIS2_PLACEMENT_3D('',#5521,#5522,#5523);
#5521 = CARTESIAN_POINT('',(1.14375,-9.595,0.8));
#5522 = DIRECTION('',(1.,0.,0.));
#5523 = DIRECTION('',(0.,-1.,0.));
#5524 = DEFINITIONAL_REPRESENTATION('',(#5525),#5529);
#5525 = LINE('',#5526,#5527);
#5526 = CARTESIAN_POINT('',(1.25,0.));
#5527 = VECTOR('',#5528,1.);
#5528 = DIRECTION('',(0.,-1.));
#5529 = ( GEOMETRIC_REPRESENTATION_CONTEXT(2) 
PARAMETRIC_REPRESENTATION_CONTEXT() REPRESENTATION_CONTEXT('2D SPACE',''
  ) );
#5530 = ORIENTED_EDGE('',*,*,#4500,.T.);
#5531 = ORIENTED_EDGE('',*,*,#5532,.T.);
#5532 = EDGE_CURVE('',#4503,#4073,#5533,.T.);
#5533 = SURFACE_CURVE('',#5534,(#5538,#5545),.PCURVE_S1.);
#5534 = LINE('',#5535,#5536);
#5535 = CARTESIAN_POINT('',(-6.6,-10.845,0.));
#5536 = VECTOR('',#5537,1.);
#5537 = DIRECTION('',(1.,0.,0.));
#5538 = PCURVE('',#4112,#5539);
#5539 = DEFINITIONAL_REPRESENTATION('',(#5540),#5544);
#5540 = LINE('',#5541,#5542);
#5541 = CARTESIAN_POINT('',(0.,0.));
#5542 = VECTOR('',#5543,1.);
#5543 = DIRECTION('',(1.,0.));
#5544 = ( GEOMETRIC_REPRESENTATION_CONTEXT(2) 
PARAMETRIC_REPRESENTATION_CONTEXT() REPRESENTATION_CONTEXT('2D SPACE',''
  ) );
#5545 = PCURVE('',#3967,#5546);
#5546 = DEFINITIONAL_REPRESENTATION('',(#5547),#5551);
#5547 = LINE('',#5548,#5549);
#5548 = CARTESIAN_POINT('',(-6.6,-9.145));
#5549 = VECTOR('',#5550,1.);
#5550 = DIRECTION('',(1.,0.));
#5551 = ( GEOMETRIC_REPRESENTATION_CONTEXT(2) 
PARAMETRIC_REPRESENTATION_CONTEXT() REPRESENTATION_CONTEXT('2D SPACE',''
  ) );
#5552 = ADVANCED_FACE('',(#5553),#4060,.T.);
#5553 = FACE_BOUND('',#5554,.T.);
#5554 = EDGE_LOOP('',(#5555,#5556,#5577,#5578,#5606,#5629));
#5555 = ORIENTED_EDGE('',*,*,#4037,.T.);
#5556 = ORIENTED_EDGE('',*,*,#5557,.T.);
#5557 = EDGE_CURVE('',#4040,#4638,#5558,.T.);
#5558 = SURFACE_CURVE('',#5559,(#5563,#5570),.PCURVE_S1.);
#5559 = LINE('',#5560,#5561);
#5560 = CARTESIAN_POINT('',(-6.6,-10.845,0.));
#5561 = VECTOR('',#5562,1.);
#5562 = DIRECTION('',(1.,0.,0.));
#5563 = PCURVE('',#4060,#5564);
#5564 = DEFINITIONAL_REPRESENTATION('',(#5565),#5569);
#5565 = LINE('',#5566,#5567);
#5566 = CARTESIAN_POINT('',(0.,0.));
#5567 = VECTOR('',#5568,1.);
#5568 = DIRECTION('',(1.,0.));
#5569 = ( GEOMETRIC_REPRESENTATION_CONTEXT(2) 
PARAMETRIC_REPRESENTATION_CONTEXT() REPRESENTATION_CONTEXT('2D SPACE',''
  ) );
#5570 = PCURVE('',#3967,#5571);
#5571 = DEFINITIONAL_REPRESENTATION('',(#5572),#5576);
#5572 = LINE('',#5573,#5574);
#5573 = CARTESIAN_POINT('',(-6.6,-9.145));
#5574 = VECTOR('',#5575,1.);
#5575 = DIRECTION('',(1.,0.));
#5576 = ( GEOMETRIC_REPRESENTATION_CONTEXT(2) 
PARAMETRIC_REPRESENTATION_CONTEXT() REPRESENTATION_CONTEXT('2D SPACE',''
  ) );
#5577 = ORIENTED_EDGE('',*,*,#4661,.T.);
#5578 = ORIENTED_EDGE('',*,*,#5579,.T.);
#5579 = EDGE_CURVE('',#4662,#5580,#5582,.T.);
#5580 = VERTEX_POINT('',#5581);
#5581 = CARTESIAN_POINT('',(2.5625,-10.845,0.8));
#5582 = SURFACE_CURVE('',#5583,(#5587,#5594),.PCURVE_S1.);
#5583 = LINE('',#5584,#5585);
#5584 = CARTESIAN_POINT('',(2.5625,-10.845,0.4));
#5585 = VECTOR('',#5586,1.);
#5586 = DIRECTION('',(0.,0.,1.));
#5587 = PCURVE('',#4060,#5588);
#5588 = DEFINITIONAL_REPRESENTATION('',(#5589),#5593);
#5589 = LINE('',#5590,#5591);
#5590 = CARTESIAN_POINT('',(9.1625,0.4));
#5591 = VECTOR('',#5592,1.);
#5592 = DIRECTION('',(0.,1.));
#5593 = ( GEOMETRIC_REPRESENTATION_CONTEXT(2) 
PARAMETRIC_REPRESENTATION_CONTEXT() REPRESENTATION_CONTEXT('2D SPACE',''
  ) );
#5594 = PCURVE('',#5595,#5600);
#5595 = PLANE('',#5596);
#5596 = AXIS2_PLACEMENT_3D('',#5597,#5598,#5599);
#5597 = CARTESIAN_POINT('',(2.5625,-10.845,0.8));
#5598 = DIRECTION('',(-1.,0.,0.));
#5599 = DIRECTION('',(0.,1.,0.));
#5600 = DEFINITIONAL_REPRESENTATION('',(#5601),#5605);
#5601 = LINE('',#5602,#5603);
#5602 = CARTESIAN_POINT('',(0.,0.4));
#5603 = VECTOR('',#5604,1.);
#5604 = DIRECTION('',(0.,-1.));
#5605 = ( GEOMETRIC_REPRESENTATION_CONTEXT(2) 
PARAMETRIC_REPRESENTATION_CONTEXT() REPRESENTATION_CONTEXT('2D SPACE',''
  ) );
#5606 = ORIENTED_EDGE('',*,*,#5607,.F.);
#5607 = EDGE_CURVE('',#5608,#5580,#5610,.T.);
#5608 = VERTEX_POINT('',#5609);
#5609 = CARTESIAN_POINT('',(2.2875,-10.845,0.8));
#5610 = SURFACE_CURVE('',#5611,(#5615,#5622),.PCURVE_S1.);
#5611 = LINE('',#5612,#5613);
#5612 = CARTESIAN_POINT('',(-6.6,-10.845,0.8));
#5613 = VECTOR('',#5614,1.);
#5614 = DIRECTION('',(1.,0.,0.));
#5615 = PCURVE('',#4060,#5616);
#5616 = DEFINITIONAL_REPRESENTATION('',(#5617),#5621);
#5617 = LINE('',#5618,#5619);
#5618 = CARTESIAN_POINT('',(0.,0.8));
#5619 = VECTOR('',#5620,1.);
#5620 = DIRECTION('',(1.,0.));
#5621 = ( GEOMETRIC_REPRESENTATION_CONTEXT(2) 
PARAMETRIC_REPRESENTATION_CONTEXT() REPRESENTATION_CONTEXT('2D SPACE',''
  ) );
#5622 = PCURVE('',#3495,#5623);
#5623 = DEFINITIONAL_REPRESENTATION('',(#5624),#5628);
#5624 = LINE('',#5625,#5626);
#5625 = CARTESIAN_POINT('',(-6.6,-9.145));
#5626 = VECTOR('',#5627,1.);
#5627 = DIRECTION('',(1.,0.));
#5628 = ( GEOMETRIC_REPRESENTATION_CONTEXT(2) 
PARAMETRIC_REPRESENTATION_CONTEXT() REPRESENTATION_CONTEXT('2D SPACE',''
  ) );
#5629 = ORIENTED_EDGE('',*,*,#5630,.F.);
#5630 = EDGE_CURVE('',#4038,#5608,#5631,.T.);
#5631 = SURFACE_CURVE('',#5632,(#5636,#5643),.PCURVE_S1.);
#5632 = LINE('',#5633,#5634);
#5633 = CARTESIAN_POINT('',(2.2875,-10.845,0.8));
#5634 = VECTOR('',#5635,1.);
#5635 = DIRECTION('',(0.,0.,1.));
#5636 = PCURVE('',#4060,#5637);
#5637 = DEFINITIONAL_REPRESENTATION('',(#5638),#5642);
#5638 = LINE('',#5639,#5640);
#5639 = CARTESIAN_POINT('',(8.8875,0.8));
#5640 = VECTOR('',#5641,1.);
#5641 = DIRECTION('',(0.,1.));
#5642 = ( GEOMETRIC_REPRESENTATION_CONTEXT(2) 
PARAMETRIC_REPRESENTATION_CONTEXT() REPRESENTATION_CONTEXT('2D SPACE',''
  ) );
#5643 = PCURVE('',#5644,#5649);
#5644 = PLANE('',#5645);
#5645 = AXIS2_PLACEMENT_3D('',#5646,#5647,#5648);
#5646 = CARTESIAN_POINT('',(2.2875,-9.595,0.8));
#5647 = DIRECTION('',(1.,0.,0.));
#5648 = DIRECTION('',(0.,-1.,0.));
#5649 = DEFINITIONAL_REPRESENTATION('',(#5650),#5654);
#5650 = LINE('',#5651,#5652);
#5651 = CARTESIAN_POINT('',(1.25,0.));
#5652 = VECTOR('',#5653,1.);
#5653 = DIRECTION('',(0.,-1.));
#5654 = ( GEOMETRIC_REPRESENTATION_CONTEXT(2) 
PARAMETRIC_REPRESENTATION_CONTEXT() REPRESENTATION_CONTEXT('2D SPACE',''
  ) );
#5655 = ADVANCED_FACE('',(#5656),#3995,.T.);
#5656 = FACE_BOUND('',#5657,.T.);
#5657 = EDGE_LOOP('',(#5658,#5659,#5687,#5710,#5736,#5737));
#5658 = ORIENTED_EDGE('',*,*,#3979,.T.);
#5659 = ORIENTED_EDGE('',*,*,#5660,.T.);
#5660 = EDGE_CURVE('',#3980,#5661,#5663,.T.);
#5661 = VERTEX_POINT('',#5662);
#5662 = CARTESIAN_POINT('',(3.70625,-10.845,0.8));
#5663 = SURFACE_CURVE('',#5664,(#5668,#5675),.PCURVE_S1.);
#5664 = LINE('',#5665,#5666);
#5665 = CARTESIAN_POINT('',(3.70625,-10.845,0.4));
#5666 = VECTOR('',#5667,1.);
#5667 = DIRECTION('',(0.,0.,1.));
#5668 = PCURVE('',#3995,#5669);
#5669 = DEFINITIONAL_REPRESENTATION('',(#5670),#5674);
#5670 = LINE('',#5671,#5672);
#5671 = CARTESIAN_POINT('',(10.30625,0.4));
#5672 = VECTOR('',#5673,1.);
#5673 = DIRECTION('',(0.,1.));
#5674 = ( GEOMETRIC_REPRESENTATION_CONTEXT(2) 
PARAMETRIC_REPRESENTATION_CONTEXT() REPRESENTATION_CONTEXT('2D SPACE',''
  ) );
#5675 = PCURVE('',#5676,#5681);
#5676 = PLANE('',#5677);
#5677 = AXIS2_PLACEMENT_3D('',#5678,#5679,#5680);
#5678 = CARTESIAN_POINT('',(3.70625,-10.845,0.8));
#5679 = DIRECTION('',(-1.,0.,0.));
#5680 = DIRECTION('',(0.,1.,0.));
#5681 = DEFINITIONAL_REPRESENTATION('',(#5682),#5686);
#5682 = LINE('',#5683,#5684);
#5683 = CARTESIAN_POINT('',(0.,0.4));
#5684 = VECTOR('',#5685,1.);
#5685 = DIRECTION('',(0.,-1.));
#5686 = ( GEOMETRIC_REPRESENTATION_CONTEXT(2) 
PARAMETRIC_REPRESENTATION_CONTEXT() REPRESENTATION_CONTEXT('2D SPACE',''
  ) );
#5687 = ORIENTED_EDGE('',*,*,#5688,.F.);
#5688 = EDGE_CURVE('',#5689,#5661,#5691,.T.);
#5689 = VERTEX_POINT('',#5690);
#5690 = CARTESIAN_POINT('',(3.56875,-10.845,0.8));
#5691 = SURFACE_CURVE('',#5692,(#5696,#5703),.PCURVE_S1.);
#5692 = LINE('',#5693,#5694);
#5693 = CARTESIAN_POINT('',(-6.6,-10.845,0.8));
#5694 = VECTOR('',#5695,1.);
#5695 = DIRECTION('',(1.,0.,0.));
#5696 = PCURVE('',#3995,#5697);
#5697 = DEFINITIONAL_REPRESENTATION('',(#5698),#5702);
#5698 = LINE('',#5699,#5700);
#5699 = CARTESIAN_POINT('',(0.,0.8));
#5700 = VECTOR('',#5701,1.);
#5701 = DIRECTION('',(1.,0.));
#5702 = ( GEOMETRIC_REPRESENTATION_CONTEXT(2) 
PARAMETRIC_REPRESENTATION_CONTEXT() REPRESENTATION_CONTEXT('2D SPACE',''
  ) );
#5703 = PCURVE('',#3495,#5704);
#5704 = DEFINITIONAL_REPRESENTATION('',(#5705),#5709);
#5705 = LINE('',#5706,#5707);
#5706 = CARTESIAN_POINT('',(-6.6,-9.145));
#5707 = VECTOR('',#5708,1.);
#5708 = DIRECTION('',(1.,0.));
#5709 = ( GEOMETRIC_REPRESENTATION_CONTEXT(2) 
PARAMETRIC_REPRESENTATION_CONTEXT() REPRESENTATION_CONTEXT('2D SPACE',''
  ) );
#5710 = ORIENTED_EDGE('',*,*,#5711,.F.);
#5711 = EDGE_CURVE('',#4608,#5689,#5712,.T.);
#5712 = SURFACE_CURVE('',#5713,(#5717,#5724),.PCURVE_S1.);
#5713 = LINE('',#5714,#5715);
#5714 = CARTESIAN_POINT('',(3.56875,-10.845,0.8));
#5715 = VECTOR('',#5716,1.);
#5716 = DIRECTION('',(0.,0.,1.));
#5717 = PCURVE('',#3995,#5718);
#5718 = DEFINITIONAL_REPRESENTATION('',(#5719),#5723);
#5719 = LINE('',#5720,#5721);
#5720 = CARTESIAN_POINT('',(10.16875,0.8));
#5721 = VECTOR('',#5722,1.);
#5722 = DIRECTION('',(0.,1.));
#5723 = ( GEOMETRIC_REPRESENTATION_CONTEXT(2) 
PARAMETRIC_REPRESENTATION_CONTEXT() REPRESENTATION_CONTEXT('2D SPACE',''
  ) );
#5724 = PCURVE('',#5725,#5730);
#5725 = PLANE('',#5726);
#5726 = AXIS2_PLACEMENT_3D('',#5727,#5728,#5729);
#5727 = CARTESIAN_POINT('',(3.56875,-9.595,0.8));
#5728 = DIRECTION('',(1.,0.,0.));
#5729 = DIRECTION('',(0.,-1.,0.));
#5730 = DEFINITIONAL_REPRESENTATION('',(#5731),#5735);
#5731 = LINE('',#5732,#5733);
#5732 = CARTESIAN_POINT('',(1.25,0.));
#5733 = VECTOR('',#5734,1.);
#5734 = DIRECTION('',(0.,-1.));
#5735 = ( GEOMETRIC_REPRESENTATION_CONTEXT(2) 
PARAMETRIC_REPRESENTATION_CONTEXT() REPRESENTATION_CONTEXT('2D SPACE',''
  ) );
#5736 = ORIENTED_EDGE('',*,*,#4607,.T.);
#5737 = ORIENTED_EDGE('',*,*,#5738,.T.);
#5738 = EDGE_CURVE('',#4610,#3951,#5739,.T.);
#5739 = SURFACE_CURVE('',#5740,(#5744,#5751),.PCURVE_S1.);
#5740 = LINE('',#5741,#5742);
#5741 = CARTESIAN_POINT('',(-6.6,-10.845,0.));
#5742 = VECTOR('',#5743,1.);
#5743 = DIRECTION('',(1.,0.,0.));
#5744 = PCURVE('',#3995,#5745);
#5745 = DEFINITIONAL_REPRESENTATION('',(#5746),#5750);
#5746 = LINE('',#5747,#5748);
#5747 = CARTESIAN_POINT('',(0.,0.));
#5748 = VECTOR('',#5749,1.);
#5749 = DIRECTION('',(1.,0.));
#5750 = ( GEOMETRIC_REPRESENTATION_CONTEXT(2) 
PARAMETRIC_REPRESENTATION_CONTEXT() REPRESENTATION_CONTEXT('2D SPACE',''
  ) );
#5751 = PCURVE('',#3967,#5752);
#5752 = DEFINITIONAL_REPRESENTATION('',(#5753),#5757);
#5753 = LINE('',#5754,#5755);
#5754 = CARTESIAN_POINT('',(-6.6,-9.145));
#5755 = VECTOR('',#5756,1.);
#5756 = DIRECTION('',(1.,0.));
#5757 = ( GEOMETRIC_REPRESENTATION_CONTEXT(2) 
PARAMETRIC_REPRESENTATION_CONTEXT() REPRESENTATION_CONTEXT('2D SPACE',''
  ) );
#5758 = ADVANCED_FACE('',(#5759),#3938,.T.);
#5759 = FACE_BOUND('',#5760,.T.);
#5760 = EDGE_LOOP('',(#5761,#5762,#5785,#5808,#5831,#5859,#5882));
#5761 = ORIENTED_EDGE('',*,*,#3915,.T.);
#5762 = ORIENTED_EDGE('',*,*,#5763,.T.);
#5763 = EDGE_CURVE('',#3918,#5764,#5766,.T.);
#5764 = VERTEX_POINT('',#5765);
#5765 = CARTESIAN_POINT('',(6.6,-10.845,0.));
#5766 = SURFACE_CURVE('',#5767,(#5771,#5778),.PCURVE_S1.);
#5767 = LINE('',#5768,#5769);
#5768 = CARTESIAN_POINT('',(-6.6,-10.845,0.));
#5769 = VECTOR('',#5770,1.);
#5770 = DIRECTION('',(1.,0.,0.));
#5771 = PCURVE('',#3938,#5772);
#5772 = DEFINITIONAL_REPRESENTATION('',(#5773),#5777);
#5773 = LINE('',#5774,#5775);
#5774 = CARTESIAN_POINT('',(0.,0.));
#5775 = VECTOR('',#5776,1.);
#5776 = DIRECTION('',(1.,0.));
#5777 = ( GEOMETRIC_REPRESENTATION_CONTEXT(2) 
PARAMETRIC_REPRESENTATION_CONTEXT() REPRESENTATION_CONTEXT('2D SPACE',''
  ) );
#5778 = PCURVE('',#3967,#5779);
#5779 = DEFINITIONAL_REPRESENTATION('',(#5780),#5784);
#5780 = LINE('',#5781,#5782);
#5781 = CARTESIAN_POINT('',(-6.6,-9.145));
#5782 = VECTOR('',#5783,1.);
#5783 = DIRECTION('',(1.,0.));
#5784 = ( GEOMETRIC_REPRESENTATION_CONTEXT(2) 
PARAMETRIC_REPRESENTATION_CONTEXT() REPRESENTATION_CONTEXT('2D SPACE',''
  ) );
#5785 = ORIENTED_EDGE('',*,*,#5786,.T.);
#5786 = EDGE_CURVE('',#5764,#5787,#5789,.T.);
#5787 = VERTEX_POINT('',#5788);
#5788 = CARTESIAN_POINT('',(6.6,-10.845,0.78));
#5789 = SURFACE_CURVE('',#5790,(#5794,#5801),.PCURVE_S1.);
#5790 = LINE('',#5791,#5792);
#5791 = CARTESIAN_POINT('',(6.6,-10.845,0.));
#5792 = VECTOR('',#5793,1.);
#5793 = DIRECTION('',(0.,0.,1.));
#5794 = PCURVE('',#3938,#5795);
#5795 = DEFINITIONAL_REPRESENTATION('',(#5796),#5800);
#5796 = LINE('',#5797,#5798);
#5797 = CARTESIAN_POINT('',(13.2,0.));
#5798 = VECTOR('',#5799,1.);
#5799 = DIRECTION('',(0.,1.));
#5800 = ( GEOMETRIC_REPRESENTATION_CONTEXT(2) 
PARAMETRIC_REPRESENTATION_CONTEXT() REPRESENTATION_CONTEXT('2D SPACE',''
  ) );
#5801 = PCURVE('',#4789,#5802);
#5802 = DEFINITIONAL_REPRESENTATION('',(#5803),#5807);
#5803 = LINE('',#5804,#5805);
#5804 = CARTESIAN_POINT('',(0.,0.));
#5805 = VECTOR('',#5806,1.);
#5806 = DIRECTION('',(0.,1.));
#5807 = ( GEOMETRIC_REPRESENTATION_CONTEXT(2) 
PARAMETRIC_REPRESENTATION_CONTEXT() REPRESENTATION_CONTEXT('2D SPACE',''
  ) );
#5808 = ORIENTED_EDGE('',*,*,#5809,.T.);
#5809 = EDGE_CURVE('',#5787,#5810,#5812,.T.);
#5810 = VERTEX_POINT('',#5811);
#5811 = CARTESIAN_POINT('',(5.225,-10.845,0.78));
#5812 = SURFACE_CURVE('',#5813,(#5817,#5824),.PCURVE_S1.);
#5813 = LINE('',#5814,#5815);
#5814 = CARTESIAN_POINT('',(-0.34375,-10.845,0.78));
#5815 = VECTOR('',#5816,1.);
#5816 = DIRECTION('',(-1.,0.,0.));
#5817 = PCURVE('',#3938,#5818);
#5818 = DEFINITIONAL_REPRESENTATION('',(#5819),#5823);
#5819 = LINE('',#5820,#5821);
#5820 = CARTESIAN_POINT('',(6.25625,0.78));
#5821 = VECTOR('',#5822,1.);
#5822 = DIRECTION('',(-1.,0.));
#5823 = ( GEOMETRIC_REPRESENTATION_CONTEXT(2) 
PARAMETRIC_REPRESENTATION_CONTEXT() REPRESENTATION_CONTEXT('2D SPACE',''
  ) );
#5824 = PCURVE('',#4816,#5825);
#5825 = DEFINITIONAL_REPRESENTATION('',(#5826),#5830);
#5826 = LINE('',#5827,#5828);
#5827 = CARTESIAN_POINT('',(6.25625,1.498406221803));
#5828 = VECTOR('',#5829,1.);
#5829 = DIRECTION('',(1.,0.));
#5830 = ( GEOMETRIC_REPRESENTATION_CONTEXT(2) 
PARAMETRIC_REPRESENTATION_CONTEXT() REPRESENTATION_CONTEXT('2D SPACE',''
  ) );
#5831 = ORIENTED_EDGE('',*,*,#5832,.T.);
#5832 = EDGE_CURVE('',#5810,#5833,#5835,.T.);
#5833 = VERTEX_POINT('',#5834);
#5834 = CARTESIAN_POINT('',(5.225,-10.845,0.8));
#5835 = SURFACE_CURVE('',#5836,(#5840,#5847),.PCURVE_S1.);
#5836 = LINE('',#5837,#5838);
#5837 = CARTESIAN_POINT('',(5.225,-10.845,0.4));
#5838 = VECTOR('',#5839,1.);
#5839 = DIRECTION('',(0.,0.,1.));
#5840 = PCURVE('',#3938,#5841);
#5841 = DEFINITIONAL_REPRESENTATION('',(#5842),#5846);
#5842 = LINE('',#5843,#5844);
#5843 = CARTESIAN_POINT('',(11.825,0.4));
#5844 = VECTOR('',#5845,1.);
#5845 = DIRECTION('',(0.,1.));
#5846 = ( GEOMETRIC_REPRESENTATION_CONTEXT(2) 
PARAMETRIC_REPRESENTATION_CONTEXT() REPRESENTATION_CONTEXT('2D SPACE',''
  ) );
#5847 = PCURVE('',#5848,#5853);
#5848 = PLANE('',#5849);
#5849 = AXIS2_PLACEMENT_3D('',#5850,#5851,#5852);
#5850 = CARTESIAN_POINT('',(5.225,-10.845,0.8));
#5851 = DIRECTION('',(-1.,0.,0.));
#5852 = DIRECTION('',(0.,1.,0.));
#5853 = DEFINITIONAL_REPRESENTATION('',(#5854),#5858);
#5854 = LINE('',#5855,#5856);
#5855 = CARTESIAN_POINT('',(0.,0.4));
#5856 = VECTOR('',#5857,1.);
#5857 = DIRECTION('',(0.,-1.));
#5858 = ( GEOMETRIC_REPRESENTATION_CONTEXT(2) 
PARAMETRIC_REPRESENTATION_CONTEXT() REPRESENTATION_CONTEXT('2D SPACE',''
  ) );
#5859 = ORIENTED_EDGE('',*,*,#5860,.F.);
#5860 = EDGE_CURVE('',#5861,#5833,#5863,.T.);
#5861 = VERTEX_POINT('',#5862);
#5862 = CARTESIAN_POINT('',(4.7125,-10.845,0.8));
#5863 = SURFACE_CURVE('',#5864,(#5868,#5875),.PCURVE_S1.);
#5864 = LINE('',#5865,#5866);
#5865 = CARTESIAN_POINT('',(-6.6,-10.845,0.8));
#5866 = VECTOR('',#5867,1.);
#5867 = DIRECTION('',(1.,0.,0.));
#5868 = PCURVE('',#3938,#5869);
#5869 = DEFINITIONAL_REPRESENTATION('',(#5870),#5874);
#5870 = LINE('',#5871,#5872);
#5871 = CARTESIAN_POINT('',(0.,0.8));
#5872 = VECTOR('',#5873,1.);
#5873 = DIRECTION('',(1.,0.));
#5874 = ( GEOMETRIC_REPRESENTATION_CONTEXT(2) 
PARAMETRIC_REPRESENTATION_CONTEXT() REPRESENTATION_CONTEXT('2D SPACE',''
  ) );
#5875 = PCURVE('',#3495,#5876);
#5876 = DEFINITIONAL_REPRESENTATION('',(#5877),#5881);
#5877 = LINE('',#5878,#5879);
#5878 = CARTESIAN_POINT('',(-6.6,-9.145));
#5879 = VECTOR('',#5880,1.);
#5880 = DIRECTION('',(1.,0.));
#5881 = ( GEOMETRIC_REPRESENTATION_CONTEXT(2) 
PARAMETRIC_REPRESENTATION_CONTEXT() REPRESENTATION_CONTEXT('2D SPACE',''
  ) );
#5882 = ORIENTED_EDGE('',*,*,#5883,.F.);
#5883 = EDGE_CURVE('',#3916,#5861,#5884,.T.);
#5884 = SURFACE_CURVE('',#5885,(#5889,#5896),.PCURVE_S1.);
#5885 = LINE('',#5886,#5887);
#5886 = CARTESIAN_POINT('',(4.7125,-10.845,0.8));
#5887 = VECTOR('',#5888,1.);
#5888 = DIRECTION('',(0.,0.,1.));
#5889 = PCURVE('',#3938,#5890);
#5890 = DEFINITIONAL_REPRESENTATION('',(#5891),#5895);
#5891 = LINE('',#5892,#5893);
#5892 = CARTESIAN_POINT('',(11.3125,0.8));
#5893 = VECTOR('',#5894,1.);
#5894 = DIRECTION('',(0.,1.));
#5895 = ( GEOMETRIC_REPRESENTATION_CONTEXT(2) 
PARAMETRIC_REPRESENTATION_CONTEXT() REPRESENTATION_CONTEXT('2D SPACE',''
  ) );
#5896 = PCURVE('',#5897,#5902);
#5897 = PLANE('',#5898);
#5898 = AXIS2_PLACEMENT_3D('',#5899,#5900,#5901);
#5899 = CARTESIAN_POINT('',(4.7125,-9.595,0.8));
#5900 = DIRECTION('',(1.,0.,0.));
#5901 = DIRECTION('',(0.,-1.,0.));
#5902 = DEFINITIONAL_REPRESENTATION('',(#5903),#5907);
#5903 = LINE('',#5904,#5905);
#5904 = CARTESIAN_POINT('',(1.25,0.));
#5905 = VECTOR('',#5906,1.);
#5906 = DIRECTION('',(0.,-1.));
#5907 = ( GEOMETRIC_REPRESENTATION_CONTEXT(2) 
PARAMETRIC_REPRESENTATION_CONTEXT() REPRESENTATION_CONTEXT('2D SPACE',''
  ) );
#5908 = ADVANCED_FACE('',(#5909),#4789,.T.);
#5909 = FACE_BOUND('',#5910,.T.);
#5910 = EDGE_LOOP('',(#5911,#5912,#5933,#5934));
#5911 = ORIENTED_EDGE('',*,*,#4773,.T.);
#5912 = ORIENTED_EDGE('',*,*,#5913,.T.);
#5913 = EDGE_CURVE('',#4774,#5787,#5914,.T.);
#5914 = SURFACE_CURVE('',#5915,(#5919,#5926),.PCURVE_S1.);
#5915 = LINE('',#5916,#5917);
#5916 = CARTESIAN_POINT('',(6.6,-10.09579688909,0.78));
#5917 = VECTOR('',#5918,1.);
#5918 = DIRECTION('',(0.,-1.,0.));
#5919 = PCURVE('',#4789,#5920);
#5920 = DEFINITIONAL_REPRESENTATION('',(#5921),#5925);
#5921 = LINE('',#5922,#5923);
#5922 = CARTESIAN_POINT('',(0.749203110902,0.78));
#5923 = VECTOR('',#5924,1.);
#5924 = DIRECTION('',(-1.,0.));
#5925 = ( GEOMETRIC_REPRESENTATION_CONTEXT(2) 
PARAMETRIC_REPRESENTATION_CONTEXT() REPRESENTATION_CONTEXT('2D SPACE',''
  ) );
#5926 = PCURVE('',#4816,#5927);
#5927 = DEFINITIONAL_REPRESENTATION('',(#5928),#5932);
#5928 = LINE('',#5929,#5930);
#5929 = CARTESIAN_POINT('',(-0.6875,0.749203110902));
#5930 = VECTOR('',#5931,1.);
#5931 = DIRECTION('',(0.,1.));
#5932 = ( GEOMETRIC_REPRESENTATION_CONTEXT(2) 
PARAMETRIC_REPRESENTATION_CONTEXT() REPRESENTATION_CONTEXT('2D SPACE',''
  ) );
#5933 = ORIENTED_EDGE('',*,*,#5786,.F.);
#5934 = ORIENTED_EDGE('',*,*,#5935,.T.);
#5935 = EDGE_CURVE('',#5764,#4750,#5936,.T.);
#5936 = SURFACE_CURVE('',#5937,(#5941,#5948),.PCURVE_S1.);
#5937 = LINE('',#5938,#5939);
#5938 = CARTESIAN_POINT('',(6.6,-10.845,0.));
#5939 = VECTOR('',#5940,1.);
#5940 = DIRECTION('',(0.,1.,0.));
#5941 = PCURVE('',#4789,#5942);
#5942 = DEFINITIONAL_REPRESENTATION('',(#5943),#5947);
#5943 = LINE('',#5944,#5945);
#5944 = CARTESIAN_POINT('',(0.,0.));
#5945 = VECTOR('',#5946,1.);
#5946 = DIRECTION('',(1.,0.));
#5947 = ( GEOMETRIC_REPRESENTATION_CONTEXT(2) 
PARAMETRIC_REPRESENTATION_CONTEXT() REPRESENTATION_CONTEXT('2D SPACE',''
  ) );
#5948 = PCURVE('',#3967,#5949);
#5949 = DEFINITIONAL_REPRESENTATION('',(#5950),#5954);
#5950 = LINE('',#5951,#5952);
#5951 = CARTESIAN_POINT('',(6.6,-9.145));
#5952 = VECTOR('',#5953,1.);
#5953 = DIRECTION('',(0.,1.));
#5954 = ( GEOMETRIC_REPRESENTATION_CONTEXT(2) 
PARAMETRIC_REPRESENTATION_CONTEXT() REPRESENTATION_CONTEXT('2D SPACE',''
  ) );
#5955 = ADVANCED_FACE('',(#5956),#4737,.T.);
#5956 = FACE_BOUND('',#5957,.T.);
#5957 = EDGE_LOOP('',(#5958,#5959,#5982,#6005,#6028,#6056));
#5958 = ORIENTED_EDGE('',*,*,#4714,.T.);
#5959 = ORIENTED_EDGE('',*,*,#5960,.T.);
#5960 = EDGE_CURVE('',#4717,#5961,#5963,.T.);
#5961 = VERTEX_POINT('',#5962);
#5962 = CARTESIAN_POINT('',(6.6,7.445,0.));
#5963 = SURFACE_CURVE('',#5964,(#5968,#5975),.PCURVE_S1.);
#5964 = LINE('',#5965,#5966);
#5965 = CARTESIAN_POINT('',(6.6,-10.845,0.));
#5966 = VECTOR('',#5967,1.);
#5967 = DIRECTION('',(0.,1.,0.));
#5968 = PCURVE('',#4737,#5969);
#5969 = DEFINITIONAL_REPRESENTATION('',(#5970),#5974);
#5970 = LINE('',#5971,#5972);
#5971 = CARTESIAN_POINT('',(0.,0.));
#5972 = VECTOR('',#5973,1.);
#5973 = DIRECTION('',(1.,0.));
#5974 = ( GEOMETRIC_REPRESENTATION_CONTEXT(2) 
PARAMETRIC_REPRESENTATION_CONTEXT() REPRESENTATION_CONTEXT('2D SPACE',''
  ) );
#5975 = PCURVE('',#3967,#5976);
#5976 = DEFINITIONAL_REPRESENTATION('',(#5977),#5981);
#5977 = LINE('',#5978,#5979);
#5978 = CARTESIAN_POINT('',(6.6,-9.145));
#5979 = VECTOR('',#5980,1.);
#5980 = DIRECTION('',(0.,1.));
#5981 = ( GEOMETRIC_REPRESENTATION_CONTEXT(2) 
PARAMETRIC_REPRESENTATION_CONTEXT() REPRESENTATION_CONTEXT('2D SPACE',''
  ) );
#5982 = ORIENTED_EDGE('',*,*,#5983,.T.);
#5983 = EDGE_CURVE('',#5961,#5984,#5986,.T.);
#5984 = VERTEX_POINT('',#5985);
#5985 = CARTESIAN_POINT('',(6.6,7.445,0.8));
#5986 = SURFACE_CURVE('',#5987,(#5991,#5998),.PCURVE_S1.);
#5987 = LINE('',#5988,#5989);
#5988 = CARTESIAN_POINT('',(6.6,7.445,0.));
#5989 = VECTOR('',#5990,1.);
#5990 = DIRECTION('',(0.,0.,1.));
#5991 = PCURVE('',#4737,#5992);
#5992 = DEFINITIONAL_REPRESENTATION('',(#5993),#5997);
#5993 = LINE('',#5994,#5995);
#5994 = CARTESIAN_POINT('',(18.29,0.));
#5995 = VECTOR('',#5996,1.);
#5996 = DIRECTION('',(0.,1.));
#5997 = ( GEOMETRIC_REPRESENTATION_CONTEXT(2) 
PARAMETRIC_REPRESENTATION_CONTEXT() REPRESENTATION_CONTEXT('2D SPACE',''
  ) );
#5998 = PCURVE('',#4922,#5999);
#5999 = DEFINITIONAL_REPRESENTATION('',(#6000),#6004);
#6000 = LINE('',#6001,#6002);
#6001 = CARTESIAN_POINT('',(0.,0.));
#6002 = VECTOR('',#6003,1.);
#6003 = DIRECTION('',(0.,1.));
#6004 = ( GEOMETRIC_REPRESENTATION_CONTEXT(2) 
PARAMETRIC_REPRESENTATION_CONTEXT() REPRESENTATION_CONTEXT('2D SPACE',''
  ) );
#6005 = ORIENTED_EDGE('',*,*,#6006,.F.);
#6006 = EDGE_CURVE('',#6007,#5984,#6009,.T.);
#6007 = VERTEX_POINT('',#6008);
#6008 = CARTESIAN_POINT('',(6.6,-7.848187556394,0.8));
#6009 = SURFACE_CURVE('',#6010,(#6014,#6021),.PCURVE_S1.);
#6010 = LINE('',#6011,#6012);
#6011 = CARTESIAN_POINT('',(6.6,-10.845,0.8));
#6012 = VECTOR('',#6013,1.);
#6013 = DIRECTION('',(0.,1.,0.));
#6014 = PCURVE('',#4737,#6015);
#6015 = DEFINITIONAL_REPRESENTATION('',(#6016),#6020);
#6016 = LINE('',#6017,#6018);
#6017 = CARTESIAN_POINT('',(0.,0.8));
#6018 = VECTOR('',#6019,1.);
#6019 = DIRECTION('',(1.,0.));
#6020 = ( GEOMETRIC_REPRESENTATION_CONTEXT(2) 
PARAMETRIC_REPRESENTATION_CONTEXT() REPRESENTATION_CONTEXT('2D SPACE',''
  ) );
#6021 = PCURVE('',#3495,#6022);
#6022 = DEFINITIONAL_REPRESENTATION('',(#6023),#6027);
#6023 = LINE('',#6024,#6025);
#6024 = CARTESIAN_POINT('',(6.6,-9.145));
#6025 = VECTOR('',#6026,1.);
#6026 = DIRECTION('',(0.,1.));
#6027 = ( GEOMETRIC_REPRESENTATION_CONTEXT(2) 
PARAMETRIC_REPRESENTATION_CONTEXT() REPRESENTATION_CONTEXT('2D SPACE',''
  ) );
#6028 = ORIENTED_EDGE('',*,*,#6029,.T.);
#6029 = EDGE_CURVE('',#6007,#6030,#6032,.T.);
#6030 = VERTEX_POINT('',#6031);
#6031 = CARTESIAN_POINT('',(6.6,-7.848187556394,0.78));
#6032 = SURFACE_CURVE('',#6033,(#6037,#6044),.PCURVE_S1.);
#6033 = LINE('',#6034,#6035);
#6034 = CARTESIAN_POINT('',(6.6,-7.848187556394,0.4));
#6035 = VECTOR('',#6036,1.);
#6036 = DIRECTION('',(0.,0.,-1.));
#6037 = PCURVE('',#4737,#6038);
#6038 = DEFINITIONAL_REPRESENTATION('',(#6039),#6043);
#6039 = LINE('',#6040,#6041);
#6040 = CARTESIAN_POINT('',(2.996812443606,0.4));
#6041 = VECTOR('',#6042,1.);
#6042 = DIRECTION('',(0.,-1.));
#6043 = ( GEOMETRIC_REPRESENTATION_CONTEXT(2) 
PARAMETRIC_REPRESENTATION_CONTEXT() REPRESENTATION_CONTEXT('2D SPACE',''
  ) );
#6044 = PCURVE('',#6045,#6050);
#6045 = PLANE('',#6046);
#6046 = AXIS2_PLACEMENT_3D('',#6047,#6048,#6049);
#6047 = CARTESIAN_POINT('',(5.225,-7.848187556394,0.8));
#6048 = DIRECTION('',(0.,1.,0.));
#6049 = DIRECTION('',(1.,0.,0.));
#6050 = DEFINITIONAL_REPRESENTATION('',(#6051),#6055);
#6051 = LINE('',#6052,#6053);
#6052 = CARTESIAN_POINT('',(1.375,0.4));
#6053 = VECTOR('',#6054,1.);
#6054 = DIRECTION('',(0.,1.));
#6055 = ( GEOMETRIC_REPRESENTATION_CONTEXT(2) 
PARAMETRIC_REPRESENTATION_CONTEXT() REPRESENTATION_CONTEXT('2D SPACE',''
  ) );
#6056 = ORIENTED_EDGE('',*,*,#6057,.T.);
#6057 = EDGE_CURVE('',#6030,#4715,#6058,.T.);
#6058 = SURFACE_CURVE('',#6059,(#6063,#6070),.PCURVE_S1.);
#6059 = LINE('',#6060,#6061);
#6060 = CARTESIAN_POINT('',(6.6,-10.09579688909,0.78));
#6061 = VECTOR('',#6062,1.);
#6062 = DIRECTION('',(0.,-1.,0.));
#6063 = PCURVE('',#4737,#6064);
#6064 = DEFINITIONAL_REPRESENTATION('',(#6065),#6069);
#6065 = LINE('',#6066,#6067);
#6066 = CARTESIAN_POINT('',(0.749203110902,0.78));
#6067 = VECTOR('',#6068,1.);
#6068 = DIRECTION('',(-1.,0.));
#6069 = ( GEOMETRIC_REPRESENTATION_CONTEXT(2) 
PARAMETRIC_REPRESENTATION_CONTEXT() REPRESENTATION_CONTEXT('2D SPACE',''
  ) );
#6070 = PCURVE('',#4816,#6071);
#6071 = DEFINITIONAL_REPRESENTATION('',(#6072),#6076);
#6072 = LINE('',#6073,#6074);
#6073 = CARTESIAN_POINT('',(-0.6875,0.749203110902));
#6074 = VECTOR('',#6075,1.);
#6075 = DIRECTION('',(0.,1.));
#6076 = ( GEOMETRIC_REPRESENTATION_CONTEXT(2) 
PARAMETRIC_REPRESENTATION_CONTEXT() REPRESENTATION_CONTEXT('2D SPACE',''
  ) );
#6077 = ADVANCED_FACE('',(#6078,#6120,#6151,#6182,#6213),#3967,.F.);
#6078 = FACE_BOUND('',#6079,.T.);
#6079 = EDGE_LOOP('',(#6080,#6081,#6082,#6083,#6084,#6085,#6086,#6087,
    #6088,#6089,#6090,#6091,#6092,#6093,#6094,#6095,#6116,#6117,#6118,
    #6119));
#6080 = ORIENTED_EDGE('',*,*,#3950,.T.);
#6081 = ORIENTED_EDGE('',*,*,#5738,.F.);
#6082 = ORIENTED_EDGE('',*,*,#4637,.T.);
#6083 = ORIENTED_EDGE('',*,*,#5557,.F.);
#6084 = ORIENTED_EDGE('',*,*,#4072,.T.);
#6085 = ORIENTED_EDGE('',*,*,#5532,.F.);
#6086 = ORIENTED_EDGE('',*,*,#4530,.T.);
#6087 = ORIENTED_EDGE('',*,*,#5328,.F.);
#6088 = ORIENTED_EDGE('',*,*,#4189,.T.);
#6089 = ORIENTED_EDGE('',*,*,#5303,.F.);
#6090 = ORIENTED_EDGE('',*,*,#4418,.T.);
#6091 = ORIENTED_EDGE('',*,*,#5154,.F.);
#6092 = ORIENTED_EDGE('',*,*,#4959,.F.);
#6093 = ORIENTED_EDGE('',*,*,#4306,.T.);
#6094 = ORIENTED_EDGE('',*,*,#4934,.F.);
#6095 = ORIENTED_EDGE('',*,*,#6096,.F.);
#6096 = EDGE_CURVE('',#5961,#4907,#6097,.T.);
#6097 = SURFACE_CURVE('',#6098,(#6102,#6109),.PCURVE_S1.);
#6098 = LINE('',#6099,#6100);
#6099 = CARTESIAN_POINT('',(6.6,7.445,0.));
#6100 = VECTOR('',#6101,1.);
#6101 = DIRECTION('',(-1.,0.,0.));
#6102 = PCURVE('',#3967,#6103);
#6103 = DEFINITIONAL_REPRESENTATION('',(#6104),#6108);
#6104 = LINE('',#6105,#6106);
#6105 = CARTESIAN_POINT('',(6.6,9.145));
#6106 = VECTOR('',#6107,1.);
#6107 = DIRECTION('',(-1.,0.));
#6108 = ( GEOMETRIC_REPRESENTATION_CONTEXT(2) 
PARAMETRIC_REPRESENTATION_CONTEXT() REPRESENTATION_CONTEXT('2D SPACE',''
  ) );
#6109 = PCURVE('',#4922,#6110);
#6110 = DEFINITIONAL_REPRESENTATION('',(#6111),#6115);
#6111 = LINE('',#6112,#6113);
#6112 = CARTESIAN_POINT('',(0.,0.));
#6113 = VECTOR('',#6114,1.);
#6114 = DIRECTION('',(1.,0.));
#6115 = ( GEOMETRIC_REPRESENTATION_CONTEXT(2) 
PARAMETRIC_REPRESENTATION_CONTEXT() REPRESENTATION_CONTEXT('2D SPACE',''
  ) );
#6116 = ORIENTED_EDGE('',*,*,#5960,.F.);
#6117 = ORIENTED_EDGE('',*,*,#4749,.T.);
#6118 = ORIENTED_EDGE('',*,*,#5935,.F.);
#6119 = ORIENTED_EDGE('',*,*,#5763,.F.);
#6120 = FACE_BOUND('',#6121,.T.);
#6121 = EDGE_LOOP('',(#6122));
#6122 = ORIENTED_EDGE('',*,*,#6123,.T.);
#6123 = EDGE_CURVE('',#6124,#6124,#6126,.T.);
#6124 = VERTEX_POINT('',#6125);
#6125 = CARTESIAN_POINT('',(-3.85,-4.755,0.));
#6126 = SURFACE_CURVE('',#6127,(#6132,#6139),.PCURVE_S1.);
#6127 = CIRCLE('',#6128,0.9);
#6128 = AXIS2_PLACEMENT_3D('',#6129,#6130,#6131);
#6129 = CARTESIAN_POINT('',(-4.75,-4.755,0.));
#6130 = DIRECTION('',(0.,0.,1.));
#6131 = DIRECTION('',(-1.,0.,0.));
#6132 = PCURVE('',#3967,#6133);
#6133 = DEFINITIONAL_REPRESENTATION('',(#6134),#6138);
#6134 = CIRCLE('',#6135,0.9);
#6135 = AXIS2_PLACEMENT_2D('',#6136,#6137);
#6136 = CARTESIAN_POINT('',(-4.75,-3.055));
#6137 = DIRECTION('',(-1.,0.));
#6138 = ( GEOMETRIC_REPRESENTATION_CONTEXT(2) 
PARAMETRIC_REPRESENTATION_CONTEXT() REPRESENTATION_CONTEXT('2D SPACE',''
  ) );
#6139 = PCURVE('',#6140,#6145);
#6140 = CYLINDRICAL_SURFACE('',#6141,0.9);
#6141 = AXIS2_PLACEMENT_3D('',#6142,#6143,#6144);
#6142 = CARTESIAN_POINT('',(-4.75,-4.755,0.8));
#6143 = DIRECTION('',(0.,0.,-1.));
#6144 = DIRECTION('',(-1.,0.,0.));
#6145 = DEFINITIONAL_REPRESENTATION('',(#6146),#6150);
#6146 = LINE('',#6147,#6148);
#6147 = CARTESIAN_POINT('',(6.28318530718,0.8));
#6148 = VECTOR('',#6149,1.);
#6149 = DIRECTION('',(-1.,0.));
#6150 = ( GEOMETRIC_REPRESENTATION_CONTEXT(2) 
PARAMETRIC_REPRESENTATION_CONTEXT() REPRESENTATION_CONTEXT('2D SPACE',''
  ) );
#6151 = FACE_BOUND('',#6152,.T.);
#6152 = EDGE_LOOP('',(#6153));
#6153 = ORIENTED_EDGE('',*,*,#6154,.T.);
#6154 = EDGE_CURVE('',#6155,#6155,#6157,.T.);
#6155 = VERTEX_POINT('',#6156);
#6156 = CARTESIAN_POINT('',(-3.85,4.745,0.));
#6157 = SURFACE_CURVE('',#6158,(#6163,#6170),.PCURVE_S1.);
#6158 = CIRCLE('',#6159,0.9);
#6159 = AXIS2_PLACEMENT_3D('',#6160,#6161,#6162);
#6160 = CARTESIAN_POINT('',(-4.75,4.745,0.));
#6161 = DIRECTION('',(0.,0.,1.));
#6162 = DIRECTION('',(-1.,0.,0.));
#6163 = PCURVE('',#3967,#6164);
#6164 = DEFINITIONAL_REPRESENTATION('',(#6165),#6169);
#6165 = CIRCLE('',#6166,0.9);
#6166 = AXIS2_PLACEMENT_2D('',#6167,#6168);
#6167 = CARTESIAN_POINT('',(-4.75,6.445));
#6168 = DIRECTION('',(-1.,0.));
#6169 = ( GEOMETRIC_REPRESENTATION_CONTEXT(2) 
PARAMETRIC_REPRESENTATION_CONTEXT() REPRESENTATION_CONTEXT('2D SPACE',''
  ) );
#6170 = PCURVE('',#6171,#6176);
#6171 = CYLINDRICAL_SURFACE('',#6172,0.9);
#6172 = AXIS2_PLACEMENT_3D('',#6173,#6174,#6175);
#6173 = CARTESIAN_POINT('',(-4.75,4.745,0.8));
#6174 = DIRECTION('',(0.,0.,-1.));
#6175 = DIRECTION('',(-1.,0.,0.));
#6176 = DEFINITIONAL_REPRESENTATION('',(#6177),#6181);
#6177 = LINE('',#6178,#6179);
#6178 = CARTESIAN_POINT('',(6.28318530718,0.8));
#6179 = VECTOR('',#6180,1.);
#6180 = DIRECTION('',(-1.,0.));
#6181 = ( GEOMETRIC_REPRESENTATION_CONTEXT(2) 
PARAMETRIC_REPRESENTATION_CONTEXT() REPRESENTATION_CONTEXT('2D SPACE',''
  ) );
#6182 = FACE_BOUND('',#6183,.T.);
#6183 = EDGE_LOOP('',(#6184));
#6184 = ORIENTED_EDGE('',*,*,#6185,.T.);
#6185 = EDGE_CURVE('',#6186,#6186,#6188,.T.);
#6186 = VERTEX_POINT('',#6187);
#6187 = CARTESIAN_POINT('',(5.65,-4.755,0.));
#6188 = SURFACE_CURVE('',#6189,(#6194,#6201),.PCURVE_S1.);
#6189 = CIRCLE('',#6190,0.9);
#6190 = AXIS2_PLACEMENT_3D('',#6191,#6192,#6193);
#6191 = CARTESIAN_POINT('',(4.75,-4.755,0.));
#6192 = DIRECTION('',(0.,0.,1.));
#6193 = DIRECTION('',(-1.,0.,0.));
#6194 = PCURVE('',#3967,#6195);
#6195 = DEFINITIONAL_REPRESENTATION('',(#6196),#6200);
#6196 = CIRCLE('',#6197,0.9);
#6197 = AXIS2_PLACEMENT_2D('',#6198,#6199);
#6198 = CARTESIAN_POINT('',(4.75,-3.055));
#6199 = DIRECTION('',(-1.,0.));
#6200 = ( GEOMETRIC_REPRESENTATION_CONTEXT(2) 
PARAMETRIC_REPRESENTATION_CONTEXT() REPRESENTATION_CONTEXT('2D SPACE',''
  ) );
#6201 = PCURVE('',#6202,#6207);
#6202 = CYLINDRICAL_SURFACE('',#6203,0.9);
#6203 = AXIS2_PLACEMENT_3D('',#6204,#6205,#6206);
#6204 = CARTESIAN_POINT('',(4.75,-4.755,0.8));
#6205 = DIRECTION('',(0.,0.,-1.));
#6206 = DIRECTION('',(-1.,0.,0.));
#6207 = DEFINITIONAL_REPRESENTATION('',(#6208),#6212);
#6208 = LINE('',#6209,#6210);
#6209 = CARTESIAN_POINT('',(6.28318530718,0.8));
#6210 = VECTOR('',#6211,1.);
#6211 = DIRECTION('',(-1.,0.));
#6212 = ( GEOMETRIC_REPRESENTATION_CONTEXT(2) 
PARAMETRIC_REPRESENTATION_CONTEXT() REPRESENTATION_CONTEXT('2D SPACE',''
  ) );
#6213 = FACE_BOUND('',#6214,.T.);
#6214 = EDGE_LOOP('',(#6215));
#6215 = ORIENTED_EDGE('',*,*,#6216,.T.);
#6216 = EDGE_CURVE('',#6217,#6217,#6219,.T.);
#6217 = VERTEX_POINT('',#6218);
#6218 = CARTESIAN_POINT('',(5.65,4.745,0.));
#6219 = SURFACE_CURVE('',#6220,(#6225,#6232),.PCURVE_S1.);
#6220 = CIRCLE('',#6221,0.9);
#6221 = AXIS2_PLACEMENT_3D('',#6222,#6223,#6224);
#6222 = CARTESIAN_POINT('',(4.75,4.745,0.));
#6223 = DIRECTION('',(0.,0.,1.));
#6224 = DIRECTION('',(-1.,0.,0.));
#6225 = PCURVE('',#3967,#6226);
#6226 = DEFINITIONAL_REPRESENTATION('',(#6227),#6231);
#6227 = CIRCLE('',#6228,0.9);
#6228 = AXIS2_PLACEMENT_2D('',#6229,#6230);
#6229 = CARTESIAN_POINT('',(4.75,6.445));
#6230 = DIRECTION('',(-1.,0.));
#6231 = ( GEOMETRIC_REPRESENTATION_CONTEXT(2) 
PARAMETRIC_REPRESENTATION_CONTEXT() REPRESENTATION_CONTEXT('2D SPACE',''
  ) );
#6232 = PCURVE('',#6233,#6238);
#6233 = CYLINDRICAL_SURFACE('',#6234,0.9);
#6234 = AXIS2_PLACEMENT_3D('',#6235,#6236,#6237);
#6235 = CARTESIAN_POINT('',(4.75,4.745,0.8));
#6236 = DIRECTION('',(0.,0.,-1.));
#6237 = DIRECTION('',(-1.,0.,0.));
#6238 = DEFINITIONAL_REPRESENTATION('',(#6239),#6243);
#6239 = LINE('',#6240,#6241);
#6240 = CARTESIAN_POINT('',(6.28318530718,0.8));
#6241 = VECTOR('',#6242,1.);
#6242 = DIRECTION('',(-1.,0.));
#6243 = ( GEOMETRIC_REPRESENTATION_CONTEXT(2) 
PARAMETRIC_REPRESENTATION_CONTEXT() REPRESENTATION_CONTEXT('2D SPACE',''
  ) );
#6244 = ADVANCED_FACE('',(#6245),#6259,.F.);
#6245 = FACE_BOUND('',#6246,.T.);
#6246 = EDGE_LOOP('',(#6247,#6277,#6300,#6323));
#6247 = ORIENTED_EDGE('',*,*,#6248,.F.);
#6248 = EDGE_CURVE('',#6249,#6251,#6253,.T.);
#6249 = VERTEX_POINT('',#6250);
#6250 = CARTESIAN_POINT('',(3.70625,-9.595,0.8));
#6251 = VERTEX_POINT('',#6252);
#6252 = CARTESIAN_POINT('',(4.7125,-9.595,0.8));
#6253 = SURFACE_CURVE('',#6254,(#6258,#6270),.PCURVE_S1.);
#6254 = LINE('',#6255,#6256);
#6255 = CARTESIAN_POINT('',(1.853125,-9.595,0.8));
#6256 = VECTOR('',#6257,1.);
#6257 = DIRECTION('',(1.,0.,0.));
#6258 = PCURVE('',#6259,#6264);
#6259 = PLANE('',#6260);
#6260 = AXIS2_PLACEMENT_3D('',#6261,#6262,#6263);
#6261 = CARTESIAN_POINT('',(3.70625,-9.595,0.8));
#6262 = DIRECTION('',(0.,1.,0.));
#6263 = DIRECTION('',(1.,0.,0.));
#6264 = DEFINITIONAL_REPRESENTATION('',(#6265),#6269);
#6265 = LINE('',#6266,#6267);
#6266 = CARTESIAN_POINT('',(-1.853125,0.));
#6267 = VECTOR('',#6268,1.);
#6268 = DIRECTION('',(1.,0.));
#6269 = ( GEOMETRIC_REPRESENTATION_CONTEXT(2) 
PARAMETRIC_REPRESENTATION_CONTEXT() REPRESENTATION_CONTEXT('2D SPACE',''
  ) );
#6270 = PCURVE('',#3495,#6271);
#6271 = DEFINITIONAL_REPRESENTATION('',(#6272),#6276);
#6272 = LINE('',#6273,#6274);
#6273 = CARTESIAN_POINT('',(1.853125,-7.895));
#6274 = VECTOR('',#6275,1.);
#6275 = DIRECTION('',(1.,0.));
#6276 = ( GEOMETRIC_REPRESENTATION_CONTEXT(2) 
PARAMETRIC_REPRESENTATION_CONTEXT() REPRESENTATION_CONTEXT('2D SPACE',''
  ) );
#6277 = ORIENTED_EDGE('',*,*,#6278,.T.);
#6278 = EDGE_CURVE('',#6249,#6279,#6281,.T.);
#6279 = VERTEX_POINT('',#6280);
#6280 = CARTESIAN_POINT('',(3.70625,-9.595,0.78));
#6281 = SURFACE_CURVE('',#6282,(#6286,#6293),.PCURVE_S1.);
#6282 = LINE('',#6283,#6284);
#6283 = CARTESIAN_POINT('',(3.70625,-9.595,0.8));
#6284 = VECTOR('',#6285,1.);
#6285 = DIRECTION('',(0.,0.,-1.));
#6286 = PCURVE('',#6259,#6287);
#6287 = DEFINITIONAL_REPRESENTATION('',(#6288),#6292);
#6288 = LINE('',#6289,#6290);
#6289 = CARTESIAN_POINT('',(0.,0.));
#6290 = VECTOR('',#6291,1.);
#6291 = DIRECTION('',(0.,1.));
#6292 = ( GEOMETRIC_REPRESENTATION_CONTEXT(2) 
PARAMETRIC_REPRESENTATION_CONTEXT() REPRESENTATION_CONTEXT('2D SPACE',''
  ) );
#6293 = PCURVE('',#5676,#6294);
#6294 = DEFINITIONAL_REPRESENTATION('',(#6295),#6299);
#6295 = LINE('',#6296,#6297);
#6296 = CARTESIAN_POINT('',(1.25,0.));
#6297 = VECTOR('',#6298,1.);
#6298 = DIRECTION('',(0.,1.));
#6299 = ( GEOMETRIC_REPRESENTATION_CONTEXT(2) 
PARAMETRIC_REPRESENTATION_CONTEXT() REPRESENTATION_CONTEXT('2D SPACE',''
  ) );
#6300 = ORIENTED_EDGE('',*,*,#6301,.T.);
#6301 = EDGE_CURVE('',#6279,#6302,#6304,.T.);
#6302 = VERTEX_POINT('',#6303);
#6303 = CARTESIAN_POINT('',(4.7125,-9.595,0.78));
#6304 = SURFACE_CURVE('',#6305,(#6309,#6316),.PCURVE_S1.);
#6305 = LINE('',#6306,#6307);
#6306 = CARTESIAN_POINT('',(4.7125,-9.595,0.78));
#6307 = VECTOR('',#6308,1.);
#6308 = DIRECTION('',(1.,0.,0.));
#6309 = PCURVE('',#6259,#6310);
#6310 = DEFINITIONAL_REPRESENTATION('',(#6311),#6315);
#6311 = LINE('',#6312,#6313);
#6312 = CARTESIAN_POINT('',(1.00625,2.E-02));
#6313 = VECTOR('',#6314,1.);
#6314 = DIRECTION('',(1.,0.));
#6315 = ( GEOMETRIC_REPRESENTATION_CONTEXT(2) 
PARAMETRIC_REPRESENTATION_CONTEXT() REPRESENTATION_CONTEXT('2D SPACE',''
  ) );
#6316 = PCURVE('',#4022,#6317);
#6317 = DEFINITIONAL_REPRESENTATION('',(#6318),#6322);
#6318 = LINE('',#6319,#6320);
#6319 = CARTESIAN_POINT('',(-0.503125,-0.625));
#6320 = VECTOR('',#6321,1.);
#6321 = DIRECTION('',(-1.,0.));
#6322 = ( GEOMETRIC_REPRESENTATION_CONTEXT(2) 
PARAMETRIC_REPRESENTATION_CONTEXT() REPRESENTATION_CONTEXT('2D SPACE',''
  ) );
#6323 = ORIENTED_EDGE('',*,*,#6324,.F.);
#6324 = EDGE_CURVE('',#6251,#6302,#6325,.T.);
#6325 = SURFACE_CURVE('',#6326,(#6330,#6337),.PCURVE_S1.);
#6326 = LINE('',#6327,#6328);
#6327 = CARTESIAN_POINT('',(4.7125,-9.595,0.8));
#6328 = VECTOR('',#6329,1.);
#6329 = DIRECTION('',(0.,0.,-1.));
#6330 = PCURVE('',#6259,#6331);
#6331 = DEFINITIONAL_REPRESENTATION('',(#6332),#6336);
#6332 = LINE('',#6333,#6334);
#6333 = CARTESIAN_POINT('',(1.00625,0.));
#6334 = VECTOR('',#6335,1.);
#6335 = DIRECTION('',(0.,1.));
#6336 = ( GEOMETRIC_REPRESENTATION_CONTEXT(2) 
PARAMETRIC_REPRESENTATION_CONTEXT() REPRESENTATION_CONTEXT('2D SPACE',''
  ) );
#6337 = PCURVE('',#5897,#6338);
#6338 = DEFINITIONAL_REPRESENTATION('',(#6339),#6343);
#6339 = LINE('',#6340,#6341);
#6340 = CARTESIAN_POINT('',(0.,0.));
#6341 = VECTOR('',#6342,1.);
#6342 = DIRECTION('',(0.,1.));
#6343 = ( GEOMETRIC_REPRESENTATION_CONTEXT(2) 
PARAMETRIC_REPRESENTATION_CONTEXT() REPRESENTATION_CONTEXT('2D SPACE',''
  ) );
#6344 = ADVANCED_FACE('',(#6345),#5676,.F.);
#6345 = FACE_BOUND('',#6346,.T.);
#6346 = EDGE_LOOP('',(#6347,#6368,#6369,#6390));
#6347 = ORIENTED_EDGE('',*,*,#6348,.F.);
#6348 = EDGE_CURVE('',#5661,#6249,#6349,.T.);
#6349 = SURFACE_CURVE('',#6350,(#6354,#6361),.PCURVE_S1.);
#6350 = LINE('',#6351,#6352);
#6351 = CARTESIAN_POINT('',(3.70625,-6.2725,0.8));
#6352 = VECTOR('',#6353,1.);
#6353 = DIRECTION('',(0.,1.,0.));
#6354 = PCURVE('',#5676,#6355);
#6355 = DEFINITIONAL_REPRESENTATION('',(#6356),#6360);
#6356 = LINE('',#6357,#6358);
#6357 = CARTESIAN_POINT('',(4.5725,0.));
#6358 = VECTOR('',#6359,1.);
#6359 = DIRECTION('',(1.,0.));
#6360 = ( GEOMETRIC_REPRESENTATION_CONTEXT(2) 
PARAMETRIC_REPRESENTATION_CONTEXT() REPRESENTATION_CONTEXT('2D SPACE',''
  ) );
#6361 = PCURVE('',#3495,#6362);
#6362 = DEFINITIONAL_REPRESENTATION('',(#6363),#6367);
#6363 = LINE('',#6364,#6365);
#6364 = CARTESIAN_POINT('',(3.70625,-4.5725));
#6365 = VECTOR('',#6366,1.);
#6366 = DIRECTION('',(0.,1.));
#6367 = ( GEOMETRIC_REPRESENTATION_CONTEXT(2) 
PARAMETRIC_REPRESENTATION_CONTEXT() REPRESENTATION_CONTEXT('2D SPACE',''
  ) );
#6368 = ORIENTED_EDGE('',*,*,#5660,.F.);
#6369 = ORIENTED_EDGE('',*,*,#6370,.T.);
#6370 = EDGE_CURVE('',#3980,#6279,#6371,.T.);
#6371 = SURFACE_CURVE('',#6372,(#6376,#6383),.PCURVE_S1.);
#6372 = LINE('',#6373,#6374);
#6373 = CARTESIAN_POINT('',(3.70625,-9.595,0.78));
#6374 = VECTOR('',#6375,1.);
#6375 = DIRECTION('',(0.,1.,0.));
#6376 = PCURVE('',#5676,#6377);
#6377 = DEFINITIONAL_REPRESENTATION('',(#6378),#6382);
#6378 = LINE('',#6379,#6380);
#6379 = CARTESIAN_POINT('',(1.25,2.E-02));
#6380 = VECTOR('',#6381,1.);
#6381 = DIRECTION('',(1.,0.));
#6382 = ( GEOMETRIC_REPRESENTATION_CONTEXT(2) 
PARAMETRIC_REPRESENTATION_CONTEXT() REPRESENTATION_CONTEXT('2D SPACE',''
  ) );
#6383 = PCURVE('',#4022,#6384);
#6384 = DEFINITIONAL_REPRESENTATION('',(#6385),#6389);
#6385 = LINE('',#6386,#6387);
#6386 = CARTESIAN_POINT('',(0.503125,-0.625));
#6387 = VECTOR('',#6388,1.);
#6388 = DIRECTION('',(0.,-1.));
#6389 = ( GEOMETRIC_REPRESENTATION_CONTEXT(2) 
PARAMETRIC_REPRESENTATION_CONTEXT() REPRESENTATION_CONTEXT('2D SPACE',''
  ) );
#6390 = ORIENTED_EDGE('',*,*,#6278,.F.);
#6391 = ADVANCED_FACE('',(#6392),#5897,.F.);
#6392 = FACE_BOUND('',#6393,.T.);
#6393 = EDGE_LOOP('',(#6394,#6415,#6416,#6437));
#6394 = ORIENTED_EDGE('',*,*,#6395,.F.);
#6395 = EDGE_CURVE('',#6251,#5861,#6396,.T.);
#6396 = SURFACE_CURVE('',#6397,(#6401,#6408),.PCURVE_S1.);
#6397 = LINE('',#6398,#6399);
#6398 = CARTESIAN_POINT('',(4.7125,-5.6475,0.8));
#6399 = VECTOR('',#6400,1.);
#6400 = DIRECTION('',(0.,-1.,0.));
#6401 = PCURVE('',#5897,#6402);
#6402 = DEFINITIONAL_REPRESENTATION('',(#6403),#6407);
#6403 = LINE('',#6404,#6405);
#6404 = CARTESIAN_POINT('',(-3.9475,0.));
#6405 = VECTOR('',#6406,1.);
#6406 = DIRECTION('',(1.,0.));
#6407 = ( GEOMETRIC_REPRESENTATION_CONTEXT(2) 
PARAMETRIC_REPRESENTATION_CONTEXT() REPRESENTATION_CONTEXT('2D SPACE',''
  ) );
#6408 = PCURVE('',#3495,#6409);
#6409 = DEFINITIONAL_REPRESENTATION('',(#6410),#6414);
#6410 = LINE('',#6411,#6412);
#6411 = CARTESIAN_POINT('',(4.7125,-3.9475));
#6412 = VECTOR('',#6413,1.);
#6413 = DIRECTION('',(0.,-1.));
#6414 = ( GEOMETRIC_REPRESENTATION_CONTEXT(2) 
PARAMETRIC_REPRESENTATION_CONTEXT() REPRESENTATION_CONTEXT('2D SPACE',''
  ) );
#6415 = ORIENTED_EDGE('',*,*,#6324,.T.);
#6416 = ORIENTED_EDGE('',*,*,#6417,.T.);
#6417 = EDGE_CURVE('',#6302,#3916,#6418,.T.);
#6418 = SURFACE_CURVE('',#6419,(#6423,#6430),.PCURVE_S1.);
#6419 = LINE('',#6420,#6421);
#6420 = CARTESIAN_POINT('',(4.7125,-10.845,0.78));
#6421 = VECTOR('',#6422,1.);
#6422 = DIRECTION('',(0.,-1.,0.));
#6423 = PCURVE('',#5897,#6424);
#6424 = DEFINITIONAL_REPRESENTATION('',(#6425),#6429);
#6425 = LINE('',#6426,#6427);
#6426 = CARTESIAN_POINT('',(1.25,2.E-02));
#6427 = VECTOR('',#6428,1.);
#6428 = DIRECTION('',(1.,0.));
#6429 = ( GEOMETRIC_REPRESENTATION_CONTEXT(2) 
PARAMETRIC_REPRESENTATION_CONTEXT() REPRESENTATION_CONTEXT('2D SPACE',''
  ) );
#6430 = PCURVE('',#4022,#6431);
#6431 = DEFINITIONAL_REPRESENTATION('',(#6432),#6436);
#6432 = LINE('',#6433,#6434);
#6433 = CARTESIAN_POINT('',(-0.503125,0.625));
#6434 = VECTOR('',#6435,1.);
#6435 = DIRECTION('',(0.,1.));
#6436 = ( GEOMETRIC_REPRESENTATION_CONTEXT(2) 
PARAMETRIC_REPRESENTATION_CONTEXT() REPRESENTATION_CONTEXT('2D SPACE',''
  ) );
#6437 = ORIENTED_EDGE('',*,*,#5883,.T.);
#6438 = ADVANCED_FACE('',(#6439),#4022,.T.);
#6439 = FACE_BOUND('',#6440,.T.);
#6440 = EDGE_LOOP('',(#6441,#6442,#6443,#6444));
#6441 = ORIENTED_EDGE('',*,*,#6417,.F.);
#6442 = ORIENTED_EDGE('',*,*,#6301,.F.);
#6443 = ORIENTED_EDGE('',*,*,#6370,.F.);
#6444 = ORIENTED_EDGE('',*,*,#4007,.F.);
#6445 = ADVANCED_FACE('',(#6446),#5417,.F.);
#6446 = FACE_BOUND('',#6447,.T.);
#6447 = EDGE_LOOP('',(#6448,#6471,#6499,#6520));
#6448 = ORIENTED_EDGE('',*,*,#6449,.F.);
#6449 = EDGE_CURVE('',#6450,#5379,#6452,.T.);
#6450 = VERTEX_POINT('',#6451);
#6451 = CARTESIAN_POINT('',(-0.45,-9.595,0.8));
#6452 = SURFACE_CURVE('',#6453,(#6457,#6464),.PCURVE_S1.);
#6453 = LINE('',#6454,#6455);
#6454 = CARTESIAN_POINT('',(-0.45,-5.6475,0.8));
#6455 = VECTOR('',#6456,1.);
#6456 = DIRECTION('',(0.,-1.,0.));
#6457 = PCURVE('',#5417,#6458);
#6458 = DEFINITIONAL_REPRESENTATION('',(#6459),#6463);
#6459 = LINE('',#6460,#6461);
#6460 = CARTESIAN_POINT('',(-3.9475,0.));
#6461 = VECTOR('',#6462,1.);
#6462 = DIRECTION('',(1.,0.));
#6463 = ( GEOMETRIC_REPRESENTATION_CONTEXT(2) 
PARAMETRIC_REPRESENTATION_CONTEXT() REPRESENTATION_CONTEXT('2D SPACE',''
  ) );
#6464 = PCURVE('',#3495,#6465);
#6465 = DEFINITIONAL_REPRESENTATION('',(#6466),#6470);
#6466 = LINE('',#6467,#6468);
#6467 = CARTESIAN_POINT('',(-0.45,-3.9475));
#6468 = VECTOR('',#6469,1.);
#6469 = DIRECTION('',(0.,-1.));
#6470 = ( GEOMETRIC_REPRESENTATION_CONTEXT(2) 
PARAMETRIC_REPRESENTATION_CONTEXT() REPRESENTATION_CONTEXT('2D SPACE',''
  ) );
#6471 = ORIENTED_EDGE('',*,*,#6472,.T.);
#6472 = EDGE_CURVE('',#6450,#6473,#6475,.T.);
#6473 = VERTEX_POINT('',#6474);
#6474 = CARTESIAN_POINT('',(-0.45,-9.595,0.78));
#6475 = SURFACE_CURVE('',#6476,(#6480,#6487),.PCURVE_S1.);
#6476 = LINE('',#6477,#6478);
#6477 = CARTESIAN_POINT('',(-0.45,-9.595,0.8));
#6478 = VECTOR('',#6479,1.);
#6479 = DIRECTION('',(0.,0.,-1.));
#6480 = PCURVE('',#5417,#6481);
#6481 = DEFINITIONAL_REPRESENTATION('',(#6482),#6486);
#6482 = LINE('',#6483,#6484);
#6483 = CARTESIAN_POINT('',(0.,0.));
#6484 = VECTOR('',#6485,1.);
#6485 = DIRECTION('',(0.,1.));
#6486 = ( GEOMETRIC_REPRESENTATION_CONTEXT(2) 
PARAMETRIC_REPRESENTATION_CONTEXT() REPRESENTATION_CONTEXT('2D SPACE',''
  ) );
#6487 = PCURVE('',#6488,#6493);
#6488 = PLANE('',#6489);
#6489 = AXIS2_PLACEMENT_3D('',#6490,#6491,#6492);
#6490 = CARTESIAN_POINT('',(-2.05,-9.595,0.8));
#6491 = DIRECTION('',(0.,1.,0.));
#6492 = DIRECTION('',(1.,0.,0.));
#6493 = DEFINITIONAL_REPRESENTATION('',(#6494),#6498);
#6494 = LINE('',#6495,#6496);
#6495 = CARTESIAN_POINT('',(1.6,0.));
#6496 = VECTOR('',#6497,1.);
#6497 = DIRECTION('',(0.,1.));
#6498 = ( GEOMETRIC_REPRESENTATION_CONTEXT(2) 
PARAMETRIC_REPRESENTATION_CONTEXT() REPRESENTATION_CONTEXT('2D SPACE',''
  ) );
#6499 = ORIENTED_EDGE('',*,*,#6500,.T.);
#6500 = EDGE_CURVE('',#6473,#5402,#6501,.T.);
#6501 = SURFACE_CURVE('',#6502,(#6506,#6513),.PCURVE_S1.);
#6502 = LINE('',#6503,#6504);
#6503 = CARTESIAN_POINT('',(-0.45,-9.595,0.78));
#6504 = VECTOR('',#6505,1.);
#6505 = DIRECTION('',(0.,-1.,0.));
#6506 = PCURVE('',#5417,#6507);
#6507 = DEFINITIONAL_REPRESENTATION('',(#6508),#6512);
#6508 = LINE('',#6509,#6510);
#6509 = CARTESIAN_POINT('',(0.,2.E-02));
#6510 = VECTOR('',#6511,1.);
#6511 = DIRECTION('',(1.,0.));
#6512 = ( GEOMETRIC_REPRESENTATION_CONTEXT(2) 
PARAMETRIC_REPRESENTATION_CONTEXT() REPRESENTATION_CONTEXT('2D SPACE',''
  ) );
#6513 = PCURVE('',#4256,#6514);
#6514 = DEFINITIONAL_REPRESENTATION('',(#6515),#6519);
#6515 = LINE('',#6516,#6517);
#6516 = CARTESIAN_POINT('',(-0.8,-0.625));
#6517 = VECTOR('',#6518,1.);
#6518 = DIRECTION('',(0.,1.));
#6519 = ( GEOMETRIC_REPRESENTATION_CONTEXT(2) 
PARAMETRIC_REPRESENTATION_CONTEXT() REPRESENTATION_CONTEXT('2D SPACE',''
  ) );
#6520 = ORIENTED_EDGE('',*,*,#5401,.F.);
#6521 = ADVANCED_FACE('',(#6522),#6488,.F.);
#6522 = FACE_BOUND('',#6523,.T.);
#6523 = EDGE_LOOP('',(#6524,#6547,#6570,#6591));
#6524 = ORIENTED_EDGE('',*,*,#6525,.F.);
#6525 = EDGE_CURVE('',#6526,#6450,#6528,.T.);
#6526 = VERTEX_POINT('',#6527);
#6527 = CARTESIAN_POINT('',(-2.05,-9.595,0.8));
#6528 = SURFACE_CURVE('',#6529,(#6533,#6540),.PCURVE_S1.);
#6529 = LINE('',#6530,#6531);
#6530 = CARTESIAN_POINT('',(-1.025,-9.595,0.8));
#6531 = VECTOR('',#6532,1.);
#6532 = DIRECTION('',(1.,0.,0.));
#6533 = PCURVE('',#6488,#6534);
#6534 = DEFINITIONAL_REPRESENTATION('',(#6535),#6539);
#6535 = LINE('',#6536,#6537);
#6536 = CARTESIAN_POINT('',(1.025,0.));
#6537 = VECTOR('',#6538,1.);
#6538 = DIRECTION('',(1.,0.));
#6539 = ( GEOMETRIC_REPRESENTATION_CONTEXT(2) 
PARAMETRIC_REPRESENTATION_CONTEXT() REPRESENTATION_CONTEXT('2D SPACE',''
  ) );
#6540 = PCURVE('',#3495,#6541);
#6541 = DEFINITIONAL_REPRESENTATION('',(#6542),#6546);
#6542 = LINE('',#6543,#6544);
#6543 = CARTESIAN_POINT('',(-1.025,-7.895));
#6544 = VECTOR('',#6545,1.);
#6545 = DIRECTION('',(1.,0.));
#6546 = ( GEOMETRIC_REPRESENTATION_CONTEXT(2) 
PARAMETRIC_REPRESENTATION_CONTEXT() REPRESENTATION_CONTEXT('2D SPACE',''
  ) );
#6547 = ORIENTED_EDGE('',*,*,#6548,.T.);
#6548 = EDGE_CURVE('',#6526,#6549,#6551,.T.);
#6549 = VERTEX_POINT('',#6550);
#6550 = CARTESIAN_POINT('',(-2.05,-9.595,0.78));
#6551 = SURFACE_CURVE('',#6552,(#6556,#6563),.PCURVE_S1.);
#6552 = LINE('',#6553,#6554);
#6553 = CARTESIAN_POINT('',(-2.05,-9.595,0.8));
#6554 = VECTOR('',#6555,1.);
#6555 = DIRECTION('',(0.,0.,-1.));
#6556 = PCURVE('',#6488,#6557);
#6557 = DEFINITIONAL_REPRESENTATION('',(#6558),#6562);
#6558 = LINE('',#6559,#6560);
#6559 = CARTESIAN_POINT('',(0.,0.));
#6560 = VECTOR('',#6561,1.);
#6561 = DIRECTION('',(0.,1.));
#6562 = ( GEOMETRIC_REPRESENTATION_CONTEXT(2) 
PARAMETRIC_REPRESENTATION_CONTEXT() REPRESENTATION_CONTEXT('2D SPACE',''
  ) );
#6563 = PCURVE('',#5218,#6564);
#6564 = DEFINITIONAL_REPRESENTATION('',(#6565),#6569);
#6565 = LINE('',#6566,#6567);
#6566 = CARTESIAN_POINT('',(1.25,0.));
#6567 = VECTOR('',#6568,1.);
#6568 = DIRECTION('',(0.,1.));
#6569 = ( GEOMETRIC_REPRESENTATION_CONTEXT(2) 
PARAMETRIC_REPRESENTATION_CONTEXT() REPRESENTATION_CONTEXT('2D SPACE',''
  ) );
#6570 = ORIENTED_EDGE('',*,*,#6571,.T.);
#6571 = EDGE_CURVE('',#6549,#6473,#6572,.T.);
#6572 = SURFACE_CURVE('',#6573,(#6577,#6584),.PCURVE_S1.);
#6573 = LINE('',#6574,#6575);
#6574 = CARTESIAN_POINT('',(-2.05,-9.595,0.78));
#6575 = VECTOR('',#6576,1.);
#6576 = DIRECTION('',(1.,0.,0.));
#6577 = PCURVE('',#6488,#6578);
#6578 = DEFINITIONAL_REPRESENTATION('',(#6579),#6583);
#6579 = LINE('',#6580,#6581);
#6580 = CARTESIAN_POINT('',(0.,2.E-02));
#6581 = VECTOR('',#6582,1.);
#6582 = DIRECTION('',(1.,0.));
#6583 = ( GEOMETRIC_REPRESENTATION_CONTEXT(2) 
PARAMETRIC_REPRESENTATION_CONTEXT() REPRESENTATION_CONTEXT('2D SPACE',''
  ) );
#6584 = PCURVE('',#4256,#6585);
#6585 = DEFINITIONAL_REPRESENTATION('',(#6586),#6590);
#6586 = LINE('',#6587,#6588);
#6587 = CARTESIAN_POINT('',(0.8,-0.625));
#6588 = VECTOR('',#6589,1.);
#6589 = DIRECTION('',(-1.,0.));
#6590 = ( GEOMETRIC_REPRESENTATION_CONTEXT(2) 
PARAMETRIC_REPRESENTATION_CONTEXT() REPRESENTATION_CONTEXT('2D SPACE',''
  ) );
#6591 = ORIENTED_EDGE('',*,*,#6472,.F.);
#6592 = ADVANCED_FACE('',(#6593),#5218,.F.);
#6593 = FACE_BOUND('',#6594,.T.);
#6594 = EDGE_LOOP('',(#6595,#6616,#6617,#6638));
#6595 = ORIENTED_EDGE('',*,*,#6596,.F.);
#6596 = EDGE_CURVE('',#5203,#6526,#6597,.T.);
#6597 = SURFACE_CURVE('',#6598,(#6602,#6609),.PCURVE_S1.);
#6598 = LINE('',#6599,#6600);
#6599 = CARTESIAN_POINT('',(-2.05,-6.2725,0.8));
#6600 = VECTOR('',#6601,1.);
#6601 = DIRECTION('',(0.,1.,0.));
#6602 = PCURVE('',#5218,#6603);
#6603 = DEFINITIONAL_REPRESENTATION('',(#6604),#6608);
#6604 = LINE('',#6605,#6606);
#6605 = CARTESIAN_POINT('',(4.5725,0.));
#6606 = VECTOR('',#6607,1.);
#6607 = DIRECTION('',(1.,0.));
#6608 = ( GEOMETRIC_REPRESENTATION_CONTEXT(2) 
PARAMETRIC_REPRESENTATION_CONTEXT() REPRESENTATION_CONTEXT('2D SPACE',''
  ) );
#6609 = PCURVE('',#3495,#6610);
#6610 = DEFINITIONAL_REPRESENTATION('',(#6611),#6615);
#6611 = LINE('',#6612,#6613);
#6612 = CARTESIAN_POINT('',(-2.05,-4.5725));
#6613 = VECTOR('',#6614,1.);
#6614 = DIRECTION('',(0.,1.));
#6615 = ( GEOMETRIC_REPRESENTATION_CONTEXT(2) 
PARAMETRIC_REPRESENTATION_CONTEXT() REPRESENTATION_CONTEXT('2D SPACE',''
  ) );
#6616 = ORIENTED_EDGE('',*,*,#5202,.F.);
#6617 = ORIENTED_EDGE('',*,*,#6618,.T.);
#6618 = EDGE_CURVE('',#5180,#6549,#6619,.T.);
#6619 = SURFACE_CURVE('',#6620,(#6624,#6631),.PCURVE_S1.);
#6620 = LINE('',#6621,#6622);
#6621 = CARTESIAN_POINT('',(-2.05,-12.095,0.78));
#6622 = VECTOR('',#6623,1.);
#6623 = DIRECTION('',(0.,1.,0.));
#6624 = PCURVE('',#5218,#6625);
#6625 = DEFINITIONAL_REPRESENTATION('',(#6626),#6630);
#6626 = LINE('',#6627,#6628);
#6627 = CARTESIAN_POINT('',(-1.25,2.E-02));
#6628 = VECTOR('',#6629,1.);
#6629 = DIRECTION('',(1.,0.));
#6630 = ( GEOMETRIC_REPRESENTATION_CONTEXT(2) 
PARAMETRIC_REPRESENTATION_CONTEXT() REPRESENTATION_CONTEXT('2D SPACE',''
  ) );
#6631 = PCURVE('',#4256,#6632);
#6632 = DEFINITIONAL_REPRESENTATION('',(#6633),#6637);
#6633 = LINE('',#6634,#6635);
#6634 = CARTESIAN_POINT('',(0.8,1.875));
#6635 = VECTOR('',#6636,1.);
#6636 = DIRECTION('',(0.,-1.));
#6637 = ( GEOMETRIC_REPRESENTATION_CONTEXT(2) 
PARAMETRIC_REPRESENTATION_CONTEXT() REPRESENTATION_CONTEXT('2D SPACE',''
  ) );
#6638 = ORIENTED_EDGE('',*,*,#6548,.F.);
#6639 = ADVANCED_FACE('',(#6640),#4256,.T.);
#6640 = FACE_BOUND('',#6641,.T.);
#6641 = EDGE_LOOP('',(#6642,#6643,#6644,#6645,#6646,#6647));
#6642 = ORIENTED_EDGE('',*,*,#6618,.F.);
#6643 = ORIENTED_EDGE('',*,*,#5179,.F.);
#6644 = ORIENTED_EDGE('',*,*,#4241,.F.);
#6645 = ORIENTED_EDGE('',*,*,#5429,.F.);
#6646 = ORIENTED_EDGE('',*,*,#6500,.F.);
#6647 = ORIENTED_EDGE('',*,*,#6571,.F.);
#6648 = ADVANCED_FACE('',(#6649),#5269,.F.);
#6649 = FACE_BOUND('',#6650,.T.);
#6650 = EDGE_LOOP('',(#6651,#6674,#6702,#6723));
#6651 = ORIENTED_EDGE('',*,*,#6652,.F.);
#6652 = EDGE_CURVE('',#6653,#5231,#6655,.T.);
#6653 = VERTEX_POINT('',#6654);
#6654 = CARTESIAN_POINT('',(-2.95,-9.595,0.8));
#6655 = SURFACE_CURVE('',#6656,(#6660,#6667),.PCURVE_S1.);
#6656 = LINE('',#6657,#6658);
#6657 = CARTESIAN_POINT('',(-2.95,-5.6475,0.8));
#6658 = VECTOR('',#6659,1.);
#6659 = DIRECTION('',(0.,-1.,0.));
#6660 = PCURVE('',#5269,#6661);
#6661 = DEFINITIONAL_REPRESENTATION('',(#6662),#6666);
#6662 = LINE('',#6663,#6664);
#6663 = CARTESIAN_POINT('',(-3.9475,0.));
#6664 = VECTOR('',#6665,1.);
#6665 = DIRECTION('',(1.,0.));
#6666 = ( GEOMETRIC_REPRESENTATION_CONTEXT(2) 
PARAMETRIC_REPRESENTATION_CONTEXT() REPRESENTATION_CONTEXT('2D SPACE',''
  ) );
#6667 = PCURVE('',#3495,#6668);
#6668 = DEFINITIONAL_REPRESENTATION('',(#6669),#6673);
#6669 = LINE('',#6670,#6671);
#6670 = CARTESIAN_POINT('',(-2.95,-3.9475));
#6671 = VECTOR('',#6672,1.);
#6672 = DIRECTION('',(0.,-1.));
#6673 = ( GEOMETRIC_REPRESENTATION_CONTEXT(2) 
PARAMETRIC_REPRESENTATION_CONTEXT() REPRESENTATION_CONTEXT('2D SPACE',''
  ) );
#6674 = ORIENTED_EDGE('',*,*,#6675,.T.);
#6675 = EDGE_CURVE('',#6653,#6676,#6678,.T.);
#6676 = VERTEX_POINT('',#6677);
#6677 = CARTESIAN_POINT('',(-2.95,-9.595,0.78));
#6678 = SURFACE_CURVE('',#6679,(#6683,#6690),.PCURVE_S1.);
#6679 = LINE('',#6680,#6681);
#6680 = CARTESIAN_POINT('',(-2.95,-9.595,0.8));
#6681 = VECTOR('',#6682,1.);
#6682 = DIRECTION('',(0.,0.,-1.));
#6683 = PCURVE('',#5269,#6684);
#6684 = DEFINITIONAL_REPRESENTATION('',(#6685),#6689);
#6685 = LINE('',#6686,#6687);
#6686 = CARTESIAN_POINT('',(0.,0.));
#6687 = VECTOR('',#6688,1.);
#6688 = DIRECTION('',(0.,1.));
#6689 = ( GEOMETRIC_REPRESENTATION_CONTEXT(2) 
PARAMETRIC_REPRESENTATION_CONTEXT() REPRESENTATION_CONTEXT('2D SPACE',''
  ) );
#6690 = PCURVE('',#6691,#6696);
#6691 = PLANE('',#6692);
#6692 = AXIS2_PLACEMENT_3D('',#6693,#6694,#6695);
#6693 = CARTESIAN_POINT('',(-4.55,-9.595,0.8));
#6694 = DIRECTION('',(0.,1.,0.));
#6695 = DIRECTION('',(1.,0.,0.));
#6696 = DEFINITIONAL_REPRESENTATION('',(#6697),#6701);
#6697 = LINE('',#6698,#6699);
#6698 = CARTESIAN_POINT('',(1.6,0.));
#6699 = VECTOR('',#6700,1.);
#6700 = DIRECTION('',(0.,1.));
#6701 = ( GEOMETRIC_REPRESENTATION_CONTEXT(2) 
PARAMETRIC_REPRESENTATION_CONTEXT() REPRESENTATION_CONTEXT('2D SPACE',''
  ) );
#6702 = ORIENTED_EDGE('',*,*,#6703,.T.);
#6703 = EDGE_CURVE('',#6676,#5254,#6704,.T.);
#6704 = SURFACE_CURVE('',#6705,(#6709,#6716),.PCURVE_S1.);
#6705 = LINE('',#6706,#6707);
#6706 = CARTESIAN_POINT('',(-2.95,-12.095,0.78));
#6707 = VECTOR('',#6708,1.);
#6708 = DIRECTION('',(0.,-1.,0.));
#6709 = PCURVE('',#5269,#6710);
#6710 = DEFINITIONAL_REPRESENTATION('',(#6711),#6715);
#6711 = LINE('',#6712,#6713);
#6712 = CARTESIAN_POINT('',(2.5,2.E-02));
#6713 = VECTOR('',#6714,1.);
#6714 = DIRECTION('',(1.,0.));
#6715 = ( GEOMETRIC_REPRESENTATION_CONTEXT(2) 
PARAMETRIC_REPRESENTATION_CONTEXT() REPRESENTATION_CONTEXT('2D SPACE',''
  ) );
#6716 = PCURVE('',#4485,#6717);
#6717 = DEFINITIONAL_REPRESENTATION('',(#6718),#6722);
#6718 = LINE('',#6719,#6720);
#6719 = CARTESIAN_POINT('',(-0.8,1.875));
#6720 = VECTOR('',#6721,1.);
#6721 = DIRECTION('',(0.,1.));
#6722 = ( GEOMETRIC_REPRESENTATION_CONTEXT(2) 
PARAMETRIC_REPRESENTATION_CONTEXT() REPRESENTATION_CONTEXT('2D SPACE',''
  ) );
#6723 = ORIENTED_EDGE('',*,*,#5253,.F.);
#6724 = ADVANCED_FACE('',(#6725),#6691,.F.);
#6725 = FACE_BOUND('',#6726,.T.);
#6726 = EDGE_LOOP('',(#6727,#6750,#6773,#6794));
#6727 = ORIENTED_EDGE('',*,*,#6728,.F.);
#6728 = EDGE_CURVE('',#6729,#6653,#6731,.T.);
#6729 = VERTEX_POINT('',#6730);
#6730 = CARTESIAN_POINT('',(-4.55,-9.595,0.8));
#6731 = SURFACE_CURVE('',#6732,(#6736,#6743),.PCURVE_S1.);
#6732 = LINE('',#6733,#6734);
#6733 = CARTESIAN_POINT('',(-2.275,-9.595,0.8));
#6734 = VECTOR('',#6735,1.);
#6735 = DIRECTION('',(1.,0.,0.));
#6736 = PCURVE('',#6691,#6737);
#6737 = DEFINITIONAL_REPRESENTATION('',(#6738),#6742);
#6738 = LINE('',#6739,#6740);
#6739 = CARTESIAN_POINT('',(2.275,0.));
#6740 = VECTOR('',#6741,1.);
#6741 = DIRECTION('',(1.,0.));
#6742 = ( GEOMETRIC_REPRESENTATION_CONTEXT(2) 
PARAMETRIC_REPRESENTATION_CONTEXT() REPRESENTATION_CONTEXT('2D SPACE',''
  ) );
#6743 = PCURVE('',#3495,#6744);
#6744 = DEFINITIONAL_REPRESENTATION('',(#6745),#6749);
#6745 = LINE('',#6746,#6747);
#6746 = CARTESIAN_POINT('',(-2.275,-7.895));
#6747 = VECTOR('',#6748,1.);
#6748 = DIRECTION('',(1.,0.));
#6749 = ( GEOMETRIC_REPRESENTATION_CONTEXT(2) 
PARAMETRIC_REPRESENTATION_CONTEXT() REPRESENTATION_CONTEXT('2D SPACE',''
  ) );
#6750 = ORIENTED_EDGE('',*,*,#6751,.T.);
#6751 = EDGE_CURVE('',#6729,#6752,#6754,.T.);
#6752 = VERTEX_POINT('',#6753);
#6753 = CARTESIAN_POINT('',(-4.55,-9.595,0.78));
#6754 = SURFACE_CURVE('',#6755,(#6759,#6766),.PCURVE_S1.);
#6755 = LINE('',#6756,#6757);
#6756 = CARTESIAN_POINT('',(-4.55,-9.595,0.8));
#6757 = VECTOR('',#6758,1.);
#6758 = DIRECTION('',(0.,0.,-1.));
#6759 = PCURVE('',#6691,#6760);
#6760 = DEFINITIONAL_REPRESENTATION('',(#6761),#6765);
#6761 = LINE('',#6762,#6763);
#6762 = CARTESIAN_POINT('',(0.,0.));
#6763 = VECTOR('',#6764,1.);
#6764 = DIRECTION('',(0.,1.));
#6765 = ( GEOMETRIC_REPRESENTATION_CONTEXT(2) 
PARAMETRIC_REPRESENTATION_CONTEXT() REPRESENTATION_CONTEXT('2D SPACE',''
  ) );
#6766 = PCURVE('',#5120,#6767);
#6767 = DEFINITIONAL_REPRESENTATION('',(#6768),#6772);
#6768 = LINE('',#6769,#6770);
#6769 = CARTESIAN_POINT('',(1.25,0.));
#6770 = VECTOR('',#6771,1.);
#6771 = DIRECTION('',(0.,1.));
#6772 = ( GEOMETRIC_REPRESENTATION_CONTEXT(2) 
PARAMETRIC_REPRESENTATION_CONTEXT() REPRESENTATION_CONTEXT('2D SPACE',''
  ) );
#6773 = ORIENTED_EDGE('',*,*,#6774,.T.);
#6774 = EDGE_CURVE('',#6752,#6676,#6775,.T.);
#6775 = SURFACE_CURVE('',#6776,(#6780,#6787),.PCURVE_S1.);
#6776 = LINE('',#6777,#6778);
#6777 = CARTESIAN_POINT('',(-2.95,-9.595,0.78));
#6778 = VECTOR('',#6779,1.);
#6779 = DIRECTION('',(1.,0.,0.));
#6780 = PCURVE('',#6691,#6781);
#6781 = DEFINITIONAL_REPRESENTATION('',(#6782),#6786);
#6782 = LINE('',#6783,#6784);
#6783 = CARTESIAN_POINT('',(1.6,2.E-02));
#6784 = VECTOR('',#6785,1.);
#6785 = DIRECTION('',(1.,0.));
#6786 = ( GEOMETRIC_REPRESENTATION_CONTEXT(2) 
PARAMETRIC_REPRESENTATION_CONTEXT() REPRESENTATION_CONTEXT('2D SPACE',''
  ) );
#6787 = PCURVE('',#4485,#6788);
#6788 = DEFINITIONAL_REPRESENTATION('',(#6789),#6793);
#6789 = LINE('',#6790,#6791);
#6790 = CARTESIAN_POINT('',(-0.8,-0.625));
#6791 = VECTOR('',#6792,1.);
#6792 = DIRECTION('',(-1.,0.));
#6793 = ( GEOMETRIC_REPRESENTATION_CONTEXT(2) 
PARAMETRIC_REPRESENTATION_CONTEXT() REPRESENTATION_CONTEXT('2D SPACE',''
  ) );
#6794 = ORIENTED_EDGE('',*,*,#6675,.F.);
#6795 = ADVANCED_FACE('',(#6796),#5120,.F.);
#6796 = FACE_BOUND('',#6797,.T.);
#6797 = EDGE_LOOP('',(#6798,#6819,#6820,#6841));
#6798 = ORIENTED_EDGE('',*,*,#6799,.F.);
#6799 = EDGE_CURVE('',#5105,#6729,#6800,.T.);
#6800 = SURFACE_CURVE('',#6801,(#6805,#6812),.PCURVE_S1.);
#6801 = LINE('',#6802,#6803);
#6802 = CARTESIAN_POINT('',(-4.55,-6.2725,0.8));
#6803 = VECTOR('',#6804,1.);
#6804 = DIRECTION('',(0.,1.,0.));
#6805 = PCURVE('',#5120,#6806);
#6806 = DEFINITIONAL_REPRESENTATION('',(#6807),#6811);
#6807 = LINE('',#6808,#6809);
#6808 = CARTESIAN_POINT('',(4.5725,0.));
#6809 = VECTOR('',#6810,1.);
#6810 = DIRECTION('',(1.,0.));
#6811 = ( GEOMETRIC_REPRESENTATION_CONTEXT(2) 
PARAMETRIC_REPRESENTATION_CONTEXT() REPRESENTATION_CONTEXT('2D SPACE',''
  ) );
#6812 = PCURVE('',#3495,#6813);
#6813 = DEFINITIONAL_REPRESENTATION('',(#6814),#6818);
#6814 = LINE('',#6815,#6816);
#6815 = CARTESIAN_POINT('',(-4.55,-4.5725));
#6816 = VECTOR('',#6817,1.);
#6817 = DIRECTION('',(0.,1.));
#6818 = ( GEOMETRIC_REPRESENTATION_CONTEXT(2) 
PARAMETRIC_REPRESENTATION_CONTEXT() REPRESENTATION_CONTEXT('2D SPACE',''
  ) );
#6819 = ORIENTED_EDGE('',*,*,#5104,.F.);
#6820 = ORIENTED_EDGE('',*,*,#6821,.T.);
#6821 = EDGE_CURVE('',#5082,#6752,#6822,.T.);
#6822 = SURFACE_CURVE('',#6823,(#6827,#6834),.PCURVE_S1.);
#6823 = LINE('',#6824,#6825);
#6824 = CARTESIAN_POINT('',(-4.55,-9.595,0.78));
#6825 = VECTOR('',#6826,1.);
#6826 = DIRECTION('',(0.,1.,0.));
#6827 = PCURVE('',#5120,#6828);
#6828 = DEFINITIONAL_REPRESENTATION('',(#6829),#6833);
#6829 = LINE('',#6830,#6831);
#6830 = CARTESIAN_POINT('',(1.25,2.E-02));
#6831 = VECTOR('',#6832,1.);
#6832 = DIRECTION('',(1.,0.));
#6833 = ( GEOMETRIC_REPRESENTATION_CONTEXT(2) 
PARAMETRIC_REPRESENTATION_CONTEXT() REPRESENTATION_CONTEXT('2D SPACE',''
  ) );
#6834 = PCURVE('',#4485,#6835);
#6835 = DEFINITIONAL_REPRESENTATION('',(#6836),#6840);
#6836 = LINE('',#6837,#6838);
#6837 = CARTESIAN_POINT('',(0.8,-0.625));
#6838 = VECTOR('',#6839,1.);
#6839 = DIRECTION('',(0.,-1.));
#6840 = ( GEOMETRIC_REPRESENTATION_CONTEXT(2) 
PARAMETRIC_REPRESENTATION_CONTEXT() REPRESENTATION_CONTEXT('2D SPACE',''
  ) );
#6841 = ORIENTED_EDGE('',*,*,#6751,.F.);
#6842 = ADVANCED_FACE('',(#6843),#4485,.T.);
#6843 = FACE_BOUND('',#6844,.T.);
#6844 = EDGE_LOOP('',(#6845,#6846,#6847,#6848,#6849,#6850));
#6845 = ORIENTED_EDGE('',*,*,#5281,.F.);
#6846 = ORIENTED_EDGE('',*,*,#6703,.F.);
#6847 = ORIENTED_EDGE('',*,*,#6774,.F.);
#6848 = ORIENTED_EDGE('',*,*,#6821,.F.);
#6849 = ORIENTED_EDGE('',*,*,#5081,.F.);
#6850 = ORIENTED_EDGE('',*,*,#4470,.F.);
#6851 = ADVANCED_FACE('',(#6852),#6866,.F.);
#6852 = FACE_BOUND('',#6853,.T.);
#6853 = EDGE_LOOP('',(#6854,#6884,#6907,#6930));
#6854 = ORIENTED_EDGE('',*,*,#6855,.F.);
#6855 = EDGE_CURVE('',#6856,#6858,#6860,.T.);
#6856 = VERTEX_POINT('',#6857);
#6857 = CARTESIAN_POINT('',(2.5625,-9.595,0.8));
#6858 = VERTEX_POINT('',#6859);
#6859 = CARTESIAN_POINT('',(3.56875,-9.595,0.8));
#6860 = SURFACE_CURVE('',#6861,(#6865,#6877),.PCURVE_S1.);
#6861 = LINE('',#6862,#6863);
#6862 = CARTESIAN_POINT('',(1.28125,-9.595,0.8));
#6863 = VECTOR('',#6864,1.);
#6864 = DIRECTION('',(1.,0.,0.));
#6865 = PCURVE('',#6866,#6871);
#6866 = PLANE('',#6867);
#6867 = AXIS2_PLACEMENT_3D('',#6868,#6869,#6870);
#6868 = CARTESIAN_POINT('',(2.5625,-9.595,0.8));
#6869 = DIRECTION('',(0.,1.,0.));
#6870 = DIRECTION('',(1.,0.,0.));
#6871 = DEFINITIONAL_REPRESENTATION('',(#6872),#6876);
#6872 = LINE('',#6873,#6874);
#6873 = CARTESIAN_POINT('',(-1.28125,0.));
#6874 = VECTOR('',#6875,1.);
#6875 = DIRECTION('',(1.,0.));
#6876 = ( GEOMETRIC_REPRESENTATION_CONTEXT(2) 
PARAMETRIC_REPRESENTATION_CONTEXT() REPRESENTATION_CONTEXT('2D SPACE',''
  ) );
#6877 = PCURVE('',#3495,#6878);
#6878 = DEFINITIONAL_REPRESENTATION('',(#6879),#6883);
#6879 = LINE('',#6880,#6881);
#6880 = CARTESIAN_POINT('',(1.28125,-7.895));
#6881 = VECTOR('',#6882,1.);
#6882 = DIRECTION('',(1.,0.));
#6883 = ( GEOMETRIC_REPRESENTATION_CONTEXT(2) 
PARAMETRIC_REPRESENTATION_CONTEXT() REPRESENTATION_CONTEXT('2D SPACE',''
  ) );
#6884 = ORIENTED_EDGE('',*,*,#6885,.T.);
#6885 = EDGE_CURVE('',#6856,#6886,#6888,.T.);
#6886 = VERTEX_POINT('',#6887);
#6887 = CARTESIAN_POINT('',(2.5625,-9.595,0.78));
#6888 = SURFACE_CURVE('',#6889,(#6893,#6900),.PCURVE_S1.);
#6889 = LINE('',#6890,#6891);
#6890 = CARTESIAN_POINT('',(2.5625,-9.595,0.8));
#6891 = VECTOR('',#6892,1.);
#6892 = DIRECTION('',(0.,0.,-1.));
#6893 = PCURVE('',#6866,#6894);
#6894 = DEFINITIONAL_REPRESENTATION('',(#6895),#6899);
#6895 = LINE('',#6896,#6897);
#6896 = CARTESIAN_POINT('',(0.,0.));
#6897 = VECTOR('',#6898,1.);
#6898 = DIRECTION('',(0.,1.));
#6899 = ( GEOMETRIC_REPRESENTATION_CONTEXT(2) 
PARAMETRIC_REPRESENTATION_CONTEXT() REPRESENTATION_CONTEXT('2D SPACE',''
  ) );
#6900 = PCURVE('',#5595,#6901);
#6901 = DEFINITIONAL_REPRESENTATION('',(#6902),#6906);
#6902 = LINE('',#6903,#6904);
#6903 = CARTESIAN_POINT('',(1.25,0.));
#6904 = VECTOR('',#6905,1.);
#6905 = DIRECTION('',(0.,1.));
#6906 = ( GEOMETRIC_REPRESENTATION_CONTEXT(2) 
PARAMETRIC_REPRESENTATION_CONTEXT() REPRESENTATION_CONTEXT('2D SPACE',''
  ) );
#6907 = ORIENTED_EDGE('',*,*,#6908,.T.);
#6908 = EDGE_CURVE('',#6886,#6909,#6911,.T.);
#6909 = VERTEX_POINT('',#6910);
#6910 = CARTESIAN_POINT('',(3.56875,-9.595,0.78));
#6911 = SURFACE_CURVE('',#6912,(#6916,#6923),.PCURVE_S1.);
#6912 = LINE('',#6913,#6914);
#6913 = CARTESIAN_POINT('',(3.56875,-9.595,0.78));
#6914 = VECTOR('',#6915,1.);
#6915 = DIRECTION('',(1.,0.,0.));
#6916 = PCURVE('',#6866,#6917);
#6917 = DEFINITIONAL_REPRESENTATION('',(#6918),#6922);
#6918 = LINE('',#6919,#6920);
#6919 = CARTESIAN_POINT('',(1.00625,2.E-02));
#6920 = VECTOR('',#6921,1.);
#6921 = DIRECTION('',(1.,0.));
#6922 = ( GEOMETRIC_REPRESENTATION_CONTEXT(2) 
PARAMETRIC_REPRESENTATION_CONTEXT() REPRESENTATION_CONTEXT('2D SPACE',''
  ) );
#6923 = PCURVE('',#4699,#6924);
#6924 = DEFINITIONAL_REPRESENTATION('',(#6925),#6929);
#6925 = LINE('',#6926,#6927);
#6926 = CARTESIAN_POINT('',(-0.503125,-0.625));
#6927 = VECTOR('',#6928,1.);
#6928 = DIRECTION('',(-1.,0.));
#6929 = ( GEOMETRIC_REPRESENTATION_CONTEXT(2) 
PARAMETRIC_REPRESENTATION_CONTEXT() REPRESENTATION_CONTEXT('2D SPACE',''
  ) );
#6930 = ORIENTED_EDGE('',*,*,#6931,.F.);
#6931 = EDGE_CURVE('',#6858,#6909,#6932,.T.);
#6932 = SURFACE_CURVE('',#6933,(#6937,#6944),.PCURVE_S1.);
#6933 = LINE('',#6934,#6935);
#6934 = CARTESIAN_POINT('',(3.56875,-9.595,0.8));
#6935 = VECTOR('',#6936,1.);
#6936 = DIRECTION('',(0.,0.,-1.));
#6937 = PCURVE('',#6866,#6938);
#6938 = DEFINITIONAL_REPRESENTATION('',(#6939),#6943);
#6939 = LINE('',#6940,#6941);
#6940 = CARTESIAN_POINT('',(1.00625,0.));
#6941 = VECTOR('',#6942,1.);
#6942 = DIRECTION('',(0.,1.));
#6943 = ( GEOMETRIC_REPRESENTATION_CONTEXT(2) 
PARAMETRIC_REPRESENTATION_CONTEXT() REPRESENTATION_CONTEXT('2D SPACE',''
  ) );
#6944 = PCURVE('',#5725,#6945);
#6945 = DEFINITIONAL_REPRESENTATION('',(#6946),#6950);
#6946 = LINE('',#6947,#6948);
#6947 = CARTESIAN_POINT('',(0.,0.));
#6948 = VECTOR('',#6949,1.);
#6949 = DIRECTION('',(0.,1.));
#6950 = ( GEOMETRIC_REPRESENTATION_CONTEXT(2) 
PARAMETRIC_REPRESENTATION_CONTEXT() REPRESENTATION_CONTEXT('2D SPACE',''
  ) );
#6951 = ADVANCED_FACE('',(#6952),#5595,.F.);
#6952 = FACE_BOUND('',#6953,.T.);
#6953 = EDGE_LOOP('',(#6954,#6975,#6976,#6997));
#6954 = ORIENTED_EDGE('',*,*,#6955,.F.);
#6955 = EDGE_CURVE('',#5580,#6856,#6956,.T.);
#6956 = SURFACE_CURVE('',#6957,(#6961,#6968),.PCURVE_S1.);
#6957 = LINE('',#6958,#6959);
#6958 = CARTESIAN_POINT('',(2.5625,-6.2725,0.8));
#6959 = VECTOR('',#6960,1.);
#6960 = DIRECTION('',(0.,1.,0.));
#6961 = PCURVE('',#5595,#6962);
#6962 = DEFINITIONAL_REPRESENTATION('',(#6963),#6967);
#6963 = LINE('',#6964,#6965);
#6964 = CARTESIAN_POINT('',(4.5725,0.));
#6965 = VECTOR('',#6966,1.);
#6966 = DIRECTION('',(1.,0.));
#6967 = ( GEOMETRIC_REPRESENTATION_CONTEXT(2) 
PARAMETRIC_REPRESENTATION_CONTEXT() REPRESENTATION_CONTEXT('2D SPACE',''
  ) );
#6968 = PCURVE('',#3495,#6969);
#6969 = DEFINITIONAL_REPRESENTATION('',(#6970),#6974);
#6970 = LINE('',#6971,#6972);
#6971 = CARTESIAN_POINT('',(2.5625,-4.5725));
#6972 = VECTOR('',#6973,1.);
#6973 = DIRECTION('',(0.,1.));
#6974 = ( GEOMETRIC_REPRESENTATION_CONTEXT(2) 
PARAMETRIC_REPRESENTATION_CONTEXT() REPRESENTATION_CONTEXT('2D SPACE',''
  ) );
#6975 = ORIENTED_EDGE('',*,*,#5579,.F.);
#6976 = ORIENTED_EDGE('',*,*,#6977,.T.);
#6977 = EDGE_CURVE('',#4662,#6886,#6978,.T.);
#6978 = SURFACE_CURVE('',#6979,(#6983,#6990),.PCURVE_S1.);
#6979 = LINE('',#6980,#6981);
#6980 = CARTESIAN_POINT('',(2.5625,-9.595,0.78));
#6981 = VECTOR('',#6982,1.);
#6982 = DIRECTION('',(0.,1.,0.));
#6983 = PCURVE('',#5595,#6984);
#6984 = DEFINITIONAL_REPRESENTATION('',(#6985),#6989);
#6985 = LINE('',#6986,#6987);
#6986 = CARTESIAN_POINT('',(1.25,2.E-02));
#6987 = VECTOR('',#6988,1.);
#6988 = DIRECTION('',(1.,0.));
#6989 = ( GEOMETRIC_REPRESENTATION_CONTEXT(2) 
PARAMETRIC_REPRESENTATION_CONTEXT() REPRESENTATION_CONTEXT('2D SPACE',''
  ) );
#6990 = PCURVE('',#4699,#6991);
#6991 = DEFINITIONAL_REPRESENTATION('',(#6992),#6996);
#6992 = LINE('',#6993,#6994);
#6993 = CARTESIAN_POINT('',(0.503125,-0.625));
#6994 = VECTOR('',#6995,1.);
#6995 = DIRECTION('',(0.,-1.));
#6996 = ( GEOMETRIC_REPRESENTATION_CONTEXT(2) 
PARAMETRIC_REPRESENTATION_CONTEXT() REPRESENTATION_CONTEXT('2D SPACE',''
  ) );
#6997 = ORIENTED_EDGE('',*,*,#6885,.F.);
#6998 = ADVANCED_FACE('',(#6999),#5725,.F.);
#6999 = FACE_BOUND('',#7000,.T.);
#7000 = EDGE_LOOP('',(#7001,#7022,#7023,#7044));
#7001 = ORIENTED_EDGE('',*,*,#7002,.F.);
#7002 = EDGE_CURVE('',#6858,#5689,#7003,.T.);
#7003 = SURFACE_CURVE('',#7004,(#7008,#7015),.PCURVE_S1.);
#7004 = LINE('',#7005,#7006);
#7005 = CARTESIAN_POINT('',(3.56875,-5.6475,0.8));
#7006 = VECTOR('',#7007,1.);
#7007 = DIRECTION('',(0.,-1.,0.));
#7008 = PCURVE('',#5725,#7009);
#7009 = DEFINITIONAL_REPRESENTATION('',(#7010),#7014);
#7010 = LINE('',#7011,#7012);
#7011 = CARTESIAN_POINT('',(-3.9475,0.));
#7012 = VECTOR('',#7013,1.);
#7013 = DIRECTION('',(1.,0.));
#7014 = ( GEOMETRIC_REPRESENTATION_CONTEXT(2) 
PARAMETRIC_REPRESENTATION_CONTEXT() REPRESENTATION_CONTEXT('2D SPACE',''
  ) );
#7015 = PCURVE('',#3495,#7016);
#7016 = DEFINITIONAL_REPRESENTATION('',(#7017),#7021);
#7017 = LINE('',#7018,#7019);
#7018 = CARTESIAN_POINT('',(3.56875,-3.9475));
#7019 = VECTOR('',#7020,1.);
#7020 = DIRECTION('',(0.,-1.));
#7021 = ( GEOMETRIC_REPRESENTATION_CONTEXT(2) 
PARAMETRIC_REPRESENTATION_CONTEXT() REPRESENTATION_CONTEXT('2D SPACE',''
  ) );
#7022 = ORIENTED_EDGE('',*,*,#6931,.T.);
#7023 = ORIENTED_EDGE('',*,*,#7024,.T.);
#7024 = EDGE_CURVE('',#6909,#4608,#7025,.T.);
#7025 = SURFACE_CURVE('',#7026,(#7030,#7037),.PCURVE_S1.);
#7026 = LINE('',#7027,#7028);
#7027 = CARTESIAN_POINT('',(3.56875,-10.845,0.78));
#7028 = VECTOR('',#7029,1.);
#7029 = DIRECTION('',(0.,-1.,0.));
#7030 = PCURVE('',#5725,#7031);
#7031 = DEFINITIONAL_REPRESENTATION('',(#7032),#7036);
#7032 = LINE('',#7033,#7034);
#7033 = CARTESIAN_POINT('',(1.25,2.E-02));
#7034 = VECTOR('',#7035,1.);
#7035 = DIRECTION('',(1.,0.));
#7036 = ( GEOMETRIC_REPRESENTATION_CONTEXT(2) 
PARAMETRIC_REPRESENTATION_CONTEXT() REPRESENTATION_CONTEXT('2D SPACE',''
  ) );
#7037 = PCURVE('',#4699,#7038);
#7038 = DEFINITIONAL_REPRESENTATION('',(#7039),#7043);
#7039 = LINE('',#7040,#7041);
#7040 = CARTESIAN_POINT('',(-0.503125,0.625));
#7041 = VECTOR('',#7042,1.);
#7042 = DIRECTION('',(0.,1.));
#7043 = ( GEOMETRIC_REPRESENTATION_CONTEXT(2) 
PARAMETRIC_REPRESENTATION_CONTEXT() REPRESENTATION_CONTEXT('2D SPACE',''
  ) );
#7044 = ORIENTED_EDGE('',*,*,#5711,.T.);
#7045 = ADVANCED_FACE('',(#7046),#4699,.T.);
#7046 = FACE_BOUND('',#7047,.T.);
#7047 = EDGE_LOOP('',(#7048,#7049,#7050,#7051));
#7048 = ORIENTED_EDGE('',*,*,#7024,.F.);
#7049 = ORIENTED_EDGE('',*,*,#6908,.F.);
#7050 = ORIENTED_EDGE('',*,*,#6977,.F.);
#7051 = ORIENTED_EDGE('',*,*,#4684,.F.);
#7052 = ADVANCED_FACE('',(#7053),#6045,.F.);
#7053 = FACE_BOUND('',#7054,.T.);
#7054 = EDGE_LOOP('',(#7055,#7078,#7101,#7122));
#7055 = ORIENTED_EDGE('',*,*,#7056,.F.);
#7056 = EDGE_CURVE('',#7057,#6007,#7059,.T.);
#7057 = VERTEX_POINT('',#7058);
#7058 = CARTESIAN_POINT('',(5.225,-7.848187556394,0.8));
#7059 = SURFACE_CURVE('',#7060,(#7064,#7071),.PCURVE_S1.);
#7060 = LINE('',#7061,#7062);
#7061 = CARTESIAN_POINT('',(2.6125,-7.848187556394,0.8));
#7062 = VECTOR('',#7063,1.);
#7063 = DIRECTION('',(1.,0.,0.));
#7064 = PCURVE('',#6045,#7065);
#7065 = DEFINITIONAL_REPRESENTATION('',(#7066),#7070);
#7066 = LINE('',#7067,#7068);
#7067 = CARTESIAN_POINT('',(-2.6125,0.));
#7068 = VECTOR('',#7069,1.);
#7069 = DIRECTION('',(1.,0.));
#7070 = ( GEOMETRIC_REPRESENTATION_CONTEXT(2) 
PARAMETRIC_REPRESENTATION_CONTEXT() REPRESENTATION_CONTEXT('2D SPACE',''
  ) );
#7071 = PCURVE('',#3495,#7072);
#7072 = DEFINITIONAL_REPRESENTATION('',(#7073),#7077);
#7073 = LINE('',#7074,#7075);
#7074 = CARTESIAN_POINT('',(2.6125,-6.148187556394));
#7075 = VECTOR('',#7076,1.);
#7076 = DIRECTION('',(1.,0.));
#7077 = ( GEOMETRIC_REPRESENTATION_CONTEXT(2) 
PARAMETRIC_REPRESENTATION_CONTEXT() REPRESENTATION_CONTEXT('2D SPACE',''
  ) );
#7078 = ORIENTED_EDGE('',*,*,#7079,.T.);
#7079 = EDGE_CURVE('',#7057,#7080,#7082,.T.);
#7080 = VERTEX_POINT('',#7081);
#7081 = CARTESIAN_POINT('',(5.225,-7.848187556394,0.78));
#7082 = SURFACE_CURVE('',#7083,(#7087,#7094),.PCURVE_S1.);
#7083 = LINE('',#7084,#7085);
#7084 = CARTESIAN_POINT('',(5.225,-7.848187556394,0.8));
#7085 = VECTOR('',#7086,1.);
#7086 = DIRECTION('',(0.,0.,-1.));
#7087 = PCURVE('',#6045,#7088);
#7088 = DEFINITIONAL_REPRESENTATION('',(#7089),#7093);
#7089 = LINE('',#7090,#7091);
#7090 = CARTESIAN_POINT('',(0.,0.));
#7091 = VECTOR('',#7092,1.);
#7092 = DIRECTION('',(0.,1.));
#7093 = ( GEOMETRIC_REPRESENTATION_CONTEXT(2) 
PARAMETRIC_REPRESENTATION_CONTEXT() REPRESENTATION_CONTEXT('2D SPACE',''
  ) );
#7094 = PCURVE('',#5848,#7095);
#7095 = DEFINITIONAL_REPRESENTATION('',(#7096),#7100);
#7096 = LINE('',#7097,#7098);
#7097 = CARTESIAN_POINT('',(2.996812443606,0.));
#7098 = VECTOR('',#7099,1.);
#7099 = DIRECTION('',(0.,1.));
#7100 = ( GEOMETRIC_REPRESENTATION_CONTEXT(2) 
PARAMETRIC_REPRESENTATION_CONTEXT() REPRESENTATION_CONTEXT('2D SPACE',''
  ) );
#7101 = ORIENTED_EDGE('',*,*,#7102,.T.);
#7102 = EDGE_CURVE('',#7080,#6030,#7103,.T.);
#7103 = SURFACE_CURVE('',#7104,(#7108,#7115),.PCURVE_S1.);
#7104 = LINE('',#7105,#7106);
#7105 = CARTESIAN_POINT('',(5.225,-7.848187556394,0.78));
#7106 = VECTOR('',#7107,1.);
#7107 = DIRECTION('',(1.,0.,0.));
#7108 = PCURVE('',#6045,#7109);
#7109 = DEFINITIONAL_REPRESENTATION('',(#7110),#7114);
#7110 = LINE('',#7111,#7112);
#7111 = CARTESIAN_POINT('',(0.,2.E-02));
#7112 = VECTOR('',#7113,1.);
#7113 = DIRECTION('',(1.,0.));
#7114 = ( GEOMETRIC_REPRESENTATION_CONTEXT(2) 
PARAMETRIC_REPRESENTATION_CONTEXT() REPRESENTATION_CONTEXT('2D SPACE',''
  ) );
#7115 = PCURVE('',#4816,#7116);
#7116 = DEFINITIONAL_REPRESENTATION('',(#7117),#7121);
#7117 = LINE('',#7118,#7119);
#7118 = CARTESIAN_POINT('',(0.6875,-1.498406221803));
#7119 = VECTOR('',#7120,1.);
#7120 = DIRECTION('',(-1.,0.));
#7121 = ( GEOMETRIC_REPRESENTATION_CONTEXT(2) 
PARAMETRIC_REPRESENTATION_CONTEXT() REPRESENTATION_CONTEXT('2D SPACE',''
  ) );
#7122 = ORIENTED_EDGE('',*,*,#6029,.F.);
#7123 = ADVANCED_FACE('',(#7124),#5848,.F.);
#7124 = FACE_BOUND('',#7125,.T.);
#7125 = EDGE_LOOP('',(#7126,#7147,#7148,#7169));
#7126 = ORIENTED_EDGE('',*,*,#7127,.F.);
#7127 = EDGE_CURVE('',#5833,#7057,#7128,.T.);
#7128 = SURFACE_CURVE('',#7129,(#7133,#7140),.PCURVE_S1.);
#7129 = LINE('',#7130,#7131);
#7130 = CARTESIAN_POINT('',(5.225,-6.2725,0.8));
#7131 = VECTOR('',#7132,1.);
#7132 = DIRECTION('',(0.,1.,0.));
#7133 = PCURVE('',#5848,#7134);
#7134 = DEFINITIONAL_REPRESENTATION('',(#7135),#7139);
#7135 = LINE('',#7136,#7137);
#7136 = CARTESIAN_POINT('',(4.5725,0.));
#7137 = VECTOR('',#7138,1.);
#7138 = DIRECTION('',(1.,0.));
#7139 = ( GEOMETRIC_REPRESENTATION_CONTEXT(2) 
PARAMETRIC_REPRESENTATION_CONTEXT() REPRESENTATION_CONTEXT('2D SPACE',''
  ) );
#7140 = PCURVE('',#3495,#7141);
#7141 = DEFINITIONAL_REPRESENTATION('',(#7142),#7146);
#7142 = LINE('',#7143,#7144);
#7143 = CARTESIAN_POINT('',(5.225,-4.5725));
#7144 = VECTOR('',#7145,1.);
#7145 = DIRECTION('',(0.,1.));
#7146 = ( GEOMETRIC_REPRESENTATION_CONTEXT(2) 
PARAMETRIC_REPRESENTATION_CONTEXT() REPRESENTATION_CONTEXT('2D SPACE',''
  ) );
#7147 = ORIENTED_EDGE('',*,*,#5832,.F.);
#7148 = ORIENTED_EDGE('',*,*,#7149,.T.);
#7149 = EDGE_CURVE('',#5810,#7080,#7150,.T.);
#7150 = SURFACE_CURVE('',#7151,(#7155,#7162),.PCURVE_S1.);
#7151 = LINE('',#7152,#7153);
#7152 = CARTESIAN_POINT('',(5.225,-10.84818755639,0.78));
#7153 = VECTOR('',#7154,1.);
#7154 = DIRECTION('',(0.,1.,0.));
#7155 = PCURVE('',#5848,#7156);
#7156 = DEFINITIONAL_REPRESENTATION('',(#7157),#7161);
#7157 = LINE('',#7158,#7159);
#7158 = CARTESIAN_POINT('',(-3.1875563936E-03,2.E-02));
#7159 = VECTOR('',#7160,1.);
#7160 = DIRECTION('',(1.,0.));
#7161 = ( GEOMETRIC_REPRESENTATION_CONTEXT(2) 
PARAMETRIC_REPRESENTATION_CONTEXT() REPRESENTATION_CONTEXT('2D SPACE',''
  ) );
#7162 = PCURVE('',#4816,#7163);
#7163 = DEFINITIONAL_REPRESENTATION('',(#7164),#7168);
#7164 = LINE('',#7165,#7166);
#7165 = CARTESIAN_POINT('',(0.6875,1.501593778197));
#7166 = VECTOR('',#7167,1.);
#7167 = DIRECTION('',(0.,-1.));
#7168 = ( GEOMETRIC_REPRESENTATION_CONTEXT(2) 
PARAMETRIC_REPRESENTATION_CONTEXT() REPRESENTATION_CONTEXT('2D SPACE',''
  ) );
#7169 = ORIENTED_EDGE('',*,*,#7079,.F.);
#7170 = ADVANCED_FACE('',(#7171),#4816,.T.);
#7171 = FACE_BOUND('',#7172,.T.);
#7172 = EDGE_LOOP('',(#7173,#7174,#7175,#7176,#7177,#7178));
#7173 = ORIENTED_EDGE('',*,*,#7149,.F.);
#7174 = ORIENTED_EDGE('',*,*,#5809,.F.);
#7175 = ORIENTED_EDGE('',*,*,#5913,.F.);
#7176 = ORIENTED_EDGE('',*,*,#4801,.F.);
#7177 = ORIENTED_EDGE('',*,*,#6057,.F.);
#7178 = ORIENTED_EDGE('',*,*,#7102,.F.);
#7179 = ADVANCED_FACE('',(#7180),#7194,.F.);
#7180 = FACE_BOUND('',#7181,.T.);
#7181 = EDGE_LOOP('',(#7182,#7212,#7235,#7258));
#7182 = ORIENTED_EDGE('',*,*,#7183,.F.);
#7183 = EDGE_CURVE('',#7184,#7186,#7188,.T.);
#7184 = VERTEX_POINT('',#7185);
#7185 = CARTESIAN_POINT('',(0.1375,-9.595,0.8));
#7186 = VERTEX_POINT('',#7187);
#7187 = CARTESIAN_POINT('',(1.14375,-9.595,0.8));
#7188 = SURFACE_CURVE('',#7189,(#7193,#7205),.PCURVE_S1.);
#7189 = LINE('',#7190,#7191);
#7190 = CARTESIAN_POINT('',(6.875E-02,-9.595,0.8));
#7191 = VECTOR('',#7192,1.);
#7192 = DIRECTION('',(1.,0.,0.));
#7193 = PCURVE('',#7194,#7199);
#7194 = PLANE('',#7195);
#7195 = AXIS2_PLACEMENT_3D('',#7196,#7197,#7198);
#7196 = CARTESIAN_POINT('',(0.1375,-9.595,0.8));
#7197 = DIRECTION('',(0.,1.,0.));
#7198 = DIRECTION('',(1.,0.,0.));
#7199 = DEFINITIONAL_REPRESENTATION('',(#7200),#7204);
#7200 = LINE('',#7201,#7202);
#7201 = CARTESIAN_POINT('',(-6.875E-02,0.));
#7202 = VECTOR('',#7203,1.);
#7203 = DIRECTION('',(1.,0.));
#7204 = ( GEOMETRIC_REPRESENTATION_CONTEXT(2) 
PARAMETRIC_REPRESENTATION_CONTEXT() REPRESENTATION_CONTEXT('2D SPACE',''
  ) );
#7205 = PCURVE('',#3495,#7206);
#7206 = DEFINITIONAL_REPRESENTATION('',(#7207),#7211);
#7207 = LINE('',#7208,#7209);
#7208 = CARTESIAN_POINT('',(6.875E-02,-7.895));
#7209 = VECTOR('',#7210,1.);
#7210 = DIRECTION('',(1.,0.));
#7211 = ( GEOMETRIC_REPRESENTATION_CONTEXT(2) 
PARAMETRIC_REPRESENTATION_CONTEXT() REPRESENTATION_CONTEXT('2D SPACE',''
  ) );
#7212 = ORIENTED_EDGE('',*,*,#7213,.T.);
#7213 = EDGE_CURVE('',#7184,#7214,#7216,.T.);
#7214 = VERTEX_POINT('',#7215);
#7215 = CARTESIAN_POINT('',(0.1375,-9.595,0.78));
#7216 = SURFACE_CURVE('',#7217,(#7221,#7228),.PCURVE_S1.);
#7217 = LINE('',#7218,#7219);
#7218 = CARTESIAN_POINT('',(0.1375,-9.595,0.8));
#7219 = VECTOR('',#7220,1.);
#7220 = DIRECTION('',(0.,0.,-1.));
#7221 = PCURVE('',#7194,#7222);
#7222 = DEFINITIONAL_REPRESENTATION('',(#7223),#7227);
#7223 = LINE('',#7224,#7225);
#7224 = CARTESIAN_POINT('',(0.,0.));
#7225 = VECTOR('',#7226,1.);
#7226 = DIRECTION('',(0.,1.));
#7227 = ( GEOMETRIC_REPRESENTATION_CONTEXT(2) 
PARAMETRIC_REPRESENTATION_CONTEXT() REPRESENTATION_CONTEXT('2D SPACE',''
  ) );
#7228 = PCURVE('',#5366,#7229);
#7229 = DEFINITIONAL_REPRESENTATION('',(#7230),#7234);
#7230 = LINE('',#7231,#7232);
#7231 = CARTESIAN_POINT('',(1.25,0.));
#7232 = VECTOR('',#7233,1.);
#7233 = DIRECTION('',(0.,1.));
#7234 = ( GEOMETRIC_REPRESENTATION_CONTEXT(2) 
PARAMETRIC_REPRESENTATION_CONTEXT() REPRESENTATION_CONTEXT('2D SPACE',''
  ) );
#7235 = ORIENTED_EDGE('',*,*,#7236,.T.);
#7236 = EDGE_CURVE('',#7214,#7237,#7239,.T.);
#7237 = VERTEX_POINT('',#7238);
#7238 = CARTESIAN_POINT('',(1.14375,-9.595,0.78));
#7239 = SURFACE_CURVE('',#7240,(#7244,#7251),.PCURVE_S1.);
#7240 = LINE('',#7241,#7242);
#7241 = CARTESIAN_POINT('',(1.14375,-9.595,0.78));
#7242 = VECTOR('',#7243,1.);
#7243 = DIRECTION('',(1.,0.,0.));
#7244 = PCURVE('',#7194,#7245);
#7245 = DEFINITIONAL_REPRESENTATION('',(#7246),#7250);
#7246 = LINE('',#7247,#7248);
#7247 = CARTESIAN_POINT('',(1.00625,2.E-02));
#7248 = VECTOR('',#7249,1.);
#7249 = DIRECTION('',(1.,0.));
#7250 = ( GEOMETRIC_REPRESENTATION_CONTEXT(2) 
PARAMETRIC_REPRESENTATION_CONTEXT() REPRESENTATION_CONTEXT('2D SPACE',''
  ) );
#7251 = PCURVE('',#4592,#7252);
#7252 = DEFINITIONAL_REPRESENTATION('',(#7253),#7257);
#7253 = LINE('',#7254,#7255);
#7254 = CARTESIAN_POINT('',(-0.503125,-0.625));
#7255 = VECTOR('',#7256,1.);
#7256 = DIRECTION('',(-1.,0.));
#7257 = ( GEOMETRIC_REPRESENTATION_CONTEXT(2) 
PARAMETRIC_REPRESENTATION_CONTEXT() REPRESENTATION_CONTEXT('2D SPACE',''
  ) );
#7258 = ORIENTED_EDGE('',*,*,#7259,.F.);
#7259 = EDGE_CURVE('',#7186,#7237,#7260,.T.);
#7260 = SURFACE_CURVE('',#7261,(#7265,#7272),.PCURVE_S1.);
#7261 = LINE('',#7262,#7263);
#7262 = CARTESIAN_POINT('',(1.14375,-9.595,0.8));
#7263 = VECTOR('',#7264,1.);
#7264 = DIRECTION('',(0.,0.,-1.));
#7265 = PCURVE('',#7194,#7266);
#7266 = DEFINITIONAL_REPRESENTATION('',(#7267),#7271);
#7267 = LINE('',#7268,#7269);
#7268 = CARTESIAN_POINT('',(1.00625,0.));
#7269 = VECTOR('',#7270,1.);
#7270 = DIRECTION('',(0.,1.));
#7271 = ( GEOMETRIC_REPRESENTATION_CONTEXT(2) 
PARAMETRIC_REPRESENTATION_CONTEXT() REPRESENTATION_CONTEXT('2D SPACE',''
  ) );
#7272 = PCURVE('',#5519,#7273);
#7273 = DEFINITIONAL_REPRESENTATION('',(#7274),#7278);
#7274 = LINE('',#7275,#7276);
#7275 = CARTESIAN_POINT('',(0.,0.));
#7276 = VECTOR('',#7277,1.);
#7277 = DIRECTION('',(0.,1.));
#7278 = ( GEOMETRIC_REPRESENTATION_CONTEXT(2) 
PARAMETRIC_REPRESENTATION_CONTEXT() REPRESENTATION_CONTEXT('2D SPACE',''
  ) );
#7279 = ADVANCED_FACE('',(#7280),#5366,.F.);
#7280 = FACE_BOUND('',#7281,.T.);
#7281 = EDGE_LOOP('',(#7282,#7303,#7304,#7325));
#7282 = ORIENTED_EDGE('',*,*,#7283,.F.);
#7283 = EDGE_CURVE('',#5351,#7184,#7284,.T.);
#7284 = SURFACE_CURVE('',#7285,(#7289,#7296),.PCURVE_S1.);
#7285 = LINE('',#7286,#7287);
#7286 = CARTESIAN_POINT('',(0.1375,-6.2725,0.8));
#7287 = VECTOR('',#7288,1.);
#7288 = DIRECTION('',(0.,1.,0.));
#7289 = PCURVE('',#5366,#7290);
#7290 = DEFINITIONAL_REPRESENTATION('',(#7291),#7295);
#7291 = LINE('',#7292,#7293);
#7292 = CARTESIAN_POINT('',(4.5725,0.));
#7293 = VECTOR('',#7294,1.);
#7294 = DIRECTION('',(1.,0.));
#7295 = ( GEOMETRIC_REPRESENTATION_CONTEXT(2) 
PARAMETRIC_REPRESENTATION_CONTEXT() REPRESENTATION_CONTEXT('2D SPACE',''
  ) );
#7296 = PCURVE('',#3495,#7297);
#7297 = DEFINITIONAL_REPRESENTATION('',(#7298),#7302);
#7298 = LINE('',#7299,#7300);
#7299 = CARTESIAN_POINT('',(0.1375,-4.5725));
#7300 = VECTOR('',#7301,1.);
#7301 = DIRECTION('',(0.,1.));
#7302 = ( GEOMETRIC_REPRESENTATION_CONTEXT(2) 
PARAMETRIC_REPRESENTATION_CONTEXT() REPRESENTATION_CONTEXT('2D SPACE',''
  ) );
#7303 = ORIENTED_EDGE('',*,*,#5350,.F.);
#7304 = ORIENTED_EDGE('',*,*,#7305,.T.);
#7305 = EDGE_CURVE('',#4555,#7214,#7306,.T.);
#7306 = SURFACE_CURVE('',#7307,(#7311,#7318),.PCURVE_S1.);
#7307 = LINE('',#7308,#7309);
#7308 = CARTESIAN_POINT('',(0.1375,-9.595,0.78));
#7309 = VECTOR('',#7310,1.);
#7310 = DIRECTION('',(0.,1.,0.));
#7311 = PCURVE('',#5366,#7312);
#7312 = DEFINITIONAL_REPRESENTATION('',(#7313),#7317);
#7313 = LINE('',#7314,#7315);
#7314 = CARTESIAN_POINT('',(1.25,2.E-02));
#7315 = VECTOR('',#7316,1.);
#7316 = DIRECTION('',(1.,0.));
#7317 = ( GEOMETRIC_REPRESENTATION_CONTEXT(2) 
PARAMETRIC_REPRESENTATION_CONTEXT() REPRESENTATION_CONTEXT('2D SPACE',''
  ) );
#7318 = PCURVE('',#4592,#7319);
#7319 = DEFINITIONAL_REPRESENTATION('',(#7320),#7324);
#7320 = LINE('',#7321,#7322);
#7321 = CARTESIAN_POINT('',(0.503125,-0.625));
#7322 = VECTOR('',#7323,1.);
#7323 = DIRECTION('',(0.,-1.));
#7324 = ( GEOMETRIC_REPRESENTATION_CONTEXT(2) 
PARAMETRIC_REPRESENTATION_CONTEXT() REPRESENTATION_CONTEXT('2D SPACE',''
  ) );
#7325 = ORIENTED_EDGE('',*,*,#7213,.F.);
#7326 = ADVANCED_FACE('',(#7327),#5519,.F.);
#7327 = FACE_BOUND('',#7328,.T.);
#7328 = EDGE_LOOP('',(#7329,#7350,#7351,#7372));
#7329 = ORIENTED_EDGE('',*,*,#7330,.F.);
#7330 = EDGE_CURVE('',#7186,#5483,#7331,.T.);
#7331 = SURFACE_CURVE('',#7332,(#7336,#7343),.PCURVE_S1.);
#7332 = LINE('',#7333,#7334);
#7333 = CARTESIAN_POINT('',(1.14375,-5.6475,0.8));
#7334 = VECTOR('',#7335,1.);
#7335 = DIRECTION('',(0.,-1.,0.));
#7336 = PCURVE('',#5519,#7337);
#7337 = DEFINITIONAL_REPRESENTATION('',(#7338),#7342);
#7338 = LINE('',#7339,#7340);
#7339 = CARTESIAN_POINT('',(-3.9475,0.));
#7340 = VECTOR('',#7341,1.);
#7341 = DIRECTION('',(1.,0.));
#7342 = ( GEOMETRIC_REPRESENTATION_CONTEXT(2) 
PARAMETRIC_REPRESENTATION_CONTEXT() REPRESENTATION_CONTEXT('2D SPACE',''
  ) );
#7343 = PCURVE('',#3495,#7344);
#7344 = DEFINITIONAL_REPRESENTATION('',(#7345),#7349);
#7345 = LINE('',#7346,#7347);
#7346 = CARTESIAN_POINT('',(1.14375,-3.9475));
#7347 = VECTOR('',#7348,1.);
#7348 = DIRECTION('',(0.,-1.));
#7349 = ( GEOMETRIC_REPRESENTATION_CONTEXT(2) 
PARAMETRIC_REPRESENTATION_CONTEXT() REPRESENTATION_CONTEXT('2D SPACE',''
  ) );
#7350 = ORIENTED_EDGE('',*,*,#7259,.T.);
#7351 = ORIENTED_EDGE('',*,*,#7352,.T.);
#7352 = EDGE_CURVE('',#7237,#4501,#7353,.T.);
#7353 = SURFACE_CURVE('',#7354,(#7358,#7365),.PCURVE_S1.);
#7354 = LINE('',#7355,#7356);
#7355 = CARTESIAN_POINT('',(1.14375,-10.845,0.78));
#7356 = VECTOR('',#7357,1.);
#7357 = DIRECTION('',(0.,-1.,0.));
#7358 = PCURVE('',#5519,#7359);
#7359 = DEFINITIONAL_REPRESENTATION('',(#7360),#7364);
#7360 = LINE('',#7361,#7362);
#7361 = CARTESIAN_POINT('',(1.25,2.E-02));
#7362 = VECTOR('',#7363,1.);
#7363 = DIRECTION('',(1.,0.));
#7364 = ( GEOMETRIC_REPRESENTATION_CONTEXT(2) 
PARAMETRIC_REPRESENTATION_CONTEXT() REPRESENTATION_CONTEXT('2D SPACE',''
  ) );
#7365 = PCURVE('',#4592,#7366);
#7366 = DEFINITIONAL_REPRESENTATION('',(#7367),#7371);
#7367 = LINE('',#7368,#7369);
#7368 = CARTESIAN_POINT('',(-0.503125,0.625));
#7369 = VECTOR('',#7370,1.);
#7370 = DIRECTION('',(0.,1.));
#7371 = ( GEOMETRIC_REPRESENTATION_CONTEXT(2) 
PARAMETRIC_REPRESENTATION_CONTEXT() REPRESENTATION_CONTEXT('2D SPACE',''
  ) );
#7372 = ORIENTED_EDGE('',*,*,#5505,.T.);
#7373 = ADVANCED_FACE('',(#7374),#4592,.T.);
#7374 = FACE_BOUND('',#7375,.T.);
#7375 = EDGE_LOOP('',(#7376,#7377,#7378,#7379));
#7376 = ORIENTED_EDGE('',*,*,#7352,.F.);
#7377 = ORIENTED_EDGE('',*,*,#7236,.F.);
#7378 = ORIENTED_EDGE('',*,*,#7305,.F.);
#7379 = ORIENTED_EDGE('',*,*,#4577,.F.);
#7380 = ADVANCED_FACE('',(#7381),#5044,.F.);
#7381 = FACE_BOUND('',#7382,.T.);
#7382 = EDGE_LOOP('',(#7383,#7406,#7434,#7455));
#7383 = ORIENTED_EDGE('',*,*,#7384,.F.);
#7384 = EDGE_CURVE('',#7385,#5006,#7387,.T.);
#7385 = VERTEX_POINT('',#7386);
#7386 = CARTESIAN_POINT('',(-5.225,-10.595,0.8));
#7387 = SURFACE_CURVE('',#7388,(#7392,#7399),.PCURVE_S1.);
#7388 = LINE('',#7389,#7390);
#7389 = CARTESIAN_POINT('',(-2.6125,-10.595,0.8));
#7390 = VECTOR('',#7391,1.);
#7391 = DIRECTION('',(-1.,0.,0.));
#7392 = PCURVE('',#5044,#7393);
#7393 = DEFINITIONAL_REPRESENTATION('',(#7394),#7398);
#7394 = LINE('',#7395,#7396);
#7395 = CARTESIAN_POINT('',(-2.6125,-0.));
#7396 = VECTOR('',#7397,1.);
#7397 = DIRECTION('',(1.,0.));
#7398 = ( GEOMETRIC_REPRESENTATION_CONTEXT(2) 
PARAMETRIC_REPRESENTATION_CONTEXT() REPRESENTATION_CONTEXT('2D SPACE',''
  ) );
#7399 = PCURVE('',#3495,#7400);
#7400 = DEFINITIONAL_REPRESENTATION('',(#7401),#7405);
#7401 = LINE('',#7402,#7403);
#7402 = CARTESIAN_POINT('',(-2.6125,-8.895));
#7403 = VECTOR('',#7404,1.);
#7404 = DIRECTION('',(-1.,0.));
#7405 = ( GEOMETRIC_REPRESENTATION_CONTEXT(2) 
PARAMETRIC_REPRESENTATION_CONTEXT() REPRESENTATION_CONTEXT('2D SPACE',''
  ) );
#7406 = ORIENTED_EDGE('',*,*,#7407,.T.);
#7407 = EDGE_CURVE('',#7385,#7408,#7410,.T.);
#7408 = VERTEX_POINT('',#7409);
#7409 = CARTESIAN_POINT('',(-5.225,-10.595,0.78));
#7410 = SURFACE_CURVE('',#7411,(#7415,#7422),.PCURVE_S1.);
#7411 = LINE('',#7412,#7413);
#7412 = CARTESIAN_POINT('',(-5.225,-10.595,0.8));
#7413 = VECTOR('',#7414,1.);
#7414 = DIRECTION('',(0.,0.,-1.));
#7415 = PCURVE('',#5044,#7416);
#7416 = DEFINITIONAL_REPRESENTATION('',(#7417),#7421);
#7417 = LINE('',#7418,#7419);
#7418 = CARTESIAN_POINT('',(0.,-0.));
#7419 = VECTOR('',#7420,1.);
#7420 = DIRECTION('',(0.,1.));
#7421 = ( GEOMETRIC_REPRESENTATION_CONTEXT(2) 
PARAMETRIC_REPRESENTATION_CONTEXT() REPRESENTATION_CONTEXT('2D SPACE',''
  ) );
#7422 = PCURVE('',#7423,#7428);
#7423 = PLANE('',#7424);
#7424 = AXIS2_PLACEMENT_3D('',#7425,#7426,#7427);
#7425 = CARTESIAN_POINT('',(-5.225,-7.595,0.8));
#7426 = DIRECTION('',(1.,0.,0.));
#7427 = DIRECTION('',(0.,-1.,0.));
#7428 = DEFINITIONAL_REPRESENTATION('',(#7429),#7433);
#7429 = LINE('',#7430,#7431);
#7430 = CARTESIAN_POINT('',(3.,0.));
#7431 = VECTOR('',#7432,1.);
#7432 = DIRECTION('',(0.,1.));
#7433 = ( GEOMETRIC_REPRESENTATION_CONTEXT(2) 
PARAMETRIC_REPRESENTATION_CONTEXT() REPRESENTATION_CONTEXT('2D SPACE',''
  ) );
#7434 = ORIENTED_EDGE('',*,*,#7435,.T.);
#7435 = EDGE_CURVE('',#7408,#5029,#7436,.T.);
#7436 = SURFACE_CURVE('',#7437,(#7441,#7448),.PCURVE_S1.);
#7437 = LINE('',#7438,#7439);
#7438 = CARTESIAN_POINT('',(-7.975,-10.595,0.78));
#7439 = VECTOR('',#7440,1.);
#7440 = DIRECTION('',(-1.,0.,0.));
#7441 = PCURVE('',#5044,#7442);
#7442 = DEFINITIONAL_REPRESENTATION('',(#7443),#7447);
#7443 = LINE('',#7444,#7445);
#7444 = CARTESIAN_POINT('',(2.75,2.E-02));
#7445 = VECTOR('',#7446,1.);
#7446 = DIRECTION('',(1.,0.));
#7447 = ( GEOMETRIC_REPRESENTATION_CONTEXT(2) 
PARAMETRIC_REPRESENTATION_CONTEXT() REPRESENTATION_CONTEXT('2D SPACE',''
  ) );
#7448 = PCURVE('',#4373,#7449);
#7449 = DEFINITIONAL_REPRESENTATION('',(#7450),#7454);
#7450 = LINE('',#7451,#7452);
#7451 = CARTESIAN_POINT('',(2.0625,1.5));
#7452 = VECTOR('',#7453,1.);
#7453 = DIRECTION('',(1.,0.));
#7454 = ( GEOMETRIC_REPRESENTATION_CONTEXT(2) 
PARAMETRIC_REPRESENTATION_CONTEXT() REPRESENTATION_CONTEXT('2D SPACE',''
  ) );
#7455 = ORIENTED_EDGE('',*,*,#5028,.F.);
#7456 = ADVANCED_FACE('',(#7457),#7423,.F.);
#7457 = FACE_BOUND('',#7458,.T.);
#7458 = EDGE_LOOP('',(#7459,#7482,#7505,#7526));
#7459 = ORIENTED_EDGE('',*,*,#7460,.F.);
#7460 = EDGE_CURVE('',#7461,#7385,#7463,.T.);
#7461 = VERTEX_POINT('',#7462);
#7462 = CARTESIAN_POINT('',(-5.225,-7.595,0.8));
#7463 = SURFACE_CURVE('',#7464,(#7468,#7475),.PCURVE_S1.);
#7464 = LINE('',#7465,#7466);
#7465 = CARTESIAN_POINT('',(-5.225,-4.6475,0.8));
#7466 = VECTOR('',#7467,1.);
#7467 = DIRECTION('',(0.,-1.,0.));
#7468 = PCURVE('',#7423,#7469);
#7469 = DEFINITIONAL_REPRESENTATION('',(#7470),#7474);
#7470 = LINE('',#7471,#7472);
#7471 = CARTESIAN_POINT('',(-2.9475,0.));
#7472 = VECTOR('',#7473,1.);
#7473 = DIRECTION('',(1.,0.));
#7474 = ( GEOMETRIC_REPRESENTATION_CONTEXT(2) 
PARAMETRIC_REPRESENTATION_CONTEXT() REPRESENTATION_CONTEXT('2D SPACE',''
  ) );
#7475 = PCURVE('',#3495,#7476);
#7476 = DEFINITIONAL_REPRESENTATION('',(#7477),#7481);
#7477 = LINE('',#7478,#7479);
#7478 = CARTESIAN_POINT('',(-5.225,-2.9475));
#7479 = VECTOR('',#7480,1.);
#7480 = DIRECTION('',(0.,-1.));
#7481 = ( GEOMETRIC_REPRESENTATION_CONTEXT(2) 
PARAMETRIC_REPRESENTATION_CONTEXT() REPRESENTATION_CONTEXT('2D SPACE',''
  ) );
#7482 = ORIENTED_EDGE('',*,*,#7483,.T.);
#7483 = EDGE_CURVE('',#7461,#7484,#7486,.T.);
#7484 = VERTEX_POINT('',#7485);
#7485 = CARTESIAN_POINT('',(-5.225,-7.595,0.78));
#7486 = SURFACE_CURVE('',#7487,(#7491,#7498),.PCURVE_S1.);
#7487 = LINE('',#7488,#7489);
#7488 = CARTESIAN_POINT('',(-5.225,-7.595,0.8));
#7489 = VECTOR('',#7490,1.);
#7490 = DIRECTION('',(0.,0.,-1.));
#7491 = PCURVE('',#7423,#7492);
#7492 = DEFINITIONAL_REPRESENTATION('',(#7493),#7497);
#7493 = LINE('',#7494,#7495);
#7494 = CARTESIAN_POINT('',(0.,0.));
#7495 = VECTOR('',#7496,1.);
#7496 = DIRECTION('',(0.,1.));
#7497 = ( GEOMETRIC_REPRESENTATION_CONTEXT(2) 
PARAMETRIC_REPRESENTATION_CONTEXT() REPRESENTATION_CONTEXT('2D SPACE',''
  ) );
#7498 = PCURVE('',#4871,#7499);
#7499 = DEFINITIONAL_REPRESENTATION('',(#7500),#7504);
#7500 = LINE('',#7501,#7502);
#7501 = CARTESIAN_POINT('',(1.375,0.));
#7502 = VECTOR('',#7503,1.);
#7503 = DIRECTION('',(0.,1.));
#7504 = ( GEOMETRIC_REPRESENTATION_CONTEXT(2) 
PARAMETRIC_REPRESENTATION_CONTEXT() REPRESENTATION_CONTEXT('2D SPACE',''
  ) );
#7505 = ORIENTED_EDGE('',*,*,#7506,.T.);
#7506 = EDGE_CURVE('',#7484,#7408,#7507,.T.);
#7507 = SURFACE_CURVE('',#7508,(#7512,#7519),.PCURVE_S1.);
#7508 = LINE('',#7509,#7510);
#7509 = CARTESIAN_POINT('',(-5.225,-10.595,0.78));
#7510 = VECTOR('',#7511,1.);
#7511 = DIRECTION('',(0.,-1.,0.));
#7512 = PCURVE('',#7423,#7513);
#7513 = DEFINITIONAL_REPRESENTATION('',(#7514),#7518);
#7514 = LINE('',#7515,#7516);
#7515 = CARTESIAN_POINT('',(3.,2.E-02));
#7516 = VECTOR('',#7517,1.);
#7517 = DIRECTION('',(1.,0.));
#7518 = ( GEOMETRIC_REPRESENTATION_CONTEXT(2) 
PARAMETRIC_REPRESENTATION_CONTEXT() REPRESENTATION_CONTEXT('2D SPACE',''
  ) );
#7519 = PCURVE('',#4373,#7520);
#7520 = DEFINITIONAL_REPRESENTATION('',(#7521),#7525);
#7521 = LINE('',#7522,#7523);
#7522 = CARTESIAN_POINT('',(-0.6875,1.5));
#7523 = VECTOR('',#7524,1.);
#7524 = DIRECTION('',(0.,1.));
#7525 = ( GEOMETRIC_REPRESENTATION_CONTEXT(2) 
PARAMETRIC_REPRESENTATION_CONTEXT() REPRESENTATION_CONTEXT('2D SPACE',''
  ) );
#7526 = ORIENTED_EDGE('',*,*,#7407,.F.);
#7527 = ADVANCED_FACE('',(#7528),#4871,.F.);
#7528 = FACE_BOUND('',#7529,.T.);
#7529 = EDGE_LOOP('',(#7530,#7551,#7552,#7573));
#7530 = ORIENTED_EDGE('',*,*,#7531,.F.);
#7531 = EDGE_CURVE('',#4856,#7461,#7532,.T.);
#7532 = SURFACE_CURVE('',#7533,(#7537,#7544),.PCURVE_S1.);
#7533 = LINE('',#7534,#7535);
#7534 = CARTESIAN_POINT('',(-3.3,-7.595,0.8));
#7535 = VECTOR('',#7536,1.);
#7536 = DIRECTION('',(1.,0.,0.));
#7537 = PCURVE('',#4871,#7538);
#7538 = DEFINITIONAL_REPRESENTATION('',(#7539),#7543);
#7539 = LINE('',#7540,#7541);
#7540 = CARTESIAN_POINT('',(3.3,0.));
#7541 = VECTOR('',#7542,1.);
#7542 = DIRECTION('',(1.,0.));
#7543 = ( GEOMETRIC_REPRESENTATION_CONTEXT(2) 
PARAMETRIC_REPRESENTATION_CONTEXT() REPRESENTATION_CONTEXT('2D SPACE',''
  ) );
#7544 = PCURVE('',#3495,#7545);
#7545 = DEFINITIONAL_REPRESENTATION('',(#7546),#7550);
#7546 = LINE('',#7547,#7548);
#7547 = CARTESIAN_POINT('',(-3.3,-5.895));
#7548 = VECTOR('',#7549,1.);
#7549 = DIRECTION('',(1.,0.));
#7550 = ( GEOMETRIC_REPRESENTATION_CONTEXT(2) 
PARAMETRIC_REPRESENTATION_CONTEXT() REPRESENTATION_CONTEXT('2D SPACE',''
  ) );
#7551 = ORIENTED_EDGE('',*,*,#4855,.F.);
#7552 = ORIENTED_EDGE('',*,*,#7553,.T.);
#7553 = EDGE_CURVE('',#4833,#7484,#7554,.T.);
#7554 = SURFACE_CURVE('',#7555,(#7559,#7566),.PCURVE_S1.);
#7555 = LINE('',#7556,#7557);
#7556 = CARTESIAN_POINT('',(-5.225,-7.595,0.78));
#7557 = VECTOR('',#7558,1.);
#7558 = DIRECTION('',(1.,0.,0.));
#7559 = PCURVE('',#4871,#7560);
#7560 = DEFINITIONAL_REPRESENTATION('',(#7561),#7565);
#7561 = LINE('',#7562,#7563);
#7562 = CARTESIAN_POINT('',(1.375,2.E-02));
#7563 = VECTOR('',#7564,1.);
#7564 = DIRECTION('',(1.,0.));
#7565 = ( GEOMETRIC_REPRESENTATION_CONTEXT(2) 
PARAMETRIC_REPRESENTATION_CONTEXT() REPRESENTATION_CONTEXT('2D SPACE',''
  ) );
#7566 = PCURVE('',#4373,#7567);
#7567 = DEFINITIONAL_REPRESENTATION('',(#7568),#7572);
#7568 = LINE('',#7569,#7570);
#7569 = CARTESIAN_POINT('',(-0.6875,-1.5));
#7570 = VECTOR('',#7571,1.);
#7571 = DIRECTION('',(-1.,0.));
#7572 = ( GEOMETRIC_REPRESENTATION_CONTEXT(2) 
PARAMETRIC_REPRESENTATION_CONTEXT() REPRESENTATION_CONTEXT('2D SPACE',''
  ) );
#7573 = ORIENTED_EDGE('',*,*,#7483,.F.);
#7574 = ADVANCED_FACE('',(#7575),#4373,.T.);
#7575 = FACE_BOUND('',#7576,.T.);
#7576 = EDGE_LOOP('',(#7577,#7578,#7579,#7580,#7581,#7582));
#7577 = ORIENTED_EDGE('',*,*,#5056,.F.);
#7578 = ORIENTED_EDGE('',*,*,#7435,.F.);
#7579 = ORIENTED_EDGE('',*,*,#7506,.F.);
#7580 = ORIENTED_EDGE('',*,*,#7553,.F.);
#7581 = ORIENTED_EDGE('',*,*,#4832,.F.);
#7582 = ORIENTED_EDGE('',*,*,#4358,.F.);
#7583 = ADVANCED_FACE('',(#7584),#7598,.F.);
#7584 = FACE_BOUND('',#7585,.T.);
#7585 = EDGE_LOOP('',(#7586,#7616,#7639,#7662));
#7586 = ORIENTED_EDGE('',*,*,#7587,.F.);
#7587 = EDGE_CURVE('',#7588,#7590,#7592,.T.);
#7588 = VERTEX_POINT('',#7589);
#7589 = CARTESIAN_POINT('',(1.28125,-9.595,0.8));
#7590 = VERTEX_POINT('',#7591);
#7591 = CARTESIAN_POINT('',(2.2875,-9.595,0.8));
#7592 = SURFACE_CURVE('',#7593,(#7597,#7609),.PCURVE_S1.);
#7593 = LINE('',#7594,#7595);
#7594 = CARTESIAN_POINT('',(0.640625,-9.595,0.8));
#7595 = VECTOR('',#7596,1.);
#7596 = DIRECTION('',(1.,0.,0.));
#7597 = PCURVE('',#7598,#7603);
#7598 = PLANE('',#7599);
#7599 = AXIS2_PLACEMENT_3D('',#7600,#7601,#7602);
#7600 = CARTESIAN_POINT('',(1.28125,-9.595,0.8));
#7601 = DIRECTION('',(0.,1.,0.));
#7602 = DIRECTION('',(1.,0.,0.));
#7603 = DEFINITIONAL_REPRESENTATION('',(#7604),#7608);
#7604 = LINE('',#7605,#7606);
#7605 = CARTESIAN_POINT('',(-0.640625,0.));
#7606 = VECTOR('',#7607,1.);
#7607 = DIRECTION('',(1.,0.));
#7608 = ( GEOMETRIC_REPRESENTATION_CONTEXT(2) 
PARAMETRIC_REPRESENTATION_CONTEXT() REPRESENTATION_CONTEXT('2D SPACE',''
  ) );
#7609 = PCURVE('',#3495,#7610);
#7610 = DEFINITIONAL_REPRESENTATION('',(#7611),#7615);
#7611 = LINE('',#7612,#7613);
#7612 = CARTESIAN_POINT('',(0.640625,-7.895));
#7613 = VECTOR('',#7614,1.);
#7614 = DIRECTION('',(1.,0.));
#7615 = ( GEOMETRIC_REPRESENTATION_CONTEXT(2) 
PARAMETRIC_REPRESENTATION_CONTEXT() REPRESENTATION_CONTEXT('2D SPACE',''
  ) );
#7616 = ORIENTED_EDGE('',*,*,#7617,.T.);
#7617 = EDGE_CURVE('',#7588,#7618,#7620,.T.);
#7618 = VERTEX_POINT('',#7619);
#7619 = CARTESIAN_POINT('',(1.28125,-9.595,0.78));
#7620 = SURFACE_CURVE('',#7621,(#7625,#7632),.PCURVE_S1.);
#7621 = LINE('',#7622,#7623);
#7622 = CARTESIAN_POINT('',(1.28125,-9.595,0.8));
#7623 = VECTOR('',#7624,1.);
#7624 = DIRECTION('',(0.,0.,-1.));
#7625 = PCURVE('',#7598,#7626);
#7626 = DEFINITIONAL_REPRESENTATION('',(#7627),#7631);
#7627 = LINE('',#7628,#7629);
#7628 = CARTESIAN_POINT('',(0.,0.));
#7629 = VECTOR('',#7630,1.);
#7630 = DIRECTION('',(0.,1.));
#7631 = ( GEOMETRIC_REPRESENTATION_CONTEXT(2) 
PARAMETRIC_REPRESENTATION_CONTEXT() REPRESENTATION_CONTEXT('2D SPACE',''
  ) );
#7632 = PCURVE('',#5470,#7633);
#7633 = DEFINITIONAL_REPRESENTATION('',(#7634),#7638);
#7634 = LINE('',#7635,#7636);
#7635 = CARTESIAN_POINT('',(1.25,0.));
#7636 = VECTOR('',#7637,1.);
#7637 = DIRECTION('',(0.,1.));
#7638 = ( GEOMETRIC_REPRESENTATION_CONTEXT(2) 
PARAMETRIC_REPRESENTATION_CONTEXT() REPRESENTATION_CONTEXT('2D SPACE',''
  ) );
#7639 = ORIENTED_EDGE('',*,*,#7640,.T.);
#7640 = EDGE_CURVE('',#7618,#7641,#7643,.T.);
#7641 = VERTEX_POINT('',#7642);
#7642 = CARTESIAN_POINT('',(2.2875,-9.595,0.78));
#7643 = SURFACE_CURVE('',#7644,(#7648,#7655),.PCURVE_S1.);
#7644 = LINE('',#7645,#7646);
#7645 = CARTESIAN_POINT('',(2.2875,-9.595,0.78));
#7646 = VECTOR('',#7647,1.);
#7647 = DIRECTION('',(1.,0.,0.));
#7648 = PCURVE('',#7598,#7649);
#7649 = DEFINITIONAL_REPRESENTATION('',(#7650),#7654);
#7650 = LINE('',#7651,#7652);
#7651 = CARTESIAN_POINT('',(1.00625,2.E-02));
#7652 = VECTOR('',#7653,1.);
#7653 = DIRECTION('',(1.,0.));
#7654 = ( GEOMETRIC_REPRESENTATION_CONTEXT(2) 
PARAMETRIC_REPRESENTATION_CONTEXT() REPRESENTATION_CONTEXT('2D SPACE',''
  ) );
#7655 = PCURVE('',#4139,#7656);
#7656 = DEFINITIONAL_REPRESENTATION('',(#7657),#7661);
#7657 = LINE('',#7658,#7659);
#7658 = CARTESIAN_POINT('',(-0.503125,-0.625));
#7659 = VECTOR('',#7660,1.);
#7660 = DIRECTION('',(-1.,0.));
#7661 = ( GEOMETRIC_REPRESENTATION_CONTEXT(2) 
PARAMETRIC_REPRESENTATION_CONTEXT() REPRESENTATION_CONTEXT('2D SPACE',''
  ) );
#7662 = ORIENTED_EDGE('',*,*,#7663,.F.);
#7663 = EDGE_CURVE('',#7590,#7641,#7664,.T.);
#7664 = SURFACE_CURVE('',#7665,(#7669,#7676),.PCURVE_S1.);
#7665 = LINE('',#7666,#7667);
#7666 = CARTESIAN_POINT('',(2.2875,-9.595,0.8));
#7667 = VECTOR('',#7668,1.);
#7668 = DIRECTION('',(0.,0.,-1.));
#7669 = PCURVE('',#7598,#7670);
#7670 = DEFINITIONAL_REPRESENTATION('',(#7671),#7675);
#7671 = LINE('',#7672,#7673);
#7672 = CARTESIAN_POINT('',(1.00625,0.));
#7673 = VECTOR('',#7674,1.);
#7674 = DIRECTION('',(0.,1.));
#7675 = ( GEOMETRIC_REPRESENTATION_CONTEXT(2) 
PARAMETRIC_REPRESENTATION_CONTEXT() REPRESENTATION_CONTEXT('2D SPACE',''
  ) );
#7676 = PCURVE('',#5644,#7677);
#7677 = DEFINITIONAL_REPRESENTATION('',(#7678),#7682);
#7678 = LINE('',#7679,#7680);
#7679 = CARTESIAN_POINT('',(0.,0.));
#7680 = VECTOR('',#7681,1.);
#7681 = DIRECTION('',(0.,1.));
#7682 = ( GEOMETRIC_REPRESENTATION_CONTEXT(2) 
PARAMETRIC_REPRESENTATION_CONTEXT() REPRESENTATION_CONTEXT('2D SPACE',''
  ) );
#7683 = ADVANCED_FACE('',(#7684),#5470,.F.);
#7684 = FACE_BOUND('',#7685,.T.);
#7685 = EDGE_LOOP('',(#7686,#7707,#7708,#7729));
#7686 = ORIENTED_EDGE('',*,*,#7687,.F.);
#7687 = EDGE_CURVE('',#5455,#7588,#7688,.T.);
#7688 = SURFACE_CURVE('',#7689,(#7693,#7700),.PCURVE_S1.);
#7689 = LINE('',#7690,#7691);
#7690 = CARTESIAN_POINT('',(1.28125,-6.2725,0.8));
#7691 = VECTOR('',#7692,1.);
#7692 = DIRECTION('',(0.,1.,0.));
#7693 = PCURVE('',#5470,#7694);
#7694 = DEFINITIONAL_REPRESENTATION('',(#7695),#7699);
#7695 = LINE('',#7696,#7697);
#7696 = CARTESIAN_POINT('',(4.5725,0.));
#7697 = VECTOR('',#7698,1.);
#7698 = DIRECTION('',(1.,0.));
#7699 = ( GEOMETRIC_REPRESENTATION_CONTEXT(2) 
PARAMETRIC_REPRESENTATION_CONTEXT() REPRESENTATION_CONTEXT('2D SPACE',''
  ) );
#7700 = PCURVE('',#3495,#7701);
#7701 = DEFINITIONAL_REPRESENTATION('',(#7702),#7706);
#7702 = LINE('',#7703,#7704);
#7703 = CARTESIAN_POINT('',(1.28125,-4.5725));
#7704 = VECTOR('',#7705,1.);
#7705 = DIRECTION('',(0.,1.));
#7706 = ( GEOMETRIC_REPRESENTATION_CONTEXT(2) 
PARAMETRIC_REPRESENTATION_CONTEXT() REPRESENTATION_CONTEXT('2D SPACE',''
  ) );
#7707 = ORIENTED_EDGE('',*,*,#5454,.F.);
#7708 = ORIENTED_EDGE('',*,*,#7709,.T.);
#7709 = EDGE_CURVE('',#4097,#7618,#7710,.T.);
#7710 = SURFACE_CURVE('',#7711,(#7715,#7722),.PCURVE_S1.);
#7711 = LINE('',#7712,#7713);
#7712 = CARTESIAN_POINT('',(1.28125,-9.595,0.78));
#7713 = VECTOR('',#7714,1.);
#7714 = DIRECTION('',(0.,1.,0.));
#7715 = PCURVE('',#5470,#7716);
#7716 = DEFINITIONAL_REPRESENTATION('',(#7717),#7721);
#7717 = LINE('',#7718,#7719);
#7718 = CARTESIAN_POINT('',(1.25,2.E-02));
#7719 = VECTOR('',#7720,1.);
#7720 = DIRECTION('',(1.,0.));
#7721 = ( GEOMETRIC_REPRESENTATION_CONTEXT(2) 
PARAMETRIC_REPRESENTATION_CONTEXT() REPRESENTATION_CONTEXT('2D SPACE',''
  ) );
#7722 = PCURVE('',#4139,#7723);
#7723 = DEFINITIONAL_REPRESENTATION('',(#7724),#7728);
#7724 = LINE('',#7725,#7726);
#7725 = CARTESIAN_POINT('',(0.503125,-0.625));
#7726 = VECTOR('',#7727,1.);
#7727 = DIRECTION('',(0.,-1.));
#7728 = ( GEOMETRIC_REPRESENTATION_CONTEXT(2) 
PARAMETRIC_REPRESENTATION_CONTEXT() REPRESENTATION_CONTEXT('2D SPACE',''
  ) );
#7729 = ORIENTED_EDGE('',*,*,#7617,.F.);
#7730 = ADVANCED_FACE('',(#7731),#5644,.F.);
#7731 = FACE_BOUND('',#7732,.T.);
#7732 = EDGE_LOOP('',(#7733,#7754,#7755,#7776));
#7733 = ORIENTED_EDGE('',*,*,#7734,.F.);
#7734 = EDGE_CURVE('',#7590,#5608,#7735,.T.);
#7735 = SURFACE_CURVE('',#7736,(#7740,#7747),.PCURVE_S1.);
#7736 = LINE('',#7737,#7738);
#7737 = CARTESIAN_POINT('',(2.2875,-5.6475,0.8));
#7738 = VECTOR('',#7739,1.);
#7739 = DIRECTION('',(0.,-1.,0.));
#7740 = PCURVE('',#5644,#7741);
#7741 = DEFINITIONAL_REPRESENTATION('',(#7742),#7746);
#7742 = LINE('',#7743,#7744);
#7743 = CARTESIAN_POINT('',(-3.9475,0.));
#7744 = VECTOR('',#7745,1.);
#7745 = DIRECTION('',(1.,0.));
#7746 = ( GEOMETRIC_REPRESENTATION_CONTEXT(2) 
PARAMETRIC_REPRESENTATION_CONTEXT() REPRESENTATION_CONTEXT('2D SPACE',''
  ) );
#7747 = PCURVE('',#3495,#7748);
#7748 = DEFINITIONAL_REPRESENTATION('',(#7749),#7753);
#7749 = LINE('',#7750,#7751);
#7750 = CARTESIAN_POINT('',(2.2875,-3.9475));
#7751 = VECTOR('',#7752,1.);
#7752 = DIRECTION('',(0.,-1.));
#7753 = ( GEOMETRIC_REPRESENTATION_CONTEXT(2) 
PARAMETRIC_REPRESENTATION_CONTEXT() REPRESENTATION_CONTEXT('2D SPACE',''
  ) );
#7754 = ORIENTED_EDGE('',*,*,#7663,.T.);
#7755 = ORIENTED_EDGE('',*,*,#7756,.T.);
#7756 = EDGE_CURVE('',#7641,#4038,#7757,.T.);
#7757 = SURFACE_CURVE('',#7758,(#7762,#7769),.PCURVE_S1.);
#7758 = LINE('',#7759,#7760);
#7759 = CARTESIAN_POINT('',(2.2875,-10.845,0.78));
#7760 = VECTOR('',#7761,1.);
#7761 = DIRECTION('',(0.,-1.,0.));
#7762 = PCURVE('',#5644,#7763);
#7763 = DEFINITIONAL_REPRESENTATION('',(#7764),#7768);
#7764 = LINE('',#7765,#7766);
#7765 = CARTESIAN_POINT('',(1.25,2.E-02));
#7766 = VECTOR('',#7767,1.);
#7767 = DIRECTION('',(1.,0.));
#7768 = ( GEOMETRIC_REPRESENTATION_CONTEXT(2) 
PARAMETRIC_REPRESENTATION_CONTEXT() REPRESENTATION_CONTEXT('2D SPACE',''
  ) );
#7769 = PCURVE('',#4139,#7770);
#7770 = DEFINITIONAL_REPRESENTATION('',(#7771),#7775);
#7771 = LINE('',#7772,#7773);
#7772 = CARTESIAN_POINT('',(-0.503125,0.625));
#7773 = VECTOR('',#7774,1.);
#7774 = DIRECTION('',(0.,1.));
#7775 = ( GEOMETRIC_REPRESENTATION_CONTEXT(2) 
PARAMETRIC_REPRESENTATION_CONTEXT() REPRESENTATION_CONTEXT('2D SPACE',''
  ) );
#7776 = ORIENTED_EDGE('',*,*,#5630,.T.);
#7777 = ADVANCED_FACE('',(#7778),#4139,.T.);
#7778 = FACE_BOUND('',#7779,.T.);
#7779 = EDGE_LOOP('',(#7780,#7781,#7782,#7783));
#7780 = ORIENTED_EDGE('',*,*,#7756,.F.);
#7781 = ORIENTED_EDGE('',*,*,#7640,.F.);
#7782 = ORIENTED_EDGE('',*,*,#7709,.F.);
#7783 = ORIENTED_EDGE('',*,*,#4124,.F.);
#7784 = ADVANCED_FACE('',(#7785),#3900,.F.);
#7785 = FACE_BOUND('',#7786,.F.);
#7786 = EDGE_LOOP('',(#7787,#7813,#7834,#7860));
#7787 = ORIENTED_EDGE('',*,*,#7788,.T.);
#7788 = EDGE_CURVE('',#3859,#3831,#7789,.T.);
#7789 = SURFACE_CURVE('',#7790,(#7795,#7802),.PCURVE_S1.);
#7790 = CIRCLE('',#7791,1.2);
#7791 = AXIS2_PLACEMENT_3D('',#7792,#7793,#7794);
#7792 = CARTESIAN_POINT('',(-4.75,4.745,0.8));
#7793 = DIRECTION('',(0.,0.,-1.));
#7794 = DIRECTION('',(-1.,0.,0.));
#7795 = PCURVE('',#3900,#7796);
#7796 = DEFINITIONAL_REPRESENTATION('',(#7797),#7801);
#7797 = LINE('',#7798,#7799);
#7798 = CARTESIAN_POINT('',(0.,0.));
#7799 = VECTOR('',#7800,1.);
#7800 = DIRECTION('',(1.,0.));
#7801 = ( GEOMETRIC_REPRESENTATION_CONTEXT(2) 
PARAMETRIC_REPRESENTATION_CONTEXT() REPRESENTATION_CONTEXT('2D SPACE',''
  ) );
#7802 = PCURVE('',#3495,#7803);
#7803 = DEFINITIONAL_REPRESENTATION('',(#7804),#7812);
#7804 = ( BOUNDED_CURVE() B_SPLINE_CURVE(2,(#7805,#7806,#7807,#7808,
#7809,#7810,#7811),.UNSPECIFIED.,.T.,.F.) B_SPLINE_CURVE_WITH_KNOTS((1,2
    ,2,2,2,1),(-2.094395102393,0.,2.094395102393,4.188790204786,
6.28318530718,8.377580409573),.UNSPECIFIED.) CURVE() 
GEOMETRIC_REPRESENTATION_ITEM() RATIONAL_B_SPLINE_CURVE((1.,0.5,1.,0.5,
1.,0.5,1.)) REPRESENTATION_ITEM('') );
#7805 = CARTESIAN_POINT('',(-5.95,6.445));
#7806 = CARTESIAN_POINT('',(-5.95,8.523460969083));
#7807 = CARTESIAN_POINT('',(-4.15,7.484230484541));
#7808 = CARTESIAN_POINT('',(-2.35,6.445));
#7809 = CARTESIAN_POINT('',(-4.15,5.405769515459));
#7810 = CARTESIAN_POINT('',(-5.95,4.366539030917));
#7811 = CARTESIAN_POINT('',(-5.95,6.445));
#7812 = ( GEOMETRIC_REPRESENTATION_CONTEXT(2) 
PARAMETRIC_REPRESENTATION_CONTEXT() REPRESENTATION_CONTEXT('2D SPACE',''
  ) );
#7813 = ORIENTED_EDGE('',*,*,#7814,.T.);
#7814 = EDGE_CURVE('',#3831,#3791,#7815,.T.);
#7815 = SURFACE_CURVE('',#7816,(#7820,#7827),.PCURVE_S1.);
#7816 = LINE('',#7817,#7818);
#7817 = CARTESIAN_POINT('',(-3.901471862576,3.896471862576,0.8));
#7818 = VECTOR('',#7819,1.);
#7819 = DIRECTION('',(0.,0.,-1.));
#7820 = PCURVE('',#3900,#7821);
#7821 = DEFINITIONAL_REPRESENTATION('',(#7822),#7826);
#7822 = LINE('',#7823,#7824);
#7823 = CARTESIAN_POINT('',(3.926990816987,0.));
#7824 = VECTOR('',#7825,1.);
#7825 = DIRECTION('',(0.,1.));
#7826 = ( GEOMETRIC_REPRESENTATION_CONTEXT(2) 
PARAMETRIC_REPRESENTATION_CONTEXT() REPRESENTATION_CONTEXT('2D SPACE',''
  ) );
#7827 = PCURVE('',#3596,#7828);
#7828 = DEFINITIONAL_REPRESENTATION('',(#7829),#7833);
#7829 = LINE('',#7830,#7831);
#7830 = CARTESIAN_POINT('',(0.785398163397,0.));
#7831 = VECTOR('',#7832,1.);
#7832 = DIRECTION('',(0.,1.));
#7833 = ( GEOMETRIC_REPRESENTATION_CONTEXT(2) 
PARAMETRIC_REPRESENTATION_CONTEXT() REPRESENTATION_CONTEXT('2D SPACE',''
  ) );
#7834 = ORIENTED_EDGE('',*,*,#7835,.F.);
#7835 = EDGE_CURVE('',#3793,#3791,#7836,.T.);
#7836 = SURFACE_CURVE('',#7837,(#7842,#7849),.PCURVE_S1.);
#7837 = CIRCLE('',#7838,1.2);
#7838 = AXIS2_PLACEMENT_3D('',#7839,#7840,#7841);
#7839 = CARTESIAN_POINT('',(-4.75,4.745,0.78));
#7840 = DIRECTION('',(0.,0.,-1.));
#7841 = DIRECTION('',(-1.,0.,0.));
#7842 = PCURVE('',#3900,#7843);
#7843 = DEFINITIONAL_REPRESENTATION('',(#7844),#7848);
#7844 = LINE('',#7845,#7846);
#7845 = CARTESIAN_POINT('',(0.,2.E-02));
#7846 = VECTOR('',#7847,1.);
#7847 = DIRECTION('',(1.,0.));
#7848 = ( GEOMETRIC_REPRESENTATION_CONTEXT(2) 
PARAMETRIC_REPRESENTATION_CONTEXT() REPRESENTATION_CONTEXT('2D SPACE',''
  ) );
#7849 = PCURVE('',#3814,#7850);
#7850 = DEFINITIONAL_REPRESENTATION('',(#7851),#7859);
#7851 = ( BOUNDED_CURVE() B_SPLINE_CURVE(2,(#7852,#7853,#7854,#7855,
#7856,#7857,#7858),.UNSPECIFIED.,.T.,.F.) B_SPLINE_CURVE_WITH_KNOTS((1,2
    ,2,2,2,1),(-2.094395102393,0.,2.094395102393,4.188790204786,
6.28318530718,8.377580409573),.UNSPECIFIED.) CURVE() 
GEOMETRIC_REPRESENTATION_ITEM() RATIONAL_B_SPLINE_CURVE((1.,0.5,1.,0.5,
1.,0.5,1.)) REPRESENTATION_ITEM('') );
#7852 = CARTESIAN_POINT('',(1.2,0.));
#7853 = CARTESIAN_POINT('',(1.2,-2.078460969083));
#7854 = CARTESIAN_POINT('',(-0.6,-1.039230484541));
#7855 = CARTESIAN_POINT('',(-2.4,-2.939152317954E-16));
#7856 = CARTESIAN_POINT('',(-0.6,1.039230484541));
#7857 = CARTESIAN_POINT('',(1.2,2.078460969083));
#7858 = CARTESIAN_POINT('',(1.2,0.));
#7859 = ( GEOMETRIC_REPRESENTATION_CONTEXT(2) 
PARAMETRIC_REPRESENTATION_CONTEXT() REPRESENTATION_CONTEXT('2D SPACE',''
  ) );
#7860 = ORIENTED_EDGE('',*,*,#3886,.F.);
#7861 = ADVANCED_FACE('',(#7862,#7866),#3814,.T.);
#7862 = FACE_BOUND('',#7863,.T.);
#7863 = EDGE_LOOP('',(#7864,#7865));
#7864 = ORIENTED_EDGE('',*,*,#3790,.F.);
#7865 = ORIENTED_EDGE('',*,*,#7835,.F.);
#7866 = FACE_BOUND('',#7867,.T.);
#7867 = EDGE_LOOP('',(#7868));
#7868 = ORIENTED_EDGE('',*,*,#7869,.F.);
#7869 = EDGE_CURVE('',#7870,#7870,#7872,.T.);
#7870 = VERTEX_POINT('',#7871);
#7871 = CARTESIAN_POINT('',(-3.85,4.745,0.78));
#7872 = SURFACE_CURVE('',#7873,(#7878,#7885),.PCURVE_S1.);
#7873 = CIRCLE('',#7874,0.9);
#7874 = AXIS2_PLACEMENT_3D('',#7875,#7876,#7877);
#7875 = CARTESIAN_POINT('',(-4.75,4.745,0.78));
#7876 = DIRECTION('',(0.,0.,1.));
#7877 = DIRECTION('',(-1.,0.,0.));
#7878 = PCURVE('',#3814,#7879);
#7879 = DEFINITIONAL_REPRESENTATION('',(#7880),#7884);
#7880 = CIRCLE('',#7881,0.9);
#7881 = AXIS2_PLACEMENT_2D('',#7882,#7883);
#7882 = CARTESIAN_POINT('',(0.,0.));
#7883 = DIRECTION('',(1.,0.));
#7884 = ( GEOMETRIC_REPRESENTATION_CONTEXT(2) 
PARAMETRIC_REPRESENTATION_CONTEXT() REPRESENTATION_CONTEXT('2D SPACE',''
  ) );
#7885 = PCURVE('',#6171,#7886);
#7886 = DEFINITIONAL_REPRESENTATION('',(#7887),#7891);
#7887 = LINE('',#7888,#7889);
#7888 = CARTESIAN_POINT('',(6.28318530718,2.E-02));
#7889 = VECTOR('',#7890,1.);
#7890 = DIRECTION('',(-1.,0.));
#7891 = ( GEOMETRIC_REPRESENTATION_CONTEXT(2) 
PARAMETRIC_REPRESENTATION_CONTEXT() REPRESENTATION_CONTEXT('2D SPACE',''
  ) );
#7892 = ADVANCED_FACE('',(#7893),#3596,.F.);
#7893 = FACE_BOUND('',#7894,.F.);
#7894 = EDGE_LOOP('',(#7895,#7921,#7922,#7953));
#7895 = ORIENTED_EDGE('',*,*,#7896,.T.);
#7896 = EDGE_CURVE('',#3831,#3581,#7897,.T.);
#7897 = SURFACE_CURVE('',#7898,(#7903,#7910),.PCURVE_S1.);
#7898 = CIRCLE('',#7899,5.517514421272);
#7899 = AXIS2_PLACEMENT_3D('',#7900,#7901,#7902);
#7900 = CARTESIAN_POINT('',(0.,-5.E-03,0.8));
#7901 = DIRECTION('',(0.,0.,-1.));
#7902 = DIRECTION('',(-1.,0.,0.));
#7903 = PCURVE('',#3596,#7904);
#7904 = DEFINITIONAL_REPRESENTATION('',(#7905),#7909);
#7905 = LINE('',#7906,#7907);
#7906 = CARTESIAN_POINT('',(-1.110223024625E-16,0.));
#7907 = VECTOR('',#7908,1.);
#7908 = DIRECTION('',(1.,0.));
#7909 = ( GEOMETRIC_REPRESENTATION_CONTEXT(2) 
PARAMETRIC_REPRESENTATION_CONTEXT() REPRESENTATION_CONTEXT('2D SPACE',''
  ) );
#7910 = PCURVE('',#3495,#7911);
#7911 = DEFINITIONAL_REPRESENTATION('',(#7912),#7920);
#7912 = ( BOUNDED_CURVE() B_SPLINE_CURVE(2,(#7913,#7914,#7915,#7916,
#7917,#7918,#7919),.UNSPECIFIED.,.T.,.F.) B_SPLINE_CURVE_WITH_KNOTS((1,2
    ,2,2,2,1),(-2.094395102393,0.,2.094395102393,4.188790204786,
6.28318530718,8.377580409573),.UNSPECIFIED.) CURVE() 
GEOMETRIC_REPRESENTATION_ITEM() RATIONAL_B_SPLINE_CURVE((1.,0.5,1.,0.5,
1.,0.5,1.)) REPRESENTATION_ITEM('') );
#7913 = CARTESIAN_POINT('',(-5.517514421272,1.695));
#7914 = CARTESIAN_POINT('',(-5.517514421272,11.251615309137));
#7915 = CARTESIAN_POINT('',(2.758757210636,6.473307654569));
#7916 = CARTESIAN_POINT('',(11.035028842544,1.695));
#7917 = CARTESIAN_POINT('',(2.758757210636,-3.083307654569));
#7918 = CARTESIAN_POINT('',(-5.517514421272,-7.861615309137));
#7919 = CARTESIAN_POINT('',(-5.517514421272,1.695));
#7920 = ( GEOMETRIC_REPRESENTATION_CONTEXT(2) 
PARAMETRIC_REPRESENTATION_CONTEXT() REPRESENTATION_CONTEXT('2D SPACE',''
  ) );
#7921 = ORIENTED_EDGE('',*,*,#3580,.T.);
#7922 = ORIENTED_EDGE('',*,*,#7923,.F.);
#7923 = EDGE_CURVE('',#3791,#3541,#7924,.T.);
#7924 = SURFACE_CURVE('',#7925,(#7930,#7937),.PCURVE_S1.);
#7925 = CIRCLE('',#7926,5.517514421272);
#7926 = AXIS2_PLACEMENT_3D('',#7927,#7928,#7929);
#7927 = CARTESIAN_POINT('',(0.,-5.E-03,0.78));
#7928 = DIRECTION('',(0.,0.,-1.));
#7929 = DIRECTION('',(-1.,0.,0.));
#7930 = PCURVE('',#3596,#7931);
#7931 = DEFINITIONAL_REPRESENTATION('',(#7932),#7936);
#7932 = LINE('',#7933,#7934);
#7933 = CARTESIAN_POINT('',(-1.110223024625E-16,2.E-02));
#7934 = VECTOR('',#7935,1.);
#7935 = DIRECTION('',(1.,0.));
#7936 = ( GEOMETRIC_REPRESENTATION_CONTEXT(2) 
PARAMETRIC_REPRESENTATION_CONTEXT() REPRESENTATION_CONTEXT('2D SPACE',''
  ) );
#7937 = PCURVE('',#7938,#7943);
#7938 = PLANE('',#7939);
#7939 = AXIS2_PLACEMENT_3D('',#7940,#7941,#7942);
#7940 = CARTESIAN_POINT('',(0.,-5.E-03,0.78));
#7941 = DIRECTION('',(0.,0.,1.));
#7942 = DIRECTION('',(-1.,0.,0.));
#7943 = DEFINITIONAL_REPRESENTATION('',(#7944),#7952);
#7944 = ( BOUNDED_CURVE() B_SPLINE_CURVE(2,(#7945,#7946,#7947,#7948,
#7949,#7950,#7951),.UNSPECIFIED.,.T.,.F.) B_SPLINE_CURVE_WITH_KNOTS((1,2
    ,2,2,2,1),(-2.094395102393,0.,2.094395102393,4.188790204786,
6.28318530718,8.377580409573),.UNSPECIFIED.) CURVE() 
GEOMETRIC_REPRESENTATION_ITEM() RATIONAL_B_SPLINE_CURVE((1.,0.5,1.,0.5,
1.,0.5,1.)) REPRESENTATION_ITEM('') );
#7945 = CARTESIAN_POINT('',(5.517514421272,0.));
#7946 = CARTESIAN_POINT('',(5.517514421272,-9.556615309137));
#7947 = CARTESIAN_POINT('',(-2.758757210636,-4.778307654569));
#7948 = CARTESIAN_POINT('',(-11.03502884254,-1.351401275052E-15));
#7949 = CARTESIAN_POINT('',(-2.758757210636,4.778307654569));
#7950 = CARTESIAN_POINT('',(5.517514421272,9.556615309137));
#7951 = CARTESIAN_POINT('',(5.517514421272,0.));
#7952 = ( GEOMETRIC_REPRESENTATION_CONTEXT(2) 
PARAMETRIC_REPRESENTATION_CONTEXT() REPRESENTATION_CONTEXT('2D SPACE',''
  ) );
#7953 = ORIENTED_EDGE('',*,*,#7814,.F.);
#7954 = ADVANCED_FACE('',(#7955),#3775,.F.);
#7955 = FACE_BOUND('',#7956,.F.);
#7956 = EDGE_LOOP('',(#7957,#7983,#8004,#8030));
#7957 = ORIENTED_EDGE('',*,*,#7958,.T.);
#7958 = EDGE_CURVE('',#3734,#3706,#7959,.T.);
#7959 = SURFACE_CURVE('',#7960,(#7965,#7972),.PCURVE_S1.);
#7960 = CIRCLE('',#7961,1.2);
#7961 = AXIS2_PLACEMENT_3D('',#7962,#7963,#7964);
#7962 = CARTESIAN_POINT('',(4.75,-4.755,0.8));
#7963 = DIRECTION('',(0.,0.,-1.));
#7964 = DIRECTION('',(-1.,0.,0.));
#7965 = PCURVE('',#3775,#7966);
#7966 = DEFINITIONAL_REPRESENTATION('',(#7967),#7971);
#7967 = LINE('',#7968,#7969);
#7968 = CARTESIAN_POINT('',(0.,0.));
#7969 = VECTOR('',#7970,1.);
#7970 = DIRECTION('',(1.,0.));
#7971 = ( GEOMETRIC_REPRESENTATION_CONTEXT(2) 
PARAMETRIC_REPRESENTATION_CONTEXT() REPRESENTATION_CONTEXT('2D SPACE',''
  ) );
#7972 = PCURVE('',#3495,#7973);
#7973 = DEFINITIONAL_REPRESENTATION('',(#7974),#7982);
#7974 = ( BOUNDED_CURVE() B_SPLINE_CURVE(2,(#7975,#7976,#7977,#7978,
#7979,#7980,#7981),.UNSPECIFIED.,.T.,.F.) B_SPLINE_CURVE_WITH_KNOTS((1,2
    ,2,2,2,1),(-2.094395102393,0.,2.094395102393,4.188790204786,
6.28318530718,8.377580409573),.UNSPECIFIED.) CURVE() 
GEOMETRIC_REPRESENTATION_ITEM() RATIONAL_B_SPLINE_CURVE((1.,0.5,1.,0.5,
1.,0.5,1.)) REPRESENTATION_ITEM('') );
#7975 = CARTESIAN_POINT('',(3.55,-3.055));
#7976 = CARTESIAN_POINT('',(3.55,-0.976539030917));
#7977 = CARTESIAN_POINT('',(5.35,-2.015769515459));
#7978 = CARTESIAN_POINT('',(7.15,-3.055));
#7979 = CARTESIAN_POINT('',(5.35,-4.094230484541));
#7980 = CARTESIAN_POINT('',(3.55,-5.133460969083));
#7981 = CARTESIAN_POINT('',(3.55,-3.055));
#7982 = ( GEOMETRIC_REPRESENTATION_CONTEXT(2) 
PARAMETRIC_REPRESENTATION_CONTEXT() REPRESENTATION_CONTEXT('2D SPACE',''
  ) );
#7983 = ORIENTED_EDGE('',*,*,#7984,.T.);
#7984 = EDGE_CURVE('',#3706,#3666,#7985,.T.);
#7985 = SURFACE_CURVE('',#7986,(#7990,#7997),.PCURVE_S1.);
#7986 = LINE('',#7987,#7988);
#7987 = CARTESIAN_POINT('',(3.901471862576,-3.906471862576,0.8));
#7988 = VECTOR('',#7989,1.);
#7989 = DIRECTION('',(0.,0.,-1.));
#7990 = PCURVE('',#3775,#7991);
#7991 = DEFINITIONAL_REPRESENTATION('',(#7992),#7996);
#7992 = LINE('',#7993,#7994);
#7993 = CARTESIAN_POINT('',(7.068583470577,0.));
#7994 = VECTOR('',#7995,1.);
#7995 = DIRECTION('',(0.,1.));
#7996 = ( GEOMETRIC_REPRESENTATION_CONTEXT(2) 
PARAMETRIC_REPRESENTATION_CONTEXT() REPRESENTATION_CONTEXT('2D SPACE',''
  ) );
#7997 = PCURVE('',#3466,#7998);
#7998 = DEFINITIONAL_REPRESENTATION('',(#7999),#8003);
#7999 = LINE('',#8000,#8001);
#8000 = CARTESIAN_POINT('',(3.926990816987,0.));
#8001 = VECTOR('',#8002,1.);
#8002 = DIRECTION('',(0.,1.));
#8003 = ( GEOMETRIC_REPRESENTATION_CONTEXT(2) 
PARAMETRIC_REPRESENTATION_CONTEXT() REPRESENTATION_CONTEXT('2D SPACE',''
  ) );
#8004 = ORIENTED_EDGE('',*,*,#8005,.F.);
#8005 = EDGE_CURVE('',#3668,#3666,#8006,.T.);
#8006 = SURFACE_CURVE('',#8007,(#8012,#8019),.PCURVE_S1.);
#8007 = CIRCLE('',#8008,1.2);
#8008 = AXIS2_PLACEMENT_3D('',#8009,#8010,#8011);
#8009 = CARTESIAN_POINT('',(4.75,-4.755,0.78));
#8010 = DIRECTION('',(0.,0.,-1.));
#8011 = DIRECTION('',(-1.,0.,0.));
#8012 = PCURVE('',#3775,#8013);
#8013 = DEFINITIONAL_REPRESENTATION('',(#8014),#8018);
#8014 = LINE('',#8015,#8016);
#8015 = CARTESIAN_POINT('',(0.,2.E-02));
#8016 = VECTOR('',#8017,1.);
#8017 = DIRECTION('',(1.,0.));
#8018 = ( GEOMETRIC_REPRESENTATION_CONTEXT(2) 
PARAMETRIC_REPRESENTATION_CONTEXT() REPRESENTATION_CONTEXT('2D SPACE',''
  ) );
#8019 = PCURVE('',#3689,#8020);
#8020 = DEFINITIONAL_REPRESENTATION('',(#8021),#8029);
#8021 = ( BOUNDED_CURVE() B_SPLINE_CURVE(2,(#8022,#8023,#8024,#8025,
#8026,#8027,#8028),.UNSPECIFIED.,.T.,.F.) B_SPLINE_CURVE_WITH_KNOTS((1,2
    ,2,2,2,1),(-2.094395102393,0.,2.094395102393,4.188790204786,
6.28318530718,8.377580409573),.UNSPECIFIED.) CURVE() 
GEOMETRIC_REPRESENTATION_ITEM() RATIONAL_B_SPLINE_CURVE((1.,0.5,1.,0.5,
1.,0.5,1.)) REPRESENTATION_ITEM('') );
#8022 = CARTESIAN_POINT('',(1.2,0.));
#8023 = CARTESIAN_POINT('',(1.2,-2.078460969083));
#8024 = CARTESIAN_POINT('',(-0.6,-1.039230484541));
#8025 = CARTESIAN_POINT('',(-2.4,-2.939152317954E-16));
#8026 = CARTESIAN_POINT('',(-0.6,1.039230484541));
#8027 = CARTESIAN_POINT('',(1.2,2.078460969083));
#8028 = CARTESIAN_POINT('',(1.2,0.));
#8029 = ( GEOMETRIC_REPRESENTATION_CONTEXT(2) 
PARAMETRIC_REPRESENTATION_CONTEXT() REPRESENTATION_CONTEXT('2D SPACE',''
  ) );
#8030 = ORIENTED_EDGE('',*,*,#3761,.F.);
#8031 = ADVANCED_FACE('',(#8032,#8036),#3689,.T.);
#8032 = FACE_BOUND('',#8033,.T.);
#8033 = EDGE_LOOP('',(#8034,#8035));
#8034 = ORIENTED_EDGE('',*,*,#3665,.F.);
#8035 = ORIENTED_EDGE('',*,*,#8005,.F.);
#8036 = FACE_BOUND('',#8037,.T.);
#8037 = EDGE_LOOP('',(#8038));
#8038 = ORIENTED_EDGE('',*,*,#8039,.F.);
#8039 = EDGE_CURVE('',#8040,#8040,#8042,.T.);
#8040 = VERTEX_POINT('',#8041);
#8041 = CARTESIAN_POINT('',(5.65,-4.755,0.78));
#8042 = SURFACE_CURVE('',#8043,(#8048,#8055),.PCURVE_S1.);
#8043 = CIRCLE('',#8044,0.9);
#8044 = AXIS2_PLACEMENT_3D('',#8045,#8046,#8047);
#8045 = CARTESIAN_POINT('',(4.75,-4.755,0.78));
#8046 = DIRECTION('',(0.,0.,1.));
#8047 = DIRECTION('',(-1.,0.,0.));
#8048 = PCURVE('',#3689,#8049);
#8049 = DEFINITIONAL_REPRESENTATION('',(#8050),#8054);
#8050 = CIRCLE('',#8051,0.9);
#8051 = AXIS2_PLACEMENT_2D('',#8052,#8053);
#8052 = CARTESIAN_POINT('',(0.,0.));
#8053 = DIRECTION('',(1.,0.));
#8054 = ( GEOMETRIC_REPRESENTATION_CONTEXT(2) 
PARAMETRIC_REPRESENTATION_CONTEXT() REPRESENTATION_CONTEXT('2D SPACE',''
  ) );
#8055 = PCURVE('',#6202,#8056);
#8056 = DEFINITIONAL_REPRESENTATION('',(#8057),#8061);
#8057 = LINE('',#8058,#8059);
#8058 = CARTESIAN_POINT('',(6.28318530718,2.E-02));
#8059 = VECTOR('',#8060,1.);
#8060 = DIRECTION('',(-1.,0.));
#8061 = ( GEOMETRIC_REPRESENTATION_CONTEXT(2) 
PARAMETRIC_REPRESENTATION_CONTEXT() REPRESENTATION_CONTEXT('2D SPACE',''
  ) );
#8062 = ADVANCED_FACE('',(#8063),#3466,.F.);
#8063 = FACE_BOUND('',#8064,.F.);
#8064 = EDGE_LOOP('',(#8065,#8091,#8092,#8118));
#8065 = ORIENTED_EDGE('',*,*,#8066,.T.);
#8066 = EDGE_CURVE('',#3706,#3451,#8067,.T.);
#8067 = SURFACE_CURVE('',#8068,(#8073,#8080),.PCURVE_S1.);
#8068 = CIRCLE('',#8069,5.517514421272);
#8069 = AXIS2_PLACEMENT_3D('',#8070,#8071,#8072);
#8070 = CARTESIAN_POINT('',(0.,-5.E-03,0.8));
#8071 = DIRECTION('',(0.,0.,-1.));
#8072 = DIRECTION('',(-1.,0.,0.));
#8073 = PCURVE('',#3466,#8074);
#8074 = DEFINITIONAL_REPRESENTATION('',(#8075),#8079);
#8075 = LINE('',#8076,#8077);
#8076 = CARTESIAN_POINT('',(-4.440892098501E-16,0.));
#8077 = VECTOR('',#8078,1.);
#8078 = DIRECTION('',(1.,0.));
#8079 = ( GEOMETRIC_REPRESENTATION_CONTEXT(2) 
PARAMETRIC_REPRESENTATION_CONTEXT() REPRESENTATION_CONTEXT('2D SPACE',''
  ) );
#8080 = PCURVE('',#3495,#8081);
#8081 = DEFINITIONAL_REPRESENTATION('',(#8082),#8090);
#8082 = ( BOUNDED_CURVE() B_SPLINE_CURVE(2,(#8083,#8084,#8085,#8086,
#8087,#8088,#8089),.UNSPECIFIED.,.T.,.F.) B_SPLINE_CURVE_WITH_KNOTS((1,2
    ,2,2,2,1),(-2.094395102393,0.,2.094395102393,4.188790204786,
6.28318530718,8.377580409573),.UNSPECIFIED.) CURVE() 
GEOMETRIC_REPRESENTATION_ITEM() RATIONAL_B_SPLINE_CURVE((1.,0.5,1.,0.5,
1.,0.5,1.)) REPRESENTATION_ITEM('') );
#8083 = CARTESIAN_POINT('',(-5.517514421272,1.695));
#8084 = CARTESIAN_POINT('',(-5.517514421272,11.251615309137));
#8085 = CARTESIAN_POINT('',(2.758757210636,6.473307654569));
#8086 = CARTESIAN_POINT('',(11.035028842544,1.695));
#8087 = CARTESIAN_POINT('',(2.758757210636,-3.083307654569));
#8088 = CARTESIAN_POINT('',(-5.517514421272,-7.861615309137));
#8089 = CARTESIAN_POINT('',(-5.517514421272,1.695));
#8090 = ( GEOMETRIC_REPRESENTATION_CONTEXT(2) 
PARAMETRIC_REPRESENTATION_CONTEXT() REPRESENTATION_CONTEXT('2D SPACE',''
  ) );
#8091 = ORIENTED_EDGE('',*,*,#3450,.T.);
#8092 = ORIENTED_EDGE('',*,*,#8093,.F.);
#8093 = EDGE_CURVE('',#3666,#3411,#8094,.T.);
#8094 = SURFACE_CURVE('',#8095,(#8100,#8107),.PCURVE_S1.);
#8095 = CIRCLE('',#8096,5.517514421272);
#8096 = AXIS2_PLACEMENT_3D('',#8097,#8098,#8099);
#8097 = CARTESIAN_POINT('',(0.,-5.E-03,0.78));
#8098 = DIRECTION('',(0.,0.,-1.));
#8099 = DIRECTION('',(-1.,0.,0.));
#8100 = PCURVE('',#3466,#8101);
#8101 = DEFINITIONAL_REPRESENTATION('',(#8102),#8106);
#8102 = LINE('',#8103,#8104);
#8103 = CARTESIAN_POINT('',(-4.440892098501E-16,2.E-02));
#8104 = VECTOR('',#8105,1.);
#8105 = DIRECTION('',(1.,0.));
#8106 = ( GEOMETRIC_REPRESENTATION_CONTEXT(2) 
PARAMETRIC_REPRESENTATION_CONTEXT() REPRESENTATION_CONTEXT('2D SPACE',''
  ) );
#8107 = PCURVE('',#7938,#8108);
#8108 = DEFINITIONAL_REPRESENTATION('',(#8109),#8117);
#8109 = ( BOUNDED_CURVE() B_SPLINE_CURVE(2,(#8110,#8111,#8112,#8113,
#8114,#8115,#8116),.UNSPECIFIED.,.T.,.F.) B_SPLINE_CURVE_WITH_KNOTS((1,2
    ,2,2,2,1),(-2.094395102393,0.,2.094395102393,4.188790204786,
6.28318530718,8.377580409573),.UNSPECIFIED.) CURVE() 
GEOMETRIC_REPRESENTATION_ITEM() RATIONAL_B_SPLINE_CURVE((1.,0.5,1.,0.5,
1.,0.5,1.)) REPRESENTATION_ITEM('') );
#8110 = CARTESIAN_POINT('',(5.517514421272,0.));
#8111 = CARTESIAN_POINT('',(5.517514421272,-9.556615309137));
#8112 = CARTESIAN_POINT('',(-2.758757210636,-4.778307654569));
#8113 = CARTESIAN_POINT('',(-11.03502884254,-1.351401275052E-15));
#8114 = CARTESIAN_POINT('',(-2.758757210636,4.778307654569));
#8115 = CARTESIAN_POINT('',(5.517514421272,9.556615309137));
#8116 = CARTESIAN_POINT('',(5.517514421272,0.));
#8117 = ( GEOMETRIC_REPRESENTATION_CONTEXT(2) 
PARAMETRIC_REPRESENTATION_CONTEXT() REPRESENTATION_CONTEXT('2D SPACE',''
  ) );
#8118 = ORIENTED_EDGE('',*,*,#7984,.F.);
#8119 = ADVANCED_FACE('',(#8120),#3650,.F.);
#8120 = FACE_BOUND('',#8121,.F.);
#8121 = EDGE_LOOP('',(#8122,#8148,#8169,#8195));
#8122 = ORIENTED_EDGE('',*,*,#8123,.T.);
#8123 = EDGE_CURVE('',#3609,#3581,#8124,.T.);
#8124 = SURFACE_CURVE('',#8125,(#8130,#8137),.PCURVE_S1.);
#8125 = CIRCLE('',#8126,1.2);
#8126 = AXIS2_PLACEMENT_3D('',#8127,#8128,#8129);
#8127 = CARTESIAN_POINT('',(4.75,4.745,0.8));
#8128 = DIRECTION('',(0.,0.,-1.));
#8129 = DIRECTION('',(-1.,0.,0.));
#8130 = PCURVE('',#3650,#8131);
#8131 = DEFINITIONAL_REPRESENTATION('',(#8132),#8136);
#8132 = LINE('',#8133,#8134);
#8133 = CARTESIAN_POINT('',(0.,0.));
#8134 = VECTOR('',#8135,1.);
#8135 = DIRECTION('',(1.,0.));
#8136 = ( GEOMETRIC_REPRESENTATION_CONTEXT(2) 
PARAMETRIC_REPRESENTATION_CONTEXT() REPRESENTATION_CONTEXT('2D SPACE',''
  ) );
#8137 = PCURVE('',#3495,#8138);
#8138 = DEFINITIONAL_REPRESENTATION('',(#8139),#8147);
#8139 = ( BOUNDED_CURVE() B_SPLINE_CURVE(2,(#8140,#8141,#8142,#8143,
#8144,#8145,#8146),.UNSPECIFIED.,.T.,.F.) B_SPLINE_CURVE_WITH_KNOTS((1,2
    ,2,2,2,1),(-2.094395102393,0.,2.094395102393,4.188790204786,
6.28318530718,8.377580409573),.UNSPECIFIED.) CURVE() 
GEOMETRIC_REPRESENTATION_ITEM() RATIONAL_B_SPLINE_CURVE((1.,0.5,1.,0.5,
1.,0.5,1.)) REPRESENTATION_ITEM('') );
#8140 = CARTESIAN_POINT('',(3.55,6.445));
#8141 = CARTESIAN_POINT('',(3.55,8.523460969083));
#8142 = CARTESIAN_POINT('',(5.35,7.484230484541));
#8143 = CARTESIAN_POINT('',(7.15,6.445));
#8144 = CARTESIAN_POINT('',(5.35,5.405769515459));
#8145 = CARTESIAN_POINT('',(3.55,4.366539030917));
#8146 = CARTESIAN_POINT('',(3.55,6.445));
#8147 = ( GEOMETRIC_REPRESENTATION_CONTEXT(2) 
PARAMETRIC_REPRESENTATION_CONTEXT() REPRESENTATION_CONTEXT('2D SPACE',''
  ) );
#8148 = ORIENTED_EDGE('',*,*,#8149,.T.);
#8149 = EDGE_CURVE('',#3581,#3541,#8150,.T.);
#8150 = SURFACE_CURVE('',#8151,(#8155,#8162),.PCURVE_S1.);
#8151 = LINE('',#8152,#8153);
#8152 = CARTESIAN_POINT('',(3.901471862576,3.896471862576,0.8));
#8153 = VECTOR('',#8154,1.);
#8154 = DIRECTION('',(0.,0.,-1.));
#8155 = PCURVE('',#3650,#8156);
#8156 = DEFINITIONAL_REPRESENTATION('',(#8157),#8161);
#8157 = LINE('',#8158,#8159);
#8158 = CARTESIAN_POINT('',(5.497787143782,0.));
#8159 = VECTOR('',#8160,1.);
#8160 = DIRECTION('',(0.,1.));
#8161 = ( GEOMETRIC_REPRESENTATION_CONTEXT(2) 
PARAMETRIC_REPRESENTATION_CONTEXT() REPRESENTATION_CONTEXT('2D SPACE',''
  ) );
#8162 = PCURVE('',#3721,#8163);
#8163 = DEFINITIONAL_REPRESENTATION('',(#8164),#8168);
#8164 = LINE('',#8165,#8166);
#8165 = CARTESIAN_POINT('',(5.497787143782,0.));
#8166 = VECTOR('',#8167,1.);
#8167 = DIRECTION('',(0.,1.));
#8168 = ( GEOMETRIC_REPRESENTATION_CONTEXT(2) 
PARAMETRIC_REPRESENTATION_CONTEXT() REPRESENTATION_CONTEXT('2D SPACE',''
  ) );
#8169 = ORIENTED_EDGE('',*,*,#8170,.F.);
#8170 = EDGE_CURVE('',#3543,#3541,#8171,.T.);
#8171 = SURFACE_CURVE('',#8172,(#8177,#8184),.PCURVE_S1.);
#8172 = CIRCLE('',#8173,1.2);
#8173 = AXIS2_PLACEMENT_3D('',#8174,#8175,#8176);
#8174 = CARTESIAN_POINT('',(4.75,4.745,0.78));
#8175 = DIRECTION('',(0.,0.,-1.));
#8176 = DIRECTION('',(-1.,0.,0.));
#8177 = PCURVE('',#3650,#8178);
#8178 = DEFINITIONAL_REPRESENTATION('',(#8179),#8183);
#8179 = LINE('',#8180,#8181);
#8180 = CARTESIAN_POINT('',(0.,2.E-02));
#8181 = VECTOR('',#8182,1.);
#8182 = DIRECTION('',(1.,0.));
#8183 = ( GEOMETRIC_REPRESENTATION_CONTEXT(2) 
PARAMETRIC_REPRESENTATION_CONTEXT() REPRESENTATION_CONTEXT('2D SPACE',''
  ) );
#8184 = PCURVE('',#3564,#8185);
#8185 = DEFINITIONAL_REPRESENTATION('',(#8186),#8194);
#8186 = ( BOUNDED_CURVE() B_SPLINE_CURVE(2,(#8187,#8188,#8189,#8190,
#8191,#8192,#8193),.UNSPECIFIED.,.T.,.F.) B_SPLINE_CURVE_WITH_KNOTS((1,2
    ,2,2,2,1),(-2.094395102393,0.,2.094395102393,4.188790204786,
6.28318530718,8.377580409573),.UNSPECIFIED.) CURVE() 
GEOMETRIC_REPRESENTATION_ITEM() RATIONAL_B_SPLINE_CURVE((1.,0.5,1.,0.5,
1.,0.5,1.)) REPRESENTATION_ITEM('') );
#8187 = CARTESIAN_POINT('',(1.2,0.));
#8188 = CARTESIAN_POINT('',(1.2,-2.078460969083));
#8189 = CARTESIAN_POINT('',(-0.6,-1.039230484541));
#8190 = CARTESIAN_POINT('',(-2.4,-2.939152317954E-16));
#8191 = CARTESIAN_POINT('',(-0.6,1.039230484541));
#8192 = CARTESIAN_POINT('',(1.2,2.078460969083));
#8193 = CARTESIAN_POINT('',(1.2,0.));
#8194 = ( GEOMETRIC_REPRESENTATION_CONTEXT(2) 
PARAMETRIC_REPRESENTATION_CONTEXT() REPRESENTATION_CONTEXT('2D SPACE',''
  ) );
#8195 = ORIENTED_EDGE('',*,*,#3636,.F.);
#8196 = ADVANCED_FACE('',(#8197,#8201),#3564,.T.);
#8197 = FACE_BOUND('',#8198,.T.);
#8198 = EDGE_LOOP('',(#8199,#8200));
#8199 = ORIENTED_EDGE('',*,*,#3540,.F.);
#8200 = ORIENTED_EDGE('',*,*,#8170,.F.);
#8201 = FACE_BOUND('',#8202,.T.);
#8202 = EDGE_LOOP('',(#8203));
#8203 = ORIENTED_EDGE('',*,*,#8204,.F.);
#8204 = EDGE_CURVE('',#8205,#8205,#8207,.T.);
#8205 = VERTEX_POINT('',#8206);
#8206 = CARTESIAN_POINT('',(5.65,4.745,0.78));
#8207 = SURFACE_CURVE('',#8208,(#8213,#8220),.PCURVE_S1.);
#8208 = CIRCLE('',#8209,0.9);
#8209 = AXIS2_PLACEMENT_3D('',#8210,#8211,#8212);
#8210 = CARTESIAN_POINT('',(4.75,4.745,0.78));
#8211 = DIRECTION('',(0.,0.,1.));
#8212 = DIRECTION('',(-1.,0.,0.));
#8213 = PCURVE('',#3564,#8214);
#8214 = DEFINITIONAL_REPRESENTATION('',(#8215),#8219);
#8215 = CIRCLE('',#8216,0.9);
#8216 = AXIS2_PLACEMENT_2D('',#8217,#8218);
#8217 = CARTESIAN_POINT('',(0.,0.));
#8218 = DIRECTION('',(1.,0.));
#8219 = ( GEOMETRIC_REPRESENTATION_CONTEXT(2) 
PARAMETRIC_REPRESENTATION_CONTEXT() REPRESENTATION_CONTEXT('2D SPACE',''
  ) );
#8220 = PCURVE('',#6233,#8221);
#8221 = DEFINITIONAL_REPRESENTATION('',(#8222),#8226);
#8222 = LINE('',#8223,#8224);
#8223 = CARTESIAN_POINT('',(6.28318530718,2.E-02));
#8224 = VECTOR('',#8225,1.);
#8225 = DIRECTION('',(-1.,0.));
#8226 = ( GEOMETRIC_REPRESENTATION_CONTEXT(2) 
PARAMETRIC_REPRESENTATION_CONTEXT() REPRESENTATION_CONTEXT('2D SPACE',''
  ) );
#8227 = ADVANCED_FACE('',(#8228),#3721,.F.);
#8228 = FACE_BOUND('',#8229,.F.);
#8229 = EDGE_LOOP('',(#8230,#8256,#8257,#8283));
#8230 = ORIENTED_EDGE('',*,*,#8231,.F.);
#8231 = EDGE_CURVE('',#3541,#3666,#8232,.T.);
#8232 = SURFACE_CURVE('',#8233,(#8238,#8245),.PCURVE_S1.);
#8233 = CIRCLE('',#8234,5.517514421272);
#8234 = AXIS2_PLACEMENT_3D('',#8235,#8236,#8237);
#8235 = CARTESIAN_POINT('',(0.,-5.E-03,0.78));
#8236 = DIRECTION('',(0.,0.,-1.));
#8237 = DIRECTION('',(-1.,0.,0.));
#8238 = PCURVE('',#3721,#8239);
#8239 = DEFINITIONAL_REPRESENTATION('',(#8240),#8244);
#8240 = LINE('',#8241,#8242);
#8241 = CARTESIAN_POINT('',(3.14159265359,2.E-02));
#8242 = VECTOR('',#8243,1.);
#8243 = DIRECTION('',(1.,0.));
#8244 = ( GEOMETRIC_REPRESENTATION_CONTEXT(2) 
PARAMETRIC_REPRESENTATION_CONTEXT() REPRESENTATION_CONTEXT('2D SPACE',''
  ) );
#8245 = PCURVE('',#7938,#8246);
#8246 = DEFINITIONAL_REPRESENTATION('',(#8247),#8255);
#8247 = ( BOUNDED_CURVE() B_SPLINE_CURVE(2,(#8248,#8249,#8250,#8251,
#8252,#8253,#8254),.UNSPECIFIED.,.T.,.F.) B_SPLINE_CURVE_WITH_KNOTS((1,2
    ,2,2,2,1),(-2.094395102393,0.,2.094395102393,4.188790204786,
6.28318530718,8.377580409573),.UNSPECIFIED.) CURVE() 
GEOMETRIC_REPRESENTATION_ITEM() RATIONAL_B_SPLINE_CURVE((1.,0.5,1.,0.5,
1.,0.5,1.)) REPRESENTATION_ITEM('') );
#8248 = CARTESIAN_POINT('',(5.517514421272,0.));
#8249 = CARTESIAN_POINT('',(5.517514421272,-9.556615309137));
#8250 = CARTESIAN_POINT('',(-2.758757210636,-4.778307654569));
#8251 = CARTESIAN_POINT('',(-11.03502884254,-1.351401275052E-15));
#8252 = CARTESIAN_POINT('',(-2.758757210636,4.778307654569));
#8253 = CARTESIAN_POINT('',(5.517514421272,9.556615309137));
#8254 = CARTESIAN_POINT('',(5.517514421272,0.));
#8255 = ( GEOMETRIC_REPRESENTATION_CONTEXT(2) 
PARAMETRIC_REPRESENTATION_CONTEXT() REPRESENTATION_CONTEXT('2D SPACE',''
  ) );
#8256 = ORIENTED_EDGE('',*,*,#8149,.F.);
#8257 = ORIENTED_EDGE('',*,*,#8258,.T.);
#8258 = EDGE_CURVE('',#3581,#3706,#8259,.T.);
#8259 = SURFACE_CURVE('',#8260,(#8265,#8272),.PCURVE_S1.);
#8260 = CIRCLE('',#8261,5.517514421272);
#8261 = AXIS2_PLACEMENT_3D('',#8262,#8263,#8264);
#8262 = CARTESIAN_POINT('',(0.,-5.E-03,0.8));
#8263 = DIRECTION('',(0.,0.,-1.));
#8264 = DIRECTION('',(-1.,0.,0.));
#8265 = PCURVE('',#3721,#8266);
#8266 = DEFINITIONAL_REPRESENTATION('',(#8267),#8271);
#8267 = LINE('',#8268,#8269);
#8268 = CARTESIAN_POINT('',(3.14159265359,0.));
#8269 = VECTOR('',#8270,1.);
#8270 = DIRECTION('',(1.,0.));
#8271 = ( GEOMETRIC_REPRESENTATION_CONTEXT(2) 
PARAMETRIC_REPRESENTATION_CONTEXT() REPRESENTATION_CONTEXT('2D SPACE',''
  ) );
#8272 = PCURVE('',#3495,#8273);
#8273 = DEFINITIONAL_REPRESENTATION('',(#8274),#8282);
#8274 = ( BOUNDED_CURVE() B_SPLINE_CURVE(2,(#8275,#8276,#8277,#8278,
#8279,#8280,#8281),.UNSPECIFIED.,.T.,.F.) B_SPLINE_CURVE_WITH_KNOTS((1,2
    ,2,2,2,1),(-2.094395102393,0.,2.094395102393,4.188790204786,
6.28318530718,8.377580409573),.UNSPECIFIED.) CURVE() 
GEOMETRIC_REPRESENTATION_ITEM() RATIONAL_B_SPLINE_CURVE((1.,0.5,1.,0.5,
1.,0.5,1.)) REPRESENTATION_ITEM('') );
#8275 = CARTESIAN_POINT('',(-5.517514421272,1.695));
#8276 = CARTESIAN_POINT('',(-5.517514421272,11.251615309137));
#8277 = CARTESIAN_POINT('',(2.758757210636,6.473307654569));
#8278 = CARTESIAN_POINT('',(11.035028842544,1.695));
#8279 = CARTESIAN_POINT('',(2.758757210636,-3.083307654569));
#8280 = CARTESIAN_POINT('',(-5.517514421272,-7.861615309137));
#8281 = CARTESIAN_POINT('',(-5.517514421272,1.695));
#8282 = ( GEOMETRIC_REPRESENTATION_CONTEXT(2) 
PARAMETRIC_REPRESENTATION_CONTEXT() REPRESENTATION_CONTEXT('2D SPACE',''
  ) );
#8283 = ORIENTED_EDGE('',*,*,#3705,.T.);
#8284 = ADVANCED_FACE('',(#8285),#3525,.F.);
#8285 = FACE_BOUND('',#8286,.F.);
#8286 = EDGE_LOOP('',(#8287,#8313,#8334,#8360));
#8287 = ORIENTED_EDGE('',*,*,#8288,.T.);
#8288 = EDGE_CURVE('',#3479,#3451,#8289,.T.);
#8289 = SURFACE_CURVE('',#8290,(#8295,#8302),.PCURVE_S1.);
#8290 = CIRCLE('',#8291,1.2);
#8291 = AXIS2_PLACEMENT_3D('',#8292,#8293,#8294);
#8292 = CARTESIAN_POINT('',(-4.75,-4.755,0.8));
#8293 = DIRECTION('',(0.,0.,-1.));
#8294 = DIRECTION('',(-1.,0.,0.));
#8295 = PCURVE('',#3525,#8296);
#8296 = DEFINITIONAL_REPRESENTATION('',(#8297),#8301);
#8297 = LINE('',#8298,#8299);
#8298 = CARTESIAN_POINT('',(0.,0.));
#8299 = VECTOR('',#8300,1.);
#8300 = DIRECTION('',(1.,0.));
#8301 = ( GEOMETRIC_REPRESENTATION_CONTEXT(2) 
PARAMETRIC_REPRESENTATION_CONTEXT() REPRESENTATION_CONTEXT('2D SPACE',''
  ) );
#8302 = PCURVE('',#3495,#8303);
#8303 = DEFINITIONAL_REPRESENTATION('',(#8304),#8312);
#8304 = ( BOUNDED_CURVE() B_SPLINE_CURVE(2,(#8305,#8306,#8307,#8308,
#8309,#8310,#8311),.UNSPECIFIED.,.T.,.F.) B_SPLINE_CURVE_WITH_KNOTS((1,2
    ,2,2,2,1),(-2.094395102393,0.,2.094395102393,4.188790204786,
6.28318530718,8.377580409573),.UNSPECIFIED.) CURVE() 
GEOMETRIC_REPRESENTATION_ITEM() RATIONAL_B_SPLINE_CURVE((1.,0.5,1.,0.5,
1.,0.5,1.)) REPRESENTATION_ITEM('') );
#8305 = CARTESIAN_POINT('',(-5.95,-3.055));
#8306 = CARTESIAN_POINT('',(-5.95,-0.976539030917));
#8307 = CARTESIAN_POINT('',(-4.15,-2.015769515459));
#8308 = CARTESIAN_POINT('',(-2.35,-3.055));
#8309 = CARTESIAN_POINT('',(-4.15,-4.094230484541));
#8310 = CARTESIAN_POINT('',(-5.95,-5.133460969083));
#8311 = CARTESIAN_POINT('',(-5.95,-3.055));
#8312 = ( GEOMETRIC_REPRESENTATION_CONTEXT(2) 
PARAMETRIC_REPRESENTATION_CONTEXT() REPRESENTATION_CONTEXT('2D SPACE',''
  ) );
#8313 = ORIENTED_EDGE('',*,*,#8314,.T.);
#8314 = EDGE_CURVE('',#3451,#3411,#8315,.T.);
#8315 = SURFACE_CURVE('',#8316,(#8320,#8327),.PCURVE_S1.);
#8316 = LINE('',#8317,#8318);
#8317 = CARTESIAN_POINT('',(-3.901471862576,-3.906471862576,0.8));
#8318 = VECTOR('',#8319,1.);
#8319 = DIRECTION('',(0.,0.,-1.));
#8320 = PCURVE('',#3525,#8321);
#8321 = DEFINITIONAL_REPRESENTATION('',(#8322),#8326);
#8322 = LINE('',#8323,#8324);
#8323 = CARTESIAN_POINT('',(8.639379797372,0.));
#8324 = VECTOR('',#8325,1.);
#8325 = DIRECTION('',(0.,1.));
#8326 = ( GEOMETRIC_REPRESENTATION_CONTEXT(2) 
PARAMETRIC_REPRESENTATION_CONTEXT() REPRESENTATION_CONTEXT('2D SPACE',''
  ) );
#8327 = PCURVE('',#3846,#8328);
#8328 = DEFINITIONAL_REPRESENTATION('',(#8329),#8333);
#8329 = LINE('',#8330,#8331);
#8330 = CARTESIAN_POINT('',(5.497787143782,0.));
#8331 = VECTOR('',#8332,1.);
#8332 = DIRECTION('',(0.,1.));
#8333 = ( GEOMETRIC_REPRESENTATION_CONTEXT(2) 
PARAMETRIC_REPRESENTATION_CONTEXT() REPRESENTATION_CONTEXT('2D SPACE',''
  ) );
#8334 = ORIENTED_EDGE('',*,*,#8335,.F.);
#8335 = EDGE_CURVE('',#3413,#3411,#8336,.T.);
#8336 = SURFACE_CURVE('',#8337,(#8342,#8349),.PCURVE_S1.);
#8337 = CIRCLE('',#8338,1.2);
#8338 = AXIS2_PLACEMENT_3D('',#8339,#8340,#8341);
#8339 = CARTESIAN_POINT('',(-4.75,-4.755,0.78));
#8340 = DIRECTION('',(0.,0.,-1.));
#8341 = DIRECTION('',(-1.,0.,0.));
#8342 = PCURVE('',#3525,#8343);
#8343 = DEFINITIONAL_REPRESENTATION('',(#8344),#8348);
#8344 = LINE('',#8345,#8346);
#8345 = CARTESIAN_POINT('',(0.,2.E-02));
#8346 = VECTOR('',#8347,1.);
#8347 = DIRECTION('',(1.,0.));
#8348 = ( GEOMETRIC_REPRESENTATION_CONTEXT(2) 
PARAMETRIC_REPRESENTATION_CONTEXT() REPRESENTATION_CONTEXT('2D SPACE',''
  ) );
#8349 = PCURVE('',#3434,#8350);
#8350 = DEFINITIONAL_REPRESENTATION('',(#8351),#8359);
#8351 = ( BOUNDED_CURVE() B_SPLINE_CURVE(2,(#8352,#8353,#8354,#8355,
#8356,#8357,#8358),.UNSPECIFIED.,.T.,.F.) B_SPLINE_CURVE_WITH_KNOTS((1,2
    ,2,2,2,1),(-2.094395102393,0.,2.094395102393,4.188790204786,
6.28318530718,8.377580409573),.UNSPECIFIED.) CURVE() 
GEOMETRIC_REPRESENTATION_ITEM() RATIONAL_B_SPLINE_CURVE((1.,0.5,1.,0.5,
1.,0.5,1.)) REPRESENTATION_ITEM('') );
#8352 = CARTESIAN_POINT('',(1.2,0.));
#8353 = CARTESIAN_POINT('',(1.2,-2.078460969083));
#8354 = CARTESIAN_POINT('',(-0.6,-1.039230484541));
#8355 = CARTESIAN_POINT('',(-2.4,-2.939152317954E-16));
#8356 = CARTESIAN_POINT('',(-0.6,1.039230484541));
#8357 = CARTESIAN_POINT('',(1.2,2.078460969083));
#8358 = CARTESIAN_POINT('',(1.2,0.));
#8359 = ( GEOMETRIC_REPRESENTATION_CONTEXT(2) 
PARAMETRIC_REPRESENTATION_CONTEXT() REPRESENTATION_CONTEXT('2D SPACE',''
  ) );
#8360 = ORIENTED_EDGE('',*,*,#3511,.F.);
#8361 = ADVANCED_FACE('',(#8362,#8366),#3434,.T.);
#8362 = FACE_BOUND('',#8363,.T.);
#8363 = EDGE_LOOP('',(#8364,#8365));
#8364 = ORIENTED_EDGE('',*,*,#3410,.F.);
#8365 = ORIENTED_EDGE('',*,*,#8335,.F.);
#8366 = FACE_BOUND('',#8367,.T.);
#8367 = EDGE_LOOP('',(#8368));
#8368 = ORIENTED_EDGE('',*,*,#8369,.F.);
#8369 = EDGE_CURVE('',#8370,#8370,#8372,.T.);
#8370 = VERTEX_POINT('',#8371);
#8371 = CARTESIAN_POINT('',(-3.85,-4.755,0.78));
#8372 = SURFACE_CURVE('',#8373,(#8378,#8385),.PCURVE_S1.);
#8373 = CIRCLE('',#8374,0.9);
#8374 = AXIS2_PLACEMENT_3D('',#8375,#8376,#8377);
#8375 = CARTESIAN_POINT('',(-4.75,-4.755,0.78));
#8376 = DIRECTION('',(0.,0.,1.));
#8377 = DIRECTION('',(-1.,0.,0.));
#8378 = PCURVE('',#3434,#8379);
#8379 = DEFINITIONAL_REPRESENTATION('',(#8380),#8384);
#8380 = CIRCLE('',#8381,0.9);
#8381 = AXIS2_PLACEMENT_2D('',#8382,#8383);
#8382 = CARTESIAN_POINT('',(0.,0.));
#8383 = DIRECTION('',(1.,0.));
#8384 = ( GEOMETRIC_REPRESENTATION_CONTEXT(2) 
PARAMETRIC_REPRESENTATION_CONTEXT() REPRESENTATION_CONTEXT('2D SPACE',''
  ) );
#8385 = PCURVE('',#6140,#8386);
#8386 = DEFINITIONAL_REPRESENTATION('',(#8387),#8391);
#8387 = LINE('',#8388,#8389);
#8388 = CARTESIAN_POINT('',(6.28318530718,2.E-02));
#8389 = VECTOR('',#8390,1.);
#8390 = DIRECTION('',(-1.,0.));
#8391 = ( GEOMETRIC_REPRESENTATION_CONTEXT(2) 
PARAMETRIC_REPRESENTATION_CONTEXT() REPRESENTATION_CONTEXT('2D SPACE',''
  ) );
#8392 = ADVANCED_FACE('',(#8393),#8407,.F.);
#8393 = FACE_BOUND('',#8394,.T.);
#8394 = EDGE_LOOP('',(#8395,#8430,#8458,#8481));
#8395 = ORIENTED_EDGE('',*,*,#8396,.F.);
#8396 = EDGE_CURVE('',#8397,#8399,#8401,.T.);
#8397 = VERTEX_POINT('',#8398);
#8398 = CARTESIAN_POINT('',(-1.2,1.195,0.8));
#8399 = VERTEX_POINT('',#8400);
#8400 = CARTESIAN_POINT('',(-1.2,-1.205,0.8));
#8401 = SURFACE_CURVE('',#8402,(#8406,#8418),.PCURVE_S1.);
#8402 = LINE('',#8403,#8404);
#8403 = CARTESIAN_POINT('',(-1.2,-0.2525,0.8));
#8404 = VECTOR('',#8405,1.);
#8405 = DIRECTION('',(0.,-1.,0.));
#8406 = PCURVE('',#8407,#8412);
#8407 = PLANE('',#8408);
#8408 = AXIS2_PLACEMENT_3D('',#8409,#8410,#8411);
#8409 = CARTESIAN_POINT('',(-1.2,1.195,0.8));
#8410 = DIRECTION('',(1.,0.,0.));
#8411 = DIRECTION('',(0.,-1.,0.));
#8412 = DEFINITIONAL_REPRESENTATION('',(#8413),#8417);
#8413 = LINE('',#8414,#8415);
#8414 = CARTESIAN_POINT('',(1.4475,0.));
#8415 = VECTOR('',#8416,1.);
#8416 = DIRECTION('',(1.,0.));
#8417 = ( GEOMETRIC_REPRESENTATION_CONTEXT(2) 
PARAMETRIC_REPRESENTATION_CONTEXT() REPRESENTATION_CONTEXT('2D SPACE',''
  ) );
#8418 = PCURVE('',#8419,#8424);
#8419 = PLANE('',#8420);
#8420 = AXIS2_PLACEMENT_3D('',#8421,#8422,#8423);
#8421 = CARTESIAN_POINT('',(0.,-1.7,0.8));
#8422 = DIRECTION('',(0.,0.,1.));
#8423 = DIRECTION('',(1.,0.,0.));
#8424 = DEFINITIONAL_REPRESENTATION('',(#8425),#8429);
#8425 = LINE('',#8426,#8427);
#8426 = CARTESIAN_POINT('',(-1.2,1.4475));
#8427 = VECTOR('',#8428,1.);
#8428 = DIRECTION('',(0.,-1.));
#8429 = ( GEOMETRIC_REPRESENTATION_CONTEXT(2) 
PARAMETRIC_REPRESENTATION_CONTEXT() REPRESENTATION_CONTEXT('2D SPACE',''
  ) );
#8430 = ORIENTED_EDGE('',*,*,#8431,.T.);
#8431 = EDGE_CURVE('',#8397,#8432,#8434,.T.);
#8432 = VERTEX_POINT('',#8433);
#8433 = CARTESIAN_POINT('',(-1.2,1.195,0.78));
#8434 = SURFACE_CURVE('',#8435,(#8439,#8446),.PCURVE_S1.);
#8435 = LINE('',#8436,#8437);
#8436 = CARTESIAN_POINT('',(-1.2,1.195,0.8));
#8437 = VECTOR('',#8438,1.);
#8438 = DIRECTION('',(0.,0.,-1.));
#8439 = PCURVE('',#8407,#8440);
#8440 = DEFINITIONAL_REPRESENTATION('',(#8441),#8445);
#8441 = LINE('',#8442,#8443);
#8442 = CARTESIAN_POINT('',(0.,0.));
#8443 = VECTOR('',#8444,1.);
#8444 = DIRECTION('',(0.,1.));
#8445 = ( GEOMETRIC_REPRESENTATION_CONTEXT(2) 
PARAMETRIC_REPRESENTATION_CONTEXT() REPRESENTATION_CONTEXT('2D SPACE',''
  ) );
#8446 = PCURVE('',#8447,#8452);
#8447 = PLANE('',#8448);
#8448 = AXIS2_PLACEMENT_3D('',#8449,#8450,#8451);
#8449 = CARTESIAN_POINT('',(1.2,1.195,0.8));
#8450 = DIRECTION('',(0.,-1.,0.));
#8451 = DIRECTION('',(-1.,0.,0.));
#8452 = DEFINITIONAL_REPRESENTATION('',(#8453),#8457);
#8453 = LINE('',#8454,#8455);
#8454 = CARTESIAN_POINT('',(2.4,0.));
#8455 = VECTOR('',#8456,1.);
#8456 = DIRECTION('',(0.,1.));
#8457 = ( GEOMETRIC_REPRESENTATION_CONTEXT(2) 
PARAMETRIC_REPRESENTATION_CONTEXT() REPRESENTATION_CONTEXT('2D SPACE',''
  ) );
#8458 = ORIENTED_EDGE('',*,*,#8459,.T.);
#8459 = EDGE_CURVE('',#8432,#8460,#8462,.T.);
#8460 = VERTEX_POINT('',#8461);
#8461 = CARTESIAN_POINT('',(-1.2,-1.205,0.78));
#8462 = SURFACE_CURVE('',#8463,(#8467,#8474),.PCURVE_S1.);
#8463 = LINE('',#8464,#8465);
#8464 = CARTESIAN_POINT('',(-1.2,-1.205,0.78));
#8465 = VECTOR('',#8466,1.);
#8466 = DIRECTION('',(0.,-1.,0.));
#8467 = PCURVE('',#8407,#8468);
#8468 = DEFINITIONAL_REPRESENTATION('',(#8469),#8473);
#8469 = LINE('',#8470,#8471);
#8470 = CARTESIAN_POINT('',(2.4,2.E-02));
#8471 = VECTOR('',#8472,1.);
#8472 = DIRECTION('',(1.,0.));
#8473 = ( GEOMETRIC_REPRESENTATION_CONTEXT(2) 
PARAMETRIC_REPRESENTATION_CONTEXT() REPRESENTATION_CONTEXT('2D SPACE',''
  ) );
#8474 = PCURVE('',#7938,#8475);
#8475 = DEFINITIONAL_REPRESENTATION('',(#8476),#8480);
#8476 = LINE('',#8477,#8478);
#8477 = CARTESIAN_POINT('',(1.2,1.2));
#8478 = VECTOR('',#8479,1.);
#8479 = DIRECTION('',(0.,1.));
#8480 = ( GEOMETRIC_REPRESENTATION_CONTEXT(2) 
PARAMETRIC_REPRESENTATION_CONTEXT() REPRESENTATION_CONTEXT('2D SPACE',''
  ) );
#8481 = ORIENTED_EDGE('',*,*,#8482,.F.);
#8482 = EDGE_CURVE('',#8399,#8460,#8483,.T.);
#8483 = SURFACE_CURVE('',#8484,(#8488,#8495),.PCURVE_S1.);
#8484 = LINE('',#8485,#8486);
#8485 = CARTESIAN_POINT('',(-1.2,-1.205,0.8));
#8486 = VECTOR('',#8487,1.);
#8487 = DIRECTION('',(0.,0.,-1.));
#8488 = PCURVE('',#8407,#8489);
#8489 = DEFINITIONAL_REPRESENTATION('',(#8490),#8494);
#8490 = LINE('',#8491,#8492);
#8491 = CARTESIAN_POINT('',(2.4,0.));
#8492 = VECTOR('',#8493,1.);
#8493 = DIRECTION('',(0.,1.));
#8494 = ( GEOMETRIC_REPRESENTATION_CONTEXT(2) 
PARAMETRIC_REPRESENTATION_CONTEXT() REPRESENTATION_CONTEXT('2D SPACE',''
  ) );
#8495 = PCURVE('',#8496,#8501);
#8496 = PLANE('',#8497);
#8497 = AXIS2_PLACEMENT_3D('',#8498,#8499,#8500);
#8498 = CARTESIAN_POINT('',(-1.2,-1.205,0.8));
#8499 = DIRECTION('',(0.,1.,0.));
#8500 = DIRECTION('',(1.,0.,0.));
#8501 = DEFINITIONAL_REPRESENTATION('',(#8502),#8506);
#8502 = LINE('',#8503,#8504);
#8503 = CARTESIAN_POINT('',(0.,0.));
#8504 = VECTOR('',#8505,1.);
#8505 = DIRECTION('',(0.,1.));
#8506 = ( GEOMETRIC_REPRESENTATION_CONTEXT(2) 
PARAMETRIC_REPRESENTATION_CONTEXT() REPRESENTATION_CONTEXT('2D SPACE',''
  ) );
#8507 = ADVANCED_FACE('',(#8508),#8447,.F.);
#8508 = FACE_BOUND('',#8509,.T.);
#8509 = EDGE_LOOP('',(#8510,#8533,#8561,#8582));
#8510 = ORIENTED_EDGE('',*,*,#8511,.F.);
#8511 = EDGE_CURVE('',#8512,#8397,#8514,.T.);
#8512 = VERTEX_POINT('',#8513);
#8513 = CARTESIAN_POINT('',(1.2,1.195,0.8));
#8514 = SURFACE_CURVE('',#8515,(#8519,#8526),.PCURVE_S1.);
#8515 = LINE('',#8516,#8517);
#8516 = CARTESIAN_POINT('',(0.6,1.195,0.8));
#8517 = VECTOR('',#8518,1.);
#8518 = DIRECTION('',(-1.,0.,0.));
#8519 = PCURVE('',#8447,#8520);
#8520 = DEFINITIONAL_REPRESENTATION('',(#8521),#8525);
#8521 = LINE('',#8522,#8523);
#8522 = CARTESIAN_POINT('',(0.6,0.));
#8523 = VECTOR('',#8524,1.);
#8524 = DIRECTION('',(1.,0.));
#8525 = ( GEOMETRIC_REPRESENTATION_CONTEXT(2) 
PARAMETRIC_REPRESENTATION_CONTEXT() REPRESENTATION_CONTEXT('2D SPACE',''
  ) );
#8526 = PCURVE('',#8419,#8527);
#8527 = DEFINITIONAL_REPRESENTATION('',(#8528),#8532);
#8528 = LINE('',#8529,#8530);
#8529 = CARTESIAN_POINT('',(0.6,2.895));
#8530 = VECTOR('',#8531,1.);
#8531 = DIRECTION('',(-1.,0.));
#8532 = ( GEOMETRIC_REPRESENTATION_CONTEXT(2) 
PARAMETRIC_REPRESENTATION_CONTEXT() REPRESENTATION_CONTEXT('2D SPACE',''
  ) );
#8533 = ORIENTED_EDGE('',*,*,#8534,.T.);
#8534 = EDGE_CURVE('',#8512,#8535,#8537,.T.);
#8535 = VERTEX_POINT('',#8536);
#8536 = CARTESIAN_POINT('',(1.2,1.195,0.78));
#8537 = SURFACE_CURVE('',#8538,(#8542,#8549),.PCURVE_S1.);
#8538 = LINE('',#8539,#8540);
#8539 = CARTESIAN_POINT('',(1.2,1.195,0.8));
#8540 = VECTOR('',#8541,1.);
#8541 = DIRECTION('',(0.,0.,-1.));
#8542 = PCURVE('',#8447,#8543);
#8543 = DEFINITIONAL_REPRESENTATION('',(#8544),#8548);
#8544 = LINE('',#8545,#8546);
#8545 = CARTESIAN_POINT('',(0.,-0.));
#8546 = VECTOR('',#8547,1.);
#8547 = DIRECTION('',(0.,1.));
#8548 = ( GEOMETRIC_REPRESENTATION_CONTEXT(2) 
PARAMETRIC_REPRESENTATION_CONTEXT() REPRESENTATION_CONTEXT('2D SPACE',''
  ) );
#8549 = PCURVE('',#8550,#8555);
#8550 = PLANE('',#8551);
#8551 = AXIS2_PLACEMENT_3D('',#8552,#8553,#8554);
#8552 = CARTESIAN_POINT('',(1.2,-1.205,0.8));
#8553 = DIRECTION('',(-1.,0.,0.));
#8554 = DIRECTION('',(0.,1.,0.));
#8555 = DEFINITIONAL_REPRESENTATION('',(#8556),#8560);
#8556 = LINE('',#8557,#8558);
#8557 = CARTESIAN_POINT('',(2.4,0.));
#8558 = VECTOR('',#8559,1.);
#8559 = DIRECTION('',(0.,1.));
#8560 = ( GEOMETRIC_REPRESENTATION_CONTEXT(2) 
PARAMETRIC_REPRESENTATION_CONTEXT() REPRESENTATION_CONTEXT('2D SPACE',''
  ) );
#8561 = ORIENTED_EDGE('',*,*,#8562,.T.);
#8562 = EDGE_CURVE('',#8535,#8432,#8563,.T.);
#8563 = SURFACE_CURVE('',#8564,(#8568,#8575),.PCURVE_S1.);
#8564 = LINE('',#8565,#8566);
#8565 = CARTESIAN_POINT('',(-1.2,1.195,0.78));
#8566 = VECTOR('',#8567,1.);
#8567 = DIRECTION('',(-1.,0.,0.));
#8568 = PCURVE('',#8447,#8569);
#8569 = DEFINITIONAL_REPRESENTATION('',(#8570),#8574);
#8570 = LINE('',#8571,#8572);
#8571 = CARTESIAN_POINT('',(2.4,2.E-02));
#8572 = VECTOR('',#8573,1.);
#8573 = DIRECTION('',(1.,0.));
#8574 = ( GEOMETRIC_REPRESENTATION_CONTEXT(2) 
PARAMETRIC_REPRESENTATION_CONTEXT() REPRESENTATION_CONTEXT('2D SPACE',''
  ) );
#8575 = PCURVE('',#7938,#8576);
#8576 = DEFINITIONAL_REPRESENTATION('',(#8577),#8581);
#8577 = LINE('',#8578,#8579);
#8578 = CARTESIAN_POINT('',(1.2,-1.2));
#8579 = VECTOR('',#8580,1.);
#8580 = DIRECTION('',(1.,0.));
#8581 = ( GEOMETRIC_REPRESENTATION_CONTEXT(2) 
PARAMETRIC_REPRESENTATION_CONTEXT() REPRESENTATION_CONTEXT('2D SPACE',''
  ) );
#8582 = ORIENTED_EDGE('',*,*,#8431,.F.);
#8583 = ADVANCED_FACE('',(#8584),#8550,.F.);
#8584 = FACE_BOUND('',#8585,.T.);
#8585 = EDGE_LOOP('',(#8586,#8609,#8632,#8653));
#8586 = ORIENTED_EDGE('',*,*,#8587,.F.);
#8587 = EDGE_CURVE('',#8588,#8512,#8590,.T.);
#8588 = VERTEX_POINT('',#8589);
#8589 = CARTESIAN_POINT('',(1.2,-1.205,0.8));
#8590 = SURFACE_CURVE('',#8591,(#8595,#8602),.PCURVE_S1.);
#8591 = LINE('',#8592,#8593);
#8592 = CARTESIAN_POINT('',(1.2,-1.4525,0.8));
#8593 = VECTOR('',#8594,1.);
#8594 = DIRECTION('',(0.,1.,0.));
#8595 = PCURVE('',#8550,#8596);
#8596 = DEFINITIONAL_REPRESENTATION('',(#8597),#8601);
#8597 = LINE('',#8598,#8599);
#8598 = CARTESIAN_POINT('',(-0.2475,0.));
#8599 = VECTOR('',#8600,1.);
#8600 = DIRECTION('',(1.,0.));
#8601 = ( GEOMETRIC_REPRESENTATION_CONTEXT(2) 
PARAMETRIC_REPRESENTATION_CONTEXT() REPRESENTATION_CONTEXT('2D SPACE',''
  ) );
#8602 = PCURVE('',#8419,#8603);
#8603 = DEFINITIONAL_REPRESENTATION('',(#8604),#8608);
#8604 = LINE('',#8605,#8606);
#8605 = CARTESIAN_POINT('',(1.2,0.2475));
#8606 = VECTOR('',#8607,1.);
#8607 = DIRECTION('',(0.,1.));
#8608 = ( GEOMETRIC_REPRESENTATION_CONTEXT(2) 
PARAMETRIC_REPRESENTATION_CONTEXT() REPRESENTATION_CONTEXT('2D SPACE',''
  ) );
#8609 = ORIENTED_EDGE('',*,*,#8610,.T.);
#8610 = EDGE_CURVE('',#8588,#8611,#8613,.T.);
#8611 = VERTEX_POINT('',#8612);
#8612 = CARTESIAN_POINT('',(1.2,-1.205,0.78));
#8613 = SURFACE_CURVE('',#8614,(#8618,#8625),.PCURVE_S1.);
#8614 = LINE('',#8615,#8616);
#8615 = CARTESIAN_POINT('',(1.2,-1.205,0.8));
#8616 = VECTOR('',#8617,1.);
#8617 = DIRECTION('',(0.,0.,-1.));
#8618 = PCURVE('',#8550,#8619);
#8619 = DEFINITIONAL_REPRESENTATION('',(#8620),#8624);
#8620 = LINE('',#8621,#8622);
#8621 = CARTESIAN_POINT('',(0.,0.));
#8622 = VECTOR('',#8623,1.);
#8623 = DIRECTION('',(0.,1.));
#8624 = ( GEOMETRIC_REPRESENTATION_CONTEXT(2) 
PARAMETRIC_REPRESENTATION_CONTEXT() REPRESENTATION_CONTEXT('2D SPACE',''
  ) );
#8625 = PCURVE('',#8496,#8626);
#8626 = DEFINITIONAL_REPRESENTATION('',(#8627),#8631);
#8627 = LINE('',#8628,#8629);
#8628 = CARTESIAN_POINT('',(2.4,0.));
#8629 = VECTOR('',#8630,1.);
#8630 = DIRECTION('',(0.,1.));
#8631 = ( GEOMETRIC_REPRESENTATION_CONTEXT(2) 
PARAMETRIC_REPRESENTATION_CONTEXT() REPRESENTATION_CONTEXT('2D SPACE',''
  ) );
#8632 = ORIENTED_EDGE('',*,*,#8633,.T.);
#8633 = EDGE_CURVE('',#8611,#8535,#8634,.T.);
#8634 = SURFACE_CURVE('',#8635,(#8639,#8646),.PCURVE_S1.);
#8635 = LINE('',#8636,#8637);
#8636 = CARTESIAN_POINT('',(1.2,1.195,0.78));
#8637 = VECTOR('',#8638,1.);
#8638 = DIRECTION('',(0.,1.,0.));
#8639 = PCURVE('',#8550,#8640);
#8640 = DEFINITIONAL_REPRESENTATION('',(#8641),#8645);
#8641 = LINE('',#8642,#8643);
#8642 = CARTESIAN_POINT('',(2.4,2.E-02));
#8643 = VECTOR('',#8644,1.);
#8644 = DIRECTION('',(1.,0.));
#8645 = ( GEOMETRIC_REPRESENTATION_CONTEXT(2) 
PARAMETRIC_REPRESENTATION_CONTEXT() REPRESENTATION_CONTEXT('2D SPACE',''
  ) );
#8646 = PCURVE('',#7938,#8647);
#8647 = DEFINITIONAL_REPRESENTATION('',(#8648),#8652);
#8648 = LINE('',#8649,#8650);
#8649 = CARTESIAN_POINT('',(-1.2,-1.2));
#8650 = VECTOR('',#8651,1.);
#8651 = DIRECTION('',(0.,-1.));
#8652 = ( GEOMETRIC_REPRESENTATION_CONTEXT(2) 
PARAMETRIC_REPRESENTATION_CONTEXT() REPRESENTATION_CONTEXT('2D SPACE',''
  ) );
#8653 = ORIENTED_EDGE('',*,*,#8534,.F.);
#8654 = ADVANCED_FACE('',(#8655),#8496,.F.);
#8655 = FACE_BOUND('',#8656,.T.);
#8656 = EDGE_LOOP('',(#8657,#8678,#8679,#8700));
#8657 = ORIENTED_EDGE('',*,*,#8658,.F.);
#8658 = EDGE_CURVE('',#8399,#8588,#8659,.T.);
#8659 = SURFACE_CURVE('',#8660,(#8664,#8671),.PCURVE_S1.);
#8660 = LINE('',#8661,#8662);
#8661 = CARTESIAN_POINT('',(-0.6,-1.205,0.8));
#8662 = VECTOR('',#8663,1.);
#8663 = DIRECTION('',(1.,0.,0.));
#8664 = PCURVE('',#8496,#8665);
#8665 = DEFINITIONAL_REPRESENTATION('',(#8666),#8670);
#8666 = LINE('',#8667,#8668);
#8667 = CARTESIAN_POINT('',(0.6,0.));
#8668 = VECTOR('',#8669,1.);
#8669 = DIRECTION('',(1.,0.));
#8670 = ( GEOMETRIC_REPRESENTATION_CONTEXT(2) 
PARAMETRIC_REPRESENTATION_CONTEXT() REPRESENTATION_CONTEXT('2D SPACE',''
  ) );
#8671 = PCURVE('',#8419,#8672);
#8672 = DEFINITIONAL_REPRESENTATION('',(#8673),#8677);
#8673 = LINE('',#8674,#8675);
#8674 = CARTESIAN_POINT('',(-0.6,0.495));
#8675 = VECTOR('',#8676,1.);
#8676 = DIRECTION('',(1.,0.));
#8677 = ( GEOMETRIC_REPRESENTATION_CONTEXT(2) 
PARAMETRIC_REPRESENTATION_CONTEXT() REPRESENTATION_CONTEXT('2D SPACE',''
  ) );
#8678 = ORIENTED_EDGE('',*,*,#8482,.T.);
#8679 = ORIENTED_EDGE('',*,*,#8680,.T.);
#8680 = EDGE_CURVE('',#8460,#8611,#8681,.T.);
#8681 = SURFACE_CURVE('',#8682,(#8686,#8693),.PCURVE_S1.);
#8682 = LINE('',#8683,#8684);
#8683 = CARTESIAN_POINT('',(1.2,-1.205,0.78));
#8684 = VECTOR('',#8685,1.);
#8685 = DIRECTION('',(1.,0.,0.));
#8686 = PCURVE('',#8496,#8687);
#8687 = DEFINITIONAL_REPRESENTATION('',(#8688),#8692);
#8688 = LINE('',#8689,#8690);
#8689 = CARTESIAN_POINT('',(2.4,2.E-02));
#8690 = VECTOR('',#8691,1.);
#8691 = DIRECTION('',(1.,0.));
#8692 = ( GEOMETRIC_REPRESENTATION_CONTEXT(2) 
PARAMETRIC_REPRESENTATION_CONTEXT() REPRESENTATION_CONTEXT('2D SPACE',''
  ) );
#8693 = PCURVE('',#7938,#8694);
#8694 = DEFINITIONAL_REPRESENTATION('',(#8695),#8699);
#8695 = LINE('',#8696,#8697);
#8696 = CARTESIAN_POINT('',(-1.2,1.2));
#8697 = VECTOR('',#8698,1.);
#8698 = DIRECTION('',(-1.,0.));
#8699 = ( GEOMETRIC_REPRESENTATION_CONTEXT(2) 
PARAMETRIC_REPRESENTATION_CONTEXT() REPRESENTATION_CONTEXT('2D SPACE',''
  ) );
#8700 = ORIENTED_EDGE('',*,*,#8610,.F.);
#8701 = ADVANCED_FACE('',(#8702),#3846,.F.);
#8702 = FACE_BOUND('',#8703,.F.);
#8703 = EDGE_LOOP('',(#8704,#8730,#8731,#8757));
#8704 = ORIENTED_EDGE('',*,*,#8705,.F.);
#8705 = EDGE_CURVE('',#3411,#3791,#8706,.T.);
#8706 = SURFACE_CURVE('',#8707,(#8712,#8719),.PCURVE_S1.);
#8707 = CIRCLE('',#8708,5.517514421272);
#8708 = AXIS2_PLACEMENT_3D('',#8709,#8710,#8711);
#8709 = CARTESIAN_POINT('',(0.,-5.E-03,0.78));
#8710 = DIRECTION('',(0.,0.,-1.));
#8711 = DIRECTION('',(-1.,0.,0.));
#8712 = PCURVE('',#3846,#8713);
#8713 = DEFINITIONAL_REPRESENTATION('',(#8714),#8718);
#8714 = LINE('',#8715,#8716);
#8715 = CARTESIAN_POINT('',(0.,2.E-02));
#8716 = VECTOR('',#8717,1.);
#8717 = DIRECTION('',(1.,0.));
#8718 = ( GEOMETRIC_REPRESENTATION_CONTEXT(2) 
PARAMETRIC_REPRESENTATION_CONTEXT() REPRESENTATION_CONTEXT('2D SPACE',''
  ) );
#8719 = PCURVE('',#7938,#8720);
#8720 = DEFINITIONAL_REPRESENTATION('',(#8721),#8729);
#8721 = ( BOUNDED_CURVE() B_SPLINE_CURVE(2,(#8722,#8723,#8724,#8725,
#8726,#8727,#8728),.UNSPECIFIED.,.T.,.F.) B_SPLINE_CURVE_WITH_KNOTS((1,2
    ,2,2,2,1),(-2.094395102393,0.,2.094395102393,4.188790204786,
6.28318530718,8.377580409573),.UNSPECIFIED.) CURVE() 
GEOMETRIC_REPRESENTATION_ITEM() RATIONAL_B_SPLINE_CURVE((1.,0.5,1.,0.5,
1.,0.5,1.)) REPRESENTATION_ITEM('') );
#8722 = CARTESIAN_POINT('',(5.517514421272,0.));
#8723 = CARTESIAN_POINT('',(5.517514421272,-9.556615309137));
#8724 = CARTESIAN_POINT('',(-2.758757210636,-4.778307654569));
#8725 = CARTESIAN_POINT('',(-11.03502884254,-1.351401275052E-15));
#8726 = CARTESIAN_POINT('',(-2.758757210636,4.778307654569));
#8727 = CARTESIAN_POINT('',(5.517514421272,9.556615309137));
#8728 = CARTESIAN_POINT('',(5.517514421272,0.));
#8729 = ( GEOMETRIC_REPRESENTATION_CONTEXT(2) 
PARAMETRIC_REPRESENTATION_CONTEXT() REPRESENTATION_CONTEXT('2D SPACE',''
  ) );
#8730 = ORIENTED_EDGE('',*,*,#8314,.F.);
#8731 = ORIENTED_EDGE('',*,*,#8732,.T.);
#8732 = EDGE_CURVE('',#3451,#3831,#8733,.T.);
#8733 = SURFACE_CURVE('',#8734,(#8739,#8746),.PCURVE_S1.);
#8734 = CIRCLE('',#8735,5.517514421272);
#8735 = AXIS2_PLACEMENT_3D('',#8736,#8737,#8738);
#8736 = CARTESIAN_POINT('',(0.,-5.E-03,0.8));
#8737 = DIRECTION('',(0.,0.,-1.));
#8738 = DIRECTION('',(-1.,0.,0.));
#8739 = PCURVE('',#3846,#8740);
#8740 = DEFINITIONAL_REPRESENTATION('',(#8741),#8745);
#8741 = LINE('',#8742,#8743);
#8742 = CARTESIAN_POINT('',(0.,0.));
#8743 = VECTOR('',#8744,1.);
#8744 = DIRECTION('',(1.,0.));
#8745 = ( GEOMETRIC_REPRESENTATION_CONTEXT(2) 
PARAMETRIC_REPRESENTATION_CONTEXT() REPRESENTATION_CONTEXT('2D SPACE',''
  ) );
#8746 = PCURVE('',#3495,#8747);
#8747 = DEFINITIONAL_REPRESENTATION('',(#8748),#8756);
#8748 = ( BOUNDED_CURVE() B_SPLINE_CURVE(2,(#8749,#8750,#8751,#8752,
#8753,#8754,#8755),.UNSPECIFIED.,.T.,.F.) B_SPLINE_CURVE_WITH_KNOTS((1,2
    ,2,2,2,1),(-2.094395102393,0.,2.094395102393,4.188790204786,
6.28318530718,8.377580409573),.UNSPECIFIED.) CURVE() 
GEOMETRIC_REPRESENTATION_ITEM() RATIONAL_B_SPLINE_CURVE((1.,0.5,1.,0.5,
1.,0.5,1.)) REPRESENTATION_ITEM('') );
#8749 = CARTESIAN_POINT('',(-5.517514421272,1.695));
#8750 = CARTESIAN_POINT('',(-5.517514421272,11.251615309137));
#8751 = CARTESIAN_POINT('',(2.758757210636,6.473307654569));
#8752 = CARTESIAN_POINT('',(11.035028842544,1.695));
#8753 = CARTESIAN_POINT('',(2.758757210636,-3.083307654569));
#8754 = CARTESIAN_POINT('',(-5.517514421272,-7.861615309137));
#8755 = CARTESIAN_POINT('',(-5.517514421272,1.695));
#8756 = ( GEOMETRIC_REPRESENTATION_CONTEXT(2) 
PARAMETRIC_REPRESENTATION_CONTEXT() REPRESENTATION_CONTEXT('2D SPACE',''
  ) );
#8757 = ORIENTED_EDGE('',*,*,#3830,.T.);
#8758 = ADVANCED_FACE('',(#8759,#8765),#7938,.T.);
#8759 = FACE_BOUND('',#8760,.T.);
#8760 = EDGE_LOOP('',(#8761,#8762,#8763,#8764));
#8761 = ORIENTED_EDGE('',*,*,#8705,.F.);
#8762 = ORIENTED_EDGE('',*,*,#8093,.F.);
#8763 = ORIENTED_EDGE('',*,*,#8231,.F.);
#8764 = ORIENTED_EDGE('',*,*,#7923,.F.);
#8765 = FACE_BOUND('',#8766,.T.);
#8766 = EDGE_LOOP('',(#8767,#8768,#8769,#8770));
#8767 = ORIENTED_EDGE('',*,*,#8680,.F.);
#8768 = ORIENTED_EDGE('',*,*,#8459,.F.);
#8769 = ORIENTED_EDGE('',*,*,#8562,.F.);
#8770 = ORIENTED_EDGE('',*,*,#8633,.F.);
#8771 = ADVANCED_FACE('',(#8772),#8419,.T.);
#8772 = FACE_BOUND('',#8773,.T.);
#8773 = EDGE_LOOP('',(#8774,#8775,#8776,#8777));
#8774 = ORIENTED_EDGE('',*,*,#8396,.T.);
#8775 = ORIENTED_EDGE('',*,*,#8658,.T.);
#8776 = ORIENTED_EDGE('',*,*,#8587,.T.);
#8777 = ORIENTED_EDGE('',*,*,#8511,.T.);
#8778 = ADVANCED_FACE('',(#8779,#8835,#8839,#8843,#8847,#8851),#3495,.T.
  );
#8779 = FACE_BOUND('',#8780,.T.);
#8780 = EDGE_LOOP('',(#8781,#8782,#8783,#8784,#8785,#8786,#8787,#8788,
    #8809,#8810,#8811,#8812,#8813,#8814,#8815,#8816,#8817,#8818,#8819,
    #8820,#8821,#8822,#8823,#8824,#8825,#8826,#8827,#8828,#8829,#8830,
    #8831,#8832,#8833,#8834));
#8781 = ORIENTED_EDGE('',*,*,#6348,.T.);
#8782 = ORIENTED_EDGE('',*,*,#6248,.T.);
#8783 = ORIENTED_EDGE('',*,*,#6395,.T.);
#8784 = ORIENTED_EDGE('',*,*,#5860,.T.);
#8785 = ORIENTED_EDGE('',*,*,#7127,.T.);
#8786 = ORIENTED_EDGE('',*,*,#7056,.T.);
#8787 = ORIENTED_EDGE('',*,*,#6006,.T.);
#8788 = ORIENTED_EDGE('',*,*,#8789,.T.);
#8789 = EDGE_CURVE('',#5984,#4884,#8790,.T.);
#8790 = SURFACE_CURVE('',#8791,(#8795,#8802),.PCURVE_S1.);
#8791 = LINE('',#8792,#8793);
#8792 = CARTESIAN_POINT('',(6.6,7.445,0.8));
#8793 = VECTOR('',#8794,1.);
#8794 = DIRECTION('',(-1.,0.,0.));
#8795 = PCURVE('',#3495,#8796);
#8796 = DEFINITIONAL_REPRESENTATION('',(#8797),#8801);
#8797 = LINE('',#8798,#8799);
#8798 = CARTESIAN_POINT('',(6.6,9.145));
#8799 = VECTOR('',#8800,1.);
#8800 = DIRECTION('',(-1.,0.));
#8801 = ( GEOMETRIC_REPRESENTATION_CONTEXT(2) 
PARAMETRIC_REPRESENTATION_CONTEXT() REPRESENTATION_CONTEXT('2D SPACE',''
  ) );
#8802 = PCURVE('',#4922,#8803);
#8803 = DEFINITIONAL_REPRESENTATION('',(#8804),#8808);
#8804 = LINE('',#8805,#8806);
#8805 = CARTESIAN_POINT('',(0.,0.8));
#8806 = VECTOR('',#8807,1.);
#8807 = DIRECTION('',(1.,0.));
#8808 = ( GEOMETRIC_REPRESENTATION_CONTEXT(2) 
PARAMETRIC_REPRESENTATION_CONTEXT() REPRESENTATION_CONTEXT('2D SPACE',''
  ) );
#8809 = ORIENTED_EDGE('',*,*,#4883,.T.);
#8810 = ORIENTED_EDGE('',*,*,#7531,.T.);
#8811 = ORIENTED_EDGE('',*,*,#7460,.T.);
#8812 = ORIENTED_EDGE('',*,*,#7384,.T.);
#8813 = ORIENTED_EDGE('',*,*,#5005,.T.);
#8814 = ORIENTED_EDGE('',*,*,#5132,.T.);
#8815 = ORIENTED_EDGE('',*,*,#6799,.T.);
#8816 = ORIENTED_EDGE('',*,*,#6728,.T.);
#8817 = ORIENTED_EDGE('',*,*,#6652,.T.);
#8818 = ORIENTED_EDGE('',*,*,#5230,.T.);
#8819 = ORIENTED_EDGE('',*,*,#6596,.T.);
#8820 = ORIENTED_EDGE('',*,*,#6525,.T.);
#8821 = ORIENTED_EDGE('',*,*,#6449,.T.);
#8822 = ORIENTED_EDGE('',*,*,#5378,.T.);
#8823 = ORIENTED_EDGE('',*,*,#7283,.T.);
#8824 = ORIENTED_EDGE('',*,*,#7183,.T.);
#8825 = ORIENTED_EDGE('',*,*,#7330,.T.);
#8826 = ORIENTED_EDGE('',*,*,#5482,.T.);
#8827 = ORIENTED_EDGE('',*,*,#7687,.T.);
#8828 = ORIENTED_EDGE('',*,*,#7587,.T.);
#8829 = ORIENTED_EDGE('',*,*,#7734,.T.);
#8830 = ORIENTED_EDGE('',*,*,#5607,.T.);
#8831 = ORIENTED_EDGE('',*,*,#6955,.T.);
#8832 = ORIENTED_EDGE('',*,*,#6855,.T.);
#8833 = ORIENTED_EDGE('',*,*,#7002,.T.);
#8834 = ORIENTED_EDGE('',*,*,#5688,.T.);
#8835 = FACE_BOUND('',#8836,.T.);
#8836 = EDGE_LOOP('',(#8837,#8838));
#8837 = ORIENTED_EDGE('',*,*,#3733,.T.);
#8838 = ORIENTED_EDGE('',*,*,#7958,.T.);
#8839 = FACE_BOUND('',#8840,.T.);
#8840 = EDGE_LOOP('',(#8841,#8842));
#8841 = ORIENTED_EDGE('',*,*,#3478,.T.);
#8842 = ORIENTED_EDGE('',*,*,#8288,.T.);
#8843 = FACE_BOUND('',#8844,.T.);
#8844 = EDGE_LOOP('',(#8845,#8846));
#8845 = ORIENTED_EDGE('',*,*,#3858,.T.);
#8846 = ORIENTED_EDGE('',*,*,#7788,.T.);
#8847 = FACE_BOUND('',#8848,.T.);
#8848 = EDGE_LOOP('',(#8849,#8850));
#8849 = ORIENTED_EDGE('',*,*,#3608,.T.);
#8850 = ORIENTED_EDGE('',*,*,#8123,.T.);
#8851 = FACE_BOUND('',#8852,.T.);
#8852 = EDGE_LOOP('',(#8853,#8854,#8855,#8856));
#8853 = ORIENTED_EDGE('',*,*,#8258,.T.);
#8854 = ORIENTED_EDGE('',*,*,#8066,.T.);
#8855 = ORIENTED_EDGE('',*,*,#8732,.T.);
#8856 = ORIENTED_EDGE('',*,*,#7896,.T.);
#8857 = ADVANCED_FACE('',(#8858),#6233,.F.);
#8858 = FACE_BOUND('',#8859,.F.);
#8859 = EDGE_LOOP('',(#8860,#8881,#8882,#8883));
#8860 = ORIENTED_EDGE('',*,*,#8861,.T.);
#8861 = EDGE_CURVE('',#8205,#6217,#8862,.T.);
#8862 = SEAM_CURVE('',#8863,(#8867,#8874),.PCURVE_S1.);
#8863 = LINE('',#8864,#8865);
#8864 = CARTESIAN_POINT('',(5.65,4.745,0.8));
#8865 = VECTOR('',#8866,1.);
#8866 = DIRECTION('',(0.,0.,-1.));
#8867 = PCURVE('',#6233,#8868);
#8868 = DEFINITIONAL_REPRESENTATION('',(#8869),#8873);
#8869 = LINE('',#8870,#8871);
#8870 = CARTESIAN_POINT('',(3.14159265359,0.));
#8871 = VECTOR('',#8872,1.);
#8872 = DIRECTION('',(0.,1.));
#8873 = ( GEOMETRIC_REPRESENTATION_CONTEXT(2) 
PARAMETRIC_REPRESENTATION_CONTEXT() REPRESENTATION_CONTEXT('2D SPACE',''
  ) );
#8874 = PCURVE('',#6233,#8875);
#8875 = DEFINITIONAL_REPRESENTATION('',(#8876),#8880);
#8876 = LINE('',#8877,#8878);
#8877 = CARTESIAN_POINT('',(-3.14159265359,0.));
#8878 = VECTOR('',#8879,1.);
#8879 = DIRECTION('',(0.,1.));
#8880 = ( GEOMETRIC_REPRESENTATION_CONTEXT(2) 
PARAMETRIC_REPRESENTATION_CONTEXT() REPRESENTATION_CONTEXT('2D SPACE',''
  ) );
#8881 = ORIENTED_EDGE('',*,*,#6216,.T.);
#8882 = ORIENTED_EDGE('',*,*,#8861,.F.);
#8883 = ORIENTED_EDGE('',*,*,#8204,.F.);
#8884 = ADVANCED_FACE('',(#8885),#6202,.F.);
#8885 = FACE_BOUND('',#8886,.F.);
#8886 = EDGE_LOOP('',(#8887,#8908,#8909,#8910));
#8887 = ORIENTED_EDGE('',*,*,#8888,.T.);
#8888 = EDGE_CURVE('',#8040,#6186,#8889,.T.);
#8889 = SEAM_CURVE('',#8890,(#8894,#8901),.PCURVE_S1.);
#8890 = LINE('',#8891,#8892);
#8891 = CARTESIAN_POINT('',(5.65,-4.755,0.8));
#8892 = VECTOR('',#8893,1.);
#8893 = DIRECTION('',(0.,0.,-1.));
#8894 = PCURVE('',#6202,#8895);
#8895 = DEFINITIONAL_REPRESENTATION('',(#8896),#8900);
#8896 = LINE('',#8897,#8898);
#8897 = CARTESIAN_POINT('',(3.14159265359,0.));
#8898 = VECTOR('',#8899,1.);
#8899 = DIRECTION('',(0.,1.));
#8900 = ( GEOMETRIC_REPRESENTATION_CONTEXT(2) 
PARAMETRIC_REPRESENTATION_CONTEXT() REPRESENTATION_CONTEXT('2D SPACE',''
  ) );
#8901 = PCURVE('',#6202,#8902);
#8902 = DEFINITIONAL_REPRESENTATION('',(#8903),#8907);
#8903 = LINE('',#8904,#8905);
#8904 = CARTESIAN_POINT('',(-3.14159265359,0.));
#8905 = VECTOR('',#8906,1.);
#8906 = DIRECTION('',(0.,1.));
#8907 = ( GEOMETRIC_REPRESENTATION_CONTEXT(2) 
PARAMETRIC_REPRESENTATION_CONTEXT() REPRESENTATION_CONTEXT('2D SPACE',''
  ) );
#8908 = ORIENTED_EDGE('',*,*,#6185,.T.);
#8909 = ORIENTED_EDGE('',*,*,#8888,.F.);
#8910 = ORIENTED_EDGE('',*,*,#8039,.F.);
#8911 = ADVANCED_FACE('',(#8912),#6171,.F.);
#8912 = FACE_BOUND('',#8913,.F.);
#8913 = EDGE_LOOP('',(#8914,#8935,#8936,#8937));
#8914 = ORIENTED_EDGE('',*,*,#8915,.T.);
#8915 = EDGE_CURVE('',#7870,#6155,#8916,.T.);
#8916 = SEAM_CURVE('',#8917,(#8921,#8928),.PCURVE_S1.);
#8917 = LINE('',#8918,#8919);
#8918 = CARTESIAN_POINT('',(-3.85,4.745,0.8));
#8919 = VECTOR('',#8920,1.);
#8920 = DIRECTION('',(0.,0.,-1.));
#8921 = PCURVE('',#6171,#8922);
#8922 = DEFINITIONAL_REPRESENTATION('',(#8923),#8927);
#8923 = LINE('',#8924,#8925);
#8924 = CARTESIAN_POINT('',(3.14159265359,0.));
#8925 = VECTOR('',#8926,1.);
#8926 = DIRECTION('',(0.,1.));
#8927 = ( GEOMETRIC_REPRESENTATION_CONTEXT(2) 
PARAMETRIC_REPRESENTATION_CONTEXT() REPRESENTATION_CONTEXT('2D SPACE',''
  ) );
#8928 = PCURVE('',#6171,#8929);
#8929 = DEFINITIONAL_REPRESENTATION('',(#8930),#8934);
#8930 = LINE('',#8931,#8932);
#8931 = CARTESIAN_POINT('',(-3.14159265359,0.));
#8932 = VECTOR('',#8933,1.);
#8933 = DIRECTION('',(0.,1.));
#8934 = ( GEOMETRIC_REPRESENTATION_CONTEXT(2) 
PARAMETRIC_REPRESENTATION_CONTEXT() REPRESENTATION_CONTEXT('2D SPACE',''
  ) );
#8935 = ORIENTED_EDGE('',*,*,#6154,.T.);
#8936 = ORIENTED_EDGE('',*,*,#8915,.F.);
#8937 = ORIENTED_EDGE('',*,*,#7869,.F.);
#8938 = ADVANCED_FACE('',(#8939),#6140,.F.);
#8939 = FACE_BOUND('',#8940,.F.);
#8940 = EDGE_LOOP('',(#8941,#8962,#8963,#8964));
#8941 = ORIENTED_EDGE('',*,*,#8942,.T.);
#8942 = EDGE_CURVE('',#8370,#6124,#8943,.T.);
#8943 = SEAM_CURVE('',#8944,(#8948,#8955),.PCURVE_S1.);
#8944 = LINE('',#8945,#8946);
#8945 = CARTESIAN_POINT('',(-3.85,-4.755,0.8));
#8946 = VECTOR('',#8947,1.);
#8947 = DIRECTION('',(0.,0.,-1.));
#8948 = PCURVE('',#6140,#8949);
#8949 = DEFINITIONAL_REPRESENTATION('',(#8950),#8954);
#8950 = LINE('',#8951,#8952);
#8951 = CARTESIAN_POINT('',(3.14159265359,0.));
#8952 = VECTOR('',#8953,1.);
#8953 = DIRECTION('',(0.,1.));
#8954 = ( GEOMETRIC_REPRESENTATION_CONTEXT(2) 
PARAMETRIC_REPRESENTATION_CONTEXT() REPRESENTATION_CONTEXT('2D SPACE',''
  ) );
#8955 = PCURVE('',#6140,#8956);
#8956 = DEFINITIONAL_REPRESENTATION('',(#8957),#8961);
#8957 = LINE('',#8958,#8959);
#8958 = CARTESIAN_POINT('',(-3.14159265359,0.));
#8959 = VECTOR('',#8960,1.);
#8960 = DIRECTION('',(0.,1.));
#8961 = ( GEOMETRIC_REPRESENTATION_CONTEXT(2) 
PARAMETRIC_REPRESENTATION_CONTEXT() REPRESENTATION_CONTEXT('2D SPACE',''
  ) );
#8962 = ORIENTED_EDGE('',*,*,#6123,.T.);
#8963 = ORIENTED_EDGE('',*,*,#8942,.F.);
#8964 = ORIENTED_EDGE('',*,*,#8369,.F.);
#8965 = ADVANCED_FACE('',(#8966),#4922,.T.);
#8966 = FACE_BOUND('',#8967,.T.);
#8967 = EDGE_LOOP('',(#8968,#8969,#8970,#8971));
#8968 = ORIENTED_EDGE('',*,*,#6096,.T.);
#8969 = ORIENTED_EDGE('',*,*,#4906,.T.);
#8970 = ORIENTED_EDGE('',*,*,#8789,.F.);
#8971 = ORIENTED_EDGE('',*,*,#5983,.F.);
#8972 = ( GEOMETRIC_REPRESENTATION_CONTEXT(3) 
GLOBAL_UNCERTAINTY_ASSIGNED_CONTEXT((#8976)) 
GLOBAL_UNIT_ASSIGNED_CONTEXT((#8973,#8974,#8975)) REPRESENTATION_CONTEXT
('Context #1','3D Context with UNIT and UNCERTAINTY') );
#8973 = ( LENGTH_UNIT() NAMED_UNIT(*) SI_UNIT(.MILLI.,.METRE.) );
#8974 = ( NAMED_UNIT(*) PLANE_ANGLE_UNIT() SI_UNIT($,.RADIAN.) );
#8975 = ( NAMED_UNIT(*) SI_UNIT($,.STERADIAN.) SOLID_ANGLE_UNIT() );
#8976 = UNCERTAINTY_MEASURE_WITH_UNIT(LENGTH_MEASURE(5.E-07),#8973,
  'distance_accuracy_value','confusion accuracy');
#8977 = CONTEXT_DEPENDENT_SHAPE_REPRESENTATION(#8978,#8980);
#8978 = ( REPRESENTATION_RELATIONSHIP('','',#3403,#36) 
REPRESENTATION_RELATIONSHIP_WITH_TRANSFORMATION(#8979) 
SHAPE_REPRESENTATION_RELATIONSHIP() );
#8979 = ITEM_DEFINED_TRANSFORMATION('','',#11,#41);
#8980 = PRODUCT_DEFINITION_SHAPE('Placement','Placement of an item',
  #8981);
#8981 = NEXT_ASSEMBLY_USAGE_OCCURRENCE('2','','',#31,#3398,$);
#8982 = PRODUCT_RELATED_PRODUCT_CATEGORY('part',$,(#3400));
#8983 = SHAPE_DEFINITION_REPRESENTATION(#8984,#8990);
#8984 = PRODUCT_DEFINITION_SHAPE('','',#8985);
#8985 = PRODUCT_DEFINITION('design','',#8986,#8989);
#8986 = PRODUCT_DEFINITION_FORMATION('','',#8987);
#8987 = PRODUCT('Open CASCADE STEP translator 7.8 1.1.3',
  'Open CASCADE STEP translator 7.8 1.1.3','',(#8988));
#8988 = PRODUCT_CONTEXT('',#2,'mechanical');
#8989 = PRODUCT_DEFINITION_CONTEXT('part definition',#2,'design');
#8990 = SHAPE_REPRESENTATION('',(#11,#8991,#8995),#8999);
#8991 = AXIS2_PLACEMENT_3D('',#8992,#8993,#8994);
#8992 = CARTESIAN_POINT('',(0.,0.,0.));
#8993 = DIRECTION('',(0.,0.,1.));
#8994 = DIRECTION('',(1.,0.,0.));
#8995 = AXIS2_PLACEMENT_3D('',#8996,#8997,#8998);
#8996 = CARTESIAN_POINT('',(0.,0.,0.));
#8997 = DIRECTION('',(0.,0.,1.));
#8998 = DIRECTION('',(1.,0.,-0.));
#8999 = ( GEOMETRIC_REPRESENTATION_CONTEXT(3) 
GLOBAL_UNCERTAINTY_ASSIGNED_CONTEXT((#9003)) 
GLOBAL_UNIT_ASSIGNED_CONTEXT((#9000,#9001,#9002)) REPRESENTATION_CONTEXT
('Context #1','3D Context with UNIT and UNCERTAINTY') );
#9000 = ( LENGTH_UNIT() NAMED_UNIT(*) SI_UNIT(.MILLI.,.METRE.) );
#9001 = ( NAMED_UNIT(*) PLANE_ANGLE_UNIT() SI_UNIT($,.RADIAN.) );
#9002 = ( NAMED_UNIT(*) SI_UNIT($,.STERADIAN.) SOLID_ANGLE_UNIT() );
#9003 = UNCERTAINTY_MEASURE_WITH_UNIT(LENGTH_MEASURE(1.E-03),#9000,
  'distance_accuracy_value','confusion accuracy');
#9004 = CONTEXT_DEPENDENT_SHAPE_REPRESENTATION(#9005,#9007);
#9005 = ( REPRESENTATION_RELATIONSHIP('','',#8990,#36) 
REPRESENTATION_RELATIONSHIP_WITH_TRANSFORMATION(#9006) 
SHAPE_REPRESENTATION_RELATIONSHIP() );
#9006 = ITEM_DEFINED_TRANSFORMATION('','',#11,#45);
#9007 = PRODUCT_DEFINITION_SHAPE('Placement','Placement of an item',
  #9008);
#9008 = NEXT_ASSEMBLY_USAGE_OCCURRENCE('5','','',#31,#8985,$);
#9009 = PRODUCT_RELATED_PRODUCT_CATEGORY('part',$,(#8987));
#9010 = SHAPE_DEFINITION_REPRESENTATION(#9011,#9017);
#9011 = PRODUCT_DEFINITION_SHAPE('','',#9012);
#9012 = PRODUCT_DEFINITION('design','',#9013,#9016);
#9013 = PRODUCT_DEFINITION_FORMATION('','',#9014);
#9014 = PRODUCT('Open CASCADE STEP translator 7.8 1.1.3.1',
  'Open CASCADE STEP translator 7.8 1.1.3.1','',(#9015));
#9015 = PRODUCT_CONTEXT('',#2,'mechanical');
#9016 = PRODUCT_DEFINITION_CONTEXT('part definition',#2,'design');
#9017 = ADVANCED_BREP_SHAPE_REPRESENTATION('',(#11,#9018),#13471);
#9018 = MANIFOLD_SOLID_BREP('',#9019);
#9019 = CLOSED_SHELL('',(#9020,#9690,#9802,#9914,#10026,#10141,#10253,
    #10365,#10483,#10595,#10707,#10820,#10909,#10997,#11086,#11175,
    #11263,#11352,#11441,#11529,#11617,#12248,#12306,#12919,#12951,
    #12958,#13041,#13051,#13171,#13247,#13318,#13365,#13372,#13454,
    #13464));
#9020 = ADVANCED_FACE('',(#9021),#9035,.T.);
#9021 = FACE_BOUND('',#9022,.T.);
#9022 = EDGE_LOOP('',(#9023,#9058,#9360,#9393));
#9023 = ORIENTED_EDGE('',*,*,#9024,.F.);
#9024 = EDGE_CURVE('',#9025,#9027,#9029,.T.);
#9025 = VERTEX_POINT('',#9026);
#9026 = CARTESIAN_POINT('',(0.96795088027,-5.60624305684E-03,
    8.42898591689));
#9027 = VERTEX_POINT('',#9028);
#9028 = CARTESIAN_POINT('',(0.967668782423,-6.01730011661E-03,
    8.37101408311));
#9029 = SURFACE_CURVE('',#9030,(#9034,#9046),.PCURVE_S1.);
#9030 = LINE('',#9031,#9032);
#9031 = CARTESIAN_POINT('',(0.96675,-5.E-03,8.3));
#9032 = VECTOR('',#9033,1.);
#9033 = DIRECTION('',(0.,0.,-1.));
#9034 = PCURVE('',#9035,#9040);
#9035 = CYLINDRICAL_SURFACE('',#9036,0.96675);
#9036 = AXIS2_PLACEMENT_3D('',#9037,#9038,#9039);
#9037 = CARTESIAN_POINT('',(0.,-5.E-03,8.3));
#9038 = DIRECTION('',(0.,0.,1.));
#9039 = DIRECTION('',(-1.,0.,0.));
#9040 = DEFINITIONAL_REPRESENTATION('',(#9041),#9045);
#9041 = LINE('',#9042,#9043);
#9042 = CARTESIAN_POINT('',(3.14159265359,0.));
#9043 = VECTOR('',#9044,1.);
#9044 = DIRECTION('',(0.,-1.));
#9045 = ( GEOMETRIC_REPRESENTATION_CONTEXT(2) 
PARAMETRIC_REPRESENTATION_CONTEXT() REPRESENTATION_CONTEXT('2D SPACE',''
  ) );
#9046 = PCURVE('',#9047,#9052);
#9047 = CYLINDRICAL_SURFACE('',#9048,0.96675);
#9048 = AXIS2_PLACEMENT_3D('',#9049,#9050,#9051);
#9049 = CARTESIAN_POINT('',(0.,-5.E-03,8.3));
#9050 = DIRECTION('',(0.,0.,1.));
#9051 = DIRECTION('',(-1.,0.,0.));
#9052 = DEFINITIONAL_REPRESENTATION('',(#9053),#9057);
#9053 = LINE('',#9054,#9055);
#9054 = CARTESIAN_POINT('',(3.14159265359,0.));
#9055 = VECTOR('',#9056,1.);
#9056 = DIRECTION('',(0.,-1.));
#9057 = ( GEOMETRIC_REPRESENTATION_CONTEXT(2) 
PARAMETRIC_REPRESENTATION_CONTEXT() REPRESENTATION_CONTEXT('2D SPACE',''
  ) );
#9058 = ORIENTED_EDGE('',*,*,#9059,.T.);
#9059 = EDGE_CURVE('',#9025,#9060,#9062,.T.);
#9060 = VERTEX_POINT('',#9061);
#9061 = CARTESIAN_POINT('',(-0.425119128515,-0.87326222368,8.3));
#9062 = SURFACE_CURVE('',#9063,(#9074,#9080),.PCURVE_S1.);
#9063 = B_SPLINE_CURVE_WITH_KNOTS('',3,(#9064,#9065,#9066,#9067,#9068,
    #9069,#9070,#9071,#9072,#9073),.UNSPECIFIED.,.F.,.F.,(4,3,3,4),(
    -4.091570070607,-3.993681052173,-2.99526078913,-2.065464026022),
  .UNSPECIFIED.);
#9064 = CARTESIAN_POINT('',(0.96795088027,-5.60624305684E-03,
    8.42898591689));
#9065 = CARTESIAN_POINT('',(0.968162184759,-3.703734132771E-02,
    8.426908647402));
#9066 = CARTESIAN_POINT('',(0.966764625567,-6.844816610044E-02,
    8.424831377914));
#9067 = CARTESIAN_POINT('',(0.963696686699,-9.969342927683E-02,
    8.422754108426));
#9068 = CARTESIAN_POINT('',(0.932405205989,-0.418379880306,
    8.401566972407));
#9069 = CARTESIAN_POINT('',(0.72734403668,-0.719842949464,8.380379836387
    ));
#9070 = CARTESIAN_POINT('',(0.442438617191,-0.866263962414,
    8.359192700368));
#9071 = CARTESIAN_POINT('',(0.17711533937,-1.002621154802,8.339461800245
    ));
#9072 = CARTESIAN_POINT('',(-0.157453658196,-1.004516582588,
    8.319730900123));
#9073 = CARTESIAN_POINT('',(-0.426132120478,-0.874562206596,8.3));
#9074 = PCURVE('',#9035,#9075);
#9075 = DEFINITIONAL_REPRESENTATION('',(#9076),#9079);
#9076 = B_SPLINE_CURVE_WITH_KNOTS('',1,(#9077,#9078),.UNSPECIFIED.,.F.,
  .F.,(2,2),(-4.091570070607,-2.065822277225),.PIECEWISE_BEZIER_KNOTS.);
#9077 = CARTESIAN_POINT('',(3.140966337741,0.12898591689));
#9078 = CARTESIAN_POINT('',(1.11549367735,2.280697994017E-05));
#9079 = ( GEOMETRIC_REPRESENTATION_CONTEXT(2) 
PARAMETRIC_REPRESENTATION_CONTEXT() REPRESENTATION_CONTEXT('2D SPACE',''
  ) );
#9080 = PCURVE('',#9081,#9354);
#9081 = B_SPLINE_SURFACE_WITH_KNOTS('',3,3,(
    (#9082,#9083,#9084,#9085,#9086,#9087,#9088,#9089,#9090,#9091,#9092
      ,#9093,#9094,#9095,#9096,#9097,#9098,#9099,#9100,#9101,#9102,#9103
      ,#9104,#9105,#9106,#9107,#9108,#9109,#9110,#9111,#9112,#9113,#9114
      ,#9115,#9116,#9117,#9118,#9119,#9120,#9121,#9122,#9123,#9124,#9125
      ,#9126,#9127,#9128,#9129,#9130,#9131,#9132,#9133,#9134,#9135,#9136
      ,#9137,#9138,#9139,#9140,#9141,#9142,#9143,#9144,#9145,#9146,#9147
      ,#9148,#9149)
    ,(#9150,#9151,#9152,#9153,#9154,#9155,#9156,#9157,#9158,#9159,#9160
      ,#9161,#9162,#9163,#9164,#9165,#9166,#9167,#9168,#9169,#9170,#9171
      ,#9172,#9173,#9174,#9175,#9176,#9177,#9178,#9179,#9180,#9181,#9182
      ,#9183,#9184,#9185,#9186,#9187,#9188,#9189,#9190,#9191,#9192,#9193
      ,#9194,#9195,#9196,#9197,#9198,#9199,#9200,#9201,#9202,#9203,#9204
      ,#9205,#9206,#9207,#9208,#9209,#9210,#9211,#9212,#9213,#9214,#9215
      ,#9216,#9217)
    ,(#9218,#9219,#9220,#9221,#9222,#9223,#9224,#9225,#9226,#9227,#9228
      ,#9229,#9230,#9231,#9232,#9233,#9234,#9235,#9236,#9237,#9238,#9239
      ,#9240,#9241,#9242,#9243,#9244,#9245,#9246,#9247,#9248,#9249,#9250
      ,#9251,#9252,#9253,#9254,#9255,#9256,#9257,#9258,#9259,#9260,#9261
      ,#9262,#9263,#9264,#9265,#9266,#9267,#9268,#9269,#9270,#9271,#9272
      ,#9273,#9274,#9275,#9276,#9277,#9278,#9279,#9280,#9281,#9282,#9283
      ,#9284,#9285)
    ,(#9286,#9287,#9288,#9289,#9290,#9291,#9292,#9293,#9294,#9295,#9296
      ,#9297,#9298,#9299,#9300,#9301,#9302,#9303,#9304,#9305,#9306,#9307
      ,#9308,#9309,#9310,#9311,#9312,#9313,#9314,#9315,#9316,#9317,#9318
      ,#9319,#9320,#9321,#9322,#9323,#9324,#9325,#9326,#9327,#9328,#9329
      ,#9330,#9331,#9332,#9333,#9334,#9335,#9336,#9337,#9338,#9339,#9340
      ,#9341,#9342,#9343,#9344,#9345,#9346,#9347,#9348,#9349,#9350,#9351
      ,#9352,#9353
    )),.UNSPECIFIED.,.F.,.F.,.F.,(4,4),(4,1,1,1,1,1,1,1,1,1,1,1,1,1,1,1,
    1,1,1,1,1,1,1,1,1,1,1,1,1,1,1,1,1,1,1,1,1,1,1,1,1,1,1,1,1,1,1,1,1,1,
    1,1,1,1,1,1,1,1,1,1,1,1,1,1,1,4),(0.,2.629830476159E-02),(
    11.616393197341,12.614813460385,13.613233723428,14.611653986472,
    15.610074249515,16.608494512558,17.606914775602,18.605335038645,
    19.603755301688,20.602175564732,21.600595827775,22.599016090818,
    23.597436353862,24.595856616905,25.594276879948,26.592697142992,
    27.591117406035,28.589537669078,29.587957932122,30.586378195165,
    31.584798458208,32.583218721252,33.581638984295,34.580059247338,
    35.578479510382,36.576899773425,37.575320036468,38.573740299512,
    39.572160562555,40.570580825598,41.569001088642,42.567421351685,
    43.565841614729,44.564261877772,45.562682140815,46.561102403859,
    47.559522666902,48.557942929945,49.556363192989,50.554783456032,
    51.553203719075,52.551623982119,53.550044245162,54.548464508205,
    55.546884771249,56.545305034292,57.543725297335,58.542145560379,
    59.540565823422,60.538986086465,61.537406349509,62.535826612552,
    63.534246875595,64.532667138639,65.531087401682,66.529507664726,
    67.527927927769,68.526348190812,69.524768453856,70.523188716899,
    71.521608979942,72.520029242986,73.518449506029,74.516869769072,
    75.515290032116,76.513710295159),.UNSPECIFIED.);
#9082 = CARTESIAN_POINT('',(-0.562359885163,0.781356739692,
    8.168508476192));
#9083 = CARTESIAN_POINT('',(-0.824064719459,0.594199571536,
    8.189695612212));
#9084 = CARTESIAN_POINT('',(-1.141360436673,-5.873154305668E-02,
    8.232069884251));
#9085 = CARTESIAN_POINT('',(-0.571966141641,-0.99544288885,
    8.295631292309));
#9086 = CARTESIAN_POINT('',(0.522282867372,-1.021306018622,
    8.359192700368));
#9087 = CARTESIAN_POINT('',(1.137466375297,-0.116916811148,
    8.422754108426));
#9088 = CARTESIAN_POINT('',(0.710031751632,0.890812687551,8.486315516485
    ));
#9089 = CARTESIAN_POINT('',(-0.368389565696,1.076929770789,
    8.549876924544));
#9090 = CARTESIAN_POINT('',(-1.109055713139,0.271402545118,
    8.613438332602));
#9091 = CARTESIAN_POINT('',(-0.833028263379,-0.787618938331,
    8.676999740661));
#9092 = CARTESIAN_POINT('',(0.206678443547,-1.12912867995,8.740561148719
    ));
#9093 = CARTESIAN_POINT('',(1.056909663512,-0.440135590715,
    8.804122556778));
#9094 = CARTESIAN_POINT('',(0.938234353945,0.647777930861,8.867683964836
    ));
#9095 = CARTESIAN_POINT('',(-4.05576595221E-02,1.137257172089,
    8.931245372895));
#9096 = CARTESIAN_POINT('',(-0.982168139029,0.57958981297,8.994806780954
    ));
#9097 = CARTESIAN_POINT('',(-1.023388041332,-0.51399546444,
    9.058368189012));
#9098 = CARTESIAN_POINT('',(-0.126428889061,-1.140964069856,
    9.121929597071));
#9099 = CARTESIAN_POINT('',(0.886432335458,-0.726551681211,
    9.185491005129));
#9100 = CARTESIAN_POINT('',(1.086667294706,0.349334953758,9.249052413188
    ));
#9101 = CARTESIAN_POINT('',(0.290712877593,1.100389065281,9.312613821247
    ));
#9102 = CARTESIAN_POINT('',(-0.771749104026,0.838090953332,
    9.376175229305));
#9103 = CARTESIAN_POINT('',(-1.126719261861,-0.197100827984,
    9.439736637364));
#9104 = CARTESIAN_POINT('',(-0.448782903836,-1.056186432293,
    9.503298045422));
#9105 = CARTESIAN_POINT('',(0.640569852908,-0.95160936207,9.566859453481
    ));
#9106 = CARTESIAN_POINT('',(1.142687800397,2.076061278898E-02,
    9.630420861539));
#9107 = CARTESIAN_POINT('',(0.597260267553,0.969514848349,9.693982269598
    ));
#9108 = CARTESIAN_POINT('',(-0.495698527026,1.024894163822,
    9.757543677657));
#9109 = CARTESIAN_POINT('',(-1.13423158002,0.1361302264,9.821105085715)
  );
#9110 = CARTESIAN_POINT('',(-0.732971292883,-0.882013170693,
    9.884666493774));
#9111 = CARTESIAN_POINT('',(0.340231728133,-1.096165152095,
    9.948227901832));
#9112 = CARTESIAN_POINT('',(1.101531350241,-0.31000443002,
    10.011789309891));
#9113 = CARTESIAN_POINT('',(0.853015179862,0.755765483449,10.07535071795
    ));
#9114 = CARTESIAN_POINT('',(-0.177492533156,1.124112668686,
    10.138912126008));
#9115 = CARTESIAN_POINT('',(-1.045286072868,0.457359215075,
    10.202473534067));
#9116 = CARTESIAN_POINT('',(-0.954826010623,-0.633256561712,
    10.266034942125));
#9117 = CARTESIAN_POINT('',(1.095946508854E-02,-1.147925591645,
    10.329596350184));
#9118 = CARTESIAN_POINT('',(0.96669798124,-0.614831149539,
    10.393157758243));
#9119 = CARTESIAN_POINT('',(1.036227595771,0.477318761462,
    10.456719166301));
#9120 = CARTESIAN_POINT('',(0.155807859696,1.127308672064,10.52028057436
    ));
#9121 = CARTESIAN_POINT('',(-0.8674468826,0.73926804555,10.583841982418)
  );
#9122 = CARTESIAN_POINT('',(-1.095479990126,-0.331071478595,
    10.647403390477));
#9123 = CARTESIAN_POINT('',(-0.319244817581,-1.102488844963,
    10.710964798535));
#9124 = CARTESIAN_POINT('',(0.749654252405,-0.867796336746,
    10.774526206594));
#9125 = CARTESIAN_POINT('',(1.131316683914,0.157854471986,
    10.838087614653));
#9126 = CARTESIAN_POINT('',(0.475857970648,1.034210379368,
    10.901649022711));
#9127 = CARTESIAN_POINT('',(-0.615837887587,0.957882498763,
    10.96521043077));
#9128 = CARTESIAN_POINT('',(-1.142971675269,-1.15647382585E-03,
    11.028771838828));
#9129 = CARTESIAN_POINT('',(-0.622299736287,-0.963718975181,
    11.092333246887));
#9130 = CARTESIAN_POINT('',(0.468858085181,-1.047387192363,
    11.155894654946));
#9131 = CARTESIAN_POINT('',(1.130195850833,-0.175459401614,
    11.219456063004));
#9132 = CARTESIAN_POINT('',(0.755439926975,0.852735175177,
    11.283017471063));
#9133 = CARTESIAN_POINT('',(-0.311856476683,1.094610917527,
    11.346578879121));
#9134 = CARTESIAN_POINT('',(-1.093262362713,0.32843196043,11.41014028718
    ));
#9135 = CARTESIAN_POINT('',(-0.872432557581,-0.743417859497,
    11.473701695238));
#9136 = CARTESIAN_POINT('',(0.148188684953,-1.138329821626,
    11.537263103297));
#9137 = CARTESIAN_POINT('',(1.032961155978,-0.494279041224,
    11.600824511356));
#9138 = CARTESIAN_POINT('',(0.970775977113,0.598319999164,
    11.664385919414));
#9139 = CARTESIAN_POINT('',(1.864874291572E-02,1.137818223735,
    11.727947327473));
#9140 = CARTESIAN_POINT('',(-0.950584651047,0.629678904183,
    11.791508735531));
#9141 = CARTESIAN_POINT('',(-1.048361426882,-0.460347406295,
    11.85507014359));
#9142 = CARTESIAN_POINT('',(-0.18510248033,-1.132838628887,
    11.918631551649));
#9143 = CARTESIAN_POINT('',(0.847918126168,-0.771590053953,
    11.982192959707));
#9144 = CARTESIAN_POINT('',(1.103483624739,0.292790223953,
    12.045754367766));
#9145 = CARTESIAN_POINT('',(0.347704581293,1.083466279305,
    12.109315775824));
#9146 = CARTESIAN_POINT('',(-0.727329998774,0.877674037309,
    12.172877183883));
#9147 = CARTESIAN_POINT('',(-1.134615798194,-0.140047086646,
    12.236438591941));
#9148 = CARTESIAN_POINT('',(-0.714082661101,-0.731779706308,
    12.27881286398));
#9149 = CARTESIAN_POINT('',(-0.425119128515,-0.87326222368,12.3));
#9150 = CARTESIAN_POINT('',(-0.518199049426,0.719605943221,
    8.212338984128));
#9151 = CARTESIAN_POINT('',(-0.759352801571,0.547145799476,
    8.233526120148));
#9152 = CARTESIAN_POINT('',(-1.051732011726,-5.451212785759E-02,
    8.275900392187));
#9153 = CARTESIAN_POINT('',(-0.527050948551,-0.917665673805,
    8.339461800245));
#9154 = CARTESIAN_POINT('',(0.481269188191,-0.941497831141,
    8.403023208304));
#9155 = CARTESIAN_POINT('',(1.048143742085,-0.108128239908,
    8.466584616362));
#9156 = CARTESIAN_POINT('',(0.654274581928,0.820466565806,8.530146024421
    ));
#9157 = CARTESIAN_POINT('',(-0.339460775561,0.991968300124,8.59370743248
    ));
#9158 = CARTESIAN_POINT('',(-1.021964104254,0.249697285347,
    8.657268840538));
#9159 = CARTESIAN_POINT('',(-0.767612458884,-0.726161662853,
    8.720830248597));
#9160 = CARTESIAN_POINT('',(0.190448458023,-1.040853425452,
    8.784391656655));
#9161 = CARTESIAN_POINT('',(0.973912964653,-0.405965387875,
    8.847953064714));
#9162 = CARTESIAN_POINT('',(0.864556955751,0.59651677277,8.911514472772)
  );
#9163 = CARTESIAN_POINT('',(-3.737275927E-02,1.047558328561,
    8.975075880831));
#9164 = CARTESIAN_POINT('',(-0.905040721164,0.53368331184,9.03863728889)
  );
#9165 = CARTESIAN_POINT('',(-0.943023718803,-0.474025214625,
    9.102198696948));
#9166 = CARTESIAN_POINT('',(-0.11650071753,-1.051759409255,
    9.165760105007));
#9167 = CARTESIAN_POINT('',(0.816822831312,-0.669889877781,
    9.229321513065));
#9168 = CARTESIAN_POINT('',(1.001333797122,0.321509840158,9.292882921124
    ));
#9169 = CARTESIAN_POINT('',(0.267883860138,1.013585389868,9.356444329183
    ));
#9170 = CARTESIAN_POINT('',(-0.711145411778,0.771884948808,
    9.420005737241));
#9171 = CARTESIAN_POINT('',(-1.03824057489,-0.182015589273,9.4835671453)
  );
#9172 = CARTESIAN_POINT('',(-0.413541008707,-0.973639165693,
    9.547128553358));
#9173 = CARTESIAN_POINT('',(0.59026736726,-0.877274293641,9.610689961417
    ));
#9174 = CARTESIAN_POINT('',(1.052955140613,1.873769077788E-02,
    9.674251369475));
#9175 = CARTESIAN_POINT('',(0.550358784599,0.892988425899,9.737812777534
    ));
#9176 = CARTESIAN_POINT('',(-0.456772455298,0.944018930373,
    9.801374185593));
#9177 = CARTESIAN_POINT('',(-1.045162967884,0.125047592467,
    9.864935593651));
#9178 = CARTESIAN_POINT('',(-0.675412733465,-0.813143332015,
    9.92849700171));
#9179 = CARTESIAN_POINT('',(0.313514108589,-1.010478448055,
    9.992058409768));
#9180 = CARTESIAN_POINT('',(1.015030612368,-0.286053129636,
    10.055619817827));
#9181 = CARTESIAN_POINT('',(0.786029848523,0.696024309807,
    10.119181225885));
#9182 = CARTESIAN_POINT('',(-0.16355445043,1.03544603295,10.182742633944
    ));
#9183 = CARTESIAN_POINT('',(-0.963202148001,0.421051203271,
    10.246304042003));
#9184 = CARTESIAN_POINT('',(-0.879845707574,-0.583921010663,
    10.309865450061));
#9185 = CARTESIAN_POINT('',(1.009884335804E-02,-1.058174258658,
    10.37342685812));
#9186 = CARTESIAN_POINT('',(0.890785399488,-0.566942503971,
    10.436988266178));
#9187 = CARTESIAN_POINT('',(0.954855012395,0.439443372125,
    10.500549674237));
#9188 = CARTESIAN_POINT('',(0.143572624786,1.038391061491,
    10.564111082296));
#9189 = CARTESIAN_POINT('',(-0.799328262649,0.680822377979,
    10.627672490354));
#9190 = CARTESIAN_POINT('',(-1.009454451723,-0.305465831065,
    10.691233898413));
#9191 = CARTESIAN_POINT('',(-0.294175252129,-1.016305555785,
    10.754795306471));
#9192 = CARTESIAN_POINT('',(0.690785618326,-0.800042913526,
    10.81835671453));
#9193 = CARTESIAN_POINT('',(1.042476971903,0.145065882729,
    10.881918122589));
#9194 = CARTESIAN_POINT('',(0.438489932439,0.952603564817,
    10.945479530647));
#9195 = CARTESIAN_POINT('',(-0.567477546617,0.882269538124,
    11.009040938706));
#9196 = CARTESIAN_POINT('',(-1.05321672344,-1.45829714666E-03,
    11.072602346764));
#9197 = CARTESIAN_POINT('',(-0.573431961117,-0.888432966528,
    11.136163754823));
#9198 = CARTESIAN_POINT('',(0.43203973197,-0.965530909952,
    11.199725162881));
#9199 = CARTESIAN_POINT('',(1.04144415528,-0.162073614624,11.26328657094
    ));
#9200 = CARTESIAN_POINT('',(0.696116957104,0.785379193401,
    11.326847978999));
#9201 = CARTESIAN_POINT('',(-0.287367100744,1.008260986843,
    11.390409387057));
#9202 = CARTESIAN_POINT('',(-1.00741096952,0.302248311094,
    11.453970795116));
#9203 = CARTESIAN_POINT('',(-0.803922423976,-0.685431593658,
    11.517532203174));
#9204 = CARTESIAN_POINT('',(0.136551766412,-1.049332022514,
    11.581093611233));
#9205 = CARTESIAN_POINT('',(0.951845078649,-0.455857077036,
    11.644655019292));
#9206 = CARTESIAN_POINT('',(0.894543159671,0.550942659345,11.70821642735
    ));
#9207 = CARTESIAN_POINT('',(1.718429978183E-02,1.048075322104,
    11.771777835409));
#9208 = CARTESIAN_POINT('',(-0.875937412266,0.579839021267,
    11.835339243467));
#9209 = CARTESIAN_POINT('',(-0.966036001497,-0.4245900158,
    11.898900651526));
#9210 = CARTESIAN_POINT('',(-0.170566805855,-1.044272040582,
    11.962462059584));
#9211 = CARTESIAN_POINT('',(0.7813330548,-0.711391490109,12.026023467643
    ));
#9212 = CARTESIAN_POINT('',(1.016829579214,0.269405438674,
    12.089584875702));
#9213 = CARTESIAN_POINT('',(0.32040013568,0.997991511574,12.15314628376)
  );
#9214 = CARTESIAN_POINT('',(-0.670214437281,0.808359663722,
    12.216707691819));
#9215 = CARTESIAN_POINT('',(-1.045517014282,-0.129442147767,
    12.280269099877));
#9216 = CARTESIAN_POINT('',(-0.65800738274,-0.674707358024,
    12.322643371917));
#9217 = CARTESIAN_POINT('',(-0.391735495546,-0.805079576859,
    12.343830507936));
#9218 = CARTESIAN_POINT('',(-0.474038213689,0.65785514675,8.256169492064
    ));
#9219 = CARTESIAN_POINT('',(-0.694640883682,0.500092027416,
    8.277356628084));
#9220 = CARTESIAN_POINT('',(-0.962103586779,-5.029271265851E-02,
    8.319730900123));
#9221 = CARTESIAN_POINT('',(-0.482135755461,-0.839888458759,
    8.383292308181));
#9222 = CARTESIAN_POINT('',(0.44025550901,-0.86168964366,8.44685371624)
  );
#9223 = CARTESIAN_POINT('',(0.958821108873,-9.933966866754E-02,
    8.510415124298));
#9224 = CARTESIAN_POINT('',(0.598517412224,0.750120444062,8.573976532357
    ));
#9225 = CARTESIAN_POINT('',(-0.310531985427,0.907006829458,
    8.637537940416));
#9226 = CARTESIAN_POINT('',(-0.93487249537,0.227992025576,8.701099348474
    ));
#9227 = CARTESIAN_POINT('',(-0.70219665439,-0.664704387375,
    8.764660756533));
#9228 = CARTESIAN_POINT('',(0.174218472498,-0.952578170954,
    8.828222164591));
#9229 = CARTESIAN_POINT('',(0.890916265795,-0.371795185036,8.89178357265
    ));
#9230 = CARTESIAN_POINT('',(0.790879557558,0.545255614679,8.955344980708
    ));
#9231 = CARTESIAN_POINT('',(-3.41878590179E-02,0.957859485032,
    9.018906388767));
#9232 = CARTESIAN_POINT('',(-0.827913303299,0.487776810709,
    9.082467796826));
#9233 = CARTESIAN_POINT('',(-0.862659396275,-0.43405496481,
    9.146029204884));
#9234 = CARTESIAN_POINT('',(-0.106572545998,-0.962554748653,
    9.209590612943));
#9235 = CARTESIAN_POINT('',(0.747213327166,-0.613228074352,
    9.273152021001));
#9236 = CARTESIAN_POINT('',(0.916000299537,0.293684726558,9.33671342906)
  );
#9237 = CARTESIAN_POINT('',(0.245054842684,0.926781714454,9.400274837119
    ));
#9238 = CARTESIAN_POINT('',(-0.650541719531,0.705678944284,
    9.463836245177));
#9239 = CARTESIAN_POINT('',(-0.949761887918,-0.166930350561,
    9.527397653236));
#9240 = CARTESIAN_POINT('',(-0.378299113578,-0.891091899094,
    9.590959061294));
#9241 = CARTESIAN_POINT('',(0.539964881613,-0.802939225212,
    9.654520469353));
#9242 = CARTESIAN_POINT('',(0.963222480828,1.671476876679E-02,
    9.718081877411));
#9243 = CARTESIAN_POINT('',(0.503457301646,0.816462003449,9.78164328547)
  );
#9244 = CARTESIAN_POINT('',(-0.41784638357,0.863143696924,9.845204693529
    ));
#9245 = CARTESIAN_POINT('',(-0.956094355747,0.113964958535,
    9.908766101587));
#9246 = CARTESIAN_POINT('',(-0.617854174046,-0.744273493337,
    9.972327509646));
#9247 = CARTESIAN_POINT('',(0.286796489045,-0.924791744016,
    10.035888917704));
#9248 = CARTESIAN_POINT('',(0.928529874494,-0.262101829253,
    10.099450325763));
#9249 = CARTESIAN_POINT('',(0.719044517185,0.636283136165,
    10.163011733822));
#9250 = CARTESIAN_POINT('',(-0.149616367704,0.946779397214,
    10.22657314188));
#9251 = CARTESIAN_POINT('',(-0.881118223134,0.384743191468,
    10.290134549939));
#9252 = CARTESIAN_POINT('',(-0.804865404524,-0.534585459614,
    10.353695957997));
#9253 = CARTESIAN_POINT('',(9.238221627528E-03,-0.96842292567,
    10.417257366056));
#9254 = CARTESIAN_POINT('',(0.814872817735,-0.519053858403,
    10.480818774114));
#9255 = CARTESIAN_POINT('',(0.873482429019,0.401567982789,
    10.544380182173));
#9256 = CARTESIAN_POINT('',(0.131337389877,0.949473450919,
    10.607941590232));
#9257 = CARTESIAN_POINT('',(-0.731209642699,0.622376710407,
    10.67150299829));
#9258 = CARTESIAN_POINT('',(-0.923428913321,-0.279860183535,
    10.735064406349));
#9259 = CARTESIAN_POINT('',(-0.269105686676,-0.930122266606,
    10.798625814407));
#9260 = CARTESIAN_POINT('',(0.631916984248,-0.732289490306,
    10.862187222466));
#9261 = CARTESIAN_POINT('',(0.953637259891,0.132277293471,
    10.925748630525));
#9262 = CARTESIAN_POINT('',(0.40112189423,0.870996750266,10.989310038583
    ));
#9263 = CARTESIAN_POINT('',(-0.519117205647,0.806656577485,
    11.052871446642));
#9264 = CARTESIAN_POINT('',(-0.963461771611,-1.76012046747E-03,
    11.1164328547));
#9265 = CARTESIAN_POINT('',(-0.524564185946,-0.813146957874,
    11.179994262759));
#9266 = CARTESIAN_POINT('',(0.395221378759,-0.883674627542,
    11.243555670817));
#9267 = CARTESIAN_POINT('',(0.952692459727,-0.148687827634,
    11.307117078876));
#9268 = CARTESIAN_POINT('',(0.636793987233,0.718023211625,
    11.370678486935));
#9269 = CARTESIAN_POINT('',(-0.262877724806,0.921911056159,
    11.434239894993));
#9270 = CARTESIAN_POINT('',(-0.921559576327,0.276064661757,
    11.497801303052));
#9271 = CARTESIAN_POINT('',(-0.73541229037,-0.627445327819,
    11.56136271111));
#9272 = CARTESIAN_POINT('',(0.124914847871,-0.960334223401,
    11.624924119169));
#9273 = CARTESIAN_POINT('',(0.87072900132,-0.417435112847,
    11.688485527228));
#9274 = CARTESIAN_POINT('',(0.818310342229,0.503565319526,
    11.752046935286));
#9275 = CARTESIAN_POINT('',(1.571985664794E-02,0.958332420473,
    11.815608343345));
#9276 = CARTESIAN_POINT('',(-0.801290173484,0.529999138351,
    11.879169751403));
#9277 = CARTESIAN_POINT('',(-0.883710576112,-0.388832625304,
    11.942731159462));
#9278 = CARTESIAN_POINT('',(-0.15603113138,-0.955705452278,
    12.00629256752));
#9279 = CARTESIAN_POINT('',(0.714747983432,-0.651192926265,
    12.069853975579));
#9280 = CARTESIAN_POINT('',(0.930175533689,0.246020653395,
    12.133415383638));
#9281 = CARTESIAN_POINT('',(0.293095690067,0.912516743843,
    12.196976791696));
#9282 = CARTESIAN_POINT('',(-0.613098875788,0.739045290134,
    12.260538199755));
#9283 = CARTESIAN_POINT('',(-0.956418230371,-0.118837208888,
    12.324099607813));
#9284 = CARTESIAN_POINT('',(-0.60193210438,-0.617635009739,
    12.366473879852));
#9285 = CARTESIAN_POINT('',(-0.358351862576,-0.736896930038,
    12.387661015872));
#9286 = CARTESIAN_POINT('',(-0.429877377952,0.596104350279,8.3));
#9287 = CARTESIAN_POINT('',(-0.629928965793,0.453038255356,8.32118713602
    ));
#9288 = CARTESIAN_POINT('',(-0.872475161832,-4.607329745942E-02,
    8.363561408059));
#9289 = CARTESIAN_POINT('',(-0.437220562371,-0.762111243714,
    8.427122816117));
#9290 = CARTESIAN_POINT('',(0.399241829829,-0.781881456179,
    8.490684224176));
#9291 = CARTESIAN_POINT('',(0.86949847566,-9.055109742752E-02,
    8.554245632234));
#9292 = CARTESIAN_POINT('',(0.54276024252,0.679774322317,8.617807040293)
  );
#9293 = CARTESIAN_POINT('',(-0.281603195293,0.822045358793,
    8.681368448352));
#9294 = CARTESIAN_POINT('',(-0.847780886485,0.206286765805,8.74492985641
    ));
#9295 = CARTESIAN_POINT('',(-0.636780849896,-0.603247111897,
    8.808491264469));
#9296 = CARTESIAN_POINT('',(0.157988486973,-0.864302916455,
    8.872052672527));
#9297 = CARTESIAN_POINT('',(0.807919566936,-0.337624982196,
    8.935614080586));
#9298 = CARTESIAN_POINT('',(0.717202159364,0.493994456588,8.999175488644
    ));
#9299 = CARTESIAN_POINT('',(-3.10029587658E-02,0.868160641504,
    9.062736896703));
#9300 = CARTESIAN_POINT('',(-0.750785885433,0.441870309578,
    9.126298304762));
#9301 = CARTESIAN_POINT('',(-0.782295073746,-0.394084714994,
    9.18985971282));
#9302 = CARTESIAN_POINT('',(-9.664437446695E-02,-0.873350088051,
    9.253421120879));
#9303 = CARTESIAN_POINT('',(0.677603823019,-0.556566270923,
    9.316982528937));
#9304 = CARTESIAN_POINT('',(0.830666801953,0.265859612958,9.380543936996
    ));
#9305 = CARTESIAN_POINT('',(0.22222582523,0.839978039041,9.444105345055)
  );
#9306 = CARTESIAN_POINT('',(-0.589938027283,0.639472939759,
    9.507666753113));
#9307 = CARTESIAN_POINT('',(-0.861283200947,-0.151845111849,
    9.571228161172));
#9308 = CARTESIAN_POINT('',(-0.343057218449,-0.808544632495,
    9.63478956923));
#9309 = CARTESIAN_POINT('',(0.489662395965,-0.728604156783,
    9.698350977289));
#9310 = CARTESIAN_POINT('',(0.873489821043,1.469184675569E-02,
    9.761912385347));
#9311 = CARTESIAN_POINT('',(0.456555818693,0.739935580998,9.825473793406
    ));
#9312 = CARTESIAN_POINT('',(-0.378920311841,0.782268463475,
    9.889035201465));
#9313 = CARTESIAN_POINT('',(-0.86702574361,0.102882324602,9.952596609523
    ));
#9314 = CARTESIAN_POINT('',(-0.560295614627,-0.675403654659,
    10.016158017582));
#9315 = CARTESIAN_POINT('',(0.260078869501,-0.839105039977,
    10.07971942564));
#9316 = CARTESIAN_POINT('',(0.842029136621,-0.238150528869,
    10.143280833699));
#9317 = CARTESIAN_POINT('',(0.652059185847,0.576541962522,
    10.206842241757));
#9318 = CARTESIAN_POINT('',(-0.135678284978,0.858112761478,
    10.270403649816));
#9319 = CARTESIAN_POINT('',(-0.799034298267,0.348435179664,
    10.333965057875));
#9320 = CARTESIAN_POINT('',(-0.729885101474,-0.485249908565,
    10.397526465933));
#9321 = CARTESIAN_POINT('',(8.37759989702E-03,-0.878671592683,
    10.461087873992));
#9322 = CARTESIAN_POINT('',(0.738960235983,-0.471165212836,
    10.52464928205));
#9323 = CARTESIAN_POINT('',(0.792109845643,0.363692593452,
    10.588210690109));
#9324 = CARTESIAN_POINT('',(0.119102154968,0.860555840347,
    10.651772098168));
#9325 = CARTESIAN_POINT('',(-0.663091022748,0.563931042836,
    10.715333506226));
#9326 = CARTESIAN_POINT('',(-0.837403374919,-0.254254536004,
    10.778894914285));
#9327 = CARTESIAN_POINT('',(-0.244036121223,-0.843938977427,
    10.842456322343));
#9328 = CARTESIAN_POINT('',(0.57304835017,-0.664536067086,
    10.906017730402));
#9329 = CARTESIAN_POINT('',(0.86479754788,0.119488704213,10.96957913846)
  );
#9330 = CARTESIAN_POINT('',(0.363753856021,0.789389935715,
    11.033140546519));
#9331 = CARTESIAN_POINT('',(-0.470756864677,0.731043616846,
    11.096701954578));
#9332 = CARTESIAN_POINT('',(-0.873706819782,-2.06194378827E-03,
    11.160263362636));
#9333 = CARTESIAN_POINT('',(-0.475696410775,-0.73786094922,
    11.223824770695));
#9334 = CARTESIAN_POINT('',(0.358403025548,-0.801818345132,
    11.287386178753));
#9335 = CARTESIAN_POINT('',(0.863940764175,-0.135302040644,
    11.350947586812));
#9336 = CARTESIAN_POINT('',(0.577471017362,0.650667229849,
    11.414508994871));
#9337 = CARTESIAN_POINT('',(-0.238388348868,0.835561125474,
    11.478070402929));
#9338 = CARTESIAN_POINT('',(-0.835708183134,0.249881012421,
    11.541631810988));
#9339 = CARTESIAN_POINT('',(-0.666902156765,-0.569459061979,
    11.605193219046));
#9340 = CARTESIAN_POINT('',(0.11327792933,-0.871336424289,
    11.668754627105));
#9341 = CARTESIAN_POINT('',(0.789612923991,-0.379013148658,
    11.732316035163));
#9342 = CARTESIAN_POINT('',(0.742077524786,0.456187979707,
    11.795877443222));
#9343 = CARTESIAN_POINT('',(1.425541351405E-02,0.868589518842,
    11.859438851281));
#9344 = CARTESIAN_POINT('',(-0.726642934703,0.480159255435,
    11.923000259339));
#9345 = CARTESIAN_POINT('',(-0.801385150727,-0.353075234809,
    11.986561667398));
#9346 = CARTESIAN_POINT('',(-0.141495456906,-0.867138863974,
    12.050123075456));
#9347 = CARTESIAN_POINT('',(0.648162912064,-0.590994362421,
    12.113684483515));
#9348 = CARTESIAN_POINT('',(0.843521488164,0.222635868116,
    12.177245891574));
#9349 = CARTESIAN_POINT('',(0.265791244454,0.827041976112,
    12.240807299632));
#9350 = CARTESIAN_POINT('',(-0.555983314295,0.669730916547,
    12.304368707691));
#9351 = CARTESIAN_POINT('',(-0.86731944646,-0.108232270009,
    12.367930115749));
#9352 = CARTESIAN_POINT('',(-0.545856826019,-0.560562661455,
    12.410304387788));
#9353 = CARTESIAN_POINT('',(-0.324968229607,-0.668714283217,
    12.431491523808));
#9354 = DEFINITIONAL_REPRESENTATION('',(#9355),#9359);
#9355 = LINE('',#9356,#9357);
#9356 = CARTESIAN_POINT('',(8.457865320122E-16,11.616393197341));
#9357 = VECTOR('',#9358,1.);
#9358 = DIRECTION('',(2.4595673798E-16,-1.));
#9359 = ( GEOMETRIC_REPRESENTATION_CONTEXT(2) 
PARAMETRIC_REPRESENTATION_CONTEXT() REPRESENTATION_CONTEXT('2D SPACE',''
  ) );
#9360 = ORIENTED_EDGE('',*,*,#9361,.F.);
#9361 = EDGE_CURVE('',#9362,#9060,#9364,.T.);
#9362 = VERTEX_POINT('',#9363);
#9363 = CARTESIAN_POINT('',(0.425119128515,-0.87326222368,8.3));
#9364 = SURFACE_CURVE('',#9365,(#9370,#9377),.PCURVE_S1.);
#9365 = CIRCLE('',#9366,0.96675);
#9366 = AXIS2_PLACEMENT_3D('',#9367,#9368,#9369);
#9367 = CARTESIAN_POINT('',(0.,-5.E-03,8.3));
#9368 = DIRECTION('',(0.,0.,-1.));
#9369 = DIRECTION('',(-1.,0.,0.));
#9370 = PCURVE('',#9035,#9371);
#9371 = DEFINITIONAL_REPRESENTATION('',(#9372),#9376);
#9372 = LINE('',#9373,#9374);
#9373 = CARTESIAN_POINT('',(6.28318530718,0.));
#9374 = VECTOR('',#9375,1.);
#9375 = DIRECTION('',(-1.,0.));
#9376 = ( GEOMETRIC_REPRESENTATION_CONTEXT(2) 
PARAMETRIC_REPRESENTATION_CONTEXT() REPRESENTATION_CONTEXT('2D SPACE',''
  ) );
#9377 = PCURVE('',#9378,#9383);
#9378 = PLANE('',#9379);
#9379 = AXIS2_PLACEMENT_3D('',#9380,#9381,#9382);
#9380 = CARTESIAN_POINT('',(0.,-5.E-03,8.3));
#9381 = DIRECTION('',(0.,0.,1.));
#9382 = DIRECTION('',(-1.,0.,0.));
#9383 = DEFINITIONAL_REPRESENTATION('',(#9384),#9392);
#9384 = ( BOUNDED_CURVE() B_SPLINE_CURVE(2,(#9385,#9386,#9387,#9388,
#9389,#9390,#9391),.UNSPECIFIED.,.T.,.F.) B_SPLINE_CURVE_WITH_KNOTS((1,2
    ,2,2,2,1),(-2.094395102393,0.,2.094395102393,4.188790204786,
6.28318530718,8.377580409573),.UNSPECIFIED.) CURVE() 
GEOMETRIC_REPRESENTATION_ITEM() RATIONAL_B_SPLINE_CURVE((1.,0.5,1.,0.5,
1.,0.5,1.)) REPRESENTATION_ITEM('') );
#9385 = CARTESIAN_POINT('',(0.96675,0.));
#9386 = CARTESIAN_POINT('',(0.96675,-1.674460118217));
#9387 = CARTESIAN_POINT('',(-0.483375,-0.837230059109));
#9388 = CARTESIAN_POINT('',(-1.9335,-2.367854586151E-16));
#9389 = CARTESIAN_POINT('',(-0.483375,0.837230059109));
#9390 = CARTESIAN_POINT('',(0.96675,1.674460118217));
#9391 = CARTESIAN_POINT('',(0.96675,0.));
#9392 = ( GEOMETRIC_REPRESENTATION_CONTEXT(2) 
PARAMETRIC_REPRESENTATION_CONTEXT() REPRESENTATION_CONTEXT('2D SPACE',''
  ) );
#9393 = ORIENTED_EDGE('',*,*,#9394,.T.);
#9394 = EDGE_CURVE('',#9362,#9027,#9395,.T.);
#9395 = SURFACE_CURVE('',#9396,(#9404,#9410),.PCURVE_S1.);
#9396 = B_SPLINE_CURVE_WITH_KNOTS('',3,(#9397,#9398,#9399,#9400,#9401,
    #9402,#9403),.UNSPECIFIED.,.F.,.F.,(4,3,4),(0.,0.998420263043,
    1.115486609004),.UNSPECIFIED.);
#9397 = CARTESIAN_POINT('',(0.425119128515,-0.87326222368,8.3));
#9398 = CARTESIAN_POINT('',(0.714082661101,-0.731779706308,8.32118713602
    ));
#9399 = CARTESIAN_POINT('',(0.924349027202,-0.435912855744,
    8.342374272039));
#9400 = CARTESIAN_POINT('',(0.961601359506,-0.118359524455,
    8.363561408059));
#9401 = CARTESIAN_POINT('',(0.965969254051,-8.11258969755E-02,
    8.366045633076));
#9402 = CARTESIAN_POINT('',(0.96795856355,-4.359412524982E-02,
    8.368529858093));
#9403 = CARTESIAN_POINT('',(0.967668782423,-6.01730011661E-03,
    8.37101408311));
#9404 = PCURVE('',#9035,#9405);
#9405 = DEFINITIONAL_REPRESENTATION('',(#9406),#9409);
#9406 = B_SPLINE_CURVE_WITH_KNOTS('',1,(#9407,#9408),.UNSPECIFIED.,.F.,
  .F.,(2,2),(0.,1.115486609004),.PIECEWISE_BEZIER_KNOTS.);
#9407 = CARTESIAN_POINT('',(2.026106044586,0.));
#9408 = CARTESIAN_POINT('',(3.140541364388,7.101408311032E-02));
#9409 = ( GEOMETRIC_REPRESENTATION_CONTEXT(2) 
PARAMETRIC_REPRESENTATION_CONTEXT() REPRESENTATION_CONTEXT('2D SPACE',''
  ) );
#9410 = PCURVE('',#9411,#9684);
#9411 = B_SPLINE_SURFACE_WITH_KNOTS('',3,3,(
    (#9412,#9413,#9414,#9415,#9416,#9417,#9418,#9419,#9420,#9421,#9422
      ,#9423,#9424,#9425,#9426,#9427,#9428,#9429,#9430,#9431,#9432,#9433
      ,#9434,#9435,#9436,#9437,#9438,#9439,#9440,#9441,#9442,#9443,#9444
      ,#9445,#9446,#9447,#9448,#9449,#9450,#9451,#9452,#9453,#9454,#9455
      ,#9456,#9457,#9458,#9459,#9460,#9461,#9462,#9463,#9464,#9465,#9466
      ,#9467,#9468,#9469,#9470,#9471,#9472,#9473,#9474,#9475,#9476,#9477
      ,#9478,#9479)
    ,(#9480,#9481,#9482,#9483,#9484,#9485,#9486,#9487,#9488,#9489,#9490
      ,#9491,#9492,#9493,#9494,#9495,#9496,#9497,#9498,#9499,#9500,#9501
      ,#9502,#9503,#9504,#9505,#9506,#9507,#9508,#9509,#9510,#9511,#9512
      ,#9513,#9514,#9515,#9516,#9517,#9518,#9519,#9520,#9521,#9522,#9523
      ,#9524,#9525,#9526,#9527,#9528,#9529,#9530,#9531,#9532,#9533,#9534
      ,#9535,#9536,#9537,#9538,#9539,#9540,#9541,#9542,#9543,#9544,#9545
      ,#9546,#9547)
    ,(#9548,#9549,#9550,#9551,#9552,#9553,#9554,#9555,#9556,#9557,#9558
      ,#9559,#9560,#9561,#9562,#9563,#9564,#9565,#9566,#9567,#9568,#9569
      ,#9570,#9571,#9572,#9573,#9574,#9575,#9576,#9577,#9578,#9579,#9580
      ,#9581,#9582,#9583,#9584,#9585,#9586,#9587,#9588,#9589,#9590,#9591
      ,#9592,#9593,#9594,#9595,#9596,#9597,#9598,#9599,#9600,#9601,#9602
      ,#9603,#9604,#9605,#9606,#9607,#9608,#9609,#9610,#9611,#9612,#9613
      ,#9614,#9615)
    ,(#9616,#9617,#9618,#9619,#9620,#9621,#9622,#9623,#9624,#9625,#9626
      ,#9627,#9628,#9629,#9630,#9631,#9632,#9633,#9634,#9635,#9636,#9637
      ,#9638,#9639,#9640,#9641,#9642,#9643,#9644,#9645,#9646,#9647,#9648
      ,#9649,#9650,#9651,#9652,#9653,#9654,#9655,#9656,#9657,#9658,#9659
      ,#9660,#9661,#9662,#9663,#9664,#9665,#9666,#9667,#9668,#9669,#9670
      ,#9671,#9672,#9673,#9674,#9675,#9676,#9677,#9678,#9679,#9680,#9681
      ,#9682,#9683
    )),.UNSPECIFIED.,.F.,.F.,.F.,(4,4),(4,1,1,1,1,1,1,1,1,1,1,1,1,1,1,1,
    1,1,1,1,1,1,1,1,1,1,1,1,1,1,1,1,1,1,1,1,1,1,1,1,1,1,1,1,1,1,1,1,1,1,
    1,1,1,1,1,1,1,1,1,1,1,1,1,1,1,4),(0.,2.629830476159E-02),(
    8.309291351765,9.307711614809,10.306131877852,11.304552140895,
    12.302972403939,13.301392666982,14.299812930025,15.298233193069,
    16.296653456112,17.295073719155,18.293493982199,19.291914245242,
    20.290334508286,21.288754771329,22.287175034372,23.285595297416,
    24.284015560459,25.282435823502,26.280856086546,27.279276349589,
    28.277696612632,29.276116875676,30.274537138719,31.272957401762,
    32.271377664806,33.269797927849,34.268218190892,35.266638453936,
    36.265058716979,37.263478980022,38.261899243066,39.260319506109,
    40.258739769152,41.257160032196,42.255580295239,43.254000558282,
    44.252420821326,45.250841084369,46.249261347412,47.247681610456,
    48.246101873499,49.244522136542,50.242942399586,51.241362662629,
    52.239782925673,53.238203188716,54.236623451759,55.235043714803,
    56.233463977846,57.231884240889,58.230304503933,59.228724766976,
    60.227145030019,61.225565293063,62.223985556106,63.222405819149,
    64.220826082193,65.219246345236,66.217666608279,67.216086871323,
    68.214507134366,69.21292739741,70.211347660453,71.209767923496,
    72.20818818654,73.206608449583),.UNSPECIFIED.);
#9412 = CARTESIAN_POINT('',(0.324968229607,-0.668714283217,
    8.168508476192));
#9413 = CARTESIAN_POINT('',(0.545856826019,-0.560562661455,
    8.189695612212));
#9414 = CARTESIAN_POINT('',(0.867319136954,-0.108231443318,
    8.232069884251));
#9415 = CARTESIAN_POINT('',(0.555983536013,0.669730452969,8.295631292309
    ));
#9416 = CARTESIAN_POINT('',(-0.265791341884,0.827042339453,
    8.359192700368));
#9417 = CARTESIAN_POINT('',(-0.843521509529,0.222635690714,
    8.422754108426));
#9418 = CARTESIAN_POINT('',(-0.648162963036,-0.590994282968,
    8.486315516485));
#9419 = CARTESIAN_POINT('',(0.141495468073,-0.867138986997,
    8.549876924544));
#9420 = CARTESIAN_POINT('',(0.801385201261,-0.353075216014,
    8.613438332602));
#9421 = CARTESIAN_POINT('',(0.726642979048,0.480159262254,8.676999740661
    ));
#9422 = CARTESIAN_POINT('',(-1.425541338984E-02,0.868589586956,
    8.740561148719));
#9423 = CARTESIAN_POINT('',(-0.742077571945,0.456188000854,
    8.804122556778));
#9424 = CARTESIAN_POINT('',(-0.789612972835,-0.379013167694,
    8.867683964836));
#9425 = CARTESIAN_POINT('',(-0.113277936749,-0.871336480896,
    8.931245372895));
#9426 = CARTESIAN_POINT('',(0.666902198669,-0.569459095902,
    8.994806780954));
#9427 = CARTESIAN_POINT('',(0.835708235255,0.249881027595,9.058368189012
    ));
#9428 = CARTESIAN_POINT('',(0.238388363848,0.835561178448,9.121929597071
    ));
#9429 = CARTESIAN_POINT('',(-0.577471053509,0.650667270607,
    9.185491005129));
#9430 = CARTESIAN_POINT('',(-0.863940818162,-0.135302048662,
    9.249052413188));
#9431 = CARTESIAN_POINT('',(-0.35840304797,-0.801818395019,
    9.312613821247));
#9432 = CARTESIAN_POINT('',(0.475696440523,-0.737860995,9.376175229305)
  );
#9433 = CARTESIAN_POINT('',(0.873706874401,-2.06194362581E-03,
    9.439736637364));
#9434 = CARTESIAN_POINT('',(0.470756894111,0.731043662875,9.503298045422
    ));
#9435 = CARTESIAN_POINT('',(-0.363753878764,0.789389985374,
    9.566859453481));
#9436 = CARTESIAN_POINT('',(-0.864797601945,0.119488711999,
    9.630420861539));
#9437 = CARTESIAN_POINT('',(-0.573048385997,-0.664536108321,
    9.693982269598));
#9438 = CARTESIAN_POINT('',(0.24403613648,-0.843939029876,9.757543677657
    ));
#9439 = CARTESIAN_POINT('',(0.837403427273,-0.254254551588,
    9.821105085715));
#9440 = CARTESIAN_POINT('',(0.663091064204,0.563931078405,9.884666493774
    ));
#9441 = CARTESIAN_POINT('',(-0.119102162414,0.86055589446,9.948227901832
    ));
#9442 = CARTESIAN_POINT('',(-0.792109895165,0.363692616503,
    10.011789309891));
#9443 = CARTESIAN_POINT('',(-0.738960282182,-0.47116524198,
    10.07535071795));
#9444 = CARTESIAN_POINT('',(-8.377600420765E-03,-0.878671647304,
    10.138912126008));
#9445 = CARTESIAN_POINT('',(0.729885147106,-0.48524993859,
    10.202473534067));
#9446 = CARTESIAN_POINT('',(0.799034348222,0.348435201761,
    10.266034942125));
#9447 = CARTESIAN_POINT('',(0.13567829346,0.858112815439,10.329596350184
    ));
#9448 = CARTESIAN_POINT('',(-0.652059226614,0.57654199888,
    10.393157758243));
#9449 = CARTESIAN_POINT('',(-0.842029189264,-0.238150543446,
    10.456719166301));
#9450 = CARTESIAN_POINT('',(-0.260078885761,-0.839105092125,
    10.52028057436));
#9451 = CARTESIAN_POINT('',(0.560295649657,-0.675403696573,
    10.583841982418));
#9452 = CARTESIAN_POINT('',(0.867025797816,0.102882331348,
    10.647403390477));
#9453 = CARTESIAN_POINT('',(0.378920335531,0.782268512694,
    10.710964798535));
#9454 = CARTESIAN_POINT('',(-0.456555847237,0.739935627573,
    10.774526206594));
#9455 = CARTESIAN_POINT('',(-0.873489875653,1.469184798328E-02,
    10.838087614653));
#9456 = CARTESIAN_POINT('',(-0.489662426579,-0.728604202016,
    10.901649022711));
#9457 = CARTESIAN_POINT('',(0.343057239897,-0.808544682744,
    10.96521043077));
#9458 = CARTESIAN_POINT('',(0.861283254793,-0.151845121008,
    11.028771838828));
#9459 = CARTESIAN_POINT('',(0.589938064167,0.639472980012,
    11.092333246887));
#9460 = CARTESIAN_POINT('',(-0.222225839126,0.839978091941,
    11.155894654946));
#9461 = CARTESIAN_POINT('',(-0.830666853882,0.265859629761,
    11.219456063004));
#9462 = CARTESIAN_POINT('',(-0.677603865388,-0.556566305169,
    11.283017471063));
#9463 = CARTESIAN_POINT('',(9.664438051384E-02,-0.873350142769,
    11.346578879121));
#9464 = CARTESIAN_POINT('',(0.782295122655,-0.394084738548,
    11.41014028718));
#9465 = CARTESIAN_POINT('',(0.750785932353,0.441870336133,
    11.473701695238));
#9466 = CARTESIAN_POINT('',(3.10029607746E-02,0.868160698559,
    11.537263103297));
#9467 = CARTESIAN_POINT('',(-0.717202204404,0.493994483411,
    11.600824511356));
#9468 = CARTESIAN_POINT('',(-0.807919616935,-0.337624995285,
    11.664385919414));
#9469 = CARTESIAN_POINT('',(-0.157988498073,-0.864302983659,
    11.727947327473));
#9470 = CARTESIAN_POINT('',(0.636780892511,-0.603247125929,
    11.791508735531));
#9471 = CARTESIAN_POINT('',(0.847780933231,0.206286738941,11.85507014359
    ));
#9472 = CARTESIAN_POINT('',(0.281603226576,0.822045478295,
    11.918631551649));
#9473 = CARTESIAN_POINT('',(-0.542760305886,0.679774252347,
    11.982192959707));
#9474 = CARTESIAN_POINT('',(-0.869498467506,-9.055091892924E-02,
    12.045754367766));
#9475 = CARTESIAN_POINT('',(-0.399241985791,-0.781881798502,
    12.109315775824));
#9476 = CARTESIAN_POINT('',(0.437220857437,-0.762110823,12.172877183883)
  );
#9477 = CARTESIAN_POINT('',(0.872474720355,-4.607406186128E-02,
    12.236438591941));
#9478 = CARTESIAN_POINT('',(0.629928965793,0.453038255356,12.27881286398
    ));
#9479 = CARTESIAN_POINT('',(0.429877377952,0.596104350279,12.3));
#9480 = CARTESIAN_POINT('',(0.358351862576,-0.736896930038,
    8.212338984128));
#9481 = CARTESIAN_POINT('',(0.60193210438,-0.617635009739,8.233526120148
    ));
#9482 = CARTESIAN_POINT('',(0.95641788907,-0.118836297272,8.275900392187
    ));
#9483 = CARTESIAN_POINT('',(0.613099120283,0.739044778933,8.339461800245
    ));
#9484 = CARTESIAN_POINT('',(-0.293095797506,0.912517144509,
    8.403023208304));
#9485 = CARTESIAN_POINT('',(-0.930175557249,0.246020457768,
    8.466584616362));
#9486 = CARTESIAN_POINT('',(-0.714748039641,-0.65119283865,
    8.530146024421));
#9487 = CARTESIAN_POINT('',(0.156031143695,-0.95570558794,8.59370743248)
  );
#9488 = CARTESIAN_POINT('',(0.883710631837,-0.388832604578,
    8.657268840538));
#9489 = CARTESIAN_POINT('',(0.801290222385,0.529999145871,8.720830248597
    ));
#9490 = CARTESIAN_POINT('',(-1.571985651096E-02,0.958332495585,
    8.784391656655));
#9491 = CARTESIAN_POINT('',(-0.818310394232,0.503565342846,
    8.847953064714));
#9492 = CARTESIAN_POINT('',(-0.870729055182,-0.417435133838,
    8.911514472772));
#9493 = CARTESIAN_POINT('',(-0.124914856052,-0.960334285823,
    8.975075880831));
#9494 = CARTESIAN_POINT('',(0.735412336579,-0.627445365226,9.03863728889
    ));
#9495 = CARTESIAN_POINT('',(0.921559633802,0.27606467849,9.102198696948)
  );
#9496 = CARTESIAN_POINT('',(0.262877741324,0.921911114574,9.165760105007
    ));
#9497 = CARTESIAN_POINT('',(-0.636794027093,0.71802325657,9.229321513065
    ));
#9498 = CARTESIAN_POINT('',(-0.952692519261,-0.148687836475,
    9.292882921124));
#9499 = CARTESIAN_POINT('',(-0.395221403484,-0.883674682554,
    9.356444329183));
#9500 = CARTESIAN_POINT('',(0.52456421875,-0.813147008356,9.420005737241
    ));
#9501 = CARTESIAN_POINT('',(0.963461831841,-1.76012028833E-03,
    9.4835671453));
#9502 = CARTESIAN_POINT('',(0.519117238105,0.806656628242,9.547128553358
    ));
#9503 = CARTESIAN_POINT('',(-0.40112191931,0.870996805026,9.610689961417
    ));
#9504 = CARTESIAN_POINT('',(-0.953637319511,0.132277302057,
    9.674251369475));
#9505 = CARTESIAN_POINT('',(-0.631917023756,-0.732289535777,
    9.737812777534));
#9506 = CARTESIAN_POINT('',(0.2691057035,-0.930122324443,9.801374185593)
  );
#9507 = CARTESIAN_POINT('',(0.923428971053,-0.279860200719,
    9.864935593651));
#9508 = CARTESIAN_POINT('',(0.731209688414,0.622376749631,9.92849700171)
  );
#9509 = CARTESIAN_POINT('',(-0.131337398088,0.949473510592,
    9.992058409768));
#9510 = CARTESIAN_POINT('',(-0.873482483628,0.401568008207,
    10.055619817827));
#9511 = CARTESIAN_POINT('',(-0.814872868681,-0.519053890542,
    10.119181225885));
#9512 = CARTESIAN_POINT('',(-9.238222205085E-03,-0.968422985903,
    10.182742633944));
#9513 = CARTESIAN_POINT('',(0.804865454844,-0.534585492723,
    10.246304042003));
#9514 = CARTESIAN_POINT('',(0.881118278221,0.384743215834,
    10.309865450061));
#9515 = CARTESIAN_POINT('',(0.149616377058,0.946779456718,10.37342685812
    ));
#9516 = CARTESIAN_POINT('',(-0.71904456214,0.636283176257,
    10.436988266178));
#9517 = CARTESIAN_POINT('',(-0.928529932545,-0.262101845327,
    10.500549674237));
#9518 = CARTESIAN_POINT('',(-0.286796506975,-0.924791801521,
    10.564111082296));
#9519 = CARTESIAN_POINT('',(0.617854212674,-0.744273539557,
    10.627672490354));
#9520 = CARTESIAN_POINT('',(0.956094415521,0.113964965973,
    10.691233898413));
#9521 = CARTESIAN_POINT('',(0.417846409693,0.863143751199,
    10.754795306471));
#9522 = CARTESIAN_POINT('',(-0.503457333122,0.816462054808,
    10.81835671453));
#9523 = CARTESIAN_POINT('',(-0.963222541048,1.671477012049E-02,
    10.881918122589));
#9524 = CARTESIAN_POINT('',(-0.539964915371,-0.802939275092,
    10.945479530647));
#9525 = CARTESIAN_POINT('',(0.37829913723,-0.891091954505,
    11.009040938706));
#9526 = CARTESIAN_POINT('',(0.949761947296,-0.166930360661,
    11.072602346764));
#9527 = CARTESIAN_POINT('',(0.650541760204,0.705678988671,
    11.136163754823));
#9528 = CARTESIAN_POINT('',(-0.245054858008,0.926781772788,
    11.199725162881));
#9529 = CARTESIAN_POINT('',(-0.916000356801,0.293684745087,
    11.26328657094));
#9530 = CARTESIAN_POINT('',(-0.747213373886,-0.613228112116,
    11.326847978999));
#9531 = CARTESIAN_POINT('',(0.106572552666,-0.962554808992,
    11.390409387057));
#9532 = CARTESIAN_POINT('',(0.862659450208,-0.434054990783,
    11.453970795116));
#9533 = CARTESIAN_POINT('',(0.827913355038,0.487776839992,
    11.517532203174));
#9534 = CARTESIAN_POINT('',(3.418786123307E-02,0.957859547949,
    11.581093611233));
#9535 = CARTESIAN_POINT('',(-0.790879607225,0.545255644258,
    11.644655019292));
#9536 = CARTESIAN_POINT('',(-0.89091632093,-0.371795199469,
    11.70821642735));
#9537 = CARTESIAN_POINT('',(-0.174218484738,-0.952578245061,
    11.771777835409));
#9538 = CARTESIAN_POINT('',(0.702196701383,-0.664704402849,
    11.835339243467));
#9539 = CARTESIAN_POINT('',(0.934872546918,0.227991995952,
    11.898900651526));
#9540 = CARTESIAN_POINT('',(0.310532019924,0.907006961237,
    11.962462059584));
#9541 = CARTESIAN_POINT('',(-0.5985174821,0.750120366904,12.026023467643
    ));
#9542 = CARTESIAN_POINT('',(-0.95882109988,-9.933947183232E-02,
    12.089584875702));
#9543 = CARTESIAN_POINT('',(-0.440255680993,-0.86169002115,
    12.15314628376));
#9544 = CARTESIAN_POINT('',(0.482136080838,-0.839887994826,
    12.216707691819));
#9545 = CARTESIAN_POINT('',(0.96210309995,-5.029355558654E-02,
    12.280269099877));
#9546 = CARTESIAN_POINT('',(0.694640883682,0.500092027416,
    12.322643371917));
#9547 = CARTESIAN_POINT('',(0.474038213689,0.65785514675,12.343830507936
    ));
#9548 = CARTESIAN_POINT('',(0.391735495546,-0.805079576859,
    8.256169492064));
#9549 = CARTESIAN_POINT('',(0.65800738274,-0.674707358024,8.277356628084
    ));
#9550 = CARTESIAN_POINT('',(1.045516641186,-0.129441151225,
    8.319730900123));
#9551 = CARTESIAN_POINT('',(0.670214704553,0.808359104898,8.383292308181
    ));
#9552 = CARTESIAN_POINT('',(-0.320400253128,0.997991949566,8.44685371624
    ));
#9553 = CARTESIAN_POINT('',(-1.016829604969,0.269405224823,
    8.510415124298));
#9554 = CARTESIAN_POINT('',(-0.781333116245,-0.711391394331,
    8.573976532357));
#9555 = CARTESIAN_POINT('',(0.170566819316,-1.044272188882,
    8.637537940416));
#9556 = CARTESIAN_POINT('',(0.966036062413,-0.424589993143,
    8.701099348474));
#9557 = CARTESIAN_POINT('',(0.875937465722,0.579839029488,8.764660756533
    ));
#9558 = CARTESIAN_POINT('',(-1.718429963208E-02,1.048075404213,
    8.828222164591));
#9559 = CARTESIAN_POINT('',(-0.894543216519,0.550942684837,8.89178357265
    ));
#9560 = CARTESIAN_POINT('',(-0.951845137528,-0.455857099983,
    8.955344980708));
#9561 = CARTESIAN_POINT('',(-0.136551775355,-1.049332090751,
    9.018906388767));
#9562 = CARTESIAN_POINT('',(0.803922474489,-0.68543163455,9.082467796826
    ));
#9563 = CARTESIAN_POINT('',(1.00741103235,0.302248329385,9.146029204884)
  );
#9564 = CARTESIAN_POINT('',(0.287367118801,1.008261050701,9.209590612943
    ));
#9565 = CARTESIAN_POINT('',(-0.696117000678,0.785379242533,
    9.273152021001));
#9566 = CARTESIAN_POINT('',(-1.04144422036,-0.162073624289,9.33671342906
    ));
#9567 = CARTESIAN_POINT('',(-0.432039758998,-0.965530970089,
    9.400274837119));
#9568 = CARTESIAN_POINT('',(0.573431996977,-0.888433021713,
    9.463836245177));
#9569 = CARTESIAN_POINT('',(1.053216789281,-1.45829695083E-03,
    9.527397653236));
#9570 = CARTESIAN_POINT('',(0.567477582098,0.88226959361,9.590959061294)
  );
#9571 = CARTESIAN_POINT('',(-0.438489959855,0.952603624678,
    9.654520469353));
#9572 = CARTESIAN_POINT('',(-1.042477037077,0.145065892115,
    9.718081877411));
#9573 = CARTESIAN_POINT('',(-0.690785661514,-0.800042963234,
    9.78164328547));
#9574 = CARTESIAN_POINT('',(0.294175270521,-1.01630561901,9.845204693529
    ));
#9575 = CARTESIAN_POINT('',(1.009454514834,-0.305465849851,
    9.908766101587));
#9576 = CARTESIAN_POINT('',(0.799328312623,0.680822420856,9.972327509646
    ));
#9577 = CARTESIAN_POINT('',(-0.143572633763,1.038391126723,
    10.035888917704));
#9578 = CARTESIAN_POINT('',(-0.954855072092,0.439443399912,
    10.099450325763));
#9579 = CARTESIAN_POINT('',(-0.890785455179,-0.566942539103,
    10.163011733822));
#9580 = CARTESIAN_POINT('',(-1.009884398941E-02,-1.058174324501,
    10.22657314188));
#9581 = CARTESIAN_POINT('',(0.879845762581,-0.583921046856,
    10.290134549939));
#9582 = CARTESIAN_POINT('',(0.96320220822,0.421051229908,10.353695957997
    ));
#9583 = CARTESIAN_POINT('',(0.163554460655,1.035446097998,
    10.417257366056));
#9584 = CARTESIAN_POINT('',(-0.786029897666,0.696024353634,
    10.480818774114));
#9585 = CARTESIAN_POINT('',(-1.015030675827,-0.286053147208,
    10.544380182173));
#9586 = CARTESIAN_POINT('',(-0.313514128189,-1.010478510917,
    10.607941590232));
#9587 = CARTESIAN_POINT('',(0.675412775691,-0.81314338254,10.67150299829
    ));
#9588 = CARTESIAN_POINT('',(1.045163033227,0.125047600598,
    10.735064406349));
#9589 = CARTESIAN_POINT('',(0.456772483855,0.944018989704,
    10.798625814407));
#9590 = CARTESIAN_POINT('',(-0.550358819008,0.892988482043,
    10.862187222466));
#9591 = CARTESIAN_POINT('',(-1.052955206443,1.87376922577E-02,
    10.925748630525));
#9592 = CARTESIAN_POINT('',(-0.590267404164,-0.877274348168,
    10.989310038583));
#9593 = CARTESIAN_POINT('',(0.413541034562,-0.973639226266,
    11.052871446642));
#9594 = CARTESIAN_POINT('',(1.038240639799,-0.182015600313,11.1164328547
    ));
#9595 = CARTESIAN_POINT('',(0.711145456241,0.77188499733,11.179994262759
    ));
#9596 = CARTESIAN_POINT('',(-0.26788387689,1.013585453636,
    11.243555670817));
#9597 = CARTESIAN_POINT('',(-1.00133385972,0.321509860413,
    11.307117078876));
#9598 = CARTESIAN_POINT('',(-0.816822882385,-0.669889919063,
    11.370678486935));
#9599 = CARTESIAN_POINT('',(0.116500724819,-1.051759475215,
    11.434239894993));
#9600 = CARTESIAN_POINT('',(0.943023777761,-0.474025243017,
    11.497801303052));
#9601 = CARTESIAN_POINT('',(0.905040777724,0.533683343851,11.56136271111
    ));
#9602 = CARTESIAN_POINT('',(3.737276169154E-02,1.047558397339,
    11.624924119169));
#9603 = CARTESIAN_POINT('',(-0.864557010045,0.596516805104,
    11.688485527228));
#9604 = CARTESIAN_POINT('',(-0.973913024925,-0.405965403653,
    11.752046935286));
#9605 = CARTESIAN_POINT('',(-0.190448471403,-1.040853506463,
    11.815608343345));
#9606 = CARTESIAN_POINT('',(0.767612510255,-0.726161679768,
    11.879169751403));
#9607 = CARTESIAN_POINT('',(1.021964160605,0.249697252963,
    11.942731159462));
#9608 = CARTESIAN_POINT('',(0.339460813272,0.991968444178,
    12.006292567521));
#9609 = CARTESIAN_POINT('',(-0.654274658313,0.820466481461,
    12.069853975579));
#9610 = CARTESIAN_POINT('',(-1.048143732255,-0.108128024735,
    12.133415383638));
#9611 = CARTESIAN_POINT('',(-0.481269376196,-0.941498243797,
    12.196976791696));
#9612 = CARTESIAN_POINT('',(0.52705130424,-0.917665166652,
    12.260538199755));
#9613 = CARTESIAN_POINT('',(1.051731479544,-5.451304931181E-02,
    12.324099607813));
#9614 = CARTESIAN_POINT('',(0.759352801571,0.547145799476,
    12.366473879852));
#9615 = CARTESIAN_POINT('',(0.518199049426,0.719605943221,
    12.387661015872));
#9616 = CARTESIAN_POINT('',(0.425119128515,-0.87326222368,8.3));
#9617 = CARTESIAN_POINT('',(0.714082661101,-0.731779706308,8.32118713602
    ));
#9618 = CARTESIAN_POINT('',(1.134615393302,-0.140046005179,
    8.363561408059));
#9619 = CARTESIAN_POINT('',(0.727330288824,0.877673430863,8.427122816117
    ));
#9620 = CARTESIAN_POINT('',(-0.347704708751,1.083466754622,
    8.490684224176));
#9621 = CARTESIAN_POINT('',(-1.103483652689,0.292789991878,
    8.554245632234));
#9622 = CARTESIAN_POINT('',(-0.847918192849,-0.771589950013,
    8.617807040293));
#9623 = CARTESIAN_POINT('',(0.185102494938,-1.132838789824,
    8.681368448352));
#9624 = CARTESIAN_POINT('',(1.048361492989,-0.460347381707,8.74492985641
    ));
#9625 = CARTESIAN_POINT('',(0.950584709058,0.629678913104,8.808491264469
    ));
#9626 = CARTESIAN_POINT('',(-1.86487427532E-02,1.137818312841,
    8.872052672527));
#9627 = CARTESIAN_POINT('',(-0.970776038807,0.598320026828,
    8.935614080586));
#9628 = CARTESIAN_POINT('',(-1.032961219875,-0.494279066127,
    8.999175488644));
#9629 = CARTESIAN_POINT('',(-0.148188694658,-1.138329895678,
    9.062736896703));
#9630 = CARTESIAN_POINT('',(0.872432612399,-0.743417903874,
    9.126298304762));
#9631 = CARTESIAN_POINT('',(1.093262430897,0.32843198028,9.18985971282)
  );
#9632 = CARTESIAN_POINT('',(0.311856496278,1.094610986827,9.253421120879
    ));
#9633 = CARTESIAN_POINT('',(-0.755439974262,0.852735228497,
    9.316982528937));
#9634 = CARTESIAN_POINT('',(-1.130195921459,-0.175459412103,
    9.380543936996));
#9635 = CARTESIAN_POINT('',(-0.468858114513,-1.047387257625,
    9.444105345055));
#9636 = CARTESIAN_POINT('',(0.622299775204,-0.963719035069,
    9.507666753113));
#9637 = CARTESIAN_POINT('',(1.142971746721,-1.15647361335E-03,
    9.571228161172));
#9638 = CARTESIAN_POINT('',(0.615837926092,0.957882558977,9.63478956923)
  );
#9639 = CARTESIAN_POINT('',(-0.4758580004,1.03421044433,9.698350977289)
  );
#9640 = CARTESIAN_POINT('',(-1.131316754642,0.157854482173,
    9.761912385347));
#9641 = CARTESIAN_POINT('',(-0.749654299273,-0.86779639069,
    9.825473793406));
#9642 = CARTESIAN_POINT('',(0.319244837541,-1.102488913576,
    9.889035201465));
#9643 = CARTESIAN_POINT('',(1.095480058614,-0.331071498982,
    9.952596609523));
#9644 = CARTESIAN_POINT('',(0.867446936833,0.739268092082,
    10.016158017582));
#9645 = CARTESIAN_POINT('',(-0.155807869437,1.127308742855,
    10.07971942564));
#9646 = CARTESIAN_POINT('',(-1.036227660556,0.477318791616,
    10.143280833699));
#9647 = CARTESIAN_POINT('',(-0.966698041678,-0.614831187665,
    10.206842241757));
#9648 = CARTESIAN_POINT('',(-1.095946577373E-02,-1.1479256631,
    10.270403649816));
#9649 = CARTESIAN_POINT('',(0.954826070318,-0.63325660099,
    10.333965057875));
#9650 = CARTESIAN_POINT('',(1.045286138219,0.457359243981,
    10.397526465933));
#9651 = CARTESIAN_POINT('',(0.177492544253,1.124112739277,
    10.461087873992));
#9652 = CARTESIAN_POINT('',(-0.853015233192,0.755765531011,
    10.52464928205));
#9653 = CARTESIAN_POINT('',(-1.101531419108,-0.310004449088,
    10.588210690109));
#9654 = CARTESIAN_POINT('',(-0.340231749404,-1.096165220313,
    10.651772098168));
#9655 = CARTESIAN_POINT('',(0.732971338708,-0.882013225524,
    10.715333506226));
#9656 = CARTESIAN_POINT('',(1.134231650932,0.136130235224,
    10.778894914285));
#9657 = CARTESIAN_POINT('',(0.495698558017,1.024894228209,
    10.842456322343));
#9658 = CARTESIAN_POINT('',(-0.597260304893,0.969514909278,
    10.906017730402));
#9659 = CARTESIAN_POINT('',(-1.142687871837,2.076061439491E-02,
    10.96957913846));
#9660 = CARTESIAN_POINT('',(-0.640569892957,-0.951609421243,
    11.033140546519));
#9661 = CARTESIAN_POINT('',(0.448782931895,-1.056186498028,
    11.096701954578));
#9662 = CARTESIAN_POINT('',(1.126719332302,-0.197100839966,
    11.160263362636));
#9663 = CARTESIAN_POINT('',(0.771749152278,0.83809100599,11.223824770695
    ));
#9664 = CARTESIAN_POINT('',(-0.290712895771,1.100389134484,
    11.287386178753));
#9665 = CARTESIAN_POINT('',(-1.086667362639,0.349334975739,
    11.350947586812));
#9666 = CARTESIAN_POINT('',(-0.886432390884,-0.726551726011,
    11.414508994871));
#9667 = CARTESIAN_POINT('',(0.126428896971,-1.140964141437,
    11.478070402929));
#9668 = CARTESIAN_POINT('',(1.023388105314,-0.513995495252,
    11.541631810988));
#9669 = CARTESIAN_POINT('',(0.982168200409,0.579589847709,
    11.605193219046));
#9670 = CARTESIAN_POINT('',(4.055766215001E-02,1.137257246728,
    11.668754627105));
#9671 = CARTESIAN_POINT('',(-0.938234412866,0.647777965951,
    11.732316035163));
#9672 = CARTESIAN_POINT('',(-1.05690972892,-0.440135607837,
    11.795877443222));
#9673 = CARTESIAN_POINT('',(-0.206678458068,-1.129128767865,
    11.859438851281));
#9674 = CARTESIAN_POINT('',(0.833028319127,-0.787618956688,
    11.923000259339));
#9675 = CARTESIAN_POINT('',(1.109055774292,0.271402509975,
    11.986561667398));
#9676 = CARTESIAN_POINT('',(0.36838960662,1.07692992712,12.050123075457)
  );
#9677 = CARTESIAN_POINT('',(-0.710031834527,0.890812596017,
    12.113684483515));
#9678 = CARTESIAN_POINT('',(-1.137466364629,-0.116916577638,
    12.177245891574));
#9679 = CARTESIAN_POINT('',(-0.522283071398,-1.021306466444,
    12.240807299632));
#9680 = CARTESIAN_POINT('',(0.571966527641,-0.995442338478,
    12.304368707691));
#9681 = CARTESIAN_POINT('',(1.141359859138,-5.873254303708E-02,
    12.367930115749));
#9682 = CARTESIAN_POINT('',(0.824064719459,0.594199571536,
    12.410304387788));
#9683 = CARTESIAN_POINT('',(0.562359885163,0.781356739692,
    12.431491523808));
#9684 = DEFINITIONAL_REPRESENTATION('',(#9685),#9689);
#9685 = LINE('',#9686,#9687);
#9686 = CARTESIAN_POINT('',(2.629830476159E-02,8.309291351765));
#9687 = VECTOR('',#9688,1.);
#9688 = DIRECTION('',(-1.337409321903E-16,1.));
#9689 = ( GEOMETRIC_REPRESENTATION_CONTEXT(2) 
PARAMETRIC_REPRESENTATION_CONTEXT() REPRESENTATION_CONTEXT('2D SPACE',''
  ) );
#9690 = ADVANCED_FACE('',(#9691),#9047,.T.);
#9691 = FACE_BOUND('',#9692,.T.);
#9692 = EDGE_LOOP('',(#9693,#9723,#9762,#9763));
#9693 = ORIENTED_EDGE('',*,*,#9694,.F.);
#9694 = EDGE_CURVE('',#9695,#9697,#9699,.T.);
#9695 = VERTEX_POINT('',#9696);
#9696 = CARTESIAN_POINT('',(0.9654637441,-5.5410581135E-03,8.82898591689
    ));
#9697 = VERTEX_POINT('',#9698);
#9698 = CARTESIAN_POINT('',(0.965365152723,-5.46206237396E-03,
    8.77101408311));
#9699 = SURFACE_CURVE('',#9700,(#9704,#9711),.PCURVE_S1.);
#9700 = LINE('',#9701,#9702);
#9701 = CARTESIAN_POINT('',(0.96675,-5.E-03,8.3));
#9702 = VECTOR('',#9703,1.);
#9703 = DIRECTION('',(0.,0.,-1.));
#9704 = PCURVE('',#9047,#9705);
#9705 = DEFINITIONAL_REPRESENTATION('',(#9706),#9710);
#9706 = LINE('',#9707,#9708);
#9707 = CARTESIAN_POINT('',(9.424777960769,0.));
#9708 = VECTOR('',#9709,1.);
#9709 = DIRECTION('',(0.,-1.));
#9710 = ( GEOMETRIC_REPRESENTATION_CONTEXT(2) 
PARAMETRIC_REPRESENTATION_CONTEXT() REPRESENTATION_CONTEXT('2D SPACE',''
  ) );
#9711 = PCURVE('',#9712,#9717);
#9712 = CYLINDRICAL_SURFACE('',#9713,0.96675);
#9713 = AXIS2_PLACEMENT_3D('',#9714,#9715,#9716);
#9714 = CARTESIAN_POINT('',(0.,-5.E-03,8.3));
#9715 = DIRECTION('',(0.,0.,1.));
#9716 = DIRECTION('',(-1.,0.,0.));
#9717 = DEFINITIONAL_REPRESENTATION('',(#9718),#9722);
#9718 = LINE('',#9719,#9720);
#9719 = CARTESIAN_POINT('',(-3.14159265359,0.));
#9720 = VECTOR('',#9721,1.);
#9721 = DIRECTION('',(0.,-1.));
#9722 = ( GEOMETRIC_REPRESENTATION_CONTEXT(2) 
PARAMETRIC_REPRESENTATION_CONTEXT() REPRESENTATION_CONTEXT('2D SPACE',''
  ) );
#9723 = ORIENTED_EDGE('',*,*,#9724,.T.);
#9724 = EDGE_CURVE('',#9695,#9025,#9725,.T.);
#9725 = SURFACE_CURVE('',#9726,(#9749,#9755),.PCURVE_S1.);
#9726 = B_SPLINE_CURVE_WITH_KNOTS('',3,(#9727,#9728,#9729,#9730,#9731,
    #9732,#9733,#9734,#9735,#9736,#9737,#9738,#9739,#9740,#9741,#9742,
    #9743,#9744,#9745,#9746,#9747,#9748),.UNSPECIFIED.,.F.,.F.,(4,3,3,3,
    3,3,3,4),(-10.37475537778,-9.984202630433,-8.98578236739,
    -7.987362104347,-6.988941841303,-5.99052157826,-4.992101315217,
    -4.091570070607),.UNSPECIFIED.);
#9727 = CARTESIAN_POINT('',(0.9654637441,-5.5410581135E-03,8.82898591689
    ));
#9728 = CARTESIAN_POINT('',(0.966103526392,-0.13178415198,8.820698130186
    ));
#9729 = CARTESIAN_POINT('',(0.943119114137,-0.257803219925,
    8.812410343482));
#9730 = CARTESIAN_POINT('',(0.895425241923,-0.373648851991,
    8.804122556778));
#9731 = CARTESIAN_POINT('',(0.773499256857,-0.669799953793,
    8.782935420758));
#9732 = CARTESIAN_POINT('',(0.490088850202,-0.899464316872,
    8.761748284739));
#9733 = CARTESIAN_POINT('',(0.17509919572,-0.957378208141,8.740561148719
    ));
#9734 = CARTESIAN_POINT('',(-0.139890458761,-1.01529209941,8.7193740127)
  );
#9735 = CARTESIAN_POINT('',(-0.48645936107,-0.901455518871,8.69818687668
    ));
#9736 = CARTESIAN_POINT('',(-0.705748387184,-0.668033648026,
    8.676999740661));
#9737 = CARTESIAN_POINT('',(-0.925037413299,-0.434611777181,
    8.655812604641));
#9738 = CARTESIAN_POINT('',(-1.017046563219,-8.160461603173E-02,
    8.634625468622));
#9739 = CARTESIAN_POINT('',(-0.939606780271,0.229153502155,
    8.613438332602));
#9740 = CARTESIAN_POINT('',(-0.862166997324,0.539911620342,
    8.592251196583));
#9741 = CARTESIAN_POINT('',(-0.61527828151,0.808420695565,8.571064060563
    ));
#9742 = CARTESIAN_POINT('',(-0.312097037382,0.911655719304,
    8.549876924544));
#9743 = CARTESIAN_POINT('',(-8.915793253041E-03,1.014890743043,
    8.528689788524));
#9744 = CARTESIAN_POINT('',(0.35055797919,0.952851715297,8.507502652505)
  );
#9745 = CARTESIAN_POINT('',(0.601533969355,0.753877284974,8.486315516485
    ));
#9746 = CARTESIAN_POINT('',(0.827903294134,0.5744110842,8.467205649953)
  );
#9747 = CARTESIAN_POINT('',(0.966006981993,0.283544537062,8.448095783421
    ));
#9748 = CARTESIAN_POINT('',(0.96795088027,-5.60624305684E-03,
    8.42898591689));
#9749 = PCURVE('',#9047,#9750);
#9750 = DEFINITIONAL_REPRESENTATION('',(#9751),#9754);
#9751 = B_SPLINE_CURVE_WITH_KNOTS('',1,(#9752,#9753),.UNSPECIFIED.,.F.,
  .F.,(2,2),(-10.37475537778,-4.091570070607),.PIECEWISE_BEZIER_KNOTS.);
#9752 = CARTESIAN_POINT('',(9.424217548159,0.52898591689));
#9753 = CARTESIAN_POINT('',(3.140966337741,0.12898591689));
#9754 = ( GEOMETRIC_REPRESENTATION_CONTEXT(2) 
PARAMETRIC_REPRESENTATION_CONTEXT() REPRESENTATION_CONTEXT('2D SPACE',''
  ) );
#9755 = PCURVE('',#9081,#9756);
#9756 = DEFINITIONAL_REPRESENTATION('',(#9757),#9761);
#9757 = LINE('',#9758,#9759);
#9758 = CARTESIAN_POINT('',(-1.823698752367E-16,11.616393197342));
#9759 = VECTOR('',#9760,1.);
#9760 = DIRECTION('',(-5.539741467077E-18,-1.));
#9761 = ( GEOMETRIC_REPRESENTATION_CONTEXT(2) 
PARAMETRIC_REPRESENTATION_CONTEXT() REPRESENTATION_CONTEXT('2D SPACE',''
  ) );
#9762 = ORIENTED_EDGE('',*,*,#9024,.T.);
#9763 = ORIENTED_EDGE('',*,*,#9764,.T.);
#9764 = EDGE_CURVE('',#9027,#9697,#9765,.T.);
#9765 = SURFACE_CURVE('',#9766,(#9789,#9795),.PCURVE_S1.);
#9766 = B_SPLINE_CURVE_WITH_KNOTS('',3,(#9767,#9768,#9769,#9770,#9771,
    #9772,#9773,#9774,#9775,#9776,#9777,#9778,#9779,#9780,#9781,#9782,
    #9783,#9784,#9785,#9786,#9787,#9788),.UNSPECIFIED.,.F.,.F.,(4,3,3,3,
    3,3,3,4),(1.115486609004,1.996840526087,2.99526078913,3.993681052173
    ,4.992101315217,5.99052157826,6.988941841303,7.398671916184),
  .UNSPECIFIED.);
#9767 = CARTESIAN_POINT('',(0.967668782423,-6.01730011661E-03,
    8.37101408311));
#9768 = CARTESIAN_POINT('',(0.965487115871,0.276886225665,8.389716994113
    ));
#9769 = CARTESIAN_POINT('',(0.834124596472,0.562343418047,8.408419905115
    ));
#9770 = CARTESIAN_POINT('',(0.616038639974,0.742352412149,8.427122816117
    ));
#9771 = CARTESIAN_POINT('',(0.368985289632,0.946271205449,8.448309952137
    ));
#9772 = CARTESIAN_POINT('',(1.064029044087E-02,1.014868980036,
    8.469497088156));
#9773 = CARTESIAN_POINT('',(-0.294495366478,0.917388406872,
    8.490684224176));
#9774 = CARTESIAN_POINT('',(-0.599631023397,0.819907833707,
    8.511871360195));
#9775 = CARTESIAN_POINT('',(-0.851557338043,0.556348912792,
    8.533058496215));
#9776 = CARTESIAN_POINT('',(-0.934926252059,0.247172795353,
    8.554245632234));
#9777 = CARTESIAN_POINT('',(-1.018295166075,-6.200332208583E-02,
    8.575432768254));
#9778 = CARTESIAN_POINT('',(-0.933106679462,-0.416796636049,
    8.596619904273));
#9779 = CARTESIAN_POINT('',(-0.718342321524,-0.654401432999,
    8.617807040293));
#9780 = CARTESIAN_POINT('',(-0.503577963587,-0.89200622995,
    8.638994176312));
#9781 = CARTESIAN_POINT('',(-0.159237734324,-1.012422509887,
    8.660181312332));
#9782 = CARTESIAN_POINT('',(0.156808879982,-0.960548748502,
    8.681368448352));
#9783 = CARTESIAN_POINT('',(0.472855494288,-0.908674987118,
    8.702555584371));
#9784 = CARTESIAN_POINT('',(0.760608493639,-0.684511184413,
    8.723742720391));
#9785 = CARTESIAN_POINT('',(0.888188862659,-0.390758233925,8.74492985641
    ));
#9786 = CARTESIAN_POINT('',(0.940545085871,-0.270208378463,
    8.753624598643));
#9787 = CARTESIAN_POINT('',(0.96592657198,-0.137938986631,8.762319340877
    ));
#9788 = CARTESIAN_POINT('',(0.965365152723,-5.46206237396E-03,
    8.77101408311));
#9789 = PCURVE('',#9047,#9790);
#9790 = DEFINITIONAL_REPRESENTATION('',(#9791),#9794);
#9791 = B_SPLINE_CURVE_WITH_KNOTS('',1,(#9792,#9793),.UNSPECIFIED.,.F.,
  .F.,(2,2),(1.115486609004,7.398671916184),.PIECEWISE_BEZIER_KNOTS.);
#9792 = CARTESIAN_POINT('',(3.140541364388,7.101408311032E-02));
#9793 = CARTESIAN_POINT('',(9.424299320809,0.47101408311));
#9794 = ( GEOMETRIC_REPRESENTATION_CONTEXT(2) 
PARAMETRIC_REPRESENTATION_CONTEXT() REPRESENTATION_CONTEXT('2D SPACE',''
  ) );
#9795 = PCURVE('',#9411,#9796);
#9796 = DEFINITIONAL_REPRESENTATION('',(#9797),#9801);
#9797 = LINE('',#9798,#9799);
#9798 = CARTESIAN_POINT('',(2.629830476159E-02,8.309291351765));
#9799 = VECTOR('',#9800,1.);
#9800 = DIRECTION('',(7.178335218581E-17,1.));
#9801 = ( GEOMETRIC_REPRESENTATION_CONTEXT(2) 
PARAMETRIC_REPRESENTATION_CONTEXT() REPRESENTATION_CONTEXT('2D SPACE',''
  ) );
#9802 = ADVANCED_FACE('',(#9803),#9712,.T.);
#9803 = FACE_BOUND('',#9804,.T.);
#9804 = EDGE_LOOP('',(#9805,#9835,#9874,#9875));
#9805 = ORIENTED_EDGE('',*,*,#9806,.F.);
#9806 = EDGE_CURVE('',#9807,#9809,#9811,.T.);
#9807 = VERTEX_POINT('',#9808);
#9808 = CARTESIAN_POINT('',(0.965989307018,-4.2039765651E-03,
    9.22898591689));
#9809 = VERTEX_POINT('',#9810);
#9810 = CARTESIAN_POINT('',(0.966153673766,-4.16329533085E-03,
    9.17101408311));
#9811 = SURFACE_CURVE('',#9812,(#9816,#9823),.PCURVE_S1.);
#9812 = LINE('',#9813,#9814);
#9813 = CARTESIAN_POINT('',(0.96675,-5.E-03,8.3));
#9814 = VECTOR('',#9815,1.);
#9815 = DIRECTION('',(0.,0.,-1.));
#9816 = PCURVE('',#9712,#9817);
#9817 = DEFINITIONAL_REPRESENTATION('',(#9818),#9822);
#9818 = LINE('',#9819,#9820);
#9819 = CARTESIAN_POINT('',(3.14159265359,0.));
#9820 = VECTOR('',#9821,1.);
#9821 = DIRECTION('',(0.,-1.));
#9822 = ( GEOMETRIC_REPRESENTATION_CONTEXT(2) 
PARAMETRIC_REPRESENTATION_CONTEXT() REPRESENTATION_CONTEXT('2D SPACE',''
  ) );
#9823 = PCURVE('',#9824,#9829);
#9824 = CYLINDRICAL_SURFACE('',#9825,0.96675);
#9825 = AXIS2_PLACEMENT_3D('',#9826,#9827,#9828);
#9826 = CARTESIAN_POINT('',(0.,-5.E-03,8.3));
#9827 = DIRECTION('',(0.,0.,1.));
#9828 = DIRECTION('',(-1.,0.,0.));
#9829 = DEFINITIONAL_REPRESENTATION('',(#9830),#9834);
#9830 = LINE('',#9831,#9832);
#9831 = CARTESIAN_POINT('',(-3.14159265359,0.));
#9832 = VECTOR('',#9833,1.);
#9833 = DIRECTION('',(0.,-1.));
#9834 = ( GEOMETRIC_REPRESENTATION_CONTEXT(2) 
PARAMETRIC_REPRESENTATION_CONTEXT() REPRESENTATION_CONTEXT('2D SPACE',''
  ) );
#9835 = ORIENTED_EDGE('',*,*,#9836,.T.);
#9836 = EDGE_CURVE('',#9807,#9695,#9837,.T.);
#9837 = SURFACE_CURVE('',#9838,(#9861,#9867),.PCURVE_S1.);
#9838 = B_SPLINE_CURVE_WITH_KNOTS('',3,(#9839,#9840,#9841,#9842,#9843,
    #9844,#9845,#9846,#9847,#9848,#9849,#9850,#9851,#9852,#9853,#9854,
    #9855,#9856,#9857,#9858,#9859,#9860),.UNSPECIFIED.,.F.,.F.,(4,3,3,3,
    3,3,3,4),(-16.65794068496,-15.97472420869,-14.97630394565,
    -13.9778836826,-12.97946341956,-11.98104315652,-10.98262289347,
    -10.37475537778),.UNSPECIFIED.);
#9839 = CARTESIAN_POINT('',(0.965989307018,-4.2039765651E-03,
    9.22898591689));
#9840 = CARTESIAN_POINT('',(0.964280372096,-0.224746023604,9.21448761297
    ));
#9841 = CARTESIAN_POINT('',(0.889347736112,-0.446337994207,
    9.199989309049));
#9842 = CARTESIAN_POINT('',(0.75099462458,-0.61630597349,9.185491005129)
  );
#9843 = CARTESIAN_POINT('',(0.548811927285,-0.864689144093,9.16430386911
    ));
#9844 = CARTESIAN_POINT('',(0.211191519112,-1.002826606974,9.14311673309
    ));
#9845 = CARTESIAN_POINT('',(-0.107111877019,-0.967400570846,
    9.121929597071));
#9846 = CARTESIAN_POINT('',(-0.425415273151,-0.931974534717,
    9.100742461051));
#9847 = CARTESIAN_POINT('',(-0.724401657241,-0.722984999579,
    9.079555325032));
#9848 = CARTESIAN_POINT('',(-0.867024865569,-0.436226019107,
    9.058368189012));
#9849 = CARTESIAN_POINT('',(-1.009648073897,-0.149467038636,
    9.037181052993));
#9850 = CARTESIAN_POINT('',(-0.995908106463,0.215061387167,
    9.015993916973));
#9851 = CARTESIAN_POINT('',(-0.832103042828,0.490270159922,
    8.994806780954));
#9852 = CARTESIAN_POINT('',(-0.668297979193,0.765478932676,
    8.973619644934));
#9853 = CARTESIAN_POINT('',(-0.354427819358,0.951368052383,
    8.952432508915));
#9854 = CARTESIAN_POINT('',(-3.436073719545E-02,0.962732738698,
    8.931245372895));
#9855 = CARTESIAN_POINT('',(0.285706344967,0.974097425013,8.910058236876
    ));
#9856 = CARTESIAN_POINT('',(0.611970349456,0.810937677937,8.888871100856
    ));
#9857 = CARTESIAN_POINT('',(0.794881569962,0.548038884136,8.867683964836
    ));
#9858 = CARTESIAN_POINT('',(0.906243281373,0.387978393999,8.854784615521
    ));
#9859 = CARTESIAN_POINT('',(0.964467968561,0.190947319863,8.841885266205
    ));
#9860 = CARTESIAN_POINT('',(0.9654637441,-5.5410581135E-03,8.82898591689
    ));
#9861 = PCURVE('',#9712,#9862);
#9862 = DEFINITIONAL_REPRESENTATION('',(#9863),#9866);
#9863 = B_SPLINE_CURVE_WITH_KNOTS('',1,(#9864,#9865),.UNSPECIFIED.,.F.,
  .F.,(2,2),(-16.65794068496,-10.37475537778),.PIECEWISE_BEZIER_KNOTS.);
#9864 = CARTESIAN_POINT('',(3.142416703348,0.92898591689));
#9865 = CARTESIAN_POINT('',(-3.1421530662,0.52898591689));
#9866 = ( GEOMETRIC_REPRESENTATION_CONTEXT(2) 
PARAMETRIC_REPRESENTATION_CONTEXT() REPRESENTATION_CONTEXT('2D SPACE',''
  ) );
#9867 = PCURVE('',#9081,#9868);
#9868 = DEFINITIONAL_REPRESENTATION('',(#9869),#9873);
#9869 = LINE('',#9870,#9871);
#9870 = CARTESIAN_POINT('',(5.407897526024E-16,11.616393197341));
#9871 = VECTOR('',#9872,1.);
#9872 = DIRECTION('',(5.677166263948E-17,-1.));
#9873 = ( GEOMETRIC_REPRESENTATION_CONTEXT(2) 
PARAMETRIC_REPRESENTATION_CONTEXT() REPRESENTATION_CONTEXT('2D SPACE',''
  ) );
#9874 = ORIENTED_EDGE('',*,*,#9694,.T.);
#9875 = ORIENTED_EDGE('',*,*,#9876,.T.);
#9876 = EDGE_CURVE('',#9697,#9809,#9877,.T.);
#9877 = SURFACE_CURVE('',#9878,(#9901,#9907),.PCURVE_S1.);
#9878 = B_SPLINE_CURVE_WITH_KNOTS('',3,(#9879,#9880,#9881,#9882,#9883,
    #9884,#9885,#9886,#9887,#9888,#9889,#9890,#9891,#9892,#9893,#9894,
    #9895,#9896,#9897,#9898,#9899,#9900),.UNSPECIFIED.,.F.,.F.,(4,3,3,3,
    3,3,3,4),(7.398671916184,7.987362104347,8.98578236739,9.984202630433
    ,10.982622893477,11.98104315652,12.979463419563,13.681857223363),
  .UNSPECIFIED.);
#9879 = CARTESIAN_POINT('',(0.965365152723,-5.46206237396E-03,
    8.77101408311));
#9880 = CARTESIAN_POINT('',(0.964558519215,0.184877554485,8.783506476896
    ));
#9881 = CARTESIAN_POINT('',(0.91019731775,0.375645585555,8.795998870683)
  );
#9882 = CARTESIAN_POINT('',(0.805341931078,0.532697763925,8.808491264469
    ));
#9883 = CARTESIAN_POINT('',(0.627506891788,0.799058713017,8.829678400488
    ));
#9884 = CARTESIAN_POINT('',(0.304429074517,0.968438512929,8.850865536508
    ));
#9885 = CARTESIAN_POINT('',(-1.579771679348E-02,0.963212031883,
    8.872052672527));
#9886 = CARTESIAN_POINT('',(-0.336024508104,0.957985550837,
    8.893239808547));
#9887 = CARTESIAN_POINT('',(-0.653400273455,0.778152788833,
    8.914426944566));
#9888 = CARTESIAN_POINT('',(-0.822452352976,0.506136559004,
    8.935614080586));
#9889 = CARTESIAN_POINT('',(-0.991504432496,0.234120329176,
    8.956801216605));
#9890 = CARTESIAN_POINT('',(-1.012232826186,-0.130079368476,
    8.977988352625));
#9891 = CARTESIAN_POINT('',(-0.875134935494,-0.419521022227,
    8.999175488644));
#9892 = CARTESIAN_POINT('',(-0.738037044803,-0.708962675978,
    9.020362624664));
#9893 = CARTESIAN_POINT('',(-0.44311286973,-0.923646285828,
    9.041549760683));
#9894 = CARTESIAN_POINT('',(-0.125547231018,-0.965169425452,
    9.062736896703));
#9895 = CARTESIAN_POINT('',(0.192018407694,-1.006692565077,
    9.083924032723));
#9896 = CARTESIAN_POINT('',(0.532225510047,-0.875055234476,
    9.105111168742));
#9897 = CARTESIAN_POINT('',(0.739134030973,-0.630594921816,
    9.126298304762));
#9898 = CARTESIAN_POINT('',(0.884695242449,-0.458615831203,
    9.141203564211));
#9899 = CARTESIAN_POINT('',(0.964284385886,-0.23079844607,9.156108823661
    ));
#9900 = CARTESIAN_POINT('',(0.966153673766,-4.16329533085E-03,
    9.17101408311));
#9901 = PCURVE('',#9712,#9902);
#9902 = DEFINITIONAL_REPRESENTATION('',(#9903),#9906);
#9903 = B_SPLINE_CURVE_WITH_KNOTS('',1,(#9904,#9905),.UNSPECIFIED.,.F.,
  .F.,(2,2),(7.398671916184,13.681857223363),.PIECEWISE_BEZIER_KNOTS.);
#9904 = CARTESIAN_POINT('',(-3.14207129355,0.47101408311));
#9905 = CARTESIAN_POINT('',(3.142458669507,0.87101408311));
#9906 = ( GEOMETRIC_REPRESENTATION_CONTEXT(2) 
PARAMETRIC_REPRESENTATION_CONTEXT() REPRESENTATION_CONTEXT('2D SPACE',''
  ) );
#9907 = PCURVE('',#9411,#9908);
#9908 = DEFINITIONAL_REPRESENTATION('',(#9909),#9913);
#9909 = LINE('',#9910,#9911);
#9910 = CARTESIAN_POINT('',(2.629830476159E-02,8.309291351765));
#9911 = VECTOR('',#9912,1.);
#9912 = DIRECTION('',(3.036987977092E-17,1.));
#9913 = ( GEOMETRIC_REPRESENTATION_CONTEXT(2) 
PARAMETRIC_REPRESENTATION_CONTEXT() REPRESENTATION_CONTEXT('2D SPACE',''
  ) );
#9914 = ADVANCED_FACE('',(#9915),#9824,.T.);
#9915 = FACE_BOUND('',#9916,.T.);
#9916 = EDGE_LOOP('',(#9917,#9947,#9986,#9987));
#9917 = ORIENTED_EDGE('',*,*,#9918,.F.);
#9918 = EDGE_CURVE('',#9919,#9921,#9923,.T.);
#9919 = VERTEX_POINT('',#9920);
#9920 = CARTESIAN_POINT('',(0.968319694609,-4.86503499178E-03,
    9.62898591689));
#9921 = VERTEX_POINT('',#9922);
#9922 = CARTESIAN_POINT('',(0.968342617388,-4.97976594629E-03,
    9.57101408311));
#9923 = SURFACE_CURVE('',#9924,(#9928,#9935),.PCURVE_S1.);
#9924 = LINE('',#9925,#9926);
#9925 = CARTESIAN_POINT('',(0.96675,-5.E-03,8.3));
#9926 = VECTOR('',#9927,1.);
#9927 = DIRECTION('',(0.,0.,-1.));
#9928 = PCURVE('',#9824,#9929);
#9929 = DEFINITIONAL_REPRESENTATION('',(#9930),#9934);
#9930 = LINE('',#9931,#9932);
#9931 = CARTESIAN_POINT('',(3.14159265359,0.));
#9932 = VECTOR('',#9933,1.);
#9933 = DIRECTION('',(0.,-1.));
#9934 = ( GEOMETRIC_REPRESENTATION_CONTEXT(2) 
PARAMETRIC_REPRESENTATION_CONTEXT() REPRESENTATION_CONTEXT('2D SPACE',''
  ) );
#9935 = PCURVE('',#9936,#9941);
#9936 = CYLINDRICAL_SURFACE('',#9937,0.96675);
#9937 = AXIS2_PLACEMENT_3D('',#9938,#9939,#9940);
#9938 = CARTESIAN_POINT('',(0.,-5.E-03,8.3));
#9939 = DIRECTION('',(0.,0.,1.));
#9940 = DIRECTION('',(-1.,0.,0.));
#9941 = DEFINITIONAL_REPRESENTATION('',(#9942),#9946);
#9942 = LINE('',#9943,#9944);
#9943 = CARTESIAN_POINT('',(-3.14159265359,0.));
#9944 = VECTOR('',#9945,1.);
#9945 = DIRECTION('',(0.,-1.));
#9946 = ( GEOMETRIC_REPRESENTATION_CONTEXT(2) 
PARAMETRIC_REPRESENTATION_CONTEXT() REPRESENTATION_CONTEXT('2D SPACE',''
  ) );
#9947 = ORIENTED_EDGE('',*,*,#9948,.T.);
#9948 = EDGE_CURVE('',#9919,#9807,#9949,.T.);
#9949 = SURFACE_CURVE('',#9950,(#9973,#9979),.PCURVE_S1.);
#9950 = B_SPLINE_CURVE_WITH_KNOTS('',3,(#9951,#9952,#9953,#9954,#9955,
    #9956,#9957,#9958,#9959,#9960,#9961,#9962,#9963,#9964,#9965,#9966,
    #9967,#9968,#9969,#9970,#9971,#9972),.UNSPECIFIED.,.F.,.F.,(4,3,3,3,
    3,3,3,4),(-22.94112599214,-21.96524578695,-20.96682552391,
    -19.96840526086,-18.96998499782,-17.97156473478,-16.97314447173,
    -16.65794068496),.UNSPECIFIED.);
#9951 = CARTESIAN_POINT('',(0.968319694609,-4.86503499178E-03,
    9.62898591689));
#9952 = CARTESIAN_POINT('',(0.967708152593,-0.317923634344,
    9.608277095753));
#9953 = CARTESIAN_POINT('',(0.801954402158,-0.631538179887,
    9.587568274617));
#9954 = CARTESIAN_POINT('',(0.542697384699,-0.806977211298,
    9.566859453481));
#9955 = CARTESIAN_POINT('',(0.277452267327,-0.986468385478,
    9.545672317461));
#9956 = CARTESIAN_POINT('',(-8.566531825486E-02,-1.021327408885,
    9.524485181442));
#9957 = CARTESIAN_POINT('',(-0.38021350405,-0.895575986538,
    9.503298045422));
#9958 = CARTESIAN_POINT('',(-0.674761689845,-0.76982456419,
    9.482110909403));
#9959 = CARTESIAN_POINT('',(-0.900740475853,-0.483462696087,
    9.460923773383));
#9960 = CARTESIAN_POINT('',(-0.954568175885,-0.167749798483,
    9.439736637364));
#9961 = CARTESIAN_POINT('',(-1.008395875916,0.147963099121,
    9.418549501344));
#9962 = CARTESIAN_POINT('',(-0.890072489971,0.493027026227,
    9.397362365325));
#9963 = CARTESIAN_POINT('',(-0.653833800062,0.709275341771,
    9.376175229305));
#9964 = CARTESIAN_POINT('',(-0.417595110153,0.925523657315,
    9.354988093286));
#9965 = CARTESIAN_POINT('',(-6.344111628044E-02,1.012956361298,
    9.333800957266));
#9966 = CARTESIAN_POINT('',(0.246294950175,0.931497028036,9.312613821247
    ));
#9967 = CARTESIAN_POINT('',(0.55603101663,0.850037694773,9.291426685227)
  );
#9968 = CARTESIAN_POINT('',(0.821349155668,0.599686324266,9.270239549208
    ));
#9969 = CARTESIAN_POINT('',(0.920635731979,0.295196199851,9.249052413188
    ));
#9970 = CARTESIAN_POINT('',(0.951980753697,0.199067902176,9.242363581089
    ));
#9971 = CARTESIAN_POINT('',(0.966777728811,9.754369900045E-02,
    9.235674748989));
#9972 = CARTESIAN_POINT('',(0.965989307018,-4.2039765651E-03,
    9.22898591689));
#9973 = PCURVE('',#9824,#9974);
#9974 = DEFINITIONAL_REPRESENTATION('',(#9975),#9978);
#9975 = B_SPLINE_CURVE_WITH_KNOTS('',1,(#9976,#9977),.UNSPECIFIED.,.F.,
  .F.,(2,2),(-22.94112599214,-16.65794068496),.PIECEWISE_BEZIER_KNOTS.);
#9976 = CARTESIAN_POINT('',(3.141732034218,1.32898591689));
#9977 = CARTESIAN_POINT('',(-3.140768603832,0.92898591689));
#9978 = ( GEOMETRIC_REPRESENTATION_CONTEXT(2) 
PARAMETRIC_REPRESENTATION_CONTEXT() REPRESENTATION_CONTEXT('2D SPACE',''
  ) );
#9979 = PCURVE('',#9081,#9980);
#9980 = DEFINITIONAL_REPRESENTATION('',(#9981),#9985);
#9981 = LINE('',#9982,#9983);
#9982 = CARTESIAN_POINT('',(-1.578896573127E-15,11.616393197341));
#9983 = VECTOR('',#9984,1.);
#9984 = DIRECTION('',(-6.609942301296E-17,-1.));
#9985 = ( GEOMETRIC_REPRESENTATION_CONTEXT(2) 
PARAMETRIC_REPRESENTATION_CONTEXT() REPRESENTATION_CONTEXT('2D SPACE',''
  ) );
#9986 = ORIENTED_EDGE('',*,*,#9806,.T.);
#9987 = ORIENTED_EDGE('',*,*,#9988,.T.);
#9988 = EDGE_CURVE('',#9809,#9921,#9989,.T.);
#9989 = SURFACE_CURVE('',#9990,(#10013,#10019),.PCURVE_S1.);
#9990 = B_SPLINE_CURVE_WITH_KNOTS('',3,(#9991,#9992,#9993,#9994,#9995,
    #9996,#9997,#9998,#9999,#10000,#10001,#10002,#10003,#10004,#10005,
    #10006,#10007,#10008,#10009,#10010,#10011,#10012),.UNSPECIFIED.,.F.,
  .F.,(4,3,3,3,3,3,3,4),(13.681857223363,13.977883682607,14.97630394565,
    15.974724208693,16.973144471737,17.97156473478,18.969984997824,
    19.965042530543),.UNSPECIFIED.);
#9991 = CARTESIAN_POINT('',(0.966153673766,-4.16329533085E-03,
    9.17101408311));
#9992 = CARTESIAN_POINT('',(0.966941492037,9.135292484458E-02,
    9.17729595968));
#9993 = CARTESIAN_POINT('',(0.953924459977,0.18665915275,9.18357783625)
  );
#9994 = CARTESIAN_POINT('',(0.926223138711,0.277486834012,9.18985971282)
  );
#9995 = CARTESIAN_POINT('',(0.832793786024,0.583824982462,9.21104684884)
  );
#9996 = CARTESIAN_POINT('',(0.572325141151,0.839217984645,9.232233984859
    ));
#9997 = CARTESIAN_POINT('',(0.264208073625,0.926601859347,9.253421120879
    ));
#9998 = CARTESIAN_POINT('',(-4.390899390188E-02,1.01398573405,
    9.274608256898));
#9999 = CARTESIAN_POINT('',(-0.399674484082,0.933360481273,
    9.295795392918));
#10000 = CARTESIAN_POINT('',(-0.640016553705,0.721682081452,
    9.316982528937));
#10001 = CARTESIAN_POINT('',(-0.880358623328,0.51000368163,
    9.338169664957));
#10002 = CARTESIAN_POINT('',(-1.005277272393,0.167272134764,
    9.359356800976));
#10003 = CARTESIAN_POINT('',(-0.957513629102,-0.149414946256,
    9.380543936996));
#10004 = CARTESIAN_POINT('',(-0.90974998581,-0.466102027277,
    9.401731073015));
#10005 = CARTESIAN_POINT('',(-0.689304050161,-0.756744642451,
    9.422918209035));
#10006 = CARTESIAN_POINT('',(-0.397221434051,-0.888121246278,
    9.444105345055));
#10007 = CARTESIAN_POINT('',(-0.10513881794,-1.019497850106,
    9.465292481074));
#10008 = CARTESIAN_POINT('',(0.258580478632,-0.991608442588,
    9.486479617094));
#10009 = CARTESIAN_POINT('',(0.527218788838,-0.817236645252,
    9.507666753113));
#10010 = CARTESIAN_POINT('',(0.794952311525,-0.643452141016,
    9.528782529779));
#10011 = CARTESIAN_POINT('',(0.968244244484,-0.324170305608,
    9.549898306445));
#10012 = CARTESIAN_POINT('',(0.968342389956,-4.97976883579E-03,
    9.57101408311));
#10013 = PCURVE('',#9824,#10014);
#10014 = DEFINITIONAL_REPRESENTATION('',(#10015),#10018);
#10015 = B_SPLINE_CURVE_WITH_KNOTS('',1,(#10016,#10017),.UNSPECIFIED.,
  .F.,.F.,(2,2),(13.681857223363,19.965042530543),
  .PIECEWISE_BEZIER_KNOTS.);
#10016 = CARTESIAN_POINT('',(-3.140726637673,0.87101408311));
#10017 = CARTESIAN_POINT('',(3.141613546163,1.27101408311));
#10018 = ( GEOMETRIC_REPRESENTATION_CONTEXT(2) 
PARAMETRIC_REPRESENTATION_CONTEXT() REPRESENTATION_CONTEXT('2D SPACE',''
  ) );
#10019 = PCURVE('',#9411,#10020);
#10020 = DEFINITIONAL_REPRESENTATION('',(#10021),#10025);
#10021 = LINE('',#10022,#10023);
#10022 = CARTESIAN_POINT('',(2.629830476159E-02,8.309291351765));
#10023 = VECTOR('',#10024,1.);
#10024 = DIRECTION('',(-7.067899292141E-17,1.));
#10025 = ( GEOMETRIC_REPRESENTATION_CONTEXT(2) 
PARAMETRIC_REPRESENTATION_CONTEXT() REPRESENTATION_CONTEXT('2D SPACE',''
  ) );
#10026 = ADVANCED_FACE('',(#10027),#9936,.T.);
#10027 = FACE_BOUND('',#10028,.T.);
#10028 = EDGE_LOOP('',(#10029,#10059,#10101,#10102));
#10029 = ORIENTED_EDGE('',*,*,#10030,.F.);
#10030 = EDGE_CURVE('',#10031,#10033,#10035,.T.);
#10031 = VERTEX_POINT('',#10032);
#10032 = CARTESIAN_POINT('',(0.96638954857,-5.87340826311E-03,
    10.02898591689));
#10033 = VERTEX_POINT('',#10034);
#10034 = CARTESIAN_POINT('',(0.966213548046,-5.84832251685E-03,
    9.97101408311));
#10035 = SURFACE_CURVE('',#10036,(#10040,#10047),.PCURVE_S1.);
#10036 = LINE('',#10037,#10038);
#10037 = CARTESIAN_POINT('',(0.96675,-5.E-03,8.3));
#10038 = VECTOR('',#10039,1.);
#10039 = DIRECTION('',(0.,0.,-1.));
#10040 = PCURVE('',#9936,#10041);
#10041 = DEFINITIONAL_REPRESENTATION('',(#10042),#10046);
#10042 = LINE('',#10043,#10044);
#10043 = CARTESIAN_POINT('',(3.14159265359,0.));
#10044 = VECTOR('',#10045,1.);
#10045 = DIRECTION('',(0.,-1.));
#10046 = ( GEOMETRIC_REPRESENTATION_CONTEXT(2) 
PARAMETRIC_REPRESENTATION_CONTEXT() REPRESENTATION_CONTEXT('2D SPACE',''
  ) );
#10047 = PCURVE('',#10048,#10053);
#10048 = CYLINDRICAL_SURFACE('',#10049,0.96675);
#10049 = AXIS2_PLACEMENT_3D('',#10050,#10051,#10052);
#10050 = CARTESIAN_POINT('',(0.,-5.E-03,8.3));
#10051 = DIRECTION('',(0.,0.,1.));
#10052 = DIRECTION('',(-1.,0.,0.));
#10053 = DEFINITIONAL_REPRESENTATION('',(#10054),#10058);
#10054 = LINE('',#10055,#10056);
#10055 = CARTESIAN_POINT('',(3.14159265359,0.));
#10056 = VECTOR('',#10057,1.);
#10057 = DIRECTION('',(0.,-1.));
#10058 = ( GEOMETRIC_REPRESENTATION_CONTEXT(2) 
PARAMETRIC_REPRESENTATION_CONTEXT() REPRESENTATION_CONTEXT('2D SPACE',''
  ) );
#10059 = ORIENTED_EDGE('',*,*,#10060,.T.);
#10060 = EDGE_CURVE('',#10031,#9919,#10061,.T.);
#10061 = SURFACE_CURVE('',#10062,(#10088,#10094),.PCURVE_S1.);
#10062 = B_SPLINE_CURVE_WITH_KNOTS('',3,(#10063,#10064,#10065,#10066,
    #10067,#10068,#10069,#10070,#10071,#10072,#10073,#10074,#10075,
    #10076,#10077,#10078,#10079,#10080,#10081,#10082,#10083,#10084,
    #10085,#10086,#10087),.UNSPECIFIED.,.F.,.F.,(4,3,3,3,3,3,3,3,4),(
    -29.22431129932,-28.95418762825,-27.95576736521,-26.95734710217,
    -25.95892683912,-24.96050657608,-23.96208631304,-22.96366604999,
    -22.94112599214),.UNSPECIFIED.);
#10063 = CARTESIAN_POINT('',(0.96638954857,-5.87340826311E-03,
    10.02898591689));
#10064 = CARTESIAN_POINT('',(0.96715402594,-9.297782599335E-02,
    10.023253714557));
#10065 = CARTESIAN_POINT('',(0.956351070135,-0.179895928769,
    10.017521512224));
#10066 = CARTESIAN_POINT('',(0.93322871816,-0.263402898121,
    10.011789309891));
#10067 = CARTESIAN_POINT('',(0.847764809538,-0.572058004045,
    9.990602173871));
#10068 = CARTESIAN_POINT('',(0.593998268836,-0.83411157807,
    9.969415037852));
#10069 = CARTESIAN_POINT('',(0.288247828315,-0.929446368182,
    9.948227901832));
#10070 = CARTESIAN_POINT('',(-1.750261220601E-02,-1.024781158294,
    9.927040765813));
#10071 = CARTESIAN_POINT('',(-0.375236952545,-0.953397164493,
    9.905853629793));
#10072 = CARTESIAN_POINT('',(-0.620980837237,-0.748014601411,
    9.884666493774));
#10073 = CARTESIAN_POINT('',(-0.866724721929,-0.542632038329,
    9.863479357754));
#10074 = CARTESIAN_POINT('',(-1.000478150975,-0.203250905965,
    9.842292221735));
#10075 = CARTESIAN_POINT('',(-0.960932689999,0.114566983121,
    9.821105085715));
#10076 = CARTESIAN_POINT('',(-0.921387229022,0.432384872207,
    9.799917949696));
#10077 = CARTESIAN_POINT('',(-0.708542878024,0.728639518015,
    9.778730813676));
#10078 = CARTESIAN_POINT('',(-0.419960903429,0.867536955006,
    9.757543677657));
#10079 = CARTESIAN_POINT('',(-0.131378928833,1.006434391998,
    9.736356541637));
#10080 = CARTESIAN_POINT('',(0.23294066936,0.987974620174,9.715169405618
    ));
#10081 = CARTESIAN_POINT('',(0.506005057264,0.820619028335,
    9.693982269598));
#10082 = CARTESIAN_POINT('',(0.779069445168,0.653263436496,
    9.672795133579));
#10083 = CARTESIAN_POINT('',(0.960878622783,0.337012024642,
    9.651607997559));
#10084 = CARTESIAN_POINT('',(0.968096887008,1.682465623912E-02,
    9.630420861539));
#10085 = CARTESIAN_POINT('',(0.968259844532,9.59619536544E-03,
    9.629942546656));
#10086 = CARTESIAN_POINT('',(0.968333819491,2.36572847954E-03,
    9.629464231773));
#10087 = CARTESIAN_POINT('',(0.968319694609,-4.86503499178E-03,
    9.62898591689));
#10088 = PCURVE('',#9936,#10089);
#10089 = DEFINITIONAL_REPRESENTATION('',(#10090),#10093);
#10090 = B_SPLINE_CURVE_WITH_KNOTS('',1,(#10091,#10092),.UNSPECIFIED.,
  .F.,.F.,(2,2),(-29.22431129932,-22.94112599214),
  .PIECEWISE_BEZIER_KNOTS.);
#10091 = CARTESIAN_POINT('',(3.140688868955,1.72898591689));
#10092 = CARTESIAN_POINT('',(-3.141453272962,1.32898591689));
#10093 = ( GEOMETRIC_REPRESENTATION_CONTEXT(2) 
PARAMETRIC_REPRESENTATION_CONTEXT() REPRESENTATION_CONTEXT('2D SPACE',''
  ) );
#10094 = PCURVE('',#9081,#10095);
#10095 = DEFINITIONAL_REPRESENTATION('',(#10096),#10100);
#10096 = LINE('',#10097,#10098);
#10097 = CARTESIAN_POINT('',(-8.723339251854E-16,11.616393197341));
#10098 = VECTOR('',#10099,1.);
#10099 = DIRECTION('',(-3.434811783475E-17,-1.));
#10100 = ( GEOMETRIC_REPRESENTATION_CONTEXT(2) 
PARAMETRIC_REPRESENTATION_CONTEXT() REPRESENTATION_CONTEXT('2D SPACE',''
  ) );
#10101 = ORIENTED_EDGE('',*,*,#9918,.T.);
#10102 = ORIENTED_EDGE('',*,*,#10103,.T.);
#10103 = EDGE_CURVE('',#9921,#10033,#10104,.T.);
#10104 = SURFACE_CURVE('',#10105,(#10128,#10134),.PCURVE_S1.);
#10105 = B_SPLINE_CURVE_WITH_KNOTS('',3,(#10106,#10107,#10108,#10109,
    #10110,#10111,#10112,#10113,#10114,#10115,#10116,#10117,#10118,
    #10119,#10120,#10121,#10122,#10123,#10124,#10125,#10126,#10127),
  .UNSPECIFIED.,.F.,.F.,(4,3,3,3,3,3,3,4),(19.965042530543,
    20.96682552391,21.965245786954,22.963666049997,23.96208631304,
    24.960506576084,25.958926839127,26.248227837722),.UNSPECIFIED.);
#10106 = CARTESIAN_POINT('',(0.968342389956,-4.97976883579E-03,
    9.57101408311));
#10107 = CARTESIAN_POINT('',(0.96844119878,0.316368134043,9.592272578484
    ));
#10108 = CARTESIAN_POINT('',(0.792457916482,0.63762168669,9.613531073857
    ));
#10109 = CARTESIAN_POINT('',(0.521744241781,0.810764034438,9.63478956923
    ));
#10110 = CARTESIAN_POINT('',(0.251939283928,0.983325187428,9.65597670525
    ));
#10111 = CARTESIAN_POINT('',(-0.111959358236,1.008767815879,
    9.677163841269));
#10112 = CARTESIAN_POINT('',(-0.403151805025,0.875429803078,
    9.698350977289));
#10113 = CARTESIAN_POINT('',(-0.694344251814,0.742091790278,
    9.719538113308));
#10114 = CARTESIAN_POINT('',(-0.912830503228,0.449973136225,
    9.740725249328));
#10115 = CARTESIAN_POINT('',(-0.958463219707,0.132971997055,
    9.761912385347));
#10116 = CARTESIAN_POINT('',(-1.004095936186,-0.184029142115,
    9.783099521367));
#10117 = CARTESIAN_POINT('',(-0.87687511773,-0.525912766402,
    9.804286657386));
#10118 = CARTESIAN_POINT('',(-0.635114852366,-0.735969999027,
    9.825473793406));
#10119 = CARTESIAN_POINT('',(-0.393354587002,-0.946027231652,
    9.846660929426));
#10120 = CARTESIAN_POINT('',(-3.705487473067E-02,-1.024258072614,
    9.867848065445));
#10121 = CARTESIAN_POINT('',(0.270467518251,-0.934803923996,
    9.889035201465));
#10122 = CARTESIAN_POINT('',(0.577989911232,-0.845349775378,
    9.910222337484));
#10123 = CARTESIAN_POINT('',(0.836734984923,-0.58821063718,
    9.931409473504));
#10124 = CARTESIAN_POINT('',(0.928102001472,-0.281251136237,
    9.952596609523));
#10125 = CARTESIAN_POINT('',(0.954576393173,-0.192306937648,
    9.958735767386));
#10126 = CARTESIAN_POINT('',(0.966997701756,-9.917981502186E-02,
    9.964874925248));
#10127 = CARTESIAN_POINT('',(0.966213548046,-5.84832251685E-03,
    9.97101408311));
#10128 = PCURVE('',#9936,#10129);
#10129 = DEFINITIONAL_REPRESENTATION('',(#10130),#10133);
#10130 = B_SPLINE_CURVE_WITH_KNOTS('',1,(#10131,#10132),.UNSPECIFIED.,
  .F.,.F.,(2,2),(19.965042533605,26.248227837722),
  .PIECEWISE_BEZIER_KNOTS.);
#10131 = CARTESIAN_POINT('',(-3.141571757974,1.271014083305));
#10132 = CARTESIAN_POINT('',(3.140714667248,1.67101408311));
#10133 = ( GEOMETRIC_REPRESENTATION_CONTEXT(2) 
PARAMETRIC_REPRESENTATION_CONTEXT() REPRESENTATION_CONTEXT('2D SPACE',''
  ) );
#10134 = PCURVE('',#9411,#10135);
#10135 = DEFINITIONAL_REPRESENTATION('',(#10136),#10140);
#10136 = LINE('',#10137,#10138);
#10137 = CARTESIAN_POINT('',(2.629830476159E-02,8.309291351765));
#10138 = VECTOR('',#10139,1.);
#10139 = DIRECTION('',(-9.110963935716E-17,1.));
#10140 = ( GEOMETRIC_REPRESENTATION_CONTEXT(2) 
PARAMETRIC_REPRESENTATION_CONTEXT() REPRESENTATION_CONTEXT('2D SPACE',''
  ) );
#10141 = ADVANCED_FACE('',(#10142),#10048,.T.);
#10142 = FACE_BOUND('',#10143,.T.);
#10143 = EDGE_LOOP('',(#10144,#10174,#10213,#10214));
#10144 = ORIENTED_EDGE('',*,*,#10145,.F.);
#10145 = EDGE_CURVE('',#10146,#10148,#10150,.T.);
#10146 = VERTEX_POINT('',#10147);
#10147 = CARTESIAN_POINT('',(0.965265543021,-4.66909487121E-03,
    10.42898591689));
#10148 = VERTEX_POINT('',#10149);
#10149 = CARTESIAN_POINT('',(0.965338128872,-4.57637151445E-03,
    10.37101408311));
#10150 = SURFACE_CURVE('',#10151,(#10155,#10162),.PCURVE_S1.);
#10151 = LINE('',#10152,#10153);
#10152 = CARTESIAN_POINT('',(0.96675,-5.E-03,8.3));
#10153 = VECTOR('',#10154,1.);
#10154 = DIRECTION('',(0.,0.,-1.));
#10155 = PCURVE('',#10048,#10156);
#10156 = DEFINITIONAL_REPRESENTATION('',(#10157),#10161);
#10157 = LINE('',#10158,#10159);
#10158 = CARTESIAN_POINT('',(9.424777960769,0.));
#10159 = VECTOR('',#10160,1.);
#10160 = DIRECTION('',(0.,-1.));
#10161 = ( GEOMETRIC_REPRESENTATION_CONTEXT(2) 
PARAMETRIC_REPRESENTATION_CONTEXT() REPRESENTATION_CONTEXT('2D SPACE',''
  ) );
#10162 = PCURVE('',#10163,#10168);
#10163 = CYLINDRICAL_SURFACE('',#10164,0.96675);
#10164 = AXIS2_PLACEMENT_3D('',#10165,#10166,#10167);
#10165 = CARTESIAN_POINT('',(0.,-5.E-03,8.3));
#10166 = DIRECTION('',(0.,0.,1.));
#10167 = DIRECTION('',(-1.,0.,0.));
#10168 = DEFINITIONAL_REPRESENTATION('',(#10169),#10173);
#10169 = LINE('',#10170,#10171);
#10170 = CARTESIAN_POINT('',(-3.14159265359,0.));
#10171 = VECTOR('',#10172,1.);
#10172 = DIRECTION('',(0.,-1.));
#10173 = ( GEOMETRIC_REPRESENTATION_CONTEXT(2) 
PARAMETRIC_REPRESENTATION_CONTEXT() REPRESENTATION_CONTEXT('2D SPACE',''
  ) );
#10174 = ORIENTED_EDGE('',*,*,#10175,.T.);
#10175 = EDGE_CURVE('',#10146,#10031,#10176,.T.);
#10176 = SURFACE_CURVE('',#10177,(#10200,#10206),.PCURVE_S1.);
#10177 = B_SPLINE_CURVE_WITH_KNOTS('',3,(#10178,#10179,#10180,#10181,
    #10182,#10183,#10184,#10185,#10186,#10187,#10188,#10189,#10190,
    #10191,#10192,#10193,#10194,#10195,#10196,#10197,#10198,#10199),
  .UNSPECIFIED.,.F.,.F.,(4,3,3,3,3,3,3,4),(-35.5074966065,
    -34.94470920651,-33.94628894347,-32.94786868043,-31.94944841738,
    -30.95102815434,-29.9526078913,-29.22431129932),.UNSPECIFIED.);
#10178 = CARTESIAN_POINT('',(0.965265543021,-4.66909487121E-03,
    10.42898591689));
#10179 = CARTESIAN_POINT('',(0.964707217805,-0.186678779927,
    10.417043197341));
#10180 = CARTESIAN_POINT('',(0.915316655743,-0.368969527492,
    10.405100477792));
#10181 = CARTESIAN_POINT('',(0.818996497637,-0.521655238056,
    10.393157758243));
#10182 = CARTESIAN_POINT('',(0.648118475856,-0.792529296907,
    10.371970622223));
#10183 = CARTESIAN_POINT('',(0.329538970472,-0.970227444276,
    10.350783486203));
#10184 = CARTESIAN_POINT('',(9.284971828537E-03,-0.973298346305,
    10.329596350184));
#10185 = CARTESIAN_POINT('',(-0.310969026815,-0.976369248334,
    10.308409214164));
#10186 = CARTESIAN_POINT('',(-0.632897518719,-0.804812905023,
    10.287222078145));
#10187 = CARTESIAN_POINT('',(-0.808938441712,-0.537265437236,
    10.266034942125));
#10188 = CARTESIAN_POINT('',(-0.984979364705,-0.26971796945,
    10.244847806106));
#10189 = CARTESIAN_POINT('',(-1.015132718786,9.382062281253E-02,
    10.223660670086));
#10190 = CARTESIAN_POINT('',(-0.885577139208,0.386715494545,
    10.202473534067));
#10191 = CARTESIAN_POINT('',(-0.756021559631,0.679610366278,
    10.181286398047));
#10192 = CARTESIAN_POINT('',(-0.466757046393,0.901861517482,
    10.160099262028));
#10193 = CARTESIAN_POINT('',(-0.150373504272,0.951595895544,
    10.138912126008));
#10194 = CARTESIAN_POINT('',(0.16601003785,1.001330273607,
    10.117724989989));
#10195 = CARTESIAN_POINT('',(0.509512608856,0.878547878528,
    10.096537853969));
#10196 = CARTESIAN_POINT('',(0.722683256089,0.639528362077,
    10.07535071795));
#10197 = CARTESIAN_POINT('',(0.878180356494,0.465175831694,
    10.059895784263));
#10198 = CARTESIAN_POINT('',(0.964328395393,0.228974024129,
    10.044440850576));
#10199 = CARTESIAN_POINT('',(0.96638954857,-5.87340826311E-03,
    10.02898591689));
#10200 = PCURVE('',#10048,#10201);
#10201 = DEFINITIONAL_REPRESENTATION('',(#10202),#10205);
#10202 = B_SPLINE_CURVE_WITH_KNOTS('',1,(#10203,#10204),.UNSPECIFIED.,
  .F.,.F.,(2,2),(-35.5074966065,-29.22431129932),
  .PIECEWISE_BEZIER_KNOTS.);
#10203 = CARTESIAN_POINT('',(9.425120773292,2.12898591689));
#10204 = CARTESIAN_POINT('',(3.140688868955,1.72898591689));
#10205 = ( GEOMETRIC_REPRESENTATION_CONTEXT(2) 
PARAMETRIC_REPRESENTATION_CONTEXT() REPRESENTATION_CONTEXT('2D SPACE',''
  ) );
#10206 = PCURVE('',#9081,#10207);
#10207 = DEFINITIONAL_REPRESENTATION('',(#10208),#10212);
#10208 = LINE('',#10209,#10210);
#10209 = CARTESIAN_POINT('',(2.302535892045E-15,11.616393197341));
#10210 = VECTOR('',#10211,1.);
#10211 = DIRECTION('',(7.310314317213E-17,-1.));
#10212 = ( GEOMETRIC_REPRESENTATION_CONTEXT(2) 
PARAMETRIC_REPRESENTATION_CONTEXT() REPRESENTATION_CONTEXT('2D SPACE',''
  ) );
#10213 = ORIENTED_EDGE('',*,*,#10030,.T.);
#10214 = ORIENTED_EDGE('',*,*,#10215,.T.);
#10215 = EDGE_CURVE('',#10033,#10148,#10216,.T.);
#10216 = SURFACE_CURVE('',#10217,(#10240,#10246),.PCURVE_S1.);
#10217 = B_SPLINE_CURVE_WITH_KNOTS('',3,(#10218,#10219,#10220,#10221,
    #10222,#10223,#10224,#10225,#10226,#10227,#10228,#10229,#10230,
    #10231,#10232,#10233,#10234,#10235,#10236,#10237,#10238,#10239),
  .UNSPECIFIED.,.F.,.F.,(4,3,3,3,3,3,3,4),(26.248227837722,
    26.95734710217,27.955767365214,28.954187628257,29.9526078913,
    30.951028154344,31.949448417387,32.531413144902),.UNSPECIFIED.);
#10218 = CARTESIAN_POINT('',(0.966213548046,-5.84832251685E-03,
    9.97101408311));
#10219 = CARTESIAN_POINT('',(0.964291472061,0.222920882001,
    9.986062061267));
#10220 = CARTESIAN_POINT('',(0.883029374944,0.452917965568,
    10.001110039425));
#10221 = CARTESIAN_POINT('',(0.734909989418,0.625551602033,
    10.016158017582));
#10222 = CARTESIAN_POINT('',(0.526362001409,0.868614975673,
    10.037345153601));
#10223 = CARTESIAN_POINT('',(0.185277065986,0.997961859264,
    10.058532289621));
#10224 = CARTESIAN_POINT('',(-0.132002033578,0.954303642519,
    10.07971942564));
#10225 = CARTESIAN_POINT('',(-0.449281133143,0.910645425775,
    10.10090656166));
#10226 = CARTESIAN_POINT('',(-0.742754396849,0.693982108696,
    10.122093697679));
#10227 = CARTESIAN_POINT('',(-0.877902758889,0.403625453609,
    10.143280833699));
#10228 = CARTESIAN_POINT('',(-1.01305112093,0.113268798522,
    10.164467969718));
#10229 = CARTESIAN_POINT('',(-0.989874581304,-0.250781194571,
    10.185655105738));
#10230 = CARTESIAN_POINT('',(-0.81899654884,-0.521655270357,
    10.206842241757));
#10231 = CARTESIAN_POINT('',(-0.648118516376,-0.792529346143,
    10.228029377777));
#10232 = CARTESIAN_POINT('',(-0.329538991075,-0.970227504622,
    10.249216513797));
#10233 = CARTESIAN_POINT('',(-9.284972409038E-03,-0.973298406843,
    10.270403649816));
#10234 = CARTESIAN_POINT('',(0.310969046257,-0.976369309063,
    10.291590785836));
#10235 = CARTESIAN_POINT('',(0.632897558288,-0.804812955027,
    10.312777921855));
#10236 = CARTESIAN_POINT('',(0.808938492286,-0.537265470513,
    10.333965057875));
#10237 = CARTESIAN_POINT('',(0.911550205989,-0.38131591231,
    10.346314732953));
#10238 = CARTESIAN_POINT('',(0.964595806112,-0.19275283526,
    10.358664408032));
#10239 = CARTESIAN_POINT('',(0.965338128872,-4.57637151445E-03,
    10.37101408311));
#10240 = PCURVE('',#10048,#10241);
#10241 = DEFINITIONAL_REPRESENTATION('',(#10242),#10245);
#10242 = B_SPLINE_CURVE_WITH_KNOTS('',1,(#10243,#10244),.UNSPECIFIED.,
  .F.,.F.,(2,2),(26.248227837722,32.531413144902),
  .PIECEWISE_BEZIER_KNOTS.);
#10243 = CARTESIAN_POINT('',(3.140714667248,1.67101408311));
#10244 = CARTESIAN_POINT('',(9.425216800224,2.07101408311));
#10245 = ( GEOMETRIC_REPRESENTATION_CONTEXT(2) 
PARAMETRIC_REPRESENTATION_CONTEXT() REPRESENTATION_CONTEXT('2D SPACE',''
  ) );
#10246 = PCURVE('',#9411,#10247);
#10247 = DEFINITIONAL_REPRESENTATION('',(#10248),#10252);
#10248 = LINE('',#10249,#10250);
#10249 = CARTESIAN_POINT('',(2.62983047616E-02,8.309291351765));
#10250 = VECTOR('',#10251,1.);
#10251 = DIRECTION('',(-3.064596958702E-16,1.));
#10252 = ( GEOMETRIC_REPRESENTATION_CONTEXT(2) 
PARAMETRIC_REPRESENTATION_CONTEXT() REPRESENTATION_CONTEXT('2D SPACE',''
  ) );
#10253 = ADVANCED_FACE('',(#10254),#10163,.T.);
#10254 = FACE_BOUND('',#10255,.T.);
#10255 = EDGE_LOOP('',(#10256,#10286,#10325,#10326));
#10256 = ORIENTED_EDGE('',*,*,#10257,.F.);
#10257 = EDGE_CURVE('',#10258,#10260,#10262,.T.);
#10258 = VERTEX_POINT('',#10259);
#10259 = CARTESIAN_POINT('',(0.967604522309,-4.27777495163E-03,
    10.82898591689));
#10260 = VERTEX_POINT('',#10261);
#10261 = CARTESIAN_POINT('',(0.967766714915,-4.34748191211E-03,
    10.77101408311));
#10262 = SURFACE_CURVE('',#10263,(#10267,#10274),.PCURVE_S1.);
#10263 = LINE('',#10264,#10265);
#10264 = CARTESIAN_POINT('',(0.96675,-5.E-03,8.3));
#10265 = VECTOR('',#10266,1.);
#10266 = DIRECTION('',(0.,0.,-1.));
#10267 = PCURVE('',#10163,#10268);
#10268 = DEFINITIONAL_REPRESENTATION('',(#10269),#10273);
#10269 = LINE('',#10270,#10271);
#10270 = CARTESIAN_POINT('',(3.14159265359,0.));
#10271 = VECTOR('',#10272,1.);
#10272 = DIRECTION('',(0.,-1.));
#10273 = ( GEOMETRIC_REPRESENTATION_CONTEXT(2) 
PARAMETRIC_REPRESENTATION_CONTEXT() REPRESENTATION_CONTEXT('2D SPACE',''
  ) );
#10274 = PCURVE('',#10275,#10280);
#10275 = CYLINDRICAL_SURFACE('',#10276,0.96675);
#10276 = AXIS2_PLACEMENT_3D('',#10277,#10278,#10279);
#10277 = CARTESIAN_POINT('',(0.,-5.E-03,8.3));
#10278 = DIRECTION('',(0.,0.,1.));
#10279 = DIRECTION('',(-1.,0.,0.));
#10280 = DEFINITIONAL_REPRESENTATION('',(#10281),#10285);
#10281 = LINE('',#10282,#10283);
#10282 = CARTESIAN_POINT('',(-3.14159265359,0.));
#10283 = VECTOR('',#10284,1.);
#10284 = DIRECTION('',(0.,-1.));
#10285 = ( GEOMETRIC_REPRESENTATION_CONTEXT(2) 
PARAMETRIC_REPRESENTATION_CONTEXT() REPRESENTATION_CONTEXT('2D SPACE',''
  ) );
#10286 = ORIENTED_EDGE('',*,*,#10287,.T.);
#10287 = EDGE_CURVE('',#10258,#10146,#10288,.T.);
#10288 = SURFACE_CURVE('',#10289,(#10312,#10318),.PCURVE_S1.);
#10289 = B_SPLINE_CURVE_WITH_KNOTS('',3,(#10290,#10291,#10292,#10293,
    #10294,#10295,#10296,#10297,#10298,#10299,#10300,#10301,#10302,
    #10303,#10304,#10305,#10306,#10307,#10308,#10309,#10310,#10311),
  .UNSPECIFIED.,.F.,.F.,(4,3,3,3,3,3,3,4),(-41.79068191368,
    -40.93523078477,-39.93681052173,-38.93839025869,-37.93996999564,
    -36.9415497326,-35.94312946956,-35.5074966065),.UNSPECIFIED.);
#10290 = CARTESIAN_POINT('',(0.967604522309,-4.27777495163E-03,
    10.82898591689));
#10291 = CARTESIAN_POINT('',(0.965312397135,-0.279238324226,
    10.810832680124));
#10292 = CARTESIAN_POINT('',(0.842256120438,-0.555991949874,
    10.792679443359));
#10293 = CARTESIAN_POINT('',(0.635114812659,-0.735969953327,
    10.774526206594));
#10294 = CARTESIAN_POINT('',(0.393354562409,-0.946027172818,
    10.753339070574));
#10295 = CARTESIAN_POINT('',(3.705487241404E-02,-1.024258008891,
    10.732151934555));
#10296 = CARTESIAN_POINT('',(-0.270467501341,-0.934803865866,
    10.710964798535));
#10297 = CARTESIAN_POINT('',(-0.577989875096,-0.845349722841,
    10.689777662516));
#10298 = CARTESIAN_POINT('',(-0.836734932611,-0.588210600718,
    10.668590526496));
#10299 = CARTESIAN_POINT('',(-0.928101943447,-0.281251118966,
    10.647403390477));
#10300 = CARTESIAN_POINT('',(-1.019468954284,2.57083627864E-02,
    10.626216254457));
#10301 = CARTESIAN_POINT('',(-0.943457918442,0.382488204168,
    10.605029118438));
#10302 = CARTESIAN_POINT('',(-0.734909943472,0.625551562612,
    10.583841982418));
#10303 = CARTESIAN_POINT('',(-0.526361968501,0.868614921055,
    10.562654846399));
#10304 = CARTESIAN_POINT('',(-0.185277054403,0.997961796559,
    10.541467710379));
#10305 = CARTESIAN_POINT('',(0.132002025326,0.954303582544,
    10.52028057436));
#10306 = CARTESIAN_POINT('',(0.449281105054,0.91064536853,10.49909343834
    ));
#10307 = CARTESIAN_POINT('',(0.742754350413,0.693982064996,
    10.477906302321));
#10308 = CARTESIAN_POINT('',(0.877902704004,0.403625428062,
    10.456719166301));
#10309 = CARTESIAN_POINT('',(0.936870922489,0.276936399667,
    10.447474749831));
#10310 = CARTESIAN_POINT('',(0.965697721874,0.13621785499,10.43823033336
    ));
#10311 = CARTESIAN_POINT('',(0.965265543021,-4.66909487121E-03,
    10.42898591689));
#10312 = PCURVE('',#10163,#10313);
#10313 = DEFINITIONAL_REPRESENTATION('',(#10314),#10317);
#10314 = B_SPLINE_CURVE_WITH_KNOTS('',1,(#10315,#10316),.UNSPECIFIED.,
  .F.,.F.,(2,2),(-41.79068191368,-35.5074966065),
  .PIECEWISE_BEZIER_KNOTS.);
#10315 = CARTESIAN_POINT('',(3.142339058653,2.52898591689));
#10316 = CARTESIAN_POINT('',(-3.141249841067,2.12898591689));
#10317 = ( GEOMETRIC_REPRESENTATION_CONTEXT(2) 
PARAMETRIC_REPRESENTATION_CONTEXT() REPRESENTATION_CONTEXT('2D SPACE',''
  ) );
#10318 = PCURVE('',#9081,#10319);
#10319 = DEFINITIONAL_REPRESENTATION('',(#10320),#10324);
#10320 = LINE('',#10321,#10322);
#10321 = CARTESIAN_POINT('',(7.16901475662E-16,11.616393197341));
#10322 = VECTOR('',#10323,1.);
#10323 = DIRECTION('',(2.747247727488E-17,-1.));
#10324 = ( GEOMETRIC_REPRESENTATION_CONTEXT(2) 
PARAMETRIC_REPRESENTATION_CONTEXT() REPRESENTATION_CONTEXT('2D SPACE',''
  ) );
#10325 = ORIENTED_EDGE('',*,*,#10145,.T.);
#10326 = ORIENTED_EDGE('',*,*,#10327,.T.);
#10327 = EDGE_CURVE('',#10148,#10260,#10328,.T.);
#10328 = SURFACE_CURVE('',#10329,(#10352,#10358),.PCURVE_S1.);
#10329 = B_SPLINE_CURVE_WITH_KNOTS('',3,(#10330,#10331,#10332,#10333,
    #10334,#10335,#10336,#10337,#10338,#10339,#10340,#10341,#10342,
    #10343,#10344,#10345,#10346,#10347,#10348,#10349,#10350,#10351),
  .UNSPECIFIED.,.F.,.F.,(4,3,3,3,3,3,3,4),(32.531413144902,
    32.94786868043,33.946288943474,34.944709206517,35.943129469561,
    36.941549732604,37.939969995647,38.814598452081),.UNSPECIFIED.);
#10330 = CARTESIAN_POINT('',(0.965338128872,-4.57637151445E-03,
    10.37101408311));
#10331 = CARTESIAN_POINT('',(0.96586933705,0.130083215705,
    10.379851544051));
#10332 = CARTESIAN_POINT('',(0.939616704432,0.264544823185,
    10.388689004992));
#10333 = CARTESIAN_POINT('',(0.885577194574,0.386715519035,
    10.397526465933));
#10334 = CARTESIAN_POINT('',(0.756021606897,0.67961040908,
    10.418713601953));
#10335 = CARTESIAN_POINT('',(0.466757075575,0.901861574178,
    10.439900737972));
#10336 = CARTESIAN_POINT('',(0.150373513673,0.95159595535,
    10.461087873992));
#10337 = CARTESIAN_POINT('',(-0.166010048229,1.001330336522,
    10.482275010011));
#10338 = CARTESIAN_POINT('',(-0.50951264071,0.878547933767,
    10.503462146031));
#10339 = CARTESIAN_POINT('',(-0.72268330127,0.639528402372,
    10.52464928205));
#10340 = CARTESIAN_POINT('',(-0.935853961831,0.400508870978,
    10.54583641807));
#10341 = CARTESIAN_POINT('',(-1.018692690469,4.525221094481E-02,
    10.56702355409));
#10342 = CARTESIAN_POINT('',(-0.933228776505,-0.263402914276,
    10.588210690109));
#10343 = CARTESIAN_POINT('',(-0.84776486254,-0.572058039497,
    10.609397826129));
#10344 = CARTESIAN_POINT('',(-0.593998305972,-0.834111629905,
    10.630584962148));
#10345 = CARTESIAN_POINT('',(-0.288247846336,-0.929446425978,
    10.651772098168));
#10346 = CARTESIAN_POINT('',(1.750261330026E-02,-1.02478122205,
    10.672959234187));
#10347 = CARTESIAN_POINT('',(0.375236976004,-0.953397223787,
    10.694146370207));
#10348 = CARTESIAN_POINT('',(0.62098087606,-0.748014647864,
    10.715333506226));
#10349 = CARTESIAN_POINT('',(0.836255561421,-0.568096979917,
    10.733893698521));
#10350 = CARTESIAN_POINT('',(0.96558903515,-0.285349125822,
    10.752453890816));
#10351 = CARTESIAN_POINT('',(0.967766714915,-4.34748191211E-03,
    10.77101408311));
#10352 = PCURVE('',#10163,#10353);
#10353 = DEFINITIONAL_REPRESENTATION('',(#10354),#10357);
#10354 = B_SPLINE_CURVE_WITH_KNOTS('',1,(#10355,#10356),.UNSPECIFIED.,
  .F.,.F.,(2,2),(32.531413144902,38.814598452081),
  .PIECEWISE_BEZIER_KNOTS.);
#10355 = CARTESIAN_POINT('',(-3.141153814135,2.07101408311));
#10356 = CARTESIAN_POINT('',(3.142266904914,2.47101408311));
#10357 = ( GEOMETRIC_REPRESENTATION_CONTEXT(2) 
PARAMETRIC_REPRESENTATION_CONTEXT() REPRESENTATION_CONTEXT('2D SPACE',''
  ) );
#10358 = PCURVE('',#9411,#10359);
#10359 = DEFINITIONAL_REPRESENTATION('',(#10360),#10364);
#10360 = LINE('',#10361,#10362);
#10361 = CARTESIAN_POINT('',(2.629830476159E-02,8.309291351765));
#10362 = VECTOR('',#10363,1.);
#10363 = DIRECTION('',(-8.282694482978E-18,1.));
#10364 = ( GEOMETRIC_REPRESENTATION_CONTEXT(2) 
PARAMETRIC_REPRESENTATION_CONTEXT() REPRESENTATION_CONTEXT('2D SPACE',''
  ) );
#10365 = ADVANCED_FACE('',(#10366),#10275,.T.);
#10366 = FACE_BOUND('',#10367,.T.);
#10367 = EDGE_LOOP('',(#10368,#10398,#10440,#10441));
#10368 = ORIENTED_EDGE('',*,*,#10369,.F.);
#10369 = EDGE_CURVE('',#10370,#10372,#10374,.T.);
#10370 = VERTEX_POINT('',#10371);
#10371 = CARTESIAN_POINT('',(0.967544965864,-5.74397219681E-03,
    11.22898591689));
#10372 = VERTEX_POINT('',#10373);
#10373 = CARTESIAN_POINT('',(0.967369062175,-5.79789645047E-03,
    11.17101408311));
#10374 = SURFACE_CURVE('',#10375,(#10379,#10386),.PCURVE_S1.);
#10375 = LINE('',#10376,#10377);
#10376 = CARTESIAN_POINT('',(0.96675,-5.E-03,8.3));
#10377 = VECTOR('',#10378,1.);
#10378 = DIRECTION('',(0.,0.,-1.));
#10379 = PCURVE('',#10275,#10380);
#10380 = DEFINITIONAL_REPRESENTATION('',(#10381),#10385);
#10381 = LINE('',#10382,#10383);
#10382 = CARTESIAN_POINT('',(3.14159265359,0.));
#10383 = VECTOR('',#10384,1.);
#10384 = DIRECTION('',(0.,-1.));
#10385 = ( GEOMETRIC_REPRESENTATION_CONTEXT(2) 
PARAMETRIC_REPRESENTATION_CONTEXT() REPRESENTATION_CONTEXT('2D SPACE',''
  ) );
#10386 = PCURVE('',#10387,#10392);
#10387 = CYLINDRICAL_SURFACE('',#10388,0.96675);
#10388 = AXIS2_PLACEMENT_3D('',#10389,#10390,#10391);
#10389 = CARTESIAN_POINT('',(0.,-5.E-03,8.3));
#10390 = DIRECTION('',(0.,0.,1.));
#10391 = DIRECTION('',(-1.,0.,0.));
#10392 = DEFINITIONAL_REPRESENTATION('',(#10393),#10397);
#10393 = LINE('',#10394,#10395);
#10394 = CARTESIAN_POINT('',(3.14159265359,0.));
#10395 = VECTOR('',#10396,1.);
#10396 = DIRECTION('',(0.,-1.));
#10397 = ( GEOMETRIC_REPRESENTATION_CONTEXT(2) 
PARAMETRIC_REPRESENTATION_CONTEXT() REPRESENTATION_CONTEXT('2D SPACE',''
  ) );
#10398 = ORIENTED_EDGE('',*,*,#10399,.T.);
#10399 = EDGE_CURVE('',#10370,#10258,#10400,.T.);
#10400 = SURFACE_CURVE('',#10401,(#10427,#10433),.PCURVE_S1.);
#10401 = B_SPLINE_CURVE_WITH_KNOTS('',3,(#10402,#10403,#10404,#10405,
    #10406,#10407,#10408,#10409,#10410,#10411,#10412,#10413,#10414,
    #10415,#10416,#10417,#10418,#10419,#10420,#10421,#10422,#10423,
    #10424,#10425,#10426),.UNSPECIFIED.,.F.,.F.,(4,3,3,3,3,3,3,3,4),(
    -48.07386722086,-47.92417262608,-46.92575236303,-45.92733209999,
    -44.92891183695,-43.9304915739,-42.93207131086,-41.93365104782,
    -41.79068191368),.UNSPECIFIED.);
#10402 = CARTESIAN_POINT('',(0.967544965864,-5.74397219681E-03,
    11.22898591689));
#10403 = CARTESIAN_POINT('',(0.967954311877,-5.38667736302E-02,
    11.225809298928));
#10404 = CARTESIAN_POINT('',(0.964674840954,-0.101933587923,
    11.222632680966));
#10405 = CARTESIAN_POINT('',(0.957513569248,-0.149414937274,
    11.219456063004));
#10406 = CARTESIAN_POINT('',(0.909749928949,-0.46610199853,
    11.198268926985));
#10407 = CARTESIAN_POINT('',(0.689304007065,-0.756744595446,
    11.177081790965));
#10408 = CARTESIAN_POINT('',(0.397221409211,-0.888121191041,
    11.155894654946));
#10409 = CARTESIAN_POINT('',(0.105138811358,-1.019497786635,
    11.134707518926));
#10410 = CARTESIAN_POINT('',(-0.258580462465,-0.991608380908,
    11.113520382906));
#10411 = CARTESIAN_POINT('',(-0.527218755873,-0.817236594486,
    11.092333246887));
#10412 = CARTESIAN_POINT('',(-0.795857049281,-0.642864808063,
    11.071146110867));
#10413 = CARTESIAN_POINT('',(-0.969414362275,-0.322010640944,
    11.049958974848));
#10414 = CARTESIAN_POINT('',(-0.968337387492,-1.74372862019E-03,
    11.028771838828));
#10415 = CARTESIAN_POINT('',(-0.967260412708,0.318523183704,
    11.007584702809));
#10416 = CARTESIAN_POINT('',(-0.791549150148,0.638202841234,
    10.986397566789));
#10417 = CARTESIAN_POINT('',(-0.521744209161,0.810763983433,
    10.96521043077));
#10418 = CARTESIAN_POINT('',(-0.251939268175,0.983325125631,
    10.94402329475));
#10419 = CARTESIAN_POINT('',(0.111959351236,1.0087677525,10.922836158731
    ));
#10420 = CARTESIAN_POINT('',(0.40315177982,0.875429748037,
    10.901649022711));
#10421 = CARTESIAN_POINT('',(0.694344208403,0.742091743574,
    10.880461886692));
#10422 = CARTESIAN_POINT('',(0.912830446159,0.44997310778,
    10.859274750672));
#10423 = CARTESIAN_POINT('',(0.958463159785,0.132971988428,
    10.838087614653));
#10424 = CARTESIAN_POINT('',(0.964997551961,8.757890374066E-02,
    10.835053715398));
#10425 = CARTESIAN_POINT('',(0.967987598724,4.167560604554E-02,
    10.832019816144));
#10426 = CARTESIAN_POINT('',(0.967604522309,-4.27777495163E-03,
    10.82898591689));
#10427 = PCURVE('',#10275,#10428);
#10428 = DEFINITIONAL_REPRESENTATION('',(#10429),#10432);
#10429 = B_SPLINE_CURVE_WITH_KNOTS('',1,(#10430,#10431),.UNSPECIFIED.,
  .F.,.F.,(2,2),(-48.07386722086,-41.79068191368),
  .PIECEWISE_BEZIER_KNOTS.);
#10430 = CARTESIAN_POINT('',(3.140823725967,2.92898591689));
#10431 = CARTESIAN_POINT('',(-3.140846248527,2.52898591689));
#10432 = ( GEOMETRIC_REPRESENTATION_CONTEXT(2) 
PARAMETRIC_REPRESENTATION_CONTEXT() REPRESENTATION_CONTEXT('2D SPACE',''
  ) );
#10433 = PCURVE('',#9081,#10434);
#10434 = DEFINITIONAL_REPRESENTATION('',(#10435),#10439);
#10435 = LINE('',#10436,#10437);
#10436 = CARTESIAN_POINT('',(-1.05917423857E-15,11.616393197341));
#10437 = VECTOR('',#10438,1.);
#10438 = DIRECTION('',(-1.661515178509E-17,-1.));
#10439 = ( GEOMETRIC_REPRESENTATION_CONTEXT(2) 
PARAMETRIC_REPRESENTATION_CONTEXT() REPRESENTATION_CONTEXT('2D SPACE',''
  ) );
#10440 = ORIENTED_EDGE('',*,*,#10257,.T.);
#10441 = ORIENTED_EDGE('',*,*,#10442,.T.);
#10442 = EDGE_CURVE('',#10260,#10372,#10443,.T.);
#10443 = SURFACE_CURVE('',#10444,(#10470,#10476),.PCURVE_S1.);
#10444 = B_SPLINE_CURVE_WITH_KNOTS('',3,(#10445,#10446,#10447,#10448,
    #10449,#10450,#10451,#10452,#10453,#10454,#10455,#10456,#10457,
    #10458,#10459,#10460,#10461,#10462,#10463,#10464,#10465,#10466,
    #10467,#10468,#10469),.UNSPECIFIED.,.F.,.F.,(4,3,3,3,3,3,3,3,4),(
    38.814598452081,38.93839025869,39.936810521734,40.935230784777,
    41.933651047821,42.932071310864,43.930491573907,44.928911836951,
    45.097783759261),.UNSPECIFIED.);
#10445 = CARTESIAN_POINT('',(0.967766714915,-4.34748191211E-03,
    10.77101408311));
#10446 = CARTESIAN_POINT('',(0.968074935977,3.542449315202E-02,
    10.773641026835));
#10447 = CARTESIAN_POINT('',(0.965835900126,7.51614871443E-02,
    10.77626797056));
#10448 = CARTESIAN_POINT('',(0.960932750076,0.114566990597,
    10.778894914285));
#10449 = CARTESIAN_POINT('',(0.921387286627,0.432384899552,
    10.800082050304));
#10450 = CARTESIAN_POINT('',(0.708542922322,0.728639563881,
    10.821269186324));
#10451 = CARTESIAN_POINT('',(0.419960929685,0.867537009556,
    10.842456322343));
#10452 = CARTESIAN_POINT('',(0.131378937047,1.006434455232,
    10.863643458363));
#10453 = CARTESIAN_POINT('',(-0.232940683923,0.987974682255,
    10.884830594382));
#10454 = CARTESIAN_POINT('',(-0.506005088899,0.820619079953,
    10.906017730402));
#10455 = CARTESIAN_POINT('',(-0.779069493875,0.65326347765,
    10.927204866421));
#10456 = CARTESIAN_POINT('',(-0.960878682856,0.337012046023,
    10.948392002441));
#10457 = CARTESIAN_POINT('',(-0.968096947533,1.682465760235E-02,
    10.96957913846));
#10458 = CARTESIAN_POINT('',(-0.97531521221,-0.303362730818,
    10.99076627448));
#10459 = CARTESIAN_POINT('',(-0.807942552584,-0.627486076031,
    11.0119534105));
#10460 = CARTESIAN_POINT('',(-0.542697418628,-0.806977261434,
    11.033140546519));
#10461 = CARTESIAN_POINT('',(-0.277452284673,-0.986468446838,
    11.054327682539));
#10462 = CARTESIAN_POINT('',(8.566532361103E-02,-1.021327472433,
    11.075514818558));
#10463 = CARTESIAN_POINT('',(0.380213527821,-0.89557604222,
    11.096701954578));
#10464 = CARTESIAN_POINT('',(0.67476173203,-0.769824612007,
    11.117889090597));
#10465 = CARTESIAN_POINT('',(0.900740532166,-0.483462725987,
    11.139076226617));
#10466 = CARTESIAN_POINT('',(0.954568235563,-0.16774980865,
    11.160263362636));
#10467 = CARTESIAN_POINT('',(0.96367260582,-0.114350404389,
    11.163846936128));
#10468 = CARTESIAN_POINT('',(0.967852070423,-6.011132461737E-02,
    11.167430509619));
#10469 = CARTESIAN_POINT('',(0.967369062175,-5.79789645047E-03,
    11.17101408311));
#10470 = PCURVE('',#10275,#10471);
#10471 = DEFINITIONAL_REPRESENTATION('',(#10472),#10475);
#10472 = B_SPLINE_CURVE_WITH_KNOTS('',1,(#10473,#10474),.UNSPECIFIED.,
  .F.,.F.,(2,2),(38.814598452081,45.097783759261),
  .PIECEWISE_BEZIER_KNOTS.);
#10473 = CARTESIAN_POINT('',(-3.140918402266,2.47101408311));
#10474 = CARTESIAN_POINT('',(3.140767842976,2.87101408311));
#10475 = ( GEOMETRIC_REPRESENTATION_CONTEXT(2) 
PARAMETRIC_REPRESENTATION_CONTEXT() REPRESENTATION_CONTEXT('2D SPACE',''
  ) );
#10476 = PCURVE('',#9411,#10477);
#10477 = DEFINITIONAL_REPRESENTATION('',(#10478),#10482);
#10478 = LINE('',#10479,#10480);
#10479 = CARTESIAN_POINT('',(2.629830476159E-02,8.309291351765));
#10480 = VECTOR('',#10481,1.);
#10481 = DIRECTION('',(-5.963540027744E-17,1.));
#10482 = ( GEOMETRIC_REPRESENTATION_CONTEXT(2) 
PARAMETRIC_REPRESENTATION_CONTEXT() REPRESENTATION_CONTEXT('2D SPACE',''
  ) );
#10483 = ADVANCED_FACE('',(#10484),#10387,.T.);
#10484 = FACE_BOUND('',#10485,.T.);
#10485 = EDGE_LOOP('',(#10486,#10516,#10555,#10556));
#10486 = ORIENTED_EDGE('',*,*,#10487,.F.);
#10487 = EDGE_CURVE('',#10488,#10490,#10492,.T.);
#10488 = VERTEX_POINT('',#10489);
#10489 = CARTESIAN_POINT('',(0.965244206372,-5.29668237966E-03,
    11.62898591689));
#10490 = VERTEX_POINT('',#10491);
#10491 = CARTESIAN_POINT('',(0.965196967263,-5.19902264602E-03,
    11.57101408311));
#10492 = SURFACE_CURVE('',#10493,(#10497,#10504),.PCURVE_S1.);
#10493 = LINE('',#10494,#10495);
#10494 = CARTESIAN_POINT('',(0.96675,-5.E-03,8.3));
#10495 = VECTOR('',#10496,1.);
#10496 = DIRECTION('',(0.,0.,-1.));
#10497 = PCURVE('',#10387,#10498);
#10498 = DEFINITIONAL_REPRESENTATION('',(#10499),#10503);
#10499 = LINE('',#10500,#10501);
#10500 = CARTESIAN_POINT('',(9.424777960769,0.));
#10501 = VECTOR('',#10502,1.);
#10502 = DIRECTION('',(0.,-1.));
#10503 = ( GEOMETRIC_REPRESENTATION_CONTEXT(2) 
PARAMETRIC_REPRESENTATION_CONTEXT() REPRESENTATION_CONTEXT('2D SPACE',''
  ) );
#10504 = PCURVE('',#10505,#10510);
#10505 = CYLINDRICAL_SURFACE('',#10506,0.96675);
#10506 = AXIS2_PLACEMENT_3D('',#10507,#10508,#10509);
#10507 = CARTESIAN_POINT('',(0.,-5.E-03,8.3));
#10508 = DIRECTION('',(0.,0.,1.));
#10509 = DIRECTION('',(-1.,0.,0.));
#10510 = DEFINITIONAL_REPRESENTATION('',(#10511),#10515);
#10511 = LINE('',#10512,#10513);
#10512 = CARTESIAN_POINT('',(-3.14159265359,0.));
#10513 = VECTOR('',#10514,1.);
#10514 = DIRECTION('',(0.,-1.));
#10515 = ( GEOMETRIC_REPRESENTATION_CONTEXT(2) 
PARAMETRIC_REPRESENTATION_CONTEXT() REPRESENTATION_CONTEXT('2D SPACE',''
  ) );
#10516 = ORIENTED_EDGE('',*,*,#10517,.T.);
#10517 = EDGE_CURVE('',#10488,#10370,#10518,.T.);
#10518 = SURFACE_CURVE('',#10519,(#10542,#10548),.PCURVE_S1.);
#10519 = B_SPLINE_CURVE_WITH_KNOTS('',3,(#10520,#10521,#10522,#10523,
    #10524,#10525,#10526,#10527,#10528,#10529,#10530,#10531,#10532,
    #10533,#10534,#10535,#10536,#10537,#10538,#10539,#10540,#10541),
  .UNSPECIFIED.,.F.,.F.,(4,3,3,3,3,3,3,4),(-54.35705252804,
    -53.91469420434,-52.91627394129,-51.91785367825,-50.91943341521,
    -49.92101315216,-48.92259288912,-48.07386722086),.UNSPECIFIED.);
#10520 = CARTESIAN_POINT('',(0.965244206372,-5.29668237966E-03,
    11.62898591689));
#10521 = CARTESIAN_POINT('',(0.965638180412,-0.148366944996,
    11.619598781712));
#10522 = CARTESIAN_POINT('',(0.935877227202,-0.291281495949,
    11.610211646534));
#10523 = CARTESIAN_POINT('',(0.875134880997,-0.419520997893,
    11.600824511356));
#10524 = CARTESIAN_POINT('',(0.73803699897,-0.708962634692,
    11.579637375336));
#10525 = CARTESIAN_POINT('',(0.443112841961,-0.923646228159,
    11.558450239316));
#10526 = CARTESIAN_POINT('',(0.125547223035,-0.965169364538,
    11.537263103297));
#10527 = CARTESIAN_POINT('',(-0.192018395892,-1.006692500916,
    11.516075967277));
#10528 = CARTESIAN_POINT('',(-0.532225476737,-0.875055180207,
    11.494888831258));
#10529 = CARTESIAN_POINT('',(-0.739133984681,-0.630594883197,
    11.473701695238));
#10530 = CARTESIAN_POINT('',(-0.946042492625,-0.386134586188,
    11.452514559219));
#10531 = CARTESIAN_POINT('',(-1.019652427669,-2.885131287886E-02,
    11.431327423199));
#10532 = CARTESIAN_POINT('',(-0.926223080853,0.277486816625,
    11.41014028718));
#10533 = CARTESIAN_POINT('',(-0.832793734036,0.583824946129,
    11.38895315116));
#10534 = CARTESIAN_POINT('',(-0.572325105359,0.839217931828,
    11.367766015141));
#10535 = CARTESIAN_POINT('',(-0.264208057078,0.926601800953,
    11.346578879121));
#10536 = CARTESIAN_POINT('',(4.39089912032E-02,1.013985670077,
    11.325391743102));
#10537 = CARTESIAN_POINT('',(0.399674459089,0.933360422627,
    11.304204607082));
#10538 = CARTESIAN_POINT('',(0.640016513675,0.721682036104,
    11.283017471063));
#10539 = CARTESIAN_POINT('',(0.844323736234,0.541740896377,
    11.265006953005));
#10540 = CARTESIAN_POINT('',(0.965224090692,0.267098590115,
    11.246996434947));
#10541 = CARTESIAN_POINT('',(0.967544965864,-5.74397219681E-03,
    11.22898591689));
#10542 = PCURVE('',#10387,#10543);
#10543 = DEFINITIONAL_REPRESENTATION('',(#10544),#10547);
#10544 = B_SPLINE_CURVE_WITH_KNOTS('',1,(#10545,#10546),.UNSPECIFIED.,
  .F.,.F.,(2,2),(-54.35705252804,-48.07386722086),
  .PIECEWISE_BEZIER_KNOTS.);
#10545 = CARTESIAN_POINT('',(9.424470595682,3.32898591689));
#10546 = CARTESIAN_POINT('',(3.140823725967,2.92898591689));
#10547 = ( GEOMETRIC_REPRESENTATION_CONTEXT(2) 
PARAMETRIC_REPRESENTATION_CONTEXT() REPRESENTATION_CONTEXT('2D SPACE',''
  ) );
#10548 = PCURVE('',#9081,#10549);
#10549 = DEFINITIONAL_REPRESENTATION('',(#10550),#10554);
#10550 = LINE('',#10551,#10552);
#10551 = CARTESIAN_POINT('',(3.442079025225E-15,11.616393197341));
#10552 = VECTOR('',#10553,1.);
#10553 = DIRECTION('',(7.820348095179E-17,-1.));
#10554 = ( GEOMETRIC_REPRESENTATION_CONTEXT(2) 
PARAMETRIC_REPRESENTATION_CONTEXT() REPRESENTATION_CONTEXT('2D SPACE',''
  ) );
#10555 = ORIENTED_EDGE('',*,*,#10369,.T.);
#10556 = ORIENTED_EDGE('',*,*,#10557,.T.);
#10557 = EDGE_CURVE('',#10372,#10490,#10558,.T.);
#10558 = SURFACE_CURVE('',#10559,(#10582,#10588),.PCURVE_S1.);
#10559 = B_SPLINE_CURVE_WITH_KNOTS('',3,(#10560,#10561,#10562,#10563,
    #10564,#10565,#10566,#10567,#10568,#10569,#10570,#10571,#10572,
    #10573,#10574,#10575,#10576,#10577,#10578,#10579,#10580,#10581),
  .UNSPECIFIED.,.F.,.F.,(4,3,3,3,3,3,3,4),(45.097783759261,
    45.927332099994,46.925752363037,47.924172626081,48.922592889124,
    49.921013152167,50.919433415211,51.380969066441),.UNSPECIFIED.);
#10560 = CARTESIAN_POINT('',(0.967369062175,-5.79789645047E-03,
    11.17101408311));
#10561 = CARTESIAN_POINT('',(0.964996384198,0.261005569744,
    11.188617645638));
#10562 = CARTESIAN_POINT('',(0.850115339561,0.529603108906,
    11.206221208167));
#10563 = CARTESIAN_POINT('',(0.65383384094,0.709275386413,
    11.223824770695));
#10564 = CARTESIAN_POINT('',(0.417595136262,0.925523715488,
    11.245011906714));
#10565 = CARTESIAN_POINT('',(6.344112024512E-02,1.012956424986,
    11.266199042734));
#10566 = CARTESIAN_POINT('',(-0.246294965574,0.931497086611,
    11.287386178753));
#10567 = CARTESIAN_POINT('',(-0.556031051394,0.850037748236,
    11.308573314773));
#10568 = CARTESIAN_POINT('',(-0.821349207016,0.599686361988,
    11.329760450793));
#10569 = CARTESIAN_POINT('',(-0.920635789535,0.295196218572,
    11.350947586812));
#10570 = CARTESIAN_POINT('',(-1.019922372054,-9.29392484397E-03,
    11.372134722832));
#10571 = CARTESIAN_POINT('',(-0.953177381469,-0.367922825427,
    11.393321858851));
#10572 = CARTESIAN_POINT('',(-0.750994671534,-0.616306011624,
    11.414508994871));
#10573 = CARTESIAN_POINT('',(-0.548811961599,-0.86468919782,
    11.43569613089));
#10574 = CARTESIAN_POINT('',(-0.211191532314,-1.002826669629,
    11.45688326691));
#10575 = CARTESIAN_POINT('',(0.107111883719,-0.967400631169,
    11.478070402929));
#10576 = CARTESIAN_POINT('',(0.425415299752,-0.931974592709,
    11.499257538949));
#10577 = CARTESIAN_POINT('',(0.724401702533,-0.72298504398,
    11.520444674968));
#10578 = CARTESIAN_POINT('',(0.867024919773,-0.436226045789,
    11.541631810988));
#10579 = CARTESIAN_POINT('',(0.932954771044,-0.303667136605,
    11.551425901695));
#10580 = CARTESIAN_POINT('',(0.965471408952,-0.154489691549,
    11.561219992403));
#10581 = CARTESIAN_POINT('',(0.965196967263,-5.19902264602E-03,
    11.57101408311));
#10582 = PCURVE('',#10387,#10583);
#10583 = DEFINITIONAL_REPRESENTATION('',(#10584),#10587);
#10584 = B_SPLINE_CURVE_WITH_KNOTS('',1,(#10585,#10586),.UNSPECIFIED.,
  .F.,.F.,(2,2),(45.097783759261,51.380969066441),
  .PIECEWISE_BEZIER_KNOTS.);
#10585 = CARTESIAN_POINT('',(3.140767842976,2.87101408311));
#10586 = CARTESIAN_POINT('',(9.424571761776,3.27101408311));
#10587 = ( GEOMETRIC_REPRESENTATION_CONTEXT(2) 
PARAMETRIC_REPRESENTATION_CONTEXT() REPRESENTATION_CONTEXT('2D SPACE',''
  ) );
#10588 = PCURVE('',#9411,#10589);
#10589 = DEFINITIONAL_REPRESENTATION('',(#10590),#10594);
#10590 = LINE('',#10591,#10592);
#10591 = CARTESIAN_POINT('',(2.629830476159E-02,8.309291351765));
#10592 = VECTOR('',#10593,1.);
#10593 = DIRECTION('',(-1.347318302564E-16,1.));
#10594 = ( GEOMETRIC_REPRESENTATION_CONTEXT(2) 
PARAMETRIC_REPRESENTATION_CONTEXT() REPRESENTATION_CONTEXT('2D SPACE',''
  ) );
#10595 = ADVANCED_FACE('',(#10596),#10505,.T.);
#10596 = FACE_BOUND('',#10597,.T.);
#10597 = EDGE_LOOP('',(#10598,#10628,#10667,#10668));
#10598 = ORIENTED_EDGE('',*,*,#10599,.F.);
#10599 = EDGE_CURVE('',#10600,#10602,#10604,.T.);
#10600 = VERTEX_POINT('',#10601);
#10601 = CARTESIAN_POINT('',(0.96642990582,-4.05834585662E-03,
    12.02898591689));
#10602 = VERTEX_POINT('',#10603);
#10603 = CARTESIAN_POINT('',(0.966635235605,-4.10272182374E-03,
    11.97101408311));
#10604 = SURFACE_CURVE('',#10605,(#10609,#10616),.PCURVE_S1.);
#10605 = LINE('',#10606,#10607);
#10606 = CARTESIAN_POINT('',(0.96675,-5.E-03,8.3));
#10607 = VECTOR('',#10608,1.);
#10608 = DIRECTION('',(0.,0.,-1.));
#10609 = PCURVE('',#10505,#10610);
#10610 = DEFINITIONAL_REPRESENTATION('',(#10611),#10615);
#10611 = LINE('',#10612,#10613);
#10612 = CARTESIAN_POINT('',(3.14159265359,0.));
#10613 = VECTOR('',#10614,1.);
#10614 = DIRECTION('',(0.,-1.));
#10615 = ( GEOMETRIC_REPRESENTATION_CONTEXT(2) 
PARAMETRIC_REPRESENTATION_CONTEXT() REPRESENTATION_CONTEXT('2D SPACE',''
  ) );
#10616 = PCURVE('',#10617,#10622);
#10617 = CYLINDRICAL_SURFACE('',#10618,0.96675);
#10618 = AXIS2_PLACEMENT_3D('',#10619,#10620,#10621);
#10619 = CARTESIAN_POINT('',(0.,-5.E-03,8.3));
#10620 = DIRECTION('',(0.,0.,1.));
#10621 = DIRECTION('',(-1.,0.,0.));
#10622 = DEFINITIONAL_REPRESENTATION('',(#10623),#10627);
#10623 = LINE('',#10624,#10625);
#10624 = CARTESIAN_POINT('',(3.14159265359,0.));
#10625 = VECTOR('',#10626,1.);
#10626 = DIRECTION('',(0.,-1.));
#10627 = ( GEOMETRIC_REPRESENTATION_CONTEXT(2) 
PARAMETRIC_REPRESENTATION_CONTEXT() REPRESENTATION_CONTEXT('2D SPACE',''
  ) );
#10628 = ORIENTED_EDGE('',*,*,#10629,.T.);
#10629 = EDGE_CURVE('',#10600,#10488,#10630,.T.);
#10630 = SURFACE_CURVE('',#10631,(#10654,#10660),.PCURVE_S1.);
#10631 = B_SPLINE_CURVE_WITH_KNOTS('',3,(#10632,#10633,#10634,#10635,
    #10636,#10637,#10638,#10639,#10640,#10641,#10642,#10643,#10644,
    #10645,#10646,#10647,#10648,#10649,#10650,#10651,#10652,#10653),
  .UNSPECIFIED.,.F.,.F.,(4,3,3,3,3,3,3,4),(-60.64023783522,
    -59.9052157826,-58.90679551955,-57.90837525651,-56.90995499347,
    -55.91153473042,-54.91311446738,-54.35705252804),.UNSPECIFIED.);
#10632 = CARTESIAN_POINT('',(0.96642990582,-4.05834585662E-03,
    12.02898591689));
#10633 = CARTESIAN_POINT('',(0.964328858691,-0.241046702181,
    12.013388264496));
#10634 = CARTESIAN_POINT('',(0.876448575201,-0.479480333177,
    11.997790612101));
#10635 = CARTESIAN_POINT('',(0.718342274847,-0.654401436791,
    11.982192959707));
#10636 = CARTESIAN_POINT('',(0.503577924002,-0.892006245597,
    11.961005823688));
#10637 = CARTESIAN_POINT('',(0.159237721836,-1.012422437242,
    11.939818687668));
#10638 = CARTESIAN_POINT('',(-0.156808870339,-0.960548662632,
    11.918631551649));
#10639 = CARTESIAN_POINT('',(-0.472855462514,-0.908674888023,
    11.897444415629));
#10640 = CARTESIAN_POINT('',(-0.760608444698,-0.684511147159,
    11.876257279609));
#10641 = CARTESIAN_POINT('',(-0.888188806484,-0.39075822498,
    11.85507014359));
#10642 = CARTESIAN_POINT('',(-1.01576916827,-9.70053028021E-02,
    11.83388300757));
#10643 = CARTESIAN_POINT('',(-0.983176909659,0.266336800691,
    11.812695871551));
#10644 = CARTESIAN_POINT('',(-0.805341881359,0.532697739029,
    11.791508735531));
#10645 = CARTESIAN_POINT('',(-0.62750685306,0.799058677367,
    11.770321599512));
#10646 = CARTESIAN_POINT('',(-0.304429055072,0.968438450551,
    11.749134463492));
#10647 = CARTESIAN_POINT('',(1.579771628818E-02,0.963211966381,
    11.727947327473));
#10648 = CARTESIAN_POINT('',(0.336024487648,0.957985482211,
    11.706760191453));
#10649 = CARTESIAN_POINT('',(0.653400232381,0.778152740688,
    11.685573055434));
#10650 = CARTESIAN_POINT('',(0.822452301225,0.506136529861,
    11.664385919414));
#10651 = CARTESIAN_POINT('',(0.916604458117,0.354639342431,
    11.652585918573));
#10652 = CARTESIAN_POINT('',(0.964748965395,0.174548306241,
    11.640785917731));
#10653 = CARTESIAN_POINT('',(0.965244206372,-5.29668237966E-03,
    11.62898591689));
#10654 = PCURVE('',#10505,#10655);
#10655 = DEFINITIONAL_REPRESENTATION('',(#10656),#10659);
#10656 = B_SPLINE_CURVE_WITH_KNOTS('',1,(#10657,#10658),.UNSPECIFIED.,
  .F.,.F.,(2,2),(-60.64023783522,-54.35705252804),
  .PIECEWISE_BEZIER_KNOTS.);
#10657 = CARTESIAN_POINT('',(3.142567016903,3.72898591689));
#10658 = CARTESIAN_POINT('',(-3.141900018678,3.32898591689));
#10659 = ( GEOMETRIC_REPRESENTATION_CONTEXT(2) 
PARAMETRIC_REPRESENTATION_CONTEXT() REPRESENTATION_CONTEXT('2D SPACE',''
  ) );
#10660 = PCURVE('',#9081,#10661);
#10661 = DEFINITIONAL_REPRESENTATION('',(#10662),#10666);
#10662 = LINE('',#10663,#10664);
#10663 = CARTESIAN_POINT('',(-7.142257278461E-15,11.616393197341));
#10664 = VECTOR('',#10665,1.);
#10665 = DIRECTION('',(-1.167297238809E-16,-1.));
#10666 = ( GEOMETRIC_REPRESENTATION_CONTEXT(2) 
PARAMETRIC_REPRESENTATION_CONTEXT() REPRESENTATION_CONTEXT('2D SPACE',''
  ) );
#10667 = ORIENTED_EDGE('',*,*,#10487,.T.);
#10668 = ORIENTED_EDGE('',*,*,#10669,.T.);
#10669 = EDGE_CURVE('',#10490,#10602,#10670,.T.);
#10670 = SURFACE_CURVE('',#10671,(#10694,#10700),.PCURVE_S1.);
#10671 = B_SPLINE_CURVE_WITH_KNOTS('',3,(#10672,#10673,#10674,#10675,
    #10676,#10677,#10678,#10679,#10680,#10681,#10682,#10683,#10684,
    #10685,#10686,#10687,#10688,#10689,#10690,#10691,#10692,#10693),
  .UNSPECIFIED.,.F.,.F.,(4,3,3,3,3,3,3,4),(51.380969066441,
    51.917853678254,52.916273941297,53.914694204341,54.913114467384,
    55.911534730427,56.909954993471,57.66415437362),.UNSPECIFIED.);
#10672 = CARTESIAN_POINT('',(0.965196967263,-5.19902264602E-03,
    11.57101408311));
#10673 = CARTESIAN_POINT('',(0.964877721025,0.168464404237,
    11.582407128422));
#10674 = CARTESIAN_POINT('',(0.920186667217,0.342281041894,
    11.593800173734));
#10675 = CARTESIAN_POINT('',(0.83210309485,0.490270190385,
    11.605193219046));
#10676 = CARTESIAN_POINT('',(0.668298020989,0.765478980715,
    11.626380355066));
#10677 = CARTESIAN_POINT('',(0.35442784157,0.951368113722,
    11.647567491085));
#10678 = CARTESIAN_POINT('',(3.436073935721E-02,0.962732800096,
    11.668754627105));
#10679 = CARTESIAN_POINT('',(-0.285706362855,0.974097486469,
    11.689941763124));
#10680 = CARTESIAN_POINT('',(-0.611970387861,0.81093772621,
    11.711128899144));
#10681 = CARTESIAN_POINT('',(-0.794881619706,0.548038917116,
    11.732316035163));
#10682 = CARTESIAN_POINT('',(-0.977792851551,0.285140108022,
    11.753503171183));
#10683 = CARTESIAN_POINT('',(-1.017351290235,-7.749774990757E-02,
    11.774690307203));
#10684 = CARTESIAN_POINT('',(-0.895425297769,-0.37364887221,
    11.795877443222));
#10685 = CARTESIAN_POINT('',(-0.773499305302,-0.669799994513,
    11.817064579242));
#10686 = CARTESIAN_POINT('',(-0.490088881685,-0.899464381189,
    11.838251715261));
#10687 = CARTESIAN_POINT('',(-0.175099207011,-0.957378272664,
    11.859438851281));
#10688 = CARTESIAN_POINT('',(0.139890467664,-1.01529216414,11.8806259873
    ));
#10689 = CARTESIAN_POINT('',(0.486459393396,-0.901455560414,
    11.90181312332));
#10690 = CARTESIAN_POINT('',(0.705748432122,-0.668033680774,
    11.923000259339));
#10691 = CARTESIAN_POINT('',(0.871397771587,-0.491708496426,
    11.939004867263));
#10692 = CARTESIAN_POINT('',(0.964418899419,-0.247145785069,
    11.955009475187));
#10693 = CARTESIAN_POINT('',(0.966635235605,-4.10272182374E-03,
    11.97101408311));
#10694 = PCURVE('',#10505,#10695);
#10695 = DEFINITIONAL_REPRESENTATION('',(#10696),#10699);
#10696 = B_SPLINE_CURVE_WITH_KNOTS('',1,(#10697,#10698),.UNSPECIFIED.,
  .F.,.F.,(2,2),(51.380969066441,57.66415437362),
  .PIECEWISE_BEZIER_KNOTS.);
#10697 = CARTESIAN_POINT('',(-3.141798852583,3.27101408311));
#10698 = CARTESIAN_POINT('',(3.142520902308,3.67101408311));
#10699 = ( GEOMETRIC_REPRESENTATION_CONTEXT(2) 
PARAMETRIC_REPRESENTATION_CONTEXT() REPRESENTATION_CONTEXT('2D SPACE',''
  ) );
#10700 = PCURVE('',#9411,#10701);
#10701 = DEFINITIONAL_REPRESENTATION('',(#10702),#10706);
#10702 = LINE('',#10703,#10704);
#10703 = CARTESIAN_POINT('',(2.629830476156E-02,8.309291351765));
#10704 = VECTOR('',#10705,1.);
#10705 = DIRECTION('',(4.373262687012E-16,1.));
#10706 = ( GEOMETRIC_REPRESENTATION_CONTEXT(2) 
PARAMETRIC_REPRESENTATION_CONTEXT() REPRESENTATION_CONTEXT('2D SPACE',''
  ) );
#10707 = ADVANCED_FACE('',(#10708),#10722,.T.);
#10708 = FACE_BOUND('',#10709,.T.);
#10709 = EDGE_LOOP('',(#10710,#10745,#10770,#10799));
#10710 = ORIENTED_EDGE('',*,*,#10711,.F.);
#10711 = EDGE_CURVE('',#10712,#10714,#10716,.T.);
#10712 = VERTEX_POINT('',#10713);
#10713 = CARTESIAN_POINT('',(0.738755314612,-4.2801836959E-03,
    12.160477440698));
#10714 = VERTEX_POINT('',#10715);
#10715 = CARTESIAN_POINT('',(0.740094620748,-5.07643907774E-03,
    12.239522559302));
#10716 = SURFACE_CURVE('',#10717,(#10721,#10733),.PCURVE_S1.);
#10717 = LINE('',#10718,#10719);
#10718 = CARTESIAN_POINT('',(0.739,-4.99999999996E-03,7.560477440698));
#10719 = VECTOR('',#10720,1.);
#10720 = DIRECTION('',(0.,0.,1.));
#10721 = PCURVE('',#10722,#10727);
#10722 = CYLINDRICAL_SURFACE('',#10723,0.739);
#10723 = AXIS2_PLACEMENT_3D('',#10724,#10725,#10726);
#10724 = CARTESIAN_POINT('',(0.,-5.E-03,7.560477440698));
#10725 = DIRECTION('',(0.,0.,1.));
#10726 = DIRECTION('',(0.457219061983,0.889354107968,0.));
#10727 = DEFINITIONAL_REPRESENTATION('',(#10728),#10732);
#10728 = LINE('',#10729,#10730);
#10729 = CARTESIAN_POINT('',(5.187254737663,0.));
#10730 = VECTOR('',#10731,1.);
#10731 = DIRECTION('',(0.,1.));
#10732 = ( GEOMETRIC_REPRESENTATION_CONTEXT(2) 
PARAMETRIC_REPRESENTATION_CONTEXT() REPRESENTATION_CONTEXT('2D SPACE',''
  ) );
#10733 = PCURVE('',#10734,#10739);
#10734 = CYLINDRICAL_SURFACE('',#10735,0.739);
#10735 = AXIS2_PLACEMENT_3D('',#10736,#10737,#10738);
#10736 = CARTESIAN_POINT('',(0.,-5.E-03,7.560477440698));
#10737 = DIRECTION('',(0.,0.,1.));
#10738 = DIRECTION('',(-1.,-4.694786132549E-14,0.));
#10739 = DEFINITIONAL_REPRESENTATION('',(#10740),#10744);
#10740 = LINE('',#10741,#10742);
#10741 = CARTESIAN_POINT('',(9.424777960769,0.));
#10742 = VECTOR('',#10743,1.);
#10743 = DIRECTION('',(0.,1.));
#10744 = ( GEOMETRIC_REPRESENTATION_CONTEXT(2) 
PARAMETRIC_REPRESENTATION_CONTEXT() REPRESENTATION_CONTEXT('2D SPACE',''
  ) );
#10745 = ORIENTED_EDGE('',*,*,#10746,.T.);
#10746 = EDGE_CURVE('',#10712,#10747,#10749,.T.);
#10747 = VERTEX_POINT('',#10748);
#10748 = CARTESIAN_POINT('',(-0.430797764195,0.596950394134,12.3));
#10749 = SURFACE_CURVE('',#10750,(#10757,#10763),.PCURVE_S1.);
#10750 = B_SPLINE_CURVE_WITH_KNOTS('',3,(#10751,#10752,#10753,#10754,
    #10755,#10756),.UNSPECIFIED.,.F.,.F.,(4,1,1,4),(72.256631032565,
    72.520029242986,73.518449506029,74.448246269137),.UNSPECIFIED.);
#10751 = CARTESIAN_POINT('',(0.738755314612,-4.2801836959E-03,
    12.160477440698));
#10752 = CARTESIAN_POINT('',(0.739330858575,6.063850175953E-02,
    12.166066924323));
#10753 = CARTESIAN_POINT('',(0.701749368976,0.370954111299,
    12.192843543968));
#10754 = CARTESIAN_POINT('',(0.279027444615,0.813194613417,
    12.239351063735));
#10755 = CARTESIAN_POINT('',(-0.244595760605,0.728776409299,
    12.280269099877));
#10756 = CARTESIAN_POINT('',(-0.430804865692,0.596956922022,12.3));
#10757 = PCURVE('',#10722,#10758);
#10758 = DEFINITIONAL_REPRESENTATION('',(#10759),#10762);
#10759 = B_SPLINE_CURVE_WITH_KNOTS('',1,(#10760,#10761),.UNSPECIFIED.,
  .F.,.F.,(2,2),(72.256631032565,74.448243539375),
  .PIECEWISE_BEZIER_KNOTS.);
#10760 = CARTESIAN_POINT('',(5.188229100977,4.6));
#10761 = CARTESIAN_POINT('',(7.379216445007,4.73952238552));
#10762 = ( GEOMETRIC_REPRESENTATION_CONTEXT(2) 
PARAMETRIC_REPRESENTATION_CONTEXT() REPRESENTATION_CONTEXT('2D SPACE',''
  ) );
#10763 = PCURVE('',#9081,#10764);
#10764 = DEFINITIONAL_REPRESENTATION('',(#10765),#10769);
#10765 = LINE('',#10766,#10767);
#10766 = CARTESIAN_POINT('',(2.629830476161E-02,-5.684341886081E-14));
#10767 = VECTOR('',#10768,1.);
#10768 = DIRECTION('',(-3.308588588107E-16,1.));
#10769 = ( GEOMETRIC_REPRESENTATION_CONTEXT(2) 
PARAMETRIC_REPRESENTATION_CONTEXT() REPRESENTATION_CONTEXT('2D SPACE',''
  ) );
#10770 = ORIENTED_EDGE('',*,*,#10771,.F.);
#10771 = EDGE_CURVE('',#10772,#10747,#10774,.T.);
#10772 = VERTEX_POINT('',#10773);
#10773 = CARTESIAN_POINT('',(0.429877377952,0.596104350279,12.3));
#10774 = SURFACE_CURVE('',#10775,(#10780,#10787),.PCURVE_S1.);
#10775 = CIRCLE('',#10776,0.739);
#10776 = AXIS2_PLACEMENT_3D('',#10777,#10778,#10779);
#10777 = CARTESIAN_POINT('',(0.,-5.E-03,12.3));
#10778 = DIRECTION('',(0.,0.,1.));
#10779 = DIRECTION('',(-1.,-4.694786132549E-14,0.));
#10780 = PCURVE('',#10722,#10781);
#10781 = DEFINITIONAL_REPRESENTATION('',(#10782),#10786);
#10782 = LINE('',#10783,#10784);
#10783 = CARTESIAN_POINT('',(2.045662084074,4.739522559302));
#10784 = VECTOR('',#10785,1.);
#10785 = DIRECTION('',(1.,0.));
#10786 = ( GEOMETRIC_REPRESENTATION_CONTEXT(2) 
PARAMETRIC_REPRESENTATION_CONTEXT() REPRESENTATION_CONTEXT('2D SPACE',''
  ) );
#10787 = PCURVE('',#10788,#10793);
#10788 = PLANE('',#10789);
#10789 = AXIS2_PLACEMENT_3D('',#10790,#10791,#10792);
#10790 = CARTESIAN_POINT('',(0.,-5.E-03,12.3));
#10791 = DIRECTION('',(0.,0.,1.));
#10792 = DIRECTION('',(-1.,0.,0.));
#10793 = DEFINITIONAL_REPRESENTATION('',(#10794),#10798);
#10794 = CIRCLE('',#10795,0.739);
#10795 = AXIS2_PLACEMENT_2D('',#10796,#10797);
#10796 = CARTESIAN_POINT('',(0.,0.));
#10797 = DIRECTION('',(1.,4.694786132549E-14));
#10798 = ( GEOMETRIC_REPRESENTATION_CONTEXT(2) 
PARAMETRIC_REPRESENTATION_CONTEXT() REPRESENTATION_CONTEXT('2D SPACE',''
  ) );
#10799 = ORIENTED_EDGE('',*,*,#10800,.F.);
#10800 = EDGE_CURVE('',#10714,#10772,#10801,.T.);
#10801 = SURFACE_CURVE('',#10802,(#10807,#10813),.PCURVE_S1.);
#10802 = B_SPLINE_CURVE_WITH_KNOTS('',3,(#10803,#10804,#10805,#10806),
  .UNSPECIFIED.,.F.,.F.,(4,4),(72.256631032565,73.206608449583),
  .PIECEWISE_BEZIER_KNOTS.);
#10803 = CARTESIAN_POINT('',(0.740094620748,-5.07643907774E-03,
    12.239522559302));
#10804 = CARTESIAN_POINT('',(0.739248189559,0.227448081202,
    12.259681706202));
#10805 = CARTESIAN_POINT('',(0.620222563965,0.459979749899,
    12.279840853101));
#10806 = CARTESIAN_POINT('',(0.429877377952,0.596104350279,12.3));
#10807 = PCURVE('',#10722,#10808);
#10808 = DEFINITIONAL_REPRESENTATION('',(#10809),#10812);
#10809 = B_SPLINE_CURVE_WITH_KNOTS('',1,(#10810,#10811),.UNSPECIFIED.,
  .F.,.F.,(2,2),(72.256631032565,73.206608449583),
  .PIECEWISE_BEZIER_KNOTS.);
#10810 = CARTESIAN_POINT('',(5.187151454819,4.679045118605));
#10811 = CARTESIAN_POINT('',(6.137232154681,4.739522559302));
#10812 = ( GEOMETRIC_REPRESENTATION_CONTEXT(2) 
PARAMETRIC_REPRESENTATION_CONTEXT() REPRESENTATION_CONTEXT('2D SPACE',''
  ) );
#10813 = PCURVE('',#9411,#10814);
#10814 = DEFINITIONAL_REPRESENTATION('',(#10815),#10819);
#10815 = LINE('',#10816,#10817);
#10816 = CARTESIAN_POINT('',(6.394974773693E-14,-2.84217094304E-14));
#10817 = VECTOR('',#10818,1.);
#10818 = DIRECTION('',(-8.732184184756E-16,1.));
#10819 = ( GEOMETRIC_REPRESENTATION_CONTEXT(2) 
PARAMETRIC_REPRESENTATION_CONTEXT() REPRESENTATION_CONTEXT('2D SPACE',''
  ) );
#10820 = ADVANCED_FACE('',(#10821),#10734,.T.);
#10821 = FACE_BOUND('',#10822,.T.);
#10822 = EDGE_LOOP('',(#10823,#10853,#10880,#10881));
#10823 = ORIENTED_EDGE('',*,*,#10824,.F.);
#10824 = EDGE_CURVE('',#10825,#10827,#10829,.T.);
#10825 = VERTEX_POINT('',#10826);
#10826 = CARTESIAN_POINT('',(0.737848945962,-5.22678901326E-03,
    11.760477440698));
#10827 = VERTEX_POINT('',#10828);
#10828 = CARTESIAN_POINT('',(0.738912272162,-4.31410543337E-03,
    11.839522559302));
#10829 = SURFACE_CURVE('',#10830,(#10834,#10841),.PCURVE_S1.);
#10830 = LINE('',#10831,#10832);
#10831 = CARTESIAN_POINT('',(0.739,-4.99999999996E-03,7.560477440698));
#10832 = VECTOR('',#10833,1.);
#10833 = DIRECTION('',(0.,0.,1.));
#10834 = PCURVE('',#10734,#10835);
#10835 = DEFINITIONAL_REPRESENTATION('',(#10836),#10840);
#10836 = LINE('',#10837,#10838);
#10837 = CARTESIAN_POINT('',(3.14159265359,0.));
#10838 = VECTOR('',#10839,1.);
#10839 = DIRECTION('',(0.,1.));
#10840 = ( GEOMETRIC_REPRESENTATION_CONTEXT(2) 
PARAMETRIC_REPRESENTATION_CONTEXT() REPRESENTATION_CONTEXT('2D SPACE',''
  ) );
#10841 = PCURVE('',#10842,#10847);
#10842 = CYLINDRICAL_SURFACE('',#10843,0.739);
#10843 = AXIS2_PLACEMENT_3D('',#10844,#10845,#10846);
#10844 = CARTESIAN_POINT('',(0.,-5.E-03,7.560477440698));
#10845 = DIRECTION('',(0.,0.,1.));
#10846 = DIRECTION('',(-1.,-4.694786132549E-14,0.));
#10847 = DEFINITIONAL_REPRESENTATION('',(#10848),#10852);
#10848 = LINE('',#10849,#10850);
#10849 = CARTESIAN_POINT('',(9.424777960769,0.));
#10850 = VECTOR('',#10851,1.);
#10851 = DIRECTION('',(0.,1.));
#10852 = ( GEOMETRIC_REPRESENTATION_CONTEXT(2) 
PARAMETRIC_REPRESENTATION_CONTEXT() REPRESENTATION_CONTEXT('2D SPACE',''
  ) );
#10853 = ORIENTED_EDGE('',*,*,#10854,.T.);
#10854 = EDGE_CURVE('',#10825,#10712,#10855,.T.);
#10855 = SURFACE_CURVE('',#10856,(#10867,#10873),.PCURVE_S1.);
#10856 = B_SPLINE_CURVE_WITH_KNOTS('',3,(#10857,#10858,#10859,#10860,
    #10861,#10862,#10863,#10864,#10865,#10866),.UNSPECIFIED.,.F.,.F.,(4,
    1,1,1,1,1,1,4),(65.973445725386,66.529507664726,67.527927927769,
    68.526348190812,69.524768453856,70.523188716899,71.521608979942,
    72.256631032565),.UNSPECIFIED.);
#10857 = CARTESIAN_POINT('',(0.737848945962,-5.22678901326E-03,
    11.760477440698));
#10858 = CARTESIAN_POINT('',(0.737470375409,0.132249752585,
    11.772277441539));
#10859 = CARTESIAN_POINT('',(0.634588330434,0.517093946295,11.8052645784
    ));
#10860 = CARTESIAN_POINT('',(1.425541351405E-02,0.868589518842,
    11.859438851281));
#10861 = CARTESIAN_POINT('',(-0.726642934703,0.480159255435,
    11.923000259339));
#10862 = CARTESIAN_POINT('',(-0.801385150727,-0.353075234809,
    11.986561667398));
#10863 = CARTESIAN_POINT('',(-0.141495456906,-0.867138863974,
    12.050123075456));
#10864 = CARTESIAN_POINT('',(0.578721679439,-0.615278046764,
    12.10809499989));
#10865 = CARTESIAN_POINT('',(0.737149238761,-0.18543807904,
    12.144879788303));
#10866 = CARTESIAN_POINT('',(0.738755314612,-4.2801836959E-03,
    12.160477440698));
#10867 = PCURVE('',#10734,#10868);
#10868 = DEFINITIONAL_REPRESENTATION('',(#10869),#10872);
#10869 = B_SPLINE_CURVE_WITH_KNOTS('',1,(#10870,#10871),.UNSPECIFIED.,
  .F.,.F.,(2,2),(65.973445725386,72.256631032565),
  .PIECEWISE_BEZIER_KNOTS.);
#10870 = CARTESIAN_POINT('',(3.141285288502,4.2));
#10871 = CARTESIAN_POINT('',(9.425752324083,4.6));
#10872 = ( GEOMETRIC_REPRESENTATION_CONTEXT(2) 
PARAMETRIC_REPRESENTATION_CONTEXT() REPRESENTATION_CONTEXT('2D SPACE',''
  ) );
#10873 = PCURVE('',#9081,#10874);
#10874 = DEFINITIONAL_REPRESENTATION('',(#10875),#10879);
#10875 = LINE('',#10876,#10877);
#10876 = CARTESIAN_POINT('',(2.629830476159E-02,4.263256414561E-14));
#10877 = VECTOR('',#10878,1.);
#10878 = DIRECTION('',(1.270013154057E-17,1.));
#10879 = ( GEOMETRIC_REPRESENTATION_CONTEXT(2) 
PARAMETRIC_REPRESENTATION_CONTEXT() REPRESENTATION_CONTEXT('2D SPACE',''
  ) );
#10880 = ORIENTED_EDGE('',*,*,#10711,.T.);
#10881 = ORIENTED_EDGE('',*,*,#10882,.F.);
#10882 = EDGE_CURVE('',#10827,#10714,#10883,.T.);
#10883 = SURFACE_CURVE('',#10884,(#10896,#10902),.PCURVE_S1.);
#10884 = B_SPLINE_CURVE_WITH_KNOTS('',3,(#10885,#10886,#10887,#10888,
    #10889,#10890,#10891,#10892,#10893,#10894,#10895),.UNSPECIFIED.,.F.,
  .F.,(4,1,1,1,1,1,1,1,4),(65.973445725386,66.217666608279,
    67.216086871323,68.214507134366,69.21292739741,70.211347660453,
    71.209767923496,72.20818818654,72.256631032565),.UNSPECIFIED.);
#10885 = CARTESIAN_POINT('',(0.738912272162,-4.31410543337E-03,
    11.839522559302));
#10886 = CARTESIAN_POINT('',(0.739460880647,5.584621125303E-02,
    11.844705087398));
#10887 = CARTESIAN_POINT('',(0.705218764033,0.361333291558,
    11.871074751514));
#10888 = CARTESIAN_POINT('',(0.281603226576,0.822045478295,
    11.918631551649));
#10889 = CARTESIAN_POINT('',(-0.542760305886,0.679774252347,
    11.982192959707));
#10890 = CARTESIAN_POINT('',(-0.869498467506,-9.055091892924E-02,
    12.045754367766));
#10891 = CARTESIAN_POINT('',(-0.399241985791,-0.781881798502,
    12.109315775824));
#10892 = CARTESIAN_POINT('',(0.437220857437,-0.762110823,12.172877183883
    ));
#10893 = CARTESIAN_POINT('',(0.734429531788,-0.27317240178,
    12.216279445042));
#10894 = CARTESIAN_POINT('',(0.740137783391,-1.693372045236E-02,
    12.238494570182));
#10895 = CARTESIAN_POINT('',(0.740094620748,-5.07643907774E-03,
    12.239522559302));
#10896 = PCURVE('',#10734,#10897);
#10897 = DEFINITIONAL_REPRESENTATION('',(#10898),#10901);
#10898 = B_SPLINE_CURVE_WITH_KNOTS('',1,(#10899,#10900),.UNSPECIFIED.,
  .F.,.F.,(2,2),(65.973445725386,72.256631032565),
  .PIECEWISE_BEZIER_KNOTS.);
#10899 = CARTESIAN_POINT('',(3.142520902308,4.279045118605));
#10900 = CARTESIAN_POINT('',(9.424674677925,4.679045118605));
#10901 = ( GEOMETRIC_REPRESENTATION_CONTEXT(2) 
PARAMETRIC_REPRESENTATION_CONTEXT() REPRESENTATION_CONTEXT('2D SPACE',''
  ) );
#10902 = PCURVE('',#9411,#10903);
#10903 = DEFINITIONAL_REPRESENTATION('',(#10904),#10908);
#10904 = LINE('',#10905,#10906);
#10905 = CARTESIAN_POINT('',(6.100316848011E-15,4.263256414561E-14));
#10906 = VECTOR('',#10907,1.);
#10907 = DIRECTION('',(-7.198816352274E-17,1.));
#10908 = ( GEOMETRIC_REPRESENTATION_CONTEXT(2) 
PARAMETRIC_REPRESENTATION_CONTEXT() REPRESENTATION_CONTEXT('2D SPACE',''
  ) );
#10909 = ADVANCED_FACE('',(#10910),#10842,.T.);
#10910 = FACE_BOUND('',#10911,.T.);
#10911 = EDGE_LOOP('',(#10912,#10942,#10969,#10970));
#10912 = ORIENTED_EDGE('',*,*,#10913,.F.);
#10913 = EDGE_CURVE('',#10914,#10916,#10918,.T.);
#10914 = VERTEX_POINT('',#10915);
#10915 = CARTESIAN_POINT('',(0.73960768531,-5.56870489106E-03,
    11.360477440698));
#10916 = VERTEX_POINT('',#10917);
#10917 = CARTESIAN_POINT('',(0.737812835591,-5.15213626624E-03,
    11.439522559302));
#10918 = SURFACE_CURVE('',#10919,(#10923,#10930),.PCURVE_S1.);
#10919 = LINE('',#10920,#10921);
#10920 = CARTESIAN_POINT('',(0.739,-4.99999999996E-03,7.560477440698));
#10921 = VECTOR('',#10922,1.);
#10922 = DIRECTION('',(0.,0.,1.));
#10923 = PCURVE('',#10842,#10924);
#10924 = DEFINITIONAL_REPRESENTATION('',(#10925),#10929);
#10925 = LINE('',#10926,#10927);
#10926 = CARTESIAN_POINT('',(3.14159265359,0.));
#10927 = VECTOR('',#10928,1.);
#10928 = DIRECTION('',(0.,1.));
#10929 = ( GEOMETRIC_REPRESENTATION_CONTEXT(2) 
PARAMETRIC_REPRESENTATION_CONTEXT() REPRESENTATION_CONTEXT('2D SPACE',''
  ) );
#10930 = PCURVE('',#10931,#10936);
#10931 = CYLINDRICAL_SURFACE('',#10932,0.739);
#10932 = AXIS2_PLACEMENT_3D('',#10933,#10934,#10935);
#10933 = CARTESIAN_POINT('',(0.,-5.E-03,7.560477440698));
#10934 = DIRECTION('',(0.,0.,1.));
#10935 = DIRECTION('',(-1.,-4.694786132549E-14,0.));
#10936 = DEFINITIONAL_REPRESENTATION('',(#10937),#10941);
#10937 = LINE('',#10938,#10939);
#10938 = CARTESIAN_POINT('',(9.424777960769,0.));
#10939 = VECTOR('',#10940,1.);
#10940 = DIRECTION('',(0.,1.));
#10941 = ( GEOMETRIC_REPRESENTATION_CONTEXT(2) 
PARAMETRIC_REPRESENTATION_CONTEXT() REPRESENTATION_CONTEXT('2D SPACE',''
  ) );
#10942 = ORIENTED_EDGE('',*,*,#10943,.T.);
#10943 = EDGE_CURVE('',#10914,#10825,#10944,.T.);
#10944 = SURFACE_CURVE('',#10945,(#10956,#10962),.PCURVE_S1.);
#10945 = B_SPLINE_CURVE_WITH_KNOTS('',3,(#10946,#10947,#10948,#10949,
    #10950,#10951,#10952,#10953,#10954,#10955),.UNSPECIFIED.,.F.,.F.,(4,
    1,1,1,1,1,1,4),(59.690260418206,60.538986086465,61.537406349509,
    62.535826612552,63.534246875595,64.532667138639,65.531087401682,
    65.973445725386),.UNSPECIFIED.);
#10946 = CARTESIAN_POINT('',(0.73960768531,-5.56870489106E-03,
    11.360477440698));
#10947 = CARTESIAN_POINT('',(0.737833569197,0.202996750034,
    11.378487958755));
#10948 = CARTESIAN_POINT('',(0.536696692244,0.659907699621,
    11.417685612832));
#10949 = CARTESIAN_POINT('',(-0.238388348868,0.835561125474,
    11.478070402929));
#10950 = CARTESIAN_POINT('',(-0.835708183134,0.249881012421,
    11.541631810988));
#10951 = CARTESIAN_POINT('',(-0.666902156765,-0.569459061979,
    11.605193219046));
#10952 = CARTESIAN_POINT('',(0.11327792933,-0.871336424289,
    11.668754627105));
#10953 = CARTESIAN_POINT('',(0.664053189713,-0.470411612666,
    11.720516034322));
#10954 = CARTESIAN_POINT('',(0.738150106361,-0.11459211001,
    11.75109030552));
#10955 = CARTESIAN_POINT('',(0.737848945962,-5.22678901326E-03,
    11.760477440698));
#10956 = PCURVE('',#10842,#10957);
#10957 = DEFINITIONAL_REPRESENTATION('',(#10958),#10961);
#10958 = B_SPLINE_CURVE_WITH_KNOTS('',1,(#10959,#10960),.UNSPECIFIED.,
  .F.,.F.,(2,2),(59.690260418206,65.973445725386),
  .PIECEWISE_BEZIER_KNOTS.);
#10959 = CARTESIAN_POINT('',(3.140823725967,3.8));
#10960 = CARTESIAN_POINT('',(9.424470595681,4.2));
#10961 = ( GEOMETRIC_REPRESENTATION_CONTEXT(2) 
PARAMETRIC_REPRESENTATION_CONTEXT() REPRESENTATION_CONTEXT('2D SPACE',''
  ) );
#10962 = PCURVE('',#9081,#10963);
#10963 = DEFINITIONAL_REPRESENTATION('',(#10964),#10968);
#10964 = LINE('',#10965,#10966);
#10965 = CARTESIAN_POINT('',(2.629830476159E-02,-3.552713678801E-14));
#10966 = VECTOR('',#10967,1.);
#10967 = DIRECTION('',(-6.294847807063E-17,1.));
#10968 = ( GEOMETRIC_REPRESENTATION_CONTEXT(2) 
PARAMETRIC_REPRESENTATION_CONTEXT() REPRESENTATION_CONTEXT('2D SPACE',''
  ) );
#10969 = ORIENTED_EDGE('',*,*,#10824,.T.);
#10970 = ORIENTED_EDGE('',*,*,#10971,.F.);
#10971 = EDGE_CURVE('',#10916,#10827,#10972,.T.);
#10972 = SURFACE_CURVE('',#10973,(#10984,#10990),.PCURVE_S1.);
#10973 = B_SPLINE_CURVE_WITH_KNOTS('',3,(#10974,#10975,#10976,#10977,
    #10978,#10979,#10980,#10981,#10982,#10983),.UNSPECIFIED.,.F.,.F.,(4,
    1,1,1,1,1,1,4),(59.690260418206,60.227145030019,61.225565293063,
    62.223985556106,63.222405819149,64.220826082193,65.219246345236,
    65.973445725386),.UNSPECIFIED.);
#10974 = CARTESIAN_POINT('',(0.737812835591,-5.15213626624E-03,
    11.439522559302));
#10975 = CARTESIAN_POINT('',(0.737568798384,0.127599115315,
    11.450915604614));
#10976 = CARTESIAN_POINT('',(0.639875555622,0.507556836871,
    11.483495785946));
#10977 = CARTESIAN_POINT('',(3.10029607746E-02,0.868160698559,
    11.537263103297));
#10978 = CARTESIAN_POINT('',(-0.717202204404,0.493994483411,
    11.600824511356));
#10979 = CARTESIAN_POINT('',(-0.807919616935,-0.337624995285,
    11.664385919414));
#10980 = CARTESIAN_POINT('',(-0.157988498073,-0.864302983659,
    11.727947327473));
#10981 = CARTESIAN_POINT('',(0.571978761435,-0.624532515265,
    11.786326207436));
#10982 = CARTESIAN_POINT('',(0.737218067412,-0.190100320833,
    11.823517951379));
#10983 = CARTESIAN_POINT('',(0.738912272162,-4.31410543337E-03,
    11.839522559302));
#10984 = PCURVE('',#10842,#10985);
#10985 = DEFINITIONAL_REPRESENTATION('',(#10986),#10989);
#10986 = B_SPLINE_CURVE_WITH_KNOTS('',1,(#10987,#10988),.UNSPECIFIED.,
  .F.,.F.,(2,2),(59.690260418206,65.973445725386),
  .PIECEWISE_BEZIER_KNOTS.);
#10987 = CARTESIAN_POINT('',(3.141386454596,3.879045118605));
#10988 = CARTESIAN_POINT('',(9.425706209488,4.279045118605));
#10989 = ( GEOMETRIC_REPRESENTATION_CONTEXT(2) 
PARAMETRIC_REPRESENTATION_CONTEXT() REPRESENTATION_CONTEXT('2D SPACE',''
  ) );
#10990 = PCURVE('',#9411,#10991);
#10991 = DEFINITIONAL_REPRESENTATION('',(#10992),#10996);
#10992 = LINE('',#10993,#10994);
#10993 = CARTESIAN_POINT('',(1.884432612261E-15,3.552713678801E-14));
#10994 = VECTOR('',#10995,1.);
#10995 = DIRECTION('',(-8.654419499707E-18,1.));
#10996 = ( GEOMETRIC_REPRESENTATION_CONTEXT(2) 
PARAMETRIC_REPRESENTATION_CONTEXT() REPRESENTATION_CONTEXT('2D SPACE',''
  ) );
#10997 = ADVANCED_FACE('',(#10998),#10931,.T.);
#10998 = FACE_BOUND('',#10999,.T.);
#10999 = EDGE_LOOP('',(#11000,#11030,#11058,#11059));
#11000 = ORIENTED_EDGE('',*,*,#11001,.F.);
#11001 = EDGE_CURVE('',#11002,#11004,#11006,.T.);
#11002 = VERTEX_POINT('',#11003);
#11003 = CARTESIAN_POINT('',(0.739653211261,-4.44791899585E-03,
    10.960477440698));
#11004 = VERTEX_POINT('',#11005);
#11005 = CARTESIAN_POINT('',(0.739473221564,-5.60992549974E-03,
    11.039522559302));
#11006 = SURFACE_CURVE('',#11007,(#11011,#11018),.PCURVE_S1.);
#11007 = LINE('',#11008,#11009);
#11008 = CARTESIAN_POINT('',(0.739,-4.99999999996E-03,7.560477440698));
#11009 = VECTOR('',#11010,1.);
#11010 = DIRECTION('',(0.,0.,1.));
#11011 = PCURVE('',#10931,#11012);
#11012 = DEFINITIONAL_REPRESENTATION('',(#11013),#11017);
#11013 = LINE('',#11014,#11015);
#11014 = CARTESIAN_POINT('',(3.14159265359,0.));
#11015 = VECTOR('',#11016,1.);
#11016 = DIRECTION('',(0.,1.));
#11017 = ( GEOMETRIC_REPRESENTATION_CONTEXT(2) 
PARAMETRIC_REPRESENTATION_CONTEXT() REPRESENTATION_CONTEXT('2D SPACE',''
  ) );
#11018 = PCURVE('',#11019,#11024);
#11019 = CYLINDRICAL_SURFACE('',#11020,0.739);
#11020 = AXIS2_PLACEMENT_3D('',#11021,#11022,#11023);
#11021 = CARTESIAN_POINT('',(0.,-5.E-03,7.560477440698));
#11022 = DIRECTION('',(0.,0.,1.));
#11023 = DIRECTION('',(-1.,-4.694786132549E-14,0.));
#11024 = DEFINITIONAL_REPRESENTATION('',(#11025),#11029);
#11025 = LINE('',#11026,#11027);
#11026 = CARTESIAN_POINT('',(3.14159265359,0.));
#11027 = VECTOR('',#11028,1.);
#11028 = DIRECTION('',(0.,1.));
#11029 = ( GEOMETRIC_REPRESENTATION_CONTEXT(2) 
PARAMETRIC_REPRESENTATION_CONTEXT() REPRESENTATION_CONTEXT('2D SPACE',''
  ) );
#11030 = ORIENTED_EDGE('',*,*,#11031,.T.);
#11031 = EDGE_CURVE('',#11002,#10914,#11032,.T.);
#11032 = SURFACE_CURVE('',#11033,(#11045,#11051),.PCURVE_S1.);
#11033 = B_SPLINE_CURVE_WITH_KNOTS('',3,(#11034,#11035,#11036,#11037,
    #11038,#11039,#11040,#11041,#11042,#11043,#11044),.UNSPECIFIED.,.F.,
  .F.,(4,1,1,1,1,1,1,1,4),(53.407075111027,53.550044245162,
    54.548464508205,55.546884771249,56.545305034292,57.543725297335,
    58.542145560379,59.540565823422,59.690260418206),.UNSPECIFIED.);
#11034 = CARTESIAN_POINT('',(0.739653211261,-4.44791899585E-03,
    10.960477440698));
#11035 = CARTESIAN_POINT('',(0.739946041331,3.067962024068E-02,
    10.963511339952));
#11036 = CARTESIAN_POINT('',(0.721698692051,0.310813535368,
    10.987732375226));
#11037 = CARTESIAN_POINT('',(0.363753856021,0.789389935715,
    11.033140546519));
#11038 = CARTESIAN_POINT('',(-0.470756864677,0.731043616846,
    11.096701954578));
#11039 = CARTESIAN_POINT('',(-0.873706819782,-2.06194378827E-03,
    11.160263362636));
#11040 = CARTESIAN_POINT('',(-0.475696410775,-0.73786094922,
    11.223824770695));
#11041 = CARTESIAN_POINT('',(0.358403025548,-0.801818345132,
    11.287386178753));
#11042 = CARTESIAN_POINT('',(0.720693519526,-0.324163557473,
    11.332937068754));
#11043 = CARTESIAN_POINT('',(0.739920596304,-4.235458568679E-02,
    11.357300822736));
#11044 = CARTESIAN_POINT('',(0.73960768531,-5.56870489106E-03,
    11.360477440698));
#11045 = PCURVE('',#10931,#11046);
#11046 = DEFINITIONAL_REPRESENTATION('',(#11047),#11050);
#11047 = B_SPLINE_CURVE_WITH_KNOTS('',1,(#11048,#11049),.UNSPECIFIED.,
  .F.,.F.,(2,2),(53.407075111027,59.690260418206),
  .PIECEWISE_BEZIER_KNOTS.);
#11048 = CARTESIAN_POINT('',(3.142339058653,3.4));
#11049 = CARTESIAN_POINT('',(9.424009033147,3.8));
#11050 = ( GEOMETRIC_REPRESENTATION_CONTEXT(2) 
PARAMETRIC_REPRESENTATION_CONTEXT() REPRESENTATION_CONTEXT('2D SPACE',''
  ) );
#11051 = PCURVE('',#9081,#11052);
#11052 = DEFINITIONAL_REPRESENTATION('',(#11053),#11057);
#11053 = LINE('',#11054,#11055);
#11054 = CARTESIAN_POINT('',(2.629830476159E-02,-2.84217094304E-14));
#11055 = VECTOR('',#11056,1.);
#11056 = DIRECTION('',(5.521796321985E-18,1.));
#11057 = ( GEOMETRIC_REPRESENTATION_CONTEXT(2) 
PARAMETRIC_REPRESENTATION_CONTEXT() REPRESENTATION_CONTEXT('2D SPACE',''
  ) );
#11058 = ORIENTED_EDGE('',*,*,#10913,.T.);
#11059 = ORIENTED_EDGE('',*,*,#11060,.F.);
#11060 = EDGE_CURVE('',#11004,#10916,#11061,.T.);
#11061 = SURFACE_CURVE('',#11062,(#11073,#11079),.PCURVE_S1.);
#11062 = B_SPLINE_CURVE_WITH_KNOTS('',3,(#11063,#11064,#11065,#11066,
    #11067,#11068,#11069,#11070,#11071,#11072),.UNSPECIFIED.,.F.,.F.,(4,
    1,1,1,1,1,1,4),(53.407075111026,54.236623451759,55.235043714803,
    56.233463977846,57.231884240889,58.230304503933,59.228724766976,
    59.690260418206),.UNSPECIFIED.);
#11063 = CARTESIAN_POINT('',(0.739473221564,-5.60992549974E-03,
    11.039522559302));
#11064 = CARTESIAN_POINT('',(0.737659506514,0.19833914253,
    11.057126121831));
#11065 = CARTESIAN_POINT('',(0.544148502177,0.650777399249,
    11.095916820378));
#11066 = CARTESIAN_POINT('',(-0.222225839126,0.839978091941,
    11.155894654946));
#11067 = CARTESIAN_POINT('',(-0.830666853882,0.265859629761,
    11.219456063004));
#11068 = CARTESIAN_POINT('',(-0.677603865388,-0.556566305169,
    11.283017471063));
#11069 = CARTESIAN_POINT('',(9.664438051384E-02,-0.873350142769,
    11.346578879121));
#11070 = CARTESIAN_POINT('',(0.659395863309,-0.479990520587,
    11.398747241868));
#11071 = CARTESIAN_POINT('',(0.738022623445,-0.119272440708,
    11.429728468595));
#11072 = CARTESIAN_POINT('',(0.737812835591,-5.15213626624E-03,
    11.439522559302));
#11073 = PCURVE('',#10931,#11074);
#11074 = DEFINITIONAL_REPRESENTATION('',(#11075),#11078);
#11075 = B_SPLINE_CURVE_WITH_KNOTS('',1,(#11076,#11077),.UNSPECIFIED.,
  .F.,.F.,(2,2),(53.407075111026,59.690260418206),
  .PIECEWISE_BEZIER_KNOTS.);
#11076 = CARTESIAN_POINT('',(3.140767842976,3.479045118605));
#11077 = CARTESIAN_POINT('',(9.424571761776,3.879045118605));
#11078 = ( GEOMETRIC_REPRESENTATION_CONTEXT(2) 
PARAMETRIC_REPRESENTATION_CONTEXT() REPRESENTATION_CONTEXT('2D SPACE',''
  ) );
#11079 = PCURVE('',#9411,#11080);
#11080 = DEFINITIONAL_REPRESENTATION('',(#11081),#11085);
#11081 = LINE('',#11082,#11083);
#11082 = CARTESIAN_POINT('',(6.182657012874E-15,5.684341886081E-14));
#11083 = VECTOR('',#11084,1.);
#11084 = DIRECTION('',(-8.037999408449E-17,1.));
#11085 = ( GEOMETRIC_REPRESENTATION_CONTEXT(2) 
PARAMETRIC_REPRESENTATION_CONTEXT() REPRESENTATION_CONTEXT('2D SPACE',''
  ) );
#11086 = ADVANCED_FACE('',(#11087),#11019,.T.);
#11087 = FACE_BOUND('',#11088,.T.);
#11088 = EDGE_LOOP('',(#11089,#11119,#11146,#11147));
#11089 = ORIENTED_EDGE('',*,*,#11090,.F.);
#11090 = EDGE_CURVE('',#11091,#11093,#11095,.T.);
#11091 = VERTEX_POINT('',#11092);
#11092 = CARTESIAN_POINT('',(0.737865256057,-4.74705054027E-03,
    10.560477440698));
#11093 = VERTEX_POINT('',#11094);
#11094 = CARTESIAN_POINT('',(0.739777194023,-4.50120417174E-03,
    10.639522559302));
#11095 = SURFACE_CURVE('',#11096,(#11100,#11107),.PCURVE_S1.);
#11096 = LINE('',#11097,#11098);
#11097 = CARTESIAN_POINT('',(0.739,-4.99999999996E-03,7.560477440698));
#11098 = VECTOR('',#11099,1.);
#11099 = DIRECTION('',(0.,0.,1.));
#11100 = PCURVE('',#11019,#11101);
#11101 = DEFINITIONAL_REPRESENTATION('',(#11102),#11106);
#11102 = LINE('',#11103,#11104);
#11103 = CARTESIAN_POINT('',(-3.14159265359,0.));
#11104 = VECTOR('',#11105,1.);
#11105 = DIRECTION('',(0.,1.));
#11106 = ( GEOMETRIC_REPRESENTATION_CONTEXT(2) 
PARAMETRIC_REPRESENTATION_CONTEXT() REPRESENTATION_CONTEXT('2D SPACE',''
  ) );
#11107 = PCURVE('',#11108,#11113);
#11108 = CYLINDRICAL_SURFACE('',#11109,0.739);
#11109 = AXIS2_PLACEMENT_3D('',#11110,#11111,#11112);
#11110 = CARTESIAN_POINT('',(0.,-5.E-03,7.560477440698));
#11111 = DIRECTION('',(0.,0.,1.));
#11112 = DIRECTION('',(-1.,-4.694786132549E-14,0.));
#11113 = DEFINITIONAL_REPRESENTATION('',(#11114),#11118);
#11114 = LINE('',#11115,#11116);
#11115 = CARTESIAN_POINT('',(9.424777960769,0.));
#11116 = VECTOR('',#11117,1.);
#11117 = DIRECTION('',(0.,1.));
#11118 = ( GEOMETRIC_REPRESENTATION_CONTEXT(2) 
PARAMETRIC_REPRESENTATION_CONTEXT() REPRESENTATION_CONTEXT('2D SPACE',''
  ) );
#11119 = ORIENTED_EDGE('',*,*,#11120,.T.);
#11120 = EDGE_CURVE('',#11091,#11002,#11121,.T.);
#11121 = SURFACE_CURVE('',#11122,(#11133,#11139),.PCURVE_S1.);
#11122 = B_SPLINE_CURVE_WITH_KNOTS('',3,(#11123,#11124,#11125,#11126,
    #11127,#11128,#11129,#11130,#11131,#11132),.UNSPECIFIED.,.F.,.F.,(4,
    1,1,1,1,1,1,4),(47.123889803847,47.559522666902,48.557942929945,
    49.556363192989,50.554783456032,51.553203719075,52.551623982119,
    53.407075111027),.UNSPECIFIED.);
#11123 = CARTESIAN_POINT('',(0.737865256057,-4.74705054027E-03,
    10.560477440698));
#11124 = CARTESIAN_POINT('',(0.738195620858,0.102949309374,
    10.569721857168));
#11125 = CARTESIAN_POINT('',(0.665656666747,0.457049531147,
    10.600153409658));
#11126 = CARTESIAN_POINT('',(0.119102154968,0.860555840347,
    10.651772098168));
#11127 = CARTESIAN_POINT('',(-0.663091022748,0.563931042836,
    10.715333506226));
#11128 = CARTESIAN_POINT('',(-0.837403374919,-0.254254536004,
    10.778894914285));
#11129 = CARTESIAN_POINT('',(-0.244036121223,-0.843938977427,
    10.842456322343));
#11130 = CARTESIAN_POINT('',(0.534047452547,-0.673099287639,
    10.902983831148));
#11131 = CARTESIAN_POINT('',(0.737901072131,-0.214632398865,
    10.942324203932));
#11132 = CARTESIAN_POINT('',(0.739653211261,-4.44791899585E-03,
    10.960477440698));
#11133 = PCURVE('',#11019,#11134);
#11134 = DEFINITIONAL_REPRESENTATION('',(#11135),#11138);
#11135 = B_SPLINE_CURVE_WITH_KNOTS('',1,(#11136,#11137),.UNSPECIFIED.,
  .F.,.F.,(2,2),(47.123889803847,53.407075111027),
  .PIECEWISE_BEZIER_KNOTS.);
#11136 = CARTESIAN_POINT('',(-3.141249841067,3.));
#11137 = CARTESIAN_POINT('',(3.142339058653,3.4));
#11138 = ( GEOMETRIC_REPRESENTATION_CONTEXT(2) 
PARAMETRIC_REPRESENTATION_CONTEXT() REPRESENTATION_CONTEXT('2D SPACE',''
  ) );
#11139 = PCURVE('',#9081,#11140);
#11140 = DEFINITIONAL_REPRESENTATION('',(#11141),#11145);
#11141 = LINE('',#11142,#11143);
#11142 = CARTESIAN_POINT('',(2.629830476159E-02,-3.552713678801E-14));
#11143 = VECTOR('',#11144,1.);
#11144 = DIRECTION('',(-7.45442503468E-17,1.));
#11145 = ( GEOMETRIC_REPRESENTATION_CONTEXT(2) 
PARAMETRIC_REPRESENTATION_CONTEXT() REPRESENTATION_CONTEXT('2D SPACE',''
  ) );
#11146 = ORIENTED_EDGE('',*,*,#11001,.T.);
#11147 = ORIENTED_EDGE('',*,*,#11148,.F.);
#11148 = EDGE_CURVE('',#11093,#11004,#11149,.T.);
#11149 = SURFACE_CURVE('',#11150,(#11162,#11168),.PCURVE_S1.);
#11150 = B_SPLINE_CURVE_WITH_KNOTS('',3,(#11151,#11152,#11153,#11154,
    #11155,#11156,#11157,#11158,#11159,#11160,#11161),.UNSPECIFIED.,.F.,
  .F.,(4,1,1,1,1,1,1,1,4),(47.123889803847,47.247681610456,
    48.246101873499,49.244522136542,50.242942399586,51.241362662629,
    52.239782925673,53.238203188716,53.407075111026),.UNSPECIFIED.);
#11151 = CARTESIAN_POINT('',(0.739777194023,-4.50120417174E-03,
    10.639522559302));
#11152 = CARTESIAN_POINT('',(0.7400128034,2.590116414726E-02,
    10.642149503027));
#11153 = CARTESIAN_POINT('',(0.724496997451,0.301265887554,
    10.665963582772));
#11154 = CARTESIAN_POINT('',(0.378920335531,0.782268512694,
    10.710964798535));
#11155 = CARTESIAN_POINT('',(-0.456555847237,0.739935627573,
    10.774526206594));
#11156 = CARTESIAN_POINT('',(-0.873489875653,1.469184798328E-02,
    10.838087614653));
#11157 = CARTESIAN_POINT('',(-0.489662426579,-0.728604202016,
    10.901649022711));
#11158 = CARTESIAN_POINT('',(0.343057239897,-0.808544682744,
    10.96521043077));
#11159 = CARTESIAN_POINT('',(0.717758680124,-0.333720446781,
    11.0111682763));
#11160 = CARTESIAN_POINT('',(0.739842441213,-4.712802574835E-02,
    11.035938985811));
#11161 = CARTESIAN_POINT('',(0.739473221564,-5.60992549974E-03,
    11.039522559302));
#11162 = PCURVE('',#11019,#11163);
#11163 = DEFINITIONAL_REPRESENTATION('',(#11164),#11167);
#11164 = B_SPLINE_CURVE_WITH_KNOTS('',1,(#11165,#11166),.UNSPECIFIED.,
  .F.,.F.,(2,2),(47.123889803847,53.407075111026),
  .PIECEWISE_BEZIER_KNOTS.);
#11165 = CARTESIAN_POINT('',(-3.140918402266,3.079045118605));
#11166 = CARTESIAN_POINT('',(3.140767842976,3.479045118605));
#11167 = ( GEOMETRIC_REPRESENTATION_CONTEXT(2) 
PARAMETRIC_REPRESENTATION_CONTEXT() REPRESENTATION_CONTEXT('2D SPACE',''
  ) );
#11168 = PCURVE('',#9411,#11169);
#11169 = DEFINITIONAL_REPRESENTATION('',(#11170),#11174);
#11170 = LINE('',#11171,#11172);
#11171 = CARTESIAN_POINT('',(-6.7352685625E-15,-5.684341886081E-14));
#11172 = VECTOR('',#11173,1.);
#11173 = DIRECTION('',(1.608969188021E-16,1.));
#11174 = ( GEOMETRIC_REPRESENTATION_CONTEXT(2) 
PARAMETRIC_REPRESENTATION_CONTEXT() REPRESENTATION_CONTEXT('2D SPACE',''
  ) );
#11175 = ADVANCED_FACE('',(#11176),#11108,.T.);
#11176 = FACE_BOUND('',#11177,.T.);
#11177 = EDGE_LOOP('',(#11178,#11208,#11235,#11236));
#11178 = ORIENTED_EDGE('',*,*,#11179,.F.);
#11179 = EDGE_CURVE('',#11180,#11182,#11184,.T.);
#11180 = VERTEX_POINT('',#11181);
#11181 = CARTESIAN_POINT('',(0.73872446485,-5.66764800254E-03,
    10.160477440698));
#11182 = VERTEX_POINT('',#11183);
#11183 = CARTESIAN_POINT('',(0.737920741905,-4.67617124299E-03,
    10.239522559302));
#11184 = SURFACE_CURVE('',#11185,(#11189,#11196),.PCURVE_S1.);
#11185 = LINE('',#11186,#11187);
#11186 = CARTESIAN_POINT('',(0.739,-4.99999999996E-03,7.560477440698));
#11187 = VECTOR('',#11188,1.);
#11188 = DIRECTION('',(0.,0.,1.));
#11189 = PCURVE('',#11108,#11190);
#11190 = DEFINITIONAL_REPRESENTATION('',(#11191),#11195);
#11191 = LINE('',#11192,#11193);
#11192 = CARTESIAN_POINT('',(3.14159265359,0.));
#11193 = VECTOR('',#11194,1.);
#11194 = DIRECTION('',(0.,1.));
#11195 = ( GEOMETRIC_REPRESENTATION_CONTEXT(2) 
PARAMETRIC_REPRESENTATION_CONTEXT() REPRESENTATION_CONTEXT('2D SPACE',''
  ) );
#11196 = PCURVE('',#11197,#11202);
#11197 = CYLINDRICAL_SURFACE('',#11198,0.739);
#11198 = AXIS2_PLACEMENT_3D('',#11199,#11200,#11201);
#11199 = CARTESIAN_POINT('',(0.,-5.E-03,7.560477440698));
#11200 = DIRECTION('',(0.,0.,1.));
#11201 = DIRECTION('',(-1.,-4.694786132549E-14,0.));
#11202 = DEFINITIONAL_REPRESENTATION('',(#11203),#11207);
#11203 = LINE('',#11204,#11205);
#11204 = CARTESIAN_POINT('',(9.424777960769,0.));
#11205 = VECTOR('',#11206,1.);
#11206 = DIRECTION('',(0.,1.));
#11207 = ( GEOMETRIC_REPRESENTATION_CONTEXT(2) 
PARAMETRIC_REPRESENTATION_CONTEXT() REPRESENTATION_CONTEXT('2D SPACE',''
  ) );
#11208 = ORIENTED_EDGE('',*,*,#11209,.T.);
#11209 = EDGE_CURVE('',#11180,#11091,#11210,.T.);
#11210 = SURFACE_CURVE('',#11211,(#11222,#11228),.PCURVE_S1.);
#11211 = B_SPLINE_CURVE_WITH_KNOTS('',3,(#11212,#11213,#11214,#11215,
    #11216,#11217,#11218,#11219,#11220,#11221),.UNSPECIFIED.,.F.,.F.,(4,
    1,1,1,1,1,1,4),(40.840704496667,41.569001088642,42.567421351685,
    43.565841614729,44.564261877772,45.562682140815,46.561102403859,
    47.123889803847),.UNSPECIFIED.);
#11212 = CARTESIAN_POINT('',(0.73872446485,-5.66764800254E-03,
    10.160477440698));
#11213 = CARTESIAN_POINT('',(0.737148884609,0.17385368899,
    10.175932374384));
#11214 = CARTESIAN_POINT('',(0.581018113821,0.601935056224,
    10.21257444409));
#11215 = CARTESIAN_POINT('',(-0.135678284978,0.858112761478,
    10.270403649816));
#11216 = CARTESIAN_POINT('',(-0.799034298267,0.348435179664,
    10.333965057875));
#11217 = CARTESIAN_POINT('',(-0.729885101474,-0.485249908565,
    10.397526465933));
#11218 = CARTESIAN_POINT('',(8.37759989702E-03,-0.878671592683,
    10.461087873992));
#11219 = CARTESIAN_POINT('',(0.632703776909,-0.530433231036,
    10.51540486558));
#11220 = CARTESIAN_POINT('',(0.737438462847,-0.143878322592,
    10.548534721149));
#11221 = CARTESIAN_POINT('',(0.737865256057,-4.74705054027E-03,
    10.560477440698));
#11222 = PCURVE('',#11108,#11223);
#11223 = DEFINITIONAL_REPRESENTATION('',(#11224),#11227);
#11224 = B_SPLINE_CURVE_WITH_KNOTS('',1,(#11225,#11226),.UNSPECIFIED.,
  .F.,.F.,(2,2),(40.840704496667,47.123889803847),
  .PIECEWISE_BEZIER_KNOTS.);
#11225 = CARTESIAN_POINT('',(3.140688868955,2.6));
#11226 = CARTESIAN_POINT('',(9.425120773292,3.));
#11227 = ( GEOMETRIC_REPRESENTATION_CONTEXT(2) 
PARAMETRIC_REPRESENTATION_CONTEXT() REPRESENTATION_CONTEXT('2D SPACE',''
  ) );
#11228 = PCURVE('',#9081,#11229);
#11229 = DEFINITIONAL_REPRESENTATION('',(#11230),#11234);
#11230 = LINE('',#11231,#11232);
#11231 = CARTESIAN_POINT('',(2.629830476159E-02,-4.973799150321E-14));
#11232 = VECTOR('',#11233,1.);
#11233 = DIRECTION('',(3.975693351829E-17,1.));
#11234 = ( GEOMETRIC_REPRESENTATION_CONTEXT(2) 
PARAMETRIC_REPRESENTATION_CONTEXT() REPRESENTATION_CONTEXT('2D SPACE',''
  ) );
#11235 = ORIENTED_EDGE('',*,*,#11090,.T.);
#11236 = ORIENTED_EDGE('',*,*,#11237,.F.);
#11237 = EDGE_CURVE('',#11182,#11093,#11238,.T.);
#11238 = SURFACE_CURVE('',#11239,(#11250,#11256),.PCURVE_S1.);
#11239 = B_SPLINE_CURVE_WITH_KNOTS('',3,(#11240,#11241,#11242,#11243,
    #11244,#11245,#11246,#11247,#11248,#11249),.UNSPECIFIED.,.F.,.F.,(4,
    1,1,1,1,1,1,4),(40.840704496667,41.257160032196,42.255580295239,
    43.254000558282,44.252420821326,45.250841084369,46.249261347412,
    47.123889803847),.UNSPECIFIED.);
#11240 = CARTESIAN_POINT('',(0.737920741905,-4.67617124299E-03,
    10.239522559302));
#11241 = CARTESIAN_POINT('',(0.738326806392,9.825988767076E-02,
    10.248360020243));
#11242 = CARTESIAN_POINT('',(0.670147465632,0.44746310432,
    10.278384617204));
#11243 = CARTESIAN_POINT('',(0.13567829346,0.858112815439,
    10.329596350184));
#11244 = CARTESIAN_POINT('',(-0.652059226614,0.57654199888,
    10.393157758243));
#11245 = CARTESIAN_POINT('',(-0.842029189264,-0.238150543446,
    10.456719166301));
#11246 = CARTESIAN_POINT('',(-0.260078885761,-0.839105092125,
    10.52028057436));
#11247 = CARTESIAN_POINT('',(0.526390206029,-0.682169348356,
    10.581215038693));
#11248 = CARTESIAN_POINT('',(0.738112538894,-0.219303598637,
    10.620962367008));
#11249 = CARTESIAN_POINT('',(0.739777194023,-4.50120417174E-03,
    10.639522559302));
#11250 = PCURVE('',#11108,#11251);
#11251 = DEFINITIONAL_REPRESENTATION('',(#11252),#11255);
#11252 = B_SPLINE_CURVE_WITH_KNOTS('',1,(#11253,#11254),.UNSPECIFIED.,
  .F.,.F.,(2,2),(40.840704496667,47.123889803847),
  .PIECEWISE_BEZIER_KNOTS.);
#11253 = CARTESIAN_POINT('',(3.142031493045,2.679045118605));
#11254 = CARTESIAN_POINT('',(9.425452212094,3.079045118605));
#11255 = ( GEOMETRIC_REPRESENTATION_CONTEXT(2) 
PARAMETRIC_REPRESENTATION_CONTEXT() REPRESENTATION_CONTEXT('2D SPACE',''
  ) );
#11256 = PCURVE('',#9411,#11257);
#11257 = DEFINITIONAL_REPRESENTATION('',(#11258),#11262);
#11258 = LINE('',#11259,#11260);
#11259 = CARTESIAN_POINT('',(1.293605142514E-14,-2.13162820728E-14));
#11260 = VECTOR('',#11261,1.);
#11261 = DIRECTION('',(-2.562287189951E-16,1.));
#11262 = ( GEOMETRIC_REPRESENTATION_CONTEXT(2) 
PARAMETRIC_REPRESENTATION_CONTEXT() REPRESENTATION_CONTEXT('2D SPACE',''
  ) );
#11263 = ADVANCED_FACE('',(#11264),#11197,.T.);
#11264 = FACE_BOUND('',#11265,.T.);
#11265 = EDGE_LOOP('',(#11266,#11296,#11324,#11325));
#11266 = ORIENTED_EDGE('',*,*,#11267,.F.);
#11267 = EDGE_CURVE('',#11268,#11270,#11272,.T.);
#11268 = VERTEX_POINT('',#11269);
#11269 = CARTESIAN_POINT('',(0.740199901025,-4.89683047211E-03,
    9.760477440698));
#11270 = VERTEX_POINT('',#11271);
#11271 = CARTESIAN_POINT('',(0.738589927082,-5.6484720351E-03,
    9.839522559302));
#11272 = SURFACE_CURVE('',#11273,(#11277,#11284),.PCURVE_S1.);
#11273 = LINE('',#11274,#11275);
#11274 = CARTESIAN_POINT('',(0.739,-4.99999999996E-03,7.560477440698));
#11275 = VECTOR('',#11276,1.);
#11276 = DIRECTION('',(0.,0.,1.));
#11277 = PCURVE('',#11197,#11278);
#11278 = DEFINITIONAL_REPRESENTATION('',(#11279),#11283);
#11279 = LINE('',#11280,#11281);
#11280 = CARTESIAN_POINT('',(3.14159265359,0.));
#11281 = VECTOR('',#11282,1.);
#11282 = DIRECTION('',(0.,1.));
#11283 = ( GEOMETRIC_REPRESENTATION_CONTEXT(2) 
PARAMETRIC_REPRESENTATION_CONTEXT() REPRESENTATION_CONTEXT('2D SPACE',''
  ) );
#11284 = PCURVE('',#11285,#11290);
#11285 = CYLINDRICAL_SURFACE('',#11286,0.739);
#11286 = AXIS2_PLACEMENT_3D('',#11287,#11288,#11289);
#11287 = CARTESIAN_POINT('',(0.,-5.E-03,7.560477440698));
#11288 = DIRECTION('',(0.,0.,1.));
#11289 = DIRECTION('',(-1.,-4.694786132549E-14,0.));
#11290 = DEFINITIONAL_REPRESENTATION('',(#11291),#11295);
#11291 = LINE('',#11292,#11293);
#11292 = CARTESIAN_POINT('',(3.14159265359,0.));
#11293 = VECTOR('',#11294,1.);
#11294 = DIRECTION('',(0.,1.));
#11295 = ( GEOMETRIC_REPRESENTATION_CONTEXT(2) 
PARAMETRIC_REPRESENTATION_CONTEXT() REPRESENTATION_CONTEXT('2D SPACE',''
  ) );
#11296 = ORIENTED_EDGE('',*,*,#11297,.T.);
#11297 = EDGE_CURVE('',#11268,#11180,#11298,.T.);
#11298 = SURFACE_CURVE('',#11299,(#11311,#11317),.PCURVE_S1.);
#11299 = B_SPLINE_CURVE_WITH_KNOTS('',3,(#11300,#11301,#11302,#11303,
    #11304,#11305,#11306,#11307,#11308,#11309,#11310),.UNSPECIFIED.,.F.,
  .F.,(4,1,1,1,1,1,1,1,4),(34.557519189488,34.580059247338,
    35.578479510382,36.576899773425,37.575320036468,38.573740299512,
    39.572160562555,40.570580825598,40.840704496667),.UNSPECIFIED.);
#11300 = CARTESIAN_POINT('',(0.740199901025,-4.89683047211E-03,
    9.760477440698));
#11301 = CARTESIAN_POINT('',(0.740210698323,6.304870404801E-04,
    9.760955755581));
#11302 = CARTESIAN_POINT('',(0.737649348908,0.250982124636,
    9.782621206484));
#11303 = CARTESIAN_POINT('',(0.456555818693,0.739935580998,
    9.825473793406));
#11304 = CARTESIAN_POINT('',(-0.378920311841,0.782268463475,
    9.889035201465));
#11305 = CARTESIAN_POINT('',(-0.86702574361,0.102882324602,
    9.952596609523));
#11306 = CARTESIAN_POINT('',(-0.560295614627,-0.675403654659,
    10.016158017582));
#11307 = CARTESIAN_POINT('',(0.260078869501,-0.839105039977,
    10.07971942564));
#11308 = CARTESIAN_POINT('',(0.700528136848,-0.384272403786,
    10.127825900012));
#11309 = CARTESIAN_POINT('',(0.73930884424,-7.225173354962E-02,
    10.154745238365));
#11310 = CARTESIAN_POINT('',(0.73872446485,-5.66764800254E-03,
    10.160477440698));
#11311 = PCURVE('',#11197,#11312);
#11312 = DEFINITIONAL_REPRESENTATION('',(#11313),#11316);
#11313 = B_SPLINE_CURVE_WITH_KNOTS('',1,(#11314,#11315),.UNSPECIFIED.,
  .F.,.F.,(2,2),(34.557519189488,40.840704496667),
  .PIECEWISE_BEZIER_KNOTS.);
#11314 = CARTESIAN_POINT('',(3.141732034218,2.2));
#11315 = CARTESIAN_POINT('',(9.423874176134,2.6));
#11316 = ( GEOMETRIC_REPRESENTATION_CONTEXT(2) 
PARAMETRIC_REPRESENTATION_CONTEXT() REPRESENTATION_CONTEXT('2D SPACE',''
  ) );
#11317 = PCURVE('',#9081,#11318);
#11318 = DEFINITIONAL_REPRESENTATION('',(#11319),#11323);
#11319 = LINE('',#11320,#11321);
#11320 = CARTESIAN_POINT('',(2.629830476159E-02,0.));
#11321 = VECTOR('',#11322,1.);
#11322 = DIRECTION('',(5.521796321985E-19,1.));
#11323 = ( GEOMETRIC_REPRESENTATION_CONTEXT(2) 
PARAMETRIC_REPRESENTATION_CONTEXT() REPRESENTATION_CONTEXT('2D SPACE',''
  ) );
#11324 = ORIENTED_EDGE('',*,*,#11179,.T.);
#11325 = ORIENTED_EDGE('',*,*,#11326,.F.);
#11326 = EDGE_CURVE('',#11270,#11182,#11327,.T.);
#11327 = SURFACE_CURVE('',#11328,(#11339,#11345),.PCURVE_S1.);
#11328 = B_SPLINE_CURVE_WITH_KNOTS('',3,(#11329,#11330,#11331,#11332,
    #11333,#11334,#11335,#11336,#11337,#11338),.UNSPECIFIED.,.F.,.F.,(4,
    1,1,1,1,1,1,4),(34.557519189488,35.266638453936,36.265058716979,
    37.263478980022,38.261899243066,39.260319506109,40.258739769152,
    40.840704496667),.UNSPECIFIED.);
#11329 = CARTESIAN_POINT('',(0.738589927082,-5.6484720351E-03,
    9.839522559302));
#11330 = CARTESIAN_POINT('',(0.737120659791,0.169226565088,9.85457053746
    ));
#11331 = CARTESIAN_POINT('',(0.587541955967,0.592580956174,
    9.890805651636));
#11332 = CARTESIAN_POINT('',(-0.119102162414,0.86055589446,
    9.948227901832));
#11333 = CARTESIAN_POINT('',(-0.792109895165,0.363692616503,
    10.011789309891));
#11334 = CARTESIAN_POINT('',(-0.738960282182,-0.47116524198,
    10.07535071795));
#11335 = CARTESIAN_POINT('',(-8.377600420765E-03,-0.878671647304,
    10.138912126008));
#11336 = CARTESIAN_POINT('',(0.627238456375,-0.539950567325,
    10.193636073126));
#11337 = CARTESIAN_POINT('',(0.737353297871,-0.148521432901,
    10.227172884224));
#11338 = CARTESIAN_POINT('',(0.737920741905,-4.67617124299E-03,
    10.239522559302));
#11339 = PCURVE('',#11197,#11340);
#11340 = DEFINITIONAL_REPRESENTATION('',(#11341),#11344);
#11341 = B_SPLINE_CURVE_WITH_KNOTS('',1,(#11342,#11343),.UNSPECIFIED.,
  .F.,.F.,(2,2),(34.557519189488,40.840704496667),
  .PIECEWISE_BEZIER_KNOTS.);
#11342 = CARTESIAN_POINT('',(3.140714667248,2.279045118605));
#11343 = CARTESIAN_POINT('',(9.425216800224,2.679045118605));
#11344 = ( GEOMETRIC_REPRESENTATION_CONTEXT(2) 
PARAMETRIC_REPRESENTATION_CONTEXT() REPRESENTATION_CONTEXT('2D SPACE',''
  ) );
#11345 = PCURVE('',#9411,#11346);
#11346 = DEFINITIONAL_REPRESENTATION('',(#11347),#11351);
#11347 = LINE('',#11348,#11349);
#11348 = CARTESIAN_POINT('',(-1.239400820036E-14,-2.13162820728E-14));
#11349 = VECTOR('',#11350,1.);
#11350 = DIRECTION('',(3.631954922503E-16,1.));
#11351 = ( GEOMETRIC_REPRESENTATION_CONTEXT(2) 
PARAMETRIC_REPRESENTATION_CONTEXT() REPRESENTATION_CONTEXT('2D SPACE',''
  ) );
#11352 = ADVANCED_FACE('',(#11353),#11285,.T.);
#11353 = FACE_BOUND('',#11354,.T.);
#11354 = EDGE_LOOP('',(#11355,#11385,#11412,#11413));
#11355 = ORIENTED_EDGE('',*,*,#11356,.F.);
#11356 = EDGE_CURVE('',#11357,#11359,#11361,.T.);
#11357 = VERTEX_POINT('',#11358);
#11358 = CARTESIAN_POINT('',(0.738418513459,-4.39150626491E-03,
    9.360477440698));
#11359 = VERTEX_POINT('',#11360);
#11360 = CARTESIAN_POINT('',(0.740217404341,-4.98453299263E-03,
    9.439522559302));
#11361 = SURFACE_CURVE('',#11362,(#11366,#11373),.PCURVE_S1.);
#11362 = LINE('',#11363,#11364);
#11363 = CARTESIAN_POINT('',(0.739,-4.99999999996E-03,7.560477440698));
#11364 = VECTOR('',#11365,1.);
#11365 = DIRECTION('',(0.,0.,1.));
#11366 = PCURVE('',#11285,#11367);
#11367 = DEFINITIONAL_REPRESENTATION('',(#11368),#11372);
#11368 = LINE('',#11369,#11370);
#11369 = CARTESIAN_POINT('',(-3.14159265359,0.));
#11370 = VECTOR('',#11371,1.);
#11371 = DIRECTION('',(0.,1.));
#11372 = ( GEOMETRIC_REPRESENTATION_CONTEXT(2) 
PARAMETRIC_REPRESENTATION_CONTEXT() REPRESENTATION_CONTEXT('2D SPACE',''
  ) );
#11373 = PCURVE('',#11374,#11379);
#11374 = CYLINDRICAL_SURFACE('',#11375,0.739);
#11375 = AXIS2_PLACEMENT_3D('',#11376,#11377,#11378);
#11376 = CARTESIAN_POINT('',(0.,-5.E-03,7.560477440698));
#11377 = DIRECTION('',(0.,0.,1.));
#11378 = DIRECTION('',(-1.,-4.694786132549E-14,0.));
#11379 = DEFINITIONAL_REPRESENTATION('',(#11380),#11384);
#11380 = LINE('',#11381,#11382);
#11381 = CARTESIAN_POINT('',(9.424777960769,0.));
#11382 = VECTOR('',#11383,1.);
#11383 = DIRECTION('',(0.,1.));
#11384 = ( GEOMETRIC_REPRESENTATION_CONTEXT(2) 
PARAMETRIC_REPRESENTATION_CONTEXT() REPRESENTATION_CONTEXT('2D SPACE',''
  ) );
#11385 = ORIENTED_EDGE('',*,*,#11386,.T.);
#11386 = EDGE_CURVE('',#11357,#11268,#11387,.T.);
#11387 = SURFACE_CURVE('',#11388,(#11399,#11405),.PCURVE_S1.);
#11388 = B_SPLINE_CURVE_WITH_KNOTS('',3,(#11389,#11390,#11391,#11392,
    #11393,#11394,#11395,#11396,#11397,#11398),.UNSPECIFIED.,.F.,.F.,(4,
    1,1,1,1,1,1,4),(28.274333882308,28.589537669078,29.587957932122,
    30.586378195165,31.584798458208,32.583218721252,33.581638984295,
    34.557519189488),.UNSPECIFIED.);
#11389 = CARTESIAN_POINT('',(0.738418513459,-4.39150626491E-03,
    9.360477440698));
#11390 = CARTESIAN_POINT('',(0.739021196371,7.338613246583E-02,
    9.367166272797));
#11391 = CARTESIAN_POINT('',(0.691881924975,0.396815544894,
    9.395042240916));
#11392 = CARTESIAN_POINT('',(0.22222582523,0.839978039041,9.444105345055
    ));
#11393 = CARTESIAN_POINT('',(-0.589938027283,0.639472939759,
    9.507666753113));
#11394 = CARTESIAN_POINT('',(-0.861283200947,-0.151845111849,
    9.571228161172));
#11395 = CARTESIAN_POINT('',(-0.343057218449,-0.808544632495,
    9.63478956923));
#11396 = CARTESIAN_POINT('',(0.483395980583,-0.72920572809,
    9.697872662406));
#11397 = CARTESIAN_POINT('',(0.739732427997,-0.244204102178,
    9.739768619561));
#11398 = CARTESIAN_POINT('',(0.740199901025,-4.89683047211E-03,
    9.760477440698));
#11399 = PCURVE('',#11285,#11400);
#11400 = DEFINITIONAL_REPRESENTATION('',(#11401),#11404);
#11401 = B_SPLINE_CURVE_WITH_KNOTS('',1,(#11402,#11403),.UNSPECIFIED.,
  .F.,.F.,(2,2),(28.274333882308,34.557519189488),
  .PIECEWISE_BEZIER_KNOTS.);
#11402 = CARTESIAN_POINT('',(-3.140768603832,1.8));
#11403 = CARTESIAN_POINT('',(3.141732034218,2.2));
#11404 = ( GEOMETRIC_REPRESENTATION_CONTEXT(2) 
PARAMETRIC_REPRESENTATION_CONTEXT() REPRESENTATION_CONTEXT('2D SPACE',''
  ) );
#11405 = PCURVE('',#9081,#11406);
#11406 = DEFINITIONAL_REPRESENTATION('',(#11407),#11411);
#11407 = LINE('',#11408,#11409);
#11408 = CARTESIAN_POINT('',(2.629830476159E-02,0.));
#11409 = VECTOR('',#11410,1.);
#11410 = DIRECTION('',(-2.484808344893E-17,1.));
#11411 = ( GEOMETRIC_REPRESENTATION_CONTEXT(2) 
PARAMETRIC_REPRESENTATION_CONTEXT() REPRESENTATION_CONTEXT('2D SPACE',''
  ) );
#11412 = ORIENTED_EDGE('',*,*,#11267,.T.);
#11413 = ORIENTED_EDGE('',*,*,#11414,.F.);
#11414 = EDGE_CURVE('',#11359,#11270,#11415,.T.);
#11415 = SURFACE_CURVE('',#11416,(#11428,#11434),.PCURVE_S1.);
#11416 = B_SPLINE_CURVE_WITH_KNOTS('',3,(#11417,#11418,#11419,#11420,
    #11421,#11422,#11423,#11424,#11425,#11426,#11427),.UNSPECIFIED.,.F.,
  .F.,(4,1,1,1,1,1,1,1,4),(28.274333882308,28.277696612632,
    29.276116875676,30.274537138719,31.272957401762,32.271377664806,
    33.269797927849,34.268218190892,34.557519189488),.UNSPECIFIED.);
#11417 = CARTESIAN_POINT('',(0.740217249731,-4.98453495694E-03,
    9.439522559302));
#11418 = CARTESIAN_POINT('',(0.740217503269,-4.15997144406E-03,
    9.439593918656));
#11419 = CARTESIAN_POINT('',(0.73984259966,0.241483546194,9.460852414029
    ));
#11420 = CARTESIAN_POINT('',(0.470756894111,0.731043662875,
    9.503298045422));
#11421 = CARTESIAN_POINT('',(-0.363753878764,0.789389985374,
    9.566859453481));
#11422 = CARTESIAN_POINT('',(-0.864797601945,0.119488711999,
    9.630420861539));
#11423 = CARTESIAN_POINT('',(-0.573048385997,-0.664536108321,
    9.693982269598));
#11424 = CARTESIAN_POINT('',(0.24403613648,-0.843939029876,
    9.757543677657));
#11425 = CARTESIAN_POINT('',(0.696925450089,-0.393860633642,
    9.806057107558));
#11426 = CARTESIAN_POINT('',(0.739189347399,-7.699263853233E-02,
    9.83338340144));
#11427 = CARTESIAN_POINT('',(0.738589927082,-5.6484720351E-03,
    9.839522559302));
#11428 = PCURVE('',#11285,#11429);
#11429 = DEFINITIONAL_REPRESENTATION('',(#11430),#11433);
#11430 = B_SPLINE_CURVE_WITH_KNOTS('',1,(#11431,#11432),.UNSPECIFIED.,
  .F.,.F.,(2,2),(28.274333885023,34.557519189488),
  .PIECEWISE_BEZIER_KNOTS.);
#11431 = CARTESIAN_POINT('',(-3.141571758319,1.879045118778));
#11432 = CARTESIAN_POINT('',(3.140714667248,2.279045118605));
#11433 = ( GEOMETRIC_REPRESENTATION_CONTEXT(2) 
PARAMETRIC_REPRESENTATION_CONTEXT() REPRESENTATION_CONTEXT('2D SPACE',''
  ) );
#11434 = PCURVE('',#9411,#11435);
#11435 = DEFINITIONAL_REPRESENTATION('',(#11436),#11440);
#11436 = LINE('',#11437,#11438);
#11437 = CARTESIAN_POINT('',(2.378180560556E-16,-2.84217094304E-14));
#11438 = VECTOR('',#11439,1.);
#11439 = DIRECTION('',(-2.033389744551E-18,1.));
#11440 = ( GEOMETRIC_REPRESENTATION_CONTEXT(2) 
PARAMETRIC_REPRESENTATION_CONTEXT() REPRESENTATION_CONTEXT('2D SPACE',''
  ) );
#11441 = ADVANCED_FACE('',(#11442),#11374,.T.);
#11442 = FACE_BOUND('',#11443,.T.);
#11443 = EDGE_LOOP('',(#11444,#11474,#11501,#11502));
#11444 = ORIENTED_EDGE('',*,*,#11445,.F.);
#11445 = EDGE_CURVE('',#11446,#11448,#11450,.T.);
#11446 = VERTEX_POINT('',#11447);
#11447 = CARTESIAN_POINT('',(0.738016764303,-5.41359394453E-03,
    8.960477440698));
#11448 = VERTEX_POINT('',#11449);
#11449 = CARTESIAN_POINT('',(0.738544158172,-4.36040884353E-03,
    9.039522559302));
#11450 = SURFACE_CURVE('',#11451,(#11455,#11462),.PCURVE_S1.);
#11451 = LINE('',#11452,#11453);
#11452 = CARTESIAN_POINT('',(0.739,-4.99999999996E-03,7.560477440698));
#11453 = VECTOR('',#11454,1.);
#11454 = DIRECTION('',(0.,0.,1.));
#11455 = PCURVE('',#11374,#11456);
#11456 = DEFINITIONAL_REPRESENTATION('',(#11457),#11461);
#11457 = LINE('',#11458,#11459);
#11458 = CARTESIAN_POINT('',(3.14159265359,0.));
#11459 = VECTOR('',#11460,1.);
#11460 = DIRECTION('',(0.,1.));
#11461 = ( GEOMETRIC_REPRESENTATION_CONTEXT(2) 
PARAMETRIC_REPRESENTATION_CONTEXT() REPRESENTATION_CONTEXT('2D SPACE',''
  ) );
#11462 = PCURVE('',#11463,#11468);
#11463 = CYLINDRICAL_SURFACE('',#11464,0.739);
#11464 = AXIS2_PLACEMENT_3D('',#11465,#11466,#11467);
#11465 = CARTESIAN_POINT('',(0.,-5.E-03,7.560477440698));
#11466 = DIRECTION('',(0.,0.,1.));
#11467 = DIRECTION('',(-1.,-4.694786132549E-14,0.));
#11468 = DEFINITIONAL_REPRESENTATION('',(#11469),#11473);
#11469 = LINE('',#11470,#11471);
#11470 = CARTESIAN_POINT('',(9.424777960769,0.));
#11471 = VECTOR('',#11472,1.);
#11472 = DIRECTION('',(0.,1.));
#11473 = ( GEOMETRIC_REPRESENTATION_CONTEXT(2) 
PARAMETRIC_REPRESENTATION_CONTEXT() REPRESENTATION_CONTEXT('2D SPACE',''
  ) );
#11474 = ORIENTED_EDGE('',*,*,#11475,.T.);
#11475 = EDGE_CURVE('',#11446,#11357,#11476,.T.);
#11476 = SURFACE_CURVE('',#11477,(#11488,#11494),.PCURVE_S1.);
#11477 = B_SPLINE_CURVE_WITH_KNOTS('',3,(#11478,#11479,#11480,#11481,
    #11482,#11483,#11484,#11485,#11486,#11487),.UNSPECIFIED.,.F.,.F.,(4,
    1,1,1,1,1,1,4),(21.991148575128,22.599016090818,23.597436353862,
    24.595856616905,25.594276879948,26.592697142992,27.591117406035,
    28.274333882308),.UNSPECIFIED.);
#11478 = CARTESIAN_POINT('',(0.738016764303,-5.41359394453E-03,
    8.960477440698));
#11479 = CARTESIAN_POINT('',(0.737255576692,0.144785435095,
    8.973376790013));
#11480 = CARTESIAN_POINT('',(0.619643520888,0.542782072015,
    9.007463275348));
#11481 = CARTESIAN_POINT('',(-3.10029587658E-02,0.868160641504,
    9.062736896703));
#11482 = CARTESIAN_POINT('',(-0.750785885433,0.441870309578,
    9.126298304762));
#11483 = CARTESIAN_POINT('',(-0.782295073746,-0.394084714994,
    9.18985971282));
#11484 = CARTESIAN_POINT('',(-9.664437446695E-02,-0.873350088051,
    9.253421120879));
#11485 = CARTESIAN_POINT('',(0.596126455628,-0.589902753378,
    9.310293696838));
#11486 = CARTESIAN_POINT('',(0.737112174791,-0.172977565496,
    9.345979136778));
#11487 = CARTESIAN_POINT('',(0.738418513459,-4.39150626491E-03,
    9.360477440698));
#11488 = PCURVE('',#11374,#11489);
#11489 = DEFINITIONAL_REPRESENTATION('',(#11490),#11493);
#11490 = B_SPLINE_CURVE_WITH_KNOTS('',1,(#11491,#11492),.UNSPECIFIED.,
  .F.,.F.,(2,2),(21.991148575128,28.274333882308),
  .PIECEWISE_BEZIER_KNOTS.);
#11491 = CARTESIAN_POINT('',(3.14103224098,1.4));
#11492 = CARTESIAN_POINT('',(9.425602010527,1.8));
#11493 = ( GEOMETRIC_REPRESENTATION_CONTEXT(2) 
PARAMETRIC_REPRESENTATION_CONTEXT() REPRESENTATION_CONTEXT('2D SPACE',''
  ) );
#11494 = PCURVE('',#9081,#11495);
#11495 = DEFINITIONAL_REPRESENTATION('',(#11496),#11500);
#11496 = LINE('',#11497,#11498);
#11497 = CARTESIAN_POINT('',(2.629830476159E-02,1.7763568394E-14));
#11498 = VECTOR('',#11499,1.);
#11499 = DIRECTION('',(1.104359264397E-17,1.));
#11500 = ( GEOMETRIC_REPRESENTATION_CONTEXT(2) 
PARAMETRIC_REPRESENTATION_CONTEXT() REPRESENTATION_CONTEXT('2D SPACE',''
  ) );
#11501 = ORIENTED_EDGE('',*,*,#11356,.T.);
#11502 = ORIENTED_EDGE('',*,*,#11503,.F.);
#11503 = EDGE_CURVE('',#11448,#11359,#11504,.T.);
#11504 = SURFACE_CURVE('',#11505,(#11516,#11522),.PCURVE_S1.);
#11505 = B_SPLINE_CURVE_WITH_KNOTS('',3,(#11506,#11507,#11508,#11509,
    #11510,#11511,#11512,#11513,#11514,#11515),.UNSPECIFIED.,.F.,.F.,(4,
    1,1,1,1,1,1,4),(21.991148575128,22.287175034372,23.285595297416,
    24.284015560459,25.282435823502,26.280856086546,27.279276349589,
    28.274333882308),.UNSPECIFIED.);
#11506 = CARTESIAN_POINT('',(0.738544158172,-4.36040884353E-03,
    9.039522559302));
#11507 = CARTESIAN_POINT('',(0.739146379742,6.865380032083E-02,
    9.045804435872));
#11508 = CARTESIAN_POINT('',(0.695635698638,0.387224029733,
    9.073273448462));
#11509 = CARTESIAN_POINT('',(0.238388363848,0.835561178448,
    9.121929597071));
#11510 = CARTESIAN_POINT('',(-0.577471053509,0.650667270607,
    9.185491005129));
#11511 = CARTESIAN_POINT('',(-0.863940818162,-0.135302048662,
    9.249052413188));
#11512 = CARTESIAN_POINT('',(-0.35840304797,-0.801818395019,
    9.312613821247));
#11513 = CARTESIAN_POINT('',(0.474760010663,-0.737932798927,
    9.376103869951));
#11514 = CARTESIAN_POINT('',(0.740142225677,-0.248979163015,
    9.418406782637));
#11515 = CARTESIAN_POINT('',(0.740217249731,-4.98453495694E-03,
    9.439522559302));
#11516 = PCURVE('',#11374,#11517);
#11517 = DEFINITIONAL_REPRESENTATION('',(#11518),#11521);
#11518 = B_SPLINE_CURVE_WITH_KNOTS('',1,(#11519,#11520),.UNSPECIFIED.,
  .F.,.F.,(2,2),(21.991148575128,28.274333882308),
  .PIECEWISE_BEZIER_KNOTS.);
#11519 = CARTESIAN_POINT('',(3.142458669507,1.479045118605));
#11520 = CARTESIAN_POINT('',(9.424798853343,1.879045118605));
#11521 = ( GEOMETRIC_REPRESENTATION_CONTEXT(2) 
PARAMETRIC_REPRESENTATION_CONTEXT() REPRESENTATION_CONTEXT('2D SPACE',''
  ) );
#11522 = PCURVE('',#9411,#11523);
#11523 = DEFINITIONAL_REPRESENTATION('',(#11524),#11528);
#11524 = LINE('',#11525,#11526);
#11525 = CARTESIAN_POINT('',(1.404582694208E-15,-3.552713678801E-15));
#11526 = VECTOR('',#11527,1.);
#11527 = DIRECTION('',(-4.420311106923E-17,1.));
#11528 = ( GEOMETRIC_REPRESENTATION_CONTEXT(2) 
PARAMETRIC_REPRESENTATION_CONTEXT() REPRESENTATION_CONTEXT('2D SPACE',''
  ) );
#11529 = ADVANCED_FACE('',(#11530),#11463,.T.);
#11530 = FACE_BOUND('',#11531,.T.);
#11531 = EDGE_LOOP('',(#11532,#11562,#11589,#11590));
#11532 = ORIENTED_EDGE('',*,*,#11533,.F.);
#11533 = EDGE_CURVE('',#11534,#11536,#11538,.T.);
#11534 = VERTEX_POINT('',#11535);
#11535 = CARTESIAN_POINT('',(0.739917973126,-5.46342241426E-03,
    8.560477440698));
#11536 = VERTEX_POINT('',#11537);
#11537 = CARTESIAN_POINT('',(0.737941399392,-5.35320826927E-03,
    8.639522559302));
#11538 = SURFACE_CURVE('',#11539,(#11543,#11550),.PCURVE_S1.);
#11539 = LINE('',#11540,#11541);
#11540 = CARTESIAN_POINT('',(0.739,-4.99999999996E-03,7.560477440698));
#11541 = VECTOR('',#11542,1.);
#11542 = DIRECTION('',(0.,0.,1.));
#11543 = PCURVE('',#11463,#11544);
#11544 = DEFINITIONAL_REPRESENTATION('',(#11545),#11549);
#11545 = LINE('',#11546,#11547);
#11546 = CARTESIAN_POINT('',(3.14159265359,0.));
#11547 = VECTOR('',#11548,1.);
#11548 = DIRECTION('',(0.,1.));
#11549 = ( GEOMETRIC_REPRESENTATION_CONTEXT(2) 
PARAMETRIC_REPRESENTATION_CONTEXT() REPRESENTATION_CONTEXT('2D SPACE',''
  ) );
#11550 = PCURVE('',#11551,#11556);
#11551 = CYLINDRICAL_SURFACE('',#11552,0.739);
#11552 = AXIS2_PLACEMENT_3D('',#11553,#11554,#11555);
#11553 = CARTESIAN_POINT('',(0.,-5.E-03,7.560477440698));
#11554 = DIRECTION('',(0.,0.,1.));
#11555 = DIRECTION('',(-1.,-4.694786132549E-14,0.));
#11556 = DEFINITIONAL_REPRESENTATION('',(#11557),#11561);
#11557 = LINE('',#11558,#11559);
#11558 = CARTESIAN_POINT('',(3.14159265359,0.));
#11559 = VECTOR('',#11560,1.);
#11560 = DIRECTION('',(0.,1.));
#11561 = ( GEOMETRIC_REPRESENTATION_CONTEXT(2) 
PARAMETRIC_REPRESENTATION_CONTEXT() REPRESENTATION_CONTEXT('2D SPACE',''
  ) );
#11562 = ORIENTED_EDGE('',*,*,#11563,.T.);
#11563 = EDGE_CURVE('',#11534,#11446,#11564,.T.);
#11564 = SURFACE_CURVE('',#11565,(#11576,#11582),.PCURVE_S1.);
#11565 = B_SPLINE_CURVE_WITH_KNOTS('',3,(#11566,#11567,#11568,#11569,
    #11570,#11571,#11572,#11573,#11574,#11575),.UNSPECIFIED.,.F.,.F.,(4,
    1,1,1,1,1,1,4),(15.707963267949,16.608494512558,17.606914775602,
    18.605335038645,19.603755301688,20.602175564732,21.600595827775,
    21.991148575128),.UNSPECIFIED.);
#11566 = CARTESIAN_POINT('',(0.739917973126,-5.46342241426E-03,
    8.560477440698));
#11567 = CARTESIAN_POINT('',(0.738432024507,0.215568309169,
    8.579587307229));
#11568 = CARTESIAN_POINT('',(0.515818973148,0.684423924837,
    8.619884309781));
#11569 = CARTESIAN_POINT('',(-0.281603195293,0.822045358793,
    8.681368448352));
#11570 = CARTESIAN_POINT('',(-0.847780886485,0.206286765805,
    8.74492985641));
#11571 = CARTESIAN_POINT('',(-0.636780849896,-0.603247111897,
    8.808491264469));
#11572 = CARTESIAN_POINT('',(0.157988486973,-0.864302916455,
    8.872052672527));
#11573 = CARTESIAN_POINT('',(0.676020537516,-0.444510635902,
    8.92271473127));
#11574 = CARTESIAN_POINT('',(0.738505824674,-0.101915943432,
    8.952189653994));
#11575 = CARTESIAN_POINT('',(0.738016764303,-5.41359394453E-03,
    8.960477440698));
#11576 = PCURVE('',#11463,#11577);
#11577 = DEFINITIONAL_REPRESENTATION('',(#11578),#11581);
#11578 = B_SPLINE_CURVE_WITH_KNOTS('',1,(#11579,#11580),.UNSPECIFIED.,
  .F.,.F.,(2,2),(15.707963267949,21.991148575128),
  .PIECEWISE_BEZIER_KNOTS.);
#11579 = CARTESIAN_POINT('',(3.140966337741,1.));
#11580 = CARTESIAN_POINT('',(9.424217548159,1.4));
#11581 = ( GEOMETRIC_REPRESENTATION_CONTEXT(2) 
PARAMETRIC_REPRESENTATION_CONTEXT() REPRESENTATION_CONTEXT('2D SPACE',''
  ) );
#11582 = PCURVE('',#9081,#11583);
#11583 = DEFINITIONAL_REPRESENTATION('',(#11584),#11588);
#11584 = LINE('',#11585,#11586);
#11585 = CARTESIAN_POINT('',(2.629830476159E-02,4.263256414561E-14));
#11586 = VECTOR('',#11587,1.);
#11587 = DIRECTION('',(-2.153500565574E-17,1.));
#11588 = ( GEOMETRIC_REPRESENTATION_CONTEXT(2) 
PARAMETRIC_REPRESENTATION_CONTEXT() REPRESENTATION_CONTEXT('2D SPACE',''
  ) );
#11589 = ORIENTED_EDGE('',*,*,#11445,.T.);
#11590 = ORIENTED_EDGE('',*,*,#11591,.F.);
#11591 = EDGE_CURVE('',#11536,#11448,#11592,.T.);
#11592 = SURFACE_CURVE('',#11593,(#11604,#11610),.PCURVE_S1.);
#11593 = B_SPLINE_CURVE_WITH_KNOTS('',3,(#11594,#11595,#11596,#11597,
    #11598,#11599,#11600,#11601,#11602,#11603),.UNSPECIFIED.,.F.,.F.,(4,
    1,1,1,1,1,1,4),(15.707963267949,16.296653456112,17.295073719155,
    18.293493982199,19.291914245242,20.290334508286,21.288754771329,
    21.991148575128),.UNSPECIFIED.);
#11594 = CARTESIAN_POINT('',(0.737941399392,-5.35320826927E-03,
    8.639522559302));
#11595 = CARTESIAN_POINT('',(0.737324795138,0.140145604101,
    8.652014953088));
#11596 = CARTESIAN_POINT('',(0.625293422136,0.533293729411,
    8.685694482894));
#11597 = CARTESIAN_POINT('',(-1.425541338984E-02,0.868589586956,
    8.740561148719));
#11598 = CARTESIAN_POINT('',(-0.742077571945,0.456188000854,
    8.804122556778));
#11599 = CARTESIAN_POINT('',(-0.789612972835,-0.379013167694,
    8.867683964836));
#11600 = CARTESIAN_POINT('',(-0.113277936749,-0.871336480896,
    8.931245372895));
#11601 = CARTESIAN_POINT('',(0.589795736387,-0.599294125202,
    8.988524904384));
#11602 = CARTESIAN_POINT('',(0.737115242999,-0.177604139277,
    9.024617299853));
#11603 = CARTESIAN_POINT('',(0.738544158172,-4.36040884353E-03,
    9.039522559302));
#11604 = PCURVE('',#11463,#11605);
#11605 = DEFINITIONAL_REPRESENTATION('',(#11606),#11609);
#11606 = B_SPLINE_CURVE_WITH_KNOTS('',1,(#11607,#11608),.UNSPECIFIED.,
  .F.,.F.,(2,2),(15.707963267949,21.991148575128),
  .PIECEWISE_BEZIER_KNOTS.);
#11607 = CARTESIAN_POINT('',(3.141114013629,1.079045118605));
#11608 = CARTESIAN_POINT('',(9.425643976687,1.479045118605));
#11609 = ( GEOMETRIC_REPRESENTATION_CONTEXT(2) 
PARAMETRIC_REPRESENTATION_CONTEXT() REPRESENTATION_CONTEXT('2D SPACE',''
  ) );
#11610 = PCURVE('',#9411,#11611);
#11611 = DEFINITIONAL_REPRESENTATION('',(#11612),#11616);
#11612 = LINE('',#11613,#11614);
#11613 = CARTESIAN_POINT('',(4.063702164382E-16,1.59872115546E-14));
#11614 = VECTOR('',#11615,1.);
#11615 = DIRECTION('',(-2.390772697036E-19,1.));
#11616 = ( GEOMETRIC_REPRESENTATION_CONTEXT(2) 
PARAMETRIC_REPRESENTATION_CONTEXT() REPRESENTATION_CONTEXT('2D SPACE',''
  ) );
#11617 = ADVANCED_FACE('',(#11618),#9411,.F.);
#11618 = FACE_BOUND('',#11619,.F.);
#11619 = EDGE_LOOP('',(#11620,#11621,#11622,#11623,#11624,#11625,#11626,
    #11627,#11628,#11629,#11630,#11658,#11929,#11930,#11931,#11932,
    #11933,#11934,#11935,#11936,#11937,#11938,#11939,#11977));
#11620 = ORIENTED_EDGE('',*,*,#10800,.F.);
#11621 = ORIENTED_EDGE('',*,*,#10882,.F.);
#11622 = ORIENTED_EDGE('',*,*,#10971,.F.);
#11623 = ORIENTED_EDGE('',*,*,#11060,.F.);
#11624 = ORIENTED_EDGE('',*,*,#11148,.F.);
#11625 = ORIENTED_EDGE('',*,*,#11237,.F.);
#11626 = ORIENTED_EDGE('',*,*,#11326,.F.);
#11627 = ORIENTED_EDGE('',*,*,#11414,.F.);
#11628 = ORIENTED_EDGE('',*,*,#11503,.F.);
#11629 = ORIENTED_EDGE('',*,*,#11591,.F.);
#11630 = ORIENTED_EDGE('',*,*,#11631,.F.);
#11631 = EDGE_CURVE('',#11632,#11536,#11634,.T.);
#11632 = VERTEX_POINT('',#11633);
#11633 = CARTESIAN_POINT('',(0.429877377952,0.596104350279,8.3));
#11634 = SURFACE_CURVE('',#11635,(#11645,#11652),.PCURVE_S1.);
#11635 = B_SPLINE_CURVE_WITH_KNOTS('',3,(#11636,#11637,#11638,#11639,
    #11640,#11641,#11642,#11643,#11644),.UNSPECIFIED.,.F.,.F.,(4,1,1,1,1
    ,1,4),(10.374755377787,11.304552140895,12.302972403939,
    13.301392666982,14.299812930025,15.298233193069,15.707963267949),
  .UNSPECIFIED.);
#11636 = CARTESIAN_POINT('',(0.430804951028,0.596956800197,8.3));
#11637 = CARTESIAN_POINT('',(0.244595861627,0.728776258175,
    8.319730900123));
#11638 = CARTESIAN_POINT('',(-0.279027540303,0.813194964369,
    8.360648936265));
#11639 = CARTESIAN_POINT('',(-0.843521509529,0.222635690714,
    8.422754108426));
#11640 = CARTESIAN_POINT('',(-0.648162963036,-0.590994282968,
    8.486315516485));
#11641 = CARTESIAN_POINT('',(0.141495468073,-0.867138986997,
    8.549876924544));
#11642 = CARTESIAN_POINT('',(0.671690113405,-0.454109589771,
    8.600945938816));
#11643 = CARTESIAN_POINT('',(0.738370557738,-0.106620802814,
    8.630827817069));
#11644 = CARTESIAN_POINT('',(0.737941399392,-5.35320826927E-03,
    8.639522559302));
#11645 = PCURVE('',#9411,#11646);
#11646 = DEFINITIONAL_REPRESENTATION('',(#11647),#11651);
#11647 = LINE('',#11648,#11649);
#11648 = CARTESIAN_POINT('',(3.767790984487E-16,3.907985046681E-14));
#11649 = VECTOR('',#11650,1.);
#11650 = DIRECTION('',(-2.760867048488E-18,1.));
#11651 = ( GEOMETRIC_REPRESENTATION_CONTEXT(2) 
PARAMETRIC_REPRESENTATION_CONTEXT() REPRESENTATION_CONTEXT('2D SPACE',''
  ) );
#11652 = PCURVE('',#11551,#11653);
#11653 = DEFINITIONAL_REPRESENTATION('',(#11654),#11657);
#11654 = B_SPLINE_CURVE_WITH_KNOTS('',1,(#11655,#11656),.UNSPECIFIED.,
  .F.,.F.,(2,2),(10.375112710813,15.707963267949),
  .PIECEWISE_BEZIER_KNOTS.);
#11655 = CARTESIAN_POINT('',(-2.191609270839,0.739545307829));
#11656 = CARTESIAN_POINT('',(3.141114013629,1.079045118605));
#11657 = ( GEOMETRIC_REPRESENTATION_CONTEXT(2) 
PARAMETRIC_REPRESENTATION_CONTEXT() REPRESENTATION_CONTEXT('2D SPACE',''
  ) );
#11658 = ORIENTED_EDGE('',*,*,#11659,.T.);
#11659 = EDGE_CURVE('',#11632,#9362,#11660,.T.);
#11660 = SURFACE_CURVE('',#11661,(#11735,#11852),.PCURVE_S1.);
#11661 = B_SPLINE_CURVE_WITH_KNOTS('',3,(#11662,#11663,#11664,#11665,
    #11666,#11667,#11668,#11669,#11670,#11671,#11672,#11673,#11674,
    #11675,#11676,#11677,#11678,#11679,#11680,#11681,#11682,#11683,
    #11684,#11685,#11686,#11687,#11688,#11689,#11690,#11691,#11692,
    #11693,#11694,#11695,#11696,#11697,#11698,#11699,#11700,#11701,
    #11702,#11703,#11704,#11705,#11706,#11707,#11708,#11709,#11710,
    #11711,#11712,#11713,#11714,#11715,#11716,#11717,#11718,#11719,
    #11720,#11721,#11722,#11723,#11724,#11725,#11726,#11727,#11728,
    #11729,#11730,#11731,#11732,#11733,#11734),.UNSPECIFIED.,.F.,.F.,(4,
    3,3,3,3,3,3,3,3,3,3,3,3,3,3,3,3,3,3,3,3,3,3,3,4),(-0.17858776044,
    -0.173404306395,-0.163241933672,-0.159240489053,-0.156444314617,
    -0.145665182828,-0.138081033146,-0.135465365861,-0.124119704904,
    -0.112683895862,-0.106978754369,-0.103675994482,-9.21053246075E-02,
    -8.059215903156E-02,-7.516787479302E-02,-7.237819920442E-02,
    -7.023680710591E-02,-5.82936021808E-02,-4.60632762263E-02,
    -4.030536669801E-02,-3.728781198593E-02,-3.510660813384E-02,
    -2.242122892334E-02,-9.803882412477E-03,0.),.UNSPECIFIED.);
#11662 = CARTESIAN_POINT('',(0.430804951028,0.596956800197,8.3));
#11663 = CARTESIAN_POINT('',(0.446108075958,0.589237213386,8.3));
#11664 = CARTESIAN_POINT('',(0.461094975994,0.580961931161,8.3));
#11665 = CARTESIAN_POINT('',(0.475732103142,0.572138367221,8.3));
#11666 = CARTESIAN_POINT('',(0.504428786937,0.554839410821,8.3));
#11667 = CARTESIAN_POINT('',(0.531782074871,0.535436277605,8.3));
#11668 = CARTESIAN_POINT('',(0.557726493532,0.514183157629,8.3));
#11669 = CARTESIAN_POINT('',(0.567942134827,0.505814719974,8.3));
#11670 = CARTESIAN_POINT('',(0.577939217042,0.497158923641,8.3));
#11671 = CARTESIAN_POINT('',(0.58771311122,0.488229326304,8.3));
#11672 = CARTESIAN_POINT('',(0.594543022826,0.481989401933,8.3));
#11673 = CARTESIAN_POINT('',(0.601264150674,0.475615304633,8.3));
#11674 = CARTESIAN_POINT('',(0.607863935572,0.469122776302,8.3));
#11675 = CARTESIAN_POINT('',(0.633305821556,0.444094359755,8.3));
#11676 = CARTESIAN_POINT('',(0.65698704296,0.417273379812,8.3));
#11677 = CARTESIAN_POINT('',(0.678831062876,0.388943371966,8.3));
#11678 = CARTESIAN_POINT('',(0.694200419142,0.369010503139,8.3));
#11679 = CARTESIAN_POINT('',(0.708660028297,0.348329382124,8.3));
#11680 = CARTESIAN_POINT('',(0.722176416805,0.326985252891,8.3));
#11681 = CARTESIAN_POINT('',(0.726838030396,0.319623960867,8.3));
#11682 = CARTESIAN_POINT('',(0.731387487695,0.312183262397,8.3));
#11683 = CARTESIAN_POINT('',(0.735815595758,0.304680192284,8.3));
#11684 = CARTESIAN_POINT('',(0.755022860023,0.272135040181,8.3));
#11685 = CARTESIAN_POINT('',(0.771987308772,0.238361330657,8.3));
#11686 = CARTESIAN_POINT('',(0.786625714193,0.20366143602,8.3));
#11687 = CARTESIAN_POINT('',(0.801380430528,0.168685829899,8.3));
#11688 = CARTESIAN_POINT('',(0.81377289325,0.132768218333,8.3));
#11689 = CARTESIAN_POINT('',(0.823684521752,9.617657281781E-02,8.3));
#11690 = CARTESIAN_POINT('',(0.828629274049,7.792158846665E-02,8.3));
#11691 = CARTESIAN_POINT('',(0.832955981593,5.949829822746E-02,8.3));
#11692 = CARTESIAN_POINT('',(0.83664576767,4.093742618544E-02,8.3));
#11693 = CARTESIAN_POINT('',(0.838781819416,3.019236338148E-02,8.3));
#11694 = CARTESIAN_POINT('',(0.840704996721,1.93957580367E-02,8.3));
#11695 = CARTESIAN_POINT('',(0.842406776187,8.5852123251E-03,8.3));
#11696 = CARTESIAN_POINT('',(0.848368677467,-2.928773632703E-02,8.3));
#11697 = CARTESIAN_POINT('',(0.851630939591,-6.739089373632E-02,8.3));
#11698 = CARTESIAN_POINT('',(0.852096088398,-0.105450364816,8.3));
#11699 = CARTESIAN_POINT('',(0.852558925493,-0.143320686675,8.3));
#11700 = CARTESIAN_POINT('',(0.850253652589,-0.181148940547,8.3));
#11701 = CARTESIAN_POINT('',(0.845360445863,-0.218736022854,8.3));
#11702 = CARTESIAN_POINT('',(0.843055072597,-0.236444707471,8.3));
#11703 = CARTESIAN_POINT('',(0.84017449554,-0.254100049196,8.3));
#11704 = CARTESIAN_POINT('',(0.836733625327,-0.271681792136,8.3));
#11705 = CARTESIAN_POINT('',(0.834964007214,-0.28072397299,8.3));
#11706 = CARTESIAN_POINT('',(0.833046152872,-0.289746689113,8.3));
#11707 = CARTESIAN_POINT('',(0.830981842634,-0.298747181187,8.3));
#11708 = CARTESIAN_POINT('',(0.82939725063,-0.305656078655,8.3));
#11709 = CARTESIAN_POINT('',(0.827726629214,-0.312550351761,8.3));
#11710 = CARTESIAN_POINT('',(0.825973456413,-0.319419427958,8.3));
#11711 = CARTESIAN_POINT('',(0.816195470384,-0.357730386857,8.3));
#11712 = CARTESIAN_POINT('',(0.803835925545,-0.395336772242,8.3));
#11713 = CARTESIAN_POINT('',(0.78910374698,-0.432024439631,8.3));
#11714 = CARTESIAN_POINT('',(0.774017398969,-0.469594098152,8.3));
#11715 = CARTESIAN_POINT('',(0.756442806751,-0.50620141375,8.3));
#11716 = CARTESIAN_POINT('',(0.736549771498,-0.541620040926,8.3));
#11717 = CARTESIAN_POINT('',(0.727184338585,-0.558294760116,8.3));
#11718 = CARTESIAN_POINT('',(0.717304281316,-0.574705964169,8.3));
#11719 = CARTESIAN_POINT('',(0.706923462771,-0.590829212218,8.3));
#11720 = CARTESIAN_POINT('',(0.701483174457,-0.599278942609,8.3));
#11721 = CARTESIAN_POINT('',(0.695905312419,-0.607649572193,8.3));
#11722 = CARTESIAN_POINT('',(0.690191620147,-0.615937471376,8.3));
#11723 = CARTESIAN_POINT('',(0.686061545042,-0.621928281601,8.3));
#11724 = CARTESIAN_POINT('',(0.681861286592,-0.627874586442,8.3));
#11725 = CARTESIAN_POINT('',(0.677597417202,-0.633767289516,8.3));
#11726 = CARTESIAN_POINT('',(0.652799734917,-0.668037893332,8.3));
#11727 = CARTESIAN_POINT('',(0.625804286272,-0.700569992473,8.3));
#11728 = CARTESIAN_POINT('',(0.596808999707,-0.731127753625,8.3));
#11729 = CARTESIAN_POINT('',(0.567969217175,-0.761521631069,8.3));
#11730 = CARTESIAN_POINT('',(0.537150463394,-0.789963474732,8.3));
#11731 = CARTESIAN_POINT('',(0.504499592142,-0.816205494984,8.3));
#11732 = CARTESIAN_POINT('',(0.479129336824,-0.836595969367,8.3));
#11733 = CARTESIAN_POINT('',(0.452651906416,-0.855658163842,8.3));
#11734 = CARTESIAN_POINT('',(0.425119128515,-0.87326222368,8.3));
#11735 = PCURVE('',#9411,#11736);
#11736 = DEFINITIONAL_REPRESENTATION('',(#11737),#11851);
#11737 = B_SPLINE_CURVE_WITH_KNOTS('',3,(#11738,#11739,#11740,#11741,
    #11742,#11743,#11744,#11745,#11746,#11747,#11748,#11749,#11750,
    #11751,#11752,#11753,#11754,#11755,#11756,#11757,#11758,#11759,
    #11760,#11761,#11762,#11763,#11764,#11765,#11766,#11767,#11768,
    #11769,#11770,#11771,#11772,#11773,#11774,#11775,#11776,#11777,
    #11778,#11779,#11780,#11781,#11782,#11783,#11784,#11785,#11786,
    #11787,#11788,#11789,#11790,#11791,#11792,#11793,#11794,#11795,
    #11796,#11797,#11798,#11799,#11800,#11801,#11802,#11803,#11804,
    #11805,#11806,#11807,#11808,#11809,#11810,#11811,#11812,#11813,
    #11814,#11815,#11816,#11817,#11818,#11819,#11820,#11821,#11822,
    #11823,#11824,#11825,#11826,#11827,#11828,#11829,#11830,#11831,
    #11832,#11833,#11834,#11835,#11836,#11837,#11838,#11839,#11840,
    #11841,#11842,#11843,#11844,#11845,#11846,#11847,#11848,#11849,
    #11850),.UNSPECIFIED.,.F.,.F.,(4,1,1,1,1,1,1,1,1,1,1,1,1,1,1,1,1,1,1
    ,1,1,1,1,1,1,1,1,1,1,1,1,1,1,1,1,1,1,1,1,1,1,1,1,1,1,1,1,1,1,1,1,1,1
    ,1,1,1,1,1,1,1,1,1,1,1,1,1,1,1,1,1,1,1,1,1,1,1,1,1,1,1,1,1,1,1,1,1,1
    ,1,1,1,1,1,1,1,1,1,1,1,1,1,1,1,1,1,1,1,1,1,1,1,4),(-0.17858776044,
    -0.176964235345,-0.17534071025,-0.173717185155,-0.17209366006,
    -0.170470134965,-0.16884660987,-0.167223084775,-0.16559955968,
    -0.163976034585,-0.16235250949,-0.160728984396,-0.159105459301,
    -0.157481934206,-0.155858409111,-0.154234884016,-0.152611358921,
    -0.150987833826,-0.149364308731,-0.147740783636,-0.146117258541,
    -0.144493733447,-0.142870208352,-0.141246683257,-0.139623158162,
    -0.137999633067,-0.136376107972,-0.134752582877,-0.133129057782,
    -0.131505532687,-0.129882007592,-0.128258482497,-0.126634957403,
    -0.125011432308,-0.123387907213,-0.121764382118,-0.120140857023,
    -0.118517331928,-0.116893806833,-0.115270281738,-0.113646756643,
    -0.112023231548,-0.110399706454,-0.108776181359,-0.107152656264,
    -0.105529131169,-0.103905606074,-0.102282080979,-0.100658555884,
    -9.903503078918E-02,-9.741150569427E-02,-9.578798059937E-02,
    -9.416445550446E-02,-9.254093040956E-02,-9.091740531466E-02,
    -8.929388021975E-02,-8.767035512485E-02,-8.604683002994E-02,
    -8.442330493504E-02,-8.279977984013E-02,-8.117625474523E-02,
    -7.955272965032E-02,-7.792920455542E-02,-7.630567946051E-02,
    -7.468215436561E-02,-7.305862927071E-02,-7.14351041758E-02,
    -6.98115790809E-02,-6.818805398599E-02,-6.656452889109E-02,
    -6.494100379618E-02,-6.331747870128E-02,-6.169395360637E-02,
    -6.007042851147E-02,-5.844690341656E-02,-5.682337832166E-02,
    -5.519985322676E-02,-5.357632813185E-02,-5.195280303695E-02,
    -5.032927794204E-02,-4.870575284714E-02,-4.708222775223E-02,
    -4.545870265733E-02,-4.383517756242E-02,-4.221165246752E-02,
    -4.058812737261E-02,-3.896460227771E-02,-3.73410771828E-02,
    -3.57175520879E-02,-3.4094026993E-02,-3.247050189809E-02,
    -3.084697680319E-02,-2.922345170828E-02,-2.759992661338E-02,
    -2.597640151847E-02,-2.435287642357E-02,-2.272935132866E-02,
    -2.110582623376E-02,-1.948230113885E-02,-1.785877604395E-02,
    -1.623525094905E-02,-1.461172585414E-02,-1.298820075924E-02,
    -1.136467566433E-02,-9.741150569427E-03,-8.117625474523E-03,
    -6.494100379618E-03,-4.870575284714E-03,-3.247050189809E-03,
    -1.623525094905E-03,0.),.UNSPECIFIED.);
#11738 = CARTESIAN_POINT('',(0.,10.374755377787));
#11739 = CARTESIAN_POINT('',(9.176054299734E-05,10.36754859683));
#11740 = CARTESIAN_POINT('',(2.749309341412E-04,10.353162532662));
#11741 = CARTESIAN_POINT('',(5.48674228941E-04,10.331662933729));
#11742 = CARTESIAN_POINT('',(8.214356668962E-04,10.310239731962));
#11743 = CARTESIAN_POINT('',(1.093278434556E-03,10.288890192027));
#11744 = CARTESIAN_POINT('',(1.364246894142E-03,10.267611325688));
#11745 = CARTESIAN_POINT('',(1.634340543228E-03,10.246399832631));
#11746 = CARTESIAN_POINT('',(1.903589555109E-03,10.225252616457));
#11747 = CARTESIAN_POINT('',(2.172035557825E-03,10.204166682124));
#11748 = CARTESIAN_POINT('',(2.439731902725E-03,10.183139140167));
#11749 = CARTESIAN_POINT('',(2.706755809471E-03,10.162167360591));
#11750 = CARTESIAN_POINT('',(2.973110012542E-03,10.141247984261));
#11751 = CARTESIAN_POINT('',(3.238831871413E-03,10.120378139118));
#11752 = CARTESIAN_POINT('',(3.503965271722E-03,10.099554336982));
#11753 = CARTESIAN_POINT('',(3.768200081889E-03,10.078801480901));
#11754 = CARTESIAN_POINT('',(4.03153697696E-03,10.058121399725));
#11755 = CARTESIAN_POINT('',(4.294019006997E-03,10.037508464156));
#11756 = CARTESIAN_POINT('',(4.555653480182E-03,10.016960564289));
#11757 = CARTESIAN_POINT('',(4.816472561194E-03,9.996474789865));
#11758 = CARTESIAN_POINT('',(5.076516409598E-03,9.976048598851));
#11759 = CARTESIAN_POINT('',(5.335835248028E-03,9.955679501898));
#11760 = CARTESIAN_POINT('',(5.594493363113E-03,9.935365189026));
#11761 = CARTESIAN_POINT('',(5.852495143432E-03,9.915102649754));
#11762 = CARTESIAN_POINT('',(6.109862473819E-03,9.894889195816));
#11763 = CARTESIAN_POINT('',(6.366627477076E-03,9.874722065258));
#11764 = CARTESIAN_POINT('',(6.622835965279E-03,9.854598994866));
#11765 = CARTESIAN_POINT('',(6.878535013774E-03,9.83451629427));
#11766 = CARTESIAN_POINT('',(7.133349164095E-03,9.814503380675));
#11767 = CARTESIAN_POINT('',(7.387287410097E-03,9.794561304606));
#11768 = CARTESIAN_POINT('',(7.640384936398E-03,9.774685192247));
#11769 = CARTESIAN_POINT('',(7.892650452777E-03,9.75487316629));
#11770 = CARTESIAN_POINT('',(8.144111327553E-03,9.735122681137));
#11771 = CARTESIAN_POINT('',(8.394801252702E-03,9.715431518283));
#11772 = CARTESIAN_POINT('',(8.644760955696E-03,9.69579748813));
#11773 = CARTESIAN_POINT('',(8.89404433207E-03,9.67621864328));
#11774 = CARTESIAN_POINT('',(9.142688549124E-03,9.656692566314));
#11775 = CARTESIAN_POINT('',(9.390691278434E-03,9.637216720994));
#11776 = CARTESIAN_POINT('',(9.638069100639E-03,9.617788696439));
#11777 = CARTESIAN_POINT('',(9.884845666841E-03,9.598406128435));
#11778 = CARTESIAN_POINT('',(1.013105559241E-02,9.579066731101));
#11779 = CARTESIAN_POINT('',(1.037673931268E-02,9.559768274996));
#11780 = CARTESIAN_POINT('',(1.062195843311E-02,9.540508668513));
#11781 = CARTESIAN_POINT('',(1.086672119635E-02,9.521285527221));
#11782 = CARTESIAN_POINT('',(1.111104646108E-02,9.502096079973));
#11783 = CARTESIAN_POINT('',(1.13549542577E-02,9.482939496555));
#11784 = CARTESIAN_POINT('',(1.159853215082E-02,9.463808009088));
#11785 = CARTESIAN_POINT('',(1.184162106943E-02,9.444716657597));
#11786 = CARTESIAN_POINT('',(1.20838638428E-02,9.425691414093));
#11787 = CARTESIAN_POINT('',(1.23253833976E-02,9.406724663018));
#11788 = CARTESIAN_POINT('',(1.25661596457E-02,9.387815582968));
#11789 = CARTESIAN_POINT('',(1.280621756197E-02,9.36896174653));
#11790 = CARTESIAN_POINT('',(1.304557891639E-02,9.350161258636));
#11791 = CARTESIAN_POINT('',(1.328427568867E-02,9.331412189777));
#11792 = CARTESIAN_POINT('',(1.352234289377E-02,9.31271272006));
#11793 = CARTESIAN_POINT('',(1.375983209158E-02,9.294061144602));
#11794 = CARTESIAN_POINT('',(1.399676337242E-02,9.275455293804));
#11795 = CARTESIAN_POINT('',(1.423313128464E-02,9.256893086049));
#11796 = CARTESIAN_POINT('',(1.44689499265E-02,9.238372474285));
#11797 = CARTESIAN_POINT('',(1.470424129127E-02,9.219891462957));
#11798 = CARTESIAN_POINT('',(1.493903823267E-02,9.201448115773));
#11799 = CARTESIAN_POINT('',(1.517338131525E-02,9.183040548713));
#11800 = CARTESIAN_POINT('',(1.540732554208E-02,9.164666987061));
#11801 = CARTESIAN_POINT('',(1.564086253117E-02,9.146325235265));
#11802 = CARTESIAN_POINT('',(1.587401299371E-02,9.128013404638));
#11803 = CARTESIAN_POINT('',(1.610681276131E-02,9.109729236543));
#11804 = CARTESIAN_POINT('',(1.63392728766E-02,9.091471930501));
#11805 = CARTESIAN_POINT('',(1.657146900313E-02,9.073235153923));
#11806 = CARTESIAN_POINT('',(1.680307277261E-02,9.055044903226));
#11807 = CARTESIAN_POINT('',(1.703397053904E-02,9.036912036721));
#11808 = CARTESIAN_POINT('',(1.726422784332E-02,9.018829924039));
#11809 = CARTESIAN_POINT('',(1.749383379367E-02,9.000798012989));
#11810 = CARTESIAN_POINT('',(1.772280840214E-02,8.982814204808));
#11811 = CARTESIAN_POINT('',(1.795117308483E-02,8.964876902898));
#11812 = CARTESIAN_POINT('',(1.817895842987E-02,8.946984464986));
#11813 = CARTESIAN_POINT('',(1.840619981699E-02,8.92913536533));
#11814 = CARTESIAN_POINT('',(1.863294444788E-02,8.911328110808));
#11815 = CARTESIAN_POINT('',(1.885919472504E-02,8.893560803089));
#11816 = CARTESIAN_POINT('',(1.908495259963E-02,8.875831664732));
#11817 = CARTESIAN_POINT('',(1.931023019121E-02,8.858138936965));
#11818 = CARTESIAN_POINT('',(1.953504640948E-02,8.840480909029));
#11819 = CARTESIAN_POINT('',(1.975942842683E-02,8.822855920731));
#11820 = CARTESIAN_POINT('',(1.998340765629E-02,8.805262342037));
#11821 = CARTESIAN_POINT('',(2.020703291607E-02,8.787698670024));
#11822 = CARTESIAN_POINT('',(2.043030754139E-02,8.770163082419));
#11823 = CARTESIAN_POINT('',(2.065324128744E-02,8.75265384698));
#11824 = CARTESIAN_POINT('',(2.087585823521E-02,8.735169248443));
#11825 = CARTESIAN_POINT('',(2.109818610832E-02,8.717707754368));
#11826 = CARTESIAN_POINT('',(2.132024629588E-02,8.700267171298));
#11827 = CARTESIAN_POINT('',(2.154203718041E-02,8.68284760838));
#11828 = CARTESIAN_POINT('',(2.176318473018E-02,8.665478978884));
#11829 = CARTESIAN_POINT('',(2.19837566616E-02,8.648157300374));
#11830 = CARTESIAN_POINT('',(2.220375019972E-02,8.630880908704));
#11831 = CARTESIAN_POINT('',(2.242317541129E-02,8.613648259099));
#11832 = CARTESIAN_POINT('',(2.264204649907E-02,8.596457841473));
#11833 = CARTESIAN_POINT('',(2.286038365911E-02,8.57930820555));
#11834 = CARTESIAN_POINT('',(2.307821281871E-02,8.562197956057));
#11835 = CARTESIAN_POINT('',(2.32955633294E-02,8.545125757101));
#11836 = CARTESIAN_POINT('',(2.351247599487E-02,8.528090329122));
#11837 = CARTESIAN_POINT('',(2.372895819643E-02,8.511090035328));
#11838 = CARTESIAN_POINT('',(2.394500879669E-02,8.494123345024));
#11839 = CARTESIAN_POINT('',(2.416063710412E-02,8.477188738196));
#11840 = CARTESIAN_POINT('',(2.437585786701E-02,8.460284730874));
#11841 = CARTESIAN_POINT('',(2.459069273352E-02,8.44340987468));
#11842 = CARTESIAN_POINT('',(2.480516894285E-02,8.426562749876));
#11843 = CARTESIAN_POINT('',(2.501932263263E-02,8.409742010295));
#11844 = CARTESIAN_POINT('',(2.523318640783E-02,8.39294622671));
#11845 = CARTESIAN_POINT('',(2.544675394487E-02,8.376173822769));
#11846 = CARTESIAN_POINT('',(2.56600340812E-02,8.359423330326));
#11847 = CARTESIAN_POINT('',(2.587304140494E-02,8.342693271053));
#11848 = CARTESIAN_POINT('',(2.608579794721E-02,8.325982190182));
#11849 = CARTESIAN_POINT('',(2.62274901292E-02,8.314853173115));
#11850 = CARTESIAN_POINT('',(2.629830476159E-02,8.309291351765));
#11851 = ( GEOMETRIC_REPRESENTATION_CONTEXT(2) 
PARAMETRIC_REPRESENTATION_CONTEXT() REPRESENTATION_CONTEXT('2D SPACE',''
  ) );
#11852 = PCURVE('',#9378,#11853);
#11853 = DEFINITIONAL_REPRESENTATION('',(#11854),#11928);
#11854 = B_SPLINE_CURVE_WITH_KNOTS('',3,(#11855,#11856,#11857,#11858,
    #11859,#11860,#11861,#11862,#11863,#11864,#11865,#11866,#11867,
    #11868,#11869,#11870,#11871,#11872,#11873,#11874,#11875,#11876,
    #11877,#11878,#11879,#11880,#11881,#11882,#11883,#11884,#11885,
    #11886,#11887,#11888,#11889,#11890,#11891,#11892,#11893,#11894,
    #11895,#11896,#11897,#11898,#11899,#11900,#11901,#11902,#11903,
    #11904,#11905,#11906,#11907,#11908,#11909,#11910,#11911,#11912,
    #11913,#11914,#11915,#11916,#11917,#11918,#11919,#11920,#11921,
    #11922,#11923,#11924,#11925,#11926,#11927),.UNSPECIFIED.,.F.,.F.,(4,
    3,3,3,3,3,3,3,3,3,3,3,3,3,3,3,3,3,3,3,3,3,3,3,4),(-0.17858776044,
    -0.173404306395,-0.163241933672,-0.159240489053,-0.156444314617,
    -0.145665182828,-0.138081033146,-0.135465365861,-0.124119704904,
    -0.112683895862,-0.106978754369,-0.103675994482,-9.21053246075E-02,
    -8.059215903156E-02,-7.516787479302E-02,-7.237819920442E-02,
    -7.023680710591E-02,-5.82936021808E-02,-4.60632762263E-02,
    -4.030536669801E-02,-3.728781198593E-02,-3.510660813384E-02,
    -2.242122892334E-02,-9.803882412477E-03,0.),.UNSPECIFIED.);
#11855 = CARTESIAN_POINT('',(-0.430804951028,-0.601956800197));
#11856 = CARTESIAN_POINT('',(-0.446108075958,-0.594237213386));
#11857 = CARTESIAN_POINT('',(-0.461094975994,-0.585961931161));
#11858 = CARTESIAN_POINT('',(-0.475732103142,-0.577138367221));
#11859 = CARTESIAN_POINT('',(-0.504428786937,-0.559839410821));
#11860 = CARTESIAN_POINT('',(-0.531782074871,-0.540436277605));
#11861 = CARTESIAN_POINT('',(-0.557726493532,-0.519183157629));
#11862 = CARTESIAN_POINT('',(-0.567942134827,-0.510814719974));
#11863 = CARTESIAN_POINT('',(-0.577939217042,-0.502158923641));
#11864 = CARTESIAN_POINT('',(-0.58771311122,-0.493229326304));
#11865 = CARTESIAN_POINT('',(-0.594543022826,-0.486989401933));
#11866 = CARTESIAN_POINT('',(-0.601264150674,-0.480615304633));
#11867 = CARTESIAN_POINT('',(-0.607863935572,-0.474122776302));
#11868 = CARTESIAN_POINT('',(-0.633305821556,-0.449094359755));
#11869 = CARTESIAN_POINT('',(-0.65698704296,-0.422273379812));
#11870 = CARTESIAN_POINT('',(-0.678831062876,-0.393943371966));
#11871 = CARTESIAN_POINT('',(-0.694200419142,-0.374010503139));
#11872 = CARTESIAN_POINT('',(-0.708660028297,-0.353329382124));
#11873 = CARTESIAN_POINT('',(-0.722176416805,-0.331985252891));
#11874 = CARTESIAN_POINT('',(-0.726838030396,-0.324623960867));
#11875 = CARTESIAN_POINT('',(-0.731387487695,-0.317183262397));
#11876 = CARTESIAN_POINT('',(-0.735815595758,-0.309680192284));
#11877 = CARTESIAN_POINT('',(-0.755022860023,-0.277135040181));
#11878 = CARTESIAN_POINT('',(-0.771987308772,-0.243361330657));
#11879 = CARTESIAN_POINT('',(-0.786625714193,-0.20866143602));
#11880 = CARTESIAN_POINT('',(-0.801380430528,-0.173685829899));
#11881 = CARTESIAN_POINT('',(-0.81377289325,-0.137768218333));
#11882 = CARTESIAN_POINT('',(-0.823684521752,-0.101176572818));
#11883 = CARTESIAN_POINT('',(-0.828629274049,-8.292158846665E-02));
#11884 = CARTESIAN_POINT('',(-0.832955981593,-6.449829822746E-02));
#11885 = CARTESIAN_POINT('',(-0.83664576767,-4.593742618544E-02));
#11886 = CARTESIAN_POINT('',(-0.838781819416,-3.519236338148E-02));
#11887 = CARTESIAN_POINT('',(-0.840704996721,-2.43957580367E-02));
#11888 = CARTESIAN_POINT('',(-0.842406776187,-1.35852123251E-02));
#11889 = CARTESIAN_POINT('',(-0.848368677467,2.428773632703E-02));
#11890 = CARTESIAN_POINT('',(-0.851630939591,6.239089373632E-02));
#11891 = CARTESIAN_POINT('',(-0.852096088398,0.100450364817));
#11892 = CARTESIAN_POINT('',(-0.852558925493,0.138320686675));
#11893 = CARTESIAN_POINT('',(-0.850253652589,0.176148940547));
#11894 = CARTESIAN_POINT('',(-0.845360445863,0.213736022854));
#11895 = CARTESIAN_POINT('',(-0.843055072597,0.231444707471));
#11896 = CARTESIAN_POINT('',(-0.84017449554,0.249100049196));
#11897 = CARTESIAN_POINT('',(-0.836733625327,0.266681792136));
#11898 = CARTESIAN_POINT('',(-0.834964007214,0.27572397299));
#11899 = CARTESIAN_POINT('',(-0.833046152872,0.284746689113));
#11900 = CARTESIAN_POINT('',(-0.830981842634,0.293747181187));
#11901 = CARTESIAN_POINT('',(-0.82939725063,0.300656078655));
#11902 = CARTESIAN_POINT('',(-0.827726629214,0.307550351761));
#11903 = CARTESIAN_POINT('',(-0.825973456413,0.314419427958));
#11904 = CARTESIAN_POINT('',(-0.816195470384,0.352730386857));
#11905 = CARTESIAN_POINT('',(-0.803835925545,0.390336772242));
#11906 = CARTESIAN_POINT('',(-0.78910374698,0.427024439631));
#11907 = CARTESIAN_POINT('',(-0.774017398969,0.464594098152));
#11908 = CARTESIAN_POINT('',(-0.756442806751,0.50120141375));
#11909 = CARTESIAN_POINT('',(-0.736549771498,0.536620040926));
#11910 = CARTESIAN_POINT('',(-0.727184338585,0.553294760116));
#11911 = CARTESIAN_POINT('',(-0.717304281316,0.569705964169));
#11912 = CARTESIAN_POINT('',(-0.706923462771,0.585829212218));
#11913 = CARTESIAN_POINT('',(-0.701483174457,0.594278942609));
#11914 = CARTESIAN_POINT('',(-0.695905312419,0.602649572193));
#11915 = CARTESIAN_POINT('',(-0.690191620147,0.610937471376));
#11916 = CARTESIAN_POINT('',(-0.686061545042,0.616928281601));
#11917 = CARTESIAN_POINT('',(-0.681861286592,0.622874586442));
#11918 = CARTESIAN_POINT('',(-0.677597417202,0.628767289516));
#11919 = CARTESIAN_POINT('',(-0.652799734917,0.663037893332));
#11920 = CARTESIAN_POINT('',(-0.625804286272,0.695569992473));
#11921 = CARTESIAN_POINT('',(-0.596808999707,0.726127753625));
#11922 = CARTESIAN_POINT('',(-0.567969217175,0.756521631069));
#11923 = CARTESIAN_POINT('',(-0.537150463394,0.784963474732));
#11924 = CARTESIAN_POINT('',(-0.504499592142,0.811205494984));
#11925 = CARTESIAN_POINT('',(-0.479129336824,0.831595969367));
#11926 = CARTESIAN_POINT('',(-0.452651906416,0.850658163842));
#11927 = CARTESIAN_POINT('',(-0.425119128515,0.86826222368));
#11928 = ( GEOMETRIC_REPRESENTATION_CONTEXT(2) 
PARAMETRIC_REPRESENTATION_CONTEXT() REPRESENTATION_CONTEXT('2D SPACE',''
  ) );
#11929 = ORIENTED_EDGE('',*,*,#9394,.T.);
#11930 = ORIENTED_EDGE('',*,*,#9764,.T.);
#11931 = ORIENTED_EDGE('',*,*,#9876,.T.);
#11932 = ORIENTED_EDGE('',*,*,#9988,.T.);
#11933 = ORIENTED_EDGE('',*,*,#10103,.T.);
#11934 = ORIENTED_EDGE('',*,*,#10215,.T.);
#11935 = ORIENTED_EDGE('',*,*,#10327,.T.);
#11936 = ORIENTED_EDGE('',*,*,#10442,.T.);
#11937 = ORIENTED_EDGE('',*,*,#10557,.T.);
#11938 = ORIENTED_EDGE('',*,*,#10669,.T.);
#11939 = ORIENTED_EDGE('',*,*,#11940,.T.);
#11940 = EDGE_CURVE('',#10602,#11941,#11943,.T.);
#11941 = VERTEX_POINT('',#11942);
#11942 = CARTESIAN_POINT('',(0.425119128515,-0.87326222368,12.3));
#11943 = SURFACE_CURVE('',#11944,(#11964,#11971),.PCURVE_S1.);
#11944 = B_SPLINE_CURVE_WITH_KNOTS('',3,(#11945,#11946,#11947,#11948,
    #11949,#11950,#11951,#11952,#11953,#11954,#11955,#11956,#11957,
    #11958,#11959,#11960,#11961,#11962,#11963),.UNSPECIFIED.,.F.,.F.,(4,
    3,3,3,3,3,4),(57.66415437362,57.908375256514,58.906795519557,
    59.905215782601,60.903636045644,61.902056308687,62.831853071796),
  .UNSPECIFIED.);
#11945 = CARTESIAN_POINT('',(0.966635235605,-4.10272182374E-03,
    11.97101408311));
#11946 = CARTESIAN_POINT('',(0.967352917951,7.459820666962E-02,
    11.976196611206));
#11947 = CARTESIAN_POINT('',(0.958549173827,0.153139790953,
    11.981379139302));
#11948 = CARTESIAN_POINT('',(0.939606837152,0.229153501722,
    11.986561667398));
#11949 = CARTESIAN_POINT('',(0.862167051734,0.539911649023,
    12.007748803417));
#11950 = CARTESIAN_POINT('',(0.615278329177,0.808420788072,
    12.028935939437));
#11951 = CARTESIAN_POINT('',(0.312097061041,0.911655802412,
    12.050123075456));
#11952 = CARTESIAN_POINT('',(8.915792904203E-03,1.014890816752,
    12.071310211476));
#11953 = CARTESIAN_POINT('',(-0.350558020811,0.952851706385,
    12.092497347496));
#11954 = CARTESIAN_POINT('',(-0.601534016019,0.753877288925,
    12.113684483515));
#11955 = CARTESIAN_POINT('',(-0.852510011228,0.554902871465,
    12.134871619535));
#11956 = CARTESIAN_POINT('',(-0.994988187929,0.218993146913,
    12.156058755554));
#11957 = CARTESIAN_POINT('',(-0.963696727407,-9.969336349677E-02,
    12.177245891574));
#11958 = CARTESIAN_POINT('',(-0.932405266886,-0.418379873907,
    12.198433027593));
#11959 = CARTESIAN_POINT('',(-0.727344169142,-0.719843170176,
    12.219620163613));
#11960 = CARTESIAN_POINT('',(-0.442438687097,-0.866264130315,
    12.240807299632));
#11961 = CARTESIAN_POINT('',(-0.17711535102,-1.002621273523,
    12.260538199755));
#11962 = CARTESIAN_POINT('',(0.157453821118,-1.004516409364,
    12.280269099877));
#11963 = CARTESIAN_POINT('',(0.426132256845,-0.874562067798,12.3));
#11964 = PCURVE('',#9411,#11965);
#11965 = DEFINITIONAL_REPRESENTATION('',(#11966),#11970);
#11966 = LINE('',#11967,#11968);
#11967 = CARTESIAN_POINT('',(2.629830476159E-02,8.309291351765));
#11968 = VECTOR('',#11969,1.);
#11969 = DIRECTION('',(-1.356265021124E-16,1.));
#11970 = ( GEOMETRIC_REPRESENTATION_CONTEXT(2) 
PARAMETRIC_REPRESENTATION_CONTEXT() REPRESENTATION_CONTEXT('2D SPACE',''
  ) );
#11971 = PCURVE('',#10617,#11972);
#11972 = DEFINITIONAL_REPRESENTATION('',(#11973),#11976);
#11973 = B_SPLINE_CURVE_WITH_KNOTS('',1,(#11974,#11975),.UNSPECIFIED.,
  .F.,.F.,(2,2),(57.66415437362,62.831494630716),
  .PIECEWISE_BEZIER_KNOTS.);
#11974 = CARTESIAN_POINT('',(3.142520902308,3.67101408311));
#11975 = CARTESIAN_POINT('',(8.309284284153,3.999977180932));
#11976 = ( GEOMETRIC_REPRESENTATION_CONTEXT(2) 
PARAMETRIC_REPRESENTATION_CONTEXT() REPRESENTATION_CONTEXT('2D SPACE',''
  ) );
#11977 = ORIENTED_EDGE('',*,*,#11978,.T.);
#11978 = EDGE_CURVE('',#11941,#10772,#11979,.T.);
#11979 = SURFACE_CURVE('',#11980,(#12054,#12171),.PCURVE_S1.);
#11980 = B_SPLINE_CURVE_WITH_KNOTS('',3,(#11981,#11982,#11983,#11984,
    #11985,#11986,#11987,#11988,#11989,#11990,#11991,#11992,#11993,
    #11994,#11995,#11996,#11997,#11998,#11999,#12000,#12001,#12002,
    #12003,#12004,#12005,#12006,#12007,#12008,#12009,#12010,#12011,
    #12012,#12013,#12014,#12015,#12016,#12017,#12018,#12019,#12020,
    #12021,#12022,#12023,#12024,#12025,#12026,#12027,#12028,#12029,
    #12030,#12031,#12032,#12033,#12034,#12035,#12036,#12037,#12038,
    #12039,#12040,#12041,#12042,#12043,#12044,#12045,#12046,#12047,
    #12048,#12049,#12050,#12051,#12052,#12053),.UNSPECIFIED.,.F.,.F.,(4,
    3,3,3,3,3,3,3,3,3,3,3,3,3,3,3,3,3,3,3,3,3,3,3,4),(0.,
    6.662377139223E-03,1.937645077411E-02,2.921017726324E-02,
    3.462691552029E-02,3.68905893284E-02,4.92049925671E-02,
    6.141531009711E-02,7.160513309822E-02,7.411815982366E-02,
    8.60822112554E-02,9.735850070049E-02,9.804626268713E-02,
    0.10371652792,0.106937881306,0.118342561536,0.129711673949,
    0.133987311497,0.13675603394,0.139160111326,0.149017023604,
    0.157523706544,0.160202840732,0.170521352393,0.17858776044),
  .UNSPECIFIED.);
#11981 = CARTESIAN_POINT('',(0.426132256845,-0.874562067798,12.3));
#11982 = CARTESIAN_POINT('',(0.444808710435,-0.862728410825,12.3));
#11983 = CARTESIAN_POINT('',(0.463010477742,-0.850231344893,12.3));
#11984 = CARTESIAN_POINT('',(0.480698340241,-0.837070671255,12.3));
#11985 = CARTESIAN_POINT('',(0.514452776766,-0.811955645458,12.3));
#11986 = CARTESIAN_POINT('',(0.546338443057,-0.784425718435,12.3));
#11987 = CARTESIAN_POINT('',(0.576233215845,-0.754769447944,12.3));
#11988 = CARTESIAN_POINT('',(0.599355389547,-0.731831744335,12.3));
#11989 = CARTESIAN_POINT('',(0.621285803204,-0.707620986869,12.3));
#11990 = CARTESIAN_POINT('',(0.641948740574,-0.682261384078,12.3));
#11991 = CARTESIAN_POINT('',(0.653330562459,-0.66829248523,12.3));
#11992 = CARTESIAN_POINT('',(0.66432750207,-0.653974905777,12.3));
#11993 = CARTESIAN_POINT('',(0.674924507097,-0.639329034918,12.3));
#11994 = CARTESIAN_POINT('',(0.679353032455,-0.63320847441,12.3));
#11995 = CARTESIAN_POINT('',(0.683712324858,-0.627029655376,12.3));
#11996 = CARTESIAN_POINT('',(0.687999217273,-0.620796944844,12.3));
#11997 = CARTESIAN_POINT('',(0.711319945574,-0.586890950753,12.3));
#11998 = CARTESIAN_POINT('',(0.732389474432,-0.551556867186,12.3));
#11999 = CARTESIAN_POINT('',(0.751089073967,-0.515061165301,12.3));
#12000 = CARTESIAN_POINT('',(0.769630617848,-0.478873938046,12.3));
#12001 = CARTESIAN_POINT('',(0.785842410449,-0.441543373165,12.3));
#12002 = CARTESIAN_POINT('',(0.799558684722,-0.403320388345,12.3));
#12003 = CARTESIAN_POINT('',(0.811005267233,-0.371422327632,12.3));
#12004 = CARTESIAN_POINT('',(0.820713102454,-0.338902263428,12.3));
#12005 = CARTESIAN_POINT('',(0.828556695524,-0.305910630467,12.3));
#12006 = CARTESIAN_POINT('',(0.830491092128,-0.297774193225,12.3));
#12007 = CARTESIAN_POINT('',(0.832310145406,-0.289616551209,12.3));
#12008 = CARTESIAN_POINT('',(0.834011342936,-0.28144579804,12.3));
#12009 = CARTESIAN_POINT('',(0.842110427016,-0.242546366463,12.3));
#12010 = CARTESIAN_POINT('',(0.847552819275,-0.203307553151,12.3));
#12011 = CARTESIAN_POINT('',(0.850184099752,-0.163973792654,12.3));
#12012 = CARTESIAN_POINT('',(0.852664119204,-0.126901161292,12.3));
#12013 = CARTESIAN_POINT('',(0.852646656189,-8.974331781958E-02,12.3));
#12014 = CARTESIAN_POINT('',(0.849954241202,-5.271747066323E-02,12.3));
#12015 = CARTESIAN_POINT('',(0.849790025775,-5.045919498475E-02,12.3));
#12016 = CARTESIAN_POINT('',(0.84961584453,-4.820141666773E-02,12.3));
#12017 = CARTESIAN_POINT('',(0.849431651325,-4.594418765444E-02,12.3));
#12018 = CARTESIAN_POINT('',(0.847913067358,-2.733442519869E-02,12.3));
#12019 = CARTESIAN_POINT('',(0.845714112432,-8.76184518996E-03,12.3));
#12020 = CARTESIAN_POINT('',(0.842847472979,9.74298581123E-03,12.3));
#12021 = CARTESIAN_POINT('',(0.841218896833,2.025582736924E-02,12.3));
#12022 = CARTESIAN_POINT('',(0.839373645928,3.075151530358E-02,12.3));
#12023 = CARTESIAN_POINT('',(0.837320131837,4.119502428608E-02,12.3));
#12024 = CARTESIAN_POINT('',(0.830049997594,7.816857738058E-02,12.3));
#12025 = CARTESIAN_POINT('',(0.820165785529,0.114554262732,12.3));
#12026 = CARTESIAN_POINT('',(0.807827790988,0.150123492938,12.3));
#12027 = CARTESIAN_POINT('',(0.795528274995,0.185581793259,12.3));
#12028 = CARTESIAN_POINT('',(0.780789301968,0.220229741297,12.3));
#12029 = CARTESIAN_POINT('',(0.763730030611,0.253808574092,12.3));
#12030 = CARTESIAN_POINT('',(0.757314467241,0.266436729491,12.3));
#12031 = CARTESIAN_POINT('',(0.75057040992,0.278913271778,12.3));
#12032 = CARTESIAN_POINT('',(0.743503159188,0.291222805998,12.3));
#12033 = CARTESIAN_POINT('',(0.738926705855,0.299193940893,12.3));
#12034 = CARTESIAN_POINT('',(0.734214717261,0.307095024599,12.3));
#12035 = CARTESIAN_POINT('',(0.729368537806,0.314921642979,12.3));
#12036 = CARTESIAN_POINT('',(0.725160607731,0.321717483532,12.3));
#12037 = CARTESIAN_POINT('',(0.720853516441,0.32845378508,12.3));
#12038 = CARTESIAN_POINT('',(0.716452884333,0.33512133306,12.3));
#12039 = CARTESIAN_POINT('',(0.698409935755,0.362458820588,12.3));
#12040 = CARTESIAN_POINT('',(0.678774647062,0.388677356441,12.3));
#12041 = CARTESIAN_POINT('',(0.657630604885,0.413599073768,12.3));
#12042 = CARTESIAN_POINT('',(0.639382936876,0.435106939682,12.3));
#12043 = CARTESIAN_POINT('',(0.620011015851,0.455648727558,12.3));
#12044 = CARTESIAN_POINT('',(0.59956019291,0.475090697656,12.3));
#12045 = CARTESIAN_POINT('',(0.593119315859,0.481213841913,12.3));
#12046 = CARTESIAN_POINT('',(0.586572300633,0.487226677219,12.3));
#12047 = CARTESIAN_POINT('',(0.579929870182,0.493117016785,12.3));
#12048 = CARTESIAN_POINT('',(0.554346979876,0.5158032778,12.3));
#12049 = CARTESIAN_POINT('',(0.527314027875,0.53671080334,12.3));
#12050 = CARTESIAN_POINT('',(0.498921088982,0.555607769937,12.3));
#12051 = CARTESIAN_POINT('',(0.476725152371,0.570380311599,12.3));
#12052 = CARTESIAN_POINT('',(0.453697590633,0.583923407177,12.3));
#12053 = CARTESIAN_POINT('',(0.429877377952,0.596104350279,12.3));
#12054 = PCURVE('',#9411,#12055);
#12055 = DEFINITIONAL_REPRESENTATION('',(#12056),#12170);
#12056 = B_SPLINE_CURVE_WITH_KNOTS('',3,(#12057,#12058,#12059,#12060,
    #12061,#12062,#12063,#12064,#12065,#12066,#12067,#12068,#12069,
    #12070,#12071,#12072,#12073,#12074,#12075,#12076,#12077,#12078,
    #12079,#12080,#12081,#12082,#12083,#12084,#12085,#12086,#12087,
    #12088,#12089,#12090,#12091,#12092,#12093,#12094,#12095,#12096,
    #12097,#12098,#12099,#12100,#12101,#12102,#12103,#12104,#12105,
    #12106,#12107,#12108,#12109,#12110,#12111,#12112,#12113,#12114,
    #12115,#12116,#12117,#12118,#12119,#12120,#12121,#12122,#12123,
    #12124,#12125,#12126,#12127,#12128,#12129,#12130,#12131,#12132,
    #12133,#12134,#12135,#12136,#12137,#12138,#12139,#12140,#12141,
    #12142,#12143,#12144,#12145,#12146,#12147,#12148,#12149,#12150,
    #12151,#12152,#12153,#12154,#12155,#12156,#12157,#12158,#12159,
    #12160,#12161,#12162,#12163,#12164,#12165,#12166,#12167,#12168,
    #12169),.UNSPECIFIED.,.F.,.F.,(4,1,1,1,1,1,1,1,1,1,1,1,1,1,1,1,1,1,1
    ,1,1,1,1,1,1,1,1,1,1,1,1,1,1,1,1,1,1,1,1,1,1,1,1,1,1,1,1,1,1,1,1,1,1
    ,1,1,1,1,1,1,1,1,1,1,1,1,1,1,1,1,1,1,1,1,1,1,1,1,1,1,1,1,1,1,1,1,1,1
    ,1,1,1,1,1,1,1,1,1,1,1,1,1,1,1,1,1,1,1,1,1,1,1,4),(0.,
    1.623525094905E-03,3.247050189809E-03,4.870575284714E-03,
    6.494100379618E-03,8.117625474523E-03,9.741150569428E-03,
    1.136467566433E-02,1.298820075924E-02,1.461172585414E-02,
    1.623525094905E-02,1.785877604395E-02,1.948230113886E-02,
    2.110582623376E-02,2.272935132866E-02,2.435287642357E-02,
    2.597640151847E-02,2.759992661338E-02,2.922345170828E-02,
    3.084697680319E-02,3.247050189809E-02,3.4094026993E-02,
    3.57175520879E-02,3.734107718281E-02,3.896460227771E-02,
    4.058812737261E-02,4.221165246752E-02,4.383517756242E-02,
    4.545870265733E-02,4.708222775223E-02,4.870575284714E-02,
    5.032927794204E-02,5.195280303695E-02,5.357632813185E-02,
    5.519985322676E-02,5.682337832166E-02,5.844690341657E-02,
    6.007042851147E-02,6.169395360637E-02,6.331747870128E-02,
    6.494100379618E-02,6.656452889109E-02,6.818805398599E-02,
    6.98115790809E-02,7.14351041758E-02,7.305862927071E-02,
    7.468215436561E-02,7.630567946052E-02,7.792920455542E-02,
    7.955272965032E-02,8.117625474523E-02,8.279977984013E-02,
    8.442330493504E-02,8.604683002994E-02,8.767035512485E-02,
    8.929388021975E-02,9.091740531466E-02,9.254093040956E-02,
    9.416445550447E-02,9.578798059937E-02,9.741150569428E-02,
    9.903503078918E-02,0.100658555884,0.102282080979,0.103905606074,
    0.105529131169,0.107152656264,0.108776181359,0.110399706454,
    0.112023231548,0.113646756643,0.115270281738,0.116893806833,
    0.118517331928,0.120140857023,0.121764382118,0.123387907213,
    0.125011432308,0.126634957403,0.128258482497,0.129882007592,
    0.131505532687,0.133129057782,0.134752582877,0.136376107972,
    0.137999633067,0.139623158162,0.141246683257,0.142870208352,
    0.144493733447,0.146117258541,0.147740783636,0.149364308731,
    0.150987833826,0.152611358921,0.154234884016,0.155858409111,
    0.157481934206,0.159105459301,0.160728984396,0.16235250949,
    0.163976034585,0.16559955968,0.167223084775,0.16884660987,
    0.170470134965,0.17209366006,0.173717185155,0.17534071025,
    0.176964235345,0.17858776044),.QUASI_UNIFORM_KNOTS.);
#12057 = CARTESIAN_POINT('',(2.629830476159E-02,71.141144423561));
#12058 = CARTESIAN_POINT('',(2.62274901049E-02,71.146706244354));
#12059 = CARTESIAN_POINT('',(2.608579374801E-02,71.157835249144));
#12060 = CARTESIAN_POINT('',(2.587302566763E-02,71.174546298079));
#12061 = CARTESIAN_POINT('',(2.566000988132E-02,71.191276340417));
#12062 = CARTESIAN_POINT('',(2.544672834078E-02,71.208026829516));
#12063 = CARTESIAN_POINT('',(2.523318615904E-02,71.224799314481));
#12064 = CARTESIAN_POINT('',(2.501936432172E-02,71.24159526726));
#12065 = CARTESIAN_POINT('',(2.480522070035E-02,71.258416035768));
#12066 = CARTESIAN_POINT('',(2.459072787723E-02,71.275263046682));
#12067 = CARTESIAN_POINT('',(2.437586313455E-02,71.292137747901));
#12068 = CARTESIAN_POINT('',(2.416061159448E-02,71.309041619778));
#12069 = CARTESIAN_POINT('',(2.394496373371E-02,71.325976167375));
#12070 = CARTESIAN_POINT('',(2.372892223456E-02,71.342942920349));
#12071 = CARTESIAN_POINT('',(2.351247686826E-02,71.359943421817));
#12072 = CARTESIAN_POINT('',(2.329558470128E-02,71.376979007147));
#12073 = CARTESIAN_POINT('',(2.307822143553E-02,71.394051069217));
#12074 = CARTESIAN_POINT('',(2.28603650722E-02,71.411161049332));
#12075 = CARTESIAN_POINT('',(2.264199956143E-02,71.428310431207));
#12076 = CARTESIAN_POINT('',(2.242311751025E-02,71.445500761981));
#12077 = CARTESIAN_POINT('',(2.220370668886E-02,71.462733561848));
#12078 = CARTESIAN_POINT('',(2.198373445879E-02,71.480010160819));
#12079 = CARTESIAN_POINT('',(2.176318280494E-02,71.497332048382));
#12080 = CARTESIAN_POINT('',(2.154203952686E-02,71.514700643759));
#12081 = CARTESIAN_POINT('',(2.132024280525E-02,71.532120242239));
#12082 = CARTESIAN_POINT('',(2.109820569475E-02,71.549560895785));
#12083 = CARTESIAN_POINT('',(2.087590803049E-02,71.567022498846));
#12084 = CARTESIAN_POINT('',(2.065330599828E-02,71.584507142404));
#12085 = CARTESIAN_POINT('',(2.043037193354E-02,71.602016370248));
#12086 = CARTESIAN_POINT('',(2.020708355317E-02,71.619551908703));
#12087 = CARTESIAN_POINT('',(1.998342747914E-02,71.63711547137));
#12088 = CARTESIAN_POINT('',(1.975939620246E-02,71.654708790382));
#12089 = CARTESIAN_POINT('',(1.953499703864E-02,71.672333666387));
#12090 = CARTESIAN_POINT('',(1.931019432327E-02,71.689991826294));
#12091 = CARTESIAN_POINT('',(1.908494606406E-02,71.707684769148));
#12092 = CARTESIAN_POINT('',(1.885922022017E-02,71.725414116153));
#12093 = CARTESIAN_POINT('',(1.863299059506E-02,71.743181526663));
#12094 = CARTESIAN_POINT('',(1.840623875697E-02,71.760988718793));
#12095 = CARTESIAN_POINT('',(1.817895206864E-02,71.778837455633));
#12096 = CARTESIAN_POINT('',(1.795113132256E-02,71.796729563231));
#12097 = CARTESIAN_POINT('',(1.772276258694E-02,71.814666854053));
#12098 = CARTESIAN_POINT('',(1.749380021168E-02,71.832650803474));
#12099 = CARTESIAN_POINT('',(1.726421471088E-02,71.850682954649));
#12100 = CARTESIAN_POINT('',(1.703397850744E-02,71.868765115646));
#12101 = CARTESIAN_POINT('',(1.680308016372E-02,71.886898445481));
#12102 = CARTESIAN_POINT('',(1.657148460461E-02,71.905086897785));
#12103 = CARTESIAN_POINT('',(1.633928098716E-02,71.923324342562));
#12104 = CARTESIAN_POINT('',(1.61068080106E-02,71.941582472081));
#12105 = CARTESIAN_POINT('',(1.587403699311E-02,71.95986655073));
#12106 = CARTESIAN_POINT('',(1.564091398254E-02,71.978178581202));
#12107 = CARTESIAN_POINT('',(1.540739777447E-02,71.996520403662));
#12108 = CARTESIAN_POINT('',(1.517345490186E-02,72.014893968128));
#12109 = CARTESIAN_POINT('',(1.4939061441E-02,72.033301253751));
#12110 = CARTESIAN_POINT('',(1.470420273993E-02,72.051744291766));
#12111 = CARTESIAN_POINT('',(1.446887471119E-02,72.070225124229));
#12112 = CARTESIAN_POINT('',(1.423308100953E-02,72.088745913));
#12113 = CARTESIAN_POINT('',(1.399676642303E-02,72.107308479107));
#12114 = CARTESIAN_POINT('',(1.375988723368E-02,72.125914624444));
#12115 = CARTESIAN_POINT('',(1.352240774716E-02,72.144566257711));
#12116 = CARTESIAN_POINT('',(1.32843027888E-02,72.163265358051));
#12117 = CARTESIAN_POINT('',(1.304555471167E-02,72.182013961419));
#12118 = CARTESIAN_POINT('',(1.280616647457E-02,72.20081421348));
#12119 = CARTESIAN_POINT('',(1.256611585933E-02,72.21966812768));
#12120 = CARTESIAN_POINT('',(1.23253574105E-02,72.238577433402));
#12121 = CARTESIAN_POINT('',(1.208385937593E-02,72.257544451993));
#12122 = CARTESIAN_POINT('',(1.184162270204E-02,72.27656969323));
#12123 = CARTESIAN_POINT('',(1.159853262529E-02,72.2956611219));
#12124 = CARTESIAN_POINT('',(1.135495108828E-02,72.314792540537));
#12125 = CARTESIAN_POINT('',(1.111106048464E-02,72.333949231978));
#12126 = CARTESIAN_POINT('',(1.086676590989E-02,72.353138828147));
#12127 = CARTESIAN_POINT('',(1.062202760026E-02,72.37236207737));
#12128 = CARTESIAN_POINT('',(1.037680420541E-02,72.391621649844));
#12129 = CARTESIAN_POINT('',(1.013106837224E-02,72.410919767132));
#12130 = CARTESIAN_POINT('',(9.884801343959E-03,72.430258840602));
#12131 = CARTESIAN_POINT('',(9.637999187001E-03,72.449641250782));
#12132 = CARTESIAN_POINT('',(9.390653133283E-03,72.469069560274));
#12133 = CARTESIAN_POINT('',(9.142702209984E-03,72.488545862917));
#12134 = CARTESIAN_POINT('',(8.894102380407E-03,72.508072294187));
#12135 = CARTESIAN_POINT('',(8.644815352492E-03,72.527651095647));
#12136 = CARTESIAN_POINT('',(8.394812840173E-03,72.547284600611));
#12137 = CARTESIAN_POINT('',(8.144072739661E-03,72.566975205328));
#12138 = CARTESIAN_POINT('',(7.892592260975E-03,72.586725475835));
#12139 = CARTESIAN_POINT('',(7.640340285037E-03,72.606537715468));
#12140 = CARTESIAN_POINT('',(7.387265212482E-03,72.626414006708));
#12141 = CARTESIAN_POINT('',(7.13334615013E-03,72.646356759732));
#12142 = CARTESIAN_POINT('',(6.878551671989E-03,72.666368291355));
#12143 = CARTESIAN_POINT('',(6.622851603967E-03,72.686450809793));
#12144 = CARTESIAN_POINT('',(6.366615923117E-03,72.706575416484));
#12145 = CARTESIAN_POINT('',(6.109865544495E-03,72.726742209742));
#12146 = CARTESIAN_POINT('',(5.852517659871E-03,72.746955947193));
#12147 = CARTESIAN_POINT('',(5.594531289078E-03,72.767218555655));
#12148 = CARTESIAN_POINT('',(5.335868050614E-03,72.787532840364));
#12149 = CARTESIAN_POINT('',(5.076501127896E-03,72.807901476739));
#12150 = CARTESIAN_POINT('',(4.816421267301E-03,72.828327300535));
#12151 = CARTESIAN_POINT('',(4.5556044968E-03,72.84881311804));
#12152 = CARTESIAN_POINT('',(4.293989479578E-03,72.869361285307));
#12153 = CARTESIAN_POINT('',(4.031534629335E-03,72.889974379015));
#12154 = CARTESIAN_POINT('',(3.768205605609E-03,72.910654984886));
#12155 = CARTESIAN_POINT('',(3.503982011142E-03,72.931406203036));
#12156 = CARTESIAN_POINT('',(3.238847796935E-03,72.952229803201));
#12157 = CARTESIAN_POINT('',(2.973101278912E-03,72.973101398347));
#12158 = CARTESIAN_POINT('',(2.706780335155E-03,72.99402053212));
#12159 = CARTESIAN_POINT('',(2.439785104726E-03,73.014992678539));
#12160 = CARTESIAN_POINT('',(2.172067281691E-03,73.036019965438));
#12161 = CARTESIAN_POINT('',(1.90358099222E-03,73.057105567047));
#12162 = CARTESIAN_POINT('',(1.634295963741E-03,73.078252514759));
#12163 = CARTESIAN_POINT('',(1.364198570914E-03,73.099464006112));
#12164 = CARTESIAN_POINT('',(1.093279225812E-03,73.120743294936));
#12165 = CARTESIAN_POINT('',(8.214610409382E-04,73.142093067399));
#12166 = CARTESIAN_POINT('',(5.486944568967E-04,73.163516188299));
#12167 = CARTESIAN_POINT('',(2.749381505533E-04,73.185015658928));
#12168 = CARTESIAN_POINT('',(9.176106457055E-05,73.199401666349));
#12169 = CARTESIAN_POINT('',(0.,73.206608449583));
#12170 = ( GEOMETRIC_REPRESENTATION_CONTEXT(2) 
PARAMETRIC_REPRESENTATION_CONTEXT() REPRESENTATION_CONTEXT('2D SPACE',''
  ) );
#12171 = PCURVE('',#10788,#12172);
#12172 = DEFINITIONAL_REPRESENTATION('',(#12173),#12247);
#12173 = B_SPLINE_CURVE_WITH_KNOTS('',3,(#12174,#12175,#12176,#12177,
    #12178,#12179,#12180,#12181,#12182,#12183,#12184,#12185,#12186,
    #12187,#12188,#12189,#12190,#12191,#12192,#12193,#12194,#12195,
    #12196,#12197,#12198,#12199,#12200,#12201,#12202,#12203,#12204,
    #12205,#12206,#12207,#12208,#12209,#12210,#12211,#12212,#12213,
    #12214,#12215,#12216,#12217,#12218,#12219,#12220,#12221,#12222,
    #12223,#12224,#12225,#12226,#12227,#12228,#12229,#12230,#12231,
    #12232,#12233,#12234,#12235,#12236,#12237,#12238,#12239,#12240,
    #12241,#12242,#12243,#12244,#12245,#12246),.UNSPECIFIED.,.F.,.F.,(4,
    3,3,3,3,3,3,3,3,3,3,3,3,3,3,3,3,3,3,3,3,3,3,3,4),(0.,
    6.662377139223E-03,1.937645077411E-02,2.921017726324E-02,
    3.462691552029E-02,3.68905893284E-02,4.92049925671E-02,
    6.141531009711E-02,7.160513309822E-02,7.411815982366E-02,
    8.60822112554E-02,9.735850070049E-02,9.804626268713E-02,
    0.10371652792,0.106937881306,0.118342561536,0.129711673949,
    0.133987311497,0.13675603394,0.139160111326,0.149017023604,
    0.157523706544,0.160202840732,0.170521352393,0.17858776044),
  .UNSPECIFIED.);
#12174 = CARTESIAN_POINT('',(-0.426132256845,0.869562067798));
#12175 = CARTESIAN_POINT('',(-0.444808710435,0.857728410825));
#12176 = CARTESIAN_POINT('',(-0.463010477742,0.845231344893));
#12177 = CARTESIAN_POINT('',(-0.480698340241,0.832070671255));
#12178 = CARTESIAN_POINT('',(-0.514452776766,0.806955645458));
#12179 = CARTESIAN_POINT('',(-0.546338443057,0.779425718435));
#12180 = CARTESIAN_POINT('',(-0.576233215845,0.749769447944));
#12181 = CARTESIAN_POINT('',(-0.599355389547,0.726831744335));
#12182 = CARTESIAN_POINT('',(-0.621285803204,0.702620986869));
#12183 = CARTESIAN_POINT('',(-0.641948740574,0.677261384078));
#12184 = CARTESIAN_POINT('',(-0.653330562459,0.66329248523));
#12185 = CARTESIAN_POINT('',(-0.66432750207,0.648974905777));
#12186 = CARTESIAN_POINT('',(-0.674924507097,0.634329034918));
#12187 = CARTESIAN_POINT('',(-0.679353032455,0.62820847441));
#12188 = CARTESIAN_POINT('',(-0.683712324858,0.622029655376));
#12189 = CARTESIAN_POINT('',(-0.687999217273,0.615796944844));
#12190 = CARTESIAN_POINT('',(-0.711319945574,0.581890950753));
#12191 = CARTESIAN_POINT('',(-0.732389474432,0.546556867186));
#12192 = CARTESIAN_POINT('',(-0.751089073967,0.510061165301));
#12193 = CARTESIAN_POINT('',(-0.769630617848,0.473873938046));
#12194 = CARTESIAN_POINT('',(-0.785842410449,0.436543373165));
#12195 = CARTESIAN_POINT('',(-0.799558684722,0.398320388345));
#12196 = CARTESIAN_POINT('',(-0.811005267233,0.366422327632));
#12197 = CARTESIAN_POINT('',(-0.820713102454,0.333902263428));
#12198 = CARTESIAN_POINT('',(-0.828556695524,0.300910630467));
#12199 = CARTESIAN_POINT('',(-0.830491092128,0.292774193225));
#12200 = CARTESIAN_POINT('',(-0.832310145406,0.284616551209));
#12201 = CARTESIAN_POINT('',(-0.834011342936,0.27644579804));
#12202 = CARTESIAN_POINT('',(-0.842110427016,0.237546366463));
#12203 = CARTESIAN_POINT('',(-0.847552819275,0.198307553151));
#12204 = CARTESIAN_POINT('',(-0.850184099752,0.158973792654));
#12205 = CARTESIAN_POINT('',(-0.852664119204,0.121901161292));
#12206 = CARTESIAN_POINT('',(-0.852646656189,8.474331781958E-02));
#12207 = CARTESIAN_POINT('',(-0.849954241202,4.771747066323E-02));
#12208 = CARTESIAN_POINT('',(-0.849790025775,4.545919498475E-02));
#12209 = CARTESIAN_POINT('',(-0.84961584453,4.320141666773E-02));
#12210 = CARTESIAN_POINT('',(-0.849431651325,4.094418765444E-02));
#12211 = CARTESIAN_POINT('',(-0.847913067358,2.233442519869E-02));
#12212 = CARTESIAN_POINT('',(-0.845714112432,3.76184518996E-03));
#12213 = CARTESIAN_POINT('',(-0.842847472979,-1.474298581123E-02));
#12214 = CARTESIAN_POINT('',(-0.841218896833,-2.525582736924E-02));
#12215 = CARTESIAN_POINT('',(-0.839373645928,-3.575151530358E-02));
#12216 = CARTESIAN_POINT('',(-0.837320131837,-4.619502428608E-02));
#12217 = CARTESIAN_POINT('',(-0.830049997594,-8.316857738058E-02));
#12218 = CARTESIAN_POINT('',(-0.820165785529,-0.119554262732));
#12219 = CARTESIAN_POINT('',(-0.807827790988,-0.155123492938));
#12220 = CARTESIAN_POINT('',(-0.795528274995,-0.190581793259));
#12221 = CARTESIAN_POINT('',(-0.780789301968,-0.225229741297));
#12222 = CARTESIAN_POINT('',(-0.763730030611,-0.258808574092));
#12223 = CARTESIAN_POINT('',(-0.757314467241,-0.271436729491));
#12224 = CARTESIAN_POINT('',(-0.75057040992,-0.283913271778));
#12225 = CARTESIAN_POINT('',(-0.743503159188,-0.296222805998));
#12226 = CARTESIAN_POINT('',(-0.738926705855,-0.304193940893));
#12227 = CARTESIAN_POINT('',(-0.734214717261,-0.312095024599));
#12228 = CARTESIAN_POINT('',(-0.729368537806,-0.319921642979));
#12229 = CARTESIAN_POINT('',(-0.725160607731,-0.326717483532));
#12230 = CARTESIAN_POINT('',(-0.720853516441,-0.33345378508));
#12231 = CARTESIAN_POINT('',(-0.716452884333,-0.34012133306));
#12232 = CARTESIAN_POINT('',(-0.698409935755,-0.367458820588));
#12233 = CARTESIAN_POINT('',(-0.678774647062,-0.393677356441));
#12234 = CARTESIAN_POINT('',(-0.657630604885,-0.418599073768));
#12235 = CARTESIAN_POINT('',(-0.639382936876,-0.440106939682));
#12236 = CARTESIAN_POINT('',(-0.620011015851,-0.460648727558));
#12237 = CARTESIAN_POINT('',(-0.59956019291,-0.480090697656));
#12238 = CARTESIAN_POINT('',(-0.593119315859,-0.486213841913));
#12239 = CARTESIAN_POINT('',(-0.586572300633,-0.492226677219));
#12240 = CARTESIAN_POINT('',(-0.579929870182,-0.498117016785));
#12241 = CARTESIAN_POINT('',(-0.554346979876,-0.5208032778));
#12242 = CARTESIAN_POINT('',(-0.527314027875,-0.54171080334));
#12243 = CARTESIAN_POINT('',(-0.498921088982,-0.560607769937));
#12244 = CARTESIAN_POINT('',(-0.476725152371,-0.575380311599));
#12245 = CARTESIAN_POINT('',(-0.453697590633,-0.588923407177));
#12246 = CARTESIAN_POINT('',(-0.429877377952,-0.601104350279));
#12247 = ( GEOMETRIC_REPRESENTATION_CONTEXT(2) 
PARAMETRIC_REPRESENTATION_CONTEXT() REPRESENTATION_CONTEXT('2D SPACE',''
  ) );
#12248 = ADVANCED_FACE('',(#12249),#11551,.T.);
#12249 = FACE_BOUND('',#12250,.T.);
#12250 = EDGE_LOOP('',(#12251,#12252,#12253,#12281));
#12251 = ORIENTED_EDGE('',*,*,#11533,.T.);
#12252 = ORIENTED_EDGE('',*,*,#11631,.F.);
#12253 = ORIENTED_EDGE('',*,*,#12254,.F.);
#12254 = EDGE_CURVE('',#12255,#11632,#12257,.T.);
#12255 = VERTEX_POINT('',#12256);
#12256 = CARTESIAN_POINT('',(-0.429877377952,0.596104350279,8.3));
#12257 = SURFACE_CURVE('',#12258,(#12263,#12270),.PCURVE_S1.);
#12258 = CIRCLE('',#12259,0.739);
#12259 = AXIS2_PLACEMENT_3D('',#12260,#12261,#12262);
#12260 = CARTESIAN_POINT('',(0.,-5.E-03,8.3));
#12261 = DIRECTION('',(0.,0.,-1.));
#12262 = DIRECTION('',(-1.,-4.694786132549E-14,-0.));
#12263 = PCURVE('',#11551,#12264);
#12264 = DEFINITIONAL_REPRESENTATION('',(#12265),#12269);
#12265 = LINE('',#12266,#12267);
#12266 = CARTESIAN_POINT('',(-1.110223024625E-16,0.739522559302));
#12267 = VECTOR('',#12268,1.);
#12268 = DIRECTION('',(-1.,0.));
#12269 = ( GEOMETRIC_REPRESENTATION_CONTEXT(2) 
PARAMETRIC_REPRESENTATION_CONTEXT() REPRESENTATION_CONTEXT('2D SPACE',''
  ) );
#12270 = PCURVE('',#9378,#12271);
#12271 = DEFINITIONAL_REPRESENTATION('',(#12272),#12280);
#12272 = ( BOUNDED_CURVE() B_SPLINE_CURVE(2,(#12273,#12274,#12275,#12276
    ,#12277,#12278,#12279),.UNSPECIFIED.,.T.,.F.) 
B_SPLINE_CURVE_WITH_KNOTS((1,2,2,2,2,1),(-2.094395102393,0.,
    2.094395102393,4.188790204786,6.28318530718,8.377580409573),
.UNSPECIFIED.) CURVE() GEOMETRIC_REPRESENTATION_ITEM() 
RATIONAL_B_SPLINE_CURVE((1.,0.5,1.,0.5,1.,0.5,1.)) REPRESENTATION_ITEM(
  '') );
#12273 = CARTESIAN_POINT('',(0.739,3.469446951954E-14));
#12274 = CARTESIAN_POINT('',(0.739,-1.279985546793));
#12275 = CARTESIAN_POINT('',(-0.3695,-0.639992773397));
#12276 = CARTESIAN_POINT('',(-1.478,-6.956994183599E-14));
#12277 = CARTESIAN_POINT('',(-0.3695,0.639992773397));
#12278 = CARTESIAN_POINT('',(0.739,1.279985546793));
#12279 = CARTESIAN_POINT('',(0.739,3.469446951954E-14));
#12280 = ( GEOMETRIC_REPRESENTATION_CONTEXT(2) 
PARAMETRIC_REPRESENTATION_CONTEXT() REPRESENTATION_CONTEXT('2D SPACE',''
  ) );
#12281 = ORIENTED_EDGE('',*,*,#12282,.T.);
#12282 = EDGE_CURVE('',#12255,#11534,#12283,.T.);
#12283 = SURFACE_CURVE('',#12284,(#12293,#12299),.PCURVE_S1.);
#12284 = B_SPLINE_CURVE_WITH_KNOTS('',3,(#12285,#12286,#12287,#12288,
    #12289,#12290,#12291,#12292),.UNSPECIFIED.,.F.,.F.,(4,1,1,1,1,4),(
    11.616393197341,12.614813460385,13.613233723428,14.611653986472,
    15.610074249515,15.707963267949),.UNSPECIFIED.);
#12285 = CARTESIAN_POINT('',(-0.429877377952,0.596104350279,8.3));
#12286 = CARTESIAN_POINT('',(-0.629928965793,0.453038255356,
    8.32118713602));
#12287 = CARTESIAN_POINT('',(-0.872475161832,-4.607329745942E-02,
    8.363561408059));
#12288 = CARTESIAN_POINT('',(-0.437220562371,-0.762111243714,
    8.427122816117));
#12289 = CARTESIAN_POINT('',(0.399241829829,-0.781881456179,
    8.490684224176));
#12290 = CARTESIAN_POINT('',(0.728114859218,-0.298400975028,
    8.535135765703));
#12291 = CARTESIAN_POINT('',(0.74007949784,-2.948988388018E-02,
    8.55840017121));
#12292 = CARTESIAN_POINT('',(0.739917973126,-5.46342241426E-03,
    8.560477440698));
#12293 = PCURVE('',#11551,#12294);
#12294 = DEFINITIONAL_REPRESENTATION('',(#12295),#12298);
#12295 = B_SPLINE_CURVE_WITH_KNOTS('',1,(#12296,#12297),.UNSPECIFIED.,
  .F.,.F.,(2,2),(11.616393197341,15.707963267949),
  .PIECEWISE_BEZIER_KNOTS.);
#12296 = CARTESIAN_POINT('',(-0.949977417018,0.739522559302));
#12297 = CARTESIAN_POINT('',(3.140966337741,1.));
#12298 = ( GEOMETRIC_REPRESENTATION_CONTEXT(2) 
PARAMETRIC_REPRESENTATION_CONTEXT() REPRESENTATION_CONTEXT('2D SPACE',''
  ) );
#12299 = PCURVE('',#9081,#12300);
#12300 = DEFINITIONAL_REPRESENTATION('',(#12301),#12305);
#12301 = LINE('',#12302,#12303);
#12302 = CARTESIAN_POINT('',(2.629830476159E-02,0.));
#12303 = VECTOR('',#12304,1.);
#12304 = DIRECTION('',(-1.780695056756E-17,1.));
#12305 = ( GEOMETRIC_REPRESENTATION_CONTEXT(2) 
PARAMETRIC_REPRESENTATION_CONTEXT() REPRESENTATION_CONTEXT('2D SPACE',''
  ) );
#12306 = ADVANCED_FACE('',(#12307),#9081,.F.);
#12307 = FACE_BOUND('',#12308,.F.);
#12308 = EDGE_LOOP('',(#12309,#12344,#12345,#12346,#12347,#12348,#12349,
    #12350,#12351,#12352,#12353,#12354,#12631,#12632,#12633,#12634,
    #12635,#12636,#12637,#12638,#12639,#12640,#12641,#12642));
#12309 = ORIENTED_EDGE('',*,*,#12310,.T.);
#12310 = EDGE_CURVE('',#12311,#10600,#12313,.T.);
#12311 = VERTEX_POINT('',#12312);
#12312 = CARTESIAN_POINT('',(-0.425119128515,-0.87326222368,12.3));
#12313 = SURFACE_CURVE('',#12314,(#12331,#12338),.PCURVE_S1.);
#12314 = B_SPLINE_CURVE_WITH_KNOTS('',3,(#12315,#12316,#12317,#12318,
    #12319,#12320,#12321,#12322,#12323,#12324,#12325,#12326,#12327,
    #12328,#12329,#12330),.UNSPECIFIED.,.F.,.F.,(4,3,3,3,3,4),(
    -64.89731709781,-63.89889683477,-62.90047657173,-61.90205630868,
    -60.90363604564,-60.64023783522),.UNSPECIFIED.);
#12315 = CARTESIAN_POINT('',(-0.425119128515,-0.87326222368,12.3));
#12316 = CARTESIAN_POINT('',(-0.714082661101,-0.731779706308,
    12.27881286398));
#12317 = CARTESIAN_POINT('',(-0.924349229647,-0.435913396477,
    12.257625727961));
#12318 = CARTESIAN_POINT('',(-0.961601547351,-0.118360054236,
    12.236438591941));
#12319 = CARTESIAN_POINT('',(-0.998853865054,0.199193288006,
    12.215251455922));
#12320 = CARTESIAN_POINT('',(-0.863091931914,0.538433662658,
    12.194064319902));
#12321 = CARTESIAN_POINT('',(-0.616038535333,0.742352556983,
    12.172877183883));
#12322 = CARTESIAN_POINT('',(-0.368985138752,0.946271451308,
    12.151690047863));
#12323 = CARTESIAN_POINT('',(-1.064027872947E-02,1.014868865307,
    12.130502911844));
#12324 = CARTESIAN_POINT('',(0.294495325189,0.917388229747,
    12.109315775824));
#12325 = CARTESIAN_POINT('',(0.599630929108,0.819907594188,
    12.088128639805));
#12326 = CARTESIAN_POINT('',(0.851557276924,0.55634890907,
    12.066941503785));
#12327 = CARTESIAN_POINT('',(0.93492620107,0.247172853528,
    12.045754367766));
#12328 = CARTESIAN_POINT('',(0.956920171182,0.165607582119,
    12.04016488414));
#12329 = CARTESIAN_POINT('',(0.9671828248,8.086741755886E-02,
    12.034575400515));
#12330 = CARTESIAN_POINT('',(0.96642990582,-4.05834585662E-03,
    12.02898591689));
#12331 = PCURVE('',#9081,#12332);
#12332 = DEFINITIONAL_REPRESENTATION('',(#12333),#12337);
#12333 = LINE('',#12334,#12335);
#12334 = CARTESIAN_POINT('',(-3.372737954662E-15,11.616393197341));
#12335 = VECTOR('',#12336,1.);
#12336 = DIRECTION('',(-5.416524754331E-17,-1.));
#12337 = ( GEOMETRIC_REPRESENTATION_CONTEXT(2) 
PARAMETRIC_REPRESENTATION_CONTEXT() REPRESENTATION_CONTEXT('2D SPACE',''
  ) );
#12338 = PCURVE('',#10617,#12339);
#12339 = DEFINITIONAL_REPRESENTATION('',(#12340),#12343);
#12340 = B_SPLINE_CURVE_WITH_KNOTS('',1,(#12341,#12342),.UNSPECIFIED.,
  .F.,.F.,(2,2),(-64.89731709781,-60.64023783522),
  .PIECEWISE_BEZIER_KNOTS.);
#12341 = CARTESIAN_POINT('',(7.398671916184,4.));
#12342 = CARTESIAN_POINT('',(3.142567016903,3.72898591689));
#12343 = ( GEOMETRIC_REPRESENTATION_CONTEXT(2) 
PARAMETRIC_REPRESENTATION_CONTEXT() REPRESENTATION_CONTEXT('2D SPACE',''
  ) );
#12344 = ORIENTED_EDGE('',*,*,#10629,.T.);
#12345 = ORIENTED_EDGE('',*,*,#10517,.T.);
#12346 = ORIENTED_EDGE('',*,*,#10399,.T.);
#12347 = ORIENTED_EDGE('',*,*,#10287,.T.);
#12348 = ORIENTED_EDGE('',*,*,#10175,.T.);
#12349 = ORIENTED_EDGE('',*,*,#10060,.T.);
#12350 = ORIENTED_EDGE('',*,*,#9948,.T.);
#12351 = ORIENTED_EDGE('',*,*,#9836,.T.);
#12352 = ORIENTED_EDGE('',*,*,#9724,.T.);
#12353 = ORIENTED_EDGE('',*,*,#9059,.T.);
#12354 = ORIENTED_EDGE('',*,*,#12355,.T.);
#12355 = EDGE_CURVE('',#9060,#12255,#12356,.T.);
#12356 = SURFACE_CURVE('',#12357,(#12434,#12551),.PCURVE_S1.);
#12357 = B_SPLINE_CURVE_WITH_KNOTS('',3,(#12358,#12359,#12360,#12361,
    #12362,#12363,#12364,#12365,#12366,#12367,#12368,#12369,#12370,
    #12371,#12372,#12373,#12374,#12375,#12376,#12377,#12378,#12379,
    #12380,#12381,#12382,#12383,#12384,#12385,#12386,#12387,#12388,
    #12389,#12390,#12391,#12392,#12393,#12394,#12395,#12396,#12397,
    #12398,#12399,#12400,#12401,#12402,#12403,#12404,#12405,#12406,
    #12407,#12408,#12409,#12410,#12411,#12412,#12413,#12414,#12415,
    #12416,#12417,#12418,#12419,#12420,#12421,#12422,#12423,#12424,
    #12425,#12426,#12427,#12428,#12429,#12430,#12431,#12432,#12433),
  .UNSPECIFIED.,.F.,.F.,(4,3,3,3,3,3,3,3,3,3,3,3,3,3,3,3,3,3,3,3,3,3,3,3
    ,3,4),(-0.177567088092,-0.170942897505,-0.159596627144,
    -0.153152191138,-0.150001034869,-0.137539690003,-0.13036882058,
    -0.127449984902,-0.124583651807,-0.112645371472,-0.100989658539,
    -9.551104760095E-02,-9.308006501806E-02,-9.064451373838E-02,
    -8.017273461439E-02,-7.015114278759E-02,-6.521663953863E-02,
    -6.112078099695E-02,-5.877580014918E-02,-4.758675688442E-02,
    -3.651934360092E-02,-3.15568441547E-02,-2.916553284543E-02,
    -1.855767116601E-02,-8.334606553472E-03,0.),.UNSPECIFIED.);
#12358 = CARTESIAN_POINT('',(-0.426132120478,-0.874562206596,8.3));
#12359 = CARTESIAN_POINT('',(-0.444797202247,-0.862735753533,8.3));
#12360 = CARTESIAN_POINT('',(-0.462999746255,-0.850239363697,8.3));
#12361 = CARTESIAN_POINT('',(-0.480698214162,-0.837070795886,8.3));
#12362 = CARTESIAN_POINT('',(-0.511013103086,-0.814514963788,8.3));
#12363 = CARTESIAN_POINT('',(-0.539850712293,-0.78998779577,8.3));
#12364 = CARTESIAN_POINT('',(-0.567112056926,-0.763691925386,8.3));
#12365 = CARTESIAN_POINT('',(-0.582595910679,-0.748756440111,8.3));
#12366 = CARTESIAN_POINT('',(-0.597570752162,-0.733250025432,8.3));
#12367 = CARTESIAN_POINT('',(-0.612014104455,-0.717208003315,8.3));
#12368 = CARTESIAN_POINT('',(-0.619076516137,-0.70936388499,8.3));
#12369 = CARTESIAN_POINT('',(-0.626012344528,-0.701390802911,8.3));
#12370 = CARTESIAN_POINT('',(-0.632808108142,-0.693306127985,8.3));
#12371 = CARTESIAN_POINT('',(-0.6596821654,-0.6613350311,8.3));
#12372 = CARTESIAN_POINT('',(-0.684412065877,-0.627574550814,8.3));
#12373 = CARTESIAN_POINT('',(-0.70685658553,-0.592299225562,8.3));
#12374 = CARTESIAN_POINT('',(-0.719772263689,-0.57200007214,8.3));
#12375 = CARTESIAN_POINT('',(-0.731930271836,-0.551198897778,8.3));
#12376 = CARTESIAN_POINT('',(-0.743295968418,-0.52994656468,8.3));
#12377 = CARTESIAN_POINT('',(-0.74792226946,-0.521296000235,8.3));
#12378 = CARTESIAN_POINT('',(-0.752417230477,-0.512570684817,8.3));
#12379 = CARTESIAN_POINT('',(-0.756778228664,-0.503774059623,8.3));
#12380 = CARTESIAN_POINT('',(-0.761060783358,-0.495135663803,8.3));
#12381 = CARTESIAN_POINT('',(-0.765210722142,-0.486435235954,8.3));
#12382 = CARTESIAN_POINT('',(-0.769222974669,-0.477683579303,8.3));
#12383 = CARTESIAN_POINT('',(-0.785934010639,-0.441232920206,8.3));
#12384 = CARTESIAN_POINT('',(-0.800280215475,-0.403854565227,8.3));
#12385 = CARTESIAN_POINT('',(-0.812129028134,-0.365792299244,8.3));
#12386 = CARTESIAN_POINT('',(-0.823697391002,-0.328630929817,8.3));
#12387 = CARTESIAN_POINT('',(-0.832885268148,-0.290816566999,8.3));
#12388 = CARTESIAN_POINT('',(-0.839521103848,-0.252578632916,8.3));
#12389 = CARTESIAN_POINT('',(-0.842640189078,-0.234605406813,8.3));
#12390 = CARTESIAN_POINT('',(-0.845194732262,-0.216538734326,8.3));
#12391 = CARTESIAN_POINT('',(-0.847163030934,-0.19840363283,8.3));
#12392 = CARTESIAN_POINT('',(-0.848036409213,-0.190356681446,8.3));
#12393 = CARTESIAN_POINT('',(-0.848794328396,-0.182296270807,8.3));
#12394 = CARTESIAN_POINT('',(-0.849434729499,-0.17422466028,8.3));
#12395 = CARTESIAN_POINT('',(-0.850076334148,-0.166137880274,8.3));
#12396 = CARTESIAN_POINT('',(-0.850599289336,-0.158047983631,8.3));
#12397 = CARTESIAN_POINT('',(-0.85100205809,-0.149961673881,8.3));
#12398 = CARTESIAN_POINT('',(-0.852733783248,-0.115194165459,8.3));
#12399 = CARTESIAN_POINT('',(-0.852248875735,-8.046501382733E-02,8.3));
#12400 = CARTESIAN_POINT('',(-0.849431890714,-4.594375589067E-02,8.3));
#12401 = CARTESIAN_POINT('',(-0.846736009362,-1.290658500568E-02,8.3));
#12402 = CARTESIAN_POINT('',(-0.841903470957,1.994067677748E-02,8.3));
#12403 = CARTESIAN_POINT('',(-0.835025931161,5.243518763473E-02,8.3));
#12404 = CARTESIAN_POINT('',(-0.831639518797,6.843506791023E-02,8.3));
#12405 = CARTESIAN_POINT('',(-0.827756921514,8.434919567578E-02,8.3));
#12406 = CARTESIAN_POINT('',(-0.823387107299,0.100156485887,8.3));
#12407 = CARTESIAN_POINT('',(-0.819759965928,0.113277244223,8.3));
#12408 = CARTESIAN_POINT('',(-0.815797118915,0.126324377626,8.3));
#12409 = CARTESIAN_POINT('',(-0.811503141153,0.139285110952,8.3));
#12410 = CARTESIAN_POINT('',(-0.809044732125,0.146705453016,8.3));
#12411 = CARTESIAN_POINT('',(-0.80647757144,0.154097630644,8.3));
#12412 = CARTESIAN_POINT('',(-0.803807858263,0.161445437441,8.3));
#12413 = CARTESIAN_POINT('',(-0.791069359236,0.196505394639,8.3));
#12414 = CARTESIAN_POINT('',(-0.77597391194,0.230637364533,8.3));
#12415 = CARTESIAN_POINT('',(-0.758667366486,0.263612827854,8.3));
#12416 = CARTESIAN_POINT('',(-0.741548951039,0.296229832914,8.3));
#12417 = CARTESIAN_POINT('',(-0.722266274992,0.327716228836,8.3));
#12418 = CARTESIAN_POINT('',(-0.700927460711,0.357812824689,8.3));
#12419 = CARTESIAN_POINT('',(-0.691359384473,0.371307788366,8.3));
#12420 = CARTESIAN_POINT('',(-0.681377559789,0.384522736698,8.3));
#12421 = CARTESIAN_POINT('',(-0.6709903178,0.397431076768,8.3));
#12422 = CARTESIAN_POINT('',(-0.665984951148,0.403651301058,8.3));
#12423 = CARTESIAN_POINT('',(-0.660884400575,0.409801503223,8.3));
#12424 = CARTESIAN_POINT('',(-0.655692780762,0.415874747123,8.3));
#12425 = CARTESIAN_POINT('',(-0.632662745044,0.442815669031,8.3));
#12426 = CARTESIAN_POINT('',(-0.60795403489,0.468117047798,8.3));
#12427 = CARTESIAN_POINT('',(-0.581678750595,0.491561450372,8.3));
#12428 = CARTESIAN_POINT('',(-0.556356594521,0.514155414129,8.3));
#12429 = CARTESIAN_POINT('',(-0.529578582783,0.535025091437,8.3));
#12430 = CARTESIAN_POINT('',(-0.501427565615,0.553931995832,8.3));
#12431 = CARTESIAN_POINT('',(-0.478476751835,0.569346317784,8.3));
#12432 = CARTESIAN_POINT('',(-0.454612857732,0.583455367005,8.3));
#12433 = CARTESIAN_POINT('',(-0.429877377952,0.596104350279,8.3));
#12434 = PCURVE('',#9081,#12435);
#12435 = DEFINITIONAL_REPRESENTATION('',(#12436),#12550);
#12436 = B_SPLINE_CURVE_WITH_KNOTS('',3,(#12437,#12438,#12439,#12440,
    #12441,#12442,#12443,#12444,#12445,#12446,#12447,#12448,#12449,
    #12450,#12451,#12452,#12453,#12454,#12455,#12456,#12457,#12458,
    #12459,#12460,#12461,#12462,#12463,#12464,#12465,#12466,#12467,
    #12468,#12469,#12470,#12471,#12472,#12473,#12474,#12475,#12476,
    #12477,#12478,#12479,#12480,#12481,#12482,#12483,#12484,#12485,
    #12486,#12487,#12488,#12489,#12490,#12491,#12492,#12493,#12494,
    #12495,#12496,#12497,#12498,#12499,#12500,#12501,#12502,#12503,
    #12504,#12505,#12506,#12507,#12508,#12509,#12510,#12511,#12512,
    #12513,#12514,#12515,#12516,#12517,#12518,#12519,#12520,#12521,
    #12522,#12523,#12524,#12525,#12526,#12527,#12528,#12529,#12530,
    #12531,#12532,#12533,#12534,#12535,#12536,#12537,#12538,#12539,
    #12540,#12541,#12542,#12543,#12544,#12545,#12546,#12547,#12548,
    #12549),.UNSPECIFIED.,.F.,.F.,(4,1,1,1,1,1,1,1,1,1,1,1,1,1,1,1,1,1,1
    ,1,1,1,1,1,1,1,1,1,1,1,1,1,1,1,1,1,1,1,1,1,1,1,1,1,1,1,1,1,1,1,1,1,1
    ,1,1,1,1,1,1,1,1,1,1,1,1,1,1,1,1,1,1,1,1,1,1,1,1,1,1,1,1,1,1,1,1,1,1
    ,1,1,1,1,1,1,1,1,1,1,1,1,1,1,1,1,1,1,1,1,1,1,1,4),(-0.177567088092,
    -0.175952841837,-0.174338595581,-0.172724349326,-0.171110103071,
    -0.169495856815,-0.16788161056,-0.166267364304,-0.164653118049,
    -0.163038871794,-0.161424625538,-0.159810379283,-0.158196133028,
    -0.156581886772,-0.154967640517,-0.153353394261,-0.151739148006,
    -0.150124901751,-0.148510655495,-0.14689640924,-0.145282162984,
    -0.143667916729,-0.142053670474,-0.140439424218,-0.138825177963,
    -0.137210931708,-0.135596685452,-0.133982439197,-0.132368192941,
    -0.130753946686,-0.129139700431,-0.127525454175,-0.12591120792,
    -0.124296961665,-0.122682715409,-0.121068469154,-0.119454222898,
    -0.117839976643,-0.116225730388,-0.114611484132,-0.112997237877,
    -0.111382991621,-0.109768745366,-0.108154499111,-0.106540252855,
    -0.1049260066,-0.103311760345,-0.101697514089,-0.100083267834,
    -9.846902157838E-02,-9.685477532299E-02,-9.524052906761E-02,
    -9.362628281223E-02,-9.201203655684E-02,-9.039779030146E-02,
    -8.878354404608E-02,-8.716929779069E-02,-8.555505153531E-02,
    -8.394080527993E-02,-8.232655902454E-02,-8.071231276916E-02,
    -7.909806651378E-02,-7.748382025839E-02,-7.586957400301E-02,
    -7.425532774763E-02,-7.264108149224E-02,-7.102683523686E-02,
    -6.941258898148E-02,-6.779834272609E-02,-6.618409647071E-02,
    -6.456985021533E-02,-6.295560395994E-02,-6.134135770456E-02,
    -5.972711144918E-02,-5.81128651938E-02,-5.649861893841E-02,
    -5.488437268303E-02,-5.327012642765E-02,-5.165588017226E-02,
    -5.004163391688E-02,-4.84273876615E-02,-4.681314140611E-02,
    -4.519889515073E-02,-4.358464889535E-02,-4.197040263996E-02,
    -4.035615638458E-02,-3.87419101292E-02,-3.712766387381E-02,
    -3.551341761843E-02,-3.389917136305E-02,-3.228492510766E-02,
    -3.067067885228E-02,-2.90564325969E-02,-2.744218634151E-02,
    -2.582794008613E-02,-2.421369383075E-02,-2.259944757536E-02,
    -2.098520131998E-02,-1.93709550646E-02,-1.775670880922E-02,
    -1.614246255383E-02,-1.452821629845E-02,-1.291397004307E-02,
    -1.129972378768E-02,-9.685477532299E-03,-8.071231276916E-03,
    -6.456985021533E-03,-4.84273876615E-03,-3.228492510766E-03,
    -1.614246255383E-03,0.),.UNSPECIFIED.);
#12437 = CARTESIAN_POINT('',(0.,13.681857223363));
#12438 = CARTESIAN_POINT('',(7.077271444545E-05,13.676298697326));
#12439 = CARTESIAN_POINT('',(2.124064729551E-04,13.66517461129));
#12440 = CARTESIAN_POINT('',(4.251438367356E-04,13.648465972116));
#12441 = CARTESIAN_POINT('',(6.381917642781E-04,13.631733418529));
#12442 = CARTESIAN_POINT('',(8.515667412763E-04,13.614975532441));
#12443 = CARTESIAN_POINT('',(1.065267553275E-03,13.598190801473));
#12444 = CARTESIAN_POINT('',(1.279316076651E-03,13.581377810692));
#12445 = CARTESIAN_POINT('',(1.493747582547E-03,13.564535248893));
#12446 = CARTESIAN_POINT('',(1.708586139931E-03,13.547661726269));
#12447 = CARTESIAN_POINT('',(1.923850841742E-03,13.530755825636));
#12448 = CARTESIAN_POINT('',(2.139554576134E-03,13.513816092821));
#12449 = CARTESIAN_POINT('',(2.355702331065E-03,13.496841040765));
#12450 = CARTESIAN_POINT('',(2.572298828535E-03,13.479829159313));
#12451 = CARTESIAN_POINT('',(2.789383485145E-03,13.462779188041));
#12452 = CARTESIAN_POINT('',(3.006976867929E-03,13.445689602558));
#12453 = CARTESIAN_POINT('',(3.225087221715E-03,13.428559430898));
#12454 = CARTESIAN_POINT('',(3.443757604419E-03,13.411385453116));
#12455 = CARTESIAN_POINT('',(3.662839083603E-03,13.394178609));
#12456 = CARTESIAN_POINT('',(3.882188318274E-03,13.376950199271));
#12457 = CARTESIAN_POINT('',(4.101870742819E-03,13.359693987779));
#12458 = CARTESIAN_POINT('',(4.32191707911E-03,13.342409752219));
#12459 = CARTESIAN_POINT('',(4.542358756239E-03,13.325095635944));
#12460 = CARTESIAN_POINT('',(4.763218626856E-03,13.307750170911));
#12461 = CARTESIAN_POINT('',(4.984512546039E-03,13.29037173594));
#12462 = CARTESIAN_POINT('',(5.206251765161E-03,13.272958717223));
#12463 = CARTESIAN_POINT('',(5.428431171299E-03,13.255509424597));
#12464 = CARTESIAN_POINT('',(5.651076665314E-03,13.238022294362));
#12465 = CARTESIAN_POINT('',(5.874227145784E-03,13.220495872738));
#12466 = CARTESIAN_POINT('',(6.097902915209E-03,13.202928645069));
#12467 = CARTESIAN_POINT('',(6.322123642934E-03,13.185318869169));
#12468 = CARTESIAN_POINT('',(6.546892622368E-03,13.167665440712));
#12469 = CARTESIAN_POINT('',(6.772264398375E-03,13.149964813289));
#12470 = CARTESIAN_POINT('',(6.998160410673E-03,13.132223059643));
#12471 = CARTESIAN_POINT('',(7.224320649248E-03,13.114460661097));
#12472 = CARTESIAN_POINT('',(7.450742849902E-03,13.096675887186));
#12473 = CARTESIAN_POINT('',(7.677481265128E-03,13.078865521618));
#12474 = CARTESIAN_POINT('',(7.904572901806E-03,13.061028261071));
#12475 = CARTESIAN_POINT('',(8.132049507676E-03,13.043162235061));
#12476 = CARTESIAN_POINT('',(8.359934277265E-03,13.02526567634));
#12477 = CARTESIAN_POINT('',(8.588242038953E-03,13.007336739148));
#12478 = CARTESIAN_POINT('',(8.816980734477E-03,12.989373576488));
#12479 = CARTESIAN_POINT('',(9.046144182065E-03,12.971374234606));
#12480 = CARTESIAN_POINT('',(9.275773542634E-03,12.95333694818));
#12481 = CARTESIAN_POINT('',(9.505911387719E-03,12.935260123698));
#12482 = CARTESIAN_POINT('',(9.73659083174E-03,12.917142037903));
#12483 = CARTESIAN_POINT('',(9.967838120783E-03,12.898980917622));
#12484 = CARTESIAN_POINT('',(1.019967072537E-02,12.880774917441));
#12485 = CARTESIAN_POINT('',(1.043209988469E-02,12.862522149469));
#12486 = CARTESIAN_POINT('',(1.066511975002E-02,12.844220609457));
#12487 = CARTESIAN_POINT('',(1.089878018864E-02,12.825868704822));
#12488 = CARTESIAN_POINT('',(1.113310955165E-02,12.807464704447));
#12489 = CARTESIAN_POINT('',(1.136812571243E-02,12.789006754818));
#12490 = CARTESIAN_POINT('',(1.160384869946E-02,12.770493059412));
#12491 = CARTESIAN_POINT('',(1.184030583644E-02,12.75192178353));
#12492 = CARTESIAN_POINT('',(1.207707217443E-02,12.73332645841));
#12493 = CARTESIAN_POINT('',(1.231415590657E-02,12.714704411615));
#12494 = CARTESIAN_POINT('',(1.255161101032E-02,12.696052675406));
#12495 = CARTESIAN_POINT('',(1.278948052083E-02,12.677369496928));
#12496 = CARTESIAN_POINT('',(1.302779792849E-02,12.658652728868));
#12497 = CARTESIAN_POINT('',(1.326658561949E-02,12.639900264285));
#12498 = CARTESIAN_POINT('',(1.350585716087E-02,12.621109945255));
#12499 = CARTESIAN_POINT('',(1.374560712368E-02,12.602279536193));
#12500 = CARTESIAN_POINT('',(1.398588000998E-02,12.583406952767));
#12501 = CARTESIAN_POINT('',(1.422672073867E-02,12.564490281786));
#12502 = CARTESIAN_POINT('',(1.446816358606E-02,12.545527478604));
#12503 = CARTESIAN_POINT('',(1.471023458338E-02,12.526516436429));
#12504 = CARTESIAN_POINT('',(1.495295334329E-02,12.507454995227));
#12505 = CARTESIAN_POINT('',(1.519632227518E-02,12.488340863347));
#12506 = CARTESIAN_POINT('',(1.54403841466E-02,12.469172072287));
#12507 = CARTESIAN_POINT('',(1.568517289163E-02,12.449946587675));
#12508 = CARTESIAN_POINT('',(1.593070836239E-02,12.430662318101));
#12509 = CARTESIAN_POINT('',(1.617702104961E-02,12.411316868494));
#12510 = CARTESIAN_POINT('',(1.642412666828E-02,12.391909294645));
#12511 = CARTESIAN_POINT('',(1.667210509366E-02,12.372433373293));
#12512 = CARTESIAN_POINT('',(1.692051955327E-02,12.352922833869));
#12513 = CARTESIAN_POINT('',(1.716927962485E-02,12.333382882559));
#12514 = CARTESIAN_POINT('',(1.741848973623E-02,12.313807541139));
#12515 = CARTESIAN_POINT('',(1.766818586386E-02,12.294195406645));
#12516 = CARTESIAN_POINT('',(1.791840903527E-02,12.274543768869));
#12517 = CARTESIAN_POINT('',(1.816918465719E-02,12.254850191199));
#12518 = CARTESIAN_POINT('',(1.842053097958E-02,12.235112104991));
#12519 = CARTESIAN_POINT('',(1.867244513352E-02,12.215326886695));
#12520 = CARTESIAN_POINT('',(1.892496232622E-02,12.195491919262));
#12521 = CARTESIAN_POINT('',(1.917814287085E-02,12.175605053975));
#12522 = CARTESIAN_POINT('',(1.943203045734E-02,12.155663940805));
#12523 = CARTESIAN_POINT('',(1.968666193256E-02,12.135666153302));
#12524 = CARTESIAN_POINT('',(1.994206355975E-02,12.115609152833));
#12525 = CARTESIAN_POINT('',(2.019825338649E-02,12.09549033084));
#12526 = CARTESIAN_POINT('',(2.045523258024E-02,12.075306902172));
#12527 = CARTESIAN_POINT('',(2.07130633865E-02,12.055056760713));
#12528 = CARTESIAN_POINT('',(2.097178239122E-02,12.034737280697));
#12529 = CARTESIAN_POINT('',(2.123140390707E-02,12.014346645483));
#12530 = CARTESIAN_POINT('',(2.149204196309E-02,11.993876530582));
#12531 = CARTESIAN_POINT('',(2.175324031497E-02,11.97336034357));
#12532 = CARTESIAN_POINT('',(2.201487322092E-02,11.952808978859));
#12533 = CARTESIAN_POINT('',(2.227705310019E-02,11.932215976081));
#12534 = CARTESIAN_POINT('',(2.253981311069E-02,11.911579416647));
#12535 = CARTESIAN_POINT('',(2.280319071101E-02,11.890896061661));
#12536 = CARTESIAN_POINT('',(2.306720831353E-02,11.870162949232));
#12537 = CARTESIAN_POINT('',(2.333186446059E-02,11.849376916915));
#12538 = CARTESIAN_POINT('',(2.35972001189E-02,11.828534915568));
#12539 = CARTESIAN_POINT('',(2.386328762357E-02,11.807634358563));
#12540 = CARTESIAN_POINT('',(2.413017812234E-02,11.786672419605));
#12541 = CARTESIAN_POINT('',(2.439791231918E-02,11.765646169656));
#12542 = CARTESIAN_POINT('',(2.466651898445E-02,11.744552563829));
#12543 = CARTESIAN_POINT('',(2.493600500246E-02,11.72338841065));
#12544 = CARTESIAN_POINT('',(2.520639295403E-02,11.702150575127));
#12545 = CARTESIAN_POINT('',(2.547775648156E-02,11.680836501681));
#12546 = CARTESIAN_POINT('',(2.575014306118E-02,11.659443367741));
#12547 = CARTESIAN_POINT('',(2.6023591927E-02,11.637968223929));
#12548 = CARTESIAN_POINT('',(2.620661116657E-02,11.623594680806));
#12549 = CARTESIAN_POINT('',(2.629830476159E-02,11.616393197341));
#12550 = ( GEOMETRIC_REPRESENTATION_CONTEXT(2) 
PARAMETRIC_REPRESENTATION_CONTEXT() REPRESENTATION_CONTEXT('2D SPACE',''
  ) );
#12551 = PCURVE('',#9378,#12552);
#12552 = DEFINITIONAL_REPRESENTATION('',(#12553),#12630);
#12553 = B_SPLINE_CURVE_WITH_KNOTS('',3,(#12554,#12555,#12556,#12557,
    #12558,#12559,#12560,#12561,#12562,#12563,#12564,#12565,#12566,
    #12567,#12568,#12569,#12570,#12571,#12572,#12573,#12574,#12575,
    #12576,#12577,#12578,#12579,#12580,#12581,#12582,#12583,#12584,
    #12585,#12586,#12587,#12588,#12589,#12590,#12591,#12592,#12593,
    #12594,#12595,#12596,#12597,#12598,#12599,#12600,#12601,#12602,
    #12603,#12604,#12605,#12606,#12607,#12608,#12609,#12610,#12611,
    #12612,#12613,#12614,#12615,#12616,#12617,#12618,#12619,#12620,
    #12621,#12622,#12623,#12624,#12625,#12626,#12627,#12628,#12629),
  .UNSPECIFIED.,.F.,.F.,(4,3,3,3,3,3,3,3,3,3,3,3,3,3,3,3,3,3,3,3,3,3,3,3
    ,3,4),(-0.177567088092,-0.170942897505,-0.159596627144,
    -0.153152191138,-0.150001034869,-0.137539690003,-0.13036882058,
    -0.127449984902,-0.124583651807,-0.112645371472,-0.100989658539,
    -9.551104760095E-02,-9.308006501806E-02,-9.064451373838E-02,
    -8.017273461439E-02,-7.015114278759E-02,-6.521663953863E-02,
    -6.112078099695E-02,-5.877580014918E-02,-4.758675688442E-02,
    -3.651934360092E-02,-3.15568441547E-02,-2.916553284543E-02,
    -1.855767116601E-02,-8.334606553472E-03,0.),.UNSPECIFIED.);
#12554 = CARTESIAN_POINT('',(0.426132120478,0.869562206596));
#12555 = CARTESIAN_POINT('',(0.444797202247,0.857735753533));
#12556 = CARTESIAN_POINT('',(0.462999746255,0.845239363697));
#12557 = CARTESIAN_POINT('',(0.480698214162,0.832070795886));
#12558 = CARTESIAN_POINT('',(0.511013103086,0.809514963788));
#12559 = CARTESIAN_POINT('',(0.539850712293,0.78498779577));
#12560 = CARTESIAN_POINT('',(0.567112056926,0.758691925386));
#12561 = CARTESIAN_POINT('',(0.582595910679,0.743756440111));
#12562 = CARTESIAN_POINT('',(0.597570752162,0.728250025432));
#12563 = CARTESIAN_POINT('',(0.612014104455,0.712208003315));
#12564 = CARTESIAN_POINT('',(0.619076516137,0.70436388499));
#12565 = CARTESIAN_POINT('',(0.626012344528,0.696390802911));
#12566 = CARTESIAN_POINT('',(0.632808108142,0.688306127985));
#12567 = CARTESIAN_POINT('',(0.6596821654,0.6563350311));
#12568 = CARTESIAN_POINT('',(0.684412065877,0.622574550814));
#12569 = CARTESIAN_POINT('',(0.70685658553,0.587299225562));
#12570 = CARTESIAN_POINT('',(0.719772263689,0.56700007214));
#12571 = CARTESIAN_POINT('',(0.731930271836,0.546198897778));
#12572 = CARTESIAN_POINT('',(0.743295968418,0.52494656468));
#12573 = CARTESIAN_POINT('',(0.74792226946,0.516296000235));
#12574 = CARTESIAN_POINT('',(0.752417230477,0.507570684817));
#12575 = CARTESIAN_POINT('',(0.756778228664,0.498774059623));
#12576 = CARTESIAN_POINT('',(0.761060783358,0.490135663803));
#12577 = CARTESIAN_POINT('',(0.765210722142,0.481435235954));
#12578 = CARTESIAN_POINT('',(0.769222974669,0.472683579303));
#12579 = CARTESIAN_POINT('',(0.785934010639,0.436232920206));
#12580 = CARTESIAN_POINT('',(0.800280215475,0.398854565227));
#12581 = CARTESIAN_POINT('',(0.812129028134,0.360792299244));
#12582 = CARTESIAN_POINT('',(0.823697391002,0.323630929817));
#12583 = CARTESIAN_POINT('',(0.832885268148,0.285816566999));
#12584 = CARTESIAN_POINT('',(0.839521103848,0.247578632916));
#12585 = CARTESIAN_POINT('',(0.842640189078,0.229605406813));
#12586 = CARTESIAN_POINT('',(0.845194732262,0.211538734326));
#12587 = CARTESIAN_POINT('',(0.847163030934,0.19340363283));
#12588 = CARTESIAN_POINT('',(0.848036409213,0.185356681446));
#12589 = CARTESIAN_POINT('',(0.848794328396,0.177296270807));
#12590 = CARTESIAN_POINT('',(0.849434729499,0.16922466028));
#12591 = CARTESIAN_POINT('',(0.850076334148,0.161137880274));
#12592 = CARTESIAN_POINT('',(0.850599289336,0.153047983631));
#12593 = CARTESIAN_POINT('',(0.85100205809,0.144961673881));
#12594 = CARTESIAN_POINT('',(0.852733783248,0.110194165459));
#12595 = CARTESIAN_POINT('',(0.852248875735,7.546501382733E-02));
#12596 = CARTESIAN_POINT('',(0.849431890714,4.094375589067E-02));
#12597 = CARTESIAN_POINT('',(0.846736009362,7.90658500568E-03));
#12598 = CARTESIAN_POINT('',(0.841903470957,-2.494067677748E-02));
#12599 = CARTESIAN_POINT('',(0.835025931161,-5.743518763473E-02));
#12600 = CARTESIAN_POINT('',(0.831639518797,-7.343506791023E-02));
#12601 = CARTESIAN_POINT('',(0.827756921514,-8.934919567578E-02));
#12602 = CARTESIAN_POINT('',(0.823387107299,-0.105156485887));
#12603 = CARTESIAN_POINT('',(0.819759965928,-0.118277244223));
#12604 = CARTESIAN_POINT('',(0.815797118915,-0.131324377626));
#12605 = CARTESIAN_POINT('',(0.811503141153,-0.144285110952));
#12606 = CARTESIAN_POINT('',(0.809044732125,-0.151705453016));
#12607 = CARTESIAN_POINT('',(0.80647757144,-0.159097630644));
#12608 = CARTESIAN_POINT('',(0.803807858263,-0.166445437441));
#12609 = CARTESIAN_POINT('',(0.791069359236,-0.201505394639));
#12610 = CARTESIAN_POINT('',(0.77597391194,-0.235637364533));
#12611 = CARTESIAN_POINT('',(0.758667366486,-0.268612827854));
#12612 = CARTESIAN_POINT('',(0.741548951039,-0.301229832914));
#12613 = CARTESIAN_POINT('',(0.722266274992,-0.332716228836));
#12614 = CARTESIAN_POINT('',(0.700927460711,-0.362812824689));
#12615 = CARTESIAN_POINT('',(0.691359384473,-0.376307788366));
#12616 = CARTESIAN_POINT('',(0.681377559789,-0.389522736698));
#12617 = CARTESIAN_POINT('',(0.6709903178,-0.402431076768));
#12618 = CARTESIAN_POINT('',(0.665984951148,-0.408651301058));
#12619 = CARTESIAN_POINT('',(0.660884400575,-0.414801503223));
#12620 = CARTESIAN_POINT('',(0.655692780762,-0.420874747123));
#12621 = CARTESIAN_POINT('',(0.632662745044,-0.447815669031));
#12622 = CARTESIAN_POINT('',(0.60795403489,-0.473117047798));
#12623 = CARTESIAN_POINT('',(0.581678750595,-0.496561450372));
#12624 = CARTESIAN_POINT('',(0.556356594521,-0.519155414129));
#12625 = CARTESIAN_POINT('',(0.529578582783,-0.540025091437));
#12626 = CARTESIAN_POINT('',(0.501427565615,-0.558931995832));
#12627 = CARTESIAN_POINT('',(0.478476751835,-0.574346317784));
#12628 = CARTESIAN_POINT('',(0.454612857732,-0.588455367005));
#12629 = CARTESIAN_POINT('',(0.429877377952,-0.601104350279));
#12630 = ( GEOMETRIC_REPRESENTATION_CONTEXT(2) 
PARAMETRIC_REPRESENTATION_CONTEXT() REPRESENTATION_CONTEXT('2D SPACE',''
  ) );
#12631 = ORIENTED_EDGE('',*,*,#12282,.T.);
#12632 = ORIENTED_EDGE('',*,*,#11563,.T.);
#12633 = ORIENTED_EDGE('',*,*,#11475,.T.);
#12634 = ORIENTED_EDGE('',*,*,#11386,.T.);
#12635 = ORIENTED_EDGE('',*,*,#11297,.T.);
#12636 = ORIENTED_EDGE('',*,*,#11209,.T.);
#12637 = ORIENTED_EDGE('',*,*,#11120,.T.);
#12638 = ORIENTED_EDGE('',*,*,#11031,.T.);
#12639 = ORIENTED_EDGE('',*,*,#10943,.T.);
#12640 = ORIENTED_EDGE('',*,*,#10854,.T.);
#12641 = ORIENTED_EDGE('',*,*,#10746,.T.);
#12642 = ORIENTED_EDGE('',*,*,#12643,.T.);
#12643 = EDGE_CURVE('',#10747,#12311,#12644,.T.);
#12644 = SURFACE_CURVE('',#12645,(#12722,#12839),.PCURVE_S1.);
#12645 = B_SPLINE_CURVE_WITH_KNOTS('',3,(#12646,#12647,#12648,#12649,
    #12650,#12651,#12652,#12653,#12654,#12655,#12656,#12657,#12658,
    #12659,#12660,#12661,#12662,#12663,#12664,#12665,#12666,#12667,
    #12668,#12669,#12670,#12671,#12672,#12673,#12674,#12675,#12676,
    #12677,#12678,#12679,#12680,#12681,#12682,#12683,#12684,#12685,
    #12686,#12687,#12688,#12689,#12690,#12691,#12692,#12693,#12694,
    #12695,#12696,#12697,#12698,#12699,#12700,#12701,#12702,#12703,
    #12704,#12705,#12706,#12707,#12708,#12709,#12710,#12711,#12712,
    #12713,#12714,#12715,#12716,#12717,#12718,#12719,#12720,#12721),
  .UNSPECIFIED.,.F.,.F.,(4,3,3,3,3,3,3,3,3,3,3,3,3,3,3,3,3,3,3,3,3,3,3,3
    ,3,4),(0.,5.159835873345E-03,1.548218225643E-02,2.430683858664E-02,
    2.763959939112E-02,3.091828746276E-02,4.177539838159E-02,
    5.285140701071E-02,5.822229239872E-02,6.061484678158E-02,
    7.216252375839E-02,8.374164330659E-02,8.607943289807E-02,
    9.012489377014E-02,9.257945021545E-02,9.495098148346E-02,
    0.106577047972,0.118502261787,0.123110119043,0.126433945888,
    0.128972687431,0.141121287596,0.151585900013,0.154842365201,
    0.167551701364,0.177567088092),.UNSPECIFIED.);
#12646 = CARTESIAN_POINT('',(-0.430804865692,0.596956922022,12.3));
#12647 = CARTESIAN_POINT('',(-0.446114561846,0.589234019071,12.3));
#12648 = CARTESIAN_POINT('',(-0.461101310912,0.580958179122,12.3));
#12649 = CARTESIAN_POINT('',(-0.475732022333,0.572138479068,12.3));
#12650 = CARTESIAN_POINT('',(-0.505001029105,0.554494507207,12.3));
#12651 = CARTESIAN_POINT('',(-0.532846147148,0.534677704493,12.3));
#12652 = CARTESIAN_POINT('',(-0.559203503021,0.512969980462,12.3));
#12653 = CARTESIAN_POINT('',(-0.581736616977,0.494411873888,12.3));
#12654 = CARTESIAN_POINT('',(-0.603182534652,0.474470517405,12.3));
#12655 = CARTESIAN_POINT('',(-0.6234926467,0.453293003696,12.3));
#12656 = CARTESIAN_POINT('',(-0.631163058196,0.44529500525,12.3));
#12657 = CARTESIAN_POINT('',(-0.638671360044,0.437120448144,12.3));
#12658 = CARTESIAN_POINT('',(-0.646014481589,0.428776423275,12.3));
#12659 = CARTESIAN_POINT('',(-0.653238463877,0.420567776926,12.3));
#12660 = CARTESIAN_POINT('',(-0.660306310576,0.41219016343,12.3));
#12661 = CARTESIAN_POINT('',(-0.667193711959,0.403677071432,12.3));
#12662 = CARTESIAN_POINT('',(-0.690000785741,0.375486654392,12.3));
#12663 = CARTESIAN_POINT('',(-0.710869305573,0.345774668148,12.3));
#12664 = CARTESIAN_POINT('',(-0.729727410996,0.314831143363,12.3));
#12665 = CARTESIAN_POINT('',(-0.748965727704,0.283263744807,12.3));
#12666 = CARTESIAN_POINT('',(-0.766112626538,0.250413838745,12.3));
#12667 = CARTESIAN_POINT('',(-0.78106552723,0.216543217144,12.3));
#12668 = CARTESIAN_POINT('',(-0.788316362664,0.200118958846,12.3));
#12669 = CARTESIAN_POINT('',(-0.795050829793,0.183454082884,12.3));
#12670 = CARTESIAN_POINT('',(-0.801254103963,0.166575575582,12.3));
#12671 = CARTESIAN_POINT('',(-0.804017460418,0.159056750714,12.3));
#12672 = CARTESIAN_POINT('',(-0.806676125185,0.151493262283,12.3));
#12673 = CARTESIAN_POINT('',(-0.809226205721,0.143894687864,12.3));
#12674 = CARTESIAN_POINT('',(-0.821534183545,0.107220126356,12.3));
#12675 = CARTESIAN_POINT('',(-0.831270609689,6.986963724749E-02,12.3));
#12676 = CARTESIAN_POINT('',(-0.838344733081,3.214141507944E-02,12.3));
#12677 = CARTESIAN_POINT('',(-0.845438118237,-5.68953531011E-03,12.3));
#12678 = CARTESIAN_POINT('',(-0.849855543812,-4.390142650036E-02,12.3));
#12679 = CARTESIAN_POINT('',(-0.851465916319,-8.222605805011E-02,12.3));
#12680 = CARTESIAN_POINT('',(-0.851791045709,-8.996368649081E-02,12.3));
#12681 = CARTESIAN_POINT('',(-0.852001599605,-9.770598302325E-02,12.3));
#12682 = CARTESIAN_POINT('',(-0.852096254852,-0.105450834267,12.3));
#12683 = CARTESIAN_POINT('',(-0.852260052356,-0.118853021009,12.3));
#12684 = CARTESIAN_POINT('',(-0.852076838959,-0.132262852687,12.3));
#12685 = CARTESIAN_POINT('',(-0.851553373039,-0.14567171974,12.3));
#12686 = CARTESIAN_POINT('',(-0.851235763577,-0.153807460535,12.3));
#12687 = CARTESIAN_POINT('',(-0.850792877886,-0.1619428489,12.3));
#12688 = CARTESIAN_POINT('',(-0.850226075066,-0.170075976657,12.3));
#12689 = CARTESIAN_POINT('',(-0.849678444307,-0.177934002012,12.3));
#12690 = CARTESIAN_POINT('',(-0.849015443125,-0.185784467259,12.3));
#12691 = CARTESIAN_POINT('',(-0.848239654167,-0.193618033214,12.3));
#12692 = CARTESIAN_POINT('',(-0.84443646838,-0.232020882824,12.3));
#12693 = CARTESIAN_POINT('',(-0.837923191522,-0.270071267421,12.3));
#12694 = CARTESIAN_POINT('',(-0.828912531892,-0.307559244374,12.3));
#12695 = CARTESIAN_POINT('',(-0.819670021296,-0.346011814822,12.3));
#12696 = CARTESIAN_POINT('',(-0.807799864161,-0.383873652027,12.3));
#12697 = CARTESIAN_POINT('',(-0.793476422162,-0.420928071206,12.3));
#12698 = CARTESIAN_POINT('',(-0.787941898658,-0.435245757825,12.3));
#12699 = CARTESIAN_POINT('',(-0.782040529701,-0.449442916908,12.3));
#12700 = CARTESIAN_POINT('',(-0.775780306006,-0.463506921932,12.3));
#12701 = CARTESIAN_POINT('',(-0.771264562913,-0.473651836337,12.3));
#12702 = CARTESIAN_POINT('',(-0.766562073304,-0.483727464316,12.3));
#12703 = CARTESIAN_POINT('',(-0.761675484999,-0.49372897891,12.3));
#12704 = CARTESIAN_POINT('',(-0.757943105032,-0.501368143575,12.3));
#12705 = CARTESIAN_POINT('',(-0.754103855444,-0.508962716463,12.3));
#12706 = CARTESIAN_POINT('',(-0.750164897141,-0.51649981896,12.3));
#12707 = CARTESIAN_POINT('',(-0.731315861632,-0.55256699756,12.3));
#12708 = CARTESIAN_POINT('',(-0.710154992598,-0.587386031594,12.3));
#12709 = CARTESIAN_POINT('',(-0.68686282121,-0.620734888936,12.3));
#12710 = CARTESIAN_POINT('',(-0.666799312444,-0.649461068239,12.3));
#12711 = CARTESIAN_POINT('',(-0.645153431149,-0.677096877885,12.3));
#12712 = CARTESIAN_POINT('',(-0.622012969319,-0.703493929654,12.3));
#12713 = CARTESIAN_POINT('',(-0.61481192781,-0.711708383925,12.3));
#12714 = CARTESIAN_POINT('',(-0.607470923322,-0.719797020899,12.3));
#12715 = CARTESIAN_POINT('',(-0.599998462353,-0.727749958362,12.3));
#12716 = CARTESIAN_POINT('',(-0.570834932907,-0.758788692031,12.3));
#12717 = CARTESIAN_POINT('',(-0.539648608183,-0.787789651605,12.3));
#12718 = CARTESIAN_POINT('',(-0.506611014731,-0.814503395442,12.3));
#12719 = CARTESIAN_POINT('',(-0.480576273754,-0.835554729048,12.3));
#12720 = CARTESIAN_POINT('',(-0.453390799988,-0.855185725983,12.3));
#12721 = CARTESIAN_POINT('',(-0.425119128515,-0.87326222368,12.3));
#12722 = PCURVE('',#9081,#12723);
#12723 = DEFINITIONAL_REPRESENTATION('',(#12724),#12838);
#12724 = B_SPLINE_CURVE_WITH_KNOTS('',3,(#12725,#12726,#12727,#12728,
    #12729,#12730,#12731,#12732,#12733,#12734,#12735,#12736,#12737,
    #12738,#12739,#12740,#12741,#12742,#12743,#12744,#12745,#12746,
    #12747,#12748,#12749,#12750,#12751,#12752,#12753,#12754,#12755,
    #12756,#12757,#12758,#12759,#12760,#12761,#12762,#12763,#12764,
    #12765,#12766,#12767,#12768,#12769,#12770,#12771,#12772,#12773,
    #12774,#12775,#12776,#12777,#12778,#12779,#12780,#12781,#12782,
    #12783,#12784,#12785,#12786,#12787,#12788,#12789,#12790,#12791,
    #12792,#12793,#12794,#12795,#12796,#12797,#12798,#12799,#12800,
    #12801,#12802,#12803,#12804,#12805,#12806,#12807,#12808,#12809,
    #12810,#12811,#12812,#12813,#12814,#12815,#12816,#12817,#12818,
    #12819,#12820,#12821,#12822,#12823,#12824,#12825,#12826,#12827,
    #12828,#12829,#12830,#12831,#12832,#12833,#12834,#12835,#12836,
    #12837),.UNSPECIFIED.,.F.,.F.,(4,1,1,1,1,1,1,1,1,1,1,1,1,1,1,1,1,1,1
    ,1,1,1,1,1,1,1,1,1,1,1,1,1,1,1,1,1,1,1,1,1,1,1,1,1,1,1,1,1,1,1,1,1,1
    ,1,1,1,1,1,1,1,1,1,1,1,1,1,1,1,1,1,1,1,1,1,1,1,1,1,1,1,1,1,1,1,1,1,1
    ,1,1,1,1,1,1,1,1,1,1,1,1,1,1,1,1,1,1,1,1,1,1,1,4),(0.,
    1.614246255383E-03,3.228492510766E-03,4.84273876615E-03,
    6.456985021533E-03,8.071231276916E-03,9.685477532299E-03,
    1.129972378768E-02,1.291397004307E-02,1.452821629845E-02,
    1.614246255383E-02,1.775670880922E-02,1.93709550646E-02,
    2.098520131998E-02,2.259944757536E-02,2.421369383075E-02,
    2.582794008613E-02,2.744218634151E-02,2.90564325969E-02,
    3.067067885228E-02,3.228492510766E-02,3.389917136305E-02,
    3.551341761843E-02,3.712766387381E-02,3.87419101292E-02,
    4.035615638458E-02,4.197040263996E-02,4.358464889535E-02,
    4.519889515073E-02,4.681314140611E-02,4.84273876615E-02,
    5.004163391688E-02,5.165588017226E-02,5.327012642765E-02,
    5.488437268303E-02,5.649861893841E-02,5.81128651938E-02,
    5.972711144918E-02,6.134135770456E-02,6.295560395994E-02,
    6.456985021533E-02,6.618409647071E-02,6.779834272609E-02,
    6.941258898148E-02,7.102683523686E-02,7.264108149224E-02,
    7.425532774763E-02,7.586957400301E-02,7.748382025839E-02,
    7.909806651378E-02,8.071231276916E-02,8.232655902454E-02,
    8.394080527993E-02,8.555505153531E-02,8.716929779069E-02,
    8.878354404608E-02,9.039779030146E-02,9.201203655684E-02,
    9.362628281223E-02,9.524052906761E-02,9.685477532299E-02,
    9.846902157838E-02,0.100083267834,0.101697514089,0.103311760345,
    0.1049260066,0.106540252855,0.108154499111,0.109768745366,
    0.111382991621,0.112997237877,0.114611484132,0.116225730388,
    0.117839976643,0.119454222898,0.121068469154,0.122682715409,
    0.124296961665,0.12591120792,0.127525454175,0.129139700431,
    0.130753946686,0.132368192941,0.133982439197,0.135596685452,
    0.137210931708,0.138825177963,0.140439424218,0.142053670474,
    0.143667916729,0.145282162984,0.14689640924,0.148510655495,
    0.150124901751,0.151739148006,0.153353394261,0.154967640517,
    0.156581886772,0.158196133028,0.159810379283,0.161424625538,
    0.163038871794,0.164653118049,0.166267364304,0.16788161056,
    0.169495856815,0.171110103071,0.172724349326,0.174338595581,
    0.175952841837,0.177567088092),.QUASI_UNIFORM_KNOTS.);
#12725 = CARTESIAN_POINT('',(2.629830476159E-02,74.448246269137));
#12726 = CARTESIAN_POINT('',(2.620661177955E-02,74.455447750072));
#12727 = CARTESIAN_POINT('',(2.602360004781E-02,74.469821363482));
#12728 = CARTESIAN_POINT('',(2.575016612947E-02,74.491296670235));
#12729 = CARTESIAN_POINT('',(2.547778584853E-02,74.512689912125));
#12730 = CARTESIAN_POINT('',(2.520639774765E-02,74.534003729951));
#12731 = CARTESIAN_POINT('',(2.49359563384E-02,74.555241032002));
#12732 = CARTESIAN_POINT('',(2.46664641181E-02,74.576405105876));
#12733 = CARTESIAN_POINT('',(2.439789227129E-02,74.597499002643));
#12734 = CARTESIAN_POINT('',(2.41302009103E-02,74.61852566279));
#12735 = CARTESIAN_POINT('',(2.386333862039E-02,74.639487911067));
#12736 = CARTESIAN_POINT('',(2.359723063313E-02,74.660388284133));
#12737 = CARTESIAN_POINT('',(2.333184418816E-02,74.681229848911));
#12738 = CARTESIAN_POINT('',(2.306717499203E-02,74.702015784959));
#12739 = CARTESIAN_POINT('',(2.280319384914E-02,74.722749091176));
#12740 = CARTESIAN_POINT('',(2.253986159463E-02,74.743432746634));
#12741 = CARTESIAN_POINT('',(2.227712262927E-02,74.764069431467));
#12742 = CARTESIAN_POINT('',(2.201491997326E-02,74.784662430308));
#12743 = CARTESIAN_POINT('',(2.175325867845E-02,74.805213160879));
#12744 = CARTESIAN_POINT('',(2.149203176909E-02,74.825730916612));
#12745 = CARTESIAN_POINT('',(2.123139981296E-02,74.846200057333));
#12746 = CARTESIAN_POINT('',(2.097177689767E-02,74.866590182259));
#12747 = CARTESIAN_POINT('',(2.071303057909E-02,74.886909457257));
#12748 = CARTESIAN_POINT('',(2.04551815194E-02,74.907159312372));
#12749 = CARTESIAN_POINT('',(2.01981989622E-02,74.927342698151));
#12750 = CARTESIAN_POINT('',(1.994205298872E-02,74.947461997728));
#12751 = CARTESIAN_POINT('',(1.968670158971E-02,74.967519602765));
#12752 = CARTESIAN_POINT('',(1.943209455542E-02,74.987517673467));
#12753 = CARTESIAN_POINT('',(1.917817495292E-02,75.007458511508));
#12754 = CARTESIAN_POINT('',(1.892494254363E-02,75.027344911869));
#12755 = CARTESIAN_POINT('',(1.867238362656E-02,75.047179463685));
#12756 = CARTESIAN_POINT('',(1.84204748515E-02,75.066964718794));
#12757 = CARTESIAN_POINT('',(1.816918165703E-02,75.08670313345));
#12758 = CARTESIAN_POINT('',(1.791846299E-02,75.106397104228));
#12759 = CARTESIAN_POINT('',(1.766825615234E-02,75.126048856015));
#12760 = CARTESIAN_POINT('',(1.741854136183E-02,75.145660893457));
#12761 = CARTESIAN_POINT('',(1.716930343424E-02,75.165236105492));
#12762 = CARTESIAN_POINT('',(1.692051938406E-02,75.184775851143));
#12763 = CARTESIAN_POINT('',(1.667210101699E-02,75.204286620298));
#12764 = CARTESIAN_POINT('',(1.642412857611E-02,75.223762330033));
#12765 = CARTESIAN_POINT('',(1.617700075652E-02,75.243169695553));
#12766 = CARTESIAN_POINT('',(1.593066620452E-02,75.26251482597));
#12767 = CARTESIAN_POINT('',(1.568512176196E-02,75.281798968645));
#12768 = CARTESIAN_POINT('',(1.544034159468E-02,75.301024555706));
#12769 = CARTESIAN_POINT('',(1.519629654027E-02,75.320193573171));
#12770 = CARTESIAN_POINT('',(1.49529501184E-02,75.339308024407));
#12771 = CARTESIAN_POINT('',(1.471025759941E-02,75.358369694817));
#12772 = CARTESIAN_POINT('',(1.446817529805E-02,75.377380677258));
#12773 = CARTESIAN_POINT('',(1.422670625477E-02,75.396343303915));
#12774 = CARTESIAN_POINT('',(1.398583808746E-02,75.415259761964));
#12775 = CARTESIAN_POINT('',(1.374555140692E-02,75.434132208781));
#12776 = CARTESIAN_POINT('',(1.350581676436E-02,75.452962728304));
#12777 = CARTESIAN_POINT('',(1.326659922038E-02,75.471753363676));
#12778 = CARTESIAN_POINT('',(1.30278438898E-02,75.490506003252));
#12779 = CARTESIAN_POINT('',(1.278953165711E-02,75.509222789407));
#12780 = CARTESIAN_POINT('',(1.255165020646E-02,75.527905944084));
#12781 = CARTESIAN_POINT('',(1.231417052906E-02,75.546557502139));
#12782 = CARTESIAN_POINT('',(1.207706695903E-02,75.565179704616));
#12783 = CARTESIAN_POINT('',(1.184031433769E-02,75.583774150382));
#12784 = CARTESIAN_POINT('',(1.160386731754E-02,75.602344745898));
#12785 = CARTESIAN_POINT('',(1.136812382111E-02,75.620860221881));
#12786 = CARTESIAN_POINT('',(1.11330950392E-02,75.639317553725));
#12787 = CARTESIAN_POINT('',(1.089873775186E-02,75.657721463336));
#12788 = CARTESIAN_POINT('',(1.066505856607E-02,75.67607315395));
#12789 = CARTESIAN_POINT('',(1.043203863883E-02,75.694374688773));
#12790 = CARTESIAN_POINT('',(1.019965465297E-02,75.712627808818));
#12791 = CARTESIAN_POINT('',(9.967873663082E-03,75.730834249977));
#12792 = CARTESIAN_POINT('',(9.736656130474E-03,75.748995628061));
#12793 = CARTESIAN_POINT('',(9.505952247705E-03,75.767113556436));
#12794 = CARTESIAN_POINT('',(9.275764019283E-03,75.785190046292));
#12795 = CARTESIAN_POINT('',(9.046087810719E-03,75.803226979109));
#12796 = CARTESIAN_POINT('',(8.816910276012E-03,75.821226217666));
#12797 = CARTESIAN_POINT('',(8.588210036871E-03,75.839189571694));
#12798 = CARTESIAN_POINT('',(8.359957098772E-03,75.85711879779));
#12799 = CARTESIAN_POINT('',(8.132115509318E-03,75.875015609827));
#12800 = CARTESIAN_POINT('',(7.904635244833E-03,75.892881615242));
#12801 = CARTESIAN_POINT('',(7.677523890255E-03,75.910718819423));
#12802 = CARTESIAN_POINT('',(7.450760492503E-03,75.928528963801));
#12803 = CARTESIAN_POINT('',(7.224313513265E-03,75.946314001041));
#12804 = CARTESIAN_POINT('',(6.998172584846E-03,75.964075064546));
#12805 = CARTESIAN_POINT('',(6.772284426675E-03,75.981816468028));
#12806 = CARTESIAN_POINT('',(6.546890521068E-03,75.999518918722));
#12807 = CARTESIAN_POINT('',(6.322112006239E-03,76.017171735999));
#12808 = CARTESIAN_POINT('',(6.097870362598E-03,76.034781488653));
#12809 = CARTESIAN_POINT('',(5.874181156853E-03,76.052348564707));
#12810 = CARTESIAN_POINT('',(5.651025885438E-03,76.069874946011));
#12811 = CARTESIAN_POINT('',(5.428386820263E-03,76.08736212287));
#12812 = CARTESIAN_POINT('',(5.206237472967E-03,76.104811645537));
#12813 = CARTESIAN_POINT('',(4.984547524501E-03,76.122224989422));
#12814 = CARTESIAN_POINT('',(4.763274220694E-03,76.139603529558));
#12815 = CARTESIAN_POINT('',(4.542406867397E-03,76.156948978812));
#12816 = CARTESIAN_POINT('',(4.321943898301E-03,76.174262989053));
#12817 = CARTESIAN_POINT('',(4.101873311863E-03,76.191547120617));
#12818 = CARTESIAN_POINT('',(3.882173604575E-03,76.208803136321));
#12819 = CARTESIAN_POINT('',(3.662829205004E-03,76.226031896963));
#12820 = CARTESIAN_POINT('',(3.443768353329E-03,76.243237467315));
#12821 = CARTESIAN_POINT('',(3.225101730313E-03,76.260411456218));
#12822 = CARTESIAN_POINT('',(3.00697816877E-03,76.277542995722));
#12823 = CARTESIAN_POINT('',(2.789377421518E-03,76.294632145207));
#12824 = CARTESIAN_POINT('',(2.572264250318E-03,76.311682009536));
#12825 = CARTESIAN_POINT('',(2.355644407867E-03,76.328693690992));
#12826 = CARTESIAN_POINT('',(2.139504911525E-03,76.345668780025));
#12827 = CARTESIAN_POINT('',(1.923830333574E-03,76.362608686277));
#12828 = CARTESIAN_POINT('',(1.708598233971E-03,76.379514810139));
#12829 = CARTESIAN_POINT('',(1.493781989054E-03,76.396388512128));
#12830 = CARTESIAN_POINT('',(1.279344882258E-03,76.413231050647));
#12831 = CARTESIAN_POINT('',(1.065263025129E-03,76.430043869497));
#12832 = CARTESIAN_POINT('',(8.515405093796E-04,76.446828503101));
#12833 = CARTESIAN_POINT('',(6.381674310726E-04,76.463586393575));
#12834 = CARTESIAN_POINT('',(4.251287161403E-04,76.480318978041));
#12835 = CARTESIAN_POINT('',(2.124025639462E-04,76.497027664785));
#12836 = CARTESIAN_POINT('',(7.077274793253E-05,76.50815176863));
#12837 = CARTESIAN_POINT('',(0.,76.513710295159));
#12838 = ( GEOMETRIC_REPRESENTATION_CONTEXT(2) 
PARAMETRIC_REPRESENTATION_CONTEXT() REPRESENTATION_CONTEXT('2D SPACE',''
  ) );
#12839 = PCURVE('',#10788,#12840);
#12840 = DEFINITIONAL_REPRESENTATION('',(#12841),#12918);
#12841 = B_SPLINE_CURVE_WITH_KNOTS('',3,(#12842,#12843,#12844,#12845,
    #12846,#12847,#12848,#12849,#12850,#12851,#12852,#12853,#12854,
    #12855,#12856,#12857,#12858,#12859,#12860,#12861,#12862,#12863,
    #12864,#12865,#12866,#12867,#12868,#12869,#12870,#12871,#12872,
    #12873,#12874,#12875,#12876,#12877,#12878,#12879,#12880,#12881,
    #12882,#12883,#12884,#12885,#12886,#12887,#12888,#12889,#12890,
    #12891,#12892,#12893,#12894,#12895,#12896,#12897,#12898,#12899,
    #12900,#12901,#12902,#12903,#12904,#12905,#12906,#12907,#12908,
    #12909,#12910,#12911,#12912,#12913,#12914,#12915,#12916,#12917),
  .UNSPECIFIED.,.F.,.F.,(4,3,3,3,3,3,3,3,3,3,3,3,3,3,3,3,3,3,3,3,3,3,3,3
    ,3,4),(0.,5.159835873345E-03,1.548218225643E-02,2.430683858664E-02,
    2.763959939112E-02,3.091828746276E-02,4.177539838159E-02,
    5.285140701071E-02,5.822229239872E-02,6.061484678158E-02,
    7.216252375839E-02,8.374164330659E-02,8.607943289807E-02,
    9.012489377014E-02,9.257945021545E-02,9.495098148346E-02,
    0.106577047972,0.118502261787,0.123110119043,0.126433945888,
    0.128972687431,0.141121287596,0.151585900013,0.154842365201,
    0.167551701364,0.177567088092),.UNSPECIFIED.);
#12842 = CARTESIAN_POINT('',(0.430804865692,-0.601956922022));
#12843 = CARTESIAN_POINT('',(0.446114561846,-0.594234019071));
#12844 = CARTESIAN_POINT('',(0.461101310912,-0.585958179122));
#12845 = CARTESIAN_POINT('',(0.475732022333,-0.577138479068));
#12846 = CARTESIAN_POINT('',(0.505001029105,-0.559494507207));
#12847 = CARTESIAN_POINT('',(0.532846147148,-0.539677704493));
#12848 = CARTESIAN_POINT('',(0.559203503021,-0.517969980462));
#12849 = CARTESIAN_POINT('',(0.581736616977,-0.499411873888));
#12850 = CARTESIAN_POINT('',(0.603182534652,-0.479470517405));
#12851 = CARTESIAN_POINT('',(0.6234926467,-0.458293003696));
#12852 = CARTESIAN_POINT('',(0.631163058196,-0.45029500525));
#12853 = CARTESIAN_POINT('',(0.638671360044,-0.442120448144));
#12854 = CARTESIAN_POINT('',(0.646014481589,-0.433776423275));
#12855 = CARTESIAN_POINT('',(0.653238463877,-0.425567776926));
#12856 = CARTESIAN_POINT('',(0.660306310576,-0.41719016343));
#12857 = CARTESIAN_POINT('',(0.667193711959,-0.408677071432));
#12858 = CARTESIAN_POINT('',(0.690000785741,-0.380486654392));
#12859 = CARTESIAN_POINT('',(0.710869305573,-0.350774668148));
#12860 = CARTESIAN_POINT('',(0.729727410996,-0.319831143363));
#12861 = CARTESIAN_POINT('',(0.748965727704,-0.288263744807));
#12862 = CARTESIAN_POINT('',(0.766112626538,-0.255413838745));
#12863 = CARTESIAN_POINT('',(0.78106552723,-0.221543217144));
#12864 = CARTESIAN_POINT('',(0.788316362664,-0.205118958846));
#12865 = CARTESIAN_POINT('',(0.795050829793,-0.188454082884));
#12866 = CARTESIAN_POINT('',(0.801254103963,-0.171575575582));
#12867 = CARTESIAN_POINT('',(0.804017460418,-0.164056750714));
#12868 = CARTESIAN_POINT('',(0.806676125185,-0.156493262283));
#12869 = CARTESIAN_POINT('',(0.809226205721,-0.148894687864));
#12870 = CARTESIAN_POINT('',(0.821534183545,-0.112220126356));
#12871 = CARTESIAN_POINT('',(0.831270609689,-7.486963724749E-02));
#12872 = CARTESIAN_POINT('',(0.838344733081,-3.714141507944E-02));
#12873 = CARTESIAN_POINT('',(0.845438118237,6.8953531011E-04));
#12874 = CARTESIAN_POINT('',(0.849855543812,3.890142650036E-02));
#12875 = CARTESIAN_POINT('',(0.851465916319,7.722605805011E-02));
#12876 = CARTESIAN_POINT('',(0.851791045709,8.496368649081E-02));
#12877 = CARTESIAN_POINT('',(0.852001599605,9.270598302325E-02));
#12878 = CARTESIAN_POINT('',(0.852096254852,0.100450834267));
#12879 = CARTESIAN_POINT('',(0.852260052356,0.113853021009));
#12880 = CARTESIAN_POINT('',(0.852076838959,0.127262852687));
#12881 = CARTESIAN_POINT('',(0.851553373039,0.14067171974));
#12882 = CARTESIAN_POINT('',(0.851235763577,0.148807460535));
#12883 = CARTESIAN_POINT('',(0.850792877886,0.1569428489));
#12884 = CARTESIAN_POINT('',(0.850226075066,0.165075976657));
#12885 = CARTESIAN_POINT('',(0.849678444307,0.172934002012));
#12886 = CARTESIAN_POINT('',(0.849015443125,0.180784467259));
#12887 = CARTESIAN_POINT('',(0.848239654167,0.188618033214));
#12888 = CARTESIAN_POINT('',(0.84443646838,0.227020882824));
#12889 = CARTESIAN_POINT('',(0.837923191522,0.265071267421));
#12890 = CARTESIAN_POINT('',(0.828912531892,0.302559244374));
#12891 = CARTESIAN_POINT('',(0.819670021296,0.341011814822));
#12892 = CARTESIAN_POINT('',(0.807799864161,0.378873652027));
#12893 = CARTESIAN_POINT('',(0.793476422162,0.415928071206));
#12894 = CARTESIAN_POINT('',(0.787941898658,0.430245757825));
#12895 = CARTESIAN_POINT('',(0.782040529701,0.444442916908));
#12896 = CARTESIAN_POINT('',(0.775780306006,0.458506921932));
#12897 = CARTESIAN_POINT('',(0.771264562913,0.468651836337));
#12898 = CARTESIAN_POINT('',(0.766562073304,0.478727464316));
#12899 = CARTESIAN_POINT('',(0.761675484999,0.48872897891));
#12900 = CARTESIAN_POINT('',(0.757943105032,0.496368143575));
#12901 = CARTESIAN_POINT('',(0.754103855444,0.503962716463));
#12902 = CARTESIAN_POINT('',(0.750164897141,0.51149981896));
#12903 = CARTESIAN_POINT('',(0.731315861632,0.54756699756));
#12904 = CARTESIAN_POINT('',(0.710154992598,0.582386031594));
#12905 = CARTESIAN_POINT('',(0.68686282121,0.615734888936));
#12906 = CARTESIAN_POINT('',(0.666799312444,0.644461068239));
#12907 = CARTESIAN_POINT('',(0.645153431149,0.672096877885));
#12908 = CARTESIAN_POINT('',(0.622012969319,0.698493929654));
#12909 = CARTESIAN_POINT('',(0.61481192781,0.706708383925));
#12910 = CARTESIAN_POINT('',(0.607470923322,0.714797020899));
#12911 = CARTESIAN_POINT('',(0.599998462353,0.722749958362));
#12912 = CARTESIAN_POINT('',(0.570834932907,0.753788692031));
#12913 = CARTESIAN_POINT('',(0.539648608183,0.782789651605));
#12914 = CARTESIAN_POINT('',(0.506611014731,0.809503395442));
#12915 = CARTESIAN_POINT('',(0.480576273754,0.830554729048));
#12916 = CARTESIAN_POINT('',(0.453390799988,0.850185725983));
#12917 = CARTESIAN_POINT('',(0.425119128515,0.86826222368));
#12918 = ( GEOMETRIC_REPRESENTATION_CONTEXT(2) 
PARAMETRIC_REPRESENTATION_CONTEXT() REPRESENTATION_CONTEXT('2D SPACE',''
  ) );
#12919 = ADVANCED_FACE('',(#12920),#10617,.T.);
#12920 = FACE_BOUND('',#12921,.T.);
#12921 = EDGE_LOOP('',(#12922,#12923,#12924,#12950));
#12922 = ORIENTED_EDGE('',*,*,#10599,.T.);
#12923 = ORIENTED_EDGE('',*,*,#11940,.T.);
#12924 = ORIENTED_EDGE('',*,*,#12925,.T.);
#12925 = EDGE_CURVE('',#11941,#12311,#12926,.T.);
#12926 = SURFACE_CURVE('',#12927,(#12932,#12939),.PCURVE_S1.);
#12927 = CIRCLE('',#12928,0.96675);
#12928 = AXIS2_PLACEMENT_3D('',#12929,#12930,#12931);
#12929 = CARTESIAN_POINT('',(0.,-5.E-03,12.3));
#12930 = DIRECTION('',(0.,0.,-1.));
#12931 = DIRECTION('',(-1.,0.,0.));
#12932 = PCURVE('',#10617,#12933);
#12933 = DEFINITIONAL_REPRESENTATION('',(#12934),#12938);
#12934 = LINE('',#12935,#12936);
#12935 = CARTESIAN_POINT('',(12.566370614359,4.));
#12936 = VECTOR('',#12937,1.);
#12937 = DIRECTION('',(-1.,0.));
#12938 = ( GEOMETRIC_REPRESENTATION_CONTEXT(2) 
PARAMETRIC_REPRESENTATION_CONTEXT() REPRESENTATION_CONTEXT('2D SPACE',''
  ) );
#12939 = PCURVE('',#10788,#12940);
#12940 = DEFINITIONAL_REPRESENTATION('',(#12941),#12949);
#12941 = ( BOUNDED_CURVE() B_SPLINE_CURVE(2,(#12942,#12943,#12944,#12945
    ,#12946,#12947,#12948),.UNSPECIFIED.,.T.,.F.) 
B_SPLINE_CURVE_WITH_KNOTS((1,2,2,2,2,1),(-2.094395102393,0.,
    2.094395102393,4.188790204786,6.28318530718,8.377580409573),
.UNSPECIFIED.) CURVE() GEOMETRIC_REPRESENTATION_ITEM() 
RATIONAL_B_SPLINE_CURVE((1.,0.5,1.,0.5,1.,0.5,1.)) REPRESENTATION_ITEM(
  '') );
#12942 = CARTESIAN_POINT('',(0.96675,0.));
#12943 = CARTESIAN_POINT('',(0.96675,-1.674460118217));
#12944 = CARTESIAN_POINT('',(-0.483375,-0.837230059109));
#12945 = CARTESIAN_POINT('',(-1.9335,-2.367854586151E-16));
#12946 = CARTESIAN_POINT('',(-0.483375,0.837230059109));
#12947 = CARTESIAN_POINT('',(0.96675,1.674460118217));
#12948 = CARTESIAN_POINT('',(0.96675,0.));
#12949 = ( GEOMETRIC_REPRESENTATION_CONTEXT(2) 
PARAMETRIC_REPRESENTATION_CONTEXT() REPRESENTATION_CONTEXT('2D SPACE',''
  ) );
#12950 = ORIENTED_EDGE('',*,*,#12310,.T.);
#12951 = ADVANCED_FACE('',(#12952),#10788,.T.);
#12952 = FACE_BOUND('',#12953,.T.);
#12953 = EDGE_LOOP('',(#12954,#12955,#12956,#12957));
#12954 = ORIENTED_EDGE('',*,*,#12643,.T.);
#12955 = ORIENTED_EDGE('',*,*,#12925,.F.);
#12956 = ORIENTED_EDGE('',*,*,#11978,.T.);
#12957 = ORIENTED_EDGE('',*,*,#10771,.T.);
#12958 = ADVANCED_FACE('',(#12959),#12972,.T.);
#12959 = FACE_BOUND('',#12960,.T.);
#12960 = EDGE_LOOP('',(#12961,#12990,#13013,#13040));
#12961 = ORIENTED_EDGE('',*,*,#12962,.F.);
#12962 = EDGE_CURVE('',#12963,#12963,#12965,.T.);
#12963 = VERTEX_POINT('',#12964);
#12964 = CARTESIAN_POINT('',(1.2,-5.E-03,8.3));
#12965 = SURFACE_CURVE('',#12966,(#12971,#12983),.PCURVE_S1.);
#12966 = CIRCLE('',#12967,1.2);
#12967 = AXIS2_PLACEMENT_3D('',#12968,#12969,#12970);
#12968 = CARTESIAN_POINT('',(0.,-5.E-03,8.3));
#12969 = DIRECTION('',(0.,0.,1.));
#12970 = DIRECTION('',(-1.,0.,0.));
#12971 = PCURVE('',#12972,#12977);
#12972 = CYLINDRICAL_SURFACE('',#12973,1.2);
#12973 = AXIS2_PLACEMENT_3D('',#12974,#12975,#12976);
#12974 = CARTESIAN_POINT('',(0.,-5.E-03,3.3));
#12975 = DIRECTION('',(0.,0.,1.));
#12976 = DIRECTION('',(-1.,0.,0.));
#12977 = DEFINITIONAL_REPRESENTATION('',(#12978),#12982);
#12978 = LINE('',#12979,#12980);
#12979 = CARTESIAN_POINT('',(-6.28318530718,5.));
#12980 = VECTOR('',#12981,1.);
#12981 = DIRECTION('',(1.,0.));
#12982 = ( GEOMETRIC_REPRESENTATION_CONTEXT(2) 
PARAMETRIC_REPRESENTATION_CONTEXT() REPRESENTATION_CONTEXT('2D SPACE',''
  ) );
#12983 = PCURVE('',#9378,#12984);
#12984 = DEFINITIONAL_REPRESENTATION('',(#12985),#12989);
#12985 = CIRCLE('',#12986,1.2);
#12986 = AXIS2_PLACEMENT_2D('',#12987,#12988);
#12987 = CARTESIAN_POINT('',(0.,0.));
#12988 = DIRECTION('',(1.,0.));
#12989 = ( GEOMETRIC_REPRESENTATION_CONTEXT(2) 
PARAMETRIC_REPRESENTATION_CONTEXT() REPRESENTATION_CONTEXT('2D SPACE',''
  ) );
#12990 = ORIENTED_EDGE('',*,*,#12991,.T.);
#12991 = EDGE_CURVE('',#12963,#12992,#12994,.T.);
#12992 = VERTEX_POINT('',#12993);
#12993 = CARTESIAN_POINT('',(1.2,-5.E-03,3.3));
#12994 = SEAM_CURVE('',#12995,(#12999,#13006),.PCURVE_S1.);
#12995 = LINE('',#12996,#12997);
#12996 = CARTESIAN_POINT('',(1.2,-5.E-03,3.3));
#12997 = VECTOR('',#12998,1.);
#12998 = DIRECTION('',(0.,0.,-1.));
#12999 = PCURVE('',#12972,#13000);
#13000 = DEFINITIONAL_REPRESENTATION('',(#13001),#13005);
#13001 = LINE('',#13002,#13003);
#13002 = CARTESIAN_POINT('',(-3.14159265359,0.));
#13003 = VECTOR('',#13004,1.);
#13004 = DIRECTION('',(0.,-1.));
#13005 = ( GEOMETRIC_REPRESENTATION_CONTEXT(2) 
PARAMETRIC_REPRESENTATION_CONTEXT() REPRESENTATION_CONTEXT('2D SPACE',''
  ) );
#13006 = PCURVE('',#12972,#13007);
#13007 = DEFINITIONAL_REPRESENTATION('',(#13008),#13012);
#13008 = LINE('',#13009,#13010);
#13009 = CARTESIAN_POINT('',(3.14159265359,0.));
#13010 = VECTOR('',#13011,1.);
#13011 = DIRECTION('',(0.,-1.));
#13012 = ( GEOMETRIC_REPRESENTATION_CONTEXT(2) 
PARAMETRIC_REPRESENTATION_CONTEXT() REPRESENTATION_CONTEXT('2D SPACE',''
  ) );
#13013 = ORIENTED_EDGE('',*,*,#13014,.F.);
#13014 = EDGE_CURVE('',#12992,#12992,#13015,.T.);
#13015 = SURFACE_CURVE('',#13016,(#13021,#13028),.PCURVE_S1.);
#13016 = CIRCLE('',#13017,1.2);
#13017 = AXIS2_PLACEMENT_3D('',#13018,#13019,#13020);
#13018 = CARTESIAN_POINT('',(0.,-5.E-03,3.3));
#13019 = DIRECTION('',(0.,0.,-1.));
#13020 = DIRECTION('',(-1.,0.,0.));
#13021 = PCURVE('',#12972,#13022);
#13022 = DEFINITIONAL_REPRESENTATION('',(#13023),#13027);
#13023 = LINE('',#13024,#13025);
#13024 = CARTESIAN_POINT('',(6.28318530718,0.));
#13025 = VECTOR('',#13026,1.);
#13026 = DIRECTION('',(-1.,0.));
#13027 = ( GEOMETRIC_REPRESENTATION_CONTEXT(2) 
PARAMETRIC_REPRESENTATION_CONTEXT() REPRESENTATION_CONTEXT('2D SPACE',''
  ) );
#13028 = PCURVE('',#13029,#13034);
#13029 = PLANE('',#13030);
#13030 = AXIS2_PLACEMENT_3D('',#13031,#13032,#13033);
#13031 = CARTESIAN_POINT('',(0.,-5.E-03,3.3));
#13032 = DIRECTION('',(0.,0.,-1.));
#13033 = DIRECTION('',(1.,0.,0.));
#13034 = DEFINITIONAL_REPRESENTATION('',(#13035),#13039);
#13035 = CIRCLE('',#13036,1.2);
#13036 = AXIS2_PLACEMENT_2D('',#13037,#13038);
#13037 = CARTESIAN_POINT('',(0.,0.));
#13038 = DIRECTION('',(-1.,0.));
#13039 = ( GEOMETRIC_REPRESENTATION_CONTEXT(2) 
PARAMETRIC_REPRESENTATION_CONTEXT() REPRESENTATION_CONTEXT('2D SPACE',''
  ) );
#13040 = ORIENTED_EDGE('',*,*,#12991,.F.);
#13041 = ADVANCED_FACE('',(#13042,#13045),#9378,.T.);
#13042 = FACE_BOUND('',#13043,.T.);
#13043 = EDGE_LOOP('',(#13044));
#13044 = ORIENTED_EDGE('',*,*,#12962,.T.);
#13045 = FACE_BOUND('',#13046,.T.);
#13046 = EDGE_LOOP('',(#13047,#13048,#13049,#13050));
#13047 = ORIENTED_EDGE('',*,*,#9361,.T.);
#13048 = ORIENTED_EDGE('',*,*,#12355,.T.);
#13049 = ORIENTED_EDGE('',*,*,#12254,.T.);
#13050 = ORIENTED_EDGE('',*,*,#11659,.T.);
#13051 = ADVANCED_FACE('',(#13052),#13066,.F.);
#13052 = FACE_BOUND('',#13053,.T.);
#13053 = EDGE_LOOP('',(#13054,#13089,#13117,#13145));
#13054 = ORIENTED_EDGE('',*,*,#13055,.F.);
#13055 = EDGE_CURVE('',#13056,#13058,#13060,.T.);
#13056 = VERTEX_POINT('',#13057);
#13057 = CARTESIAN_POINT('',(-1.2,1.195,0.8));
#13058 = VERTEX_POINT('',#13059);
#13059 = CARTESIAN_POINT('',(-1.2,-1.205,0.8));
#13060 = SURFACE_CURVE('',#13061,(#13065,#13077),.PCURVE_S1.);
#13061 = LINE('',#13062,#13063);
#13062 = CARTESIAN_POINT('',(-1.2,0.595,0.8));
#13063 = VECTOR('',#13064,1.);
#13064 = DIRECTION('',(0.,-1.,0.));
#13065 = PCURVE('',#13066,#13071);
#13066 = PLANE('',#13067);
#13067 = AXIS2_PLACEMENT_3D('',#13068,#13069,#13070);
#13068 = CARTESIAN_POINT('',(-1.2,1.195,0.8));
#13069 = DIRECTION('',(-1.,0.,0.));
#13070 = DIRECTION('',(0.,-1.,0.));
#13071 = DEFINITIONAL_REPRESENTATION('',(#13072),#13076);
#13072 = LINE('',#13073,#13074);
#13073 = CARTESIAN_POINT('',(0.6,0.));
#13074 = VECTOR('',#13075,1.);
#13075 = DIRECTION('',(1.,0.));
#13076 = ( GEOMETRIC_REPRESENTATION_CONTEXT(2) 
PARAMETRIC_REPRESENTATION_CONTEXT() REPRESENTATION_CONTEXT('2D SPACE',''
  ) );
#13077 = PCURVE('',#13078,#13083);
#13078 = PLANE('',#13079);
#13079 = AXIS2_PLACEMENT_3D('',#13080,#13081,#13082);
#13080 = CARTESIAN_POINT('',(0.,-5.E-03,0.8));
#13081 = DIRECTION('',(0.,0.,-1.));
#13082 = DIRECTION('',(1.,0.,0.));
#13083 = DEFINITIONAL_REPRESENTATION('',(#13084),#13088);
#13084 = LINE('',#13085,#13086);
#13085 = CARTESIAN_POINT('',(-1.2,-0.6));
#13086 = VECTOR('',#13087,1.);
#13087 = DIRECTION('',(0.,1.));
#13088 = ( GEOMETRIC_REPRESENTATION_CONTEXT(2) 
PARAMETRIC_REPRESENTATION_CONTEXT() REPRESENTATION_CONTEXT('2D SPACE',''
  ) );
#13089 = ORIENTED_EDGE('',*,*,#13090,.T.);
#13090 = EDGE_CURVE('',#13056,#13091,#13093,.T.);
#13091 = VERTEX_POINT('',#13092);
#13092 = CARTESIAN_POINT('',(-1.2,1.195,3.2));
#13093 = SURFACE_CURVE('',#13094,(#13098,#13105),.PCURVE_S1.);
#13094 = LINE('',#13095,#13096);
#13095 = CARTESIAN_POINT('',(-1.2,1.195,0.8));
#13096 = VECTOR('',#13097,1.);
#13097 = DIRECTION('',(0.,0.,1.));
#13098 = PCURVE('',#13066,#13099);
#13099 = DEFINITIONAL_REPRESENTATION('',(#13100),#13104);
#13100 = LINE('',#13101,#13102);
#13101 = CARTESIAN_POINT('',(0.,0.));
#13102 = VECTOR('',#13103,1.);
#13103 = DIRECTION('',(0.,1.));
#13104 = ( GEOMETRIC_REPRESENTATION_CONTEXT(2) 
PARAMETRIC_REPRESENTATION_CONTEXT() REPRESENTATION_CONTEXT('2D SPACE',''
  ) );
#13105 = PCURVE('',#13106,#13111);
#13106 = PLANE('',#13107);
#13107 = AXIS2_PLACEMENT_3D('',#13108,#13109,#13110);
#13108 = CARTESIAN_POINT('',(1.2,1.195,0.8));
#13109 = DIRECTION('',(0.,1.,0.));
#13110 = DIRECTION('',(-1.,0.,0.));
#13111 = DEFINITIONAL_REPRESENTATION('',(#13112),#13116);
#13112 = LINE('',#13113,#13114);
#13113 = CARTESIAN_POINT('',(2.4,0.));
#13114 = VECTOR('',#13115,1.);
#13115 = DIRECTION('',(0.,1.));
#13116 = ( GEOMETRIC_REPRESENTATION_CONTEXT(2) 
PARAMETRIC_REPRESENTATION_CONTEXT() REPRESENTATION_CONTEXT('2D SPACE',''
  ) );
#13117 = ORIENTED_EDGE('',*,*,#13118,.T.);
#13118 = EDGE_CURVE('',#13091,#13119,#13121,.T.);
#13119 = VERTEX_POINT('',#13120);
#13120 = CARTESIAN_POINT('',(-1.2,-1.205,3.2));
#13121 = SURFACE_CURVE('',#13122,(#13126,#13133),.PCURVE_S1.);
#13122 = LINE('',#13123,#13124);
#13123 = CARTESIAN_POINT('',(-1.2,-1.205,3.2));
#13124 = VECTOR('',#13125,1.);
#13125 = DIRECTION('',(0.,-1.,0.));
#13126 = PCURVE('',#13066,#13127);
#13127 = DEFINITIONAL_REPRESENTATION('',(#13128),#13132);
#13128 = LINE('',#13129,#13130);
#13129 = CARTESIAN_POINT('',(2.4,2.4));
#13130 = VECTOR('',#13131,1.);
#13131 = DIRECTION('',(1.,0.));
#13132 = ( GEOMETRIC_REPRESENTATION_CONTEXT(2) 
PARAMETRIC_REPRESENTATION_CONTEXT() REPRESENTATION_CONTEXT('2D SPACE',''
  ) );
#13133 = PCURVE('',#13134,#13139);
#13134 = PLANE('',#13135);
#13135 = AXIS2_PLACEMENT_3D('',#13136,#13137,#13138);
#13136 = CARTESIAN_POINT('',(0.,-5.E-03,3.2));
#13137 = DIRECTION('',(0.,0.,1.));
#13138 = DIRECTION('',(1.,0.,0.));
#13139 = DEFINITIONAL_REPRESENTATION('',(#13140),#13144);
#13140 = LINE('',#13141,#13142);
#13141 = CARTESIAN_POINT('',(-1.2,-1.2));
#13142 = VECTOR('',#13143,1.);
#13143 = DIRECTION('',(0.,-1.));
#13144 = ( GEOMETRIC_REPRESENTATION_CONTEXT(2) 
PARAMETRIC_REPRESENTATION_CONTEXT() REPRESENTATION_CONTEXT('2D SPACE',''
  ) );
#13145 = ORIENTED_EDGE('',*,*,#13146,.F.);
#13146 = EDGE_CURVE('',#13058,#13119,#13147,.T.);
#13147 = SURFACE_CURVE('',#13148,(#13152,#13159),.PCURVE_S1.);
#13148 = LINE('',#13149,#13150);
#13149 = CARTESIAN_POINT('',(-1.2,-1.205,0.8));
#13150 = VECTOR('',#13151,1.);
#13151 = DIRECTION('',(0.,0.,1.));
#13152 = PCURVE('',#13066,#13153);
#13153 = DEFINITIONAL_REPRESENTATION('',(#13154),#13158);
#13154 = LINE('',#13155,#13156);
#13155 = CARTESIAN_POINT('',(2.4,0.));
#13156 = VECTOR('',#13157,1.);
#13157 = DIRECTION('',(0.,1.));
#13158 = ( GEOMETRIC_REPRESENTATION_CONTEXT(2) 
PARAMETRIC_REPRESENTATION_CONTEXT() REPRESENTATION_CONTEXT('2D SPACE',''
  ) );
#13159 = PCURVE('',#13160,#13165);
#13160 = PLANE('',#13161);
#13161 = AXIS2_PLACEMENT_3D('',#13162,#13163,#13164);
#13162 = CARTESIAN_POINT('',(-1.2,-1.205,0.8));
#13163 = DIRECTION('',(0.,-1.,0.));
#13164 = DIRECTION('',(1.,0.,0.));
#13165 = DEFINITIONAL_REPRESENTATION('',(#13166),#13170);
#13166 = LINE('',#13167,#13168);
#13167 = CARTESIAN_POINT('',(0.,0.));
#13168 = VECTOR('',#13169,1.);
#13169 = DIRECTION('',(0.,1.));
#13170 = ( GEOMETRIC_REPRESENTATION_CONTEXT(2) 
PARAMETRIC_REPRESENTATION_CONTEXT() REPRESENTATION_CONTEXT('2D SPACE',''
  ) );
#13171 = ADVANCED_FACE('',(#13172),#13106,.F.);
#13172 = FACE_BOUND('',#13173,.T.);
#13173 = EDGE_LOOP('',(#13174,#13197,#13225,#13246));
#13174 = ORIENTED_EDGE('',*,*,#13175,.F.);
#13175 = EDGE_CURVE('',#13176,#13056,#13178,.T.);
#13176 = VERTEX_POINT('',#13177);
#13177 = CARTESIAN_POINT('',(1.2,1.195,0.8));
#13178 = SURFACE_CURVE('',#13179,(#13183,#13190),.PCURVE_S1.);
#13179 = LINE('',#13180,#13181);
#13180 = CARTESIAN_POINT('',(0.6,1.195,0.8));
#13181 = VECTOR('',#13182,1.);
#13182 = DIRECTION('',(-1.,0.,0.));
#13183 = PCURVE('',#13106,#13184);
#13184 = DEFINITIONAL_REPRESENTATION('',(#13185),#13189);
#13185 = LINE('',#13186,#13187);
#13186 = CARTESIAN_POINT('',(0.6,0.));
#13187 = VECTOR('',#13188,1.);
#13188 = DIRECTION('',(1.,0.));
#13189 = ( GEOMETRIC_REPRESENTATION_CONTEXT(2) 
PARAMETRIC_REPRESENTATION_CONTEXT() REPRESENTATION_CONTEXT('2D SPACE',''
  ) );
#13190 = PCURVE('',#13078,#13191);
#13191 = DEFINITIONAL_REPRESENTATION('',(#13192),#13196);
#13192 = LINE('',#13193,#13194);
#13193 = CARTESIAN_POINT('',(0.6,-1.2));
#13194 = VECTOR('',#13195,1.);
#13195 = DIRECTION('',(-1.,0.));
#13196 = ( GEOMETRIC_REPRESENTATION_CONTEXT(2) 
PARAMETRIC_REPRESENTATION_CONTEXT() REPRESENTATION_CONTEXT('2D SPACE',''
  ) );
#13197 = ORIENTED_EDGE('',*,*,#13198,.T.);
#13198 = EDGE_CURVE('',#13176,#13199,#13201,.T.);
#13199 = VERTEX_POINT('',#13200);
#13200 = CARTESIAN_POINT('',(1.2,1.195,3.2));
#13201 = SURFACE_CURVE('',#13202,(#13206,#13213),.PCURVE_S1.);
#13202 = LINE('',#13203,#13204);
#13203 = CARTESIAN_POINT('',(1.2,1.195,0.8));
#13204 = VECTOR('',#13205,1.);
#13205 = DIRECTION('',(0.,0.,1.));
#13206 = PCURVE('',#13106,#13207);
#13207 = DEFINITIONAL_REPRESENTATION('',(#13208),#13212);
#13208 = LINE('',#13209,#13210);
#13209 = CARTESIAN_POINT('',(0.,0.));
#13210 = VECTOR('',#13211,1.);
#13211 = DIRECTION('',(0.,1.));
#13212 = ( GEOMETRIC_REPRESENTATION_CONTEXT(2) 
PARAMETRIC_REPRESENTATION_CONTEXT() REPRESENTATION_CONTEXT('2D SPACE',''
  ) );
#13213 = PCURVE('',#13214,#13219);
#13214 = PLANE('',#13215);
#13215 = AXIS2_PLACEMENT_3D('',#13216,#13217,#13218);
#13216 = CARTESIAN_POINT('',(1.2,-1.205,0.8));
#13217 = DIRECTION('',(1.,0.,0.));
#13218 = DIRECTION('',(0.,1.,0.));
#13219 = DEFINITIONAL_REPRESENTATION('',(#13220),#13224);
#13220 = LINE('',#13221,#13222);
#13221 = CARTESIAN_POINT('',(2.4,0.));
#13222 = VECTOR('',#13223,1.);
#13223 = DIRECTION('',(0.,1.));
#13224 = ( GEOMETRIC_REPRESENTATION_CONTEXT(2) 
PARAMETRIC_REPRESENTATION_CONTEXT() REPRESENTATION_CONTEXT('2D SPACE',''
  ) );
#13225 = ORIENTED_EDGE('',*,*,#13226,.T.);
#13226 = EDGE_CURVE('',#13199,#13091,#13227,.T.);
#13227 = SURFACE_CURVE('',#13228,(#13232,#13239),.PCURVE_S1.);
#13228 = LINE('',#13229,#13230);
#13229 = CARTESIAN_POINT('',(-1.2,1.195,3.2));
#13230 = VECTOR('',#13231,1.);
#13231 = DIRECTION('',(-1.,0.,0.));
#13232 = PCURVE('',#13106,#13233);
#13233 = DEFINITIONAL_REPRESENTATION('',(#13234),#13238);
#13234 = LINE('',#13235,#13236);
#13235 = CARTESIAN_POINT('',(2.4,2.4));
#13236 = VECTOR('',#13237,1.);
#13237 = DIRECTION('',(1.,0.));
#13238 = ( GEOMETRIC_REPRESENTATION_CONTEXT(2) 
PARAMETRIC_REPRESENTATION_CONTEXT() REPRESENTATION_CONTEXT('2D SPACE',''
  ) );
#13239 = PCURVE('',#13134,#13240);
#13240 = DEFINITIONAL_REPRESENTATION('',(#13241),#13245);
#13241 = LINE('',#13242,#13243);
#13242 = CARTESIAN_POINT('',(-1.2,1.2));
#13243 = VECTOR('',#13244,1.);
#13244 = DIRECTION('',(-1.,0.));
#13245 = ( GEOMETRIC_REPRESENTATION_CONTEXT(2) 
PARAMETRIC_REPRESENTATION_CONTEXT() REPRESENTATION_CONTEXT('2D SPACE',''
  ) );
#13246 = ORIENTED_EDGE('',*,*,#13090,.F.);
#13247 = ADVANCED_FACE('',(#13248),#13214,.F.);
#13248 = FACE_BOUND('',#13249,.T.);
#13249 = EDGE_LOOP('',(#13250,#13273,#13296,#13317));
#13250 = ORIENTED_EDGE('',*,*,#13251,.F.);
#13251 = EDGE_CURVE('',#13252,#13176,#13254,.T.);
#13252 = VERTEX_POINT('',#13253);
#13253 = CARTESIAN_POINT('',(1.2,-1.205,0.8));
#13254 = SURFACE_CURVE('',#13255,(#13259,#13266),.PCURVE_S1.);
#13255 = LINE('',#13256,#13257);
#13256 = CARTESIAN_POINT('',(1.2,-0.605,0.8));
#13257 = VECTOR('',#13258,1.);
#13258 = DIRECTION('',(0.,1.,0.));
#13259 = PCURVE('',#13214,#13260);
#13260 = DEFINITIONAL_REPRESENTATION('',(#13261),#13265);
#13261 = LINE('',#13262,#13263);
#13262 = CARTESIAN_POINT('',(0.6,0.));
#13263 = VECTOR('',#13264,1.);
#13264 = DIRECTION('',(1.,0.));
#13265 = ( GEOMETRIC_REPRESENTATION_CONTEXT(2) 
PARAMETRIC_REPRESENTATION_CONTEXT() REPRESENTATION_CONTEXT('2D SPACE',''
  ) );
#13266 = PCURVE('',#13078,#13267);
#13267 = DEFINITIONAL_REPRESENTATION('',(#13268),#13272);
#13268 = LINE('',#13269,#13270);
#13269 = CARTESIAN_POINT('',(1.2,0.6));
#13270 = VECTOR('',#13271,1.);
#13271 = DIRECTION('',(0.,-1.));
#13272 = ( GEOMETRIC_REPRESENTATION_CONTEXT(2) 
PARAMETRIC_REPRESENTATION_CONTEXT() REPRESENTATION_CONTEXT('2D SPACE',''
  ) );
#13273 = ORIENTED_EDGE('',*,*,#13274,.T.);
#13274 = EDGE_CURVE('',#13252,#13275,#13277,.T.);
#13275 = VERTEX_POINT('',#13276);
#13276 = CARTESIAN_POINT('',(1.2,-1.205,3.2));
#13277 = SURFACE_CURVE('',#13278,(#13282,#13289),.PCURVE_S1.);
#13278 = LINE('',#13279,#13280);
#13279 = CARTESIAN_POINT('',(1.2,-1.205,0.8));
#13280 = VECTOR('',#13281,1.);
#13281 = DIRECTION('',(0.,0.,1.));
#13282 = PCURVE('',#13214,#13283);
#13283 = DEFINITIONAL_REPRESENTATION('',(#13284),#13288);
#13284 = LINE('',#13285,#13286);
#13285 = CARTESIAN_POINT('',(0.,0.));
#13286 = VECTOR('',#13287,1.);
#13287 = DIRECTION('',(0.,1.));
#13288 = ( GEOMETRIC_REPRESENTATION_CONTEXT(2) 
PARAMETRIC_REPRESENTATION_CONTEXT() REPRESENTATION_CONTEXT('2D SPACE',''
  ) );
#13289 = PCURVE('',#13160,#13290);
#13290 = DEFINITIONAL_REPRESENTATION('',(#13291),#13295);
#13291 = LINE('',#13292,#13293);
#13292 = CARTESIAN_POINT('',(2.4,0.));
#13293 = VECTOR('',#13294,1.);
#13294 = DIRECTION('',(0.,1.));
#13295 = ( GEOMETRIC_REPRESENTATION_CONTEXT(2) 
PARAMETRIC_REPRESENTATION_CONTEXT() REPRESENTATION_CONTEXT('2D SPACE',''
  ) );
#13296 = ORIENTED_EDGE('',*,*,#13297,.T.);
#13297 = EDGE_CURVE('',#13275,#13199,#13298,.T.);
#13298 = SURFACE_CURVE('',#13299,(#13303,#13310),.PCURVE_S1.);
#13299 = LINE('',#13300,#13301);
#13300 = CARTESIAN_POINT('',(1.2,1.195,3.2));
#13301 = VECTOR('',#13302,1.);
#13302 = DIRECTION('',(0.,1.,0.));
#13303 = PCURVE('',#13214,#13304);
#13304 = DEFINITIONAL_REPRESENTATION('',(#13305),#13309);
#13305 = LINE('',#13306,#13307);
#13306 = CARTESIAN_POINT('',(2.4,2.4));
#13307 = VECTOR('',#13308,1.);
#13308 = DIRECTION('',(1.,0.));
#13309 = ( GEOMETRIC_REPRESENTATION_CONTEXT(2) 
PARAMETRIC_REPRESENTATION_CONTEXT() REPRESENTATION_CONTEXT('2D SPACE',''
  ) );
#13310 = PCURVE('',#13134,#13311);
#13311 = DEFINITIONAL_REPRESENTATION('',(#13312),#13316);
#13312 = LINE('',#13313,#13314);
#13313 = CARTESIAN_POINT('',(1.2,1.2));
#13314 = VECTOR('',#13315,1.);
#13315 = DIRECTION('',(0.,1.));
#13316 = ( GEOMETRIC_REPRESENTATION_CONTEXT(2) 
PARAMETRIC_REPRESENTATION_CONTEXT() REPRESENTATION_CONTEXT('2D SPACE',''
  ) );
#13317 = ORIENTED_EDGE('',*,*,#13198,.F.);
#13318 = ADVANCED_FACE('',(#13319),#13160,.F.);
#13319 = FACE_BOUND('',#13320,.T.);
#13320 = EDGE_LOOP('',(#13321,#13342,#13343,#13364));
#13321 = ORIENTED_EDGE('',*,*,#13322,.F.);
#13322 = EDGE_CURVE('',#13058,#13252,#13323,.T.);
#13323 = SURFACE_CURVE('',#13324,(#13328,#13335),.PCURVE_S1.);
#13324 = LINE('',#13325,#13326);
#13325 = CARTESIAN_POINT('',(-0.6,-1.205,0.8));
#13326 = VECTOR('',#13327,1.);
#13327 = DIRECTION('',(1.,0.,0.));
#13328 = PCURVE('',#13160,#13329);
#13329 = DEFINITIONAL_REPRESENTATION('',(#13330),#13334);
#13330 = LINE('',#13331,#13332);
#13331 = CARTESIAN_POINT('',(0.6,0.));
#13332 = VECTOR('',#13333,1.);
#13333 = DIRECTION('',(1.,0.));
#13334 = ( GEOMETRIC_REPRESENTATION_CONTEXT(2) 
PARAMETRIC_REPRESENTATION_CONTEXT() REPRESENTATION_CONTEXT('2D SPACE',''
  ) );
#13335 = PCURVE('',#13078,#13336);
#13336 = DEFINITIONAL_REPRESENTATION('',(#13337),#13341);
#13337 = LINE('',#13338,#13339);
#13338 = CARTESIAN_POINT('',(-0.6,1.2));
#13339 = VECTOR('',#13340,1.);
#13340 = DIRECTION('',(1.,0.));
#13341 = ( GEOMETRIC_REPRESENTATION_CONTEXT(2) 
PARAMETRIC_REPRESENTATION_CONTEXT() REPRESENTATION_CONTEXT('2D SPACE',''
  ) );
#13342 = ORIENTED_EDGE('',*,*,#13146,.T.);
#13343 = ORIENTED_EDGE('',*,*,#13344,.T.);
#13344 = EDGE_CURVE('',#13119,#13275,#13345,.T.);
#13345 = SURFACE_CURVE('',#13346,(#13350,#13357),.PCURVE_S1.);
#13346 = LINE('',#13347,#13348);
#13347 = CARTESIAN_POINT('',(1.2,-1.205,3.2));
#13348 = VECTOR('',#13349,1.);
#13349 = DIRECTION('',(1.,0.,0.));
#13350 = PCURVE('',#13160,#13351);
#13351 = DEFINITIONAL_REPRESENTATION('',(#13352),#13356);
#13352 = LINE('',#13353,#13354);
#13353 = CARTESIAN_POINT('',(2.4,2.4));
#13354 = VECTOR('',#13355,1.);
#13355 = DIRECTION('',(1.,0.));
#13356 = ( GEOMETRIC_REPRESENTATION_CONTEXT(2) 
PARAMETRIC_REPRESENTATION_CONTEXT() REPRESENTATION_CONTEXT('2D SPACE',''
  ) );
#13357 = PCURVE('',#13134,#13358);
#13358 = DEFINITIONAL_REPRESENTATION('',(#13359),#13363);
#13359 = LINE('',#13360,#13361);
#13360 = CARTESIAN_POINT('',(1.2,-1.2));
#13361 = VECTOR('',#13362,1.);
#13362 = DIRECTION('',(1.,0.));
#13363 = ( GEOMETRIC_REPRESENTATION_CONTEXT(2) 
PARAMETRIC_REPRESENTATION_CONTEXT() REPRESENTATION_CONTEXT('2D SPACE',''
  ) );
#13364 = ORIENTED_EDGE('',*,*,#13274,.F.);
#13365 = ADVANCED_FACE('',(#13366),#13134,.F.);
#13366 = FACE_BOUND('',#13367,.T.);
#13367 = EDGE_LOOP('',(#13368,#13369,#13370,#13371));
#13368 = ORIENTED_EDGE('',*,*,#13344,.F.);
#13369 = ORIENTED_EDGE('',*,*,#13118,.F.);
#13370 = ORIENTED_EDGE('',*,*,#13226,.F.);
#13371 = ORIENTED_EDGE('',*,*,#13297,.F.);
#13372 = ADVANCED_FACE('',(#13373),#13386,.T.);
#13373 = FACE_BOUND('',#13374,.T.);
#13374 = EDGE_LOOP('',(#13375,#13408,#13431,#13453));
#13375 = ORIENTED_EDGE('',*,*,#13376,.F.);
#13376 = EDGE_CURVE('',#13377,#13377,#13379,.T.);
#13377 = VERTEX_POINT('',#13378);
#13378 = CARTESIAN_POINT('',(-2.45,-5.E-03,3.3));
#13379 = SURFACE_CURVE('',#13380,(#13385,#13397),.PCURVE_S1.);
#13380 = CIRCLE('',#13381,2.45);
#13381 = AXIS2_PLACEMENT_3D('',#13382,#13383,#13384);
#13382 = CARTESIAN_POINT('',(0.,-5.E-03,3.3));
#13383 = DIRECTION('',(0.,0.,1.));
#13384 = DIRECTION('',(1.,0.,0.));
#13385 = PCURVE('',#13386,#13391);
#13386 = CYLINDRICAL_SURFACE('',#13387,2.45);
#13387 = AXIS2_PLACEMENT_3D('',#13388,#13389,#13390);
#13388 = CARTESIAN_POINT('',(0.,-5.E-03,0.8));
#13389 = DIRECTION('',(0.,0.,1.));
#13390 = DIRECTION('',(1.,0.,0.));
#13391 = DEFINITIONAL_REPRESENTATION('',(#13392),#13396);
#13392 = LINE('',#13393,#13394);
#13393 = CARTESIAN_POINT('',(-6.28318530718,2.5));
#13394 = VECTOR('',#13395,1.);
#13395 = DIRECTION('',(1.,0.));
#13396 = ( GEOMETRIC_REPRESENTATION_CONTEXT(2) 
PARAMETRIC_REPRESENTATION_CONTEXT() REPRESENTATION_CONTEXT('2D SPACE',''
  ) );
#13397 = PCURVE('',#13029,#13398);
#13398 = DEFINITIONAL_REPRESENTATION('',(#13399),#13407);
#13399 = ( BOUNDED_CURVE() B_SPLINE_CURVE(2,(#13400,#13401,#13402,#13403
    ,#13404,#13405,#13406),.UNSPECIFIED.,.T.,.F.) 
B_SPLINE_CURVE_WITH_KNOTS((1,2,2,2,2,1),(-2.094395102393,0.,
    2.094395102393,4.188790204786,6.28318530718,8.377580409573),
.UNSPECIFIED.) CURVE() GEOMETRIC_REPRESENTATION_ITEM() 
RATIONAL_B_SPLINE_CURVE((1.,0.5,1.,0.5,1.,0.5,1.)) REPRESENTATION_ITEM(
  '') );
#13400 = CARTESIAN_POINT('',(2.45,0.));
#13401 = CARTESIAN_POINT('',(2.45,-4.243524478544));
#13402 = CARTESIAN_POINT('',(-1.225,-2.121762239272));
#13403 = CARTESIAN_POINT('',(-4.9,-6.000769315822E-16));
#13404 = CARTESIAN_POINT('',(-1.225,2.121762239272));
#13405 = CARTESIAN_POINT('',(2.45,4.243524478544));
#13406 = CARTESIAN_POINT('',(2.45,0.));
#13407 = ( GEOMETRIC_REPRESENTATION_CONTEXT(2) 
PARAMETRIC_REPRESENTATION_CONTEXT() REPRESENTATION_CONTEXT('2D SPACE',''
  ) );
#13408 = ORIENTED_EDGE('',*,*,#13409,.T.);
#13409 = EDGE_CURVE('',#13377,#13410,#13412,.T.);
#13410 = VERTEX_POINT('',#13411);
#13411 = CARTESIAN_POINT('',(-2.45,-5.E-03,0.8));
#13412 = SEAM_CURVE('',#13413,(#13417,#13424),.PCURVE_S1.);
#13413 = LINE('',#13414,#13415);
#13414 = CARTESIAN_POINT('',(-2.45,-5.E-03,0.8));
#13415 = VECTOR('',#13416,1.);
#13416 = DIRECTION('',(0.,0.,-1.));
#13417 = PCURVE('',#13386,#13418);
#13418 = DEFINITIONAL_REPRESENTATION('',(#13419),#13423);
#13419 = LINE('',#13420,#13421);
#13420 = CARTESIAN_POINT('',(-3.14159265359,0.));
#13421 = VECTOR('',#13422,1.);
#13422 = DIRECTION('',(0.,-1.));
#13423 = ( GEOMETRIC_REPRESENTATION_CONTEXT(2) 
PARAMETRIC_REPRESENTATION_CONTEXT() REPRESENTATION_CONTEXT('2D SPACE',''
  ) );
#13424 = PCURVE('',#13386,#13425);
#13425 = DEFINITIONAL_REPRESENTATION('',(#13426),#13430);
#13426 = LINE('',#13427,#13428);
#13427 = CARTESIAN_POINT('',(3.14159265359,0.));
#13428 = VECTOR('',#13429,1.);
#13429 = DIRECTION('',(0.,-1.));
#13430 = ( GEOMETRIC_REPRESENTATION_CONTEXT(2) 
PARAMETRIC_REPRESENTATION_CONTEXT() REPRESENTATION_CONTEXT('2D SPACE',''
  ) );
#13431 = ORIENTED_EDGE('',*,*,#13432,.F.);
#13432 = EDGE_CURVE('',#13410,#13410,#13433,.T.);
#13433 = SURFACE_CURVE('',#13434,(#13439,#13446),.PCURVE_S1.);
#13434 = CIRCLE('',#13435,2.45);
#13435 = AXIS2_PLACEMENT_3D('',#13436,#13437,#13438);
#13436 = CARTESIAN_POINT('',(0.,-5.E-03,0.8));
#13437 = DIRECTION('',(0.,0.,-1.));
#13438 = DIRECTION('',(1.,0.,0.));
#13439 = PCURVE('',#13386,#13440);
#13440 = DEFINITIONAL_REPRESENTATION('',(#13441),#13445);
#13441 = LINE('',#13442,#13443);
#13442 = CARTESIAN_POINT('',(6.28318530718,0.));
#13443 = VECTOR('',#13444,1.);
#13444 = DIRECTION('',(-1.,0.));
#13445 = ( GEOMETRIC_REPRESENTATION_CONTEXT(2) 
PARAMETRIC_REPRESENTATION_CONTEXT() REPRESENTATION_CONTEXT('2D SPACE',''
  ) );
#13446 = PCURVE('',#13078,#13447);
#13447 = DEFINITIONAL_REPRESENTATION('',(#13448),#13452);
#13448 = CIRCLE('',#13449,2.45);
#13449 = AXIS2_PLACEMENT_2D('',#13450,#13451);
#13450 = CARTESIAN_POINT('',(0.,0.));
#13451 = DIRECTION('',(1.,0.));
#13452 = ( GEOMETRIC_REPRESENTATION_CONTEXT(2) 
PARAMETRIC_REPRESENTATION_CONTEXT() REPRESENTATION_CONTEXT('2D SPACE',''
  ) );
#13453 = ORIENTED_EDGE('',*,*,#13409,.F.);
#13454 = ADVANCED_FACE('',(#13455,#13458),#13078,.T.);
#13455 = FACE_BOUND('',#13456,.T.);
#13456 = EDGE_LOOP('',(#13457));
#13457 = ORIENTED_EDGE('',*,*,#13432,.T.);
#13458 = FACE_BOUND('',#13459,.T.);
#13459 = EDGE_LOOP('',(#13460,#13461,#13462,#13463));
#13460 = ORIENTED_EDGE('',*,*,#13055,.T.);
#13461 = ORIENTED_EDGE('',*,*,#13322,.T.);
#13462 = ORIENTED_EDGE('',*,*,#13251,.T.);
#13463 = ORIENTED_EDGE('',*,*,#13175,.T.);
#13464 = ADVANCED_FACE('',(#13465,#13468),#13029,.F.);
#13465 = FACE_BOUND('',#13466,.T.);
#13466 = EDGE_LOOP('',(#13467));
#13467 = ORIENTED_EDGE('',*,*,#13376,.T.);
#13468 = FACE_BOUND('',#13469,.T.);
#13469 = EDGE_LOOP('',(#13470));
#13470 = ORIENTED_EDGE('',*,*,#13014,.T.);
#13471 = ( GEOMETRIC_REPRESENTATION_CONTEXT(3) 
GLOBAL_UNCERTAINTY_ASSIGNED_CONTEXT((#13475)) 
GLOBAL_UNIT_ASSIGNED_CONTEXT((#13472,#13473,#13474)) 
REPRESENTATION_CONTEXT('Context #1',
  '3D Context with UNIT and UNCERTAINTY') );
#13472 = ( LENGTH_UNIT() NAMED_UNIT(*) SI_UNIT(.MILLI.,.METRE.) );
#13473 = ( NAMED_UNIT(*) PLANE_ANGLE_UNIT() SI_UNIT($,.RADIAN.) );
#13474 = ( NAMED_UNIT(*) SI_UNIT($,.STERADIAN.) SOLID_ANGLE_UNIT() );
#13475 = UNCERTAINTY_MEASURE_WITH_UNIT(LENGTH_MEASURE(1.E-03),#13472,
  'distance_accuracy_value','confusion accuracy');
#13476 = CONTEXT_DEPENDENT_SHAPE_REPRESENTATION(#13477,#13479);
#13477 = ( REPRESENTATION_RELATIONSHIP('','',#9017,#8990) 
REPRESENTATION_RELATIONSHIP_WITH_TRANSFORMATION(#13478) 
SHAPE_REPRESENTATION_RELATIONSHIP() );
#13478 = ITEM_DEFINED_TRANSFORMATION('','',#11,#8991);
#13479 = PRODUCT_DEFINITION_SHAPE('Placement','Placement of an item',
  #13480);
#13480 = NEXT_ASSEMBLY_USAGE_OCCURRENCE('3','','',#8985,#9012,$);
#13481 = PRODUCT_RELATED_PRODUCT_CATEGORY('part',$,(#9014));
#13482 = SHAPE_DEFINITION_REPRESENTATION(#13483,#13489);
#13483 = PRODUCT_DEFINITION_SHAPE('','',#13484);
#13484 = PRODUCT_DEFINITION('design','',#13485,#13488);
#13485 = PRODUCT_DEFINITION_FORMATION('','',#13486);
#13486 = PRODUCT('Open CASCADE STEP translator 7.8 1.1.3.2',
  'Open CASCADE STEP translator 7.8 1.1.3.2','',(#13487));
#13487 = PRODUCT_CONTEXT('',#2,'mechanical');
#13488 = PRODUCT_DEFINITION_CONTEXT('part definition',#2,'design');
#13489 = ADVANCED_BREP_SHAPE_REPRESENTATION('',(#11,#13490),#13820);
#13490 = MANIFOLD_SOLID_BREP('',#13491);
#13491 = CLOSED_SHELL('',(#13492,#13612,#13688,#13759,#13806,#13813));
#13492 = ADVANCED_FACE('',(#13493),#13507,.T.);
#13493 = FACE_BOUND('',#13494,.T.);
#13494 = EDGE_LOOP('',(#13495,#13530,#13558,#13586));
#13495 = ORIENTED_EDGE('',*,*,#13496,.F.);
#13496 = EDGE_CURVE('',#13497,#13499,#13501,.T.);
#13497 = VERTEX_POINT('',#13498);
#13498 = CARTESIAN_POINT('',(-1.2,-1.205,0.8));
#13499 = VERTEX_POINT('',#13500);
#13500 = CARTESIAN_POINT('',(-1.2,1.195,0.8));
#13501 = SURFACE_CURVE('',#13502,(#13506,#13518),.PCURVE_S1.);
#13502 = LINE('',#13503,#13504);
#13503 = CARTESIAN_POINT('',(-1.2,-1.205,0.8));
#13504 = VECTOR('',#13505,1.);
#13505 = DIRECTION('',(0.,1.,0.));
#13506 = PCURVE('',#13507,#13512);
#13507 = PLANE('',#13508);
#13508 = AXIS2_PLACEMENT_3D('',#13509,#13510,#13511);
#13509 = CARTESIAN_POINT('',(-1.2,1.195,0.8));
#13510 = DIRECTION('',(-1.,0.,0.));
#13511 = DIRECTION('',(0.,-1.,0.));
#13512 = DEFINITIONAL_REPRESENTATION('',(#13513),#13517);
#13513 = LINE('',#13514,#13515);
#13514 = CARTESIAN_POINT('',(2.4,0.));
#13515 = VECTOR('',#13516,1.);
#13516 = DIRECTION('',(-1.,0.));
#13517 = ( GEOMETRIC_REPRESENTATION_CONTEXT(2) 
PARAMETRIC_REPRESENTATION_CONTEXT() REPRESENTATION_CONTEXT('2D SPACE',''
  ) );
#13518 = PCURVE('',#13519,#13524);
#13519 = PLANE('',#13520);
#13520 = AXIS2_PLACEMENT_3D('',#13521,#13522,#13523);
#13521 = CARTESIAN_POINT('',(0.,-5.E-03,0.8));
#13522 = DIRECTION('',(0.,0.,1.));
#13523 = DIRECTION('',(-1.,0.,0.));
#13524 = DEFINITIONAL_REPRESENTATION('',(#13525),#13529);
#13525 = LINE('',#13526,#13527);
#13526 = CARTESIAN_POINT('',(1.2,1.2));
#13527 = VECTOR('',#13528,1.);
#13528 = DIRECTION('',(0.,-1.));
#13529 = ( GEOMETRIC_REPRESENTATION_CONTEXT(2) 
PARAMETRIC_REPRESENTATION_CONTEXT() REPRESENTATION_CONTEXT('2D SPACE',''
  ) );
#13530 = ORIENTED_EDGE('',*,*,#13531,.T.);
#13531 = EDGE_CURVE('',#13497,#13532,#13534,.T.);
#13532 = VERTEX_POINT('',#13533);
#13533 = CARTESIAN_POINT('',(-1.2,-1.205,3.2));
#13534 = SURFACE_CURVE('',#13535,(#13539,#13546),.PCURVE_S1.);
#13535 = LINE('',#13536,#13537);
#13536 = CARTESIAN_POINT('',(-1.2,-1.205,0.8));
#13537 = VECTOR('',#13538,1.);
#13538 = DIRECTION('',(0.,0.,1.));
#13539 = PCURVE('',#13507,#13540);
#13540 = DEFINITIONAL_REPRESENTATION('',(#13541),#13545);
#13541 = LINE('',#13542,#13543);
#13542 = CARTESIAN_POINT('',(2.4,0.));
#13543 = VECTOR('',#13544,1.);
#13544 = DIRECTION('',(0.,1.));
#13545 = ( GEOMETRIC_REPRESENTATION_CONTEXT(2) 
PARAMETRIC_REPRESENTATION_CONTEXT() REPRESENTATION_CONTEXT('2D SPACE',''
  ) );
#13546 = PCURVE('',#13547,#13552);
#13547 = PLANE('',#13548);
#13548 = AXIS2_PLACEMENT_3D('',#13549,#13550,#13551);
#13549 = CARTESIAN_POINT('',(-1.2,-1.205,0.8));
#13550 = DIRECTION('',(0.,-1.,0.));
#13551 = DIRECTION('',(1.,0.,0.));
#13552 = DEFINITIONAL_REPRESENTATION('',(#13553),#13557);
#13553 = LINE('',#13554,#13555);
#13554 = CARTESIAN_POINT('',(0.,0.));
#13555 = VECTOR('',#13556,1.);
#13556 = DIRECTION('',(0.,1.));
#13557 = ( GEOMETRIC_REPRESENTATION_CONTEXT(2) 
PARAMETRIC_REPRESENTATION_CONTEXT() REPRESENTATION_CONTEXT('2D SPACE',''
  ) );
#13558 = ORIENTED_EDGE('',*,*,#13559,.F.);
#13559 = EDGE_CURVE('',#13560,#13532,#13562,.T.);
#13560 = VERTEX_POINT('',#13561);
#13561 = CARTESIAN_POINT('',(-1.2,1.195,3.2));
#13562 = SURFACE_CURVE('',#13563,(#13567,#13574),.PCURVE_S1.);
#13563 = LINE('',#13564,#13565);
#13564 = CARTESIAN_POINT('',(-1.2,-1.205,3.2));
#13565 = VECTOR('',#13566,1.);
#13566 = DIRECTION('',(0.,-1.,0.));
#13567 = PCURVE('',#13507,#13568);
#13568 = DEFINITIONAL_REPRESENTATION('',(#13569),#13573);
#13569 = LINE('',#13570,#13571);
#13570 = CARTESIAN_POINT('',(2.4,2.4));
#13571 = VECTOR('',#13572,1.);
#13572 = DIRECTION('',(1.,0.));
#13573 = ( GEOMETRIC_REPRESENTATION_CONTEXT(2) 
PARAMETRIC_REPRESENTATION_CONTEXT() REPRESENTATION_CONTEXT('2D SPACE',''
  ) );
#13574 = PCURVE('',#13575,#13580);
#13575 = PLANE('',#13576);
#13576 = AXIS2_PLACEMENT_3D('',#13577,#13578,#13579);
#13577 = CARTESIAN_POINT('',(0.,-5.E-03,3.2));
#13578 = DIRECTION('',(0.,0.,1.));
#13579 = DIRECTION('',(1.,0.,0.));
#13580 = DEFINITIONAL_REPRESENTATION('',(#13581),#13585);
#13581 = LINE('',#13582,#13583);
#13582 = CARTESIAN_POINT('',(-1.2,-1.2));
#13583 = VECTOR('',#13584,1.);
#13584 = DIRECTION('',(0.,-1.));
#13585 = ( GEOMETRIC_REPRESENTATION_CONTEXT(2) 
PARAMETRIC_REPRESENTATION_CONTEXT() REPRESENTATION_CONTEXT('2D SPACE',''
  ) );
#13586 = ORIENTED_EDGE('',*,*,#13587,.F.);
#13587 = EDGE_CURVE('',#13499,#13560,#13588,.T.);
#13588 = SURFACE_CURVE('',#13589,(#13593,#13600),.PCURVE_S1.);
#13589 = LINE('',#13590,#13591);
#13590 = CARTESIAN_POINT('',(-1.2,1.195,0.8));
#13591 = VECTOR('',#13592,1.);
#13592 = DIRECTION('',(0.,0.,1.));
#13593 = PCURVE('',#13507,#13594);
#13594 = DEFINITIONAL_REPRESENTATION('',(#13595),#13599);
#13595 = LINE('',#13596,#13597);
#13596 = CARTESIAN_POINT('',(0.,0.));
#13597 = VECTOR('',#13598,1.);
#13598 = DIRECTION('',(0.,1.));
#13599 = ( GEOMETRIC_REPRESENTATION_CONTEXT(2) 
PARAMETRIC_REPRESENTATION_CONTEXT() REPRESENTATION_CONTEXT('2D SPACE',''
  ) );
#13600 = PCURVE('',#13601,#13606);
#13601 = PLANE('',#13602);
#13602 = AXIS2_PLACEMENT_3D('',#13603,#13604,#13605);
#13603 = CARTESIAN_POINT('',(1.2,1.195,0.8));
#13604 = DIRECTION('',(0.,1.,0.));
#13605 = DIRECTION('',(-1.,0.,0.));
#13606 = DEFINITIONAL_REPRESENTATION('',(#13607),#13611);
#13607 = LINE('',#13608,#13609);
#13608 = CARTESIAN_POINT('',(2.4,0.));
#13609 = VECTOR('',#13610,1.);
#13610 = DIRECTION('',(0.,1.));
#13611 = ( GEOMETRIC_REPRESENTATION_CONTEXT(2) 
PARAMETRIC_REPRESENTATION_CONTEXT() REPRESENTATION_CONTEXT('2D SPACE',''
  ) );
#13612 = ADVANCED_FACE('',(#13613),#13601,.T.);
#13613 = FACE_BOUND('',#13614,.T.);
#13614 = EDGE_LOOP('',(#13615,#13638,#13639,#13662));
#13615 = ORIENTED_EDGE('',*,*,#13616,.F.);
#13616 = EDGE_CURVE('',#13499,#13617,#13619,.T.);
#13617 = VERTEX_POINT('',#13618);
#13618 = CARTESIAN_POINT('',(1.2,1.195,0.8));
#13619 = SURFACE_CURVE('',#13620,(#13624,#13631),.PCURVE_S1.);
#13620 = LINE('',#13621,#13622);
#13621 = CARTESIAN_POINT('',(-1.2,1.195,0.8));
#13622 = VECTOR('',#13623,1.);
#13623 = DIRECTION('',(1.,0.,0.));
#13624 = PCURVE('',#13601,#13625);
#13625 = DEFINITIONAL_REPRESENTATION('',(#13626),#13630);
#13626 = LINE('',#13627,#13628);
#13627 = CARTESIAN_POINT('',(2.4,0.));
#13628 = VECTOR('',#13629,1.);
#13629 = DIRECTION('',(-1.,0.));
#13630 = ( GEOMETRIC_REPRESENTATION_CONTEXT(2) 
PARAMETRIC_REPRESENTATION_CONTEXT() REPRESENTATION_CONTEXT('2D SPACE',''
  ) );
#13631 = PCURVE('',#13519,#13632);
#13632 = DEFINITIONAL_REPRESENTATION('',(#13633),#13637);
#13633 = LINE('',#13634,#13635);
#13634 = CARTESIAN_POINT('',(1.2,-1.2));
#13635 = VECTOR('',#13636,1.);
#13636 = DIRECTION('',(-1.,0.));
#13637 = ( GEOMETRIC_REPRESENTATION_CONTEXT(2) 
PARAMETRIC_REPRESENTATION_CONTEXT() REPRESENTATION_CONTEXT('2D SPACE',''
  ) );
#13638 = ORIENTED_EDGE('',*,*,#13587,.T.);
#13639 = ORIENTED_EDGE('',*,*,#13640,.F.);
#13640 = EDGE_CURVE('',#13641,#13560,#13643,.T.);
#13641 = VERTEX_POINT('',#13642);
#13642 = CARTESIAN_POINT('',(1.2,1.195,3.2));
#13643 = SURFACE_CURVE('',#13644,(#13648,#13655),.PCURVE_S1.);
#13644 = LINE('',#13645,#13646);
#13645 = CARTESIAN_POINT('',(-1.2,1.195,3.2));
#13646 = VECTOR('',#13647,1.);
#13647 = DIRECTION('',(-1.,0.,0.));
#13648 = PCURVE('',#13601,#13649);
#13649 = DEFINITIONAL_REPRESENTATION('',(#13650),#13654);
#13650 = LINE('',#13651,#13652);
#13651 = CARTESIAN_POINT('',(2.4,2.4));
#13652 = VECTOR('',#13653,1.);
#13653 = DIRECTION('',(1.,0.));
#13654 = ( GEOMETRIC_REPRESENTATION_CONTEXT(2) 
PARAMETRIC_REPRESENTATION_CONTEXT() REPRESENTATION_CONTEXT('2D SPACE',''
  ) );
#13655 = PCURVE('',#13575,#13656);
#13656 = DEFINITIONAL_REPRESENTATION('',(#13657),#13661);
#13657 = LINE('',#13658,#13659);
#13658 = CARTESIAN_POINT('',(-1.2,1.2));
#13659 = VECTOR('',#13660,1.);
#13660 = DIRECTION('',(-1.,0.));
#13661 = ( GEOMETRIC_REPRESENTATION_CONTEXT(2) 
PARAMETRIC_REPRESENTATION_CONTEXT() REPRESENTATION_CONTEXT('2D SPACE',''
  ) );
#13662 = ORIENTED_EDGE('',*,*,#13663,.F.);
#13663 = EDGE_CURVE('',#13617,#13641,#13664,.T.);
#13664 = SURFACE_CURVE('',#13665,(#13669,#13676),.PCURVE_S1.);
#13665 = LINE('',#13666,#13667);
#13666 = CARTESIAN_POINT('',(1.2,1.195,0.8));
#13667 = VECTOR('',#13668,1.);
#13668 = DIRECTION('',(0.,0.,1.));
#13669 = PCURVE('',#13601,#13670);
#13670 = DEFINITIONAL_REPRESENTATION('',(#13671),#13675);
#13671 = LINE('',#13672,#13673);
#13672 = CARTESIAN_POINT('',(0.,0.));
#13673 = VECTOR('',#13674,1.);
#13674 = DIRECTION('',(0.,1.));
#13675 = ( GEOMETRIC_REPRESENTATION_CONTEXT(2) 
PARAMETRIC_REPRESENTATION_CONTEXT() REPRESENTATION_CONTEXT('2D SPACE',''
  ) );
#13676 = PCURVE('',#13677,#13682);
#13677 = PLANE('',#13678);
#13678 = AXIS2_PLACEMENT_3D('',#13679,#13680,#13681);
#13679 = CARTESIAN_POINT('',(1.2,-1.205,0.8));
#13680 = DIRECTION('',(1.,0.,0.));
#13681 = DIRECTION('',(0.,1.,0.));
#13682 = DEFINITIONAL_REPRESENTATION('',(#13683),#13687);
#13683 = LINE('',#13684,#13685);
#13684 = CARTESIAN_POINT('',(2.4,0.));
#13685 = VECTOR('',#13686,1.);
#13686 = DIRECTION('',(0.,1.));
#13687 = ( GEOMETRIC_REPRESENTATION_CONTEXT(2) 
PARAMETRIC_REPRESENTATION_CONTEXT() REPRESENTATION_CONTEXT('2D SPACE',''
  ) );
#13688 = ADVANCED_FACE('',(#13689),#13677,.T.);
#13689 = FACE_BOUND('',#13690,.T.);
#13690 = EDGE_LOOP('',(#13691,#13714,#13715,#13738));
#13691 = ORIENTED_EDGE('',*,*,#13692,.F.);
#13692 = EDGE_CURVE('',#13617,#13693,#13695,.T.);
#13693 = VERTEX_POINT('',#13694);
#13694 = CARTESIAN_POINT('',(1.2,-1.205,0.8));
#13695 = SURFACE_CURVE('',#13696,(#13700,#13707),.PCURVE_S1.);
#13696 = LINE('',#13697,#13698);
#13697 = CARTESIAN_POINT('',(1.2,1.195,0.8));
#13698 = VECTOR('',#13699,1.);
#13699 = DIRECTION('',(0.,-1.,0.));
#13700 = PCURVE('',#13677,#13701);
#13701 = DEFINITIONAL_REPRESENTATION('',(#13702),#13706);
#13702 = LINE('',#13703,#13704);
#13703 = CARTESIAN_POINT('',(2.4,0.));
#13704 = VECTOR('',#13705,1.);
#13705 = DIRECTION('',(-1.,0.));
#13706 = ( GEOMETRIC_REPRESENTATION_CONTEXT(2) 
PARAMETRIC_REPRESENTATION_CONTEXT() REPRESENTATION_CONTEXT('2D SPACE',''
  ) );
#13707 = PCURVE('',#13519,#13708);
#13708 = DEFINITIONAL_REPRESENTATION('',(#13709),#13713);
#13709 = LINE('',#13710,#13711);
#13710 = CARTESIAN_POINT('',(-1.2,-1.2));
#13711 = VECTOR('',#13712,1.);
#13712 = DIRECTION('',(0.,1.));
#13713 = ( GEOMETRIC_REPRESENTATION_CONTEXT(2) 
PARAMETRIC_REPRESENTATION_CONTEXT() REPRESENTATION_CONTEXT('2D SPACE',''
  ) );
#13714 = ORIENTED_EDGE('',*,*,#13663,.T.);
#13715 = ORIENTED_EDGE('',*,*,#13716,.F.);
#13716 = EDGE_CURVE('',#13717,#13641,#13719,.T.);
#13717 = VERTEX_POINT('',#13718);
#13718 = CARTESIAN_POINT('',(1.2,-1.205,3.2));
#13719 = SURFACE_CURVE('',#13720,(#13724,#13731),.PCURVE_S1.);
#13720 = LINE('',#13721,#13722);
#13721 = CARTESIAN_POINT('',(1.2,1.195,3.2));
#13722 = VECTOR('',#13723,1.);
#13723 = DIRECTION('',(0.,1.,0.));
#13724 = PCURVE('',#13677,#13725);
#13725 = DEFINITIONAL_REPRESENTATION('',(#13726),#13730);
#13726 = LINE('',#13727,#13728);
#13727 = CARTESIAN_POINT('',(2.4,2.4));
#13728 = VECTOR('',#13729,1.);
#13729 = DIRECTION('',(1.,0.));
#13730 = ( GEOMETRIC_REPRESENTATION_CONTEXT(2) 
PARAMETRIC_REPRESENTATION_CONTEXT() REPRESENTATION_CONTEXT('2D SPACE',''
  ) );
#13731 = PCURVE('',#13575,#13732);
#13732 = DEFINITIONAL_REPRESENTATION('',(#13733),#13737);
#13733 = LINE('',#13734,#13735);
#13734 = CARTESIAN_POINT('',(1.2,1.2));
#13735 = VECTOR('',#13736,1.);
#13736 = DIRECTION('',(0.,1.));
#13737 = ( GEOMETRIC_REPRESENTATION_CONTEXT(2) 
PARAMETRIC_REPRESENTATION_CONTEXT() REPRESENTATION_CONTEXT('2D SPACE',''
  ) );
#13738 = ORIENTED_EDGE('',*,*,#13739,.F.);
#13739 = EDGE_CURVE('',#13693,#13717,#13740,.T.);
#13740 = SURFACE_CURVE('',#13741,(#13745,#13752),.PCURVE_S1.);
#13741 = LINE('',#13742,#13743);
#13742 = CARTESIAN_POINT('',(1.2,-1.205,0.8));
#13743 = VECTOR('',#13744,1.);
#13744 = DIRECTION('',(0.,0.,1.));
#13745 = PCURVE('',#13677,#13746);
#13746 = DEFINITIONAL_REPRESENTATION('',(#13747),#13751);
#13747 = LINE('',#13748,#13749);
#13748 = CARTESIAN_POINT('',(0.,0.));
#13749 = VECTOR('',#13750,1.);
#13750 = DIRECTION('',(0.,1.));
#13751 = ( GEOMETRIC_REPRESENTATION_CONTEXT(2) 
PARAMETRIC_REPRESENTATION_CONTEXT() REPRESENTATION_CONTEXT('2D SPACE',''
  ) );
#13752 = PCURVE('',#13547,#13753);
#13753 = DEFINITIONAL_REPRESENTATION('',(#13754),#13758);
#13754 = LINE('',#13755,#13756);
#13755 = CARTESIAN_POINT('',(2.4,0.));
#13756 = VECTOR('',#13757,1.);
#13757 = DIRECTION('',(0.,1.));
#13758 = ( GEOMETRIC_REPRESENTATION_CONTEXT(2) 
PARAMETRIC_REPRESENTATION_CONTEXT() REPRESENTATION_CONTEXT('2D SPACE',''
  ) );
#13759 = ADVANCED_FACE('',(#13760),#13547,.T.);
#13760 = FACE_BOUND('',#13761,.T.);
#13761 = EDGE_LOOP('',(#13762,#13783,#13784,#13805));
#13762 = ORIENTED_EDGE('',*,*,#13763,.F.);
#13763 = EDGE_CURVE('',#13693,#13497,#13764,.T.);
#13764 = SURFACE_CURVE('',#13765,(#13769,#13776),.PCURVE_S1.);
#13765 = LINE('',#13766,#13767);
#13766 = CARTESIAN_POINT('',(1.2,-1.205,0.8));
#13767 = VECTOR('',#13768,1.);
#13768 = DIRECTION('',(-1.,0.,0.));
#13769 = PCURVE('',#13547,#13770);
#13770 = DEFINITIONAL_REPRESENTATION('',(#13771),#13775);
#13771 = LINE('',#13772,#13773);
#13772 = CARTESIAN_POINT('',(2.4,0.));
#13773 = VECTOR('',#13774,1.);
#13774 = DIRECTION('',(-1.,0.));
#13775 = ( GEOMETRIC_REPRESENTATION_CONTEXT(2) 
PARAMETRIC_REPRESENTATION_CONTEXT() REPRESENTATION_CONTEXT('2D SPACE',''
  ) );
#13776 = PCURVE('',#13519,#13777);
#13777 = DEFINITIONAL_REPRESENTATION('',(#13778),#13782);
#13778 = LINE('',#13779,#13780);
#13779 = CARTESIAN_POINT('',(-1.2,1.2));
#13780 = VECTOR('',#13781,1.);
#13781 = DIRECTION('',(1.,0.));
#13782 = ( GEOMETRIC_REPRESENTATION_CONTEXT(2) 
PARAMETRIC_REPRESENTATION_CONTEXT() REPRESENTATION_CONTEXT('2D SPACE',''
  ) );
#13783 = ORIENTED_EDGE('',*,*,#13739,.T.);
#13784 = ORIENTED_EDGE('',*,*,#13785,.F.);
#13785 = EDGE_CURVE('',#13532,#13717,#13786,.T.);
#13786 = SURFACE_CURVE('',#13787,(#13791,#13798),.PCURVE_S1.);
#13787 = LINE('',#13788,#13789);
#13788 = CARTESIAN_POINT('',(1.2,-1.205,3.2));
#13789 = VECTOR('',#13790,1.);
#13790 = DIRECTION('',(1.,0.,0.));
#13791 = PCURVE('',#13547,#13792);
#13792 = DEFINITIONAL_REPRESENTATION('',(#13793),#13797);
#13793 = LINE('',#13794,#13795);
#13794 = CARTESIAN_POINT('',(2.4,2.4));
#13795 = VECTOR('',#13796,1.);
#13796 = DIRECTION('',(1.,0.));
#13797 = ( GEOMETRIC_REPRESENTATION_CONTEXT(2) 
PARAMETRIC_REPRESENTATION_CONTEXT() REPRESENTATION_CONTEXT('2D SPACE',''
  ) );
#13798 = PCURVE('',#13575,#13799);
#13799 = DEFINITIONAL_REPRESENTATION('',(#13800),#13804);
#13800 = LINE('',#13801,#13802);
#13801 = CARTESIAN_POINT('',(1.2,-1.2));
#13802 = VECTOR('',#13803,1.);
#13803 = DIRECTION('',(1.,0.));
#13804 = ( GEOMETRIC_REPRESENTATION_CONTEXT(2) 
PARAMETRIC_REPRESENTATION_CONTEXT() REPRESENTATION_CONTEXT('2D SPACE',''
  ) );
#13805 = ORIENTED_EDGE('',*,*,#13531,.F.);
#13806 = ADVANCED_FACE('',(#13807),#13575,.T.);
#13807 = FACE_BOUND('',#13808,.T.);
#13808 = EDGE_LOOP('',(#13809,#13810,#13811,#13812));
#13809 = ORIENTED_EDGE('',*,*,#13785,.T.);
#13810 = ORIENTED_EDGE('',*,*,#13716,.T.);
#13811 = ORIENTED_EDGE('',*,*,#13640,.T.);
#13812 = ORIENTED_EDGE('',*,*,#13559,.T.);
#13813 = ADVANCED_FACE('',(#13814),#13519,.F.);
#13814 = FACE_BOUND('',#13815,.T.);
#13815 = EDGE_LOOP('',(#13816,#13817,#13818,#13819));
#13816 = ORIENTED_EDGE('',*,*,#13763,.T.);
#13817 = ORIENTED_EDGE('',*,*,#13496,.T.);
#13818 = ORIENTED_EDGE('',*,*,#13616,.T.);
#13819 = ORIENTED_EDGE('',*,*,#13692,.T.);
#13820 = ( GEOMETRIC_REPRESENTATION_CONTEXT(3) 
GLOBAL_UNCERTAINTY_ASSIGNED_CONTEXT((#13824)) 
GLOBAL_UNIT_ASSIGNED_CONTEXT((#13821,#13822,#13823)) 
REPRESENTATION_CONTEXT('Context #1',
  '3D Context with UNIT and UNCERTAINTY') );
#13821 = ( LENGTH_UNIT() NAMED_UNIT(*) SI_UNIT(.MILLI.,.METRE.) );
#13822 = ( NAMED_UNIT(*) PLANE_ANGLE_UNIT() SI_UNIT($,.RADIAN.) );
#13823 = ( NAMED_UNIT(*) SI_UNIT($,.STERADIAN.) SOLID_ANGLE_UNIT() );
#13824 = UNCERTAINTY_MEASURE_WITH_UNIT(LENGTH_MEASURE(1.E-07),#13821,
  'distance_accuracy_value','confusion accuracy');
#13825 = CONTEXT_DEPENDENT_SHAPE_REPRESENTATION(#13826,#13828);
#13826 = ( REPRESENTATION_RELATIONSHIP('','',#13489,#8990) 
REPRESENTATION_RELATIONSHIP_WITH_TRANSFORMATION(#13827) 
SHAPE_REPRESENTATION_RELATIONSHIP() );
#13827 = ITEM_DEFINED_TRANSFORMATION('','',#11,#8995);
#13828 = PRODUCT_DEFINITION_SHAPE('Placement','Placement of an item',
  #13829);
#13829 = NEXT_ASSEMBLY_USAGE_OCCURRENCE('4','','',#8985,#13484,$);
#13830 = PRODUCT_RELATED_PRODUCT_CATEGORY('part',$,(#13486));
#13831 = SHAPE_DEFINITION_REPRESENTATION(#13832,#13838);
#13832 = PRODUCT_DEFINITION_SHAPE('','',#13833);
#13833 = PRODUCT_DEFINITION('design','',#13834,#13837);
#13834 = PRODUCT_DEFINITION_FORMATION('','',#13835);
#13835 = PRODUCT('Open CASCADE STEP translator 7.8 1.2',
  'Open CASCADE STEP translator 7.8 1.2','',(#13836));
#13836 = PRODUCT_CONTEXT('',#2,'mechanical');
#13837 = PRODUCT_DEFINITION_CONTEXT('part definition',#2,'design');
#13838 = ADVANCED_BREP_SHAPE_REPRESENTATION('',(#11,#13839),#14169);
#13839 = MANIFOLD_SOLID_BREP('',#13840);
#13840 = CLOSED_SHELL('',(#13841,#13961,#14061,#14108,#14155,#14162));
#13841 = ADVANCED_FACE('',(#13842),#13856,.F.);
#13842 = FACE_BOUND('',#13843,.F.);
#13843 = EDGE_LOOP('',(#13844,#13879,#13907,#13935));
#13844 = ORIENTED_EDGE('',*,*,#13845,.F.);
#13845 = EDGE_CURVE('',#13846,#13848,#13850,.T.);
#13846 = VERTEX_POINT('',#13847);
#13847 = CARTESIAN_POINT('',(-11.5,-22.105,-0.31));
#13848 = VERTEX_POINT('',#13849);
#13849 = CARTESIAN_POINT('',(-11.5,-22.105,-1.E-02));
#13850 = SURFACE_CURVE('',#13851,(#13855,#13867),.PCURVE_S1.);
#13851 = LINE('',#13852,#13853);
#13852 = CARTESIAN_POINT('',(-11.5,-22.105,-0.31));
#13853 = VECTOR('',#13854,1.);
#13854 = DIRECTION('',(0.,0.,1.));
#13855 = PCURVE('',#13856,#13861);
#13856 = PLANE('',#13857);
#13857 = AXIS2_PLACEMENT_3D('',#13858,#13859,#13860);
#13858 = CARTESIAN_POINT('',(-11.5,-22.105,-0.31));
#13859 = DIRECTION('',(1.,0.,0.));
#13860 = DIRECTION('',(0.,0.,1.));
#13861 = DEFINITIONAL_REPRESENTATION('',(#13862),#13866);
#13862 = LINE('',#13863,#13864);
#13863 = CARTESIAN_POINT('',(0.,0.));
#13864 = VECTOR('',#13865,1.);
#13865 = DIRECTION('',(1.,0.));
#13866 = ( GEOMETRIC_REPRESENTATION_CONTEXT(2) 
PARAMETRIC_REPRESENTATION_CONTEXT() REPRESENTATION_CONTEXT('2D SPACE',''
  ) );
#13867 = PCURVE('',#13868,#13873);
#13868 = PLANE('',#13869);
#13869 = AXIS2_PLACEMENT_3D('',#13870,#13871,#13872);
#13870 = CARTESIAN_POINT('',(-11.5,-22.105,-0.31));
#13871 = DIRECTION('',(0.,1.,0.));
#13872 = DIRECTION('',(0.,0.,1.));
#13873 = DEFINITIONAL_REPRESENTATION('',(#13874),#13878);
#13874 = LINE('',#13875,#13876);
#13875 = CARTESIAN_POINT('',(0.,0.));
#13876 = VECTOR('',#13877,1.);
#13877 = DIRECTION('',(1.,0.));
#13878 = ( GEOMETRIC_REPRESENTATION_CONTEXT(2) 
PARAMETRIC_REPRESENTATION_CONTEXT() REPRESENTATION_CONTEXT('2D SPACE',''
  ) );
#13879 = ORIENTED_EDGE('',*,*,#13880,.T.);
#13880 = EDGE_CURVE('',#13846,#13881,#13883,.T.);
#13881 = VERTEX_POINT('',#13882);
#13882 = CARTESIAN_POINT('',(-11.5,-7.605,-0.31));
#13883 = SURFACE_CURVE('',#13884,(#13888,#13895),.PCURVE_S1.);
#13884 = LINE('',#13885,#13886);
#13885 = CARTESIAN_POINT('',(-11.5,-22.105,-0.31));
#13886 = VECTOR('',#13887,1.);
#13887 = DIRECTION('',(0.,1.,0.));
#13888 = PCURVE('',#13856,#13889);
#13889 = DEFINITIONAL_REPRESENTATION('',(#13890),#13894);
#13890 = LINE('',#13891,#13892);
#13891 = CARTESIAN_POINT('',(0.,0.));
#13892 = VECTOR('',#13893,1.);
#13893 = DIRECTION('',(0.,-1.));
#13894 = ( GEOMETRIC_REPRESENTATION_CONTEXT(2) 
PARAMETRIC_REPRESENTATION_CONTEXT() REPRESENTATION_CONTEXT('2D SPACE',''
  ) );
#13895 = PCURVE('',#13896,#13901);
#13896 = PLANE('',#13897);
#13897 = AXIS2_PLACEMENT_3D('',#13898,#13899,#13900);
#13898 = CARTESIAN_POINT('',(-11.5,-22.105,-0.31));
#13899 = DIRECTION('',(0.,0.,1.));
#13900 = DIRECTION('',(1.,0.,0.));
#13901 = DEFINITIONAL_REPRESENTATION('',(#13902),#13906);
#13902 = LINE('',#13903,#13904);
#13903 = CARTESIAN_POINT('',(0.,0.));
#13904 = VECTOR('',#13905,1.);
#13905 = DIRECTION('',(0.,1.));
#13906 = ( GEOMETRIC_REPRESENTATION_CONTEXT(2) 
PARAMETRIC_REPRESENTATION_CONTEXT() REPRESENTATION_CONTEXT('2D SPACE',''
  ) );
#13907 = ORIENTED_EDGE('',*,*,#13908,.T.);
#13908 = EDGE_CURVE('',#13881,#13909,#13911,.T.);
#13909 = VERTEX_POINT('',#13910);
#13910 = CARTESIAN_POINT('',(-11.5,-7.605,-1.E-02));
#13911 = SURFACE_CURVE('',#13912,(#13916,#13923),.PCURVE_S1.);
#13912 = LINE('',#13913,#13914);
#13913 = CARTESIAN_POINT('',(-11.5,-7.605,-0.31));
#13914 = VECTOR('',#13915,1.);
#13915 = DIRECTION('',(0.,0.,1.));
#13916 = PCURVE('',#13856,#13917);
#13917 = DEFINITIONAL_REPRESENTATION('',(#13918),#13922);
#13918 = LINE('',#13919,#13920);
#13919 = CARTESIAN_POINT('',(0.,-14.5));
#13920 = VECTOR('',#13921,1.);
#13921 = DIRECTION('',(1.,0.));
#13922 = ( GEOMETRIC_REPRESENTATION_CONTEXT(2) 
PARAMETRIC_REPRESENTATION_CONTEXT() REPRESENTATION_CONTEXT('2D SPACE',''
  ) );
#13923 = PCURVE('',#13924,#13929);
#13924 = PLANE('',#13925);
#13925 = AXIS2_PLACEMENT_3D('',#13926,#13927,#13928);
#13926 = CARTESIAN_POINT('',(-11.5,-7.605,-0.31));
#13927 = DIRECTION('',(0.,1.,0.));
#13928 = DIRECTION('',(0.,0.,1.));
#13929 = DEFINITIONAL_REPRESENTATION('',(#13930),#13934);
#13930 = LINE('',#13931,#13932);
#13931 = CARTESIAN_POINT('',(0.,0.));
#13932 = VECTOR('',#13933,1.);
#13933 = DIRECTION('',(1.,0.));
#13934 = ( GEOMETRIC_REPRESENTATION_CONTEXT(2) 
PARAMETRIC_REPRESENTATION_CONTEXT() REPRESENTATION_CONTEXT('2D SPACE',''
  ) );
#13935 = ORIENTED_EDGE('',*,*,#13936,.F.);
#13936 = EDGE_CURVE('',#13848,#13909,#13937,.T.);
#13937 = SURFACE_CURVE('',#13938,(#13942,#13949),.PCURVE_S1.);
#13938 = LINE('',#13939,#13940);
#13939 = CARTESIAN_POINT('',(-11.5,-22.105,-1.E-02));
#13940 = VECTOR('',#13941,1.);
#13941 = DIRECTION('',(0.,1.,0.));
#13942 = PCURVE('',#13856,#13943);
#13943 = DEFINITIONAL_REPRESENTATION('',(#13944),#13948);
#13944 = LINE('',#13945,#13946);
#13945 = CARTESIAN_POINT('',(0.3,0.));
#13946 = VECTOR('',#13947,1.);
#13947 = DIRECTION('',(0.,-1.));
#13948 = ( GEOMETRIC_REPRESENTATION_CONTEXT(2) 
PARAMETRIC_REPRESENTATION_CONTEXT() REPRESENTATION_CONTEXT('2D SPACE',''
  ) );
#13949 = PCURVE('',#13950,#13955);
#13950 = PLANE('',#13951);
#13951 = AXIS2_PLACEMENT_3D('',#13952,#13953,#13954);
#13952 = CARTESIAN_POINT('',(-11.5,-22.105,-1.E-02));
#13953 = DIRECTION('',(0.,0.,1.));
#13954 = DIRECTION('',(1.,0.,0.));
#13955 = DEFINITIONAL_REPRESENTATION('',(#13956),#13960);
#13956 = LINE('',#13957,#13958);
#13957 = CARTESIAN_POINT('',(0.,0.));
#13958 = VECTOR('',#13959,1.);
#13959 = DIRECTION('',(0.,1.));
#13960 = ( GEOMETRIC_REPRESENTATION_CONTEXT(2) 
PARAMETRIC_REPRESENTATION_CONTEXT() REPRESENTATION_CONTEXT('2D SPACE',''
  ) );
#13961 = ADVANCED_FACE('',(#13962),#13976,.T.);
#13962 = FACE_BOUND('',#13963,.T.);
#13963 = EDGE_LOOP('',(#13964,#13994,#14017,#14040));
#13964 = ORIENTED_EDGE('',*,*,#13965,.F.);
#13965 = EDGE_CURVE('',#13966,#13968,#13970,.T.);
#13966 = VERTEX_POINT('',#13967);
#13967 = CARTESIAN_POINT('',(11.5,-22.105,-0.31));
#13968 = VERTEX_POINT('',#13969);
#13969 = CARTESIAN_POINT('',(11.5,-22.105,-1.E-02));
#13970 = SURFACE_CURVE('',#13971,(#13975,#13987),.PCURVE_S1.);
#13971 = LINE('',#13972,#13973);
#13972 = CARTESIAN_POINT('',(11.5,-22.105,-0.31));
#13973 = VECTOR('',#13974,1.);
#13974 = DIRECTION('',(0.,0.,1.));
#13975 = PCURVE('',#13976,#13981);
#13976 = PLANE('',#13977);
#13977 = AXIS2_PLACEMENT_3D('',#13978,#13979,#13980);
#13978 = CARTESIAN_POINT('',(11.5,-22.105,-0.31));
#13979 = DIRECTION('',(1.,0.,0.));
#13980 = DIRECTION('',(0.,0.,1.));
#13981 = DEFINITIONAL_REPRESENTATION('',(#13982),#13986);
#13982 = LINE('',#13983,#13984);
#13983 = CARTESIAN_POINT('',(0.,0.));
#13984 = VECTOR('',#13985,1.);
#13985 = DIRECTION('',(1.,0.));
#13986 = ( GEOMETRIC_REPRESENTATION_CONTEXT(2) 
PARAMETRIC_REPRESENTATION_CONTEXT() REPRESENTATION_CONTEXT('2D SPACE',''
  ) );
#13987 = PCURVE('',#13868,#13988);
#13988 = DEFINITIONAL_REPRESENTATION('',(#13989),#13993);
#13989 = LINE('',#13990,#13991);
#13990 = CARTESIAN_POINT('',(0.,23.));
#13991 = VECTOR('',#13992,1.);
#13992 = DIRECTION('',(1.,0.));
#13993 = ( GEOMETRIC_REPRESENTATION_CONTEXT(2) 
PARAMETRIC_REPRESENTATION_CONTEXT() REPRESENTATION_CONTEXT('2D SPACE',''
  ) );
#13994 = ORIENTED_EDGE('',*,*,#13995,.T.);
#13995 = EDGE_CURVE('',#13966,#13996,#13998,.T.);
#13996 = VERTEX_POINT('',#13997);
#13997 = CARTESIAN_POINT('',(11.5,-7.605,-0.31));
#13998 = SURFACE_CURVE('',#13999,(#14003,#14010),.PCURVE_S1.);
#13999 = LINE('',#14000,#14001);
#14000 = CARTESIAN_POINT('',(11.5,-22.105,-0.31));
#14001 = VECTOR('',#14002,1.);
#14002 = DIRECTION('',(0.,1.,0.));
#14003 = PCURVE('',#13976,#14004);
#14004 = DEFINITIONAL_REPRESENTATION('',(#14005),#14009);
#14005 = LINE('',#14006,#14007);
#14006 = CARTESIAN_POINT('',(0.,0.));
#14007 = VECTOR('',#14008,1.);
#14008 = DIRECTION('',(0.,-1.));
#14009 = ( GEOMETRIC_REPRESENTATION_CONTEXT(2) 
PARAMETRIC_REPRESENTATION_CONTEXT() REPRESENTATION_CONTEXT('2D SPACE',''
  ) );
#14010 = PCURVE('',#13896,#14011);
#14011 = DEFINITIONAL_REPRESENTATION('',(#14012),#14016);
#14012 = LINE('',#14013,#14014);
#14013 = CARTESIAN_POINT('',(23.,0.));
#14014 = VECTOR('',#14015,1.);
#14015 = DIRECTION('',(0.,1.));
#14016 = ( GEOMETRIC_REPRESENTATION_CONTEXT(2) 
PARAMETRIC_REPRESENTATION_CONTEXT() REPRESENTATION_CONTEXT('2D SPACE',''
  ) );
#14017 = ORIENTED_EDGE('',*,*,#14018,.T.);
#14018 = EDGE_CURVE('',#13996,#14019,#14021,.T.);
#14019 = VERTEX_POINT('',#14020);
#14020 = CARTESIAN_POINT('',(11.5,-7.605,-1.E-02));
#14021 = SURFACE_CURVE('',#14022,(#14026,#14033),.PCURVE_S1.);
#14022 = LINE('',#14023,#14024);
#14023 = CARTESIAN_POINT('',(11.5,-7.605,-0.31));
#14024 = VECTOR('',#14025,1.);
#14025 = DIRECTION('',(0.,0.,1.));
#14026 = PCURVE('',#13976,#14027);
#14027 = DEFINITIONAL_REPRESENTATION('',(#14028),#14032);
#14028 = LINE('',#14029,#14030);
#14029 = CARTESIAN_POINT('',(0.,-14.5));
#14030 = VECTOR('',#14031,1.);
#14031 = DIRECTION('',(1.,0.));
#14032 = ( GEOMETRIC_REPRESENTATION_CONTEXT(2) 
PARAMETRIC_REPRESENTATION_CONTEXT() REPRESENTATION_CONTEXT('2D SPACE',''
  ) );
#14033 = PCURVE('',#13924,#14034);
#14034 = DEFINITIONAL_REPRESENTATION('',(#14035),#14039);
#14035 = LINE('',#14036,#14037);
#14036 = CARTESIAN_POINT('',(0.,23.));
#14037 = VECTOR('',#14038,1.);
#14038 = DIRECTION('',(1.,0.));
#14039 = ( GEOMETRIC_REPRESENTATION_CONTEXT(2) 
PARAMETRIC_REPRESENTATION_CONTEXT() REPRESENTATION_CONTEXT('2D SPACE',''
  ) );
#14040 = ORIENTED_EDGE('',*,*,#14041,.F.);
#14041 = EDGE_CURVE('',#13968,#14019,#14042,.T.);
#14042 = SURFACE_CURVE('',#14043,(#14047,#14054),.PCURVE_S1.);
#14043 = LINE('',#14044,#14045);
#14044 = CARTESIAN_POINT('',(11.5,-22.105,-1.E-02));
#14045 = VECTOR('',#14046,1.);
#14046 = DIRECTION('',(0.,1.,0.));
#14047 = PCURVE('',#13976,#14048);
#14048 = DEFINITIONAL_REPRESENTATION('',(#14049),#14053);
#14049 = LINE('',#14050,#14051);
#14050 = CARTESIAN_POINT('',(0.3,0.));
#14051 = VECTOR('',#14052,1.);
#14052 = DIRECTION('',(0.,-1.));
#14053 = ( GEOMETRIC_REPRESENTATION_CONTEXT(2) 
PARAMETRIC_REPRESENTATION_CONTEXT() REPRESENTATION_CONTEXT('2D SPACE',''
  ) );
#14054 = PCURVE('',#13950,#14055);
#14055 = DEFINITIONAL_REPRESENTATION('',(#14056),#14060);
#14056 = LINE('',#14057,#14058);
#14057 = CARTESIAN_POINT('',(23.,0.));
#14058 = VECTOR('',#14059,1.);
#14059 = DIRECTION('',(0.,1.));
#14060 = ( GEOMETRIC_REPRESENTATION_CONTEXT(2) 
PARAMETRIC_REPRESENTATION_CONTEXT() REPRESENTATION_CONTEXT('2D SPACE',''
  ) );
#14061 = ADVANCED_FACE('',(#14062),#13868,.F.);
#14062 = FACE_BOUND('',#14063,.F.);
#14063 = EDGE_LOOP('',(#14064,#14085,#14086,#14107));
#14064 = ORIENTED_EDGE('',*,*,#14065,.F.);
#14065 = EDGE_CURVE('',#13846,#13966,#14066,.T.);
#14066 = SURFACE_CURVE('',#14067,(#14071,#14078),.PCURVE_S1.);
#14067 = LINE('',#14068,#14069);
#14068 = CARTESIAN_POINT('',(-11.5,-22.105,-0.31));
#14069 = VECTOR('',#14070,1.);
#14070 = DIRECTION('',(1.,0.,0.));
#14071 = PCURVE('',#13868,#14072);
#14072 = DEFINITIONAL_REPRESENTATION('',(#14073),#14077);
#14073 = LINE('',#14074,#14075);
#14074 = CARTESIAN_POINT('',(0.,0.));
#14075 = VECTOR('',#14076,1.);
#14076 = DIRECTION('',(0.,1.));
#14077 = ( GEOMETRIC_REPRESENTATION_CONTEXT(2) 
PARAMETRIC_REPRESENTATION_CONTEXT() REPRESENTATION_CONTEXT('2D SPACE',''
  ) );
#14078 = PCURVE('',#13896,#14079);
#14079 = DEFINITIONAL_REPRESENTATION('',(#14080),#14084);
#14080 = LINE('',#14081,#14082);
#14081 = CARTESIAN_POINT('',(0.,0.));
#14082 = VECTOR('',#14083,1.);
#14083 = DIRECTION('',(1.,0.));
#14084 = ( GEOMETRIC_REPRESENTATION_CONTEXT(2) 
PARAMETRIC_REPRESENTATION_CONTEXT() REPRESENTATION_CONTEXT('2D SPACE',''
  ) );
#14085 = ORIENTED_EDGE('',*,*,#13845,.T.);
#14086 = ORIENTED_EDGE('',*,*,#14087,.T.);
#14087 = EDGE_CURVE('',#13848,#13968,#14088,.T.);
#14088 = SURFACE_CURVE('',#14089,(#14093,#14100),.PCURVE_S1.);
#14089 = LINE('',#14090,#14091);
#14090 = CARTESIAN_POINT('',(-11.5,-22.105,-1.E-02));
#14091 = VECTOR('',#14092,1.);
#14092 = DIRECTION('',(1.,0.,0.));
#14093 = PCURVE('',#13868,#14094);
#14094 = DEFINITIONAL_REPRESENTATION('',(#14095),#14099);
#14095 = LINE('',#14096,#14097);
#14096 = CARTESIAN_POINT('',(0.3,0.));
#14097 = VECTOR('',#14098,1.);
#14098 = DIRECTION('',(0.,1.));
#14099 = ( GEOMETRIC_REPRESENTATION_CONTEXT(2) 
PARAMETRIC_REPRESENTATION_CONTEXT() REPRESENTATION_CONTEXT('2D SPACE',''
  ) );
#14100 = PCURVE('',#13950,#14101);
#14101 = DEFINITIONAL_REPRESENTATION('',(#14102),#14106);
#14102 = LINE('',#14103,#14104);
#14103 = CARTESIAN_POINT('',(0.,0.));
#14104 = VECTOR('',#14105,1.);
#14105 = DIRECTION('',(1.,0.));
#14106 = ( GEOMETRIC_REPRESENTATION_CONTEXT(2) 
PARAMETRIC_REPRESENTATION_CONTEXT() REPRESENTATION_CONTEXT('2D SPACE',''
  ) );
#14107 = ORIENTED_EDGE('',*,*,#13965,.F.);
#14108 = ADVANCED_FACE('',(#14109),#13924,.T.);
#14109 = FACE_BOUND('',#14110,.T.);
#14110 = EDGE_LOOP('',(#14111,#14132,#14133,#14154));
#14111 = ORIENTED_EDGE('',*,*,#14112,.F.);
#14112 = EDGE_CURVE('',#13881,#13996,#14113,.T.);
#14113 = SURFACE_CURVE('',#14114,(#14118,#14125),.PCURVE_S1.);
#14114 = LINE('',#14115,#14116);
#14115 = CARTESIAN_POINT('',(-11.5,-7.605,-0.31));
#14116 = VECTOR('',#14117,1.);
#14117 = DIRECTION('',(1.,0.,0.));
#14118 = PCURVE('',#13924,#14119);
#14119 = DEFINITIONAL_REPRESENTATION('',(#14120),#14124);
#14120 = LINE('',#14121,#14122);
#14121 = CARTESIAN_POINT('',(0.,0.));
#14122 = VECTOR('',#14123,1.);
#14123 = DIRECTION('',(0.,1.));
#14124 = ( GEOMETRIC_REPRESENTATION_CONTEXT(2) 
PARAMETRIC_REPRESENTATION_CONTEXT() REPRESENTATION_CONTEXT('2D SPACE',''
  ) );
#14125 = PCURVE('',#13896,#14126);
#14126 = DEFINITIONAL_REPRESENTATION('',(#14127),#14131);
#14127 = LINE('',#14128,#14129);
#14128 = CARTESIAN_POINT('',(0.,14.5));
#14129 = VECTOR('',#14130,1.);
#14130 = DIRECTION('',(1.,0.));
#14131 = ( GEOMETRIC_REPRESENTATION_CONTEXT(2) 
PARAMETRIC_REPRESENTATION_CONTEXT() REPRESENTATION_CONTEXT('2D SPACE',''
  ) );
#14132 = ORIENTED_EDGE('',*,*,#13908,.T.);
#14133 = ORIENTED_EDGE('',*,*,#14134,.T.);
#14134 = EDGE_CURVE('',#13909,#14019,#14135,.T.);
#14135 = SURFACE_CURVE('',#14136,(#14140,#14147),.PCURVE_S1.);
#14136 = LINE('',#14137,#14138);
#14137 = CARTESIAN_POINT('',(-11.5,-7.605,-1.E-02));
#14138 = VECTOR('',#14139,1.);
#14139 = DIRECTION('',(1.,0.,0.));
#14140 = PCURVE('',#13924,#14141);
#14141 = DEFINITIONAL_REPRESENTATION('',(#14142),#14146);
#14142 = LINE('',#14143,#14144);
#14143 = CARTESIAN_POINT('',(0.3,0.));
#14144 = VECTOR('',#14145,1.);
#14145 = DIRECTION('',(0.,1.));
#14146 = ( GEOMETRIC_REPRESENTATION_CONTEXT(2) 
PARAMETRIC_REPRESENTATION_CONTEXT() REPRESENTATION_CONTEXT('2D SPACE',''
  ) );
#14147 = PCURVE('',#13950,#14148);
#14148 = DEFINITIONAL_REPRESENTATION('',(#14149),#14153);
#14149 = LINE('',#14150,#14151);
#14150 = CARTESIAN_POINT('',(0.,14.5));
#14151 = VECTOR('',#14152,1.);
#14152 = DIRECTION('',(1.,0.));
#14153 = ( GEOMETRIC_REPRESENTATION_CONTEXT(2) 
PARAMETRIC_REPRESENTATION_CONTEXT() REPRESENTATION_CONTEXT('2D SPACE',''
  ) );
#14154 = ORIENTED_EDGE('',*,*,#14018,.F.);
#14155 = ADVANCED_FACE('',(#14156),#13896,.F.);
#14156 = FACE_BOUND('',#14157,.F.);
#14157 = EDGE_LOOP('',(#14158,#14159,#14160,#14161));
#14158 = ORIENTED_EDGE('',*,*,#13880,.F.);
#14159 = ORIENTED_EDGE('',*,*,#14065,.T.);
#14160 = ORIENTED_EDGE('',*,*,#13995,.T.);
#14161 = ORIENTED_EDGE('',*,*,#14112,.F.);
#14162 = ADVANCED_FACE('',(#14163),#13950,.T.);
#14163 = FACE_BOUND('',#14164,.T.);
#14164 = EDGE_LOOP('',(#14165,#14166,#14167,#14168));
#14165 = ORIENTED_EDGE('',*,*,#13936,.F.);
#14166 = ORIENTED_EDGE('',*,*,#14087,.T.);
#14167 = ORIENTED_EDGE('',*,*,#14041,.T.);
#14168 = ORIENTED_EDGE('',*,*,#14134,.F.);
#14169 = ( GEOMETRIC_REPRESENTATION_CONTEXT(3) 
GLOBAL_UNCERTAINTY_ASSIGNED_CONTEXT((#14173)) 
GLOBAL_UNIT_ASSIGNED_CONTEXT((#14170,#14171,#14172)) 
REPRESENTATION_CONTEXT('Context #1',
  '3D Context with UNIT and UNCERTAINTY') );
#14170 = ( LENGTH_UNIT() NAMED_UNIT(*) SI_UNIT(.MILLI.,.METRE.) );
#14171 = ( NAMED_UNIT(*) PLANE_ANGLE_UNIT() SI_UNIT($,.RADIAN.) );
#14172 = ( NAMED_UNIT(*) SI_UNIT($,.STERADIAN.) SOLID_ANGLE_UNIT() );
#14173 = UNCERTAINTY_MEASURE_WITH_UNIT(LENGTH_MEASURE(1.E-07),#14170,
  'distance_accuracy_value','confusion accuracy');
#14174 = CONTEXT_DEPENDENT_SHAPE_REPRESENTATION(#14175,#14177);
#14175 = ( REPRESENTATION_RELATIONSHIP('','',#13838,#10) 
REPRESENTATION_RELATIONSHIP_WITH_TRANSFORMATION(#14176) 
SHAPE_REPRESENTATION_RELATIONSHIP() );
#14176 = ITEM_DEFINED_TRANSFORMATION('','',#11,#19);
#14177 = PRODUCT_DEFINITION_SHAPE('Placement','Placement of an item',
  #14178);
#14178 = NEXT_ASSEMBLY_USAGE_OCCURRENCE('7','','',#5,#13833,$);
#14179 = PRODUCT_RELATED_PRODUCT_CATEGORY('part',$,(#13835));
ENDSEC;
END-ISO-10303-21;
