ISO-10303-21;
HEADER;
FILE_DESCRIPTION (( 'STEP AP214' ),
    '1' );
FILE_NAME ('SK8707.STEP',
    '2022-06-20T23:09:51',
    ( '' ),
    ( '' ),
    'SwSTEP 2.0',
    'SolidWorks 2022',
    '' );
FILE_SCHEMA (( 'AUTOMOTIVE_DESIGN' ));
ENDSEC;

DATA;
#1 = DIRECTION ( 'NONE',  ( -0.000000000000000000, -0.000000000000000000, 1.000000000000000000 ) ) ;
#2 = DIRECTION ( 'NONE',  ( 0.000000000000000000, 1.000000000000000000, 0.000000000000000000 ) ) ;
#3 = VERTEX_POINT ( 'NONE', #565 ) ;
#4 = DIRECTION ( 'NONE',  ( 1.000000000000000000, 0.000000000000000000, -0.000000000000000000 ) ) ;
#5 = DIRECTION ( 'NONE',  ( -1.000000000000000000, 0.000000000000000000, 0.000000000000000000 ) ) ;
#6 = EDGE_CURVE ( 'NONE', #943, #391, #1763, .T. ) ;
#7 = ORIENTED_EDGE ( 'NONE', *, *, #350, .F. ) ;
#8 =( NAMED_UNIT ( * ) PLANE_ANGLE_UNIT ( ) SI_UNIT ( $, .RADIAN. ) );
#9 = DIRECTION ( 'NONE',  ( 0.000000000000000000, 0.000000000000000000, 1.000000000000000000 ) ) ;
#10 = DIRECTION ( 'NONE',  ( 0.000000000000000000, 0.000000000000000000, 1.000000000000000000 ) ) ;
#11 = FACE_OUTER_BOUND ( 'NONE', #283, .T. ) ;
#12 = VECTOR ( 'NONE', #1470, 1000.000000000000000 ) ;
#13 = ORIENTED_EDGE ( 'NONE', *, *, #1154, .T. ) ;
#14 = CARTESIAN_POINT ( 'NONE',  ( -11.50000000000000000, 1.899999999999999911, 3.799999999999999378 ) ) ;
#15 = COLOUR_RGB ( '',0.2941176470588235392, 0.2941176470588235392, 0.2941176470588235392 ) ;
#16 = CYLINDRICAL_SURFACE ( 'NONE', #924, 0.7999999999999986011 ) ;
#17 = ORIENTED_EDGE ( 'NONE', *, *, #864, .T. ) ;
#18 = APPLICATION_PROTOCOL_DEFINITION ( 'draft international standard', 'automotive_design', 1998, #535 ) ;
#19 = EDGE_CURVE ( 'NONE', #769, #740, #1339, .T. ) ;
#20 =( NAMED_UNIT ( * ) PLANE_ANGLE_UNIT ( ) SI_UNIT ( $, .RADIAN. ) );
#21 = CIRCLE ( 'NONE', #603, 0.5000000000000004441 ) ;
#22 = STYLED_ITEM ( 'NONE', ( #1502 ), #1208 ) ;
#23 = DIRECTION ( 'NONE',  ( -0.000000000000000000, -1.000000000000000000, -0.000000000000000000 ) ) ;
#24 = DIRECTION ( 'NONE',  ( 0.000000000000000000, 0.000000000000000000, 1.000000000000000000 ) ) ;
#25 = AXIS2_PLACEMENT_3D ( 'NONE', #1813, #494, #921 ) ;
#26 = VECTOR ( 'NONE', #1825, 1000.000000000000000 ) ;
#27 = COLOUR_RGB ( '',0.7921568627450980005, 0.8196078431372548767, 0.9333333333333333481 ) ;
#28 = EDGE_LOOP ( 'NONE', ( #1247, #120 ) ) ;
#29 =( NAMED_UNIT ( * ) PLANE_ANGLE_UNIT ( ) SI_UNIT ( $, .RADIAN. ) );
#30 = FILL_AREA_STYLE_COLOUR ( '', #234 ) ;
#31 = SURFACE_STYLE_FILL_AREA ( #476 ) ;
#32 = FILL_AREA_STYLE ('',( #1337 ) ) ;
#33 = EDGE_CURVE ( 'NONE', #429, #1776, #135, .T. ) ;
#34 = DIRECTION ( 'NONE',  ( 0.000000000000000000, 0.000000000000000000, -1.000000000000000000 ) ) ;
#35 = ORIENTED_EDGE ( 'NONE', *, *, #1652, .F. ) ;
#36 = LINE ( 'NONE', #14, #870 ) ;
#37 = FILL_AREA_STYLE ('',( #30 ) ) ;
#38 = CARTESIAN_POINT ( 'NONE',  ( -7.225000000000000533, 1.399999999999997247, -7.549999999999999822 ) ) ;
#39 = DIRECTION ( 'NONE',  ( -0.000000000000000000, 1.000000000000000000, -0.000000000000000000 ) ) ;
#40 = ORIENTED_EDGE ( 'NONE', *, *, #1677, .T. ) ;
#41 = CARTESIAN_POINT ( 'NONE',  ( 11.50000000000000000, 1.899999999999999911, -6.549999999999999822 ) ) ;
#42 = LINE ( 'NONE', #1659, #117 ) ;
#43 = EDGE_CURVE ( 'NONE', #121, #132, #1756, .T. ) ;
#44 = VERTEX_POINT ( 'NONE', #1437 ) ;
#45 = DIRECTION ( 'NONE',  ( 0.000000000000000000, 1.000000000000000000, 0.000000000000000000 ) ) ;
#46 =( GEOMETRIC_REPRESENTATION_CONTEXT ( 3 ) GLOBAL_UNCERTAINTY_ASSIGNED_CONTEXT ( ( #1135 ) ) GLOBAL_UNIT_ASSIGNED_CONTEXT ( ( #395, #705, #431 ) ) REPRESENTATION_CONTEXT ( 'NONE', 'WORKASPACE' ) );
#47 = DIRECTION ( 'NONE',  ( 0.000000000000000000, 0.000000000000000000, 1.000000000000000000 ) ) ;
#48 = CIRCLE ( 'NONE', #808, 0.1250000000000001110 ) ;
#49 = SURFACE_STYLE_USAGE ( .BOTH. , #1214 ) ;
#50 = ORIENTED_EDGE ( 'NONE', *, *, #1429, .T. ) ;
#51 = APPLICATION_CONTEXT ( 'automotive_design' ) ;
#52 = VECTOR ( 'NONE', #1100, 1000.000000000000000 ) ;
#53 = ORIENTED_EDGE ( 'NONE', *, *, #298, .F. ) ;
#54 = DIRECTION ( 'NONE',  ( -0.000000000000000000, 0.000000000000000000, -1.000000000000000000 ) ) ;
#55 = AXIS2_PLACEMENT_3D ( 'NONE', #1484, #1019, #151 ) ;
#56 =( NAMED_UNIT ( * ) SI_UNIT ( $, .STERADIAN. ) SOLID_ANGLE_UNIT ( ) );
#57 = EDGE_CURVE ( 'NONE', #188, #868, #433, .T. ) ;
#58 = VECTOR ( 'NONE', #1584, 1000.000000000000000 ) ;
#59 = MECHANICAL_DESIGN_GEOMETRIC_PRESENTATION_REPRESENTATION (  '', ( #1336 ), #993 ) ;
#60 = FILL_AREA_STYLE ('',( #1362 ) ) ;
#61 =( GEOMETRIC_REPRESENTATION_CONTEXT ( 3 ) GLOBAL_UNCERTAINTY_ASSIGNED_CONTEXT ( ( #1174 ) ) GLOBAL_UNIT_ASSIGNED_CONTEXT ( ( #195, #1506, #651 ) ) REPRESENTATION_CONTEXT ( 'NONE', 'WORKASPACE' ) );
#62 = STYLED_ITEM ( 'NONE', ( #1713 ), #1529 ) ;
#63 =( NAMED_UNIT ( * ) SI_UNIT ( $, .STERADIAN. ) SOLID_ANGLE_UNIT ( ) );
#64 = ORIENTED_EDGE ( 'NONE', *, *, #134, .T. ) ;
#65 = LINE ( 'NONE', #515, #1487 ) ;
#66 = ORIENTED_EDGE ( 'NONE', *, *, #1593, .T. ) ;
#67 = DIRECTION ( 'NONE',  ( -1.000000000000000000, -0.000000000000000000, -0.000000000000000000 ) ) ;
#68 = DIRECTION ( 'NONE',  ( -0.000000000000000000, -1.000000000000000000, -0.000000000000000000 ) ) ;
#69 = EDGE_CURVE ( 'NONE', #224, #1283, #1078, .T. ) ;
#70 = PLANE ( 'NONE',  #1061 ) ;
#71 = SURFACE_STYLE_FILL_AREA ( #332 ) ;
#72 = ORIENTED_EDGE ( 'NONE', *, *, #1867, .F. ) ;
#73 =( NAMED_UNIT ( * ) SI_UNIT ( $, .STERADIAN. ) SOLID_ANGLE_UNIT ( ) );
#74 = CARTESIAN_POINT ( 'NONE',  ( -9.500000000000000000, 1.899999999999999911, -0.7999999999999986011 ) ) ;
#75 = VECTOR ( 'NONE', #1571, 1000.000000000000000 ) ;
#76 = CARTESIAN_POINT ( 'NONE',  ( -6.599999999999999645, 1.399999999999999911, 4.799999999999999822 ) ) ;
#77 = ADVANCED_FACE ( 'NONE', ( #280 ), #427, .T. ) ;
#78 = AXIS2_PLACEMENT_3D ( 'NONE', #1335, #615, #162 ) ;
#79 = STYLED_ITEM ( 'NONE', ( #1294 ), #646 ) ;
#80 = ORIENTED_EDGE ( 'NONE', *, *, #1867, .T. ) ;
#81 =( NAMED_UNIT ( * ) SI_UNIT ( $, .STERADIAN. ) SOLID_ANGLE_UNIT ( ) );
#82 = COLOUR_RGB ( '',0.3411764705882353033, 0.8392156862745098200, 0.4117647058823529216 ) ;
#83 = AXIS2_PLACEMENT_3D ( 'NONE', #323, #739, #1461 ) ;
#84 = DIRECTION ( 'NONE',  ( 0.000000000000000000, -0.000000000000000000, 1.000000000000000000 ) ) ;
#85 = PRESENTATION_LAYER_ASSIGNMENT (  '', '', ( #1550 ) ) ;
#86 = PRESENTATION_LAYER_ASSIGNMENT (  '', '', ( #1246 ) ) ;
#87 = FACE_OUTER_BOUND ( 'NONE', #1215, .T. ) ;
#88 = LINE ( 'NONE', #553, #1805 ) ;
#89 = ORIENTED_EDGE ( 'NONE', *, *, #777, .T. ) ;
#90 = DIRECTION ( 'NONE',  ( 0.000000000000000000, 1.000000000000000000, 0.000000000000000000 ) ) ;
#91 = DIRECTION ( 'NONE',  ( 0.000000000000000000, 1.000000000000000000, 0.000000000000000000 ) ) ;
#92 = ORIENTED_EDGE ( 'NONE', *, *, #1231, .T. ) ;
#93 = CARTESIAN_POINT ( 'NONE',  ( -10.49999999999999822, 1.399999999999997247, -7.549999999999999822 ) ) ;
#94 = ORIENTED_EDGE ( 'NONE', *, *, #709, .T. ) ;
#95 = FACE_OUTER_BOUND ( 'NONE', #1141, .T. ) ;
#96 = CARTESIAN_POINT ( 'NONE',  ( 7.100000000000000533, 1.399999999999997247, 4.799999999999999822 ) ) ;
#97 = EDGE_LOOP ( 'NONE', ( #17, #581, #13, #1180 ) ) ;
#98 = DIRECTION ( 'NONE',  ( -0.000000000000000000, 1.000000000000000000, -0.000000000000000000 ) ) ;
#99 = ORIENTED_EDGE ( 'NONE', *, *, #978, .F. ) ;
#100 = DIRECTION ( 'NONE',  ( -0.000000000000000000, 1.000000000000000000, -0.000000000000000000 ) ) ;
#101 = EDGE_CURVE ( 'NONE', #1585, #1290, #923, .T. ) ;
#102 = ORIENTED_EDGE ( 'NONE', *, *, #401, .F. ) ;
#103 = DIRECTION ( 'NONE',  ( 0.000000000000000000, 1.000000000000000000, 0.000000000000000000 ) ) ;
#104 = CARTESIAN_POINT ( 'NONE',  ( -7.100000000000000533, 1.399999999999999911, -7.549999999999999822 ) ) ;
#105 = FACE_OUTER_BOUND ( 'NONE', #461, .T. ) ;
#106 = ORIENTED_EDGE ( 'NONE', *, *, #1892, .T. ) ;
#107 = LINE ( 'NONE', #547, #261 ) ;
#108 = DIRECTION ( 'NONE',  ( -0.000000000000000000, 1.000000000000000000, -0.000000000000000000 ) ) ;
#109 = AXIS2_PLACEMENT_3D ( 'NONE', #1144, #984, #846 ) ;
#110 = MECHANICAL_DESIGN_GEOMETRIC_PRESENTATION_REPRESENTATION (  '', ( #928 ), #475 ) ;
#111 = ORIENTED_EDGE ( 'NONE', *, *, #1176, .T. ) ;
#112 = ORIENTED_EDGE ( 'NONE', *, *, #680, .F. ) ;
#113 =( NAMED_UNIT ( * ) SI_UNIT ( $, .STERADIAN. ) SOLID_ANGLE_UNIT ( ) );
#114 = EDGE_CURVE ( 'NONE', #1065, #1773, #374, .T. ) ;
#115 = SURFACE_STYLE_USAGE ( .BOTH. , #544 ) ;
#116 = LINE ( 'NONE', #96, #1302 ) ;
#117 = VECTOR ( 'NONE', #360, 1000.000000000000000 ) ;
#118 = AXIS2_PLACEMENT_3D ( 'NONE', #1830, #1259, #1105 ) ;
#119 = DIRECTION ( 'NONE',  ( 0.000000000000000000, 0.000000000000000000, -1.000000000000000000 ) ) ;
#120 = ORIENTED_EDGE ( 'NONE', *, *, #101, .F. ) ;
#121 = VERTEX_POINT ( 'NONE', #1169 ) ;
#122 = SURFACE_STYLE_USAGE ( .BOTH. , #1005 ) ;
#123 = DIRECTION ( 'NONE',  ( 0.000000000000000000, 0.000000000000000000, 1.000000000000000000 ) ) ;
#124 = LINE ( 'NONE', #1488, #1125 ) ;
#125 = UNCERTAINTY_MEASURE_WITH_UNIT (LENGTH_MEASURE( 1.000000000000000082E-05 ), #875, 'distance_accuracy_value', 'NONE');
#126 = EDGE_CURVE ( 'NONE', #1436, #1326, #1606, .T. ) ;
#127 = DIRECTION ( 'NONE',  ( -0.000000000000000000, -1.000000000000000000, -0.000000000000000000 ) ) ;
#128 = ORIENTED_EDGE ( 'NONE', *, *, #192, .F. ) ;
#129 = ORIENTED_EDGE ( 'NONE', *, *, #401, .T. ) ;
#130 = CARTESIAN_POINT ( 'NONE',  ( -6.500000000000001776, 0.000000000000000000, -7.400000000000000355 ) ) ;
#131 = FILL_AREA_STYLE ('',( #682 ) ) ;
#132 = VERTEX_POINT ( 'NONE', #886 ) ;
#133 =( NAMED_UNIT ( * ) PLANE_ANGLE_UNIT ( ) SI_UNIT ( $, .RADIAN. ) );
#134 = EDGE_CURVE ( 'NONE', #830, #1038, #295, .T. ) ;
#135 = LINE ( 'NONE', #273, #807 ) ;
#136 = CARTESIAN_POINT ( 'NONE',  ( -6.599999999999999645, 1.399999999999999911, -7.549999999999999822 ) ) ;
#137 = CIRCLE ( 'NONE', #1356, 0.5000000000000004441 ) ;
#138 = ORIENTED_EDGE ( 'NONE', *, *, #57, .T. ) ;
#139 = DIRECTION ( 'NONE',  ( 0.000000000000000000, 0.000000000000000000, 1.000000000000000000 ) ) ;
#140 = VECTOR ( 'NONE', #1873, 1000.000000000000000 ) ;
#141 = FACE_OUTER_BOUND ( 'NONE', #383, .T. ) ;
#142 = PRODUCT_DEFINITION_CONTEXT ( 'detailed design', #1613, 'design' ) ;
#143 = VERTEX_POINT ( 'NONE', #738 ) ;
#144 = PRESENTATION_LAYER_ASSIGNMENT (  '', '', ( #1854 ) ) ;
#145 =( GEOMETRIC_REPRESENTATION_CONTEXT ( 3 ) GLOBAL_UNCERTAINTY_ASSIGNED_CONTEXT ( ( #465 ) ) GLOBAL_UNIT_ASSIGNED_CONTEXT ( ( #942, #625, #1821 ) ) REPRESENTATION_CONTEXT ( 'NONE', 'WORKASPACE' ) );
#146 = FACE_OUTER_BOUND ( 'NONE', #1002, .T. ) ;
#147 = ADVANCED_BREP_SHAPE_REPRESENTATION ( '', ( #1525, #1027 ), #449 ) ;
#148 = VECTOR ( 'NONE', #405, 1000.000000000000000 ) ;
#149 = CARTESIAN_POINT ( 'NONE',  ( -11.50000000000000000, 1.399999999999997247, -7.549999999999999822 ) ) ;
#150 = AXIS2_PLACEMENT_3D ( 'NONE', #628, #1206, #485 ) ;
#151 = DIRECTION ( 'NONE',  ( -1.000000000000000000, 0.000000000000000000, 0.000000000000000000 ) ) ;
#152 = ADVANCED_FACE ( 'NONE', ( #87 ), #1195, .F. ) ;
#153 = ORIENTED_EDGE ( 'NONE', *, *, #1289, .F. ) ;
#154 = DIRECTION ( 'NONE',  ( 0.000000000000000000, 0.000000000000000000, -1.000000000000000000 ) ) ;
#155 = LINE ( 'NONE', #1037, #1113 ) ;
#156 = ORIENTED_EDGE ( 'NONE', *, *, #330, .T. ) ;
#157 = CARTESIAN_POINT ( 'NONE',  ( 6.499999999999998224, 0.000000000000000000, -7.400000000000002132 ) ) ;
#158 = CARTESIAN_POINT ( 'NONE',  ( 6.599999999999999645, 1.899999999999999911, -7.549999999999999822 ) ) ;
#159 = ORIENTED_EDGE ( 'NONE', *, *, #1114, .T. ) ;
#160 = PRESENTATION_STYLE_ASSIGNMENT (( #1036 ) ) ;
#161 = EDGE_CURVE ( 'NONE', #1052, #850, #331, .T. ) ;
#162 = DIRECTION ( 'NONE',  ( 0.000000000000000000, 0.000000000000000000, 1.000000000000000000 ) ) ;
#163 = ORIENTED_EDGE ( 'NONE', *, *, #939, .T. ) ;
#164 = DIRECTION ( 'NONE',  ( 0.000000000000000000, 0.000000000000000000, 1.000000000000000000 ) ) ;
#165 = DIRECTION ( 'NONE',  ( -1.000000000000000000, -0.000000000000000000, 1.334402673828313339E-16 ) ) ;
#166 = VERTEX_POINT ( 'NONE', #945 ) ;
#167 = LINE ( 'NONE', #316, #291 ) ;
#168 = ORIENTED_EDGE ( 'NONE', *, *, #810, .F. ) ;
#169 = LINE ( 'NONE', #1053, #785 ) ;
#170 = CARTESIAN_POINT ( 'NONE',  ( -6.599999999999999645, 0.5000000000000000000, -7.549999999999999822 ) ) ;
#171 = VECTOR ( 'NONE', #1827, 1000.000000000000000 ) ;
#172 = EDGE_CURVE ( 'NONE', #1776, #1436, #220, .T. ) ;
#173 = DIRECTION ( 'NONE',  ( -0.000000000000000000, -1.000000000000000000, -0.000000000000000000 ) ) ;
#174 = CARTESIAN_POINT ( 'NONE',  ( 0.000000000000000000, 0.000000000000000000, 0.000000000000000000 ) ) ;
#175 = STYLED_ITEM ( 'NONE', ( #912 ), #757 ) ;
#176 =( GEOMETRIC_REPRESENTATION_CONTEXT ( 3 ) GLOBAL_UNCERTAINTY_ASSIGNED_CONTEXT ( ( #624 ) ) GLOBAL_UNIT_ASSIGNED_CONTEXT ( ( #215, #1793, #1244 ) ) REPRESENTATION_CONTEXT ( 'NONE', 'WORKASPACE' ) );
#177 = ORIENTED_EDGE ( 'NONE', *, *, #1652, .T. ) ;
#178 = DIRECTION ( 'NONE',  ( 0.000000000000000000, -0.000000000000000000, 1.000000000000000000 ) ) ;
#179 = STYLED_ITEM ( 'NONE', ( #941 ), #1477 ) ;
#180 = COLOUR_RGB ( '',0.8980392156862745390, 0.9176470588235293713, 0.9294117647058823817 ) ;
#181 = ORIENTED_EDGE ( 'NONE', *, *, #241, .T. ) ;
#182 = FACE_OUTER_BOUND ( 'NONE', #979, .T. ) ;
#183 = FACE_BOUND ( 'NONE', #925, .T. ) ;
#184 = SURFACE_SIDE_STYLE ('',( #801 ) ) ;
#185 = EDGE_CURVE ( 'NONE', #237, #264, #1325, .T. ) ;
#186 = CARTESIAN_POINT ( 'NONE',  ( 6.499999999999998224, 0.8000000000000000444, -7.400000000000002132 ) ) ;
#187 = FACE_OUTER_BOUND ( 'NONE', #1021, .T. ) ;
#188 = VERTEX_POINT ( 'NONE', #530 ) ;
#189 = SURFACE_STYLE_FILL_AREA ( #37 ) ;
#190 = LINE ( 'NONE', #743, #1849 ) ;
#191 = ORIENTED_EDGE ( 'NONE', *, *, #1549, .F. ) ;
#192 = EDGE_CURVE ( 'NONE', #1072, #206, #800, .T. ) ;
#193 = EDGE_LOOP ( 'NONE', ( #1890, #253, #711, #1013 ) ) ;
#194 = CARTESIAN_POINT ( 'NONE',  ( -7.100000000000000533, 1.899999999999999911, -7.549999999999999822 ) ) ;
#195 =( LENGTH_UNIT ( ) NAMED_UNIT ( * ) SI_UNIT ( .MILLI., .METRE. ) );
#196 = PRESENTATION_STYLE_ASSIGNMENT (( #793 ) ) ;
#197 = AXIS2_PLACEMENT_3D ( 'NONE', #1046, #734, #440 ) ;
#198 =( LENGTH_UNIT ( ) NAMED_UNIT ( * ) SI_UNIT ( .MILLI., .METRE. ) );
#199 = MECHANICAL_DESIGN_GEOMETRIC_PRESENTATION_REPRESENTATION (  '', ( #79 ), #1699 ) ;
#200 = SURFACE_STYLE_USAGE ( .BOTH. , #1673 ) ;
#201 = AXIS2_PLACEMENT_3D ( 'NONE', #1314, #598, #1780 ) ;
#202 = EDGE_LOOP ( 'NONE', ( #341, #751 ) ) ;
#203 = CARTESIAN_POINT ( 'NONE',  ( -6.500000000000001776, 0.8000000000000000444, -7.400000000000000355 ) ) ;
#204 = EDGE_CURVE ( 'NONE', #976, #1495, #664, .T. ) ;
#205 = AXIS2_PLACEMENT_3D ( 'NONE', #1071, #1501, #1657 ) ;
#206 = VERTEX_POINT ( 'NONE', #908 ) ;
#207 = DIRECTION ( 'NONE',  ( 0.000000000000000000, 0.000000000000000000, 1.000000000000000000 ) ) ;
#208 = VERTEX_POINT ( 'NONE', #186 ) ;
#209 = DIRECTION ( 'NONE',  ( 0.000000000000000000, 0.000000000000000000, 1.000000000000000000 ) ) ;
#210 = DIRECTION ( 'NONE',  ( 0.000000000000000000, 0.000000000000000000, -1.000000000000000000 ) ) ;
#211 = EDGE_CURVE ( 'NONE', #1328, #1467, #137, .T. ) ;
#212 = DIRECTION ( 'NONE',  ( 0.000000000000000000, 0.000000000000000000, 1.000000000000000000 ) ) ;
#213 = ORIENTED_EDGE ( 'NONE', *, *, #1338, .F. ) ;
#214 = CARTESIAN_POINT ( 'NONE',  ( 0.000000000000000000, 0.8000000000000000444, 0.000000000000000000 ) ) ;
#215 =( LENGTH_UNIT ( ) NAMED_UNIT ( * ) SI_UNIT ( .MILLI., .METRE. ) );
#216 = ORIENTED_EDGE ( 'NONE', *, *, #1845, .T. ) ;
#217 =( NAMED_UNIT ( * ) SI_UNIT ( $, .STERADIAN. ) SOLID_ANGLE_UNIT ( ) );
#218 = FACE_OUTER_BOUND ( 'NONE', #1034, .T. ) ;
#219 =( NAMED_UNIT ( * ) PLANE_ANGLE_UNIT ( ) SI_UNIT ( $, .RADIAN. ) );
#220 = LINE ( 'NONE', #1792, #1110 ) ;
#221 = AXIS2_PLACEMENT_3D ( 'NONE', #1782, #654, #1095 ) ;
#222 = CARTESIAN_POINT ( 'NONE',  ( -9.500000000000000000, 1.399999999999997247, -0.7999999999999986011 ) ) ;
#223 = CARTESIAN_POINT ( 'NONE',  ( -6.599999999999999645, 0.6250000000000000000, -7.549999999999999822 ) ) ;
#224 = VERTEX_POINT ( 'NONE', #1115 ) ;
#225 = CARTESIAN_POINT ( 'NONE',  ( 11.50000000000000000, 1.399999999999999911, -7.549999999999999822 ) ) ;
#226 = MECHANICAL_DESIGN_GEOMETRIC_PRESENTATION_REPRESENTATION (  '', ( #1854 ), #1330 ) ;
#227 = VECTOR ( 'NONE', #98, 1000.000000000000000 ) ;
#228 =( GEOMETRIC_REPRESENTATION_CONTEXT ( 3 ) GLOBAL_UNCERTAINTY_ASSIGNED_CONTEXT ( ( #1789 ) ) GLOBAL_UNIT_ASSIGNED_CONTEXT ( ( #198, #1791, #1223 ) ) REPRESENTATION_CONTEXT ( 'NONE', 'WORKASPACE' ) );
#229 = STYLED_ITEM ( 'NONE', ( #1148 ), #147 ) ;
#230 = CARTESIAN_POINT ( 'NONE',  ( 10.49999999999999822, 1.899999999999999911, -7.549999999999999822 ) ) ;
#231 = LINE ( 'NONE', #246, #1000 ) ;
#232 = ORIENTED_EDGE ( 'NONE', *, *, #829, .T. ) ;
#233 = PLANE ( 'NONE',  #1275 ) ;
#234 = COLOUR_RGB ( '',0.2941176470588235392, 0.2941176470588235392, 0.2941176470588235392 ) ;
#235 = EDGE_LOOP ( 'NONE', ( #1404, #1044 ) ) ;
#236 = DIRECTION ( 'NONE',  ( 0.000000000000000000, 0.000000000000000000, -1.000000000000000000 ) ) ;
#237 = VERTEX_POINT ( 'NONE', #41 ) ;
#238 = SURFACE_STYLE_FILL_AREA ( #1241 ) ;
#239 = PLANE ( 'NONE',  #1309 ) ;
#240 = FILL_AREA_STYLE_COLOUR ( '', #1669 ) ;
#241 = EDGE_CURVE ( 'NONE', #242, #1729, #1295, .T. ) ;
#242 = VERTEX_POINT ( 'NONE', #1062 ) ;
#243 = ORIENTED_EDGE ( 'NONE', *, *, #319, .T. ) ;
#244 = CARTESIAN_POINT ( 'NONE',  ( 6.599999999999999645, 0.5000000000000000000, -7.549999999999999822 ) ) ;
#245 = DIRECTION ( 'NONE',  ( -0.000000000000000000, 1.000000000000000000, -0.000000000000000000 ) ) ;
#246 = CARTESIAN_POINT ( 'NONE',  ( 11.50000000000000000, 1.399999999999999911, 4.799999999999999822 ) ) ;
#247 = ORIENTED_EDGE ( 'NONE', *, *, #6, .F. ) ;
#248 = DIRECTION ( 'NONE',  ( 0.000000000000000000, 0.000000000000000000, 1.000000000000000000 ) ) ;
#249 = CARTESIAN_POINT ( 'NONE',  ( -11.50000000000000000, 1.899999999999999911, -7.549999999999999822 ) ) ;
#250 = STYLED_ITEM ( 'NONE', ( #940 ), #488 ) ;
#251 = ORIENTED_EDGE ( 'NONE', *, *, #1233, .T. ) ;
#252 = CARTESIAN_POINT ( 'NONE',  ( -6.499999999999999112, 0.8000000000000000444, 11.80000000000000071 ) ) ;
#253 = ORIENTED_EDGE ( 'NONE', *, *, #1811, .F. ) ;
#254 = LINE ( 'NONE', #860, #140 ) ;
#255 =( GEOMETRIC_REPRESENTATION_CONTEXT ( 3 ) GLOBAL_UNCERTAINTY_ASSIGNED_CONTEXT ( ( #999 ) ) GLOBAL_UNIT_ASSIGNED_CONTEXT ( ( #1035, #29, #81 ) ) REPRESENTATION_CONTEXT ( 'NONE', 'WORKASPACE' ) );
#256 = EDGE_CURVE ( 'NONE', #1532, #820, #1644, .T. ) ;
#257 = MECHANICAL_DESIGN_GEOMETRIC_PRESENTATION_REPRESENTATION (  '', ( #22 ), #176 ) ;
#258 = FACE_OUTER_BOUND ( 'NONE', #1261, .T. ) ;
#259 = MECHANICAL_DESIGN_GEOMETRIC_PRESENTATION_REPRESENTATION (  '', ( #179 ), #228 ) ;
#260 = FILL_AREA_STYLE ('',( #1136 ) ) ;
#261 = VECTOR ( 'NONE', #347, 1000.000000000000000 ) ;
#262 = VECTOR ( 'NONE', #379, 1000.000000000000000 ) ;
#263 = CARTESIAN_POINT ( 'NONE',  ( -6.599999999999999645, 0.5000000000000000000, 4.799999999999999822 ) ) ;
#264 = VERTEX_POINT ( 'NONE', #230 ) ;
#265 = CARTESIAN_POINT ( 'NONE',  ( -6.474999999999999645, 0.5000000000000000000, -7.549999999999999822 ) ) ;
#266 = ORIENTED_EDGE ( 'NONE', *, *, #939, .F. ) ;
#267 = CYLINDRICAL_SURFACE ( 'NONE', #1269, 3.899999999999999911 ) ;
#268 = ADVANCED_FACE ( 'NONE', ( #1701, #366 ), #818, .T. ) ;
#269 = CARTESIAN_POINT ( 'NONE',  ( -7.100000000000000533, 1.399999999999997247, 4.799999999999999822 ) ) ;
#270 = LINE ( 'NONE', #742, #1064 ) ;
#271 =( NAMED_UNIT ( * ) SI_UNIT ( $, .STERADIAN. ) SOLID_ANGLE_UNIT ( ) );
#272 = SURFACE_STYLE_FILL_AREA ( #278 ) ;
#273 = CARTESIAN_POINT ( 'NONE',  ( -6.499999999999999112, 0.8000000000000000444, 11.80000000000000071 ) ) ;
#274 = DIRECTION ( 'NONE',  ( -1.000000000000000000, 0.000000000000000000, 0.000000000000000000 ) ) ;
#275 = ORIENTED_EDGE ( 'NONE', *, *, #1114, .F. ) ;
#276 = DIRECTION ( 'NONE',  ( 0.000000000000000000, 0.000000000000000000, 1.000000000000000000 ) ) ;
#277 = VERTEX_POINT ( 'NONE', #1400 ) ;
#278 = FILL_AREA_STYLE ('',( #1625 ) ) ;
#279 = ADVANCED_FACE ( 'NONE', ( #95 ), #673, .T. ) ;
#280 = FACE_OUTER_BOUND ( 'NONE', #897, .T. ) ;
#281 = LINE ( 'NONE', #1637, #904 ) ;
#282 = AXIS2_PLACEMENT_3D ( 'NONE', #1618, #748, #1162 ) ;
#283 = EDGE_LOOP ( 'NONE', ( #1392, #338, #950, #266 ) ) ;
#284 = LINE ( 'NONE', #898, #1700 ) ;
#285 = PRESENTATION_LAYER_ASSIGNMENT (  '', '', ( #1693 ) ) ;
#286 = SURFACE_STYLE_FILL_AREA ( #833 ) ;
#287 = SHAPE_REPRESENTATION ( 'SK8707', ( #1708, #419, #1672 ), #934 ) ;
#288 = PRODUCT_DEFINITION_CONTEXT ( 'detailed design', #495, 'design' ) ;
#289 = ORIENTED_EDGE ( 'NONE', *, *, #1892, .F. ) ;
#290 = VECTOR ( 'NONE', #1066, 1000.000000000000000 ) ;
#291 = VECTOR ( 'NONE', #178, 1000.000000000000000 ) ;
#292 = CARTESIAN_POINT ( 'NONE',  ( 6.500000000000000888, 0.000000000000000000, 11.79999999999999893 ) ) ;
#293 = VECTOR ( 'NONE', #561, 1000.000000000000000 ) ;
#294 = VECTOR ( 'NONE', #1715, 1000.000000000000000 ) ;
#295 = LINE ( 'NONE', #610, #1848 ) ;
#296 = CIRCLE ( 'NONE', #1184, 1.000000000000000000 ) ;
#297 = FACE_BOUND ( 'NONE', #1378, .T. ) ;
#298 = EDGE_CURVE ( 'NONE', #1553, #242, #1306, .T. ) ;
#299 = PRESENTATION_LAYER_ASSIGNMENT (  '', '', ( #62 ) ) ;
#300 = ORIENTED_EDGE ( 'NONE', *, *, #445, .F. ) ;
#301 = STYLED_ITEM ( 'NONE', ( #160 ), #1704 ) ;
#302 = FACE_OUTER_BOUND ( 'NONE', #97, .T. ) ;
#303 = DIRECTION ( 'NONE',  ( 0.000000000000000000, 0.000000000000000000, 1.000000000000000000 ) ) ;
#304 = CARTESIAN_POINT ( 'NONE',  ( 6.599999999999999645, 1.399999999999999911, 4.799999999999999822 ) ) ;
#305 = CARTESIAN_POINT ( 'NONE',  ( 7.225000000000000533, 1.274999999999997247, -7.549999999999999822 ) ) ;
#306 = CARTESIAN_POINT ( 'NONE',  ( 6.599999999999999645, 0.5000000000000000000, -7.549999999999999822 ) ) ;
#307 = ADVANCED_FACE ( 'NONE', ( #1434, #141 ), #1126, .T. ) ;
#308 = ORIENTED_EDGE ( 'NONE', *, *, #1077, .T. ) ;
#309 = DIRECTION ( 'NONE',  ( 0.000000000000000000, 0.000000000000000000, -1.000000000000000000 ) ) ;
#310 = CARTESIAN_POINT ( 'NONE',  ( -11.50000000000000000, 1.899999999999999911, -7.549999999999999822 ) ) ;
#311 = ADVANCED_FACE ( 'NONE', ( #258 ), #1731, .F. ) ;
#312 =( NAMED_UNIT ( * ) SI_UNIT ( $, .STERADIAN. ) SOLID_ANGLE_UNIT ( ) );
#313 =( NAMED_UNIT ( * ) SI_UNIT ( $, .STERADIAN. ) SOLID_ANGLE_UNIT ( ) );
#314 = ORIENTED_EDGE ( 'NONE', *, *, #1256, .T. ) ;
#315 = PRODUCT_DEFINITION_SHAPE ( 'NONE', 'NONE',  #1897 ) ;
#316 = CARTESIAN_POINT ( 'NONE',  ( 6.599999999999999645, 0.6250000000000000000, 4.800000000000000711 ) ) ;
#317 = ORIENTED_EDGE ( 'NONE', *, *, #1380, .T. ) ;
#318 = CARTESIAN_POINT ( 'NONE',  ( -1.199999999999999956, 0.8000000000000000444, -1.199999999999999956 ) ) ;
#319 = EDGE_CURVE ( 'NONE', #1419, #1065, #1743, .T. ) ;
#320 = DIRECTION ( 'NONE',  ( 6.406649201050708916E-16, -1.000000000000000000, 0.000000000000000000 ) ) ;
#321 = AXIS2_PLACEMENT_3D ( 'NONE', #634, #339, #909 ) ;
#322 = DIRECTION ( 'NONE',  ( 0.000000000000000000, 0.000000000000000000, 1.000000000000000000 ) ) ;
#323 = CARTESIAN_POINT ( 'NONE',  ( 10.49999999999999822, 1.399999999999999245, 3.799999999999999378 ) ) ;
#324 = MECHANICAL_DESIGN_GEOMETRIC_PRESENTATION_REPRESENTATION (  '', ( #1550 ), #1213 ) ;
#325 = ORIENTED_EDGE ( 'NONE', *, *, #890, .T. ) ;
#326 = SURFACE_SIDE_STYLE ('',( #1496 ) ) ;
#327 = FACE_OUTER_BOUND ( 'NONE', #235, .T. ) ;
#328 = DIRECTION ( 'NONE',  ( -0.000000000000000000, 1.000000000000000000, -0.000000000000000000 ) ) ;
#329 = APPLICATION_PROTOCOL_DEFINITION ( 'draft international standard', 'automotive_design', 1998, #51 ) ;
#330 = EDGE_CURVE ( 'NONE', #1460, #830, #778, .T. ) ;
#331 = LINE ( 'NONE', #468, #1441 ) ;
#332 = FILL_AREA_STYLE ('',( #644 ) ) ;
#333 = ORIENTED_EDGE ( 'NONE', *, *, #172, .F. ) ;
#334 = CARTESIAN_POINT ( 'NONE',  ( 9.500000000000000000, 1.899999999999999911, 0.000000000000000000 ) ) ;
#335 =( LENGTH_UNIT ( ) NAMED_UNIT ( * ) SI_UNIT ( .MILLI., .METRE. ) );
#336 =( LENGTH_UNIT ( ) NAMED_UNIT ( * ) SI_UNIT ( .MILLI., .METRE. ) );
#337 = DIRECTION ( 'NONE',  ( -0.000000000000000000, 1.000000000000000000, -0.000000000000000000 ) ) ;
#338 = ORIENTED_EDGE ( 'NONE', *, *, #709, .F. ) ;
#339 = DIRECTION ( 'NONE',  ( -1.000000000000000000, 0.000000000000000000, 1.355252715606880543E-16 ) ) ;
#340 = EDGE_CURVE ( 'NONE', #1290, #1585, #955, .T. ) ;
#341 = ORIENTED_EDGE ( 'NONE', *, *, #864, .F. ) ;
#342 = LINE ( 'NONE', #661, #479 ) ;
#343 = COLOUR_RGB ( '',0.3411764705882353033, 0.8392156862745098200, 0.4117647058823529216 ) ;
#344 = CYLINDRICAL_SURFACE ( 'NONE', #1443, 5.099999999999999645 ) ;
#345 = AXIS2_PLACEMENT_3D ( 'NONE', #1210, #1457, #1615 ) ;
#346 = LINE ( 'NONE', #489, #1736 ) ;
#347 = DIRECTION ( 'NONE',  ( 1.000000000000000000, 0.000000000000000000, 0.000000000000000000 ) ) ;
#348 = DIRECTION ( 'NONE',  ( 0.000000000000000000, 0.000000000000000000, 1.000000000000000000 ) ) ;
#349 = VECTOR ( 'NONE', #1834, 1000.000000000000000 ) ;
#350 = EDGE_CURVE ( 'NONE', #859, #391, #48, .T. ) ;
#351 = ORIENTED_EDGE ( 'NONE', *, *, #658, .T. ) ;
#352 = LINE ( 'NONE', #225, #349 ) ;
#353 = STYLED_ITEM ( 'NONE', ( #648 ), #1197 ) ;
#354 = CARTESIAN_POINT ( 'NONE',  ( -6.499999999999999112, 0.000000000000000000, 11.80000000000000071 ) ) ;
#355 = COLOUR_RGB ( '',0.4980392156862745168, 0.4980392156862745168, 0.4980392156862745168 ) ;
#356 = VECTOR ( 'NONE', #1447, 1000.000000000000000 ) ;
#357 = CARTESIAN_POINT ( 'NONE',  ( -1.199999999999999956, 3.799999999999999822, 1.199999999999999956 ) ) ;
#358 = EDGE_CURVE ( 'NONE', #589, #1784, #1601, .T. ) ;
#359 = CARTESIAN_POINT ( 'NONE',  ( 9.500000000000000000, 1.399999999999998579, 0.000000000000000000 ) ) ;
#360 = DIRECTION ( 'NONE',  ( 1.000000000000000000, 0.000000000000000000, 0.000000000000000000 ) ) ;
#361 = ORIENTED_EDGE ( 'NONE', *, *, #1513, .T. ) ;
#362 = DIRECTION ( 'NONE',  ( 0.000000000000000000, 0.000000000000000000, 1.000000000000000000 ) ) ;
#363 = SURFACE_SIDE_STYLE ('',( #1543 ) ) ;
#364 = EDGE_CURVE ( 'NONE', #943, #740, #754, .T. ) ;
#365 = DIRECTION ( 'NONE',  ( -1.000000000000000000, 0.000000000000000000, 0.000000000000000000 ) ) ;
#366 = FACE_OUTER_BOUND ( 'NONE', #602, .T. ) ;
#367 = SURFACE_STYLE_FILL_AREA ( #1864 ) ;
#368 = LINE ( 'NONE', #554, #1799 ) ;
#369 = VERTEX_POINT ( 'NONE', #1193 ) ;
#370 = LINE ( 'NONE', #650, #382 ) ;
#371 = FILL_AREA_STYLE_COLOUR ( '', #693 ) ;
#372 = EDGE_CURVE ( 'NONE', #264, #1653, #1466, .T. ) ;
#373 =( NAMED_UNIT ( * ) SI_UNIT ( $, .STERADIAN. ) SOLID_ANGLE_UNIT ( ) );
#374 = CIRCLE ( 'NONE', #1383, 0.1250000000000001110 ) ;
#375 = LINE ( 'NONE', #975, #148 ) ;
#376 = EDGE_LOOP ( 'NONE', ( #1709, #735, #637, #422 ) ) ;
#377 = CARTESIAN_POINT ( 'NONE',  ( -6.474999999999999645, 0.5000000000000000000, 4.799999999999999822 ) ) ;
#378 =( GEOMETRIC_REPRESENTATION_CONTEXT ( 3 ) GLOBAL_UNCERTAINTY_ASSIGNED_CONTEXT ( ( #1572 ) ) GLOBAL_UNIT_ASSIGNED_CONTEXT ( ( #1387, #1810, #73 ) ) REPRESENTATION_CONTEXT ( 'NONE', 'WORKASPACE' ) );
#379 = DIRECTION ( 'NONE',  ( -1.000000000000000000, -0.000000000000000000, -0.000000000000000000 ) ) ;
#380 = EDGE_LOOP ( 'NONE', ( #717, #300, #1725, #333 ) ) ;
#381 = SURFACE_STYLE_FILL_AREA ( #538 ) ;
#382 = VECTOR ( 'NONE', #1648, 1000.000000000000000 ) ;
#383 = EDGE_LOOP ( 'NONE', ( #828, #1717 ) ) ;
#384 = STYLED_ITEM ( 'NONE', ( #1059 ), #1527 ) ;
#385 = PRESENTATION_LAYER_ASSIGNMENT (  '', '', ( #876 ) ) ;
#386 = PRESENTATION_STYLE_ASSIGNMENT (( #825 ) ) ;
#387 = FACE_OUTER_BOUND ( 'NONE', #1458, .T. ) ;
#388 = CARTESIAN_POINT ( 'NONE',  ( 7.225000000000000533, 1.274999999999997247, -7.549999999999999822 ) ) ;
#389 = ADVANCED_FACE ( 'NONE', ( #1201 ), #486, .T. ) ;
#390 = LINE ( 'NONE', #687, #788 ) ;
#391 = VERTEX_POINT ( 'NONE', #38 ) ;
#392 = PRESENTATION_STYLE_ASSIGNMENT (( #1851 ) ) ;
#393 = ORIENTED_EDGE ( 'NONE', *, *, #192, .T. ) ;
#394 = CYLINDRICAL_SURFACE ( 'NONE', #1414, 5.099999999999999645 ) ;
#395 =( LENGTH_UNIT ( ) NAMED_UNIT ( * ) SI_UNIT ( .MILLI., .METRE. ) );
#396 =( NAMED_UNIT ( * ) SI_UNIT ( $, .STERADIAN. ) SOLID_ANGLE_UNIT ( ) );
#397 = FILL_AREA_STYLE_COLOUR ( '', #180 ) ;
#398 = CARTESIAN_POINT ( 'NONE',  ( 0.000000000000000000, 1.399999999999999911, -3.899999999999999911 ) ) ;
#399 = ORIENTED_EDGE ( 'NONE', *, *, #813, .F. ) ;
#400 =( NAMED_UNIT ( * ) PLANE_ANGLE_UNIT ( ) SI_UNIT ( $, .RADIAN. ) );
#401 = EDGE_CURVE ( 'NONE', #527, #820, #782, .T. ) ;
#402 = EDGE_LOOP ( 'NONE', ( #409, #1357, #725, #138 ) ) ;
#403 = FACE_OUTER_BOUND ( 'NONE', #376, .T. ) ;
#404 = DIRECTION ( 'NONE',  ( 0.000000000000000000, 0.000000000000000000, 1.000000000000000000 ) ) ;
#405 = DIRECTION ( 'NONE',  ( -0.000000000000000000, -1.000000000000000000, -0.000000000000000000 ) ) ;
#406 = DIRECTION ( 'NONE',  ( 0.000000000000000000, 0.000000000000000000, -1.000000000000000000 ) ) ;
#407 = COLOUR_RGB ( '',0.7921568627450980005, 0.8196078431372548767, 0.9333333333333333481 ) ;
#408 = CARTESIAN_POINT ( 'NONE',  ( 6.599999999999999645, 1.899999999999999911, -7.549999999999999822 ) ) ;
#409 = ORIENTED_EDGE ( 'NONE', *, *, #1549, .T. ) ;
#410 = SURFACE_STYLE_FILL_AREA ( #991 ) ;
#411 = EDGE_CURVE ( 'NONE', #1252, #166, #190, .T. ) ;
#412 = EDGE_LOOP ( 'NONE', ( #1366, #128, #1226, #399 ) ) ;
#413 = CARTESIAN_POINT ( 'NONE',  ( -11.50000000000000000, 1.899999999999999911, 3.799999999999999378 ) ) ;
#414 = CIRCLE ( 'NONE', #1485, 1.000000000000000000 ) ;
#415 = AXIS2_PLACEMENT_3D ( 'NONE', #1764, #611, #1163 ) ;
#416 = EDGE_CURVE ( 'NONE', #1523, #943, #896, .T. ) ;
#417 = CARTESIAN_POINT ( 'NONE',  ( 11.50000000000000000, 1.899999999999999911, -7.549999999999999822 ) ) ;
#418 = AXIS2_PLACEMENT_3D ( 'NONE', #498, #1842, #1221 ) ;
#419 = AXIS2_PLACEMENT_3D ( 'NONE', #174, #1212, #1058 ) ;
#420 = ORIENTED_EDGE ( 'NONE', *, *, #1231, .F. ) ;
#421 = CARTESIAN_POINT ( 'NONE',  ( -10.49999999999999822, 1.399999999999997247, 4.799999999999999822 ) ) ;
#422 = ORIENTED_EDGE ( 'NONE', *, *, #1570, .F. ) ;
#423 = PRESENTATION_STYLE_ASSIGNMENT (( #122 ) ) ;
#424 =( LENGTH_UNIT ( ) NAMED_UNIT ( * ) SI_UNIT ( .MILLI., .METRE. ) );
#425 = VERTEX_POINT ( 'NONE', #913 ) ;
#426 = DIRECTION ( 'NONE',  ( 1.000000000000000000, 0.000000000000000000, -1.355252715606880543E-16 ) ) ;
#427 = PLANE ( 'NONE',  #1599 ) ;
#428 = CARTESIAN_POINT ( 'NONE',  ( 7.100000000000000533, 0.5000000000000000000, 4.799999999999999822 ) ) ;
#429 = VERTEX_POINT ( 'NONE', #766 ) ;
#430 = DIRECTION ( 'NONE',  ( -0.000000000000000000, 0.000000000000000000, -1.000000000000000000 ) ) ;
#431 =( NAMED_UNIT ( * ) SI_UNIT ( $, .STERADIAN. ) SOLID_ANGLE_UNIT ( ) );
#432 = EDGE_CURVE ( 'NONE', #917, #1860, #155, .T. ) ;
#433 = LINE ( 'NONE', #1745, #1788 ) ;
#434 = DIRECTION ( 'NONE',  ( -1.000000000000000000, -0.000000000000000000, -0.000000000000000000 ) ) ;
#435 = VECTOR ( 'NONE', #1588, 1000.000000000000000 ) ;
#436 =( GEOMETRIC_REPRESENTATION_CONTEXT ( 3 ) GLOBAL_UNCERTAINTY_ASSIGNED_CONTEXT ( ( #755 ) ) GLOBAL_UNIT_ASSIGNED_CONTEXT ( ( #588, #1490, #312 ) ) REPRESENTATION_CONTEXT ( 'NONE', 'WORKASPACE' ) );
#437 = ORIENTED_EDGE ( 'NONE', *, *, #372, .T. ) ;
#438 = FACE_OUTER_BOUND ( 'NONE', #402, .T. ) ;
#439 = AXIS2_PLACEMENT_3D ( 'NONE', #1284, #995, #1568 ) ;
#440 = DIRECTION ( 'NONE',  ( 0.000000000000000000, 0.000000000000000000, -1.000000000000000000 ) ) ;
#441 = ORIENTED_EDGE ( 'NONE', *, *, #1620, .F. ) ;
#442 = AXIS2_PLACEMENT_3D ( 'NONE', #1236, #1662, #209 ) ;
#443 = VECTOR ( 'NONE', #1152, 1000.000000000000000 ) ;
#444 =( NAMED_UNIT ( * ) SI_UNIT ( $, .STERADIAN. ) SOLID_ANGLE_UNIT ( ) );
#445 = EDGE_CURVE ( 'NONE', #1326, #612, #1771, .T. ) ;
#446 =( GEOMETRIC_REPRESENTATION_CONTEXT ( 3 ) GLOBAL_UNCERTAINTY_ASSIGNED_CONTEXT ( ( #698 ) ) GLOBAL_UNIT_ASSIGNED_CONTEXT ( ( #335, #1622, #1474 ) ) REPRESENTATION_CONTEXT ( 'NONE', 'WORKASPACE' ) );
#447 = AXIS2_PLACEMENT_3D ( 'NONE', #1761, #1028, #1617 ) ;
#448 = CARTESIAN_POINT ( 'NONE',  ( -11.50000000000000000, 1.899999999999999911, -7.549999999999999822 ) ) ;
#449 =( GEOMETRIC_REPRESENTATION_CONTEXT ( 3 ) GLOBAL_UNCERTAINTY_ASSIGNED_CONTEXT ( ( #125 ) ) GLOBAL_UNIT_ASSIGNED_CONTEXT ( ( #875, #8, #1415 ) ) REPRESENTATION_CONTEXT ( 'NONE', 'WORKASPACE' ) );
#450 = DIRECTION ( 'NONE',  ( 0.000000000000000000, -0.000000000000000000, 1.000000000000000000 ) ) ;
#451 = VERTEX_POINT ( 'NONE', #1631 ) ;
#452 = PLANE ( 'NONE',  #1388 ) ;
#453 = LINE ( 'NONE', #1286, #635 ) ;
#454 = PRODUCT ( 'Sensor PCB', 'Sensor PCB', '', ( #1327 ) ) ;
#455 = ORIENTED_EDGE ( 'NONE', *, *, #1535, .F. ) ;
#456 = ITEM_DEFINED_TRANSFORMATION ( 'NONE', 'NONE', #419,  #1027 ) ;
#457 = SURFACE_SIDE_STYLE ('',( #272 ) ) ;
#458 = DIRECTION ( 'NONE',  ( -0.000000000000000000, -1.000000000000000000, -0.000000000000000000 ) ) ;
#459 = CARTESIAN_POINT ( 'NONE',  ( -9.500000000000000000, 1.399999999999997247, 0.7999999999999986011 ) ) ;
#460 = ADVANCED_FACE ( 'NONE', ( #302 ), #16, .F. ) ;
#461 = EDGE_LOOP ( 'NONE', ( #804, #541, #1331, #1235 ) ) ;
#462 = LINE ( 'NONE', #1640, #1664 ) ;
#463 = CARTESIAN_POINT ( 'NONE',  ( -7.100000000000000533, 1.899999999999999911, 4.799999999999999822 ) ) ;
#464 = DIRECTION ( 'NONE',  ( -0.000000000000000000, 1.000000000000000000, -0.000000000000000000 ) ) ;
#465 = UNCERTAINTY_MEASURE_WITH_UNIT (LENGTH_MEASURE( 1.000000000000000082E-05 ), #942, 'distance_accuracy_value', 'NONE');
#466 = DIRECTION ( 'NONE',  ( 1.000000000000000000, 0.000000000000000000, 0.000000000000000000 ) ) ;
#467 = PRESENTATION_STYLE_ASSIGNMENT (( #1365 ) ) ;
#468 = CARTESIAN_POINT ( 'NONE',  ( 9.500000000000000000, 1.899999999999999911, -0.7999999999999986011 ) ) ;
#469 = PRODUCT_DEFINITION_SHAPE ( 'NONE', 'NONE',  #1753 ) ;
#470 = CYLINDRICAL_SURFACE ( 'NONE', #55, 0.1250000000000001110 ) ;
#471 = VERTEX_POINT ( 'NONE', #775 ) ;
#472 = DIRECTION ( 'NONE',  ( -0.000000000000000000, 1.000000000000000000, -0.000000000000000000 ) ) ;
#473 = DIRECTION ( 'NONE',  ( 0.000000000000000000, 1.000000000000000000, 0.000000000000000000 ) ) ;
#474 = ADVANCED_FACE ( 'NONE', ( #183, #1800 ), #630, .T. ) ;
#475 =( GEOMETRIC_REPRESENTATION_CONTEXT ( 3 ) GLOBAL_UNCERTAINTY_ASSIGNED_CONTEXT ( ( #1015 ) ) GLOBAL_UNIT_ASSIGNED_CONTEXT ( ( #1507, #219, #1112 ) ) REPRESENTATION_CONTEXT ( 'NONE', 'WORKASPACE' ) );
#476 = FILL_AREA_STYLE ('',( #1316 ) ) ;
#477 =( NAMED_UNIT ( * ) PLANE_ANGLE_UNIT ( ) SI_UNIT ( $, .RADIAN. ) );
#478 = SURFACE_SIDE_STYLE ('',( #784 ) ) ;
#479 = VECTOR ( 'NONE', #362, 1000.000000000000000 ) ;
#480 = ORIENTED_EDGE ( 'NONE', *, *, #43, .F. ) ;
#481 = VECTOR ( 'NONE', #837, 1000.000000000000000 ) ;
#482 = DIRECTION ( 'NONE',  ( -1.000000000000000000, 0.000000000000000000, 0.000000000000000000 ) ) ;
#483 = ORIENTED_EDGE ( 'NONE', *, *, #1402, .T. ) ;
#484 = DIRECTION ( 'NONE',  ( 1.000000000000000000, 0.000000000000000000, -0.000000000000000000 ) ) ;
#485 = DIRECTION ( 'NONE',  ( 0.000000000000000000, -0.000000000000000000, -1.000000000000000000 ) ) ;
#486 = PLANE ( 'NONE',  #345 ) ;
#487 = APPLICATION_PROTOCOL_DEFINITION ( 'draft international standard', 'automotive_design', 1998, #1377 ) ;
#488 = ADVANCED_FACE ( 'NONE', ( #1094 ), #344, .T. ) ;
#489 = CARTESIAN_POINT ( 'NONE',  ( -9.500000000000000000, 1.899999999999999911, 0.7999999999999986011 ) ) ;
#490 = ORIENTED_EDGE ( 'NONE', *, *, #641, .F. ) ;
#491 = DIRECTION ( 'NONE',  ( -1.000000000000000000, -0.000000000000000000, -0.000000000000000000 ) ) ;
#492 = CARTESIAN_POINT ( 'NONE',  ( -11.50000000000000000, 1.399999999999997247, -6.549999999999999822 ) ) ;
#493 = EDGE_CURVE ( 'NONE', #121, #143, #1102, .T. ) ;
#494 = DIRECTION ( 'NONE',  ( -0.000000000000000000, -1.000000000000000000, -0.000000000000000000 ) ) ;
#495 = APPLICATION_CONTEXT ( 'automotive_design' ) ;
#496 = ORIENTED_EDGE ( 'NONE', *, *, #114, .T. ) ;
#497 = DIRECTION ( 'NONE',  ( 0.000000000000000000, 0.000000000000000000, 1.000000000000000000 ) ) ;
#498 = CARTESIAN_POINT ( 'NONE',  ( 1.199999999999999956, 3.799999999999999822, 1.199999999999999956 ) ) ;
#499 = CLOSED_SHELL ( 'NONE', ( #460, #844, #1869, #695, #389, #1140, #668, #268, #1582, #1716, #77, #1855, #1348, #1685, #1558, #1462, #1477, #311, #587, #1605, #730, #279, #1822, #1812, #1006, #1424, #1503, #969, #1451, #1881 ) ) ;
#500 = CARTESIAN_POINT ( 'NONE',  ( 6.599999999999999645, 0.5000000000000000000, 4.799999999999999822 ) ) ;
#501 = FILL_AREA_STYLE ('',( #1373 ) ) ;
#502 = AXIS2_PLACEMENT_3D ( 'NONE', #568, #103, #139 ) ;
#503 = CARTESIAN_POINT ( 'NONE',  ( -10.49999999999999822, 1.899999999999999911, -6.549999999999999822 ) ) ;
#504 = VECTOR ( 'NONE', #1342, 1000.000000000000000 ) ;
#505 = EDGE_CURVE ( 'NONE', #1467, #1460, #1399, .T. ) ;
#506 = EDGE_LOOP ( 'NONE', ( #1091, #688, #1313, #1432 ) ) ;
#507 = PRESENTATION_LAYER_ASSIGNMENT (  '', '', ( #1767 ) ) ;
#508 = FACE_OUTER_BOUND ( 'NONE', #1317, .T. ) ;
#509 = AXIS2_PLACEMENT_3D ( 'NONE', #1086, #957, #795 ) ;
#510 = SURFACE_SIDE_STYLE ('',( #1844 ) ) ;
#511 = CARTESIAN_POINT ( 'NONE',  ( 7.100000000000000533, 0.5000000000000000000, -7.549999999999999822 ) ) ;
#512 = CARTESIAN_POINT ( 'NONE',  ( 0.000000000000000000, 0.000000000000000000, 0.000000000000000000 ) ) ;
#513 = VERTEX_POINT ( 'NONE', #1249 ) ;
#514 = FACE_OUTER_BOUND ( 'NONE', #1408, .T. ) ;
#515 = CARTESIAN_POINT ( 'NONE',  ( -7.225000000000000533, 1.399999999999997247, 4.800000000000000711 ) ) ;
#516 = ORIENTED_EDGE ( 'NONE', *, *, #978, .T. ) ;
#517 = LINE ( 'NONE', #1369, #52 ) ;
#518 = LINE ( 'NONE', #791, #26 ) ;
#519 = EDGE_CURVE ( 'NONE', #1278, #425, #985, .T. ) ;
#520 = DIRECTION ( 'NONE',  ( 0.000000000000000000, 0.000000000000000000, -1.000000000000000000 ) ) ;
#521 = DIRECTION ( 'NONE',  ( 1.000000000000000000, 6.406649201050708916E-16, 0.000000000000000000 ) ) ;
#522 = DIRECTION ( 'NONE',  ( -1.000000000000000000, 0.000000000000000000, -0.000000000000000000 ) ) ;
#523 = CYLINDRICAL_SURFACE ( 'NONE', #1738, 1.000000000000000000 ) ;
#524 = CARTESIAN_POINT ( 'NONE',  ( 10.49999999999999822, 1.399999999999999245, -6.549999999999999822 ) ) ;
#525 = ORIENTED_EDGE ( 'NONE', *, *, #185, .T. ) ;
#526 = CARTESIAN_POINT ( 'NONE',  ( -6.474999999999999645, 0.6250000000000000000, 4.800000000000000711 ) ) ;
#527 = VERTEX_POINT ( 'NONE', #1684 ) ;
#528 = LINE ( 'NONE', #357, #171 ) ;
#529 = EDGE_CURVE ( 'NONE', #3, #842, #528, .T. ) ;
#530 = CARTESIAN_POINT ( 'NONE',  ( 1.199999999999999956, 3.799999999999999822, -1.199999999999999956 ) ) ;
#531 = STYLED_ITEM ( 'NONE', ( #1296 ), #307 ) ;
#532 = DIRECTION ( 'NONE',  ( 0.000000000000000000, -0.000000000000000000, -1.000000000000000000 ) ) ;
#533 = CYLINDRICAL_SURFACE ( 'NONE', #1706, 0.1250000000000001110 ) ;
#534 = VECTOR ( 'NONE', #1623, 1000.000000000000000 ) ;
#535 = APPLICATION_CONTEXT ( 'automotive_design' ) ;
#536 = CARTESIAN_POINT ( 'NONE',  ( 10.49999999999999822, 1.399999999999999245, 4.799999999999999822 ) ) ;
#537 = ORIENTED_EDGE ( 'NONE', *, *, #298, .T. ) ;
#538 = FILL_AREA_STYLE ('',( #1003 ) ) ;
#539 = COLOUR_RGB ( '',0.4980392156862745168, 0.4980392156862745168, 0.4980392156862745168 ) ;
#540 = AXIS2_PLACEMENT_3D ( 'NONE', #1012, #1627, #718 ) ;
#541 = ORIENTED_EDGE ( 'NONE', *, *, #1292, .F. ) ;
#542 = CYLINDRICAL_SURFACE ( 'NONE', #1482, 0.5000000000000004441 ) ;
#543 = VECTOR ( 'NONE', #582, 1000.000000000000000 ) ;
#544 = SURFACE_SIDE_STYLE ('',( #286 ) ) ;
#545 = SURFACE_SIDE_STYLE ('',( #367 ) ) ;
#546 = ORIENTED_EDGE ( 'NONE', *, *, #829, .F. ) ;
#547 = CARTESIAN_POINT ( 'NONE',  ( -11.50000000000000000, 1.399999999999997247, 4.799999999999999822 ) ) ;
#548 = EDGE_CURVE ( 'NONE', #1439, #451, #1234, .T. ) ;
#549 = CARTESIAN_POINT ( 'NONE',  ( -1.199999999999999956, 3.799999999999999822, -1.199999999999999956 ) ) ;
#550 = ORIENTED_EDGE ( 'NONE', *, *, #948, .T. ) ;
#551 = ORIENTED_EDGE ( 'NONE', *, *, #1324, .F. ) ;
#552 = FILL_AREA_STYLE_COLOUR ( '', #407 ) ;
#553 = CARTESIAN_POINT ( 'NONE',  ( -1.199999999999999956, 0.8000000000000000444, -1.199999999999999956 ) ) ;
#554 = CARTESIAN_POINT ( 'NONE',  ( -6.599999999999999645, 0.000000000000000000, -7.549999999999999822 ) ) ;
#555 = ADVANCED_FACE ( 'NONE', ( #1423 ), #394, .T. ) ;
#556 = ORIENTED_EDGE ( 'NONE', *, *, #432, .F. ) ;
#557 = CARTESIAN_POINT ( 'NONE',  ( 10.49999999999999822, 1.899999999999999911, 3.799999999999999378 ) ) ;
#558 = EDGE_CURVE ( 'NONE', #830, #1860, #254, .T. ) ;
#559 = ORIENTED_EDGE ( 'NONE', *, *, #890, .F. ) ;
#560 =( NAMED_UNIT ( * ) PLANE_ANGLE_UNIT ( ) SI_UNIT ( $, .RADIAN. ) );
#561 = DIRECTION ( 'NONE',  ( 0.000000000000000000, -0.000000000000000000, 1.000000000000000000 ) ) ;
#562 = SURFACE_STYLE_USAGE ( .BOTH. , #1877 ) ;
#563 = VECTOR ( 'NONE', #1636, 1000.000000000000000 ) ;
#564 = DIRECTION ( 'NONE',  ( -0.000000000000000000, -0.000000000000000000, -1.000000000000000000 ) ) ;
#565 = CARTESIAN_POINT ( 'NONE',  ( -1.199999999999999956, 3.799999999999999822, 1.199999999999999956 ) ) ;
#566 = CARTESIAN_POINT ( 'NONE',  ( 11.50000000000000000, 1.399999999999999911, -7.549999999999999822 ) ) ;
#567 = ORIENTED_EDGE ( 'NONE', *, *, #1372, .T. ) ;
#568 = CARTESIAN_POINT ( 'NONE',  ( 0.000000000000000000, 1.399999999999999911, 0.000000000000000000 ) ) ;
#569 = CIRCLE ( 'NONE', #1888, 0.5000000000000004441 ) ;
#570 =( NAMED_UNIT ( * ) PLANE_ANGLE_UNIT ( ) SI_UNIT ( $, .RADIAN. ) );
#571 = AXIS2_PLACEMENT_3D ( 'NONE', #574, #1587, #1735 ) ;
#572 = ORIENTED_EDGE ( 'NONE', *, *, #161, .F. ) ;
#573 = PRESENTATION_STYLE_ASSIGNMENT (( #1008 ) ) ;
#574 = CARTESIAN_POINT ( 'NONE',  ( -6.474999999999999645, 0.6250000000000000000, -7.549999999999999822 ) ) ;
#575 = AXIS2_PLACEMENT_3D ( 'NONE', #170, #998, #706 ) ;
#576 = ORIENTED_EDGE ( 'NONE', *, *, #700, .F. ) ;
#577 = CARTESIAN_POINT ( 'NONE',  ( 9.500000000000000000, 1.399999999999998579, -0.7999999999999986011 ) ) ;
#578 = ORIENTED_EDGE ( 'NONE', *, *, #1090, .F. ) ;
#579 = EDGE_CURVE ( 'NONE', #208, #1326, #704, .T. ) ;
#580 = PRODUCT_DEFINITION_CONTEXT ( 'detailed design', #51, 'design' ) ;
#581 = ORIENTED_EDGE ( 'NONE', *, *, #256, .T. ) ;
#582 = DIRECTION ( 'NONE',  ( 1.000000000000000000, 0.000000000000000000, 0.000000000000000000 ) ) ;
#583 = DIRECTION ( 'NONE',  ( -1.000000000000000000, 0.000000000000000000, 0.000000000000000000 ) ) ;
#584 = CARTESIAN_POINT ( 'NONE',  ( -7.100000000000000533, 1.399999999999997247, -7.549999999999999822 ) ) ;
#585 = VERTEX_POINT ( 'NONE', #692 ) ;
#586 = FILL_AREA_STYLE ('',( #1350 ) ) ;
#587 = ADVANCED_FACE ( 'NONE', ( #1894 ), #542, .T. ) ;
#588 =( LENGTH_UNIT ( ) NAMED_UNIT ( * ) SI_UNIT ( .MILLI., .METRE. ) );
#589 = VERTEX_POINT ( 'NONE', #413 ) ;
#590 = DIRECTION ( 'NONE',  ( 1.000000000000000000, 0.000000000000000000, 0.000000000000000000 ) ) ;
#591 = FACE_OUTER_BOUND ( 'NONE', #1602, .T. ) ;
#592 = PRODUCT_RELATED_PRODUCT_CATEGORY ( 'part', '', ( #642 ) ) ;
#593 =( GEOMETRIC_REPRESENTATION_CONTEXT ( 3 ) GLOBAL_UNCERTAINTY_ASSIGNED_CONTEXT ( ( #715 ) ) GLOBAL_UNIT_ASSIGNED_CONTEXT ( ( #424, #570, #1856 ) ) REPRESENTATION_CONTEXT ( 'NONE', 'WORKASPACE' ) );
#594 = EDGE_LOOP ( 'NONE', ( #106, #1628, #1578, #1559 ) ) ;
#595 = CARTESIAN_POINT ( 'NONE',  ( 6.599999999999999645, 0.5000000000000000000, -7.549999999999999822 ) ) ;
#596 = PRESENTATION_LAYER_ASSIGNMENT (  '', '', ( #1540 ) ) ;
#597 = ORIENTED_EDGE ( 'NONE', *, *, #719, .T. ) ;
#598 = DIRECTION ( 'NONE',  ( 0.000000000000000000, -0.000000000000000000, 1.000000000000000000 ) ) ;
#599 = LINE ( 'NONE', #1343, #293 ) ;
#600 = DIRECTION ( 'NONE',  ( -0.000000000000000000, 1.000000000000000000, 0.000000000000000000 ) ) ;
#601 = UNCERTAINTY_MEASURE_WITH_UNIT (LENGTH_MEASURE( 1.000000000000000082E-05 ), #689, 'distance_accuracy_value', 'NONE');
#602 = EDGE_LOOP ( 'NONE', ( #857, #1757, #1624, #703, #643, #243 ) ) ;
#603 = AXIS2_PLACEMENT_3D ( 'NONE', #1332, #154, #732 ) ;
#604 = APPLICATION_PROTOCOL_DEFINITION ( 'draft international standard', 'automotive_design', 1998, #495 ) ;
#605 = PRESENTATION_LAYER_ASSIGNMENT (  '', '', ( #353 ) ) ;
#606 = CARTESIAN_POINT ( 'NONE',  ( 6.599999999999999645, 0.6250000000000000000, 4.799999999999999822 ) ) ;
#607 = VECTOR ( 'NONE', #491, 1000.000000000000000 ) ;
#608 = EDGE_CURVE ( 'NONE', #990, #429, #1863, .T. ) ;
#609 = COLOUR_RGB ( '',0.8980392156862745390, 0.9176470588235293713, 0.9294117647058823817 ) ;
#610 = CARTESIAN_POINT ( 'NONE',  ( 6.474999999999999645, 0.5000000000000000000, -7.549999999999999822 ) ) ;
#611 = DIRECTION ( 'NONE',  ( -0.000000000000000000, -0.000000000000000000, 1.000000000000000000 ) ) ;
#612 = VERTEX_POINT ( 'NONE', #130 ) ;
#613 = DIRECTION ( 'NONE',  ( -1.000000000000000000, 0.000000000000000000, 0.000000000000000000 ) ) ;
#614 = CARTESIAN_POINT ( 'NONE',  ( -6.500000000000001776, 0.000000000000000000, -7.400000000000000355 ) ) ;
#615 = DIRECTION ( 'NONE',  ( 0.000000000000000000, 1.000000000000000000, 0.000000000000000000 ) ) ;
#616 = CARTESIAN_POINT ( 'NONE',  ( 0.000000000000000000, 0.5000000000000000000, 0.000000000000000000 ) ) ;
#617 = SURFACE_STYLE_FILL_AREA ( #32 ) ;
#618 = CARTESIAN_POINT ( 'NONE',  ( 6.599999999999999645, 0.000000000000000000, 4.799999999999999822 ) ) ;
#619 = EDGE_CURVE ( 'NONE', #132, #121, #655, .T. ) ;
#620 = ORIENTED_EDGE ( 'NONE', *, *, #256, .F. ) ;
#621 = DIRECTION ( 'NONE',  ( -1.000000000000000000, 0.000000000000000000, 0.000000000000000000 ) ) ;
#622 = PLANE ( 'NONE',  #789 ) ;
#623 = CARTESIAN_POINT ( 'NONE',  ( -10.49999999999999822, 0.000000000000000000, -7.549999999999999822 ) ) ;
#624 = UNCERTAINTY_MEASURE_WITH_UNIT (LENGTH_MEASURE( 1.000000000000000082E-05 ), #215, 'distance_accuracy_value', 'NONE');
#625 =( NAMED_UNIT ( * ) PLANE_ANGLE_UNIT ( ) SI_UNIT ( $, .RADIAN. ) );
#626 = ORIENTED_EDGE ( 'NONE', *, *, #799, .T. ) ;
#627 =( NAMED_UNIT ( * ) PLANE_ANGLE_UNIT ( ) SI_UNIT ( $, .RADIAN. ) );
#628 = CARTESIAN_POINT ( 'NONE',  ( -7.100000000000000533, 0.000000000000000000, -7.549999999999999822 ) ) ;
#629 = AXIS2_PLACEMENT_3D ( 'NONE', #1836, #1667, #671 ) ;
#630 = PLANE ( 'NONE',  #834 ) ;
#631 =( LENGTH_UNIT ( ) NAMED_UNIT ( * ) SI_UNIT ( .MILLI., .METRE. ) );
#632 = AXIS2_PLACEMENT_3D ( 'NONE', #752, #4, #430 ) ;
#633 = AXIS2_PLACEMENT_3D ( 'NONE', #676, #1260, #119 ) ;
#634 = CARTESIAN_POINT ( 'NONE',  ( 6.499999999999998224, 0.8000000000000000444, -7.400000000000002132 ) ) ;
#635 = VECTOR ( 'NONE', #753, 1000.000000000000000 ) ;
#636 = MECHANICAL_DESIGN_GEOMETRIC_PRESENTATION_REPRESENTATION (  '', ( #384 ), #1158 ) ;
#637 = ORIENTED_EDGE ( 'NONE', *, *, #69, .T. ) ;
#638 = DIRECTION ( 'NONE',  ( -1.000000000000000000, 0.000000000000000000, 0.000000000000000000 ) ) ;
#639 = SURFACE_STYLE_FILL_AREA ( #1075 ) ;
#640 = SURFACE_SIDE_STYLE ('',( #1238 ) ) ;
#641 = EDGE_CURVE ( 'NONE', #1495, #1647, #1569, .T. ) ;
#642 = PRODUCT ( 'SK8707', 'SK8707', '', ( #884 ) ) ;
#643 = ORIENTED_EDGE ( 'NONE', *, *, #1593, .F. ) ;
#644 = FILL_AREA_STYLE_COLOUR ( '', #1182 ) ;
#645 = VERTEX_POINT ( 'NONE', #1554 ) ;
#646 = ADVANCED_FACE ( 'NONE', ( #403 ), #267, .F. ) ;
#647 = CYLINDRICAL_SURFACE ( 'NONE', #205, 1.000000000000000000 ) ;
#648 = PRESENTATION_STYLE_ASSIGNMENT (( #1645 ) ) ;
#649 = EDGE_LOOP ( 'NONE', ( #317, #92, #455, #393 ) ) ;
#650 = CARTESIAN_POINT ( 'NONE',  ( -1.199999999999999956, 3.799999999999999822, -1.199999999999999956 ) ) ;
#651 =( NAMED_UNIT ( * ) SI_UNIT ( $, .STERADIAN. ) SOLID_ANGLE_UNIT ( ) );
#652 = VECTOR ( 'NONE', #322, 1000.000000000000000 ) ;
#653 = COLOUR_RGB ( '',0.2941176470588235392, 0.2941176470588235392, 0.2941176470588235392 ) ;
#654 = DIRECTION ( 'NONE',  ( 1.000000000000000000, -0.000000000000000000, 0.000000000000000000 ) ) ;
#655 = CIRCLE ( 'NONE', #502, 5.099999999999999645 ) ;
#656 = DIRECTION ( 'NONE',  ( -1.000000000000000000, 0.000000000000000000, 0.000000000000000000 ) ) ;
#657 = STYLED_ITEM ( 'NONE', ( #392 ), #915 ) ;
#658 = EDGE_CURVE ( 'NONE', #1670, #1419, #1117, .T. ) ;
#659 = VECTOR ( 'NONE', #1681, 1000.000000000000000 ) ;
#660 = ORIENTED_EDGE ( 'NONE', *, *, #505, .T. ) ;
#661 = CARTESIAN_POINT ( 'NONE',  ( -7.100000000000000533, 0.5000000000000000000, -7.549999999999999822 ) ) ;
#662 = CIRCLE ( 'NONE', #1334, 0.7999999999999986011 ) ;
#663 = AXIS2_PLACEMENT_3D ( 'NONE', #310, #1770, #1146 ) ;
#664 = LINE ( 'NONE', #1250, #652 ) ;
#665 = DIRECTION ( 'NONE',  ( -1.000000000000000000, -0.000000000000000000, -0.000000000000000000 ) ) ;
#666 = EDGE_LOOP ( 'NONE', ( #102, #1564 ) ) ;
#667 = SURFACE_STYLE_FILL_AREA ( #1288 ) ;
#668 = ADVANCED_FACE ( 'NONE', ( #1464 ), #1748, .T. ) ;
#669 = ORIENTED_EDGE ( 'NONE', *, *, #1292, .T. ) ;
#670 = ORIENTED_EDGE ( 'NONE', *, *, #134, .F. ) ;
#671 = DIRECTION ( 'NONE',  ( 0.000000000000000000, 0.000000000000000000, -1.000000000000000000 ) ) ;
#672 = EDGE_CURVE ( 'NONE', #1768, #208, #1192, .T. ) ;
#673 = CYLINDRICAL_SURFACE ( 'NONE', #1017, 0.5000000000000004441 ) ;
#674 = DIRECTION ( 'NONE',  ( 1.000000000000000000, 6.406649201050708916E-16, -0.000000000000000000 ) ) ;
#675 = VERTEX_POINT ( 'NONE', #318 ) ;
#676 = CARTESIAN_POINT ( 'NONE',  ( -9.500000000000000000, 1.399999999999997247, 0.000000000000000000 ) ) ;
#677 = VERTEX_POINT ( 'NONE', #869 ) ;
#678 = FACE_OUTER_BOUND ( 'NONE', #594, .T. ) ;
#679 = ORIENTED_EDGE ( 'NONE', *, *, #1222, .T. ) ;
#680 = EDGE_CURVE ( 'NONE', #1038, #1398, #1055, .T. ) ;
#681 = MECHANICAL_DESIGN_GEOMETRIC_PRESENTATION_REPRESENTATION (  '', ( #531 ), #593 ) ;
#682 = FILL_AREA_STYLE_COLOUR ( '', #343 ) ;
#683 = COLOUR_RGB ( '',0.4980392156862745168, 0.4980392156862745168, 0.4980392156862745168 ) ;
#684 = DIRECTION ( 'NONE',  ( -0.000000000000000000, 1.000000000000000000, 0.000000000000000000 ) ) ;
#685 = ORIENTED_EDGE ( 'NONE', *, *, #1265, .T. ) ;
#686 = COLOUR_RGB ( '',0.3411764705882353033, 0.8392156862745098200, 0.4117647058823529216 ) ;
#687 = CARTESIAN_POINT ( 'NONE',  ( 1.199999999999999956, 3.799999999999999822, 1.199999999999999956 ) ) ;
#688 = ORIENTED_EDGE ( 'NONE', *, *, #579, .F. ) ;
#689 =( LENGTH_UNIT ( ) NAMED_UNIT ( * ) SI_UNIT ( .MILLI., .METRE. ) );
#690 = CIRCLE ( 'NONE', #83, 1.000000000000000888 ) ;
#691 = ORIENTED_EDGE ( 'NONE', *, *, #1750, .F. ) ;
#692 = CARTESIAN_POINT ( 'NONE',  ( 6.245698675651500839E-16, 0.8000000000000000444, 5.099999999999999645 ) ) ;
#693 = COLOUR_RGB ( '',0.3411764705882353033, 0.8392156862745098200, 0.4117647058823529216 ) ;
#694 = ORIENTED_EDGE ( 'NONE', *, *, #211, .F. ) ;
#695 = ADVANCED_FACE ( 'NONE', ( #773 ), #1785, .T. ) ;
#696 = COLOUR_RGB ( '',0.4980392156862745168, 0.4980392156862745168, 0.4980392156862745168 ) ;
#697 = DIRECTION ( 'NONE',  ( -0.000000000000000000, 1.000000000000000000, -0.000000000000000000 ) ) ;
#698 = UNCERTAINTY_MEASURE_WITH_UNIT (LENGTH_MEASURE( 1.000000000000000082E-05 ), #335, 'distance_accuracy_value', 'NONE');
#699 = DIRECTION ( 'NONE',  ( 6.406649201050708916E-16, -1.000000000000000000, 0.000000000000000000 ) ) ;
#700 = EDGE_CURVE ( 'NONE', #1768, #1436, #284, .T. ) ;
#701 = ORIENTED_EDGE ( 'NONE', *, *, #1630, .T. ) ;
#702 = DIRECTION ( 'NONE',  ( 0.000000000000000000, 0.000000000000000000, -1.000000000000000000 ) ) ;
#703 = ORIENTED_EDGE ( 'NONE', *, *, #1043, .T. ) ;
#704 = LINE ( 'NONE', #1157, #1853 ) ;
#705 =( NAMED_UNIT ( * ) PLANE_ANGLE_UNIT ( ) SI_UNIT ( $, .RADIAN. ) );
#706 = DIRECTION ( 'NONE',  ( 1.000000000000000000, 0.000000000000000000, 0.000000000000000000 ) ) ;
#707 = ORIENTED_EDGE ( 'NONE', *, *, #822, .T. ) ;
#708 = SURFACE_STYLE_FILL_AREA ( #260 ) ;
#709 = EDGE_CURVE ( 'NONE', #425, #589, #36, .T. ) ;
#710 = CARTESIAN_POINT ( 'NONE',  ( 7.100000000000000533, 1.399999999999997247, -7.549999999999999822 ) ) ;
#711 = ORIENTED_EDGE ( 'NONE', *, *, #901, .F. ) ;
#712 = ORIENTED_EDGE ( 'NONE', *, *, #892, .F. ) ;
#713 = CARTESIAN_POINT ( 'NONE',  ( 0.000000000000000000, 1.399999999999999911, 0.000000000000000000 ) ) ;
#714 = SURFACE_STYLE_FILL_AREA ( #131 ) ;
#715 = UNCERTAINTY_MEASURE_WITH_UNIT (LENGTH_MEASURE( 1.000000000000000082E-05 ), #424, 'distance_accuracy_value', 'NONE');
#716 = ORIENTED_EDGE ( 'NONE', *, *, #944, .F. ) ;
#717 = ORIENTED_EDGE ( 'NONE', *, *, #1660, .F. ) ;
#718 = DIRECTION ( 'NONE',  ( 1.000000000000000000, 5.421010862427532031E-16, 0.000000000000000000 ) ) ;
#719 = EDGE_CURVE ( 'NONE', #769, #976, #21, .T. ) ;
#720 = MECHANICAL_DESIGN_GEOMETRIC_PRESENTATION_REPRESENTATION (  '', ( #1693 ), #783 ) ;
#721 = EDGE_LOOP ( 'NONE', ( #1321, #1025, #1552, #1737, #911, #177 ) ) ;
#722 = VECTOR ( 'NONE', #54, 1000.000000000000000 ) ;
#723 = SURFACE_SIDE_STYLE ('',( #714 ) ) ;
#724 = COLOUR_RGB ( '',0.3411764705882353033, 0.8392156862745098200, 0.4117647058823529216 ) ;
#725 = ORIENTED_EDGE ( 'NONE', *, *, #822, .F. ) ;
#726 = SURFACE_SIDE_STYLE ('',( #836 ) ) ;
#727 = SURFACE_STYLE_USAGE ( .BOTH. , #457 ) ;
#728 = DIRECTION ( 'NONE',  ( 0.000000000000000000, 1.000000000000000000, 0.000000000000000000 ) ) ;
#729 = DIRECTION ( 'NONE',  ( -0.000000000000000000, -1.000000000000000000, -0.000000000000000000 ) ) ;
#730 = ADVANCED_FACE ( 'NONE', ( #182 ), #883, .T. ) ;
#731 = ORIENTED_EDGE ( 'NONE', *, *, #558, .T. ) ;
#732 = DIRECTION ( 'NONE',  ( -1.000000000000000000, 0.000000000000000000, 0.000000000000000000 ) ) ;
#733 = EDGE_CURVE ( 'NONE', #990, #612, #169, .T. ) ;
#734 = DIRECTION ( 'NONE',  ( 0.000000000000000000, -1.000000000000000000, 0.000000000000000000 ) ) ;
#735 = ORIENTED_EDGE ( 'NONE', *, *, #1090, .T. ) ;
#736 =( LENGTH_UNIT ( ) NAMED_UNIT ( * ) SI_UNIT ( .MILLI., .METRE. ) );
#737 =( NAMED_UNIT ( * ) SI_UNIT ( $, .STERADIAN. ) SOLID_ANGLE_UNIT ( ) );
#738 = CARTESIAN_POINT ( 'NONE',  ( 0.000000000000000000, 0.8000000000000000444, -5.099999999999999645 ) ) ;
#739 = DIRECTION ( 'NONE',  ( 6.406649201050708916E-16, -1.000000000000000000, 0.000000000000000000 ) ) ;
#740 = VERTEX_POINT ( 'NONE', #1612 ) ;
#741 = DIRECTION ( 'NONE',  ( -0.000000000000000000, -0.000000000000000000, 1.000000000000000000 ) ) ;
#742 = CARTESIAN_POINT ( 'NONE',  ( 1.199999999999999956, 3.799999999999999822, 1.199999999999999956 ) ) ;
#743 = CARTESIAN_POINT ( 'NONE',  ( 10.49999999999999822, 1.899999999999999911, 4.799999999999999822 ) ) ;
#744 = EDGE_CURVE ( 'NONE', #677, #976, #462, .T. ) ;
#745 = ORIENTED_EDGE ( 'NONE', *, *, #608, .T. ) ;
#746 = CARTESIAN_POINT ( 'NONE',  ( 6.599999999999999645, 1.399999999999999911, -7.549999999999999822 ) ) ;
#747 = AXIS2_PLACEMENT_3D ( 'NONE', #1546, #1555, #482 ) ;
#748 = DIRECTION ( 'NONE',  ( 0.000000000000000000, 1.000000000000000000, 0.000000000000000000 ) ) ;
#749 = CARTESIAN_POINT ( 'NONE',  ( -7.100000000000000533, 0.000000000000000000, -7.549999999999999822 ) ) ;
#750 = VECTOR ( 'NONE', #1678, 1000.000000000000000 ) ;
#751 = ORIENTED_EDGE ( 'NONE', *, *, #1265, .F. ) ;
#752 = CARTESIAN_POINT ( 'NONE',  ( 11.50000000000000000, 1.899999999999999911, -7.549999999999999822 ) ) ;
#753 = DIRECTION ( 'NONE',  ( -0.000000000000000000, 0.000000000000000000, -1.000000000000000000 ) ) ;
#754 = LINE ( 'NONE', #623, #1728 ) ;
#755 = UNCERTAINTY_MEASURE_WITH_UNIT (LENGTH_MEASURE( 1.000000000000000082E-05 ), #588, 'distance_accuracy_value', 'NONE');
#756 = ITEM_DEFINED_TRANSFORMATION ( 'NONE', 'NONE', #1672,  #1027 ) ;
#757 = ADVANCED_FACE ( 'NONE', ( #438 ), #452, .F. ) ;
#758 = VECTOR ( 'NONE', #1594, 1000.000000000000000 ) ;
#759 = CYLINDRICAL_SURFACE ( 'NONE', #1303, 0.7999999999999986011 ) ;
#760 = AXIS2_PLACEMENT_3D ( 'NONE', #214, #90, #1375 ) ;
#761 = ORIENTED_EDGE ( 'NONE', *, *, #1056, .T. ) ;
#762 = CARTESIAN_POINT ( 'NONE',  ( -10.49999999999999822, 0.000000000000000000, 3.799999999999999378 ) ) ;
#763 = ORIENTED_EDGE ( 'NONE', *, *, #856, .F. ) ;
#764 = DIRECTION ( 'NONE',  ( 0.000000000000000000, 0.000000000000000000, -1.000000000000000000 ) ) ;
#765 = CARTESIAN_POINT ( 'NONE',  ( -11.50000000000000000, 1.399999999999997247, -7.549999999999999822 ) ) ;
#766 = CARTESIAN_POINT ( 'NONE',  ( -6.499999999999999112, 0.8000000000000000444, 11.80000000000000071 ) ) ;
#767 = SHAPE_DEFINITION_REPRESENTATION ( #1047, #287 ) ;
#768 =( NAMED_UNIT ( * ) PLANE_ANGLE_UNIT ( ) SI_UNIT ( $, .RADIAN. ) );
#769 = VERTEX_POINT ( 'NONE', #194 ) ;
#770 = DIRECTION ( 'NONE',  ( -0.000000000000000000, -0.000000000000000000, 1.000000000000000000 ) ) ;
#771 = SURFACE_SIDE_STYLE ('',( #71 ) ) ;
#772 = ORIENTED_EDGE ( 'NONE', *, *, #744, .T. ) ;
#773 = FACE_OUTER_BOUND ( 'NONE', #1752, .T. ) ;
#774 = CARTESIAN_POINT ( 'NONE',  ( 0.000000000000000000, 1.399999999999999911, 0.000000000000000000 ) ) ;
#775 = CARTESIAN_POINT ( 'NONE',  ( 1.199999999999999956, 3.799999999999999822, 1.199999999999999956 ) ) ;
#776 = FACE_OUTER_BOUND ( 'NONE', #1833, .T. ) ;
#777 = EDGE_CURVE ( 'NONE', #1553, #859, #1385, .T. ) ;
#778 = CIRCLE ( 'NONE', #109, 0.1250000000000001110 ) ;
#779 = ORIENTED_EDGE ( 'NONE', *, *, #364, .F. ) ;
#780 = LINE ( 'NONE', #1092, #290 ) ;
#781 = PRESENTATION_STYLE_ASSIGNMENT (( #1816 ) ) ;
#782 = CIRCLE ( 'NONE', #1790, 0.7999999999999986011 ) ;
#783 =( GEOMETRIC_REPRESENTATION_CONTEXT ( 3 ) GLOBAL_UNCERTAINTY_ASSIGNED_CONTEXT ( ( #1194 ) ) GLOBAL_UNIT_ASSIGNED_CONTEXT ( ( #1440, #560, #113 ) ) REPRESENTATION_CONTEXT ( 'NONE', 'WORKASPACE' ) );
#784 = SURFACE_STYLE_FILL_AREA ( #794 ) ;
#785 = VECTOR ( 'NONE', #1758, 1000.000000000000000 ) ;
#786 = ORIENTED_EDGE ( 'NONE', *, *, #350, .T. ) ;
#787 = VECTOR ( 'NONE', #1450, 1000.000000000000000 ) ;
#788 = VECTOR ( 'NONE', #127, 1000.000000000000000 ) ;
#789 = AXIS2_PLACEMENT_3D ( 'NONE', #774, #473, #1351 ) ;
#790 = ORIENTED_EDGE ( 'NONE', *, *, #432, .T. ) ;
#791 = CARTESIAN_POINT ( 'NONE',  ( -6.499999999999999112, 0.8000000000000000444, 11.80000000000000071 ) ) ;
#792 = EDGE_CURVE ( 'NONE', #1807, #242, #342, .T. ) ;
#793 = SURFACE_STYLE_USAGE ( .BOTH. , #510 ) ;
#794 = FILL_AREA_STYLE ('',( #1509 ) ) ;
#795 = DIRECTION ( 'NONE',  ( 0.000000000000000000, -0.000000000000000000, -1.000000000000000000 ) ) ;
#796 = ORIENTED_EDGE ( 'NONE', *, *, #1315, .F. ) ;
#797 = DIRECTION ( 'NONE',  ( 0.000000000000000000, -1.000000000000000000, 0.000000000000000000 ) ) ;
#798 = UNCERTAINTY_MEASURE_WITH_UNIT (LENGTH_MEASURE( 1.000000000000000082E-05 ), #1426, 'distance_accuracy_value', 'NONE');
#799 = EDGE_CURVE ( 'NONE', #1085, #1072, #1762, .T. ) ;
#800 = LINE ( 'NONE', #511, #563 ) ;
#801 = SURFACE_STYLE_FILL_AREA ( #501 ) ;
#802 = DIRECTION ( 'NONE',  ( 0.000000000000000000, 0.000000000000000000, 1.000000000000000000 ) ) ;
#803 = CARTESIAN_POINT ( 'NONE',  ( 0.000000000000000000, 0.8000000000000000444, 0.000000000000000000 ) ) ;
#804 = ORIENTED_EDGE ( 'NONE', *, *, #1245, .F. ) ;
#805 = FILL_AREA_STYLE_COLOUR ( '', #1361 ) ;
#806 = CYLINDRICAL_SURFACE ( 'NONE', #118, 0.1250000000000001110 ) ;
#807 = VECTOR ( 'NONE', #458, 1000.000000000000000 ) ;
#808 = AXIS2_PLACEMENT_3D ( 'NONE', #1285, #1874, #5 ) ;
#809 = CARTESIAN_POINT ( 'NONE',  ( 7.100000000000000533, 1.399999999999999911, 4.800000000000000711 ) ) ;
#810 = EDGE_CURVE ( 'NONE', #1065, #1653, #352, .T. ) ;
#811 = DIRECTION ( 'NONE',  ( 1.000000000000000000, 6.505213034913020688E-16, 0.000000000000000000 ) ) ;
#812 = CIRCLE ( 'NONE', #1084, 0.7999999999999986011 ) ;
#813 = EDGE_CURVE ( 'NONE', #1592, #1085, #517, .T. ) ;
#814 = ORIENTED_EDGE ( 'NONE', *, *, #548, .T. ) ;
#815 = CARTESIAN_POINT ( 'NONE',  ( -1.199999999999999956, 0.8000000000000000444, 1.199999999999999956 ) ) ;
#816 = CARTESIAN_POINT ( 'NONE',  ( -6.599999999999999645, 0.000000000000000000, 4.799999999999999822 ) ) ;
#817 = ORIENTED_EDGE ( 'NONE', *, *, #204, .F. ) ;
#818 = PLANE ( 'NONE',  #832 ) ;
#819 = CARTESIAN_POINT ( 'NONE',  ( -11.50000000000000000, 1.899999999999999911, -7.549999999999999822 ) ) ;
#820 = VERTEX_POINT ( 'NONE', #1683 ) ;
#821 = CARTESIAN_POINT ( 'NONE',  ( 1.199999999999999956, 0.8000000000000000444, -1.199999999999999956 ) ) ;
#822 = EDGE_CURVE ( 'NONE', #188, #972, #370, .T. ) ;
#823 = EDGE_LOOP ( 'NONE', ( #572, #994, #251, #1754 ) ) ;
#824 = SURFACE_STYLE_FILL_AREA ( #1264 ) ;
#825 = SURFACE_STYLE_USAGE ( .BOTH. , #1530 ) ;
#826 = CARTESIAN_POINT ( 'NONE',  ( 4.776122516674677286E-16, 1.399999999999999911, 3.899999999999999911 ) ) ;
#827 = LINE ( 'NONE', #249, #1489 ) ;
#828 = ORIENTED_EDGE ( 'NONE', *, *, #1188, .F. ) ;
#829 = EDGE_CURVE ( 'NONE', #1060, #237, #780, .T. ) ;
#830 = VERTEX_POINT ( 'NONE', #951 ) ;
#831 =( LENGTH_UNIT ( ) NAMED_UNIT ( * ) SI_UNIT ( .MILLI., .METRE. ) );
#832 = AXIS2_PLACEMENT_3D ( 'NONE', #1536, #1837, #521 ) ;
#833 = FILL_AREA_STYLE ('',( #552 ) ) ;
#834 = AXIS2_PLACEMENT_3D ( 'NONE', #1544, #954, #84 ) ;
#835 = CYLINDRICAL_SURFACE ( 'NONE', #575, 0.5000000000000004441 ) ;
#836 = SURFACE_STYLE_FILL_AREA ( #1287 ) ;
#837 = DIRECTION ( 'NONE',  ( -0.000000000000000000, -1.000000000000000000, -0.000000000000000000 ) ) ;
#838 = AXIS2_PLACEMENT_3D ( 'NONE', #1322, #764, #613 ) ;
#839 = VERTEX_POINT ( 'NONE', #1675 ) ;
#840 = FILL_AREA_STYLE_COLOUR ( '', #82 ) ;
#841 = CIRCLE ( 'NONE', #989, 0.7999999999999986011 ) ;
#842 = VERTEX_POINT ( 'NONE', #815 ) ;
#843 =( NAMED_UNIT ( * ) PLANE_ANGLE_UNIT ( ) SI_UNIT ( $, .RADIAN. ) );
#844 = ADVANCED_FACE ( 'NONE', ( #1358 ), #1824, .F. ) ;
#845 = MECHANICAL_DESIGN_GEOMETRIC_PRESENTATION_REPRESENTATION (  '', ( #876 ), #1456 ) ;
#846 = DIRECTION ( 'NONE',  ( -1.000000000000000000, 0.000000000000000000, 0.000000000000000000 ) ) ;
#847 = DIRECTION ( 'NONE',  ( 1.000000000000000000, 0.000000000000000000, -0.000000000000000000 ) ) ;
#848 = UNCERTAINTY_MEASURE_WITH_UNIT (LENGTH_MEASURE( 1.000000000000000082E-05 ), #1714, 'distance_accuracy_value', 'NONE');
#849 = DIRECTION ( 'NONE',  ( 0.000000000000000000, 0.000000000000000000, 1.000000000000000000 ) ) ;
#850 = VERTEX_POINT ( 'NONE', #1081 ) ;
#851 = ORIENTED_EDGE ( 'NONE', *, *, #1033, .F. ) ;
#852 = DIRECTION ( 'NONE',  ( 1.355252715606880543E-16, 0.000000000000000000, 1.000000000000000000 ) ) ;
#853 = DIRECTION ( 'NONE',  ( -0.000000000000000000, -0.000000000000000000, 1.000000000000000000 ) ) ;
#854 = ORIENTED_EDGE ( 'NONE', *, *, #641, .T. ) ;
#855 = DIRECTION ( 'NONE',  ( 0.000000000000000000, -1.000000000000000000, 0.000000000000000000 ) ) ;
#856 = EDGE_CURVE ( 'NONE', #585, #143, #1271, .T. ) ;
#857 = ORIENTED_EDGE ( 'NONE', *, *, #810, .T. ) ;
#858 = DIRECTION ( 'NONE',  ( 0.000000000000000000, -1.000000000000000000, 0.000000000000000000 ) ) ;
#859 = VERTEX_POINT ( 'NONE', #937 ) ;
#860 = CARTESIAN_POINT ( 'NONE',  ( -6.599999999999999645, 0.5000000000000000000, 4.799999999999999822 ) ) ;
#861 = DIRECTION ( 'NONE',  ( 1.000000000000000000, 0.000000000000000000, 0.000000000000000000 ) ) ;
#862 = ORIENTED_EDGE ( 'NONE', *, *, #211, .T. ) ;
#863 = LINE ( 'NONE', #1744, #758 ) ;
#864 = EDGE_CURVE ( 'NONE', #1107, #1532, #900, .T. ) ;
#865 = COLOUR_RGB ( '',0.7921568627450980005, 0.8196078431372548767, 0.9333333333333333481 ) ;
#866 = DIRECTION ( 'NONE',  ( 0.000000000000000000, 0.000000000000000000, 1.000000000000000000 ) ) ;
#867 = FACE_OUTER_BOUND ( 'NONE', #1682, .T. ) ;
#868 = VERTEX_POINT ( 'NONE', #821 ) ;
#869 = CARTESIAN_POINT ( 'NONE',  ( -6.599999999999999645, 0.6250000000000000000, -7.549999999999999822 ) ) ;
#870 = VECTOR ( 'NONE', #472, 1000.000000000000000 ) ;
#871 = AXIS2_PLACEMENT_3D ( 'NONE', #524, #699, #811 ) ;
#872 = CARTESIAN_POINT ( 'NONE',  ( 10.49999999999999822, 0.000000000000000000, -7.549999999999999822 ) ) ;
#873 = PRESENTATION_LAYER_ASSIGNMENT (  '', '', ( #1336 ) ) ;
#874 = ORIENTED_EDGE ( 'NONE', *, *, #416, .F. ) ;
#875 =( LENGTH_UNIT ( ) NAMED_UNIT ( * ) SI_UNIT ( .MILLI., .METRE. ) );
#876 = STYLED_ITEM ( 'NONE', ( #781 ), #1742 ) ;
#877 = CYLINDRICAL_SURFACE ( 'NONE', #1518, 1.000000000000000000 ) ;
#878 = PRODUCT_DEFINITION_FORMATION_WITH_SPECIFIED_SOURCE ( 'ANY', '', #454, .NOT_KNOWN. ) ;
#879 = DIRECTION ( 'NONE',  ( 0.000000000000000000, -0.000000000000000000, -1.000000000000000000 ) ) ;
#880 = PLANE ( 'NONE',  #1120 ) ;
#881 = ADVANCED_FACE ( 'NONE', ( #678 ), #1695, .F. ) ;
#882 = ORIENTED_EDGE ( 'NONE', *, *, #1630, .F. ) ;
#883 = CYLINDRICAL_SURFACE ( 'NONE', #201, 0.5000000000000004441 ) ;
#884 = PRODUCT_CONTEXT ( 'NONE', #1149, 'mechanical' ) ;
#885 = FACE_OUTER_BOUND ( 'NONE', #823, .T. ) ;
#886 = CARTESIAN_POINT ( 'NONE',  ( 6.245698675651500839E-16, 1.399999999999999911, 5.099999999999999645 ) ) ;
#887 = CARTESIAN_POINT ( 'NONE',  ( -6.500000000000001776, 0.8000000000000000444, -7.400000000000000355 ) ) ;
#888 = EDGE_LOOP ( 'NONE', ( #1123, #576, #691, #1410 ) ) ;
#889 = FACE_OUTER_BOUND ( 'NONE', #721, .T. ) ;
#890 = EDGE_CURVE ( 'NONE', #1860, #1514, #1886, .T. ) ;
#891 = DIRECTION ( 'NONE',  ( 0.000000000000000000, 0.000000000000000000, 1.000000000000000000 ) ) ;
#892 = EDGE_CURVE ( 'NONE', #44, #850, #841, .T. ) ;
#893 = PRESENTATION_LAYER_ASSIGNMENT (  '', '', ( #1692 ) ) ;
#894 = DIRECTION ( 'NONE',  ( 0.000000000000000000, 0.000000000000000000, 1.000000000000000000 ) ) ;
#895 = DIRECTION ( 'NONE',  ( -0.000000000000000000, -1.000000000000000000, -0.000000000000000000 ) ) ;
#896 = CIRCLE ( 'NONE', #197, 1.000000000000000000 ) ;
#897 = EDGE_LOOP ( 'NONE', ( #53, #89, #159, #1823 ) ) ;
#898 = CARTESIAN_POINT ( 'NONE',  ( 6.500000000000000888, 0.8000000000000000444, 11.79999999999999893 ) ) ;
#899 = SURFACE_SIDE_STYLE ('',( #189 ) ) ;
#900 = CIRCLE ( 'NONE', #1298, 0.7999999999999986011 ) ;
#901 = EDGE_CURVE ( 'NONE', #166, #369, #414, .T. ) ;
#902 = SURFACE_STYLE_USAGE ( .BOTH. , #1353 ) ;
#903 = UNCERTAINTY_MEASURE_WITH_UNIT (LENGTH_MEASURE( 1.000000000000000082E-05 ), #1202, 'distance_accuracy_value', 'NONE');
#904 = VECTOR ( 'NONE', #1438, 1000.000000000000000 ) ;
#905 = COLOUR_RGB ( '',0.7921568627450980005, 0.8196078431372548767, 0.9333333333333333481 ) ;
#906 = CARTESIAN_POINT ( 'NONE',  ( -6.599999999999999645, 0.6250000000000000000, 4.799999999999999822 ) ) ;
#907 = AXIS2_PLACEMENT_3D ( 'NONE', #203, #1237, #1359 ) ;
#908 = CARTESIAN_POINT ( 'NONE',  ( 7.100000000000000533, 0.5000000000000000000, -7.549999999999999822 ) ) ;
#909 = DIRECTION ( 'NONE',  ( 1.355252715606880543E-16, 0.000000000000000000, 1.000000000000000000 ) ) ;
#910 = VECTOR ( 'NONE', #1497, 1000.000000000000000 ) ;
#911 = ORIENTED_EDGE ( 'NONE', *, *, #1801, .F. ) ;
#912 = PRESENTATION_STYLE_ASSIGNMENT (( #1172 ) ) ;
#913 = CARTESIAN_POINT ( 'NONE',  ( -11.50000000000000000, 1.399999999999997247, 3.799999999999999378 ) ) ;
#914 = CARTESIAN_POINT ( 'NONE',  ( 0.000000000000000000, 0.000000000000000000, 0.000000000000000000 ) ) ;
#915 = ADVANCED_FACE ( 'NONE', ( #1262 ), #980, .F. ) ;
#916 = ADVANCED_BREP_SHAPE_REPRESENTATION ( '', ( #1444, #1027 ), #1614 ) ;
#917 = VERTEX_POINT ( 'NONE', #265 ) ;
#918 = SURFACE_SIDE_STYLE ('',( #1796 ) ) ;
#919 = DIRECTION ( 'NONE',  ( 0.000000000000000000, 0.000000000000000000, 1.000000000000000000 ) ) ;
#920 = EDGE_LOOP ( 'NONE', ( #191, #1268, #289, #1204 ) ) ;
#921 = DIRECTION ( 'NONE',  ( 0.000000000000000000, 0.000000000000000000, -1.000000000000000000 ) ) ;
#922 = EDGE_CURVE ( 'NONE', #1060, #1219, #1291, .T. ) ;
#923 = CIRCLE ( 'NONE', #953, 3.899999999999999911 ) ;
#924 = AXIS2_PLACEMENT_3D ( 'NONE', #1498, #464, #891 ) ;
#925 = EDGE_LOOP ( 'NONE', ( #72, #763 ) ) ;
#926 = LINE ( 'NONE', #1835, #607 ) ;
#927 = PRODUCT_DEFINITION ( 'UNKNOWN', '', #1029, #142 ) ;
#928 = STYLED_ITEM ( 'NONE', ( #196 ), #474 ) ;
#929 = CARTESIAN_POINT ( 'NONE',  ( 0.000000000000000000, 1.399999999999999911, 0.000000000000000000 ) ) ;
#930 = FACE_OUTER_BOUND ( 'NONE', #380, .T. ) ;
#931 = MECHANICAL_DESIGN_GEOMETRIC_PRESENTATION_REPRESENTATION (  '', ( #175 ), #255 ) ;
#932 = VECTOR ( 'NONE', #434, 1000.000000000000000 ) ;
#933 = MECHANICAL_DESIGN_GEOMETRIC_PRESENTATION_REPRESENTATION (  '', ( #1767 ), #1364 ) ;
#934 =( GEOMETRIC_REPRESENTATION_CONTEXT ( 3 ) GLOBAL_UNCERTAINTY_ASSIGNED_CONTEXT ( ( #1307 ) ) GLOBAL_UNIT_ASSIGNED_CONTEXT ( ( #1186, #1069, #313 ) ) REPRESENTATION_CONTEXT ( 'NONE', 'WORKASPACE' ) );
#935 = MECHANICAL_DESIGN_GEOMETRIC_PRESENTATION_REPRESENTATION (  '', ( #62 ), #1492 ) ;
#936 = ORIENTED_EDGE ( 'NONE', *, *, #1413, .F. ) ;
#937 = CARTESIAN_POINT ( 'NONE',  ( -7.100000000000000533, 1.274999999999997025, -7.549999999999999822 ) ) ;
#938 = CARTESIAN_POINT ( 'NONE',  ( -7.100000000000000533, 0.5000000000000000000, -7.549999999999999822 ) ) ;
#939 = EDGE_CURVE ( 'NONE', #1784, #1278, #1739, .T. ) ;
#940 = PRESENTATION_STYLE_ASSIGNMENT (( #1371 ) ) ;
#941 = PRESENTATION_STYLE_ASSIGNMENT (( #49 ) ) ;
#942 =( LENGTH_UNIT ( ) NAMED_UNIT ( * ) SI_UNIT ( .MILLI., .METRE. ) );
#943 = VERTEX_POINT ( 'NONE', #93 ) ;
#944 = EDGE_CURVE ( 'NONE', #850, #44, #1517, .T. ) ;
#945 = CARTESIAN_POINT ( 'NONE',  ( 10.49999999999999822, 1.899999999999999911, 4.799999999999999822 ) ) ;
#946 = SURFACE_STYLE_USAGE ( .BOTH. , #545 ) ;
#947 = ORIENTED_EDGE ( 'NONE', *, *, #1360, .T. ) ;
#948 = EDGE_CURVE ( 'NONE', #1729, #1085, #281, .T. ) ;
#949 = PRESENTATION_STYLE_ASSIGNMENT (( #1150 ) ) ;
#950 = ORIENTED_EDGE ( 'NONE', *, *, #519, .F. ) ;
#951 = CARTESIAN_POINT ( 'NONE',  ( 6.474999999999999645, 0.5000000000000000000, 4.799999999999999822 ) ) ;
#952 = PLANE ( 'NONE',  #418 ) ;
#953 = AXIS2_PLACEMENT_3D ( 'NONE', #1178, #728, #894 ) ;
#954 = DIRECTION ( 'NONE',  ( -0.000000000000000000, 1.000000000000000000, 0.000000000000000000 ) ) ;
#955 = CIRCLE ( 'NONE', #1297, 3.899999999999999911 ) ;
#956 = CARTESIAN_POINT ( 'NONE',  ( 7.100000000000000533, 1.399999999999997247, -7.549999999999999822 ) ) ;
#957 = DIRECTION ( 'NONE',  ( 0.000000000000000000, -1.000000000000000000, 0.000000000000000000 ) ) ;
#958 = MECHANICAL_DESIGN_GEOMETRIC_PRESENTATION_REPRESENTATION (  '', ( #1573 ), #1181 ) ;
#959 = FACE_OUTER_BOUND ( 'NONE', #1760, .T. ) ;
#960 = CIRCLE ( 'NONE', #633, 0.7999999999999986011 ) ;
#961 = ORIENTED_EDGE ( 'NONE', *, *, #1566, .T. ) ;
#962 = AXIS2_PLACEMENT_3D ( 'NONE', #1280, #1847, #1576 ) ;
#963 = PRESENTATION_LAYER_ASSIGNMENT (  '', '', ( #301 ) ) ;
#964 = ORIENTED_EDGE ( 'NONE', *, *, #1352, .T. ) ;
#965 = DIRECTION ( 'NONE',  ( 0.000000000000000000, 0.000000000000000000, 1.000000000000000000 ) ) ;
#966 =( GEOMETRIC_REPRESENTATION_CONTEXT ( 3 ) GLOBAL_UNCERTAINTY_ASSIGNED_CONTEXT ( ( #1435 ) ) GLOBAL_UNIT_ASSIGNED_CONTEXT ( ( #336, #477, #1508 ) ) REPRESENTATION_CONTEXT ( 'NONE', 'WORKASPACE' ) );
#967 =( NAMED_UNIT ( * ) PLANE_ANGLE_UNIT ( ) SI_UNIT ( $, .RADIAN. ) );
#968 = PLANE ( 'NONE',  #1185 ) ;
#969 = ADVANCED_FACE ( 'NONE', ( #11 ), #1196, .T. ) ;
#970 = ORIENTED_EDGE ( 'NONE', *, *, #813, .T. ) ;
#971 = PRESENTATION_STYLE_ASSIGNMENT (( #1254 ) ) ;
#972 = VERTEX_POINT ( 'NONE', #1300 ) ;
#973 = DIRECTION ( 'NONE',  ( -0.000000000000000000, -1.000000000000000000, -0.000000000000000000 ) ) ;
#974 = DIRECTION ( 'NONE',  ( -0.000000000000000000, 1.000000000000000000, 0.000000000000000000 ) ) ;
#975 = CARTESIAN_POINT ( 'NONE',  ( 0.000000000000000000, 1.399999999999999911, -3.899999999999999911 ) ) ;
#976 = VERTEX_POINT ( 'NONE', #136 ) ;
#977 = FACE_OUTER_BOUND ( 'NONE', #1611, .T. ) ;
#978 = EDGE_CURVE ( 'NONE', #1398, #1460, #167, .T. ) ;
#979 = EDGE_LOOP ( 'NONE', ( #1422, #1273, #694, #882 ) ) ;
#980 = PLANE ( 'NONE',  #1023 ) ;
#981 = ORIENTED_EDGE ( 'NONE', *, *, #1233, .F. ) ;
#982 = DIRECTION ( 'NONE',  ( -0.000000000000000000, -1.000000000000000000, -0.000000000000000000 ) ) ;
#983 = VECTOR ( 'NONE', #1679, 1000.000000000000000 ) ;
#984 = DIRECTION ( 'NONE',  ( 0.000000000000000000, 0.000000000000000000, -1.000000000000000000 ) ) ;
#985 = CIRCLE ( 'NONE', #629, 1.000000000000000000 ) ;
#986 = PLANE ( 'NONE',  #1024 ) ;
#987 = ORIENTED_EDGE ( 'NONE', *, *, #1188, .T. ) ;
#988 = DIRECTION ( 'NONE',  ( -1.000000000000000000, 0.000000000000000000, 0.000000000000000000 ) ) ;
#989 = AXIS2_PLACEMENT_3D ( 'NONE', #1421, #100, #1718 ) ;
#990 = VERTEX_POINT ( 'NONE', #887 ) ;
#991 = FILL_AREA_STYLE ('',( #840 ) ) ;
#992 = AXIS2_PLACEMENT_3D ( 'NONE', #803, #1806, #1232 ) ;
#993 =( GEOMETRIC_REPRESENTATION_CONTEXT ( 3 ) GLOBAL_UNCERTAINTY_ASSIGNED_CONTEXT ( ( #1633 ) ) GLOBAL_UNIT_ASSIGNED_CONTEXT ( ( #1895, #133, #444 ) ) REPRESENTATION_CONTEXT ( 'NONE', 'WORKASPACE' ) );
#994 = ORIENTED_EDGE ( 'NONE', *, *, #1033, .T. ) ;
#995 = DIRECTION ( 'NONE',  ( -0.000000000000000000, -0.000000000000000000, 1.000000000000000000 ) ) ;
#996 = EDGE_CURVE ( 'NONE', #1439, #1398, #1891, .T. ) ;
#997 = AXIS2_PLACEMENT_3D ( 'NONE', #1468, #47, #466 ) ;
#998 = DIRECTION ( 'NONE',  ( 0.000000000000000000, 0.000000000000000000, 1.000000000000000000 ) ) ;
#999 = UNCERTAINTY_MEASURE_WITH_UNIT (LENGTH_MEASURE( 1.000000000000000082E-05 ), #1035, 'distance_accuracy_value', 'NONE');
#1000 = VECTOR ( 'NONE', #674, 1000.000000000000000 ) ;
#1001 = CARTESIAN_POINT ( 'NONE',  ( 6.599999999999999645, 0.6250000000000000000, -7.549999999999999822 ) ) ;
#1002 = EDGE_LOOP ( 'NONE', ( #1463, #1397, #559, #556 ) ) ;
#1003 = FILL_AREA_STYLE_COLOUR ( '', #1545 ) ;
#1004 = EDGE_LOOP ( 'NONE', ( #1133, #1427, #936, #1590 ) ) ;
#1005 = SURFACE_SIDE_STYLE ('',( #824 ) ) ;
#1006 = ADVANCED_FACE ( 'NONE', ( #867 ), #470, .F. ) ;
#1007 = CARTESIAN_POINT ( 'NONE',  ( 7.225000000000000533, 1.399999999999997247, -7.549999999999999822 ) ) ;
#1008 = SURFACE_STYLE_USAGE ( .BOTH. , #726 ) ;
#1009 = CARTESIAN_POINT ( 'NONE',  ( -1.199999999999999956, 0.8000000000000000444, 1.199999999999999956 ) ) ;
#1010 = PRODUCT_RELATED_PRODUCT_CATEGORY ( 'part', '', ( #1775 ) ) ;
#1011 = CARTESIAN_POINT ( 'NONE',  ( -7.100000000000000533, 1.399999999999997247, -7.549999999999999822 ) ) ;
#1012 = CARTESIAN_POINT ( 'NONE',  ( 9.500000000000000000, 1.399999999999998579, 0.000000000000000000 ) ) ;
#1013 = ORIENTED_EDGE ( 'NONE', *, *, #411, .F. ) ;
#1014 = CARTESIAN_POINT ( 'NONE',  ( 6.499999999999998224, 0.8000000000000000444, -7.400000000000002132 ) ) ;
#1015 = UNCERTAINTY_MEASURE_WITH_UNIT (LENGTH_MEASURE( 1.000000000000000082E-05 ), #1507, 'distance_accuracy_value', 'NONE');
#1016 = EDGE_LOOP ( 'NONE', ( #745, #1138, #1472, #1263 ) ) ;
#1017 = AXIS2_PLACEMENT_3D ( 'NONE', #104, #276, #861 ) ;
#1018 = DIRECTION ( 'NONE',  ( 1.000000000000000000, 0.000000000000000000, 0.000000000000000000 ) ) ;
#1019 = DIRECTION ( 'NONE',  ( 0.000000000000000000, 0.000000000000000000, -1.000000000000000000 ) ) ;
#1020 = VECTOR ( 'NONE', #852, 1000.000000000000000 ) ;
#1021 = EDGE_LOOP ( 'NONE', ( #578, #1884, #1843, #987 ) ) ;
#1022 = DIRECTION ( 'NONE',  ( 0.000000000000000000, -0.000000000000000000, 1.000000000000000000 ) ) ;
#1023 = AXIS2_PLACEMENT_3D ( 'NONE', #252, #1871, #1580 ) ;
#1024 = AXIS2_PLACEMENT_3D ( 'NONE', #956, #847, #1547 ) ;
#1025 = ORIENTED_EDGE ( 'NONE', *, *, #1832, .T. ) ;
#1026 = SHAPE_REPRESENTATION_RELATIONSHIP ( 'NONE' , 'NONE' ,  #1803, #147 ) ;
#1027 = AXIS2_PLACEMENT_3D ( 'NONE', #1160, #248, #1446 ) ;
#1028 = DIRECTION ( 'NONE',  ( 0.000000000000000000, 0.000000000000000000, -1.000000000000000000 ) ) ;
#1029 = PRODUCT_DEFINITION_FORMATION_WITH_SPECIFIED_SOURCE ( 'ANY', '', #642, .NOT_KNOWN. ) ;
#1030 = CARTESIAN_POINT ( 'NONE',  ( 0.000000000000000000, 0.8000000000000000444, 0.000000000000000000 ) ) ;
#1031 = PRODUCT_DEFINITION_SHAPE ( 'NONE', 'NONE',  #1896 ) ;
#1032 = CARTESIAN_POINT ( 'NONE',  ( -9.500000000000000000, 1.899999999999999911, 0.000000000000000000 ) ) ;
#1033 = EDGE_CURVE ( 'NONE', #1052, #513, #1826, .T. ) ;
#1034 = EDGE_LOOP ( 'NONE', ( #112, #670, #1156, #99 ) ) ;
#1035 =( LENGTH_UNIT ( ) NAMED_UNIT ( * ) SI_UNIT ( .MILLI., .METRE. ) );
#1036 = SURFACE_STYLE_USAGE ( .BOTH. , #899 ) ;
#1037 = CARTESIAN_POINT ( 'NONE',  ( -6.474999999999999645, 0.5000000000000000000, 4.800000000000000711 ) ) ;
#1038 = VERTEX_POINT ( 'NONE', #1471 ) ;
#1039 = APPLICATION_PROTOCOL_DEFINITION ( 'draft international standard', 'automotive_design', 1998, #1149 ) ;
#1040 = LINE ( 'NONE', #1009, #356 ) ;
#1041 = EDGE_LOOP ( 'NONE', ( #1567, #1355, #1198, #420 ) ) ;
#1042 = DIRECTION ( 'NONE',  ( 0.000000000000000000, -1.000000000000000000, 0.000000000000000000 ) ) ;
#1043 = EDGE_CURVE ( 'NONE', #1219, #1252, #690, .T. ) ;
#1044 = ORIENTED_EDGE ( 'NONE', *, *, #619, .T. ) ;
#1045 = DIRECTION ( 'NONE',  ( 1.355252715606880543E-16, 0.000000000000000000, 1.000000000000000000 ) ) ;
#1046 = CARTESIAN_POINT ( 'NONE',  ( -10.49999999999999822, 1.399999999999997247, -6.549999999999999822 ) ) ;
#1047 = PRODUCT_DEFINITION_SHAPE ( 'NONE', 'NONE',  #927 ) ;
#1048 = PLANE ( 'NONE',  #1707 ) ;
#1049 = MECHANICAL_DESIGN_GEOMETRIC_PRESENTATION_REPRESENTATION (  '', ( #1656 ), #1565 ) ;
#1050 = FACE_OUTER_BOUND ( 'NONE', #1449, .T. ) ;
#1051 = MECHANICAL_DESIGN_GEOMETRIC_PRESENTATION_REPRESENTATION (  '', ( #250 ), #378 ) ;
#1052 = VERTEX_POINT ( 'NONE', #577 ) ;
#1053 = CARTESIAN_POINT ( 'NONE',  ( -6.500000000000001776, 0.8000000000000000444, -7.400000000000000355 ) ) ;
#1054 = LINE ( 'NONE', #614, #1703 ) ;
#1055 = CIRCLE ( 'NONE', #1118, 0.1250000000000001110 ) ;
#1056 = EDGE_CURVE ( 'NONE', #677, #917, #1301, .T. ) ;
#1057 = UNCERTAINTY_MEASURE_WITH_UNIT (LENGTH_MEASURE( 1.000000000000000082E-05 ), #631, 'distance_accuracy_value', 'NONE');
#1058 = DIRECTION ( 'NONE',  ( 1.000000000000000000, 0.000000000000000000, 0.000000000000000000 ) ) ;
#1059 = PRESENTATION_STYLE_ASSIGNMENT (( #1635 ) ) ;
#1060 = VERTEX_POINT ( 'NONE', #1746 ) ;
#1061 = AXIS2_PLACEMENT_3D ( 'NONE', #1230, #1819, #1671 ) ;
#1062 = CARTESIAN_POINT ( 'NONE',  ( -7.100000000000000533, 0.5000000000000000000, 4.799999999999999822 ) ) ;
#1063 = LINE ( 'NONE', #1376, #1363 ) ;
#1064 = VECTOR ( 'NONE', #1465, 1000.000000000000000 ) ;
#1065 = VERTEX_POINT ( 'NONE', #1607 ) ;
#1066 = DIRECTION ( 'NONE',  ( 0.000000000000000000, 1.000000000000000000, 0.000000000000000000 ) ) ;
#1067 = FACE_OUTER_BOUND ( 'NONE', #1004, .T. ) ;
#1068 = FILL_AREA_STYLE_COLOUR ( '', #686 ) ;
#1069 =( NAMED_UNIT ( * ) PLANE_ANGLE_UNIT ( ) SI_UNIT ( $, .RADIAN. ) );
#1070 = EDGE_CURVE ( 'NONE', #206, #1592, #1641, .T. ) ;
#1071 = CARTESIAN_POINT ( 'NONE',  ( -10.49999999999999822, 1.899999999999999911, -6.549999999999999822 ) ) ;
#1072 = VERTEX_POINT ( 'NONE', #428 ) ;
#1073 = ORIENTED_EDGE ( 'NONE', *, *, #1222, .F. ) ;
#1074 = SURFACE_STYLE_USAGE ( .BOTH. , #918 ) ;
#1075 = FILL_AREA_STYLE ('',( #371 ) ) ;
#1076 = PLANE ( 'NONE',  #321 ) ;
#1077 = EDGE_CURVE ( 'NONE', #839, #1592, #1190, .T. ) ;
#1078 = CIRCLE ( 'NONE', #1817, 3.899999999999999911 ) ;
#1079 = PRESENTATION_LAYER_ASSIGNMENT (  '', '', ( #928 ) ) ;
#1080 = ORIENTED_EDGE ( 'NONE', *, *, #1660, .T. ) ;
#1081 = CARTESIAN_POINT ( 'NONE',  ( 9.500000000000000000, 1.899999999999999911, -0.7999999999999986011 ) ) ;
#1082 = SURFACE_SIDE_STYLE ('',( #639 ) ) ;
#1083 = DIRECTION ( 'NONE',  ( -0.000000000000000000, -1.000000000000000000, -0.000000000000000000 ) ) ;
#1084 = AXIS2_PLACEMENT_3D ( 'NONE', #1032, #1619, #207 ) ;
#1085 = VERTEX_POINT ( 'NONE', #618 ) ;
#1086 = CARTESIAN_POINT ( 'NONE',  ( -11.50000000000000000, 1.399999999999997247, -7.549999999999999822 ) ) ;
#1087 = COLOUR_RGB ( '',0.3411764705882353033, 0.8392156862745098200, 0.4117647058823529216 ) ;
#1088 = SURFACE_STYLE_FILL_AREA ( #1531 ) ;
#1089 = PRESENTATION_LAYER_ASSIGNMENT (  '', '', ( #179 ) ) ;
#1090 = EDGE_CURVE ( 'NONE', #1585, #224, #1777, .T. ) ;
#1091 = ORIENTED_EDGE ( 'NONE', *, *, #126, .T. ) ;
#1092 = CARTESIAN_POINT ( 'NONE',  ( 11.50000000000000000, 1.899999999999999911, -6.549999999999999822 ) ) ;
#1093 = LINE ( 'NONE', #1676, #1367 ) ;
#1094 = FACE_OUTER_BOUND ( 'NONE', #1639, .T. ) ;
#1095 = DIRECTION ( 'NONE',  ( 0.000000000000000000, 0.000000000000000000, -1.000000000000000000 ) ) ;
#1096 = ORIENTED_EDGE ( 'NONE', *, *, #493, .T. ) ;
#1097 = FACE_OUTER_BOUND ( 'NONE', #193, .T. ) ;
#1098 = CARTESIAN_POINT ( 'NONE',  ( 7.100000000000000533, 1.274999999999997247, 4.800000000000000711 ) ) ;
#1099 = EDGE_LOOP ( 'NONE', ( #247, #1688, #1293, #597, #1779, #761, #1403, #1167, #1697, #814, #213, #437, #168, #496, #1661, #1189, #1257, #1710, #275, #786 ) ) ;
#1100 = DIRECTION ( 'NONE',  ( 0.000000000000000000, 0.000000000000000000, 1.000000000000000000 ) ) ;
#1101 = PRESENTATION_STYLE_ASSIGNMENT (( #1255 ) ) ;
#1102 = LINE ( 'NONE', #1228, #750 ) ;
#1103 = DIRECTION ( 'NONE',  ( -1.000000000000000000, 0.000000000000000000, 0.000000000000000000 ) ) ;
#1104 = DIRECTION ( 'NONE',  ( 0.000000000000000000, -1.000000000000000000, 0.000000000000000000 ) ) ;
#1105 = DIRECTION ( 'NONE',  ( -1.000000000000000000, 0.000000000000000000, 0.000000000000000000 ) ) ;
#1106 = LINE ( 'NONE', #408, #262 ) ;
#1107 = VERTEX_POINT ( 'NONE', #459 ) ;
#1108 =( NAMED_UNIT ( * ) SI_UNIT ( $, .STERADIAN. ) SOLID_ANGLE_UNIT ( ) );
#1109 = CARTESIAN_POINT ( 'NONE',  ( 7.100000000000000533, 1.274999999999997247, -7.549999999999999822 ) ) ;
#1110 = VECTOR ( 'NONE', #1493, 1000.000000000000000 ) ;
#1111 = ORIENTED_EDGE ( 'NONE', *, *, #608, .F. ) ;
#1112 =( NAMED_UNIT ( * ) SI_UNIT ( $, .STERADIAN. ) SOLID_ANGLE_UNIT ( ) );
#1113 = VECTOR ( 'NONE', #1787, 1000.000000000000000 ) ;
#1114 = EDGE_CURVE ( 'NONE', #859, #1807, #1312, .T. ) ;
#1115 = CARTESIAN_POINT ( 'NONE',  ( 4.776122516674677286E-16, 0.8000000000000000444, 3.899999999999999911 ) ) ;
#1116 = CARTESIAN_POINT ( 'NONE',  ( 1.199999999999999956, 0.8000000000000000444, 1.199999999999999956 ) ) ;
#1117 = CIRCLE ( 'NONE', #838, 0.1250000000000001110 ) ;
#1118 = AXIS2_PLACEMENT_3D ( 'NONE', #1199, #741, #621 ) ;
#1119 = CARTESIAN_POINT ( 'NONE',  ( 7.100000000000000533, 1.899999999999999911, 4.799999999999999822 ) ) ;
#1120 = AXIS2_PLACEMENT_3D ( 'NONE', #158, #1179, #450 ) ;
#1121 = ORIENTED_EDGE ( 'NONE', *, *, #1801, .T. ) ;
#1122 = STYLED_ITEM ( 'NONE', ( #1101 ), #1724 ) ;
#1123 = ORIENTED_EDGE ( 'NONE', *, *, #172, .T. ) ;
#1124 = CARTESIAN_POINT ( 'NONE',  ( -6.500000000000001776, 0.8000000000000000444, -7.400000000000000355 ) ) ;
#1125 = VECTOR ( 'NONE', #853, 1000.000000000000000 ) ;
#1126 = PLANE ( 'NONE',  #1203 ) ;
#1127 = FILL_AREA_STYLE_COLOUR ( '', #696 ) ;
#1128 =( NAMED_UNIT ( * ) PLANE_ANGLE_UNIT ( ) SI_UNIT ( $, .RADIAN. ) );
#1129 = EDGE_CURVE ( 'NONE', #1038, #917, #1170, .T. ) ;
#1130 = SURFACE_SIDE_STYLE ('',( #667 ) ) ;
#1131 = PRODUCT_DEFINITION ( 'UNKNOWN', '', #1521, #288 ) ;
#1132 = ORIENTED_EDGE ( 'NONE', *, *, #57, .F. ) ;
#1133 = ORIENTED_EDGE ( 'NONE', *, *, #445, .T. ) ;
#1134 = CARTESIAN_POINT ( 'NONE',  ( -7.100000000000000533, 1.274999999999997025, 4.799999999999999822 ) ) ;
#1135 = UNCERTAINTY_MEASURE_WITH_UNIT (LENGTH_MEASURE( 1.000000000000000082E-05 ), #395, 'distance_accuracy_value', 'NONE');
#1136 = FILL_AREA_STYLE_COLOUR ( '', #1274 ) ;
#1137 = LINE ( 'NONE', #263, #1610 ) ;
#1138 = ORIENTED_EDGE ( 'NONE', *, *, #1750, .T. ) ;
#1139 =( LENGTH_UNIT ( ) NAMED_UNIT ( * ) SI_UNIT ( .MILLI., .METRE. ) );
#1140 = ADVANCED_FACE ( 'NONE', ( #297, #1050 ), #880, .T. ) ;
#1141 = EDGE_LOOP ( 'NONE', ( #1384, #35, #490, #817 ) ) ;
#1142 = FILL_AREA_STYLE_COLOUR ( '', #653 ) ;
#1143 = AXIS2_PLACEMENT_3D ( 'NONE', #1721, #245, #404 ) ;
#1144 = CARTESIAN_POINT ( 'NONE',  ( 6.474999999999999645, 0.6250000000000000000, 4.800000000000000711 ) ) ;
#1145 = VECTOR ( 'NONE', #173, 1000.000000000000000 ) ;
#1146 = DIRECTION ( 'NONE',  ( 0.000000000000000000, -0.000000000000000000, 1.000000000000000000 ) ) ;
#1147 = EDGE_LOOP ( 'NONE', ( #1171, #1557, #1368, #679, #1747, #1872 ) ) ;
#1148 = PRESENTATION_STYLE_ASSIGNMENT (( #562 ) ) ;
#1149 = APPLICATION_CONTEXT ( 'automotive_design' ) ;
#1150 = SURFACE_STYLE_USAGE ( .BOTH. , #1130 ) ;
#1151 = ORIENTED_EDGE ( 'NONE', *, *, #1832, .F. ) ;
#1152 = DIRECTION ( 'NONE',  ( 0.000000000000000000, 0.000000000000000000, 1.000000000000000000 ) ) ;
#1153 = CIRCLE ( 'NONE', #992, 3.899999999999999911 ) ;
#1154 = EDGE_CURVE ( 'NONE', #820, #527, #812, .T. ) ;
#1155 = VECTOR ( 'NONE', #165, 1000.000000000000000 ) ;
#1156 = ORIENTED_EDGE ( 'NONE', *, *, #330, .F. ) ;
#1157 = CARTESIAN_POINT ( 'NONE',  ( 6.499999999999998224, 0.8000000000000000444, -7.400000000000002132 ) ) ;
#1158 =( GEOMETRIC_REPRESENTATION_CONTEXT ( 3 ) GLOBAL_UNCERTAINTY_ASSIGNED_CONTEXT ( ( #903 ) ) GLOBAL_UNIT_ASSIGNED_CONTEXT ( ( #1202, #1354, #1258 ) ) REPRESENTATION_CONTEXT ( 'NONE', 'WORKASPACE' ) );
#1159 = ORIENTED_EDGE ( 'NONE', *, *, #1491, .T. ) ;
#1160 = CARTESIAN_POINT ( 'NONE',  ( 0.000000000000000000, 0.000000000000000000, 0.000000000000000000 ) ) ;
#1161 = DIRECTION ( 'NONE',  ( -1.355252715606880543E-16, 0.000000000000000000, -1.000000000000000000 ) ) ;
#1162 = DIRECTION ( 'NONE',  ( 0.000000000000000000, 0.000000000000000000, 1.000000000000000000 ) ) ;
#1163 = DIRECTION ( 'NONE',  ( -1.000000000000000000, 0.000000000000000000, 0.000000000000000000 ) ) ;
#1164 = ORIENTED_EDGE ( 'NONE', *, *, #1689, .F. ) ;
#1165 = CARTESIAN_POINT ( 'NONE',  ( 0.000000000000000000, 1.399999999999999911, 0.000000000000000000 ) ) ;
#1166 = EDGE_CURVE ( 'NONE', #277, #1523, #1063, .T. ) ;
#1167 = ORIENTED_EDGE ( 'NONE', *, *, #680, .T. ) ;
#1168 = CARTESIAN_POINT ( 'NONE',  ( 10.49999999999999822, 1.899999999999999911, -6.549999999999999822 ) ) ;
#1169 = CARTESIAN_POINT ( 'NONE',  ( 0.000000000000000000, 1.399999999999999911, -5.099999999999999645 ) ) ;
#1170 = LINE ( 'NONE', #1329, #932 ) ;
#1171 = ORIENTED_EDGE ( 'NONE', *, *, #1665, .F. ) ;
#1172 = SURFACE_STYLE_USAGE ( .BOTH. , #326 ) ;
#1173 = AXIS2_PLACEMENT_3D ( 'NONE', #1686, #1389, #212 ) ;
#1174 = UNCERTAINTY_MEASURE_WITH_UNIT (LENGTH_MEASURE( 1.000000000000000082E-05 ), #195, 'distance_accuracy_value', 'NONE');
#1175 = DIRECTION ( 'NONE',  ( 1.000000000000000000, 0.000000000000000000, 0.000000000000000000 ) ) ;
#1176 = EDGE_CURVE ( 'NONE', #3, #471, #42, .T. ) ;
#1177 = PLANE ( 'NONE',  #447 ) ;
#1178 = CARTESIAN_POINT ( 'NONE',  ( 0.000000000000000000, 1.399999999999999911, 0.000000000000000000 ) ) ;
#1179 = DIRECTION ( 'NONE',  ( 0.000000000000000000, 1.000000000000000000, 0.000000000000000000 ) ) ;
#1180 = ORIENTED_EDGE ( 'NONE', *, *, #1513, .F. ) ;
#1181 =( GEOMETRIC_REPRESENTATION_CONTEXT ( 3 ) GLOBAL_UNCERTAINTY_ASSIGNED_CONTEXT ( ( #601 ) ) GLOBAL_UNIT_ASSIGNED_CONTEXT ( ( #689, #400, #1108 ) ) REPRESENTATION_CONTEXT ( 'NONE', 'WORKASPACE' ) );
#1182 = COLOUR_RGB ( '',0.2941176470588235392, 0.2941176470588235392, 0.2941176470588235392 ) ;
#1183 = CARTESIAN_POINT ( 'NONE',  ( -9.500000000000000000, 1.899999999999999911, 0.000000000000000000 ) ) ;
#1184 = AXIS2_PLACEMENT_3D ( 'NONE', #503, #1690, #802 ) ;
#1185 = AXIS2_PLACEMENT_3D ( 'NONE', #1889, #426, #1161 ) ;
#1186 =( LENGTH_UNIT ( ) NAMED_UNIT ( * ) SI_UNIT ( .MILLI., .METRE. ) );
#1187 = FACE_OUTER_BOUND ( 'NONE', #1374, .T. ) ;
#1188 = EDGE_CURVE ( 'NONE', #1283, #224, #1153, .T. ) ;
#1189 = ORIENTED_EDGE ( 'NONE', *, *, #1070, .T. ) ;
#1190 = LINE ( 'NONE', #749, #787 ) ;
#1191 = ORIENTED_EDGE ( 'NONE', *, *, #1665, .T. ) ;
#1192 = LINE ( 'NONE', #1014, #504 ) ;
#1193 = CARTESIAN_POINT ( 'NONE',  ( 11.50000000000000000, 1.899999999999999911, 3.799999999999999378 ) ) ;
#1194 = UNCERTAINTY_MEASURE_WITH_UNIT (LENGTH_MEASURE( 1.000000000000000082E-05 ), #1440, 'distance_accuracy_value', 'NONE');
#1195 = PLANE ( 'NONE',  #221 ) ;
#1196 = CYLINDRICAL_SURFACE ( 'NONE', #1575, 1.000000000000000000 ) ;
#1197 = ADVANCED_FACE ( 'NONE', ( #187 ), #1512, .F. ) ;
#1198 = ORIENTED_EDGE ( 'NONE', *, *, #658, .F. ) ;
#1199 = CARTESIAN_POINT ( 'NONE',  ( 6.474999999999999645, 0.6250000000000000000, -7.549999999999999822 ) ) ;
#1200 = LINE ( 'NONE', #765, #58 ) ;
#1201 = FACE_OUTER_BOUND ( 'NONE', #1430, .T. ) ;
#1202 =( LENGTH_UNIT ( ) NAMED_UNIT ( * ) SI_UNIT ( .MILLI., .METRE. ) );
#1203 = AXIS2_PLACEMENT_3D ( 'NONE', #1712, #974, #1591 ) ;
#1204 = ORIENTED_EDGE ( 'NONE', *, *, #1402, .F. ) ;
#1205 = CARTESIAN_POINT ( 'NONE',  ( -1.199999999999999956, 3.799999999999999822, -1.199999999999999956 ) ) ;
#1206 = DIRECTION ( 'NONE',  ( 0.000000000000000000, -1.000000000000000000, 0.000000000000000000 ) ) ;
#1207 = COLOUR_RGB ( '',0.2941176470588235392, 0.2941176470588235392, 0.2941176470588235392 ) ;
#1208 = ADVANCED_FACE ( 'NONE', ( #1218 ), #1076, .F. ) ;
#1209 = AXIS2_PLACEMENT_3D ( 'NONE', #526, #702, #274 ) ;
#1210 = CARTESIAN_POINT ( 'NONE',  ( 6.599999999999999645, 0.5000000000000000000, -7.549999999999999822 ) ) ;
#1211 = PRESENTATION_LAYER_ASSIGNMENT (  '', '', ( #22 ) ) ;
#1212 = DIRECTION ( 'NONE',  ( 0.000000000000000000, 0.000000000000000000, 1.000000000000000000 ) ) ;
#1213 =( GEOMETRIC_REPRESENTATION_CONTEXT ( 3 ) GLOBAL_UNCERTAINTY_ASSIGNED_CONTEXT ( ( #1057 ) ) GLOBAL_UNIT_ASSIGNED_CONTEXT ( ( #631, #768, #1818 ) ) REPRESENTATION_CONTEXT ( 'NONE', 'WORKASPACE' ) );
#1214 = SURFACE_SIDE_STYLE ('',( #617 ) ) ;
#1215 = EDGE_LOOP ( 'NONE', ( #483, #1541, #441, #964 ) ) ;
#1216 = PRESENTATION_LAYER_ASSIGNMENT (  '', '', ( #1122 ) ) ;
#1217 = MECHANICAL_DESIGN_GEOMETRIC_PRESENTATION_REPRESENTATION (  '', ( #229 ), #966 ) ;
#1218 = FACE_OUTER_BOUND ( 'NONE', #506, .T. ) ;
#1219 = VERTEX_POINT ( 'NONE', #1831 ) ;
#1220 = FILL_AREA_STYLE ('',( #805 ) ) ;
#1221 = DIRECTION ( 'NONE',  ( 0.000000000000000000, 0.000000000000000000, 1.000000000000000000 ) ) ;
#1222 = EDGE_CURVE ( 'NONE', #391, #645, #65, .T. ) ;
#1223 =( NAMED_UNIT ( * ) SI_UNIT ( $, .STERADIAN. ) SOLID_ANGLE_UNIT ( ) );
#1224 = ORIENTED_EDGE ( 'NONE', *, *, #33, .F. ) ;
#1225 = FILL_AREA_STYLE_COLOUR ( '', #1087 ) ;
#1226 = ORIENTED_EDGE ( 'NONE', *, *, #799, .F. ) ;
#1227 = PRESENTATION_STYLE_ASSIGNMENT (( #1074 ) ) ;
#1228 = CARTESIAN_POINT ( 'NONE',  ( 0.000000000000000000, 1.399999999999999911, -5.099999999999999645 ) ) ;
#1229 = CARTESIAN_POINT ( 'NONE',  ( 9.500000000000000000, 1.899999999999999911, 0.000000000000000000 ) ) ;
#1230 = CARTESIAN_POINT ( 'NONE',  ( -6.599999999999999645, 0.5000000000000000000, -7.549999999999999822 ) ) ;
#1231 = EDGE_CURVE ( 'NONE', #1773, #1670, #1522, .T. ) ;
#1232 = DIRECTION ( 'NONE',  ( 0.000000000000000000, 0.000000000000000000, 1.000000000000000000 ) ) ;
#1233 = EDGE_CURVE ( 'NONE', #513, #44, #1494, .T. ) ;
#1234 = CIRCLE ( 'NONE', #1480, 0.5000000000000004441 ) ;
#1235 = ORIENTED_EDGE ( 'NONE', *, *, #792, .F. ) ;
#1236 = CARTESIAN_POINT ( 'NONE',  ( 0.000000000000000000, 0.8000000000000000444, 0.000000000000000000 ) ) ;
#1237 = DIRECTION ( 'NONE',  ( 1.334402673828313586E-16, -0.000000000000000000, 1.000000000000000000 ) ) ;
#1238 = SURFACE_STYLE_FILL_AREA ( #60 ) ;
#1239 = PRESENTATION_LAYER_ASSIGNMENT (  '', '', ( #79 ) ) ;
#1240 = PRESENTATION_LAYER_ASSIGNMENT (  '', '', ( #175 ) ) ;
#1241 = FILL_AREA_STYLE ('',( #1381 ) ) ;
#1242 = DIRECTION ( 'NONE',  ( 0.000000000000000000, -0.000000000000000000, 1.000000000000000000 ) ) ;
#1243 = VECTOR ( 'NONE', #108, 1000.000000000000000 ) ;
#1244 =( NAMED_UNIT ( * ) SI_UNIT ( $, .STERADIAN. ) SOLID_ANGLE_UNIT ( ) );
#1245 = EDGE_CURVE ( 'NONE', #839, #1807, #569, .T. ) ;
#1246 = STYLED_ITEM ( 'NONE', ( #573 ), #916 ) ;
#1247 = ORIENTED_EDGE ( 'NONE', *, *, #340, .F. ) ;
#1248 = CARTESIAN_POINT ( 'NONE',  ( 6.599999999999999645, 0.5000000000000000000, 4.800000000000000711 ) ) ;
#1249 = CARTESIAN_POINT ( 'NONE',  ( 9.500000000000000000, 1.399999999999998579, 0.7999999999999986011 ) ) ;
#1250 = CARTESIAN_POINT ( 'NONE',  ( -6.599999999999999645, 1.399999999999999911, -7.549999999999999822 ) ) ;
#1251 = CARTESIAN_POINT ( 'NONE',  ( 0.000000000000000000, 0.000000000000000000, -7.549999999999999822 ) ) ;
#1252 = VERTEX_POINT ( 'NONE', #536 ) ;
#1253 = EDGE_LOOP ( 'NONE', ( #1412, #851 ) ) ;
#1254 = SURFACE_STYLE_USAGE ( .BOTH. , #1880 ) ;
#1255 = SURFACE_STYLE_USAGE ( .BOTH. , #1082 ) ;
#1256 = EDGE_CURVE ( 'NONE', #132, #585, #1691, .T. ) ;
#1257 = ORIENTED_EDGE ( 'NONE', *, *, #1077, .F. ) ;
#1258 =( NAMED_UNIT ( * ) SI_UNIT ( $, .STERADIAN. ) SOLID_ANGLE_UNIT ( ) );
#1259 = DIRECTION ( 'NONE',  ( 0.000000000000000000, 0.000000000000000000, -1.000000000000000000 ) ) ;
#1260 = DIRECTION ( 'NONE',  ( 0.000000000000000000, -1.000000000000000000, 0.000000000000000000 ) ) ;
#1261 = EDGE_LOOP ( 'NONE', ( #620, #685, #361, #129 ) ) ;
#1262 = FACE_OUTER_BOUND ( 'NONE', #888, .T. ) ;
#1263 = ORIENTED_EDGE ( 'NONE', *, *, #1413, .T. ) ;
#1264 = FILL_AREA_STYLE ('',( #1142 ) ) ;
#1265 = EDGE_CURVE ( 'NONE', #1532, #1107, #960, .T. ) ;
#1266 = MECHANICAL_DESIGN_GEOMETRIC_PRESENTATION_REPRESENTATION (  '', ( #1540 ), #436 ) ;
#1267 = CARTESIAN_POINT ( 'NONE',  ( 1.199999999999999956, 0.8000000000000000444, 1.199999999999999956 ) ) ;
#1268 = ORIENTED_EDGE ( 'NONE', *, *, #1566, .F. ) ;
#1269 = AXIS2_PLACEMENT_3D ( 'NONE', #1165, #1769, #309 ) ;
#1270 = FACE_BOUND ( 'NONE', #202, .T. ) ;
#1271 = CIRCLE ( 'NONE', #442, 5.099999999999999645 ) ;
#1272 = CARTESIAN_POINT ( 'NONE',  ( -6.599999999999999645, 0.5000000000000000000, -7.549999999999999822 ) ) ;
#1273 = ORIENTED_EDGE ( 'NONE', *, *, #1429, .F. ) ;
#1274 = COLOUR_RGB ( '',0.7921568627450980005, 0.8196078431372548767, 0.9333333333333333481 ) ;
#1275 = AXIS2_PLACEMENT_3D ( 'NONE', #819, #1401, #849 ) ;
#1276 = ORIENTED_EDGE ( 'NONE', *, *, #1811, .T. ) ;
#1277 = DIRECTION ( 'NONE',  ( 0.000000000000000000, 0.000000000000000000, -1.000000000000000000 ) ) ;
#1278 = VERTEX_POINT ( 'NONE', #1868 ) ;
#1279 = EDGE_CURVE ( 'NONE', #1653, #1060, #1702, .T. ) ;
#1280 = CARTESIAN_POINT ( 'NONE',  ( -7.225000000000000533, 1.274999999999997025, 4.800000000000000711 ) ) ;
#1281 = ORIENTED_EDGE ( 'NONE', *, *, #1338, .T. ) ;
#1282 = DIRECTION ( 'NONE',  ( 0.000000000000000000, 1.000000000000000000, 0.000000000000000000 ) ) ;
#1283 = VERTEX_POINT ( 'NONE', #1839 ) ;
#1284 = CARTESIAN_POINT ( 'NONE',  ( -7.100000000000000533, 1.399999999999999911, 4.800000000000000711 ) ) ;
#1285 = CARTESIAN_POINT ( 'NONE',  ( -7.225000000000000533, 1.274999999999997025, -7.549999999999999822 ) ) ;
#1286 = CARTESIAN_POINT ( 'NONE',  ( -7.100000000000000533, 1.899999999999999911, -7.549999999999999822 ) ) ;
#1287 = FILL_AREA_STYLE ('',( #397 ) ) ;
#1288 = FILL_AREA_STYLE ('',( #240 ) ) ;
#1289 = EDGE_CURVE ( 'NONE', #645, #1553, #1858, .T. ) ;
#1290 = VERTEX_POINT ( 'NONE', #398 ) ;
#1291 = LINE ( 'NONE', #566, #443 ) ;
#1292 = EDGE_CURVE ( 'NONE', #1729, #839, #368, .T. ) ;
#1293 = ORIENTED_EDGE ( 'NONE', *, *, #19, .F. ) ;
#1294 = PRESENTATION_STYLE_ASSIGNMENT (( #1741 ) ) ;
#1295 = CIRCLE ( 'NONE', #747, 0.5000000000000004441 ) ;
#1296 = PRESENTATION_STYLE_ASSIGNMENT (( #1600 ) ) ;
#1297 = AXIS2_PLACEMENT_3D ( 'NONE', #1583, #1425, #123 ) ;
#1298 = AXIS2_PLACEMENT_3D ( 'NONE', #1524, #797, #1379 ) ;
#1299 = ORIENTED_EDGE ( 'NONE', *, *, #1778, .F. ) ;
#1300 = CARTESIAN_POINT ( 'NONE',  ( -1.199999999999999956, 3.799999999999999822, -1.199999999999999956 ) ) ;
#1301 = CIRCLE ( 'NONE', #415, 0.1250000000000001110 ) ;
#1302 = VECTOR ( 'NONE', #697, 1000.000000000000000 ) ;
#1303 = AXIS2_PLACEMENT_3D ( 'NONE', #1229, #337, #919 ) ;
#1304 = ORIENTED_EDGE ( 'NONE', *, *, #161, .T. ) ;
#1305 = PRESENTATION_LAYER_ASSIGNMENT (  '', '', ( #229 ) ) ;
#1306 = LINE ( 'NONE', #269, #1539 ) ;
#1307 = UNCERTAINTY_MEASURE_WITH_UNIT (LENGTH_MEASURE( 1.000000000000000082E-05 ), #1186, 'distance_accuracy_value', 'NONE');
#1308 = ORIENTED_EDGE ( 'NONE', *, *, #1620, .T. ) ;
#1309 = AXIS2_PLACEMENT_3D ( 'NONE', #1251, #1838, #522 ) ;
#1310 = LINE ( 'NONE', #1469, #1155 ) ;
#1311 = ORIENTED_EDGE ( 'NONE', *, *, #1129, .T. ) ;
#1312 = LINE ( 'NONE', #584, #1548 ) ;
#1313 = ORIENTED_EDGE ( 'NONE', *, *, #672, .F. ) ;
#1314 = CARTESIAN_POINT ( 'NONE',  ( 7.100000000000000533, 1.399999999999999911, -7.549999999999999822 ) ) ;
#1315 = EDGE_CURVE ( 'NONE', #277, #589, #827, .T. ) ;
#1316 = FILL_AREA_STYLE_COLOUR ( '', #865 ) ;
#1317 = EDGE_LOOP ( 'NONE', ( #961, #1132, #1840, #567 ) ) ;
#1318 = CYLINDRICAL_SURFACE ( 'NONE', #571, 0.1250000000000001110 ) ;
#1319 = ORIENTED_EDGE ( 'NONE', *, *, #204, .T. ) ;
#1320 = CARTESIAN_POINT ( 'NONE',  ( 9.500000000000000000, 1.899999999999999911, 0.000000000000000000 ) ) ;
#1321 = ORIENTED_EDGE ( 'NONE', *, *, #19, .T. ) ;
#1322 = CARTESIAN_POINT ( 'NONE',  ( 7.225000000000000533, 1.274999999999997247, 4.800000000000000711 ) ) ;
#1323 = FACE_OUTER_BOUND ( 'NONE', #1862, .T. ) ;
#1324 = EDGE_CURVE ( 'NONE', #1514, #1495, #1137, .T. ) ;
#1325 = CIRCLE ( 'NONE', #1173, 1.000000000000000000 ) ;
#1326 = VERTEX_POINT ( 'NONE', #1723 ) ;
#1327 = PRODUCT_CONTEXT ( 'NONE', #1377, 'mechanical' ) ;
#1328 = VERTEX_POINT ( 'NONE', #1119 ) ;
#1329 = CARTESIAN_POINT ( 'NONE',  ( -6.599999999999999645, 0.5000000000000000000, -7.549999999999999822 ) ) ;
#1330 =( GEOMETRIC_REPRESENTATION_CONTEXT ( 3 ) GLOBAL_UNCERTAINTY_ASSIGNED_CONTEXT ( ( #1478 ) ) GLOBAL_UNIT_ASSIGNED_CONTEXT ( ( #1808, #627, #217 ) ) REPRESENTATION_CONTEXT ( 'NONE', 'WORKASPACE' ) );
#1331 = ORIENTED_EDGE ( 'NONE', *, *, #241, .F. ) ;
#1332 = CARTESIAN_POINT ( 'NONE',  ( -7.100000000000000533, 1.399999999999999911, -7.549999999999999822 ) ) ;
#1333 = CARTESIAN_POINT ( 'NONE',  ( 7.100000000000000533, 1.274999999999997247, 4.799999999999999822 ) ) ;
#1334 = AXIS2_PLACEMENT_3D ( 'NONE', #359, #320, #1804 ) ;
#1335 = CARTESIAN_POINT ( 'NONE',  ( -10.49999999999999822, 1.899999999999999911, 3.799999999999999378 ) ) ;
#1336 = STYLED_ITEM ( 'NONE', ( #1481 ), #1444 ) ;
#1337 = FILL_AREA_STYLE_COLOUR ( '', #27 ) ;
#1338 = EDGE_CURVE ( 'NONE', #264, #451, #1106, .T. ) ;
#1339 = LINE ( 'NONE', #448, #435 ) ;
#1340 = DIRECTION ( 'NONE',  ( 0.000000000000000000, 0.000000000000000000, 1.000000000000000000 ) ) ;
#1341 = ORIENTED_EDGE ( 'NONE', *, *, #493, .F. ) ;
#1342 = DIRECTION ( 'NONE',  ( -1.355252715606880543E-16, -0.000000000000000000, -1.000000000000000000 ) ) ;
#1343 = CARTESIAN_POINT ( 'NONE',  ( 7.100000000000000533, 1.899999999999999911, -7.549999999999999822 ) ) ;
#1344 = DIRECTION ( 'NONE',  ( -0.000000000000000000, 1.000000000000000000, -0.000000000000000000 ) ) ;
#1345 = UNCERTAINTY_MEASURE_WITH_UNIT (LENGTH_MEASURE( 1.000000000000000082E-05 ), #831, 'distance_accuracy_value', 'NONE');
#1346 =( LENGTH_UNIT ( ) NAMED_UNIT ( * ) SI_UNIT ( .MILLI., .METRE. ) );
#1347 = DIRECTION ( 'NONE',  ( 0.000000000000000000, -1.000000000000000000, 0.000000000000000000 ) ) ;
#1348 = ADVANCED_FACE ( 'NONE', ( #959 ), #233, .T. ) ;
#1349 = ORIENTED_EDGE ( 'NONE', *, *, #922, .F. ) ;
#1350 = FILL_AREA_STYLE_COLOUR ( '', #539 ) ;
#1351 = DIRECTION ( 'NONE',  ( 0.000000000000000000, -0.000000000000000000, 1.000000000000000000 ) ) ;
#1352 = EDGE_CURVE ( 'NONE', #972, #675, #1878, .T. ) ;
#1353 = SURFACE_SIDE_STYLE ('',( #31 ) ) ;
#1354 =( NAMED_UNIT ( * ) PLANE_ANGLE_UNIT ( ) SI_UNIT ( $, .RADIAN. ) );
#1355 = ORIENTED_EDGE ( 'NONE', *, *, #319, .F. ) ;
#1356 = AXIS2_PLACEMENT_3D ( 'NONE', #809, #770, #1103 ) ;
#1357 = ORIENTED_EDGE ( 'NONE', *, *, #1352, .F. ) ;
#1358 = FACE_OUTER_BOUND ( 'NONE', #1893, .T. ) ;
#1359 = DIRECTION ( 'NONE',  ( 1.000000000000000000, 0.000000000000000000, -1.334402673828313586E-16 ) ) ;
#1360 = EDGE_CURVE ( 'NONE', #1514, #677, #1705, .T. ) ;
#1361 = COLOUR_RGB ( '',0.7921568627450980005, 0.8196078431372548767, 0.9333333333333333481 ) ;
#1362 = FILL_AREA_STYLE_COLOUR ( '', #15 ) ;
#1363 = VECTOR ( 'NONE', #1347, 1000.000000000000000 ) ;
#1364 =( GEOMETRIC_REPRESENTATION_CONTEXT ( 3 ) GLOBAL_UNCERTAINTY_ASSIGNED_CONTEXT ( ( #1751 ) ) GLOBAL_UNIT_ASSIGNED_CONTEXT ( ( #1538, #20, #737 ) ) REPRESENTATION_CONTEXT ( 'NONE', 'WORKASPACE' ) );
#1365 = SURFACE_STYLE_USAGE ( .BOTH. , #478 ) ;
#1366 = ORIENTED_EDGE ( 'NONE', *, *, #1070, .F. ) ;
#1367 = VECTOR ( 'NONE', #1534, 1000.000000000000000 ) ;
#1368 = ORIENTED_EDGE ( 'NONE', *, *, #6, .T. ) ;
#1369 = CARTESIAN_POINT ( 'NONE',  ( 6.599999999999999645, 0.000000000000000000, -7.549999999999999822 ) ) ;
#1370 = CARTESIAN_POINT ( 'NONE',  ( -11.50000000000000000, 1.899999999999999911, 4.799999999999999822 ) ) ;
#1371 = SURFACE_STYLE_USAGE ( .BOTH. , #640 ) ;
#1372 = EDGE_CURVE ( 'NONE', #471, #1597, #390, .T. ) ;
#1373 = FILL_AREA_STYLE_COLOUR ( '', #724 ) ;
#1374 = EDGE_LOOP ( 'NONE', ( #1719, #1616, #1674, #546 ) ) ;
#1375 = DIRECTION ( 'NONE',  ( 0.000000000000000000, 0.000000000000000000, 1.000000000000000000 ) ) ;
#1376 = CARTESIAN_POINT ( 'NONE',  ( -11.50000000000000000, 1.899999999999999911, -6.549999999999999822 ) ) ;
#1377 = APPLICATION_CONTEXT ( 'automotive_design' ) ;
#1378 = EDGE_LOOP ( 'NONE', ( #712, #716 ) ) ;
#1379 = DIRECTION ( 'NONE',  ( 0.000000000000000000, 0.000000000000000000, -1.000000000000000000 ) ) ;
#1380 = EDGE_CURVE ( 'NONE', #206, #1773, #1409, .T. ) ;
#1381 = FILL_AREA_STYLE_COLOUR ( '', #683 ) ;
#1382 = DIRECTION ( 'NONE',  ( 0.000000000000000000, 0.000000000000000000, -1.000000000000000000 ) ) ;
#1383 = AXIS2_PLACEMENT_3D ( 'NONE', #305, #1, #583 ) ;
#1384 = ORIENTED_EDGE ( 'NONE', *, *, #719, .F. ) ;
#1385 = LINE ( 'NONE', #1533, #722 ) ;
#1386 = FILL_AREA_STYLE ('',( #1526 ) ) ;
#1387 =( LENGTH_UNIT ( ) NAMED_UNIT ( * ) SI_UNIT ( .MILLI., .METRE. ) );
#1388 = AXIS2_PLACEMENT_3D ( 'NONE', #1205, #1542, #484 ) ;
#1389 = DIRECTION ( 'NONE',  ( 0.000000000000000000, 1.000000000000000000, 0.000000000000000000 ) ) ;
#1390 = CARTESIAN_POINT ( 'NONE',  ( 0.000000000000000000, 3.799999999999999822, 0.000000000000000000 ) ) ;
#1391 = VECTOR ( 'NONE', #729, 1000.000000000000000 ) ;
#1392 = ORIENTED_EDGE ( 'NONE', *, *, #358, .F. ) ;
#1393 = FACE_OUTER_BOUND ( 'NONE', #1041, .T. ) ;
#1394 = CARTESIAN_POINT ( 'NONE',  ( 9.500000000000000000, 1.899999999999999911, 0.7999999999999986011 ) ) ;
#1395 =( GEOMETRIC_REPRESENTATION_CONTEXT ( 3 ) GLOBAL_UNCERTAINTY_ASSIGNED_CONTEXT ( ( #1885 ) ) GLOBAL_UNIT_ASSIGNED_CONTEXT ( ( #736, #1574, #63 ) ) REPRESENTATION_CONTEXT ( 'NONE', 'WORKASPACE' ) );
#1396 = ADVANCED_FACE ( 'NONE', ( #977 ), #968, .F. ) ;
#1397 = ORIENTED_EDGE ( 'NONE', *, *, #1360, .F. ) ;
#1398 = VERTEX_POINT ( 'NONE', #1001 ) ;
#1399 = LINE ( 'NONE', #500, #1820 ) ;
#1400 = CARTESIAN_POINT ( 'NONE',  ( -11.50000000000000000, 1.899999999999999911, -6.549999999999999822 ) ) ;
#1401 = DIRECTION ( 'NONE',  ( -1.000000000000000000, 0.000000000000000000, 0.000000000000000000 ) ) ;
#1402 = EDGE_CURVE ( 'NONE', #675, #842, #1040, .T. ) ;
#1403 = ORIENTED_EDGE ( 'NONE', *, *, #1129, .F. ) ;
#1404 = ORIENTED_EDGE ( 'NONE', *, *, #43, .T. ) ;
#1405 = PRODUCT_RELATED_PRODUCT_CATEGORY ( 'part', '', ( #454 ) ) ;
#1406 = PRESENTATION_STYLE_ASSIGNMENT (( #115 ) ) ;
#1407 = CARTESIAN_POINT ( 'NONE',  ( 6.599999999999999645, 0.000000000000000000, -7.549999999999999822 ) ) ;
#1408 = EDGE_LOOP ( 'NONE', ( #551, #947, #772, #1319 ) ) ;
#1409 = LINE ( 'NONE', #710, #1243 ) ;
#1410 = ORIENTED_EDGE ( 'NONE', *, *, #33, .T. ) ;
#1411 =( NAMED_UNIT ( * ) PLANE_ANGLE_UNIT ( ) SI_UNIT ( $, .RADIAN. ) );
#1412 = ORIENTED_EDGE ( 'NONE', *, *, #1491, .F. ) ;
#1413 = EDGE_CURVE ( 'NONE', #208, #990, #1310, .T. ) ;
#1414 = AXIS2_PLACEMENT_3D ( 'NONE', #713, #982, #1277 ) ;
#1415 =( NAMED_UNIT ( * ) SI_UNIT ( $, .STERADIAN. ) SOLID_ANGLE_UNIT ( ) );
#1416 = AXIS2_PLACEMENT_3D ( 'NONE', #1598, #1473, #1022 ) ;
#1417 = CARTESIAN_POINT ( 'NONE',  ( 6.245698675651500839E-16, 1.399999999999999911, 5.099999999999999645 ) ) ;
#1418 = VECTOR ( 'NONE', #858, 1000.000000000000000 ) ;
#1419 = VERTEX_POINT ( 'NONE', #1604 ) ;
#1420 = VECTOR ( 'NONE', #67, 1000.000000000000000 ) ;
#1421 = CARTESIAN_POINT ( 'NONE',  ( 9.500000000000000000, 1.899999999999999911, 0.000000000000000000 ) ) ;
#1422 = ORIENTED_EDGE ( 'NONE', *, *, #548, .F. ) ;
#1423 = FACE_OUTER_BOUND ( 'NONE', #1621, .T. ) ;
#1424 = ADVANCED_FACE ( 'NONE', ( #146 ), #1318, .F. ) ;
#1425 = DIRECTION ( 'NONE',  ( 0.000000000000000000, 1.000000000000000000, 0.000000000000000000 ) ) ;
#1426 =( LENGTH_UNIT ( ) NAMED_UNIT ( * ) SI_UNIT ( .MILLI., .METRE. ) );
#1427 = ORIENTED_EDGE ( 'NONE', *, *, #733, .F. ) ;
#1428 = DIRECTION ( 'NONE',  ( -0.000000000000000000, -1.000000000000000000, -0.000000000000000000 ) ) ;
#1429 = EDGE_CURVE ( 'NONE', #1467, #1439, #863, .T. ) ;
#1430 = EDGE_LOOP ( 'NONE', ( #1852, #516, #1870, #50 ) ) ;
#1431 = SURFACE_SIDE_STYLE ('',( #410 ) ) ;
#1432 = ORIENTED_EDGE ( 'NONE', *, *, #700, .T. ) ;
#1433 = SURFACE_SIDE_STYLE ('',( #1720 ) ) ;
#1434 = FACE_BOUND ( 'NONE', #920, .T. ) ;
#1435 = UNCERTAINTY_MEASURE_WITH_UNIT (LENGTH_MEASURE( 1.000000000000000082E-05 ), #336, 'distance_accuracy_value', 'NONE');
#1436 = VERTEX_POINT ( 'NONE', #292 ) ;
#1437 = CARTESIAN_POINT ( 'NONE',  ( 9.500000000000000000, 1.899999999999999911, 0.7999999999999986011 ) ) ;
#1438 = DIRECTION ( 'NONE',  ( 1.000000000000000000, 0.000000000000000000, 0.000000000000000000 ) ) ;
#1439 = VERTEX_POINT ( 'NONE', #746 ) ;
#1440 =( LENGTH_UNIT ( ) NAMED_UNIT ( * ) SI_UNIT ( .MILLI., .METRE. ) );
#1441 = VECTOR ( 'NONE', #1828, 1000.000000000000000 ) ;
#1442 = DIRECTION ( 'NONE',  ( 0.000000000000000000, -1.000000000000000000, 0.000000000000000000 ) ) ;
#1443 = AXIS2_PLACEMENT_3D ( 'NONE', #929, #68, #520 ) ;
#1444 = MANIFOLD_SOLID_BREP ( 'Fillet3', #499 ) ;
#1445 = ORIENTED_EDGE ( 'NONE', *, *, #1689, .T. ) ;
#1446 = DIRECTION ( 'NONE',  ( 1.000000000000000000, 0.000000000000000000, 0.000000000000000000 ) ) ;
#1447 = DIRECTION ( 'NONE',  ( -0.000000000000000000, -0.000000000000000000, 1.000000000000000000 ) ) ;
#1448 = PRESENTATION_LAYER_ASSIGNMENT (  '', '', ( #657 ) ) ;
#1449 = EDGE_LOOP ( 'NONE', ( #1164, #525, #1281, #701, #1299, #1519 ) ) ;
#1450 = DIRECTION ( 'NONE',  ( 1.000000000000000000, 0.000000000000000000, 0.000000000000000000 ) ) ;
#1451 = ADVANCED_FACE ( 'NONE', ( #1187 ), #877, .T. ) ;
#1452 = MECHANICAL_DESIGN_GEOMETRIC_PRESENTATION_REPRESENTATION (  '', ( #353 ), #145 ) ;
#1453 = PRESENTATION_LAYER_ASSIGNMENT (  '', '', ( #384 ) ) ;
#1454 = ORIENTED_EDGE ( 'NONE', *, *, #1778, .T. ) ;
#1455 = DIRECTION ( 'NONE',  ( -0.000000000000000000, -1.000000000000000000, -0.000000000000000000 ) ) ;
#1456 =( GEOMETRIC_REPRESENTATION_CONTEXT ( 3 ) GLOBAL_UNCERTAINTY_ASSIGNED_CONTEXT ( ( #1865 ) ) GLOBAL_UNIT_ASSIGNED_CONTEXT ( ( #1696, #1663, #56 ) ) REPRESENTATION_CONTEXT ( 'NONE', 'WORKASPACE' ) );
#1457 = DIRECTION ( 'NONE',  ( -1.000000000000000000, 0.000000000000000000, 0.000000000000000000 ) ) ;
#1458 = EDGE_LOOP ( 'NONE', ( #40, #707, #1308, #111 ) ) ;
#1459 = DIRECTION ( 'NONE',  ( 0.000000000000000000, 1.000000000000000000, 0.000000000000000000 ) ) ;
#1460 = VERTEX_POINT ( 'NONE', #606 ) ;
#1461 = DIRECTION ( 'NONE',  ( 1.000000000000000000, 6.505213034913020688E-16, 0.000000000000000000 ) ) ;
#1462 = ADVANCED_FACE ( 'NONE', ( #591 ), #1177, .F. ) ;
#1463 = ORIENTED_EDGE ( 'NONE', *, *, #1056, .F. ) ;
#1464 = FACE_OUTER_BOUND ( 'NONE', #1879, .T. ) ;
#1465 = DIRECTION ( 'NONE',  ( 0.000000000000000000, 0.000000000000000000, -1.000000000000000000 ) ) ;
#1466 = LINE ( 'NONE', #872, #1145 ) ;
#1467 = VERTEX_POINT ( 'NONE', #304 ) ;
#1468 = CARTESIAN_POINT ( 'NONE',  ( 0.000000000000000000, 0.000000000000000000, 0.000000000000000000 ) ) ;
#1469 = CARTESIAN_POINT ( 'NONE',  ( -6.500000000000001776, 0.8000000000000000444, -7.400000000000000355 ) ) ;
#1470 = DIRECTION ( 'NONE',  ( -1.355252715606880543E-16, -0.000000000000000000, -1.000000000000000000 ) ) ;
#1471 = CARTESIAN_POINT ( 'NONE',  ( 6.474999999999999645, 0.5000000000000000000, -7.549999999999999822 ) ) ;
#1472 = ORIENTED_EDGE ( 'NONE', *, *, #672, .T. ) ;
#1473 = DIRECTION ( 'NONE',  ( 0.000000000000000000, 1.000000000000000000, 0.000000000000000000 ) ) ;
#1474 =( NAMED_UNIT ( * ) SI_UNIT ( $, .STERADIAN. ) SOLID_ANGLE_UNIT ( ) );
#1475 =( REPRESENTATION_RELATIONSHIP ('NONE','NONE', #287, #1803 ) REPRESENTATION_RELATIONSHIP_WITH_TRANSFORMATION ( #756 )SHAPE_REPRESENTATION_RELATIONSHIP( ) );
#1476 = DIRECTION ( 'NONE',  ( 0.000000000000000000, 0.000000000000000000, 1.000000000000000000 ) ) ;
#1477 = ADVANCED_FACE ( 'NONE', ( #885 ), #759, .F. ) ;
#1478 = UNCERTAINTY_MEASURE_WITH_UNIT (LENGTH_MEASURE( 1.000000000000000082E-05 ), #1808, 'distance_accuracy_value', 'NONE');
#1479 = CONTEXT_DEPENDENT_SHAPE_REPRESENTATION ( #1646, #1031 ) ;
#1480 = AXIS2_PLACEMENT_3D ( 'NONE', #1528, #210, #365 ) ;
#1481 = PRESENTATION_STYLE_ASSIGNMENT (( #727 ) ) ;
#1482 = AXIS2_PLACEMENT_3D ( 'NONE', #244, #965, #1730 ) ;
#1483 = ORIENTED_EDGE ( 'NONE', *, *, #1166, .F. ) ;
#1484 = CARTESIAN_POINT ( 'NONE',  ( -7.225000000000000533, 1.274999999999997025, -7.549999999999999822 ) ) ;
#1485 = AXIS2_PLACEMENT_3D ( 'NONE', #557, #1282, #1726 ) ;
#1486 = ORIENTED_EDGE ( 'NONE', *, *, #733, .T. ) ;
#1487 = VECTOR ( 'NONE', #348, 1000.000000000000000 ) ;
#1488 = CARTESIAN_POINT ( 'NONE',  ( -1.199999999999999956, 3.799999999999999822, 1.199999999999999956 ) ) ;
#1489 = VECTOR ( 'NONE', #1551, 1000.000000000000000 ) ;
#1490 =( NAMED_UNIT ( * ) PLANE_ANGLE_UNIT ( ) SI_UNIT ( $, .RADIAN. ) );
#1491 = EDGE_CURVE ( 'NONE', #513, #1052, #662, .T. ) ;
#1492 =( GEOMETRIC_REPRESENTATION_CONTEXT ( 3 ) GLOBAL_UNCERTAINTY_ASSIGNED_CONTEXT ( ( #798 ) ) GLOBAL_UNIT_ASSIGNED_CONTEXT ( ( #1426, #1561, #396 ) ) REPRESENTATION_CONTEXT ( 'NONE', 'WORKASPACE' ) );
#1493 = DIRECTION ( 'NONE',  ( 1.000000000000000000, 0.000000000000000000, -1.334402673828313339E-16 ) ) ;
#1494 = LINE ( 'NONE', #1394, #227 ) ;
#1495 = VERTEX_POINT ( 'NONE', #76 ) ;
#1496 = SURFACE_STYLE_FILL_AREA ( #586 ) ;
#1497 = DIRECTION ( 'NONE',  ( 0.000000000000000000, 0.000000000000000000, 1.000000000000000000 ) ) ;
#1498 = CARTESIAN_POINT ( 'NONE',  ( -9.500000000000000000, 1.899999999999999911, 0.000000000000000000 ) ) ;
#1499 = UNCERTAINTY_MEASURE_WITH_UNIT (LENGTH_MEASURE( 1.000000000000000082E-05 ), #1139, 'distance_accuracy_value', 'NONE');
#1500 = PRODUCT_CONTEXT ( 'NONE', #535, 'mechanical' ) ;
#1501 = DIRECTION ( 'NONE',  ( 0.000000000000000000, -1.000000000000000000, 0.000000000000000000 ) ) ;
#1502 = PRESENTATION_STYLE_ASSIGNMENT (( #200 ) ) ;
#1503 = ADVANCED_FACE ( 'NONE', ( #776 ), #647, .T. ) ;
#1504 = ORIENTED_EDGE ( 'NONE', *, *, #1256, .F. ) ;
#1505 = DIRECTION ( 'NONE',  ( -0.000000000000000000, -0.000000000000000000, 1.000000000000000000 ) ) ;
#1506 =( NAMED_UNIT ( * ) PLANE_ANGLE_UNIT ( ) SI_UNIT ( $, .RADIAN. ) );
#1507 =( LENGTH_UNIT ( ) NAMED_UNIT ( * ) SI_UNIT ( .MILLI., .METRE. ) );
#1508 =( NAMED_UNIT ( * ) SI_UNIT ( $, .STERADIAN. ) SOLID_ANGLE_UNIT ( ) );
#1509 = FILL_AREA_STYLE_COLOUR ( '', #905 ) ;
#1510 = ORIENTED_EDGE ( 'NONE', *, *, #1535, .T. ) ;
#1511 = PRESENTATION_LAYER_ASSIGNMENT (  '', '', ( #531 ) ) ;
#1512 = CYLINDRICAL_SURFACE ( 'NONE', #25, 3.899999999999999911 ) ;
#1513 = EDGE_CURVE ( 'NONE', #1107, #527, #346, .T. ) ;
#1514 = VERTEX_POINT ( 'NONE', #906 ) ;
#1515 = LINE ( 'NONE', #1370, #1420 ) ;
#1516 = PRESENTATION_LAYER_ASSIGNMENT (  '', '', ( #1573 ) ) ;
#1517 = CIRCLE ( 'NONE', #1608, 0.7999999999999986011 ) ;
#1518 = AXIS2_PLACEMENT_3D ( 'NONE', #1168, #1459, #9 ) ;
#1519 = ORIENTED_EDGE ( 'NONE', *, *, #901, .T. ) ;
#1520 = PLANE ( 'NONE',  #509 ) ;
#1521 = PRODUCT_DEFINITION_FORMATION_WITH_SPECIFIED_SOURCE ( 'ANY', '', #1775, .NOT_KNOWN. ) ;
#1522 = LINE ( 'NONE', #1098, #659 ) ;
#1523 = VERTEX_POINT ( 'NONE', #492 ) ;
#1524 = CARTESIAN_POINT ( 'NONE',  ( -9.500000000000000000, 1.399999999999997247, 0.000000000000000000 ) ) ;
#1525 = MANIFOLD_SOLID_BREP ( 'Boss-Extrude3', #1632 ) ;
#1526 = FILL_AREA_STYLE_COLOUR ( '', #355 ) ;
#1527 = ADVANCED_FACE ( 'NONE', ( #930 ), #1048, .F. ) ;
#1528 = CARTESIAN_POINT ( 'NONE',  ( 7.100000000000000533, 1.399999999999999911, -7.549999999999999822 ) ) ;
#1529 = ADVANCED_FACE ( 'NONE', ( #387 ), #1537, .F. ) ;
#1530 = SURFACE_SIDE_STYLE ('',( #238 ) ) ;
#1531 = FILL_AREA_STYLE ('',( #1225 ) ) ;
#1532 = VERTEX_POINT ( 'NONE', #222 ) ;
#1533 = CARTESIAN_POINT ( 'NONE',  ( -7.100000000000000533, 1.274999999999997025, -7.549999999999999822 ) ) ;
#1534 = DIRECTION ( 'NONE',  ( 0.000000000000000000, -1.000000000000000000, -0.000000000000000000 ) ) ;
#1535 = EDGE_CURVE ( 'NONE', #1072, #1670, #116, .T. ) ;
#1536 = CARTESIAN_POINT ( 'NONE',  ( 11.50000000000000000, 1.399999999999999911, -7.549999999999999822 ) ) ;
#1537 = PLANE ( 'NONE',  #1609 ) ;
#1538 =( LENGTH_UNIT ( ) NAMED_UNIT ( * ) SI_UNIT ( .MILLI., .METRE. ) );
#1539 = VECTOR ( 'NONE', #1442, 1000.000000000000000 ) ;
#1540 = STYLED_ITEM ( 'NONE', ( #1781 ), #460 ) ;
#1541 = ORIENTED_EDGE ( 'NONE', *, *, #529, .F. ) ;
#1542 = DIRECTION ( 'NONE',  ( 0.000000000000000000, 0.000000000000000000, 1.000000000000000000 ) ) ;
#1543 = SURFACE_STYLE_FILL_AREA ( #1386 ) ;
#1544 = CARTESIAN_POINT ( 'NONE',  ( 0.000000000000000000, 0.8000000000000000444, 0.000000000000000000 ) ) ;
#1545 = COLOUR_RGB ( '',0.4980392156862745168, 0.4980392156862745168, 0.4980392156862745168 ) ;
#1546 = CARTESIAN_POINT ( 'NONE',  ( -6.599999999999999645, 0.5000000000000000000, 4.800000000000000711 ) ) ;
#1547 = DIRECTION ( 'NONE',  ( -0.000000000000000000, 0.000000000000000000, -1.000000000000000000 ) ) ;
#1548 = VECTOR ( 'NONE', #1042, 1000.000000000000000 ) ;
#1549 = EDGE_CURVE ( 'NONE', #868, #675, #88, .T. ) ;
#1550 = STYLED_ITEM ( 'NONE', ( #467 ), #1525 ) ;
#1551 = DIRECTION ( 'NONE',  ( 0.000000000000000000, 0.000000000000000000, 1.000000000000000000 ) ) ;
#1552 = ORIENTED_EDGE ( 'NONE', *, *, #1315, .T. ) ;
#1553 = VERTEX_POINT ( 'NONE', #1134 ) ;
#1554 = CARTESIAN_POINT ( 'NONE',  ( -7.225000000000000533, 1.399999999999997247, 4.799999999999999822 ) ) ;
#1555 = DIRECTION ( 'NONE',  ( -0.000000000000000000, -0.000000000000000000, 1.000000000000000000 ) ) ;
#1556 = FACE_OUTER_BOUND ( 'NONE', #649, .T. ) ;
#1557 = ORIENTED_EDGE ( 'NONE', *, *, #416, .T. ) ;
#1558 = ADVANCED_FACE ( 'NONE', ( #1846 ), #239, .T. ) ;
#1559 = ORIENTED_EDGE ( 'NONE', *, *, #529, .T. ) ;
#1560 = FILL_AREA_STYLE ('',( #1711 ) ) ;
#1561 =( NAMED_UNIT ( * ) PLANE_ANGLE_UNIT ( ) SI_UNIT ( $, .RADIAN. ) );
#1562 = LINE ( 'NONE', #1887, #543 ) ;
#1563 = DIRECTION ( 'NONE',  ( 0.000000000000000000, 0.000000000000000000, -1.000000000000000000 ) ) ;
#1564 = ORIENTED_EDGE ( 'NONE', *, *, #1154, .F. ) ;
#1565 =( GEOMETRIC_REPRESENTATION_CONTEXT ( 3 ) GLOBAL_UNCERTAINTY_ASSIGNED_CONTEXT ( ( #1772 ) ) GLOBAL_UNIT_ASSIGNED_CONTEXT ( ( #1346, #967, #373 ) ) REPRESENTATION_CONTEXT ( 'NONE', 'WORKASPACE' ) );
#1566 = EDGE_CURVE ( 'NONE', #1597, #868, #1722, .T. ) ;
#1567 = ORIENTED_EDGE ( 'NONE', *, *, #114, .F. ) ;
#1568 = DIRECTION ( 'NONE',  ( -1.000000000000000000, 0.000000000000000000, 0.000000000000000000 ) ) ;
#1569 = CIRCLE ( 'NONE', #439, 0.5000000000000004441 ) ;
#1570 = EDGE_CURVE ( 'NONE', #1290, #1283, #375, .T. ) ;
#1571 = DIRECTION ( 'NONE',  ( -0.000000000000000000, -0.000000000000000000, -1.000000000000000000 ) ) ;
#1572 = UNCERTAINTY_MEASURE_WITH_UNIT (LENGTH_MEASURE( 1.000000000000000082E-05 ), #1387, 'distance_accuracy_value', 'NONE');
#1573 = STYLED_ITEM ( 'NONE', ( #971 ), #881 ) ;
#1574 =( NAMED_UNIT ( * ) PLANE_ANGLE_UNIT ( ) SI_UNIT ( $, .RADIAN. ) );
#1575 = AXIS2_PLACEMENT_3D ( 'NONE', #762, #2, #1340 ) ;
#1576 = DIRECTION ( 'NONE',  ( -1.000000000000000000, 0.000000000000000000, 0.000000000000000000 ) ) ;
#1577 = VECTOR ( 'NONE', #1428, 1000.000000000000000 ) ;
#1578 = ORIENTED_EDGE ( 'NONE', *, *, #1176, .F. ) ;
#1579 = CIRCLE ( 'NONE', #760, 5.099999999999999645 ) ;
#1580 = DIRECTION ( 'NONE',  ( -1.000000000000000000, 0.000000000000000000, 1.334402673828313586E-16 ) ) ;
#1581 = ORIENTED_EDGE ( 'NONE', *, *, #558, .F. ) ;
#1582 = ADVANCED_FACE ( 'NONE', ( #1556 ), #986, .T. ) ;
#1583 = CARTESIAN_POINT ( 'NONE',  ( 0.000000000000000000, 1.399999999999999911, 0.000000000000000000 ) ) ;
#1584 = DIRECTION ( 'NONE',  ( 0.000000000000000000, 0.000000000000000000, 1.000000000000000000 ) ) ;
#1585 = VERTEX_POINT ( 'NONE', #826 ) ;
#1586 = CARTESIAN_POINT ( 'NONE',  ( 10.49999999999999822, 0.000000000000000000, 3.799999999999999378 ) ) ;
#1587 = DIRECTION ( 'NONE',  ( 0.000000000000000000, 0.000000000000000000, -1.000000000000000000 ) ) ;
#1588 = DIRECTION ( 'NONE',  ( -1.000000000000000000, -0.000000000000000000, -0.000000000000000000 ) ) ;
#1589 = CARTESIAN_POINT ( 'NONE',  ( -1.199999999999999956, 3.799999999999999822, 1.199999999999999956 ) ) ;
#1590 = ORIENTED_EDGE ( 'NONE', *, *, #579, .T. ) ;
#1591 = DIRECTION ( 'NONE',  ( 0.000000000000000000, -0.000000000000000000, 1.000000000000000000 ) ) ;
#1592 = VERTEX_POINT ( 'NONE', #1407 ) ;
#1593 = EDGE_CURVE ( 'NONE', #1419, #1252, #231, .T. ) ;
#1594 = DIRECTION ( 'NONE',  ( -0.000000000000000000, -0.000000000000000000, -1.000000000000000000 ) ) ;
#1595 = DIRECTION ( 'NONE',  ( -1.000000000000000000, 0.000000000000000000, 0.000000000000000000 ) ) ;
#1596 = DIRECTION ( 'NONE',  ( -1.000000000000000000, 0.000000000000000000, 0.000000000000000000 ) ) ;
#1597 = VERTEX_POINT ( 'NONE', #1116 ) ;
#1598 = CARTESIAN_POINT ( 'NONE',  ( -6.599999999999999645, 0.5000000000000000000, -7.549999999999999822 ) ) ;
#1599 = AXIS2_PLACEMENT_3D ( 'NONE', #1011, #1595, #866 ) ;
#1600 = SURFACE_STYLE_USAGE ( .BOTH. , #723 ) ;
#1601 = CIRCLE ( 'NONE', #78, 1.000000000000000000 ) ;
#1602 = EDGE_LOOP ( 'NONE', ( #1121, #163, #216, #1866, #537, #181, #550, #626, #1510, #351, #66, #1740, #1454, #862, #660, #156, #731, #325, #1850, #854 ) ) ;
#1603 = SHAPE_REPRESENTATION_RELATIONSHIP ( 'NONE' , 'NONE' ,  #1749, #916 ) ;
#1604 = CARTESIAN_POINT ( 'NONE',  ( 7.225000000000000533, 1.399999999999997247, 4.799999999999999822 ) ) ;
#1605 = ADVANCED_FACE ( 'NONE', ( #105 ), #835, .T. ) ;
#1606 = LINE ( 'NONE', #157, #12 ) ;
#1607 = CARTESIAN_POINT ( 'NONE',  ( 7.225000000000000533, 1.399999999999997247, -7.549999999999999822 ) ) ;
#1608 = AXIS2_PLACEMENT_3D ( 'NONE', #1320, #1755, #24 ) ;
#1609 = AXIS2_PLACEMENT_3D ( 'NONE', #1390, #1104, #532 ) ;
#1610 = VECTOR ( 'NONE', #91, 1000.000000000000000 ) ;
#1611 = EDGE_LOOP ( 'NONE', ( #1080, #1224, #1111, #1486 ) ) ;
#1612 = CARTESIAN_POINT ( 'NONE',  ( -10.49999999999999822, 1.899999999999999911, -7.549999999999999822 ) ) ;
#1613 = APPLICATION_CONTEXT ( 'automotive_design' ) ;
#1614 =( GEOMETRIC_REPRESENTATION_CONTEXT ( 3 ) GLOBAL_UNCERTAINTY_ASSIGNED_CONTEXT ( ( #848 ) ) GLOBAL_UNIT_ASSIGNED_CONTEXT ( ( #1714, #1128, #271 ) ) REPRESENTATION_CONTEXT ( 'NONE', 'WORKASPACE' ) );
#1615 = DIRECTION ( 'NONE',  ( 0.000000000000000000, 0.000000000000000000, 1.000000000000000000 ) ) ;
#1616 = ORIENTED_EDGE ( 'NONE', *, *, #372, .F. ) ;
#1617 = DIRECTION ( 'NONE',  ( -1.000000000000000000, 0.000000000000000000, -0.000000000000000000 ) ) ;
#1618 = CARTESIAN_POINT ( 'NONE',  ( 0.000000000000000000, 1.399999999999999911, 0.000000000000000000 ) ) ;
#1619 = DIRECTION ( 'NONE',  ( -0.000000000000000000, 1.000000000000000000, -0.000000000000000000 ) ) ;
#1620 = EDGE_CURVE ( 'NONE', #972, #3, #124, .T. ) ;
#1621 = EDGE_LOOP ( 'NONE', ( #1504, #480, #1096, #80 ) ) ;
#1622 =( NAMED_UNIT ( * ) PLANE_ANGLE_UNIT ( ) SI_UNIT ( $, .RADIAN. ) );
#1623 = DIRECTION ( 'NONE',  ( -1.000000000000000000, -0.000000000000000000, 1.334402673828313339E-16 ) ) ;
#1624 = ORIENTED_EDGE ( 'NONE', *, *, #922, .T. ) ;
#1625 = FILL_AREA_STYLE_COLOUR ( '', #609 ) ;
#1626 = DIRECTION ( 'NONE',  ( 0.000000000000000000, -1.000000000000000000, -0.000000000000000000 ) ) ;
#1627 = DIRECTION ( 'NONE',  ( 6.406649201050708916E-16, -1.000000000000000000, 0.000000000000000000 ) ) ;
#1628 = ORIENTED_EDGE ( 'NONE', *, *, #1372, .F. ) ;
#1629 = FACE_BOUND ( 'NONE', #28, .T. ) ;
#1630 = EDGE_CURVE ( 'NONE', #451, #1328, #599, .T. ) ;
#1631 = CARTESIAN_POINT ( 'NONE',  ( 7.100000000000000533, 1.899999999999999911, -7.549999999999999822 ) ) ;
#1632 = CLOSED_SHELL ( 'NONE', ( #646, #488, #474, #1396, #915, #1208, #1724, #1527, #1704, #555, #1197, #1529, #152, #881, #1742, #757, #307 ) ) ;
#1633 = UNCERTAINTY_MEASURE_WITH_UNIT (LENGTH_MEASURE( 1.000000000000000082E-05 ), #1895, 'distance_accuracy_value', 'NONE');
#1634 = CONTEXT_DEPENDENT_SHAPE_REPRESENTATION ( #1475, #315 ) ;
#1635 = SURFACE_STYLE_USAGE ( .BOTH. , #184 ) ;
#1636 = DIRECTION ( 'NONE',  ( -0.000000000000000000, -0.000000000000000000, -1.000000000000000000 ) ) ;
#1637 = CARTESIAN_POINT ( 'NONE',  ( -7.100000000000000533, 0.000000000000000000, 4.799999999999999822 ) ) ;
#1638 = AXIS2_PLACEMENT_3D ( 'NONE', #334, #1815, #497 ) ;
#1639 = EDGE_LOOP ( 'NONE', ( #1795, #314, #1680, #1341 ) ) ;
#1640 = CARTESIAN_POINT ( 'NONE',  ( -6.599999999999999645, 0.5000000000000000000, -7.549999999999999822 ) ) ;
#1641 = CIRCLE ( 'NONE', #1765, 0.5000000000000004441 ) ;
#1642 = FACE_BOUND ( 'NONE', #666, .T. ) ;
#1643 = CARTESIAN_POINT ( 'NONE',  ( -6.500000000000001776, 0.000000000000000000, -7.400000000000000355 ) ) ;
#1644 = LINE ( 'NONE', #74, #983 ) ;
#1645 = SURFACE_STYLE_USAGE ( .BOTH. , #771 ) ;
#1646 =( REPRESENTATION_RELATIONSHIP ('NONE','NONE', #287, #1749 ) REPRESENTATION_RELATIONSHIP_WITH_TRANSFORMATION ( #456 )SHAPE_REPRESENTATION_RELATIONSHIP( ) );
#1647 = VERTEX_POINT ( 'NONE', #463 ) ;
#1648 = DIRECTION ( 'NONE',  ( -1.000000000000000000, -0.000000000000000000, -0.000000000000000000 ) ) ;
#1649 = PLANE ( 'NONE',  #907 ) ;
#1650 = FILL_AREA_STYLE ('',( #1068 ) ) ;
#1651 = SHAPE_DEFINITION_REPRESENTATION ( #469, #1803 ) ;
#1652 = EDGE_CURVE ( 'NONE', #1647, #769, #453, .T. ) ;
#1653 = VERTEX_POINT ( 'NONE', #1797 ) ;
#1654 = CARTESIAN_POINT ( 'NONE',  ( -10.49999999999999822, 1.899999999999999911, 4.799999999999999822 ) ) ;
#1655 = PRODUCT_DEFINITION_SHAPE ( 'NONE', 'NONE',  #1131 ) ;
#1656 = STYLED_ITEM ( 'NONE', ( #386 ), #152 ) ;
#1657 = DIRECTION ( 'NONE',  ( 0.000000000000000000, 0.000000000000000000, -1.000000000000000000 ) ) ;
#1658 = FACE_OUTER_BOUND ( 'NONE', #1147, .T. ) ;
#1659 = CARTESIAN_POINT ( 'NONE',  ( -1.199999999999999956, 3.799999999999999822, 1.199999999999999956 ) ) ;
#1660 = EDGE_CURVE ( 'NONE', #612, #1776, #1054, .T. ) ;
#1661 = ORIENTED_EDGE ( 'NONE', *, *, #1380, .F. ) ;
#1662 = DIRECTION ( 'NONE',  ( 0.000000000000000000, 1.000000000000000000, 0.000000000000000000 ) ) ;
#1663 =( NAMED_UNIT ( * ) PLANE_ANGLE_UNIT ( ) SI_UNIT ( $, .RADIAN. ) );
#1664 = VECTOR ( 'NONE', #45, 1000.000000000000000 ) ;
#1665 = EDGE_CURVE ( 'NONE', #1523, #425, #1200, .T. ) ;
#1666 = AXIS2_PLACEMENT_3D ( 'NONE', #1589, #236, #1841 ) ;
#1667 = DIRECTION ( 'NONE',  ( 0.000000000000000000, -1.000000000000000000, 0.000000000000000000 ) ) ;
#1668 = MECHANICAL_DESIGN_GEOMETRIC_PRESENTATION_REPRESENTATION (  '', ( #301 ), #446 ) ;
#1669 = COLOUR_RGB ( '',0.3411764705882353033, 0.8392156862745098200, 0.4117647058823529216 ) ;
#1670 = VERTEX_POINT ( 'NONE', #1333 ) ;
#1671 = DIRECTION ( 'NONE',  ( 0.000000000000000000, 0.000000000000000000, -1.000000000000000000 ) ) ;
#1672 = AXIS2_PLACEMENT_3D ( 'NONE', #616, #164, #1175 ) ;
#1673 = SURFACE_SIDE_STYLE ('',( #1088 ) ) ;
#1674 = ORIENTED_EDGE ( 'NONE', *, *, #185, .F. ) ;
#1675 = CARTESIAN_POINT ( 'NONE',  ( -6.599999999999999645, 0.000000000000000000, -7.549999999999999822 ) ) ;
#1676 = CARTESIAN_POINT ( 'NONE',  ( 11.50000000000000000, 1.399999999999999911, 3.799999999999999378 ) ) ;
#1677 = EDGE_CURVE ( 'NONE', #471, #188, #270, .T. ) ;
#1678 = DIRECTION ( 'NONE',  ( -0.000000000000000000, -1.000000000000000000, -0.000000000000000000 ) ) ;
#1679 = DIRECTION ( 'NONE',  ( -0.000000000000000000, 1.000000000000000000, -0.000000000000000000 ) ) ;
#1680 = ORIENTED_EDGE ( 'NONE', *, *, #856, .T. ) ;
#1681 = DIRECTION ( 'NONE',  ( 0.000000000000000000, 0.000000000000000000, 1.000000000000000000 ) ) ;
#1682 = EDGE_LOOP ( 'NONE', ( #7, #1814, #153, #1073 ) ) ;
#1683 = CARTESIAN_POINT ( 'NONE',  ( -9.500000000000000000, 1.899999999999999911, -0.7999999999999986011 ) ) ;
#1684 = CARTESIAN_POINT ( 'NONE',  ( -9.500000000000000000, 1.899999999999999911, 0.7999999999999986011 ) ) ;
#1685 = ADVANCED_FACE ( 'NONE', ( #1642, #889 ), #1875, .T. ) ;
#1686 = CARTESIAN_POINT ( 'NONE',  ( 10.49999999999999822, 1.899999999999999911, -6.549999999999999822 ) ) ;
#1687 = DIRECTION ( 'NONE',  ( 0.000000000000000000, 0.000000000000000000, -1.000000000000000000 ) ) ;
#1688 = ORIENTED_EDGE ( 'NONE', *, *, #364, .T. ) ;
#1689 = EDGE_CURVE ( 'NONE', #237, #369, #1732, .T. ) ;
#1690 = DIRECTION ( 'NONE',  ( 0.000000000000000000, 1.000000000000000000, 0.000000000000000000 ) ) ;
#1691 = LINE ( 'NONE', #1417, #481 ) ;
#1692 = STYLED_ITEM ( 'NONE', ( #1406 ), #311 ) ;
#1693 = STYLED_ITEM ( 'NONE', ( #423 ), #555 ) ;
#1694 = ORIENTED_EDGE ( 'NONE', *, *, #944, .T. ) ;
#1695 = PLANE ( 'NONE',  #1666 ) ;
#1696 =( LENGTH_UNIT ( ) NAMED_UNIT ( * ) SI_UNIT ( .MILLI., .METRE. ) );
#1697 = ORIENTED_EDGE ( 'NONE', *, *, #996, .F. ) ;
#1698 =( NAMED_UNIT ( * ) SI_UNIT ( $, .STERADIAN. ) SOLID_ANGLE_UNIT ( ) );
#1699 =( GEOMETRIC_REPRESENTATION_CONTEXT ( 3 ) GLOBAL_UNCERTAINTY_ASSIGNED_CONTEXT ( ( #1345 ) ) GLOBAL_UNIT_ASSIGNED_CONTEXT ( ( #831, #843, #1698 ) ) REPRESENTATION_CONTEXT ( 'NONE', 'WORKASPACE' ) );
#1700 = VECTOR ( 'NONE', #1455, 1000.000000000000000 ) ;
#1701 = FACE_BOUND ( 'NONE', #1253, .T. ) ;
#1702 = CIRCLE ( 'NONE', #871, 1.000000000000000888 ) ;
#1703 = VECTOR ( 'NONE', #1045, 1000.000000000000000 ) ;
#1704 = ADVANCED_FACE ( 'NONE', ( #327, #1629 ), #622, .T. ) ;
#1705 = LINE ( 'NONE', #223, #294 ) ;
#1706 = AXIS2_PLACEMENT_3D ( 'NONE', #388, #1382, #656 ) ;
#1707 = AXIS2_PLACEMENT_3D ( 'NONE', #512, #684, #1242 ) ;
#1708 = AXIS2_PLACEMENT_3D ( 'NONE', #914, #303, #590 ) ;
#1709 = ORIENTED_EDGE ( 'NONE', *, *, #340, .T. ) ;
#1710 = ORIENTED_EDGE ( 'NONE', *, *, #1245, .T. ) ;
#1711 = FILL_AREA_STYLE_COLOUR ( '', #1207 ) ;
#1712 = CARTESIAN_POINT ( 'NONE',  ( 0.000000000000000000, 0.8000000000000000444, 0.000000000000000000 ) ) ;
#1713 = PRESENTATION_STYLE_ASSIGNMENT (( #946 ) ) ;
#1714 =( LENGTH_UNIT ( ) NAMED_UNIT ( * ) SI_UNIT ( .MILLI., .METRE. ) );
#1715 = DIRECTION ( 'NONE',  ( 0.000000000000000000, -0.000000000000000000, -1.000000000000000000 ) ) ;
#1716 = ADVANCED_FACE ( 'NONE', ( #1323 ), #1786, .T. ) ;
#1717 = ORIENTED_EDGE ( 'NONE', *, *, #69, .F. ) ;
#1718 = DIRECTION ( 'NONE',  ( 0.000000000000000000, 0.000000000000000000, 1.000000000000000000 ) ) ;
#1719 = ORIENTED_EDGE ( 'NONE', *, *, #1279, .F. ) ;
#1720 = SURFACE_STYLE_FILL_AREA ( #1560 ) ;
#1721 = CARTESIAN_POINT ( 'NONE',  ( -9.500000000000000000, 1.899999999999999911, 0.000000000000000000 ) ) ;
#1722 = LINE ( 'NONE', #1267, #1798 ) ;
#1723 = CARTESIAN_POINT ( 'NONE',  ( 6.499999999999998224, 0.000000000000000000, -7.400000000000002132 ) ) ;
#1724 = ADVANCED_FACE ( 'NONE', ( #1067 ), #1649, .F. ) ;
#1725 = ORIENTED_EDGE ( 'NONE', *, *, #126, .F. ) ;
#1726 = DIRECTION ( 'NONE',  ( 0.000000000000000000, 0.000000000000000000, 1.000000000000000000 ) ) ;
#1727 = VECTOR ( 'NONE', #1018, 1000.000000000000000 ) ;
#1728 = VECTOR ( 'NONE', #1344, 1000.000000000000000 ) ;
#1729 = VERTEX_POINT ( 'NONE', #816 ) ;
#1730 = DIRECTION ( 'NONE',  ( 1.000000000000000000, 0.000000000000000000, 0.000000000000000000 ) ) ;
#1731 = CYLINDRICAL_SURFACE ( 'NONE', #1143, 0.7999999999999986011 ) ;
#1732 = LINE ( 'NONE', #417, #910 ) ;
#1733 = MECHANICAL_DESIGN_GEOMETRIC_PRESENTATION_REPRESENTATION (  '', ( #657 ), #1734 ) ;
#1734 =( GEOMETRIC_REPRESENTATION_CONTEXT ( 3 ) GLOBAL_UNCERTAINTY_ASSIGNED_CONTEXT ( ( #1499 ) ) GLOBAL_UNIT_ASSIGNED_CONTEXT ( ( #1139, #1411, #1861 ) ) REPRESENTATION_CONTEXT ( 'NONE', 'WORKASPACE' ) );
#1735 = DIRECTION ( 'NONE',  ( -1.000000000000000000, 0.000000000000000000, 0.000000000000000000 ) ) ;
#1736 = VECTOR ( 'NONE', #39, 1000.000000000000000 ) ;
#1737 = ORIENTED_EDGE ( 'NONE', *, *, #358, .T. ) ;
#1738 = AXIS2_PLACEMENT_3D ( 'NONE', #1586, #855, #406 ) ;
#1739 = LINE ( 'NONE', #421, #1418 ) ;
#1740 = ORIENTED_EDGE ( 'NONE', *, *, #411, .T. ) ;
#1741 = SURFACE_STYLE_USAGE ( .BOTH. , #1433 ) ;
#1742 = ADVANCED_FACE ( 'NONE', ( #508 ), #952, .F. ) ;
#1743 = LINE ( 'NONE', #1007, #75 ) ;
#1744 = CARTESIAN_POINT ( 'NONE',  ( 6.599999999999999645, 1.399999999999999911, -7.549999999999999822 ) ) ;
#1745 = CARTESIAN_POINT ( 'NONE',  ( 1.199999999999999956, 3.799999999999999822, -1.199999999999999956 ) ) ;
#1746 = CARTESIAN_POINT ( 'NONE',  ( 11.50000000000000000, 1.399999999999999911, -6.549999999999999822 ) ) ;
#1747 = ORIENTED_EDGE ( 'NONE', *, *, #1845, .F. ) ;
#1748 = PLANE ( 'NONE',  #632 ) ;
#1749 = SHAPE_REPRESENTATION ( 'Mounting Plate', ( #1027 ), #1614 ) ;
#1750 = EDGE_CURVE ( 'NONE', #429, #1768, #518, .T. ) ;
#1751 = UNCERTAINTY_MEASURE_WITH_UNIT (LENGTH_MEASURE( 1.000000000000000082E-05 ), #1538, 'distance_accuracy_value', 'NONE');
#1752 = EDGE_LOOP ( 'NONE', ( #1581, #64, #1311, #790 ) ) ;
#1753 = PRODUCT_DEFINITION ( 'UNKNOWN', '', #878, #580 ) ;
#1754 = ORIENTED_EDGE ( 'NONE', *, *, #892, .T. ) ;
#1755 = DIRECTION ( 'NONE',  ( -0.000000000000000000, 1.000000000000000000, -0.000000000000000000 ) ) ;
#1756 = CIRCLE ( 'NONE', #282, 5.099999999999999645 ) ;
#1757 = ORIENTED_EDGE ( 'NONE', *, *, #1279, .T. ) ;
#1758 = DIRECTION ( 'NONE',  ( -0.000000000000000000, -1.000000000000000000, -0.000000000000000000 ) ) ;
#1759 = MECHANICAL_DESIGN_GEOMETRIC_PRESENTATION_REPRESENTATION (  '', ( #1692 ), #46 ) ;
#1760 = EDGE_LOOP ( 'NONE', ( #796, #1829, #1191, #94 ) ) ;
#1761 = CARTESIAN_POINT ( 'NONE',  ( 0.000000000000000000, 0.000000000000000000, 4.799999999999999822 ) ) ;
#1762 = CIRCLE ( 'NONE', #1794, 0.5000000000000004441 ) ;
#1763 = LINE ( 'NONE', #149, #1727 ) ;
#1764 = CARTESIAN_POINT ( 'NONE',  ( -6.474999999999999645, 0.6250000000000000000, -7.549999999999999822 ) ) ;
#1765 = AXIS2_PLACEMENT_3D ( 'NONE', #595, #34, #1596 ) ;
#1766 = MECHANICAL_DESIGN_GEOMETRIC_PRESENTATION_REPRESENTATION (  '', ( #1122 ), #61 ) ;
#1767 = STYLED_ITEM ( 'NONE', ( #949 ), #1396 ) ;
#1768 = VERTEX_POINT ( 'NONE', #1809 ) ;
#1769 = DIRECTION ( 'NONE',  ( -0.000000000000000000, -1.000000000000000000, -0.000000000000000000 ) ) ;
#1770 = DIRECTION ( 'NONE',  ( 0.000000000000000000, 1.000000000000000000, 0.000000000000000000 ) ) ;
#1771 = LINE ( 'NONE', #1643, #534 ) ;
#1772 = UNCERTAINTY_MEASURE_WITH_UNIT (LENGTH_MEASURE( 1.000000000000000082E-05 ), #1346, 'distance_accuracy_value', 'NONE');
#1773 = VERTEX_POINT ( 'NONE', #1109 ) ;
#1774 = SHAPE_DEFINITION_REPRESENTATION ( #1655, #1749 ) ;
#1775 = PRODUCT ( 'Mounting Plate', 'Mounting Plate', '', ( #1500 ) ) ;
#1776 = VERTEX_POINT ( 'NONE', #354 ) ;
#1777 = LINE ( 'NONE', #1783, #1391 ) ;
#1778 = EDGE_CURVE ( 'NONE', #166, #1328, #926, .T. ) ;
#1779 = ORIENTED_EDGE ( 'NONE', *, *, #744, .F. ) ;
#1780 = DIRECTION ( 'NONE',  ( 1.000000000000000000, 0.000000000000000000, 0.000000000000000000 ) ) ;
#1781 = PRESENTATION_STYLE_ASSIGNMENT (( #902 ) ) ;
#1782 = CARTESIAN_POINT ( 'NONE',  ( -1.199999999999999956, 3.799999999999999822, 1.199999999999999956 ) ) ;
#1783 = CARTESIAN_POINT ( 'NONE',  ( 4.776122516674677286E-16, 1.399999999999999911, 3.899999999999999911 ) ) ;
#1784 = VERTEX_POINT ( 'NONE', #1654 ) ;
#1785 = PLANE ( 'NONE',  #1416 ) ;
#1786 = PLANE ( 'NONE',  #150 ) ;
#1787 = DIRECTION ( 'NONE',  ( -0.000000000000000000, 0.000000000000000000, 1.000000000000000000 ) ) ;
#1788 = VECTOR ( 'NONE', #23, 1000.000000000000000 ) ;
#1789 = UNCERTAINTY_MEASURE_WITH_UNIT (LENGTH_MEASURE( 1.000000000000000082E-05 ), #198, 'distance_accuracy_value', 'NONE');
#1790 = AXIS2_PLACEMENT_3D ( 'NONE', #1183, #328, #1476 ) ;
#1791 =( NAMED_UNIT ( * ) PLANE_ANGLE_UNIT ( ) SI_UNIT ( $, .RADIAN. ) );
#1792 = CARTESIAN_POINT ( 'NONE',  ( -6.499999999999999112, 0.000000000000000000, 11.80000000000000071 ) ) ;
#1793 =( NAMED_UNIT ( * ) PLANE_ANGLE_UNIT ( ) SI_UNIT ( $, .RADIAN. ) );
#1794 = AXIS2_PLACEMENT_3D ( 'NONE', #1248, #1505, #638 ) ;
#1795 = ORIENTED_EDGE ( 'NONE', *, *, #619, .F. ) ;
#1796 = SURFACE_STYLE_FILL_AREA ( #1220 ) ;
#1797 = CARTESIAN_POINT ( 'NONE',  ( 10.49999999999999822, 1.399999999999999245, -7.549999999999999822 ) ) ;
#1798 = VECTOR ( 'NONE', #1687, 1000.000000000000000 ) ;
#1799 = VECTOR ( 'NONE', #564, 1000.000000000000000 ) ;
#1800 = FACE_OUTER_BOUND ( 'NONE', #1016, .T. ) ;
#1801 = EDGE_CURVE ( 'NONE', #1647, #1784, #1515, .T. ) ;
#1802 = APPLICATION_PROTOCOL_DEFINITION ( 'draft international standard', 'automotive_design', 1998, #1613 ) ;
#1803 = SHAPE_REPRESENTATION ( 'Sensor PCB', ( #1027 ), #449 ) ;
#1804 = DIRECTION ( 'NONE',  ( 1.000000000000000000, 5.421010862427532031E-16, 0.000000000000000000 ) ) ;
#1805 = VECTOR ( 'NONE', #665, 1000.000000000000000 ) ;
#1806 = DIRECTION ( 'NONE',  ( 0.000000000000000000, -1.000000000000000000, -0.000000000000000000 ) ) ;
#1807 = VERTEX_POINT ( 'NONE', #938 ) ;
#1808 =( LENGTH_UNIT ( ) NAMED_UNIT ( * ) SI_UNIT ( .MILLI., .METRE. ) );
#1809 = CARTESIAN_POINT ( 'NONE',  ( 6.500000000000000888, 0.8000000000000000444, 11.79999999999999893 ) ) ;
#1810 =( NAMED_UNIT ( * ) PLANE_ANGLE_UNIT ( ) SI_UNIT ( $, .RADIAN. ) );
#1811 = EDGE_CURVE ( 'NONE', #369, #1219, #1093, .T. ) ;
#1812 = ADVANCED_FACE ( 'NONE', ( #218 ), #806, .F. ) ;
#1813 = CARTESIAN_POINT ( 'NONE',  ( 0.000000000000000000, 1.399999999999999911, 0.000000000000000000 ) ) ;
#1814 = ORIENTED_EDGE ( 'NONE', *, *, #777, .F. ) ;
#1815 = DIRECTION ( 'NONE',  ( -0.000000000000000000, 1.000000000000000000, -0.000000000000000000 ) ) ;
#1816 = SURFACE_STYLE_USAGE ( .BOTH. , #363 ) ;
#1817 = AXIS2_PLACEMENT_3D ( 'NONE', #1030, #1626, #10 ) ;
#1818 =( NAMED_UNIT ( * ) SI_UNIT ( $, .STERADIAN. ) SOLID_ANGLE_UNIT ( ) );
#1819 = DIRECTION ( 'NONE',  ( 1.000000000000000000, 0.000000000000000000, 0.000000000000000000 ) ) ;
#1820 = VECTOR ( 'NONE', #1083, 1000.000000000000000 ) ;
#1821 =( NAMED_UNIT ( * ) SI_UNIT ( $, .STERADIAN. ) SOLID_ANGLE_UNIT ( ) );
#1822 = ADVANCED_FACE ( 'NONE', ( #1393 ), #533, .F. ) ;
#1823 = ORIENTED_EDGE ( 'NONE', *, *, #792, .T. ) ;
#1824 = CYLINDRICAL_SURFACE ( 'NONE', #1638, 0.7999999999999986011 ) ;
#1825 = DIRECTION ( 'NONE',  ( 1.000000000000000000, 0.000000000000000000, -1.334402673828313339E-16 ) ) ;
#1826 = CIRCLE ( 'NONE', #540, 0.7999999999999986011 ) ;
#1827 = DIRECTION ( 'NONE',  ( -0.000000000000000000, -1.000000000000000000, -0.000000000000000000 ) ) ;
#1828 = DIRECTION ( 'NONE',  ( -0.000000000000000000, 1.000000000000000000, -0.000000000000000000 ) ) ;
#1829 = ORIENTED_EDGE ( 'NONE', *, *, #1166, .T. ) ;
#1830 = CARTESIAN_POINT ( 'NONE',  ( 6.474999999999999645, 0.6250000000000000000, -7.549999999999999822 ) ) ;
#1831 = CARTESIAN_POINT ( 'NONE',  ( 11.50000000000000000, 1.399999999999999911, 3.799999999999999378 ) ) ;
#1832 = EDGE_CURVE ( 'NONE', #740, #277, #296, .T. ) ;
#1833 = EDGE_LOOP ( 'NONE', ( #1151, #779, #874, #1483 ) ) ;
#1834 = DIRECTION ( 'NONE',  ( 1.000000000000000000, 6.406649201050708916E-16, -0.000000000000000000 ) ) ;
#1835 = CARTESIAN_POINT ( 'NONE',  ( 6.599999999999999645, 1.899999999999999911, 4.799999999999999822 ) ) ;
#1836 = CARTESIAN_POINT ( 'NONE',  ( -10.49999999999999822, 1.399999999999997247, 3.799999999999999378 ) ) ;
#1837 = DIRECTION ( 'NONE',  ( 6.406649201050708916E-16, -1.000000000000000000, 0.000000000000000000 ) ) ;
#1838 = DIRECTION ( 'NONE',  ( 0.000000000000000000, 0.000000000000000000, -1.000000000000000000 ) ) ;
#1839 = CARTESIAN_POINT ( 'NONE',  ( 0.000000000000000000, 0.8000000000000000444, -3.899999999999999911 ) ) ;
#1840 = ORIENTED_EDGE ( 'NONE', *, *, #1677, .F. ) ;
#1841 = DIRECTION ( 'NONE',  ( -1.000000000000000000, 0.000000000000000000, -0.000000000000000000 ) ) ;
#1842 = DIRECTION ( 'NONE',  ( -1.000000000000000000, 0.000000000000000000, 0.000000000000000000 ) ) ;
#1843 = ORIENTED_EDGE ( 'NONE', *, *, #1570, .T. ) ;
#1844 = SURFACE_STYLE_FILL_AREA ( #1650 ) ;
#1845 = EDGE_CURVE ( 'NONE', #1278, #645, #107, .T. ) ;
#1846 = FACE_OUTER_BOUND ( 'NONE', #1099, .T. ) ;
#1847 = DIRECTION ( 'NONE',  ( 0.000000000000000000, 0.000000000000000000, -1.000000000000000000 ) ) ;
#1848 = VECTOR ( 'NONE', #879, 1000.000000000000000 ) ;
#1849 = VECTOR ( 'NONE', #600, 1000.000000000000000 ) ;
#1850 = ORIENTED_EDGE ( 'NONE', *, *, #1324, .T. ) ;
#1851 = SURFACE_STYLE_USAGE ( .BOTH. , #1431 ) ;
#1852 = ORIENTED_EDGE ( 'NONE', *, *, #996, .T. ) ;
#1853 = VECTOR ( 'NONE', #973, 1000.000000000000000 ) ;
#1854 = STYLED_ITEM ( 'NONE', ( #1227 ), #844 ) ;
#1855 = ADVANCED_FACE ( 'NONE', ( #1270, #1658 ), #1520, .T. ) ;
#1856 =( NAMED_UNIT ( * ) SI_UNIT ( $, .STERADIAN. ) SOLID_ANGLE_UNIT ( ) );
#1857 = VECTOR ( 'NONE', #895, 1000.000000000000000 ) ;
#1858 = CIRCLE ( 'NONE', #962, 0.1250000000000001110 ) ;
#1859 = MECHANICAL_DESIGN_GEOMETRIC_PRESENTATION_REPRESENTATION (  '', ( #1246 ), #1395 ) ;
#1860 = VERTEX_POINT ( 'NONE', #377 ) ;
#1861 =( NAMED_UNIT ( * ) SI_UNIT ( $, .STERADIAN. ) SOLID_ANGLE_UNIT ( ) );
#1862 = EDGE_LOOP ( 'NONE', ( #308, #970, #1876, #669 ) ) ;
#1863 = LINE ( 'NONE', #1124, #1020 ) ;
#1864 = FILL_AREA_STYLE ('',( #1127 ) ) ;
#1865 = UNCERTAINTY_MEASURE_WITH_UNIT (LENGTH_MEASURE( 1.000000000000000082E-05 ), #1696, 'distance_accuracy_value', 'NONE');
#1866 = ORIENTED_EDGE ( 'NONE', *, *, #1289, .T. ) ;
#1867 = EDGE_CURVE ( 'NONE', #143, #585, #1579, .T. ) ;
#1868 = CARTESIAN_POINT ( 'NONE',  ( -10.49999999999999822, 1.399999999999997247, 4.799999999999999822 ) ) ;
#1869 = ADVANCED_FACE ( 'NONE', ( #514 ), #70, .T. ) ;
#1870 = ORIENTED_EDGE ( 'NONE', *, *, #505, .F. ) ;
#1871 = DIRECTION ( 'NONE',  ( -1.334402673828313586E-16, 0.000000000000000000, -1.000000000000000000 ) ) ;
#1872 = ORIENTED_EDGE ( 'NONE', *, *, #519, .T. ) ;
#1873 = DIRECTION ( 'NONE',  ( -1.000000000000000000, -0.000000000000000000, -0.000000000000000000 ) ) ;
#1874 = DIRECTION ( 'NONE',  ( -0.000000000000000000, -0.000000000000000000, 1.000000000000000000 ) ) ;
#1875 = PLANE ( 'NONE',  #663 ) ;
#1876 = ORIENTED_EDGE ( 'NONE', *, *, #948, .F. ) ;
#1877 = SURFACE_SIDE_STYLE ('',( #708 ) ) ;
#1878 = LINE ( 'NONE', #549, #1577 ) ;
#1879 = EDGE_LOOP ( 'NONE', ( #1349, #232, #1445, #1276 ) ) ;
#1880 = SURFACE_SIDE_STYLE ('',( #381 ) ) ;
#1881 = ADVANCED_FACE ( 'NONE', ( #1097 ), #523, .T. ) ;
#1882 = PRESENTATION_LAYER_ASSIGNMENT (  '', '', ( #1656 ) ) ;
#1883 = PRESENTATION_LAYER_ASSIGNMENT (  '', '', ( #250 ) ) ;
#1884 = ORIENTED_EDGE ( 'NONE', *, *, #101, .T. ) ;
#1885 = UNCERTAINTY_MEASURE_WITH_UNIT (LENGTH_MEASURE( 1.000000000000000082E-05 ), #736, 'distance_accuracy_value', 'NONE');
#1886 = CIRCLE ( 'NONE', #1209, 0.1250000000000001110 ) ;
#1887 = CARTESIAN_POINT ( 'NONE',  ( -1.199999999999999956, 0.8000000000000000444, 1.199999999999999956 ) ) ;
#1888 = AXIS2_PLACEMENT_3D ( 'NONE', #1272, #1563, #988 ) ;
#1889 = CARTESIAN_POINT ( 'NONE',  ( -6.500000000000001776, 0.8000000000000000444, -7.400000000000000355 ) ) ;
#1890 = ORIENTED_EDGE ( 'NONE', *, *, #1043, .F. ) ;
#1891 = LINE ( 'NONE', #306, #1857 ) ;
#1892 = EDGE_CURVE ( 'NONE', #842, #1597, #1562, .T. ) ;
#1893 = EDGE_LOOP ( 'NONE', ( #1159, #1304, #1694, #981 ) ) ;
#1894 = FACE_OUTER_BOUND ( 'NONE', #412, .T. ) ;
#1895 =( LENGTH_UNIT ( ) NAMED_UNIT ( * ) SI_UNIT ( .MILLI., .METRE. ) );
#1896 = NEXT_ASSEMBLY_USAGE_OCCURRENCE ( 'NAUO1', ' ', ' ', #927, #1131, $ ) ;
#1897 = NEXT_ASSEMBLY_USAGE_OCCURRENCE ( 'NAUO2', ' ', ' ', #927, #1753, $ ) ;
ENDSEC;
END-ISO-10303-21;
