:020000022000DC
:1070000000F2002081880300FD2106006D88030046
:107010006D8803006D8803006D8803000000000088
:107020000000000000000000000000009189030043
:107030006D88030000000000018903006D880300D3
:10704000FD8B0300D1150500FD8B0300FD8B0300B4
:10705000FD8B0300FD8B0300FD8B0300FD8B030004
:10706000FD8B0300FD8B0300FD8B0300FD8B0300F4
:10707000FD8B0300FD8B0300FD8B0300FD8B0300E4
:10708000FD8B0300FD8B0300FD8B0300FD8B0300D4
:10709000FD8B0300FD8B0300FD8B0300FD8B0300C4
:1070A000FD8B0300FD8B0300FD8B0300FD8B0300B4
:1070B000FD8B0300FD8B0300FD8B0300FD8B0300A4
:1070C000FD8B0300FD8B0300FD8B0300FD8B030094
:1070D000FD8B0300FD8B0300FD8B0300FD8B030084
:1070E000FD8B0300FD8B0300FD8B0300FD8B030074
:1070F000FD8B0300FD8B0300FD8B0300FD8B030064
:1071000081F0004102E000BF83F0004330B54FEA58
:1071100041044FEA430594EA050F08BF90EA020FC5
:107120001FBF54EA000C55EA020C7FEA645C7FEA58
:10713000655C00F0E2804FEA5454D4EB5555B8BF7B
:107140006D420CDD2C4480EA020281EA030382EAEC
:10715000000083EA010180EA020281EA0303362D7E
:1071600088BF30BD11F0004F4FEA01314FF4801C51
:107170004CEA113102D0404261EB410113F0004F63
:107180004FEA03334CEA133302D0524263EB43031A
:1071900094EA050F00F0A780A4F10104D5F1200EB8
:1071A0000DDB02FA0EFC22FA05F2801841F1000113
:1071B00003FA0EF2801843FA05F359410EE0A5F1E7
:1071C00020050EF1200E012A03FA0EFC28BF4CF018
:1071D000020C43FA05F3C01851EBE37101F00045CE
:1071E00007D54FF0000EDCF1000C7EEB00006EEBDB
:1071F0000101B1F5801F1BD3B1F5001F0CD3490865
:107200005FEA30004FEA3C0C04F101044FEA4452BB
:1072100012F5800F80F09A80BCF1004F08BF5FEA42
:10722000500C50F1000041EB045141EA050130BD22
:107230005FEA4C0C404141EB0101013C28BFB1F534
:10724000801FE9D291F0000F04BF01460020B1FA7F
:1072500081F308BF2033A3F10B03B3F120020CDA52
:107260000C3208DD02F1140CC2F10C0201FA0CF030
:1072700021FA02F10CE002F11402D8BFC2F1200C95
:1072800001FA02F120FA0CFCDCBF41EA0C0190404B
:10729000E41AA2BF01EB0451294330BD6FEA040494
:1072A0001F3C1CDA0C340EDC04F11404C4F120027F
:1072B00020FA04F001FA02F340EA030021FA04F391
:1072C00045EA030130BDC4F10C04C4F1200220FAE8
:1072D00002F001FA04F340EA0300294630BD21FA26
:1072E00004F0294630BD94F0000F83F4801306BFEC
:1072F00081F480110134013D4EE77FEA645C18BFE0
:107300007FEA655C29D094EA050F08BF90EA020F76
:1073100005D054EA000C04BF1946104630BD91EA6E
:10732000030F1EBF0021002030BD5FEA545C05D171
:107330004000494128BF41F0004130BD14F58004B0
:107340003CBF01F5801130BD01F0004545F0FE4124
:1073500041F470014FF0000030BD7FEA645C1ABF59
:10736000194610467FEA655C1CBF0B46024650EA90
:10737000013406BF52EA033591EA030F41F40021BC
:1073800030BD00BF90F0000F04BF0021704730B542
:107390004FF4806404F132044FF000054FF0000117
:1073A00050E700BF90F0000F04BF0021704730B5D8
:1073B0004FF4806404F1320410F0004548BF4042AD
:1073C0004FF000013EE700BF42004FEAE2014FEA02
:1073D00031014FEA02701FBF12F07F4393F07F4FDD
:1073E00081F06051704732F07F4208BF704793F0E0
:1073F0007F4F04BF41F40021704730B54FF46074F3
:1074000001F0004521F000411CE700BF50EA0102F5
:1074100008BF704730B54FF000050AE050EA01029E
:1074200008BF704730B511F0004502D5404261EB0E
:1074300041014FF4806404F132045FEA915C3FF44F
:10744000D8AE4FF003025FEADC0C18BF03325FEAEC
:10745000DC0C18BF033202EBDC02C2F1200300FA9D
:1074600003FC20FA02F001FA03FE40EA0E0021FAC2
:1074700002F11444BDE600BF70B54FF0FF0C4CF4B0
:10748000E06C1CEA11541DBF1CEA135594EA0C0F62
:1074900095EA0C0F00F0DEF82C4481EA030621EA9D
:1074A0004C5123EA4C5350EA013518BF52EA0335D8
:1074B00041F4801143F4801338D0A0FB02CE4FF08A
:1074C0000005E1FB02E506F00042E0FB03E54FF0BA
:1074D0000006E1FB03569CF0000F18BF4EF0010EB2
:1074E000A4F1FF04B6F5007F64F5407404D25FEAAE
:1074F0004E0E6D4146EB060642EAC62141EA555161
:107500004FEAC52040EA5E504FEACE2EB4F1FD0CA2
:1075100088BFBCF5E06F1ED8BEF1004F08BF5FEA20
:10752000500E50F1000041EB045170BD06F00046D2
:1075300046EA010140EA020081EA0301B4EB5C047F
:10754000C2BFD4EB0C0541EA045170BD41F4801177
:107550004FF0000E013C00F3AB8014F1360FDEBF9C
:10756000002001F0004170BDC4F10004203C35DA78
:107570000C341BDC04F11404C4F1200500FA05F3FB
:1075800020FA04F001FA05F240EA020001F000429C
:1075900021F0004110EBD37021FA04F642EB060112
:1075A0005EEA430E08BF20EAD37070BDC4F10C043C
:1075B000C4F1200500FA04F320FA05F001FA04F200
:1075C00040EA020001F0004110EBD37041F10001EC
:1075D0005EEA430E08BF20EAD37070BDC4F12005F7
:1075E00000FA05F24EEA020E20FA04F301FA05F25F
:1075F00043EA020321FA04F001F0004121FA04F207
:1076000020EA020000EBD3705EEA430E08BF20EAD6
:10761000D37070BD94F0000F0FD101F00046400010
:1076200041EB010111F4801F08BF013CF7D041EA92
:10763000060195F0000F18BF704703F00046520096
:1076400043EB030313F4801F08BF013DF7D043EA67
:107650000603704794EA0C0F0CEA135518BF95EA1D
:107660000C0F0CD050EA410618BF52EA4306D1D1A4
:1076700081EA030101F000414FF0000070BD50EAC3
:10768000410606BF1046194652EA430619D094EA4D
:107690000C0F02D150EA013613D195EA0C0F05D137
:1076A00052EA03361CBF104619460AD181EA03018B
:1076B00001F0004141F0FE4141F470014FF0000043
:1076C00070BD41F0FE4141F4780170BD70B54FF0DE
:1076D000FF0C4CF4E06C1CEA11541DBF1CEA13555E
:1076E00094EA0C0F95EA0C0F00F0A7F8A4EB050440
:1076F00081EA030E52EA03354FEA013100F0888037
:107700004FEA03334FF0805545EA131343EA1263FF
:107710004FEA022245EA111545EA10654FEA0026B4
:107720000EF000419D4208BF964244F1FD0404F56D
:10773000407402D25B084FEA3202B61A65EB0305C9
:107740005B084FEA32024FF480104FF4002CB6EB86
:10775000020E75EB030E22BFB61A754640EA0C0006
:107760005B084FEA3202B6EB020E75EB030E22BF46
:10777000B61A754640EA5C005B084FEA3202B6EB87
:10778000020E75EB030E22BFB61A754640EA9C0046
:107790005B084FEA3202B6EB020E75EB030E22BF16
:1077A000B61A754640EADC0055EA060E18D04FEAD4
:1077B000051545EA16754FEA06164FEAC30343EA74
:1077C00052734FEAC2025FEA1C1CC0D111F4801F41
:1077D0000BD141EA00014FF000004FF0004CB6E73A
:1077E00011F4801F04BF01430020B4F1FD0C88BFD9
:1077F000BCF5E06F3FF6AFAEB5EB030C04BFB6EBE4
:10780000020C5FEA500C50F1000041EB045170BDD6
:107810000EF0004E4EEA113114EB5C04C2BFD4EB03
:107820000C0541EA045170BD41F480114FF0000E87
:10783000013C90E645EA060E8DE60CEA135594EA03
:107840000C0F08BF95EA0C0F3FF43BAF94EA0C0F06
:107850000AD150EA01347FF434AF95EA0C0F7FF47B
:1078600025AF104619462CE795EA0C0F06D152EACF
:1078700003353FF4FDAE1046194622E750EA4106B3
:1078800018BF52EA43067FF4C5AE50EA41047FF4C4
:107890000DAF52EA43057FF4EBAE12E74FF0FF3C29
:1078A00006E000BF4FF0010C02E000BF4FF0010CFA
:1078B0004DF804CD4FEA410C7FEA6C5C4FEA430C73
:1078C00018BF7FEA6C5C1BD001B050EA410C0CBFC2
:1078D00052EA430C91EA030F02BF90EA020F002024
:1078E000704710F1000F91EA030F58BF994208BF8B
:1078F00090422CBFD8176FEAE37040F00100704748
:107900004FEA410C7FEA6C5C02D150EA013C07D19E
:107910004FEA430C7FEA6C5CD6D152EA033CD3D0E9
:107920005DF8040B704700BF8446104662468C46E3
:107930001946634600E000BF01B5FFF7B7FF002816
:1079400048BF10F1000F01BD4DF808EDFFF7F4FF3F
:107950000CBF012000205DF808FB00BF4DF808EDCA
:10796000FFF7EAFF34BF012000205DF808FB00BFED
:107970004DF808EDFFF7E0FF94BF012000205DF80F
:1079800008FB00BF4DF808EDFFF7CEFF94BF0120C4
:1079900000205DF808FB00BF4DF808EDFFF7C4FFBD
:1079A00034BF012000205DF808FB00BF4FEA410210
:1079B000B2F1E04324BFB3F5001CDCF1FE5C0DD94D
:1079C00001F0004C4FEAC0024CEA5070B2F1004F97
:1079D00040EB830008BF20F00100704711F0804F9A
:1079E00021D113F13872BCBF01F00040704741F45F
:1079F00080114FEA5252C2F11802C2F1200C10FA63
:107A00000CF320FA02F018BF40F001004FEAC12346
:107A10004FEAD32303FA0CFC40EA0C0023FA02F3EA
:107A20004FEA4303CCE77FEA625307D150EA0133C0
:107A30001EBF4FF0FE4040F44000704701F0004090
:107A400040F0FE4040F40000704700BF53B94AB90F
:107A5000002908BF00281CBF4FF0FF314FF0FF3056
:107A600000F00CB8ADF1080C6DE904CE37F060FF02
:107A7000DDF804E0DDE9022304B07047704700BF81
:107A800010F8012B11F8013B012A28BF9A42F7D0C8
:107A9000D01A7047034611F8012B03F8012B002A76
:107AA000F9D17047034613F8012B002AFBD1181AAD
:107AB0000138704700000000F0B583B000AF3A1DF8
:107AC000002140F6034013F0FBF80446002874D16F
:107AD0007C68E3681B789BB914F09EFDBB4BBFF339
:107AE0005B8F1A68BFF35B8F02F00902BFF35B8FF5
:107AF00053E8001F43E800200028F9D1BFF35B8F53
:107B0000204611F02FFB3A1D002141F2030013F033
:107B1000D7F80446002850D17A68AD4DD168D1F825
:107B20000100D1F8051005F1780303C3104611F0E8
:107B300019FB21463A1D41F2010013F0C1F8044639
:107B400000283AD17868C3685A7885F870205A8836
:107B5000A5F872201A7985F87120B3F80720A5F8E6
:107B60007420B3F80530A5F8763011F0FBFA214601
:107B70003A1D41F2020013F0A3F80446E8B9D7F821
:107B800004C0DCF80C2005F18006531C4132186853
:107B90005968344603C4083393422646F7D16046F9
:107BA00011F0E0FA95F87C305A060AD4894A8A48DE
:107BB00001213AF0CAFD6FF0120420460C37BD4691
:107BC000F0BD3A1D002142F2030013F079F804469B
:107BD0000028F2D17B68814EDA68D2F80100D2F831
:107BE000051003C6184611F0BDFA21463A1D42F2AF
:107BF000020013F065F804460028DED17C68E368D3
:107C0000B3F8012091B249B1D97839B1A5F804216E
:107C1000DA78114606F128003FF09BFC204611F06F
:107C2000A1FA95F87C401F2314F02004A5F8203118
:107C300018D1022140F66D4012F01AFC06460028C9
:107C400000F0C18002210C303AF0BDFB01234470EA
:107C500003702246314640F66D4013F031F8044679
:107C60000028AAD195F89C301B0712D53A1D002197
:107C700042F21C0013F024F8044600289DD17868D5
:107C8000C368D3F80120D3F80530C5E9382311F0D3
:107C900069FA95F8D8309E0621D5B91C384613F0FC
:107CA0000BF90446002888D1042142F2240012F086
:107CB000DFFB0646002800F0868004210C303AF0F5
:107CC00082FB3B8803807B8843802246314642F218
:107CD000240012F0F5FF044600287FF46EAF95F8FB
:107CE000D8305C0610D53A1D002142F22A0012F06D
:107CF000E7FF044600287FF460AF7868C3685B78CC
:107D000085F8223111F02EFA082142F2010012F01A
:107D1000AFFB0446002856D008210C303AF053FB44
:107D200095F8D81011F0400F40F20223024608BF28
:107D3000032388074CBF43F02C0343F00C038E064B
:107D400095F8D96006F0090648BF43F040030EB12C
:107D500043F4006301F0010143EA011000213AF00D
:107D600022FD2146002242F2010012F0A9FF044642
:107D700000287FF422AF95F87C30B5F804119806FE
:107D800030D4C9B93A1D41F2050012F099FF0446FA
:107D900000287FF412AFB5F804317C684BB9E36872
:107DA000B3F80120A5F804219A880D4811463FF048
:107DB000D0FB204611F0D6F9082140F6014012F020
:107DC00057FB0446C0B96FF06804F6E66C0D00205E
:107DD000980C00203D2D0700B48F0600700D002088
:107DE000A00D00200029E7D16F4A704801213AF028
:107DF000ACFC6FF00404E0E608210C303AF0E3FA42
:107E000095F8D830D907024653BF4FF0005164A10E
:107E1000D1E9000166483AF0C6FC2146002240F64E
:107E2000014012F04DFF044600287FF4C6AE014623
:107E30003A1D4FF6014012F043FFD0B15D4A5B4856
:107E400002213AF082FC3AF0B3FE044600287FF4A7
:107E5000B4AE16F02BF9044600287FF4AEAEEB79F1
:107E6000002B40F09480544A504803213AF06DFCB6
:107E7000A3E67B68DC68B4F80130032B96BF4F4A59
:107E80004F4A52F823206E468AB04E490793CDE9F7
:107E900005124FF400736A46ADF820304A4B42F8A1
:107EA000103F42484FF413513AF06EFCB4F80120F1
:107EB000B4F80330022AB54649D1052B47D8434AC6
:107EC00052F823206E468AB041490793CDE9051246
:107ED0004FF400736A46ADF820303B4B42F8103F38
:107EE00032484FF413513AF04FFC6379B4F807006D
:107EF000D4F80910032B96BF364A314A52F8232092
:107F0000B546A6796C468CB0DFF8DCC0CDE9073603
:107F1000CDE905C24FF400736A46ADF82C302E4B04
:107F2000CDE9090142F8103F4FF473511F483AF070
:107F30002BFCA546786811F015F93A1D00214FF683
:107F4000024012F0BDFE044618B1244A77E71C4AED
:107F5000B8E77868C368B3F80130A5F8C13011F00C
:107F600001F995F8C1305B077FF56DAF3A1D2146E9
:107F70004FF6034012F0A4FE08B1194A5FE7786893
:107F8000C3685B7885F8C03011F0ECF85BE7082136
:107F900014483AF0DCFB12F045FC0EE6AFF300802B
:107FA0009088000200800020612D0700B48F060039
:107FB00010880002842D0700582E070058AD0600D7
:107FC000FF2A0700A82D07000400000140AD0600AD
:107FD000C12D070030AD060007000001062E070086
:107FE0002F2E07006C0D0020D92D07000000000087
:107FF0002DE9F8438846D0E9071685698C192F3496
:10800000A54291461AD81E4E1BA3D3E90023A1FB1B
:108010000601FFF71BFD0346601BA0FB060123F0D2
:108020007F4415A3D3E90023FFF710FD20F07F4024
:10803000C8F80040C9F80000BDE8F883104F0EA34F
:10804000D3E90023A5FB0701FFF700FD20F07F44E3
:108050000C480A2108A3D3E90023E6FB0701FFF738
:10806000F5FC20F07F40C8F80040C9F80000BDE8EA
:10807000F88300BFAFF300808D49FD1A07000000B0
:1080800000CA9A3B00166BF1F0B5036989B005464A
:108090000F461E4626483FF008FA4FF0FF320021F7
:1080A00024483FF056FA23481EF092FA044688BB53
:1080B000376000F071FD9FED1C7B6FF00903CDE987
:1080C00003348DED067BCDE901441B4B1B49009524
:1080D0004FF400721A4835F0BBFC1A4918483FF0BB
:1080E00069FB9FED117B6FF00702CDE903248DED55
:1080F000067BCDE90144144B144900954FF460729E
:10810000134835F0A5FC134911483FF053FB2046B6
:1081100009B0F0BD104A11482346012139F037FC5F
:10812000204609B0F0BD00BF0000000000000000C4
:10813000807D0020987D0020ED74040080D4002014
:10814000204A00205CB40600CD73040080D00020DB
:108150005849002068B406003CB406007C8F060035
:10816000F0B5038A91B00022022B0B9240F22381DA
:1081700004460E460C3003213AF056F9228A8378E1
:108180009A42C0F021810088D74DC0F38523082B87
:108190001FFA80FC2880C0F309000DD8CBB1013B49
:1081A000072B16D8DFE813F0FA001500D800BE0040
:1081B0001500150015001C003F2B0AD121460BAA03
:1081C0001FF000FB163018BF0B9C40F0E480B5F8A0
:1081D00000C00121604611B0BDE8F0403AF0C7BBD5
:1081E00001384D28F3D801A353F820F091870200FD
:1081F0001B880200CF870200CF810200C5870200E2
:10820000A1870200F7880200EB880200DF880200E5
:10821000D5880200BD8802007D88020045880200E2
:108220003D880200B58A0200998A0200918A020004
:10823000898A0200658A02005D8A02002F8A020094
:108240001F8A0200DF890200BF890200A78902009D
:108250009D8902006F8902004F890200CF810200D0
:10826000CF810200CF8102002D8902001189020016
:108270006F8602003B8602002F860200CF8102003B
:10828000CF810200218602001986020013860200B7
:10829000F3850200C1850200FD860200F38602001C
:1082A000E58602009B8602002F8702008D85020072
:1082B0003B850200CF810200CF810200CF81020006
:1082C000CF810200CF810200CF810200CF81020066
:1082D000CF810200CF810200CF810200CF81020056
:1082E000CF810200CF810200CF810200CF81020046
:1082F000CF810200CF810200CF810200CF81020036
:10830000CF810200CF810200CF810200CF81020025
:10831000CF81020019850200CF810200CF810200C7
:1083200087870200013808283FF651AF01A353F8B0
:1083300020F000BF678402001B840200F583020066
:10834000CF810200CF810200CF810200CF810200E5
:10835000CF810200D5830200632800F0D18300F2B0
:10836000B983032800F094802D2800F0CC830128E5
:108370007FF42DAFE2685D4B1168526819600146C9
:1083800060465A603AF0E1FA012104460C303AF0B6
:108390001AF800230370204611B0F0BD062800F043
:1083A000A6831D287FF413AFE368188821F0C2FA72
:1083B000014628880FE74E4A4E48012139F0DFFA7E
:1083C0000024204611B0F0BD4B4A4A48012139F043
:1083D000D6FAF5E7604607213AF0B7FA07210446D6
:1083E0000C3039F0F0FF0146002001F8010B1DF0C0
:1083F000B3FDD0E7092160463AF0A7FA0921044607
:108400000C3039F0E0FF0346002203F8012B602115
:10841000C0F801205A604171BDE7604641213AF041
:1084200094FA412104460C3039F0CDFF0021054675
:108430003F2200F8021B3FF0E9FB04232F4AEB72B6
:10844000EB7520232E49C5F81A20C0204FF4906206
:108450006B704FF40A73A871C5F82110A5F8272096
:10846000A5F80F3097E7092160463AF06EFA092126
:1084700004460C3039F0A7FF4FF450610023214A25
:1084800001800D218370C3700171C0F8052082E75F
:108490009FED137B1C4815491C4A1D4B4FF0FF34C0
:1084A00081ED007B046000210020C2E900011F2053
:1084B0000021C3E900011EF017F9288801213AF0D4
:1084C00044FA012104460C3039F07DFF0023114AA3
:1084D000037013601FF0BEF85DE700BFAFF30080CC
:1084E000FFFFFFFFFF1F0000F0A30020280E002069
:1084F000D4B40600748F0600ECB40600F7FFFF0F3B
:1085000030F0F97FF105FFFFB87D0020E84A002038
:10851000200E0020B07D0020604603213AF015FABD
:10852000032104460C3039F04EFF0146002301F8C8
:10853000023B01301DF0DCFC2DE7E26892F802E01E
:10854000D1781088B2F8054013791EF0010F1CBFD6
:1085500041F00301D1701EF0020F00F00A8343F0D6
:108560000303137143EA0102032A40F00E834F070D
:1085700000F00883621E14F0030402F0010208BF39
:10858000224621F08BFA0146288824E6E3681A780F
:10859000D1074ABF07205878587092074ABF072171
:1085A0009978997021F070FA0646012128883AF0EE
:1085B000CCF9012104460C3039F005FF0670EAE6DB
:1085C000E36818680C909A889B798DF8363060467D
:1085D0000721ADF834203AF0B8F9072104460C30F1
:1085E00039F0F1FE0546411C0CA828F073F92870FB
:1085F000D1E6604602213AF0A8F9022104460C3087
:1086000039F0E1FE054627F0FFFF002368702B706C
:10861000C1E627F0FBFFC7E7E06828F041F8C3E7B1
:10862000E06800F11702C11D28F076FCBCE7E368A2
:108630005988188821F0ECF9B6E7604605213AF030
:1086400084F9052104460C3039F0BDFE0CA905461D
:108650000DF12A0021F0D0F9BDF82A20A5F801205B
:10866000BDF83020A5F8032000232B7093E6E368C3
:108670001A8859881646B0B29A8821F089F90746B7
:10868000032128883AF061F9032104460C3039F0BF
:108690009AFE0770A0F801607DE6604609213AF075
:1086A00054F9092104460C3039F08DFE0CAB054617
:1086B0000DF12A020AA90DF1260021F0B3F9BDF847
:1086C0002620A5F80120BDF82820A5F80320BDF834
:1086D0002A20A5F80520BDF83020A5F807200023A2
:1086E0002B7058E6E368188828F07CF92888012167
:1086F00048E6E368187828F05DF955E7E3681868FC
:108700000C909A889B798DF8363060460721ADF839
:1087100034203AF01AF9072104460C3039F053FEA0
:108720000546411C0CA828F013F9287033E6E368CD
:108730001B88604605211F463AF007F905210446CB
:108740000C3039F040FE0546021DE91CB8B221F09C
:1087500075F9EB782A792870002B93FAA3F3B3FA12
:1087600083F308BF4FF0FF330133EB70002A92FA16
:10877000A2F3B3FA83F308BF4FF0FF330133A5F838
:1087800001702B7107E6E068C17928F035F90BE735
:10879000E268C34B11685268196060460121F0E538
:1087A000E46894F80EC0A379627921792088CDF825
:1087B00008C094F80DC0CDF804C00734009420F030
:1087C000B9F9F1E6E16801201DF096FBECE66046A0
:1087D00009213AF0BAF8092104460C3039F0F3FDCA
:1087E0000346002503F8015BC0F801505D60079067
:1087F0001DF068FB079A2B4661F30703C2F80100DE
:10880000C1F3072060F30F23090C61F31743090A32
:1088100061F31F63C2F80530BDE5042160463AF0FC
:1088200094F8042104460C3039F0CDFD00231B21BF
:108830000322037041708370C270ACE5304627F0AC
:10884000DFFAB1E6E468B4F813C06188637922798D
:108850002088CDF810C0B4F811C0CDF80CC0B4F821
:108860000FC0CDF808C094F80CC0CDF804C0063491
:10887000009401F07DFB01462888ACE4E368187899
:10888000002800F073815B78002B00F06F81854A2F
:1088900000231360844A136020F028FC01210C2877
:1088A0000346288814BF1D4600253AF04EF80121E2
:1088B00004460C3039F087FD05706CE5E468637997
:1088C000B4F80320B4F801102078A479009400F0E3
:1088D000EBFB69E6E368187800F092F964E6E1687A
:1088E00011F8010B20F07EFB5EE6E16811F8010B48
:1088F00020F00AFB58E6022160463AF026F80221F1
:1089000004460C3039F05FFD00230370437042E5EC
:10891000E2681188927800230E46CDE90233CDE952
:1089200000330221B0B220F025FFA8E6E1680B88F1
:1089300000221E464B88039208890290C888019045
:1089400089880091B0B2022120F014FF97E6092136
:10895000604639F0FAFF092104460C3039F033FD46
:108960005249534A016000234260037213E5E368F1
:108970001B880022062198B2079327F093F9064638
:108980000321288839F0E1FF032104460C3039F037
:108990001AFD0670079BA0F80130FCE4E268002194
:1089A00032F8023BE7E7E268114602F10C0331F8C6
:1089B000020B0A3227F076FA014628880BE460465B
:1089C000092139F0C2FF092104460C3039F0FBFCC3
:1089D000002300F8013B082129F004F9DBE4E068FA
:1089E00000230CAA00F110012CF0AEF92888112107
:1089F00039F0ABFF112104460C3039F0E4FC844619
:108A000000230CF8013B0CAD86460FCDCEF80100DB
:108A1000CCF80410CCF80820CCF80C30BBE4E368A8
:108A2000188820F057FF01462888FFF7D4BBE36879
:108A30001B880793604608219EB239F086FF082103
:108A400004460C3039F0BFFC0546C11C304620F00E
:108A5000D9FE079B2870A5F801309CE4E06827F058
:108A6000E9FAA1E5E16800224B88088803920C89A5
:108A70000294CC88019489880091114620F07AFEF6
:108A800001462888FFF7A7BBE06827F023FD8BE5A8
:108A9000E06827F067FC87E527F036FC84E500BF37
:108AA000200E0020B47D0020B87D002000FFFF3F95
:108AB000FFFF03006046022139F047FF0221044610
:108AC0000C3039F080FC00230370054627F01AFCB7
:108AD000687060E47B282FD07C287FF478ABE26854
:108AE00013885188079398B221F052F847E7E3685A
:108AF0009978188820F0B0FE01462888FFF76BBBF4
:108B0000E268234B46E6E3681A886046174604216C
:108B10009A78079239F019FF042104460C3039F095
:108B200052FC079A0546C31CB9B202201DF0D0F9C9
:108B3000A5F8017028702EE4E3681B88079398B2AB
:108B40000CA920F0EDFF05210646288839F0FDFE2E
:108B5000052104460C3039F036FC079B0670A0F85E
:108B60000130BDF83030A0F8033014E44FF0FF338B
:108B700090E643EA0102032A07D84E0702D05A07BB
:108B80007FF4F8AC1221FFF725BB1121FFF722BBC0
:108B9000E84A0020000000009FED0D7B124B134AB5
:108BA0001348144983ED007B9FED0B7B82ED007B26
:108BB0009FED0B7B104B4FF0FF3C002281ED007BC3
:108BC000C0F800C01A601EF045BD00BFAFF30080C2
:108BD000FFFFFFFFFF1F000000000000000000007B
:108BE0001F00000000000000280E0020E84A0020BE
:108BF000B87D0020200E0020B07D00200000000085
:108C0000002800F080812DE9F047C54C94F86A20D7
:108C100012F001058EB040F0628194F82500FF2328
:108C200000F0030084F8263027F064FF94F86A000F
:108C3000420700F1588194F8292094F8353004EB6C
:108C4000820204EB8303D56A9B6B984685B1B448D6
:108C5000294620F0AFF82B785B0605D506211BF0DE
:108C60005FFB002800F09681AD48414620F0A2F855
:108C70002B7813F00E0F40F0AF80236A0BB10C205D
:108C80002EE11EF001F80646002800F090811EF04B
:108C900007F88146002800F0878120F0DFFC0346BA
:108CA000002800F08B81D0F894004FF6FF721A86EE
:108CB00003F11C0A002800F07C8103F1880203F113
:108CC00084010B931BF038FB96480B9BD0F80110E6
:108CD000C3F8AB11C3F8B111B3F8821010F801CB8F
:108CE00021F4EF6121F0070141F48C7141F00101A1
:108CF000A3F882108188A3F8AF11A3F8B51193F8F7
:108D0000AA110CF0010C6CF300016CF3410183F823
:108D1000AA1193F8431001F03F0161F07F0183F83D
:108D2000431093F89A1021F0070183F89A1093F8F2
:108D3000481021F00F01002283F848104FF000077F
:108D40004FF4C021C3E91522C3F89420A3F898205A
:108D5000DA86C3F83A20DA65A3F89E21A3F89421B5
:108D6000C3F89811184683F8457023F0DFFA0B9B7F
:108D700083F86071C3F8646120F094FF0B9B93F853
:108D8000A41160F3020183F8A41120F091FF0B9B62
:108D900093F8A4C160F3C50C93F8900183F8A4C1C3
:108DA00020F0020083F890010121184621F0BEFB5B
:108DB0000B9B03F1E00023F055F80B9BC4F820A0B7
:108DC0000022C4E91869C3E905221F70DB6129F09C
:108DD00059FA002840F0E48094F824300121C3F3CC
:108DE00042030DF133008DF833301BF04DFC0028A9
:108DF00000F08B8098F80110024628461FF08AFD8B
:108E00003123A3604FF0000323700023C4E905332E
:108E1000454A6360E360454BB4F868600721E0FBB6
:108E2000023118463CA3D3E90023FEF70FFE206170
:108E30001DF042F800F10907002E40F0A9802A78C1
:108E400002F00F02A2F10102B2FA82F2520994F882
:108E50002400236962F3000010F0010584F8240067
:108E60006ED0334A099200201060324A04930225E2
:108E7000019305923B460DAAB8462F4F089216461D
:108E80000321CDE902000694009007972A460D952C
:108E90001CF0AEFE31461DF0B9FF002835D1274940
:108EA00005914AF2D8330093CDE90300CDE90100E2
:108EB0000797089606944346012203210D951CF05E
:108EC0005FFE31461DF0A2FFF8B994F86A3043F016
:108ED000010384F86A3020F0A3F900285CD0002058
:108EE0000EB0BDE8F0872A4604F16B01C0F3C00064
:108EF00027F09CFFFF2884F826003FF49CAE28460C
:108F000027F03EFE97E61FF049BC236A002B3FF492
:108F1000B6AE1FF0FFFBB2E68D49FD1A0700000058
:108F2000607E00205862070000CA9A3B8C49FD1AF7
:108F3000547E00208589040051600400B18404003F
:108F4000254A2648049303F247130694029591217B
:108F50001360A6FB000301FB0631214B0793214B55
:108F6000059302230D930DAB08931E464FF6FF7336
:108F70000992039316A3D3E90023FEF767FD3B464E
:108F8000CDE900500222284603211CF031FE98E76B
:108F900000225CE71220A3E7012027F08DFD9EE769
:108FA0001FF0B8FB03209BE730461DF073FE07203F
:108FB00096E703F18C00C3F894007EE648461DF066
:108FC00075FE30461DF066FEF1E700BFAFF300808E
:108FD0008D49FD1A07000000547E0020002AE78416
:108FE000516004008589040070B590F824308AB07F
:108FF000C3F342030D46044601210DF1230016463A
:109000008DF823301BF040FB7178024628461FF094
:1090100081FC1F4A1F4B0721E0FB023118461AA3AF
:10902000D3E90023FEF712FD23699842054621D2B9
:109030001B1A00220192184A0293184BA21A02210D
:10904000A3FB023201EB9212002309AE09911449ED
:109050000591CDE9033303210696D2B20093184659
:109060001CF026FE31461DF0D1FE38B925610020E6
:109070000AB070BDFBD9C21A0023DBE70C200AB08E
:1090800070BD00BFAFF300808D49FD1A07000000DE
:1090900000CA9A3B8C49FD1A607E00208988888826
:1090A000516004000000000038B5194C9DF810E034
:1090B00094F848C01CF0010523D163F3420C400131
:1090C00094F83230A1874FEACE0E0EF0180E00F061
:1090D000200040EA0E0023F0380303430D4884F8D3
:1090E00032309121A2FB000384F848C001FB023119
:1090F00005A3D3E90023FEF7A9FCC4E91000284624
:1091000038BD0C25284638BD8D49FD1A07000000E2
:10911000104B0020002AE78410B504469DF808C0D3
:10912000228448014FEACC0CA17D0CF0180C00F011
:10913000200040EA0C0021F0380108430849A075DE
:10914000A3FB0102912101FB032103A3D3E9002327
:10915000FEF77CFC606210BD8D49FD1A070000001F
:10916000002AE784000000002DE9F043044600F1E6
:10917000350190F8480094F832305B4DDFF880916B
:10918000C0F3410060F386138FB000F0010084F853
:1091900032301CF0E1FE94F83220A38F5348E46192
:1091A00002F07902002784F832209121A3FB00020B
:1091B000C4E90577277001FB032149A3D3E9002304
:1091C000FEF744FC3123C4E90173626C484BE7604D
:1091D000651BAD08A3FB053502F10903984298BF52
:1091E0003A46C5F34705984298BF0346226405EB0B
:1091F0004502236149F8223006461CF05DFE236AD1
:1092000000F10907002B4AD00DF13408CDF8208079
:10921000069405EB4503A28F344809EB830304351C
:109220000993EBB20B939121A2FB000301FB0231E6
:10923000304B0793304B0593236904934FF000099B
:1092400027A3D3E9002302250D95CDF80C90FEF756
:10925000FDFB104619464FF47A720023FEF7F6FB29
:109260000321CDE901600B9ACDF800903B464846BA
:109270001CF0BEFC41461DF0C9FD60B994F84830B1
:1092800043F0010384F848301FF06CFD08B3002060
:109290000FB0BDE8F0830C200FB0BDE8F0830DF1F6
:1092A0003408CDE90C33216943460CAA032001F0B0
:1092B00017FA0028AAD10D99104809A3D3E9002371
:1092C000A1FB0001FEF7C2FB0C9B20F07F471F446F
:1092D0009CE7284627F0F0FBD9E700BFAFF30080FA
:1092E0008D49FD1A07000000104B0020002AE7847A
:1092F000BD86F21A51600400F58F040000CA9A3B43
:10930000E07E0020000000002DE9F04F06468BB003
:109310008A4601200221994614462BF091FB002237
:109320000221834601201BF057F83D494FF4DC72BF
:1093300030461AF0DFFF451D3A4B0093EDB201961F
:109340004B462A46012100201CF010FD10F0FD0FB5
:109350000ED0354A3549364840F68F0337F037FB93
:10936000002383F31188BFF36F8F0323184602DFB6
:10937000304BA4FB0348204627A3D3E900234146F2
:10938000FEF764FB2C4B20F07F47A7FB033107223D
:10939000E01A02FB071168EB01014FF47A72002317
:1093A000FEF754FB96F943203369244C0896002AB3
:1093B000B4BF234A234A0696CDE904324FF6FE7322
:1093C000CDE901700393CDF800A04B462A46012158
:1093D000002007941CF0D4FB10F0FD0F0ED0124AB1
:1093E0001249134840F6A40337F0F1FA002383F33F
:1093F0001188BFF36F8F0323184602DFBBF1000F04
:1094000002D10BB0BDE8F08F0122022110460BB053
:10941000BDE8F04F1AF0E0BF8D49FD1A07000000CB
:10942000604B002089950400E4B80600A8B9060046
:10943000B8B1060000CA9A3B8D49FD1A299504006F
:109440006DFB040035FD0400F0B58468228E4FF6F4
:10945000FF739A428FB000F082800546204623F0C9
:10946000BBFA2B7D012B00F0FA80022B79D033B9A7
:1094700094F89A3003F01803182B00F0348194F814
:109480006061002E70D1638F94F943201F462B8AB0
:10949000CDE90C66002B6ED0B242C0F23E810023B3
:1094A000A4F89A31AA7C238F02F003023B440133D3
:1094B000012A9DB200F02D81B4F89E21002A00F00F
:1094C000D480AA4240F25081521B92B20021062A57
:1094D000A4F89E21618740F2E28094F943208A42F9
:1094E000C0F24C81002294F8481062F3820184F8A3
:1094F00048100DF12F022946204622F053FF743008
:1095000028D0B4F898212AB1AA4240F2D580521B43
:10951000A4F89821B4F894212AB1AA4240F2DC8040
:10952000521BA4F89421658F16B9AF4200F0C28097
:109530000135ADB294F8DD3013F0010038D1DDE92A
:109540000CC3002B63D1BCF1000F00F0058118465D
:1095500019465DE09DF82F10204620F0C9FC0FB0A1
:10956000F0BD3D2684F86061314620460FB0BDE86D
:10957000F04020F0BDBC9A42B8BF84F88561AA7C57
:10958000238F02F003023B440133012A9DB200F015
:10959000C080B4F89A21002A8ED0AA4240F2E98015
:1095A000521BA4F89A21B4F89E21002A89D19AE787
:1095B00094F9432023F00103002A84F8DD3071DBA5
:1095C00094F88200C0F3C00100F0070028F072FC9C
:1095D000B4F87A20B4F878301344628D03F23F1364
:1095E00013441844884A894B0721E0FB023118468E
:1095F00083A3D3E90023FEF729FA216920F07F42F3
:109600009142DDE90CC380F0A080501A2261002154
:10961000228EE4690694CDE9035605327C4D029111
:10962000CDE900C0D2B20121002005951CF040FB1D
:1096300010F0FD0F93D01DF017FCA0428FD0754A9B
:10964000754976484FF4AE6337F0C1F9002383F3D0
:109650001188BFF36F8F0323184602DF7FE70023D3
:10966000A4F89831A4F8943109E7628E052A8BBFDB
:1096700040F2E2414FF4FA71514302FB0111B4F898
:109680009C2142F2107000FB0212013AB2FBF1F28F
:1096900092B2A4F89E21002A7FF413AF23E701269B
:1096A000324620E794F88300012100F0070028F0FB
:1096B00003FC8DE735463DE71DF03AFB01460028E7
:1096C00068D00022A4F89821228EC2801B22027149
:1096D00000681DF0FDFA1DE70023A4F89431204630
:1096E00022F008FF1FE7A18EB4F896218B1D9A4245
:1096F000C4BF931F5B1AB4F89211CCBF9BB2134640
:1097000099424ED0A4F89231A4F89431A4F898214B
:10971000B5E60022A4F89E21E5E694F88531002BF9
:1097200045D0013B84F8853104F1E00318460993E4
:1097300022F0DAFB099B002856D0184622F0D4FB11
:10974000002843D000236387A9E6891A2261002BF1
:109750003AD151EA0C021BD115B9002E3FF4FFAEED
:1097600000200146034653E70821204620F0C0FBB5
:10977000F5E63E21204620F0BBFBF0E677B9D4F8B1
:109780008821510812F0010233D1C4F88811A9E6EA
:1097900018463DE70122A4F89821BBE60A460126B7
:1097A000A1E6B4F8981100297FF469AEACE70CAAE1
:1097B0000DA92846FEF71CFCDDE90C231343B3D0AA
:1097C000237884F88531AFE7002021E70246D4E909
:1097D00021011AF0C5FD0028B4D194F848301B07C8
:1097E00044BFA38E63875AE6FF2020F041FB099B0C
:1097F000A3E741F000411646C4F888113A4672E6E4
:109800008D49FD1A0700000000CA9A3B8C49FD1AD9
:10981000E5940400E4B80600F4B90600B8B1060007
:109820002DE9F04F87B0CDE90432BDF8442003782C
:109830000192BDF84820BDF84090BDF84C70B0F8DA
:109840003C80039104460292002B00F00C8108F149
:10985000FF38A368D4F81CA1A8EB070292B2002B32
:1098600000920ADAE168626823F0004391422CBF5B
:109870008A449244A360AAEB030A94F88200C0F3DE
:10988000C00100F0070028F015FB658E052D40F2A1
:10989000E280009B15FB03F5ADB240F2E24BB9F15B
:1098A000050F40F2CC80B4F87A20B4F87830134435
:1098B00003F2D5131844784A784B0721E0FB0231B4
:1098C00018464FF09613A3629623A38570A3D3E99D
:1098D0000023FEF7BBF84E4620F07F4040F2E24303
:1098E0000BFB05F103FB06F6B1FBF6F51FFA85FB52
:1098F00020610BFB06F0814280F09380401A66499C
:1099000063A3D3E90023A0FB0101FEF79FF820F039
:109910007F408244E38EB4F8242113441F4494F81A
:109920004330A7EB08073D44DB09E58600F0A18042
:10993000E26C0099636D584F02FB1133636528F0A8
:10994000F1FC054694F88401C0F3420028F0ECFCD9
:10995000054406FB05F5524B05F5742505F23F2538
:10996000A3FB0535AD0C636DE5640BFB05F07208D8
:109970000344963A934228BF1346C4E91423059B37
:1099800040F2E24808FB03F3E3650023C4F88C319E
:10999000A0FB07013EA3D3E90023FEF757F8049B81
:1099A000AAEB000A3F48A0FB0330800A08FB00F046
:1099B000A0FB070136A3D3E90023FEF747F8751B88
:1099C00020F07F47019BA386029BA4F89C3131467F
:1099D0002046A4F8329022F021FDA28E324B901D39
:1099E000F318B3FBF6F39A1A99B2063AA4F8963133
:1099F000884238BF1346A4F89231039B13B1002369
:109A0000A4F89E3153462A4639462046FFF77CFC8F
:109A100094F8903143F0010384F8903107B0BDE829
:109A2000F08F091A1C481AA3D3E90023A1FB0001F7
:109A3000FEF70CF820F07F40AAEB000A6AE74FF02F
:109A4000961309F10106A3629623A385B6B20A20F4
:109A50004FF4FA7344E7009B013515FB03F5ADB2F3
:109A60004FF4FA7B1BE7C38E9844B0F82431984436
:109A7000EFE6049B0848A3FB000105A3D3E90023FC
:109A8000FDF7E4FF20F07F47013735469AE700BF36
:109A90008D49FD1A0700000000CA9A3B8C49FD1A47
:109AA00083DE1B435917B7D17FC3C90100000000F3
:109AB0002DE9F04F04460B68077F1668D3F8009035
:109AC000638CD0F81E0095B015464A7CADF84C303A
:109AD000FF2AC7F380138A460D9212908DF83F300B
:109AE00075D1DDE9120198461A460DF1400B109030
:109AF000ADF84410F80909F1710127680A915B4635
:109B00000C900B9720F0DAF80A99002847D196F8C4
:109B1000AA310C9A0A9068F3410362F3000386F8B5
:109B2000AA311098BBF80430C6F8B101A6F8B531D7
:109B3000D9F87130C6F8AB318B88A6F8AF31E38D18
:109B400094F83010A9722B81D4F82A306B60D4F8C5
:109B50003A30C5F8223005F1220094F83E30037106
:109B600005211AF091FD95F8273000F03F0060F3D1
:109B7000050385F8273094F83F30C3F3040385F8D4
:109B80002830A18EE982012804F11C0889B206D987
:109B90001B3303F01F030B2B01D80A9A59BB002279
:109BA000C9F8142095F82C300B9862F3000385F85F
:109BB0002C30012621462671E4681DF07DF82068CE
:109BC000267121461DF084F815B0BDE8F08F0DF127
:109BD000400B10460DF13F015A4626F0CBFC9DF894
:109BE0003F80277F08F102085FFA88F88DF83F80F0
:109BF00008F001027EE7DAF800305A60E38E2B832A
:109C00001146EA8A40F2E24303FB02F20A92638EB3
:109C10000C93304622F018FC94F83F2096F88411FB
:109C2000520962F3430186F8841128F07BFB074652
:109C300096F88401C0F3420028F076FB0A99BE4AE8
:109C4000074401FB07F707F5742707F23F27A2FB3C
:109C500007274A08BF0C963A2F636A6394F83120AD
:109C600040F2E24302FB03F36B64238FA6F89C31BE
:109C700030460F4622F0D2FBB04BB14AC6F8A021C5
:109C8000FB18B3FBF7F3A6F896312A8B98B2991A12
:109C900006329042A1F10602C8BF1346A6F89231DF
:109CA0006B68C6F88831237F18F0010FC3F34017A3
:109CB00040F0FE804FF48073A38399F8260027F0CC
:109CC00009FA002800F0EF80636AC4F82B30238D76
:109CD000A4F82F300D9BFF2B00F02181BDF84C30F4
:109CE0001298A4F82930C4F82500BBF80430A4F871
:109CF000233010989DF83F30C4F81F00A377EB8AFB
:109D000063862B8BA386B6F89C31E38696F8843164
:109D1000C3F3420384F8383030461FF0ABFCA8820E
:109D2000E08021460B98DAF804401CF0C5FFAA8AAF
:109D3000D4F80080E2801C232371002F40F0CF80F4
:109D40002777214640461CF0C3FF95F86700B5F819
:109D50005C70B5F85E40012100F0070028F0ACF817
:109D6000E31903F2D513774F034480467648072161
:109D7000E3FB07014FF09613C5E9033300243123B9
:109D8000B36074606AA3D3E90023F460FDF75EFE5C
:109D900020F07F4030610A9B2D6B0C995D1BDAF837
:109DA0000C3040F2E24202FB013303F2B34122469F
:109DB000A1EB0808012002211AF00EFB48461EF014
:109DC000B7FF5BA3D3E900238346A8FB0701FDF798
:109DD0003DFECDF80490DAF808305C49009120F09F
:109DE0007F470BF102023A3BD2B23B4401212046AD
:109DF0001BF0BCFF01287ED099F82430DB0766D425
:109E000030461FF037FC4F4CA5FB044948A3D3E96B
:109E1000002300F1050849462046FDF717FEDAF851
:109E200008304B4A0792A3F13A0A4A4B069620F0B3
:109E30007F45A5FB0331E01A474B05934FF4F573BB
:109E40000893336904934FF0070303FB051169EB93
:109E5000010100244FF47A7200230394FDF7F6FD0C
:109E60000097CDE9015053465FFA88F20121204660
:109E70001BF086FE10F0FD0F0DD0384A38493948E6
:109E800040F2EB1336F0A3FD84F31188BFF36F8F1C
:109E90000323184602DF0122022110461AF09CFA21
:109EA00015B0BDE8F08FC4F82B00A4F82F0011E71F
:109EB0002A4A2D492B48FD2336F089FD002383F3E0
:109EC0001188BFF36F8F0323184602DFF2E60023E9
:109ED00001220093184611461BF006FF90E795F803
:109EE000273043F0400385F82730281D26F01CF961
:109EF0000127288524E71CF0B7FF81453FF47CAF9C
:109F0000164A1A49174840F2922336F060FD84F34E
:109F10001188BFF36F8F0323184602DF6CE700231D
:109F2000C4F82530A4F82930DFE600BFAFF3008085
:109F30008D49FD1A0700000083DE1B437FC3C90162
:109F4000404B4C0000CA9A3B8C49FD1A29FB040087
:109F5000F5FA04008D49FD1A6DFB04004CBE0600A5
:109F6000A8B90600B8B10600E8B50600A8BE06000C
:109F70002DE9F04F8DB09A46BDF860300793CDE9DA
:109F80000501BDF868309DF85C80BDF864B00493AD
:109F9000002091461FF050F9002800F0738108F06E
:109FA0000106044630461BF0C9FF0390002E6FD116
:109FB000169B0399524630461FF080FE002840F061
:109FC0007281236A0893002B69D0276A0AF0010383
:109FD0003D68079397F86600C0F3C00100F00700E2
:109FE00027F068FFB7F85E30B7F85C201A44FB89A9
:109FF00000F23F1003441344CB48CC4A0721E3FB53
:10A000000201C7A3D3E90023FDF720FD20F07F4024
:10A010002861484626F090FDFF2384F8343094F8F8
:10A02000333023F0020384F83330B9F1000F00F02D
:10A030002D81A8F10203012B40F2398194F84810D8
:10A04000079D68F3420184F8481094F8331065F3D3
:10A050000001DDE9052384F833101699096861626F
:10A060001699898821850499218604F11C00CDF870
:10A0700000900021FFF750F8606428F003F90028F1
:10A0800040F020812046FFF76FF80DB0BDE8F08F5B
:10A0900006211AF045F900288AD11220F5E71CF0B4
:10A0A000F3FD0990002800F064811FF0D7FA0546FF
:10A0B000002800F05B81203005F11C071AF0F8FA47
:10A0C000002840F03F81032105F1240027F08AFD9C
:10A0D000079BD5F894006B864FF6FF73A5F834B054
:10A0E0002B86002800F03D8105F1880205F18401EE
:10A0F0001AF022F9B5F8822022F4EF6222F007026A
:10A1000042F48C7242F00102A5F8822095F89A2060
:10A11000002322F0070285F89A200121C5F8943027
:10A12000A5F89830284620F001FA0023EB86C5F800
:10A130003A3005F13E0025F0A3FF95F8432060F387
:10A140000502012185F843200DF12F0027F04AFD7B
:10A15000049A9DF82F10A5F89C21754AB5F834C0D3
:10A16000A2FB0102D20802EB42020023A1EB820112
:10A17000A5F89E31A5F894310531079B85F8441068
:10A180006C4A40F2E24101FB03F18A18B2FBF1F2A2
:10A1900090B295F84320A5F8960102F03F02A0F195
:10A1A000060E85F8432095F848200791AEEB0C0E7B
:10A1B0001FFA8EFE0CF1060C22F007026045C8BFA4
:10A1C00070464FF0000B85F848204FF4C022C5F8C8
:10A1D0009821A5F8920185F845B0284622F0A6F806
:10A1E0000799284622F01AF9099BC5F86431002323
:10A1F00085F860311FF056FD95F8A42160F3020246
:10A2000085F8A4211FF054FD95F8A42160F3C50240
:10A2100085F8A42195F8902122F0020285F890217A
:10A2200005F1E00021F01EFE95F8AA210AF00101D7
:10A2300061F3410285F8AA214FF09612C5E90A227E
:10A240003122AA600023169A6B60EB6012680791B6
:10A250001699C5F8B12195F8AA218988A5F8B511F4
:10A2600068F30002039985F8AA210A68C5F8AB21B2
:10A270008A88A5F8AF212762C5E9053385F800B0C3
:10A28000ED61A7E60C200DB0BDE8F08F27F0E2F8F5
:10A2900000283FF4CEAE169950464A4626F0C6FD39
:10A2A00084F83400C5E60B200DB0BDE8F08F002027
:10A2B00026F066FC94F8333043F00203B04684F88D
:10A2C0003330BBE6256AAB6F73B11B4A1B491C4890
:10A2D00040F2294336F07BFB002383F31188BFF360
:10A2E0006F8F0323184602DF05F16C0105F168004A
:10A2F0001AF026F8064600284CD02F68AE67D7F82B
:10A300006451002D37D028461CF0C4FC38461FF09D
:10A31000ABF90023032023620DB0BDE8F08F00BF2E
:10A320008D49FD1A070000008C49FD1A00CA9A3BAE
:10A33000ABAAAAAA7FC3C901D8BE0600C0B706004F
:10A34000B8B106001B4A1C491C48C12336F03FFB2C
:10A35000089B83F31188BFF36F8F0323184602DF36
:10A36000B1E605F18C00C5F89400BDE609981CF033
:10A3700091FC072089E60F4A1149104840F2324308
:10A3800036F025FB85F31188BFF36F8F0323184642
:10A3900002DFB8E7074A0A49084840F22B4336F083
:10A3A00016FB86F31188BFF36F8F0323184602DF75
:10A3B000A3E700BFD8BE060070B20600B8B1060021
:10A3C00034B90600000000002DE9F04F04468FB0BC
:10A3D00090F81C90238D406AADF83430E307C9F340
:10A3E000C01588461646C9F340190C9000F10F813C
:10A3F0000023A38398F8123098F8110013F001039A
:10A400001BBFD4F81E30C4F82B30C4F82B30638C3B
:10A41000A4F82F30FF2800F0EC8004F11F0204F1B3
:10A420001E0126F0A7F8A37F0C98C4F8250002337C
:10A43000A377BDF83430A4F82930D8F800301D686F
:10A44000F38A6386338BA3862B8EE38627F068FF1F
:10A4500084F83800376838461FF00CF90021B082C4
:10A46000E080384621F0F0FF20682146D8F804400B
:10A470001CF022FCB28AD4F800A0E2801C232371D5
:10A48000B9F1000F40F0D38084F81C90214650466B
:10A490001CF01EFCBB68796896F86600F28AD8F852
:10A4A0000C606B4C8B4238BF0B4603F10909C0F3BB
:10A4B000C00140F2E24300F0070003FB02FB27F07B
:10A4C000F9FC00220221361A012019F085FF2846E6
:10A4D0001EF08AFEA6FB04465BA3D3E90023824656
:10A4E00031462046FDF7B2FA0195D8F808305949AF
:10A4F000009120F07F450AF10402A3EB0903D2B2D8
:10A500002B44012100201BF031FC10F0FD0F0ED078
:10A51000514A5249524840F2493336F058FA002322
:10A5200083F31188BFF36F8F0323184602DF4FF0C8
:10A53000000A534603220121CDF800A050461BF02B
:10A54000D3FB38461FF096F8D8F808300B904048F7
:10A55000A3EB0908ABFB00013BA3D3E90023FDF704
:10A5600075FA0B99079701F1050B19463D4B0893B6
:10A570003D4B069340F2793309933B698146CDE91F
:10A5800004A3104600234FF47A72FDF75FFA374BAD
:10A590000722A5FB0331CDE9029002FB0511E01A69
:10A5A00066EB01014FF47A720023FDF74FFA434640
:10A5B000CDE900505FFA8BF2012150461BF0FEFA04
:10A5C00010F0FD0F0DD0244A2449254840F27A337B
:10A5D00036F0FDF98AF31188BFF36F8F0323184615
:10A5E00002DF0122022110460FB0BDE8F04F19F042
:10A5F000F3BEBDF834300C98A4F823300023A577BF
:10A60000C4F81F00C4F82530A4F8293015E7124A11
:10A61000174913484FF4317336F0D9F9002383F307
:10A620001188BFF36F8F0323184602DFE0E696F828
:10A63000273043F0400386F82730301D25F074FDA5
:10A640004FF0010930851FE78D49FD1A0700000012
:10A6500000CA9A3BFDFC0400D8BE0600A8B906005B
:10A66000B8B1060001FD040035FD04008D49FD1A56
:10A67000E8B5060000000000053838B5C3B2052B68
:10A6800023D880B20D461EF0FDFF0446E8B190F9D4
:10A690004330002B19DB90F88200C0F3C00100F0BA
:10A6A000070027F007FC0C4A0C4B00F2B5500721BD
:10A6B000E0FB0231184606A3D3E90023FDF7C6F9F3
:10A6C00020F07F402860204638BD002038BD00BF04
:10A6D0008D49FD1A0700000000CA9A3B8C49FD1AFB
:10A6E0002DE9F04F93B0FF270B930B1D0A93002326
:10A6F000CDE90E33054616468DF837709A463C462E
:10A70000984699469B4610AB0693594B0593594B77
:10A7100003930FAB01930EAB002000930223109321
:10A720000490029033460DF1370229461BF062FB7C
:10A73000022812D0109BB3B9FF2C25D033684345B3
:10A7400022D0002F42D0013FFF24FFB28DF83740C6
:10A75000D9E7294600201BF099FB109B022BF8D06B
:10A76000109B002BE8D0444A444945484FF4EE730F
:10A7700036F02DF9002383F31188BFF36F8F032385
:10A78000184602DFFF2CD9D19DF83700FF282CD0C6
:10A7900011A9FFF771FF0028B5D0FF2CDDF8388034
:10A7A000119B0AD05946404609931BF087FB0A9B30
:10A7B00003EB09029042099B19D8C3469DF8374024
:10A7C000D6F80080DDF83CA099469CE72D492A4A3E
:10A7D0002B484FF4F27336F0FAF887F31188BFF381
:10A7E0006F8F0323184602DFADE7FF2C34D02648D5
:10A7F0000721A9FB000301FB09311BA3D3E90023B7
:10A80000FDF724F9044600B13E34204AAAF574232A
:10A81000A3F51073934216D81B480721ABFB000326
:10A8200001FB0B3110A3D3E90023FDF70FF9184BFF
:10A83000A3FB0A2304EB93440B9B044400201C60FD
:10A8400013B0BDE8F08F0AF1E87A0AF5D43A0BF1BB
:10A85000FF3B0AF5A57ADFE76FF0090013B0BDE80A
:10A86000F08F00BFAFF3008000CA9A3B00000000E9
:10A87000250005002900050024BF060068BF06006A
:10A88000B8B1060070BF06008D49FD1ABFBDF07F4C
:10A8900083DE1B43000000002DE9F043C5684668D5
:10A8A0006B683B491A680768A6F57423A3F5107313
:10A8B0008B4283B0804606D906F1E87606F5D43699
:10A8C000013F06F5A5766B681169DB8A0197994609
:10A8D00001AA05F110030220FFF702FF00284CD166
:10A8E0000199CB1B1B0236D4084639461BF0E6FA09
:10A8F000284B0721A0FB033201FB0021184622A3AD
:10A90000D3E90023FDF7A2F82C690444002C2C6144
:10A9100009DB40F2E24303FB09F3A3422ED2E41A1F
:10A92000A342FCD32C61D8F800301A48DB1BA3FBF0
:10A930000002072101FB032113A3D3E90023FDF744
:10A9400085F8154BA3FB0636A0EB96402044286102
:10A9500003B0BDE8F08338461BF0B0FA0D4B072179
:10A96000A0FB033201FB0021184607A3D3E9002313
:10A97000FDF76CF82C69241AC8E72C69002CD2D199
:10A9800003B0BDE8F08300BF00CA9A3B000000009E
:10A99000BFBDF07F8D49FD1A83DE1B430000000020
:10A9A00010B5334C3349002304F1FF3C14F8332035
:10A9B000072A02EB820E05D811F83E2022F0200271
:10A9C00001F83E201CF8332022F001020CF833205D
:10A9D0000133082BEAD1284A284C002313700A7847
:10A9E00063F300020A7091F8282063F3000281F8F3
:10A9F000282091F8502063F3000281F8502091F84C
:10AA0000782063F3000281F8782091F8A02063F3A6
:10AA1000000281F8A02091F8C82063F3000281F8B9
:10AA2000C82091F8F02063F3000281F8F02091F83B
:10AA3000182163F3000281F81821114A9FED0A7B67
:10AA40001370104B83ED007B0F4B236028B1BDE8E2
:10AA500010400E490E483CF050BEBDE810400C4876
:10AA60003CF058BEAFF30080FFFFFFFFFFFFFFFF8A
:10AA7000518A00200856002032A60020608900205C
:10AA800031A6002000560020A0BB0D00650D05007A
:10AA9000D0550020000000002DE9F0478EB00DF1E8
:10AAA0003701354F354E82460DF136001CF086F9E0
:10AAB0009DF836309DF837200A930B921BF0FCF975
:10AAC0003D68A5FB06452AA3D3E900238146294614
:10AAD0002046FCF7BBFFCDF818A020F07F4878682F
:10AAE000274B0593A0FB060121A3D3E900230026F1
:10AAF000CDE90766FCF7AAFF224B20F07F40A8FBB8
:10AB000003310722CDE9036002FB0811E01A65EB6F
:10AB100001014FF47A720023FCF798FF0096CDE90B
:10AB200001804B46DDE90A0203211BF029F810F0F1
:10AB3000FD0404D06FF08B000EB0BDE8F087124822
:10AB4000124A002332F09AFC18B9F8680EB0BDE83A
:10AB5000F0879DF837209DF83600009423460321A6
:10AB60001BF0C2F86FF07300E6E700BFAFF30080A0
:10AB70008D49FD1A07000000DC8A002000CA9A3BBC
:10AB8000551505008D49FD1AC48A0020447B0B0031
:10AB900038B50F4D04461BF08FF9A9681BF08EF9EC
:10ABA000696803460B48B3FBF4F4A1FB00011C44A5
:10ABB00005A3D3E90023FCF749FF20F07F4084423E
:10ABC00094BF0020012038BD8D49FD1A0700000008
:10ABD000DC8A002000CA9A3BF0B5C468636883B081
:10ABE0000646002B63D129F059FA002029F07EFA9D
:10ABF0000021084629F06CFA00222521082029F0BE
:10AC0000A9FA474B019301A829F090FA454940F26F
:10AC10005B6029F043FB237AC3F3420262F306131D
:10AC20002372204627F0ACFD26F014FC637A03F073
:10AC3000030348BBFBB927683568384627F0D4F8CA
:10AC4000054405F109017268012029F087FC29F00B
:10AC500077FD20461EF078F8811C2A46C9B2384696
:10AC600027F0D0F8054668BB204627F055F878B99C
:10AC7000002003B0F0BD012025F014FF4178821CB4
:10AC8000007829F00BFCD6E7181E18BF0120F3E767
:10AC9000254A2649264840F2294335F098FE85F397
:10ACA0001188BFF36F8F0323184602DFE0E793F8A4
:10ACB0002C309B0797D01F48214629F0ABF929F08B
:10ACC0009BFAD5E7184A1C49194840F2114335F060
:10ACD0007EFE1A4B0721A5FB030301FB05310EA3E2
:10ACE000D3E90023FCF7B2FE15490246154835F0BA
:10ACF0006EFE002585F31188BFF36F8F032318467E
:10AD000002DF1148214629F085F929F075FA6FF024
:10AD10008B00AEE7AFF3008000CA9A3B0000000052
:10AD2000D6BE898E5555550058C3060094B306000B
:10AD3000B8B106009D1F050094B206008D49FD1AAA
:10AD4000CCC70600DCC30600352305000000000068
:10AD50002DE9F041C46894F91630002B8EB0C0F292
:10AD60000581636806460F46002B40F0F480A37D02
:10AD700023F00103A37529F091F9002029F0B6F919
:10AD80000021084629F0A4F900222521082029F0F5
:10AD9000E1F901201CF01CF90546002800F0CC80E8
:10ADA00005F11C0029F000FA8B4B0D930DA829F03A
:10ADB000BDF98A4940F25B6029F070FAA07DC0F3CA
:10ADC0004100253027F032F88548214629F022F944
:10ADD000A37D9B0603D46368002B00F0AA80962015
:10ADE00029F0B0FB00231A461946184629F0BEFA8E
:10ADF00026F030FB002838D1A37D13F0180F5BD16B
:10AE000023680B931846356826F0EEFF05447268F8
:10AE100005F10901002029F0A1FB29F091FC29F09E
:10AE200019FB20461EF0EEF9011DC9B20B982A4607
:10AE300026F0E8FF8046002840F09F8017B9636A3B
:10AE4000002B52D1636843B1664B012202210020DE
:10AE50009E6019F0F9FA002837D1204626F05CFFF1
:10AE6000D0B900200EB0BDE8F081A07DC0F3C000D5
:10AE700025F018FE05460DF1330026F04DF96978EE
:10AE80008046AA1C287829F009FB9DF8330000228F
:10AE9000414629F025FDB3E7534A5449544840F24E
:10AEA0000B2335F094FD002383F31188BFF36F8FDC
:10AEB0000323184602DFD4E7012025F0F3FD417893
:10AEC000821C007829F0EAFA9AE7474A494948483B
:10AED00040F2062335F07BFD002383F31188BFF396
:10AEE0006F8F0323184602DFB7E7434A0792434AAE
:10AEF000059240F2F31200930892CDE90377CDE971
:10AF0000017706942B46032239461AF039FE10F0D9
:10AF1000FD0F97D0344A3A4935484FF4FA7335F06B
:10AF200056FD87F31188BFF36F8F0323184602DFA6
:10AF300088E729F07FFA5BE72B4A32492C484FF427
:10AF4000C57335F044FD85F31188BFF36F8F03237C
:10AF5000184602DF24E7636893F82C30D90705D43C
:10AF6000636893F82C309A077FF501AF2648214695
:10AF700029F050F829F040F973E71B4A23491C488F
:10AF800040F2E51335F023FD214B0721A8FB030315
:10AF900001FB08310EA3D3E90023FCF757FD1D493F
:10AFA00002461D4835F013FD002585F31188BFF3D7
:10AFB0006F8F0323184602DF1848214629F02AF82C
:10AFC00029F01AF96FF08B004CE700BFAFF3008057
:10AFD00000CA9A3B00000000D6BE898E5555550028
:10AFE000C1B002009016002008C4060094B3060009
:10AFF000B8B10600A8B20600112F0500BD2F05004C
:10B000000CB70600A4C306009D1F050094B20600FD
:10B010008D49FD1AD8C70600DCC30600E52D0500E2
:10B0200038B5044627F08CFEA37DA27DC3F341030F
:10B03000013303F00303032B08BF002363F3420231
:10B0400014BF03F125002520A27526F0EFFE6368EA
:10B050000BB123694BB91AF02FFFC11C002029F056
:10B06000F5FABDE8384029F06BBB29F01BFB05461B
:10B070001AF022FFC11C002029F0E8FA29F060FB39
:10B0800029F010FB29461AF019FF0B4B0721A0FBF2
:10B09000033201FB0021184605A3D3E90023FCF786
:10B0A000D5FC23691B1A236138BD00BFAFF30080B4
:10B0B00000CA9A3B000000008D49FD1A0000000004
:10B0C0002DE9F0478AB0044629F0D2F8C0B2002832
:10B0D00000F00D8129F0EEF8054629F013FA074635
:10B0E00029F01AFA814629F057FC064629F036FC69
:10B0F000824629F0C9F9804629F0AAF926F0F0FE27
:10B10000EBB243B98E48214628F084FF0AB0BDE86F
:10B11000F04729F071B801201BF05AFFFDB2F7B2D9
:10B120000646002800F0EC80002D40F0FA80002F49
:10B1300040F0E0804FF0FF092A464B463946204652
:10B1400028F042F80028DDD0327F616800238DF8B6
:10B1500023305FFA88F802F00F03002900F0158110
:10B16000616891F82C10890700F10F81072BC9D075
:10B17000A17D0D0740F14881002B40F0ED80737FE9
:10B18000063B1F2BBED804201BF022FF0028B9D09D
:10B1900029F0DEFA636A054643B9238C40F2712236
:10B1A00002FB03F3B0FBF3F203FB120523681A69F9
:10B1B000644B0721A2FB030301FB02315EA3D3E929
:10B1C0000023FCF743FC6FF4427143181F3B62EB12
:10B1D0000202AB4272F1000294D329F02BF94846E7
:10B1E000636825F085FFE37D9A07824640F18281FE
:10B1F0000246002800F07E810123CDE9063229F0C5
:10B2000067F8069B029309AB079A049306F11E03A5
:10B2100003920193337FC3F38013014605460093E5
:10B2200000220123204627F0E9FF284628F0C2FF2C
:10B2300029F00AF8002840F0C8812146424828F049
:10B24000E9FE626892F82C3043F0010382F82C305A
:10B25000A37D43F08003A3751BF0D4FE1722027177
:10B260004FF6FF72C280327F0146C2F340182B4670
:10B2700000F11C0205F120001D68D3F804C0D3F8CA
:10B2800008E0DE68D660103383421560C2F804C05F
:10B29000C2F808E002F11002EED11B6813600B7FC8
:10B2A0008C6068F345130B77069129F0FBF906993A
:10B2B0000861099B4B61002F14BF4B46FF234B765F
:10B2C000E37D8A7EC3F34003BAF1000F0CBF002375
:10B2D00003F0010363F300028A761BF093FE0699E4
:10B2E000C86008680AB0BDE8F0471BF0B7BE26F09A
:10B2F000F7FD07E75FFA8AF025F08CFF81461BE730
:10B30000124A1349134840F2C72335F060FB86F315
:10B310001188BFF36F8F0323184602DF002D3FF41F
:10B3200006AFA07D5FFA89F1C0F3C00025F0FEFEF4
:10B33000814601E7AFF3008000CA9A3B000000009D
:10B34000012E05008D49FD1A0530050008C40600D0
:10B35000A4C30600B8B10600012B40F08480727FC0
:10B360000C2A7FF4CFAE327FCDF80090194600232F
:10B370000193D20906F12403204627F069FE002834
:10B380007FF401AF337F03F00F03002B4CD1737FA9
:10B390009A1F1F2A3FF6B6AEA27D02F02102202A94
:10B3A00007D16268002A00F0AB80063B1F2B3FF6F6
:10B3B000A9AE63682BB1337F03F00F03072B7FF433
:10B3C000A1AE03209DF823501BF002FE00283FF49D
:10B3D00099AE06901BF016FE06994FF6FF73CB80D0
:10B3E00005230B71B8F1000F1AD17F208B7E0876F0
:10B3F000002F14BF4A46FF2265F3410308684A76CE
:10B400008B761BF02BFE7DE6B9F1FF0F8DF82490B3
:10B41000C2F3801551D0227E91453FF4ADAEB4E722
:10B4200029F022F80699E1E7062BB0D04521D94052
:10B4300011F0010140F0FF80012B1BD1737F0C2B19
:10B440007FF460AE327FCDF800900DF123030193BD
:10B45000D20906F12403204627F0FAFD50B1737F8C
:10B46000002BA6D14EE6062B91D04522DA40D0071C
:10B4700000F1E180337F03F00F03042B7FF442AE31
:10B48000737F063B1F2B3FF63DAEA37DDB077FF5A9
:10B4900039AE28F01DFF337F0278C3F38013B3EB7E
:10B4A000D21F7FF42FAE0830062206F11E013CF0B9
:10B4B00057FD00287FF426AED1E706F11E0109AA48
:10B4C0002846069125F068FF069900283FF45AAFF8
:10B4D000E37D03F00103AB427FF454AF062204F195
:10B4E00008003CF03DFD00287FF44CAF337F03F0B3
:10B4F0000F0341E6A37D04F11902C3F380137CE638
:10B500009620069229F01EF8069828F0E5FE032002
:10B510001BF05EFD00283FF4F5AD06901BF072FDB8
:10B5200006994FF6FF73CB8005230B71B8F1000F1E
:10B530006CD17F23002F0B7614BF4B46FF234B7635
:10B540008B7E086823F002038B761BF087FD28F0C2
:10B55000BFFE02780346032161F303021A70327FB3
:10B5600019780693C2F3801262F3C7110C225A7045
:10B570001970484625F0BCFDE27D069B12F0020FD3
:10B5800033D090B319781A4641F0400102F8021BFB
:10B590000168C3F8021081889180D6F81E209A6055
:10B5A000728C9A81184628F005FE28F04DFE90BB5B
:10B5B00029F0C6F8A37D214843F001032146A37575
:10B5C0000AB0BDE8F04728F025BD1D4A1D491E48B8
:10B5D00040F2AF4335F0FBF9002383F31188BFF34A
:10B5E0006F8F0323184602DF27E6A27D1978C2F386
:10B5F000801262F386111A4602F8021BD4F8191061
:10B60000C3F80210B4F81D109180C6E728F02CFF93
:10B61000069903468EE70A4A0A490B4840F233531B
:10B6200035F0D5F9002383F31188BFF36F8F03231F
:10B63000184602DFBCE7737FB7E600BF152E050092
:10B6400008C40600ACC30600B8B106000000000044
:10B65000F0B5C468A28A4FF6FF739A4283B000F037
:10B66000D780074627F0DEFE3B89628B208C94F85A
:10B670002710A3831A4492B2104480B2431C23843F
:10B680000023638301F03F034906E28300F19B80BE
:10B6900094F82810009304F1290004F1220324F007
:10B6A000FDFC0546D4E90C31A28B02FB0333A26BEF
:10B6B0001344E26B8B4294BFD21852188A4228BFBF
:10B6C0000A46636CE263226C94F86710134494F8A2
:10B6D0002C20636461F3061284F82C2094F87E20F9
:10B6E000002312F00402A363236475D028F0D6FC73
:10B6F000002028F0FBFC201D28F018FD2389A17AEA
:10B7000040F25B6043EA014128F0C8FD284626F07C
:10B710008DFB2146584828F07DFCA08928F012FFB7
:10B7200094F8662094F86700C2F3C003002102F089
:10B73000070200F0070028F019FE204627F032FF2C
:10B7400026683D68304626F04FFB05447A6805F1CF
:10B750000901002028F002FF074628F0C5FF00205D
:10B7600028F0DCFFE36B94F8670003F12F02636CB1
:10B7700000F0070003EB420301211F4428F028FDDD
:10B780003B1894F8670000F00700022822D0042834
:10B790000CBF4FF4BC72282201219F1828F01AFD1B
:10B7A000384428F093FFA18A05312A46C9B23046B1
:10B7B00026F028FB054690BB204626F0ADFAC0B91E
:10B7C000002003B0F0BD218D04F1220224F0B0FC72
:10B7D000054667E71822DFE7D4E91A0118F0C0FD33
:10B7E000002883D194F87E3043F0040384F87E303F
:10B7F0007CE7224A224923484FF4B07335F0E7F83A
:10B8000085F31188BFF36F8F0323184602DFD7E754
:10B810001D48214628F0FEFB28F0EEFCD0E7174A31
:10B820001A4918484FF4AB7335F0D1F8184B07217B
:10B83000A5FB030301FB05310DA3D3E90023FCF7AE
:10B8400005F914490246144835F0C1F8002585F37E
:10B850001188BFF36F8F0323184602DF0F4821467C
:10B8600028F0D8FB28F0C8FC6FF08B00A9E700BFD8
:10B8700000CA9A3B000000002D380500D4C4060021
:10B8800094B30600B8B106009D1F050094B20600EF
:10B890008D49FD1AECC70600DCC30600751F0500C4
:10B8A00070B5C468A28A4FF6FF739A4286B000F062
:10B8B0008F80054627F0B6FD2B89628B208C94F88B
:10B8C0002710A3831A4492B2104480B2431C2384ED
:10B8D0000023638301F03F034906E28362D494F8B6
:10B8E0002810009304F1290004F1220324F0D6FB70
:10B8F0000646204605A927F035FF059B94F87E10E3
:10B900001A7861F3C3021A70059A94F87E301178A0
:10B91000C3F3400363F38201117028F0BFFB0020E2
:10B9200028F0E4FB201D28F001FC2389A17A40F2D5
:10B930005B6043EA014128F0B1FC304626F076FA1C
:10B940000599204627F0DCFE21463B4828F062FBA3
:10B95000E08928F0F7FD94F8670000F0070028F070
:10B96000BBFC26682B680393304626F03DFA039B08
:10B970006A68034403F109010120039328F0EEFDF6
:10B9800028F0DEFEA18A039A0531C9B2304626F0BE
:10B9900039FA054618BB204626F0BEF948B9002002
:10B9A00006B070BD218D04F1220224F0C1FB0646D1
:10B9B0009FE7224A224923484FF4827335F007F863
:10B9C00085F31188BFF36F8F0323184602DFE6E784
:10B9D0001D48214628F01EFB28F00EFCDFE7174A21
:10B9E0001A491848FA2334F0F2FF194B0721A5FB36
:10B9F000030301FB05310EA3D3E90023FCF726F86E
:10BA000014490246144834F0E2FF002585F31188FA
:10BA1000BFF36F8F0323184602DF1048214628F03A
:10BA2000F9FA28F0E9FB6FF08B00B9E7AFF300807B
:10BA300000CA9A3B000000003536050028C5060004
:10BA400094B30600B8B106009D1F050094B206002D
:10BA50008D49FD1AF8C70600DCC30600751F0500F6
:10BA60002DE9F04F10EE101A2DED028B10EE904ADA
:10BA7000A1F500026300B2F1FE4F87B0F0EE407A0C
:10BA8000B0EE608A03F1FF306FF0807280F08F803B
:10BA9000904280F09480002401F14048B24D08F5B6
:10BAA0004D08C8F3C3496FF3160805EB0919A1EB5C
:10BAB0000800FBF789FCD9E90023FBF7DDFCAB4B61
:10BAC0000022FBF721FB02460B4606460F46FBF71A
:10BAD000D3FC82464FEAE8508B46FBF763FCD9E97A
:10BAE0000223FBF713FBD5E94823804689463046FD
:10BAF0003946FBF7C1FC02460B4640464946FBF778
:10BB000005FBD5E94023CDE9000130463946FBF776
:10BB1000B3FCD5E94223FBF7F9FA52468046894641
:10BB20005B4650465946FBF7A7FC02460B4640468B
:10BB30004946FBF7A1FCD5E94423804689463046B7
:10BB40003946FBF799FCD5E94623FBF7DFFA524665
:10BB50005B46FBF791FCDDE90023FBF7D7FA424691
:10BB60004B46FBF7D3FA064618EE100A0F46FBF7D2
:10BB70002BFC02460B4630463946FBF77DFC48F26B
:10BB8000BF03C1F3CF329A4206460F46C0F09280FF
:10BB900073A3D3E90023FBF7FFFE00287BD02046E8
:10BBA00007B0BDEC028BBDE8F04F33F071BE9042A0
:10BBB00033D32BB14900B1F17F4F08D818E06BB9EE
:10BBC00081F48001490011F5000F40F2C38037EE87
:10BBD000880A07B0BDEC028BBDE8F08FB1F17E5F43
:10BBE00005D184F48004640014F5000FEDE74900EA
:10BBF000B3F17F4FEBD1B1F1FE4F00F0AB80B1F16B
:10BC0000FE4F6FEA040434BF00210121E40FA1427A
:10BC100040F0A38028EE080ADBE74B00013B93428B
:10BC200015D3002960EE007A06DA20463CF0B2FB1C
:10BC3000012808BFF1EE677A002CADBFCDED057A83
:10BC4000B7EE007A87EE270A9DED050AC1E70029C5
:10BC50001FDA20463CF09EFB30B907B0BDEC028BEA
:10BC6000BDE8F04F33F024BE431E5842584104044F
:10BC700021F00041B1F5000FBFF40EAF9FED3C7A0B
:10BC800067EE877A17EE903A23F00043A3F138610C
:10BC900002E70024EEE7374B002230463946FBF737
:10BCA00067FE38B1204607B0BDEC028BBDE8F04F0F
:10BCB00033F0DEBD304DD5E94089304642464B4633
:10BCC0003946FBF723FA42464B468246FBF71CFAFD
:10BCD00002460B4630463946FBF716FA0AF01F03B8
:10BCE00005EBC30255F833605768D5E94623804613
:10BCF0008946FBF7C1FB1D4B0022FBF707FAD5E98C
:10BD00004223CDE9000140464946FBF7B5FBD5E9A2
:10BD10004423FBF7FBF94246CDE902014B4640467E
:10BD20004946FBF7A9FB02460B46DDE90201FBF79A
:10BD3000A3FBDDE90023FBF7E9F9002514EB0A0476
:10BD400007EBC433AA19FBF797FBFBF72FFE00EEB6
:10BD5000100A3EE7B7EE000A3BE79FED080A38E716
:10BD600071D5D1FFFFFF5F40109706000000F03F44
:10BD70000000004B00C062C0C89506000000000033
:10BD8000F0B403460A461979DB88006813430B4A6E
:10BD9000876806699A4304D113F4402F18BF83F4CF
:10BDA0004023346801258D4023F48012DB074CBF0B
:10BDB0002C43AC4334603B68F0BC184701001000D2
:10BDC000F8B5406800AF08301646FFF7D9FF0446C3
:10BDD000A0B16D468AB00B4B0790CDE905366A4697
:10BDE0004FF40073ADF82030074B42F8103F07487E
:10BDF00000234FF411510AF019FBAD462046BD4611
:10BE0000F8BD00BF64D70600040000016C90060076
:10BE1000024A4FF48031FFF7D3BF00BF30DC060089
:10BE2000024A4FF42021FFF7CBBF00BF5750070055
:10BE3000F8B5406800AF10301646FFF7A1FF044682
:10BE4000A0B16D468AB00B4B0790CDE905366A4626
:10BE50004FF40073ADF82030074B42F8103F07480D
:10BE600000234FF411510AF0E1FAAD462046BD46D9
:10BE7000F8BD00BF94D70600040000016C900600D6
:10BE8000024A4FF48031FFF7D3BF00BF30DC060019
:10BE9000024A4FF42021FFF7CBBF00BF57500700E5
:10BEA00010B542680B469068117BA3B183689C690A
:10BEB00044B14FF000734FF0A072A047044618B988
:10BEC000204610BD6FF057040A4A23460A48012154
:10BED00033F0E0FEF4E78268946944B14FF4001255
:10BEE000A04704460028EBD0044A2346EEE76FF053
:10BEF0005704F9E7C4D706006C900600F8D706008F
:10BF000070B5466805460121B06933F0C7FE041ECE
:10BF100007DA0C4A0C482346012133F0BBFE2046C9
:10BF200070BD706883685B6C03B198470021284638
:10BF3000FFF7B6FF2846FFF773FF2846FFF7A8FF75
:10BF4000EDE700BF2DD806006C90060070B545687F
:10BF500006460021A86933F0A1FE041E07DA084A4C
:10BF600008482346012133F095FE204670BD00218C
:10BF70003046FFF795FF686833F07DFEF5E700BFB8
:10BF800057D806006C90060013B500690C462C309B
:10BF900001A931F0E1F838B10548064A022133F031
:10BFA0007BFE8C2002B010BD9DF804302370F9E7B1
:10BFB0006C90060085D80600F7B507698DF8041067
:10BFC00006460D4602240022002301A907F12C0099
:10BFD00031F066F898B10C4A0C48022133F05CFE4F
:10BFE000002200230DF107013046FFF7CDFF012CA1
:10BFF00007D1074A05482B46214633F04BFE03B0D4
:10C00000F0BD0124DFE700BF9DD806006C9006005C
:10C01000C4D8060010B5047A8C4208D80F4A0B46E3
:10C020000F48012133F036FE4FF0FF3010BD40685D
:10C0300000EBC1042479944202D81346094AEFE781
:10C0400050F8311051F82220C2F341111960029BBF
:10C0500002F01F021A600020E8E700BFEFD80600D8
:10C060006C90060037D906002DE9F04786B00469C8
:10C07000D0F80480206002AF4FF0FF330026C7E9FC
:10C0800000333B1D84F82060666284F82860A4F8C1
:10C09000C060C4F8C460A4F8C860009331463B4651
:10C0A00005460122D8F81800FFF7B4FFE946D7E9A2
:10C0B0000023D8F81CE098F80CC0D8F8200098F8B5
:10C0C00014108CB0DFF8CCA10D93CDE90B1202AAAD
:10C0D0000823CDE907AECDE909C042F8103F5B481F
:10C0E000334644F2C0010AF0A1F96423CD4601228F
:10C0F00004F15C0104F12C003BF0F5F8D8F8006085
:10C100007EB95349534800960A234FF4806231F0B8
:10C1100085FB51495148009602234FF4806231F06B
:10C120007DFB04F110004E493BF08CFA4D4904F5BB
:10C1300080703BF0E2FA0122002104F1E4003BF0C0
:10C1400008FA0122002104F1CC003BF002FA6C68ED
:10C150002E6960683AF0D1FF88B9434A3B48012113
:10C1600033F09AFD6FF01204404A2346374801210C
:10C1700033F090FD20461037BD46BDE8F0873C4ABD
:10C180003248032133F088FD606883689B6A0BB9ED
:10C19000384AE3E707F1080198470028F8D1364B01
:10C1A000FB60606883685B6A63B107F108019847C8
:10C1B000034650B1314A2548012133F06BFD6FF041
:10C1C0001504D1E76FF05703F4E76068836823B183
:10C1D0001B6E13B132682A499847606833F04BFDF3
:10C1E000606883681B6D03B1984768682969037BA1
:10C1F000D1F84041012202FA03F3C1E90243806809
:10C200008368DB69B3B104319847044628B11D4AFD
:10C210000E482346012133F03DFD0C481A4A032104
:10C2200033F03AFD00212846FFF73AFE2CB1174AB9
:10C2300023469BE76FF05704E9E72846FFF786FEA1
:10C240000446002896D0124A03468FE76C900600F9
:10C2500000AB0020E820002080A600200020002065
:10C2600081FC0500C5C60200DBD906004CDA0600D9
:10C27000F1D9060006DA06000201030028DA0600FA
:10C28000C1C3020064DA0600A1DA0600B7DA0600CC
:10C29000CFDA06007DD9060001380F289ABF024B7D
:10C2A00053F820000148704738980600FADA060073
:10C2B0002DE9F04143680469064600AF58680D4611
:10C2C00083681B6A002B3DD102221046FFF7E4FF72
:10C2D000E8468AB0264BCDE90702CDE905356A4626
:10C2E00040F20133ADF82430224B42F8103F22488F
:10C2F00000234FF432510AF099F8C54694F8C8303B
:10C300008BB1002384F8C95084F8C83004F1CC0004
:10C3100031F07AF8AB1DDBB2042B04D8152222FAD7
:10C3200003F3DB070BD4636AC3B194F82830ABB1D5
:10C33000124884F8205004F110013BF0ADF9BD46DD
:10C34000BDE8F08198478307BED510F00102BCD14B
:10C35000410708D40207D1D50822B6E7294630465E
:10C36000FFF72AFEEBE7FA2DC8D00422ADE700BFA5
:10C3700008DB0600050000016C900600002000208C
:10C3800013B583681B6B0C4663B101220DF10701E5
:10C390009847031E09DC084A0848012133F07AFC5B
:10C3A00002B010BD6FF05703F5E79DF80710204667
:10C3B000FFF77EFFF4E700BF36DB06006C90060057
:10C3C00070B504460D468368DB6D53B1984701286C
:10C3D00003460DD0BDE870400A4A0B48012133F0F6
:10C3E00059BC6FF05703F5E729462046FFF7C8FF11
:10C3F000A368DB6C002BF7D0204698470028F3D1C8
:10C4000070BD00BF56DB06006C900600F8B505460F
:10C4100006690F460022002306F1E40031F02EF8F1
:10C42000044650B110F1100F07D0214A03462148AD
:10C43000012133F02FFC2046F8BD2846FFF760FDB0
:10C44000044610B11C4A0346F1E7C6F8C400014691
:10C4500086F8C170284633F045FC0121284633F0A8
:10C4600047FC4FF4FA703AF043FE2146284633F079
:10C470003FFC4FF4FA703AF03BFED6F8C43001337B
:10C48000C6F8C4300121284633F02CFC2846FFF7BB
:10C49000BFFC01212846FFF703FD6322002306F5B8
:10C4A0008071064831F0F8F9054830F02DFFC2E7F9
:10C4B00067DC06006C900600A8DB0600E820002080
:10C4C000401B002037B50D460469FFF79FFF38B1C8
:10C4D0001448154A012133F0DFFB012003B030BDC1
:10C4E0009E22002304F1E40030F0C8FF40B10F4A5F
:10C4F00000902B460B48012135F052FA0220EDE75F
:10C5000094F8C030022B09D006480093084A2B4605
:10C51000012135F045FA94F8C0004042002384F828
:10C52000C030DBE76C9006009EDC0600C2DC060033
:10C5300003DD060073B50E460469FFF7C3FFB0B90B
:10C54000012384F8C830002342F2676204F1CC0072
:10C5500030F094FF002394F8C950A4F8C83040B1DB
:10C560000C480D4A3346022133F094FB032002B0FD
:10C5700070BD05F0FD03FC2BF9D10648074A009574
:10C580003346022135F00CFAFE2D14BF052004209D
:10C59000EDE700BF6C90060041DD060091DD06006E
:10C5A0002DE9F04383B0814602AF0E461C484FF0A0
:10C5B000FF324FF0FF3330F031FE00244FF005081A
:10C5C00031464846FFF7B6FF0546D8B994B1E8466C
:10C5D0008AB0144B02AACDE9073601340523099429
:10C5E0000A9342F8103F4FF4225103460E4809F0D7
:10C5F0001DFFC5460A4830F087FE28460437BD4671
:10C60000BDE8F0830528F5D0042CF3D0074A06488E
:10C61000CDF80080A31C022135F0C2F90134CFE728
:10C62000401B0020BDDD06006C900600E9DD060021
:10C630002DE9F843046900AF05460E4604F5807005
:10C6400091463BF067F83EBBE84694F8C1308AB0AB
:10C65000174ACDF81C90CDE9052340F201336A4614
:10C66000ADF82030134B42F8103F134833464FF4D7
:10C67000115109F0DBFE0323C54684F8C03028467B
:10C68000FFF764FC034648B10C4A0B48012133F024
:10C6900001FBBD46BDE8F8830223EEE784F8C10044
:10C6A00004F1E40030F0B0FE054830F02DFEF0E774
:10C6B0000EDE0600040000016C9006002DDE060070
:10C6C000401B0020A0F58070024A00680021FFF79F
:10C6D000AFBF00BF5ADE060070B5234A04460321EF
:10C6E000224833F0D9FA04F580703BF013F8206843
:10C6F0000021FFF7D5FB0025072D18D894F8C110AD
:10C700002068294101F0010133F0F2FA452001359A
:10C710003AF0EEFC0A2DEFD1206833F0DEFAC8B90A
:10C72000134A20680121BDE87040FFF781BF082D42
:10C73000266807D194F8C10033F0EAF880F00101CF
:10C740003046E1E73046012133F0D2FA2068FFF7A6
:10C7500097FBDBE7074A94F8C1300448022133F025
:10C7600099FA054ADDE700BF66DE06006C90060018
:10C770009BDE0600AADE0600D0DE060013460A464F
:10C7800001460148FFF7A8BF800A002038B50446DB
:10C7900000F580703AF0BEFFD4F8C43013B35A1ECF
:10C7A0000A2A42D8DFE802F0060606060606060652
:10C7B0001F262E0094F8C110114101F001012068DC
:10C7C00033F096FAD4F8C4300A2B06DC1A48052256
:10C7D000002304F5807131F05FF8D4F8C4300133E0
:10C7E000C4F8C43038BD94F8C10033F091F880F03B
:10C7F0000101E4E72068012133F07AFA2068FFF7AD
:10C800003FFBDFE7206833F068FA28B90B4A20685D
:10C810000121FFF70DFFD5E7094A94F8C130094817
:10C82000022133F037FA084AF1E7084A05480121A6
:10C8300033F030FAC6E700BFE82000209BDE060098
:10C84000AADE06006C900600D0DE0600DBDE0600E5
:10C8500013460A4601460148FFF798BF800A0020A8
:10C860002DE9F04788B06C4608AFD0F81080064636
:10C8700088B022461C4BDFF880A00D934FF00309CF
:10C88000CDF838A0194842F8109F4FF4C8514546DA
:10C8900033F070FAA54688B045F8806B144B134806
:10C8A0002246CDE90D3A4FF4C85142F8109F33F0BB
:10C8B00061FAA5464FF400420023CDE90623002487
:10C8C0006FF00503CDE90334CDE90144094B00962F
:10C8D0004FF40062294608F5106031F0B9F820469F
:10C8E000BD46BDE8F08700BF55DF0600C4900600D6
:10C8F00073DF060049DC02006F5507002DE9F041A7
:10C90000436806691D6800AFE846044688B00F4BCF
:10C910000F486A46CDE905314FF40073ADF81C307D
:10C920000C4B42F8103F4FF4E25133F023FA00234E
:10C93000C546FE21C6F8D039284633F010FA204605
:10C9400033F01BFABD46BDE8F08100BF97DF06005B
:10C95000C490060003000001B0B5A0F51E6000AF52
:10C960006D460468D0F8D03988B00A4A05920A4A60
:10C970000A48CDE906236A46042342F8103F4FF4E3
:10C98000045133F0F7F92046AD4633F0F6F9BD46D1
:10C99000B0BD00BFD7DF060041560700C4900600B7
:10C9A0002DE9F04F89B0056906909846436895F8DF
:10C9B000406A079317468946002939D0002E40D196
:10C9C000784A7948032133F0D3F934464FF0010A0D
:10C9D00095F8413A0593002F38D0002B40D1734A87
:10C9E0007148032133F0C4F90AF1010A95F842BAFB
:10C9F000B8F1000F37D0BBF1000F3ED16C4A6A4846
:10CA0000032133F0B5F90AF1010ABAF1010F01DC93
:10CA1000012C36DD674A644800945346022134F005
:10CA2000BFFF6549069809B0BDE8F04FFFF766BF44
:10CA30004EB1624A5C48032133F09AF90124CA4698
:10CA4000C6E70026B1463446B246C1E7059B002B37
:10CA5000CCD05B4A5448032133F08AF90134C5E74E
:10CA600000270597C2E7BBF1000FCED0554A4E48CC
:10CA7000032133F07DF90134C7E74FF00008C346C6
:10CA8000C3E7079B5A7D002A47D1BAF1010F01D0B5
:10CA9000012C42D15444B9F1000F41D04FF0FF3284
:10CAA0004FF0FF33661E2868CDE9022373427341BD
:10CAB0000093012319464FF4807228F095F9012361
:10CAC00085F8403AB8F1000F40D04FF0FF324FF0F8
:10CAD000FF332868CDE90223A21E544254410123AA
:10CAE0001946009440F2011228F07EF9012385F8DE
:10CAF000423A002F41D04FF0FF324FF0FF33286809
:10CB0000CDE9022300230093012319464FF48172DB
:10CB100028F06AF9012385F8413A09B0BDE8F08FA1
:10CB2000002ECFD0611E4FF0FF324FF0FF33286848
:10CB3000CDE902234B424B4100934FF480724B46A8
:10CB4000012128F051F985F8409ABBE7BBF1000FAD
:10CB5000CFD04FF0FF324FF0FF332868CDE90223EA
:10CB6000A31E5C425C410094434640F20112012145
:10CB700028F03AF985F8428ABBE7059B002BCCD018
:10CB80004FF0FF324FF0FF3328680097CDE90223C2
:10CB900001213B464FF4817228F026F985F8417A4D
:10CBA000BBE700BF02E00600C490060026E00600D6
:10CBB0004BE0060070E00600E6E0060013E0060029
:10CBC00038E006005DE006002DE9F04F87B002AFC7
:10CBD000046997F83C00019097F838000090381DE0
:10CBE00033F0D2F8B7F90460B4F9D439B7F9065084
:10CBF000B4F9D62997F80B9097F80C8097F80DB0F8
:10CC000097F809C0B87A97F908109B1B002BA2EB84
:10CC10000502B8BF5B42002AEA46B8BF524292B052
:10CC2000DFF874E0CDF81CE01292DFF870E002AAA1
:10CC3000CDE910B30D23CDE908E6CDE90A5CCDE9D5
:10CC40000C01CDE90E98134842F8103F4FF4D24141
:10CC500033F090F82A462068D546314633F0BEF8C6
:10CC600020685B4642464946FFF79AFEBE80FD803B
:10CC700087F80B9087F80C8087F80DB03B1D93E880
:10CC8000070004F6D41403C414372280BD46BDE85F
:10CC9000F08F00BFC4900600FEE006001E5607009D
:10CCA00073B5046904F51E6016463AF033FDD4F8F6
:10CCB000D039E21882F8C96943B9320724D4194936
:10CCC000206802B0BDE87040FFF718BE012B1BD0F2
:10CCD00094F8C819A1B9022B16D194F8CC0994F88C
:10CCE000CA3994F8C929019094F8CB0900902068BA
:10CCF000FFF76AFF206802B0BDE8704033F03DB82E
:10CD0000012901D1032BE7E70133C4F8D0394FF4EF
:10CD10008042002304F51E6002B0BDE8704030F090
:10CD2000E5BD00BF7EE10600024B0A4601461868D9
:10CD3000FFF7B6BF0000002070B5066996F8433AC9
:10CD4000FBB943681D68F421284633F008F804460F
:10CD500038B10D4A03460D48012133F007F820464B
:10CD600070BDAB681B6933B128469847044628B1AB
:10CD7000074A2346EFE76FF05704F9E7012386F8E7
:10CD8000433A0024EBE700BFA0E10600C490060090
:10CD9000C4E1060070B5066996F8433AF3B14368FA
:10CDA0001D68F521284632F0DAFF044638B10C4AF6
:10CDB00003460C48012132F0D9FF204670BDAB6814
:10CDC000DB6833B128469847044628B1064A234613
:10CDD000EFE76FF05704F9E786F8430A0024ECE721
:10CDE000E6E10600C49006000BE206002DE9F04FD4
:10CDF0009DB05C1E4B6802AF1E680B6978603A609C
:10CE00000D466022002107F1080097F898A093F8DA
:10CE1000439A3AF0FBFE002C12DC6FF009037A49CA
:10CE2000BB6007F10C00FAF735FE07F108017868DE
:10CE300060223AF0C4FE78686C37BD46BDE8F08FDA
:10CE4000D7F89430082B0AD96FF00A036F4ABB60F9
:10CE50005023502107F10C0031F016FCE5E7BAF140
:10CE6000000F00F09E80B9F1000F00F09A80E846B4
:10CE700088B0674B079302AA664B0893032342F8D6
:10CE8000103F65484FF4C85132F074FF2846C5463C
:10CE9000FFF780FFB86000287CD1EB4688B05F4B7D
:10CEA000079302AA0323DFF86C81CDF820805A484B
:10CEB00042F8103F4FF4C85132F05CFFDD464FF0AE
:10CEC000000B3B68304613F80B1032F048FF0BF1B3
:10CED000010BB860002800F08E800023CDE90043EC
:10CEE0004F4A5B46502107F10C0031F0CDFBBB6887
:10CEF000002B5AD1D7F8903003B36C4688B0494B19
:10CF0000454802AACDE90738032342F8103F4FF401
:10CF1000C85132F02FFFD7F89030A5461978304627
:10CF200032F01DFFB86048B100233F4A502107F19D
:10CF30000C0031F0A9FBBB68002B36D1D7F8943038
:10CF4000002B32D06C4688B0384B334802AACDE96A
:10CF50000738032342F8103F4FF4C85132F00AFF5C
:10CF600007F15C08A546002408EB0401304632F0C6
:10CF7000F9FE0134B860002841D000230193D7F8AE
:10CF8000943000932A4A2346502107F10C0031F0D7
:10CF90007BFB0AE0274A0023502107F10C0031F007
:10CFA00073FBBB68002B3FF478AFBAF1000F3FF47E
:10CFB0003CAFB9F1000F3FF438AF6C4688B01E4B60
:10CFC000079302AA134B0893032342F8103F124819
:10CFD0004FF4C85132F0CEFE2846A546FFF7ACFE0E
:10CFE000034600283FF421AFBA68002A7FF41DAF42
:10CFF000124AB8602DE75C453FF763AF7AE7D7F890
:10D0000094309C42B0DBD0E72EE206005BE20600E3
:10D010008EE2060007560700C4900600B8E206003C
:10D02000F1E2060014E3060027E306003FE30600F2
:10D0300057E30600CBE2060083E30600ACE30600FC
:10D0400010B59CB00023CDE9013301460093074A97
:10D05000022304A8FFF7CAFE049C24B1044A054831
:10D06000012132F085FE20461CB010BDD4E306003D
:10D07000D6E30600C49006002DE9F0419EB0CCB284
:10D080008DF81710074616491C22204632F0C7FEBD
:10D09000431C054609D1134A23460121124832F0A8
:10D0A00065FE28461EB0BDE8F08100230126D7F8B2
:10D0B00010800E4ACDE901360DF117030093394671
:10D0C000022306A8FFF792FE069D15B1084A2346E3
:10D0D000E3E7084A88F8484A23460321DEE700BF11
:10D0E000540F0020EFE30600C49006001AE4060087
:10D0F0001CE406003CE4060070B59CB0002301244B
:10D100000093CDE901440A4A0E460223014604A8D1
:10D11000FFF76CFE049D3DB1064A0748214632F0F8
:10D1200027FE28461CB070BD9DF864303370F8E7C8
:10D1300061E4060063E40600C49006002DE9FF41A7
:10D1400006460D46002953D0076997F8438AFFF732
:10D1500021FE012D0BD1C8213046FFF78DFF642140
:10D160003046FFF789FF50213046FFF785FF0DF16C
:10D170000F013046FFF7C0FF0446A8B11D4A0090DA
:10D180002B461D48012134F00BFC97F8481A304615
:10D19000FFF772FFB8F1000F02D03046FFF7CCFD69
:10D1A000204604B0BDE8F0819DF80F3053B9134A12
:10D1B00011482B46012132F0D9FD002387F8C839E8
:10D1C0000124E2E7DA1E012A0AD80D4A00930A4830
:10D1D0002B46032134F0E4FB012387F8C839D4E758
:10D1E000084A009304482B46012134F0D9FBE4E7B8
:10D1F0000C46D5E77BE40600C4900600C2E40600B6
:10D2000002E5060046E50600F0B59DB0022316468D
:10D21000012500220092CDE901350B4A0F46014657
:10D2200004A8FFF7E3FD049C3CB1084A08482946DE
:10D2300032F09EFD20461DB0F0BD9DF864303B707D
:10D240009DF865303370F5E789E506008BE506004B
:10D25000C490060070B59CB0002301240093CDE972
:10D2600001440A4A0E460323014604A8FFF7BEFD07
:10D27000049D3DB1064A0748214632F079FD284613
:10D280001CB070BD9DF864303370F8E7A6E5060069
:10D290008BE50600C49006000138C0B205289ABF8D
:10D2A000024B53F820000248704700BFDC9806008C
:10D2B000A9E506002DE9F04F164685B08A461A46C4
:10D2C00031460E9C109F83461D46FFF79DFF80460A
:10D2D00098B14FF000088AF800801A4A86F800805A
:10D2E0000F9885F80080394684F8008031F0CCF939
:10D2F000C246504605B0BDE8F08F4FF001098AF8EC
:10D30000009021465846FFF7A5FF824648B10346E4
:10D310000D4A0E48494632F029FD4FF0FF3A84F895
:10D32000008032781046FFF7B7FF21780291297804
:10D330000346CDE900210F98054A394631F0A4F99A
:10D34000D7E700BFB1E50600C4E50600C4900600BB
:10D35000E6E5060070B59CB0002301240093CDE9FA
:10D3600001440A4A0E460423014604A8FFF73EFD85
:10D37000049D3DB1064A0748214632F0F9FC284693
:10D380001CB070BD9DF864303370F8E729E60600E4
:10D390002DE60600C49006002DE9F04FA1B004AFC1
:10D3A00007F10F0A8B465146786014469846FFF7FE
:10D3B000D1FF0546F8B9FB7B39483A4943FA0BF3EC
:10D3C00003F00103A3421BD1374C384AAB4218BFCC
:10D3D00022466C468AB0364B0D91CDE90B8204AAE9
:10D3E000CDE90930334B42F8103F33484FF44451F4
:10D3F00032F0C0FCA54628467437BD46BDE8F08F24
:10D40000294B2A4EE946002C18BF1E468AB02B4BEA
:10D410000D9104AACDE90930264B2748CDE90B86AA
:10D420004FF4445142F8103F32F0A4FCFB7B244AF5
:10D4300004FA0BF4CD461C430123FC73CDE90153E0
:10D44000CDF800A07968042307F11000FFF7CEFCA7
:10D450003C6994B18AB01B4B0B96CDE9093804AAFC
:10D46000194B0C93194B42F8103F13484FF42151BC
:10D4700032F080FC2546CD46BDE78AB0144B0B96B2
:10D48000CDE9093804AA104B0C93104B42F8103F19
:10D4900009484FF4235132F06DFCCD46ABE700BF95
:10D4A000E4550700010302043F4A0700000F07008C
:10D4B00053E6060005000002C49006008BE6060055
:10D4C000A9E60600ADE60600000201030400000222
:10D4D000CFE606000A46024B0021FFF75DBF00BF02
:10D4E000F7E606000A46024B0321FFF755BF00BFCF
:10D4F00007E706000A46024B0421FFF74DBF00BFB5
:10D5000010E706000A46024B0621FFF745BF00BFA1
:10D5100019E706002DE9F041FF299EB00C4604AF43
:10D5200018D96D468AB01B4B1B48CDE90931002242
:10D53000FF23CDE90B2304AA052342F8103F4FF443
:10D54000215132F017FCAD46012528466837BD460B
:10D55000BDE8F08100230126D0F81080F971CDE9F3
:10D560000136FB1D009301460C4A042307F1080015
:10D57000FFF73CFCBD6835B1094A234631460648F1
:10D5800032F0F4FBE1E7074A88F8494A23460321D1
:10D59000F5E700BF21E70600C490060050E706004B
:10D5A00054E7060074E706002DE9F041FF299EB01C
:10D5B0000C4604AF18D96D468AB01B4B1B48CDE909
:10D5C00009310022FF23CDE90B2304AA052342F8E9
:10D5D000103F4FF4215132F0CDFBAD4601252846D6
:10D5E0006837BD46BDE8F08100230126D0F81080E1
:10D5F000F971CDE90136FB1D009301460C4A042365
:10D6000007F10800FFF7F2FBBD6835B1094A234670
:10D610003146064832F0AAFBE1E7074A88F84A4A51
:10D6200023460321F5E700BF9AE70600C4900600F1
:10D63000CEE70600D2E70600F7E706002DE9F04145
:10D64000FF299EB00C4604AF18D96D468AB01B4B1B
:10D650001B48CDE909310022FF23CDE90B2304AAA1
:10D66000052342F8103F4FF4215132F083FBAD46C1
:10D67000012528466837BD46BDE8F0810023012614
:10D68000D0F81080F971CDE90136FB1D00930146F9
:10D690000C4A042307F10800FFF7A8FBBD6835B169
:10D6A000094A23463146064832F060FBE1E7074A63
:10D6B00088F84B4A23460321F5E700BF22E806001D
:10D6C000C490060060E8060064E8060093E80600DF
:10D6D0002DE9F041FF299EB00C4604AF18D96D46E4
:10D6E0008AB01B4B1B48CDE909310022FF23CDE94D
:10D6F0000B2304AA052342F8103F4FF4215132F0C6
:10D7000039FBAD46012528466837BD46BDE8F081A6
:10D7100000230126D0F81080F971CDE90136FB1DF8
:10D72000009301460C4A042307F10800FFF75EFB53
:10D73000BD6835B1094A23463146064832F016FB2A
:10D74000E1E7074A88F84C4A23460321F5E700BF82
:10D75000C8E80600C490060005E9060009E90600CD
:10D7600037E906002DE9F043012983B0044600AFF4
:10D77000904618D06D4688B0534B6A46CDE90530C7
:10D780004FF40073ADF81C30504B42F8103F4FF48B
:10D79000E2514F4832F0EEFAAD466FF015000C370B
:10D7A000BD46BDE8F0834B4A156818460A46F91D88
:10D7B0002E69D5F80490C047002810DC6D468AB069
:10D7C000454B0790CDE905346A464FF40073ADF838
:10D7D0002030424B42F8103F4FF41151D9E796F8F0
:10D7E000443A7BB96D4688B03D4B6A46CDE9053475
:10D7F0004FF40073ADF81C30344B42F8103F4FF437
:10D80000E651C6E76E46FB798AB0364A0793CDE902
:10D8100005246A46314B2E484FF40078ADF820803D
:10D820004FF4135142F8103F32F0A4FA2E49B54696
:10D830002046FAF725F9D8B9D9F82430F979581CD7
:10D8400012D08AB0294AADF82480CDE905246A4671
:10D85000CDE90713264B42F8103F1D484FF43251D3
:10D8600032F088FAB54698E72846FFF753FE94E76A
:10D8700020492046FAF704F940B9D9F82830F97957
:10D880005A1CDED12846FFF78FFE86E71A4920464C
:10D89000FAF7F6F840B9D9F82C30F979581CD0D1FC
:10D8A0002846FFF7CBFE78E714492046FAF7E8F858
:10D8B00000287FF472AFD9F82030F9795A1CC0D112
:10D8C0002846FFF705FF68E76BE906000300000143
:10D8D000C49006000000002097E906000400000143
:10D8E000B8E90600F4E9060018EA060027EA06008F
:10D8F0000500000193EA0600A2EA0600ACEA060071
:10D900002DE9F0438DB002AF00901E4B0D469146BD
:10D9100028211D4A384630F0B7FE6E468AB01B4BB0
:10D9200007931B4BDFF874801A4802AACDE9083729
:10D9300040F20133ADF828304FF4145142F8108F03
:10D9400032F018FA2946B5464A4638460AF044FAF3
:10D95000054688B18AB0104B099002AACDE9073775
:10D960004FF40073ADF828300A4842F8108F4FF496
:10D97000115132F0FFF9B54628462C37BD46BDE8B7
:10D98000F08300BFBDEA0600C7EA0600CDEA060044
:10D99000C0550700C4900600E8EA06000400000134
:10D9A00010B5104A044603210F4832F0E1F904F1A2
:10D9B000390101220D48FFF7A3FF04F13A010122CA
:10D9C0000B48FFF79DFF04F13B0101220948FFF7D7
:10D9D00097FF04F13C010848BDE810400122FFF721
:10D9E0008FBF00BF0BEB0600C490060018EA0600CC
:10D9F00093EA0600A2EA0600ACEA0600B0B50446C7
:10DA000000AF6D4688B0144B05936A46134B0693DE
:10DA1000032342F8103F4FF4C851114832F0AAF9DD
:10DA2000AD4625690AF09CFB0E4834F0D3FA044653
:10DA300040B103460C4A0A48012132F097F92046CA
:10DA4000BD46B0BD05F52160084939F056FE0848CD
:10DA50000AF0FAF9F3E700BF27EB0600A455070028
:10DA6000C4900600380F00202CEB0600A1D902005C
:10DA7000BDEA0600F0B583B04468A36802AF002B8E
:10DA800056D005692369227B2A48009203212A4A3D
:10DA900033F086FF6A6822B9D4E90201C5E90101C1
:10DAA0006A81B5F80AC06868297A4CF420220669B0
:10DAB000D0F808E0336801248C401CF0010F14BF3B
:10DAC0002343A3433360DEF800309847044648B14F
:10DAD0001A4A03461748012132F048F92046043714
:10DAE000BD46F0BD002144F6CD4039F014FF2B7A3D
:10DAF00068680121994003691B68194283680CBF5B
:10DB00001B69DB689847044610B10D4A0346E1E7FC
:10DB10006C4688B00B4B079302AA0B4B0893032368
:10DB200042F8103F03484FF4C85132F023F9A5469C
:10DB30000024D3E7C490060068EB060095EB0600CE
:10DB4000E4EB060026EC0600825507002DE9FF41B4
:10DB5000456880460026771C0A23314A31480093E5
:10DB600003213B4633F01CFF28680DF10F0132F012
:10DB7000F9F8034600284BD19DF80F30AA2B10D09E
:10DB8000294A2848022132F0F1F82648274A032181
:10DB900032F0EEF829684046FFF752FA0A2F22D1F8
:10DBA00034E0234A1F48032132F0E0F8214A1D489F
:10DBB000032132F0DDF828680DF10F0132F0D2F8C0
:10DBC000044690B11C4A03461648022132F0CEF8B2
:10DBD000F3071FD41348154A032132F0C9F8296806
:10DBE0004046FFF72DFA3E46B5E79DF80F3043B9A2
:10DBF000124A0C48032132F0BBF8204604B0BDE8BD
:10DC0000F0810F4A0748022132F0B0F80124F4E70E
:10DC10000C4AD9E700214FF4203039F07CFEBDE7F3
:10DC200052EC0600C490060086EC0600AEEC06003E
:10DC3000CCEC0600EFEC060009ED06002BED06002B
:10DC40004FED060070ED06002DE9F04794B004AFEB
:10DC5000044606694568FFF70DFF8448844A03219E
:10DC600032F086F82046FFF771FF48B1814A0A2357
:10DC70007E48012132F07AF84037BD46BDE8F08792
:10DC8000AB69642B08D079487B4A032132F06EF8E7
:10DC9000297E2046FFF7F0F9784B3A4603F1100E43
:10DCA000B846186859689446ACE8030008337345D1
:10DCB0006246F6D11868CCF800002C22002107F14A
:10DCC000140039F0A3FF4023CDE9018306F6472372
:10DCD000009306F6452206F6462306F64421204622
:10DCE000FFF7E8FAE94688B0654B6048CDE90938A6
:10DCF00004AA4FF40073ADF82C30624B42F8103F89
:10DD00004FF4E65132F036F896F8443ACD46002BFF
:10DD10005ED02B7F43B155485B4A032132F028F88F
:10DD200001212046FFF7D6FB2B6A5A1C08D04F482A
:10DD3000564A032132F01AF8296A2046FFF7C8FC38
:10DD40006B6A581C08D04948514A032132F00EF83A
:10DD5000696A2046FFF7DEFBAB6A591C08D04348CE
:10DD60004C4A032132F002F8A96A2046FFF71CFC56
:10DD7000EB6A5A1C08D03D48474A032131F0F6FFB0
:10DD8000E96A2046FFF75AFC95F8303043B137482E
:10DD9000424A032131F0ECFF01212046FFF7A2FBAC
:10DDA00095F8313043B131483D4A032131F0E0FF6D
:10DDB00001212046FFF79EFB95F8323043B12B48F6
:10DDC000384A032131F0D4FF01212046FFF79AFBA6
:10DDD0002B7D43B12548344A032131F0C9FF01218D
:10DDE0002046FFF7ABF92046FFF708FEE94688B06A
:10DDF00004AA2E4BDFF8CCA009934FF00308CDF80E
:10DE000028A01A4842F8108F4FF4C85131F0B2FFE1
:10DE1000CD462868D6F8501A83681B689847034691
:10DE200008B1234A24E7234A1048414631F0A0FFB5
:10DE30002046FEF781FF034650B11F4A0B480121DF
:10DE400031F094FF1D4906F51E6039F056FC13E7CA
:10DE500088B01B4B054804AACDE9093A4FF4C851D4
:10DE600042F8108F31F086FFCD46EBE7C4900600F4
:10DE7000A2ED0600C2ED060026EE060046F0060002
:10DE800043EE0600030000015CEE06007BEE060098
:10DE9000AAEE0600CAEE0600E6EE060016EF060041
:10DEA00033EF060050EF060072EF060088EF060021
:10DEB000A8EF0600CEEF0600FAEF060059C90200EF
:10DEC0001EF006005555070037B503F0A3FEE8B174
:10DED00003F094FD0F4C054600211F220D4839F038
:10DEE00095FE4C2304F8013C32F017FA04F80109BE
:10DEF0002B0AE3702B0C2371202300940193A5704F
:10DF0000DDE900012D0E65712BF0B2F9002003B0A0
:10DF100030BD00BF23A40020014837F0F1B800BF96
:10DF2000F48A0600012B07B50ED112780848012AA1
:10DF300014BF002257228DF8072000210DF107029F
:10DF400037F06DF803B000BD6FF08500FAE700BF51
:10DF5000F48A0600012B13B5144611D10A480DF1BD
:10DF60000702002137F081F8002807DB9DF8073011
:10DF7000A3F15702534253412370002002B010BD59
:10DF80006FF08500FAE700BFF48A060001482FF021
:10DF90003FBC00BF800F002001482FF039BC00BFFC
:10DFA000700F002007B539F02FFD4FF47A72A0FBF7
:10DFB000020302FB0133C00B40EA4340064B4FF41F
:10DFC0000042186000230548CDE9002330F0DAFA5A
:10DFD000002003B000BD00BF705D0020601A00206B
:10DFE000014B187800F08CBB42A40020044B1A7837
:10DFF000824202D01870FFF7F3BF0020704700BFC5
:10E0000042A4002008B539F0FFFC4FF47A72A0FB5F
:10E01000020302FB0133C00B40EA4340064B1B687E
:10E02000C01A47F23053984204DDBDE80840012091
:10E03000FFF7DCBF08BD00BF705D002008B539F0F8
:10E04000E3FC4FF47A72A0FB020302FB0133C00B26
:10E0500040EA4340034B1860BDE808400020FFF74A
:10E06000C5BF00BF705D0020014B1878704700BF2E
:10E0700042A400202DE9F04F1D4D1E4CDFF87CA07E
:10E08000DFF87CB083B0641BA40800AF0026A9466B
:10E09000B44204DC00200C37BD46BDE8F08F0136E9
:10E0A000B046444501D10435F2E72B681A6859F8A7
:10E0B00028307A6019681046F9F7E2FC7A6803465E
:10E0C00090B9C7F804D088B0CDE905A24FF400722A
:10E0D000ADF81C206A4642F810BF07484FF4E251E1
:10E0E00008F0A4F9D7F804D008F10108D9E700BF77
:10E0F000548707009C870700C49006008EF0060036
:10E1000003000001F8B5064610B900242046F8BD0A
:10E110000378002BF9D00F4D0F4FBD420FD30D4D9B
:10E12000BD42F2D2286838F0E8FF30B12C683146A1
:10E130002068F9F7A5FC0028E8D00435F0E7286846
:10E1400038F0DBFF18B12C682368B342DED0043509
:10E15000E3E700BF548707009C87070082B02DE9E2
:10E16000F04796B0CDE91E23904607C807AD85E875
:10E1700007009DF890909DF888601F46FFF7C2FF4A
:10E18000824670B9444A4548CDF800803B4602219A
:10E1900033F006FC0124204616B0BDE8F04702B07B
:10E1A0007047CDE91E870DF1780CBCE80F000AAC72
:10E1B0000FC48DF888609CE8030084E80300CDE973
:10E1C0000A878DF838600DF1280EBEE80F000DF1BA
:10E1D000400CACE80F0094E803008CE803000798BB
:10E1E000FFF790FF83685C688CB116AB13E90F00F2
:10E1F0008DE80F00DDE910232846A047044630B122
:10E20000274A03460121254833F0C1FBC3E7DAF86A
:10E2100008301B78012B2CD0022B03D003B36FF0F6
:10E220008504B8E78DF88860CDF8109020AC94E8AC
:10E230000F00CDE91E878DE80F00DDE91E2329467A
:10E24000002006F019FDCDF8109094E80F008DE83D
:10E250000F00DDE91E23284631F00DFE04469AE743
:10E260008DF88860CDF8109020AB0FCBCDE91E87DC
:10E27000EDE720AB8DF88860CDF810900FCBCDE99D
:10E280001E87FF2E8DE80F00DDE91E23E3D029460F
:10E29000304606F0F1FCE1E7B9F00600C490060054
:10E2A000E0F006001FB50A4C2468A46884420DD132
:10E2B00083F00103CDE901120393064800220023F5
:10E2C00001A92EF0EDFE04482FF0A2FA04B010BD13
:10E2D0000C5E0020DC1B0020FC5D00202DE9F047D7
:10E2E0003A4D3B4C8CB002AF3A4800220023391D16
:10E2F0002EF032FF804618B12837BD46BDE8F087C2
:10E300002B68D7F80C905868D7E9011231F007FE56
:10E31000061ED7E901121ADA2F4B6E46C14518BF07
:10E3200023468AB02D48CDE9092340F2024302AAD0
:10E33000ADF82C302A4BCDE9070142F8103F2948AF
:10E3400043464FF4325108F071F8B546CCE7B9F1C5
:10E35000000F214B0EBF4FF001094FF0000923467B
:10E36000EA468CB020480790CDE90A260C931F4856
:10E3700040F2046302AAADF834301D4BCDE9080128
:10E3800042F8103F174843464FF4745108F04EF8D6
:10E39000FF23D5463B747E6187F8189039F034FB33
:10E3A0004FF47A72A0FB020302FB0131C00B40EA7A
:10E3B0004140C90BC7E90801D7E908018DE803000E
:10E3C00007F110030FCB00F0B5F98DE70C5E0020CC
:10E3D00021F10600DC1B002027F106002CF10600CD
:10E3E00005000001C490060062F1060066560700B1
:10E3F000070000011FB50023CDE90233044B8DF85F
:10E400000C0001A8019331F0B0FD05B000BD00BFC4
:10E41000F89906000268034B9A420CBF08300020AE
:10E42000704700BFF8990600014B03602220704737
:10E43000745D0020044B1A68044B9A4214BF6FF0BD
:10E4400012000020704700BF0C5E0020E09906001B
:10E4500038B50546002838D01D4C2368834232D099
:10E4600053B1986840B183685B6803B198472368EB
:10E470000021986808F088FA1649174B22228D422D
:10E4800014BFED210021002031F062FD48B1134896
:10E49000134A6FF01503012133F079FA6FF015007C
:10E4A00038BDA868256070B1012108F06DFA2368B5
:10E4B000986883680B491B68984723689868836845
:10E4C0009B6803B198470020EAE76FF01200E7E786
:10E4D0000C5E0020E0990600745D0020C4900600E8
:10E4E00092F10600A5E2020010B540B90548FFF719
:10E4F000AFFF044608B9FFF77DFF204610BD6FF05F
:10E500001504FAE7E09906002DE9F3410D46174698
:10E51000124901AA984633F060FD044680B1019B80
:10E52000BBB9012D17D10E4E2A4631464046B84799
:10E53000041E09DC0B4A0C482346294633F027FA0F
:10E54000204602B0BDE8F0813078FFF7CDFF0446E9
:10E55000F6E70024F4E76FF01504F1E718FF060072
:10E5600016190020C7F10600C49006000148FFF705
:10E570006FBF00BFE099060098B5174C17481849BF
:10E5800000AF39F05FF8204633F000FBC8B101213D
:10E59000204633F0D9FA034698B922686C4688B011
:10E5A0001049CDE905124FF40072ADF81C206A46FF
:10E5B0000D4942F8101F0D484FF4E45107F036FFA3
:10E5C000A5460B4A002342F8043B0133222BFAD123
:10E5D000FFF7CCFFBD4698BD3C8B0600FC5D0020DC
:10E5E000DDE202000DF2060003000001C490060007
:10E5F000745D00202DE9F843264E274B9B1B00AF8E
:10E6000081460D4606EBC106C3F3C708A84534DDB5
:10E610003268D9F800309A4238D189F804507368CA
:10E6200048461B6898470128044615D0022829D07F
:10E6300060B36D4688B0194B0593194B6A46CDE916
:10E640000630042342F8103F164800234FF40451CB
:10E6500007F0ECFEAD4611E06C4688B0124B059316
:10E660006A460F4B0693032342F8103F0D480023E0
:10E670004FF4C85107F0DAFEA54600242046BD46F7
:10E68000BDE8F8836C4688B0084BE8E701350836EA
:10E69000BCE700BFC866070058670700A6F206007F
:10E6A0008E560700C490060067F2060086F2060048
:10E6B0000F4B104AD21A70B5C2F3C7020024A2420F
:10E6C00007DC0D4A0D48022133F059F96FF01500AF
:10E6D00070BD1E680568AE4207D15D688D4204D1E9
:10E6E000E1B2BDE87040FFF785BF01340833E6E7CB
:10E6F000C866070058670700C9F20600C490060004
:10E700001FB50023CDE90233044B8DF80C0001A89E
:10E71000019331F02AFC05B000BD00BFFC99060052
:10E720000268034B9A420CBF08300020704700BFBC
:10E73000FC99060084B030B589B00CAC84E80F00B9
:10E74000002301930CAD084B00930FCD02AC0FC416
:10E7500095E8030084E80300684631F006FC09B040
:10E76000BDE8304004B07047009A06000268034BD1
:10E770009A420CBF08300020704700BF009A060084
:10E7800084B030B58BB00EAC84E80F000023019349
:10E790000EAD084B00930FCD02AC0FC495E80F00EF
:10E7A00084E80F00684631F0E0FB0BB0BDE8304074
:10E7B00004B07047049A06001FB50023CDE9023368
:10E7C000044B8DF80C0001A8019331F0CEFB05B08D
:10E7D00000BD00BF089A060082B008B50068CDE908
:10E7E000022331F046FB4368187826F083FB031EB2
:10E7F00002DB002006F0C4FF0448054A012133F083
:10E80000C6F8BDE80840002002B07047C49006007A
:10E8100054F3060082B010B50446CDE902230E4839
:10E820002EF01EFA636850B90C480D4A012133F0EE
:10E83000AEF86FF00400BDE8104002B07047022B44
:10E8400001D00020F7E731F0B3FB0028CCBF002057
:10E8500001206060F5E700BF8DF30600C49006005C
:10E8600097F3060082B038B50546CDE90423164873
:10E870002EF0F6F96B68044650B91448144A012189
:10E8800033F085F86FF00400BDE8384002B07047FF
:10E89000012B0CD0022B05D073B9BDE8384002B073
:10E8A00031F07FBB31F084FB00282046F5DCBDE869
:10E8B000384002B031F06EBB0448064A012133F003
:10E8C00066F86FF08500DFE78DF30600C490060060
:10E8D00097F30600BFF306002DE9F04F89B002AFB1
:10E8E0000025B860894693461E462C46D9F800306C
:10E8F0009D4201D3002051E0D9F80430FB6003EBC6
:10E90000051898F80C30002B43D0DBF8043004F1E4
:10E91000010A13EBC4040DD07379022B3AD1F388AA
:10E92000082B37D8DFE803F006053636363633369F
:10E9300031000234C7F804D088B01A4B07931A4B41
:10E94000089302AABB680993042342F8103F1748B2
:10E9500000234FF4045107F069FD0023D7F804D0D9
:10E960003B61BB683B742A01FB687C619858D8E91D
:10E97000012381680C687CB107F1100100913146D8
:10E98000A04758B901355446B0E70434D2E70634FD
:10E99000D0E7A2460024CDE76FF085001C37BD46C6
:10E9A000BDE8F08FE6F30600AE560700C4900600FF
:10E9B0002DE9F14F136806460C461546002B50D042
:10E9C00000F1180701F1180B4FF00009F3689945A1
:10E9D00011D331462B4611F8040B04F11002FFF756
:10E9E0007BFF031E40DA634A6348012101B0BDE8A2
:10E9F000F04F32F0CCBF57F8088C4FF0000AB8F156
:10EA0000000F05D109F1010910370BF1080BDDE703
:10EA100018F0010F04D14FEA58080AF1010AEEE795
:10EA20005FFA8AF002F0F6FF0028F4D02B46307827
:10EA30005A463946FFF750FF031ED4DB17F8043C53
:10EA4000002BE8D16B79012B5BD0022B17D1EB881F
:10EA5000082B14D8DFE803F00D40131313134E13E3
:10EA600047006FF01203BEE7012BEBD101B0BDE808
:10EA7000F08F012323702A896388134463802B79E4
:10EA8000002BF3D0A379012B05D1B4F90A10B4F906
:10EA9000080000F0A7FE2378012B05D1B4F904107B
:10EAA000B4F9020000F07EFE237B002B4AD1637B89
:10EAB000002B53D102F086FD0021084600F092FEA3
:10EAC0000021084600F06EFE0023A38063802370BF
:10EAD000A371A360A381C9E7012323702A89A388B6
:10EAE0001344A380CBE70123A3712A8963891344CC
:10EAF0006381C4E70123A3712A89238913442381F5
:10EB0000BDE7EA88B2F5827F09D8FF2AB7D952B2A9
:10EB10009340AA68002A12DD227B134308E0B2F575
:10EB2000A57FACD1AB68002B04DD237B43F0010350
:10EB30002373A4E7637B43F0010363739FE7627B66
:10EB40001343FAE70025237BEB40DA0702D5A8B28E
:10EB500000F072FD0135052DF5D1A8E70025637B96
:10EB6000EB40DB0702D5A8B200F0B0FD0135052D62
:10EB7000F5D19FE7FDF30600C49006000246024966
:10EB80000248FFF715BF00BFB00F0020CC9A060067
:10EB9000024602490248FFF70BBF00BF900F00205A
:10EBA0006C9A0600024602490248FFF701BF00BF07
:10EBB000405E00205C9A0600024602490248FFF7C8
:10EBC000F7BE00BF285E00204C9A060002460249AC
:10EBD0000248FFF7EDBE00BF105E00203C9A060021
:10EBE0002DE9F0410D4640686E79047800AFA642E9
:10EBF000B9692BD14668841D0020B04226D034F874
:10EC000002EFB5F806C0E64540D1AE6816FB02F04B
:10EC100004B20FFA83FEE9B994FBFEF424B2E8468D
:10EC20008CB01B480590CDE908231A486A46082392
:10EC3000CDE90606CDE90A4142F8103F1648002307
:10EC40004FF4824107F0F2FBC546AC600020BD46A0
:10EC5000BDE8F081D1F804C0BCF1000F12D0BCF8BF
:10EC60000040204406B296FBFEF634B213FB06F6D3
:10EC7000801BACF80000AE6849680029CFD0B1F91C
:10EC80000010CCE794FBFEF424B2F5E70130B4E7C2
:10EC900021F40600BB560700C490060038B5006991
:10ECA000043038F075FB064D002428460549013430
:10ECB00038F023FD072C05F13005F6D1002038BDD2
:10ECC000F8210020C9EC020007B50B4BC01A0B4B12
:10ECD0000011584300238DF804008DF805304FF4DF
:10ECE000A472002301A906482EF0DAF905482EF097
:10ECF0008FFD03B000BD00BFF8210020ABAAAAAA77
:10ED00000C1C0020D40F00202DE9F043062A85B00A
:10ED1000804614461D460AD9324813460121324A1C
:10ED200032F035FE6FF0150005B0BDE8F0830769DD
:10ED30003E1D4FF0FF324FF0FF3330462EF06EFA9B
:10ED40000028F1DB7B7ED8F804903C7663BBD7E9E2
:10ED5000088738F059FEB9F9003013EB080847EB83
:10ED6000E3774FF47A73A0FB030203FB0121C00B8E
:10ED700040EA414040454FEAD131B94114DB012717
:10ED80008DF80C408DF80D7018484FF4A4720023D4
:10ED900003A92EF085F9002820DA154A00902346B1
:10EDA0001048394632F0FCFD9DB140F2E7300021B9
:10EDB0004FF400474FF47A720023E5FB0701F8F7A0
:10EDC00045FE0B460B490246302000FB04102EF096
:10EDD000C1FD304631F0F9F80020A5E706482EF0D5
:10EDE00017FDE1E7C490060060F406000C1C00204B
:10EDF00078F40600F8210020D40F0020F8B54378FD
:10EE00008B4200AF04460D4618D04170144E007876
:10EE1000B1B1002131F08DFA23786C4688B0114AE7
:10EE20000793CDE905266A46042342F8103F0023E4
:10EE30000D484FF4045107F0F9FAA546BD46F8BD58
:10EE400031F07BFA23786C4688B0084A0793CDE905
:10EE500005266A46042342F8103F2B46E8E700BF28
:10EE6000E2560700A9F40600C4900600C0F40600AC
:10EE700013B54FF0FF3315484FF0FF322EF0CEF9A7
:10EE8000031E13DA124A1348012102B0BDE81040F4
:10EE900032F07DBD9DF80540B4B99DF8040002F044
:10EEA000B9FD18B121460C48FFF7A8FF0B484FF4F5
:10EEB000A472002301A92EF04FF90028EADA0348D2
:10EEC00031F083F802B010BD0121ECE7D42100201D
:10EED000D9F40600C4900600E82100200C1C002094
:10EEE0002DE9F04100AF044602F094FE06460028EA
:10EEF0003FD06E4688B05D4B05936A465C4B0693E7
:10EF00004FF0030842F8108F5A4800234FF4C851BD
:10EF100007F08CFAB54658484FF0FF324FF0FF33F8
:10EF20002EF07CF900285DDB544C207E31F0E6F9B0
:10EF300002F070FD0546B0B988B0514B05936A46A2
:10EF4000504B069342F8108F4FF4C851034649487E
:10EF500007F06CFA4C4B227E3020B54600FB0230A5
:10EF6000657638F0D7FB444831F02FF800EAE070BE
:10EF700038E02046FFF7FAFB0546002835D06D46FD
:10EF800088B0424B05936A46394B06934FF003080D
:10EF900042F8108F374833464FF4C85107F046FA0D
:10EFA0002046AD46FFF7E2FB037AD3B132484FF07B
:10EFB000FF324FF0FF332EF031F9002812DB88B01A
:10EFC000334B05936A46334B069342F8108F29481A
:10EFD00033464FF4C85107F029FA2748AD4630F0C0
:10EFE000F4FF0020BD46BDE8F081204602F038FE67
:10EFF0000028F7D06E4688B0274B05936A461C4B15
:10F000000693032342F8103F1A482B464FF4C85189
:10F0100007F00CFA2046B54602F022FE0446807A3C
:10F020000028DFD014484FF0FF324FF0FF332EF0AE
:10F03000F5F80028D6DBD4E904238AB017490591F6
:10F04000CDE908236A4616490691062342F8103F87
:10F0500008482B464FF4445107F0E8F9D4E904235B
:10F060000648B5460430C0E907237DE7F7F40600FB
:10F070002E570700C4900600D4210020D021002084
:10F0800022F5060013570700F82100205EF5060060
:10F090008CF50600F5560700AEF50600DBF5060018
:10F0A000C5560700F8B5436848791A78904200AF12
:10F0B00022D15C68002203F10805B2EB540F1BD08B
:10F0C000CE8835F82200B04219D103EB82036C469A
:10F0D0005B89CB808AB00B4A05920B4A0893CDE935
:10F0E00006206A46052342F8103F084800234FF4E3
:10F0F000245107F09BF9A5460020BD46F8BD01321A
:10F10000DBE700BF15F606004E570700C490060067
:10F110002DE9F04385B0E94604AF0446884616461B
:10F120001D4688B02C4B09932C4B04AACDE90A301C
:10F13000042342F8103F2A4800234FF4045107F0FB
:10F1400075F9CD46002C43D1B8F1010F0AD1D5B1E4
:10F150003146244A00231046B2F800C0A44515D118
:10F1600020F8131000220023CDE9022397F8203065
:10F1700000931D482B463246414625F035FE0437A4
:10F18000BD46BDE8F08334462946E2E70133052B4E
:10F1900002F10202E0D1154A154B6C46002D18BF52
:10F1A00013468AB0134ACDE909236FF012030B937B
:10F1B00004AA4FF40073ADF830300F4B42F8103F03
:10F1C000074800234FF4125107F030F9A546C9E76C
:10F1D0006FF01200D3E700BF67F606005E57070026
:10F1E000C49006002CA30020248B060048F60600DD
:10F1F00056F6060088F60600040000012DE97F435C
:10F2000000264FF000084FF0000968BB194D052497
:10F21000324635F8023B9BB172B10023CDE9028939
:10F2200015480096012125F0DFFD031E04DA134A7C
:10F230001348022132F0ABFB35F8022C25F8026CA2
:10F24000013CE6D182B100200021CDE9020101217B
:10F2500023460948009125F0C7FD031E04DA074A3A
:10F260000748022132F093FB6FF0120004B0BDE8B2
:10F27000708300BF2CA30020248B06009CF60600A0
:10F28000C4900600F8B51F4A52F82030013300AF91
:10F290006E4642F8203004468AB01B4A05921B4D48
:10F2A00008936A460523CDE906504FF4245142F8ED
:10F2B000103F174830F08BFE164A01231178A34007
:10F2C0000B43B5461370144A144C1278667823EA3F
:10F2D0000203134A12781343DBB2637088B0114AF9
:10F2E0000793CDE905256A46042342F8103F0848F4
:10F2F0004FF4045130F06BFE6078801B18BF012082
:10F30000BD46F8BD6C5E0020E1F6060061580700BE
:10F31000C490060046A4002044A400202E1900201A
:10F3200045A40020FAF606002DE9F843324E56F8BF
:10F330002030002B00AF04460ADC304A034601218E
:10F340002F4832F024FB6FF01500BD46BDE8F8836E
:10F35000013BE94646F820308AB02A4A05922A4DF8
:10F3600008936A460523CDE906504FF4245142F82C
:10F37000103F2348DFF8A88030F029FE56F82430EB
:10F38000CD46BBB988B0214B07946A46CDE9053517
:10F39000042342F8103F1A484FF4045130F017FE8E
:10F3A000012303FA04F298F8003023EA0203CD4661
:10F3B00088F80030164B174C1A7898F800306678A9
:10F3C00023EA0203144A12781343DBB2E84663705F
:10F3D00088B0124A0793CDE905256A4604230848F8
:10F3E00042F8103F4FF4045130F0F1FD6078801B7B
:10F3F000C54618BF0120A8E76C5E002016F706007E
:10F40000C490060040F706004A5807005AF7060065
:10F4100044A400202E19002045A40020FAF606007E
:10F4200046A40020044A012383401278DBB29343B0
:10F430000CBF01200020704746A40020B0B5114B3E
:10F44000114C1870114B65781A78114B1B7823EA10
:10F4500002031843C0B200AF607088B00D4B059333
:10F460000D4B6A46CDE90630042342F8103F0B48A5
:10F470004FF4045130F0ABFD6078401B18BF012001
:10F48000BD46B0BD45A400202E19002044A4002094
:10F4900046A40020FAF6060029580700C49006008A
:10F4A000B0B5114B114C00221A70114B65781A78C7
:10F4B000104B1B7823EA020300AF637088B00E4A3A
:10F4C00005920E4A0E48CDE906236A46042342F807
:10F4D000103F4FF4045130F07AFD6078401B18BFA4
:10F4E0000120BD46B0BD00BF45A400202E1900205C
:10F4F00044A4002046A40020FAF60600065807009F
:10F50000C4900600A0F1E003072B03D82030C0B25E
:10F51000FFF7B8BE064B002213F8011F21B10132DC
:10F52000062AF9D10020704718700028F7D0F9E7B3
:10F5300030190020A0F1E003072B10B404D82030CC
:10F5400010BCC0B2FFF7F0BE064A0623002112F835
:10F55000014FA04208BF1170013BF8D1184610BC02
:10F56000704700BF30190020A0F1E003072B03D83B
:10F570002030C0B2FFF756BF064A002312F8011F21
:10F58000884204D00133062BF8D1002070470120B7
:10F59000704700BF30190020024B00221A605A60E9
:10F5A000704700BF2F190020B0F5805F10B510D252
:10F5B0000949002301EB4302B2F8014024B10133B1
:10F5C000062BF7D1002010BDA2F801000028F6D0CC
:10F5D000F8E76FF08500F6E72119002030B5002329
:10F5E000074C194604EB43020133B2F8015085423F
:10F5F00004BF51709170062BF4D1002030BD00BFC4
:10F6000021190020024B00221A605A609A6070474C
:10F6100022190020074A002302EB4301B1F8011030
:10F62000814204D00133062BF6D10020704701201F
:10F63000704700BF21190020F8B5042800AF044628
:10F6400032D81B4A52F8203001336D4642F8203040
:10F650008AB0184A0592184E08936A460523CDE9E8
:10F6600006604FF4245142F8103F144830F0AFFCCC
:10F67000134B01201A78A0401043C0B2AD46187059
:10F68000104B88B05870104B07906A46CDE905368C
:10F6900004230A4842F8103F4FF4045130F097FC1D
:10F6A0000020AD46BD46F8BD6FF01500FAE700BF7B
:10F6B000585E002073F70600EB570700C490060061
:10F6C00043A40020171900208AF706002DE9F04115
:10F6D000042800AF04460AD8294E56F82030002BE3
:10F6E0000ADC284A03460121274832F050F96FF01E
:10F6F0001500BD46BDE8F081013BE84646F82030E4
:10F700008AB0224A0592224D08936A460523CDE924
:10F7100006504FF4245142F8103F1B4830F057FC7C
:10F7200056F824301B4EC546ABB988B01A4B079427
:10F730006A46CDE90535042342F8103F12484FF4DC
:10F74000045130F044FC012303FA04F2337823EA35
:10F750000203C5463370114A337853706C4688B043
:10F760000F4A0793CDE905256A460423064842F867
:10F77000103F4FF4045130F02AFC0020A546B8E7B2
:10F78000585E0020AAF70600C4900600CFF70600D6
:10F79000CE57070043A40020E7F706001719002002
:10F7A0008AF7060080B50B4B00AF588099808AB06D
:10F7B000094B0593094B08916A46CDE906300523AC
:10F7C00042F8103F06484FF4245130F000FCBD468B
:10F7D00080BD00BF17190020FEF70600B3570700D1
:10F7E000C490060080B50B4B00AF1881D9808AB059
:10F7F000094B0593094B08916A46CDE9063005236C
:10F8000042F8103F06484FF4245130F0E0FBBD466B
:10F8100080BD00BF171900201EF806009A57070088
:10F82000C490060080B500AF88B00A4B05936A46C5
:10F83000094B0693032342F8103F08484FF4C85180
:10F8400030F0C5FB064B00221A605A601A72BD46A2
:10F8500080BD00BF3CF8060086570700C490060034
:10F8600018190020004870472E19002000487047E2
:10F8700021190020004870471719002082B0B0B548
:10F8800000AFC7E904236D467A69436804468AB02D
:10F890000D4905910D490893CDE906126A460523E5
:10F8A00042F8103F0A4800234FF4245106F0BEFDF1
:10F8B0000121D7E906236068AD4630F0D9FBBD468B
:10F8C000BDE8B04002B0704755F806007658070012
:10F8D000C490060082B0B0B500AFC7E904236D46FE
:10F8E0007A69436804468AB00D4905910D49089329
:10F8F000CDE906126A46052342F8103F0A48002364
:10F900004FF4245106F092FD0021D7E906236068E8
:10F91000AD4630F0ADFBBD46BDE8B04002B070472B
:10F9200055F8060090580700C4900600F8B50A4E36
:10F93000337873B1094C002542F20F77204608490D
:10F94000013537F0DAFE0A2D44F8207C04F1580422
:10F95000F4D100203070F8BD37190020A82900200C
:10F96000D701060030B5C269037ED17D91B004464F
:10F9700009B1032B38D0023B012B517D07D8002958
:10F9800032D1204611B0BDE8304030F0FCBB21B18F
:10F99000937D13B9204630F09AFB182200210AA863
:10F9A00038F034F923798DF838300023CDE9073366
:10F9B0000993E36922689B680793D4E90401E3682B
:10F9C00008930A4B0B92CDE90C01C3E902011A60BE
:10F9D0000123049310AB13E90F008DE80F00DDE95C
:10F9E0000A2307A8FEF7BAFB11B030BDC80B0020F0
:10F9F0002DE9F04782B0037E00AF04469BB98A4DE3
:10FA00002B68984213D06C4688B0884B05936A46A1
:10FA1000874B0693032342F8103F86484FF4C851A2
:10FA200030F052FBA5460837BD46BDE8F087C269F5
:10FA3000537DB3B1A9B96D46036888B07E4A05927B
:10FA40007B4A7C48CDE906236A46042342F8103FEE
:10FA50004FF4045130F038FB2046AD4630F093FBB4
:10FA6000E1E7137D032B27D8DFE803F0020E1EAA7F
:10FA70004B1E042B20D8DFE803F01D031F051D00DB
:10FA8000022318E0032316E04B1E042B14D801A018
:10FA900050F823F0B5FA0200B9FA020081FA020028
:10FAA00085FA0200B5FA02000429EBD001F0FB034D
:10FAB000012B01D101232376237E002BB3D0D669FD
:10FAC000002E00F38880032B206840F29880DFF836
:10FAD00078C1137D032B96BF584A594A52F8232008
:10FAE0000139C9B2042996BF564B574B53F8213000
:10FAF0006E468EB055490591CDE908C2544A3A6028
:10FB00004B490A9340F20462BA80CDE90610D7E966
:10FB100000016A464F4B0B90ADF83010454842F853
:10FB2000103F4FF48A4130F0CFFA0023B54620460B
:10FB30002B60FFF717FF2E68002E7FF474AF464C42
:10FB4000DFF83481DFF8349114F808ACBAF1000F13
:10FB50003FF469AF002304F8083C2B6823B14FF44D
:10FB6000A470002137F0D7FEBAF1010F4BD0BAF1E3
:10FB7000020F53D1A17C394BE268EA46002918BF35
:10FB800043468AB03649059136490893CDE90612B5
:10FB900040F202436A46ADF82430334B254842F820
:10FBA000103F4FF4345130F08FFA3049D54620469B
:10FBB000FEF77EFD0136282E04F12804C4D132E779
:10FBC00002293FF45DAF01D8012972E70B1F012B19
:10FBD0007FF670AF70E7D4F854C0BCF1FF3F3FF43C
:10FBE00072AF02F11C0E00205EF8048FC4453FF492
:10FBF0006AAF01308642F7D10123206823761C4E7C
:10FC000056F823C065E7217C144BE268EA460029D8
:10FC100018BF43468AB0CDF81490B5E7154A054899
:10FC2000012131F0ACFEC5E78C5E002092F80600A1
:10FC30002C590700C4900600D5F80600C89B0600A2
:10FC400083F80600A49B060074F8060002F906007B
:10FC5000020403050700000350230020F5F7060007
:10FC60002CF906001459070005000001909C0600BD
:10FC7000B89B06008BF906004EF6060057F9060001
:10FC800082B02DE9F84F00AFC7E90A234F4DD7F8EE
:10FC90002C900024582303FB04F046192A58914560
:10FCA0006CD12030284437F035FDF3691968D6E966
:10FCB00004238A1843EBE173396B8A427A6B9341D0
:10FCC000824603DA04213046FFF792FE4FF05808CF
:10FCD00008FB04F805EB080B01213046FFF788FE0E
:10FCE000DBF81C30DB7DFBB19BF81830032B1BD1FC
:10FCF000304630F013FA55F80830E84688B0344AF8
:10FD00000592344A3448CDE906236A46042342F872
:10FD1000103F4FF4045130F0D7F90123C546304667
:10FD20008BF81830FFF71EFE304630F0F7F95823F5
:10FD300003FB0453DB695A7D22B19B7D13B130462E
:10FD400030F0C5F91AF1770F244B6E4624D188B0F4
:10FD5000234ACDF81C90CDE905236A46042342F8D6
:10FD6000103F1D484FF4045130F0AEF95823B5460A
:10FD700003FB0453012283F8502007E001340A2CCE
:10FD800089D1184A1448012131F0F9FD0020BD46FF
:10FD9000BDE8F84F02B0704788B0134ACDF81C9008
:10FDA000CDE905236A46042342F8103F0A484FF480
:10FDB000045130F089F958235C4342F20F722B1939
:10FDC000B5462A5100221A76D5E700BF88290020BF
:10FDD000CEF90600C7580700C4900600D85807009F
:10FDE000DFF90600A9F9060009FA060082B02DE93C
:10FDF000F04F83B000AFC7E90C23DFF87CB17B6B19
:10FE00007B608246006830F034F8DBF800507B6895
:10FE1000B5B16C4688B0514B05936A46504B06937A
:10FE2000032342F8103F4F484FF4C85130F04CF9CB
:10FE3000A54600200C37BD46BDE8F04F02B0704724
:10FE4000DFF83091582142F20F7C01FB05F606EBFA
:10FE5000090459F80620624509D001350A2DF4D16C
:10FE6000414A40482B46012131F091FDE1E7DAE9B2
:10FE70000112D0F8048097F8400020710020C4E9F6
:10FE800002122076D7E90E014FF0FF32EA46C4E9AC
:10FE9000040149F80630C4F81C80626588B0334A12
:10FEA00005922F4A2F48CDE906236A46042342F8DB
:10FEB000103F4FF4045130F007F92D48D546D4F8DF
:10FEC0001CA0CBF80040D0E90221D4E904ECDAF818
:10FED000103013EB020B41EBE373DE457CEB0303C5
:10FEE0000DDB006859F8063098420CD1DAF80C3076
:10FEF0009A1841EBE37196457CEB010103DA052189
:10FF00002046FFF775FD204600211A4CFFF770FDD3
:10FF1000582303FB05452969D8F800500D4437F0F4
:10FF200073FD4FF47A72A0FB020302FB0133C00B96
:10FF300040EA4340291A21EAE17140F2E7304FF4E8
:10FF40007A72002300EBC130490CF7F77FFD2036B1
:10FF500002460B46A0192DF0C9FC6AE725FA0600F7
:10FF6000AB580700C490060075FA060057FA060061
:10FF7000C80B0020882900208C5E00202DE9F04766
:10FF80008AB000AF0446FEF7F1FB002800F0E380E2
:10FF90002046FEF7EBFBA54CD0F8048006460A2568
:10FFA00042F20F7A236898451DD053451BD0E26971
:10FFB000D27DC2B1227E032A15D1E94688B09C4A7F
:10FFC00005929C4A9C48CDE906236A46042342F8E0
:10FFD000103F4FF4045130F077F80223CD4620460D
:10FFE0002376FFF7BFFC013D04F15804DAD1DFF8B6
:10FFF00078827268D8F8000088B96C4688B08F4B58
:020000023000CC
:1000000005938F4B8C48CDE906326A46042342F8AB
:10001000103F4FF4045130F057F8A54613E0C36980
:10002000317A1C7E8C4203D0416D013108BF42659C
:10003000026871688A420CD1337A33B1814A7E48B2
:10004000012131F09CFC00207DE06C4688B07E4BA5
:10005000D6E71968D0E904238A1843EBE173D6E99F
:100060000441A2428B4102DA0421FFF7C1FCD8F817
:1000700000100029E7D0337A7468744D53BB2A46C8
:10008000107868B1012806D15069A04203D1107ED2
:10009000002840F0F3800133282B02F12802EFD131
:1000A0006D460B688CB06A4A0592654A0894CDE9A2
:1000B0000623684B09936A4640F20353ADF8283093
:1000C000654B42F8103F5C484FF454512FF0FCFF51
:1000D000AD46B8E70A68614BE9468CB060490591C6
:1000E00057495548CDE90612CDE908436A4640F222
:1000F0000353ADF82830584B42F8103F4FF4545199
:100100002FF0E2FF3146CD4607F108002FF035FF12
:100110000023282101FB03F25419AA5CBAB9012378
:100120003B703D460FCD0FC40FCD0FC495E80300C3
:1001300084E80300317AD8F80000C1F10301C9B2A4
:10014000FFF756FC02202837BD46BDE8F087013393
:10015000282BDFD1EEE7204601F082FD0028F2D007
:10016000204601F07DFD837A04469BB14368E03B65
:10017000072B02D80378072B0CD03A4BD4E9041292
:10018000D3E902508D429041BEBFC3E902124FF045
:1001900000401860344B1B68002B3FF454AF62687A
:1001A000A2F1E00107293FF64EAF217807297FF43D
:1001B0004AAFD969497D11B1187E0028C3D0A57A0C
:1001C00019682648234B002D18BF03466D468CB096
:1001D00026480590CDE9082325486A4640F2035396
:1001E000ADF828301C4BCDE9060142F8103F12480B
:1001F0004FF454512FF068FF07F10800AD46214637
:1002000030F0C9F8114A0023282000FB03F18C18B4
:10021000515C79BB02233B703D460FCD0FC40FCD1F
:100220000FC495E8030084E803008BE788290020C9
:10023000BAFA06003C590700C4900600EAFA060024
:100240005D59070017FB06005EFB060048230020EF
:10025000CEFB060003FC060006000001F4FB0600CE
:1002600090FB0600C80B00208C5E0020ADFB060052
:10027000F55807000133282BC7D163E70A68014B03
:100280002AE700BF03FC060082B0B0B500AFC7E9A3
:1002900004236D467A69436804468AB00E49059185
:1002A0000E490893CDE906126A46052342F8103F2D
:1002B00000234FF424510A4806F0B8F8AD462068F0
:1002C0002FF0D7FD43682079197830F032F8BD4619
:1002D000BDE8B04002B07047A8FC06007D59070099
:1002E000C490060082B0B0B500AFC7E904236D46E4
:1002F0007A69436804468AB00E4905910E4908930D
:10030000CDE906126A46052342F8103F00234FF458
:1003100024510A4806F08AF8AD4620682FF0A9FD5E
:1003200043682079197830F008F8BD46BDE8B04040
:1003300002B07047A8FC060097590700C490060059
:1003400082B008B5CDE902234368032B12D8DFE859
:1003500003F002070D0FBDE8084002B001F0D4B968
:100360000120BDE8084002B001F0A0B90220F8E782
:100370000020F6E70548064A012131F008FBBDE8F8
:1003800008406FF0850002B0704700BFC4900600BF
:10039000C1FC060082B0B0B500AFC7E904236D46CA
:1003A0007A69436804468AB0184905911849089348
:1003B000CDE906126A46052342F8103F002315488E
:1003C0004FF4245106F032F8AD4620682FF051FD6D
:1003D00043681A78012A0BD0022A0ED092B95978B4
:1003E00020792FF0A6FFBD46BDE8B04002B07047AF
:1003F000597820792FF0A1FFF5E7597820792FF06F
:10040000A0FFF0E76FF08500EDE700BFA8FC060055
:10041000B3590700C490060082B080B500AFC7E9A9
:1004200002238AB0FA6843680A4905910A49089389
:10043000CDE906126A46052342F8103F074800231B
:100440004FF4245105F0F2FF0020BD46BDE8804086
:1004500002B07047A8FC0600CE590700C490060001
:1004600082B0B0B500AFC7E904236D467A6943682E
:1004700004468AB00E4905910E490893CDE906124B
:100480006A46052342F8103F00234FF424510A48DE
:1004900005F0CCFFAD4620682FF0EBFC616801222F
:1004A0002FF0C2FE0020BD46BDE8B04002B070474C
:1004B00055F80600EC590700C490060082B0B0B5AC
:1004C00000AFC7E904236D467A69436804468AB0E1
:1004D0000E4905910E490893CDE906126A46052397
:1004E00042F8103F00234FF424510A4805F09EFFC4
:1004F000AD4620682FF0BDFC616800222FF094FE0D
:100500000020BD46BDE8B04002B0704755F8060077
:10051000065A0700C490060008B50369034918632A
:10052000184637F0EAF8002008BD00BF990603001E
:1005300070B54FF47A76A2FB064506FB0355E40B33
:1005400044EA4544A0424FEAE5354FF00006AE418B
:100550002DED028BB0EE408A15DBA0B199B11A43A4
:1005600016D007EE100A07EE904AB8EEC70AF8EE6A
:10057000E77A07EE101A87EE800AF8EE470AFBF7D3
:100580006FFA28EE008AB0EE480ABDEC028B70BD0F
:100590009FED018AF7E700BF000000002DE9F84356
:1005A0008046B1F9040000AF0E4630B99FED350A20
:1005B00081ED000ABD46BDE8F883D1E9025455EA51
:1005C00004010BD0B8F80410491944F10004551A7D
:1005D00063EB0404002CBCBF00252C4607EE900AF8
:1005E00098F80910B8F80600B8EEE70A2A4623463C
:1005F000FFF79EFFE94610EE100A8AB0224B0593E2
:10060000224B0693F6F7E0FE00220023F6F77EFD6C
:100610006A460623CDE9080142F8103F00231C4832
:100620004FF4445105F002FF55EA0403CD4626D0AD
:10063000B6F9043098F80910B8F8060000EE103A40
:100640002A462346B8EEC00AFFF772FF98F8083032
:100650009FED107A07EE903AF8EEE77A27EE800ADF
:10066000C0EE077A96ED007A77EE877ABDEEE70A5C
:10067000B8EEC00A77EEC07AC6ED007A9AE7DFEDF1
:10068000017AEFE70000000000FD0600215A070094
:10069000C490060000007A442DE9F0432DED028B52
:1006A000076B85B07E68054637F0AEF902460B460B
:1006B00080468946304605F13801FFF76FFF424614
:1006C0004B4605F148013046F0EE408AFFF766FFE1
:1006D000FDEEE87AB0EE408A17EE903AFDEEC07A71
:1006E0001BB217EE902A14B2EBB1DFED2F7A3288ED
:1006F000F4EEE78AF1EE10FA4DD9DFED2C7AF4EE44
:10070000E87AF1EE10FA47F6FF71D8BF0B460020E9
:100710000021CDE90201B4FA84F14909009138467B
:10072000022124F061FBDCB1DFED1F7A7288B4EEA8
:10073000E78AF1EE10FA30D9DFED1C7AF4EEC87AD0
:10074000F1EE10FA47F6FF73C8BF234600200021E0
:10075000CDE90201012100913846022124F044FB39
:10076000B5F93C3013B9B5F94C30C3B1307A40F229
:10077000E7314FF47A72002301EBC0300021F7F724
:1007800065F902460B46284605B0BDEC028BBDE874
:10079000F0432DF0ABB8064BB9E7054BD6E705B0F3
:1007A000BDEC028BBDE8F083000000C700FEFF46F1
:1007B0000080FFFF2DE9F04F83B000AFD0F810802C
:1007C000C7F804D08AB081460E4615466C46DFF85D
:1007D000CCB008926A462E4B05934FF0050ACDE93E
:1007E00006B142F810AF2B483A6000234FF4245171
:1007F00005F01CFEB8F83C30D7F804D01E44B8F819
:100800004C301D4436B22DB2A8F83C60A8F84C50CC
:100810008AB0214BC4F810A0C4E9053BC4E90765C0
:1008200000233A681B484FF4245105F0FFFDD9F826
:100830001040D7F804D0D9F8045004F138002FF054
:1008400019FD04F148002FF015FDB4F93C306BB9E7
:10085000B4F94C3053B9204636F05CFF0023A36452
:10086000A36300200C37BD46BDE8F08F287A40F224
:10087000E7314FF47A72002301EBC0300021F7F723
:10088000E5F802460B4620462DF030F8E9E700BFB8
:1008900019FD0600C49006002EFD0600695A0700E7
:1008A00082B0F8B5044600AF0068C7E906232FF010
:1008B000E0FA6E46FA69636805468AB00F49059109
:1008C0000F490893CDE906126A46052342F8103F06
:1008D00000230C484FF4245105F0A8FD61684A42FA
:1008E000090C4942B54612B209B22846FFF762FF29
:1008F0000020BD46BDE8F84002B0704755F806003C
:100900004E5A0700C490060082B0F8B5044600AF06
:100910000068C7E906232FF0ACFA6E46FA696368EF
:1009200005468AB00E4905910E490893CDE9061295
:100930006A46052342F8103F00230B484FF4245128
:1009400005F074FD6168B5460AB228460914FFF740
:1009500031FF0020BD46BDE8F84002B0704700BF3F
:1009600055F80600345A0700C490060008B50F4B2E
:100970000F4910484FF6FF721A80A3F84820A3F8D9
:100980009020A3F8D82036F0B8FE0B4A0B4801237C
:10099000022130F0FCFF0A4B1A6A42F001021A628F
:1009A0005A6A42F001025A62002008BDE02D002080
:1009B000190D0300B02D002057FD0600C49006005D
:1009C000905E0020B0B5164D2C6814F0010400AF05
:1009D00010D0144AD2E90632323342F10002984272
:1009E00071EB0202A1BF2B6823F001032B600024EE
:1009F000B8BF01248AB00C4B05930C4B6A46CDE975
:100A000006340623CDE9080142F8103F08480023C8
:100A10004FF4445105F00AFD2046BD46B0BD00BF6D
:100A2000185F0020002F002067FD0600CB5A07004A
:100A3000C49006002DE9F84F1F4B204DDFF8888049
:100A4000DFF888A01E78002400AF1C70A946B442CD
:100A500003DB3046BD46BDE8F88FC4B9EB46D9F894
:100A60000C3088B0164A0793CDE905286A4604235E
:100A700042F8103F134823464FF4045105F0D6FCCA
:100A80000E48DD462FF074FA01342035DFE7EB46DF
:100A9000EB6888B06A4607930423CDE905A842F8BD
:100AA000103F084800234FF4045105F0BFFC2846CE
:100AB000DD462FF05AFAE7E748A40020002F002077
:100AC000C2FD0600C4900600A45A0700E9FD060016
:100AD0002DE9F04F4D48DFF85CB18DB036F01AFECD
:100AE0004B4BBBF9008000241C6047F6FF73984510
:100AF00068D0484F48234FF6FF7103FB04F202EB26
:100B00000709B85A88424ED143491FFA88F3BB52AD
:100B10000A7801320A70414A414992F800E02422E1
:100B200002FB03134FF0000AB3F908C0F445A8BF55
:100B3000F446D4454BDC482303FB0473DFF8F09004
:100B4000A3F802C0E246D64551DC344BAEEB0C0EA6
:100B500083F800E0482303FB04771822002106A84D
:100B60003D6A37F053F808F122030793FF238DF80D
:100B700028302C4BEA17C3E90052CDE90852142360
:100B80004FF0240218FB0238012304930CAB13E945
:100B90000F008DE80F002249DDE9062301EB080074
:100BA000FDF7DCFA0AE00134042CA6D11E4A1F48E6
:100BB0002346012130F0EBFEFFF73CFF47F6FF73C1
:100BC000ABF800300DB0BDE8F04FFFF733BF184B66
:100BD00003EB4A160FCE09F12009A9F118050FC53C
:100BE00096E80F000AF1010A85E80F00A1E709EB7A
:100BF0004C160FCE4D460FC596E80F000AF1010ABC
:100C000085E80F0009F120099DE700BFB02D002005
:100C1000185F0020E02D002047A4002048A40020F9
:100C2000409D0600D80B002010FE0600C490060070
:100C3000002F002014190020F8B5324B1C78002C2E
:100C400050D16FF00045304ED6E90023A34208BFD3
:100C5000AA4243D06FF000439C4208BFB5F1FF3F6A
:100C600008D100230022C6E900232848BDE8F84047
:100C700036F050BD36F0C8FE4FF47A77A0FB07037C
:100C800007FB0131C00B40EA4140A8424FEAD13195
:100C9000A14124DA36F0B8FEA0FB070307FB0131BF
:100CA000C00B40EA4140281A64EBD131C90341EA44
:100CB000504140F2E733C003C0184FF47A724FF04E
:100CC000000341F10001F6F7C1FE02460B460F4852
:100CD0002CF00CFE002801DBC6E90054F8BD002210
:100CE0001346F4E70A4B0B4A1B6813F0010FD2E9D5
:100CF000063414BF32256FF00045ED1844F10004AE
:100D0000A1E700BF48A40020A82D0020B02D00209E
:100D1000185F0020002F0020B0B5224CD4E900322B
:100D2000134300AF3BD036F06FFE03460D46D4E9C7
:100D300000014FF47A74A3FB043204FB0522DB0BA1
:100D400043EA424383424FEAD2328A4127DBFFF72C
:100D500039FE154C034680B96D4688B0134ACDE97B
:100D600005246A46032142F8101F11484FF4C85168
:100D700005F05CFBAD46FFF7ABFE6D4688B00D4B52
:100D80006A46CDE90534032342F8103F08480023A2
:100D90004FF4C85105F04AFBAD46FFF74DFFBD4685
:100DA000B0BD00BFA82D00208E5A070067FE0600C8
:100DB000C490060074FE06002DE9F04F9FB006AF08
:100DC0000446FDF7D3FC002800F078812046FDF7AB
:100DD000CDFC044610B3057A002D00F0A080DFF8AA
:100DE000D482A84E98F80050D0E904A955BBD0F899
:100DF00004B02FF092FAA44BDFF890E2D3E900237D
:100E000006EB8B010126963206FA00F643F1000C40
:100E100006F011002B461BB1002D32D1002672E0E6
:100E20000B6813F00103F7D00028F5D0924579EB59
:100E30000C06A1BFDEF8006046F00106CEF80060A7
:100E40000135E8E750464946FFF7BCFD62688F4B25
:100E500056F822501A6815401D60002D42D16E468A
:100E600088B08B4B0B938B4B06AACDE90C35042332
:100E700042F8103F884800234FF4045105F0D6FA99
:100E8000B5466E46636888B0844A0B92844ACDE9C1
:100E90000C2306AA042342F8103F00237E484FF497
:100EA000045105F0C3FA98F80030022BB5461FD064
:100EB0007C4E5A1C214607F1200006EB431407F133
:100EC000200688F800202FF058F80FCE0FC496E8BF
:100ED0000F0084E80F000226FFF7AEFEC5B9FFF74A
:100EE000F7FD10E06B1E2B420CBF01250225B6E773
:100EF0000026F1E798F80030022B04D16A4B00225B
:100F0000012D1A80EBD030466437BD46BDE8F08F26
:100F10005E4B1B68DB07EDD46FF01506F3E7FFF7B8
:100F2000D7FD6368FB6023693B61604BDFF888C1D4
:100F30001B787B600646A846E1467B6898450CDB3B
:100F4000022E7FF46BAF07F1400021462FF015F819
:100F500007F140002FF009F8D5E7BCF80230BB617B
:100F6000BCF80030FB61FA69514B242101FB0233CC
:100F70004FF0000EB3F90830BB60E246C7F814E04A
:100F80000125D7E90523934213DCBEF1000F73D08E
:100F9000BA69F969482303FB0893013A5A80444B24
:100FA000242202FB013393F8203013B32DBB01261A
:100FB000A9E7BEF1000F11D00AF1080BBBE80F0042
:100FC000AAF118050FC59BE80F0085E80F00002562
:100FD0007B6901337B610AF1200AD2E7DAF8143029
:100FE000FA689A4218BF75469A4208BF4FF0010E40
:100FF000EEE7BB69BA68934222D11822002107F1BB
:10100000400036F003FEFB693A69F96922337B64DC
:101010003B69DB17C7E91223254AFF2387F85030C5
:10102000242303FB01260023049307F148030FCB7D
:101030008DE80F0006F11400D7E91023FDF78EF8B4
:10104000002DB4D0194B1C78013CE4B2A0451C70B3
:1010500006D0482202FB049102FB089036F0AFFD57
:1010600048225443002109EB040036F0CFFD4FF62F
:10107000FF7329F804309AE70CF1480C08F10108D5
:101080005BE700BF905E0020E00B0020185F0020AF
:1010900093FE0600B95A0700C4900600B5FE06008C
:1010A000E75A0700002F00201419002047A4002051
:1010B000409D060048A40020E02D0020204600F0BE
:1010C000CFFD00283FF4AAAE204600F0C9FD837A88
:1010D000002B3FF4A3AE4368E03B072B03D8037813
:1010E000072B3FF49BAE064BD0E90412D3E9000373
:1010F00088429341BCBF034BC3E900128EE600BF98
:10110000D80B0020E00B00202DE9F84F3C4E0123C6
:1011100000AF33703B48002200232CF0AFF90028C9
:1011200009DB394DDFF8EC90DFF8ECA0337833B908
:1011300034482CF069F90020BD46BDE8F88F002343
:10114000337000F05BFC00F0060800F05DFC00F07E
:101150000600062803D12B6843F008032B602C6897
:10116000B8F1060FC4F3C00424D0032000F052FCF1
:10117000D8B1032000F054FC00B1B4B1EB4688B004
:101180006A464FF003080423CDE9059ACDF81C8088
:1011900042F8103F1D484FF40451002305F046F972
:1011A0002146DD4640462FF0C8F82B6823F008039F
:1011B0002B60BBE7032000F02DFCC8B9EB4688B0DC
:1011C000134B06936A464FF003080423CDF814909E
:1011D000CDF81C8042F8103F0C4800234FF4045116
:1011E00005F024F92146DD4640462FF0A2F89DE7A0
:1011F000002C9BD0032000F013FC002896D1DDE7E3
:1012000049A40020FC1C00201C5F0020C4900600A4
:10121000185B0700DCFE0600FB5A07000249034882
:10122000012206F0D9BD00BF38190020E9FE0600F2
:10123000B0B5304D304C2B78012B00AF14D0022BC1
:101240003BD0002B47D16D4688B02C4B6A46CDE988
:101250000534032342F8103F4FF4C85128482FF0BB
:101260002AF80020AD4626E003F0EAFD80B16D4685
:1012700088B0244B22486A46CDE90534032342F85E
:10128000103F4FF4C8512FF016F80120AD4612E080
:1012900001F0A8F8F8B16D4688B01B4B18486A46B3
:1012A000CDE90534032342F8103F4FF4C8512FF025
:1012B00002F80220AD46BD46B0BD01F093F818B16A
:1012C0006D4688B0114BE9E703F0BAFD18B16D46E1
:1012D00088B00F4BCEE72B786D4688B00D4A079348
:1012E000CDE905246A46042342F8103F4FF4045127
:1012F000B4E700BF38190020625B0700FEFE06005D
:10130000C490060021FF060040FF06006AFF0600A9
:1013100089FF0600B3FF060007B50949094836F002
:10132000ECF9FFF785FF014668462EF0B6FF9DE811
:101330000300054B83E80300002003B000BD00BF9D
:101340001D120300402F0020205F00202DE9F043F4
:1013500085B0E94602AF05460C46164698468AB067
:10136000364B0793364B02AACDE9083040F20133E1
:10137000ADF82830334B42F8103F33484FF4145146
:101380002EF099FF00223149CD46284630F025FE47
:101390000246E8B1012C09D0012123462C4A2A48F3
:1013A000009130F0FDFA6FF0150406E0224629495D
:1013B0004046B047041E05DB002420460C37BD46DE
:1013C000BDE8F083244922461F482EF077FFF4E75A
:1013D0002249284630F001FE0028EDD0012CDBD157
:1013E0002246F91D4046B047041E02DA1C49224637
:1013F000EAE7FA792AB1012A0ED01A4912482EF0EA
:101400005DFF0123134D18482B7030F0DFFD0446BB
:1014100020B116490246D7E70223F3E71448012218
:10142000294606F0D9FC044628B9124A0648032189
:1014300030F0A5FAC1E710490246C5E7F6FF0600FD
:10144000335B070004000001C4900600F3FE0600B1
:1014500014000700381900204600070020FC060091
:101460007F000700BB000700DA000700EE0007005E
:10147000E9FE0600260107004A0107001FB5CDE975
:101480000023CDE902019DF800209DF808309A4222
:101490000ED1012A0ED9022A06D10398019BC31A44
:1014A0005842584105B000BD034904482EF006FFDC
:1014B0000020F7E70120F5E77A010700C490060055
:1014C00082B0CDE9000119469DF80030012B10468D
:1014D00006D0022B06D053B9064A02B02DF0D4B87C
:1014E000054AFAE7019B054A02B02DF0CDB8044A3F
:1014F000F3E700BF8F0107005D1B070094010700A1
:101500009B010700B0B5044600AF6D4688B0254B7F
:101510000593254B6A46CDE90630042342F8103F77
:1015200022484FF404512EF0C6FE072CAD4604D0DD
:101530000C2C26D01E49224607E01E4B1A78012AA1
:1015400009D0022A0ED05AB31B4918482EF0B6FE15
:101550006FF0850412E02EF0FDFF044670B11749CC
:10156000024608E0FEF77EF9013001F0C9FB0446AF
:1015700020B1134902460D482EF0A0FE2046BD467C
:10158000B0BD0C4B1A78012A07D0022ADBD1FEF736
:101590006DF9013001F0ECFBE9E72EF0E3FFDCE749
:1015A0001446EBE7A3010700495B0700C49006005F
:1015B00011020700205F0020F1010700B9010700B8
:1015C000D501070010B5134B1A78012A09D0022A59
:1015D00012D0E2B1104911482EF070FE6FF0850470
:1015E00008E02EF0C7FF044620B10D4902460B4823
:1015F0002EF064FE204610BDFEF73CF9013001F0EC
:10160000F1FB04460028F5D006490246EFE71446F0
:10161000F0E700BF205F0020F1010700C490060042
:10162000B9010700D5010700F0B589B000AFFFF799
:10163000FFFD1A4C0146381D2EF02FFE94E80C00D9
:10164000D7E90101FFF71AFF20BB2EF03CFED7E9D6
:10165000010107F114050A232A4684E803006E46B7
:10166000FFF72EFF88B00E4B0E48CDE905356A46D0
:101670004FF40073ADF81C300B4B42F8103F4FF4A1
:10168000E6512EF018FE94E80300B546C7E90301C1
:1016900000F044F82437BD46F0BD00BF205F0020B5
:1016A0002B020700C490060003000001B0B50446F9
:1016B00000AF6D4688B00F4B05930F4B6A46CDE9DE
:1016C0000630042342F8103F0C484FF404512EF02A
:1016D000F2FD0B4B1A78A242AD4608D01C704FF4B5
:1016E000F012002307482CF035F9FFF79DFF00208A
:1016F000BD46B0BD40020700795B0700C4900600FC
:1017000038190020402F0020034B1B78012B14BFF9
:1017100001200220FFF7CABF381900207FB5CDE9AC
:101720000001DDE900010022CDE90401039202A8D5
:10173000024A02922EF019FC07B000BD6C9D060013
:101740002DE9F04100AF00F08BFA044600283FD0AD
:10175000A57A00886368002D00F09180A3F1E00273
:10176000072A5E4D02D8C2B2072A3FD043EA0040A2
:101770002EF070FC002839D06E46228863688AB04B
:101780005749CDE907236A460523CDE9051542F8F7
:10179000103F544800234FF4245104F047FE2088A2
:1017A0006368B54643EA00402EF045FC002813DA92
:1017B00088B04D4B07906A46CDE90535042342F8C1
:1017C000103F00234FF40451464804F02FFEB54665
:1017D0000020BD46BDE8F0812088FFF793FE031E80
:1017E00004DA424A3F48012130F0D1F86E462088A1
:1017F0006168227A637A8CB0DFF800C1CDE90923F1
:101800006A460723CDE905C5CDE9070142F8103F37
:10181000344800234FF4645104F008FE20886368C4
:10182000B54643EA00402EF0F7FB00280BDA88B0FB
:101830002F4BCDE905356A46032342F8103F0023BC
:101840004FF4C851C0E7607A2EF0C4FB0546207AF9
:10185000FDF7F4FD2388072B0DD0002D01DC0028B7
:1018600009DD0720FFF74EFE031E04DA214A1D485A
:10187000012130F08CF82088FFF744FEA8E76E467F
:10188000217A627A8CB0DFF878800A926A46CDE9D4
:101890000831DFF868C0CDF814C00723CDE9068011
:1018A00042F8103F0F482B464FF4645104F0BEFD40
:1018B00020886368B54643EA00402EF0BCFBA8428E
:1018C00004DA88B00C4BCDE90538B4E7607A2EF025
:1018D00092FB0546FDF7E4FDBCE700BFBC5B0700DB
:1018E00082020700C4900600D2020700F902070036
:1018F000810307009D030700EA0307003203070086
:101900009E5B07002DE9F041062884B0044600AF35
:101910000D46164661D808B900295CD0DFF8D4C05E
:10192000DCF8000026B91DB920FA04F3DB0752D415
:10193000DFF8C4E00123DEF80010A340002D42D000
:1019400041EA0302CEF80020002E49D0002D3DD000
:1019500003439142CCF800303BD0E8468AB0214B9B
:101960000593214B6A46CDE906340623CDE9085696
:1019700042F8103F1D4800234FF4445104F056FD37
:10198000C5463C707D70BE7036F03EF84FF47A72FA
:10199000A0FB020302FB0131C00B40EA4140C90B2E
:1019A000C7E9020197E80F0000F020F9041E05DAEC
:1019B0000F4A0E48234602212FF0E9FF2046103738
:1019C000BD46BDE8F08121EA0302BBE720EA03033C
:1019D000BFE78342C1D10024F0E76FF01504EDE7C3
:1019E0009142F7E7080407001B5C0700C49006005B
:1019F00037040700B45F0020B05F0020014B186877
:101A0000704700BFB05F0020014B1868704700BFEF
:101A1000B45F0020014B19682EF074BCB05F002049
:101A2000014B19682EF06EBCB45F002030B521293F
:101A300085B005460C460BD8062809D803A8FCF744
:101A4000F3FC031E07DA114A114802212FF09FFF11
:101A5000002005B030BD9C4202DB0E4A2346F3E76E
:101A6000039B53F82400212807D90B4A00902346F2
:101A7000074802212FF094FFEAE70C2358434FF464
:101A8000CC7303FB0500054B1844E2E76004070034
:101A9000C4900600AC040700DF040700789D060030
:101AA0002DE9F0430D468DB0814606AF91B2284630
:101AB00014469846FFF7BAFFD7E90E2387F810902F
:101AC000C7E90223E946C7E90054036806468CB01B
:101AD000134A0B92134ACDE90E43CDE90C2540F28F
:101AE000035306AAADF840300F4B42F8103F0F48A1
:101AF00000234FF4545104F099FCCD4607F118032C
:101B0000CDF8108013E90F008DE80F003046D7E9BB
:101B10000023FCF723FB1C37BD46BDE8F08300BF64
:101B200015050700FB5B070006000001C4900600D6
:101B30002DE9F0472DED028B82B002AF97ED0A8BB5
:101B4000DFF8A48082460E4691461AB1214B1B68ED
:101B500048F82130062558F82610E8B22EF0D2FBBE
:101B6000D0B18DED008B4B463246E9B25046FFF7BF
:101B700097FF041E15DD6C4688B0174B079302AA29
:101B8000164B0893032342F8103F154800234FF4E7
:101B9000C85104F04BFCA546013DDCD26FF0850432
:101BA00012E011D06D4688B00E4B07930B4B02AA82
:101BB000CDE90834042342F8103F094800234FF4CC
:101BC000045104F033FCAD462046BD46BDEC028B0B
:101BD000BDE8F087B05F002045050700D95B07002E
:101BE000C490060077050700285F002010B58AB072
:101BF0008DE80F0000230593054B04939DE80F002B
:101C00000AAC04E90F0004A82EF0AFF90AB010BD29
:101C1000A0A806000268034B9A420CBF08300020BF
:101C2000704700BFA0A8060084B030B589B00CACE6
:101C300084E80F00002301930CAD084B00930FCDF7
:101C400002AC0FC495E8030084E8030068462EF058
:101C50008CF909B0BDE8304004B07047A8A8060070
:101C60000268034B9A420CBF08300020704700BF47
:101C7000A8A806007FB5CDE90001DDE9000100223A
:101C8000CDE90401039202A8024A02922EF06DF9F6
:101C900007B000BDACA8060082B008B5CDE90223AC
:101CA0004368052B24D8DFE803F0030A0F141A1D3C
:101CB00000F04CFD0020BDE8084002B07047BDE8D0
:101CC000084002B000F0C6BDBDE8084002B000F018
:101CD000E9BDBDE80840007A02B000F05FBD00F049
:101CE00093FDE7E7BDE80840007A02B000F002BECD
:101CF0000348044A01212FF04AFE6FF08500DAE71D
:101D0000C49006000E06070082B000230093074B24
:101D10001A78074B8DF80020162101FB023301933E
:101D2000DDE9000102B0FFF7A5BF00BF51A400200C
:101D300052A4002002490348012206F04DB800BF1A
:101D400051A400202506070010B5002009F0FEF878
:101D5000041E0ADA14F1780F07D0084A084823460F
:101D600001212EF030FB204610BD064830F032F93C
:101D70000549064835F0C1FC0024F4E738060700A1
:101D8000C490060038100020351D0300702F00207D
:101D900070B503788AB004460E4607AD032B20D8F1
:101DA000DFE803F002191B1D11492846F5F772FE02
:101DB000059563780493A3780393E37802932379DA
:101DC000019363790093A3790A4A1E2130462CF0CF
:101DD0005BFC0AB070BD0849E7E70849E5E7084938
:101DE000E3E7084A0A2128462CF04EFCE0E700BF52
:101DF0004E06070070060700550607005C06070040
:101E000066060700D748070090B589B000AF31F0EB
:101E1000ACF93946FFF7BCFF8AB00A4B05930A4B71
:101E20000A48CDE906376A4640F20133ADF8203062
:101E3000074B42F8103F4FF414512EF0C6FA2437E6
:101E4000BD4690BD930607009E5C0700C490060047
:101E5000040000012DE9F04188B000AF0E461546A0
:101E600031F083F93946FFF793FFCDB96D468AB05B
:101E7000164B0593164B0896CDE906376A4640F295
:101E80000133ADF82430134B42F8103F12484FF4A1
:101E900034512EF09AFAAD462037BD46BDE8F081A8
:101EA000E8468AB00D4B0C48CDE905376A464FF439
:101EB0000073ADF82430074BCDE907654FF431517D
:101EC00042F8103F2EF081FAC546E5E7AD0607005F
:101ED000795C070005000001C4900600CF060700EA
:101EE0002DE9F04188B000AF884616461D4631F016
:101EF0003CF93946FFF74CFF8CB00C4B05930C4B6B
:101F00000A95CDE906376A4640F20133ADF82C3028
:101F1000084B0948CDE908864FF4745142F8103F48
:101F20002EF053FA2037BD46BDE8F081F3060700D6
:101F3000685C070007000001C49006002DE9F0432B
:101F400093B000AF07F104088946064631F00DF959
:101F50004146FFF71DFF6C468AB0294B05936A4640
:101F600040F20133274DADF82430274BCDF82090B7
:101F7000CDE90658254842F8103F4FF434512EF071
:101F800024FA07F12401A54630460BF0B3FE97F87A
:101F90002530012B12D088B01D4A0793CDE90525C5
:101FA0006A46042342F8103F18484FF404512EF0BB
:101FB0000CFAA5464C37BD46BDE8F08315482BF01A
:101FC00027FC304631F0D1F8134B1A78134B162109
:101FD00001FB02312EF0F4F90028EBD188B0104B50
:101FE0000A486A46CDE90535032342F8103F4FF40D
:101FF000C8512EF0EAF90B48A5462BF009FCD9E7A9
:102000001D0707005B5C070005000001C490060087
:10201000460707005410002051A4002061A40020AE
:102020005F070700641000202DE9F04F8DB0EA46ED
:1020300002AF05460C46904699468AB05A4B079324
:102040005A4B02AACDE9083040F2013B584BADF89B
:1020500028B0584842F8103F4FF414512EF0B5F90B
:102060005549D5463A4628462FF0B7FF002867D095
:102070003868002864D00A22391D36F012F87B68CF
:102080001B78ABB13B6888B04C4A4A48CDE907237E
:1020900002AA4FF40073ADF82430494B42F8103FC8
:1020A0004FF4E4512EF091F9D5466FF0150842E057
:1020B000162C08D01623434A0093012123463D489D
:1020C0002FF06EFCF1E7C5B2042D05D9052300936E
:1020D0003D4A2B460221F2E73C4B04FB05F69919D9
:1020E00022464846C047B0F10008384B06DC384A63
:1020F0004346304801212EF066F91CE007F1080440
:1021000006F10F0021461844FFF742FE8AB0314B1A
:102110000793264B0A9502AACDE908342E4BADF859
:102120002CB0244842F8103F4FF434512EF04DF9B2
:10213000D5464FF0000840462C37BD46BDE8F08F2D
:1021400026493A4628462FF048FF68B13B685BB9FC
:10215000012CAAD1224922464846C047B0F10008C6
:10216000E7DC204A4346C4E71F493A4628462FF099
:1021700034FF0028DDD038680028DAD0072C94D14D
:1021800035F0EAFE28B1194A0A4801212FF0F7FB81
:10219000CFE7174922464846C047B0F10008C8DCDF
:1021A000144A4346A5E700BF7F0707002B5C0700E2
:1021B00004000001C490060098070700A10707006B
:1021C00003000001BB070700E507070052A4002039
:1021D0001B08070053080700050000012906070037
:1021E00051A4002078080700AF080700C4080700C2
:1021F0004AA40020F1080700042808B50AD8064BB5
:102200000649162202FB00302EF0DAF8B0FA80F010
:10221000400908BD0020FCE761A400205F620700C0
:10222000014B1878FFF7E8BF51A40020B0B58AB081
:1022300000AF391D0BF05EFDFFF7F2FF174A184B98
:102240007D796C46002818BF13468AB0154A05925E
:10225000154A0893CDE9062540F202436A46ADF8D7
:102260002430124B42F8103F11484FF434512EF0F5
:10227000ACF87B79012BA5460DD1FFF7D1FF50B902
:102280000C4B0B481B780C4A02212EF09CF80620C0
:102290002837BD46B0BD0020FAE700BF2F09070070
:1022A0002C090700330907008A5C070005000001BC
:1022B000C490060051A40020490907002DE9F04709
:1022C0008EB000AF0C46824607F118094FF0160891
:1022D0004946204608FB0AF6FFF75AFD184D2168CB
:1022E00006F10F025319A950A2889A80A2799A7117
:1022F0003C1D5246134920462CF0F6F9EA468AB0B6
:10230000114B0593114BCDF82090CDE906346A4668
:102310000F4B09930F4B42F8103F0F484FF44451B5
:102320002EF053F84246D546A919204605F054FD33
:102330000A482BF06DFA3837BD46BDE8F08700BF7C
:1023400052A4002077090700870907006B5D07008A
:102350000103020405000002C4900600641000207E
:1023600038B50A4C0A49162303FB004405462046AB
:102370002EF026F848B12146002008F0E7F828465C
:102380000349BDE83840FFF799BF38BD61A400207C
:102390005F62070010B504288AB002D900200AB095
:1023A00010BD0E4C0E49162303FB004420462EF0B0
:1023B00007F80028F2D0214600200BF0E5FB044688
:1023C0000028EBD001A90BF095FC20460AF0A4FFF1
:1023D0009DF82400831E58425841E0E761A4002084
:1023E0005F620700014B1878FFF7D4BF51A40020AB
:1023F000F0B58DB002AFFFF713FF78BBFFF7F2FF28
:1024000080F001035B00DCB2304D6E462B788AB061
:102410002F4A07922F4A0A94CDE9082302AA0523DE
:1024200042F8103F2C484FF424512DF0CEFF2B786A
:1024300004EB0313112BB54612DC022B38D0102B02
:1024400012D109F009FF00232B70044660B1234A22
:102450002346214801212DF0B6FF06E00224D3E7F0
:10246000202BEED0122B04D0002420462C37BD4662
:10247000F0BD09F0F1FE00232B7004460028E6D1E0
:10248000DFF864C0BCE80F003E460FC6DCF8003041
:1024900013493360032200942346384609F0A6FE10
:1024A000044610B10F4A0346D3E702232B70DBE743
:1024B0000D4E0FCE07F114040FC4336823600023C0
:1024C00007490093032207F11400E7E7C0A40020A6
:1024D000AD090700585D0700C4900600CB0907004E
:1024E00074100020EF090700F09106002DE9F0417B
:1024F00092B000AF054630F038FE3E1D314604462E
:10250000FFF746FC07F1240128460BF0F3FB97F890
:102510002530012B14D06C4688B01B4A05921B4A0B
:102520001B48CDE906236A46042342F8103F4FF4C6
:1025300004512DF04AFFA5464837BD46BDE8F0815D
:10254000FFF76EFE0546B8B9E84688B0114B104853
:10255000CDE905366A464FF40073ADF81C300E4BDA
:1025600042F8103F4FF4E2512DF02FFF2146C546AF
:10257000284607F0EBFFDFE7084B21461878FFF706
:102580009DFEFFF735FFD7E746070700AA5C070067
:10259000C4900600140A07000300000151A40020A3
:1025A0002DE9F04393B0064600AF89462BF00EFDAF
:1025B0006C4688B0424D434B05936A464FF0040881
:1025C000CDE906504FF4045142F8108F3E482DF0EB
:1025D000FCFE07F12401A54630460BF08BFB97F873
:1025E0002530012B11D088B0384A0793CDE9052555
:1025F0006A46354842F8108F4FF404512DF0E5FE3D
:10260000A5464C37BD46BDE8F083304607F10408C7
:1026100030F0ABFD4146FFF7BBFB2D4B00221A709B
:10262000B9F1000F16D08AB02A4BCDF81C90CDE935
:1026300005386A464FF40073ADF82030264B42F857
:10264000103F4FF4125120482DF0BFFEA546FFF772
:10265000CFFED6E78AB0214BCDF81C806A46CDE983
:10266000053540F20133ADF820301B4B42F8103FE6
:102670004FF4145114482DF0A8FEA546FFF7B8FEFC
:10268000304630F072FD164B1A78164B162101FBBE
:1026900002312DF095FE0028B3D188B0124B0A48C4
:1026A0006A46CDE90535032342F8103F4FF4C8517F
:1026B0002DF08BFE0D48A5462BF0AAF8A1E700BF30
:1026C000515C07004A0A0700C4900600460707004D
:1026D000C0A40020630A070004000001800A07006C
:1026E00051A4002061A40020910A0700641000207A
:1026F000B0B5104800AF0BF007FA0F480BF0A2FC82
:102700000E480BF0BBFC6D4688B00D4B05936A4636
:102710000C4B06930024042307944FF4045142F811
:10272000103F09482DF051FEAD46FFF761FE2046EF
:10273000BD46B0BD14100020F80F0020E80F0020A7
:10274000AE0A0700435C0700C490060098B500AFCE
:102750006C4688B00A4B05936A460A4B06930323DE
:1027600042F8103F4FF4C85107482DF02EFE074B9A
:10277000A5461878FFF7F4FDFFF73AFEBD4698BD71
:10278000BC0A0700445D0700C490060051A4002065
:10279000014B1878704700BF51A40020B0B5042841
:1027A00000AF044622D86D4688B0124B0593124BF9
:1027B0006A46CDE90630042342F8103F0F484FF433
:1027C00004512DF002FE0E4B1A78A242AD460AD0FB
:1027D0004FF4F0121C700B4800232BF0BBF8FFF7EE
:1027E00007FEFFF791FA0020BD46B0BD6FF0210053
:1027F000FAE700BFD60A0700185D0700C49006007C
:1028000051A40020702F002098B500AF6C4688B00E
:102810000D4B05936A460D4B0693032342F8103F78
:102820000B484FF4C8512DF0D0FDA5460024E0B26E
:102830000134FFF795FD052CF9D10020FFF7AEFF1D
:10284000FFF7D6FDBD4698BDE50A07002C5D0700E1
:10285000C490060098B500AF6C4688B00D4B059348
:102860006A460D4B0693032342F8103F4FF4C851BC
:102870000A482DF0AAFD0A4B187805230130B0FB59
:10288000F3F303EB8303C01AA546C0B2FFF786FF3C
:10289000BD4698BD27EB0600065D0700C490060004
:1028A00051A4002098B500AF6C4688B00D4B05933D
:1028B0006A460D4B0693032342F8103F4FF4C8516C
:1028C0000A482DF082FD0A4B187805230430B0FB2E
:1028D000F3F303EB8303C01AA546C0B2FFF75EFF14
:1028E000BD4698BD27EB0600F45C0700C4900600C7
:1028F00051A400202DE9F041042800AF05462FD84F
:10290000194C1A49162303FB004420462DF058FDAC
:1029100028B96FF012042046BD46BDE8F08121467B
:1029200000200BF031F906460028F2D0132130F0D8
:10293000FAFAE84604468AB00D4B05930D4B089011
:102940006A46CDE90635052342F8103F0A484FF4A0
:1029500024512DF03AFD3046C5460AF0DDFCDAE799
:102960006FF02104D7E700BF61A400205F62070079
:10297000030B0700DC5C0700C490060038B50E4B63
:102980000E4D1B780E49162202FB035528462DF0EA
:1029900017FD044630B90B4A0B4802212EF0EFFF19
:1029A000204638BD294600200BF0EEF804460028EA
:1029B000F6D1064AF0E700BF51A4002061A4002030
:1029C0005F620700280B0700C49006005B0B07003E
:1029D0002DE9F04F364DDFF8F4B091B0014600AF6D
:1029E000044628462DF0ECFC40B307F120063146A2
:1029F0002846FFF7CDF9E9468AB02E4BDFF8D0A084
:102A00002D48CDE9053B6A460023CDE9073640F263
:102A10000243ADF824304FF4345142F810AF2DF09A
:102A2000D4FC2649CD4628462DF0CAFC8046B8B1D4
:102A30006FF00B004437BD46BDE8F08F6C4688B0A0
:102A40001F4B07906A46CDE9053B042342F8103F2F
:102A500019484FF404512DF0B8FCA5460020E9E7D1
:102A600039462046FFF794F98AB0164B12486A4659
:102A7000CDE9053B40F20133CDE90778ADF82430CC
:102A80004FF4345142F810AF2DF09FFC23680E49EB
:102A9000CD462B60A388AB80A379AB71424630460C
:102AA0002BF022FE07222146304605F095F9D5E7A6
:102AB0004AA40020880B0700C49006005F6207004C
:102AC000AE0B0700DF0B0700040C0700C05C07001B
:102AD000050000011FB5B0240294044C0194BDF818
:102AE000184000940DF092FC04B010BDD65D0700B4
:102AF00007B5064B00930649064805234FF440727C
:102B00002AF08CFE002003B000BD00BFC8A806005C
:102B100080AF0020A02F00202DE9F043DFF8908047
:102B2000DFF8909089B000AF1E480022002339469C
:102B30002AF012FB054618B12437BD46BDE8F083E4
:102B4000FFF71CFF04460028F6D01822294607F19B
:102B5000080035F05BF80823F9182046BB82C7E966
:102B600003870EF037F9431C07D10221204630F0CD
:102B7000BDFA20460AF0D0FBD6E70028F9D06E4611
:102B800088B0094BCDF814906A46CDE9063004238D
:102B900042F8103F05482B464FF4045103F046FC21
:102BA000B546E6E76C1C0020B85D0700C49006003F
:102BB00034A90600200C07002DE9F043DFF89480CB
:102BC000DFF894908BB000AF3E1D1F480022002319
:102BD00031462AF0C1FA054618B12C37BD46BDE88A
:102BE000F083FFF7CBFE04460028F6D018222946D2
:102BF00007F1100035F00AF80C2307F11001204608
:102C0000BB83C7E905860EF0E5F8431C07D1022116
:102C1000204630F06BFA20460AF07EFBD4E700280D
:102C2000F9D06E4688B0094BCDF814906A46CDE9CC
:102C30000630042342F8103F05482B464FF4045158
:102C400003F0F4FBB546E6E73C1C00209A5D070064
:102C5000C490060084A90600200C07002DE9F0436B
:102C6000DFF89480DFF894908BB000AF3E1D1F48D2
:102C70000022002331462AF06FFA054618B12C379E
:102C8000BD46BDE8F083FFF779FE04460028F6D084
:102C90001822294607F1100034F0B8FF092307F184
:102CA00010012046BB83C7E905860EF093F8431C4C
:102CB00007D10221204630F019FA20460AF02CFBF9
:102CC000D4E70028F9D06E4688B0094BCDF81490AF
:102CD0006A46CDE90630042342F8103F05482B46EA
:102CE0004FF4045103F0A2FBB546E6E79C1C00201C
:102CF0007F5D0700C4900600D4A90600200C0700E1
:102D000037B5054640F6CD420146002312482AF069
:102D1000C7F90446D8B110F10B0F11D10F4A104872
:102D200002212EF02CFE0022002369460A482AF0D8
:102D300013FA2846FFF7E4FF0446204603B030BDEF
:102D4000084A0346022106482EF021FEF5E706490F
:102D5000064834F0A1FCF0E76C1C0020370C07009B
:102D6000C49006007D0C0700AC100020A02F0020AE
:102D700030B5054685B040F6CD42014600231348E4
:102D80002AF08EF90446D8B110F10B0F11D1104A78
:102D9000104802212EF0F3FD0022002301A90B4868
:102DA0002AF0DAF92846FFF7E3FF0446204605B08B
:102DB00030BD094A0346022106482EF0E8FDF5E73A
:102DC0000649074834F068FCF0E700BF3C1C0020CF
:102DD000AA0C0700C4900600F00C07009C1000200D
:102DE000A02F002030B5054685B040F6CD42014603
:102DF000002313482AF054F90446D8B110F10B0F00
:102E000011D1104A104802212EF0B9FD00220023F2
:102E100001A90B482AF0A0F92846FFF7E3FF044672
:102E2000204605B030BD094A0346022106482EF06F
:102E3000AEFDF5E70649074834F02EFCF0E700BF89
:102E40009C1C0020AA0C0700C49006001D0D070062
:102E50008C100020A02F00201FB50023CDE90233E5
:102E6000044B8DF80C0001A801932DF07EF805B0FD
:102E700000BD00BF50AA06007FB50023CDE9043392
:102E8000044BADF8140003A803932DF06EF807B0BF
:102E900000BD00BF4CAA06000268034B9A420CBF5B
:102EA00008300020704700BF4CAA060008B502F0A9
:102EB00099F8BDE80840014934F0EEBBD01100207C
:102EC00007B5084834F019F948B14FF4F01200235F
:102ED000CDE900230448002200232BF053FB03B06C
:102EE00000BD00BF6C8B0600981A002008B5FBF7E8
:102EF00017FC10B96FF0850008BDFBF7B5F838B1C5
:102F00000138C0B20128F5D8034834F0D3FD01E000
:102F1000FFF7D6FF0020EFE7981A002098B500AF22
:102F2000104C204634F0E9F80346B8B922686C46E4
:102F300088B00D49CDE905124FF40072ADF81C20A0
:102F40006A460A4942F8101F09484FF4E25103F05B
:102F50006DFA6FF01200A546BD4698BDFFF7B0FFB1
:102F60000020F9E76C8B06009E0D070003000001AE
:102F7000C4900600F0B583B000AF364DAE68302186
:102F8000F36828469847044630B36D4688B0324B04
:102F90000593324B6A46CDE90634042342F8103FCC
:102FA0002F4800234FF4045103F040FAAD466D461C
:102FB00088B02C4B05932C4B6A46CDE9063404238C
:102FC00042F8103F264800234FF4045103F02EFA34
:102FD000AD460C37BD46F0BD302133693A46284630
:102FE0009847044618B16D4688B0204BD0E7204D75
:102FF00038682B7883420BD02870FFF72DFF0446EA
:1030000030B11C4A0346012115482EF0C0FCCEE722
:1030100004F0B6FE2B789842DBD06C4688B0164A96
:1030200005920E4ACDE906236A46042342F8103F72
:103030000B4800234FF4045103F0F8F9A546287813
:1030400004F0A4FE04460028C3D00C4A0346022123
:10305000DAE700BF6C8B0600BF0D0700865E070035
:10306000C49006009C0E0700995E0700E60D07005D
:10307000C2A40020140E0700440E07006E0E0700C5
:10308000044B1B78022B4FF0000306BF0370012096
:1030900018467047B85F0020014B18600020704749
:1030A0008C60002007B56846FFF7EAFF0749084B28
:1030B00009781A784300002061F3070062F30F20BB
:1030C000DBB263F3174003B000BD00BFC3A4002010
:1030D000C5A4002013B50C4B1C6894B1FFF7E2FFA8
:1030E0008DF80400C0F30723C0F307408DF80530C6
:1030F0008DF8060001990548234602B0BDE810404E
:10310000184702B010BD00BF8C6000209C870700EC
:1031100013B50E4B01221A700D4B1C6894B1FFF7CA
:10312000C1FF8DF80400C0F30723C0F307408DF8FA
:1031300005308DF8060001990648234602B0BDE827
:1031400010401847204602B010BD00BFC3A40020A5
:103150008C6000209C87070013B5002408490948AB
:10316000009405234FF400722AF058FB06480AF039
:10317000CBFC06482EF02EFF204602B010BD00BF4B
:1031800000B30020883000200C120020E011002045
:10319000F0B5254B85B01B7800AF53B96C4688B0AD
:1031A000224A0592224A06926A46032142F8101FDB
:1031B00026E0204A1378C3B91F494D685DBB1F4CF8
:1031C00001262068616816703A1D03C2A06810606D
:1031D0001B49381D09F07AFB041E20DA194A1A48E7
:1031E000234631462DF06DF911E06C4688B0174B3F
:1031F00005936A460E4B0693032342F8103F0023C3
:1032000011484FF4C8512DF058F9A5460024204626
:103210001437BD46F0BD6C4688B00D4AC1E76C4618
:1032200088B00C4BE4E700BFC5A40020E80E0700FF
:1032300064600700C4A40020B85F00200492060068
:103240008D4503005D0F0700C4900600090F0700BD
:10325000260F07007F0F0700B0B500AF6C4688B09F
:10326000104B05936A46104B0693032342F8103F18
:103270000E4800234FF4C8512DF01FF90C4BA54602
:1032800000251D7009F072FB041E08DA094A074880
:10329000234601212DF015F92046BD46B0BD2C4630
:1032A000FAE700BFA10F07000B600700C4900600FB
:1032B000C4A40020C20F070008B5FBF7ABF810B19B
:1032C00002482AF0A5FA002008BD00BF30120020F5
:1032D000104B10B5187018B1BDE81040FFF758BF7B
:1032E000FFF7BAFF034620B10B4A0C4802212DF02C
:1032F000E8F80B4B1C78022C0AD1586813212FF0E8
:1033000012FE031E04DA074A044821462DF0D9F8BC
:10331000002010BDC5A40020DF0F0700C4900600E8
:10332000B85F00200C100700074B186850B19A894D
:103330003AB1DA892AB193F82400B0FA80F0400952
:1033400070470120704700BF90600020F0B5174C17
:10335000174D87B002AF002316480022394629F0E6
:10336000FBFE034610B11437BD46F0BD6E467A78B9
:1033700088B0099202AA0421CDE907450E4842F817
:10338000101F4FF404512DF098F8B546D7F80900F6
:103390003978D7F80120D7F805300090787B8DF880
:1033A0000400064801F0C4FBD5E700BF3310070056
:1033B000AA5E0700AC1B0020C49006009C87070093
:1033C000B0B501F1180300AF0125BFF35B8F53E8DF
:1033D000002F43E80054002CF9D1BFF35B8F0EF0AF
:1033E0002BFB10F1780F044607D0D0B103460F4AEB
:1033F0000F4829462DF065F810E06D4688B00D4B5A
:1034000005936A460C4B0693032342F8103F084885
:1034100000234FF4C8512DF050F8AD462046BD466C
:10342000B0BD6D4688B0054BEAE700BF8E100700BF
:10343000C490060064100700EA5E07007D100700D4
:1034400070B503788AB004460E4607AD032B20D82A
:10345000DFE803F002191B1D11492846F4F71AFB97
:10346000059563780493A3780393E3780293237913
:10347000019363790093A3790A4A1E2130462BF009
:1034800003F90AB070BD0849E7E70849E5E70849CC
:10349000E3E7084A0A2128462BF0F6F8E0E700BFE8
:1034A0004E06070070060700550607005C06070079
:1034B00066060700D748070030B5037887B0022BAF
:1034C00004468DF817101BD1B0F8B030C3B1406876
:1034D0002FF043FE012813D90023CDE90133012544
:1034E00000952B46B4F8B01060680DF117020EF08D
:1034F00051FA031E04DA034A034829462CF0E1FF7F
:1035000007B030BDA8100700C490060008B5FAF750
:1035100091FF054B1A78022A05D1C1B21846BDE8C1
:103520000840FFF7C9BF08BDB85F00202DE9F04390
:1035300093B06C4604AF88B0454B099304AA454B41
:103540000A93032342F8103F4348444D00234FF4AD
:10355000C8512CF0B2FFA54641480022002307F1D4
:10356000140129F0F9FD0446A8B93B7DD422534348
:10357000E818E95C022905D03A4A374801212CF0C5
:10358000A2FFE9E77B7D012B09D0022B5CD0364AF4
:1035900031482CF096FF3C37BD46BDE8F083B0F8CB
:1035A00078200AB9314AE8E707F10B06C7F80B4063
:1035B000C7F80F403472D7F82E303B7097F832308E
:1035C0007B7097F83330003B18BF0123BB7007F1C5
:1035D0001608D7F82630C7F803300922D7F82A3062
:1035E000C7F80730414630462CF029FC082812D98C
:1035F000E9468AB01E4B0B96CDE9093804AA1D4B4B
:103600000C931D4B42F8103F134823464FF42151B1
:103610002CF053FFCD46387DD42303FB005000230C
:10362000B0F87810CDE901330124009414234068E8
:103630003A460EF0AFF9034600288DD00F4A0648EF
:1036400021462CF03EFF87E7B97DFFF735FF83E782
:1036500027EB0600AD600700C4900600B85F0020AD
:10366000CC1C0020E510070093110700FA1007009A
:103670001811070000020103040000025E11070098
:1036800084B0B0B590B006AF07F1380484E80F00FD
:103690006C4688B0234B0B9306AA234B0C93032351
:1036A00042F8103F214800234FF4C8512CF005FF89
:1036B0001F48A54640F6CD42002307F138012CF003
:1036C000FEFE044640B310F10B0F1ED1194A1748F5
:1036D00002212CF0F8FE00220023391D144807F1C6
:1036E000480529F039FD0FCD6C460FC42B682380A7
:1036F00007F138030FCBFFF7C3FF044620462837F6
:10370000BD46BDE8B04004B0704703460A4A0748CA
:1037100002212CF0D6FEF1E70849094833F0BCFF3E
:10372000ECE700BF27EB0600C95E0700C490060067
:10373000CC1C0020BF11070008120700FC1100205C
:1037400088300020054B1A68824205D1002293F888
:1037500024001A60FBF752BD704700BF9060002044
:10376000034B5B68984214BF6FF015000020704750
:10377000B85F00202DE9F04385B01E4600AF2C4B0A
:1037800080460D461446AAB96E4688B0294A2A4892
:10379000CDE905236A46032342F8103F4FF4C85190
:1037A00023462CF08AFEB5462C8100201437BD46F6
:1037B000BDE8F083E9468AB0204A1F48CDE90523D9
:1037C0006A460523CDE907464FF4245142F8103FDD
:1037D00000232CF072FE082ECD4606D0184A16485B
:1037E000334602212CF06DFEDFE7164B9D421CD1C3
:1037F0004046FFF7B5FF0223B4F80110D4F80320C8
:103800007B7095F8203026783870E479BB70F980A9
:10381000C7F80A200C48FC700022002339463E718C
:103820002CF04DFE094829F0F3FF0120BEE700BF50
:103830006A5F07002E120700C490060041120700BD
:103840006512070094600020AC1B0020501200207D
:1038500008B5FFF785FF0028014818BF002008BD04
:10386000B85F0020B0B500AF1446FFF7F1FFA0B17C
:10387000B0F8B0308BB192B16C4688B0144B059360
:103880006A46144B0693032342F8103F1248002364
:103890004FF4C8512CF011FEA546BD46B0BD01291C
:1038A00011D86D4688B00D4B05936A46094B0693B7
:1038B000032342F8103F084823464FF4C8512CF028
:1038C000FCFDAD46E9E7064829F0A2FFE5E700BFA9
:1038D000A11207008E600700C4900600EE120700D8
:1038E000301200202DE9F04387B0434D00AF8046F1
:1038F0000C461646C9B9E84688B0404B40486A466F
:10390000CDE90535032342F8103F0B464FF4C8516B
:103910002CF0D3FD1822C5462146304634F076F906
:1039200000201C37BD46BDE8F0836C460B8A88B08A
:10393000344A0793CDE905256A46042342F8103F2F
:103940002F4800234FF404512CF0B7FD4046A54604
:10395000FFF77EFF044628B92B4A294801212CF0A5
:10396000B2FDDDE7294BD0F808C03A1D03F1100E77
:1039700018685968164603C6083373453246F7D1AE
:103980001B783370391D60462EF0EEFD064688B177
:103990006C4688B01E4B1A486A46CDE905350323AC
:1039A00042F8103F4FF4C85100232CF086FD01204F
:1039B000A546B6E7E94688B0164B6A46CDE9053517
:1039C0000325034642F8105F0D484FF4C8512CF010
:1039D00074FD114BCD4604F10801E360A660257625
:1039E00040460DF0FDFA0346002899D00B4A0448E2
:1039F00001212CF066FD93E7AD5F0700421307003D
:103A0000C4900600581307007213070010920600B6
:103A10009B130700B3130700213A0300CB130700E1
:103A20002DE9F04F99B0804600AF0D469146A9B9F7
:103A30006C4688B0AC4B05936A46AC4B06930323A7
:103A400042F8103FAA480B464FF4C8512CF035FD00
:103A5000A54600206437BD46BDE8F08FCB682BB982
:103A6000A44AA34801212CF02EFDF2E7FFF7F0FE57
:103A7000044608B9A04AF4E7EA460B8A88B09F4A90
:103A80009A4E05926A46CDE90663042342F8103F38
:103A9000974800234FF404512CF00FFD99F810B013
:103AA000BBF1030FD5461BD0BBF1060F00F0898197
:103AB000B4F8781049B1218D39B1B4F8B01021B102
:103AC000B4F88410003918BF01218D4B186820B15B
:103AD000FFF72AFC80F00100084080F00100B9E700
:103AE000EB68D3F80090874B07F1100203F1100E3A
:103AF000186859689446ACE8030008337345624679
:103B0000F6D11B788CF8003007F1100148462EF0F2
:103B10002BFD034608BBE94688B07B4A7448CDE9D3
:103B200005266A46032142F8101F4FF4C8512CF0B5
:103B3000C4FC04F16003CD462363E38AA3852846D1
:103B400030F090FC714B236201232085A38604F1A1
:103B500020014046FFF734FCAAE76D4B07F1240231
:103B600003F1100E186859689446ACE80300083356
:103B700073456246F6D11B788CF8003007F12401BA
:103B800048462EF0F1FC8346002846D1C7F804D001
:103B900088B0604BDFF868916A464FF0030ACDE9C0
:103BA00005364FF4C851034642F810AF50482CF088
:103BB00084FCD9F80030D7F804D0FBB9C9F80080EC
:103BC000C9F80C3089F8243088B0534A4848CDE908
:103BD00005266A464FF4C85142F810AF2CF06DFC30
:103BE0002846D7F804D030F03DFC4C4BA9F80C0027
:103BF000A3602B8A23820623237659E76FF00B03F9
:103C0000474A3B4802212CF05CFCC4F808B02B8AE0
:103C100084F818A0013323824AE7424B07F13802A7
:103C200003F1100E186859689446ACE80300083395
:103C300073456246F6D11B788CF80030484607F190
:103C400038012EF091FC8146D0B9E84688B0364B59
:103C50006A46CDE90536032342F8103F4FF4C851B8
:103C6000034623482CF029FCC546C4F808902B8A4B
:103C700002332382284630F0F5FBA4F8780017E7DA
:103C8000EB68D3F800E0294B07F14C0203F110096F
:103C9000186859689446ACE8030008334B456246FF
:103CA000F6D11B788CF8003007F14C0170462EF0ED
:103CB0005BFC034600283FD1E84688B01C4A0C480C
:103CC000CDE905266A46032142F8101F4FF4C8517A
:103CD0002CF0F3FB2846C54630F0C4FBA4F8B00036
:103CE000144829F095FDE3E6421307008B5F0700B7
:103CF000C49006000E140700721307005813070043
:103D00009060002021920600391407002D41030025
:103D10003292060061140700831407001CD60600C7
:103D2000B214070043920600EC14070054920600F8
:103D30000A15070030120020EB68186800233B7357
:103D400007F10C0142F61923FB812EF00DFC814690
:103D500000287FF4ADAEEA4688B06E4B6A46CDE9E6
:103D60000536032342F8103F4FF4C85103466A4812
:103D70002CF0A3FB04F16003D546C4F88C30E38A31
:103D8000A4F88830284630F06DFB0126634BA4F878
:103D9000840004F17C01E367A4F890604046FFF7DB
:103DA0000FFB5F4B2846C4E9273630F05BFBA4F8D5
:103DB000A690A4F8A40004F19C0140460DF000FD7B
:103DC00076E6A068DFF87891002242F6021307F148
:103DD000380187F838207B872EF0C6FB0022034687
:103DE000002830D188B04F4A7860CDE905266A4670
:103DF000032142F8101F48484FF4C8512CF05DFBD6
:103E0000D9F800209045D54670D1FFF78DFA7B6830
:103E100000286BD088B0444A3F48CDE905266A4661
:103E2000032142F8101F4FF4C8512CF046FB2B8A97
:103E3000D546A9F80E303D4BA3602B8A84F818B004
:103E40000133238234E6A06887F84C2042F604133D
:103E500007F14C01A7F84E302EF086FB8346002870
:103E60007FF426AE88B0324ACDE905266A460323A0
:103E700042F8103F4FF4C851034627482CF01DFB71
:103E8000D9F800209045D54630D1FFF74DFA68B3F8
:103E9000EB687B6088B0244A1F48CDE905266A4656
:103EA000032342F8103F4FF4C8515B462CF005FB4A
:103EB0007B68DB88D54689F824301E4BC9F804306E
:103EC00009F1040101234046A9F81830FFF778FAF8
:103ED000031E04DA184A104802212CF0F2FA0023DB
:103EE000A3602B8A01332382032385E6E84688B04A
:103EF000124B0948CDE905366A466FF01203079365
:103F0000042342F8103F4FF4045100232CF0D5FA5B
:103F1000C546E4E732150700C4900600454003009B
:103F2000453F03005A150700E515070018D606009F
:103F3000791507007537030098150700C6150700A7
:103F4000906000202DE9F04784B000AF8146B7F8BB
:103F500030A00C461D4651B10B46304A3048012175
:103F60002CF0AFFA00201037BD46BDE8F087FFF710
:103F70006FFC30B92B4A2A4801212CF0A4FA012009
:103F8000F1E7294E85B96C4688B0284B24486A462B
:103F9000CDE90536032342F8103F4FF4C8512B46B4
:103FA0002CF08BFAA546DDE7E8468AB0204B1C488A
:103FB0006A46CDE905360523CDE9075A42F8103F98
:103FC0000B464FF424512CF078FAC546BAF1000F95
:103FD00001D1184ACFE72D7888B0174B07956A466C
:103FE000CDE90536042342F8103F0D4823464FF42F
:103FF00004512CF062FA4846C546FFF7B1FB032393
:1040000038707B700022002339460C48BD702CF0BC
:1040100056FA0B4829F0FCFBB1E700BF0216070077
:10402000C490060072130700445F070034160700AF
:1040300049160700741607009E160700AC1B0020E7
:10404000501200202DE9F04184B000AF14468046A4
:104050000D461A46FFF7FCFB30B92B4A2B480121CD
:104060002CF031FA012013E0B4B96E4688B0284B29
:1040700005936A46274B0693032342F8103F2348D3
:1040800023464FF4C8512CF018FA2046B5462C812F
:104090001037BD46BDE8F0810AB91F4ADEE76D461C
:1040A0008AB01E4B08921B4E05936A460523CDE944
:1040B0000664164842F8103F4FF4245100232CF0B8
:1040C000FCF9AD46247888B0154B07946A46CDE9D3
:1040D0000536042342F8103F0C4800234FF40451E6
:1040E0002CF0EBF94046AD46FFF73AFB032338705E
:1040F0007B700022002339460A48BC702CF0DFF99F
:10410000094829F085FBADE772130700C49006004B
:104110002E1207001C5F070074160700B416070074
:104120009E160700AC1B0020501200202DE9F04322
:1041300085B000AF804614461A46FFF789FB8946D2
:10414000054630B9404A414801212CF0BCF9012014
:1041500014E03F4EB4B96D4688B03E4B3B486A46CA
:10416000CDE90536032342F8103F4FF4C8512346EA
:104170002CF0A3F92046AD46A9F808401437BD46F7
:10418000BDE8F083E9468AB0334B3048CDE90742B9
:104190006A46CDE90536052342F8103F4FF4245115
:1041A00000232CF08AF9631ECD4605F1B1020F34CD
:1041B00013F8011F12F8010F4140117419781170A2
:1041C000A342F5D16C468AB0244B25491F48CDE95E
:1041D0000536244B07936A4640F20133ADF8203090
:1041E000214B42F8103F05F1B2032CF066F9C235BD
:1041F000A54600264FF0010900242B78E340DB0799
:1042000019D515F8102C09FA04F31A42404614BFC8
:1042100001220022FFF7A4FA00237B70A319387053
:10422000BB70FA7011480022002339462CF047F980
:104230000F4829F0EDFA0134082CDED10836802E23
:1042400005F10105D8D182E772130700C49006007A
:10425000025F07002E120700E7160700A2E606001D
:1042600000250001EF35070004000001AC1B002011
:10427000501200202DE9F04385B0044600AF00281D
:104280004CD1284D2B78002B48D06E4688B0264B59
:104290000593264B6A46CDE90630042342F8103FC9
:1042A0004FF40451034622482CF007F96868B546DC
:1042B00010B109F031F86C600024DFF880802C70B8
:1042C000A146002698F80030F340DB070FD5A3196C
:1042D000BB704FF00003FB701648A7F80090002257
:1042E000002339462CF0EBF8134829F091FA0136F7
:1042F000082EE7D10834802C08F10108E1D10F48DD
:104300002022002133F082FC00202885A5F87800C7
:10431000A5F8B0001437BD46BDE8F0836FF0150076
:10432000F8E700BFB85F00200C170700CE60070059
:10433000C4900600AC1B0020501200206A600020D0
:1043400070B5FEF745FB041E0ADBD425064E654317
:10435000735D2BB9FFF78EFF01237355204670BDA7
:104360006FF00B04FAE700BFB85F00202DE9F043BF
:1043700089B0E84602AF064688B002AA2A4BDFF8A9
:10438000C89007930325CDF82090284842F8105F85
:1043900000234FF4C8512CF090F83046C546FFF783
:1043A000CFFF041E0ADA224A20486FF00B03294689
:1043B0002CF087F81C37BD46BDE8F083FEF74CFFB4
:1043C00003460028F6D188B01A4A1848CDE90729D3
:1043D00002AA4FF4C85142F8105F2CF06EF8164B49
:1043E0004FF00612C546C7E90023144B0FCB07F167
:1043F000080585E80F00124BD42202FB043329463E
:104400003A46304609F0DCFC031ED3DA42F20D02D4
:10441000009201210B4A05482DF0C2FA2046FFF711
:1044200029FFFEF7B5FEC5E730170700C490060068
:104430004C170700771707001E00900168920600CE
:10444000BC5F002095170700196007002DE9F04FA9
:10445000A5B06C4600AF02784378054689468AB01D
:10446000414E0893CDE906626A464049059105230D
:1044700042F8103F3E4800234FF424512CF01DF821
:104480002B78063B012BA54608D86C7814F00F0456
:1044900013D0384A364801212CF015F801205FE08E
:1044A000696810222144381D2EF08CF848B9324A30
:1044B0002F4801212CF007F810346B789C42EFDB79
:1044C000ECE72E4B07F1180203F110081868596841
:1044D0009446ACE80300083343456246F6D11B78A6
:1044E0008CF8003007F11801381D2EF03DF8824697
:1044F00090B307F1400A25225146381D05F0DEFA37
:104500001E4B07F12C02186859689446ACE803006A
:10451000083343456246F6D11B788CF8003007F12A
:10452000680B2522594607F12C0005F0C7FAE8462A
:104530008AB0134B0E48CDE905366A46114B0993F4
:10454000114BCDE907AB4FF4445142F8103F002323
:104550002BF0B3FFC546AFE74846FFF707FF5046CD
:104560009437BD46BDE8F08F31600700C7170700DC
:10457000C4900600E0170700ED1707001092060030
:104580000118070001030204050000022DE9F047AD
:1045900088B01E4600AF8A46394605461446E946AD
:1045A000FEF74EFFB3888CB0134A0592134ACDF83C
:1045B00028A0CDE90627CDE908436A4640F2013339
:1045C000ADF82C300E4B42F8103F0E4800234FF44C
:1045D00074512BF072FFCD4644B90B492A46304640
:1045E00005F0E4FA2037BD46BDE8F087012CF9D18B
:1045F0002846FFF7BBFEF5E72B18070049600700C8
:1046000007000001C49006004D4403002DE9F0416D
:104610008CB000AF07F11005884604462EF0A5FDCA
:104620002946FEF70DFF6E468AB01F4B05931F4BC0
:10463000CDF82080CDE906356A4640F20133ADF869
:1046400024301B4B42F8103F1A4800234FF43451DA
:104650002BF033FF2046B546FFF782F803237B702B
:104660000023002239463870BB70134800232BF01A
:1046700026FF124829F0CCF82046FFF763F82046C1
:104680002BF056FF30B10E4A0A486FF01503022195
:104690002BF017FF0B4829F0BBF8FEF779FD3037F8
:1046A000BD46BDE8F08100BF6518070073600700D4
:1046B00005000001C4900600AC1B00205012002031
:1046C000861807004012002008B5FFF749F818B90E
:1046D000034B02221A7008BD6FF01500FBE700BF04
:1046E000B85F00202DE9F0419AB000AF04460D46B6
:1046F0002EF03BFD3946FEF7A3FE07F120012046D0
:1047000009F0F8FA97F82130ABB16C4688B0514AFD
:104710000592514A5148CDE906236A46042342F8DE
:10472000103F4FF4045100232BF0C7FEA546683715
:10473000BD46BDE8F081E846C5B18AB0484A49495E
:104740000795CDE905274FF40072ADF820206A46A1
:10475000424842F8101F4FF411512BF0AEFE204694
:10476000C5462BF0E5FEFEF713FDE0E78AB03E4BB1
:104770000593394B39486A46CDE9063740F2013393
:10478000ADF82030374B42F8103F4FF414512B4610
:104790002BF093FE2046C546FFF796FF20462EF0ED
:1047A000DCFC88B0314B324E05936A460423CDE9D8
:1047B00006604FF4045142F8103F28482B462BF076
:1047C0007CFE2046C546FFF743F840B9294A2348F6
:1047D00001212BF078FE284829F01AF8A7E7038D6D
:1047E000B3B9264A8260264AC26001254FF6FF729D
:1047F00003760582C28200F1080140680CF0F0FBEC
:10480000034628B11F4A154829462BF05AFEE2E715
:1048100007F14401204609F06DFA3B6EB7F85810D5
:10482000B7F85A205B786C468AB017480993CDE9EF
:1048300007126A460623CDE905064FF4445142F8B3
:10484000103F064800232BF038FEA546FEF7A0FCDB
:10485000C1E700BF46070700F35F0700C4900600EA
:10486000630A070004000001AD180700BF18070025
:10487000D25F07007213070040120020E6600700B5
:10488000E5380300E7180700FF1807002DE9F0419D
:1048900086B000AFFEF700FB044630B105784DB19D
:1048A000204A214802212DF06AF800201837BD4621
:1048B000BDE8F0816E46437888B01C4A05921C4AD8
:1048C000CDE906236A46042342F8103F16482B46DA
:1048D0004FF4045101F0AAFD14F8013BB5464FF026
:1048E00001084FF00502134E13FB0283142202FB52
:1048F000036629461822384633F088F93946284697
:10490000C7E90164A7F80C800CF064FA031ECCDA46
:1049100013F1800FC9D0084A034802212DF037F85F
:10492000C3E700BF49190700C490060086190700B5
:10493000F760070078AA0600AD19070080B50D4A98
:104940000D4B00AF012908BF134688B00B4ACDE9D3
:1049500005234FF400736A46ADF81C30084B42F84B
:10496000103F084800234FF4E65101F05FFDBD46BB
:1049700080BD00BF3F4A0700000F0700E419070091
:1049800003000001C49006002DE9F0479A46CB6869
:1049900086B01F780DF1170680460D46002431467B
:1049A000384691468DF8174000F0D6F9163009D1F7
:1049B0000B480C4A3B4601212CF0E9FF204606B08B
:1049C000BDE8F0870123CDE90163BDF838300093DD
:1049D0004A465346294640460BF018FDEFE700BF14
:1049E000C4900600F9190700F0B5244C244E83B09A
:1049F00000AFB442254602D36FF0120018E02368DE
:104A0000DB68C3B91F4C2368AB4221D16C4688B028
:104A10001D4B05936A461D4B0693032342F8103F36
:104A20001B4800234FF4C85101F000FDA5460020AB
:104A30000C37BD46F0BD9847C0F3072338717B7132
:104A4000C0F30743C0B20434BB710028D1D0D9E70A
:104A50005BB11B689B6843B100209847031E04DAD2
:104A60000C4A0B4802212CF092FF2B6825609B68B2
:104A7000002BDCD001209847DAE700BF9C870700B5
:104A8000A0870700B8600020441A070014610700DF
:104A9000C4900600771A070038B5084C084DAC42A0
:104AA000234603D3BDE83840FFF79EBF1B681B6950
:104AB0000434002BF3D003489847F0E79C870700A5
:104AC000A0870700C94A0300B0B5154B82B01B6828
:104AD00000AF834279601FD16D46BC7979793A790C
:104AE0008CB01048059010480A94CDE908126A4627
:104AF000CDE90603072342F8103F0C4800234FF48A
:104B0000645101F093FCAD461CB100200837BD464E
:104B1000B0BDFFF769FFF9E7FFF766FFF5E700BFF4
:104B2000B8600020B01A070035610700C490060085
:104B300082B000B58DB0CDE90E234A4B1B6883428D
:104B40000BD04948494A02212CF019FF6FF015009B
:104B50000DB05DF804EB02B070479DF83830032BC0
:104B600077D8DFE803F00249263A9DF839300593FB
:104B70009DF83A308DF81010003B18BF01238DF8D6
:104B8000183032F041FF4FF47A72A0FB020302FBAF
:104B90000131C00B40EA4140C90BCDE90801CDE924
:104BA000100104AB0FCB0DB05DF804EB02B0F9F7C8
:104BB000C1BD9DF83A20DDF841309DF83B109DF8CD
:104BC0003900003A18BF01221092BDF83D200DB007
:104BD0005DF804EB02B0FAF79BBA9DF839308DF816
:104BE00010108DF81130224A049853540DB05DF81E
:104BF00004EB02B0FEF740B9122200210DF11E00B5
:104C000033F004F80123049332F0FEFE4FF47A727D
:104C1000A0FB020302FB0131C00B40EA4140C90B7B
:104C2000CDE908019DF84330DDF83900DDF83D108D
:104C30008DF8283005AB03C3BDF841201A800CABBA
:104C400013E90F008DE80F0004AB0FCBF9F798FDC7
:104C50007EE70548074A02212CF099FE6FF0850097
:104C600076E700BFB8600020C4900600FB1A07007A
:104C7000C7A400202F1B070082B02DE9F041DFF808
:104C8000D48090B006AFC7E91023D8F800300646AC
:104C90000C46002B53D01B68002B50D01B68002BF8
:104CA0004DD07D1D20220021284632F0AFFF012388
:104CB0003B716368C7F81530A368C7F819307B6C7F
:104CC000C7F81D3097F8503087F82130216897F8E1
:104CD000583087F82230102228462BF0B0F80F28E1
:104CE00013D923686C468AB0164A0D95CDE90B237B
:104CF000154B0E9306AA154B42F8103F144800239B
:104D00004FF4215101F092FBA546D8F8003007F18D
:104D10001005D3F800C00FCD6C460FC495E8030012
:104D200044F8040B3B1D21700ECBDCF800403046EC
:104D3000A0472837BD46BDE8F04102B070476FF08C
:104D40001200F6E718110700000201030400000238
:104D5000C4900600B860002018B9034B1B780B7094
:104D600070476FF015007047C7A4002008B50648CB
:104D700002F04EFA30B10548054A01212CF0FFFD42
:104D80006FF0150008BD00BF014E0300C49006007F
:104D90004C1B0700014B1878704700BF4A190020D0
:104DA000B0B5134C00AF6D46237888B0114A059218
:104DB000114ACDE906236A46042342F8103F0F4802
:104DC00000234FF4045101F031FB23780B2BAD4647
:104DD0004FF0010008D8984010F4CD6F06D110F4C0
:104DE000016F0CBF01200020BD46B0BD0220FBE7D3
:104DF0004A190020611B070051610700C49006009A
:104E00000A2810B514D00B4C2070FFF7C9FF0228F8
:104E1000094A0BD121781378032908BF43F0010315
:104E20001370BDE81040054828F0F2BC0023F7E7F6
:104E300010BD00BF4A190020C8A40020B4120020F1
:104E400008B5FFF7ADFF02280ABF024B0020187813
:104E500008BD00BFC8A4002010B50C480C4C27F0BA
:104E6000FFFE206038B90B480B4A01212CF087FD6A
:104E70006FF0150010BD094B0949B02204F050FB3A
:104E800020682DF0FBFA0020F4E700BF6F1B07003D
:104E9000BC600020C4900600751B0700F0AA060045
:104EA0006861070038B504460D46FFF773FF0B280D
:104EB0000BD8DFE800F01E1E0A0A1E060A0A0A0ABC
:104EC0000A1EBDE8384002F081B94FF47672002323
:104ED000094828F0D3FA09482146006800232A46E9
:104EE00004F034FB044610B1034828F08DFA204644
:104EF00038BD6FF01204FAE72C1D0020BC600020C2
:104F0000014828F081BA00BF2C1D002008B54B884D
:104F100003F47F42B2F5007F0BD0B2F5407F05D09D
:104F2000084A09481B0A01212CF031FD6FF0850069
:104F300007E00548054ADBB201212CF028FD6FF09F
:104F4000150008BD3C510700C4900600911B0700E6
:104F500038B51D464B88144603F47F42B2F5807F76
:104F60000DD0B2F5407F07D01B02114A114803F45F
:104F70007F0301212CF00BFD6FF0850012E0DBB206
:104F8000012B09D0022B0ED00A480B4A01212CF02C
:104F9000FEFC6FF0150005E0FAF764FC09232860B9
:104FA0002360002038BDFAF761FC0D23F7E700BF4E
:104FB0003C510700C4900600911B070007B5064B43
:104FC0000093064906480A234FF4407228F026FC55
:104FD000002003B000BD00BF08AB060080B5002074
:104FE00070310020004870477031002008B5054A34
:104FF000054803212CF0C3FC03F0B2F82CF0E3FFCA
:10500000002008BDC81B0700C490060030B50A4C3C
:105010000A44914200D130BD11F8013B58400309C8
:10502000E35C83EA0013DDB2C3F30313E05C80EAC0
:105030000510C0B2EDE700BF186207002DE9F04F80
:10504000054691B0A8070E460492009340F0AC814B
:10505000002D3BD101F00706341DC6F10806049B64
:10506000DDF868A003F004030293049BC3F3C203BA
:1050700001330593009B00275A1E4FF004094FF09F
:10508000FF3301930397B846BB464B460DB10098DA
:1050900020600598002800F3C28091480099814261
:1050A00003D390488142C0F0BA8004994FF0000EBB
:1050B00001F0020C601B8008BCF1000F00F0B7800B
:1050C0007F2840F2B4806FF0150003E0072904D870
:1050D0006FF01B0011B0BDE8F08F2C1DBFE77A28E0
:1050E0005CD84B280FD8472858D829282ED82528EF
:1050F00051D053D8232818BF20280CBF4FF0010BE4
:105100004FF0000B74E04C382E2847D8DFE800F051
:105110007046464646464646464646464946464602
:1051200046464646465746494957575770496D4681
:1051300070461849184646827F49464649467F00D0
:1051400000204FF0000B4FF0040936E02A38C0B2BF
:10515000012101FA00F010EA0E0F49D110F0625C53
:105160002DD110EA010B43D06046013C4C44B4FB06
:10517000F9F409FB04F425B1A3EB050CA444B445F0
:10518000A6D8002800F088800598013805905AF8C4
:10519000040B00907AE70199013901914FF0000B5F
:1051A00026E012F8010C6C2836D112F8023C0020DF
:1051B0006C2B8346C7D14FF008094B46D5E70AF15F
:1051C000070A2AF0070A07349AED007B24F0070447
:1051D00035B106982044B0423FF67AAF84ED007BAB
:1051E0000AF1080A08344FF0000B4FF008094B464B
:1051F00012F8010F002868D0BBF1000F7FF46FAFE9
:105200002528F5D1019B013301934FF0010B4FF09D
:105210000409ECE7584694E700208346A5E7049983
:1052200089071CD54FF0010E4FF0020C42E7B8F190
:105230000F0F3FF648AFEDB108F140010DEB010C47
:1052400001990CF8200C0CF8101CBEF1000F0DD0C9
:1052500060F07F000CF8200C013708F10108C5F15F
:105260000801043406914FF6DA7EC1E70398013055
:105270000390F2E7BEF1000F01D00136EDE702998D
:1052800002360029E9D10098CDE90623F2F70AFC9D
:10529000DDE906230644E0E7042B08D10AF1040007
:1052A00015B1DAF80010216004348246A0E70AF153
:1052B000070323F0070303F1080A1DB193ED007BF8
:1052C00084ED007B0834082392E7631BB3F5806FFD
:1052D000BFF4F9AE45B9A6F10804E018FAE600BF3C
:1052E000F4840600586707009B0828602B70029B17
:1052F000B3B1039BEB70AF702FB108AB0022C5F1C7
:10530000010C90450FD1C5F101030DF120094FF0BB
:10531000000A01930DF1300BD04516D1601BD9E680
:10532000039B6B70E7E793F900E01878BEF1000F7C
:1053300008DA0CEB040EB6453FF6CAAE00F07F006B
:1053400004F8010B01330132DBE71FB199F90020AA
:10535000002A17DB029BD3B11AF80B2004F8012BAB
:105360000022019B18191044B0423FF6B1AE99F8E3
:10537000000004F8010B00990392204632F01FFC54
:10538000039A14440AF1010A09F10109C4E799F8E2
:10539000002055F822300093029B45F822300098F7
:1053A000F2F780FB421CDCE76FF00D0092E600BFD5
:1053B0002DE9F04F97B000AFC7E90A3205468A469B
:1053C00049B903784678807800EB83002844564535
:1053D00024D8A0EB050AD7F8803095F80280D7F8DA
:1053E000804003F001037B61EB787B62B8F1000F32
:1053F0000CBF002404F001041BB1D7F880309A07D9
:1054000015D4A4B9FB6A1BB1BA6A5146284698471D
:10541000564630465C37BD46BDE8F08F441C2046FA
:10542000F2F740FB013020440AF1010ACFE7D7F838
:105430008030C3F3C0033B622B78FB619B003B6170
:105440006B68BB61FB6905EB830BFB6A002B77D1B3
:105450005646D844BCB1FC6A1BF8013B55F8230002
:10546000F2F720FBD7F88430013043B1D7F8883009
:10547000A34282BFD7F8843023F814000134C34517
:105480000644E9D1D846D7F8803013F0050F0CBF99
:105490004FF0020B4FF0010B4FF000097B6A99456A
:1054A000B7D298F8013055F823A0AD4B9A4508F1D2
:1054B0000208C0F04981AB4B3A6A9A452CBF0023E1
:1054C00001230AB318F8021CB869FB622BF047FAF3
:1054D000FB6AC8B1EA468AB0A34B0593BB696A462A
:1054E000CDE906314FF40073ADF820309F4B42F800
:1054F000103F9F4800234FF4125100F097FF023EE7
:10550000D54609F10109C9E723B17B6933B9A6EB97
:105510000B06F6E7D7F880309B07F2D55046F2F736
:10552000C1FAD7F884304BB1D7F888309C423FBFDE
:10553000D7F88420431C22F8143001340644E0E7F5
:10554000002C63D1B8F1000F66D0D7F880305E0729
:1055500065D5C14607F148004246594632F02FFB57
:105560000BEB0803BB6000220233796A8A4258D3EE
:10557000D7F88030D7F8802095F801B09B0702F06B
:10558000050254BF4FEA59030023042A0CBF4A46C0
:10559000002204EB0B016970AA70EB70BA6A3969DA
:1055A000FB6A28469847061EFFF633AFFB692B704F
:1055B0007B6AEB704946BA6AFB6A85F801B085F8E8
:1055C000028007F148009847B0F10009C0F2B880A6
:1055D0003B697A6A786A03EB4201BB68BA6A414464
:1055E00003EB4000AAEB0101FB6A98470028C0F2D8
:1055F000A980B14409EB00064FF0000BA34568D326
:105600000021BA6AFB6A0846984702E7444607F158
:1056100038004FF000099FE74446C146A0E7A14685
:105620009EE713F8016C13F8021C55F82600F96088
:105630004B498842C0F08E804A498842396A2CBF63
:105640004FF0000B4FF0010B41B1F968B869C7E9A1
:1056500000322BF084F9D7E90032F0B9BBF1000F2A
:105660001ED0796949B1611C04F1280007F13004AA
:10567000041904F8206CCCB20FE0D7F8801048076A
:105680000BD509F1280007F1300C09F1010100EBFD
:105690000C0909F8106C5FFA81F90132023364E7F2
:1056A000D7F880108907DED409F1280107F1300C02
:1056B0008C44F9680CF8101C09F1010007F158013D
:1056C00051FA80F009F102095FFA89F900F8106CCB
:1056D000E3E707F1380313F80B20D7F8843055F8C7
:1056E00022A087F837203BB3D7F888309B4523D2D8
:1056F000D7F8843033F81B80BA6AFB6A012107F1BE
:1057000037009847B0F100091ADBB8F1000F06D155
:105710005046F2F7C7F900F101081FFA88F8BA6A93
:10572000FB6A414650469847002808DBB14409EB24
:1057300000060BF1010B61E74FF00008DCE7814642
:105740004E4666E6064664E63B6A002B3FF4E2AE50
:105750000023B7E6396A0029A2D04FF0000B74E7A6
:10576000F484060058670700DD1B070004000001F1
:10577000F48F0600014B1860704700BFC412002070
:1057800008B50446EFF31183202383F31288BFF397
:105790006F8F23F043FD204603F08AF802482BF078
:1057A000FFF82CF041FDFCE7911C07002DE9F047C4
:1057B000068B0446300790460CD501290CBF46F0F5
:1057C000100646F02006268388F31188BFF36F8FFA
:1057D000BDE8F087022906F0070640F08D802046DC
:1057E0002BF0F2FB05285FD801A353F820F000BF8F
:1057F000C9570300F9580300A95803006D58030066
:10580000855803009758030001F007035A1F012A27
:105810001DD80022062B256821F00701C4E90022CB
:1058200009D135B12B46628B013262831B68002B94
:10583000F9D141F00201218320462BF0C5FB4FF046
:105840000009002866D041F02001218362E0042B8A
:1058500009D121F00701218320462BF0B5FB10B1BF
:1058600041F0200121830025A94653E02369D3F8A4
:105870000090238B23F0070343F0060323830025C6
:105880002F4647E02369D3F80490238B23F00703C6
:1058900043F00403F2E72369D3F80890238B23F045
:1058A000070343F00503E9E70025A946E8E70122DD
:1058B00043F00803238388F31188BFF36F8F002A16
:1058C00036D1002D47D1B9F1000F02D02A49204628
:1058D000C847EFF31188202383F31288BFF36F8F3B
:1058E000238B23F008039BB22383D9063BD523F0F7
:1058F0001002228303F007066769218B002F83DAE9
:105900000023256821F00701C4E9003341F00101BB
:1059100021839946238B03F0070AB24502D0A2687F
:10592000002AC4D115B9B9F1000FDED00022BFE7BB
:10593000A1680029C5D00E680029C2D0D1F8048022
:105940003B4652462046C0471EB1336831461E468C
:10595000F2E73346FAE729463B46524620462D6891
:105960002BF05EFBADE79A067FF52EAF23F0200209
:10597000228303F0070632E74B1006002DE9F04FB3
:1059800004468BB000F11407384631F001FDA06ADF
:105990008368DB689847E06250B99B4A9B480121C5
:1059A0002BF0F8FC6FF0150528460BB0BDE8F08F22
:1059B000A06A8368DB6898470368013B1F2B01D905
:1059C000934AEBE7A06A216807AA2FF00EFD08B101
:1059D000904AE3E7A5892DB1089BB5FBF3F203FBE1
:1059E00012550DB18C4AD9E7E389012B01D88B4AB6
:1059F000D4E7E36A029593F805804FF0FF324FF049
:105A0000FF33384627F00AFCE06A08212BF0E6FC59
:105A1000A9460646E3891FFA85FA534545D8E38926
:105A20004B4500F0FF8053450BD1029908234246B5
:105A3000891B20462BF076FC18B902A920462BF0D2
:105A40009CFC02A920462BF0F1FC0546002840F002
:105A5000EB80029961604FEA11494FEA0949C4F8A5
:105A60000890A3688B420ED8082303AA20462BF087
:105A70004BFCC0B903AB1A78424534D10130082839
:105A800003F10103F7D1636802A96FF30F03204606
:105A900002932BF072FCA3890299424620462BF018
:105AA00041FC00283EDA0546BEE0A1892B04891B93
:105AB00013FA81F142460823204602912BF032FC72
:105AC00078B102A920462BF058FC09F1010902998E
:105AD0000823424620461FFA89F92BF023FC0028B0
:105AE0009DD0013596E703A920462BF080FCD4F821
:105AF00004A018B9AAEB06016160B2E7BDF810B0C6
:105B0000BDF80E10E06AC4F8089059442BF066FC0A
:105B100048445045A060EDD1BBF1000FEAD06FF0D2
:105B20001C0581E04DD063684FF6FF7906EB030852
:105B3000A389CDF808801FFA88F29B1B9A421BD3D9
:105B40003248374A03212BF025FC616820462BF0B0
:105B500023FC0028A7D16368A2896FF30F031344C5
:105B6000A3EB460363606FF30F03A36020462BF0A3
:105B700085FD00283ED096E7082305AA4146204629
:105B80002BF0C2FB00288ED105A920462BF02FFC5C
:105B900038B1BDF814304B4503D1BDF81830002B97
:105BA00065D0B044C4E75B1A424620462BF0BAFBEE
:105BB0000028FFF678AF08D0E26AA36812681344A1
:105BC000A360D4E901318B42EDD86168A38901EB70
:105BD00046029A42CDD1A2680B0C1B049A42C8D04F
:105BE00020462BF0D9FB00287FF45DAF63686FF38C
:105BF0000F03A360A389A288A3EB46039A4213D1A3
:105C000020462BF0F6FC4EE7CE1C07001490060051
:105C1000F01C07000D1D0700251D0700391D07009A
:105C2000AB1D07006FF02C05384627F06DFB002DEB
:105C30007FF4BAAE01232374A289E3891548009248
:105C40000321154A2BF0ACFE63689AB2009211480A
:105C5000124A1B0C03212BF0A3FEA3689AB20092F8
:105C60000C480F4A1B0C03212BF09AFE9CE60D4AB0
:105C7000084803212BF08EFB636802A96FF30F0322
:105C8000204602932BF079FB029920462BF084FBEF
:105C90006FE700BF149006005C1D0700731D07002E
:105CA000851D0700961D07002DE9F04F1E46037C59
:105CB00091B0CDE90021044653B9624A62480121FE
:105CC0002BF068FB6FF00C05284611B0BDE8F08F93
:105CD000C56A082128462BF081FBA3890290A3EB1B
:105CE0008003B342C0F0AA801EB1009B002B00F0DD
:105CF000A580314628462BF071FBD4F80480CDF8FE
:105D00001480074606AA05A920462BF0DAFB0546B3
:105D10000028D9D1BDF81830019A934207D0DDF898
:105D2000148063684345EDD1002E34D1CCE706A939
:105D300020462BF05CFB0028F1D0BDF81C3046B3A8
:105D4000B34228D14FEA1843BDF81A80DDF800B0FD
:105D50001B049844E36A1B685B4203F0200303932F
:105D6000B146039B4B4528BF4B4608AA41462046F7
:105D70009A462BF0C9FA00284AD1524608A958463B
:105D800032F0EEF838B9B9EB0A09D044D344E8D17F
:105D90009AE7002B98D0002F3DD1B8464FF0FF3244
:105DA0004FF0FF3304F1140027F038FAE3899D42E5
:105DB00041D0A168626808EB01039A4230D3019B8D
:105DC000ADF82030FF23009A8DF826302046334668
:105DD000ADF82210ADF824602BF0C0FB3146074629
:105DE000E06A2BF0FBFAA3680344A36057B908A844
:105DF0002BF0EBFA08A920462BF0EAFBB84214BFBF
:105E00000746374604F1140027F07EFA3D465BE76B
:105E1000C1DC054658E7029B1F441FFA87F8BDE71F
:105E200020462BF0FFFB20462BF028FC07460028DD
:105E3000E8D10135BAE76FF01B07E3E76FF015050E
:105E400042E700BFBA1C0700149006002DE9FF4787
:105E50001E46037CBDF830700446894690464BB917
:105E60002848294A01212BF095FA6FF00C0004B064
:105E7000BDE8F087C06A08212BF0B0FAA389A3EB34
:105E80004003B3423AD3656801954FF0000A02AA75
:105E900001A920462BF015FB0028E8D1BDF80830F9
:105EA0004B4506D102A920462BF0A1FA50441FFA17
:105EB00080FA019B62689A4219D0BA4515D9BDF89B
:105EC0000C30C3B1BA4516D3BDF80A10B3426FF314
:105ED0000F0528BF33464246294420462BF014FACA
:105EE0000028C4D1BDF80C00C1E71D46CFE7BDF8BE
:105EF00008304B45E3D06FF00100B8E76FF01500B4
:105F0000B5E700BF14900600BA1C07002DE9F04762
:105F1000DFF85080044607464FF0010994FAA4F5D3
:105F2000B5FA85F509FA05FA2E0108EB051524EAFC
:105F30000A042B7B63B158F806301B696BB94644E1
:105F4000042273682846196827EA0A072BF0A7FC81
:105F5000002CE3D13846BDE8F08728469847002852
:105F6000F6D1ECE7CC90060010B51049104888B087
:105F7000002231F093FD4FF4C0320023CDE9062317
:105F800000240E23CDE90334CDE90144094B0A492D
:105F900000944FF44072094827F05AFD0849074819
:105FA00031F008FC204608B010BD00BFC55F0300FB
:105FB00028370020DD62030000B90020583200209D
:105FC000D91D0700014827F01FBA00BF5C1D002043
:105FD0002DE9F84F8146244888462BF041FC0646BF
:105FE000002839D000252846BDE8F88FA4EB0B0324
:105FF00062681B1101331371237B7BB12368DB685B
:106000000BB12046984763689F7123681B69DBB911
:1060100063680422196820462BF041FC01361034D5
:106020005445E3D3B9F1000FDDD0002DDAD0284676
:10603000FFF76CFF0546B8F1000FF6D000214FF4D2
:10604000A47031F068FCF0E7204698470028DFD0C4
:1060500007FA06F31D43E1E7044CDFF814A00546F8
:10606000A3460127DCE700BFD0600020CC900600EB
:10607000DC900600014B53F82000704724AB06006B
:1060800008B530B1044A1060084600F025FC002035
:1060900008BD6FF01500FBE7C812002010B5044CD6
:1060A000237813B9034827F0AFF90123237010BDFB
:1060B000C9A400205C1D002010B504460B482BF03D
:1060C000CFFB5CB1BFF35B8F094B53E8001F013975
:1060D00043E80012002AF8D1BFF35B8F054831F086
:1060E000E9FC0548BDE8104027F08EB9C8600020E3
:1060F000CC600020283700205C1D0020064BBFF339
:106100005B8F002253E8000F43E800210029F9D1FA
:10611000BFF35B8F704700BFC860002070B5FFF70A
:10612000EDFF084C084D0646AC4200D370BD6368D5
:106130005B792BB123685B6813B1314620469847E1
:106140001034F1E7CC900600DC90060010B5044C4A
:10615000044920462AF04BFD034B1C6010BD00BFD4
:10616000181A002010AB0600C0600020084A094839
:1061700008B500231370084A1360084A4FF4004121
:106180001360FFF77DFFBDE80840FFF7DFBF00BFEA
:10619000CAA400205D180600C8600020CC60002062
:1061A00001460022014800232AF042BD181A0020AF
:1061B00001482AF0DABD00BF181A0020024B014640
:1061C00018682AF024BE00BFC060002001482AF0F1
:1061D00059BE00BF181A002070B5294B1878002846
:1061E0004DD0FFF7E5FF0546002845D1254B264C4D
:1061F0001B68002B19DD31F007FC4FF47A72A0FB0D
:10620000020302FB0131D4E90032C00B40EA4140F5
:10621000C01A4FEAD13140F2E93361EB02019842F2
:1062200071F1000101D3FFF779FFD4E9003213F5D2
:106230007A7342F10002C4E90032BDE87040FFF712
:10624000C5BF63685B7923B1236829461B68204674
:1062500098471034B442F4D32846FFF7AFFFBFF39A
:106260005B8F0A4B53E8001F013943E80012002AF4
:10627000F8D1BFF35B8FB9E7054C064EEAE770BD76
:10628000C9A40020C860002020370020CC60002076
:10629000CC900600DC90060070B50D4D297861B9F0
:1062A0000120FFF795FE0B4C0B4EB44206D3FFF7CF
:1062B00093FF0028FBD101232B7070BD63685B79CD
:1062C0001BB1236820469B6898471034EDE700BF58
:1062D000CAA40020CC900600DC90060000212DE925
:1062E000F8430846FFF774FE044638B340F2676689
:1062F000002727F06BFE1A4B186030B1194B1B6852
:10630000092B02DD184827F07FF8DFF8649000259C
:1063100044B12046FFF7FAFD044618B94FF0FF36A6
:106320004FF0FF37FFF758FF804628B9B5B90E4840
:1063300032463B4627F0A2F84546E9E74FF0FF36E4
:106340004FF0FF37D5E72B689B691BB10022114640
:106350002846984710354D45F5D3E8E7034DFAE751
:10636000C4600020CC6000205C1D0020CC900600A2
:10637000DC90060013B518482BF072FA174B1B7807
:1063800073B1EFF31184202383F31288BFF36F8F6F
:10639000FFF722FF84F31188BFF36F8F02B010BDA7
:1063A0000F4B1B68002BF9D050B900220023CDE918
:1063B00000230C484FF40042002328F0E3F8EDE7F7
:1063C0000928EBD1074831F075FB074802B0BDE85A
:1063D000104027F019B800BFCC600020CAA40020EC
:1063E000C4600020283700205C1D002010B5064B3B
:1063F0001B68044698472146A06004482AF096FC92
:10640000BDE81040FFF7B6BFC8120020181A0020E0
:10641000044A054B9B1AB1EBD30F34BF52F831003D
:10642000002070472C8F0600CC9006002DE9F04F1D
:1064300091B004AFC1F34A25F8607A61BB60884629
:106440000C0D002D5FD000264FF0040B07F11C0A45
:106450004FF00A093D61C7E90966FE62CDF808B050
:10646000CDF804A0CDF8009007F12403D7E904107B
:106470003246FEF79DFFB0F5006F03461CD37B69E3
:106480006C465B688AB02449CDE9091340F2FF737A
:106490000B9304AA4FF40073ADF830301F4B42F851
:1064A000103F1F4833464FF41251FFF7BFFFA54678
:1064B0003437BD46BDE8F08FC0F30A0504F117007C
:1064C000184420F0070080087B60FFF769FE04464F
:1064D00080B17B68134A00F11001C7E90A3679627E
:1064E000CDE901ABCDF80090D7E9041007F1240302
:1064F000FEF75EFF65F35328BB68F9684246204605
:106500002BF0ECF9D4E704F1170020F00700800825
:10651000FFF746FE0446EDE7EE1D0700040000010C
:1065200024900600B11806002DE9F04F87B0DDE990
:106530001278DDE9106905468A4614469B46BFB1CC
:106540001021CDF800803B464A460020CDF814804B
:10655000FEF774FDB0F5006F01460BD3194A1A48D7
:1065600040F2FF73022107B0BDE8F04F2BF00FBAE5
:106570003946384604F0070305F00704E40044EA0E
:10658000831444EA402406F11700084420F0070071
:1065900080080391FFF704FE44EA0654054640B123
:1065A0003FB10399CDF800803B464A461030FEF7D4
:1065B00045FD5B4622465146284607B0BDE8F04FF0
:1065C0002BF08CB92D1E070024900600406820B1E6
:1065D000034BC01A40F3CF0070474FF0FF307047B5
:1065E0002C8F06000EB403B503AB014653F8042B01
:1065F0000448019302F07CFC02B05DF804EB03B0A8
:10660000704700BFED190600CA0605D48B064CBFC3
:1066100002490349FFF7E6BF704700BF661E070047
:10662000651E07002DE9F04F89B0CDE905239DF8DF
:106630004C80149B179F0493DDE915A904460D4671
:10664000B8F1000F00F0AB8007F4807307932BF0D4
:1066500024F907F0020B024600286FD07449204647
:10666000FFF7C0FF0646BBF1000F08D017F0440F3C
:1066700066D170492A462046FFF7B4FF064407F06A
:10668000010353B16C4B6D4953F828206C4B2046E5
:10669000002A08BF1A46FFF7A5FF07F48073002BF6
:1066A00007F00803069D18BF0025002B74D0654B2A
:1066B000654953F828202046FFF794FF8346059B41
:1066C0002BB162491A462046FFF78CFF83442DB157
:1066D0005F492A462046FFF785FF83445D48B3445F
:1066E000049B1BB15C4922462AF008F9B9F1000F5E
:1066F00000F089804E46102E3946204628BF1026CD
:10670000FFF782FF0025AB4550DC00252B461AF829
:10671000032052492046FFF765FF0135102D4BD06D
:10672000690703D14E492046FFF75CFFB5422B466F
:10673000EDD34C492046FFF755FFEEE7064692E7BA
:10674000494B1868002899D0484B4FF47A7B1B6856
:10675000B5FBF3F54FF46163B5FBF0F100FB1155A8
:106760000BFB05F54FF03C0CB1FBF3F203FB1211F0
:10677000B5FBF0FEB1FBFCF300FB1E550CFB131147
:106780000BFB05F50091B5FBF0F53949CDE901E5C5
:106790002046FFF727FF71E707F0080B8FE7069BFE
:1067A000012B0CBF2B483348C34699E72C492046A0
:1067B000FFF718FF0135A6E72F4920460025FFF710
:1067C00011FF2B461AF803202C49A2F120035F2B5E
:1067D00028BF2E222046FFF705FF0135102D0DD0D2
:1067E0006A0703D11E492046FFF7FCFEAE422B4646
:1067F000E8D81B492046FFF7F5FEEEE7B9EB06099E
:10680000B2447FF477AFB8F1000F0AD0FB0704D58C
:106810000B4A0A492046FFF7E5FE39462046FFF7B6
:10682000F3FE204609B0BDE8F04F2BF0D2B800BF10
:106830006D1E0700711E070034AB06002818070004
:10684000681E070048AB0600961E07009C1E070046
:1068500027EB0600ED190600F18E0300A01E0700CD
:10686000A81E0700A61E0700D8600020D4600020E4
:106870007A1E0700231A0600AA1E0700AC1E070096
:1068800073B542F20F738B4228BF0B4605680F4A5F
:1068900004460521684627F0F7FE63680C495B68EB
:1068A00006460B2228462BF086F863683246694676
:1068B00028465B682BF07FF8636806495B681B22FB
:1068C00028462BF078F802B070BD00BFD201070057
:1068D0004462070028620700074A00210123904212
:1068E00006D8064A01B901231360054B18607047AA
:1068F00040085B000121F2E740420F00D460002015
:10690000D86000202DE9F341436812481C680DF15E
:10691000070165682BF0E7F830B99DF807100129E9
:1069200002D10C4800F030F801232B772568D5E917
:106930000136D3E900482F6824B96B681C6002B0A7
:10694000BDE8F081214630464246B847241A064445
:10695000F2E700BFAC870600F8B5074F0D460446C6
:106960004618B44201D12846F8BD14F8011BBB6893
:106970000148DB699847F4E7AC870600014B0360E8
:106980000020704790AB060070B544690D46002C9E
:106990003FD0244A2379565CB3423DD0224A525C10
:1069A0009A423CD1A3689847002814DA022D10D0EF
:1069B000032D0FD110F1860F0BD0BFF35B8F54E87E
:1069C000003F43F0020344E80032002AF7D1BFF34E
:1069D0005B8F267170BD022D267101D00020F9E772
:1069E000BFF35B8F54E8003F23F0040344E8003218
:1069F000002AF7D1BFF35B8FBFF35B8F54E8003FF2
:106A000023F0020344E80032002AF7D1BFF35B8F82
:106A1000E4E76FF05700DDE76FF07700DAE76FF03B
:106A20008500D7E7546207005062070070B5114B2C
:106A30001C680D4694B1104B196800238B4202DB91
:106A40006FF0010070BD224612F8106B864208D02C
:106A500001331446F2E72C600020F3E76FF00C00DE
:106A6000F0E7E06830F049FB0028F4D16FF0120045
:106A7000E8E700BFD412002090AB060010B588B044
:106A8000436802938368C068CDE903320A68002333
:106A9000CDE906230C4601AA044905932EF0A9FC72
:106AA000079808B9059B236008B010BDEB1B0600D2
:106AB000F0B40C4B0C4E5F6A0C4BB34203D36FF037
:106AC0008500F0BC70475D68BD4209D31C693CB1CC
:106AD00095F802C00579AC4502D12346F0BC1847B1
:106AE0002433EAE708610020FC1F0020B41F0020C7
:106AF0002DE9F047134CDFF85080DFF85090054641
:106B00000E461746444503D36FF08500BDE8F08775
:106B10006068D9F82430984212D3A36983B1817890
:106B20002A79914205D13A4631462846BDE8F047D8
:106B300018474279012A03D13A46314628469847F8
:106B40002434DFE7B41F0020FC1F00200861002070
:106B50002DE9F0410A4C0B4D06460F469046AC42DB
:106B600002D36FF0850009E063690BB92434F6E7BE
:106B700042463946304698470028F7D1BDE8F081B3
:106B8000B41F0020FC1F002010B504462EF0FDFAB3
:106B900010F1780F00D050B9054A20462BF060F86C
:106BA000D2F8C43023EA0003C2F8C430002010BD7C
:106BB00008610020024B00221A605A60704700BF33
:106BC000C361002070B50B4B0B4CA34201D30020D6
:106BD00070BD196A1E7F00220439D5B2AE4201D8B9
:106BE0002433F2E7013211F832508542F5D1012009
:106BF000EEE700BFB41F0020FC1F002008B50948C5
:106C00000378C3F341130A3350F823303BB100F14A
:106C1000080200F110019847C043C00F08BD184694
:106C2000FCE700BF0861002004282DE9F14FDFF8E0
:106C30009C900646884615D001282CD1214F97F804
:106C4000B93043B300F006FE1F4C4C4520D2D4F8B7
:106C500020B04FF0000A237F5FFA8AF5AB4204D8D8
:106C60002434F2E7FFF7A6FFE8E70BEBC5050AF1CE
:106C7000010A28792EF089FA024628792AF0F0FFD5
:106C8000D7F8C430002A23EA0003C7F8C430E2DA98
:106C9000002387F8B9300C4C4C4508D3094B1B6ACC
:106CA0006BB14146304601B0BDE8F04F1847E3688C
:106CB0001BB142463146204698472434ECE701B0E8
:106CC000BDE8F08F08610020B41F0020FC1F0020E9
:106CD00073B5C4B263060E468DF8074007D0204650
:106CE000FFF770FF78B10D4B93F8BA0058B10B4D18
:106CF000204656B11EF074FDEB691BB10DF1070182
:106D000008209847012002B070BD1EF09BFDEB6982
:106D1000002BF7D00DF107010920F2E708610020F0
:106D200073B585788DF80050037942791C4C43EA9D
:106D30000223ADF80230C378284603F003038DF830
:106D400004302AF08DFFD4F8C430184206460BD028
:106D5000284600F061FD2846FFF716FF30F024FDBD
:106D600010B9962027F0F0F868461EF00DFD10F1DE
:106D7000780F03D010B1002002B070BD9DF8000064
:106D80001EF09CFD10F1780F01D00028F3D1D4F84B
:106D9000C4300120334384F8B900C4F8C430EBE7B1
:106DA000086100202DE9F0479E4EB36904460F4666
:106DB00090466BB9237803F01F03012B00F0A180EC
:106DC000022B00F0058143B16FF01500BDE8F0879C
:106DD00098470028EED10020F8E794F90010627877
:106DE00099422FDA062A10D0082AD8F8001024D0A9
:106DF000002AE9D101230B704A7096F8C3305B007A
:106E000043F001030B70022321E16188080A021F8D
:106E1000012A0546D8D90728D6D8726AC9B214788B
:106E2000002CD1D05678AE4203D1994200F00981AE
:106E300001332244F3E7137809E196F8BA300B7076
:106E4000012304E1013A082ABED801A353F822F035
:106E5000E96E0300C96D0300F96E0300C96D0300FC
:106E6000756E0300C96D0300C96D0300C96D030091
:106E7000816E0300A0781EF047FC0028ABD0A3E78A
:106E800063883BB1FF27756A0020B8462B786BB941
:106E9000002899D0FFF78EFE638886F8BA30F36930
:106EA000002B98D060490320984794E76B78042B17
:106EB0000DD0052B0ED0022B06D16F796388BB4213
:106EC00008BF40F00100C0B22B781D44DEE795F802
:106ED0000380F9E76388BB42F6D1B8F1000FF3D124
:106EE0002846FFF71DFFEFE76388012B7FF46CAFA7
:106EF000002386F8C3306EE76388012B7FF464AF0C
:106F0000F7E796F8BA30002B3FF45EAF756AA388B6
:106F100094F804C02A46117800293FF455AF507800
:106F2000022804D192F804E0E64500F292800A4477
:106F3000F1E70A704A7038604DE7154497E00B2A74
:106F40007FF442AF00274FF0FF08C146BA4606E083
:106F50006B78042B0FD0052B21D02B781D442B7878
:106F6000002BF5D1F36913B1514607209847002F44
:106F70007FF431AF28E795F80280A38895F8039055
:106F80009845EAD163889945E7D1B8F1070F1CD835
:106F900006EB0803AA4683F8BB900127DDE7A38828
:106FA0004345DAD1A3784B450AD0AF78384600F094
:106FB00033FC3846FFF7E8FDB0FA80F77F09CCE7ED
:106FC0002846FFF7ADFE0746C7E7AA460027C4E7F5
:106FD00094F900206378002A19DA002B7FF4F4AECC
:106FE00025796B060AD02846FFF7ECFD00283FF410
:106FF000EBAE96F8BA30002B3FF4E6AED8F800407E
:10700000284621461EF03EFC00236370FBE6012B60
:107010000CD0032B7FF4D8AE6388002B7FF4D4AE62
:10702000012107E008610020C26100206188002979
:107030007FF4CAAEA088FFF74BFE00287FF4CBAEEA
:10704000C2E60228C8F800207FF4F5AE53883B6002
:10705000C1E694F9001062780029BFF670AFD8F845
:107060000010002A3FF465AF0A2A7FF4ADAE2A78FB
:10707000002A3FF4A9AE687804287FF45EAFA878B0
:1070800083427FF45AAF072B96BF9B19002393F8D6
:10709000BB30D4E613B5164C237DF3B9E268A16882
:1070A000019201AB80202AF0E9FD019AA368134404
:1070B000A360E3689B1AE3606BB962B12369E2885D
:1070C0009A4208DD94F8C82093FBF2F102FB1133D9
:1070D0000BB90123237502B010BD00231A461946CF
:1070E0008020237502B0BDE810401EF011BC00BF27
:1070F0000861002030B585B0002302460D4601939B
:10710000002857D1002934D108220DEB02012EF0BE
:1071100055F8A84204DA80201EF062FB05B030BDAD
:10712000294C029A2260039A626004F13802A2603C
:107130009DF90820BDF80E302575002AC4E90355D5
:107140000ADB802B04D980201EF04AFB0020E3E7F5
:1071500013B1C4E90333E1E7FFF750FD0028DAD0AB
:10716000E28823699A42D4BFE260E360FFF792FFAE
:10717000D4E7154CD4E90215002D01AB04DC2EF048
:107180001DF80028CADAC6E72A462EF017F80028AC
:10719000D9DB019AA3681344A360E3689B1AE360F8
:1071A000002BBBD104F13803A360FFF727FD0028B3
:1071B000DCD1B0E78028B1D1034BDA68002AD5D101
:1071C0001B7D002BD2D1A9E708610020044B93F866
:1071D000C3300BB12EF001B86FF00C00704700BF48
:1071E00008610020054B064A9A62064ADA62064A9E
:1071F0001A63064A58629A610020704708610020AD
:10720000A56D0300B16A0300516B0300F16A03002E
:107210002DE9F3410446454D45484FF0FF334FF00B
:10722000FF3225F0FBFF95F8B830002B78D16E6A5D
:1072300036B900F0CBF8FFF7D5FF6E6A002E66D0A6
:107240003C482C62E8611EF09BFC1EF02FFA041EE5
:107250005FDB00F021FB041E5BDB7378012B62D146
:10726000F379002B5FD00026684685F8C830ADF86A
:1072700002308DF804608DF800601EF085FA041E5F
:1072800047DB802768468DF800701EF07DFA041EEB
:107290003FDB294930461EF05FFC041E39DB2649DE
:1072A00038461EF059FC041E33DB244CDFF8908076
:1072B00044451AD300201EF001FB041E29DBD5F83B
:1072C000C430802043F00103C5F8C4301EF0F6FA44
:1072D000041E1EDBD5F8C43043F48033C5F8C43037
:1072E000012385F8B830002413E0276A0026227FA6
:1072F000F3B29A4201D82434DAE707EBC30257F815
:10730000331010791EF028FC01360028EFD04FF022
:10731000FF34074825F0F8FF204602B0BDE8F081B1
:107320006FF07704F5E76FF01504F2E708610020CD
:10733000681B0020296C0300F5700300B41F0020B7
:10734000FC1F002030B51F4B8BB005AA03F11005C0
:1073500018685968144603C40833AB422246F7D173
:107360001B7823701022002101A830F04FFC12225C
:107370000021154830F04AFC102101A82EF061F9D7
:1073800000281BDDADF105010F4A0828ACBF091824
:107390000831002011F8013F0AAC04EB131403F08C
:1073A0000F0328336B44013014F8144C13F8143CC9
:1073B00014700828537002F10202EBD102480BB09E
:1073C00030BD00BFFA1E0700CDA400202DE9F04F0C
:1073D000714B93F800B087B0BBF1000F03D06F483A
:1073E00007B0BDE8F08F6D4C00264FF0011AB04693
:1073F0003546B14623783BB9694B02349C42F3D100
:10740000654A01231370EAE76378052B05D8DFE8A6
:1074100003F08F07038F1F3BA14623781C44E9E745
:10742000402304A88DF810B0ADF812308DF814B0D8
:107430001EF07CF940B1082304A8ADF812301EF00C
:1074400075F908B1ADF812B0BDF81230E371E4E798
:10745000E378002BE1D1A3786BB108F101085FFA62
:1074600088F8DAE76B689C4207D024354D4B9D4283
:10747000F8D30020B4E74C4DF8E7AB68002BECD014
:10748000414620469847E8E7002DF2D000222B7FA6
:107490009A42EED2296AA07801EBC2010B79984298
:1074A00044D10127E07800F003008DF81400207922
:1074B00094F805C040EA0C20ADF8120094F90200DF
:1074C00000283B4628DA07F110004FF0010C0CFAB7
:1074D00000F010EA0A0F26D167F07F008DF8100047
:1074E00004A8CDE9021301921EF020F9DDE9012183
:1074F000039BC0B99DF81020A27012F0800F18BF36
:1075000010330A7118BFDBB24FF0010214BF9A406A
:10751000BA404AEA020A80E70120B84010EA0A0F9E
:1075200001D13846DAE70137102FBBD10132AEE77F
:10753000032E1AD1FFF706FF074650B1F0F7B2FA53
:1075400038B1102802463946A8BF1022A01C30F0DE
:1075500036FB23786FF002011A19091B04EB530361
:10756000D14212D50136F6B257E7002EF1D1B9F16A
:10757000000F3FF47EAFA4EB090389F802301B0A29
:1075800089F8033089F80480ECE702F801BC13F8AD
:10759000010902F8020DE3E7CCA40020F01E002050
:1075A000B21F0020FC1F0020B41F002010B5094BA3
:1075B00000211A461C78844205D15C681CB148231E
:1075C00003FB012010BD0131042903F14803F1D16F
:1075D0000020F7E7D46100202DE9F34150F8303C5A
:1075E00010F8346C103304460AD1036950F8282C83
:1075F000980736D5D2B9590715D5002344F8303C41
:1076000054F8303C10330BD054E9097554F81C8CF5
:1076100030F0CAF800284FD02E48214630F03CF810
:1076200002B0BDE8F08143F00403236154F82C1C40
:1076300001AB30462AF022FB10B16FF01503DDE7F5
:10764000019A54F82C3C134444F82C3C54F8283C40
:107650009B1A44F8283C54F8243C134444F8243C36
:10766000CEE754F82C1C01AB30461EF0D3F90028AD
:10767000E3D1019D54F82C3C2B4444F82C3C54F8A5
:10768000283C5B1B44F8283C54F8243C2B4444F829
:10769000243C002DB1D030461EF078FAB5FBF0F353
:1076A00003FB1055002DA8D154F8283C002BA4D082
:1076B00030461EF003FAA3E744F8200CA4F11800AA
:1076C00025F0A2FE002DABD0424639463046A847F1
:1076D000A6E700BF603700204B1E012B73B506469E
:1076E0000D460FD8FFF762FF044668B9012D09D196
:1076F00001AB01220DF1030130461EF08BF9019B15
:10770000002BF5D102B070BD30F04EF804F1340119
:1077100008B1012D05D1084602B0BDE87040FFF761
:107720005BBF034802B0BDE870402FF0B5BF00BF9B
:10773000603700202DE9F74F8046009117469946A3
:107740002AF0E4FA00285DD1EFF3118A202383F3B5
:107750001288BFF36F8F2D4906460022084600238A
:10776000019125F08BFE019968B9DFF8A8B0482295
:1077700072430BEB0204656815F1100F12D1084635
:1077800025F042FE06E00136042E01F14801E4D165
:107790006FF00B058AF31188BFF36F8F284603B093
:1077A000BDE8F08F0BF802800C9A009B62610D9A85
:1077B0002061A26140466FF00F02C4E90237C4F8AD
:1077C000449062601EF0E2F958B140461EF0DEF9C6
:1077D000B7FBF0F202FB10771FB1626C42F00402BB
:1077E000626419F0020F08D0482202FB06B1084873
:1077F00034312FF051FF0025CCE740461EF05EF9F2
:107800000546C7E76FF00F05C8E700BFF06100202D
:1078100060370020D461002010B5EFF311842023DD
:1078200083F31288BFF36F8FFFF7C0FE50B1436838
:10783000103307D16FF08B03436000F1340104482B
:107840002FF02AFF84F31188BFF36F8F10BD00BFA4
:1078500060370020F8B50E4C04252027EFF3118681
:1078600087F31288BFF36F8F6368103307D16FF00F
:107870008B030848636004F134012FF00DFF86F399
:107880001188BFF36F8F013D04F14804E6D1F8BDC4
:10789000D46100206037002038B5094C0025094923
:1078A00020462FF0CFFE0122A4F118001146013529
:1078B0002FF04FFE042D04F14804F0D1002038BD14
:1078C00008620020D97503000169012381F84B305B
:1078D0000B6833B191F849301BB1024808312FF0E1
:1078E000DBBE7047603700200169012381F84A3010
:1078F0000B6833B191F848301BB1024808312FF0C2
:10790000CBBE70476037002070B50569EFF3118674
:10791000202383F31288BFF36F8FD5F8900029F0EE
:10792000B1FC044686F31188BFF36F8F30B1044871
:107930000022002305F1180125F0AEFF204670BD9E
:107940006037002070B5012382F8483013680D4677
:1079500014463BB192F84A3023B10E4802F10801B7
:107960002FF09AFED4F890309A681B699A420AD197
:107970007DB904F1180140F6CD42BDE870400548DC
:10798000002325F089BF002DF3D004F11801002257
:10799000F3E770BD6037002070B504460E460179EC
:1079A000154815462AF08EF910B394F90020637833
:1079B000002A16DB202B04D0222B0ED06FF085007E
:1079C0000AE02B681A6840F8102C9A8820F80C2CD2
:1079D0009B7900F80A3C002070BD638800F8093CE0
:1079E000F9E7212BEAD11038072328603360F2E74A
:1079F0006FF01200F0E700BFF462002008B5014606
:107A000003482AF06DF910B1012300F8073C08BDC6
:107A1000F46200200D4A03460021A0F848101068C7
:107A2000C3F8940090889279A3F8980083F89A207C
:107A300083F89C1083F89B10A3F89E1083F8A01085
:107A4000402203F14C0030F0E1B800BFF092060094
:107A500010B504690023C4F8A8300C4BC4F8A40086
:107A6000596804F1A80269B9C3E9002204F10800C9
:107A700007492FF0E7FD04F1180006492FF03DFEFD
:107A8000002010BD0A605A60F0E700BFF4620020D9
:107A9000351D0600517B030030B54FF400334268BA
:107AA00005690D4C85B042F2A100CDE90103002328
:107AB00085F89D30106AADF80C1000790A2201A9F2
:107AC0002AF0DCF895F89D3023B901202FF010FB47
:107AD000013CF7D105B030BDA186010073B5046942
:107AE0008DF80710002384F848302025EFF3118625
:107AF00085F31288BFF36F8F0122D4F890000DF147
:107B0000070129F0BFFB86F31188BFF36F8F0128AF
:107B100007D02FF049FE68B10B4B1A780AB9012241
:107B20001A702122002304F11801084825F0B4FE40
:107B300002B070BD94F8A130002BEDD000212120BF
:107B40002FF0E9FED2E700BFDFA40020603700205D
:107B5000F0B5D0F88C305B681B6A1E7D85B0054699
:107B600030462AF0D3F8074648BB95F8863033B341
:107B7000A86F0146836851F8102F9B1AB3F5806FE8
:107B800028BF4FF4806303AA29F034FB0446B0B148
:107B90008206A5F1180308BF00F1FF3485F83070A4
:107BA0000193084B03990093224602233046FFF7C6
:107BB000C1FDA86F224600F1100129F04DFB05B070
:107BC000F0BD00BF4579030037B514460A1E0546CF
:107BD00020DDD4F88C0004F14C0129F053FB012383
:107BE00084F8493023683BB194F84B3023B11148F5
:107BF00004F108012FF050FDD4F88C104B684A694D
:107C00009A1ACB699B1A3F2B04D8012384F8A03021
:107C100003B030BD94F89E30002BF9D0064B009392
:107C200001940123402204F14C012846FFF782FD14
:107C3000EEE700BF60370020C97B030073B50D4637
:107C400001461D482AF032F8044610B3691EA0F11F
:107C5000A40605291DD8DFE801F01E1C031E2428F8
:107C600010F8061CA9B903685D68012300F8063CFA
:107C70002B6A3246187BFFF7A7FF14F85C2C42B939
:107C80002B6A187D0D4B0093019602231146FFF7D6
:107C900051FD02B070BD304602B0BDE87040FFF744
:107CA000B9BE012304F8053CF3E710F8053C002BAE
:107CB000EFD00023F6E700BFF4620020457903000F
:107CC00013B500240749084800944FF0FF334FF4E0
:107CD000806225F0A3FD054903482FF06BFD204687
:107CE00002B010BD80BC0020603700201E1F0700BE
:107CF0001FB507240294044C0194BDF81840009469
:107D000008F084FB04B010BD4B19002010B5084CDE
:107D100086B024788DF81740012402940DF11704E1
:107D20000194BDF82040009408F070FB06B010BD2F
:107D30005219002080B50D4A0D4B00AF012908BF34
:107D4000134688B00B4ACDE905234FF400736A4609
:107D5000ADF81C30084B42F8103F084800234FF4A0
:107D6000E651FEF763FBBD4680BD00BF3F4A0700FA
:107D7000000F0700E419070003000001348F06001C
:107D8000014B1878704700BF5219002000B589B028
:107D900064288DF8070018D80D4B182218700021A0
:107DA00002A82FF033FF0B4B03930DF1070304934D
:107DB00002A901230020ADF8143009F00BF810F1EE
:107DC000800F08BF002009B000BD6FF01500FAE772
:107DD0005219002074AC06002DE9F0410E4B1C68CE
:107DE00006460F469046A4B14FF0FF324FF0FF33E6
:107DF0000A4825F013FA63683A469D6831464346BF
:107E00002046A8470446054825F07EFA2046BDE8EE
:107E1000F0816FF00104F9E7FC620020541B0020A0
:107E200000230360044B5A6812B9C3E9000070478D
:107E300010605860704700BF00630020014B18605D
:107E4000704700BFFC62002030B585B000230546B6
:107E5000CDE9023301904FF0FF330C484FF0FF3271
:107E600025F0DCF90A4B1C6834B1636820461B68B6
:107E700001A998472468F7E7284600F013F904465B
:107E8000024825F041FA204605B030BD541B0020C1
:107E9000006300201FB5CDE9010103924FF0FF33CD
:107EA0000A484FF0FF3225F0B9F9094B1C6834B18C
:107EB000636820461B6801A998472468F7E70348D0
:107EC00025F022FA204604B010BD00BF541B00204C
:107ED00000630020024B0022C3E90022704700BF6C
:107EE00000630020024B0022C3E90022FFF7F2BF2B
:107EF00008630020F8B51B4C1B4D06460F46AC42EC
:107F000012D31A4D1A484FF0FF324FF0FF3325F0CD
:107F100085F92C687CB1306854F8181C183CEFF7D0
:107F2000AFFDC8B1A469F5E721683068EFF7A8FD97
:107F3000A8B11834E3E777606A68B46106F1180302
:107F40003AB9C5E900330024094825F0DDF9204697
:107F5000F8BD13606B60F6E76FF01004F4E76FF0A4
:107F60001004F4E7DC9006009C91060008630020F2
:107F7000541B00202DE9F74307460D4609B10023A5
:107F80000B601F4CDFF8809000264C450FD31D4B33
:107F90001C6884B354F8188C01AA41463846183C32
:107FA0002AF01BF810B3D6B915BB26461EE0D4F84C
:107FB000008001AA414638462AF00FF850B116B9A0
:107FC00055B9264606E03168002240462AF005F8F9
:107FD0000028F5D11834D8E7019B2B60F1E7316810
:107FE0000022404629F0F9FF0028DDD1A469D0E73E
:107FF000019B2B60D9E7304603B0BDE8F08300BF9A
:10800000DC900600086300209C9106002DE9F047F3
:1080100084B002AF0546BC6A78600E469046994629
:1080200034B1216831BBD4F804A0BAF1000F28D1D3
:10803000391D2846FFF79EFF08B3C46878684B4691
:1080400042463146A047D0B16C468AB0124B0990E7
:10805000CDE9073502AA4FF40073ADF828300F4B75
:1080600042F8103F0E4800234FF41151FEF7DEF99D
:10807000A54604E03A1D29F0B0FF0028D3D1002026
:1080800006E0A368009378684B4642463146D047E5
:108090000837BD46BDE8F087441F07000400000113
:1080A0008C9006002DE9F047DFF8AC90DFF8ACA02B
:1080B00080464FF000470026264C3D464C450DD3E8
:1080C000DAF80040002C40D0183CB8F1000F24D161
:1080D000226952BBA469F5E72F46EDE7B8F1000F1E
:1080E00003D122694AB91834E8E7206800224146E2
:1080F00029F073FF0028F4D1F5E76368BB4206DD81
:10810000AF4202D0AB42A8BF2B461D46EBE7EAD1F7
:108110009047002E08BF0646E5E72068002241464A
:1081200029F05BFF0028D3D1D4E76368BB4206DDAA
:10813000AF4202D0AB42A8BF2B461D46CAE7C9D109
:108140009047002E08BF0646C4E7AF42C4D1304670
:10815000BDE8F087DC9006009C91060008630020D3
:1081600038B50C4D0C484FF0FF334FF0FF3225F07F
:1081700055F82B7863B9FFF7B5FE00F069F80446AF
:1081800008B901232B70044825F0BEF8204638BDFD
:108190000024F8E7E0A40020541B00202DE9F04360
:1081A000048F99B007468846013400F10806651E21
:1081B000ADB2B5F5004F47D04A2305AA294630464F
:1081C00029F033FB04F57F543F34A4B281462146A5
:1081D00001230DF10B02304629F027FBB9F1000F06
:1081E000014610DC002810DC3B8FAB4209D13A4637
:1081F0006B1E22F8383F4FF4004102233046FDF752
:1082000053FD2C46D3E7002808DC2946304629F0E8
:1082100008FB2146304629F004FBE5E709F160033D
:108220000DEB0309002309F84C3C084ACDF8008007
:1082300003AB05A80396ADF81040FFF7E7FE002852
:10824000DFD019B0BDE8F0830020FAE7492006002E
:108250007FB50123694602200193FEF7E7FB044640
:1082600060BB02AA01A9022029F0E1FC044610B17A
:1082700010F10C0F22D10399B1F5803F21D2009A61
:108280000023946818460844844202D30133082B23
:10829000F9D10D4DA982EB825368AB602846D368B3
:1082A000EB6329F073FF044640B9084E6E60284620
:1082B000FFF7B6FD28466E60FFF7C0FD204604B00C
:1082C00070BD6FF02004F9E7106300209C130020BC
:1082D0002DE9F84F804600AF0C46002963D0E946EF
:1082E0008AB0D1E90012A3686D4638486E464FF057
:1082F000050ACDE90501CDE9072346F810AF34485A
:10830000324600234FF42151FEF790F8CD46D4E9D0
:1083100003126369AD462F48C5F810A0C5E90501F1
:10832000C5E907232A48002332464FF42151FEF7BE
:108330007DF8CD46E369284A2548DFF8ACB0012135
:1083400029F025FB264600254FF00A0AE946D6E922
:108350000801D6E90A238EB00790681CCDE9080110
:10836000A91CCDE90A12EA1CCDE90C236A46CDE925
:1083700005B542F810AF1648002345F24001043518
:10838000FEF754F8102DCD4606F11006DED1236E0F
:10839000124A0F48012129F0FAFAA369104A0C4841
:1083A000012129F0F4FAB8F1010F07D1EFF30583A9
:1083B0000C4A0748103B414629F0E9FA214640465D
:1083C00024F088FCBD46BDE8F88F00BF691F070098
:1083D0005C900600981F0700C71F070019200700C0
:1083E0002820070056200700D61F070030BFFFF7E0
:1083F000FDBF00BF054B9A699B689A421FBF044AA4
:10840000536843F080535360704700BFCCA20020F4
:1084100000ED00E010B5204C2049214829F0F5FE80
:10842000A36A990136D51E481E4929F0EEFE1E208A
:10843000A36ADA0104D51A481B4929F0E6FE1F2079
:10844000154CA36A1B0304D51548184929F0DDFE15
:108450002120A36A590304D51148154929F0D5FEF6
:1084600022200D4CA36A9A0304D50D48114929F026
:10847000CCFE2320A36ADB0304D509480E4929F06A
:10848000C4FE2420044A936A6FEA03436FEA13434D
:10849000936210BD1D20CBE700ED00E069200700CE
:1084A0005C9006008120070094200700AE200700A2
:1084B000CC200700F12007000B21070070B5294CE4
:1084C00006460D462848294929F09FFEA36AD9048B
:1084D0003CD52548264929F098FE1720A36A1A059D
:1084E00004D52148234929F090FE18201D4CA36A89
:1084F0009B0512D51C48204929F087FEA36BA26A70
:10850000100409D51D4A1848012129F040FA1EB16E
:10851000A36A23F40043A3621920124CA36A5905ED
:1085200004D51148164929F070FE1A20A36ADA050D
:108530000ED50D48134929F068FE1B20094A936A9D
:1085400043F47F43936200232B7070BD1620C5E770
:10855000A36A9B04F2D504480B4929F056FE1C205F
:10856000ECE700BF00ED00E05C900600362107005C
:108570004C2107005D2107007021070089210700B9
:108580009E210700B9210700D12107002DE9F843FA
:10859000364D8046894636483649174629F035FE1D
:1085A000AB6ADE0627D53449314829F02EFE112466
:1085B000AB6A1D0704D531492D4829F026FE122447
:1085C0002A4DAB6A980718D52D49294829F01DFE78
:1085D0006E6BAB6A190646D52A4A254833460121F7
:1085E00029F0D5F9B9F1000F03D0AB6A23F080036D
:1085F000AB62132403E01024DAE76FF015061B4D7D
:10860000AB6ADA0704D52049194829F0FEFD142485
:10861000AB6A9B0604D51D49154829F0F6FD1524C3
:10862000124B9A6AD50602D49A6A90070AD55B68FB
:10863000190507D54146304600F07AFA10B180F3AB
:1086400009880224094B9A6A920642BF5A6A22F4A8
:1086500000525A629A6A42F0FF029A6200233B700B
:108660002046BDE8F8836FF01506C2E700ED00E094
:108670005C90060000220700162207005D2107001B
:10868000492207006122070077220700D121070055
:108690002DE9F041624B9CB0D3F8048000AFC8F3E1
:1086A0000804002686F31188BFF36F8F02F07F4322
:1086B000B3F17F4F07D1150716D5500712D459498A
:1086C000594829F0A2FD002635460023FB71E31E20
:1086D000092B00F28480DFE803F00A7A7D7682823B
:1086E000828282800D46F0E705460126EDE74F497C
:1086F0004D484B4C29F089FD0023FB71E36A9A0732
:1087000005D54B49484829F080FD002429E0E36A5B
:10871000002B01DA4749F5E7E36A5B00F5D54649E6
:10872000414829F072FD6369AA6943F4807363616B
:10873000BFF34F8FBFF36F8F636932F8022C23F4BE
:1087400080736361BFF34F8FBFF36F8F4DF602737A
:108750009A4222D12B68394A3348012129F017F96E
:108760002C68FB79ABB96822294607F108002FF085
:1087700026FA7B6A002E4FD0C3F3080222B96FEAB3
:1087800053236FEA43237B6207F108012046FFF77A
:108790009FFD7037BD46BDE8F081A36ADBB22BB107
:1087A000FA1D01212846FFF7F1FE0EE0A36A13F43B
:1087B0007F4F04D0F91D0120FFF780FE05E0A36A7A
:1087C000B3F5803FA1D3FFF725FE0446C9E7FA1DA4
:1087D0000021E7E7F91D0020EEE7194992E7194A61
:1087E000194B18F4F87F08BF1346E8468AB0174AB9
:1087F000CDE905234FF400736A46ADF82030103CF4
:10880000134B079442F8103F074800234FF41151CF
:10881000FDF70CFEC54678E76FF30803B3E700BF2A
:1088200000ED00E0C42207005C900600EF22070084
:1088300006230700272307003523070054230700DA
:108840007023070096220700AB220700942307003D
:1088500004000001044B5A6942F010025A615A693F
:1088600022F008025A61704700ED00E0EFF3088043
:10887000EFF3098101B57246FFF70AFF01BD00BFA2
:1088800020F0DEFE202080F3118808484FF40861B4
:10889000401880F30988EFF314800221084380F325
:1088A0001488BFF36F8F00F0CBF8000080E3002046
:1088B000BFF34F8F0549064BCA6802F4E0621343C9
:1088C000CB60BFF34F8F00BFFDE700BF00ED00E0BE
:1088D0000400FA05084B9B6883420BD1EFF3058334
:1088E00043B1064B5A6842F080525A605A6A22F4E9
:1088F00000425A6225F070BBCCA2002000ED00E0DF
:1089000021498A6882F8C1E04FF030001044EFF34B
:10891000098C80E8F01F1EF0100F03D102F18000D7
:1089200080EC108A202080F31288BFF36F8F174FDE
:108930004FF000668A698A603E6092F9C1E0906FEC
:108940000023936780F311881EF0100F03D00023DB
:10895000E1EE103A03E002F1800090EC108AEFF3B0
:10896000148323F0040383F31488BFF36F8F04B5DB
:10897000104600F061F9BDE8044002F1300090E8D3
:10898000F01F8CF309887047CCA2002004ED00E0B2
:108990001EF0040F0CBFEFF30880EFF3098081692C
:1089A00011F8021C0229FFD001B5724629F022FC01
:1089B00001BD00BF40B2002807DB044A4109012382
:1089C00000F01F00834042F82130704700E100E0D2
:1089D00040B200280CDB4309064900F01F00203399
:1089E0000122824041F82320BFF34F8FBFF36F8FE6
:1089F000704700BF00E100E0054B420900F01F0096
:108A000053F82220012303FA00F01040704700BF02
:108A100000E100E040B20028ACBF00F16040074B2D
:108A200001F10101ACBF00F5614000F00F004FEA19
:108A30004111B4BF195480F80013704714ED00E0E1
:108A4000144A08B5144B22F07F029A60BFF34F8F8F
:108A5000BFF36F8FD3F8882022F47002C3F8882008
:108A6000D3F8882042F4A002C3F888204FF0404297
:108A7000C3F83422BFF34F8FBFF36F8F0023E1EEB3
:108A8000103A24F00DFA25F0DFFB29F0E9FB24F081
:108A900049FA00BF0070020000ED00E042F8203CFF
:108AA000009B42F81C3C019B42F8183C0A49029B7F
:108AB00042F8143C4FF0807342F8043C21F001016D
:108AC000002342F8081C203A83674FF47D43026577
:108AD000C0F8C030704700BFBB090600037B13F02D
:108AE000020F124B03D190F8C120D20611D45A6B59
:108AF00042F080425A63D0F8C03019075CBF43F09F
:108B00000803C0F8C030037B43F0020303738020E6
:108B100070475A6B22F080425A63D0F8C0301A076F
:108B200044BF23F00803C0F8C030F0E700EF00E0D6
:108B3000094B0246986870B112F1160F806E05D08D
:108B4000A0F18003934205D8824203D2814228BF1C
:108B50000020704700207047CCA20020104B9B687B
:108B600083421AD1EFF30580B8B9EFF311812022C7
:108B700082F31288BFF36F8F1A7B22F002021A73FE
:108B8000EFF3148323F0040383F31488BFF36F8F90
:108B900081F31188BFF36F8F70476FF01500704736
:108BA000CCA2002008B50E4615460023E1EE103A8F
:108BB000EFF3148323F0040383F31488BFF36F8F60
:108BC000BFF36F8F074B986000F036F82C4686F3A2
:108BD00009880020044B98472046002100220023EA
:108BE000024C2047CCA200201B220600BB09060035
:108BF000014B10221A61704700ED00E008B5EFF359
:108C00000583064A103B02EBC30152F83300496862
:108C10008847BDE80840FFF7EDBB00BF848B060026
:108C2000024B034A0348012100F090B800000420E1
:108C300000000020C4AC060010B50446FFF74EFF4C
:108C4000A26E064B121AC3E90020054A9A60BDE8DD
:108C500010400121184600F083B800BF5063002087
:108C600000000B1508B503461048D0F89020C2F359
:108C70000722013A934207D90D480E4A012128F0F4
:108C800086FE6FF0150008BDC0F898300A6822F023
:108C90001F021A4342F01002C0F89C208A6842F07A
:108CA0000102C0F8A0201846EDE700BF00ED00E08B
:108CB0003C900600AB230700F0B50E4685B01F467A
:108CC00004460025B5420DDA606810B397B1431E23
:108CD00018420AD0104A11482B46012128F057FEAD
:108CE0006FF01502104605B0F0BD7F28F2D921685B
:108CF0000B42EFD12368019329F0BEFAA16801432A
:108D00000391D0B201A9FFF7ADFF10F1160FE7D024
:108D1000421C01350C34D5E7D12307003C900600F6
:108D2000044B0522C3F89420BFF34F8FBFF36F8F1E
:108D3000704700BF00ED00E0BFF35F8F024B0022E1
:108D4000C3F89420704700BF00ED00E010B5034C5D
:108D500001232278FFF7B0FF207010BDE1A40020AE
:108D600008B50B4A00231278FFF7A6FF10F1160F83
:108D700007D0084A0021D2F89030C3F30723984265
:108D800000DB08BDC2F89800C2F8A0100130F2E77D
:108D9000E1A4002000ED00E0F0B55249524CD1F8BA
:108DA00090302068C3F30723984285B000F2978083
:108DB000FFF7C2FF64680022904215D14B4C20702F
:108DC0006846FDF7DBFD00250646AE421FD123783D
:108DD00044490020D1F89020C2F30722934278DB67
:108DE000FFF79EFF00204AE0C1F8982054F80C3BA2
:108DF00023F01F03134343F01003C1F89C3054F8D1
:108E0000043C43F00103C1F8A0300132D4E70098DC
:108E100000EB05112F01CB686FF31303B3F5000FBF
:108E200043D00AD8B3F5001F2BD0B3F5800F32D052
:108E3000B3F5801F0FD00135C7E7B3F1807F3CD079
:108E4000B3F1007FF7D1C35988684A6829F014FA52
:108E500040F4802008E0C35988684A6829F00CFA79
:108E600040F0885040F43020039001A92078CDE9EB
:108E70000123FFF7F7FE002827DA6FF0150005B091
:108E8000F0BDC35988684A6829F0F6F940F0885067
:108E900040F40020E8E7C35988684A6829F0ECF9F3
:108EA00040F0007040F40030DEE7C35988684A683B
:108EB00029F0E2F940F08270D6E7C35988684A6821
:108EC00029F0DAF940F08870CEE723780133237077
:108ED000B1E7C1F89830C1F8A00001337AE74FF04C
:108EE000FF30CCE700ED00E0D0AC0600E1A40020AC
:108EF000F0B587B007460E4614460021102268469A
:108F00001D462EF083FE02238DF802302A46054BC3
:108F1000019321466846CDE9047625F0A5FC07B00B
:108F2000F0BD00BF9922060008B5024B1B689847A8
:108F3000002008BD5C630020034B044A186093784E
:108F400043F00203937070475C630020B01300206D
:108F500008B50649064821F00701C1F1005202F5A3
:108F6000802227F095FC002008BD00BF4B20012087
:108F70006063002003484FF0FF324FF0FF3324F0CE
:108F80004DB900BFC0130020014824F0BDB900BF97
:108F9000C013002038B50546FFF7ECFF07482A4606
:108FA000082127F00CFC044620B91DB129F07AF9FC
:108FB0000C230360FFF7E8FF204638BD6063002004
:108FC00010B50446FFF7D6FF2146034827F0C0FB43
:108FD000BDE81040FFF7D8BF6063002070B541695D
:108FE000867A0B4D044659B1437ADB0706D42C230D
:108FF00003FB06535B6A1B689B6898470023636109
:109000002C20214600FB0650BDE870402EF094BA9B
:10901000BC1D0020024B2C2202FB0030704700BF19
:10902000BC1D0020827A064B2C2101FB02339A6A78
:109030001B7F1B33801A23F00303B0FBF3F0704750
:10904000BC1D002038B5074B827A2C2404FB023368
:109050005B6AD3E901240C601568FFF7E3FF04FBAA
:10906000005038BDBC1D00202DE9FF4D0546684667
:10907000039192469B462EF0C9FCDDE90067EFF3B1
:109080001188202383F31288BFF36F8F6B8B002B23
:1090900041D02A8B9A4225D900220023284624F069
:1090A00083F90446F0B188F31188BFF36F8F039BF7
:1090B000002B41D032463B4668462EF0CFFCA27AC8
:1090C000264B2C2101FB023320465B6A1B6803A957
:1090D0001D68DDE90023A847606170BB2046FFF7EB
:1090E0007DFF24E0698B4B1E6B8388F31188BFF3EF
:1090F0006F8F2B7F2A8BAC6A1B3323F00303521A2A
:1091000002FB0344154B164AEB1A9B105343A37200
:109110002B7FE372CBE788F31188BFF36F8F524642
:109120005B46284624F040F904460028BFD10024BD
:10913000204604B0BDE8F08D636101230025238142
:10914000039B6382E27A6560294604F118002EF0E1
:109150005DFD63692582E360EAE700BFBC1D002076
:10916000A38B2EBA70B50C4C2C2500B970BD037AB8
:109170004668013BDBB20372002BF7D1C36043604A
:10918000837A05FB03431B6A13B198473046ECE72B
:10919000FFF724FFFAE700BFBC1D00202DE9F84FC0
:1091A00081460F469046064631467668002EFBD132
:1091B000DFF874B04FF02C0A01F10C04204629F0BE
:1091C0004FF9874218D3204629F04AF985B22A463A
:1091D0004146204629F0FDF87F1B2E4420D00C9BF1
:1091E00063B1DDE90A010D9A98470146C0B14846CE
:1091F000A84429F0BBF8DFE73846E7E799F80A000A
:109200000AFB00B0436A9B6843B1BB4228BF3B46A0
:109210001946DDE90A23FFF727FFE6E73946F8E7B5
:109220003046BDE8F88F00BFBC1D00200C4B01226A
:10923000C3F840254FF080434FF08051C3F87825A4
:10924000D1F83001082805D1D1F83411022908BF1E
:10925000C3F838260122C3F880250020704700BFDC
:1092600000E0014020B1034B800143F001031847A7
:10927000704700BF3093060008B504482DF03DFF4D
:1092800000280CBF6FF01200002008BDC487060044
:1092900010B5064B9A6814688AB201461846A04772
:1092A0000028B4BF6FF00400002010BDC487060082
:1092B00070B504460D4601460B4828F011FD38B93B
:1092C0000A4A0B4823460221BDE8704028F05FBBE4
:1092D000022D08D150F8083C2BB11B691BB1BDE829
:1092E00070400068184770BD846300201E2407008A
:1092F000B4900600F8B5064600AF0D460146354865
:1093000028F0D4FC044688B96D4688B0324B6A46D2
:10931000CDE90536032342F8103F4FF4C45103460C
:109320002E48FDF783F8AD46BD46F8BD0A2D4ED850
:1093300001A353F825F000BF659303007193030068
:10934000879303008B9303009D930300A193030075
:10935000AF930300CF930300CF930300CF93030099
:10936000299303001E4A1D48032129F085F8DBE7F5
:109370001C4A1A48032129F07FF8002304F8043C12
:1093800004F8033CD0E7184AEDE7184A13480321D4
:1093900029F072F8012304F8043CC5E7144AE8E711
:1093A000144A0E48032129F067F80123E8E7124A1E
:1093B0000A48032129F060F814F8033C002BB3D0CD
:1093C0000E4A0648032129F057F80023D8E70C4A33
:1093D000C9E700BF8463002044240700B49006005E
:1093E00065240700722407008824070099240700D9
:1093F000AB240700BF240700D0240700DF240700A8
:10940000EC2407002DE9F04104460E4601791D4881
:10941000174628F057FC014648B9A3881A481B4A4A
:10942000022128F0B4FA6FF01200BDE8F08194F93F
:10943000002000686378002A12DA012B08D09A1EF7
:10944000012A0AD9124A1048012128F0A0FA04E0A2
:1094500051F8083C0BB11D686DB96FF08500E4E769
:10946000092B02D0A3F10A02EAE751F8083C002BCD
:10947000F3D05D68F0E73B4632462146AC46BDE896
:10948000F041604784630020B4900600FA2407008E
:10949000212507002DE9F041037803F09F03812B7C
:1094A00004460E46174603D06FF01500BDE8F08164
:1094B0004378062BF8D190F804804588154841463A
:1094C00028F000FC30B9144A14484346022128F021
:1094D0005EFAE9E72B0A212B04D0222B0FD06FF084
:1094E0008500E3E70368E1885B685B6813F8092F90
:1094F000914294BF316032603B600020D6E7E38840
:1095000050F80C2C9A4294BF3260336050F8103CF3
:10951000F2E700BF84630020FA240700B49006003D
:1095200010B50469C4E90012A36000236361064B0F
:109530002061596804F1140211B9C3E9002210BD79
:109540000A605A60FBE700BF8463002070B50469BD
:10955000257B45B1647B34B94068006ABDE8704042
:10956000007928F08BBB044A0448022128F084FFCC
:109570006FF00A0070BD00BF3A250700B4900600E6
:109580000D4B402970B528BF40210C4C46181D4694
:10959000B04204D1002305F81130074870BD0278AD
:1095A0001209A25C03F8022B10F8012B02F00F0243
:1095B000A25C03F8012CEBE700A500207262070013
:1095C00030B503788BB0044607AD032B21D8DFE814
:1095D00003F0021A1C1E12492846EEF75BFA0595A5
:1095E00063780493A3780393E37802932379019338
:1095F00063790093A3790B4A0B481E2125F044F8A8
:1096000009480BB030BD0949E6E70949E4E70949D3
:10961000E2E7094A0A21284625F036F8DFE700BFCD
:109620004E06070070060700E2A40020550607005A
:109630005C06070066060700D74807002DE9F341DE
:10964000304C054617469846BFF35B8F2368BFF33F
:109650005B8FDA0720D538B92B4A2C48012128F036
:109660008EF96FF0010018E001A928F0D7FC284915
:109670000646024628462EF083FC50BBBFF35B8FA4
:109680002368BFF35B8FC3F3C0061B0708D5214ACD
:109690001E48022128F073F9002002B0BDE8F081D5
:1096A0000722A4F1D4014046B84706280BD81A4A2D
:1096B0001648012128F063F944F8D46C04F8CD6C05
:1096C00044F8D16CE8E70723B0FBF3F004F8CD0CC5
:1096D000E2E72846114932462EF052FC05460028A2
:1096E000BFD1102204F19C014046B847031E05DAA1
:1096F0000B4A0648012128F04AF9CDE71C4484F8BA
:109700009C50C9E76C0D002062250700E48F06001D
:1097100078E4060083250700A7250700CD2B070066
:10972000CC2507002DE9F04188B09C79DDF8388020
:109730005D791E79DF7893F802C093F801E01B7819
:10974000B8F1000F0ED0CDE90638CDE904CE1346AE
:10975000CDE90267CDE90045084A24F095FF08B03D
:10976000BDE8F081CDE905E3CDE9037C1346CDE901
:109770000156034A009424F087FFF0E7FE25070016
:109780002226070010B5FEF7EBFC044628B1044A78
:1097900003460121034828F0FAF8204610BD00BF17
:1097A00043260700E48F060070B504468CB01546CA
:1097B0001E46A2B129B10A4602A8042127F07AFB6D
:1097C00002A900912B462246242103A8FFF7AAFFF5
:1097D000109A314603A8FEF7FFFA0CB070BD03469D
:1097E000044A242103A824F04FFFA842F0DA6FF0C6
:1097F0001500F2E76826070007B50B4B0B48DA792E
:10980000C2EBC202009200221146FFF7CDFF0346D1
:1098100038B1074A0748012103B05DF804EB28F08E
:10982000B6B803B000BD00BF980C002078E4060075
:109830006E260700E48F060030B504468DB015464D
:1098400092B129B10A4602A8042127F033FB02A9EC
:1098500000912B462246242103A8FFF763FF03A8AB
:1098600028F0B4FB0DB030BD0346054A242103A8FF
:1098700024F00AFFA842F2DA6FF01500F2E700BF09
:109880006826070007B5009313460A4601460248BA
:10989000FFF78AFF03B000BDB54207000A46014644
:1098A0000148FFF7C9BF00BFB542070007B50093E5
:1098B00013460A4601460248FFF776FF03B000BD93
:1098C000AF4207000A4601460148FFF7B5BF00BF97
:1098D000AF42070007B5009313460A460146024807
:1098E000FFF762FF03B000BD234107000A460146AF
:1098F0000148FFF7A1BF00BF2341070007B50022C1
:109900000346009102481146FFF74EFF03B000BD29
:10991000A742070007B500220346009102481146FE
:10992000FFF742FF03B000BDCD2B070008B502488A
:1099300023F06EFF002008BDDC13002070B5214D20
:10994000BFF35B8F2B68BFF35B8F13F0010F2E46C5
:1099500036D095F89C3013B91B4800F0FFFF15F87E
:10996000CD3C93B902F014F9044630B1174A1848B7
:10997000012128F004F8204670BD15F8CD3C23B92C
:1099800002F016F904460028F0D1BFF35B8F2B6874
:10999000BFF35B8F5A0701D400F044FFBFF35B8F26
:1099A00056E8003F23F4006246E800210029F7D181
:1099B000BFF35B8F1B0503D5BDE87040FFF7B6BF53
:1099C0000024D8E76C0D0020271F07008926070018
:1099D000E48F060007B5009313460A460146024885
:1099E000FFF7E2FE03B000BD034707000A46014649
:1099F0000148FFF721BF00BF034707001FB5094B10
:109A000009480293002403942DF071FE02AB0093E9
:109A1000064905480A234FF4B06223F0FFFE2046B2
:109A200004B010BDBC2607004838002000C100204B
:109A30000146014823F030BF483800200146014864
:109A40002DF02ABE483800200378012B30B513D002
:109A5000022B26D07BB9184B0A4603F1100453F8A9
:109A6000045B42F8045BA342F9D11B78137043886E
:109A70004B731B0A8B7330BD0F4B0A4603F1100466
:109A800053F8045B42F8045BA342F9D11B781370CE
:109A900043684B731A0A1B0CCB731B0A8A730B7433
:109AA000E9E700F1100350F8042B41F8042B984229
:109AB000F9D103780B70DEE78362070010B5034627
:109AC00086B01C78012C0846114609D0022C0AD019
:109AD000FCB95B88124A06B0BDE8104024F0D4BD42
:109AE0005B68104AF7E7B3F801200492D3F803202B
:109AF0000392B3F807200292B3F809200192B3F859
:109B00000B200092D3F80D30074A24F0BDFD06B0BB
:109B100010BD002106B0BDE810402EF077B800BFA0
:109B2000473A0700931F0700C526070008B528F02D
:109B300086FD24F031F9044B1B680BB10A209847CD
:109B4000BDE8084024F03CB98C63002038B50546D8
:109B5000054828F0C7FB044620B101210C3028F04D
:109B600027FC2576204638BD981E00200F2810B50A
:109B70000ED80D280ED90B4828F0B4FB044628B1A6
:109B800001210C3028F014FC02232376204610BD5E
:109B90001328F0D009B10448EEE7BDE810400220D8
:109BA000FFF7D4BFC41E0020141E0020F0B50546E8
:109BB00085B00E461746AB88012B0ED9284628F0F3
:109BC0003BFC044648B1AB88984208D90E4A009342
:109BD000022103460D4827F0E3FE05B0F0BD2846FC
:109BE00028F02AFC013C2B688DF80800394602A8B1
:109BF0008DF809400393B0470028EED0214628464F
:109C000028F00AFCD7E700BFE9260700948F06007A
:109C1000C368034A1B780348022128F0A7BD00BF90
:109C200014270700B48F0600F8B506460F4603F068
:109C3000ABFF054690B9394630460AF035F904467F
:109C400000BB3946304608F067F9174B1B6823B153
:109C500053F80C4904B10C3CC3B9F8BD8378012B0F
:109C60004FF0000304BFD0F8A040C0F8A0304FF080
:109C7000130118BF1C4629F056F9284603F04CFB87
:109C8000002CD8D020462BF005F9DAE79B6813B1F9
:109C90003946304698472CB1E26802B10C3A234667
:109CA0001446D9E72246FAE7A464002070B5C668D6
:109CB0003378A3B9B6F801500F21284603F064FCAD
:109CC000F278044690B90E4B19461C8844B96FEAE5
:109CD00005536FEA135321F810300A4B1A5470BD24
:109CE0000130062803F10203EFD1F8E702730121E6
:109CF00003F03AFB2046BDE8704003F00DBB00BF07
:109D000036A3002081A5002070B5C3681D788DBBE7
:109D1000B3F801600F21304603F036FC044638B931
:109D20003346154A1548BDE87040012128F01EBD94
:109D3000294603F019FBA378012B04D02046BDE887
:109D4000704003F0E9BABFF35B8F6368BFF35B8FCA
:109D5000DB07F3D50321204603F006FB032029F09F
:109D600024F803460028E9D0054A0448022128F0D7
:109D7000FDFCE3E770BD00BF3C270700B48F060081
:109D80006227070010B5C3681C880121204603F034
:109D9000FBFB38B92346054A0548BDE810400121C0
:109DA00028F0E4BCBDE8104003F0B6BA88270700ED
:109DB000B48F060010B501210C3028F035FBBDE84A
:109DC00010400378024A0348012128F0CFBC00BFAD
:109DD000AC270700B48F0600014610B5084828F0EC
:109DE00085FA084908482DF057FC031E06DABDE83D
:109DF0001040064A0648012128F0B8BC10BD00BF3B
:109E0000E40D0020FC13002030390020CE2707008D
:109E1000B48F060010B5084C0146062294F86F0076
:109E200003F03AFF38B994F86F000449BDE81040D8
:109E3000052203F031BF10BD980C002058620700C6
:109E400070B5C568B5F801600121304603F09CFB90
:109E5000044638B933460D4A0D48BDE8704001212B
:109E600028F084BC2B783BB9D5F80330C0F8953086
:109E7000D5F80730C0F89930201D4FF4003128F094
:109E800066FC2046BDE8704003F046BA882707000C
:109E9000B48F060037B502EBC3039A4202D16FF0CC
:109EA0005E0010E0144614F8085B854212D10B8A5C
:109EB00054789C4209D9084A00900121074827F0AC
:109EC0006FFD6FF0150003B030BD0846536898472A
:109ED0000020F8E72246E0E7EB270700B48F0600F2
:109EE000F8B500AF06460D46FFF7D4FF5F3019D135
:109EF0002C8AE8682146FFF743FB6D468AB00A4B7F
:109F00006A46CDE9053640F20243ADF82430074BEE
:109F1000CDE907404FF4325142F8103F044828F091
:109F200033FCAD46BD46F8BD0D2807000500000115
:109F3000B48F060073B53D4828F0EDF904460028BB
:109F400072D0017E022948D008296AD1038A032BE6
:109F500005D8374A3748012128F008FC13E00421CE
:109F60000C3028F061FAFF23428806886376238A42
:109F7000C6F30B009A42A08309D02E48009201211B
:109F80002D4A27F00DFD2046FFF7ECF812E00F21D7
:109F900003F0FAFA054610B9A38B284ADAE703F072
:109FA0003BFB320B60762146284603F089F82846B1
:109FB00003F0B2F9224BD3F84C31002B34D02149B5
:109FC00021482DF069FB031E2EDA204A1948012191
:109FD00002B0BDE8704028F0C9BB038A012B01D84C
:109FE0001B4AB7E70C3028F01FFA0646007828F025
:109FF0009AFB10F002050DD1164A1749174840F692
:10A00000D33326F0E4FC85F31188BFF36F8F03236D
:10A01000184602DF124A307806232146FFF760FF18
:10A02000B1E7104A0B4695E702B070BDE40D002081
:10A030002F280700B48F0600502807007428070057
:10A04000980C0020FC13002030390020CE27070098
:10A0500096280700B2280700E62807001429070001
:10A0600090AD06003129070010B5012104460C30DF
:10A0700028F0DAF92146034A0078BDE810400923A8
:10A08000FFF72EBFC0AD0600F8B5012100AF0446B2
:10A090000C3028F0C9F90678114A002321463046D1
:10A0A000FFF7F8FE5F3019D1258AE0682946FFF7EF
:10A0B00067FA6C468AB00B4B6A46CDE9053640F22A
:10A0C0000243ADF82430084BCDE907504FF432512C
:10A0D00042F8103F054828F057FBA546BD46F8BD9D
:10A0E00008AE06004529070005000001B48F0600F0
:10A0F0002DE9F74F82460F469146002800F09180E7
:10A10000BFF35B8FDFF83081002358E8004F48E849
:10A110000032002AF9D1BFF35B8F44B9424A434869
:10A120005346012103B0BDE8F04F28F01FBB204685
:10A13000FEF778FF3E4D4FF00C0B0BFB0050264610
:10A14000438853451FD02046FEF76CFF0BFB0050A1
:10A150004388384A009335485346012127F020FCB4
:10A16000BFF35B8F58E8003F48E80062002AF9D14E
:10A17000BFF35B8F002B54D01E46304603B0BDE8C2
:10A18000F04FFEF7EFBFA14511D0204628F0A5F80B
:10A190000223012104F10C00237628F009F9B9F813
:10A1A0001020D9F80C1004F10C0028F012F9204608
:10A1B000FEF738FF4FF00C0808FB005043689BB1D6
:10A1C00097B92046FEF72EFF08FB00500121426898
:10A1D000536803F01F00814010685B0900EB8300A7
:10A1E000137AD3B128F0B3FA2046FEF71BFF4FF0E5
:10A1F0000C0808FB00508368002BBED02046FEF7F9
:10A2000011FF08FB00F02F542046FEF70BFF08FB60
:10A210000055A86823F0F8F8AFE7C94328F0B7FA6B
:10A22000E2E703B0BDE8F08F77290700B48F06009E
:10A23000906300209F290700E00D00202DE9F047E2
:10A24000D0F80C80028A98F800108B0001339342FA
:10A2500000AF5FD96C468AB03048CDE907326A4614
:10A260000523CDE9050142F8103F2D484FF4215157
:10A2700028F08AFAA546BD46BDE8F087294A284855
:10A280004B46012128F072FA013598F800309D42C2
:10A29000F1DA08EB85030F21B3F80190B3F80360FE
:10A2A000484603F071F904460028E7D000F1C409DC
:10A2B0005EB1204602F0A8FE23F0A6F8636943B918
:10A2C000194A1748012128F040FA204603F024F8E3
:10A2D000DAE7A1691A6862618B4208BFA261C3F81C
:10A2E00000A0226A013EB6B28AB9C4E90733BFF3BF
:10A2F0005B8F59E8003F013B49E80032002AF8D162
:10A30000BFF35B8F0021204602F08AFED0E7136086
:10A310002362ECE70025AA46B7E700BFD229070071
:10A32000B48F0600FC290700182A070073B5C5681A
:10A33000B5F801600121304603F026F9044640B922
:10A340003D4A3E483346012102B0BDE8704028F046
:10A350000DBA2B781A2B00F1040619D1C378012B02
:10A360004ED14FF48041304628F0F1F942040FD429
:10A37000D4F8883000936946D4F890300193204691
:10A3800004F0FCF8204602B0BDE8704002F0C4BF03
:10A390002B78ABBBB5F80320A4F8862093B2B5F8B0
:10A3A0000520A4F88C20B5F80720A4F88E209A1F69
:10A3B00092B240F67A418A4204D9214A1F480221CA
:10A3C00028F0D4F9B4F88C30B3F5FA7F04D31D4AE1
:10A3D0001A48022128F0CAF9B4F88E30A3F10A0213
:10A3E00092B240F676418A4204D9174A13480221B4
:10A3F00028F0BCF96FF48051304628F0C8F917E016
:10A40000BFF35B8F6368BFF35B8FDB04F2D52B7800
:10A41000202BEFD194F89430002BEBD0013B84F843
:10A4200094304FF42032002304F1400023F05EFA10
:10A43000204603F05FFAA5E788270700B48F0600DF
:10A440002F2A0700572A07007E2A070010B5C1E906
:10A4500000239DF808300B720C46FEF7E3FD034B1A
:10A460000C2202FB00335C6010BD00BF9063002033
:10A470002DE9F0474FF0FF3280464FF0FF33184888
:10A48000894627F02FFF044638B301210C3027F00E
:10A490008FFF012323762046FEF7C4FD114D0C27C4
:10A4A00007FB00504FF0000AA0F802802046FEF79C
:10A4B000B9FD07FB0050C0F808A02046FEF7B2FD2A
:10A4C00007FB0055032104F10C00C5F804A027F098
:10A4D0007AFFA0F8008080F802902046BDE8F0875F
:10A4E0006C1E0020906300200138C0B202289ABF81
:10A4F000014B185C00207047BE62070070B5C5684C
:10A50000B5F801600121304603F03EF8044638B941
:10A5100033460C4A0C48BDE87040012128F026B9AA
:10A52000E878FFF7E1FF84F8A4002879FFF7DCFF63
:10A5300084F8A500204603F02FFA2046BDE87040BD
:10A5400002F0EABE88270700B48F060037B50C4634
:10A550008DF8070000F0FF05A0B929B10B490722CB
:10A5600020462DF0FDFC40B909490DF107020020FD
:10A5700009F0E4FB002003B030BD21462846FFF778
:10A5800053FBF7E76FF01500F5E700BF5F620700C8
:10A590007F27060029289ABF014B185C09207047C5
:10A5A0009462070070B5C368B3F801601D780F218D
:10A5B000304602F0E9FF044638B93346194A1A48D2
:10A5C000BDE87040012128F0D1B865B12846FFF7F9
:10A5D000E1FF29460246204603F06EFA2046BDE818
:10A5E000704002F099BE8378012B07D109F0BAFAC6
:10A5F000204628F080F8A84208BF05252846FFF726
:10A60000C9FF29460246204603F056FA002DE5D040
:10A61000064A0548012128F098F80521204628F02F
:10A6200082FCDBE73C270700B48F0600AA2A07005C
:10A630002DE9F041C668B6F8017035780F2138462B
:10A6400002F0A2FF044638B93B46204A2048BDE844
:10A65000F041012128F08AB865B12846FFF79AFF3A
:10A6600029460246204603F027FA2046BDE8F0417D
:10A6700002F052BEF278C37A934205D1154A1448CB
:10A68000022128F073F8F0E78378C272012B08D119
:10A690000AB109F067FA204628F02DF8002808BF13
:10A6A00005252846FFF776FF29460246204603F097
:10A6B00003FA002DD9D0084A0548012128F045F8B1
:10A6C0000521204628F02FFCCFE700BF3C270700DC
:10A6D000B48F0600D02A0700AA2A070070B50C4DD7
:10A6E00006460FCD90B001AC0FC40FCD0FC40FCDF7
:10A6F0000FC40E2E95E807009CBF10AB03EB860637
:10A7000084E8070094BF56F83C0C024810B070BDB6
:10A7100078920600FF2A0700034B0146D3F86C012C
:10A7200082689268104700BF980C00202DE9F8431A
:10A73000044600F10C07384627F08EFE258A012DCD
:10A7400006460AD81A4A1B482B46012128F00EF863
:10A750002046BDE8F843FEF705BD3846022127F044
:10A7600063FE8046007827F0DEFF10F001090746FF
:10A770000DD1114A1149124840F6F27326F027F91B
:10A7800089F31188BFF36F8F0323184602DF052377
:10A790000C4A98F800002146FFF7A2FBBB07D7D56B
:10A7A0006369258213FA86F6E660BDE8F88300BF88
:10A7B00096280700B48F0600B2280700072B070071
:10A7C0001429070068AD060038B50C4623F0E4FAFA
:10A7D000237E022B09D0082B14D12046FFF7FCFA68
:10A7E000002423F0EDFA204638BDE368187827F0FE
:10A7F0009AFFC2070546F0D52046FFF797FFAB0743
:10A80000EBD4EDE7054A0648012127F0AFFF2046CB
:10A81000FEF7A8FC6FF01504E3E700BF202B07004C
:10A82000B48F06002DE9F0473E4C3F483F4D00AF46
:10A83000042127F08CFF01F0EFFEE1793C4B20462C
:10A84000012998BF1D466E46FEF7BAFE8AB0394B05
:10A850000790CDE905356A46374B0893374B42F8E8
:10A86000103F3748DFF8EC80DFF8EC904FF42351CD
:10A8700027F08AFF0125B5462646E3799D4239DB5C
:10A8800094F870502846FFF729FF6E46B4F87220FE
:10A89000B4F876308CB02B490993CDE907526A465B
:10A8A000294B4FF40075CDE90510ADF828504FF451
:10A8B000535142F8103F224827F066FFB54694F8FE
:10A8C00071603046FFF70AFFB4F874308AB01F4A4F
:10A8D000ADF82450CDE905206A46CDE907631C4B4D
:10A8E00042F8103F16484FF4335127F04DFFBD4654
:10A8F000BDE8F08707363046FEF762FEEA468AB0CA
:10A900006A4640F20133CDE905850790ADF8203065
:10A910000B4842F8109F4FF4135127F035FF0135D3
:10A92000D546AAE7980C00206C0D0020342B0700B8
:10A93000671E0700382B0700000201030400000215
:10A94000B48F0600582B070006000001962B070065
:10A9500005000001472B07000400000138B505463B
:10A96000EDF7A0F8102804461BD80F482946EDF74C
:10A9700087F8A0B1224629460B482DF020F90B4854
:10A9800003190022214600F5B87083F87021FEF704
:10A99000C1FF20B1064A0748022127F0D6FE002059
:10A9A00038BD6FF00B00FBE7080E0020980C00206C
:10A9B000BD2B0700B48F060000487047080E00202A
:10A9C000014822F025BF00BFEC13002038B5054632
:10A9D0000C4619B9FFF74CFD0446D8B140F6354393
:10A9E0009D420FD12046FFF797FE054640B1034632
:10A9F0000A4A0B48012127F0B9FE2046FEF7B2FBB8
:10AA0000284638BD074821462CF08CFD0025FFF76D
:10AA1000D7FFF5E76FF06805F2E700BFD22B07001C
:10AA2000B48F0600EC0D0020F0B5C5682F8887B004
:10AA30000121B8B202F0A8FD064640B9264A2748CF
:10AA4000BBB2012107B0BDE8F04027F08FBE02ACD9
:10AA5000D5F80220D5F806300194698900912AF0D2
:10AA60006EF840B3122142F21A00FFF701FD0546CD
:10AA700048B91B4A1948012127F067FE304602F009
:10AA80004BFC07B0F0BD12210C3027F09CFC0346B4
:10AA9000224623F8027B144603CC596006A98C4257
:10AAA0001860224603F10803F5D1294642F21A0044
:10AAB000FFF78CFFE2E7022142F21B00FFF7D8FC10
:10AAC00004460028D5D002210C3027F07CFC21461A
:10AAD000078042F21B00EBE788270700B48F0600CF
:10AAE000F42B070070B506460D4642F22100032103
:10AAF000FFF7BEFC044630B9BDE87040084A09487B
:10AB0000012127F022BE03210C3027F05CFC0680D7
:10AB10008570214642F22100BDE87040FFF756BF24
:10AB20000B2C0700B48F060073B5C368D9789A78E8
:10AB30001D8842EA0122ADF8002059791A7942EACB
:10AB40000122ADF80220D9799A7942EA0122ADF8C2
:10AB500004201A7A5B7A012142EA0323A8B2ADF8F5
:10AB6000063002F011FD064658B91D481D4A012164
:10AB7000ABB227F0FBFD0221A8B2FFF7B3FF02B092
:10AB800070BD694602F02CFF38B91E21A8B2FFF74C
:10AB9000A9FF304602F0C0FBF1E70E2142F220008F
:10ABA000FFF766FC04460028F3D00E210C3027F096
:10ABB0000AFC00230580C0F80A30BDF8003043804D
:10ABC000BDF802308380BDF80430C380BDF8063084
:10ABD0000381214642F22000FFF7F8FED9E700BFCB
:10ABE000B48F06008827070038B502460B462B4D68
:10ABF000D5F8541109B9002038BD05F5987022F038
:10AC00003DFC0028F7D10022002305F5AA7022F0B0
:10AC1000CBFB044668B9224A2249234840F6E23376
:10AC200025F0D5FE84F31188BFF36F8F03231846F8
:10AC300002DFD5F848315BB11C4A1D48012127F0DD
:10AC400084FDD5F84801FEF78DFA0023C5F8483198
:10AC5000204627F076FBC5F848012046FFF75CFD4B
:10AC60000346C0B1134A1248012127F07FFD124864
:10AC700022F0CAFB2046FEF7D5F9104B0C2202FB4E
:10AC800000301F2140882246FFF732FA2046FEF7A7
:10AC900069FAFFF795FE0120AEE700BF980C00208F
:10ACA000B2280700E526070014290700252C070015
:10ACB000B48F0600D22B0700C80D0020906300203F
:10ACC0002DE9F04F87B0064600AF90460C4631B9EB
:10ACD000FFF7CEFB044648B96FF068008AE0887A37
:10ACE000FEF798F9514B984240F0998001220021DB
:10ACF00038462CF02EFC2046FEF794F9DFF86091E0
:10AD00000C2303FB00908760204627F01AFB0146C6
:10AD100047482CF007FCFFF753FE23F057F9454B4B
:10AD200098421ED142482CF010FC002183464FF47B
:10AD3000A020FFF759FF824688B93F4A3F49404863
:10AD40004FF4D77325F043FE3E48314625F03FFED1
:10AD50008AF31188BFF36F8F0323184602DF5C4527
:10AD6000E0D14FF4A0220023384622F087FB0546AD
:10AD700098B14FF4DA73304A3349314825F027FE51
:10AD800032482A46314625F022FE002383F31188FB
:10AD9000BFF36F8F0323184602DF2046FEF742F908
:10ADA0000C23584319F8005075B3E8468AB0284B75
:10ADB0000795CDE90536274B08936A4640F20243D2
:10ADC000ADF82430244B42F8103F24484FF4325160
:10ADD00027F0DAFC2046C546093DFEF7C3F9092DE8
:10ADE0000FD8DFE805F01F0E0E0B050E0E0E0E1C21
:10ADF0006FF00B001C37BD46BDE8F08F6FF00C0004
:10AE0000F8E76FF00400F5E7B8F1000F03D0C8F8D9
:10AE100000400020EEE72046FEF7A4F9F9E76FF0C6
:10AE20001500E7E76FF06E00E4E700BF6C1E00203E
:10AE3000EC0D0020A05B0020B2280700402C07008A
:10AE400014290700482C0700682C0700712C070004
:10AE5000B62C0700671E070005000001B48F06002E
:10AE600090630020F7B5134B93F99B30002B0546F8
:10AE70000C461CDA14B9204603B0F0BD01AA00212B
:10AE800042F21800FFF71CFF0028F5D1019F082CA3
:10AE9000F968264628BF08263246013128462CF09C
:10AEA0008EFE3846FEF75EF93544A41BE2E76FF0EC
:10AEB0008500E1E7980C002073B506460D4601AA0F
:10AEC000002142F22F00FFF7FBFE044638B1154A7D
:10AED0001548012127F039FC204602B070BD0198C9
:10AEE000C368B3F801203280B3F803302B80FEF73B
:10AEF00039F93388A3F11B02E02A04D90B4A0A4826
:10AF0000022127F033FC2B88A3F5A47292B244F2FD
:10AF100048118A42E0D9064A0348022127F026FC5C
:10AF2000DAE700BFD52C0700B48F0600F52C070028
:10AF30001A2D070010B5ECF7BFFD034B1B6813B1CA
:10AF4000BDE81040184710BDB463002073B52D4D07
:10AF50000646D5F86C012CF0D0F848B92A4A2B489F
:10AF6000012127F0F2FB6FF01204204602B070BD01
:10AF70006FF0020105F1D40027F009FC012127F050
:10AF8000E6FBC3073AD4FEF7FDFB04460028ECD1EC
:10AF90001F4B1E600122114605F598702CF0D9FA5E
:10AFA00005F5AA702CF081FA1A482CF0A0FB1A497A
:10AFB000184800946FF0070340F6980222F02EFC28
:10AFC000164914482CF0F6FBD5F86C011449836837
:10AFD0001B689847044630B10346124A0B480121CA
:10AFE00027F0C4FBC1E726B902B0BDE87040ECF71A
:10AFF00063BD05F1C40022F00BFCB6E76FF07704E7
:10B00000B3E700BF980C0020852E0700B48F060020
:10B01000B46300203039002000C700209D2E0700B7
:10B02000C9A70300A62E0700F0B585B006460DF1AE
:10B030000301002000F02AFE044600284CD119210B
:10B0400042F20D00FFF714FA0746002847D01921F5
:10B050000C3027F0B8F92146054619222CF0D6FD10
:10B06000204A9DF803302B7392F8231192F8223175
:10B07000994294BF06F1700106F17E01681D27F028
:10B0800077FB93892B80D3896B80B6F88830A5F83D
:10B090000D30B6F88A30A5F80F30B6F88C30A5F828
:10B0A0001130B6F88E30A5F813300F4B01930723FB
:10B0B0000293384601238DF80C30FDF7B3FF0B4B9C
:10B0C0000C2202FB003301AA5A603946002242F2E8
:10B0D0000D00FFF7F5FD0446204605B0F0BD6FF00A
:10B0E0006804F9E7980C00206C0D002090630020A4
:10B0F000F8B53C2800AF05461AD100F041FF6FF0CB
:10B100008001103027F043FB0020FEF783FE044649
:10B1100030B9334A3348012127F017FBBD46F8BD4B
:10B120000573002102F020F9204602F0F5F8F5E75A
:10B1300002283FD100210246084602F0ADFD044638
:10B1400080B9294A2748012127F0FFFA032027F078
:10B150002CFE03460028E1D0244A2248022127F091
:10B1600005FBDBE7BFF35B8F4368BFF35B8FDB0758
:10B1700006D5032102F0F8F8204602F0CDF8E5E705
:10B1800040302CF0C5FA10F00C0608D11548184ACA
:10B19000294627F0DAFA257331462046EAE72046A9
:10B1A000FFF742FF0028E7D0124A0E48012127F09E
:10B1B000CCFAE1E76C468AB00F4BCDE905300F4B76
:10B1C00007936A4640F20133ADF820300C4B42F849
:10B1D000103F04484FF4125127F0D6FAA5469DE7D8
:10B1E000C22E0700B48F0600E32E07006227070077
:10B1F000012F0700272F0700432F0700671E0700B6
:10B200000400000130B5002185B042F20E00FFF7C6
:10B210002FF90446B0B10D4B01930025072302938B
:10B220008DF80C50FDF7FEFE094B0C2202FB00339B
:10B2300001AA5A6021462A4642F20E00FFF740FD5D
:10B2400005B030BD6FF06800FAE700BF6C0D00205C
:10B25000906300202DE9F04784B0B0F801907A4A5D
:10B26000054600AF49F470410023104614888C4213
:10B2700061D1002220F81320744A12F8038000F0F4
:10B2800067FAEB78012B08BF714B05F104000CBF86
:10B2900093F86F40002427F0CEF9291D002852D0E2
:10B2A00007F1080027F0BCF9D5F81130C7F80130D4
:10B2B000B5F81530A7F8053001233B70E878002871
:10B2C0004ED1022207F1080102F0E6FC0446EB78B9
:10B2D000012B0AD100F054FE6FF08001824610303D
:10B2E00027F055FA504627F057FDEB7823B9594817
:10B2F0006FF0800127F04BFADCBB281DFEF760F9E8
:10B300006C4688B0544B6A46CDE905304FF4007363
:10B31000ADF81C30514B524842F8103F4FF4E25107
:10B3200027F032FA1321A546484627F07DFA103758
:10B33000BD46BDE8F0870133062B02F1020295D12C
:10B340004FF000089BE7204627F0EEFB014607F18F
:10B35000080027F00DFA291D384627F009FAADE755
:10B36000012804D107F10800FEF754FDAEE70024E0
:10B37000ADE72046B5F8013020F8703B07F1080131
:10B3800027F0F6F9B5F81730A4F88630B5F819307B
:10B39000A4F88C30B5F81B30A4F88E30EB78E3704D
:10B3A00000222273012B40F20112A4F8A42017D12D
:10B3B000394604F1770027F0DBF900F0E1FD217A4E
:10B3C000234AC1EBC101114404F17E0027F0D0F9FA
:10B3D000D2E9381303F03F03194301D000F08AFF8C
:10B3E000E3786BB9394604F17E0027F0C1F9217A80
:10B3F000174BC1EBC101194404F1770027F0B8F9EC
:10B400000721204601F0B0FFB8F1000F05D084F805
:10B410000C800121204601F0A7FF204602F03CF9F4
:10B42000204601F079FFE378002B80D1032027F03C
:10B43000BCFC034600283FF47AAF0A4A08480221C0
:10B4400027F094F973E700BF36A3002081A5002000
:10B45000980C00206C0D00205F2F070003000001F6
:10B46000B48F06006227070000B5C168087889B06C
:10B4700020B109B05DF804EBFFF73ABEB1F8013036
:10B48000ADF80130CB788DF800008DF80330B1F8BD
:10B490000B30ADF81730B1F80D30ADF81930B1F808
:10B4A0000F30ADF81B304B7C8DF81D30043101A8F6
:10B4B00027F05EF9074B68461A689B88CDF80B2089
:10B4C000ADF80F30CDF81120ADF81530FFF7C2FE02
:10B4D00009B000BD6C62070038B5042104460C3089
:10B4E00026F0A2FF4578017840882246FEF700FE4C
:10B4F00035B1044821F088FFBDE83840FFF760BA55
:10B5000038BD00BFC80D0020B0B50321044600AF10
:10B510000C3026F089FFE268B0F80130117840F66F
:10B520003542934216D16C468AB0114B1148CDE991
:10B530000531114B07936A4640F20133ADF82030D4
:10B540000E4B42F8103F4FF4125127F01DF9A5465B
:10B55000BD46B0BD057822461846FEF7C9FD002D50
:10B56000F6D0074821F050FFFFF72AFAF0E700BFB6
:10B570007B2F0700B48F0600671E07000400000140
:10B58000C80D002070B54FF0FF320D464FF0FF336D
:10B5900000210646FEF7EAFA044660B90A4A0B495A
:10B5A0000B48132325F013FA84F31188BFF36F8F30
:10B5B0000323184602DF022104F10C0026F003FFEA
:10B5C00006704570204670BDBA300700E5260700BA
:10B5D00014290700F8B50A4DEE7907460024E3B2B6
:10B5E0009E4202D86FF0010006E02946384627F057
:10B5F000D0F9073508B12046F8BD0134EFE700BFA8
:10B60000980C002037B504460D46B9B116492846B6
:10B6100027F0BFF990B91548C4EBC404294620446B
:10B6200027F0C1F9124827F0C5F9430703D5FEF703
:10B630007DF926F097FF002003B030BD684626F064
:10B64000E1FF0028F8D16846FFF7C4FF0028F5DACB
:10B650000648C4EBC4042044694627F0A4F9002D31
:10B66000E0D001462846DBE75F620700980C002027
:10B670006C0D002070B5194D0622294606462CF0A7
:10B680006FFC30B3062142F20500FEF7F1FE0446DE
:10B6900008B3062231460C3026F09BFE21460022DC
:10B6A00042F20500FFF70CFB044648B110F10D0F04
:10B6B00004D10B4A0B48022127F073F9204670BDD4
:10B6C0002B46326843F86929B288AA80012283F8A0
:10B6D00068200024F2E76FF06804EFE7010D002016
:10B6E000F0300700BC8F060008B5034608B90020FB
:10B6F00008BD1548144A27F05DF910F0800F06D0F8
:10B70000114827F057F9800607D40120F0E71046CA
:10B7100027F050F98106F3D4F7E712F8D42C012A68
:10B72000F3D15A6802F00502042AE0D01878074ADB
:10B73000C0EBC003B0FA80F0D35C4009012B18BF06
:10B7400040F00100D4E700BF6C0D0020980C0020F1
:10B750000A4BBFF35B8F53E8002F22F4806143E86C
:10B7600000100028F7D1BFF35B8F530504D50449BF
:10B770000022022008F004BB704700BF6C0D0020BF
:10B78000912B060007B50023CDE9000303496A4663
:10B79000022008F0F5FA019803B000BD932A0600D4
:10B7A0002DE9F341054670B1554C94F8222194F8E7
:10B7B00023310AB19A4209D2013384F823312B7A1A
:10B7C00043F004032B7202B0BDE8F0810021022295
:10B7D000084602F061FA04F1D4030746A0B1BFF3B2
:10B7E0005B8F53E8001F41F4806143E80012002A98
:10B7F000F7D1BFF35B8F2B7A43F001032B7202B0BA
:10B80000BDE8F04101F088BD184627F0D3F839466D
:10B81000C0F340163B4800F0ADFB16B1384600F0CF
:10B8200013FF94F823314BB1002027F003F928B11E
:10B83000354A0221354827F0B4F81DE094F8232159
:10B8400094F822319A4225D1314A3048022127F01A
:10B85000A8F80022114642F22900FFF731FA10B190
:10B860002C4A0121E6E794F82331013384F823318F
:10B870002B7A43F004032B72012027F0DBF816B17A
:10B88000012000F0E1FE2448002102B0BDE8F041B3
:10B8900000F070BB2A46691C12F82A0B27F090F8BA
:10B8A000074608B11D4ADCE794F82331013384F8D8
:10B8B00023312B7A43F004032B7294F8A7305B07F3
:10B8C00001D4174AB5E7691C684627F06CF80123D4
:10B8D000082142F24E008DF80730FEF7C9FD0446FC
:10B8E00060B1082269460C3026F073FD3A462146C5
:10B8F00042F24E00FFF7E4F90028BDD0094AB0E754
:10B90000980C0020F12A0600FF300700BC8F0600CB
:10B910002431070055310700652A060075310700FC
:10B9200095310700BF3107002DE9F041054668B3A6
:10B93000484C94F8222194F82331FAB10132934211
:10B940001DDC00210222084602F0A6F904F1D4030E
:10B950000746E8B1BFF35B8F53E8001F41F48061F5
:10B9600043E80012002AF7D1BFF35B8F2B7A43F034
:10B9700002032B72BDE8F04101F0CEBC13B1013BD4
:10B9800084F823312B7A23F004032B72BDE8F08175
:10B99000184627F00FF83946C0F340162E4800F03D
:10B9A000E9FA16B1384600F04FFE002027F042F8C1
:10B9B0000746A8B1294A03460121294825F0E7FF97
:10B9C00094F8233113B1012027F034F816B1012087
:10B9D00000F03AFEBDE8F0412248002100F0CABA6A
:10B9E00094F8233194F822219A420CD2013B84F836
:10B9F00023312B7A1C4923F0040302462B720220C8
:10BA000008F0BEF9DCE7072142F22800FEF730FD1E
:10BA1000804628B9154A1248012126F0C2FFCFE717
:10BA200007210C3026F0CFFC691C26F0BCFF3A46FB
:10BA3000414642F22800FFF743F90028EAD194F882
:10BA40002331013B84F823312B7A23F004032B723A
:10BA5000B6E700BF980C0020F12A0600DA31070093
:10BA6000BC8F0600652A06001F2A06000732070061
:10BA700070B50446B1B9C0B11F4926F08AFFA0B91C
:10BA80002046FFF7A7FD00282FDA2378012B04D1E9
:10BA9000A37903F0C003C02B07D0184A184801212E
:10BAA00026F07FFF6FF0150070BD164DEB79012B6E
:10BAB0001ED005F1D40026F07DFFC30707D4002C6B
:10BAC000F0D00D49204626F064FF0028EAD1EE7937
:10BAD0002146731C3046EB71FFF794FD08B93046E0
:10BAE000E2E7EB79013BEB71DEE76FF07700DBE734
:10BAF0006FF00B00D8E700BF5F6207002C32070031
:10BB0000BC8F0600980C00202DE9F341044640B993
:10BB10001A4A1B48022126F044FF002002B0BDE86B
:10BB2000F08101AA002141F20900FFF7C9F8074698
:10BB300008B1144AEDE7019D1349D5F80C8006229F
:10BB400008F101002CF00CFA30B11049062208F17E
:10BB500001002CF005FA18B92846FDF703FBDCE7D5
:10BB6000D8F80130C4F80130B8F80530A4F8053031
:10BB700028462770FDF7F6FA0120CFE75A32070072
:10BB8000BC8F0600733207006C6207006662070014
:10BB900007B56846FFF7B8FF044BD87118B169467E
:10BBA0000020FFF72FFD03B000BD00BF980C002060
:10BBB0002DE9F041304EF17988B0002954D196F842
:10BBC000C24014F0010413D12C4A2D48022126F062
:10BBD000E8FE0024F471162500240127F379E0B271
:10BBE00083422DD8002B3FD0002008B0BDE8F08163
:10BBF0006A464FF60940FFF763F808B1214AE4E7C7
:10BC0000DDF800C0DCF80C5095F80180B8F1000FA9
:10BC10000ED0AB1C02AA123518685968174603C724
:10BC20000833AB423A46F7D1186838609B88BB802E
:10BC30006046FDF797FAB8F1000FCBD1124AC4E77E
:10BC400008AB05FB0033694653F8182C33F8143C55
:10BC5000CDF80120ADF805308DF80070FFF7D2FC6B
:10BC60000028C2D10134B9E70021084608B0BDE878
:10BC7000F041FFF7FDBE00BF980C00209132070095
:10BC8000BC8F0600BD320700DD32070038B50C4618
:10BC900061B108480578012D05D10130FFF7EAFCB4
:10BCA00000B9257038BD00200870FBE76FF0150063
:10BCB000F8E700BF980C002038B50D4671B109486F
:10BCC0000478012C05D10130FFF7D4FC00B92C70A9
:10BCD00038BD0CB10020FBE70C70FBE76FF01500DE
:10BCE000F6E700BF980C00202DE9F04184460E468F
:10BCF00090461D4648B143B1310311D5720708D5AE
:10BD0000274A2848012126F04CFE6FF01500BDE8B7
:10BD1000F08126F01DFF0028F9D101232B70F6E7F2
:10BD2000F30704781ED520492AB1B70603D591F848
:10BD3000D830580631D5C4EBC4040F5D012F08D1AB
:10BD400001342144604626F0FBFE0028DFD12F702D
:10BD500001E0002FFBD0B8F1000F01D0B30614D4DE
:10BD60000020D4E7720715D50F49C4EBC4040F5D5A
:10BD7000012F07D10134214426F0E2FE0028C6D16C
:10BD80002F70EBE7002FE9D1FAE72B7843F002039D
:10BD90002B70E5E726F0DCFEBFE76FF08500B6E725
:10BDA00006330700BC8F0600980C00202DE9F74FE2
:10BDB0000C46202100901746FEF75AFB0646002845
:10BDC00055D020210C3026F0FEFA00218246202298
:10BDD0002BF01CFF0AF1010804EBC70700212568BE
:10BDE0004FF00009636899450CD30834A742F6D197
:10BDF00000988AF800100022314603B0BDE8F04FE9
:10BE0000FEF75EBF6A7895F800C0881C02EB000E52
:10BE1000BEF11F0F5FFA80FB15D9BCF1090F01D1EC
:10BE20001C290CD9134A1448012125F0A8FD3046DD
:10BE3000FDF798F96FF0150003B0BDE8F08FCBF176
:10BE40001F024FF0080C02F1010E08F801E0013169
:10BE5000C9B2404408F801C0696801922BF0AFFEF6
:10BE6000019A5A44D1B209F101090835BAE76FF0D5
:10BE70006800E1E72B330700448F060008B504494A
:10BE8000072209302CF06CF8003818BF012008BDDB
:10BE90005F620700F8B5154B057883F86F500446CC
:10BEA0000E46FFF7EBFF70B91149284601F040FE3E
:10BEB000044610B96FF00B00F8BD052101F054FAEB
:10BEC00034600020F8E704F109073946284601F0FC
:10BED0007FFE40B92078394601F02AFE044600284A
:10BEE000E8D00621EAE76FF01500E5E7980C00209E
:10BEF00058620700F8B545686A05064633D40469F8
:10BF000014B115F001032ED0184F3078FB7983421D
:10BF100029D9C0EBC0001649072238442CF020F87C
:10BF2000A8B115F0010306D197F87020082A02D8AD
:10BF3000B2689F2A17D915F0300F09D09CB1EB06D3
:10BF400008D405F46035B5F5603018BF0120F8BDA0
:10BF5000002CF6D1D6E902239A4204D81F2A02D92E
:10BF6000B3F5804FEDD90020F1E700BF980C002019
:10BF70005F62070003460148184700BFB00C00206D
:10BF800000487047B00C00202DE9F04F8DB0CDE98E
:10BF90000423054600239048D1F81080079326F02B
:10BFA0001CFE46070C4640F10B810846FFF7A2FF36
:10BFB00028B96FF0150B58460DB0BDE8F08F20463C
:10BFC000FFF792FB81460028F3D005F110073846B1
:10BFD00026F003FEC0F3C016000600F1F480A3684B
:10BFE0006068ADF82030E368ADF82230CDE909662D
:10BFF000CDF82B6026F0DEFD6FF480718DF82D00FA
:10C00000754826F0F0FD754A23782B7082F86F3062
:10C01000B8F1000261680DF1250318BF012228461E
:10C02000FFF762FE83460028C5D1B8F1000F5AD051
:10C0300023691A68C5F809209A88A5F80D209B790C
:10C04000EB73204626F071FE6368D90782464CD513
:10C05000B8F1000F53D013F0100F0CBF01230423CD
:10C060008DF8243023691A68CDF826209A88ADF817
:10C070002A209B798DF82C304FF000090F2142F2D5
:10C080000600FEF7F5F98346002800F09F800F2296
:10C0900008A90C3026F09DF90022594642F206000C
:10C0A000FEF70EFE002840F09480B8F1000F2ED06D
:10C0B0006368DB0739D40121284626F046FE834613
:10C0C000002875D0464A4748012125F058FC079CB6
:10C0D000002C3FF470AF2046002101F045F92046C6
:10C0E00001F01AF967E7404BA3E79A050BD4169BBA
:10C0F0004BB9022809D003238DF82430BCE743460E
:10C100008DF82430BAE70223FAE70346F8E7179BD5
:10C110000093CDE9019ADDE90412169B284626F02A
:10C1200088FD83460028C3D045E707A92846FFF7C6
:10C13000B1FE83460028BED010F10C0F7FF439AF5A
:10C14000B8F1000F7FF437AF626890073FF533AF67
:10C15000267986F00206C6F3400632460E2138469E
:10C1600026F050FD0AF1FF335A425A410821384661
:10C1700026F048FDAAF102014A424A413846092107
:10C1800026F040FD22790A2102F00102384626F00D
:10C1900039FD4A460B21384626F034FD22790D211F
:10C1A000C2F38002384626F02DFD4FF0000B02E767
:10C1B000079808B101F0B0F8B8F1000FCDD1C7E78A
:10C1C0006FF00A0BF7E66FF0770BF4E66FF0680B91
:10C1D000F1E68346EFE600BF6C0D0020980C0020CE
:10C1E00044330700448F06005F62070073B51546AD
:10C1F000069A0C46CDE900322B460A460146134802
:10C20000FFF7C2FE00230646611C201D9D4202D19D
:10C21000304602B070BD14F83320012A09D111F85C
:10C220003320012A05D150F8332012B11278D207F9
:10C2300001D40133EAE7064906482BF05EFA4FF4D1
:10C2400070220023034821F085FBE1E7B00C0020B9
:10C25000D1C20300C80C002010B5194826F09CFD7F
:10C2600018486FF4804126F0BEFC164826F0B5FC55
:10C2700003461A06C0F3C01021D5124826F0ADFCC3
:10C28000430513D50E48FFF7F9FD0F490346087E15
:10C2900093B90E49052201F0FFFC044630B100219C
:10C2A000017301F061F8204601F036F8BDE8104056
:10C2B0000348002126F049BD06222131EBE710BDDD
:10C2C000B00C0020C00C0020980C00205862070021
:10C2D00010B5FFF7C1FF034630B1044A0448BDE87A
:10C2E0001040022125F053BB10BD00BF5F33070093
:10C2F000448F060073B53348324C26F06EFC10F4C0
:10C30000804F38D0204626F068FC0206C0F3C015E6
:10C3100031D4204626F061FC43052CD501A9A4F1B7
:10C320001000FFF7B7FD30BBA4F11000FFF7A6FD2A
:10C330000246204626F051FCC0F38031204626F00C
:10C340004CFCC0F38023204626F047FCC0F340306D
:10C3500043EA800081F001010DF1030340EA41014D
:10C36000A4F11000FFF7C0FC034630B1164A17488D
:10C37000012125F00CFB02B070BD0121A4F11000D9
:10C3800026F0E3FC019E50B12946304600F0ECFF58
:10C390006FF48041204626F026FCC0F380353046FD
:10C3A00000F0BAFF002DE6D0BFF35B8F54E8003FEA
:10C3B00043F4804344E80032002AF7D1BFF35B8F97
:10C3C000D9E700BFC00C00207E330700448F060071
:10C3D00070B5054686B00E4642F20C000221FEF70B
:10C3E00047F80446A0B102210C3025F0ECFF0A4AC0
:10C3F0004670057003A9204600950523FEF726F830
:10C400000022214642F20C00FEF75AFC06B070BD35
:10C410006FF06800FAE700BF6C0D00200B4A08B50A
:10C420000346400902EB800026F0B9FC03F01F022E
:10C43000104110F0010006D123B9054826F0AFFCE9
:10C4400040F3C01008BD6FF07700FBE7B863002031
:10C450006C0D00200A4ABFF35B8F430902EB830295
:10C4600000F01F0001238340DB4352E8000F184017
:10C4700042E800010029F8D1BFF35B8F704700BF8D
:10C48000B863002030B587B05D480022002320F05B
:10C49000C5FE0446002840F091805A48594D26F0C8
:10C4A0007EFC10F0010345D02B1D93E8070006AB7E
:10C4B00003E90700544826F072FCC0F340135148CA
:10C4C00026F06DFC044600286BD07BB10C224F494E
:10C4D0000DEB02002BF044FD044600286BD0002138
:10C4E0000846FFF775FF0446002864D100239DF835
:10C4F0000C00ADF80930BDF80E30ADF80530BDF8D0
:10C500001030ADF80730431E8DF8040058420DF18D
:10C5100009015841FFF7D0FB044600284BD1072101
:10C5200042F20B00FDF7A4FF0546002849D16FF049
:10C53000680440E03448364A26F031FC10F0800FA1
:10C540000ED09089D1891269ADF80E004FF4807435
:10C55000ADF80C40ADF81010ADF812300592A9E717
:10C560002C4C2068616803AB03C3A068186092F884
:10C57000D930180748BF0523224848BF8DF80D3031
:10C5800026F00DFC810706D53023ADF8103060236E
:10C59000ADF80E308EE71B4826F001FC4207F3D4BD
:10C5A00088E743B10146FFF713FF044618B9174B5C
:10C5B0002861C3E90100124820F0A6FE204607B01A
:10C5C00030BD072201A90C3025F003FF2246294681
:10C5D00042F20B00FEF774FB04460028EBD19DF8F5
:10C5E0000D10012001F00101FFF7F2FE04460028C2
:10C5F000E1D106AA12E90700044B83E80700DAE755
:10C60000D4630020B86300206C0D0020C8630020B4
:10C61000980C0020E492060010B544220021064840
:10C620002BF0F4FA05482AF0B3FE05482AF0B0FED4
:10C63000044B00221A6010BDB8630020D4630020B0
:10C64000E863002004640020044B597C003801F0AA
:10C65000010118BF0120FFF7BBBE00BFB863002077
:10C66000032838B5054603D1BDE83840FFF70ABFB7
:10C67000FFF7D4FE0446C8B9BFF35B8F0C4B6A09C1
:10C6800003EB820305F01F0101228A4053E8000FEB
:10C69000104343E800010029F8D1BFF35B8FFFF797
:10C6A000F1FE044610B12846FFF7D4FE204638BDFF
:10C6B000B86300202DE9F04F04468BB00C3025F014
:10C6C000BBFEDFF804A28346BBF1000F02D10BB022
:10C6D000BDE8F08F754826F062FBC207F7D5238AC4
:10C6E000082B07D8724A734801210BB0BDE8F04F00
:10C6F00025F045B9092104F10C0025F095FE037AD7
:10C70000228A01339A420546ECD30BF1FF335FFADC
:10C7100083FB0123ADF824307F238DF81E30037A8C
:10C72000034401305B7A8DF81D30FF238DF81C30F7
:10C730000023ADF8223010F8012C8DF81F20042AB8
:10C740009CBF5D4B9B5CADF82030C379009325F016
:10C7500072FF04AE002863D0691C304625F060FFEC
:10C76000564F3B68C3B104F10C0025F075FE238AD7
:10C770000193009B9DF81F20029023823F689DF942
:10C780001D1004F10C033046B8476369029A13FA8E
:10C7900082F3E360019B2382494B06961A682AB113
:10C7A00052F8087907B1083F002A4FD13F48BDF839
:10C7B0002030069226F0F3FA10F001076FD1DB0764
:10C7C0006DD531460322384601F066FA0646002848
:10C7D00065D0022026F0E9FAD5F80130C6F87E309F
:10C7E000B5F80530A6F88230EB7986F8843030460B
:10C7F00026F018F800284BD01F23337339463046F3
:10C8000000F0B2FD304600F087FDFFF73BFE034627
:10C81000002844D02B4A2748022125F0B8F83EE0F2
:10C820006B78FF2B09D1DAF80000BAF804209AF8E7
:10C8300006300490B280B37192E7691C26F074F957
:10C840000346006804909A889B79F3E71368B3B1B4
:10C8500004F10C00039225F0FFFD238A039A029352
:10C86000009B23821268019004F10C0106A89047F6
:10C87000019B626912FA83F2029BE26023822FB16C
:10C88000BB6803B1083B3A461F468DE73B46FAE7D3
:10C890003046022100F068FD304600F03DFD297A67
:10C8A00004F10C00013125F0B7FD0DE7B86300205D
:10C8B000BB330700DC8F0600C16207000464002060
:10C8C000FC630020622707005F620700F8B5054699
:10C8D000224826F064FA43070F463CD52A78012AFD
:10C8E00003D96FF015042046F8BD6B780F2BF8D8EC
:10C8F0006888031F9BB243F6FC74A342F1D8A98851
:10C900000B1F9BB2A342ECD88842EAD37AB91448F1
:10C910000022002320F082FC04460028E3D1FFF728
:10C920007DFD044640B10E4820F0EEFCDBE726F02A
:10C9300026F90028EBD1D4E728686968094E0A4B2C
:10C9400003C6A868306020461F60FFF789FE0446D2
:10C9500006F12400E8E76FF00A04C4E76C0D00203C
:10C96000E8630020BC63002004640020024B002028
:10C97000186026F01ABA00BF0464002008B5034806
:10C9800026F00DFA00F0010008BD00BFB8630020DA
:10C9900070B59AB01422002104A82BF037F947F2A1
:10C9A0001213ADF80C304FF48073ADF80E303B4BE2
:10C9B00044F2010201A903A8CDE905231FF066FC9A
:10C9C000034658B3364A3748012124F0E0FF1F25BB
:10C9D000354BBFF35B8F53E8001F21F0010143E8A3
:10C9E0000012002AF7D1BFF35B8F304E21F0D4F94B
:10C9F000346864B1043C0AD0002D2D4D18BF0025C9
:10CA000023680BB1284698476468002C43D1002363
:10CA1000C6E9003321F0D4F91AB070BD02AB019819
:10CA2000412209A929F0A1FD034608B1214ACAE71C
:10CA3000214A0DF125030DF1650153F8040B42F86D
:10CA4000040B8B42F9D102AB1C490198202229F03A
:10CA500034FD034608B11A4AB5E7019829F0E5FC10
:10CA6000054610B1174A0346ADE71349104826F0B2
:10CA7000A5F91548203126F0A1F9BFF35B8F134BC0
:10CA800053E8001F41F0100143E80012002AF7D1DB
:10CA9000BFF35B8F9CE7043CB2E700BF00000209D4
:10CAA000DC330700A48F0600086400201064002017
:10CAB000E7A50020FA330700A7A5002087A50020DE
:10CAC0001D3407004134070007A600206C0D00202C
:10CAD00030B5A7B01422002108A82BF097F8042342
:10CAE0003D22002116A815932BF090F847F212135F
:10CAF000ADF81C304FF48073ADF81E302B4B2C4931
:10CB000044F20102CDE9092307A805AB202229F050
:10CB100056FD034600B3274A2748012124F037FF7A
:10CB20006FF0040421F038F9244B1D6885B1002012
:10CB30001860234BBFF35B8F53E8001F21F0020105
:10CB400043E80012002AF7D1BFF35B8F44B3A84734
:10CB500021F036F927B030BD1A4B0DF1550203F123
:10CB60004000194653F8044B42F8044B8342F9D174
:10CB700006AB02932023CDE900130C48059941230D
:10CB800015AA29F06CFE034608B10F4AC4E70598C0
:10CB900029F04BFC04460028C4D00C4A0346BBE7EE
:10CBA0000DA8084926F00AF90DA8D0E700000209EF
:10CBB00087A5002061340700A48F06000C640020C4
:10CBC00008640020A7A5002097340700B3340700AD
:10CBD00008B5044940222BF0C3F9B0FA80F04009AF
:10CBE00008BD00BFC662070010B598B00446142205
:10CBF000002102A82BF00AF844F21213ADF8043019
:10CC00004FF48073ADF80630154B4FF48042CDE9F8
:10CC10000323214604230DF11D008DF81C3026F05E
:10CC2000CDF804F120010DF13D0026F0C7F86B4668
:10CC3000412207A901A829F0C2FC044601A829F055
:10CC40004DFF2CB9009829F0F0FB012018B010BD61
:10CC50000448054A2346012124F099FE0020F5E707
:10CC600000000209A48F0600D034070010B5002888
:10CC700047D0254A136863B1043B984207D1234843
:10CC8000234A022124F07BFE6FF0770010BD5B6821
:10CC9000F1E7204BBFF35B8F1968BFF35B8F890708
:10CCA00007D51A481C4A022124F069FE6FF00F00D4
:10CCB000ECE714684460011D5068116000B95160D0
:10CCC000BFF35B8F53E8002F42F0010143E80010EF
:10CCD0000028F7D1BFF35B8FD30701D50020D5E73C
:10CCE0000E4BBFF35B8F53E8001F21F0100143E8A8
:10CCF0000012002AF7D1BFF35B8F0948FCF79EFEB4
:10CD0000ECE76FF01500C1E710640020A48F060067
:10CD1000F434070008640020103507006C0D002073
:10CD20001C140020054BBFF35B8F1B68BFF35B8FA8
:10CD300013F0100F024808BF002070476C0D002050
:10CD4000E7A5002070B51F4A13688B42054632D014
:10CD5000BFF35B8F1C4B1B68BFF35B8FDC062DD5CD
:10CD6000136813B16FF00F0070BD184BBFF35B8FEA
:10CD70001868BFF35B8FC007F4D4BFF35B8F53E831
:10CD8000000F40F0020443E80046002EF7D1BFF345
:10CD90005B8F10F00204E5D111600D48294626F0A2
:10CDA0000DF80C4805F1200126F008F80A48FCF7B8
:10CDB00045FE2046D8E76FF07700D5E76FF07C009E
:10CDC000D2E700BF0C6400206C0D00200864002036
:10CDD000A7A50020C7A500200C14002070B50C4B9F
:10CDE0001C68054644B154F8203C203C13B1297B13
:10CDF00028469847246AF5E7064C074EB44200D30C
:10CE000070BD236813B1297B284698472434F5E781
:10CE10009C640020F48E0600F48E060010B50446D3
:10CE2000FCF700F9044901EB0011204625F044FC11
:10CE3000BDE81040FDF7C4BD1864002070B5D1E90D
:10CE4000014600230546C1E9013306482AF06AFB82
:10CE50003CB13146284623466FF06D02BDE8704074
:10CE6000184770BD8C1D002070B5002205460E4687
:10CE7000094800230021FCF7F7F8044658B1FCF7F5
:10CE8000D1F8064B324603EB001329462046BDE895
:10CE9000704025F0ECBB70BD401E002018640020DF
:10CEA00070B505460F480022002320F0E7FAB8B914
:10CEB0000D4B1C6834B154F8183C203C03B1984722
:10CEC000246AF7E7094C0A4EB44204D32846BDE869
:10CED000704020F09DBCA36803B198472434F3E769
:10CEE00070BD00BF741D00209C640020F48E0600FD
:10CEF000F48E06002DE9F041044620270025EFF3CB
:10CF0000118287F31288BFF36F8FE16929B1206A1C
:10CF10000B68E361814208BF236282F31188BFF38B
:10CF20006F8F71B1D1E901680748C1E901552AF055
:10CF3000F9FA1EB1002241462046B047FDF740FDF8
:10CF4000DDE7BDE8F08100BF8C1D002030B5437BDC
:10CF5000072B85B004464AD14FF48061043025F098
:10CF600059FF400543D4201D25F04CFF810331D5E6
:10CF7000204D95F8D930DA0710D5022300211A4642
:10CF80000091204625F0ABFC034620B11A4A1B480D
:10CF9000012125F03DFF637B072B28D195F8D83080
:10CFA0009B0624D525F00DFC08B30DF10E0103A856
:10CFB000FDF782FFD8B9BDF80E20BDF80C10204651
:10CFC00025F06FFC034690B10D4A0C48012125F075
:10CFD0001FFF0CE0204625F04AFC034620B1094A19
:10CFE0000648012125F014FF637B072BC0D005B054
:10CFF00030BD00BF980C00205F3507005C8F060035
:10D00000763507003E3507000448B0F80431002BA0
:10D0100000F5847008BF0020704700BF980C002006
:10D0200030B504468BB00D4620F0D0FF0A4B984235
:10D0300005D120460BB0BDE83040FFF75BBF04F1DF
:10D04000240118462AF028FB25B1694604F1240082
:10D050002AF032FB0BB030BDA05B002038B50022B7
:10D0600004468A4202D10024204638BD04F1CC0394
:10D070000120BFF35B8F53E8005F002D04D143E82C
:10D08000000CBCF1000FF6D1BFF35B8F02D0D0349F
:10D090000244E6E7002CE6D0CC22002120462AF00C
:10D0A000B5FD04F1400004492AF027FB034904F1CF
:10D0B00024002AF0C7FAD7E725DF0300612E060017
:10D0C000F7B50D46012116460446FFF7A9FF0021DA
:10D0D000284625F078FB012E1BD0022E45D123696E
:10D0E0003BB13648364A012124F049FC204625F060
:10D0F000D5FE284625F025F920612269138A012BE7
:10D100003AD8208825F061FB0121284625F05BFBF9
:10D110000CE0206940B92B4A2848314624F02FFC06
:10D12000204625F0BBFE01E02F8A2FB9284603B028
:10D13000BDE8F040FCF716B80C3025F091F98742B5
:10D140000CD9214A1D48314624F019FC21690022DE
:10D15000204601F0E7F900232361E7E720692A8AE6
:10D16000E9680C3025F035F9C7E7184A134833460B
:10D17000012125F04DFED3E7D26816880436B6B2F9
:10D18000B342BED32846FBF7EDFF21690B8A9E42CE
:10D190000BD20F4A09480096012124F001FC2046D9
:10D1A00003B0BDE8F04025F079BE002301222046FF
:10D1B000236103B0BDE8F04001F0B4B95C8F060014
:10D1C00092350700AF350700CD350700F43507006D
:10D1D0001236070038B50121044600F1C003BFF341
:10D1E0005B8F53E8002F43E80015002DF9D1BFF302
:10D1F0005B8F52B925F05BFE20F0CEFD054804F1AF
:10D20000BC0125F0E5FD20F0DBFDBDE83840FDF771
:10D21000D7BB00BFBC0D002070B53C4B5A8B2AB168
:10D220003B4DD5F824412CB9002461E01B68002B4C
:10D23000F6D1F9E754F8BC3903B1BC3B35490026B7
:10D24000002CF1D0B5F80421002A5DD0D5F81021CA
:10D2500052B904F1BC06002B54D0D3F8BC2002B163
:10D26000BC3A1C461346EBE70A68002AF1D0D4F812
:10D27000A820002AEDD0D4F8AC20002AE9D0D4F8B8
:10D28000B020002AE5D0637B072B0DD120469047C4
:10D2900050B104F1C40025F0B5FD022804DC20469D
:10D2A000BDE8704025F003BED4F8BC3004F1BC02E8
:10D2B00006BBD5F82811C5F824318A4201D1C5F83A
:10D2C00028310022C4F8BC2004F1C003BFF35B8FF7
:10D2D00053E8001F43E800200028F9D1BFF35B8F1B
:10D2E0002046D4F8B030984710B12046FFF772FFBF
:10D2F000204670BD3360D5F828319A4208BFC5F882
:10D300002861DEE71A46ACE79368FFDE401E002086
:10D31000980C00208C1D002013B5CC3030F8CA4C7E
:10D32000BFF35B8F50E8003F5A1E40E80021002900
:10D33000F8D1BFF35B8F01A8019325F063FD0128AD
:10D340000BD1074820F060F8064820F061FA40F25F
:10D3500001139C4201D1FEF7CDFF02B010BD00BF0A
:10D36000741D00203C140020F8B5457B8D4200AFB1
:10D3700004460E461BD1082D96BF784B784B53F8C8
:10D3800025306C4688B0774ACDE905234FF4007309
:10D390006A46ADF81C30744B42F8103F73480023C6
:10D3A0004FF4E451F9F742F8A546BD46F8BD417384
:10D3B000D5B1022D1ED0637B082B00F2CC8001A2D8
:10D3C00052F823F039D40300FDD40300C9D403007C
:10D3D000ABD30300ABD30300ABD30300ABD3030049
:10D3E00003D40300ABD303008378082BE3D025F0EC
:10D3F0005EFDE0E78378012BDDD140302AF08AF929
:10D40000D9E7A378042BD0D05948002121F0F0F8B7
:10D410000023C4E90D33E378012BC6D1A378012B97
:10D4200004BF032384F894304FF42032002304F126
:10D43000400020F05BFAB8E7A378042B03D1204624
:10D44000FFF76AFFB1E7082DAFD801A353F825F025
:10D45000BBD4030075D40300ADD4030099D40300FA
:10D460003FD403003FD40300ADD40300BBD403007A
:10D47000BBD4030004F140002AF04CF901212046FE
:10D48000FFF7CEFD204625F009FD0022002304F120
:10D49000400020F05FFA88E7022025F086FC034672
:10D4A00020B1344A3148022125F0B2FC237B002B05
:10D4B000C5D02046FFF792FCC1E72F4A33462B48E0
:10D4C000022125F0A5FC70E7A378012B7FF46DAF56
:10D4D0002A4B9D8A002D3FF468AF0A235D4340F23A
:10D4E000E73000214FF400464FF47A720023E5FB49
:10D4F0000601EAF7ABFA02460B4698E7237B3E2B80
:10D500000FD16D4688B01E4B6A46CDE90534032322
:10D5100042F8103F154800234FF4C451F8F786FF36
:10D52000AD46164D05F58476616911B9FDF748FAE7
:10D530003BE7A2690B686361914208BFA361204683
:10D54000FFF77CFCB5F80431002B14BF30460020F7
:10D550001FF05AFFE8E70B4A3346B0E718AE060063
:10D560002D36070037360700030000015C8F0600E8
:10D570004C1400204836070079360700980C00202C
:10D5800090360700B736070070B5024605460E46CE
:10D590000A48062125F0A6FC044610B900242046BE
:10D5A00070BD83781E42FAD1054A06482B460221F7
:10D5B00025F02EFC2046FFF7AFFEEFE7183A0020DB
:10D5C000D33607005C8F06002DE9F0470D4F8046EB
:10D5D000894692460024D02606FB047025F067FC9D
:10D5E000054628B1837818EA030F06D1FFF794FEA9
:10D5F0000134062CF0D1BDE8F0875146C8472846D3
:10D60000F4E700BF183A0020024900220120FFF78A
:10D61000DBBF00BF4DCF0300034BC01A034B00110B
:10D620005843C0B2704700BF183A0020C54EECC442
:10D63000F8B514461A4305460F461E4609D020F099
:10D64000C5FC104B984206D10F4A1048022124F025
:10D6500096F9002426460E4922463346002D14BF73
:10D660002846084624F03EFE044630B9094A0748D9
:10D67000022124F084F92046F8BD791D0C3024F0F5
:10D6800097FEF8E7A05B0020EA3607005C8F0600F3
:10D69000BC1D00201337070010B50446054820F0D4
:10D6A000B7F8204600F068FD2046BDE81040FFF7BF
:10D6B00095BB00BF2C1400202DE9F04F87B000AFC0
:10D6C0000025FD607D61FFF7A7FD0446F8B1437BAF
:10D6D000072B26D06E4688B07F4B6A46CDE90530D1
:10D6E000032342F8103F7D482B464FF4C451F8F70E
:10D6F0009DFEB5464FF0FF31D4F8A83007F1100277
:10D7000020469847014630B92046FFF705FE1C37F2
:10D71000BD46BDE8F08F7B69FA68204625F089FB9D
:10D72000E8E7DFF8CC81D0F8A830B8F8041107F1A9
:10D730001002984705460028E6D0B8F804213B6956
:10D740009A4208D30146D4F8AC6007F1140307F1FC
:10D750000C022046B0472B8A002B00F0B9807B6971
:10D760007B602846D7E903BA24F0BCFF8146E8B1C4
:10D770006FF004036E4688B0594A0794CDE905233B
:10D780006A46042342F8103F544800234FF40151E5
:10D79000F8F74CFE294620467B69FA68B54625F025
:10D7A00048FB1321204625F0BEFBADE7B8F8043155
:10D7B0004C484B4508BF4846002200231FF05EFE40
:10D7C00010B16FF00B03D5E74748002200231FF08C
:10D7D000EBFD06460028F4D07B68C0F804B08360F7
:10D7E000B8F804B12B8ADA4598BF1FFA8AFB5B456B
:10D7F00042D9284624F0A5FD5946FFF735FBB8F875
:10D80000042194F8C83092458CBF4FF001090233CF
:10D8100084F8C8907B60834604F1C409BFF35B8F32
:10D8200059E8002F013249E800210029F8D1BFF35F
:10D830005B8F314604F1140025F0CAFAA278012A60
:10D840001DD104210BF10C0024F0DEFD7B68228841
:10D8500023F0020342EA03330380BBF81030043B99
:10D86000438004238BF818305846FCF755FF0346D5
:10D8700038B9FDF7A5F847E759462846BDE76FF0E8
:10D8800015037B60BFF35B8F59E8002F013A49E82D
:10D8900000210029F8D1BFF35B8F314604F1140059
:10D8A00025F0E1FA7B68114A0C48012125F0B0FA15
:10D8B0005846FBF757FC20463146FFF7BFFAB8F849
:10D8C00004310848002B08BF00201FF09DFD4FE7E2
:10D8D0006FF079034EE700BF3C3707005C8F06000E
:10D8E00053370700A00D00208C1D0020D22B07000D
:10D8F000980C0020F8B5031D0446184625F082FA5E
:10D90000820421D5B4F88620B4F8881091421BD83F
:10D91000B4F88A10914217D3B4F88C10B4F8902060
:10D92000914211D1B4F88E10B4F8922091420BD1EB
:10D93000BFF35B8F53E8001F21F4005143E800124E
:10D94000002AF7D1BFF35B8F104B1D686DB155F8FE
:10D95000106C203D3EB1B4F88E30B4F88C20B4F891
:10D9600086102046B0472D6AF0E7094D094FBD42A9
:10D9700000D3F8BD2E693EB1B4F88E30B4F88C20D7
:10D98000B4F886102046B0472435F0E79C640020A8
:10D99000F48E0600F48E0600F8B50E4B1C680546A2
:10D9A0004CB154F8043C203C1BB105F1A4012846BD
:10D9B0009847246AF4E7084C084E05F1A407B442DE
:10D9C00000D3F8BDE36913B139462846984724349B
:10D9D000F5E700BF9C640020F48E0600F48E06007C
:10D9E0002DE9F041074608460E4624F0EFFE0546B5
:10D9F00018B900252846BDE8F081144B1C6884B195
:10DA000054F8143C203C0BB9246AF8E731463846F8
:10DA100098470028EDD0304624F0D8FE0028F3D1F6
:10DA2000E7E70B4CDFF82C804445E3D2E3680BB901
:10DA30002434F9E73146384698470028D9D0304693
:10DA400024F0C4FE0028F3D1D3E700BF9C6400207B
:10DA5000F48E0600F48E06002DE9F041C3780546E9
:10DA60008BB900F17E06114B1C687CB1203C05F19E
:10DA7000700763691BB13A46314628469847246AC5
:10DA800024B1203CF5E700F17706ECE7084C094F9C
:10DA9000BC4201D3BDE8F081636923B105F1700296
:10DAA0003146284698472434F2E700BF9C640020A2
:10DAB000F48E0600F48E0600F8B5437A83720546AC
:10DAC000164625F01FFC0D4B1C684CB154F8083C61
:10DAD000203C1BB1697A324628469847246AF4E70D
:10DAE000074C084FBC4200D3F8BDA3691BB1697A4B
:10DAF0003246284698472434F4E700BF9C6400204F
:10DB0000F48E0600F48E060008B5084B1A6800F182
:10DB1000200122B9054825F05BF9104605E0914245
:10DB200001D01268F5E76FF0100008BD9C6400207A
:10DB300038B505460C460F480621FFF78FFAC0B1ED
:10DB4000057223680367A388A0F87430A37980F86E
:10DB500076300123437283728370074BC0F8A8307C
:10DB6000064BC0F8AC30064BC0F8B030054BC0F8DF
:10DB7000883038BD183A0020EDE20300F12D060090
:10DB8000E52D0600180028002DE9F0410F4E07464C
:10DB900088460025304625F08AF9044620B183786E
:10DBA000012B0AD0FFF7B8FB0135062D06F1D00690
:10DBB000F0D100242046BDE8F0814246394625F0E8
:10DBC00061FA0028F6D12046ECE700BF183A0020A1
:10DBD000B0B500AF0D46FFF7D7FF044608B328469F
:10DBE000FBF7EEFC637B082B96BF0F4A0F4B52F8F6
:10DBF00023306D468AB00E4ACDE90703CDE90524EE
:10DC00000C4B09936A460C4B42F8103F0B4800231B
:10DC10004FF44251F8F70AFC2046AD46FFF77CFB73
:10DC20000120BD46B0BD00BF18AE06002D3607006E
:10DC30007637070001030204050000025C8F06002E
:10DC400038B50546134825F0DDF8420702D46FF0D9
:10DC50000A0038BD084624F0B9FD10B96FF0150070
:10DC6000F7E7FEF78BFE0028F1D10A4825F0CAF845
:10DC70000306C0F3C0140AD424F081FF0028EDD0BD
:10DC800029462046FFF7A4FF0028E2D0E6E76FF020
:10DC90007700DEE76C0D00202DE9F047DFF85090AB
:10DCA00006460F46924600254FF0D00808FB059027
:10DCB00025F0FDF8044620B18378012B06D0FFF74C
:10DCC0002BFB0135062DF1D100240DE037B13A468A
:10DCD000314625F0D7F908B92046F0E7637B534574
:10DCE000FAD1237AB342F7D12046BDE8F08700BFCE
:10DCF000183A002038B583780B70C3784B70037ADC
:10DD00008B70437B023BDBB2062B0D4698BF2A4942
:10DD10004FF0000298BFCB5C85F8232088BF1346E4
:10DD200085F82030044625F018FA85F821002046B1
:10DD300025F0CFF985F82200A378012B39D104F121
:10DD40007003AB60237A1D4AC3EBC30313446B60BB
:10DD5000E37813BB04F1770204F17E03C5E90323E2
:10DD6000B4F88630AB82B4F88C30EB82B4F88E30E5
:10DD70002B8304F1A403EB61D4F8A0302BB15B7BBF
:10DD8000DA0644BF012385F82330D4F8A03013B15C
:10DD90005B7B9B0606D4002038BD04F17E0204F1B3
:10DDA0007703DBE795F8233043F0020385F823304F
:10DDB000F1E76FF01500EFE706630700980C00200D
:10DDC0002DE9F8430446884615469946002B66D04F
:10DDD0001B6823B1354A3648022123F0D0FD29467D
:10DDE0002046FFF72DFF0646002834D1294620465D
:10DDF00025F01FF90546002854D098E80F002D4C57
:10DE000004F1080787E80F00A38AB34208BF4FF464
:10DE10009673A382238A03B9A3892382638A03B9F1
:10DE2000E38994F82321638294F822319A4218D925
:10DE300028460321FFF798FA0220FEF711FC68B18B
:10DE40000646022024F0B1FF28460021FFF78CFA95
:10DE50002846FFF761FA3046BDE8F883C9F800505C
:10DE6000F9E702212846FFF77FFA284624F0DAFC7A
:10DE700004460028F2D0002129732846FFF774FADF
:10DE80002846FFF749FA0320FEF7EAFB034620B1D4
:10DE9000094A0748022124F0BBFF2646DBE76FF062
:10DEA0001506D8E76FF00B06D5E700BFAF370700C0
:10DEB0005C8F0600980C00206227070038B50446E6
:10DEC00008460D4624F082FC38B3154B93F8D83041
:10DED000990707D4E37873B129462046BDE8384056
:10DEE00000F04CBB94F895309A07F3D5201D24F030
:10DEF00089FF4304EED42946204625F03FF958B95E
:10DF00002B88A4F888306B88A4F88A30AB88A4F8F2
:10DF10009030EB88A4F8923038BD6FF01500FBE725
:10DF2000980C0020F7B510F8333C044623BB40386A
:10DF300025F0D4F93B4B1D6855B155F81C3C203DEC
:10DF400023B114F8341CA4F1400098472D6AF3E77C
:10DF5000354D364FBD4206D3A4F1400003B0BDE8B5
:10DF6000F040FFF7D9B96B6823B114F8341CA4F161
:10DF7000400098472435EDE710F83E3C012B4FD187
:10DF800010F83D3C23B903B0BDE8F040FDF73AB9C5
:10DF9000A0F13C05BFF35B8F55E8003F23F400522E
:10DFA00045E800210029F7D1BFF35B8F990424D500
:10DFB000A36C00936946236D0193A4F14000FFF721
:10DFC0007DFF034698B9BFF35B8F55E8003F23F40C
:10DFD000805345E80032002AF7D1BFF35B8F4FF43E
:10DFE0000061284603B0BDE8F04024F013BF104A9A
:10DFF0001048022124F00CFFF1E70F4B0F4A69464D
:10E00000A4F14000CDE90023FFF758FF034628B9EB
:10E010004FF48051284624F0FDFEE0E7084AE7E788
:10E0200003B0F0BD9C640020F48E0600F48E060060
:10E03000E43707005C8F06001E00900106000C000C
:10E04000093807000C4B10B91860002070471A6897
:10E0500072B94269002AF7D1426832B9826822B99E
:10E06000C26812B98269002AEED06FF015007047BD
:10E070006FF07700704700BFAC64002008B568B14E
:10E08000094B1A6800F10C0122B9074824F0A0FEE0
:10E09000104605E0914204D01268F5E76FF01500D4
:10E0A00008BD6FF07700FBE7A4640020F8B51848BE
:10E0B000184D29F0FAF9002429461548013429F0B1
:10E0C00031FA032C05F10C05F6D125F030FD05F0F1
:10E0D000E9FD0546D0B925F05FF90F4F2E463846C9
:10E0E00024F0E5FE044660B1043024F08BFEC30743
:10E0F00004D5257203212046FFF736F92046FFF7A5
:10E100000BF90136062E07F1D007E8D12846F8BDF5
:10E110008C1D002078640020183A0020F8B5124DBC
:10E1200000AF0022542606FB02F35C19EB58ABB19A
:10E130000132062AF7D16C4688B00C4B6A46CDE90D
:10E140000530032342F8103F094800234FF4C25121
:10E15000F8F76CF96FF00B00A54603E0054A626022
:10E1600018460C60BD46F8BDB0640020AF3807000B
:10E17000CC8F06005CAE0600F7B5274C274F05464E
:10E180000026BC4201D303B0F0BD636801A9284654
:10E19000984700283ADB019823888382838400F122
:10E1A0001003A168BFF35B8F53E8002F43E8006CB6
:10E1B000BCF1000FF8D1BFF35B8FC0E91366866432
:10E1C0008660AA6B00F1080312BBC5E90D33056038
:10E1D000C160303029F069F9019843681B6803B1C8
:10E1E0009847019BBFF35B8F103353E8001F41F04A
:10E1F000010143E80012002AF7D1BFF35B8F0198B9
:10E200004368DB6913B100F1100198470C34B8E79B
:10E210001360AB63DBE700BFD08E0600F48E060010
:10E220002DE9F0411D4652EA050306460F46144605
:10E2300009D10024254622462B46391D3046BDE82B
:10E24000F041FFF7F5B91FF0C1FE024B9842F2D141
:10E25000EFE700BFA05B0020F8B50F4600210546A0
:10E26000164600234FF480320846FFF7D9FF0446D4
:10E2700038B9084A08482B46012123F088FB20467C
:10E28000F8BD04210C3024F09EF8057047704680DC
:10E29000F5E700BFD6380700CC8F060070B50568DB
:10E2A00004461E46D5B16B7B072B17D10B7A012B89
:10E2B00007D00C4A0C48012123F069FB6FF01500D0
:10E2C00070BDCB7A072BF9D98A61CE61303029F045
:10E2D00029F9204624F07BFF0020F1E76FF07F0052
:10E2E000EEE700BFFE380700CC8F06002DE9F84F9F
:10E2F000D0F8B44000AF884691464CB1483C236BFF
:10E300006BB104F1300A504629F01FF9054658B99F
:10E31000FCF756FB00252846BD46BDE8F88F204691
:10E3200024F075FFA46CE8E724F0DCF980B16C46BA
:10E3300088B0274B6A46CDE90535032342F8103FE4
:10E34000244800234FF4C251F8F770F8A546E1E7DE
:10E35000266D9EB9A38C2E8A403B9BB23F2B03D8DF
:10E36000238D9E4228BF1E46042105F10C0024F097
:10E370004BF80680A38C438004362665B0451DD338
:10E38000B5F810B0B34504D10022002350461FF069
:10E390000BF8A38CA3F140023F2A07D8B34514BF62
:10E3A00000220D4AAA6118BF1346EB61204624F0F3
:10E3B0002EFF236B13B1204624F009FF236DC9F80B
:10E3C0000030984534BFA3EB080200222265A2E783
:10E3D00016390700CC8F0600493306007FB50B8A3B
:10E3E000032B06460D4605D8464A0121464823F030
:10E3F000C6FA0FE0042105F10C0024F015F82B8A71
:10E4000042889A42044608D03F48009201213F4A80
:10E4100023F0C6FA002004B070BD417809B93C4A27
:10E42000E3E70378122B1FD0132B19D0012BF1D067
:10E43000384A3548022123F0AAFA61783568022269
:10E440000120FFF709FF04460028E3D002210C3029
:10E4500023F0B9FF0023037043702146284620E0D3
:10E46000012AD7D82C4AC0E7072A01D82B4ABCE793
:10E470003468637B072B02D0294A0221B6E7E37890
:10E4800093B102220120FFF7E7FE05460028C1D024
:10E4900002210C3023F097FF0023037043702946BC
:10E4A000204624F05EFFB5E7EB681A88ADF8082037
:10E4B0005A88ADF80A209A88ADF80C20DB88ADF8B0
:10E4C0000E3002221320FFF7C7FE05460028A1D018
:10E4D00002A92046FFF784FA0221064605F10C0046
:10E4E00023F071FF86F00103DBB20380294620464A
:10E4F00024F037FF002E8DD002A9204624F03EFEE6
:10E5000088E700BF2E390700CC8F06004C39070082
:10E510006D390700DB3907008E390700AA3907007B
:10E52000CD39070038B50B8A032B05460C4609D8B0
:10E530000F4A1048012123F022FA2046BDE8384056
:10E54000FAF710BE042104F10C0023F06DFF41889E
:10E55000284624F017FF30B9074A06480B46022127
:10E5600023F015FAE9E7436821465B699847E4E739
:10E57000033A0700CC8F0600203A070070B5144A12
:10E580000C461178013111F0FF010CBF01230B463D
:10E590001370064608BF194608221220FFF75CFEDA
:10E5A000054688B108210C3023F00DFF2388038035
:10E5B00063884380A3888380E388C38029463046EC
:10E5C000BDE8704024F0CDBE6FF00B0070BD00BF01
:10E5D00027A6002023281FD81A2804D8431E182B4A
:10E5E0000ED906207047A0F11B03082B1ED8DFE8C8
:10E5F00003F0051D1B231D19251D05000320704771
:10E600000F4A012383401A40C2B90E4A1A40002A19
:10E610000CBF06200120704700F07F03522B05D16C
:10E6200000207047012070470520704710F0400F10
:10E6300014BF002006207047042070470220704756
:10E64000AAAA8A0254554501011F014828F0FCBDC1
:10E65000EC1A002070B503788AB004460E4607AD68
:10E66000032B20D8DFE803F002191B1D11492846AF
:10E67000E9F710FA059563780493A3780393E37898
:10E6800002932379019363790093A3790A4A1E21A7
:10E6900030461FF0F9FF0AB070BD0849E7E70849A6
:10E6A000E5E70849E3E7084A0A2128461FF0ECFF9E
:10E6B000E0E700BF4E06070070060700550607009A
:10E6C0005C06070066060700D74807002DE9FF41F2
:10E6D00005460E464FF000084FF4205300681768B7
:10E6E0008DF8088002A91446ADF80A3023F03CFFEB
:10E6F000A0B142F6010328688DF80C8003A9ADF89B
:10E700000E3023F031FF48B123691BB15A88B24261
:10E7100000D25E80012004B0BDE8F0816168286805
:10E7200023F022FF10B100232361F3E7E368A06820
:10E730001A786AB1B7F81AC0798D038A8C4594BFEC
:10E74000C3EB0C03C3EB0103934201DA0020E2E7C1
:10E7500004210C3023F037FE2061068023695E809F
:10E76000074B00930194A26800232946384624F001
:10E770002DFF0028EADB2069003818BF0120CAE716
:10E78000993506002DE9F743156806468946006865
:10E7900051686F68144623F0E7FE8046002841D197
:10E7A00038469522314625F0E2FE0746207540B1F5
:10E7B000E3681B780BB184F81480002003B0BDE837
:10E7C000F083A06823F0C1FD02210C3023F0FBFD93
:10E7D000154B2061A0F8009000930194A2683B467D
:10E7E0003146284624F0F2FE002806DA10F5807F34
:10E7F0008CBF40420E202075DFE72369002BDCD060
:10E80000A06824F0D4FD6B8B6A8D9A4294BFC0EB54
:10E810000200C0EB0300E3681B78984294BF00201D
:10E820000120CBE70120C9E7BF33060010B500F196
:10E8300054030446BFF35B8F53E8001F41F001010E
:10E8400043E80012002AF7D1BFF35B8F201F24F0AA
:10E85000E3FD04F17400044928F04FFF2068BDE88F
:10E86000104003F049BA00BFF9F603002DE9F0416A
:10E8700082B000AF044688463D4800220023394656
:10E880001EF0E0FB0546B0B16D4688B0394B6A46D4
:10E89000CDE90534032342F8103F374800234FF4F5
:10E8A000C251F7F7C3FDAD466FF00B06304608378F
:10E8B000BD46BDE8F0811FF089FB304B2C2218606B
:10E8C0002946386829F0A2F93B682D481C603C684D
:10E8D0007D60C4E90155C4E9095500220023391DB2
:10E8E0001EF0B0FB064688B123686C4688B0254A06
:10E8F000CDE905236A46032342F8103F1E482B4604
:10E900004FF4C451F7F792FDA546CDE70146B0227A
:10E91000786829F07BF978681B4B8360603028F0B9
:10E92000C4FD7B68BFF35B8F583353E8002F43E887
:10E9300000610029F9D1BFF35B8F7B681C60636ABB
:10E940007D681BB904F10C0028F0AFFD626AC5F8C0
:10E95000A820A26A05F1A803636202B9A3627B68DA
:10E9600017225A855A830433C8F800309EE700BF47
:10E97000D01A00205C3A07004C8F060098670020F0
:10E98000EC1A0020813A07005C1400202DE9F04FBA
:10E9900091B0166880460F46002542F601030068D4
:10E9A000D6F804908DF82C500BA91446ADF82E30F3
:10E9B00023F0DAFD00286FD04FF42053D8F8000080
:10E9C0008DF82C500BA9ADF82E3023F0CDFD38B1C9
:10E9D000A3681BB15A88BA4200D25F8001200EE0C2
:10E9E0006168084624F0E3FC728D738B9A4294BFF1
:10E9F000C0EB0200C0EB0300032803D8002011B0D5
:10EA0000BDE8F08F084623F0A0FC0546606824F0BE
:10EA1000CEFC728D738B9A4294BFC0EB020AC0EB9E
:10EA2000030A05F10C0023F01BFD824537D2606814
:10EA300024F0BDFC728D738B9A4294BFC0EB020030
:10EA4000C0EB030070B96368987AFAF7E3FA002222
:10EA5000002323F047FC05460028CFD0014660681C
:10EA600023F084FC00230093D8F80460102302AA4A
:10EA700041464846B047061E0EDB227CE068B242A3
:10EA80002BD001460BA823F09DFD68B9237C154AC5
:10EA90001548022122F07BFF0023A3609EE705F1C9
:10EAA0000C0023F0DDFCCDE7F2B202A906A823F0AA
:10EAB00089FD10B90D4A3346EAE706A90BA823F0F1
:10EAC00053FD0028E8D16074042105F10C0023F007
:10EAD0007AFCA0600780A3687FE702A929F040FACA
:10EAE000EFE700BFA63A07004C8F0600C53A0700C3
:10EAF00073B50D46438D418B8B4202F1010228BF55
:10EB00000B469A42064609D91F48009202211F4A25
:10EB100022F046FF0024204602B070BD2846FFF7D1
:10EB200059FD6FF01403034113F001030CD01FF0E3
:10EB30004DFA174B984216D0164B1B681A1A18BF7D
:10EB40004FF0FF32134601E04FF4702212480021CB
:10EB5000FFF766FB044640B9104A0B482B460121DB
:10EB600022F015FFD6E70022ECE7FAF75BFA0C4B30
:10EB7000182202FB0033012104F10C009E6023F0F7
:10EB800022FC0570C7E700BF4C8F0600E43A07007F
:10EB9000A05B002098670020E81D0020D638070001
:10EBA000A86600202DE9F84F074608460D46FAF7FB
:10EBB00039FADFF8CC80E9681823434308EB0302F5
:10EBC0000646D2F80890BFF35B8FB86DBFF35B8F3A
:10EBD000C00709D4264A2748012124F002FC6FF01F
:10EBE00015042046BDE8F88FE8680078107100220F
:10EBF00048F803200B78D22B0FD13B6829461868C0
:10EC000026F007F8044640B11B4A1A48012124F0B7
:10EC1000E8FB2846FAF7A6FAE3E705F10C0023F033
:10EC20001BFC182303FB0683B5F810B09F6000237C
:10EC300082461A462946381DFFF730FB0446002855
:10EC4000CFD010F1690F04D10C4A0A48012124F0F9
:10EC5000C8FB6B69A5F810B013FA8AF3EB601823B0
:10EC60005E4308EB060348F80640C3F80890B8E78F
:10EC7000093B07004C8F0600233B0700363B07008B
:10EC8000A86600202DE9F14F0546FAF7CBF93E4979
:10EC9000182202FB00F3C81851F803A090F8049062
:10ECA000C788D0F810800021D0E9024628F0AEFFD6
:10ECB000A87AFAF7AFF96969834651B16B7AD80738
:10ECC00005D4DBF824301B6828469B68984700234E
:10ECD0006B612946584628F02FFCB9F1000F46D049
:10ECE000002C44D02368002B41D01B68002B3ED061
:10ECF000BAF1000F08D0254A25485346012101B03A
:10ED0000BDE8F04F22F043BE4846FFF763FC0546DE
:10ED1000201D24F01EFE052D29D8DFE805F01E0376
:10ED2000281E2803BFF35B8FA36DBFF35B8FDA0749
:10ED300007D4184A1648012101B0BDE8F04F24F06D
:10ED400050BBE36D9BB14FF47022002304F17800B7
:10ED500001B0BDE8F04F1EF0FDBD23681D68BFF394
:10ED60005B8FA36DBFF35B8FDB07E2D556B901B0B4
:10ED7000BDE8F08F41462846B0470134A3B2BB42FC
:10ED8000F8D3F4E70024F9E7A8660020593B070010
:10ED90004C8F0600093B07002DE9F3410B8A04461E
:10EDA0000E4643B92B4A2C48012124F01AFB0020BF
:10EDB00002B0BDE8F0810568012106F10C0023F0E6
:10EDC00033FB6B7B072B0746F1D154F8043C002B37
:10EDD000EDD00378214D043C002215F83200984212
:10EDE0004FEAC20805EBC20116D1328A4878904238
:10EDF0002AD91948009301211346194A22F0D0FD5F
:10EE000004234544AA78012AD1D1002BCFD03978E8
:10EE10000029CCD0002213E001321E2ADDD1114A94
:10EE20000D48022122F0B3FD39780846FFF7D2FBE6
:10EE30002122C24012F00102B9D10029B7D0062325
:10EE4000204624F0E4FDB2E74B682046314698475F
:10EE50000346D6E7783B07004C8F060084AE0600D9
:10EE6000AD3B0700933B0700F0B51D4603680E4617
:10EE7000003987B0044618BF01211868174625F0ED
:10EE800073FC40B904F1580024F0BCFC002844D0C5
:10EE9000002007B0F0BD002D41D0182200216846A7
:10EEA00028F0B4FE47BB23681E4A1B68009300236A
:10EEB000ADF812300C9B0393BDF83430ADF8103030
:10EEC00001238DF8143029466B4628468DF80860DA
:10EED00024F072FB9DF81430C3B1002FD8D00198F4
:10EEE000FAF740F9002ED3D09DF814302A461221AB
:10EEF000204624F08CFDCBE7002213212046FFF7AB
:10EF0000F7FD01900028CED11120C2E70199002918
:10EF1000BED0204624F053FDBAE71220B9E7012005
:10EF2000B7E700BF8134060008B5437B072B06D046
:10EF30000C4A02210C4824F054FA002008BD042198
:10EF400024F020FA10B9094A0121F3E7BFF35B8FDF
:10EF5000436DBFF35B8FDB0701D4054AF4E750F83C
:10EF6000040CEBE7CD3907004C8F0600CC3B0700C3
:10EF7000093B0700F8B50F461646FFF7D5FFB0B1BD
:10EF8000446A20461CB150F8A84904B1A83C731C3F
:10EF90001A4638B1458D418B8D4228BF0D469D42A2
:10EFA00007D264B90A4A0B48022122F0F0FC002083
:10EFB000F8BD32463946BDE8F840FFF799BDD4F8B0
:10EFC000A85005B1A83D204613462C46E2E700BFF5
:10EFD000E73B07004C8F0600F8B54FF47022074658
:10EFE000002310480E4623F07DF9044638B90E4A36
:10EFF0000E483346012122F0CAFC2046F8BD092103
:10F000000C3023F0D5F92046FAF70CF8084B1822FB
:10F0100002FB0033012104F10C009F6023F0D3F9BF
:10F020000670EAE7E81D0020D63807004C8F06007E
:10F03000A86600202DE9F0410D7C043DEDB2022DC3
:10F0400006468CB0084601D0102D64D104210C3046
:10F0500023F0EAF90DF1080804884788011D2A46C3
:10F06000404623F0AFFA002857D0A4B300258FB351
:10F07000A74230D34FF4205301A940468DF80450E5
:10F08000ADF8063023F070FA48BB1422002107A81F
:10F0900028F0BCFD11213046FFF79EFF09900028A3
:10F0A00037D001210C30CDE9076823F08CF900231B
:10F0B0000A90394603701A4A0B93204607AB24F096
:10F0C0007BFADDE909131B78FBB90846FAF74AF821
:10F0D0000A2301E03C460123224610210EE042F6BD
:10F0E000010307A940468DF81C50ADF81E3023F0EF
:10F0F0003BFA0028C9D0102322461946304624F096
:10F1000086FC00200CB0BDE8F081304624F057FCAE
:10F11000F7E71120F6E70420F4E70E20F2E700BF3E
:10F12000CDE603002DE9FF41036804460D4618684B
:10F13000012125F019FB40B904F1580024F062FBCD
:10F14000A0BB122004B0BDE8F08110220021684667
:10F1500028F05CFD21212046FFF73EFF029038B3E6
:10F16000009405F10C074FF001082B8A012B04D8FD
:10F170000299204624F023FC18E0384623F064F975
:10F180006B460C4A8DF80C800146064624F014FAB2
:10F190009DF80C30002BE8D00298F9F7E3FF9DF8BA
:10F1A0000C3032462021204624F031FC0020C9E7F3
:10F1B0001120C7E71B3706002DE9FF41036804460D
:10F1C0000D461868012125F0CFFA40B904F1580026
:10F1D00024F018FBA0BB122004B0BDE8F08110227F
:10F1E0000021684628F012FD0F212046FFF7F4FEAB
:10F1F000029038B3009405F10C074FF001082B8AF8
:10F20000012B04D80299204624F0D9FB18E0384697
:10F2100023F01AF96B460C4A8DF80C80014606461D
:10F2200024F0CAF99DF80C30002BE8D00298F9F7C9
:10F2300099FF9DF80C3032460E21204624F0E7FB62
:10F240000020C9E71120C7E78B370600F0B51D463F
:10F25000036885B004460E4618680121174625F05C
:10F2600083FA38B904F1580024F0CCFA50BB1220CC
:10F2700005B0F0BD65B310220021684628F0C6FC39
:10F2800039462046FFF7A8FE029018B3BDF8283093
:10F29000ADF8043001238DF80C3029466B460E4A38
:10F2A0000094284624F088F99DF80C3002995BB14F
:10F2B0000846F9F757FF9DF80C302A46314620469C
:10F2C00024F0A5FB0020D3E7204624F078FBF9E7E3
:10F2D0000120CDE71120CBE78B3706002DE9F04167
:10F2E0000E7C043EF6B2022E04468CB0084601D0D5
:10F2F000102E76D104210C3023F096F80DF104087D
:10F3000005884788011D3246404623F05BF90028F6
:10F3100069D085B377B3BD422DD86068012125F04F
:10F3200023FA064678BB8DF8000042F602036946D0
:10F330004046ADF8023023F017F920B342F603033C
:10F3400006A940468DF81860ADF81A3023F00CF984
:10F35000C8B1012D03D14FF6FF739F4213D004F1C2
:10F36000580024F04FFA002814BF002012200CB0DF
:10F37000BDE8F0813D4601232A460821204624F0BD
:10F3800046FB0020F3E7182200210DEB020028F0D5
:10F390003DFC09212046FFF71FFE0890F8B101212E
:10F3A0000C30CDE9064823F00EF8002309900370D5
:10F3B0000A238DF82C30394606AB0C4A284624F037
:10F3C000FBF89DF82C3008992BB10846F9F7CAFED6
:10F3D0009DF82C30D0E7204624F0F1FAD1E7112037
:10F3E000C5E70420C3E70E20C1E700BF85E703009F
:10F3F0002DE9F043884687B00546062108F10C0048
:10F4000023F012F80488D4B14688BEB1B44216D8AD
:10F41000002382888DF800308DF8043001A94FF464
:10F4200020536846D8F80C90ADF80220ADF80630AD
:10F4300023F09AF8074660B10A2301E0344601231D
:10F4400022460621284624F0E2FA002007B0BDE853
:10F45000F0830146142201A8B8F8108028F0D6FBEA
:10F4600007212846FFF7B8FD0290D8B10A238DF88E
:10F470001530314601AB0C4A01952046CDE90379A0
:10F480008DF8148024F098F89DF8153002992BB16E
:10F490000846F9F767FE9DF81530D1E7284624F0B5
:10F4A0008EFAD2E71120D1E78DE903007FB5CB6852
:10F4B0001C8805468CB15E8876B1B4420DD8102206
:10F4C0000021684628F0A2FB05212846FFF784FDAD
:10F4D000019058B9112007E0344601232246042147
:10F4E000284624F094FA002004B070BD6B463146E3
:10F4F000084A0095204624F05FF8DDE9011323B99E
:10F500000846F9F72FFE0A23E8E7284624F057FAC1
:10F51000E9E700BFE134060037B5002305460C4695
:10F5200001931EF053FD0B4B1B68834204BF002563
:10F530002C4601A908482A4623461DF083FD0146B2
:10F5400030B901981C2228F061FB019803B030BD4E
:10F550000020FBE798670020241B002010B504461C
:10F56000806818B1F9F7FEFD0023A3602146024828
:10F57000BDE8104027F068BE241B00202DE9F743AA
:10F58000044678301E460F46904628F0C3F8E36DD7
:10F5900053B9154A1548022123F023FF204603B032
:10F5A000BDE8F04300F088B8114A93424FF00002E2
:10F5B00017D05D685A60E06DD0F81890FFF7CEFF65
:10F5C00000232068E36524F07DF93DB12068CDF883
:10F5D0000090006843463A463146A84703B0BDE86C
:10F5E000F0831546ECE700BF023C07004C8F060095
:10F5F0009C670020F7B550F8044C0546002C57D006
:10F6000000F1A40104F1240024F0E1F805F15C0705
:10F610000022002338461DF0C7FE014670BBAB6DCB
:10F620002BB102466FF06703281FFFF7A7FF0023E7
:10F6300045F8043C05F15403BFF35B8F53E8001F0A
:10F6400021F0010143E80012002AF7D1BFF35B8FDC
:10F65000636A6BBB0022002304F10C001DF0A4FEC2
:10F6600078B9666886B913482660214627F0ECFD14
:10F67000286803B0BDE8F04002F0A8BCF9F772FDBD
:10F68000C6E7F9F76FFDE5E7A26833686360964265
:10F6900008BFA36077683FB1B36900930023206877
:10F6A0001A466FF06701B8473046FFF757FFD8E7B3
:10F6B00003B0F0BDD01A002030B5044689B054F82C
:10F6C000043B0546186823F050FD6946FEF7C2FF6B
:10F6D0002046FFF78FFF6868132123F024FC0346C0
:10F6E00020B1034A0348012122F051F909B030BD8D
:10F6F000193C07004C8F0600F0B5044689B054F859
:10F70000783D00AF186823F030FD3946FEF7A2FFC0
:10F710006E4688B00B4B6A46CDE905374FF400734F
:10F72000ADF81C30084B42F8103F00234FF4E25173
:10F730000648F6F77BFE2046B546FFF7BDFF2437A7
:10F74000BD46F0BD373C0700030000014C8F0600AA
:10F7500038B5C36D054623B3164A934221D0CB6812
:10F76000DC78F4B1052C406815D00F2C1AD1437AFF
:10F77000012B17D8022123F0B9FC08B1103011D1A8
:10F7800005F1780027F0C6FFEA6D137C43F0010312
:10F790001374002038BD437A032B03D8064AD15C8A
:10F7A000E9E70E240022234611462846FFF7E6FE2D
:10F7B000EFE700BF9C6700200D63070010B50C4603
:10F7C00000B3F9B1FFF7B0FBE0B1436A3BB153F8C6
:10F7D000A82902B1A83AD96D8C4205D05AB9214660
:10F7E000043023F0F4FF01E0074ADA652046BDE863
:10F7F0001040FFF7B3BED2F8A81001B1A8391346E4
:10F800000A46E8E710BD00BF9C670020F8B51D461A
:10F810000F461646F9F706FC044C182303FB00407C
:10F82000C0E903760123C3800575F8BDA8660020F2
:10F8300038B50C4619466BB103F11C05DB698AB972
:10F84000E268A360954200D1E36000230D68CB61BC
:10F850001A46A847A3685BB9601C0649BDE8384052
:10F8600024F08CBA1360E3689D4208BFE260ECE7C5
:10F8700038BD00BF5F62070008B526F08FFF38B1C2
:10F880000346044A0448012124F0A6FA6FF004005C
:10F8900008BD00BF6A3C0700AC8F060010B50849E0
:10F8A000144618461022A047041E07DA054A0648E7
:10F8B0002346012124F090FA204610BD0024FBE7E6
:10F8C000C83F0020803C0700AC8F0600F8B50B4D08
:10F8D00006460F46002415F8013CB34207D12946DD
:10F8E000384624F0CEFA10B105482044F8BD103453
:10F8F000C02C05F11005EED10020F7E74968002083
:10F9000048680020F8B50B4D06460F46002415F850
:10F91000013CB34204D12946384624F0B2FA30B94A
:10F920000C34902C05F10C05F1D10020F8BD0248F3
:10F930002044FBE7F93E0020F83E0020F8B50B4DCF
:10F9400006460F46002415F8013CB34207D139465C
:10F95000284624F096FA10B105482044F8BD0C342E
:10F96000902C05F10C05EED10020F7E75FA30020F5
:10F970005EA3002070B5204B144682689A420FD1D6
:10F98000A568C66875B922792168304624F081FAE5
:10F99000024628B11949013024F0F0F9157015819B
:10F9A000012070BDE0680028FBD02B888B420AD074
:10F9B000F6D2E068A36801380433E0600038A36041
:10F9C00018BF0120EDE7256822792946304624F04A
:10F9D00060FA024660B90949304624F05AFA0246F4
:10F9E0000028E6D02946013024F0C8F923791370A5
:10F9F000A3685B881381DCE771FF03005F62070087
:10FA000010B507481021F9F779FF034630B1BDE87A
:10FA10001040044A0448012124F0DEB910BD00BFA3
:10FA2000B83F0020A13C0700AC8F0600F8B50C4C95
:10FA3000074600252646621C67B90A49104624F08D
:10FA400020FA28B901350C2D04F11004F2D1064634
:10FA50003046F8BD2178384623F014FBF1E700BFAB
:10FA6000486800205F620700F8B507464C1C01F1AA
:10FA70003D05661E67B114F8011C2246384623F086
:10FA800001FB18B90A34AC42F3D106463046F8BD42
:10FA90000249204624F0F5F9F3E700BF5F62070052
:10FAA000F8B50C4C074600252646621C67B90A4982
:10FAB000104624F0E6F928B901350C2D04F11004A4
:10FAC000F2D106463046F8BD2178384623F0DAFAFE
:10FAD000F1E700BF146900205F6207002DE9F041E3
:10FAE00006460F46904622F094FE50B33946304603
:10FAF000FFF708FF044678B9134A0346104624F07E
:10FB000042FAC0B90C225A43104D501C39462844C1
:10FB100024F034F9AE545419012101FA08F104F12A
:10FB2000080024F0D0F9BDE8F04109484FF4004244
:10FB300000231DF00FBF01330C2B02F10C02DDD1AD
:10FB4000EAE7BDE8F08100BF003F0020F83E00205A
:10FB5000883F002010B5014600F10802042311F887
:10FB6000010BF9F78FFE034630B1BDE81040034AA0
:10FB70000348012124F030B910BD00BFC73C070085
:10FB8000AC8F06002DE9F04180460F4616461D4613
:10FB9000FFF7D4FE044680B91749FFF7CFFE0446AD
:10FBA00030B9BDE8F041154A1548012124F0F1B9FA
:10FBB00000F8018B394624F0E1F8238973B9628992
:10FBC00072B926816581214611F8010B22F021FED0
:10FBD00080B12046BDE8F041FFF7BCBF9E4204D390
:10FBE0006289AA4206D29E42ECD263892681AB4248
:10FBF000E9D2E7E7BDE8F0815F620700E33C070078
:10FC0000AC8F060038B5104B144682689A420D46F8
:10FC100018D122792168C06824F03BF990B1D4F85A
:10FC2000C8302F2B06D90948094A012124F0B1F91F
:10FC3000002038BD04EB8302013315810189518115
:10FC4000C4F8C8300120F4E771FF0300AC8F060050
:10FC5000023D070038B5BDF810409442154615D353
:10FC600094B143B90B480C4A2346022124F0B4F85E
:10FC70006FF00D0038BDA21A8A42A8BF0A4694B29E
:10FC80002246591927F09BFF2046F3E76FF0060044
:10FC9000F0E700BFAC8F0600563D07001FB51946C0
:10FCA0001046064B064ACDE9022308230093BDF80F
:10FCB00018206B44FFF7CEFF05B000BD1E00900179
:10FCC00006000C0008B513468168074A914209D125
:10FCD0001A791968C06824F0DCF818B100230360B1
:10FCE00043600381012008BD71FF030070B50B4B19
:10FCF000164682689A420ED1C5686C1C3D35316843
:10FD0000204624F0BEF818B17168204624F036F879
:10FD10000A34AC42F3D1012070BD00BF71FF030073
:10FD200002484FF4A47200231DF014BE504000207E
:10FD300008B50421084824F0C6F807486FF002010E
:10FD400024F0D0F8044824F01EF9C30701D5FFF7CA
:10FD5000E7FF002008BD00BF80400020024608B534
:10FD60000849013024F00AF8002313720C32BFF363
:10FD70005B8F52E8001F42E800300028F9D1BFF342
:10FD80005B8F08BD5F62070010B5FFF7D7FD044623
:10FD900078B1014611F8010BF9F780FD034620B157
:10FDA000044A0548012124F017F80023236063600A
:10FDB000A36010BD7E3D0700AC8F06002DE9F04327
:10FDC00085B0044600AF0E469046994658B9354A6C
:10FDD0003548012124F0DDF86FF015052846143769
:10FDE000BD46BDE8F08307F1080122F097FB054608
:10FDF000A0B16D4688B02D4B6A46CDE905344FF46D
:10FE00000073ADF81C302A4B42F8103F26480023FF
:10FE10004FF4E251F6F70AFBAD46DDE7391D204607
:10FE200022F0FCF8786858B10A22294628F039F9FE
:10FE3000034628B11F4A1C48012123F0CDFFCBE720
:10FE400007F108010020FFF779FD044620BB002ED2
:10FE5000C4D01949FFF772FD044638B9174A124851
:10FE6000012124F096F86FF00B05B7E7002300F8A6
:10FE7000013B07F1080123F081FF04F1080104228E
:10FE80004846C047041EA9DA0D4A07482346012107
:10FE900023F0A2FF2546A1E7002EEED106604660C2
:10FEA00086609BE762250700AC8F06009B3D07003C
:10FEB00003000001B73D07005F620700D23D070065
:10FEC000803C07002DE9F84F264B174682689A427E
:10FED000804629D1C568AB8F33B3DFF890B06C1C76
:10FEE00005F13D0A0026B4F807309BB114F8011C57
:10FEF0002246384623F0C6F8C8B914F8010C21464A
:10FF0000FDF742FE30B1437B072B08BF46F00106E8
:10FF1000FDF702FA0A345445E5D12EB92B6CAE87B1
:10FF200013B13146404698470120BDE8F88F387A32
:10FF300007F1700122F06DFC70B95D4502D13846C1
:10FF400024F0DBF90849204623F018FF002304F8C9
:10FF5000013CA4F80730DDE707F17001204623F0EB
:10FF60000DFFD7E771FF03005F620700D014002088
:10FF70002DE9F0479846BDF8203006468946002B0B
:10FF80004FD108F1FF33012B4ED8CF68B8F1010FE4
:10FF900039460CBF15781588FFF766FD0446B8B9D9
:10FFA00015B94046BDE8F0873946FFF75DFD0446C8
:10FFB00038B91F481F4A022123F0EBFF6FF01000F1
:10FFC000F0E706F17001013023F0D8FE337A237098
:10FFD0007B6CD3B9B4F808A02581BB8FAB4203D0AA
:10FFE0003946484623F0D7FFAA4505D0307A00228B
:10FFF00006F17001FFF772FD002DD2D10E49601C91
:020000024000BC
:1000000023F0BCFE25702581CBE72A4649463046C1
:1000100098470028C6DB01380128DBD96FF00D00B6
:10002000C0E76FF00600BDE76FF00C00BAE700BF55
:10003000AC8F0600F43D07005F62070073B50C4605
:100040000546082104F11800164623F03CFF122350
:100050000422CDE900323146034B2246284624F0E3
:1000600072F902B070BD00BFC543060008B5124862
:10007000012123F028FF10F0010F104B0AD1104A84
:100080009A610D4823F07FFF830713D4BDE8084031
:10009000FFF746BE1A8B588B012A4FF6FF7205D820
:1000A000904207D04FF6FF725A83EAE790421983D5
:1000B000E7D0F7E708BD00BF8040002030400020B7
:1000C0000100FFFFF8B51F46BDF81830012B0546AB
:1000D000164633D83B44012B3C4632DCFFF7A6FCE6
:1000E000024660B9FFF7A2FC024640B9184A194817
:1000F000022123F04EFF6FF010042046F8BD8FB1AF
:10010000117A002321FA03F0C70703D53078D840CD
:10011000C00719D50133032BF4D1337803F007035B
:100120001943117205F17001501C23F027FE2B7A40
:1001300013700121104624F06AF9DEE76FF006041F
:10014000DBE76FF00C04D8E76FF01204D5E700BFCF
:100150000E3E0700AC8F060010B56FF0020104469A
:100160000E4823F0BFFE0D4823F00DFFC20704D553
:100170000B48002200231DF0EDFB204623F0B5FDC7
:1001800058B12046FFF752FC38B1037ADB0704D59B
:10019000BDE81040012124F03AB910BD8040002094
:1001A000504000202DE9F04385B0044600AF894659
:1001B0001646984658B9424A4248012123F0E9FEC2
:1001C0006FF0150528461437BD46BDE8F08307F1EA
:1001D000080122F0A3F90546A0B16D4688B03A4B5C
:1001E0006A46CDE905344FF40073ADF81C30374B47
:1001F00042F8103F334800234FF4E251F6F716F966
:10020000AD46DDE7391D204621F008FF786858B17A
:100210000A22294627F045FF034628B12C4A2948DF
:10022000012123F0D9FDCBE707F108010020FFF7FA
:100230004DFB044690B9FFF7F9FB044638B9254A4F
:100240002048012123F0A5FE6FF00B05BAE700233B
:1002500000F8013B07F1080123F090FDB9F1000F10
:100260002AD0022239464046B047061E07DA1A4A0B
:1002700014483346012123F0AFFD3546A2E73B7811
:100280002372022E09D0154A0E48022123F081FE66
:100290000021204624F0BBF894E77B78012B05D998
:1002A0000F4A0848314623F097FDF1E703F00101BA
:1002B000204624F09CF885E72046FFF74FFD81E7B4
:1002C00062250700AC8F06009B3D0700030000017C
:1002D000B73D07003A3E0700803C07005C3E070040
:1002E000B03E070037B504460D46FFF7EFFA024669
:1002F000C0B1037A8DF804300C3023F044FE00F0D6
:1003000001008DF80500022301AA29462046F9F7CD
:10031000CDFA034620B1044A0448012123F05CFDD4
:1003200003B030BD0346F0E7013F0700AC8F060085
:1003300070B50A4C00250A49601C23F0A2FD014655
:1003400030B9204624F053F82078611CFFF7CAFF2B
:1003500001350C2D04F11004EDD170BD486800206A
:100360005F62070010B51C48012123F0ACFDC307F4
:1003700030D40221184823F0A6FD084007D11749C0
:10038000174B0A88174CA3421FD300B10A801649A5
:10039000164827F0B2F94FF4A47200231348F9F776
:1003A00047FB1349134827F0A8F90221124823F00C
:1003B0008AFD1249124827F0A0F91248FDF75EFEA7
:1003C000BDE810401048FDF79FBB988808330244F1
:1003D0000120D8E710BD00BF08690020EEA300206F
:1003E000F48E06002C8F060007450600D83F00203B
:1003F000C10B040050400020804000204F48060000
:10040000883F0020A81400208414002038B5BDF8CF
:100410001010BDF81840059D8C42104615D394B1BC
:1004200045B90B480B4A2346022123F0D5FC6FF057
:100430000D0038BD621A9A42A8BF1A4694B22246ED
:10044000294427F0BCFB2046F3E76FF00600F0E7F5
:10045000AC8F0600563D07002DE9F041034648B138
:10046000008A38B91249DFF84CE001244FF0140C2F
:10047000714501D3BDE8F081D1E90076BB4204D3D8
:10048000721E0CFB027293420ED93444A2B20831A0
:100490001446EDE70CFB0578434507D0013562199A
:1004A000AE4292B2F6D1F2E70025F8E71046E1E756
:1004B000F48E06002C8F06002DE9F74FBDF8305062
:1004C00000919A464FF6FF73002D08BF1D46234B3F
:1004D0001B888342804691463AD203B0BDE8F08F34
:1004E00073682344434531D29CB208361C4B9E426C
:1004F000F6D3F2E789580193484622F035F8019B7C
:1005000088B101340137A4B27368BB42EDD9009BB6
:100510009C42E2D84445F4D331680BFB07F28B18B8
:10052000B9F1000FE6D1BAF1000F0BD1013DADB228
:1005300018460E9A0D9B21469847002DCDD00028D5
:10054000DFD1CAE7DA689245DBD1EFE70027DBE7C6
:10055000044E01244FF0140BC8E700BFEEA30020A7
:100560002C8F0600F48E060010B5A2B010220021D8
:1005700001A827F04BFB1422002106A827F046FB18
:100580004FF41053ADF81430234C8023ADF81630DF
:100590004FF48063CDE90734102220AB01A905A8F0
:1005A00026F00DF8034630B11C4A1D48012123F006
:1005B00013FC22B010BD014654220BA827F026FBE5
:1005C000209922460BA826F0E6F8034608B1154A02
:1005D000EBE7154A0BAB4FF6FF71012023F089FFC3
:1005E00005AB124910220BA826F0F2F8034608B119
:1005F0000F4ADAE70D4A194602F11000013113786B
:1006000010F8014D02F8014B08290370F6D1094892
:1006100023F059FCCDE700BF0002C0032A3F0700CA
:10062000AC8F0600533F0700DD3D0600B83F0020B9
:10063000713F0700804000202DE9F0411849BDF8C6
:1006400018600746A1F1300014461D4627F075F8E2
:10065000144823F098FC000705D4FFF785FFFFF747
:1006600067FEFFF7CDF93846FFF7E0F968B1037A86
:10067000D9070AD500F10C03184623F084FCC20701
:1006800003D40221184623F01EFC102306933246A1
:1006900029462046044BBDE8F041FFF7DBBA00BF16
:1006A0000840002080400020B83F002010B51A48C4
:1006B00023F069FCC0F3C00080F0010408B9FFF723
:1006C00053FF154823F05FFC0346134823F05BFCFF
:1006D000DA061FD5830606D5E4B1FFF729FEBDE88B
:1006E0001040FFF78DB920210B4823F0ECFB0B499C
:1006F0001022881827F034FC48B9094827F00AF876
:10070000BDE8104004486FF0010123F0EBBBFFF798
:10071000ADFCE2E710BD00BF80400020B83F0020E4
:100720005040002008B51021034823F0CCFBFFF710
:10073000BDFF002008BD00BF804000202DE9F04F24
:10074000B9B000AF0C4692463949D7F808013A468D
:100750009B4621F042FC58B9364A3748012123F024
:1007600018FC6FF015052846E437BD46BDE8F08F4C
:100770003E68391D304621F051FC3EB92F4A2E48C3
:10078000012123F006FC6FF015043FE0786800BB00
:1007900007F108084FF000094146304687F81490E9
:1007A00021F0BCFE054608B36C4688B0244B6A466F
:1007B000CDE905364FF40073ADF81C30214B42F8FB
:1007C000103F1D484B464FF4E251F5F72FFEA5466A
:1007D000D9E70A22002127F064FC03460028D7D07D
:1007E000194A1548012123F0F7FACCE7C7F8108021
:1007F000E4B1C02207F120015846D047041E07DAB1
:10080000124A0D482346012123F0E6FA2546AAE7BD
:10081000A40807F12003C7E906340D4A07F11003C5
:100820004FF6FF71012023F064FE9CE72346F2E7B8
:10083000873F07008E3F0700AC8F06006225070048
:100840009B3D070003000001B73D0700803C070007
:1008500075F9030007B500230193FFF7FDFD411C67
:1008600089B20846034A01AB23F043FE019803B066
:1008700000BD00BF3B3D06002DE9F04387B0437B40
:10088000072B02AF80460C46164640F0A680002398
:100890003B73206842F6030307F10C01FB8121F052
:1008A00063FE0546002835D1D4F80490B9F1000F55
:1008B00005D14C4A4C48012123F06BFB8DE001230C
:1008C000009007F108022146C847031E11DA6E4660
:1008D00088B0464A0993CDE9072402AA042342F8C6
:1008E000103F41482B464FF40151F5F79FFDB546A7
:1008F00073E0012B05D03E4A3B48012123F06CFAFE
:100900006BE03B7A03F03003002B66D02046FFF704
:10091000A1FF0446002320683B7307F10C0142F657
:100920000213FB8121F020FE18B12046FFF792FF51
:100930000446002542F6021920683D703946A7F8A2
:10094000029021F011FE10BB002320683B7307F1D9
:100950000C0142F60213FB8121F006FE0546002839
:100960003BD1D4F80490B9F1000FA2D0009002233B
:1009700007F10C0221464046C847031EA7DB022BA5
:10098000B9D1BB891E4214BF0120002026E0206897
:100990003D7142F60303391DFB8021F0E5FD00287F
:1009A000D2D020683D724FF4205307F108017B81BB
:1009B00021F0DAFD0028C7D020683D7342F601031C
:1009C00007F10C01FB8121F0CFFD0028BCD02046AF
:1009D000FFF740FF04460028AED100201437BD4683
:1009E000BDE8F0839A3F0700AC8F0600AE3F0700DA
:1009F000D43F07002DE9F8431546884694226968DC
:100A0000074623F0B4FD064648B12C4A2C48022183
:100A100023F0BFFA4FF0FF352846BDE8F883696838
:100A200002223846FFF728FF38B9264A2448022117
:100A300023F0AFFA6FF01505EEE74FF470200021B8
:100A4000B5F81490FEF768FD0446A8B109F102025A
:100A50001D4B42611D214174C6604360856138466B
:100A6000FEF788FA814650B91548184A022123F04A
:100A700090FA2046FEF772FD6FF00B05CCE70123DC
:100A800032463146FEF7C2FEA98A09F10C00023156
:100A900021F099FC20F8028BAA8A296927F08FF8A7
:100AA000C4F808902146384623F0E8F805460028A7
:100AB000B2D02046FEF752FDAEE700BFED3F070083
:100AC000AC8F060003400700413D06002E400700A2
:100AD00070B504468AB0374823F055FA42070D46F0
:100AE00061D514B1637B072B60D16E6805963046E3
:100AF000FFF7B2FC2A68ADF8180032B305A90291DD
:100B00002D4901910121002300914FF6FF710593BA
:100B1000FFF7D2FC059E1EB96FF001000AB070BD50
:100B20006E60002330688DF8103004A942F603038C
:100B3000ADF8123021F018FD70B90598C3689B79A3
:100B40009B0605D46FF01500E8E70028E9D1E3E73C
:100B500023F088FCADF81800BDF818003CB1012363
:100B60000146AB752A462046FFF744FFD6E76FF0F3
:100B70007F0307930223ADF8203042F60213ADF84D
:100B8000123005ABAC7502930C4B0193012300931B
:100B900004AA23464FF6FF7109958DF81040FFF720
:100BA0008BFC0798BAE76FF00A00B7E76FF07F0099
:100BB000B4E700BF6C0D0020713D0600BD0E0400BF
:100BC00073B5044650F8083C01936FF001013030D2
:100BD00023F088F90E4B44F81C3C0E4B44F8183CAB
:100BE00001AB002044F8103C042324F8080C24F83E
:100BF000060C24F80C3CA4F12001FFF769FF20B992
:100C0000022104F1300023F05EF902B070BD00BF94
:100C1000ACAF0600590104002DE9F84F3D4B914659
:100C200082689A4200AF064670D1D0F80C80D9F89D
:100C3000004008F1010508F13D0AB5F80730F3B1AD
:100C400015F8011C2A46204622F01CFAB8B14FF4D0
:100C500095723146204623F08AFC30B3032812D126
:100C6000EB4688B02C4B6A46CDE9053642F8100FAA
:100C70002A4800234FF4C451F5F7D8FBDD460A3566
:100C80005545DAD142E0052820460CBF4FF0030B52
:100C90004FF0020B22F061FA834506D999F804302F
:100CA0005B45ECD289F804B0E9E74146304623F0D1
:100CB00072F91B4B984529D1207A04F17001FEF797
:100CC0003DFE054610B303890BB94389F3B12046B5
:100CD000FCF7A2FC134B2A8923F8202003EB8003A6
:100CE0006A8911495A80182202FB00110F4A4A6092
:100CF0000B610F4A8A60042320468B82FFF7E8FECF
:100D000020B10C4A0548012123F043F90120BD46DA
:100D1000BDE8F88F71FF030055400700AC8F060057
:100D2000D014002046A30020B8670020ACAF060016
:100D30002B44060069400700F8B514460F4694227C
:100D40006168064623F013FC38B11E481E4A022192
:100D500023F01FF94FF0FF30F8BD616801223046E3
:100D6000FFF78AFD38B91748184A022123F011F914
:100D70006FF01500F0E7A2891B2102323046FEF722
:100D8000F9F8054638B90F48114A022123F001F954
:100D90006FF00B00E0E7A1890C30023121F013FB6A
:100DA00020F8027BA289A16826F009FFD4E9041289
:100DB00028460123FEF72AFD29463046BDE8F840C3
:100DC00022F02BBFAC8F0600ED3F07000340070069
:100DD0008640070070B504468AB0354823F0D3F842
:100DE00042070E465DD514B1637B072B5CD1756855
:100DF00005952846FFF730FB3268ADF8180032B38E
:100E000005A902912B4901910121002300914FF680
:100E1000FF710593FFF750FB059D1DB96FF00100B1
:100E20000AB070BD7560002328688DF8103004A9E1
:100E300042F60303ADF8123021F096FB70B9059825
:100E4000C3689B79DB0605D46FF01500E8E700283E
:100E5000E9D1E3E723F006FBADF81800BDF8180070
:100E60002CB1014632462046FFF766FFD8E742F62E
:100E70000212ADF8122005AA6FF07F0302920E4A0B
:100E800007930123CDE90032ADF8203004AA2346B0
:100E90004FF6FF7109968DF81040FFF70DFB07988C
:100EA000BEE76FF00A00BBE76FF07F00B8E700BF56
:100EB0006C0D0020713D0600BD0E04002DE9F84FB9
:100EC000414B154682689A42814638D1D0F80C8051
:100ED0003E4B98451BD13E4C00263E49204622F011
:100EE000D0FF78B914F8010C07222146FCF7D4FE94
:100EF00040BB2B6914F8010C1A69214653881288EB
:100F0000FEF740FE01360C2E04F10C04E5D108F189
:100F1000010608F13D0AB6F80720AB899A420BD1C9
:100F200016F8010C3146FCF72FFE074620B1437B33
:100F3000072B0AD0FCF7F0F90A365645EBD14FF0F3
:100F4000010B2FE0FCF7E8F9DCE7D8F8483023B1D3
:100F50004946984708B93846ECE79422494638464E
:100F600023F005FB834628B11B4A1C48022123F0CD
:100F700010F8F0E7AB89022B17D1B6F807309A07C3
:100F800020D52A69A9883846FFF734FD044618B9E8
:100F90002A69937D013393753846FCF7BDF9002C1F
:100FA000AC60C9DA5846BDE8F88F012B0AD1B6F813
:100FB0000730DB0706D52A69A9883846FFF7BCFE4B
:100FC0000446E9E75C46E7E771FF0300D014002020
:100FD0005FA300205F620700ED3F0700AC8F0600B3
:100FE00070B5437B072B86B005460C4640F0A380C6
:100FF0000B7C062B00F29D80DFE803F004045757BA
:101000005F9426000B68BBB11B783BB1022B11D05B
:101010004A4A4B48012122F0DFFE5CE0082301939D
:10102000062300934749484B2246284623F08BF974
:1010300006B070BD1623F2E710230421CDE900317C
:101040002246424B4249F0E70868002843D0067820
:10105000002E40D14FF4245302A98DF80860ADF85A
:101060000A3021F081FA00B342F6021320688DF8AD
:101070000C6003A9ADF80E3021F076FAA8B142F663
:10108000031320688DF8106004A9ADF8123021F028
:101090006BFA50B142F6041320688DF8146005A96C
:1010A000ADF8163021F060FAA8B908230422CDE982
:1010B00000322849284B2246B7E70868002831D07B
:1010C00000264FF4205302A98DF80860ADF80A30CD
:1010D00021F04AFA10B96FF01500A9E742F60103B2
:1010E00020688DF80C6003A9ADF80E3021F03CFAB1
:1010F0000028F0D042F6020320688DF8106004A9A1
:10110000ADF8123021F030FA0028E4D042F60303A3
:1011100020688DF8146005A9ADF8163021F024FA86
:101120000028D8D00423CDE900330C490C4B2246CB
:101130007BE70C4A6DE76FF07F0079E7AF4007006F
:10114000AC8F06001F4606007942060039400600B3
:101150006911040089120400694006005916040050
:10116000F53F0600C44007002DE9F0478EB0074662
:10117000169D904631B16B682A4600210EB0BDE83D
:10118000F047184763B93D4A3D48022122F001FF6C
:101190006B682A460021384698470EB0BDE8F087B4
:1011A0001278062A09D0142A06D013463448354A44
:1011B000012122F011FEEBE70221013B00268DF810
:1011C00010109CB208F1010AB14694420BD2002CD7
:1011D000DED1002EDCD02A46314638460EB0BDE8BE
:1011E000F04723F0FFB91422002109A826F00EFDD4
:1011F000BAF8002093B2002BCAD0BAF802108EB20F
:10120000002EC5D0B342C3D89DF810301BB3022BBB
:1012100026D02B7CADF80C10002B42F6010308BF42
:101220004FF42053ADF8063004AB029301AB0993A1
:1012300002ABADF834200C938DF804906B682A460D
:1012400009A9384698470028A7D098F80020A41A82
:10125000A4B29244B9E7BAF80430ADF81230D8E736
:101260000AF104030DF111000AF1140C53F804EB18
:1012700040F804EB6345F9D1CBE700BFDF4007003E
:10128000AC8F0600E94007002DE9F04F93B081468E
:101290001C9D17461C4631B16B682A46002113B0CD
:1012A000BDE8F04F1847287C022840F0848053B9ED
:1012B000964A9748022122F06CFE6B682A4600216C
:1012C000484698475BE01378062B08D0082B05D0DA
:1012D000904A8F48012122F07FFDEEE70846013C4D
:1012E0008DF82000A4B207F1010B002642F6020A95
:1012F0009C420BD2002CE0D1002EDED02A46314693
:10130000484613B0BDE8F04F23F06CB9BBF800803D
:101310001FFA88F6002ED0D0BBF80200ADF81C00F2
:101320009DF82020BBF80410ADF81E1062B1022A0F
:1013300015D0296831B308A821F016F910B33B780D
:10134000E41AA4B29B44D3E708AA06929BF80620AD
:101350009BF8071042EA0122ADF82220E9E70A23B0
:101360006881A981A5F808806B49019200932A46FB
:101370006A4B484622F0E7FF86B2002EBED113B07A
:10138000BDE8F08F4FF00003102200210EA88DF869
:101390001430ADF816A026F039FC05AA0D9206AA65
:1013A00010926B68ADF844802A460DA948469847CC
:1013B0000028C4D1E3E7032864D1002B3FF478AFC1
:1013C0001378072B02D0152B82D10221013C002675
:1013D0008DF82010A4B207F10108B2469C4289D3CF
:1013E000B8F800B01FFA8BF6002E3FF466AF9DF8F8
:1013F000203063B1022B13D02968F1B108A821F085
:10140000B3F8D0B13B78E41AA4B29844E6E798F870
:10141000053098F8062043EA0223ADF82230EBE7C6
:1014200008F105030DF1210208F1150153F8040B31
:1014300042F8040B8B42F9D1DEE7B8F8032098F8A4
:101440000230ADF81C2008A906918DF81E3010223C
:1014500042F6030300210EA8ADF816308DF81FA048
:101460008DF814A026F0D2FB05AB0D9306AB1093BC
:10147000ADF844B06B682A460DA948469847002845
:10148000C0D17CE72B681E782EB94CB91F4A204882
:10149000022122F07EFD6B682A4600214846FEE6C6
:1014A000B3F802A0013CA4B202F10108AAF5245A43
:1014B0003B78A34204D9002CEDD1002EEBD01DE7E0
:1014C000012C01D8164AE2E7B8F800B01FFA8BF6F3
:1014D000002EE0D0BAF1040FDDD801A353F82AF0B2
:1014E000F514040097140400FD140400051504000D
:1014F0006D150400032C1BD80A4AC8E7032C17D823
:10150000094AC4E7032C13D8084AC0E7DF400700A4
:10151000AC8F0600E9400700B5150400E13F060066
:10152000FD4007000B410700194107002741070054
:10153000B8F80230ADF820302B6803931022002158
:101540000EA826F063FB039B0D9308AB1093ADF838
:1015500044B06B682A460DA94846984700283FF4D6
:101560000EAF3B78E41AA4B29844A1E7082C01D846
:101570000F4A8CE798F802308DF8203098F8033045
:101580008DF8213098F8052098F8043043EA0223BA
:10159000ADF8223098F806308DF8243098F80730EE
:1015A00098F8082043EA0223ADF82630C4E700BFCC
:1015B00035410700F0B58FB0102B149C05460CD0B8
:1015C000234A2448012122F007FC636822460021B7
:1015D00028460FB0BDE8F04018476389ADF80C30DD
:1015E000A389ADF80E3004A8022326898DF81030A7
:1015F00002900DF1110302F1100152F8047B43F83F
:10160000047B8A42F9D12168C1B9002142F6020364
:1016100010220AA88DF80410ADF8063026F0F6FA6C
:1016200001AB099302AB0C93ADF8346063682246BA
:1016300009A92846984728B90FB0F0BD20F094FFBB
:101640000028E2D021892246284622F0CBFFF3E78A
:10165000E9400700AC8F06002DE9F04F8FB08246BD
:10166000189D29B953B9534A5348022122F091FCDD
:101670006B682A4600215046984797E01078012869
:1016800008D002281FD003464C4A4B48012122F0C3
:10169000A3FBEDE708464FF00408013B9BB243452E
:1016A0008DF81000E4D3B3FBF8FB0027541C00971F
:1016B000B94604AEBBF1000F08D100992A46504646
:1016C00022F090FF72E04FF01208E6E723880193C2
:1016D000BDF804300093002F52D19DF81030002B3C
:1016E00036D0022B3BD02968002944D12B7C042B17
:1016F0004BD14FF4205302A930468DF80890ADF835
:101700000A3020F031FF00283AD042F6010303A945
:1017100030468DF80C90ADF80E3020F025FF78B3F0
:1017200042F6020309A930468DF82490ADF8263020
:1017300020F01AFF20B342F6030309A930468DF8C2
:101740002490ADF8263020F00FFFF0B9012718E003
:10175000A378E27843EA0223ADF81230C3E7A31C72
:101760000DF1110204F1120153F8040B42F8040BBD
:101770008B42F9D1B7E7304620F0F6FE0028B5D00D
:1017800000270BF1FF3B444494E7102200210AA8F4
:1017900026F03CFABDF80430ADF8343009966B6899
:1017A0002A4609A9504698470028EAD10FB0BDE85B
:1017B000F08F00BFDF400700AC8F060043410700F9
:1017C00007B5437B072B0A462BD14B683BB908234F
:1017D0004FF0040ECDE9003E134B144909E0012BF4
:1017E00010D0097B5B00019339B12023009310498D
:1017F000104B22F0A8FD03B000BD0E2300930E494C
:101800000E4BF6E74B8933B10C234FF0040CCDE9B6
:10181000003C0B4BE1E70A230221CDE90031094BE3
:10182000DBE76FF07F00E6E7C542060049180400D9
:101830000F410600CB400600CF400600A540060041
:10184000214006000D4006002DE9F04F85B002AFA3
:1018500080463C6B91469A460E4641B96BB9256865
:10186000002300932246F1B24046A8471CE0B1F5A0
:10187000807F256828BF0E26F2E76368002B64D1BD
:101880000AF1FF352389B4F80AB07B60ADB202F1EA
:10189000010A002D40D0BAF800108AB242B93A4A83
:1018A0003A48012122F075FB0C37BD46BDE8F08FA8
:1018B00099F800307868AB428CBFAB1E023B904277
:1018C0009BB201D8934518D26D468AB0304BCDE912
:1018D00007327B6802AACDE9093B052342F8103F95
:1018E0002A4800234FF42251F4F7A0FDAD4600230F
:1018F0000093256822460E21B6E7218100932668D1
:101900000AF10203224600214046B0470028CBD00E
:1019100099F80030AB4206D921464046FFF750FF08
:101920000028C1DAE3E7238962899A4205D10023BE
:10193000009325682246194696E70133238199F8DA
:101940000030ED1AADB29A44A3E7CDF800A01346DB
:1019500025682246A8470028A6D0238A013B9A453D
:1019600003DA009625683346E4E763890AEB03054A
:10197000658121464046FFF723FF002894DA009650
:1019800025683346B6E700BF55410700AC8F060017
:10199000644107002DE9FF479246427B072A1D4616
:1019A000DDE90D899DF8303006460F463CD1C27AFC
:1019B0004ABB43B305F10E02D221FDF7DBFA044620
:1019C000E0B102210C3020F0FEFC00220780002351
:1019D0000027CDE90023CDE902775246294620466B
:1019E000F7F7DCFB854212D0114A00902B461148D4
:1019F00002211FF0D5FF2046F7F7B4FB6FF00B0074
:101A000004B0BDE8F087AA1C52213046D5E7414614
:101A100020463B464A46FDF7F9FE2146304604B0D3
:101A2000BDE8F04722F0F9B86FF07F00E8E700BFAB
:101A3000CB410700AC8F0600F7B5437B072B06466A
:101A40000C466AD1FEF72CF8054658B9FEF728F87F
:101A50000546002864D006F17001013022F08EF9AD
:101A6000337A2B70206918B14268324B9A425AD0AF
:101A7000AB689BB11C3B00229C4257D01F89218937
:101A80008F4205D19F8AA18A8F4228BF42F001026E
:101A9000DB690BB11C3BEFE7002A34D1618911BB34
:101AA00042F602138DF80410234DADF80630019B69
:101AB0002B60182226F0AAF823695C6123691D6057
:101AC000236904221A74236922891A812369A2894D
:101AD000DA812369174A5A602169304603B0BDE8AC
:101AE000F040FFF77DBA154A21463046FEF7A6FAC8
:101AF000024640B1AB681BB91149681C22F03EF99F
:101B0000104603B0F0BDAA68E261EA6804F11C0364
:101B1000AB6002B9EB600022F2E76FF07F02EFE703
:101B20006FF00B02ECE76FF00F02E9E76FF077025E
:101B3000E6E700BFB746060042A30020033F0600C9
:101B40005F6207002DE9F041437B072B07460D46F6
:101B50005CD1FDF7A5FF064600285AD08468002C0A
:101B600057D000231C3C9846AC4209D021892A89D1
:101B7000914208BF48F00108E4691CB11C3CF3E73E
:101B80000123F9E7002B44D005F1180022F0FBF9FE
:101B9000430703D52946384622F0B6FDB8F1000FB9
:101BA00019D0B36805F11C0253B19A4224D1EB69F4
:101BB000E4B9F168B3608A4200D1F3600023EB61BD
:101BC000B3681BB91449701C22F0D8F8B8F1000FA3
:101BD00015D1002008E0114AA5F81480294638469E
:101BE000FEF72CFA0028DCD0BDE8F0812360F36812
:101BF0009A4208BFF460E1E71C461B68D4E7002363
:101C00002C681A4629463846A047E2E76FF07F0065
:101C1000EAE76FF01500E7E75F620700033F0600A1
:101C20002DE9F0478C68BDF82080064691469A461B
:101C300024B154F81C5905B11C3D0CB9BDE8F0871E
:101C400023894B4515D1A27D737A9A4211D8276812
:101C50004346524621463046B84750B921463046A1
:101C6000FFF770FF034620B1064A0748022122F021
:101C7000B3F82DB1EB6903B11C3B2C461D46DCE7E4
:101C80002B46FAE7FA410700AC8F0600F0B587B0A3
:101C900007460C461546FDF703FF0646C0B12A4627
:101CA000214603A820F07FFBBDF81030042B0FD98C
:101CB000042103A820F0B8FBBDF810304488A342EB
:101CC00008D20B4A0B480095234601211FF068FEFD
:101CD00007B0F0BD0346314633F8042B0094384674
:101CE000FFF79EFF214603A820F09EFBDCE700BF24
:101CF00019420700AC8F060070B58EB00446039001
:101D0000012300F17001007A8DF8103020F081FD80
:101D100098B1227A5AB302AE042130461FF0CAF8B5
:101D20000096144A242105A804F17003F7F7FAFC81
:101D300005AA11491046F6F7ADF84FF6FF710F4AA4
:101D400003AB012022F0D5FB204621F006FA9DF8D6
:101D50001010884209D2204621F0C8F9034620B16C
:101D6000074A0848022122F037F80EB070BD0092F1
:101D7000D7E700BF234107003D070400190C04000A
:101D800032420700AC8F0600F8B5084B1C680546C8
:101D90000E4617464CB154F8043C043C1BB13A467D
:101DA0003146284698476468F4E7F8BD0C6900207E
:101DB0002DE9F04182B000AF05463860012300F103
:101DC0007001007A3B7120F024FD88B94FF6FF7155
:101DD0000120204A3B4622F08CFB0021284622F0BD
:101DE000C3FC08B9FEF742F90837BD46BDE8F081EB
:101DF0002846FDF755FE0028E8D08468002CE5D081
:101E00001C3C04F1180022F0BEF8020720D404F1B3
:101E1000180022F0B8F88307C0F3400818D40E4A1F
:101E200021462846FEF70AF9002811DA6E468AB0E4
:101E30000A4B6A46CDE905350523CDE9074042F84E
:101E4000103F074843464FF42251F4F7EFFAB546E6
:101E5000E469D3E7190C04007B3F06005E420700EB
:101E6000AC8F060030B5B5B0002301918DF80800A5
:101E700033930F4A01AB04460D4601204FF6FF7124
:101E800022F037FB339B83B19B0003AA20462946EF
:101E9000F7F720FD044628B10346064A064801210B
:101EA00021F09AFF204635B030BD1A46EEE700BF5C
:101EB00005FC030086420700AC8F06002DE9F341C4
:101EC0000446CDE90012884600F17001007A1746F9
:101ED00020F09FFC0F4A06466B464FF6FF7101202B
:101EE00022F007FB26B1207A04F17001FFF7BAFF58
:101EF000207A4146FDF7EAFC48B13946013021F02D
:101F00003DFF26B1207A04F17001FEF7EBF902B033
:101F1000BDE8F081EDFC0300F7B50023CDE9001327
:101F2000274A8DF8040005460E466B464FF6FF71B2
:101F3000012022F0DEFA31462846F7F7D7FC0028C8
:101F400021DB31462846FDF71FFF31462846FDF7C5
:101F5000BDFC08B1FDF702FF31462846F7F7B2FC99
:101F6000002810DB174F002417F8013CAB4204D1C6
:101F70003946304621F085FF38B91034C02C07F1BE
:101F80001007F1D1002003B0F0BD0F4D2544AB6820
:101F9000002BF7D053F81C4904B11C3C0026002B41
:101FA000F0D000229E8229461046FDF741FC2CB15C
:101FB000E26902B11C3A23461446F0E72246FAE7EA
:101FC000C5FC030015690020146900202DE9F74FB6
:101FD000054603463B4A4FF6FF71012005F17007A5
:101FE00022F087FA287A394622F0F7FB287A394618
:101FF00020F00FFC60B10023CDE900732B7A8DF83F
:102000000430314A6B464FF6FF71012022F071FA1D
:102010002846FDF745FD804640B92846FDF706FDF8
:10202000044600283BD103B0BDE8F08F8468002C43
:10203000F3D054F81C6906B11C3E4FF00009CA46A3
:10204000002CEAD06FF0080104F1180021F04AFFDB
:10205000287A394620F0DDFB70B9A4F814A0234695
:102060004A4641462846FDF7E3FBB6B1F36903B1A2
:102070001C3B34461E46E3E704F1180021F083FFC1
:10208000C307EAD498F8013023B1394608F10100BA
:1020900021F074FE04F11C09E7E73346E9E7287AEA
:1020A000394620F0B6FB28B9204603B0BDE8F04F12
:1020B000FDF754BE3946601C03B0BDE8F04F21F077
:1020C0005DBE00BFC5FE0300C5FC0300034B4268B4
:1020D0009A4204BF83691982704700BF49180400FF
:1020E000084A10B501460023141DE01822F0F0FB49
:1020F00008B1981810BD03F5BC73B3F50D6FF4D19A
:10210000F8E700BF8840002038B50F2104460430AE
:1021100022F0DEFB08B1002038BDD4F8A00090B951
:10212000217A04F17002202001F04AFEC4F8A000D8
:1021300048B9217A04F17002042001F041FEC4F88C
:10214000A0000028E7D0C38903F02403002BE2D0CD
:10215000A37A022B0ED9427BD207DCD5032B09D000
:10216000C268054B9343D6D1007BA0F110035842BF
:102170005841D1E70120CFE70001200010B50C4AFB
:1021800011680C4ABFF35B8F00F5B87353E8004F3A
:10219000944204D143E8001CBCF1000FF6D1BFF318
:1021A0005B8FBFF35B8FD0F87001BFF35B8F10BD07
:1021B000AC6400208840002008B5FFF7DFFFB8B10D
:1021C000436843B1826832B1C26812B90B4A1278CF
:1021D0003AB904200BE0094A127812B10BB1C26877
:1021E00042B9826842B9934214BF1046032008BD29
:1021F0000320FCE70120FAE70220F8E728A60020E8
:1022000038B50C46037BC17C03EA0102150704D5EF
:10221000C27A857C2A43D2070ED4042C0ED80B43F5
:1022200013F0040306D0FFF7C7FF054B04EB84044B
:1022300023441B5C184638BD0523FBE70023F9E760
:102240003163070038B50546FFF798FFD5F8EC3045
:102250009B7A032B04460AD005D8013B012B8CBF87
:102260000020012038BD042B0FD00020FAE72846BB
:10227000FFF7A2FF032806D11CB12469003C18BF58
:1022800001242046EEE70124FBE72846FFF794FFF0
:10229000032802D11CB124690CB1024B1C7804F054
:1022A0000100DFE728A6002030B5037A87B0044696
:1022B000052B1ED8DFE803F0250303251D3290F817
:1022C000DC20D0F8D830D34003F0010343F0800382
:1022D000134902AD0095096804F1370204F1570073
:1022E00022F003FE78B10F4A0F48012122F0EEFAE6
:1022F00004E00E4A0C48012122F04BFB082007B0F5
:1023000030BD0023E4E71022294604F1170025F030
:1023100027FE003818BF01208000F0E70020EEE71C
:10232000D4690020DC420700EC8F0600C0420700A1
:1023300010B5062121F026F8044630B9044A0548B4
:10234000012122F0C3FA204610BDA0F1EC04FAE707
:10235000F5420700EC8F0600002370B51A460446CC
:10236000EC300D46FBF79AFF58B1693004D1094AA9
:102370000948012122F0AAFA2846BDE87040F6F784
:10238000F1BE04F5A0704FF47022BDE87040002348
:102390001BF0E0BA363B0700EC8F060070B5044630
:1023A000D0F8EC60FFF7EAFE0421054604F1D800FE
:1023B0000FF058F8C0B9D4F8D8300C4AB3FBF2F19A
:1023C00002FB1133C4F8D83084F8DC0055B16B68D7
:1023D00043B10B21201D22F0E0FA6B68D4F8D8102D
:1023E00030469847002070BD0820FCE740420F00AF
:1023F00038B508210546043022F0CFFA084905F126
:102400005700FAF79FFC48B10821281D22F0B2FAC4
:102410000448054A012122F059FA082038BD00BFBE
:10242000634D0600EC8F06001043070038B5EC2220
:102430000546002125F0EAFB102105F127000FF0E9
:1024400011F8044648B90521284622F0A6FAFAF701
:1024500069FC034B1860204638BD0824FBE700BF29
:10246000D469002070B50C21054622F0BBFA044661
:10247000E8B140210C301FF0A6FF0E4B1B6802464E
:1024800003F1200153F8046B42F8046B8B42F9D13D
:10249000203003F1200253F8041B40F8041B934240
:1024A000F9D128462146FFF757FF002070BD0820CC
:1024B000FCE700BFD46900202DE9F04104468CB050
:1024C0001022002108A825F0A1FB237A052B33D880
:1024D000DFE803F0060303063222D4F8D83008936D
:1024E000D4F8EC3004F1470204F1C706CDE90162EB
:1024F00004F1270703F17E020092773304F13702DB
:10250000394604F1970001F0C3FDF0B11E4A1F489F
:10251000012122F0DBF914E0D4F8E430002BDFD005
:1025200008AD03F11006186859682A4603C208333B
:10253000B3421546F7D1D3E7154A1448012122F0DA
:1025400028FA08200CB0BDE8F081D4F8EC3003F193
:102550007E02773304AD019304F10A0302920093E3
:10256000039508AB04F137023946304622F0E2FC0D
:1025700008B1084ACBE70D21204622F00EFA294681
:1025800022F06CFADEE700BF29430700EC8F06005B
:10259000C04207003E4307002DE9F043044691B0D6
:1025A000102200210CA825F031FB237A052B33D80B
:1025B000DFE803F0060303063222D4F8D8300C9388
:1025C000D4F8EC3004F1470204F1C705CDE901521B
:1025D00004F1270703F17E02009277333A4604F1B3
:1025E000370104F1970001F053FDF8B13E4A3F482E
:1025F000012122F06BF914E0D4F8E430002BDFD095
:102600000CAD03F11006186859682A4603C2083356
:10261000B3421546F7D1D3E7354A3448012122F0B9
:10262000B8F90825284611B0BDE8F083D4F8EC309D
:1026300003F177027E330DF12008019304F11103B9
:1026400002920093CDF80C800CAB04F137023946AE
:10265000284622F06FFC08B1264AC8E7237A052BEA
:102660000FD1D4F8E01021B30B460DF1300C01F17D
:10267000100E18685968624603C2083373459446C1
:10268000F7D1D4F8EC3003F17E0277330DF1100965
:10269000019304F10A0302920093CDF80C900CAB65
:1026A0003A4604F13701284622F044FC30B1124A80
:1026B0009DE710220CA825F0A9FAE2E7102249466E
:1026C00004F1B70025F04CFC58B94146204622F0F1
:1026D000C5F905460028A4D10121201D22F05DF98D
:1026E000A0E70B259EE700BF29430700EC8F0600FB
:1026F000C04207003E430700614307002DE9F04157
:10270000D0F8EC70CE68FD7890B00446002D69D109
:10271000102229460CA825F079FA237A052B50D8E7
:10272000DFE803F0060303064F3ED4F8D8300C93DD
:1027300007F177030DF1200802937E3704F11103AE
:102740000093CDF80C8001970CAB04F1270204F143
:10275000370104F1C70022F0EDFB002836D110222A
:102760003146404625F0FCFB002839D1627B237DB1
:102770009A4294BF00920093CDE90600ADF8140090
:1027800004F14703D4F8EC0005AA06A920F014FCD4
:10279000002820DA274A2848012122F097F815E07E
:1027A000D4F8E030002BC3D00DF1300C03F1100E43
:1027B00018685968624603C2083373459446F7D1D6
:1027C000B6E71E4A1C48012122F0E3F808252846F6
:1027D00010B0BDE8F0810121201D22F0DEF8F6E7FF
:1027E0000B25F4E7012D1DD1051D1021284622F0EF
:1027F000C1F8314604F1B70306F1100251F8040B99
:1028000043F8040B9142F9D10721284622F060F8E1
:1028100020B90A21284622F05BF828B10921284670
:1028200022F0BBF80025D2E7204610B0BDE8F04109
:10283000FFF7B2BE85430700EC8F0600C0420700D9
:1028400073B5047A022C054623D844B190F8DC30E5
:10285000D0F8D840DC4004F0010444F080040321A7
:10286000284622F0BFF80646D8B110210C301FF0E0
:10287000AAFD009012482346006805F1270205F1E1
:10288000570122F032FB044680B13046F6F76AFC6D
:1028900007E0032C08D00B4A0B482346012122F005
:1028A00078F8082002B070BD0024D8E731462846E9
:1028B000FFF752FD281D214622F05CF82046F1E783
:1028C000D4690020C0420700EC8F060070B5CD68C7
:1028D00004460B21043022F04DF82B4604F1170278
:1028E00005F1100153F8040B42F8040B8B42F9D1A7
:1028F000D4F8EC30DB783BB92046042122F04DF8C7
:10290000BDE8704022F08DB8237A012B09D0022B4C
:1029100013D12046042122F040F8BDE87040FFF7B3
:102920008FBF0A21201D21F0D3FF0028F1D0201DE8
:10293000002122F032F8002070BD0348034A012133
:1029400022F027F80820F7E7EC8F0600C0420700C6
:1029500070B50446FFF712FC0E210646201D21F03B
:10296000B7FF70B9274B2022196804F1570025F0F2
:10297000F7FA30B9244A2548022121F0A7FF0820A0
:1029800070BD2046FFF76EFD0028F8D1237A052B95
:1029900031D8DFE803F0031D1003302D0421204659
:1029A00021F0FBFFFFF74CFF0028E8D12046BDE8EF
:1029B000704022F006B82046FFF7F0FC0028DED178
:1029C0000321204621F0E9FF0E2121F0E6FFEDE78B
:1029D0002046032121F0E1FF0E2121F0DEFF201D22
:1029E0000A2121F0DAFFB368D4F8EC009847DDE75C
:1029F00004212046E9E7064A0448012121F0C9FFE5
:102A0000BDE700BFD4690020A0430700EC8F06009B
:102A1000C0420700F7B50F460446FFF7AFFBFB685F
:102A200004F157060546324603F1200153F8040B22
:102A300042F8040B8B42F9D104F1770203F1200133
:102A400053F8040B42F8040B8B42F9D13046FAF7E5
:102A5000BFF8F8B1544A5548032121F037FF201D33
:102A60000E2121F09AFFD4F8EC70D7F8A00038B905
:102A7000387A07F1700101F023F9C7F8A000A0B17E
:102A8000C38903F0240383B1437B9B070DD4032048
:102A900003B0F0BD3046FAF7A7F830B94348444ACE
:102AA000022121F013FF0A20F2E7D4F8EC30DB78A2
:102AB000002B65D1271D0E21384621F009FF68B98A
:102AC0003C4B20221968304625F04AFA30B93A4A80
:102AD0003648022121F0FAFE0820D9E7237A052B97
:102AE00048D8DFE803F0031E0803472803212046E7
:102AF00021F053FF0FE02046FFF750FC0028EBD1F8
:102B00000321204621F049FF0E2121F046FFFFF767
:102B100097FE0028E0D1204603B0BDE8F04021F048
:102B200050BF0A21384621F038FFAB68D4F8EC00DA
:102B300098470E21DBE7102104F127000EF092FCEC
:102B400006460028C8D165B32B6953B31B4B01A9B6
:102B50001B88ADF80430204621F098FE3846C4E9C1
:102B600038660C2121F019FF2B69D4F8EC0001A97B
:102B70009847D0E7124A0D48012121F00AFFABE740
:102B80000C4B1D682DB9201D062121F006FF28469B
:102B90007EE72046FFF7DCFE003818BF0120C000AA
:102BA00076E7022074E700BFBB430700EC8F060006
:102BB000DC430700D4690020A0430700F792060019
:102BC000C0420700F0B50F4685B00446FFF7D6FABD
:102BD000FB6804F137060546324603F1100153F84D
:102BE000040B42F8040B8B42F9D1D4F8EC30DB78BB
:102BF000002B51D12046FFF757FB002844D1237A00
:102C0000052B00F2B480DFE803F0351D1D03B2355B
:102C100003AB5B4800930068334604F1270204F1DC
:102C2000570101F09DFA00286BD10A21201D21F0E7
:102C3000B4FE092121F0B1FEEB680399D4F8EC0051
:102C4000984720E094F8DC300133DBB2142B84F891
:102C5000DC300FD0102104F127000EF003FC002817
:102C60004FD10321204621F098FE05B0BDE8F04089
:102C7000FFF7E6BD0721201D21F02AFE30B1092112
:102C8000201D21F08AFE002005B0F0BD204605B0D1
:102C9000BDE8F040FFF710BC237A052B67D8DFE8CA
:102CA00003F018242403664A03AB354900930968EE
:102CB00004F12703324604F1570001F051FA00BB3A
:102CC0000A21201D21F069FEEB680399D4F8EC007D
:102CD000984720460D2121F060FE201D102121F093
:102CE0005CFE204621F09DFECEE72046FFF7DCFA91
:102CF0000028C9D10321204621F04FFE21F091FE8A
:102D000008B10820C0E794F8DC300133DBB2142BA3
:102D100084F8DC3005D10D21204621F03EFE102143
:102D2000AEE7102104F127000EF09CFB003818BF1D
:102D30000120C000A8E7102104F127000EF092FB4B
:102D400006460028DDD1C5B12B69B3B10D4B03A9EF
:102D50001B88ADF80C30204621F098FD0C21C4E909
:102D60003866201D21F019FE2B6903A966E7064A83
:102D70000648012121F00DFEC3E7022084E700BFD1
:102D8000D4690020F7920600C0420700EC8F0600CD
:102D900038B5184B1B7805462BB301F00F042846B5
:102DA000FFF70AFA144A03280CBF04F00B0444F09E
:102DB000040405F5BA731278BFF35B8F53E8001F64
:102DC000013103D143E800200028F7D1BFF35B8F26
:102DD000BFF35B8FD5F87431BFF35B8F33B144F031
:102DE0000104E0B238BD01F00704D8E704F0FE00AA
:102DF000F8E700BF28A6002053190020F8B50546C3
:102E0000FFF796FA0446002876D00421043021F01A
:102E10005FFD002873D10221201D21F059FD0028FB
:102E200068D10321201D21F053FD10B16FF00F0078
:102E3000F8BD0121201D21F04BFD0028F6D12046D0
:102E4000FFF700FA00285DD0D5F8A03033B1204656
:102E5000FFF7ECFA70B16FF06800E9E7287A05F146
:102E6000700100F02DFFC5F8A0000028EFD16FF031
:102E70000B00DDE70121204621F0B4FD07460028C4
:102E8000E9D006210C301FF09EFA092105462046A4
:102E9000FFF77EFFA8702046FFF78EF91B4B2870C6
:102EA0001B780BB91A4B1B786B701023EB70AB7847
:102EB00013F0010314BF032200226A712B7184F8FE
:102EC000E8306B7984F8E930012363722B68C4F829
:102ED0000A30AB88E38139462046FFF73DFA2046A9
:102EE000022121F05AFD0B2121F057FD0321201D65
:102EF00021F053FD00209BE76FF07F0098E76FF013
:102F0000040095E76FF0150092E700BF29A60020A6
:102F10002AA600202DE9F3410746D0F8EC40CB6803
:102F20000430022121F0D4FC00286BD10321381D8C
:102F300021F0CEFC002865D10121381D21F0C8FC0C
:102F400000285FD1314A1278002A5DD093F80080C2
:102F500018F0080F58D0D4F8A00050B1C38903F07E
:102F60002403CBB92046FFF749FF002842D10F21A7
:102F700045E0217A04F17002202000F021FFC4F81E
:102F8000A00048B9217A04F17002042000F018FF73
:102F9000C4F8A0000028E5D018F0040F08F00F06D0
:102FA00011D0437BDA070ED43846FFF705F9032822
:102FB000334602D0164A032101E0164A0221164880
:102FC00021F0E7FCCEE7C3899B0601D43346F1E745
:102FD000037B009300F1180200F11A0300F11001C5
:102FE00020461FF0E9FF002808DA0C4A0A480121B0
:102FF00021F06CFC082002B0BDE8F0810121381DF1
:1030000021F0CBFC0020F6E70320F4E728A60020FF
:10301000F84307001F440700EC8F060085430700B4
:1030200037B505460C46FFF7A9F8F8B10368FBB1C0
:1030300023788DF8003063788DF80130A3788DF80F
:103040000230E3788DF8033023798DF8043063790A
:103050008DF805300368D5F8EC00694698470138CB
:10306000C0B208289ABF034B185C002003B030BDE3
:103070001846FBE719630700F8B5CE68F378102B04
:10308000044677D1327990F8E830D0F8EC5013400C
:1030900080F8E830727990F8E930134080F8E93030
:1030A000022303743368C0F81130B388A0F81530D8
:1030B000B3781B0706D5037B1F0703D50521043012
:1030C00021F06BFCB378980606D5237B990603D5CF
:1030D0001421201D21F061FCB378DA0714D5237B7D
:1030E000DB0711D50D21201D21F057FC317820463A
:1030F000FFF786F82072D5F8A010204621F0F1FBEA
:1031000030B903252846F8BD0023A4F8E830EDE7E0
:10311000204621F007FC05460028F3D1271D052194
:10312000384621F0D5FB0028EBD02046FFF726F8E3
:1031300094F8E93084F8E85003F0020384F8E930A9
:1031400031462046FFF76CFF05460028DAD10A4BCE
:103150001B6823B90621384621F01FFCD2E7204620
:103160000C2121F01AFC0B2121F004FCBDE8F840F1
:10317000FFF778B90625C5E7D4690020F8B50E46F3
:10318000D0F8EC500446FEF7F9FFF668F378102B00
:1031900040F0AE80D5F8A030002B5DD0271D0F2168
:1031A000384621F095FB20B92046FFF73FF900286B
:1031B0005BD1012363723368C4F80A30B388E381BA
:1031C00002232374B1782046FFF7E2FDE074204625
:1031D000FEF7F2FF102360742375337903F00303C5
:1031E0006375737903F00103A375E37C1A073FD479
:1031F0000521384621F06CFB002847D03D4B1B7859
:10320000A374E37C980606D5B378990603D51421F8
:10321000384621F0C2FBE37CDA0739D5B378DB0707
:1032200036D50D21384621F0B8FBA37D84F8E8306F
:10323000637D84F8E9300321384621F0AEFB317814
:103240002046FEF7DDFF2072D5F8A010204621F0C1
:1032500048FB08BB032509E0287A05F1700100F05E
:103260002FFDC5F8A000002898D108252846F8BDF4
:10327000B3781B07BCD50521384621F08EFB637D52
:1032800003F0020363750023A375B1E71A4BB6E799
:1032900000236375A375C8E7204621F043FB05466C
:1032A0000028E3D10521384621F012FB0028D1D0B7
:1032B00031462046FFF7B4FE05460028D6D10C2142
:1032C000204621F06AFB022121F08CFB06460028F3
:1032D000CBD006210C301FF076F8D4F81130036003
:1032E000B4F81530838031462046FFF735F8BDE746
:1032F0000625BBE72AA6002029A6002038B51249DA
:103300000446543024F0F9F9A4F1EC0021F0EEFB6E
:10331000BFF35B8F0D4A04F1840353E8001F43E8B9
:1033200000200028F9D1BFF35B8FBFF35B8F883497
:103330004FF0FF3354E8002F44E800310029F9D161
:10334000BFF35B8F38BD00BF353B040088400020D1
:10335000B0B5D0F8A04000AFCCB97030F6F730F976
:103360006D4688B00B4B6A46CDE905304FF40073CB
:10337000ADF81C30084B42F8103F084823464FF484
:10338000E251F3F753F80820AD46BD46B0BD00202A
:10339000FBE700BF4E44070003000001EC8F06006E
:1033A000B0B5164D00AF00232C46D5F8EC20BAB1CD
:1033B0000133062B05F5BC75F7D16C4688B0104B70
:1033C0006A46CDE90530032342F8103F0D4800233B
:1033D0004FF4C251F3F72AF86FF00B00A5460AE04C
:1033E0004FF4BC704343E018EC33074DC0F8F05085
:1033F0001C440C601046BD46B0BD00BF8840002094
:1034000063440700EC8F0600B0B006002DE9F041E0
:103410000B4600AF06460D21043021F059FA80B367
:10342000DC68D6F8EC3003F17008197A42460220C5
:1034300021F01CFD0546D0B94046F6F7C1F86C46B0
:1034400088B0134B6A46CDE905304FF40073ADF8F0
:103450001C30104B42F8103F0F482B464FF4E251FE
:10346000F2F7E4FF0820A546BD46BDE8F0812246FC
:103470002A3504F1100352F8041B45F8041B9A4244
:10348000F9D13046092121F088FA0020ECE700BF8D
:103490008844070003000001EC8F0600F8B5D0F85F
:1034A000EC40D4F8A0300646051D002B3CD102218B
:1034B0003E4A3F4821F00AFA07213E4B5F5CD4F8B0
:1034C000A0304BB11B7B002B65D1D4F8A00021F0BC
:1034D000E1FC0023C4F8A0300221284621F0F8F9CD
:1034E00040B9072F96BF344B1F21D95D3A4620467D
:1034F000FAF7E2FA0321284621F0EAF940B32F4B0C
:103500001B682BB353F80C5905B10C3D03B35B6832
:1035100013B1394620469847002D43D0EA6802B1DE
:103520000C3A2B461546F1E779BB0D21284621F0D0
:10353000CFF9074620B1D4F8A00008B100F090FD03
:103540001E4B1B6823B153F80C5905B10C3D73B9E0
:10355000304621F0CBFA637B072B25D1627AA37A20
:103560009A4221D02046BDE8F84021F055BB1B68A7
:1035700013B13946204698472DB1EA6802B10C3A9A
:103580002B461546E3E72A46FAE70139C9B20E2968
:1035900093D9092793E70221284621F099F90028B9
:1035A00093D199E72A46BCE7F8BD00BFA2440700C3
:1035B000EC8F06002263070011630700A46400205B
:1035C000F8B506460F460430022121F081F9E8B132
:1035D00096F8E820D2B996F8E940B4FA84F4640980
:1035E0000321301D21F074F990B139463046FFF7C0
:1035F00055FFD4B11A481B4A022121F067F9D6F8C9
:10360000EC0005211FF08FFC0020F8BD0024E7E747
:103610000121301D21F05CF90028E6D10F21301D79
:1036200021F056F90028E0D1E3E70521304621F0EA
:10363000D9F9054688B101210C301EF0C4FE23469D
:1036400007702246294606F1EC00FAF727FE00280B
:10365000DAD02846F5F786FDD6E76FF06800D4E7A4
:10366000EC8F0600CC44070038B51F4B04461860A9
:103670004FF0FF324FF0FF331C4819F0CFFD1C48CC
:103680001AF06EF9194819F03FFE34B9BDE8384018
:10369000184A1948022121F019B9184C00250621B1
:1036A000201D21F015F978B1D4F8EC30DB782046F4
:1036B00083B9FEF7D7FE18B108212046FFF780FF37
:1036C0000C21204621F069F90135062D04F5BC7462
:1036D000E5D138BDFFF73CF90028F5D00821204698
:1036E000FFF76EFFF0E700BFD4690020341500201B
:1036F0004815002024450700EC8F06008840002074
:103700002DE9F3410B8A0E4643B92F4A2F48012178
:1037100021F0DCF8002002B0BDE8F0810121A0F129
:10372000E805A0F1EC0406F10C001EF07DFE04217A
:103730008046284621F0CCF898F8003028B1244A79
:103740002248022121F025F9E4E70E2B01D9214A74
:10375000F6E7214F57F833204AB902211F4A1B4888
:1037600021F017F907212046FFF72AFFD2E7194673
:10377000204621F092F998F8003060B91348184AB1
:10378000022121F006F90321284621F0A1F80028A2
:10379000C0D00821E7E707EBC301328A09799142DB
:1037A00008D001210093094813460E4A1EF0F8F88C
:1037B0000A21D8E7314657F833302046984701466A
:1037C0000028A7D0CFE700BF3D450700EC8F0600DB
:1037D0005845070089450700D8B00600AB450700EB
:1037E000C5450700AD3B07002DE9F04782B090F8D2
:1037F000E930D1F80C80D0F8EC5023F0020380F8C7
:10380000E93098F8003000AF044605F17009BBB309
:1038100098F8063003F0C003C02B31D04046F5F7CE
:10382000CFFE6E4688B06C46644BDFF8A0816D46D3
:103830004FF4007ACDE90530ADF81CA045F8108FA3
:1038400000232A464FF4E2515D48F2F7EFFD484667
:10385000B546F5F7B5FEA5465A4BA4F81CA0C4E939
:103860000530C4F81080564800232A464FF4E25130
:10387000F2F7DCFD0A20B5460837BD46BDE8F08703
:1038800007224146484624F06BFB68B1287A41463E
:1038900000F00AFB064638B10146204621F021F827
:1038A00030B3304621F0F6FA0D21201D21F010F83A
:1038B000002860D0297A4A46022021F0D7FA06462D
:1038C000C0B94846F5F77CFE6C4688B03E4B6A4668
:1038D000CDE905304FF40073ADF81C303B4B42F896
:1038E000103F374833464FF4E251F2F79FFDA546AB
:1038F0000820C1E7EB78C3BB05F17E0318780128E7
:1039000028D19A7902F0C002402A23D1D3F80120AD
:10391000C6F83A20B3F80530F38795F87030CBB18C
:1039200095F8763003F0C003C02B13D028493A46EF
:10393000C7E90098F9F748FED8F80030C6F801301A
:10394000B8F80430A6F8053098F80630F371284628
:10395000FAF782F83046F7F715FF48B118481D4AC4
:10396000022120F0B3FF032086E705F17703C5E7C6
:103970003046F7F715FF94F8E9305B0703D50A21C5
:10398000204621F00AF8EB7823B194F8E83063B1CF
:10399000002071E794F8E930002BF6D1D4F8EC0060
:1039A000FFF7D6FC0028F0D0A2E794F8E910002930
:1039B000EED12046FFF772FDEAE700BFE0450700C1
:1039C000EC8F06005B4407008844070003000001F9
:1039D000C74A0600F44507002DE9F0410D460446AC
:1039E000D0F8EC80FEF7CAFBED68114A2B78012174
:1039F0000646271D0F4820F0CCFF0A21384621F04B
:103A00004CF838B16EB920462978FFF747FD002001
:103A1000BDE8F0810B21384621F03FF80028F1D1B4
:103A2000F1E77369002BEED040469847EBE700BF03
:103A30002F460700EC8F06002DE9F0410546A0F166
:103A4000E806044688463046012155F8EC7921F015
:103A500024F8002862D0B8F1000F19D003213046B5
:103A600020F036FF002859D04046F6F793FD013884
:103A7000C0B208289ABF2E4B1C5C0024022130469D
:103A800020F08BFF21462846BDE8F041FFF706BD38
:103A9000FB7A002B42D00321304620F019FF20B9D9
:103AA0002846BDE8F04121F021B80521304620F03C
:103AB0000FFFB8B114F8043C1B0707D514F8033CFA
:103AC000180703D51121304620F067FF14F8043C95
:103AD00023F0080304F8043C14F8033C23F0080323
:103AE00004F8033C14F8033CD90719D506212846ED
:103AF00020F053FF0221304620F04FFFFB7813B92E
:103B000014F8033C53B92068FFF722FC30B914F8CD
:103B1000043C1BB914F8031C0029B4D0BDE8F081A3
:103B20009A0701D50821E2E75B07E3D50A21DEE722
:103B30001963070010B5094A04460121084820F01E
:103B4000C5FEA4F5A0700821FFF7A8FCA4F59E709F
:103B50000421BDE8104020F020BF00BF51460700FF
:103B6000EC8F06002DE9F84300AF0446FEF7E0FBBA
:103B7000054678B3061D0321304620F0A9FE48B360
:103B8000D4F8A00008B121F085F9207A04F1700181
:103B900000F096F88046C4F8A000F0B904F1700077
:103BA000F5F70EFD6C4688B03B4B6A46CDE9053013
:103BB0004FF40073ADF81C30384B42F8103F3848D2
:103BC0004FF4E2514346F2F731FC0821A54628465E
:103BD000FFF7F6FCBD46BDE8F8830E21304620F025
:103BE00077FE28B1D4F8A020537B43F0020353732F
:103BF0002A7AD4F8A010032A4B7B09D872B923F093
:103C000020034B73D4F8A020537B23F001030AE078
:103C1000053A012AF3D843F020034B73D4F8A020CF
:103C2000537B43F0010353732B7D697BD4F8A020B1
:103C30008B4228BF0B4613730521304620F048FE07
:103C4000D4F8A020537B10B343F0100353730D211D
:103C5000304620F03DFE0028BCD0D4F8A000202142
:103C600021F014F9D4F8A03005F147021A33573582
:103C700052F8041B43F8041BAA42F9D1D4F8A0203F
:103C8000002313615361D4F8A0201383A2E723F02B
:103C9000100353739EE700BF884407000300000130
:103CA000EC8F060008B5044B044801221A70F8F79F
:103CB000DDFF002008BD00BF28A600205015002011
:103CC0002DE9F0411A4E80460F460025062416F8CD
:103CD000013C43450AD107223946304624F040F9D9
:103CE00020B9144800EB8510BDE8F081062C07D1FF
:103CF00011490722304624F033F9002808BF2C462A
:103D00000135062D06F14006E1D1062C0ED0094AF8
:103D1000A30102EB841002F8038001333C68D45005
:103D20009918BB888B80BB798B71DDE70020DBE7BE
:103D3000D9690020D86900205F6207002DE9F341AE
:103D40000E4C06460F46904604F5C075E3897BB1DC
:103D50002378B3420CD1D4F80100B4F80520E379FC
:103D6000009041466846ADF804208DF80630B8470B
:103D70004034AC42EAD102B0BDE8F081D8690020FD
:103D80002DE9F041084C06460F46904604F5C075F3
:103D9000E389334202D041462046B8474034AC4222
:103DA000F6D1BDE8F08100BFD869002008B503490D
:103DB00000220220FFF7E4FF002008BD694E060044
:103DC0002DE9F0410F4D06460F4690460024B5F808
:103DD0000D3033420DD015F8013CBB4209D107220A
:103DE0004146284624F0BCF818B907482044BDE8ED
:103DF000F0814034B4F5C07F05F14005E7D10020E3
:103E0000F5E700BFD9690020D86900202DE9F84303
:103E10000B78012B80460F4602D00020BDE8F883C6
:103E20008B7903F0C003402BF7D11D4D0026A5F17F
:103E30003A0435F82C3C9A070BD515F83A3C434523
:103E400007D106222946781C24F08AF808B9A0195F
:103E5000E4E74036B6F5C07F05F14005E9D1114EE3
:103E6000002536F81C3C9B0713D516F82A3C434521
:103E70000FD1791C30461EF028FB50B105F13A03F2
:103E8000D7F80110E150E218B7F8053093806019B7
:103E9000C4E74035B5F5C07F06F14006E1D1BCE787
:103EA000126A0020026A0020F8B50C4D06460F4643
:103EB000002415F8013CB34208D1072239462846B0
:103EC00024F04EF810B906482044F8BD4034B4F54B
:103ED000C07F05F14005ECD10020F6E7D96900204C
:103EE000D8690020F0B593B0044602AF154650B92A
:103EF000524A534801211DF042FD6FF0150630462D
:103F00004437BD46F0BD342207F10C011846A847DE
:103F1000051E06DA4B4A2B46494801211DF037FDA4
:103F2000EBE7391D20461EF0F9FA0646A0B16D46B2
:103F300088B0454B02AACDE907344FF40073ADF8C1
:103F40002430424B42F8103F3D4800234FF4E251E9
:103F5000F2F76CFAAD46D0E7394620461EF05EF81F
:103F6000386838B10A22314624F09BF8034608B17C
:103F7000374AD1E715BB3A1D29463F20FFF720FFFE
:103F800020B14022294623F041FEB8E7381DF5F75D
:103F900017FB6C4688B02F4B02AACDE907304FF4CF
:103FA0000073ADF82430294B42F8103F24482B46CB
:103FB0004FF4E451F2F73AFAA546A0E7391D002084
:103FC000FFF77EFE0446C8B9381DF5F7F9FA6D46CD
:103FD00088B0214B02AACDE907304FF40073ADF849
:103FE00024301A4B42F8103F154823464FF4E25153
:103FF000F2F71CFA6FF00B06AD4680E7342D0BD0BC
:1040000034230093154A0E482B4601211DF0C8FCAD
:10401000204620F03FFF70E707F10C0200F10C038F
:1040200007F13C05144603CCAC42186059602246A7
:1040300003F10803F6D12068186060E762250700E5
:10404000C48F0600644607009B3D07000300000183
:10405000B73D070083460700A6460700C546070090
:1040600010B5014600F10C02342311F8010BF5F7ED
:10407000B1FC044628B1044A0346012103481DF05F
:1040800086FC204610BD00BFE3460700C48F060033
:104090002DE9F0439BB09046DDE923762E4A1D467C
:1040A000844689460CAB02F1300E106851681C46FC
:1040B00003C4083272452346F7D110681279206094
:1040C00022716146202204A820F0F7FE23486B46A7
:1040D000202204A900F072F80446C0BB1022494611
:1040E0000DF1350020F0E9FE102241460DF14500AA
:1040F00020F0E3FE2946062211F8013B8DF85530E9
:104100000DF1560020F0D9FE2299062211F8013B4C
:104110008DF85C300DF15D0020F0CFFE3B4635227E
:104120000CA9684600F04AF8044680B9384620F0E9
:10413000CEFE01238DF83030352233460CA9684677
:1041400000F03CF8044610B9304620F0C0FE20468E
:104150001BB0BDE8F08300BFF99206004A63070078
:1041600070B598B00E4614460146202204A81D469C
:1041700020F0A3FE202231460CA820F09EFE102243
:10418000294614A820F099FE10222146684620F006
:1041900094FE6B46502204A9684600F00FF840B91F
:1041A000039B054A1BBAB3FBF2F102FB11331C9AC5
:1041B000136018B070BD00BF40420F002DE9F04100
:1041C0008CB080460D4616460021142207A81F46D3
:1041D00023F01CFD4FF41053ADF81830164C80231B
:1041E000ADF81A304FF44063CDE90834102204AB27
:1041F000414606A822F0E3F9034648B10F4A1048A9
:1042000001211DF0C4FB6FF004000CB0BDE8F0818B
:1042100005AB029310232146CDE900732A463346AD
:10422000049822F009FB0446049822F0FEF820438B
:10423000EBD0044A2346E2E70002C0031A47070016
:10424000648F06003647070000B502F1FF3C00F11D
:10425000070E2EF0030E1FFA8CFC186001FB0CF306
:10426000AEF800204FF0000E40F803E0BCF1000F64
:1042700011D0023A92B202FB011C02FB01F360442E
:10428000A3EB0C034FF6FF7C013A92B26245C0509B
:10429000A0EB0100F8D100BD036813B11A6812B990
:1042A00002601846704703F1070C2CF0030CD11D77
:1042B000BCF800C021F003010CF1FF3CA1F800C0E4
:1042C000EEE700BF0B6873B1073323F003031A88CE
:1042D00001320346D1F800C043F807CB23F00303B3
:1042E0001A80086070470122F3E700BF02FB01005B
:1042F000704700BF401A90FBF2F080B2704700BFD9
:104300006AB153426FEA034311446FEA1343013821
:10431000CA1811F8013D00F8013F9142F9D17047E8
:10432000014402E010F8013B1BB98842FAD1002099
:1043300070470120704700BF10600860704700BFE1
:1043400003680A68934209BF002200230A600260E2
:1043500018467047136818601368596010607047FA
:10436000884203D01AB14368136070470020704739
:104370000B68834209D02AB1586810601A680A6035
:1043800018467047002BF9D1FAE70023F8E700BF81
:104390002DE9F8430E4EDFF83C904FF090080C27C3
:1043A00006F1200409EB08052A1D29462046083C91
:1043B000FFF7C2FFB442A5F10C05F5D1043F3B1D48
:1043C000A8F13008A4F12006EAD1BDE8F88300BFC7
:1043D000B46B0020006C002000B503468C46AAB1E7
:1043E00001EB4101164803EB430E090101EB8E017D
:1043F0000144487A91F808E0704504BF0130087222
:104400005DF804EB6146184610F0FABA01EB410280
:10441000DFF82CE0120100EB400302EB830373444E
:1044200093F80AE0DA7A724500D000BD01329A7240
:10443000044B01225A545DF804EB10F039BB00BF65
:10444000DC6B0020586B002070B5054682B00C462E
:104450001AB318785978401A10F0030030D12B4A5B
:104460004FEA450C4FEA440EAC44A6444FEA8C0C8C
:104470000CEB0E1C01310CF1040C197058686244ED
:104480001946FFF767FF224B0122214628461A559D
:1044900010F00EFB002002B070BD019310F0F2FA94
:1044A000019B0028D5D021462846019310F0C8FA78
:1044B000019B597848B91878401A10F00300CED003
:1044C0000128E8D001311970DDE704EB440005EB69
:1044D000450C0E4A000100EB8C0010444FEA450CDD
:1044E000867AC07A86424FEA440E05D01878401A80
:1044F00010F00300E4D1B7E71A78521A920701D0FE
:1045000002311970D3E902029047C3E7DC6B002047
:10451000586B00202DE9F04FDFF8649119F8003056
:1045200089B0002B5CD0DFF85CA1C0EB00134FF02A
:10453000000B00EB40079B000324CDE904BB09F806
:1045400000B00AEB071703930294834600230793F6
:104550003B46B96A53F8240F019307AAFFF700FFFF
:10456000054607AAC5B1079E96F800807178A8EBAA
:10457000010808F00308B8F1010F34D03478611A4B
:1045800001F0030101293CD1D7E90901FFF7E8FE59
:10459000054607AA002DE6D197F82E3097F82F2070
:1045A0009A4203D087F82F300123049397F82C30D8
:1045B00097F82D209A4203D087F82D3001230593D8
:1045C000029B5D1EEBB2FF2B0293A7F10C07BDD13E
:1045D0000499D846DDF814B011B1BBF1000F44D0F6
:1045E00009B0BDE8F08F01397170079AD2E9020174
:1045F0008847079E34787278A21A02F00302012AD3
:1046000021D0B86A01990022FFF7B2FE7560717877
:1046100074703278521A02F00302012A0AD0D7E9E4
:10462000090107AAFFF79CFEB8F1010F054698D1D2
:1046300004460EE0039B71701A1D31462846524411
:10464000FFF788FEEBE7D7E9090107AAFFF788FE25
:104650000446029B8BB101235946584609F80B309A
:1046600010F026FA09B0BDE8F08F5A4641464046A0
:1046700009B0BDE8F04F10F0C3B9002C8CD0EAE7C8
:10468000586B0020DC6B002081B1013900F1FF3C48
:1046900050FA81F100201CF8013F23B15A1E01306D
:1046A0001340C0B2FAD18C45F5D170470846704727
:1046B0002DE9F04F714C83B00746032501260421F4
:1046C00038460DF08FFAD7F800C01E2300204FF0B7
:1046D00001094FEADC722CFA03FE0EF0010E96453A
:1046E00098461FD0DAB201301B2AC0B240F2838054
:1046F000013B2CFA03F2192802F0010200F1010B30
:104700005FFA83FA4FF002014FF001094BD0724576
:1047100098465AD0BAF11B0F5FFA8BF040F28980AD
:104720009646E5E709F10101C9B2062929D806290B
:1047300048D18946013BCED28CEA0403019301A8FB
:10474000002210F8013B23B1591E01320B40D2B2B6
:10475000FAD102AB9842F4D1012A09D91FFA8CF39D
:10476000B3EB1C4F41D15FFA8CF3B3EB1C6F3CD120
:10477000013D15F0FF05A2D16FF00D0003B0BDE8BB
:10478000F08F06FA03F14AB12CEA010C0022013045
:10479000C0B2192806D04FF00109CBE74CEA010C52
:1047A0000122F4E7964608F1010306FA03F3BEF18D
:1047B000000F03D05B420CEA030CBDE7013B4CEA5F
:1047C000030CB9E792467246D6465FFA83FABAF10D
:1047D0001C0F31D9013B2CFA03F202F001027245A1
:1047E00098461DD0894696467CE70020C7F800C051
:1047F00003B0BDE8F08F01287246CAD100214FF006
:10480000010E0EFA08F882B12CEA080C0022884248
:1048100018BF08468ED10130C0B24FF0010989E7B8
:104820004A1C8946D1B2724681E74CEA080C7246AE
:10483000EDE74FF01B08ACE70028DFD0BAF11C0F02
:1048400003D0012810D0724673E7CCF3C0627245E2
:1048500003F1FF330AD0D9B201301B29C0B2E8D925
:1048600096464FF01B0843E70146C8E701F10108EF
:1048700089465FFA88F14FF01B0858E7D6BE898E4B
:1048800070B50646007EFF282ED0D6F800C00D4633
:1048900002464FF0000E07E09C681CF80130FF2B29
:1048A0001046A64420D01A4602EB420395424FEA36
:1048B00003110CEB0313EFD1A84202D11CF8012025
:1048C00032761CF8011000EB40000201FF299868C5
:1048D0000CF8021006D001EB41010CEB01118B68C2
:1048E00003448B60704470BD002070BD00B5A2EB26
:1048F000010E1EF4000F8368D0F814C00AD12EF008
:104900007F4E734463450DD8ACEB030200238360F4
:10491000426100BD891A21F07F418B4208D95B1AA0
:104920006345F1D9A3EB0C0300228360426100BD13
:104930008C44ACEB0302E9E72DE9F041044618464C
:10494000284B2C2505FB043382B05C68BDF82C7025
:1049500014F8316004EBC10E9EF803409EF801503C
:1049600004F1010C5FFA8CFC664598BF4FF0000C17
:10497000654533D0054604EB44040846DEF80410D0
:1049800090462601DEF8042001EB04140421915521
:10499000089AA260099AE2600A9A22610C9AA261BE
:1049A000119A62620D9AE2610E9A22620F9AA262D5
:1049B000109AE262022284F801806560A782A270E8
:1049C0008EF803C0D3E9082501939047019B042189
:1049D0000022A847A07802B0BDE8F081012002B013
:1049E000BDE8F0819C6C0020437A002B00F0FB8036
:1049F0002DE9F04F013B4768026887B0DBB207EB57
:104A0000C3038A460090019202930597029B5A685D
:104A100093F801800492CDF80C80BAF1FF0F57D0C3
:104A20000AEB4A04019B2701D34613F807A003EBC6
:104A300004140025009BFF2222701E681B7E9342F7
:104A400006EB070900F0C780D9F8081017460CE0FC
:104A5000091A05D1B9F81E80BEF81EE0F0457CD8D1
:104A6000B25CFF2A1F4668D0134603EB430206EBF5
:104A7000021E4FEA430CDEF8080088424FEA021299
:104A8000E6D9FF2FC9F8081089F800305FD1009AE5
:104A900082F818B0634406EB03139A68521A9A60BE
:104AA000A37801336370002DB7D0AB6A4FF00002DA
:104AB0002A70AA7013B1E96A002098476368002B36
:104AC000ABD1AB6A2362EB6A6362BAF1FF0FA7D185
:104AD000029BDDE903869A7808EB480308F10100A0
:104AE00042454FEA031106EB03155FFA80F8029B7B
:104AF0006AD01878735C404508BF4FF00008042B5B
:104B0000EAD195F801B0019A0BEB4B0302EB0314C9
:104B1000012094F801C0A27894454FEA03171ED0F3
:104B20004FF0000373544FF00103AB70AB6A0BB14D
:104B3000E96A9847029B9A78CEE79C444FEA0C1C9E
:104B4000C9F8081089F8002006F80CB0A8E707EBB0
:104B500047073F0106F807B09CE7014691E7009A36
:104B6000AB8A5169CDF80C804FF6FE72934207D0A4
:104B70004FF6FF729B1AB3FA83F35B0984F82C306B
:104B80006B6AA362EB6863602B6923620022626236
:104B9000AB8A4FF6FD70834288BF1346A383AB698F
:104BA000A361EB69E3602B6A2361AB68A360626178
:104BB0006A682046FFF79AFE4FF00003E383E3782C
:104BC00043F00103E37035E7059A934208D0029B56
:104BD000083B02931AE7F355009B83F818B05FE790
:104BE00007B0BDE8F08F70472DE9F04F447E0123F8
:104BF0008FB08376002C40F0B680037EFF2B00F050
:104C0000B18081460FF0E8F999F81880B8F1FF0FEC
:104C100000F0B781D9F81430D9F800600494C01AB4
:104C2000D9F81C3020F07F4B5B4594BF0023012353
:104C30000393A24608EB480806EB08144FEA08184D
:104C4000A3685B456CD8A27816F80880ABEB030B21
:104C50009A4463789B1ADDB2012D5ED1A06AA369E4
:104C60000293002800F01381016800297ED0002BF8
:104C700000F02581039B002B00F04581037A5A0741
:104C800000F03681037A23F007030372E78B94F870
:104C90002C207B1C9BB2E383002A00F0DF80A28BD8
:104CA0009A4280F0DB80A06A002800F06481037AD9
:104CB00003F00703012B00F0D18000274168476013
:104CC000A36A1A7A67F302021A72A278E768013AB5
:104CD000A27017B36369D9F8142094F803C0AAEB43
:104CE0000303134423F07F40626A23690CF0010C34
:104CF000002D40F0DE80B4F81EE0CDE900C373461D
:104D0000B847DDE90223AA4218BF43F00103039329
:104D1000E378E58365F30003E370B8F1FF0F89D111
:104D2000049C99F80B3099F80A209A4208D1013274
:104D3000D2B2022A1ABF14462346002389F80B4038
:104D400009EB83030022C3F80CA0D9F8244089F8AA
:104D50001A204B46012204210320A4460FB0BDE8CF
:104D6000F04F604784760FB0BDE8F08F029B002BB8
:104D700000F08B80039B002B84D1D9F81C309A451E
:104D800080D3B8F1FF0F7DD0029BE78B09939C463F
:104D9000A38B6168CDF818B0BB429ABFFB1A9BB2D7
:104DA0003B4603FB0113CDE907A805934FF0000E26
:104DB00043460B92DDF824800C95CDF824C0A34621
:104DC0008A4684460D97CDF8289003EB430306EB03
:104DD00003121B0191688E44F04548D3906A946990
:104DE00000283FD0006800283CD0D58B978B5068B6
:104DF000AF4240F29380002840F09780BCF1000F52
:104E000032D08146DCF8000028B1029919B9744407
:104E1000A04280F0BF80AF4226D8D0789BF8032014
:104E200000F0010402F00105A54205D34240D1077C
:104E30001AD4B9F1000F17D060465C46DDF8208027
:104E40000C9DDDF824C00D9FDDF82890DDE906BA41
:104E5000002840F09880CDF808C018E7A378013BFF
:104E6000A3705AE7002CC0D1F35CFF2BADD1604694
:104E7000DDE9088C5C46DDE906BA0B9ADDF828907E
:104E8000CDF808C0002800F09080002515E7029BAF
:104E90005BB3039B002B7FF4F9AED9F81C309A4525
:104EA000FFF4F4AEB8F1FF0F7FF46EAF03990D4637
:104EB0000CE7CDE900C34FF6FF73B8472DE7039B1E
:104EC00063B9D9F81C309A4508D3B8F1FF0F54D014
:104ED0004FF0040CE78BCDF824C059E7042302936C
:104EE000037A5A077FF4CEAE02E0029D0021EDE680
:104EF000A18BE28B91423FF6C5AE012262F3020321
:104F00000372E78BC3E6D9F81C309A45FFF4B6AEBE
:104F1000B8F1FF0F7FF438AF039DCEE668B9BCF15E
:104F2000000F7FF46EAFE14677E7BAF1000F20D1B2
:104F3000BCF1000F98D0D14664E7BAF1000F12D04F
:104F4000A5EB07091FFA89F9411A00FB0911059819
:104F500088422CBF4FF000094FF00109BCF1000F4F
:104F60007FF450AF57E7D146BCF1000F7FF44AAF52
:104F700051E7A946E8E7A278B8E70423039D029326
:104F80009BE6A246CDE60168CDF808C000293FF4B3
:104F900079AE73E65C460146DDE906BA6046DDF8A7
:104FA00020800C9DDDE909C9EEE7054601468DE646
:104FB000837E002B40F0EA832DE9F04F437E8DB0D5
:104FC0000A93002B7AD1837AC27A012141769A42E0
:104FD0004169079100F0DB830133DBB2022B0ABF8A
:104FE0000A9A1A46134600EB82028372D368079A24
:104FF0000593D31823F07F43436101230B93037E72
:10500000089383460EF0E8FF9BF80930049006935E
:10501000002B00F00085DBF80460CDF800B0013B08
:10502000DBB206EBC309DBF80030019300230693E3
:10503000FF230393D9F804704FF0000B99F8031085
:1050400099F8025005EB45046B1CA9424FEA041A7B
:10505000DBB207EB041463D099F800209A4208BF32
:10506000002389F8023017F80A20042A4AD9082AAE
:105070003CD86178019801EB410300EB03181B0158
:1050800098F80200029398F801301B1A13F0FF03FE
:105090001ED1062A2AD1009BDB7E8B424FD007F817
:1050A0000AB0A36A84F802B0002BC7D0E16A0020DE
:1050B000984799F8031099F80250C3E7446A04210D
:1050C000034601220420A4460DB0BDE8F04F60471E
:1050D000052A2BD16268BAB9A268AAB9E2689AB95E
:1050E00022698AB9A28A7AB9A27D6AB907F80AB098
:1050F0004FF00103A370A36A002B9FD0E16A012047
:1051000098479BE71D469DE7012B1AD0009B042181
:105110005C6A01220846A047012389F802500693E1
:10512000B14500F0F780A9F1080983E7012B00F0F1
:10513000AE80062AEAD1009BDB7E8B42AFD161684C
:10514000C8E0009D2846FFF79BFBC8F80800D5F88B
:1051500014E0049B059AA3EB0E0323F07F43134452
:10516000984240F2CF80C21AD8F80430002B50D0B9
:10517000A38A002B4DD0013B99B2A182D8F80450EC
:10518000B8F81E30AA4288BFB4461BD81FE0D8F832
:105190002410A54E83B2A5480818B042A2EB050220
:1051A00006D901F1E87101F5D43101F5A571013A93
:1051B000D8F82000A8F81E30091AC8F82410954223
:1051C000A18A03D28B4203F1FF30E0D866469942B0
:1051D0001DD9D8F820000996D8F82410DFF84CC261
:1051E000914E01448C440133B4459BB22A4406D805
:1051F000A1F1E871A1F5D431A1F5A5710132C8F88A
:105200002410A8F81E30A18A8B42E5D3099EA8F885
:105210001C106368D8F828101344C8F80830A26836
:10522000D8F814301344C8F8143029B10B681BB1F6
:10523000D4E901329B1A4B60049A71464046FFF74D
:1052400055FBE268D8F818301344C8F818302269C2
:1052500093428CBF9B1A0023C8F81830A37D2BB152
:1052600098F8032063F3000288F80320E37D13B16C
:10527000013B88F82C30DDE901320399995498F804
:10528000013062780392013388F8013007E7062A7B
:105290003FF401AF009D2846FFF7F2FA98F802307C
:1052A000C8F8080088F80130EA7E63789A427FF4F3
:1052B000F6AE17F80A30062B3FF441AF009AFF23F1
:1052C000D37617F80A30062B3FF439AF082B3FF49A
:1052D00036AF0499009B5A698B1A1D0209D4059AAE
:1052E00023F07F4313440099CA699A4288BFCB6177
:1052F000D5E6059B521A22F07F4293428CBF9B1A3F
:105300000023F0E7D8F814100B441B1AC8F8143027
:10531000002229E7DDF800B0089B9BF81860F51A19
:105320000B9B18BF01252F46002B00F01C81FF2E80
:1053300066D0049B079ADBF800A0DDF81490029574
:105340004FF000089B1ACDF8008023F07F4806EB51
:1053500046030AEB03141B01A26801934A4500F2BD
:105360003D83009BA178E08B1344009363785B1A24
:10537000DBF81C108A4234BF891A0021A9EB02090C
:10538000A8EB020824BF4FF0FF328BF81B20CBF8AC
:105390001C10A16AA569DBB2002900F0D7800A6859
:1053A000002A00F0BF80002D40F0BF80022B00F0EB
:1053B00010830022A260019A1AF802208BF81820AC
:1053C0006168A26A00297DD122B1127A02F0070237
:1053D000012A5AD03BB1012B00D020B1236A13B16E
:1053E000616A01209847A37863709BF81860FF2ECC
:1053F000ADD1029D089BFF2B0CBF2F4645F0010746
:1054000003995846FFF7F0FACDE900B7DBF8004002
:105410000022009B197EFF29084600F00C830E46EF
:105420004FF0FF0B05E000BF592B177F5A2B17FFDA
:105430001E4606EB460304EB03171B01BD6AA94693
:105440003DB195F808C00CF0070CBCF1010F00F05D
:10545000AD81E35CFF2BB346EAD1DDE900B7002A5A
:1054600000F08780089B8B4240F08780069B002BD2
:1054700040F08E809BF80930002B00F08980013BC2
:105480000B9FDBF80460DBB2D7E0A378C4F8089088
:105490006370079B009ADBF814109A1822F07F4281
:1054A0002046FFF723FA019B039A0AF8032063784A
:1054B00003960133DBB263709BF81860FF2E7FF414
:1054C00046AF96E722B1137A03F00703012BDCD035
:1054D000B4F81EE0BEF1000F41D1B4F81CE07046F4
:1054E000D4E908730022A446AB4DAC4C3B445D1993
:1054F000A54200F1FF300A4406D8A3F1E873A3F5F2
:10550000D433A3F5A5730132441CEDD19CF82C00D3
:10551000CCF824306446002800F01881A260A4F87A
:105520001EE0B6E7002D3FF444AF022B7FF441AFFD
:1055300000287FF43EAF0A7A02F00702012A3FF406
:1055400038AFCBF81C508BF81B6032E7002D3FF4CE
:1055500030AF022B7FF42DAF0028F2D029E7A378DB
:1055600063700020BCE703995846FFF73DFA9BF8AB
:105570001810089B8B4200F02082069B002B53D012
:105580000846FF2800F06382089BFF2B00F04A8248
:10559000DBF8003000EB400003EB0013D3F8089079
:1055A000B9F1000F00F031820EF016FD0A25064613
:1055B000DBF81430F21A22F07F42914502F1030128
:1055C00040F2DB8149452CBF5B184B4423F07F44FC
:1055D0002046DBF8283098470EF0FEFC821BA31B08
:1055E00022F07F42033223F07F439A42074640F283
:1055F000C681013D01D03E46DAE7694A69496A48F9
:1056000040F65B431BF0E3F985F31188BFF36F8F1E
:105610000323184602DF3E46CAE7FF2B069B00F035
:105620003682002B40F013829BF80930002BA7D064
:10563000013BDBF80460DBB20127CDE9066706EB2E
:10564000C30ACDF810B09AF801509AF80320AA4284
:1056500068D0DAF804302E461D4606EB46063301C4
:1056600005EB0616EB5C012B45D0022B4DD1D6E99C
:105670000120D6E905B314780499D6F80CC0D1F806
:1056800000904F69FF2C9E46336902D00168B942F1
:1056900054D004994FF000080C7E0760FF2C27D0EF
:1056A000CDE90056CDE9022C5E460593F34609E0AC
:1056B000BA684244B04788B919F80540BB68FF2C66
:1056C000984436D004EB440509EB05175B46B969ED
:1056D00020462D01002EEBD10029EDD0B968059BA5
:1056E000DDE90056DDE9022C88440BB1796A1960C6
:1056F0001470CCF80080B36A4FF00002B27013B19E
:10570000F16A002098479AF803209AF801609AF805
:1057100000300136F6B2B34208BF0026B2428AF822
:1057200001609AD1069B9A4500F03881AAF1080AD7
:1057300089E7DDE90056DDE9022CD9E704EB4404F2
:105740002101DCF8008019F80140A7E790457FF6B9
:10575000E5AE8446114D1048CDF810903B4403EB64
:105760000009A9450A440CF1010C06D8A3F1E8731D
:10577000A3F5D4330132A3F5A5739045EED8F444D4
:10578000DDF8109063621FFA8CFEC7E670470A9B33
:105790000B93059333E400BF5A2B17FF592B177F48
:1057A00050B1060030B20600B8B10600BA681D4616
:1057B0004B46002A65D1B969002977D0D9E9002084
:1057C000904280F01881635DFF2B00F01481A2EB02
:1057D000000E009AD269043204920022CDE902063A
:1057E0009046049E9246CDE904B53AE0AAF104023F
:1057F0004244724528BF724601EB060BDE450DD3CD
:1058000094450BD8BD69002D6CD099F808C01CF0E8
:10581000080F67D1521A01D0B2426FD2826A22B108
:10582000127A02F00702012A57D08269002A54D066
:105830004068002851D00432D04402EB0806BA690F
:10584000002A4DD099F808000007AEEB010203D5FD
:10585000964294BF32460022E35C4FF0000AFF2BD1
:105860004CD001EB080CE64548D303EB430304EBB3
:1058700003101B0182689244BAF1040FB6D80022CB
:10588000BAE78F4A8F49904840F6B5131BF09FF84E
:10589000002383F31188BFF36F8F0323184602DFC1
:1058A000BB6AB9699946002988D11BB11A68002AD8
:1058B00040F0AE80824A8549834840F6BD131BF014
:1058C00086F8002383F31188BFF36F8F03231846F4
:1058D00002DF0421D7F8289070E7E35C0022BEE7DE
:1058E0003246B9E7002E99D0521AB24296D30298A6
:1058F000059D32461044DDE9036B04E0DDE9020654
:10590000DDE904B51044C9F8040014F805A0BAF1A3
:10591000FF0F534618BF4FF0FF0E01D1A8E00B4612
:1059200003EB430104EB011C4FEA4308DCF80800D9
:1059300090424FEA011180F0B280615CFF299E46DF
:10594000A2EB0002EBD1BA60BBF1FF0F66D00BEB0C
:105950004B02120104F802A043441B01E25C6255B1
:10596000E654FB8B013BFB8399F80830022262F37B
:10597000020389F8083001224BE501230A93002332
:105980008BF819309BF81A300A9A1A4312D0DBF8B8
:1059900024405B4601220321FFF794BB079FDDF8FB
:1059A00010B0002F40F089808BF819709BF81A30E6
:1059B000002BECD10DB0BDE8F08F069B002BF0D191
:1059C0009BF80930002BECD0013BDBF80460DBB224
:1059D00033E600287FF4EDAC0425ACE5A2EB090228
:1059E000A260029D9BF81830089A93420CBF2F4684
:1059F00045F0010704E5C9F80400635DFF2B08BF0B
:105A0000002235D00023BB60ABE78BF81990BEE7CE
:105A100099460421D2E6FF2303937DE4009A82F89D
:105A200018A099E70EF0D8FA04460EF09DFAD0B10E
:105A30009BF81800ACE59B46019F089B002A7FF469
:105A4000ECADFF2BB9D0069B002B3FF4EDAD0EF073
:105A50009BFA044670B100238BF819309BF81A307A
:105A6000002B94D1A6E79BF81800CBF814408FE5E3
:105A7000BA6076E7CBF81C000EF0AEFA8BF819404E
:105A8000CBF814009BF81A30002B93D07FE7002B43
:105A9000DDD19BF80930002B7FF4F1ACD7E7801AF9
:105AA000BEF1FF0FCCF80800BA603FF45AAF14F80B
:105AB00005A073464FEA4E0846E79BF8180060E5DC
:105AC00050B1060090B10600B8B10600D8B106008A
:105AD00038B5DDF810C09DF814408E460699D0B94F
:105AE000164D85F808E02A606B72C5F804C08BB1CA
:105AF0005A1ED2B20CEBC202ACF1080C516012F883
:105B0000083903EB43009445A4EB030301EB0011B8
:105B1000DCB2F3D10CB1012038BD079A2A62089A91
:105B20006A62FF23099A2B76AA620EF055FAFF23C8
:105B300068616C81EB76EC61204638BD9C6C00207E
:105B4000044B2C2202FB0033187A003818BF0120C6
:105B5000704700BF9C6C002000B5084B2C2202FB54
:105B60000033D3F824E0BEF1000F06D0F446012242
:105B70005DF804EB03210220604700BD9C6C00200F
:105B800010B58AB00C9C00940D9C01940E9C02945C
:105B9000109C0494119C0594129CBDF83CC0069482
:105BA000139CCDF80CC007944FF0000C149C089483
:105BB000CDF824C0FEF7C0FE0AB010BD10B4039C9F
:105BC0000294049C0394069CBDF814C00594079CA1
:105BD0000694089C0794099CCDF810C008944FF0D7
:105BE000000C0A9C0994CDF828C010BCFEF7A4BE96
:105BF000BDF80CC0CDF80CC0FEF79EBE2DE9F041FB
:105C000004461846294B82B02C2505FB04339DF829
:105C1000304000945C689DF83C5014F83160019568
:105C200004EBC10EBDF82C709EF803409EF80150A5
:105C300004F1010C5FFA8CFC664598BF4FF0000C34
:105C400065452ED0154604EB4404DEF804202601F9
:105C50008846DEF8041002EB041405228A55009AE7
:105C6000A275089AA260099AE2600A9A22610D9AC6
:105C7000A2620E9A6570E262019D60600222A782B4
:105C8000E575A2708EF803C01A6A5D6A00934046FB
:105C90009047009B00220421A847A07802B0BDE8ED
:105CA000F081012002B0BDE8F08100BF9C6C0020B3
:105CB00010B588B00A9C00940B9CBDF834C00194C8
:105CC0000C9C0294CDF80CC00F9C9DF838C0CDF808
:105CD00010C005944FF0000C109C0694CDF81CC029
:105CE000FFF78CFF08B010BDF0B51F4C05461846F5
:105CF0002C2303FB054316465A6802EBC10E12F82B
:105D000031509EF803409EF8012004F1010C5FFA27
:105D10008CFC654598BF4FF0000C624583B01FD0E6
:105D200002460846DEF80410DEF8047004EB440472
:105D3000250101EB041407217955A262089AE26259
:105D400002226670A2708EF803C0D3E90825019381
:105D50009047019B00220421A847A07803B0F0BD22
:105D6000012003B0F0BD00BF9C6C0020F0B5204CBA
:105D7000054618462C2303FB054316465A6802EBDA
:105D8000C10E12F831509EF803409EF8012004F134
:105D9000010C5FFA8CFC654598BF4FF0000C624522
:105DA00083B021D002460846DEF80410DEF8047005
:105DB00004EB4404250101EB0414082179556260C9
:105DC000089AA262099AE26202226670A2708EF8B4
:105DD00003C0D3E9082501939047019B00220421C9
:105DE000A847A07803B0F0BD012003B0F0BD00BF0C
:105DF0009C6C0020F0B5244C054618462C2303FB70
:105E0000054316465A6802EBC10E12F831509EF84F
:105E100003409EF8012004F1010C5FFA8CFC6545FB
:105E200098BF4FF0000C624583B02AD0024604EBC5
:105E300044040846DEF80410DEF80470250101EB86
:105E400004144FF602717953C4E90162089AE260C2
:105E5000099A22610B9A62610C9AA2610D9AA26260
:105E60000E9AE2620222A2708EF803C0D3E90825DE
:105E700001939047019B00220421A847A07803B01A
:105E8000F0BD012003B0F0BD9C6C002010B5094BA3
:105E90002C2202FB003382B00846596A1A6A019329
:105EA0000C469047019B00220421A44602B0BDE8A5
:105EB000104060479C6C00200EF08EB8401A20F015
:105EC0007F40704701480021704700BFFF4101003B
:105ED000022801D00120704738B5054608461C4607
:105EE00003F0D8FB10B10020207038BD284638BD23
:105EF000002303700B70704738B5054600200C4630
:105F000002F03CFF98B903F0A3F910F0060F0ED190
:105F10003DB9084B44B120681860A2889A800020DF
:105F200038BD054B002CF6D11C609C80F7E70C2097
:105F300038BD00BFD06C0020C86C0020012804D8F8
:105F400008B903487047034870470020704700BFF6
:105F5000D06C0020C86C0020012809D830B9064B4D
:105F6000186808609A888A8018467047034BF7E7DC
:105F700000231846704700BFD06C0020C86C00207A
:105F800010B504460BF06CFE78B90CF0FDFAF8B9C8
:105F90000DF0D8F800282ED10DF040FA00283DD1A0
:105FA0002046BDE8104017F02FBA264A2649274858
:105FB00040F657131AF00BFD002383F31188BFF34B
:105FC0006F8F0323184602DF0CF0DEFA0028DFD0C3
:105FD0001C4A1D491D4840F65C131AF0F8FC0023CA
:105FE00083F31188BFF36F8F0323184602DF0DF090
:105FF000A9F80028D0D0134A1349144840F6621378
:106000001AF0E5FC002383F31188BFF36F8F03239D
:10601000184602DF0DF002FA0028C1D0094A0A49E9
:106020000A4840F668131AF0D2FC002383F3118863
:10603000BFF36F8F0323184602DF2046BDE81040F0
:1060400017F0E2B934B2060070B20600B8B106002B
:106050000860014817F0D8B96478002017F0D4B967
:106060002DE9F0470B781B2B84BF2B4B93F8E030C6
:106070009A424ED0284D5C1CE4B291461C2C35F857
:10608000332002808246884608BF0024002605EBA4
:10609000C303012719E0012838D012225A601B2CB3
:1060A00088F8004088BF95F8E040A14523D023B28E
:1060B000013435F83310BAF80020E4B21C2C08BFC4
:1060C0000024914205EBC30315D15868B0B1FF28F5
:1060D000E1D9027902F00302013A012A12D912220F
:1060E0005A6003F0F5FA1B2C88F8004088BF95F839
:1060F000E040A145DBD13046BDE8F08701365F6066
:10610000F6B2CCE70136F6B20122E9E70136F6B283
:10611000C5E70026EFE700BF046D00202DE9F04140
:10612000314E3388984250D913F0FF0820D02F4DBC
:106130006C7D2B7D2E480134E4B2052C08BF002471
:10614000A34217D0FEF7A8F8074688B12948FEF702
:10615000A3F800283BD007606B7D45F82300338807
:106160006C7508F1FF30013B10F0FF083380E0D17F
:10617000BDE8F0813388002BFAD01F4D95F83540EB
:1061800000270134E4B20D2C95F83430184808BFCC
:106190000024A342ECD0FEF77FF880460028E7D029
:1061A0001448FEF779F8C0B1C8F80470C0F8008050
:1061B00095F8353045F82300338885F83540013BA4
:1061C0009BB23380002BDCD1D2E78046AFE7384664
:1061D0000749BDE8F041FEF775B840460449BDE8FF
:1061E000F041FEF76FB800BF346E002074760020D7
:1061F000386E0020046F0020EC6D00202DE9F8437C
:106200003E4B3F4E0422981824210027B782FEF708
:106210001BF83C4B042208219818FEF715F896F855
:106220001480747D4FF004090134E4B2052C08BFDA
:106230000024A045334813D0FEF72EF8054678B168
:106240002E48FEF729F8002852D06F600560737D54
:1062500046F8230009F1FF3313F0FF097475E3D109
:10626000294B1322181D6421FDF7EEFF274B19223D
:10627000181D0821FDF7E8FF2448FEF70DF8044635
:10628000C0B1234A2046111FFEF756F81F48FEF7FB
:1062900003F80446E8B11F4A2046111FFEF74CF8E8
:1062A0001D4B1022FF201A80FFF738FFBDE8F8438E
:1062B00009F0D6BE194A1A491A4840F632131AF0A4
:1062C00086FB84F31188BFF36F8F0323184602DF28
:1062D000D7E7124A1249134840F639131AF077FBF0
:1062E00084F31188BFF36F8F0323184602DFD2E7D0
:1062F00004492846FDF7E6FFB2E700BFB07600206C
:10630000447700208C760020046F0020386E002037
:10631000306E0020286E0020346E002034B206005B
:1063200034B90600B8B106002DE9F043DFF88882E1
:10633000DFF8709287B0D8E9000103AAFEF710F8E1
:106340000546002832D0039C002C6CD0207804AA8B
:1063500002A903F0BBFE039B0446002850D0049A18
:10636000BDF808101F78ADF80A10059203F0C0FEC2
:106370002146059ABDF80A0003F000FF204603F00D
:1063800081FE05AA0DF10A01384603F09FFE04467E
:106390000028EBD1D9F8000017F036F8D8E9000151
:1063A00003AAFDF7DDFF05460028CCD104AA02A907
:1063B0000DF1070003F072FE0446002843D0049B51
:1063C00005939DF80770BDF80830ADF80A3003F06A
:1063D0008FFE2146059ABDF80A0003F0CFFE204645
:1063E00003F050FE05AA0DF10A01384603F06EFED7
:1063F00004460028EBD16B4B186817F005F89AE7B4
:1064000005931B79013B172B20D8DFE803F02F43BE
:10641000911F2F1F1F1F1F1F1F1F1F1F1F1F1F1F0A
:106420001F1F1F1F862F6048604A614940F60423E2
:106430001AF0CDFA84F31188BFF36F8F0323184647
:1064400002DF039C82E707B0BDE8F083574A594951
:10645000554840F6A4331AF0BAFA002383F31188A2
:10646000BFF36F8F0323184602DF64E75249D8F861
:1064700004000022FDF77CFF504B059993F8E130B2
:1064800028460B704E4AFDF765FF464B186816F01C
:10649000BBFF50E74849D8F804000022FDF768FF29
:1064A000059EB4683CB1237803F0FF07002B69D048
:1064B0002378013B2370337B83B1012B5ED03B4AB1
:1064C0003C49394840F60B431AF081FA002383F324
:1064D0001188BFF36F8F0323184602DF394A002764
:1064E0003773537D117D0133DBB2052B08BF3B466B
:1064F000994234D03560517D42F821605375002CAB
:106500003FF419AF2378002B7FF415AF6369002B9C
:106510003FF411AFA06998470DE72749D8F8040068
:106520000022FDF725FF0599284603F0FFFB02E74F
:1065300005A9284603F024FC1F49D8F804000022CE
:10654000FDF716FF059900293FF4F5AE0B792D2BC9
:106550003FF4F1AE194B284693F8E13091E7134A26
:106560001949114840F612431AF031FA87F311889D
:10657000BFF36F8F0323184602DFC0E73046E2F710
:1065800063FFABE7094A1149074840F6B4331AF0F4
:106590001EFA87F31188BFF36F8F0323184602DFBB
:1065A00086E700BF60780020B8B1060034B206006C
:1065B00078B2060094B206002C6E0020046D002014
:1065C000286E00204477002098B206007CB20600B6
:1065D00000B5394B89B018600DF0B8FC374B1A780C
:1065E000002A63D0364ADFF8F0E0CDF814E0DFF897
:1065F000ECC04FF0050E82F808E0CDF810C0DFF8CF
:10660000E0C0CDF80CC0DFF8DCC00092022004230B
:106610000D21CDE9011C1074107613700020294A59
:10662000FFF756FA002831D101220021264820F038
:1066300090FF0BF097FA034610B1184609B000BD61
:10664000FFF7DCFD0BF08AFF03460028F5D102F0CE
:1066500053FB03460028F0D10CF072FD03460028DE
:10666000EBD102F013FD03460028E6D10CF0CAFE80
:1066700003460028E1D103F0C3FA03460028DCD129
:1066800007900120E4F78CF9079BD6E70F4A1049E1
:10669000104840F276231AF09AF9002383F3118808
:1066A000BFF36F8F0323184602DFBDE7FDF770FECF
:1066B000024B01221A7095E7607800202BA600207B
:1066C000EC7A00200C7B00206478002034B20600B5
:1066D00070B20600B8B10600814C0500754B05008C
:1066E0000D4B05007C78002030B587B002F00AFB26
:1066F000002838D102F05AFD002847D103F086FA6D
:10670000002856D10024424B2046A3F8E040E4F78D
:1067100047F94049404A414BA1F8004194829C8688
:1067200001222146684620F014FF3D4B22462146B7
:106730000320C3F808D0FDF787FE002859D14FF099
:10674000FF324FF0FF33684616F098FE02F0E0FA91
:1067500000283ED1FFF752FD0021012007B0BDE81F
:106760003040FFF7C9BB2F4A2F49304840F22E3343
:106770001AF02DF9002383F31188BFF36F8F0323E1
:10678000184602DF02F012FD0028B7D0254A26493C
:1067900026484FF450731AF01AF9002383F3118836
:1067A000BFF36F8F0323184602DF03F02FFA002890
:1067B000A8D01C4A1C491D4840F25A331AF007F968
:1067C000002383F31188BFF36F8F0323184602DF82
:1067D00098E7144A1449154840F296331AF0F7F82E
:1067E000002383F31188BFF36F8F0323184602DF62
:1067F000B0E70C4A0E490D4840F289331AF0E7F829
:1068000084F31188BFF36F8F0323184602DF96E7E6
:10681000046D00205C77002074760020EC6D002071
:106820009815002034B2060070B20600B8B1060018
:10683000A8B2060008B5FFF757FFBDE808400BF007
:10684000C1B900BF2DE9F043334D344C83B0074646
:10685000884600233B60D5E9000101AAFDF780FDD1
:106860000646002846D0019B2D491A784046FFF77E
:10687000F7FB0346002845D194F8E0208DF801206D
:1068800094F8E1200DF101010DF102009946FFF7A6
:10689000E7FB49EA000212F0FF090346F0D1019B31
:1068A0001A79012A32D14A4629466868FDF760FD07
:1068B00030461C4E1C49FDF705FD33880F2B09D8C7
:1068C00001981A4901333380FDF7FCFC0120FFF7E2
:1068D00025FCBEE7164A174917484FF4D7631AF04C
:1068E00076F889F31188BFF36F8F0323184602DF10
:1068F0003388E5E70949404691F8E120E031FFF7A8
:10690000AFFB0346184603B0BDE8F0833B604B463F
:10691000184603B0BDE8F083246E0020046D00200B
:10692000E46D0020346E0020386E0020046F0020DB
:1069300034B20600B0B20600B8B1060070B55F49C7
:1069400082B000234868019301AAFDF711FD0446B7
:10695000002851D020465A49FDF7B4FC019A147919
:106960001D2C30D857490123A3400B4027D1172CA9
:1069700029D1916808460D46117F04683C294AD008
:10698000527F002A30D0606E18B14F496366FDF720
:1069900099FC94F86A3023F0010384F86A300020EF
:1069A00002F056FC0446002002F0E8F940EA4400F8
:1069B00010F0FF0005D10AF07FF802B070BD002C86
:1069C0004DD002B070BD414A4149424840F2735334
:1069D00019F0FDFF002383F31188BFF36F8F0323AA
:1069E000184602DF02B070BD94F84830226262F3AC
:1069F000000384F84830D2E7344A3749354840F23A
:106A0000354319F0E4FF84F31188BFF36F8F03233C
:106A1000184602DF9EE743681E46002B2FD02B4608
:106A200000255D60B36F6BB1284A2C49294840F2BC
:106A3000B24319F0CCFF85F31188BFF36F8F0323A6
:106A4000184602DF06F16C0106F16800FDF778FCDC
:106A5000054618B33068B56702F006FE99E71B4A91
:106A60001F491C4840F26F5319F0B1FF84F311889D
:106A7000BFF36F8F0323184602DF02B070BD134AC5
:106A80001849144840F2AF4319F0A1FF86F311886A
:106A9000BFF36F8F0323184602DFC0E70B4A12498A
:106AA0000C4840F2B54319F092FF85F31188BFF30B
:106AB0006F8F0323184602DFCCE700BF246E00204F
:106AC000386E00202900003F046F002034B2060019
:106AD00094B20600B8B1060034B90600FCB2060054
:106AE00020B30600F0B2060014B306002DE9F04111
:106AF000066880460EB3374636683D791D2D58D856
:106B0000564C0123AB401C402ED1182D61D0172DBF
:106B10004FD13B7F3C2B00F08180022B00F0838023
:106B20009BB94F4C23880F2B32D801334D4923801A
:106B30003846FDF7C7FB002EDDD10023C8F8003032
:106B4000BDE8F041FF20FFF7E9BA474A4749484806
:106B500040F2D75319F03BFF84F31188BFF36F8FD6
:106B60000323184602DF3D79002DDAD141493E4A20
:106B70003F4840F22D6319F02AFF85F31188BFF3D7
:106B80006F8F0323184602DF354C23880F2BCCD997
:106B90003949354A36484FF4D76319F018FF0023B6
:106BA00083F31188BFF36F8F0323184602DF238816
:106BB000BBE72D4A31492E4840F2AC6319F007FF7C
:106BC000002383F31188BFF36F8F0323184602DF7E
:106BD00090E7F88805288DD802F054FDD0F894305D
:106BE00005466BB1204A2649214840F29B6319F0C3
:106BF000EEFE84F31188BFF36F8F0323184602DF84
:106C000005F1880105F18400FDF79AFB0446B0B157
:106C1000C5F89440284602F027FD6BE71149384635
:106C2000FDF750FB66E7384609F08CF9204602F084
:106C300099F800287FF45EAF09F03EFF5AE70A4A50
:106C400010490B4840F29E6319F0C1FE84F311888D
:106C5000BFF36F8F0323184602DFD9E72900003EF8
:106C6000346E0020046F002034B2060044B30600E6
:106C7000B8B1060050B30600B0B2060094B20600E8
:106C800078B3060034B906000148FDF705BB00BF24
:106C9000386E00200149FDF715BB00BF386E00209B
:106CA0000148FDF7F9BA00BF046F00200149FDF764
:106CB00009BB00BF046F0020034B044A93F8E13086
:106CC0000B70FDF747BB00BF046D0020286E00204D
:106CD00008B5064B064A93F8E1300B70FDF73AFB16
:106CE000044B1868BDE8084016F08EBB046D002008
:106CF000286E0020607800200C4991F8342091F82B
:106D000035309A420AD8A3EB020C5FFA8CFC60453E
:106D100009D89A4207D051F8220070470D339B1AC8
:106D2000DBB29842F7D90020704700BFEC6D00201D
:106D3000094A92F8341092F835308B4209D04B1C36
:106D4000DBB20D2B08BF002352F8210082F834304B
:106D500070470020704700BFEC6D002008B5134A53
:106D600092F8E1C092F8E0E00CF10103DBB21C2BD9
:106D700008BF00239E4508D022F83C0002EBCC0C53
:106D8000CCF8041082F8E13008BD094A09490A48E4
:106D900040F2127319F01BFE002383F31188BFF336
:106DA0006F8F0322104602DF1B80FFDE046D002080
:106DB00034B2060090B30600B8B1060000220B23DF
:106DC00002700B70704700BF002208B511460B4BD4
:106DD0000120FDF739FB00B908BD094A09490A48F5
:106DE00040F2317319F0F3FD002383F31188BFF3F0
:106DF0006F8F0323184602DF08BD00BF88150020EF
:106E000034B2060094B30600B8B10600022802D0DE
:106E10000B68022B0DD000B583B001914FF0FF320B
:106E20004FF0FF33034816F029FB0199086803B0BF
:106E300000BD704764780020044A13680BB11846FF
:106E40007047034610601846704700BF006D002071
:106E5000044A136823B1984206BF00211160002341
:106E600018467047006D0020014B1868704700BF3E
:106E7000006D0020044A13680BB1184670470346A2
:106E800010601846704700BFE86D0020044A136880
:106E900023B1984206BF00211160002318467047B5
:106EA000E86D0020014B1868704700BFE86D0020B6
:106EB00070B50468237886B05BB3054601220021D3
:106EC000684620F046FB144BC4F818D06361237861
:106ED000FBB1124B0022114603209D60FDF7B4FA6E
:106EE00038B94FF400420023684616F0C7FA06B0DE
:106EF00070BD0B4A0B490C4840F2E97319F067FD6D
:106F0000002383F31188BFF36F8F0323184602DF3A
:106F1000E7E76FF07700EAE75D600400781500208E
:106F200034B2060094B30600B8B1060070B5254C23
:106F3000236886B0002B3AD0994217D102230593DB
:106F400005AB00931646204B02460D460020032158
:106F5000FEF7CAFE022803460CD0059A022A09D180
:106F600093B123680BB19D4223D025B36FF02D0060
:106F700006B070BD4FF0FF3314484FF0FF3216F0EB
:106F80007DFA059B002BECD130460393FFF790FF71
:106F9000226812B19542039B10D0002DE6D1002843
:106FA000E6D010F1780F08BF002006B070BD216058
:106FB000C4E7002323606FF07700D9E7236000283F
:106FC000D6D0EEE7006D0020516004006478002008
:106FD0000B490A7D4B7D9A420AD8A3EB020C5FFA5B
:106FE0008CFC604509D89A4207D051F822007047BE
:106FF00005339B1ADBB29842F7D90020704700BFD7
:1070000074760020074A117D537D8B4208D04B1CBB
:10701000DBB2052B08BF002352F82100137570471F
:10702000002070477476002010B582B004460191AC
:1070300003F02EF80199044A0870204602B0BDE81A
:107040001040FDF787B900BF306E00200122024BCF
:1070500011460020FDF7F8B96815002010B582B080
:107060000446019103F014F80199074A087020467C
:10707000FDF770F90122054B1146002002B0BDE872
:107080001040FDF7E1B900BF306E00206815002008
:107090002DE9F043194D9DF81C6095F801C10CF1E4
:1070A0000104E4B2082C1F4695F8003108BF002403
:1070B000A3421ED0964605EB4C1CDEF80C308146F0
:1070C0008846106851689268E646AEE80F009CF862
:1070D0001C30CCF8188006F0010623F0030333437C
:1070E000CCE904798CF81C3085F801416046BDE894
:1070F000F0834FF0000C6046BDE8F0835C77002021
:10710000054890F8003190F801219A4214BF00EB35
:1071100043100020704700BF5C77002002780B49C5
:10712000072A91F8013184BF91F80021027093423F
:1071300009D0531CDBB2082B08BF002301EB42111E
:107140000370084670470021FBE700BF5C77002012
:107150002DE9F04F4A4F97F8004197F80131A342CB
:1071600085B06BD04FF0000B029007EB44140A255A
:10717000CDF80CB0CDF804B0DA46267FD4F80C90E8
:10718000C6F3400806F0010655B3B8F1000F38D039
:1071900097F8013197F80041A3424FD00134E4B28F
:1071A000082C08BF0024A34287F8004146D007EB13
:1071B0004414B8F1000F10D1E268002E41D1BAF1A9
:1071C000000F54D0019B002B56D0237F980704D189
:1071D000524533D0019B9A4230D0013DEDB2CCE70D
:1071E000284A2949294840F66F0319F0F0FB85F336
:1071F0001188BFF36F8F0323184602DFB8F1000F29
:10720000C6D1234B02989C6042464146FDF71CF9CB
:107210000028BDD01B4A1F491C4840F67E0319F0C8
:10722000D6FB88F31188BFF36F8F0323184602DF64
:1072300097F8013197F80041A342AFD105B0BDE8FE
:10724000F08F039BABB1BBF1000F08BFCB46237F90
:107250009907C2D4DB07BBD5019B002BBDD1039B93
:107260009342EBD09345E9D0013DEDB285E7CA46A4
:10727000EDE7CDF80C90EAE7CDF80490E7E700BF22
:107280005C77002034B206009CB30600B8B106005B
:107290005815002094B30600054B1A7D597D914284
:1072A00004D053F8220010B10C3070470020704712
:1072B0004477002070B5134A117D537D8B421ED058
:1072C0004B1CDBB252F82140052B08BF002313757D
:1072D0009CB102230025266823712560A06002F07E
:1072E000D7FE094A207021463046FDF733F80122C7
:1072F000064B11462846FDF7A7F8204670BD00242E
:10730000FBE700BF44770020306E002068150020A6
:1073100000B583B04FF0000CCDE900CC049B0AF01F
:1073200071FE03B000BD00BF00B50346007F1A69BF
:1073300099694FF0010C83B000EA0C00CDE9000C14
:1073400058690AF05FFE08B1773001D103B000BD83
:10735000074A084908484E2319F039FB002383F3F4
:107360001188BFF36F8F0323184602DF03B000BDFF
:10737000A4B30600E8B30600B8B1060010B504696E
:10738000FFF758FA40B90C48F1F7A4FA0B48F1F7A7
:10739000A1FA0020206010BD094A0A490A4840F2BB
:1073A000793319F014FB002383F31188BFF36F8F37
:1073B0000323184602DFE6E7204A00205849002050
:1073C000FCB3060070B20600B8B10600F0B507695C
:1073D00083B006463B484FF0FF324FF0FF3315F0C5
:1073E000E3FF0028F6D043790190042B2FD8002B1F
:1073F00044D0022B57D04FF0FF324FF0FF33022022
:10740000F2F7A4FB04460198002C56D0214600F068
:10741000A5FB019B002201A81A60FFF767FB20462D
:107420001AF08FFF2146054600201AF0B0FF2B8A84
:1074300004462946304633B13B68984716F002FDB2
:10744000002CECD1C6E72846F1F78CFEF6E7052BB9
:1074500014D14FF0FF324FF0FF330820F2F776FBE4
:1074600004462146019800F037FB019B002201A849
:107470001A60FFF73BFB002CD1D1ABE71248134A4F
:10748000134940F2122319F0A2FA002383F3118862
:10749000BFF36F8F0322104602DF019A01A8136029
:1074A000FFF724FB96E70022002301210020F2F7DA
:1074B0005DFB04460198002CA8D1046001A8FFF7E9
:1074C00015FB87E7807D0020B8B10600FCB30600FD
:1074D00094B206000B7E022B02D003691B6818478A
:1074E000CB681B78052BF8D1704700BFF0B5064676
:1074F00083B00DE0F2F73AFBBDF8021005462246D4
:1075000000F0A6FF29463046FFF7E4FF16F09AFC8C
:107510000DF1020101A8FFF795F904464FF0FF3283
:107520004FF0FF3300211320002CE3D1019BA3B1C6
:10753000FFF704FA019F384600F0A4FF019D78711F
:107540006B79032B02D12B79182B0ED015482946C5
:107550001FF0E8FF019B002BDAD14FF0FF324FF014
:10756000FF33114815F08AFFD2E74FF0FF33214671
:107570004FF0FF320520EF88F2F7F8FA394602465D
:10758000044605F11C0000F07BFA384600F09CFA36
:107590002146304624B1FFF79DFF2046F1F7E2FD7A
:1075A000019DD3E7807D0020987D002030B50B8AB7
:1075B00085B0002B40D00B7E012B0C46054620D019
:1075C000042B09D01F4A204801211AF0E0F96FF07E
:1075D0001503184605B030BD03A9204600F0CCF9CC
:1075E0000399034621B101902846FFF773FF019BE1
:1075F000002BEED12046F1F7B5FD0023184605B06B
:1076000030BD002303A920460393E0F7A9FD00281D
:10761000F0D001462846FFF75DFF039B002BE9D021
:107620001846019300F02EFF019B02465A7107484D
:1076300003991FF077FFDDE7054A034801211AF09F
:107640009EF9C4E784B406007C8F0600807D00208C
:1076500070B4060008B516F09FFB05481FF031FF17
:1076600003481FF022FFBDE8084016F0A9BB00BF89
:10767000807D00202DE9F8432E4B1F68002F2FDB63
:1076800042D02D4C164688468146002506222146CA
:10769000304620F065FC18B914F8013C434522D06F
:1076A0000135AF4204F10804F0D1244C2449236889
:1076B0003568DA00501C0A440D500844B5888580AE
:1076C00001F8338001210F2F01FA09F1D171DBBFDD
:1076D000184A7B1C01331360102B08BF0023236062
:1076E0000020BDE8F883164B03EBC503DA7922FAD4
:1076F00009F1C90702D50120BDE8F883012101FA8B
:1077000009F10A43DA71EBE70C4C0D4ED4F800C0D6
:1077100017684FEACC035D1C7751AF19F5189388B1
:10772000BB80044A06F83C10012303FA00F0E8711C
:107730001360D4E7B87D0020BD7D0020B47D00201B
:10774000BC7D0020DFF874C0DCF804C01CF0005FD2
:1077500006D0DFF86CC0DCF800C01CF0080F00D1C8
:10776000704770B582B003F10C0401900E462046BC
:10777000022115461AF027FE40F63E430380012100
:1077800020461AF020FE03460421197020460B21E2
:107790001AF019FE019A0270A0F8015032B10023CC
:1077A000C0F80330C0F8073002B070BD7368B2682B
:1077B000C0F80720C0F8033002B070BD280E0020CA
:1077C000200E002030B5013889B0154611280AD89E
:1077D000DFE800F025415809096A097EA8BC0909BB
:1077E00009090909090D6FF0150009B030BDCB6812
:1077F000DA789978188808F06DFA5D4B0446012113
:1078000018881BF0A2F8012103460C3001931AF0EE
:10781000DAFD019B04702B60002009B030BD544B91
:107820000D2118881BF091F80D2128600C301AF0FA
:10783000CAFD00234FF0021C4FF480610122037047
:10784000C0F801C0A0F80510C271037243728372C0
:10785000C3720373E0E7464B412118881BF075F8AB
:10786000412128600C301AF0AEFD002101903E222B
:1078700000F8031B20F0CAF9019B40F2A732A3F8DD
:107880000120C9E73A4B092118881BF05EF809214D
:1078900028600C301AF097FD0346002203F8012BF4
:1078A000C0F801205A60B7E7C9680020FEF724FB42
:1078B0002F4B012118881BF048F8012103460C309A
:1078C00001931AF080FD019B002202702B60A3E758
:1078D000DFF8A0C0DFF898E0BCE80F0003AC0FC4ED
:1078E000DCF80030BEF80000237012211BF02DF8E8
:1078F000122128600C301AF066FD844600230DF139
:107900000C0E0CF8013B0546BEE80F002478C5F8C4
:107910000100CCF80410CCF80820CCF80C308CF81E
:10792000104079E7124B182118881BF00EF8182127
:1079300028600C301AF047FD00220190012100F868
:10794000022B0CF085FA019B587065E7084B21214A
:1079500018881AF0FAFF212128600C301AF033FD44
:107960000146002301F8113B01300CF0C5FA53E742
:10797000F0A30020C0B40600F0B5002383B00B6074
:10798000038A032B2BD905460F460C3004211AF02D
:107990004BFD2B8A4288934232D31B2A2AD801926C
:1079A000068801F08FFE019A0446002837D0B10BFB
:1079B0004FEA163318D1DBB1012B15D12179627151
:1079C00063F301012171E968E01D20F0F8F8214618
:1079D000C6F30B0001F082FEC0B903B0F0BD214A2E
:1079E0002148012119F0CBFF6FF0150003B0F0BD65
:1079F0000223E3E71D4A1C48012119F0C0FFF3E709
:107A00001B4A1948012119F0BAFFEDE7194A164837
:107A1000012119F0B4FF204601F05AFEE4E7164AAE
:107A20001148012119F0ABFF144B1B689B0115D5C0
:107A30004FF0FF324FF0FF330220F2F787F80221B8
:107A400038600C301AF0BFFC4FF48D730380386837
:107A500001210C301AF0B7FC012303706FF06800AD
:107A6000BBE700BF0CB50600748F060040B50600EA
:107A700020B5060070B506005CB50600280E002093
:107A8000104B1B68DB0600D4704710B582B00C3277
:107A90000C4601900221104600921AF094FC014617
:107AA00040F205420A80009804211AF08CFC019BE8
:107AB000A0F801404FF0000202701B78C37002B0C2
:107AC00010BD00BF280E0020024A1368013B13605E
:107AD000704700BFB07D002030B5037F03F0030383
:107AE000013B012B83B010D9194A1A491A4842F2B6
:107AF000CF3318F06CFF002383F31188BFF36F8F2F
:107B00000323184602DF03B030BD044601F10C0325
:107B100001931846E38804211D461AF054FC227F85
:107B2000019B02F00302022A0CBF45F4005245F407
:107B300080520280627F4280617F18461AF043FCC7
:107B4000627F04F11F0103B0BDE8304020F037B878
:107B500084B5060094B20600B8B106002DE9F04FD6
:107B60008BB00379032B04AF04460E4600F11C08CA
:107B70001FD0C288053B9146182B36D8DFE813F09A
:107B8000480035003500350035003500350035003A
:107B9000350035003500350035003500350035003D
:107BA00035003500C30024012A015D0176018B01F7
:107BB000BE01C37FC288033B9146122B00F2D081E5
:107BC000DFE813F02C02CE01CE0155027002CE0187
:107BD0007B02CE01CE01CE01B302CE018202CE01E4
:107BE000AB02CE01CE01D401D401BC4ABC49BD4890
:107BF00042F2BF2318F0EBFE002383F31188BFF39A
:107C00006F8F0323184602DF1C37BD46BDE8F08F97
:107C1000B54B027E657E93E80300A37E3861A846DB
:107C2000C3F34005237FB9824FEA114C5B0687F806
:107C300016C0C2F1000900F1AF82AC4B5B6803F0E3
:107C40000053002D40F00F83002BDDD0A84B1B68A4
:107C50009907D9D5207F04F11E02C0F3801100F0EE
:107C60000F0004F11E0AFFF705FD0028CCD1237F89
:107C700003F00F03012B00F0B883637F9A1FD1B28A
:107C80005A1DD2B2C7E902128B460633022106F111
:107C90000C007B601AF097FB7B6843703E230370F7
:107CA000012106F10C001AF08EFB034602221A7025
:107CB000F96806F10C001AF086FB01220270227F9F
:107CC000F86002F00F023A44127C427008F09CFC0B
:107CD0008045FB6880F07C83DA1C991C404608F0E4
:107CE00049FCFB689A7802329A70BD6883F809B043
:107CF00003F10A0004F1240104462A461FF05FFF45
:107D000004F8059080E718F0010F40F03582237FDA
:107D10009846002B00F02782744B5B689A007FF531
:107D200073AF734B1B6803F4007213F0010340F050
:107D30003B8213433FF468AFB8F1000F40F01B8360
:107D40006C4A136806F10C000133022105461360EA
:107D50001AF039FB41F63E730380012128461AF0E0
:107D600032FB0A2303701E2128461AF02CFB002345
:107D70000370A0F80190637FC370A37F0371D4F8F0
:107D80001F30C0F80530B4F82330A0F80930D4F81B
:107D90002B30C0F80B30B4F82F30A0F80F30D4F8E7
:107DA0002530C0F81130B4F82930A0F81530638EB2
:107DB000A0F81730A38EA0F81930E38EA0F81B307E
:107DC00094F8383043771FE70A4640464946FFF7A4
:107DD00057FE19E7454B5B689B007FF515AF444B99
:107DE0001B685D077FF510AF022106F10C001AF049
:107DF000EAFA40F63E230380012106F10C001AF056
:107E0000E2FA03464FF0030206F10C001A70092152
:107E10001AF0D9FA18F0010F054640F0C982237F05
:107E20002B70A5F80190E38BA5F80330238CA5F8FF
:107E30000530638CA5F80730E6E62C4B5B68180428
:107E40004FF000047FF5E0AE01F10C03184602216B
:107E5000FB601AF0B8FA4FF44C7202800321F86804
:107E60001AF0B1FA0470A0F80190CDE6224B1B681D
:107E700019027FF5C9AE022106F10C001AF0A3FA2F
:107E800040F257230380022106F10C001AF09BFAFE
:107E9000A0F80090B8E6154B5B689A007FF5B4AE89
:107EA000134B1B681B037FF5AFAE022106F10C00DC
:107EB0001AF089FA40F23E430380012106F10C00DA
:107EC0001AF081FA14230370032106F10C001AF052
:107ED0007AFAA0F80090237F837095E684B50600B7
:107EE00094B20600B8B10600B4920600280E002035
:107EF000200E0020B07D0020E84A0020C94B5B68BE
:107F00009D0003D5C84B1B68180558D4627FA37F1A
:107F1000247F002A92FAA2F2B2FA82F208BF4FF04E
:107F2000FF32002B93FAA3F3B3FA83F308BF4FF0A9
:107F3000FF336D46511C01338AB0BC4A099204AA32
:107F40000620CDE90B410D93CDF8289042F8100F93
:107F5000B74800234FF44251EEF768FAAD4653E6B6
:107F6000B44AB549B54842F2A33343E6AD4B5B682A
:107F70009A007FF549AEAC4B1B685B067FF544AEBB
:107F8000022106F10C001AF01EFA40F63E3303807F
:107F9000012106F10C001AF016FA072303700A21DA
:107FA00006F10C001AF00FFAA0F80090A38C4380A1
:107FB000E38C8380238CC380638C038124E60221BD
:107FC00006F10C001AF0FFF940F23E630380012134
:107FD00006F10C001AF0F7F90C230370052106F1E5
:107FE0000C001AF0F0F9237F0370A0F80190627F73
:107FF000002A92FAA2F3B3FA83F308BF4FF0FF33DB
:108000000133C370A27F92FAA2F3002AB3FA83F37A
:1080100008BF4FF0FF3301330371F5E5814B5B6817
:1080200099007FF5F1AD804B1B68DA067FF5ECAD6A
:10803000022106F10C001AF0C6F940F63E53038007
:10804000012106F10C001AF0BEF9052303700C2182
:1080500006F10C001AF0B7F9034623F8029B216AD7
:10806000626AC0F802105A60238D4381CCE56D4BE3
:108070001B681B064FF000047FF5C6AD01F10C0331
:1080800018460221FB601AF09EF94FF481620280CB
:108090000421F8681AF097F901230470A0F8019000
:1080A000C370B1E590F820300E2B00F03A81644A9D
:1080B0005F48022119F06BFCA6E50B464A46414693
:1080C0000020FFF73FFB9FE5564B5B68980040F1AF
:1080D000BF80554B1B68990640F1BA80022106F11A
:1080E0000C001AF070F940F63E330380012106F1CE
:1080F0000C001AF068F9062303700A2106F10C003F
:108100001AF061F9A0F80090238C4380638C83807F
:10811000A38CC380E38C038176E590F82030494A34
:108120004348022119F033FC6EE53E4B1B681D06E7
:108130007FF56AAD01F10C0318460221FB6094F84B
:1081400020401AF040F94FF4816202800421F8685F
:108150001AF039F900239C4208BF1F240470A0F8CC
:108160000190C37050E5A07F04F12503FF2204F1C4
:108170001F0108F049FBCFE52E4A33492F4842F250
:10818000CF0318F024FC002383F31188BFF36F8F13
:108190000323184602DFBAE5002104F11E0342461C
:1081A000084608F031FB48E5B8F1000F40F0C08008
:1081B00026490B6801330B60002A40F01C81022124
:1081C00006F10C001AF0FFF841F23E330380012162
:1081D00006F10C001AF0F7F801230370122106F1E2
:1081E0000C001AF0F0F880F80080A0F80190637F8E
:1081F000C370A37F03F001030371D4F81F30C0F8EC
:108200000530B4F82330A0F80930638EA0F80B30A5
:10821000A38EA0F80D30E38EA0F80F3094F838301C
:108220004374F1E4280E0020200E002060B6060002
:10823000748F060084B5060094B20600B8B106003B
:108240008CB606009CB60600E8B50600B07D00209E
:108250000023CDE90233CDE900331A22022148463A
:1082600001F088FAD0E4002B3FF4CEAC734B1B68CE
:1082700058057FF5C9AC207F00F00F03012B0FD00C
:108280006F4A7049704841F6661318F0A0FB00234E
:1082900083F31188BFF36F8F0323184602DF207F1B
:1082A000C0F3801104F11E0200F00F0004F11E0A59
:1082B000FFF7E0F900287FF4A7AC022106F10C00DB
:1082C0001AF081F841F23E230380012106F10C00EF
:1082D0001AF079F803460B221A70112106F10C00EE
:1082E0001AF071F840F201120280F86008F08CF97F
:1082F0008045FB6880F09480DA1C991C404608F0A9
:1083000039F9FB689A7802329A70227FC2F3C01260
:108310005A72626AC3F80A20228DDA8183F81090BB
:1083200072E40B464A4600211A20FFF70BFA6BE471
:108330000ABB022106F10C00FA601AF044F841F27F
:108340003E330380012106F10C001AF03CF80123B2
:108350000370122106F10C001AF035F8FA68C0F823
:108360000120C0F80520C0F80920C0F80D20427493
:1083700080F8008048E4022106F10C001AF023F88E
:1083800041F63E730380012106F10C001AF01BF840
:108390000A2303701E2106F10C001AF014F804469B
:1083A0001D220021601C1FF031FC84F800802BE4AA
:1083B000234A2649244842F2581318F008FB0023A8
:1083C00083F31188BFF36F8F0323184602DF26E57E
:1083D000227FC2F380129A70D4F81E20C3F80320C3
:1083E000BAF80420A3F807207FE40B23FB60BD60EC
:1083F0000C23AB464AE4022106F10C0019F0E3FF1E
:1084000041F63E730380012106F10C0019F0DBFFF9
:108410000A2303701E2106F10C0019F0D4FFA6E414
:10842000227FC2F380129A70D4F81E20C3F8032072
:10843000BAF80420A3F8072067E700BF200E002049
:1084400084B50600C0B50600B8B1060024B6060023
:1084500030B500F10C0483B00D4620460221019294
:1084600019F0B1FF40F2135303800521204619F0A3
:10847000AAFF019AA0F8015001230370A0F803207D
:1084800003B030BD0379032B08D0053BDBB2182BBA
:1084900001D900207047054AD05C7047037F03F084
:1084A0000303032B14BF052004207047ECC606000D
:1084B00010B582B01B4B05991B4ACB1AA2FB0323B4
:1084C00013F47F5FC3F387141CD105990091A21C9C
:1084D000164BD2B201210020FDF706FC10F0FD0F73
:1084E0000ED0134A1349144840F6EB1318F06FFAF4
:1084F000002383F31188BFF36F8F0323184602DF35
:1085000002B010BD0A4A0D490B4840F6E61318F0B8
:108510005EFA002383F31188BFF36F8F032318469D
:1085200002DFD2E7607E002089888888D585040034
:10853000C0B606000CB70600B8B1060000B70600CA
:10854000F8B505682E6E0746C6B16C6E00232B6623
:1085500044B300211723696623714FF6FF73E3804C
:1085600004F11C001E221FF051FB3C232377A7605F
:1085700021463046BDE8F840FEF7AABB114A124931
:10858000124840F6332318F022FA86F31188BFF31D
:108590006F8F0323184602DF6C6E2E6E00232B664E
:1085A000002CD6D1074A0A49084840F6372318F06C
:1085B0000EFA84F31188BFF36F8F0323184602DF8E
:1085C0006C6EC6E7C0B6060028B70600B8B1060054
:1085D0003CB7060000B170470C4B10B5024604468C
:1085E000996002200121FBF72FFF00B910BD084A56
:1085F0000849094840F6072318F0E9F984F311887F
:10860000BFF36F8F0323184602DF10BDC81500208B
:10861000C0B6060094B30600B8B1060038B50378BA
:108620000446002B30D01B4D436900F11C01A960AA
:108630007BB1194A19491A4840F61C2318F0C7F9AA
:10864000002383F31188BFF36F8F0323184602DFE3
:10865000A96814480F4B0022C4E905011146012006
:10866000FBF7F2FE00B938BD0B4A0F490C4840F643
:10867000232318F0ACF9002383F31188BFF36F8F25
:108680000323184602DF38BDBDE838401C30FFF731
:1086900057BF00BFB8150020C0B6060054B706008B
:1086A000B8B106004185040094B30600144A154B86
:1086B00012781A7000B9704710B591F8293001EBA3
:1086C000830382B0DB6A01911C78FEF7CDFB019930
:1086D000884213D014F00E0F01D10B6A73B10A4A0D
:1086E0000A490B4840F6D31318F071F9002383F3BD
:1086F0001188BFF36F8F0323184602DF02B010BD4D
:108700002DA600202CA60020C0B6060068B70600E3
:10871000B8B1060070B51C4C256AAB6F73B11B4A2B
:108720001B491C484FF4266318F051F9002383F3CA
:108730001188BFF36F8F0323184602DF05F16C0128
:1087400005F16800FBF7FCFD064670B12868AE67CE
:1087500000F08AFF0025606E2562FEF7A7FA206E02
:108760006566FEF797FA256670BD084A0A4909480A
:1087700040F6622318F02BF986F31188BFF36F8F50
:108780000323184602DFE1E7607E0020C0B6060042
:10879000C0B70600B8B1060034B9060030B5564C73
:1087A00094F86A30D90785B05CD5236A53B193F841
:1087B0002C2042F0020283F82C20236A93F82C30FC
:1087C000DA077ED44C48FEF737FBA0420ED04B4A66
:1087D0004B494C4840F62B3318F0F9F8002383F34B
:1087E0001188BFF36F8F0323184602DF94F82430FB
:1087F000DB0703AD38D40222434B00950321002050
:108800000392FDF771FA2946FEF700FB05460028A2
:1088100043D13E48FEF74CFB08B1783054D136487E
:10882000FEF716FBA0420ED0344A3549354840F6D3
:108830004D3318F0CCF8002383F31188BFF36F8F0A
:108840000323184602DF236A0BB1FFF763FF94F896
:108850006A30002023F0010384F86A3000F0E0FC65
:10886000002845D000202DE002210391264B0095E1
:10887000032101220020FDF737FA2946FEF7C6FA48
:108880000028B8D01C48FEF7E3FAA04219D01B4AD2
:108890001B491C4840F6363309E01748FEF7D8FA62
:1088A000A0420ED0154A1649164840F6443318F037
:1088B0008EF8002383F31188BFF36F8F03231846CC
:1088C00002DF0C2005B030BD0C4A11490D4840F6BE
:1088D0004A3318F07CF885F31188BFF36F8F0323B8
:1088E000184602DF0448FEF7B3FAA0429CD1AAE77B
:1088F00008F0E2F8B6E700BF607E0020C0B60600D0
:10890000D4B70600B8B10600516004007C7E002098
:10891000E0B7060000B50378103102F1FF3C03F028
:108920000F03C9001FFA8CFC062B12D8DFE803F0F6
:1089300004251611111104004278103201F21B3186
:10894000D30001EBC20003F5B37313FB0C0080B23C
:1089500000BD4FF4F37340F25320F6E741780CEB7F
:108960008C03C3EB0310400001F11003DB0000F2A5
:108970003B1003FB020080B200BD40F2162340F220
:10898000E330E2E72DE9F0431D468BB04FF6FF736D
:108990009D429DF8487017D0139E139B16F81C4BF0
:1089A0000134E4B2804691461C7064B33B493C4BB1
:1089B0000D810022C1E900898F72CE60996001208B
:1089C0001146FBF741FD70B9139B93F8240010F09A
:1089D000010405D1334A344B11781B788B4221D0E6
:1089E0000BB0BDE8F083314A3149324840F66C1390
:1089F00017F0EDFF002383F31188BFF36F8F03237C
:108A0000184602DFE0E7294A2B492A4840F64A1374
:108A100017F0DDFF84F31188BFF36F8F032318462F
:108A200002DFC3E70133042109A8137009F000F93C
:108A3000099B224A139913980691A2FB0321204A0D
:108A40000094821A1F48A0FB0202581A01EB500141
:108A5000090A40F24715920905FB113302321A49FF
:108A600005910133CDE90344CDE90144D2B201219E
:108A700020460993FDF71CF910F0FD0FB0D00B4A0A
:108A800012490C4840F2BB7317F0A1FF84F3118820
:108A9000BFF36F8F0323184602DFA1E7F04A0020DF
:108AA000A81500202DA600202CA60020C0B6060088
:108AB00094B30600B8B10600F8B7060021F1D490CF
:108AC000607E002089888888AD860400FCB7060097
:108AD00010B5174C204609F06DFD04F10C0009F0AB
:108AE00069FD34F8043C627823F4437304EB82029A
:108AF000204623F0020394F8424052684FF0020CE3
:108B000043F00E0320F8043C06216CF342040023DA
:108B10004FF4006CA0F840C080F8424013705170D0
:108B2000437B00EB8300042203691A70597010BD67
:108B3000887E00202DE9F047684C0F46684994F87C
:108B40006A60864603C982B016F0010600909DF85F
:108B50002CC09DF830008DF8041040F0828015463E
:108B6000A28C0CF0070C00F003004FEA4C0C22F42E
:108B700043724CEA002C22F002024CEA020C94F8F8
:108B80002920A4F824C004EB8202994607F10803C7
:108B90000DEB0301012F08BF4FF0000ED76A11F84B
:108BA000083CA4F868E03A7803F00F0313F00E0FC6
:108BB00022F01F000CBF01210021034361F3451384
:108BC0003B7003F00F03012B02F00F0A41D094F821
:108BD0006A3065F342035A0784F86A300BD569F3AB
:108BE000C30384F86A300A9B0A9A1B68C4F86B3086
:108BF0003C4B92889A803B7803F00F02012A05F0E3
:108C0000010833D07A78E2B1BAF1010F4AD03B784B
:108C100068F3861323F080033B7094F83530E461E9
:108C200004EB8304AD01A36B05F040055A7845F0D1
:108C300004051D700AB906225A70304602B0BDE81C
:108C4000F08768F3861362F3C7133B7006237B70CB
:108C5000E3E7BAF1010FBAD07A78BAB984F8406084
:108C6000B5E70C26304602B0BDE8F0873A4668F317
:108C7000861369F3C71302F8083B0A990968B960BB
:108C80000A990C23898891807B70C6E7052A15D93B
:108C9000063AD2B207F10801134884F840201EF0CA
:108CA0008EFF94E794F840200F4907F108001EF06A
:108CB00086FF94F8403006337B70A8E70B4A0C49D6
:108CC0000C4840F2BD1317F082FE86F31188BFF303
:108CD0006F8F0323184602DF7A78D9E7607E002081
:108CE000BC920600CB7E0020A17E0020C0B606000C
:108CF00034B80600B8B1060008B5FFF7E9FE002059
:108D000008BD00BF08B5FFF749FD002008BD00BF42
:108D100008B5054809F05EFC044809F05BFCFFF764
:108D2000D7FE002008BD00BF887E0020947E002072
:108D3000034A044B801AA3FB0030C0F38F10704726
:108D4000607E002089888888044A0068044B801A65
:108D5000A3FB0030C0F38F10704700BF607E00207F
:108D60008988888830B9044890F86A3013F0010384
:108D700000D0704700207047607E002028B9044B67
:108D800093F86A0000F0010070470020704700BFB0
:108D9000607E002050B9064B93F86A0010F0010085
:108DA00005D093F8250000F00300704700207047BD
:108DB000607E002070B5064690F826000C4607F04D
:108DC000EFFF05462078C0F38010FDF7B7F8036881
:108DD000C6F871308388A6F875307DB1237843F0EA
:108DE0004003237023782A68C4F8022003F00F039D
:108DF000AA88E280012B03D0A01C70BD0546F1E7D4
:108E000096F8260007F0FEFF0028F5D022782346CA
:108E100042F0800203F8082B0268A26082889A80E0
:108E2000A01C70BD1F2965D870B5164690F8292082
:108E300000EB82020D46D26A117801F00F01012980
:108E400084B0034658D00DF10F01283000930192F1
:108E500009F02CFC019A90F800C011782CF01F0C3E
:108E600001F00F014CEA010C80F800C011785FFAA4
:108E70008CFCC1F3401161F3451C80F800C092F8EE
:108E800000C01146CCF3801290F800C062F3861C3B
:108E900080F800C011F8022B5FFA8CFCD20962F353
:108EA000C71C0446062200F802CB1EF096FE2A4696
:108EB000314604F108001EF082FE0635009B657005
:108EC00093F86A20D20706D49DF80F2083F8292052
:108ED000002004B070BD93F83520009303EB8202AC
:108EE0001846926B2146E0F77FF8009B0028EBD0F4
:108EF0000C20EEE71220704780F840502A46314699
:108F000041301EF05CFEE3E70A4601460148FFF7E8
:108F100089BF00BF607E00201F295FD8F0B590F8A0
:108F2000353000EB830385B09B6B174604460E4635
:108F300000F13405002B42D028460DF10F010193BA
:108F400009F0B4FB0378019923F03F0343F00403D5
:108F5000037011F8022BDBB2C2F3801203F03F035F
:108F600043EA82130370B31D4370054606220230A4
:108F70001EF033FE3246394605F108001EF01FFE92
:108F800094F86A30DA0706D49DF80F3084F835304B
:108F9000002005B0F0BD94F8292004EB82024123A3
:108FA000D16A0A7802F00F02D340DB07ECD52A46DB
:108FB0002046E0F719F80028E6D00C20E9E728461B
:108FC00009F0F8FAC0B258B994F8353004EB8303CD
:108FD00004229B6B1A7006225A70ADE7122070476C
:108FE0000720D6E70A4601460148FFF795BF00BFB4
:108FF000607E00202DE9F84309999DF820600D4618
:10900000074615F81C4B0134E4B2904699460C70A3
:1090100084B11848184BA0F808900022C0E90078E5
:10902000C5608672986011460120FBF70DFA80B981
:10903000BDE8F883114A124912484FF4697317F0DA
:10904000C6FC84F31188BFF36F8F0323184602DF39
:10905000DFE70A4A0C490B4840F2B13317F0B7FC7E
:10906000002383F31188BFF36F8F0323184602DFB9
:10907000BDE8F883004B0020D815002074B8060026
:10908000F8B70600B8B1060094B306000020704798
:1090900038B50546043001F11C02C0B2FDF746FFA9
:1090A000044600B938BD10F1780F01D10C2038BD4D
:1090B00040F29623094A0A490A4817F088FC0A48F0
:1090C0002246294617F083FC002383F31188BFF35F
:1090D0006F8F0323184602DF0C20E8E774B8060000
:1090E000B4B80600B8B10600CCB8060010B52E4CD6
:1090F00094F8483082B003F0010280B382BBC3F31E
:109100004103DA070BD50120FCF718FF0621FBF716
:1091100007F9002846D094F84830C3F3410394F887
:1091200032000193C0F3C10007F006FD94F833202C
:1091300094F83210FF2022F002028B0684F83400EB
:1091400084F8332004D5019B023BDBB2012B1FD9ED
:109150001548E0F709F818B9002002B010BD12B99F
:109160000C2002B010BD236A002BF9D12146FFF775
:109170008FFF0028F4D194F8482060F3000284F8AF
:109180004820FFF7EFFD0028E6D107F095FCE3E764
:10919000002007F0F5FC94F8333043F0020384F824
:1091A0003330D5E71220D8E7104B002008B50D4921
:1091B00091F84830DB0701D5086A08B1002008BDE6
:1091C000FFF766FF0028F9D1064991F8482060F3BF
:1091D000000281F84820FFF7C5FD0028EED107F016
:1091E0006BFCEBE7104B0020044A054B801A80080B
:1091F000A3FB0030C0F34700704700BF104B0020B6
:10920000BD86F21A044A0068044B801A8008A3FB4A
:109210000030C0F347007047104B0020BD86F21AA3
:1092200030B9044890F8483013F0010300D070477B
:1092300000207047104B0020044B93F8482002F0A8
:10924000010210430CBF184600207047104B00204D
:10925000A0B90B4A92F8483013F001000FD0106A01
:1092600092F832100038C1F3401203F0010303FA00
:1092700002F318BF012043EA8000704700207047C6
:10928000104B002050B9064B93F8480010F0010035
:1092900005D093F83200C0F3C1007047002070473A
:1092A000104B00202DE9F0410668324982B0044697
:1092B0004FF4DC723046FBF71DF804F168052146D7
:1092C0000AF0AEF8E06E01AA2946FBF751F808B3A0
:1092D000DFF8B4804FF6FF7798F8E12098F8E010B7
:1092E000531CDBB21C2B08BF0023994231D008EB82
:1092F000C20128F83270019A4A6012680260019A2D
:10930000106088F8E130E06E01AA2946FBF730F8DA
:109310000028E1D1D6F8644154B10023C6F8643185
:1093200006F5B2712046FDF799FE02B0BDE8F08166
:10933000114A1249124840F2FC7317F048FB84F3BB
:109340001188BFF36F8F0323184602DFD6F86441FC
:10935000E3E7094A0B490A484FF4FD6317F037FB6E
:10936000002383F31188BFF36F8F0322104602DFBF
:109370001B80FFDE604B0020E4B806002CB906001D
:10938000B8B1060024B906005C80002010B50C4678
:10939000C0B9144B0022012102209C60FBF754F855
:1093A00000B910BD104A1149114840F2A27317F0DC
:1093B0000EFB002383F31188BFF36F8F032318463E
:1093C00002DF10BD084A0B49094840F29C7317F0B0
:1093D000FEFA002383F31188BFF36F8F032318462F
:1093E00002DFD6E708160020E4B8060094B30600B2
:1093F000B8B106003CB906000C4B002210B511466E
:1094000098600120FBF720F800B910BD084A09490F
:10941000094840F2CE7317F0DAFA002383F311887B
:10942000BFF36F8F0323184602DF10BDE81500203D
:10943000E4B8060094B30600B8B1060038B5037866
:109440000446002B30D01B4D436900F11C01A9607C
:109450007BB1194A19491A4840F2B77317F0B7FAA5
:10946000002383F31188BFF36F8F0323184602DFB5
:10947000A96814480F4B0022C4E9050111460120D8
:10948000FAF7E2FF00B938BD0B4A0F490C4840F229
:10949000BE7317F09CFA002383F31188BFF36F8F1C
:1094A0000323184602DF38BDBDE838401C30FFF703
:1094B000A3BF00BFF8150020E4B8060054B70600AB
:1094C000B8B10600F993040094B3060083685A68A3
:1094D00092F82730DB0900F1080101D0E0F7E8BA83
:1094E000E0F772BF00B9704710B50C46FDF7DAFC23
:1094F000A04212D0FDF7B8FCA0420ED0074A08499E
:10950000084840F2D66317F062FA002383F311880B
:10951000BFF36F8F0323184602DF10BDE4B80600C7
:1095200048B90600B8B1060010B50C46A0B92046EF
:10953000FDF7ACFC84420ED00F4A1049104840F2AF
:10954000EC6317F044FA002383F31188BFF36F8FA5
:109550000323184602DF10BD074A0A49084840F2B3
:10956000E96317F034FA002383F31188BFF36F8F98
:109570000323184602DFDAE7E4B806009CB90600C8
:10958000B8B106003CB9060010B50C46A0B920469B
:10959000FDF770FC84420ED00F4A1049104840F28B
:1095A000E26317F014FA002383F31188BFF36F8F7F
:1095B0000323184602DF10BD074A0A49084840F253
:1095C000DF6317F004FA002383F31188BFF36F8F72
:1095D0000323184602DFDAE7E4B806009CB9060068
:1095E000B8B106003CB9060038B51348134B144D0A
:1095F000144C06224FF4DC71FAF726FE124B0322BC
:10960000181D2421FAF720FE104B1B22181D0821DB
:10961000FAF71AFE02F06EFE0D480E490E4A0323B9
:109620004FF01B0C2B70A0F800C000254FF4A47065
:1096300025600880137038BD604B00200C7F00202F
:109640002FA6002064810020EC7F0020107F0020E6
:10965000F4A30020F2A300202EA600200148FAF770
:109660001BBE00BF0C7F00200149FAF72BBE00BFD4
:109670000C7F002002494FF4DC72FAF73BBE00BFBA
:10968000604B002002464FF4DC710148FAF72EBE11
:10969000604B0020052811D800B583B002464FF476
:1096A000DC7107480192FAF721FE019A038E93427A
:1096B00001D103B000BD002003B000BD0020704701
:1096C000604B00200148FAF7E7BD00BFEC7F0020A7
:1096D0000149FAF7F7BD00BFEC7F002005283FD80D
:1096E00070B504460E46204822464FF4DC71FAF766
:1096F000FDFD038EA34205461CD11C4A92F821C0F1
:1097000092F820100CF10103DBB2042B08BF0023F8
:10971000994222D022F83C4002EBCC0CCCF80460F9
:1097200082F82130037843B995F94330002B0FDBE1
:10973000002070BD6FF0150070BD0D4B00229860C9
:1097400001210320FAF780FE95F94330002BEFDA70
:109750002146284606F06AFAEAE76FF0680070BD15
:109760006FF01500704700BF604B00204081002063
:10977000181600202DE9F04784B00528BDF83050B8
:10978000BDF83460BDF8384017D8029117464FF441
:10979000DC7102461A4803929846FAF7A7FD039A2D
:1097A000038E934281469A4607D1029B6BB1022BEE
:1097B00007D0012004B0BDE8F087022004B0BDE866
:1097C000F087A7B903F0BCF80DE00F9B019300945C
:1097D00033462A46414603F025F80028EED199F990
:1097E0004330834207DB002004B0BDE8F0873946F0
:1097F00003F0B6F8F7E75146484606F017FAF2E7E5
:10980000604B0020052823D810B582B002460C46D4
:10981000104801924FF4DC71FAF768FD019A018E4D
:1098200091420BD1019002F083FF019B48B1036884
:10983000236003792371002002B010BD022002B022
:1098400010BDD3F83E20226093F842302371F2E736
:1098500002207047604B0020052802D902231846D9
:10986000704710B582B00446019122464FF4DC7176
:109870001648FAF73BFD018EA142024623D1019B17
:109880001A2B18D8042B1AD91149D940C90716D553
:1098900019461046019202F00FFF034680B9019A63
:1098A00092F9431081420BDA01902146104606F0EE
:1098B000BDF9019B04E0292BEAD03B2BE8D0122311
:1098C000184602B010BD0C23FAE700BF604B002021
:1098D00020003804052827D830B583B002464FF45D
:1098E000DC7113480192FAF701FD019A038E93424D
:1098F00004461D460BD1012102F00EFE034618B9A5
:1099000094F94320824206DB184603B030BD02239F
:10991000184603B030BD01902946204606F086F96E
:10992000019B184603B030BD02231846704700BFA4
:10993000604B0020052826D830B583B002464FF48E
:10994000DC7112480192FAF7D1FC019A038E93421E
:1099500004461D460AD102F0F7FD034618B994F9F2
:109960004320824206DB184603B030BD022318466E
:1099700003B030BD01902946204606F057F9019BFF
:10998000184603B030BD022318467047604B0020D4
:10999000052827D870B582B01546019002460C46BE
:1099A00014484FF4DC71FAF7A1FC019A018E914240
:1099B0000E4611D1D0F84021930610D52A462146F3
:1099C000019002F0C7FE019B20B993F94320824227
:1099D0000ADB002002B070BD022002B070BD1A2068
:1099E00002B070BD022070473146184606F01EF9DD
:1099F000EFE700BF604B0020034A044B12881B882E
:109A000002800B80704700BFF4A30020F2A3002067
:109A1000024A034B1080198000207047F4A30020F5
:109A2000F2A300204FF0450CA0F800C04FF42670C0
:109A3000A2F800C008801880704700BF05281FD812
:109A400030B583B01546019002460C460D484FF4E0
:109A5000DC71FAF74BFC019A038E934201460CD15C
:109A600090F88230C3F30203237091F88330002012
:109A7000C3F302032B7003B030BD022003B030BD2E
:109A800002207047604B0020024A034B107019708F
:109A9000002070472FA600202EA6002005283AD8C7
:109AA0002DE9F04184B01646039002460D461B484E
:109AB0004FF4DC711F46FAF719FC039A038E9342A8
:109AC0000446984616D1D0F84031DB0517D54FF043
:109AD000010C3B4632462946CDF800C002F0C2FDDB
:109AE000034618B994F9432082420DDB184604B0AE
:109AF000BDE8F0810223184604B0BDE8F0811A23C6
:109B0000184604B0BDE8F08103904146204606F0B7
:109B10008DF8039BEAE7022318467047604B00204C
:109B200005282ED810B582B002460C461648019280
:109B30004FF4DC71FAF7DAFB019A038E93421DD1E0
:109B4000428EB0F896311149052A0CD802FB033336
:109B50004FF4FA7202FB03F3A1FB03135B0B2380A8
:109B6000002002B010BD02FB03F340F2E24202FB10
:109B700003F3A1FB03135B0B2380F1E7022002B088
:109B800010BD0220704700BF604B00205917B7D1AD
:109B9000052830D800B583B00246009117480192DD
:109BA0004FF4DC71FAF7A2FB019A018E91421FD1AA
:109BB000428E009B42F2107103FB01F1052A01F174
:109BC000FF310BD84FF4FA7302FB03331944B1FB96
:109BD000F3F1A0F89611002003B000BD40F2E2437B
:109BE00003FB02F21144B1FBF2F1A0F89611F2E787
:109BF000022003B000BD0220704700BF604B002070
:109C000008B5FFF7F1FC002008BD00BF70B506F0F5
:109C10006BF90024A2B24FF4DC711B48FAF766FB23
:109C2000054600F11C02601D2946C0B2FDF77EF911
:109C30000646B0B110F1780F13D040F22173134AE9
:109C40001349144816F0C3FE13483246214616F055
:109C5000BEFE002383F31188BFF36F8F03231846E2
:109C600002DF01344FF6FF730026062C2B86C5F861
:109C70009460CFD1094A0A4B1684A3F8E060FFF73D
:109C8000B3FC304670BD00BF604B0020E4B8060056
:109C9000B4B80600B8B10600CCB806004081002078
:109CA0005C800020014B1878704700BF2FA6002071
:109CB000014B1878704700BF2EA600202DE9F04711
:109CC00081468A4617469846002402E00134062C55
:109CD00026D0A6B2144832464FF4DC71FAF706FBE0
:109CE000038EB3420546F1D190F8AA61C6F3400352
:109CF000BB42EBD10622414600F2B1101EF030F912
:109D00000028E3D106F001064E45DFD105F2AB1085
:109D1000062251461EF024F90028D7D1012000E088
:109D20000020BDE8F08700BF604B002038B58B688D
:109D300008601C682378ABB163690D4673B10C4AA7
:109D40000C490D484FF45E7316F041FE002383F377
:109D50001188BFF36F8F0323184602DF074BC4E956
:109D6000053538BDBDE838400846FFF7AFBB00BF3A
:109D7000E4B8060054B70600B8B10600CD9404005C
:109D80000B68DA88052A39D870B582B006460C46C9
:109D90001C4801924FF4DC71FAF7A8FA019A038E7D
:109DA0009342054619D102F017FE2268137F03F093
:109DB0000303032B09D1012313712268314628467E
:109DC00002B0BDE8704002F01BBE5BB195F8903167
:109DD0009A0705D53D2385F86031236801221A7161
:109DE00002B070BD95F890319B0703D53D2385F8EF
:109DF000603122680123137102B070BD01221A7113
:109E0000704700BF604B0020F8B50D46018E1F461D
:109E10004FF6FF739942044616460CD02046C4E91B
:109E20004756A4F8247102F003FB94F8903113F024
:109E3000010010D1F8BD0B4A0B490C4840F2BE336B
:109E400016F0C5FD002383F31188BFF36F8F032342
:109E5000184602DFE2E723F0010384F890316FF047
:109E60008B00F8BDE4B80600D8B90600B8B106000A
:109E7000F8B51D4C064694F821201BE0FAF736FA97
:109E80000346E0301B8EAB4222D1796802F00EF817
:109E900094F8201094F821204B1C8A4206F1FF30E0
:109EA000DBB204D0042B08BF002384F8203010F06C
:109EB000FF0617D094F820300C4893424FF4DC7121
:109EC00004EBC3070ED034F83350052D2A46D5D9FC
:109ED00079680B7923F003034FF6FF700B71FCF7E1
:109EE0003DFFD5E7F8BD00BF40810020604B00205A
:109EF0002DE9F041354B1A68904208BF002282B02C
:109F000008BF1A60028EA0F86A21182380F8683111
:109F1000064680F88011012102F096FA06F1E0076A
:109F2000304602F0ABFA384601F0A8FF384601F09F
:109F3000DDFF0446C0B12379254803F00303032B5A
:109F40000CBF234600232360FAF7A6F9054670B339
:109F5000214606F188022846FAF7FCF9384601F056
:109F6000C5FF04460028E6D1328E1A4B0096053212
:109F7000D2B201212046FBF7B7FE10F0FD0F0DD045
:109F8000154A1649164840F2537316F020FD84F323
:109F90001188BFF36F8F0323184602DF4FF6FF735C
:109FA000FF20338602B0BDE8F041FFF761BF0C48E7
:109FB000094A0C4940F28D7316F009FD85F31188AA
:109FC000BFF36F8F0323184602DFC1E764810020CF
:109FD000107F00208D930400E4B80600A8B90600A5
:109FE000B8B1060034B90600002935D02DE9F0419A
:109FF00006464C1E00F1E00717E00379174803F00E
:10A000000303032B0CBF43460023C8F80030FAF7C4
:10A0100043F9054688B1013C06F1880241462846CD
:10A02000E4B2FAF797F9FF2C05D0384601F05EFF4D
:10A0300080460028E1D1BDE8F0810948094A0A4973
:10A0400040F2B55316F0C3FC85F31188BFF36F8F50
:10A050000323184602DFDEE7704700BF107F0020B1
:10A06000B8B10600E4B8060034B9060010B50446DD
:10A070000120FFF7FDFE20460121BDE81040FFF75B
:10A08000B3BF00BF0149FAF71DB900BF107F002020
:10A09000014B93F8E10070475C80002000B50A4B4B
:10A0A00093F8E0C093F8E1E0F4450AD080F800E0CE
:10A0B00033F83C00088003EBCC035B68136018683E
:10A0C00000BD002000BD00BF5C800020074B93F85E
:10A0D000E0C0844508D003EBCC0033F83C300B8063
:10A0E0004368136018687047002070475C80002048
:10A0F000094A92F8E01092F8E1308B4209D04B1CEB
:10A10000DBB21C2B08BF002352F8310082F8E0308C
:10A1100070470020704700BF5C80002008B5134ADC
:10A1200092F8E1C092F8E0E00CF10103DBB21C2BE5
:10A1300008BF00239E4508D022F83C0002EBCC0C5F
:10A14000CCF8041082F8E13008BD094A09490A48F0
:10A1500040F2F45316F03BFC002383F31188BFF365
:10A160006F8F0322104602DF1B80FFDE5C80002021
:10A17000E4B8060050BA0600B8B10600F8B5567942
:10A18000144605460F467EB3237903F00302032AE3
:10A190000CD04FF6FF72954204BF23F003032371E6
:10A1A00021462846BDE8F840FCF7D8BD4FF6FF73BE
:10A1B0009D4228D13B689C423CD0002BF0D0204AE5
:10A1C0002049214840F2166316F001FC002383F376
:10A1D0001188BFF36F8F0323184602DF21462846FC
:10A1E000BDE8F840FCF7BABD154A1849164840F2D8
:10A1F000016316F0ECFB86F31188BFF36F8F032326
:10A20000184602DFC0E72A464FF4DC711048FAF71F
:10A210006DF8214602F0C2FB3B68A342CDD1052D6B
:10A2200008D80B482A464FF4DC71FAF75FF8038E22
:10A23000AB4200D000202146BDE8F84002F0ACB8A7
:10A24000E4B8060064BA0600B8B1060058BA0600C1
:10A25000604B002090F86620B0F85C3090F87E10DB
:10A26000B0F85800C2F30212022A15BFDB089B089F
:10A270000A3B0B3B9BB21A1F11F0100F92B218BF92
:10A280001346984228BF184680B27047704700BFF7
:10A2900090F8903143F0020380F89031704700BF8E
:10A2A00090F8903123F0020380F89031704700BF9E
:10A2B0000278838F12B1581E80B27047C18EB0F8F9
:10A2C00024215818104480B2704700BF10B50446CE
:10A2D0000B68C4F83E303E300B7903710521FAF764
:10A2E000D3F994F8433060F3050384F8433010BD8C
:10A2F000B0F87C30B3F5267F28BF4FF42673B3F552
:10A30000A47F4FF4267038BF4FF4A47308801380E5
:10A31000704700BF00B5B0F86C20B0F86610034677
:10A320008A4290F88300B3F86AC028BF0A4600F05A
:10A330000700B3F870101B2A38BF1B22042814BF73
:10A340004FF4A4704FF42960614528BF61468142F3
:10A35000B3F87AC038BF01468C45B3F8760043D0D5
:10A360008242A3F87A1001D0A3F8762093F8DD207A
:10A3700042F00202012083F8DD20B3F864C0B3F894
:10A380006E2093F88210B3F868E0624528BF6246F9
:10A3900001F007011B2A38BF1B220429B3F87210F1
:10A3A00014BF4FF4A47C4FF4296C714528BF71464B
:10A3B0006145B3F878E038BF61468E45B3F874C0A4
:10A3C00016D06245A3F8781001D0A3F8742093F852
:10A3D000DD2022F0020283F8DD2093F8DD20012049
:10A3E000024383F8DD2000BD8242BDD10020C4E7D6
:10A3F0006245EAD193F8DD1041EA510202F0010210
:10A4000021F003010A4383F8DD200028E5D100BDD7
:10A41000B0F86C20B0F8661003468A4290F88300CA
:10A42000B3F86AC028BF0A4600F00700B3F87010FE
:10A430001B2A38BF1B22042814BF4FF4A4704FF40A
:10A440002960614528BF61468142B3F87AC038BFB0
:10A4500001468C45B3F876000DD09042A3F87A10EF
:10A4600001D0A3F8762093F8DD2042F0020201200B
:10A4700083F8DD2070479042F3D10020704700BF81
:10A48000B0F86E20B0F8641003468A4290F882005B
:10A49000B3F868C028BF0A4600F00700B3F872108E
:10A4A0001B2A38BF1B22042814BF4FF4A4704FF49A
:10A4B0002960614528BF61468142B3F878C038BF42
:10A4C00001468C45B3F8740013D08242A3F878108B
:10A4D00001D0A3F87420012293F8DD10104642EA5F
:10A4E000510202F0010221F003010A4383F8DD204A
:10A4F00070478242EDD193F8DD10002001F0010297
:10A50000EDE700BF1B2928BF1B21B2F5A47F064B36
:10A51000A0F87E1028BF4FF4A472A0F87C208366B8
:10A52000A0F86410704700BF4801980210B5314A86
:10A53000DFF8C4C01288BCF800C01B2A28BF1B2249
:10A54000A0F87E20A0F864204522A0F866204FF0F5
:10A550001B12C26690F88320BCF5A47F01F00303B0
:10A5600002F0070228BF4FF4A47C042A03F128025A
:10A5700003F15203C1F340014FEAC2024FEAC303A1
:10A5800022FA01F223FA01F39BB292B2A0F87CC046
:10A5900014BF4FF4A47C4FF4296C9342A0F86A30A6
:10A5A00028BF1346634590F8DD10A0F8702038BF2F
:10A5B0006346A0F872200022044682674FF01B0C0D
:10A5C00041F00201A0F87A304FF4A4734267A0F87A
:10A5D0008020A0F8683080F8DD10A0F876C0FFF782
:10A5E0004FFF94F8DD300122134384F8802084F873
:10A5F000DD3010BDF4A30020F2A3002008B5002236
:10A60000D0E92101F9F7ACFEB0FA80F0400908BDAD
:10A61000F8B505460E46174601F096FD044688B388
:10A62000FA1E201D082A06D8DFE802F027050524B7
:10A63000050505211E001A4A1A491B48D12316F0A8
:10A64000C6F9002383F31188BFF36F8F03231846E5
:10A6500002DFE37973732146284601F08BFD28461B
:10A6600003F04CF92046F8BD03F0C0FCF1E703F01D
:10A67000B3FCEEE703F0A6FCEBE70146304603F03F
:10A680003FFCE6E7064A09490748BE2316F09FF952
:10A6900084F31188BFF36F8F0323184602DFBFE7EF
:10A6A00084BA060094B20600B8B1060090B3060062
:10A6B000F8B58C6900230D4606468B6114B3032759
:10A6C0002771338EE38095F8206004F11C00A6B951
:10A6D0002B7A052B24D0062B02D11A232371F8BD27
:10A6E000114A12491248F72316F071F986F31188BE
:10A6F000BFF36F8F384602DFF8BD3146BDE8F84042
:10A7000003F07EBC084A0B490948E72316F05FF9BD
:10A7100084F31188BFF36F8F0323184602DFCEE75F
:10A72000BDE8F84003F04EBC84BA060094B20600BF
:10A73000B8B10600C8BA0600F8B505460E46174679
:10A7400001F002FD044600283CD03A1F201D092AD2
:10A7500006D8DFE802F01F22250505050528052B90
:10A76000234A2449244840F2DF2316F030F900231D
:10A7700083F31188BFF36F8F0323184602DFE37959
:10A7800073732146284601F0F5FC284604F02AFFA1
:10A790002046F8BD03F0F4FBF1E703F009FCEEE717
:10A7A00003F010FCEBE703F021FCE8E795F830310B
:10A7B00096F84E101BB1D5F840315B0711D403F069
:10A7C0001FFCDCE70A4A0D490B484FF4317316F0C1
:10A7D000FEF884F31188BFF36F8F0323184602DF5E
:10A7E000B3E70A4696F84D1003F016FCC7E700BF22
:10A7F00084BA060094B20600B8B1060090B3060011
:10A8000030B50D4683B0044600F19B03002205F1EC
:10A810002B003B3101930AF097FA019B94F8B31097
:10A820005A689868DB68C4F8C830C4F8C0200023B0
:10A8300094F8D42084F8AB30C4E9333363F30001D7
:10A8400084F8AC3084F8AD3084F8AE3084F8AF30A2
:10A8500084F8B03084F8B13084F8B230D4F8B43031
:10A86000D4F89BC0C4F8D53042F00102D4F8B83017
:10A87000C4F8C40084F8D42084F8B310C4F8D930E4
:10A88000C4F8BCC0062229462046FFF7C1FE40F2AC
:10A8900006636B8194F89A3043F0180384F89A3079
:10A8A00003B030BD70B582B006460C4601F044FCE2
:10A8B00030B9204601F086FC0323A37202B070BDBC
:10A8C000042221463046FFF737FF8368C268C4F888
:10A8D0004720C4F843300369C6F8B830A56900239F
:10A8E000A361BDB103222B792A71328EEA8005F172
:10A8F0001C012046019303F02BFB019B2D2B03D061
:10A900000423A37202B070BD28682946FCF7E0F961
:10A910000423F6E7074A0849084840F2F62316F0F0
:10A9200056F885F31188BFF36F8F0323184602DFB3
:10A93000D8E700BF84BA0600C8BA0600B8B106005E
:10A9400030B583B004460D4601F0F6FB18B9062376
:10A95000AB7203B030BD04F19B0305F13B0105F17F
:10A960002B00002201930AF0EFF9019B94F8D41018
:10A970005A689868DB68C4F8C830C4F8C02000235F
:10A9800094F8B32084F8AB30C4E9333363F30001A7
:10A9900084F8AC3084F8AD3084F8AE3084F8AF3051
:10A9A00084F8B03084F8B13084F8B230D4F8B430E0
:10A9B000D4F89BC0C4F8D53042F00102D4F8B830C6
:10A9C000C4F8C40084F8D41084F8B320C4F8D93093
:10A9D000C4F8BCC0052229462046FFF7ADFE4FF45F
:10A9E000C1636B8194F89A3043F0080384F89A307D
:10A9F00003B030BD70B50C46897A82B00546164664
:10AA00000D2900F22F81DFE801F060686B979B074A
:10AA1000070C17383B405154002E00F0A38002B0C1
:10AA200070BD002EFBD1214601F086FB002840F0CE
:10AA3000C9800723A372F2E7022EF0D1A3691A4658
:10AA40001E460023A361002A00F0EF804FF00303AD
:10AA500033712B8EF380237A052B00F0E180062BD7
:10AA600040F0CE801A2333712146284601F064FB62
:10AA700000287DD10923A372D1E7002ECFD1F3E7BF
:10AA8000002ECCD10B23A372C9E7072EC7D1012119
:10AA900001F074FB2846FFF7FBFB2146284601F036
:10AAA0004BFB00287FD10C23A372B8E7002EB6D150
:10AAB000F3E7082EB3D140F20233638190F89A3065
:10AAC00023F0100380F89A30A9E7002EA7D1237A4B
:10AAD000062BD7D00223A372A1E7002EFAD09EE75F
:10AAE000012E9CD13146019301F048FB2846FFF727
:10AAF000CFFB284602F0FAFE019B5A689968C4F819
:10AB00002510C4F821201A7B84F829205A7B84F868
:10AB10002A20D3F80E20D3F81210C4F83F10C4F83E
:10AB20003B20D3F81630C5F8B4302146284602B091
:10AB3000BDE87040FFF7B6BE002E7FF470AFF4E7BB
:10AB4000032E0CD0042E7FF46AAF062140F203627C
:10AB5000072384F82010A4F84D20A3725FE7052393
:10AB6000A3725CE7214602B0BDE87040FFF7E8BE83
:10AB7000062221462846FFF7DFFD284604F020FF85
:10AB80000023A3720121284601F010FB2846FFF79D
:10AB900087FB284602F0AEFE95F89A3043F010038A
:10ABA00085F89A303BE70B2221462846FFF7C4FD83
:10ABB00040F60D33638195F89A3023F0080385F849
:10ABC0009A302CE70D2221462846FFF7B5FD28468E
:10ABD00004F0F6FE94F82030062B35D0242B3FF4F9
:10ABE0001EAF284A2849294840F2773315F0EFFE76
:10ABF00086F31188BFF36F8F0323184602DF0EE739
:10AC0000204A2149214840F21E3315F0E0FE00237E
:10AC100083F31188BFF36F8F0323184602DF23E706
:10AC200006F11C0003F0CEF91EE7164A1849174832
:10AC300040F20F3315F0CBFE86F31188BFF36F8F10
:10AC40000323184602DF01E70121A172284601F023
:10AC5000ADFA2846FFF724FB284602B0BDE8704055
:10AC600002F048BE074A0849084840F2D34315F0AD
:10AC7000AEFE002383F31188BFF36F8F03231846C2
:10AC800002DFCCE684BA060094B20600B8B1060032
:10AC9000C8BA060030B50C46897A83B005460A2941
:10ACA00000F21681DFE801F00A1D2D7C3B5D307952
:10ACB000686B0600002A67D003B030BD002AFBD1C4
:10ACC000237A062B0FD10121284601F057FA21469D
:10ACD000284601F031FA002840F086800823A3724C
:10ACE000EAE7002AE8D10121284601F047FA214687
:10ACF000284601F021FA002840F09B800223A3722D
:10AD0000DAE7002AD8D1F2E7032AD5D10121284673
:10AD100001F04CFA2846FFF7C3FA002319E0022A93
:10AD200021D0042AC8D101212846009301F03EFA1F
:10AD30002846FFF7B5FA009BDA780D2A00F0A480C8
:10AD4000112A40F0A3805B79062B02D01A2B40F029
:10AD5000AC8084F82030284604F040FC00232373A4
:10AD600038E0002AA8D12146284601F0E5F900285C
:10AD700043D10523A3729FE7002A9DD1A7E7062AA6
:10AD80009AD12846FFF784FA2146284601F0D4F9E3
:10AD9000002868D10A23A3728EE7002A8CD192E79B
:10ADA000012A31D0042A87D101212846009301F0DD
:10ADB000FDF9009BDA780D2A64D0112A77D15B79EE
:10ADC000062B02D01A2B40F0818084F820302846D0
:10ADD00004F004FC21462846FFF76AFC284602F0EE
:10ADE0007FFE0023A37267E70A2221462846FFF769
:10ADF0000FFC40F6093363815EE72146284603B025
:10AE0000BDE83040FFF7FCBC2846CDE90023FFF742
:10AE10003FFA019B009A59689868C4F84700C4F843
:10AE20004310D968C5F8B81040F204532273638107
:10AE300042E7032221462846FFF7EAFBD0F812300A
:10AE4000D0F81620C4F83F20C4F83B30D0F81A20C0
:10AE5000C5F8B42040F203432846638103B0BDE83F
:10AE6000304004F0B7BB0B2221462846FFF7D0FB49
:10AE70004FF60173638195F89A3023F0180385F833
:10AE80009A3019E71B799BE71B795DE7184A194946
:10AE900019484FF4BF7315F09AFD002383F311880E
:10AEA000BFF36F8F0323184602DF1F2351E7104AB9
:10AEB000104911484FF4BF7315F089FD002383F347
:10AEC0001188BFF36F8F0323184602DF1F237CE72F
:10AED000074A0849084840F2822315F078FD00230C
:10AEE00083F31188BFF36F8F0323184602DFE3E675
:10AEF00084BA060094B20600B8B1060092F81FC0EA
:10AF0000ACF1040C02F11C03BCF10D0F08D8DFE812
:10AF10000CF00E14170707070711070B0707070B9D
:10AF20003D2380F8603170470422FFF7B3BE012251
:10AF3000FFF7B0BE0622FFF7ADBE0222FFF7AABEA2
:10AF40000322FFF7A7BE00BF13460022FFF7A2BEF1
:10AF500092F81FC0ACF1030C02F11C03BCF1080F06
:10AF600006D8DFE80CF01205050F0505050C0900F1
:10AF70003D2380F8603170470822FFF73BBD072270
:10AF8000FFF738BD0222FFF735BD0122FFF732BDC2
:10AF900000230322FFF72EBD00230422FFF72ABD62
:10AFA000887AA0F10400B0FA80F04009704700BF31
:10AFB00013460022FFF71EBD91F82C30042B0FD949
:10AFC00091F82DC0112281F82820012243EA0C03B8
:10AFD00013F0070314D1012281F82830104670477E
:10AFE000032B09D091F82DC0BCF1040FEAD8BCF1B5
:10AFF000030F01D00022E9E7112381F82830012254
:10B0000000B585B04B8D029201930391FFF750F983
:10B01000019B029AC01A10F4004F04D1039928230F
:10B0200081F828300122104605B000BD70B50E46EB
:10B0300084B00DF10E0203A9B0F87840B0F87A5050
:10B040000190FFF755F996F82D2001981ABB96F854
:10B050002C30002B5ED1B0F87830A3420ED3BDF86F
:10B060000E209A420AD3B0F87A30AB4206D3BDF82C
:10B070000C209A4202D3002004B070BD90F8DD305D
:10B08000A0F8784043F00103A0F87A5080F8DD3052
:10B09000012004B070BD90F943C0BCF1000F02DB89
:10B0A00096F82C30F3B190F8821090F8744001F0CB
:10B0B000030323440D33DB00C1F34001CB409BB2BB
:10B0C000BDF80E40B3F5A47F38BF4FF4A4739C4283
:10B0D00028BF1C461AB3BCF1000F03DA96F82C30D7
:10B0E000002BB8D090F8832090F87610BDF80C5063
:10B0F00002F003030B440D33DB00C2F34002D340E4
:10B100009BB2B3F5A47F38BF4FF4A4739D4228BF10
:10B110001D46A0E790F943C09445C4DAE2E796F8EB
:10B120002C30002B97D0944595DADBE770B58C690D
:10B1300000230D4606468B61002C35D095F8213052
:10B14000DB071ED523792D2B1ED11D232371338EB2
:10B15000E38095F82830237796F88330C3F3020311
:10B16000A37796F88230C3F3020363772068214601
:10B17000FBF7AEFD95F8213023F0010385F821306F
:10B1800070BD01232371F1E70F4A1049104840F2C6
:10B19000B91315F01CFC002383F31188BFF36F8FE4
:10B1A0000323184602DFD0E7074A0A4908484FF44C
:10B1B000DB7315F00CFC84F31188BFF36F8F03234E
:10B1C000184602DFBAE700BFCCBA060010BB060083
:10B1D000B8B10600C8BA060070B591F821304C6AC3
:10B1E0009B070D4603D4CCB1012323710AE0064628
:10B1F000ACB103232371338EE380304604F11C018C
:10B2000003F0B4F820682146FBF762FD95F8213081
:10B21000002223F002036A6285F8213070BD074ADC
:10B220000749084840F2DF1315F0D1FB84F3118879
:10B23000BFF36F8F0323184602DFDAE7CCBA0600AC
:10B24000C8BA0600B8B1060070B58E7A032E82B077
:10B250000D46044618D0052E06D00221204602B025
:10B26000BDE8704000F0A2BF90F94330002B40DBF6
:10B2700095F82C307BB394F8822063F3061284F89F
:10B2800082200823AB72E8E790F94330002B13DAF1
:10B29000204994F8822095F8203003C91343CDE962
:10B2A000000103F007036B441B7863F306120623C7
:10B2B00084F88220AB72D0E7174A1849184840F248
:10B2C000544315F084FB002383F31188BFF36F8F81
:10B2D000304602DFDCE795F82D30002BD1D194F811
:10B2E00082201346092162F3061384F88230A97282
:10B2F000B3E7094A0B490A4840F25D4315F067FB82
:10B30000002383F31188BFF36F8F0323184602DFF6
:10B31000AEE700BFC4920600CCBA060038BB0600F8
:10B32000B8B1060050BB060091F8202030B50546A4
:10B33000900742D402F0070313F0010437D1A3F1C0
:10B340000403B3FA83F35B094FEA830E744691F862
:10B35000203064F3020381F82030C3F3C202DB061D
:10B360002ED412F0010025D1A2F10402B2FA82F229
:10B3700052094FEA820C604691F8203060F3C50311
:10B3800081F8203095F8823003F00703A34208BF0C
:10B390004FF0000E81F82CE095F8833003F007039E
:10B3A000834208BF4FF0000C81F82DC030BD4FF034
:10B3B000010ECCE74FF0010CDEE70224A646C6E7FB
:10B3C00002208446D8E700BF70B5CE6982B00C4633
:10B3D0000546002E00F08180637B162B2FD195F956
:10B3E0004330002B2BDBE66966610023E361321DED
:10B3F00094F82030114695F8A421C3F3C20363F3F7
:10B40000C50285F8A42194F8202095F8A43162F3B0
:10B41000020385F8A43194F8203095F88220C3F314
:10B42000801363F3C30285F88220204602F00AFEEF
:10B430000221284600F0A2FE0223A37226E000F0BB
:10B440008FFE18B90723A37202B070BD00F090FE02
:10B450000646606200284FD0637BE6696661002281
:10B46000162BE26106F10402C2D0182B18D02A4A2A
:10B470002A492B484FF4D27315F0A9FA002383F31D
:10B480001188BFF36F8F0323184602DF2846314629
:10B4900000F070FE284602B0BDE8704002F02EBAFF
:10B4A000214628460192FFF73FFF94F82C30019A7D
:10B4B00013B994F82D0038B128460192FEF7F8FE32
:10B4C000AB8E019A0633184460851146204602F07F
:10B4D000FDFD4FF605736381D8E70F4A1149104807
:10B4E0004FF4BF7315F073FA86F31188BFF36F8FB3
:10B4F0000323184602DF6FE7074A0B49084840F26A
:10B50000891315F064FA86F31188BFF36F8F032354
:10B51000184602DFA0E700BFCCBA060094B20600CE
:10B52000B8B1060068BB06007CBB060038B505460E
:10B530000C4602F0D3F910B10423A37238BD2146A2
:10B54000284600F0F9FD0028F6D018232146637341
:10B55000284600F0F9FDE06121462846BDE8384064
:10B56000FFF732BF38B505460C4602F0B7F910B107
:10B570000123A37238BD284604F01AF80028F7D139
:10B580002146284600F0D8FD0028F1D0284604F0D6
:10B590000DF80728ECD02846012104F001F82846D0
:10B5A0000D2104F001F8162321466373284600F0AC
:10B5B000CBFDE06121462846BDE83840FFF704BFD7
:10B5C00030B590F9434090F882C090F88330002C59
:10B5D0000CF0070E02F0030201F0030103F007056F
:10B5E00019DB1AB162F3020380F8833051B190F88D
:10B5F000823061F302030A4680F88230964518BF14
:10B60000012106D190F8831001F00701491B18BFF2
:10B610000121084630BD52B162F3020C80F882C0AD
:10B620000029EBD061F3020380F88330E6E70029BC
:10B63000EFD061F3020380F88330E3E7F0B50C4606
:10B64000897A85B0064615461F46092900F2C4814D
:10B65000DFE801F005050AC4A1AB1558608D002A8A
:10B6600000F0E18005B0F0BD032AFBD190F8433033
:10B67000DB0940F0448141F203736381F2E7052A5C
:10B6800000F02C81062A00F0D480022AEAD190F939
:10B690004330002B0EDBCB4ACB49CC4840F2CB23C6
:10B6A00015F095F9002383F31188BFF36F8F0323FF
:10B6B000184602DF0221304603F072FF3946204669
:10B6C00002F0FAFC21463046FFF776FC054620469C
:10B6D00000F078FD002D40F0398194F82D302BB129
:10B6E00096F8822063F3061286F88220304602F034
:10B6F0000FF90823A3720221304605B0BDE8F040DF
:10B7000000F054BD002AADD1214605B0BDE8F0409F
:10B71000FFF75ABE002AA5D1638D0193FEF7C8FD3D
:10B72000019BC01A03049DD494F82D2094F82C108A
:10B730003046FFF745FF002840F03181294630466A
:10B7400003F02EFF94F8203084F82850DB0994F899
:10B75000212063F3000284F8212096F8822013460A
:10B76000092162F3061386F88230A1727AE7042A6F
:10B770007FF478AF2146FFF7D9FC21463046FFF72A
:10B780002BFD304602F0ACF90021304603F00CFFEF
:10B790000023A37266E7002A7FF464AF2146304697
:10B7A00005B0BDE8F040FFF7C1BE032A7FF45AAFF1
:10B7B00090F94330002BC0F2BA8094F82D3094F801
:10B7C0002C50002B40F09780002D00F0DA8096F886
:10B7D000823065F3061386F8823087E7012A49D064
:10B7E000062A7FF43FAF002103F0DAFED6F840319D
:10B7F00023F480732046C6F8403100F0E3FC94F84F
:10B8000021301A2243F0010384F8213084F82820E3
:10B8100096F882201346092062F3061386F88230D8
:10B820000221A07268E7214605B0BDE8F040FFF7AD
:10B8300099BE002103F0B4FED6F840311A2223F459
:10B840008073C6F8403184F82820204600F0BAFC06
:10B8500094F8213043F0010384F8213096F88220D7
:10B860001346092562F3061386F88230022130461A
:10B87000A57242E7022103F093FE94F82030394686
:10B8800003F007022046C3F3C205019202F032FC26
:10B890000221304600F072FC94F82030019AC3F384
:10B8A000C2010D4065F3C5031A4062F3020384F838
:10B8B000203096F94330002B0CDB94F8203013F045
:10B8C000380F01D05A0705D194F8203023F03F03F8
:10B8D00084F82030204600F075FC5FE739462046AA
:10B8E00002F0A8FB94F84E3084F82830002130464E
:10B8F00003F056FEA9E7002D3FF4F8AE67E7344B9E
:10B9000090F8822093E8030094F820301343CDE9A7
:10B91000020103F007036B4402211B7A63F3061252
:10B9200041F6060386F8822030466381E5E6254A23
:10B930002849264840F2A72315F049F8002383F34D
:10B940001188BFF36F8F284602DF36E700213046AB
:10B9500003F026FE94F828300BB186F8603194F895
:10B96000203094F82120DB0963F3000284F82120C1
:10B9700096F88220134662F3061386F88230092374
:10B98000B8E62946304603F00BFE94F8203094F8D0
:10B99000212084F82850DB0963F30002E6E7214602
:10B9A0003046FFF743FB94F8213060F3410384F8FD
:10B9B00021302946304603F0F3FD012384F8285056
:10B9C000C5E600BFCCBA060038BB0600B8B1060019
:10B9D000C492060050BB0600074A0849084840F2D6
:10B9E000653314F0F4FF002383F31188BFF36F8FE6
:10B9F0000323184602DF35E6CCBA060094B20600EF
:10BA0000B8B1060070B5CE6982B00C460546002E6E
:10BA10004DD000F0A5FB18B90723A37202B070BD8A
:10BA200000F0A6FB06466062002857D00023E669B6
:10BA3000E361637B6661172B06F1040246D0182B85
:10BA400025D1214628460192FFF76EFC94F82C3050
:10BA5000019A13B994F82D0038B128460192FEF7E7
:10BA600027FCAB8E019A06331844608511462046A8
:10BA700002F02CFB4FF6057363812846314600F037
:10BA800079FB284602B0BDE8704003F0ABBD1B4A0D
:10BA90001B491C4840F2C93314F099FF002383F37B
:10BAA0001188BFF36F8F0323184602DFE5E7134ABF
:10BAB000154914484FF4697314F089FF86F311880F
:10BAC000BFF36F8F0323184602DFA2E71146284613
:10BAD00002F0DCFA41F603036381CEE7074A0B4923
:10BAE000084840F2AE3314F072FF86F31188BFF3BA
:10BAF0006F8F0323184602DF98E700BFCCBA060019
:10BB000094B20600B8B1060068BB06007CBB060014
:10BB100038B505460C4603F055FD10B10423A37259
:10BB200038BD2146284600F007FB0028F6D02846FD
:10BB300003F03CFD0728F1D02846FEF75FFD002802
:10BB4000ECD028460D2103F02FFD18232146637306
:10BB5000284600F0F9FAE06121462846BDE8384061
:10BB6000FFF750BF38B505460C4603F02BFD10B16A
:10BB70000223A37238BD2146284600F0DDFA0028D2
:10BB8000F6D0284603F012FD0728F1D028460D21F3
:10BB900003F00AFD172321466373284600F0D4FA08
:10BBA000E06121462846BDE83840FFF72BBF00BFC3
:10BBB000F0B50746887A83B00C461646092800F28D
:10BBC000D680DFE800F0262B62050A0594656D1328
:10BBD000022E00F0AC8003B0F0BD002EFBD1214658
:10BBE000384603B0BDE8F040FFF792BF042EF2D113
:10BBF0003846FFF79BFA21463846FFF7EDFA3846FC
:10BC000003F0DEFE0021384603F0CEFC0023A372D1
:10BC1000E1E7002EDFD101238B72DCE719462046D5
:10BC200002F026FA94F8202097F8A431C2F3C2005B
:10BC3000C3F3C2010140C2F30200034043EAC1035F
:10BC400022F03F02134384F8203097F94330002B51
:10BC50000ADB94F8203013F0380F6ED194F82030BE
:10BC600023F03F0384F820300221384600F086FAA2
:10BC7000012EB0D197F84330DB0961D02146384618
:10BC800003B0BDE8F040FFF76DBF002EA3D1F5E78C
:10BC9000002EA0D1384603B0BDE8F040FFF7B2BE99
:10BCA000002E98D14B8D01933846FEF701FB019B86
:10BCB000C01A03048FD494F82D2094F82C1084F823
:10BCC00028603846FFF77CFC0246002842D194F8F1
:10BCD000213062F3000384F8213097F88220134664
:10BCE000092162F3061387F88230A17273E7032EED
:10BCF0007FF471AF1946204602F0DEF9214638463E
:10BD0000FFF75AF90546204600F05CFAE5B194F8D1
:10BD1000283097F88220282B08BF87F86031134617
:10BD2000092162F3061387F88230A17253E738467F
:10BD300003B0BDE8F040FFF787BA5A0794D18DE70A
:10BD4000204600F03FFA4AE7384603F051FC08234A
:10BD5000A37240E7019021463846FFF767F994F84F
:10BD6000213060F3410384F82130019AAFE7084A9B
:10BD70000849094840F20A5314F029FE002383F3CE
:10BD80001188BFF36F8F0323184602DF23E700BF3C
:10BD9000CCBA060094B20600B8B1060092F81FC0F3
:10BDA000ACF1070C02F11C03BCF1110F0AD8DFE85B
:10BDB0000CF01F0909090909090909091C090909E0
:10BDC0000909191600B5242383B080F86031019168
:10BDD00001F086FE019900238B7203B000BD0222A0
:10BDE000FFF72CBC0122FFF729BC0522FFF726BC78
:10BDF0000622FFF723BC00BF13460022FFF71EBC3C
:10BE000013460322FFF71ABC00230422FFF716BCD7
:10BE100092F81FC0BCF1160F02F11C0312D0BCF146
:10BE2000180F0CD010B582B00191242180F8601158
:10BE300003F0C6FD019B00229A7202B010BD0322DE
:10BE4000FFF7B6BE0122FFF7B3BE00BF13460022C4
:10BE5000FFF7AEBE13460222FFF7AABE002304225C
:10BE6000FFF7A6BE0023C0E90133C0E90333037026
:10BE7000704700BF037801330370704703785BB9E4
:10BE8000C3687BB102691AB1816861B10B608260DD
:10BE90000023C0E903337047013BDBB20370002B82
:10BEA000EED0704770474360F1E700BF03783BB1C5
:10BEB00000230C300B60436843B119604160704748
:10BEC000002304300B604368002BF6D1C0E9001159
:10BED000704700BF00230B60836813B11960816055
:10BEE0007047C0E9011170474068704743682BB143
:10BEF00081681A6842608B4208BF826018467047AA
:10BF00004078A0F10C00B0FA80F04009704700BF03
:10BF10004078A0F10800B0FA80F04009704700BFF7
:10BF20004078A0F10200B0FA80F04009704700BFED
:10BF30004078A0F11700B0FA80F04009704700BFC8
:10BF40004078A0F10D00B0FA80F04009704700BFC2
:10BF50004078A0F10100B0FA80F04009704700BFBE
:10BF60004078A0F10900B0FA80F04009704700BFA6
:10BF70004078A0F10600B0FA80F04009704700BF99
:10BF80004078A0F11800B0FA80F04009704700BF77
:10BF90004078A0F10300B0FA80F04009704700BF7C
:10BFA0004078A0F10500B0FA80F04009704700BF6A
:10BFB00030B5054683B008460C46F8F76DF90346E0
:10BFC00090B10021C0E90511446005722C22203097
:10BFD00001931BF01BFE019B4FF47F42FF200021C9
:10BFE00058725A819A819973184603B030BD00BFC8
:10BFF0004078A0F10200B0FA80F04009704700BF1D
:10C000004078A0F10200B0FA80F04009704700BF0C
:10C010004078A0F10200B0FA80F04009704700BFFC
:10C020004078A0F10100B0FA80F04009704700BFED
:10C030004078A0F10100B0FA80F04009704700BFDD
:10C040004078A0F10100B0FA80F04009704700BFCD
:10C050004078A0F10100B0FA80F04009704700BFBD
:10C060004078A0F10100B0FA80F04009704700BFAD
:10C070004078A0F10900B0FA80F04009704700BF95
:10C080004078A0F10900B0FA80F04009704700BF85
:10C090004078A0F10900B0FA80F04009704700BF75
:10C0A0004078A0F10900B0FA80F04009704700BF65
:10C0B0004078A0F11800B0FA80F04009704700BF46
:10C0C0004078A0F10300B0FA80F04009704700BF4B
:10C0D0004078A0F10300B0FA80F04009704700BF3B
:10C0E0004078A0F10300B0FA80F04009704700BF2B
:10C0F00038B5446805462CB121462846BDE838408D
:10C10000F8F7E0B8094A0A490A48702314F05FFCBE
:10C1100084F31188BFF36F8F0323184602DF6C6826
:10C1200028462146BDE83840F8F7CCB898BB060051
:10C13000D8BB0600B8B10600024B1868003818BF1B
:10C14000012070473816002010B50448F8F7A4F80D
:10C1500004460430FEF79AF8204610BD3816002039
:10C1600008B50120FAF7C8FD003818BF012008BD46
:10C17000FAF7DEBDE030FFF7ADBE00BF90F8562104
:10C1800003461AB1114380F85611704700B583B0C9
:10C19000E03001910093FFF76DFE009B019993F849
:10C1A0005621114383F8561103B000BD90F8563163
:10C1B00023EA010180F8561101B17047E030FFF722
:10C1C0005DBE00BF38B58469054644B123792D2B87
:10C1D00004D02D232371AB692A691A6038BD084A3F
:10C1E000084909484FF4967314F0F1FB84F3118861
:10C1F000BFF36F8F0323184602DFAC69E6E700BF89
:10C2000098BB0600E4BB0600B8B1060038B58469E7
:10C2100005465CB123792D2B00D038BD0123237155
:10C22000A969BDE838400868FAF752BD074A0849CD
:10C2300008484FF49D7314F0CAFB84F31188BFF3D0
:10C240006F8F0323184602DFAC69E3E798BB060053
:10C25000E4BB0600B8B106008B6913B11A792D2A28
:10C260000BD00B7A072B15D0CB692BB1D0F85C2102
:10C270001A60CB69C0F85C3170471B68D0F8582150
:10C280005A608B6901221A718B69C0F858310B7A98
:10C29000072BE9D14B6A002BE6D01B68D0F8582158
:10C2A0005A604B6A01221A714B6AC0F85831DBE7B9
:10C2B00010B5044682B00E48F7F7EEFF034698B17A
:10C2C00000210B4A4260C0E9051104722C22203083
:10C2D00001931BF09BFC019B4FF47F42FF20002148
:10C2E00058725A819A819973184602B010BD00BFE6
:10C2F0002816002010B50A4B062258685021F7F77F
:10C30000A3FF084B062258685021F7F79DFF064B04
:10C31000BDE81040586818222C21F7F795BF00BFE0
:10C3200030160020281600203816002038B50446A4
:10C33000002501F08BFB2046C4E93E5584F80451EA
:10C3400003F032FBC4F82851C4E9425584F8165171
:10C35000A4F81451A4F81851C4F82B51A4F848516A
:10C36000C4F83051C4F83451C4F83851C4F83C51C1
:10C37000C4F84051C4F84451F9F7A4FD94F89A3038
:10C3800084F85651C4E95001C4E9565523F0180306
:10C3900084F89A30A58738BD08460149F7F792BF5F
:10C3A0003816002038B5B0F802318446144623B15F
:10C3B00099420ED25B1AA0F80231BCF8123123B1B7
:10C3C00099420DD25B1AACF8123100231846237043
:10C3D00038BD01F0CFF9054658B12B7A0A2B03D0AE
:10C3E00022236FF07300F2E795F820306FF07300AE
:10C3F000EDE7074A0749084840F2022314F0E7FA3C
:10C4000085F31188BFF36F8F0323184602DFE4E73B
:10C4100098BB0600F8BB0600B8B10600034BCB186A
:10C42000B3FBF1F3A0F81831704700BFFF59620267
:10C4300000B583B0019003F0BFFA019803B05DF836
:10C4400004EB01F00BBB00BF00B583B061B1012963
:10C4500001D003B000BD019003F0BAFA019803B017
:10C460005DF804EB01F08EBB019003F0ADFA01988A
:10C4700003B05DF804EB01F061BB00BF38B5D0F844
:10C480005841054634B1206821464468FAF714FC47
:10C49000002CF8D1D5F85C410023C5F8583134B1EF
:10C4A000204624680349F7F70DFF002CF8D1C5F8A2
:10C4B0005C4138BD3816002090F94330002B14DA67
:10C4C00070B50D4604460A4903201646FFF770FD75
:10C4D00048B180F8205080F821600146204601F0E4
:10C4E00013F9002070BD0C2070BD0C20704700BFF8
:10C4F0003016002010B5074904460120FFF758FD0B
:10C5000028B10146204601F0FFF8002010BD0C20A4
:10C5100010BD00BF3016002038B505460C4602207D
:10C520000849FFF745FD58B190F8203064F3000347
:10C53000014680F82030284601F0E6F8002038BD9A
:10C540000C2038BD3016002010B5074904460420E1
:10C55000FFF72EFD28B10146204601F0D5F8002056
:10C5600010BD0C2010BD00BF3016002090F943C054
:10C57000BCF1000F33DB30B50D4683B019490446DA
:10C580000520CDE90023FFF713FD014620B3D5F8C0
:10C5900000C0D5F804E0009AC1F825E0C1F821C038
:10C5A00092F800C081F829C05278019B81F82A20B6
:10C5B000D3F800E0D3F804C09A68DB68C1F83730DC
:10C5C0002046C1F82BE0C1F82FC0C1F8332001F09C
:10C5D0009BF8002003B030BD0C2003B030BD0C2010
:10C5E000704700BF3016002090F943C0BCF1000F27
:10C5F00033DB30B50D4683B0194904460620CDE93A
:10C600000023FFF7D5FC014620B3D5F800C0D5F8CC
:10C6100004E0009AC1F825E0C1F821C092F800C0FA
:10C6200081F829C05278019B81F82A20D3F800E0D4
:10C63000D3F804C09A68DB68C1F837302046C1F8E7
:10C640002BE0C1F82FC0C1F8332001F05DF80020C5
:10C6500003B030BD0C2003B030BD0C20704700BFCC
:10C660003016002070B582B006460D4607201149ED
:10C670009DF81840CDE90032FFF79AFCB0B1009B5D
:10C68000019ADB0005F0070103F03803920102F084
:10C6900040020B43134343EAC41380F820300146A1
:10C6A000304601F031F8002002B070BD0C2002B01D
:10C6B00070BD00BF3016002038B504460D4601F0AD
:10C6C000B9FA204603F0E0F907490A20FFF770FCA9
:10C6D00038B180F820500146204601F015F80020BE
:10C6E00038BD0C2038BD00BF3016002090F9433013
:10C6F000002B19DB10B582B0044601910B200B49C9
:10C70000FFF756FC68B1019B1A68C0F822201B791C
:10C7100080F826300146204600F0F6FF002002B0E7
:10C7200010BD0C2002B010BD0C2070473016002048
:10C7300008B590F94330002B08DB01F01BF820B15D
:10C74000037A0B2B0CBF2230002008BD02F036FF0D
:10C75000F5E700BFD0F840319B0601D400207047B8
:10C7600070B50D4682B004460A490C201646FFF704
:10C770001FFC60B13246294601902046FDF7C2FEFB
:10C780002046019900F0C0FF002002B070BD0C20CF
:10C79000FBE700BF3016002030B583B005460C46DD
:10C7A00002F00CFF20B1037A053B012B014602D9B0
:10C7B0000C2003B030BD01902846FEF7F1FB019933
:10C7C0000028F5D0D4F800C06268A368D4F80CE063
:10C7D000C1F837E02846C1F82BC0C1F82F20C1F8B6
:10C7E0003330FEF7D5FB002003B030BD10B582B06A
:10C7F000044602F0E3FE20B1037A053B012B01461B
:10C8000002D90C2002B010BD01902046FEF7C8FBF3
:10C8100001990028F5D02046FEF7BEFB002002B0AB
:10C8200010BD00BFF0B50F46D0F8401183B08907A6
:10C83000BDF82060054639D490F94310002959DB32
:10C8400034490820CDE90023FFF7B2FBDDE90023DE
:10C850000446002C5BD0217A082931D0092939D12E
:10C860006385099BE7842285A685002B45D01B881C
:10C870002387099B5B886387099B9B88A387099B08
:10C88000DB88E387099B1B89A4F84030099B5B89FF
:10C89000A4F8423095F94330002B14DA2846FCF70F
:10C8A000E9FE0146284603F0C1F90CE019490920C8
:10C8B000CDE90023FFF77CFBDDE900230446C8E750
:10C8C00022856385A6852846214600F01DFF0020AD
:10C8D00003B0F0BD104A1149114840F2054314F06D
:10C8E00076F8002383F31188BFF36F8F0323184674
:10C8F00002DFE8E71A2003B0F0BD0A4A4FF0FF3329
:10C90000C4E90E23A4F840304FF6FF73C0E70C20B3
:10C91000DEE700BF3016002098BB060094B2060088
:10C92000B8B106000000FFFF08B502F047FE28B1CD
:10C93000007AA0F10C00B0FA80F0400908BD00BFF9
:10C9400010B5044602F03AFE10B1037A092B00D06C
:10C9500010BD01462046BDE8104002F0C1BB00BF3B
:10C9600038B504460D4602F029FE10B1037A092BB2
:10C9700000D038BD80F8205001462046BDE8384040
:10C9800002F0B2BB08B502F019FE28B1007AA0F19E
:10C990000900B0FA80F0400908BD00BF38B505466F
:10C9A0000C4600F0E7FE10B14369A3420ED02846C2
:10C9B00002F004FE10B14369A34200D038BD224604
:10C9C00001462846BDE8384002F0B2BF0146224683
:10C9D000284600F0F9FFEAE710B5044600F0CAFE69
:10C9E00018B10146204601F019F8204602F0E6FD94
:10C9F00028B101462046BDE8104002F0BDBF10BD81
:10CA000030B5537F83B004460D46002B44D0D37F0E
:10CA10001E2B2CD92046019200F0ACFE009020463F
:10CA200002F0CCFDDDE90012002976D091F80BC0B0
:10CA3000D37F00284ED0634590F80BE05CD091F88E
:10CA40000CC0BCF1000F57D1072B71D0112B00F097
:10CA500082800D2B40F08F80BEF10D0F02D0037B42
:10CA6000002B41D01F2384F8603103B030BD4D4905
:10CA700051F8231031B102F11C0000928847009A4E
:10CA800060B1D37F022BC5D101232946204603B0D4
:10CA9000BDE8304002F0A0BFFF23D37720460092CC
:10CAA00000F068FE009A30B1D17FC37A9942DCD0A1
:10CAB000037B002BD9D12046009202F07FFD009A23
:10CAC000002846D0D17FC37A9942CED0037B002B79
:10CAD000CBD1DAE7634507D0087B28B9072B44D0D0
:10CAE000112B42D00D2BCFD1134620462A4603B03E
:10CAF000BDE8304000F010BF7345B3D090F80CC0D3
:10CB0000BCF1000FAED1072B01D0112BECD1407B33
:10CB100092F820309842E7D1A4E70028B4D0134619
:10CB200001462A46204603B0BDE8304002F082BEEE
:10CB300092F8203091F80DC09C4522D0BEF1070F2D
:10CB4000EDD0017B0029EAD1417B9942E7D0242333
:10CB500089E7034699E792F8203091F80DC09C458B
:10CB60001BD0BEF1110FECD1D9E7487B92F82030F1
:10CB7000984289D1B8E77345D1D0037B002BCED141
:10CB8000E5E7BEF1070F3FF46DAF037B002B7FF4A9
:10CB900069AF437B6345A7D164E7BEF1110FF4D1C0
:10CBA00060E700BF08C7060070B506460D46FFF7F0
:10CBB000CBFA0446002862D02B7A013B211D0B2BB7
:10CBC00007D8DFE803F022282E3506060606063BC6
:10CBD0000642324A32493348DD2313F0F8FE00237F
:10CBE00083F31188BFF36F8F0323184602DFE379C5
:10CBF0006B7321463046FFF7BDFA2B7A0A2B2AD0F9
:10CC00003046BDE8704000F079BE084601F02EF8CD
:10CC10001323EB72EBE7304601F05CF80923EB726B
:10CC2000E5E7284601F00AF9FF236C61EB72DEE7C5
:10CC3000084601F02DF90C23EB72D8E7284601F0E5
:10CC400017F9FF236C61EB72D1E7304601F05EFB10
:10CC50001523EB72CBE7738EB6F89C1140F2E242DB
:10CC600002FB03F342F2107202FB0131013930463C
:10CC7000B1FBF3F1BDE8704089B200F045BE074A50
:10CC800009490848A22313F0A2FE84F31188BFF3D8
:10CC90006F8F0323184602DF8EE700BFFCBB060040
:10CCA00094B20600B8B1060090B306002DE9F04139
:10CCB00006460D46174602F085FC28B10323AB72E9
:10CCC00000242046BDE8F08129463046FFF734FABB
:10CCD00004460028F2D029463046FFF735FA804650
:10CCE00080B32B7A013B08F104010B2B07D8DFE856
:10CCF00003F03846064C060606060606063E264A99
:10CD00002649274840F25E4313F061FE002383F377
:10CD10001188BFF36F8F0323184602DF98F807309E
:10CD20006B7341463046FFF725FA304602F05AFC55
:10CD30000423AB72002FC4D0304602F041FE002322
:10CD4000AB72BEE7144A174915484FF4836313F0DA
:10CD50003EFE88F31188BFF36F8F0323184602DF6E
:10CD6000BFE7084600F08CFFFF23EB72D6E73046A2
:10CD700001F0E4FAFF23C5F81480EB72CEE73046E9
:10CD800000F0CCFFFF23EB72C8E7084601F080F803
:10CD9000FF23EB72C2E700BFFCBB060094B20600A3
:10CDA000B8B1060090B3060010B50B7A013B82B013
:10CDB0000B2B15D8DFE803F006060C251414141409
:10CDC0001433143B012202B0BDE81040FFF76EBFE0
:10CDD000019102F0F5FD019900238B7202B010BDA4
:10CDE0001C4A1D491D4840F20E5313F0F0FD00236C
:10CDF00083F31188BFF36F8F0323184602DF02B05D
:10CE000010BD90F828310446002BE1D10122FFF734
:10CE10004DFF0028E2D0012384F82831DEE790F9A5
:10CE20004330002B09DB02238B7202B010BD0022BD
:10CE300002B0BDE81040FFF739BF0191044602F08F
:10CE4000BFFD0199002291F820308A7284F8603188
:10CE5000C4E700BFFCBB060094B20600B8B10600F0
:10CE6000F8B50646887A0C461146042800F2E4809C
:10CE7000DFE800F0060B20300300012932D0F8BDB6
:10CE80000029FCD10123A372F8BD0229F7D1DA7879
:10CE90006272023A172A69D8DFE802F09868686877
:10CEA0006868786868689368786868681E688268E7
:10CEB0006868687D0D460029E1D1237A0A2B46D1A6
:10CEC000304602F07DFD94F820300022A27286F8F0
:10CED0006031F8BD0029D2D121463046BDE8F84086
:10CEE000FFF762BF237A0C2BC9D13046FDF7C8FA91
:10CEF00094F82030042103433046DFB2FFF756F99F
:10CF0000A26900231546A361002A00F086802B79D0
:10CF10002D2B0ED0504A5149514840F2814313F015
:10CF200056FD002383F31188BFF36F8F0323184648
:10CF300002DF002F53D101232B7128682946F9F70E
:10CF4000C7FE304602F03CFD0023A372F8BD424A02
:10CF50004449434840F2245313F039FD85F31188C6
:10CF6000BFF36F8F0323184602DFA9E73A4A3E4911
:10CF70003B4840F20D4313F02AFD002383F3118850
:10CF8000BFF36F8F0323184602DFA5E7194630462B
:10CF900000F002FFA0E71946304600F061FF9BE772
:10CFA0001946304601F0FAF904213046FFF7E6F859
:10CFB0003046FDF72DFA84F820002046FFF702F9ED
:10CFC0008AE71946304600F08BFF85E71946204670
:10CFD00000F05AFF08213046FFF7D0F87CE74FF009
:10CFE00003032B71338EEB80237A0C2B05F11C0786
:10CFF0000ED0194A1D491A4840F28A4313F0E7FC43
:10D00000002383F31188BFF36F8F0323184602DFD9
:10D010003946304601F0AAF98FE70F4A1449104803
:10D0200040F27E4313F0D3FC85F31188BFF36F8F7A
:10D030000323184602DF6AE7074A0B49084840F213
:10D040008A5313F0C4FC002383F31188BFF36F8F5E
:10D050000323184602DFF8BDFCBB060010BB060028
:10D06000B8B1060044BC060094B2060060BC0600DD
:10D07000C8BA0600F0B58C69002783B00B46064697
:10D080008F61002C43D0012703252571328EE28069
:10D090001A7A042A04F11C011AD00C2A0CD0022A94
:10D0A0001ED15A7A072A2ED0092A47D1304600F0DD
:10D0B00057FE37B103B0F0BD304601F057F9002FED
:10D0C000F8D12068214603B0BDE8F040F9F700BE72
:10D0D0005B7A0C2B13D01C4A1C4940F20F1303E05F
:10D0E000194A1A4940F2AB13194813F070FC002397
:10D0F00083F31188BFF36F8F284602DFD9E73046EC
:10D1000000F0D8FED5E7184600F0D6FDD1E7019132
:10D11000FFF72EF8019B04460028B5D10A4A0D49B5
:10D120000B484FF4C67313F052FC84F31188BFF31D
:10D130006F8F0323184602DF2471FFDE024A034982
:10D140004FF48173D0E700BFFCBB060094B2060029
:10D15000B8B10600C8BA060000B50B7A013B83B02F
:10D1600002460B2B19D8DFE803F029060F621818C6
:10D170001818183318414B7A072B01D0092B22D1EC
:10D1800091F82030DB0763D40091104600F0A8FC32
:10D19000009900238B7203B000BD444A44494548BE
:10D1A0004FF4137313F013FC002383F31188BFF3C0
:10D1B0006F8F0323184602DF03B000BD4B7A072BA5
:10D1C000E2D0132BE0D02423009182F86031DCE719
:10D1D00010460191009200F083FC0199009A002012
:10D1E0001623887282F8603103B000BD4B7A152B8C
:10D1F00036D0072BE7D1D2F84031019123F020033C
:10D200001046C2F84031009200F06AFCDDE90021CE
:10D2100000238B7210460092FFF786FB0028BAD1DC
:10D220000098042103B05DF804EBFEF7BFBF4B7A12
:10D230000C2BC8D18B691BB3104601910092FFF7EC
:10D2400019FF009800F04CFC019900238B72A2E7B3
:10D25000104601910092FFF70DFFDDE9002193E7F1
:10D26000104601910092FDF755F8DDE90021B8B9AB
:10D2700010460191009200F033FCDDE90021C7E780
:10D28000CDE90021FEF76CFFDDE900210028D3D1B4
:10D290001046009100F032FB009904238B727AE76C
:10D2A0001046FFF7E7FEDDE90021E1E7FCBB0600E1
:10D2B00094B20600B8B1060030B50D7A6B1E83B08B
:10D2C0000C4602460B2B07D8DFE803F01721364B3C
:10D2D00006060606066A067A5B4A5C495C4840F226
:10D2E000CF2313F074FB002383F31188BFF36F8FF8
:10D2F0000323184602DF03B030BD019000F0EEFAC0
:10D30000002800F08E800123A37203B030BD01908D
:10D3100000F0E4FA0028F6D101982146FEF70CFF50
:10D320000028F0D001982146FFF73EFC6369002BEE
:10D3300008BF0325A572DEE7019000F0CFFA0028B0
:10D34000E1D101982146FEF7F7FE0028DBD00198D5
:10D350002146FFF729FC6369002B18BF0225A5723F
:10D36000C9E790F82831002B3AD1019000F0B6FAC5
:10D370000028C8D101982146FEF7DEFE0028C2D061
:10D3800021460198FFF710FC6169019A00294FF0CE
:10D3900001030CBF03210221A17282F82831AAE700
:10D3A00021460190FEF7C8FE0028ACD00198214626
:10D3B000FFF7FAFB1622022384F82020A3729AE7D3
:10D3C000D0F840319B0604D50190FFF7ADFA019AE1
:10D3D00080B1104600F084FB0023A37203B030BD7F
:10D3E0000C21002361722146A36103B0BDE83040E7
:10D3F000FFF7B2BE104600F071FA002883D1019801
:10D400002146FEF799FE00283FF47DAF01980421E4
:10D41000FEF7B4FE01982146FFF7C6FB0323A37273
:10D4200069E701982146FEF787FE00283FF46BAFBD
:10D4300001982146FFF7B8FB6369002B0CBF03235B
:10D440000223A37257E700BFFCBB060094B206009C
:10D45000B8B1060070B50546887A0C461646042811
:10D4600000F2A680DFE800F003031B280600002E70
:10D470005CD070BD002EFCD10B7A042B00F08A80AA
:10D48000534A544954484FF45F7313F0A0FA86F39B
:10D490001188BFF36F8F0323184602DF70BD052E7E
:10D4A000E7D10B7A032B01D00A2BE2D12146284683
:10D4B000BDE87040FFF750BE012EDAD1DA784A722B
:10D4C000023A172A37D801A151F822F089D5040071
:10D4D00037D5040037D5040037D5040037D504000C
:10D4E0007FD5040037D5040075D5040037D5040076
:10D4F00037D504006BD50400ADD4040037D5040043
:10D5000037D5040037D5040061D5040037D50400B1
:10D51000ADD4040037D5040057D5040037D5040036
:10D5200037D5040037D50400ADD404002846BDE843
:10D530007040FFF7C1BE264A2649274840F24F33C4
:10D5400013F045FA002383F31188BFF36F8F032391
:10D55000184602DFAAE71946284600F049FFA5E76A
:10D560001946204600F066FDA0E71946284600F05F
:10D57000B7FC9BE71946284600F03AFC96E71946A7
:10D58000204600F095FB91E7114A1249124840F2FB
:10D590003633D5E7FEF7E4FD00283FF46AAF2146B5
:10D5A0002846FFF767FD284600F09AFAA67270BD7C
:10D5B000074A0849084840F29A3313F008FA002352
:10D5C00083F31188BFF36F8F0323184602DF70BD0A
:10D5D000FCBB060094B20600B8B10600131D05227C
:10D5E000FFF738BF02F11C030122FFF733BF00BF72
:10D5F00013460022FFF72EBF02F11C030222FFF7A1
:10D600002FBC00BF131D0122FFF72ABC13460022C6
:10D61000FFF726BC30B583B0044607F073FA60B15B
:10D62000D4F8F83033B1D4F8FC101A68C4F8F820F4
:10D63000994225D0184603B030BD01900121032046
:10D6400007F0FEF9019A054601210320F6F7C4FE12
:10D65000D4F8F83043B1D4F8FC101A68C4F8F820B4
:10D660008B4208BFC4F8FC20002DE3D001221146F4
:10D6700003200193F6F7B0FE019B184603B030BDBE
:10D680001846C4F8FC2003B030BD00BF70B5054695
:10D6900007F038FA40B1D5F8F840DCB10022012398
:10D6A000A5F80221A37370BD04460121032007F0F1
:10D6B000C7F92246064601210320F6F78DFED5F86C
:10D6C000F840002EE9D0012211460320F6F784FE2F
:10D6D000002CE3D1094A0A490A484FF4F57313F0C4
:10D6E00076F984F31188BFF36F8F0323184602DFA6
:10D6F00000220123A5F80221A37370BD88BC060097
:10D70000D0BC0600B8B1060070B582B005460C4624
:10D7100007F0F8F948B100232360D5F8FC300BB3CB
:10D720001C60C5F8FC4002B070BD019001210320CF
:10D7300007F086F9019A064601210320F6F74CFE10
:10D74000019A2260D5F8FC3083B11C60C5F8FC401A
:10D75000002EE8D001221146032002B0BDE870403F
:10D76000F6F73ABEC5E93E4402B070BDC5E93E4495
:10D77000EEE700BF30B583B00446054607F0C2F9B6
:10D7800020B1D4F8F830184603B030BD0190012123
:10D79000032007F055F9019A044601210320F6F70A
:10D7A0001BFED5F8F830002CEDD0012211460320E5
:10D7B0000193F6F711FE019B184603B030BD00BF80
:10D7C00038B50C460546FFF7D5FFA0420DD0184AE4
:10D7D00018491948522313F0FAF8002383F31188EB
:10D7E000BFF36F8F0323184602DFA36913B11B79C0
:10D7F0002D2B07D02846FFF70DFF2046BDE8384007
:10D80000FEF776BC0A4A0D490B48572313F0DFF8A0
:10D81000002383F31188BFF36F8F0323184602DFC1
:10D820002846FFF7F7FE2046BDE83840FEF760BC0B
:10D8300088BC0600E4BC0600B8B10600F8BC0600CF
:10D8400038B50546FFF796FF037A013B04460B2BDC
:10D850002DD8DFE803F0060606061A1A201414066F
:10D860002606014600222846FFF7C2FEA37B03B925
:10D8700038BD21462846BDE83840FFF7A1BF014624
:10D880000022284601F0FAFBF0E701460022284674
:10D89000FDF75AFBEAE7014600222846FEF7ACFAFC
:10D8A000E4E701460022284601F030FCDEE7084AA2
:10D8B000084909484FF4EF7313F089F8002383F304
:10D8C0001188BFF36F8F0323184602DFCEE700BF36
:10D8D00088BC060094B20600B8B1060090F80401B6
:10D8E000A0F10100B0FA80F040097047012380F8F0
:10D8F00004317047002380F804317047B0F81831C4
:10D90000A0F80231704700BFA0F80211704700BFB5
:10D910000023A0F80231704738B50C4689690546E6
:10D9200001B3217A01390B2937D8DFE801F0060667
:10D93000060624242A1E1E0630061A4621462846BC
:10D94000FFF750FEA36923B11B792D2B1CBF0023C9
:10D95000A361A37B03B938BD21462846BDE8384002
:10D96000FFF72EBFA3612261DBE71A462146284656
:10D9700001F03CFBE6E71A4621462846FDF7BEFAD1
:10D98000E0E71A4621462846FEF708FADAE71A4683
:10D990002146284601F0ACFBD4E7084A084909486B
:10D9A00040F2491313F013F8002383F31188BFF3F7
:10D9B0006F8F0323184602DFC4E700BF88BC060050
:10D9C00094B20600B8B1060000B50B7A033B83B0F1
:10D9D000092B0CD8DFE803F0050B0B0B110B0B0523
:10D9E0000B05CDE90001FFF7F9FDDDE900018B7BB7
:10D9F00000224A6163B903B000BDCDE90001FEF722
:10DA0000FFF9DDE900018B7B00224A61002BF2D097
:10DA100003B05DF804EBFFF7D3BE00BF10B50A7A80
:10DA2000072A82B00B4604460AD09A7B0AB902B094
:10DA300010BD1946204602B0BDE81040FFF7C0BE39
:10DA40000191FEF7E1F9019BEFE700BF02220023FD
:10DA500080F80021A0F80231704700BF00B590F8AF
:10DA6000002183B0032A24D8DFE802F00218161838
:10DA70000090FFF77FFE024670B1009B127A01937F
:10DA800018460092FFF7DCFE009A019B0A2A14BF99
:10DA90000122032283F8002103B000BD0090FFF7AC
:10DAA00069FE0028F8D0009803B05DF804EBFFF79A
:10DAB000C7BE084A084909484FF41B7312F087FF94
:10DAC000002383F31188BFF36F8F0323184602DF0F
:10DAD000E2E700BF88BC060094B20600B8B10600B9
:10DAE00000B590F8003183B0032B11D8DFE803F0C4
:10DAF0000B0209020190FFF7C9FD0198002380F88D
:10DB0000003103B000BD03B05DF804EBFFF7BEBD0C
:10DB1000074A084908484FF41B7312F058FF0023C6
:10DB200083F31188BFF36F8F0323184602DFE8E702
:10DB300088BC060094B20600B8B1060008B590F89B
:10DB40000031022B13D000D808BD032BFCD00A4AA9
:10DB50000A490B484FF41B7312F039FF002383F37B
:10DB60001188BFF36F8F0323184602DF08BD00231F
:10DB700080F8003108BD00BF88BC060094B20600E2
:10DB8000B8B1060038B590F800310446032B3AD8F6
:10DB9000DFE803F00926121320462946FEF75CFB56
:10DBA0002846FEF7A5FA2046FFF734FD0546002873
:10DBB000F2D1022384F8003138BDFFF72BFD054672
:10DBC0000028F6D029462046FEF746FB2846FEF7F9
:10DBD0008FFA2046FFF71EFD05460028F2D1E8E740
:10DBE000FFF718FD05460028E3D029462046FEF73A
:10DBF00033FB2846FEF77CFA2046FFF70BFD05466F
:10DC00000028F2D1D5E7084A084909484FF41B73A8
:10DC100012F0DDFE002383F31188BFF36F8F03231F
:10DC2000184602DF38BD00BF88BC060094B206006B
:10DC3000B8B1060038B50546FFF7ECFC044660B104
:10DC400021462846FEF708FB2046FEF751FA2846F3
:10DC5000FFF7E0FC04460028F2D1A5F80241214676
:10DC6000284601F09DFC85F8004138BD037801216C
:10DC7000122243F0030303704170C270704700BF6B
:10DC800003780121132243F0030303704170C27033
:10DC9000704700BF0B784FF0020C43F003030722DC
:10DCA0000B7081F801C0CA7090F84C300B7170474E
:10DCB0000B7980F84C3070470B784FF0020C43F032
:10DCC000030307220B7081F801C0CA7090F84C3032
:10DCD0000B71704710B50B780C460922082143F0F0
:10DCE0000303E1706270237090F94330002BACBFE6
:10DCF0000B460E23E370F8F7E5F8002361F3070302
:10DD0000C1F3072262F30F23090C61F31743090AD9
:10DD100061F31F636060A36010BD00BF38B50C469F
:10DD20000546F8F7CFF8237843F00303237009235F
:10DD30006370E370D5F84031217263F0FF0318403F
:10DD4000020C0B0C4FEA102C2071090A100AA27168
:10DD50001A0AE07184F805C06172A372E27238BDDC
:10DD60000B78092243F003030B704A70CA70D0E9A4
:10DD70004E23100C4FEA122C0A711A0C81F805C0C0
:10DD800088714FEA102C0B72180A130A81F807C029
:10DD900048728A72CB727047F0B54B68134E8A682E
:10DDA0000546580F80EA137083B01E4000F0010052
:10DDB0004FF0405302F0EF07A0FB030386EA000494
:10DDC0000197F8F77FF82040019AC5F8400160F00C
:10DDD000FF000F4030400123C5F84471C5F83801F9
:10DDE000C5F83C2185F8303103B0F0BD2FCF87F75F
:10DDF0002DE9F0414C68104F8A68630F83EA147371
:10DE000003F001034FF04051A3FB013127400546C9
:10DE100087EA030402F0EF08F8F754F8C5E94E78F2
:10DE2000044008EA01010123C5F84041C5F8441146
:10DE300085F83031BDE8F0812FCF87F70B784FF0B0
:10DE4000030C43EA0C0319220B7081F801C0CA705D
:10DE500090F820300B7190F821304B71704700BF63
:10DE60000B7980F848314B7980F84931704700BF11
:10DE70000B78022243F003030B704A70CA7090F8CB
:10DE800020300B71704700BF0B7980F8203070474D
:10DE90000378074AC0F805204FF0060C43F003034F
:10DEA00040F60C51037080F801C0A0F803107047D1
:10DEB000F105FFFF0B784FF0060C43F003030C2233
:10DEC0000B7081F801C0CA7090F82A310B71B0F85C
:10DED0002B31A1F80530B0F82D31A1F8073070478B
:10DEE000012380F829310B7980F82A31B1F8053007
:10DEF000A0F82B31B1F80730A0F82D31704700BFE2
:10DF000010B50B784FF0170C43F0030303220B708E
:10DF100081F801C0CA70D0F82130D0F825208A607D
:10DF20004B6090F829300B7390F82A304B7301F155
:10DF30000E0406F0E7FD0C2120B12046BDE810409C
:10DF400003F05EBE2046BDE8104003F04BBE00BFAC
:10DF50000B78032243F003034FF0170C0B7081F88A
:10DF600001C0CA70D0F82130D0F825208A604B60FB
:10DF700090F829300B7390F82A304B73704700BF2C
:10DF800010B503780D21042243F0030341700370A0
:10DF9000C270841806F0B6FD0C2120B12046BDE801
:10DFA000104003F02DBE2046BDE8104003F01ABE1D
:10DFB00003780121052243F0030303704170C2700E
:10DFC000704700BF03780121062243F0030303706A
:10DFD0004170C270704700BF037801210A2243F0EC
:10DFE000030303704170C270704700BF03780121C2
:10DFF0000B2243F0030303704170C270704700BFEF
:10E00000037801714FF0020C43F003030D220370FB
:10E0100080F801C0C27070470378017143F00303B8
:10E020004FF0030C0370112380F801C0C3704271DC
:10E03000704700BF0B7980F84D304B7980F84E3037
:10E04000704700BF0B784FF0030C43EA0C03162215
:10E050000B7081F801C0CA7090F82030C3F3C2037E
:10E060004B7190F82030C3F302030B71704700BF6F
:10E070000A7990F8203062F3C50380F820304A799D
:10E0800062F3020380F82030704700BF0B784FF036
:10E09000030C43EA0C0317220B7081F801C0CA700D
:10E0A00090F8A431C3F3C2034B7190F8A431C3F3C9
:10E0B00002030B71704700BFCB8843850B7980F852
:10E0C0002C304B7980F82D30704700BF0B784FF023
:10E0D000050C43F0030318220B7081F801C0CA70CD
:10E0E000438DCB8090F82C300B7190F82D304B7114
:10E0F000704700BF0A7990F8203062F3C50380F8BA
:10E1000020304A7962F3020380F82030704700BF64
:10E110000B784FF0180C43F003030F220B7081F8BB
:10E1200001C0CA70C38C8B80038DCB80438D0B8163
:10E13000838D4B8190F834300B73C38EA1F80D3072
:10E14000038FA1F80F30438FA1F81130838FA1F80E
:10E150001330C38FA1F81530B0F84030A1F8173054
:10E16000B0F84230A1F81930704700BF0B784FF07B
:10E17000180C43F0030310220B7081F801C0CA7021
:10E18000C38C8B80038DCB80438D0B81838D4B8122
:10E1900090F834300B73C38EA1F80D30038FA1F8C3
:10E1A0000F30438FA1F81130838FA1F81330C38F44
:10E1B000A1F81530B0F84030A1F81730B0F842306F
:10E1C000A1F81930704700BF8B88C384CB880385C2
:10E1D0000B8943854B8983850B7B80F83430B1F8FC
:10E1E0000D30C386B1F80F300387B1F81130438783
:10E1F000B1F813308387B1F81530C387B1F8173001
:10E20000A0F84030B1F81930A0F84230704700BF94
:10E210008B88C384CB8803850B8943854B89838591
:10E220000B7B80F83430B1F80D30C386B1F80F3075
:10E230000387B1F811304387B1F813308387B1F801
:10E240001530C387B1F81730A0F84030B1F8193055
:10E25000A0F84230704700BF0B78002243F0030360
:10E260004FF00C0CCA700B7081F801C090F823308D
:10E270000B71036B094AA2FB03239B0AA1F805302B
:10E28000438DA1F80930038DA1F80730838DA1F8E3
:10E290000B30838CA1F80D30704700BF5917B7D1F0
:10E2A0000B7980F82330B1F8053040F2E24202FBEE
:10E2B00003F30363B1F809304385B1F807300385F0
:10E2C000B1F80B308385B1F80D308384704700BFFF
:10E2D0000B784FF0080C43F0030301220B7081F818
:10E2E00001C0CA70038CA1F80930D0F822304B600D
:10E2F00090F826300B727047B1F8093003844B68F0
:10E30000C0F822300B7A80F8263070470B784FF037
:10E31000090C43F0030314220B7081F801C0CA708A
:10E32000B0F866308B80B0F864300B81B0F86A309A
:10E33000CB80B0F868304B81704700BF0B784FF04E
:10E34000090C43F0030315220B7081F801C0CA7059
:10E35000B0F866308B80B0F864300B81B0F86A306A
:10E36000CB80B0F868304B81704700BF0B784FF01E
:10E37000090C43F0030315220B7081F801C0CA7029
:10E38000B0F876308B80B0F874300B81B0F87A300A
:10E39000CB80B0F878304B81704700BF8A88A2F1FB
:10E3A0001B03E02B22D8B1F808C0ACF11B03E02B13
:10E3B0001CD830B5B1F806E0AEF5A4739BB244F2B8
:10E3C0004815AB4211D84C89A4F5A4739BB2AB425B
:10E3D0000BD80023194664F30F016CF30F0362F3AB
:10E3E0001F436EF31F41C0E91B3130BD704700BFB2
:10E3F0008A88A2F11B03E02B22D8B1F808C0ACF147
:10E400001B03E02B1CD830B5B1F806E0AEF5A473C1
:10E410009BB244F24815AB4211D84C89A4F5A473C1
:10E420009BB2AB420BD80023194664F30F016CF387
:10E430000F0362F31F436EF31F41C0E91B3130BD70
:10E44000704700BFF8B5CD6900230C460746164655
:10E45000CB611DB30F2E05F1040116D0112E0CD087
:10E460002046FFF7F9FEEB79637329463846FDF73E
:10E4700081FE237A092B0CD0F8BD084694F82020A1
:10E4800094F82110FFF7C8FDEDE72046FFF740FEA6
:10E49000E9E73846BDE8F840FFF730BAFDF754FE2B
:10E4A00005460028D6D1074A0749084840F22F13ED
:10E4B00012F08DFA85F31188BFF36F8F032318468E
:10E4C00002DFC7E750BD060090B30600B8B10600F2
:10E4D00070B58C6900230D4606468B6104B3192381
:10E4E00022792371338EE38095F82030237743B966
:10E4F0002B8DE3836B8D2384AB8D63842D2A09D010
:10E5000070BD738EE383B38E2384B6F89C3163842D
:10E510002D2AF5D120682146BDE87040F8F7D8BB18
:10E52000074A0849084840F2071312F050FA84F3EA
:10E530001188BFF36F8F0323184602DFCFE700BFB8
:10E5400050BD0600C8BA0600B8B10600F8B58C691F
:10E5500000230D4607468B6194B10323267923716E
:10E560003B8EE38004F11C012846FFF7D1FD2D2EE0
:10E5700000D0F8BD20682146BDE8F840F8F7A8BBF8
:10E58000074A084908484FF4597312F020FA84F3F7
:10E590001188BFF36F8F0323184602DFDDE700BF4A
:10E5A00050BD0600C8BA0600B8B1060000B5438EDB
:10E5B0000A8DB1F82AC0B1F82CE0934285B002D19F
:10E5C000838E634516D0012381F82230CDF808E010
:10E5D0000B6BCDE9002C91F808C091F82320898CB1
:10E5E0000391ACF10801B1FA81F14909DBF718F99F
:10E5F00005B000BDB0F89C31B3EB0E0318BF01238A
:10E60000E2E700BFF8B5CD6900230C460646174681
:10E61000CB61002D3FD0291D112F0AD8DFE807F06C
:10E620002E0909090909092A090909090909090914
:10E630003222234A234924484FF4527312F0C7F977
:10E64000002383F31188BFF36F8F0323184602DF83
:10E65000EB79637329463046FDF78CFD237A092B4D
:10E6600014D0F8BD084694F8202094F82110FFF744
:10E67000D3FCEDE72046FFF70DFBE9E72046FFF767
:10E68000EBFDE5E72046FFF771FDE1E73046BDE829
:10E69000F84000F0A7BFFDF757FD05460028BAD1A6
:10E6A000074A0A49084840F22E3312F090F985F3E0
:10E6B0001188BFF36F8F0323184602DFABE700BF5B
:10E6C00050BD060094B20600B8B1060090B3060033
:10E6D000F0B51C4D2B6883B004460F462BB1834226
:10E6E00003D00123BB7203B0F0BD2046FFF7F6F85C
:10E6F0000028F6D1204600F05BFF0028F1D1019000
:10E7000039462046FDF718FD0028EAD02046FBF7E1
:10E71000CFFD01210646204600F042FF019B87F80D
:10E7200034303946FE860F2220462C60FFF78AFEE1
:10E7300094F84330DB090CBF41F2020304237B81D0
:10E74000D1E700BF64810020C38C052B03D9028D63
:10E75000B2F5486F01D9002070479342FBD8438D32
:10E76000B3F5FA7FF7D200B5B0F82CC0ACF10A01CE
:10E7700089B240F6764E71450CD8013313FB02F393
:10E78000B3EB8C0F06D290F8340090428CBF00207F
:10E79000012000BD002000BD38B58B690C46054640
:10E7A00073B11B4A1B491C4840F2863312F00FF923
:10E7B000002383F31188BFF36F8F0323184602DF12
:10E7C000FDF7D6FC2D23A061037194F834200121BC
:10E7D000002384F8231023634AB1238DE18CB3FB1B
:10E7E000F2F313FB02F39BB2994298BF23852846AC
:10E7F000FBF75EFDA98E034606310B44A38400227D
:10E8000028462146FFF7FEFE4FF60B73638138BDA5
:10E8100050BD06009CBD0600B8B1060038B50546DF
:10E820000C4600F0CFFE10B10923A37238BD21467B
:10E830002846FDF781FC0028F6D021462846FDF742
:10E8400083FCE061FDF78CFC10B90C23A37238BD8A
:10E8500021462846BDE83840FFF79EBF38B505463B
:10E860000C46FFF73BF810B10323A37238BD2146D5
:10E870002846FDF761FC0028F6D021462846FDF722
:10E8800063FCA369E06123B32D221A7194F834204C
:10E890000121002384F8231023634AB1238DE18CE6
:10E8A000B3FBF2F313FB02F39BB2994298BF2385AB
:10E8B0002846FBF7FDFCA98E034606310B440022D7
:10E8C000A38428462146FFF7BDFDFF220623E272FE
:10E8D000CBE7FDF745FC38B1A369002BD4D1FDF798
:10E8E00047FC0346A061CFE70723BEE730B50C46DF
:10E8F00083B00546FBF7DCFCA38CC01A030401D5EA
:10E9000003B030BD21462846FFF750FE237A092B7D
:10E9100018D094F82230FBB920460193FDF776FC1D
:10E92000019BA361284601F04BF8237A092B05D1FE
:10E930000D4B1A68954204BF00221A600023A3728F
:10E9400003B030BD284600F053FE237A092BE0D1F6
:10E9500094F82030002BDCD0002384F820302146AE
:10E960002846FFF7B5FDDDE76481002030B583B0B0
:10E9700005460C4600F026FE18B10623A37203B02C
:10E9800030BD019021462846FDF7D6FB0028F4D083
:10E99000112221462846FFF735FE284601F010F8DF
:10E9A000227A019B092A04D1044A11688D4208BFCA
:10E9B00013600023A37203B030BD00BF6481002048
:10E9C00010B5DFF894C0DCF8002082B003460C4696
:10E9D000AAB1824213D002228A72009000F0F2FDA6
:10E9E00038B9009B019021461846FDF7A5FB019A16
:10E9F00020BB204602B0BDE81040FDF7E3BB218DEF
:10EA00005A8ECCF80030914207D018462146FFF7C5
:10EA10009DFD0423A37202B010BD618D9A8E9142B8
:10EA2000F3D1A18DB3F89C219142EED12046FDF7A0
:10EA3000EDFB00220523A261A372ECE74FF47261A3
:10EA40000098218421460092FFF790FF2046FDF7B1
:10EA5000DDFB009AA261DEE76481002070B5064606
:10EA6000887A82B00C4615460C2800F28A80DFE8CE
:10EA700000F00C18262F394357885A646C7F070022
:10EA8000002D00F0918002B070BD002DFBD10B7AFB
:10EA9000082B00F0A680092B40F0948001238B7294
:10EAA000F1E7012DEFD120461946FFF78DFB2046F7
:10EAB000FFF74AFE28B940F61E73238429E0012D92
:10EAC000E1D82146304602B0BDE87040FFF778BF7C
:10EAD000002DD8D1FDF744FB002840F0C48003236B
:10EAE000A372D0E7032D5CD0042DCCD10F220623D6
:10EAF00081F821208B72C6E7002DC4D196F94330EE
:10EB0000AB4230465CDA91F8203073B10F2381F8C4
:10EB100021302146304602B0BDE87040FFF726BFE5
:10EB2000002DB0D1F5E7002DADD1304600F04AFD03
:10EB3000002859D00823A372A5E7002DA3D13046A1
:10EB400002B0BDE87040FFF769BE022D9BD196F878
:10EB50004320C2F3C011D209304653D184F84C107F
:10EB600000F030FD002800F087800D23A3728AE7B3
:10EB7000002D88D12146304602B0BDE87040FFF735
:10EB8000B5BE4D4A4D494E4840F2515311F01FFF5A
:10EB9000002383F31188BFF36F8F0323184602DF2E
:10EBA00071E705238B726EE7FDF7DAFA00283FF470
:10EBB0006AAF2146304602B0BDE87040FFF7ECBDB9
:10EBC000A561BDE73C4A3D493D4840F2F23311F0B2
:10EBD000FEFE85F31188BFF36F8F0323184602DF13
:10EBE00051E70A238B724EE721463046FDF7A4FA1F
:10EBF00000289FD0102221463046FFF703FD0A234C
:10EC0000638140E719462046FFF74AFB228D931F98
:10EC100040F67A419BB28B422CD8638DB3F5FA7FD4
:10EC200028D2A08DA0F10A0140F6764C89B2614548
:10EC300020D803FB0222B2EB800F1BD2A38C0193DE
:10EC40003046FBF735FB019B1B1A47F6FE729BB261
:10EC500093422BD9282386F86031304600F0B0FE6D
:10EC60000023A3720FE721463046FFF76FFC042311
:10EC7000A37208E71E23EEE7019021463046FDF718
:10EC80005BFA00283FF471AF072221463046FFF7B8
:10EC9000B9FC304600F094FE227A019B092ADFD1AC
:10ECA000084A11688E42DBD11360D9E72046FDF790
:10ECB00089FA0B23A3725DE750BD060094B20600EB
:10ECC000B8B106006481002030B583B005460C461B
:10ECD000FEF704FE18B10523A37203B030BD019006
:10ECE00021462846FDF728FA0028F4D00199284645
:10ECF00000F056FC112221462846FFF7A3FB2846C8
:10ED0000FEF7EEFE237A092B03D00023A37203B093
:10ED100030BD95F94330002B06DB064B1A6895424F
:10ED2000F3D100221A60F0E72846FDF72BFE0028F9
:10ED3000F3D0EAE76481002070B50C46897A82B08E
:10ED400006461546072900F23981DFE801F009205F
:10ED5000294952848704002D00F0B98002B070BDAB
:10ED6000002DFBD1237A082B00F0A180092B10D0B5
:10ED70009A4A9B499B484FF4F57311F028FE85F39E
:10ED80001188BFF36F8F0323184602DFE6E7002DDB
:10ED9000E4D12146304602B0BDE87040FFF798BC90
:10EDA000032D00F0CC80042D00F08380012DD5D1FF
:10EDB00019462046FFF72CFA3046022100F0F0FBFE
:10EDC0002046FFF7C1FC002840F0DE8041F21E0320
:10EDD00023842146304602B0BDE87040FFF774BF7F
:10EDE000002DBBD12146304602B0BDE87040FFF790
:10EDF00035BD032D00F0BE80042D00F0B080022D43
:10EE0000ACD119462046FFF74BFA228D931F9BB2D7
:10EE100040F67A418B4200F2AF80638DB3F5FA7F02
:10EE200080F0AA80A08DA0F10A0140F6764C89B24C
:10EE3000614500F2A18003FB0222B2EB800F80F05B
:10EE40009B802946304600F0ABFB2046FDF7BAF91F
:10EE50000623A37282E7002D80D1BAE7002D7FF44C
:10EE60007DAFFBF725FAA38CC01A03043FF576AFFC
:10EE70002946304600F094FB21463046FFF796FBCA
:10EE8000237A092B00F0888094F82250002D40F05E
:10EE90008F802046FDF7BAF9A5613046FEF720FEC7
:10EEA000237A092B40D00023A37202B070BDA56164
:10EEB00098E73046022100F073FBD6F8403123F08A
:10EEC00002032046C6F84031FDF77CF98AE7FDF7DA
:10EED00047F900283FF442AFA06900286AD02D23EB
:10EEE000037194F834200121002384F82310236354
:10EEF0004AB1238DE18CB3FBF2F313FB02F39BB217
:10EF0000994298BF23853046FBF7D2F9B18E03466C
:10EF100006310B44A384002230462146FFF792FAC3
:10EF20004FF60673638119E796F94330002B2DDB0A
:10EF30002D4B1A689642B6D100221A60B3E75A796F
:10EF40001A2AB6D00021019300F02AFB019B5B79BD
:10EF500084F8203021463046FFF7BAFA9DE7D0F812
:10EF600040311A2223F00203C0F84031214684F8D0
:10EF70002020F0E75B79EBE70021304600F010FB42
:10EF80001E2386F8603188E720469DE73046FDF76E
:10EF9000F9FC0028CCD086E73046FEF7B9FC237A8E
:10EFA000092B7FF471AF94F82030002B3FF46CAF45
:10EFB0000023CDE7FDF7DCF8A06190E7074A084998
:10EFC00008484FF43E7311F002FD002383F31188CB
:10EFD000BFF36F8F0323184602DFBFE650BD060064
:10EFE00094B20600B8B106006481002092F81FC0F8
:10EFF00002F11C03BCF1110F0AD8DFE80CF0240960
:10F0000009090909092109090909090909091E1B31
:10F0100000B5242283B080F8602101910090FEF7B2
:10F020005FFD0199009B0A7A092A0FD000238B7299
:10F0300003B000BD0322FFF77FBE0122FFF77CBEB5
:10F040000422FFF779BE0222FFF776BE93F9432030
:10F05000002A06DB084A10688342E7D100231360C8
:10F06000E4E7184601910093FDF78CFCDDE90031DF
:10F070000028EFD0DAE700BF6481002013460022A9
:10F08000FFF75ABE92F81FC002F11C03BCF1000F3B
:10F090001DD0BCF10F0F17D010B582B00191242103
:10F0A00080F86011009000F08BFC019B009A197AA7
:10F0B000092905D107490868824204BF00220A6075
:10F0C00000229A7202B010BD0122FFF7C7BC0222D3
:10F0D000FFF7C4BC6481002013460022FFF7BEBCCA
:10F0E00000230322FFF7BABC00230422FFF7B6BCBB
:10F0F00000B5242383B080F860310191FEF7F0FC65
:10F10000019900238B7203B000BD00BF70B58B7AEC
:10F11000012B0C46064617D9022B06D1FBF7C8F87F
:10F12000238CC01A030415D570BD2C4A2C492D48D8
:10F13000B62311F04CFC002383F31188BFF36F8FCB
:10F140000323184602DF70BDFEF7C8FB88B1012318
:10F15000A37270BD0021304600F022FA04F12201B2
:10F160003046FBF7B3F83046FEF7BAFC0023A37233
:10F1700070BD304600F01CFA0028E8D12146304628
:10F18000FCF7DAFF0028E2D00121304600F008FA4F
:10F190003046FBF78DF8831D238421463046FCF76B
:10F1A000D3FF054660B1291D2046FFF791F8EB79A2
:10F1B000637329463046FCF7DDFF0223A37270BD5E
:10F1C000064A094907485C2311F001FC85F31188C0
:10F1D000BFF36F8F0323184602DFE4E7BCBD0600D0
:10F1E00094B20600B8B1060090B3060010B592F8CC
:10F1F0001FC0BCF1010F82B00C4608D0242280F859
:10F20000602100F0DDFB0022A27202B010BD897AFD
:10F21000012912D011F0FD0FF7D0184A18491948EA
:10F2200040F2271311F0D3FB002383F31188BFF3BF
:10F230006F8F0323184602DFE7E702F11C010090FD
:10F240002046FFF759F8009B228C01931846009244
:10F25000FBF72EF8009A019B121A47F6FE7192B244
:10F260008A4202D80222A272CFE7282283F86021C4
:10F27000184600F0A5FB0022A272C6E7BCBD06003E
:10F2800094B20600B8B106008A7A012A1ED010B5E1
:10F29000022A82B0044604D0CAB901228A7202B09E
:10F2A00010BD0191FBF704F8019B1A8C801A02042F
:10F2B000F5D403F122012046FBF708F8204600F0C0
:10F2C0007FFB019B00229A7202B010BD7047084A72
:10F2D0000849094840F2271311F079FB002383F312
:10F2E0001188BFF36F8F0323184602DF02B010BDF1
:10F2F000BCBD060094B20600B8B1060038B5D0F81F
:10F3000008318B4204460D4623D01C4A1C491D4837
:10F31000782311F05CFB002383F31188BFF36F8F18
:10F320000323184602DFAB6913B11B792D2B15D0CF
:10F33000D4F8083143B1D4F80C111A68C4F8082184
:10F34000994208BFC4F80C212846BDE83840FCF7B4
:10F35000CFBE8B69002BE8D10B46ECE7074A0A4980
:10F3600008487D2311F033FB002383F31188BFF39A
:10F370006F8F0323184602DFDAE700BF04BE0600E2
:10F38000E4BC0600B8B10600F8BC060038B5D0F8F9
:10F390000841237A013B05460B2B28D8DFE803F010
:10F3A0000606060618181D1313062206002221461B
:10F3B000FEF72CF9A37B2BB121462846BDE8384047
:10F3C000FFF79CBF38BD00222146FFF785FEF1E71D
:10F3D00000222146FBF7ECFDECE700222146FCF77A
:10F3E00035FDE7E700222146FFF74EFFE2E7084A36
:10F3F000084909484FF4E77311F0E9FA002383F351
:10F400001188BFF36F8F0323184602DFD2E700BFD6
:10F4100004BE060094B20600B8B1060070B5D0F87C
:10F42000085104461DB394F81431012B03D1022373
:10F4300084F8103170BD29462046FCF77DFE002877
:10F44000F5D029462046FCF77FFE0646F0B1311D77
:10F450002846FEF71FFCF3796B7331462046FCF714
:10F4600089FE01220023AA7384F8103170BD0F4A6F
:10F470000F49104840F2162311F0A9FA85F31188BC
:10F48000BFF36F8F0323184602DFCCE7074A0A4910
:10F4900008484FF4EF7311F09AFA86F31188BFF31E
:10F4A0006F8F0323184602DFD1E700BF04BE0600BA
:10F4B000D0BC0600B8B1060090B30600F8B5D0F88D
:10F4C00008510446002D36D094F81431012B03D195
:10F4D000012384F81031F8BD29462046FCF72CFEA4
:10F4E0000028F5D029462046FCF72EFE06460028C7
:10F4F0003ED02046FEF73EF92A7A037A934206F17F
:10F50000040727D0082B27D02A2194F830311BB1CB
:10F51000D4F840315B0724D43846FEF771FDF37907
:10F520006B7331462046FCF725FE01220023AA73A7
:10F5300084F81031F8BD164A1649174840F20623E0
:10F5400011F045FA85F31188BFF36F8F0323184636
:10F5500002DFB9E72321D8E7092A0CBF23212A219A
:10F56000D3E70A46384694F81711FEF755FDD6E75B
:10F57000074A0A4908484FF4EF7311F028FA86F356
:10F580001188BFF36F8F0323184602DFB1E700BF76
:10F5900004BE0600D0BC0600B8B1060090B3060059
:10F5A00080F81611704700BF704700BF00207047F9
:10F5B00090F81501003818BF01207047D0F80801F5
:10F5C000704700BF90F81401A0F10100B0FA80F07C
:10F5D00040097047012380F814317047002380F8F8
:10F5E00014317047B0F81831A0F81231704700BFDD
:10F5F0000023A0F81231704738B5D0F80841F4B1B3
:10F60000D0F80C212368C0F80831944208BFC0F834
:10F610000C3105469CB121462846FCF71DFE2046CC
:10F62000FCF766FDD5F808414CB1D5F80C212368EC
:10F63000C5F808319442EED1C5F80C31EBE738BD7E
:10F6400030B5022983B0044613D0042909D001291A
:10F650000DD1D0F8083153B103B0BDE83040FFF709
:10F6600095BE0191FFF7C8FF019984F8101103B00E
:10F6700030BDD0F808311A461D46002380F81531F8
:10F6800042B100230122A4F81231AA7384F8103188
:10F6900003B030BD074A0849084840F2292311F059
:10F6A00096F985F31188BFF36F8F0323184602DFA5
:10F6B000E7E700BF04BE0600D0BC0600B8B10600F4
:10F6C000F8B590F8103104460D461646052B00F2A9
:10F6D0009880DFE803F00E1607030B03BDE8F8403F
:10F6E000FFF7AEBFBDE8F840FFF798BE03290CD086
:10F6F000F8BD71B10429FBD1FFF77EFF84F81051EA
:10F70000F8BDBDE8F840FFF7D9BE002380F81031FE
:10F71000F8BDD0F808311F46002BE9D01B7A112B19
:10F7200018D8404A012000FA03F10A400ABB11F43C
:10F73000386F0FD00A2B28D0FBB194F816315BBB81
:10F74000054684F815512046FFF720FE032384F870
:10F750001031F8BD344A354935486B2311F037F97B
:10F76000002383F31188BFF36F8F0323184602DF52
:10F770003B7A0A2B09D0002BE3D1F37F87F84C307A
:10F780002046BDE8F840FFF749BE2046FFF7FEFDE2
:10F79000052384F81031F8BD94F94320002A10DBCA
:10F7A000012B20D0022BA3D12046FDF7E3FF3B7AAB
:10F7B000027A9A4221D0082A1DD02A2384F8603187
:10F7C000F8BD012BEED12046FDF7D4FF08B1FF2391
:10F7D000C372012384F815312046FFF7D7FD0323B8
:10F7E00084F81031F8BDF37F84F817312046BDE866
:10F7F000F840FFF763BE092BDFD1232384F8603183
:10F80000F8BD094A09490A484FF4437311F0DFF87B
:10F81000002383F31188BFF36F8F0323184602DFA1
:10F82000F8BD00BF7FF4030004BE060094B20600DA
:10F83000B8B1060038B50C4689690546207AF9B199
:10F840000C285DD8DFE800F00E070707073E3E4CA6
:10F8500045450753070021461A462846FDF7CCFECA
:10F86000A16921B10B792D2B1CBF0023A361A37BC0
:10F870002BB121462846BDE83840FFF73FBD38BDD3
:10F88000A36122610C283BD801A252F820F000BFEE
:10F89000FDF8040057F8040057F8040057F8040076
:10F8A00057F80400C5F80400C5F80400E1F80400A6
:10F8B000D3F80400D3F8040057F80400EFF804006C
:10F8C00057F8040021461A462846FBF741FBA16978
:10F8D000C7E721461A462846FFF7D4FBA169C0E7CF
:10F8E00021461A462846FCF793FAA169B9E7214652
:10F8F0001A462846FFF77AFCA169B2E71946B0E735
:10F90000084A094909484FF4A17311F060F800232F
:10F9100083F31188BFF36F8F0323184602DFA169B9
:10F920009FE700BF04BE060094B20600B8B106000F
:10F9300010B591F808C0BCF1070F82B00B46044621
:10F9400014D0BCF10C0F0CD09A7B0021596132B15C
:10F950001946204602B0BDE81040FFF7CFBC02B008
:10F9600010BD0191FDF74EFE019BEDE70191FCF703
:10F9700071FA019BE8E700BF10B50A7A072A82B046
:10F980000B4604460AD09A7B32B11946204602B093
:10F99000BDE81040FFF7B2BC02B010BD0191FCF70A
:10F9A0005DFA019BEFE700BF0422002380F81021DD
:10F9B000A0F81231704700BF00220121FFF780BE7E
:10F9C00000220221FFF77CBE00220321FFF778BE50
:10F9D00000220421FFF774BE70B5044682B00E46C3
:10F9E000154683B1D27F1B2A34D8DFF898E090F80F
:10F9F00043100EEB4203C90993F801C001238B4069
:10FA000013EA0C032BD11846FCF752FC0346F8B15D
:10FA100000220260D4F80C21F2B11060C4F80C018D
:10FA20002A46002120460193FFF74AFE019B9A7B5C
:10FA30001AB119462046FFF761FCD4F8081139B114
:10FA40002B463246204602B0BDE87040FFF7F2BEBA
:10FA500002B070BD0023D6E7C4E94200E0E71EF81B
:10FA600012300A2BCFD10193FFF7C6FD0022A4F874
:10FA7000122184F8152184F810212046FEF7DAF8C7
:10FA8000019BC0E784C7060000B583B00190FFF773
:10FA9000B3FD01980023A0F8123180F8153180F8E9
:10FAA000103103B000BD00BF10B50C4630B994F85A
:10FAB000843123F0010384F8843110BD0A4A0B49D4
:10FAC0000B4840F2A22310F082FF002383F3118839
:10FAD000BFF36F8F0323184602DF94F8843123F0BD
:10FAE000010384F8843110BD4CBE060094BE0600AC
:10FAF000B8B1060000B9704708B5084A0849094876
:10FB000040F29A2310F063FF002383F31188BFF3C0
:10FB10006F8F0323184602DF08BD00BF4CBE0600EE
:10FB20003CB90600B8B10600012800D0704700B506
:10FB300083B00191F7F798F9019988420ED0084AED
:10FB40000849094840F2922310F041FF002383F353
:10FB50001188BFF36F8F0323184602DF03B000BD87
:10FB60004CBE0600A8BE0600B8B106002DE9F84359
:10FB7000099C9DF82070258E4FF6FF718D4227D08D
:10FB800006460146204699469046FAF73DF9F8B9EF
:10FB900025780135EDB2257065B31E4B04F11C01CB
:10FBA000D9601D49A3F8089000228B60C3E9006862
:10FBB0009F7201200B461146F4F746FC50B9FF2016
:10FBC000FAF756F92046FF21BDE8F843FAF70CBAD8
:10FBD000BDE8F883114A124912484FF4137310F02C
:10FBE000F6FE002383F31188BFF36F8F03231846BB
:10FBF00002DFE4E7094A0C490A4840F23F2310F0CB
:10FC0000E6FE85F31188BFF36F8F0323184602DFEA
:10FC1000C3E700BFB0550020401600204CBE0600D0
:10FC200070B20600B8B10600F8B70600438F4BB1BA
:10FC300010B590F8843113F0010288B0144602D058
:10FC400008B010BD7047DFF858C043F0010380F8DA
:10FC500084314A1D0123CDE902430690CDE9044CCD
:10FC6000CDE900442346D2B203212046F6F720F81E
:10FC700010F0FD0FE4D0074A0749084840F2052379
:10FC800010F0A5FE84F31188BFF36F8F032318468D
:10FC900002DFD5E74CBE0600A8B90600B8B10600E1
:10FCA000A9FA040010B582B014460191F9F7F2FCEC
:10FCB00060B1019921B102B0BDE81040FCF796BDDA
:10FCC000214602B0BDE81040FCF766BD022002B03C
:10FCD00010BD00BF38B50D461446F9F7DBFC58B12E
:10FCE00090F94330002B05DA22462946BDE838401A
:10FCF000FCF7E2BB0C2038BD022038BD704700BFC6
:10FD000000B9704708B5084A0849094840F21E433F
:10FD100010F05DFE002383F31188BFF36F8F032380
:10FD2000184602DF08BD00BFD8BE06003CB9060079
:10FD3000B8B106002DE9F843099C9DF82070258E86
:10FD40004FF6FF718D422ED0064601462046994659
:10FD50009046FAF759F830BB25780135EDB2257099
:10FD60009DB30220FAF784F802212046FAF73CF905
:10FD70001D4B04F11C01D9601C49A3F80890002216
:10FD80008B60C3E900689F7201200B461146F4F7AF
:10FD90005BFB50B9FF20FAF76BF82046FF21BDE866
:10FDA000F843FAF721B9BDE8F883114A114912481E
:10FDB00040F2CD3310F00BFE002383F31188BFF324
:10FDC0006F8F0323184602DFE4E7094A0B490A480C
:10FDD00040F2BA3310F0FBFD85F31188BFF36F8F4B
:10FDE0000323184602DFBCE7C05500205016002050
:10FDF000D8BE060070B20600B8B10600F8B706001B
:10FE00002DE9F043064683B00020F9F709FA78B3EC
:10FE1000036A014663B393F82C2042F0020283F890
:10FE20002C20056A25B301900020F9F731F904462A
:10FE3000D0B92D680199D5F8643101F11C0805F598
:10FE4000B2791F46CBB13846F6F724FF172385F861
:10FE500068314FF6FF73A5F86A310223C5F86C814B
:10FE600085F88031C6F80090204603B0BDE8F083E5
:10FE70000C24204603B0BDE8F083074A0749084830
:10FE80004FF4047310F0A3FD87F31188BFF36F8F55
:10FE90000323184602DFD6E7D8BE060034B90600B1
:10FEA000B8B1060070B50C4615461E46F9F7F2FBD0
:10FEB000C0B190F89A3003F00802DB0602D452B1C8
:10FEC0000C2070BD002AFBD033462A462146BDE8EF
:10FED0007040FCF789BB33462A462146BDE8704096
:10FEE000FCF744BB022070BD30B583B001A8FFF71A
:10FEF00087FF044610B1204603B030BDF9F790F9F2
:10FF0000054650B195F84830002223F00103204601
:10FF100085F848302A6203B030BD074A07490848CF
:10FF20004FF4197310F053FD85F31188BFF36F8FF1
:10FF30000323184602DFE5E7D8BE06001CBF060013
:10FF4000B8B1060070B583681D682C6A24B300261A
:10FF50002E62A36F6BB11F4A1F4920484FF42073D4
:10FF600010F035FD86F31188BFF36F8F0323184619
:10FF700002DF04F16C0104F16800F4F7E1F90646D0
:10FF8000C8B12068A667F9F76FFB95F8483023F0F1
:10FF9000010385F8483070BD0E4A11490F4840F200
:10FFA0007D2310F014FD84F31188BFF36F8F0323BA
:10FFB000184602DFCBE7074A0A49084840F2832384
:10FFC00010F005FD86F31188BFF36F8F03231846E9
:10FFD00002DFD6E7D8BE0600FCB20600B8B10600C4
:10FFE000F0B2060034B9060070B5052482B04FF6B1
:10FFF000FF762046F9F74EFB054658B190F943309D
:020000025000AC
:10000000002B684606DB00F03BF869462846FCF703
:100010006DFB20B9013CA4B2B442EAD1002002B089
:1000200070BD00BF08607047053805288CBF0020F0
:100030000120704708B5084B024600681860127925
:100040001A7105211846F4F71FFB044B1870FFF7CF
:10005000CBFF002008BD00BF5889002030A600203B
:10006000054B064A4FF0FF3C1F202521C3F800C076
:1000700018711170704700BF5889002030A6002009
:10008000044A0549034610681860127908781A7105
:10009000704700BF5889002030A6002010B50478B2
:1000A00002FB01111F4A214482FB012C8C444FEAC0
:1000B0006C1C9E460CEBCC030CEB830CA1EB0C0CE4
:1000C0005FFA8CF2D30802701EF803109DF8084006
:1000D0000CF0070C41FA0CF111F001011FD1B2FB39
:1000E000F4F004FB1020C0B20EF1FF330EF1040453
:1000F0000A4602F1080E13F8011F5FFA8EFE11F096
:10010000010F02F1010C4FEA510102D038B1013860
:10011000C0B25FFA8CF27245F1D19C42E9D110462F
:1001200010BD00BFA7C867DD4288008850407047F7
:10013000F0B52F4CDFF8C0E048404FF0030C060A42
:10014000C5B205EB852506EB86200EEA401704EACA
:10015000400604EA45000EEA45153E43284306EBF7
:10016000062700EB002506EB072600EB0520360CE2
:10017000C0F3074040EA062000EB00100CF1FF3C02
:1001800008441CF0FF0C80B2D9D141401948A0FBB3
:1001900001400C1A00EB5400400900EBC00400EBD6
:1001A0008400081AC0F3C40400F00705145D2C4154
:1001B000E407C0B21AD401FB03F3561EC3F307438E
:1001C0000432604600F1080516F8011FEDB211F087
:1001D000010F00F101044FEA510102D033B1013B9C
:1001E000DBB2E0B2A842F2D19642EBD1F0BD00BF43
:1001F000102102004D91CFBA408408001A491B48D3
:100200002DE9F0410023451EA1F1020C012606E074
:100210000133082B01F1060100F1280022D003EB85
:10022000830215F83220D407F2D59CF800409CF8E0
:1002300001E0D0F80080C2F3801206FA03F79A407A
:1002400001333C434EEA020287888F80082B8CF8EA
:1002500000408CF8012001F1060141F8068C00F104
:100260002800DCD1BDE8F081668900200956002015
:100270002048214A2DE9F047204FDFF884800023F1
:10028000951EA0F1020C012615F83310C90706FAD5
:1002900003F926D5397859B112F8011C072901EB69
:1002A000810405D818F834104C0701D5C90618D5B3
:1002B00015F833109CF801E09CF80040D2F800A03B
:1002C000C1F3400199404EEA010144EA0904B2F841
:1002D00004E08CF800408CF80110A0F804E0C0F8AD
:1002E00000A00133082B00F1060002F10802CBD177
:1002F000BDE8F087928A0020528A002032A60020B2
:10030000085600200820704708B50020F8F742FD85
:1003100008BBF8F7B7FF10F001001CD1DFF83CC0B4
:10032000DFF83CE00CF1FF321CF83030072B03EB18
:10033000830105D81EF8313023F020030EF8313048
:1003400012F8303023F0010302F830300130082871
:10035000EAD1002008BD0C2008BD00BF518A002052
:10036000085600202DE9F04F804683B00020F8F7B2
:1003700011FD002843D1F8F785FF10F001043ED1AC
:1003800098F80020FF2A934646D04F4E08F1010A04
:10039000FF272346B51E02F0010915F83320D207C6
:1003A0001CD4FF2F11D1072B03F1010247D015F800
:1003B0003210C907DFB23FD40233082B19D015F829
:1003C0003320D20706F1100608D419460133082B52
:1003D00036D015F83320D00722D5083615F833204B
:1003E000C2F340024A450ED00133082B06F108063D
:1003F000D3D1072F24D9072003B0BDE8F08F0C20FC
:1004000003B0BDE8F08F062251463046019317F045
:10041000A7FD019B0028E7D1002003B0BDE8F08FC5
:10042000062901F1020306F11006E2D015F8332087
:10043000D0071946D2D4C9E708361346CEE70727B6
:1004400015F83730214E6BF3410305F83730FB00C8
:1004500099460233D8F80120EA502B44BAF8042018
:100460009A8098F8003003F0010804E00134082C69
:1004700006F1280625D0164A04EB840312F833202F
:10048000C2F38011D207F1D54145EFD10622514682
:100490003046019317F064FD019B0028E6D10C491A
:1004A00011F8332042F0200201F8332015F83730DC
:1004B00005EB090243F0010305F8373054700020C2
:1004C000ABE7FF24F2E700BF528A00200956002064
:1004D00008560020F0B5054683B00020F8F75AFC16
:1004E00000283AD1F8F7CEFE10F0010335D12A7872
:1004F000FF2A38D01D4C6F1C02F00106A51E04E037
:100500000133082B04F108042AD015F83320C2F374
:100510004001D207F4D5B142F2D106223946204635
:10052000019317F01DFD019B0028E9D105EBC302E3
:100530005278072A08D80E4902EB820211F832409D
:1005400060F3451401F8324015F83320002022F002
:10055000010205F8332003B0F0BD0C2003B0F0BD5C
:10056000022003B0F0BD184603B0F0BD528A00204F
:100570000856002007282DE9F04104460F4616468C
:1005800018D81C4D04EB840315F8333013F0010325
:1005900098461FD004EB8404E30015F8342001339F
:1005A000C2F380123A70EA5832601D44AB88B380BF
:1005B000BDE8F081104A114911484FF48C7310F0D6
:1005C00006FA002383F31188BFF36F8F03231846C5
:1005D00002DFD6E7084A0B49094840F2191310F028
:1005E000F6F988F31188BFF36F8F0323184602DFF3
:1005F000D0E700BF0856002078BF0600BCBF060049
:10060000B8B10600C8BF06000820704700B500203A
:1006100083B0F8F7B3FB10B10C2003B000BD01901C
:10062000F8F716FE0128F7D81B4B019A187893F8B3
:100630002810DFF868C062F3000062F30001187050
:1006400093F8500083F8281093F878108CF8002065
:1006500062F3000062F3000183F8500093F8A000F9
:1006600083F8781093F8C81062F3000062F3000179
:1006700083F8A00093F8F00083F8C81093F81811DD
:1006800062F3000062F3000183F8F000104683F883
:10069000181103B000BD00BF0856002031A600208D
:1006A0002DE9F04F85B001900020F8F767FB18B1F5
:1006B0000C2005B0BDE8F08F0446F8F7C9FD01280D
:1006C000F6D8DDF804B04B4F1BF8012B07F10108F9
:1006D000CDE9022702F0010A04E00134082C08F1F8
:1006E000280845D004EB840517F8359019F0010F60
:1006F000C9F38012F1D05245EFD106225946404647
:1007000017F02EFC0028E8D119F0040FDDE9022CC7
:1007100007EBC5034FEA840906462DD1364D02F09A
:10072000010AA5F1020804E00136082E05F10805CA
:1007300013D018F83630C3F34002DB07F4D5524526
:10074000F2D106225946284617F00AFC0028EBD1C0
:1007500008EBC608FF2388F801304C44002017F846
:10076000343023F0010307F8343005B0BDE8F08FD2
:10077000022005B0BDE8F08FDFF888A09AF80010DD
:100780004D1E0239E8B20629029003D893F817806B
:10079000804503D1029B8AF80030BFE7174A02EB7D
:1007A000001302EB08150FCB85E80F00029DB6463B
:1007B0000EEB8E0307EBC30217F83330D80705D5CD
:1007C000590703D59CF81730AB420AD00EF1010E41
:1007D000BEF1080F0CF1280CEAD1019B02951A78A2
:1007E000D8E7019B82F817801A78054B029503F829
:1007F00008E0CFE708560020528A0020D089002068
:10080000C889002031A6002093F805C00CF0C00C68
:10081000BCF1400F00D070472DE9F0411F4682B077
:1008200001B32A4C002300F00106651E04E00133E9
:10083000082B04F1280420D003EB830215F83220A2
:10084000C2F3801CD207F2D5B445F0D1062220466F
:100850000193009117F084FBDDE900130028E6D135
:10086000DAB202E0072A08D8194D02EB82024FEAF9
:10087000C20815F83230DB0702D402B0BDE8F081BF
:1008800008F118033868E850EA18BB8893801646C8
:100890000024A0B2F8F7FEFE034600F2B1100746AE
:1008A0000622314623B1009317F05AFB009B18B182
:1008B0000134062CEDD1E0E708F10102A918AA588D
:1008C000C3F8B1218B88BB80D7E700BF0956002051
:1008D000085600202DE9F04781461C4D19F8018B80
:1008E00082B08A46002408F001086E1E04E001343C
:1008F000082C05F128051AD004EB8403DF0016F854
:100900003330C3F38012DB07F1D54245EFD1062225
:100910004946284617F024FB0028E8D11837F41977
:10092000019006212046F3F7FBFC019B18B9022039
:1009300002B0BDE8F087F059CAF80000A288AAF812
:100940000420184602B0BDE8F08700BF0956002019
:100950002DE9F0478146164D19F8018B8A4600248F
:1009600008F001086E1E04E00134082C05F128058A
:100970001BD004EB840306EBC30716F83330C3F334
:100980008012DB07F0D54245EED1062249462846C3
:1009900017F0E6FA0028E7D17B6A1A68CAF8002047
:1009A0009B88AAF80430BDE8F0870220BDE8F087F4
:1009B0000956002010B504460020F8F7DFF908B109
:1009C0000C2010BDF8F744FC0128F9D81CB1012C0B
:1009D00001D0122010BD024B1C70002010BD00BFC2
:1009E00032A60020034B4FF47A7202FB00F018602D
:1009F000704700BF608900202DE9F041054682B0B4
:100A000000208846F8F7BAF918B10C2002B0BDE80A
:100A1000F0810446F8F71CFC0128F6D82946204F3F
:100A200011F8016B234606F001067D1E04E0013338
:100A3000082B07F1280723D003EB830415F8342093
:100A4000C2F3801CD207F2D5B445F0D10622384655
:100A50000193009117F084FADDE900130028E6D134
:100A6000B8F1000F14D0B8F1010F0DD115F83430E2
:100A700043F0100305F83430002002B0BDE8F081E7
:100A8000022002B0BDE8F081122002B0BDE8F08182
:100A900015F8343068F3041305F83430ECE700BF80
:100AA0000956002008B9024870470248704700BF45
:100AB00064890020908A0020A8B110B50B4B1B68F8
:100AC0004FF4004240F2E7300021E3FB02014FF413
:100AD0007A720023D6F7BAFFBDE8104002460B46F3
:100AE00003480CF003BF024816F014BE60890020D2
:100AF000D05500200D4A08B50023138070B90C4B67
:100B00000C4A1B780020108003B908BDF8F7A0FB41
:100B10000028FAD1BDE80840FFF770BB1846F8F787
:100B2000B1FBC307EBD4FFF7A3FBE8E7908A0020F3
:100B300032A60020648900200E4A08B500231380E5
:100B4000C2070ED40C4B0D4A1B780020108003B94D
:100B500008BDF8F713F90028FAD1BDE80840FFF7FF
:100B60004DBB1846F8F716F90028EBD1FFF780FBCC
:100B7000E8E700BF908A002032A6002064890020A8
:100B80002DE9F04F054687B016F03EFF4A014301BC
:100B90001B1A42EAD06262EB0102920042EA9372AF
:100BA0009B001B1841EB0201CA0042EA5372D00BB2
:100BB000C3F3103343EA42430190ADB9604AD2E92E
:100BC0000012B2F1FF3F08BFB1F1FF3F0CD0591A3C
:100BD00060EB02025B480068814272F10002ACBF28
:100BE0004FF00109A94601E04FF00109AB46564F0D
:100BF000564DDFF86C8100249A4604EB8403A6006E
:100C000017F83330DA0715D5B9F1000F01D198077D
:100C100010D4331917F8333059075BD4331917F848
:100C200033301A0749D4264417F8363043F002030C
:100C300007F836300134082C05F1060508F12808BC
:100C4000DBD1B9F1000F04D03D4A019BC2F800A0EE
:100C50005360BBF1000F08D00020F8F783F804467A
:100C600018B194F86A305B0702D407B0BDE8F08F82
:100C700094F82630072BF8D8FF238DF8083094F825
:100C8000293004EB830302A9DD6A04F1280001F096
:100C90000DFD6A782946023216F091FF0028E4D053
:100CA00001462046F8F786F89DF80830FF2BDCD087
:100CB00084F8293007B0BDE8F08F02A9404611F052
:100CC00017FC68BBBDF80C300298AB80C8F81D500B
:100CD0002860A8E798F810301D4A0DF1170002EBC4
:100CE00003120DF1070312F8011903F8011F8342E3
:100CF000F9D108F1170102A811F0FAFB00288DD0F4
:100D0000144A1549154840F2F3230FF060FE002302
:100D100083F31188BFF36F8F0323184602DF7DE74B
:100D20000C4A0D490D4840F201330FF050FE0023EC
:100D300083F31188BFF36F8F0323184602DFC1E7E7
:100D40000056002060890020085600209889002065
:100D5000DF89002078BF060070B20600B8B1060037
:100D60000F56002010B50120FFF70AFF0A4B1B6841
:100D70004FF4004240F2E7300021E3FB02014FF460
:100D80007A720023D6F762FEBDE8104002460B4699
:100D900002480CF0ABBD00BF60890020D055002098
:100DA000072816D838B5134A00EB800312F8333001
:100DB0001A070BD5C3F340059B0704460BD50D4B13
:100DC00004EB840003EBC003586A38BDC3F3C000D2
:100DD00038BD00207047084A084909484FF44A7353
:100DE0000FF0F5FD85F31188BFF36F8F03231846CD
:100DF00002DFE4E70856002078BF0600DCBF0600EB
:100E0000B8B1060007280CD800EB8000064A12F89B
:100E1000301049074FEAC00303D503F11E00104408
:100E200070470020704700BF085600202DE9F047AA
:100E300090468A460AB1FF231370364D002400F015
:100E400001096E1E04EB8403E7B216F83320D207C3
:100E5000234614D4B8F1000F22D098F80020FF2ABE
:100E600004F1010443D0082C04EB840105F12805AA
:100E7000E7B2234610D016F83110C907EFD503EBBF
:100E8000830316F83330C3F380134B4527D0013466
:100E9000082C05F12805D5D1FF273846BDE8F08795
:100EA000631C072C03EB830204F10204F4D016F850
:100EB0003220D00704EB840128D4082C05F150051A
:100EC0002346E9D016F83120D207E9D503EB830396
:100ED000E7B216F83330C3F380134B45D7D106225F
:100EE0005146284617F03CF80028D0D1D5E7082C09
:100EF00088F8007005F12805E7B2CDD004EB840333
:100F000016F83320D0072346B9D4A6E72835DFB238
:100F10001C46B4E7095600202DE9F04F85B0804605
:100F200000208A460192F7F729FF18B10C2005B07E
:100F3000BDE8F08F0446F8F78BF90128F6D847464C
:100F40000DF10F0217F8010B3946FFF76FFF072865
:100F500040F2B1809DF80F60072E00F2A88006EBEA
:100F600086034FEAC309564DD8F8011009F1010272
:100F70005046A9502A44B988918098F8001015F875
:100F8000092061F38612102105F80920F3F7C8F94A
:100F900015F80920102160F38202019805F8092054
:100FA000F3F7BEF915F8092000F0010060F3C30261
:100FB000530705F8092045D400285ED109F118032C
:100FC0000022EA502B44DFF804919A8006EB860356
:100FD00015F8332022F0120205F8332098F800307B
:100FE000A9F1020803F0010A04E00134082C09F118
:100FF000080916D018F83430C3F3400213F0010387
:10100000F3D05245F1D1062239464846019316F0F5
:10101000A7FF019B0028E8D108EBC40888F801600D
:1010200000E0002306EB86065B0115F8362043F04E
:10103000010322F021021343002005F8363005B0E9
:10104000BDE8F08F1F4BDFF888C01A7805EB090167
:101050000CF80260CA751C4901EB021101321A70CA
:1010600001390AF10F020AF1FF3C12F801E901F817
:1010700001EF6245F9D10028A0D0019B09F10700DA
:10108000291806EB8602D3F804A0D3F808E0D3F8B9
:101090000CC005EBC20B1A682A50C1F804A0C1F8B5
:1010A00008E0C1F80CC00021CBF8241086E7072027
:1010B00005B0BDE8F08F122005B0BDE8F08F00BF8D
:1010C0000856002031A60020D0890020528A002036
:1010D000C8890020072807D8044B00EB800013F8CC
:1010E0003000C0F3C0007047002070470856002051
:1010F00007280CD8074A00EB800012F83030190797
:1011000005D59B0703D502EBC002506A704700204B
:10111000704700BF08560020024B1B78037002483E
:10112000704700BF31A60020D089002070B50C4662
:1011300060B1072926D82F4D15F8343013F001037C
:101140001E4635D005EBC403587870BD072941D839
:10115000294B04EB840213F8323013F0010501D05F
:10116000204670BD254A2649264840F27D330FF0BF
:101170002EFC85F31188BFF36F8F0323184602DF1F
:101180002046EEE71D4A20491E4840F277330FF013
:101190001EFC002383F31188BFF36F8F03231846CF
:1011A00002DF144D15F8343013F001031E46C9D187
:1011B000124A164913484FF45E730FF008FC86F389
:1011C0001188BFF36F8F0323184602DF05EBC403BA
:1011D0005878BAE7094A0E49054640F27B33094878
:1011E0000FF0F5FB85F31188BFF36F8F03231846CB
:1011F00002DFADE7508A00200856002078BF0600C5
:1012000060C10600B8B10600F4BF0600A0C0060029
:10121000B8C0060038B5234B1B78834204460ED96C
:10122000214B1C5D072C1DD8204B04EB840213F8C6
:10123000323013F001031D4624D0204638BD1C4A2D
:101240001C491D4840F287330FF0C1FB002383F394
:101250001188BFF36F8F0323184602DF124B1C5D0A
:10126000072CE1D9124A1549134840F289330FF08F
:10127000AEFB002383F31188BFF36F8F032318465F
:1012800002DFD1E70A4A0E490B4840F28A330FF0D9
:101290009EFB85F31188BFF36F8F0323184602DF8F
:1012A000204638BD31A60020C889002008560020FD
:1012B00078BF06006CC10600B8B106008CC10600FC
:1012C00060C10600072826D870B500EB8003134DD7
:1012D00015F8333013F0010304461E4606D004EB24
:1012E000840415F83400C0F3401070BD0C4A0D4959
:1012F0000D4840F295330FF06AFB86F31188BFF377
:101300006F8F0323184602DF04EB840415F83400C2
:10131000C0F3401070BD0020704700BF0856002089
:1013200078BF0600C8BF0600B8B1060038B5154B37
:101330001B789BB1072911D880B9134A01EB8103AF
:101340000C4612F8333013F001031D460BD00E4B40
:1013500004EB840113F83100430701D4012038BDA8
:10136000C0F3001038BD094A09490A4840F2AE33BB
:101370000FF02DFB85F31188BFF36F8F0323184601
:1013800002DFE4E732A600200856002078BF0600FE
:10139000C8BF0600B8B106001378FF2B1BD12DE99A
:1013A000F0471446184A054689469646002303EB43
:1013B000830C990012F83CC01CF0010003D0CCF360
:1013C000801CAC4509D00133082B0EF1280EEED15C
:1013D0000120BDE8F087012070470EF1060709F1F2
:1013E000FF36F446BA461CF8018F16F8017FB8455F
:1013F000E9D1D445F7D11944237012F831305A0796
:10140000E7D5C3F30010E4E7085600200F4B1B7824
:101410009BB1072A11D800B502EB82020C4B4FEAB0
:10142000C20E13F83220120705D520B14A7902F016
:10143000C002402A03D0002000BD002070470EF1FA
:10144000070018445DF804EB11F03FB832A6002005
:1014500008560020024B1878003818BF012070474A
:1014600032A6002000F0BEBB08B5002303F06CFCE0
:10147000002008BD10B584B0079BD3E90020904739
:10148000012812D004460DF10F010DF10E00F5F701
:1014900095FC0021064B00919DF80F209DF80E0051
:1014A0000121F4F721FC034BDC6004B010BD00BF48
:1014B000B9140500DC8A002000B585B00DF10F01DC
:1014C0000DF10E00F5F77AFC9DF80F20054B9DF805
:1014D0000E00002101320091D2B20221F4F704FC87
:1014E00005B000BD8915050070B58EB006460D46E5
:1014F0000DF136000DF137011C460B92F5F75EFC3D
:101500009DF837100B9A0694013100240592CDE91D
:101510000744CAB2CDE90344CDE901449DF8360041
:10152000009533460121F4F72BFB10F0FD0F0AD094
:1015300006480094064BC4609DF837209DF836009D
:101540000121F4F7D1FB0EB070BD00BFDC8A002092
:10155000B9140500019B024A3121FFF7C5BF00BF46
:101560006515050000B583B0059BCDE90003F5F7CF
:101570002BFC019B034A0098062103B05DF804EBA5
:10158000FFF7B2BF7514050001480BF03DBF00BF67
:10159000C48A002008B501220021024815F0D9FFB5
:1015A000002008BDC48A0020024BA0F2A462C3E957
:1015B00000207047DC8A00200020F4F7C1BA00BF89
:1015C00008B5F4F779FC014B986008BDDC8A00206F
:1015D000684620F007018D4601B502F00BFDE6F7E5
:1015E00009FFBDE801408546704700BF08B50A4BBA
:1015F000D3F840213AB90120F2F78CFFBDE808404A
:101600000220F2F787BF0020C3F84001D3F8403131
:10161000F4F7A2FAEFE700BF00B000400020F2F7B5
:1016200079BF00BF70B508BB214B224C1A782178D6
:101630009142D3B20FD0204A2049214840F234438E
:101640000FF0C5F9002383F31188BFF36F8F0323D5
:10165000184602DF23781B4E1B4D3278013323706E
:101660002B78934212D033782B7070BD124A1749F1
:10167000134840F22F430FF0AAF9002383F3118897
:10168000BFF36F8F0323184602DFCDE70A4A1049E4
:101690000B4840F23A430FF09AF9002383F3118884
:1016A000BFF36F8F0323184602DF33782B7070BDB2
:1016B00033A6002034A60020B8C1060000C20600F0
:1016C000B8B1060038A6002037A600203CB90600B5
:1016D0001CC2060070B51A4D1A4C2B7822789A421B
:1016E00006460BD02B782370174D184C1EB92B785B
:1016F00022789A4212D02B78237070BD144A154973
:10170000154840F21B430FF062F9002383F3118860
:10171000BFF36F8F0323184602DFE3E70C4A0F493C
:101720000D4840F226430FF052F986F31188BFF3BB
:101730006F8F0323184602DF2B78237070BD00BF24
:1017400036A6002035A6002033A6002034A60020AF
:10175000B8C1060044C20600B8B106006CC206005B
:1017600002F05CBD38B5194C194D237829788B42AD
:101770001AD0184B0598217000229860114601205C
:10178000F2F762FE00B938BD134A1449144840F21A
:10179000B3430FF01CF9002383F31188BFF36F8F5D
:1017A0000323184602DF38BD0B4A0E490C4840F2AD
:1017B000AD430FF00CF9002383F31188BFF36F8F53
:1017C0000323184602DF2978D3E700BF33A60020A1
:1017D00034A6002060160020B8C1060094B30600AD
:1017E000B8B1060088C206002DE9F04F484A494EBC
:1017F000127833789A428BB0884605D1464B474AD7
:101800001B7812789A4270D0D8F80C30D8F8007053
:101810001B68DFF82C91DC68D3E9012191422CBFD1
:10182000C4EB0104C4EB02043D1925F07F45D9F84F
:1018300000102846F4F742FB10F4000002D10BB070
:10184000BDE8F08F364A374B11781A78914231D182
:10185000314A32491278097891422BD01A780132F4
:101860001A7000220023009311462F4B1046F4F704
:101870003BFA10F0FD0F1DD02C4A2D492D4840F2A7
:101880009F430FF0A4F84FF0000A8AF31188BFF3CA
:101890006F8F4FF0030B584602DF244A2449254836
:1018A00040F267430FF093F88AF31188BFF36F8F0C
:1018B000584602DFD8F80C30C9F8005006931E4B8A
:1018C0000022CDE907321D4BCDE90222CDE90423E8
:1018D000CDE90042347801343B461146104634705D
:1018E000F4F74EF90BB0BDE8F08FC36807681A68CB
:1018F000DFF84C90D468D2E9011088422CBFC4EBC9
:101900000004C4EB01043D1925F07F45D4E700BF76
:1019100037A6002038A6002033A6002034A60020D9
:1019200035A6002036A60020D5160500B8C1060051
:101930000CB70600B8B106002516050065170500AE
:10194000F48A0020804A9368002B7DD02DE9F04F67
:10195000136889B082467BB14FF0FF338DF80A30AF
:1019600003E0067F16F0030609D00DF10A00F5F733
:10197000D5FB05460028F4D109B0BDE8F08FC36857
:10198000534575D00768B146B04602E0037F99071A
:1019900021D00DF10A00F5F7C1FB04460028F5D16E
:1019A000804514BF414629460846FFF71DFF30F029
:1019B0000203E1D0654A6649664840F2FA430FF0F7
:1019C00006F884F31188BFF36F8F0323184602DFF4
:1019D00009B0BDE8F08FC368B9F1000F0ED05345D0
:1019E00027D0D4F800B039465846F4F767FA00F427
:1019F000000000281CBFA0465F46CAE79A45814602
:101A0000EFD12B7FE96843F002032B772846AB69BF
:101A10009847FF238DF80A3003E0037F13F0030497
:101A200013D00DF10A00F5F779FB05460028F4D133
:101A3000A2E72B7FE96843F002032B772846AB69C6
:101A40009847A14588D1E4E77047C36853450FD054
:101A50003E4A41493F4840F21D530EF0B8FF84F31F
:101A60001188BFF36F8F0323184602DFD5F80CA04F
:101A7000354A50465368116803AA9847044600281F
:101A800040D010F1100F3FF477AF2F4A0020936839
:101A90001168984714F10B0F12D08C343FF46CAFDF
:101AA0002A4A2E492B4840F25A530EF090FF002349
:101AB00083F31188BFF36F8F0323184602DF5BE7C0
:101AC0000224FF258DF80B500DF10B00F5F726FBD6
:101AD00098B1037F9A07F7D40EB9DB07F4D41A4BF9
:101AE0001968C3689942EFD1037F43F0020303777B
:101AF000836998478DF80B50E6E70126B4420AD077
:101B00003446DFE72B7FAA69E96843F002032B77AD
:101B10002846904730E70C4D039B2868009400212D
:101B2000CDE9041106910790296004AAD5E90101C5
:101B3000F5F7AEFA044600287FF41EAF034A0849C1
:101B400004484FF4AB633AE748570020B8C1060099
:101B50000CB70600B8B10600A4C20600D0C2060049
:101B6000C8C2060010B5154815F0C7FA10B3144BDB
:101B700000249C6000F066FB00281ADB0121084667
:101B80002246E6F747FF224602210B20E6F742FFF6
:101B9000224601211820E6F73DFF0120E6F70AFF63
:101BA0000B20E6F707FF1820E6F704FF02F054FACF
:101BB000204610BD6FF0120010BD00BFC4870600A4
:101BC0004857002008B500F04DFB002809DB012034
:101BD000E6F7FEFE0B20E6F7FBFE1820E6F7F8FE20
:101BE000002008BD00B5054B8AB201469868D0F8C0
:101BF00000E0184673465DF804EB1847C4870600FA
:101C000000B5DFF828C0DCF80830D3F804E0BEF1F6
:101C1000000F07D08AB2002301466046F4465DF803
:101C200004EB60476FF0850000BD00BFC48706006D
:101C300000B5DFF828C0DCF80830D3F804E0BEF1C6
:101C4000000F07D08AB2002301466046F4465DF8D3
:101C500004EB60476FF0850000BD00BFC48706003D
:101C60000020704770B5284B82B00446002832D05F
:101C70001A68824229D0FF250DF107008DF8075020
:101C8000F5F74CFA034640B91DE0A1420CD00DF126
:101C90000700F5F743FA0346A8B11A7F9207F6D476
:101CA000D9681846002CF0D11A7F9E6942F00202D2
:101CB0001A77B0470DF107008DF80750F5F72EFAA7
:101CC00003460028E9D102B070BD9D6865B10146A8
:101CD0000020A847CFE79D68002DCCD019680029C7
:101CE000C9D00020A847C6E7084A0949094840F278
:101CF000BF130EF06CFE85F31188BFF36F8F0323C3
:101D0000184602DFB7E700BF48570020B8C10600F9
:101D1000DCC20600B8B106000020704738B50446A2
:101D2000F5F7EEF964B1054628B324680020F5F70D
:101D30000FFA2046F5F7BEFA044660B1002038BD20
:101D40001C4B9C6834B31B4A1468002393601360D7
:101D5000002CEAD1EAE7184A184919484FF40C73E5
:101D60000EF035FE84F31188BFF36F8F03231846FE
:101D700002DF002038BD104A1249114840F2F91321
:101D80000EF025FE85F31188BFF36F8F03231846ED
:101D900002DFCAE7084A0C4909484FF4FF730EF006
:101DA00016FE84F31188BFF36F8F0323184602DFFA
:101DB000C9E700BF48570020B8C1060008C30600A5
:101DC000B8B10600E4C20600F4C20600054A136872
:101DD00092681B1A18BF0123B2FA82F00B704009F7
:101DE000704700BF48570020D0E90132002A04DBC9
:101DF0009A4238BF1A4610467047C068984238BFAA
:101E00001846704700B583B00192F4F755F8019970
:101E1000F4F754F8030205D40330092898BF0020D2
:101E200003B000BD002003B000BD00BF262810B5E0
:101E3000044613D0272809D0252817D1022002F004
:101E40005BF92046BDE8104002F05CB9502002F07A
:101E500053F92046BDE8104002F054B91A2002F0B0
:101E60004BF92046BDE8104002F04CB90A2806D9CB
:101E7000272809D80330400002F03EF9E1E702309C
:101E8000400002F039F9DCE7074A0849084840F207
:101E9000A2230EF09CFD002383F31188BFF36F8F04
:101EA0000323184602DFCCE7B8C1060094B206004F
:101EB000B8B1060002F084B902F08AB908B502F0A0
:101EC000ADF9BDE8084002F02DBB00BF08B502F037
:101ED000A5F902F027FBBDE8084002F0CBBA00BF2D
:101EE00008B502F09BF902F01DFB02F001FB02F0C5
:101EF0003BFDBDE8084002F0BDBA00BF08B5014691
:101F0000184802F087F802F0BFF960B102F0D2FB86
:101F100002F0DCF800F0E8F900280EDBBDE808402C
:101F20000020FFF7FBBE02F067F902F0C3FB02F0EE
:101F3000CDF800F0D9F90028F0DA0B4A0B490C482B
:101F400040F21E330EF043FD002383F31188BFF3EC
:101F50006F8F0323184602DF0020BDE80840FFF71B
:101F6000DDBE00BF61170500B8C1060010C3060042
:101F7000B8B1060000B583B0019002F04FF902F04D
:101F8000D1FA02F0B5FA02F0EFFC02F073FA019810
:101F900003B05DF804EBFFF7B1BF00BF08B5014621
:101FA000144802F037F802F06FF940B100F09CF9E4
:101FB00000280ADBBDE808400020FFF7AFBE02F0B2
:101FC0001BF900F091F90028F4DA0B4A0B490C4890
:101FD00040F22D330EF0FBFC002383F31188BFF396
:101FE0006F8F0323184602DF0020BDE80840FFF78B
:101FF00095BE00BF61170500B8C1060010C30600FA
:10200000B8B106002DE9F04F89B01F46FF239DF8B7
:102010004880049281468B468DF81F3002E0037F92
:1020200099073AD00DF11F00F5F778F80028F6D19E
:10203000674DAB680446002B7FD1FB682B60C5E978
:10204000019B049B38469847054603E0037F13F045
:1020500003030AD00DF11F00F5F760F801460028D0
:10206000F4D1284609B0BDE8F08F1C46FFF7BCFB51
:1020700030F00203F5D0574A5749584840F2D2335E
:102080000EF0A5FC84F31188BFF36F8F032318466D
:1020900002DF284609B0BDE8F08F05683E689DF86C
:1020A0001F300593044629463046F3F707FFB8F181
:1020B000000F2BD0BC4214BF2646002602E0027F50
:1020C00093072BD00DF11F00F5F728F80028F6D163
:1020D0003F4D059B8DF81F30AB68002B2ED16EBB9A
:1020E000002CAAD0B8F1000F4FD1BC42A5D0394A7C
:1020F0003B493A4840F2B2330EF069FC88F311884C
:10210000BFF36F8F0323184602DF96E70202D1D593
:10211000FF233546059344464646D3E7D0F800A052
:10212000039029465046F3F7C9FE039B00F40000D4
:1021300000281CBF55461E46C4E706465946049B68
:10214000CDF800803A464846F4F7A2FF014638B37E
:10215000B8F1000F16D1002E35D03046FFF744FB02
:1021600030F002030ED01B4A1B491C4840F28D334D
:102170000EF02DFC002383F31188BFF36F8F032330
:10218000184602DF6FF076056BE7049BCDF8008000
:102190003A4659464846F4F77BFF06460028F1D1F7
:1021A0000C4A10490D4840F27B330EF010FC002120
:1021B00081F31188BFF36F8F0323184602DFB8F154
:1021C000000FC8D0DEE7B44214BF26460E46C4E76F
:1021D00048570020B8C106000CB70600B8B1060089
:1021E00024C306001CC3060001F110000BF00CB95B
:1021F00070B50E468AB005460122002104A815F0EC
:10220000A8F90F4B01930024032369462846039441
:1022100002930EF038FF002810DB4FF4004240F22A
:10222000E730E6FB020421464FF47A720023D5F72B
:102230000DFC02460B4604A80BF020F90AB070BD55
:10224000E921050010B5012004F0BAFE044900237D
:1022500001224B60CB608A60BDE810400EF013BFD6
:10226000FC8A002010B5012004F0AAFE04490446AF
:102270000EF078FF2046BDE810400EF04FBF00BFC3
:10228000FC8A00200C4B1A780AB10020704710B568
:102290000120187004F094FE4FF4FA710446FFF721
:1022A000A7FF38B920460EF039FF02280CBF0020E6
:1022B0006FF0040010BD00BF39A6002008B5094B1F
:1022C000BFF35B8F53E8002F511C43E80010002838
:1022D000F8D1BFF35B8F002A01DC04F079FE002007
:1022E00008BD00BFF88A002008B50C4B1A68002A08
:1022F00010DDBFF35B8F53E8002F511E43E8001041
:102300000028F8D1BFF35B8F012A01DC04F076FED0
:10231000002008BD6FF0770008BD00BFF88A0020DC
:102320000520704732207047014B33F8100070478A
:10233000BCC7060000B583B00190FFF7D1FD02F0E5
:10234000CDF8019803B05DF804EBFFF7D7BD00BFEF
:1023500030B583B00546FFF7B1FD962002F0F2F8E4
:10236000002318461A46194602F000F80120F4F737
:102370002FFE0446002845D004F11C0001F014FF94
:1023800001F062FFE0B92748294601F043FEFFF75C
:1023900061F860BB02F0E2F900210546084601F051
:1023A00019FF00210446084601F010FF2B19CB331A
:1023B000181A02F08BF903B0BDE8304002F0C0B942
:1023C000194A1A491A4840F29C430EF000FB0023B8
:1023D00083F31188BFF36F8F0323184602DF114880
:1023E000294601F017FEFFF735F80028D2D00DF18D
:1023F0000700FEF791FE002201469DF8070002F05B
:102400006FFAC7E7084A0B4909484FF493630EF087
:10241000DEFA84F31188BFF36F8F0323184602DFBF
:10242000AAE700BF052B050058C30600ACC3060091
:10243000B8B10600A4C30600814208B50ED00B7ADD
:10244000DB0702D46FF08B0008BD134B1360FFF75E
:1024500035FF00280FDB6FF00A0008BD0B7B01EB96
:1024600083010B691B7803F00F03012B0CBF0020C5
:102470006FF08B0008BD094A09490A4840F25143F0
:102480000EF0A5FA002383F31188BFF36F8F0323A7
:10249000184602DFDFE700BF0129050058C3060028
:1024A00010C30600B8B1060010B50446FFF718FDCA
:1024B00002F014F82046FFF721FD0C4B0021012209
:1024C00008469C60F1F7C0FF00B910BD084A0949F1
:1024D000094840F2B1530EF07AFA002383F31188D1
:1024E000BFF36F8F0323184602DF10BD7016002064
:1024F00058C3060094B30600B8B1060010B5E8B1A1
:102500000C46FFF7F1FE002804DB2046BDE8104032
:10251000FFF704BC0D4A0E490E4840F277430EF017
:1025200056FA002383F31188BFF36F8F03231846F5
:1025300002DF2046BDE81040FFF7F0BB064801F07F
:1025400069FDBDE8104001F057BE00BF58C306004A
:1025500010C30600B8B106003523050008B5074BC7
:10256000042298182821F1F76FFE054B002199816C
:102570000222044814F0EDFF002008BD3C8B00202F
:102580002C8B0020148B002008B5074B04229818D0
:102590002821F1F759FE054B0021998102220448B8
:1025A00014F0D7FF002008BD3C8B00202C8B0020AE
:1025B000148B002010B504460548F1F76DFE20B1DC
:1025C000002343706060184610BD6FF00B03FAE7FC
:1025D0003C8B0020034600201870587098607047AC
:1025E00038B52B4D2B7B6A7B9A4202D055F823409D
:1025F00034B92848F1F750FE044680B1204638BD72
:1026000025480AF061FF2B7B6A7B9A42F6D00133A2
:10261000DBB2032B08BF00232B73204638BD1E48B6
:102620004FF4203200230AF029FF90B91A480AF02B
:102630004BFF2A7B6B7B93421AD0531CDBB255F8BD
:102640002220032B08BF00232B738AB11446204697
:1026500038BD124A124913484FF4DB730EF0B7F934
:1026600084F31188BFF36F8F0323184602DFDDE781
:102670000A4A0D490B4840F2BB130EF0A8F900239B
:1026800083F31188BFF36F8F0323184602DFB5E78A
:102690002C8B00203C8B0020148B002058C306009C
:1026A00070B20600B8B10600C0C3060003784278D5
:1026B000934212D05FFA83FC80F801C003789C45F6
:1026C00004D0531C4270DAB2022A0AD0134600EB3F
:1026D00083030A70586860B170470132D2B2022A8F
:1026E000F4D100231A4600EB83030A7058680028CF
:1026F000F2D100B583B00193FFF772FF019B5860E0
:1027000003B000BD90F800C00346407860452FD06C
:1027100070B50E46184991F80DE00A7B0EF10100E4
:10272000C0B25FFA8CF5032803EB850408BF0020D4
:102730008242D4F804C082B009D0019341F82EC07F
:1027400048730E480AF060FE019B4FF0000C6A1CB3
:10275000D2B2022A0ABF002010460246C4F804C0C2
:1027600001211A7003EB80033170586802B070BD0C
:1027700003EB8003586870472C8B0020148B0020DB
:1027800070B5047AC4F302140546002C94FAA4F040
:10279000B0FA80F008BF4FF0FF3082B000F10106C0
:1027A00046D02A7A631E234063F306122A7206F18A
:1027B0002400FFF73BFB00230DF1070105F10C009E
:1027C0008DF80730FFF79EFF0446002842D02046D0
:1027D00001F0F0FC237803F00F03022B1FD00DF162
:1027E000070105F11800FFF78DFF0646002840D0CD
:1027F0009DF8073063B92946254801F00BFC962067
:1028000001F0A0FE002002B0BDE8704001F064BD00
:10281000D4F80230C6F80230E388F380EBE71D48B5
:10282000294601F0F7FB02B0BDE8704001F002BE9E
:10283000194A1A491A4840F2BC530EF0C8F884F3FA
:102840001188BFF36F8F0323184602DF2C7AC4F37D
:102850000214A6E7104A1349114840F2C5530EF07E
:10286000B6F884F31188BFF36F8F0323184602DF95
:10287000ADE7094A0C490A4840F2CF530EF0A7F8D9
:1028800086F31188BFF36F8F0323184602DFAFE78B
:1028900051230500AD28050058C30600C4C3060037
:1028A000B8B10600CCC30600D0C3060010B504467C
:1028B00001F0E8FCFFF714FB237A03F07102012A10
:1028C00018D013F0700F05D0636853B193F82C3013
:1028D0009B0706D501F002FE2046BDE81040FFF739
:1028E0000DBB2046FFF74CFF01F080FCBDE8104017
:1028F00001F026BFC3F3420262F306132372E0E73E
:1029000070B5C3681B6804461D46F3F7D5FA064642
:102910002846FFF769FA0023301AC4E9000323812F
:102920002046BDE87040D8F757B900BF10B582B057
:102930000446FFF7C3FC00281CDB164A164917485B
:1029400000940023F4F7E4FC08B1773001D102B021
:1029500010BD134A1349144840F2AF230EF037F864
:10296000002383F31188BFF36F8F0323184602DF20
:1029700002B010BD0A4A0D490B484FF42B730EF0FC
:1029800026F8002383F31188BFF36F8F03231846C3
:1029900002DFD2E7D9AB0200FD240500392405008F
:1029A00058C30600E8B30600B8B1060010C306001D
:1029B000F0B51746427A83B00D46D1079DF82060E6
:1029C00007D5C6B12A78B7EBD21F1DD0002003B0BF
:1029D000F0BD2946044611F8020B099A0193C0F391
:1029E0008010FEF7D9FC019B0028EBD1627AD20758
:1029F000ECD5002EE6D10193099B1878FEF762FC16
:102A0000019B0028DED1E1E7062205F10801184606
:102A100015F0A6FAB0FA80F0400903B0F0BD00BF8F
:102A20002DE9F04383B098460B9B9DF828909DF8C4
:102A3000307005460C46164673B9437A03F003031B
:102A4000012B2FD9002F3DD02378B6EBD31F4DD0CB
:102A5000002003B0BDE8F0830B460D9A13F8020B7B
:102A60000193C0F380101946FEF796FC0028F0D0C1
:102A70002378B6EBD31F1F46EAD104F10801404684
:102A8000062215F06DFA0028E2D10D9B1878019B03
:102A9000FF281ED0AA7AFF2A1BD0801AB0FA80F035
:102AA0004009D6E711F8020B0D9AC0F38010FEF72B
:102AB00073FC0028C8D16B7A03F00303012BC7D93C
:102AC000002FC1D10D9B1878FEF7FCFB0028BBD16D
:102AD000BEE7C7F380124A45BAD10B9806221946C1
:102AE00015F03EFAB0FA80F04009B2E7062204F190
:102AF0000801404615F034FAB0FA80F0400903B0FE
:102B0000BDE8F0832DE9F0478AB0044601F0B0FB40
:102B1000C0B2002800F0A38001F0CCFB054601F014
:102B2000F1FC064601F0F8FC01F036FF074601F023
:102B300015FF804601F0A8FCFFF7D2F9EBB243B9CC
:102B40007748214601F066FA0AB0BDE8F04701F087
:102B500053BB17F0FF035FFA86F99A4640F0828074
:102B6000FF2301208DF82730F4F732FA06460028BB
:102B700000F0A980237B04EB830306F11C01D3F84A
:102B800010C0634613F8020B00F00F0EC0F3801262
:102B90004FEAD018307FBEF1010F00F00F000CBFDC
:102BA0000CF1080500250328074663D0052FC7D17F
:102BB000707F2228C4D160680028C1D090F82C0012
:102BC00010F002000646BBD10DF127000390CDE9BD
:102BD0000159CDF800802046FFF722FF0028AFD032
:102BE0000420F4F7F5F90028AAD04E48214601F058
:102BF00011FA01F001FB01F027FB002854D16268B3
:102C000092F82C3043F0010382F82C30F4F7FAF9F3
:102C100017214FF6FF720171C2808460059001F0A8
:102C200041FD059B186101F093FD00210446084613
:102C300001F0D0FA059B241A5C61BAF1000F17D09D
:102C40009DF827205A760593F4F7DCF9059BD860A8
:102C500019461868F4F702FA0AB0BDE8F087FFF7E2
:102C60003FF96DE75FFA88F0FEF7D4FA034678E79C
:102C7000FF22E7E7707F0C287FF462AF002D7FF41E
:102C80005FAF0DF127000190CDF800902046CDE90F
:102C900006230591FFF78CFE20BB307F079BDDE903
:102CA000051200F00F0781E71F4A2049204840F233
:102CB0005F630DF08CFE86F31188BFF36F8F0323E3
:102CC000184602DF9BE7184A1A49194840F2FF5399
:102CD0000DF07DFE86F31188BFF36F8F0323184636
:102CE00002DF47E70E48214601F094F901F0A2FB0C
:102CF000237E04EB8303D86901F05CFA01F0A4FAA7
:102D00000028A9D0084A094909484FF4C3630DF0C7
:102D10005EFE85F31188BFF36F8F384602DF9BE7B5
:102D2000AD280500A924050058C30600ACC3060061
:102D3000B8B10600A4C306000021D8F709B800BF47
:102D400030B5044683B0FFF7CBF8A37D23F0010331
:102D5000A3759B0602D46368002B37D0962001F040
:102D6000F1FB00231A461946184601F0FFFA01202C
:102D7000F4F72EF90546D0B105F11C0001F014FA64
:102D8000FEF768FB40B901F065FB1248214603B02D
:102D9000BDE8304001F03EB90DF10700FEF7BCF987
:102DA000002201469DF8070001F09AFDEBE70A4A70
:102DB0000A490B4840F25F330DF009FE85F3118894
:102DC000BFF36F8F0323184602DFD5E701F032FB14
:102DD000CDE700BFC1B0020008C40600A4C30600CE
:102DE000B8B1060000B583B00190FFF779F801F0A3
:102DF00075FB019803B05DF804EBFFF77FB800BFE7
:102E000008B5FFF79DFF01F0EBF9BDE8084001F0C0
:102E100097BC00BF70B582B00646FFF74FF801F0CF
:102E200009FB0120F4F7D4F80446002841D004F14E
:102E30001C0001F0B9F901F007FAE0B9FEF70AFB4E
:102E400060BB01F08BFC00210546084601F0C2F989
:102E500000210446084601F0B9F92B19CB33181AA2
:102E600001F034FC01F0F6FA1948314602B0BDE831
:102E7000704001F0CFB8174A1749184840F21A338A
:102E80000DF0A5FD002383F31188BFF36F8F03239B
:102E9000184602DFFEF7DEFA0028D2D00DF1070057
:102EA000FEF73AF9002201469DF8070001F018FDEF
:102EB000C7E7084A0A49094840F216330DF087FD72
:102EC00084F31188BFF36F8F0323184602DFAEE748
:102ED000C1B0020008C40600ACC30600B8B10600C9
:102EE000A4C3060070B5C3681B6804461D46F2F70C
:102EF000E3FF06462846FEF777FF0023301AC4E9B1
:102F00000003238120460121BDE87040D7F720BF90
:102F100000B9704708B5084A0849094840F28F23AC
:102F20000DF055FD002383F31188BFF36F8F03234A
:102F3000184602DF08BD00BF08C406003CB9060001
:102F4000B8B106004B6823B14B6893F82C30DB070F
:102F500011D4814210B51FD04B6A1C4613B16FF0DB
:102F60008B0010BD104B1360FFF7A8F9002804DB9D
:102F70006FF00A0010BD002070470C4A0C490D4844
:102F80004FF40D730DF023FD84F31188BFF36F8FA1
:102F90000323184602DFEBE7074801F03BF801F096
:102FA0002BF9002010BD00BFE52E050008C4060067
:102FB00010C30600B8B1060021B0020010B50D4BD9
:102FC00003989860002211460120F1F73DFA00B9FC
:102FD00010BD094A09490A484FF422730DF0F7FC65
:102FE000002383F31188BFF36F8F0323184602DF9A
:102FF00010BD00BF8016002008C4060094B3060070
:10300000B8B1060010B5044686B0FEF769FF0DF1B1
:1030100017012046FEF7DAFEC0B9039001F05EFA10
:10302000A37D03980090C3F34102013202F0030232
:10303000032A08BF002262F34203A375032203465A
:103040000146F2F751FE2046FEF758FF06B010BDCC
:103050002DE9F04182B014469DF82070064688465E
:103060003A46194620461D46FEF7D0F90346A8B950
:10307000B8F1000F02D0F27D920722D4B27D17463C
:10308000C2F38012A2420DD0C7F3C102012A05D9B2
:1030900024B16A7902F0C002402A1AD0184602B060
:1030A000BDE8F08106F1190006222946019314F0CB
:1030B00057FF019B0028E7D10123184602B0BDE865
:1030C000F08101903846FEF713F8019B0028E5D106
:1030D000D4E7099B002BEFD0099A01231370EBE78B
:1030E00010B5E8B10C46FFF7FFF8002804DB2046D6
:1030F000BDE81040FEF712BE0D4A0E490E484FF4CF
:103100001E730DF064FC002383F31188BFF36F8FEF
:103110000323184602DF2046BDE81040FEF7FEBD3F
:10312000064800F077FFBDE8104001F065B800BF29
:1031300008C4060010C30600B8B10600053005003B
:10314000002070470020704710B582B00446FFF79A
:10315000B5F800281BDB154A1549164800940023D2
:10316000F4F7D6F808B1773001D102B010BD124A99
:103170001249134883230DF02AFC002383F311889E
:10318000BFF36F8F0323184602DF02B010BD0A4A57
:103190000C490B4880230DF01AFC002383F311889F
:1031A000BFF36F8F0323184602DFD4E7392D0500E4
:1031B000E1300500452F050008C40600E8B306000D
:1031C000B8B1060010C3060090F816C01CF0080F36
:1031D00002D132B901207047002AFBD11846FEF710
:1031E00071B810B5044608461946FEF79FF818B99D
:1031F000A07DC0F3C00010BD012010BD2DE9F04F2F
:1032000083B091469DF8382045680C4692019DF8A0
:103210003010984602F04002237842F0250242EA3C
:10322000C11203F010031A4322210F9B2270617018
:103230001A68C4F802209B88E3800D9B1968A1607E
:103240009B88A3816B68C4F80E302B89A97A2175FD
:10325000012263826275EB8A06469B4601F078FA8A
:103260000746B9F1000F3BD009F0030A0AF12B0A17
:103270004FEACA0AC9F340032AFA03FA414648460C
:1032800000F0A8FF07F5AF67336957448046A7EB06
:10329000000A43BB109AC2F800A0A375E375EB8A3D
:1032A00023832B8B6383B38AA383D5F82230C4F89E
:1032B0001E3095F8263084F8223095F8282094F8AE
:1032C000233062F3040384F82330FFF729F894F8DD
:1032D000233060F3471384F8233003B0BDE8F08F48
:1032E0004FF4B07ACAE740F2E24303FB0BF20192DB
:1032F00001F0DEF9012183464846D6F8109000F02F
:1033000067FF019A0BEB00034B44002B01DB534595
:1033100001D21344F9E7109AA8EB07081360054A95
:103320004344A2FB0323627D9B0A0132E382627560
:10333000B5E700BF5917B7D1F8B50546FEF7D0FD80
:10334000F3F7AAFF044600283FD0274B274A1B78F3
:103350001178A27926485B0001F0010103F0020315
:103360000B4322F003021343224A01881278A18002
:1033700001202070A371227219B195F92730002B1A
:1033800004DB2846BDE8F840FEF7B8BD95F82C30C0
:10339000C3F30213022B16D0042B0CBF4FF4BC77DF
:1033A000282701F0C1F9064601F0C4F9301AE0609F
:1033B000EA6BC4E904270023EB636B642846BDE88D
:1033C000F840FEF79BBD1827EBE70B4A0B490C486A
:1033D0004FF478730DF0FBFA84F31188BFF36F8F0D
:1033E0000323184602DFB0E73BA600203CA60020DE
:1033F000F6A300203AA6002054C4060094BB0600A1
:10340000B8B1060008B500F05FFF0278034601215D
:1034100061F301021A70002008BD00BF0020704750
:10342000704700BF30B4074A074D084C08480949A7
:1034300000231380084A2B80237003700B701370D5
:1034400030BC7047F6A30020F8A300203CA6002063
:103450003DA600203BA600203AA6002091F82C3083
:103460005B070AD481420AD1064B1B88002B0CBF94
:103470006FF00F006FF08B007047002070476FF007
:103480008B007047F6A3002091F82C305B070AD41C
:1034900081420AD1064B1B88002B0CBF6FF00F0036
:1034A0006FF08B007047002070476FF08B00704703
:1034B000F8A3002038B504460D46002841D0FEF799
:1034C00013FF002851DBE2682389518B938301337A
:1034D0000B4492F927105383002913DBF3F7DCFE2A
:1034E0000446F8B1A37923F00303002243F002035A
:1034F00001212170A280A37122722846BDE83840C4
:10350000FEF70CBC2089136B916B00FB03330B445B
:10351000516B8B4228BF0B469363F3F7BDFE044605
:103520000028DFD1184A1949194840F207130DF055
:103530004EFA84F31188BFF36F8F0323184602DF1E
:10354000D0E791F92730834207DB2946114800F084
:1035500061FDBDE8384000F04FBE0F4B1B88002BCB
:10356000F3D10E4B01221A70EFE7074A0C490848C5
:10357000EE230DF02CFA002383F31188BFF36F8F35
:103580000323184602DF9EE754C4060094BB0600DE
:10359000B8B1060039330500F8A300203BA600208F
:1035A00010C30600F8B507460120F3F711FD0546E4
:1035B00058B30021697797F86760B7F85A4006F06A
:1035C0000706304600F084FD97F87E30B2001B07F6
:1035D00005F11C05E1B242F001020ED50431C9B279
:1035E000082000F0B7FD2A46314607F17F0001F0C0
:1035F000BBF8BDE8F84000F0D7BD082000F0AAFDF8
:103600002846BDE8F84000F0CFBD074A0749084802
:1036100040F213330DF0DBF985F31188BFF36F8FA0
:103620000323184602DFC4E754C40600A4C30600FF
:10363000B8B1060038B50446FEF740FC2B4AA08915
:1036400013880133138000F07DFF94F8662094F80E
:103650006700C2F3C00300F0070002F00702002178
:1036600000F084FE2046FFF79DFF00F0F7FD60BBF1
:1036700001F074F8258A034694F8670001210D359E
:1036800000F007001D4400F0A5FD94F8673003F03A
:103690000703022B054416D0042B0CBF4FF4BC7358
:1036A000282394F86600C0F3C00100F007001D4411
:1036B00000F08CFD281A01F009F821460C48BDE8FD
:1036C000384000F0A7BC1823EBE70A4A0A490B4828
:1036D00040F2AF230DF07BF9002383F31188BFF391
:1036E0006F8F0323184602DFC2E700BFF8A3002054
:1036F0002D38050054C40600A0C40600B8B1060069
:1037000070B50E4690F86610B0F8584082B0054685
:1037100001F00700C1F3C001019000F0D9FC95F859
:103720007E300198DB064FEA800040F00102E1B2F2
:103730000ED50431C9B2082000F00CFD314605F168
:10374000A00001F061F802B0BDE8704000F032BDA9
:10375000082000F0FFFC304602B0BDE8704000F0E9
:1037600029BD00BF30B5044685B003AA806E0D4662
:10377000E16EF0F7F5FD94F87E30590702463CD42F
:1037800068B3039B94F87D1094F87C0004330B44D9
:1037900010B9587884F87C0031B11978012060F3B1
:1037A0000101197094F87D1094F87C000192411A7F
:1037B000597020460093F6F74DFD009B019A597809
:1037C00081422CD9587001211A7802F00F02002092
:1037D00042EA01121A7098702B6005B030BD43F0B8
:1037E000040384F87E3000F06FFD03461A7822F05F
:1037F00010021A702B6005B030BD43F0040384F84A
:103800007E30009000F060FD009A0346002AEDD063
:10381000027842F0100202702B6005B030BD1168D2
:10382000E26E891A18BF0121CEE700BF2DE9F043EF
:1038300085B0044600F01CFDC0B2002800F0D7801F
:1038400000F038FDC7B200F01FFEFEF73FFBB44AA0
:103850001388012003441380F3F7BAFB06460028BF
:1038600000F00781002F4BD1AE4B1D78002D40F0AA
:10387000C980012203A920461A70FFF773FF039B3A
:10388000E089019300F05EFE94F8670000F0070005
:1038900000F022FDA448214600F0BCFB00F050FFE0
:1038A000019B94F87E101A7861F3C3021A7094F8A1
:1038B0007E201978C2F3400262F38201197020461B
:1038C0001946FFF71DFF00F0C9FC002840F00581F4
:1038D00000F02AFF00287FD0002F00F08480A08A0B
:1038E0004FF6FF73984200F009813946F6F716FC4F
:1038F000002D40F0A18005B0BDE8F043F3F7A6BB72
:1039000094F87E30317F03F00102C1F380009042D1
:1039100000F0C18094F9271082F0010262F30003E5
:10392000002984F87E3005DA94F82C3043F008033F
:1039300084F82C3094F87E3013F00402914640F065
:103940000581D4E91A0103AAF0F70AFD0746002809
:1039500000F01381039B94F87D50043398462B4468
:103960005B7873B194F87E20D1060AD5D4F8B020E4
:103970000132C4F8B020D4F8B42042F10002C4F8F7
:10398000B42094F87C202B44DBB29342C0F0138126
:1039900000F03D81654A6649664840F26D430DF08E
:1039A00016F8002383F31188BFF36F8F03231846A3
:1039B00002DF002794F92730002B337FC0F2E1802B
:1039C000DA0600F1DE8018F80520C2F3001282F05A
:1039D00001025FFA82F9D4E000F09AFE00F09EFE48
:1039E000002F7FF47CAF3DBB05B0BDE8F083FEF750
:1039F0006DFA5148214600F00DFB05B0BDE8F043DB
:103A000000F0FABB013DEDB21D7094F87E3003A9C1
:103A10002046C3F38008FFF7A5FE002D40F0848107
:103A20004548214600F0F6FA94F92730002B12DAC7
:103A300000F000FD039B34E7F3F7E4FA032333714E
:103A4000A38A3068F3803146F3F7EEFA05B0BDE89B
:103A5000F043F3F7FBBA00F0CFFB00F0F5FB0028D2
:103A600040F0C18094F87E3068F3820384F87E30A1
:103A70002EE72E4A31492F484FF4AA730CF0A7FFC6
:103A800086F31188BFF36F8F0323184602DF002FE0
:103A90003FF4EAAE34E7C1F3C001C3F34002914200
:103AA00000F08C801F4A00251570254AC3F380085A
:103AB00003A9012320461370FFF754FE2F46327FDF
:103AC000039BD1063FF5DCAE1A78D2063FF5D8AE9F
:103AD0005A78002A7FF4D4AEA2E7144A194915484F
:103AE00040F2E9130CF073FF002383F31188BFF356
:103AF0006F8F0323184602DFEAE600250B4A1249BE
:103B00000C4840F209230CF062FF002383F3118874
:103B1000BFF36F8F0323184602DFA08AE5E600BFDC
:103B2000F6A300203DA600203536050054C406004B
:103B300094B20600B8B1060039330500A4C30600EC
:103B40003CA60020A0C40600BCC4060023F0040369
:103B500084F87E3000F0B8FB94F92730002B0CDBA2
:103B6000337F13F0100109D10278C2F3001282F002
:103B700001020F465FFA82F903E0337F4FF000093C
:103B80000027C3F3C00294F87E30C3F340018A4299
:103B900017D00025664A0021C3F38008654B1170D9
:103BA0002046012203A91A70FFF7DCFDB9F1000FCE
:103BB0007FF436AF83E784F87D30FAE64FF00009F2
:103BC00000270320F3F704FAE8B194F87E3083F07D
:103BD000020384F87E30737FABB194F87E3018070F
:103BE00024D40125D6E7544A544955484FF4D67396
:103BF0000CF0EDFE002383F31188BFF36F8F0323D6
:103C0000184602DF2EE794F87E300025C2E7002236
:103C1000E06EA4F87C2004F16801F0F7A9FB039B97
:103C20001B683B60039B1F60039FC3E600F026FEFA
:103C30000546002869D000F049FE002853D1D4F889
:103C40008F30D4F89320134304D1337F03F0030360
:103C5000032B32D03B4B3C48022221461A7000F025
:103C6000D9F900F0C9FA00F0EFFA78B900F05CFD7C
:103C7000E0B1002F3FF4B8AEA08A4FF6FF73984230
:103C80003FF43BAF3946F6F749FA34E62A4A2B4966
:103C90002B4840F265130CF09AFE002383F3118841
:103CA000BFF36F8F0323184602DFDFE700F030FD1C
:103CB00000F034FD002FDFD196E600F009FB4278DA
:103CC000272A0146C6D8033206F11C0013F077FFFD
:103CD000D4F88F30013BC4F88F30D4F8933043F1DF
:103CE000FF33C4F89330D4F88F300133C4F88F30E9
:103CF000D4F8933004F18F0243F100035360114B69
:103D000001221A7094F87E306BE70B4A0F490C4879
:103D10004FF491630CF05BFE85F31188BFF36F8F56
:103D20000323184602DF86E7039B3D46A8E500BF54
:103D30003DA600203CA6002054C40600ACC30600EB
:103D4000B8B106003AA6002039330500B4C4060015
:103D500010B582B00446FEF7B1FA00281BDB154A05
:103D60001549164800940023F3F7D2FA08B17730CA
:103D700001D102B010BD124A1249134855230CF06C
:103D800026FE002383F31188BFF36F8F03231846A9
:103D900002DF02B010BD0A4A0C490B484C230CF05C
:103DA00016FE002383F31188BFF36F8F0323184699
:103DB00002DFD4E751B60200B534050089340500AE
:103DC000D4C40600E8B30600B8B1060010C306006C
:103DD00010B582B00446FEF771FA00281BDB154AC5
:103DE0001549164800940023F3F792FA08B177308A
:103DF00001D102B010BD124A1249134850230CF0F1
:103E0000E6FD002383F31188BFF36F8F0323184669
:103E100002DF02B010BD0A4A0C490B484B230CF0DC
:103E2000D6FD002383F31188BFF36F8F0323184659
:103E300002DFD4E7A1B80200B53405005D34050007
:103E400028C50600E8B30600B8B1060010C3060096
:103E50004FF08053D3F8A420013208D04FF08052A5
:103E6000D2F8A03013F001030FD100207047D3F82F
:103E7000A8304FF6FF729BB29342F6D04FF08052BB
:103E8000D2F8A03013F00103EFD0D2F8A4300360D1
:103E9000D2F8A83003711B0A63F03F034371D2F8D4
:103EA000903001331CD0D2F89430013318D0D2F8BE
:103EB0009830013314D0D2F89C30013310D0D2F8AE
:103EC0009030C0F80630D2F89430C0F80A30D2F8FA
:103ED0009830C0F80E30D2F89C30C0F8123008E0AC
:103EE0000023C0F80630C0F80A30C0F80E30C0F821
:103EF00012300120704700BF00234FF08052036052
:103F000043608360C360D2F88030013318D0D2F8A8
:103F10008430013314D0D2F88830013310D0D2F875
:103F20008C3001330CD0D2F880300B60D2F8843062
:103F30004B60D2F888308B60D2F88C30CB60704701
:103F400000230B604B608B60CB607047054B4FF4D8
:103F500080320021C3F80815C3F84423C3F80423B2
:103F6000704700BF00B00040054B1878421C1A7023
:103F700018B9044B01221A6070470120704700BF36
:103F80003EA6002000B0004038B50E4D2C784CB154
:103F9000601EC0B2287018B90B4B01225A6038BDA0
:103FA000012038BD094A0A490A4871230CF00FFD67
:103FB00084F31188BFF36F8F0323184602DF2C7838
:103FC000E6E700BF3EA6002000B0004078C506002E
:103FD000C4C50600B8B10600014BD3F8040570470C
:103FE00000B00040024B00F5A87043F82010704765
:103FF00000B00040044BD3F8103123B1034A044B06
:1040000010681B681847704700100040088F002098
:104010000C8F002010B582B0044601200191E4F716
:10402000D7FC094A094B0199094811601C6010210D
:10403000084BC0F8041302220120C3F8802102B00B
:10404000BDE81040E4F7B6BC088F00200C8F0020BC
:104050000010004000E100E04FF080434FF0FF32DD
:104060000021C3F8002EC3F8042EC3F8081EC3F8BD
:104070000C2EC3F8101EC3F8142EC3F8182EC3F864
:104080001C2EC3F8202EC3F8242EC3F8282EC3F804
:104090002C2EC3F8302EC3F8342E704708B50120FB
:1040A000E4F796FC074B08484FF0000C4FF4905192
:1040B0004FF41052C0F818C5C3F80018C3F804280C
:1040C00008BD00BF00F0014000100040704700BF75
:1040D000054B02280CBF0421032140F20122C3F842
:1040E0001015C3F85026704700100040014BC3F86C
:1040F0000C05704700100040014BC3F808057047DD
:1041000000100040084B00F07F00C3F85405D3F8BE
:10411000182522F00072C3F81825D3F8182542F0AC
:104120000072C3F81825704700100040084A0021AB
:104130000123C2F82C15C2F83035C378C2F82435F3
:104140008178038843EA01431B02C2F81C3570479B
:104150000010004002F01C03A3F1080302F0030268
:10416000B3FA83F3013A5B091B06022A98BF43F4B2
:10417000801300F00F000A4A184340F48070C2F820
:104180001405D2F81805074B0340C2F81835D2F8C9
:104190001835194341F44031C2F81815704700BF73
:1041A000001000400000F8FE014BC3F80405704702
:1041B00000100040014BC3F8040570470010004098
:1041C00002280CBF28202920704700BF012070471B
:1041D0002920704702280CBF05200A20704700BF25
:1041E000014B01225A60704700100040014B012230
:1041F0001A60704700100040064A074901234FF437
:10420000106C0020C2F808C55360D360C1F80002EA
:104210000B61704700F0014000100040094B002284
:10422000C3F80021D3F80011C3F80421D3F8041116
:10423000C3F80C21D3F80C11C3F81021D3F81031B6
:10424000704700BF00100040034BD3F80001003856
:1042500018BF0120704700BF00100040034BD3F887
:104260000401003818BF0120704700BF0010004053
:10427000034BD3F80C01003818BF0120704700BF72
:104280000010004001207047034BD3F85005B0FAEE
:1042900080F04009704700BF00100040044B40F21E
:1042A0000312C3F83425C3F83805C3F83C1570472A
:1042B00000100040034BD3F80004003818BF012061
:1042C000704700BF0010004000487047088E002073
:1042D00000487047048D00201E4B1F4930B5032253
:1042E000DFF884E0C3F800229EF800201B4C1C4D30
:1042F000C4F8685502F10C03DBB2D000DB0001EB1F
:10430000820C03F18043910000F1804003F5F83303
:1043100000F5F83001F18041C4F86C0501F5104159
:104320001048C3F810C5C3F81405D1F840352D2B3B
:104330008ABFD1F8403501232D3BC1F84035074BEA
:1043400001324FF4106102F00102C3F804158EF837
:10435000002030BD001000404091004000F00140BE
:104360000C110040041000403FA600202DE9F04150
:104370002A4CDFF8BCC02A4D2A4E2B4F0323C4F829
:1043800000329CF80010C6F8687501F10C03DBB22E
:10439000DB004FEAC10E03F1804303F5F83390468A
:1043A0000EF1804205EB810502F5F832C6F86C2566
:1043B000C3F810554AF2B812C3F8144549F63463ED
:1043C000B8F1020F08BF1A464FEA810E41F2883356
:1043D00042F2B844022818BF23460EF1804E0EF573
:1043E000104E1344114AA2FB0323DEF84025B2EB22
:1043F000931F8ABFDEF840250123A2EB9313CEF86A
:104400004035084B01314FF4106201F00101C3F84F
:1044100004258CF80010BDE8F08100BF00100040BA
:104420004091004000F001400C110040D34D62105B
:104430003FA600200449054B03204FF41062C1F849
:104440000002C3F8082570470010004000F001404A
:1044500000207047034AD2F8003243F48873C2F850
:104460000032704700100040014BD3F848057047F8
:1044700000100040034B0022C3F81C21D3F81C316C
:10448000704700BF00100040034BD3F81C010038F8
:1044900018BF0120704700BF0010004000B54FF06A
:1044A000000C8E464FEA8C0303F1804303F58053E2
:1044B0001168C3F800160CF1010C9188C3F820169E
:1044C000BCF1080F02F10602ECD1034B40EA0E20CA
:1044D000C3F8400600BD00BF00100040034AD2F8F8
:1044E000403623F0FF03C2F840367047001000400A
:1044F000034B0022C3F81421D3F81431704700BFD6
:1045000000100040034BD3F81401003818BF0120FD
:10451000704700BF00100040014BD3F810047047F3
:10452000001000400449054B054A4FF48020C1F8B3
:104530004803C3F80825704700B0004000F0014070
:10454000C001700E034B044A1B7803F5A87342F8B0
:10455000230070473FA600200090004030B5A2F530
:104560007423314CA3F51073A3428C4607D902F192
:10457000E87202F5D43201F1FF3C02F5A5722B4B33
:104580002B49DFF8C4E02B4C0125DD600025C3F882
:1045900004550425C3F81055A1FB02120225264933
:1045A000C3F80855920C4FF48025C3F84025CEF887
:1045B00048C5CEF84453C1F840454024C1F84435BD
:1045C000C1F8044558B34FF48013C1F804351B49B2
:1045D000012400250423CC601046C1F80455184A74
:1045E000C1F81035C1F80855134B0C60A1F5FD4119
:1045F0007439C3F85015C3F8542502F5AF32114C85
:10460000C3F8584502F5FC7201F50041C3F85C257A
:1046100038310832C3F86015C3F8642530BD4FF453
:104620000013C1F80435D2E7BFBDF07F0080004021
:1046300083DE1B4348B1004000F001400090004081
:104640000C9000404091004000B00040124ADFF85A
:1046500050C0012300B553604FF4802ED360C2F8E0
:1046600040350E4BCCF84815CCF844E340210CF50E
:10467000A47CC3F840C5C3F84425C3F8041528B189
:104680004FF48012C3F80425012000BD4FF400123E
:10469000C3F80425012000BD0080004000F0014067
:1046A00000B00040014BD3F84805704700B000400F
:1046B000002070470349044A01234B600B6153609B
:1046C0001361704700800040009000400449054B92
:1046D000C1F844054FF08862C3F80425704700BF55
:1046E0000080004000F00140054B06480649074A9B
:1046F000C3F84805C3F84C15C3F80425704700BF3C
:1047000000F00140001100404080004080000004A3
:10471000014BD3F84405704700800040014B1860FE
:10472000704700BF008D0020014B1868704700BF24
:10473000008D0020014BD3F84005704700800040F9
:10474000024B4FF00062C3F80425704700F00140AF
:10475000014BD3F84805704700800040014BD3F867
:104760004805704700800040204B4FF0000C00B51A
:104770000229C3F800C54FF0020CC3F800C58646F5
:1047800094462CD003F580334FF00071184AC3F8DB
:104790000415164B1749C3F80425D1F81815164807
:1047A000164AC9B20439C3F818150021C3F808E540
:1047B000C3F80C05C3F810C5C3F81425C3F80012DC
:1047C000C3F80011D3F80021C3F80411D3F8042171
:1047D000C3F808110122D3F808111A6000BD084B74
:1047E000084A4FF00071C3F80415D2E700F000400A
:1047F0000100000100100040048D0020F48B002017
:1048000000F001400100010100B5174BDFF868E03E
:104810004FF0000C0222C3F800C5C3F80025134A6C
:10482000C3F80425124AD2F81825D2B2043AC3F8C4
:104830001825C3F808050122C3F80C150D49C3F863
:1048400010E5C3F81415C3F80022C3F800C1D3F86B
:104850000011C3F804C1D3F80411C3F808C1D3F898
:1048600008111A60704600BD00F000400000010110
:1048700000100040F48B0020048D002038B5114C4E
:104880000223C4F80433D4F8043163B92025EFF3CC
:10489000118085F31288BFF36F8F0DF0D2FCD4F82E
:1048A0000431002BF3D0074B074A02204FF400419C
:1048B000C3F80803C2F88011D3F80801B0FA80F0F9
:1048C000400938BD00F0004000E100E0034BD3F8A0
:1048D0000004003818BF0120704700BF00F00040FE
:1048E00030B51A4A1A4BD2F80455DFF86CC00446AA
:1048F0008E46681E00210325C3F80055C3F8044501
:10490000C3F808E5C3F81005C3F814C5C3F80011CF
:10491000D3F80001C3F80411D3F80401C3F8081157
:104920004020D3F80831C2F86005D2F800320948B7
:1049300043F04003C2F80032C2F828114FF40003DC
:10494000D2F82821C0F8043530BD00BF0010004067
:1049500000F0004000F00140F08B0020014BD3F844
:104960000004704700F0004010B4084A084C0949A0
:104970000023C2F828314FF40000D2F82821C4F8EF
:104980000035C1F8080510BC704700BF001000409A
:1049900000F0004000F0014038B5164BD3F8283144
:1049A0002BB3154C0123C4F80433D4F8003163B998
:1049B0002025EFF3118085F31288BFF36F8F0DF080
:1049C00040FCD4F80031002BF3D00B4B0B4A0120F4
:1049D0004FF40041C3F80803C2F88011D3F8042152
:1049E0002AB1D3F80801B0FA80F0400938BD0020A0
:1049F00038BD00BF0010004000F0004000E100E0C2
:104A00000139012905D80B200AB1E3F7D3BFE3F739
:104A1000DFBF08B5074A084908482D230BF0D7FF28
:104A2000002383F31188BFF36F8F0323184602DF3F
:104A300008BD00BFD0C5060094B20600B8B106009C
:104A400029B10139012905D80B20E3F7D5BF18207A
:104A5000E3F7D2BF08B5084A0849094841230BF0DB
:104A6000B6FF002383F31188BFF36F8F0322104634
:104A700002DF184608BD00BFD0C5060094B206008C
:104A8000B8B1060088420BD0012803D0022809D013
:104A900000207047A1F10200B0FA80F04009704791
:104AA00001207047A1F10100B0FA80F04009704781
:104AB000012908B508D0022906D059B90D4B4FF08D
:104AC0008072C3F8002108BD0A4B4FF40062C3F89E
:104AD000002108BD084A094909487B230BF077FFEC
:104AE000002383F31188BFF36F8F0323184602DF7F
:104AF00008BD00BF00E100E0D0C5060094B206008A
:104B0000B8B1060008B512F04FFE08BD032810B575
:104B1000044604D8124B1C5D9CB1204610BD114ABE
:104B20001149124829230BF052FF002383F3118807
:104B3000BFF36F8F0323184602DF094B1C5D002C67
:104B4000EBD1084A0A4909482C230BF040FF84F3B3
:104B50001188BFF36F8F0323184602DF204610BD74
:104B600004C8060020C6060070C60600B8B10600DC
:104B700090C60600013810B59C46042869D8DFE8C5
:104B800000F014221B29030004292CD0334A344995
:104B90003448B8230BF01BFF002383F31188BFF3C5
:104BA0006F8F0323184602DF10BD04292DD02B4A36
:104BB0002B492C484C23EDE704291DD0274A2849CE
:104BC00028487A23E6E7032928D0244A244925489F
:104BD0006323DFE7032933D0042928D01F4A204963
:104BE0002048A023D6E7204BC3F808C0BDE81040FA
:104BF00002210320EFF728BC1C4BC3F808C0BDE816
:104C0000104002210120EFF71FBC194BC3F808C068
:104C1000BDE8104002210020EFF716BC154B012122
:104C2000C3F808C0BDE810400846EFF70DBC124BB2
:104C30000221C3F808C0BDE810400846EFF704BCE5
:104C40000E4BC3F808C0BDE8104001210220EFF769
:104C5000FBBB024A02490348BE239BE720C606006D
:104C600094B20600B8B10600A0160020D0160020AD
:104C7000F0160020E0160020B0160020C01600201C
:104C800001460020FFF7AEB9124B30B401210446B3
:104C900000205960C3F80445C3F80001C3F80401BB
:104CA000196005E0D3F8042132B9D3F804251AB10C
:104CB000D3F80021002AF5D05960D3F80421002A46
:104CC000E7D1D3F80455002DE3D0C3F8042530BC58
:104CD000704700BF00E0004070B5174C0126D4F8C3
:104CE000045566600E20E3F773FED4F8040140B16A
:104CF0000021C4F80411D5E90E323046BDE87040F9
:104D00001847D4F8006146B1C4F80001D5E90E3265
:104D100005F12001BDE870401847084A08490948D4
:104D2000E4230BF054FE86F31188BFF36F8F032347
:104D3000184602DF70BD00BF00E00040A0C60600BC
:104D400094B20600B8B1060070B58CB00E46154698
:104D50000146102268461C46EFF7D2FA10220DEBEE
:104D600002003146EFF7CCFA6846FFF78DFF25B118
:104D7000102208A92846EFF7C3FA3CB10DF1200C28
:104D8000BCE80F0020606160A260E3600CB070BD01
:104D900030B5104D85B04FF0FF330F484FF0FF3264
:104DA00001A908F0D9F9034690B10C4A0C48012139
:104DB0000CF0EDFDEFE7236813B1019A934203D1A4
:104DC000D4E9013101A898470C34AC42F3D3E2E7AF
:104DD000044CFAE7E49106007C1B00204F470700D3
:104DE0001C9006009C910600F0B585B0DDE90C75BD
:104DF00001902E469DF828008DF808003D433C4662
:104E00008DF80910ADF80A20039311D1002426462D
:104E10000B482246334601A908F042F9041E0DDA78
:104E2000084A094802210CF0AAFD204605B0F0BD51
:104E300009F0CCF8054B9842EAD1E7E70024F4E703
:104E40007C1B0020644707001C900600A05B00202C
:104E5000054B1B7833B14FF0FF324FF0FF33043076
:104E600008F0DCB9704700BF6BA60020034B1B782D
:104E700013B1043008F048BA704700BF6BA6002099
:104E800073B545680669286812F037F948B9154ABC
:104E9000154801210CF073FD6FF01204204602B09A
:104EA00070BD286883681B689847041E06DA0F4A9D
:104EB0000D48234601210CF06AFDEFE7D5E90132E8
:104EC0001344A34208D90A4A0094074801210CF070
:104ED00067FD6FF01504E1E7301D12F059FA002468
:104EE000DCE700BF9647070084900600B147070043
:104EF000D347070007B501238DF807000DF107021E
:104F00000021024810F08BF803B000BDDC8A0600D7
:104F100000F07F03082B42B204D010F0780F01D0CC
:104F200000207047002A00F00F0300F0080004DAA8
:104F300030B9054800EB4310704718B90348F9E74A
:104F40000348704703487047BC8F0020DC90002066
:104F5000BC900020DC9100200149024812F09CBB6B
:104F6000988F0020205800200146014812F0DABA3C
:104F7000A41D002002480022002308F015BA00BF3B
:104F8000A41D002013B5124800F0AEFF114B98424B
:104F90001AD1114805F0B2F90024104805F0F0F9D3
:104FA0000F49104800944FF0FF334FF4806208F02F
:104FB00035FC0D490B4812F0FDFB0C480C4912F072
:104FC00041FB204602B010BD6FF00400FAE700BFBD
:104FD000695505000000AD0B5D6307004CC8060075
:104FE00080DB00202058002032480700988F0020E6
:104FF0006551050010B50E49BFF35B8F002351E8E2
:10500000002F012A03D141E800300028F7D1BFF377
:105010005B8F0CD151F8044C143920460CF0A2F8E7
:10502000783004D12046BDE810400CF077B810BDB0
:10503000908F002038B5002464F07F00C0B2FFF7E5
:1050400067FF013410F088F8082CF5D10E4D0024CC
:10505000E0B2FFF75DFF036903B90561013410F0A9
:105060007BF8082C05F14005F2D1084810F074F8DF
:10507000074BD3F87C2212B9064AC3F87C22BDE85C
:105080003840054810F068B800960020BC90002019
:10509000708F002000920020DC91002008B5FFF7FF
:1050A00069FF20B14168024812F0CEF8F7E708BD69
:1050B000081B002007B500231348002201A907F0B0
:1050C000C1FFE8B1114A1248012110F058F8FFF76A
:1050D000E5FF0D480022002301A907F0B3FF30B11E
:1050E0000C4A0B48012110F04AF800200AE0019810
:1050F000042340600374FFF737FFFFF72DFFF4E749
:105100000198406003B000BD081B00203D48070027
:10511000BC9006005B480700022810B5034611D872
:105120000C4A145CFFF7C6FF98B1002202740472A7
:10513000FFF71AFF084B93F8243053B1BDE8104035
:10514000FFF70ABF054A0648BDE8104001210CF0F0
:105150001EBC10BD5A630700708F002077480700FF
:10516000BC9006002DE9FF41A14C8046FFF702FFED
:10517000074610B904B0BDE8F08194F825203B7CC7
:105180003AB9002B00F0988079689A4812F05CF8E0
:10519000ECE7042B00F27681DFE813F08E000500C7
:1051A00013013E015F0118F8043C33B9BB685B7A18
:1051B000914A924801210CF0EAFB3B7BBD68032B2E
:1051C000E2D8DFE803F0023B61666E698C4B002297
:1051D00032607260D3F880143170D3F88414717027
:1051E000D3F88814D3F88C0441EA00217180D3F8F5
:1051F0009014D3F8940441EA0021B180D3F89814B4
:10520000D3F89C3441EA0323F3800823EB60306831
:1052100071687C4B03C311462B68687A984796F9EE
:105220000030002B06DBF38823B1A4F88C3201F0A8
:1052300091F9A9E70023A4F88C32A5E76B7F002B36
:10524000A2D02B7F002B9FD000264FF0FF326E485C
:105250006E774FF0FF332E770FF093FF6B6901935A
:105260006B68CDE9023601A9687A00F091FE674AC1
:105270009042034604D0664A604801210CF087FB47
:1052800061480FF080FF7FE72B680121687A98471B
:105290007AE7AB7A6BB9EB7F5BB95B484FF0FF32D3
:1052A0004FF0FF330FF06DFF01F05AF956480FF041
:1052B0006AFF2B680221E9E73B7A042B3FF664AFD3
:1052C000DFE803F05B032569750000F095FD0546F6
:1052D00000287FF459AF00F0CFFCBFF35B8F4D493E
:1052E000012351E8002FAA4203D141E800300028F1
:1052F000F7D1BFF35B8F7FF447AF41F8085C41F80B
:10530000105CE069636114390BF0BDFE3CE70025D9
:1053100065F07F00C0B2FFF7FBFD037A13B1407A5E
:1053200001F07EFA0135082DF2D194F854311BB109
:1053300094F8550101F074FA0025E8B2FFF7E8FD92
:10534000037A13B1407A01F06BFA0135082DF4D1DC
:1053500094F874321BB194F8750201F061FA0020E0
:1053600000F02EFD012384F825302368002B3FF444
:105370000BAF00210220984706E7002584F825504E
:1053800001F0B6F9FFF736FE2368002B3FF4FCAEC0
:1053900029460420EFE7002A3FF4F6AE00F036FD80
:1053A0002368002B3FF4F0AE00210520E3E72368DB
:1053B000002B3FF4E9AE002A3FF4E6AE00210620C0
:1053C000D9E74FF0FF334FF0FF3208F110000FF034
:1053D000D8FEFFF72FFE08F110000FF0D4FE58F8AA
:1053E000283C002B3FF4D0AE00210120C3E700BFD2
:1053F000708F0020081B002092480700BC90060018
:1054000000700240748F0020A88F00200000AD0BB8
:10541000B8480700908F002094F8743263B10125DA
:1054200084F8895284F88852FFF744FE60B9184A1C
:10543000184829460FF0A3FE58F8283C002B3FF4EB
:10544000A3AE00210A2096E7134A05740573826013
:10545000FFF78AFDFFF780FDEEE7104A0D480121B6
:105460000FF08DFE10F0F0FC01F042F900F0FAFBB5
:10547000FFF714FEFFF7DEFD10F0DFFC084800F038
:1054800033FD81E6074A034801210CF080FA7BE6F0
:10549000DE480700BC900600DC910020F2480700BF
:1054A000695505000949070073B581780646084625
:1054B000FFF72EFD0B06F47805461CD554B1032CDE
:1054C00006D0264A00912648234601210CF068FAAE
:1054D00002B070BDFFF7EEFD0028F9D00122AC77D5
:1054E0000274032202738560FFF73EFD02B0BDE83F
:1054F0007040FFF731BD4CB1012CE2D1FFF7DAFD6E
:105500000028E5D06C7704740473ECE7FFF7D2FD54
:105510000028DDD0B278134B12F0800F02F00801A2
:1055200010D039B1D3F8A836EB60012303740223FD
:105530000373D8E702F00F02142101FB0233D3F802
:105540000836F1E711B1D3F8A837EDE702F00F0202
:10555000142101FB0233D3F80837E5E7214907009E
:10556000BC90060000700240F0B514228BB00646D5
:1055700000210DEB020012F049FB3378013B052BB3
:105580001FD8DFE803F086031212771403238DF887
:105590001C300024FFF78EFD034690B10474DDE952
:1055A0000701C3E90201184625E00423EFE7B178BB
:1055B0000846FFF7ADFC837A054623B1013B022B79
:1055C00052D90BB0F0BD0B06F4781BD54CB1032CAF
:1055D000F7D0314A00913148234601210CF0E0F91F
:1055E000EFE7FFF767FD0028EBD00122AC770274EC
:1055F000032202738560FFF7B7FC0BB0BDE8F040F3
:10560000FFF7AABC4CB1012CE3D1FFF753FD0028F2
:10561000D7D06C7704740473ECE7FFF74BFD0446B6
:105620000028CED002230127037307748560B07869
:1056300005F10C010FF0F5FD034620B1184A17489B
:1056400039460CF0A4F9174AE968B2F88C328B425B
:1056500006D95B1AA2F88C3200F07CFF2046CAE71C
:105660000023A2F88C32F9E730460BB0BDE8F040D9
:10567000FFF71ABF03A800F04BFFBDF80C3023F072
:105680009F039BB2B3F5A06F9BD0074B07930124F8
:1056900080E702247EE700BF21490700BC90060096
:1056A0004D490700708F0020DC90002038B5144C65
:1056B00094F824500DBB04F1380011F069FE28461F
:1056C00001F07EFC2A460321E0612720E3F7A2F9DE
:1056D00010F0B3FBFFF7AEFC012384F82430094B34
:1056E0001B680BB1FFF738FC4FF08043D3F8383418
:1056F000DB0702D50020FFF70FFD002038BD00BFFB
:10570000708F0020A41D0020074B93F824203AB18D
:1057100093F82530002B0CBF6FF01200002070476B
:105720006FF01200704700BF708F002008B502783C
:10573000017902F00F0341B9B3B10E4A01210E48BD
:105740000FF01DFD4FF0FF3008BD082B01D90B4AAB
:10575000F4E7012902F0080003D128B9084A022120
:10576000EDE718B1074AFAE70020EDE700F0FF0087
:10577000EAE700BF6D490700BC9006008C490700AE
:10578000AB490700C149070010B5124B93F824300C
:105790000146E3B104782046FFF7BAFB80B14472BA
:1057A0000B7983724B8843600878498803070AD4D1
:1057B0004B1E0B4207D0084A084801210FF0DFFCBE
:1057C0006FF0150010BD0FF027FD0020FAE76FF015
:1057D0001200F7E7708F0020DE490700BC9006003A
:1057E00038B5154B93F8242005460AB393F82530B5
:1057F000F3B1FFF78DFB044610B96FF0150038BD0B
:10580000817A01290FD007D90239012907D96369A3
:10581000A3610020E060F2E700F0A8FEF7E7284669
:1058200000F04AFEF3E7054A05480FF0A8FCE4E75C
:105830006FF01200E3E700BF708F0020064A0700F8
:10584000BC90060038B50E4B93F82420054682B173
:1058500093F825306BB1FFF75BFB68B115F00804D6
:105860000AD1284600F04AFE284601F011F82046E9
:1058700038BD6FF01200FBE76FF01500F8E700BFCE
:10588000708F002038B50C4B93F8242005460C4649
:1058900062B193F825304BB1FFF73AFB48B141B103
:1058A000284600F011FE2070002038BD6FF0120075
:1058B000FBE76FF01500F8E7708F002070B5134E0E
:1058C00096F824300446C3B1FFF722FB0546B8B171
:1058D000230705D4204600F011FE204600F0D8FF33
:1058E0002B7A83B901232B7296F825300BB900204F
:1058F00070BD204600F094FFF9E76FF01200F7E763
:105900006FF01500F4E76FF07700F1E7708F00207B
:105910002DE9F043394E1F4696F8243085B0804675
:1059200089461546002B66D096F82530002B62D0AC
:1059300010F0800F0BD0FFF7EBFA044638B1037A72
:105940005BB92F4A2F48434601210CF020F86FF035
:105950001504204605B0BDE8F0834FF0FF334FF04B
:10596000FF3206F138000FF00CFCA37F33B106F1D3
:1059700038000FF008FC6FF00A04EAE715B9E37F7E
:1059800003B1E577A37AB3B955B173899D4207D2C4
:105990006268B5FBF2F302FB13530BB90123E37703
:1059A00000F0EAFD804506D000F0DAFD16480FF061
:1059B000EAFB0024CDE70123A377002601A9404696
:1059C000CDE90195039600F0E3FA104A90420346B0
:1059D0000DD0A67707B13E600D4A0A4801210BF0B1
:1059E000D6FF6FF0040408480FF0CDFBB1E707B114
:1059F0003D600024F7E76FF01204AAE7708F0020E3
:105A0000284A0700BC900600A88F00200000AD0BBC
:105A1000474A07002DE9F0411E46244B144693F8EF
:105A2000242080460F46002A3CD093F82530002BD6
:105A300038D010F0800F0ED101B964B94046FFF79D
:105A400067FA054638B1037A43B9194A19484346FB
:105A500001210BF09CFF6FF015000FE04FF0FF33BA
:105A600015484FF0FF320FF08CFBEB6847B93CB99B
:105A700006B1336010480FF086FB0020BDE8F081CE
:105A80009C4228BF1C46A9692246384612F097F866
:105A9000AB692344AB61EB681B1BEB60002EE9D0C4
:105AA0003460E7E76FF01200E8E700BF708F002076
:105AB000284A0700BC900600A88F002070B5224D30
:105AC00095F824300146002B3AD095F82530002B6C
:105AD00036D003060BD4FFF71BFA044638B1037A1D
:105AE00043B91A4A1A480B4601210BF050FF6FF0D8
:105AF000150070BD4FF0FF334FF0FF3205F1380055
:105B00000FF03FFBE368B3B9012663692677A36111
:105B1000637F83B1FFF7CEFA30B905F138000FF09B
:105B200032FB6FF00B00E4E7067484600673FFF746
:105B30001BFAFFF711FA07480FF025FB0020D8E702
:105B40006FF01200D5E700BF708F0020284A0700D1
:105B5000BC900600A88F002008B5084B93F82430AD
:105B60002BB1FFF7D5F928B10160002008BD6FF017
:105B70001200FBE76FF01500F8E700BF708F002000
:105B8000014B1860704700BF708F002008B5074BAD
:105B900093F8243023B1FFF7BBF920B1406808BD6A
:105BA0006FF01200FBE76FF01500F8E7708F002030
:105BB000064B10F0800F03F1D80218BF134600F017
:105BC0000F00182202FB0030704700BF40980020F1
:105BD000EFF31180202383F31288BFF36F8F0A4BFA
:105BE000D3F8001C032261B949F27531C3F8001CD7
:105BF000C3F8142DC3F8001C80F31188BFF36F8F16
:105C00007047C3F8142DF7E700E00640EFF311806A
:105C1000202383F31288BFF36F8F0A4BD3F8001C45
:105C200061B949F27532C3F8002CC3F8141DC3F8EA
:105C3000002C80F31188BFF36F8F70470022C3F8E8
:105C4000142DF6E700E006404FF08053D3F83031D2
:105C5000082B02BF024B0022C3F81C2C704700BF68
:105C600000700240024A00231360024A137070471A
:105C7000F899002044A6002008B54A4B4FF4006272
:105C8000C3F800240FF0B2FA08B1FFF7A1FF4FF0FC
:105C90008053D3F83031082B18D1EFF31180202333
:105CA00083F31288BFF36F8F3F4BD3F8001CC022E1
:105CB00000296ED149F27531C3F8001CC3F8142CC9
:105CC000C3F8001C80F31188BFF36F8F354B01229E
:105CD000C3F80025D3F800241205FBD54FF4006269
:105CE000C3F800244FF08053D3F83031082B17D17C
:105CF000EFF31180202383F31288BFF36F8F2A4BB9
:105D0000D3F8001C002947D149F27532C3F8002CA2
:105D1000C3F8141CC3F8002C80F31188BFF36F8FF5
:105D20000FF064FA30B1FFF771FF0FF05FFA08B1BE
:105D3000FFF74EFF4FF08053D3F83031082B194B4B
:105D40000AD140F2E372C3F800284022C3F80428C5
:105D5000BFF36F8FBFF34F8F8022C3F81C25012242
:105D6000C3F83025114B40F2FF121A60104B00218E
:105D70001960104B1970FFF767FF0F4B19700F4B2D
:105D800002221A700FF032FA50B1BDE80840FFF756
:105D90003DBFC3F8142C95E70022C3F8142CBBE7D1
:105DA00008BD00BF0070024000E00640F4990020EA
:105DB000F099002040A6002042A6002044A6002022
:105DC000094B002210B51A70084A094B094C0028EB
:105DD00008BF1346C4F800332720E2F7EBFD012388
:105DE000C4F8043510BD00BF43A60020FDFFDF014D
:105DF000FDFFFF0100700240034B1878012894BF9B
:105E000000200120704700BF44A6002010B54FF0CD
:105E1000FF324FF0FF33154807F030FBEFF31181ED
:105E2000202383F31288BFF36F8F114B1B7803F08D
:105E3000FF0483B10F4BD3F8002412F400720AD18F
:105E40000120C3F82C05D3F82C05D3F800048005F5
:105E500002D5C3F82C25002481F31188BFF36F8F7E
:105E6000024807F0D1FA204610BD00BF141D0020E3
:105E700043A600200070024010B5EFF311842023E8
:105E800083F31288BFF36F8F144B1B7803F0FF006E
:105E9000CBB1134AD2F82C35EBB10023C2F82C3524
:105EA0004FF08053D3F83031082B0CD10D4BD3F881
:105EB000001CC02261B949F27531C3F8001CC3F857
:105EC000142CC3F8001C84F31188BFF36F8F10BD2E
:105ED000C3F8142CF7E71846F5E700BF43A60020E7
:105EE0000070024000E00640F8B51B4B1C7884BBF4
:105EF0001A4A106001221A7040F2FF17264614F069
:105F0000080F64F07F0514BF39464021E8B20FF056
:105F100083F9E8B2FFF74CFE0134092C867506734D
:105F20000661ECD1002440F2FF17254614F0080F5B
:105F300014BF39464021E0B20FF06EF9E0B2FFF72E
:105F400037FE0134092C857505730561EED10448CF
:105F5000F8BD0448FCE700BF44A60020F8990020E3
:105F60000000AD0B0500AD0B084B10F0800F00F0EA
:105F70000F0114BFD3F81025D3F8142501238B404B
:105F8000134214BF01200020704700BF0070024080
:105F90002DE9F8430246EFF31187202383F312889B
:105FA000BFF36F8F03072DD010460FF02DF9194B5B
:105FB000DFF878801B88D8F8006083F47F434FF0C7
:105FC000010983F0FF0309FA00F5334313EA0504DE
:105FD0001ED11046FFF7ECFD80F80C90034607C970
:105FE0001C6183E807009C750B4B0C482E438022F4
:105FF000C8F80060C3F8042187F31188BFF36F8FDE
:10600000BDE8F883064B1B788342CDD00548F3E703
:106010000548F1E7F499002000E100E00000AD0B35
:1060200042A600200A00AD0B0B00AD0BF09900203A
:1060300010F0080F074B06D0D3F8C00410F4803FCF
:1060400018BF0020704700F00F0000F5947053F85F
:1060500020007047007002402DE9F74F544BDFF8E5
:106060007881D3F85421EAB10022C3F85421D3F83F
:1060700004138F0216D5ADF80420D3F82025ADF80F
:106080000620D3F8C034002BD8F8003014BF4FF0EE
:1060900001224FF480721343C8F80030454B01A829
:1060A0001B689847424BD3F8604134B10022C3F8D3
:1060B0006021D3F86C44C3F86C44D3F828214AB16A
:1060C0000022C3F828213C4B18780FF09DF80123DB
:1060D00083401C43DFF8049199F8005099F900605F
:1060E00015F0080005F00F0235D1002EB4BF334B78
:1060F000334B03EB82031968324F39B30021196027
:106100002B4B78BB142101FB02338642B4BFD3F87A
:106110000836D3F808372C4A117803F001034B40B6
:106120001370FFF791FD294807F06EF92846FFF735
:106130003FFD837D032B1CD128460FF065F801231A
:1061400003FA00F03B6823EA00033B60DFF864A039
:106150000125062665E01E4B1E4933EA260328BFAB
:106160000B46C8E7002EB4BFD3F8A836D3F8A8373B
:10617000D1E7037BB3B928460FF046F8012303FAB1
:1061800000F03B68002E23EA00033B6001DA882D13
:10619000DCD106230193074B8DF806501B6801A83C
:1061A0009847D3E7002DD1D1014B0122DA64CDE726
:1061B00000700240F899002042A6002008710240B9
:1061C00030710240F099002040A60020141D0020EC
:1061D000507102402C710240F499002041A6002029
:1061E00094FAA4F3B3FA83F30F2BD8F80010CCBFC2
:1061F000A3F1100263F07F0205FA03F31943C8F814
:1062000000103968002A24EA030403EA010380F23B
:106210008E8033B901968DF80620DAF8003001A897
:106220009847002CDCD19E4BD3F800215AB1C3F81B
:1062300000419C4B1C709C4B1C70012301939B4B99
:1062400001A81B689847964BD3F85821002A2ED0F6
:106250000022C3F85821D3F80044C3F80044E605EF
:1062600008D5904B01221A70022301938F4B01A88D
:106270001B689847A50508D58A4B00221A7003238E
:1062800001938A4B01A81B68984760050FD5854B81
:106290001A7862B100221A70814B0122C3F80825D6
:1062A0009A6504230193814B01A81B6898477C4B96
:1062B000D3F85C3113B37E4B9B681BB999F800305F
:1062C00059061BD0764B0022C3F85C21D3F88034EA
:1062D000754A23F07F0313703B6823F001133B6082
:1062E000D8F8003023F4803343F00103C8F80030BD
:1062F000052301936D4B01A81B6898473A68D8F8AD
:1063000000301A4200F0B58069480022002307F0EF
:10631000B5F8002840F0AD80614BD3F82C35002B48
:1063200036D0634803B0BDE8F04F07F06DB8002BDE
:106330007FF477AFADF804608DF806208DF8075034
:106340006BE7003B5DE02046FFF772FED5E90013E6
:106350009842AA8A00F29F8047181B1A2F606B6030
:10636000074682424FD000232B734EE00123B340F7
:106370002BEA030302223B600623AA75ADF8043022
:106380004A4B8DF806401B688DF8072001A89847F6
:10639000D7F800B0D8F800601BEA0606C1D016F0A6
:1063A000012318BF1E4696FAA6F6B6FA86F60F2EF9
:1063B000C6BFA6F11004E4B246F080042046FFF701
:1063C000F7FB4FFA84FABAF1000F0546BBDA4368CF
:1063D000878A01689F4228BF1F4601F06043B3F1DE
:1063E000005F04D033483A4611F0E9FB31492A688E
:1063F0006B683A442A60AA68DB1BD2076B60A0D5A1
:106400003B1E18BF0123002BADD04FF0805301205D
:10641000D3F83031082B02BF214B8222C3F81C2C49
:10642000D8F8003089F8004000FA06F623EA06039F
:10643000C8F800302B6914F0080F3B442B61184B4F
:106440001AD1BAF1000F04F00F044FF0140202FB4E
:106450000432A9BF0A3403EB8403C2F80017C2F860
:106460000477AFBF43F82400C2F80016C2F80476E0
:10647000586003B0BDE8F08FBAF1000FB5BFC3F8A4
:10648000A016C3F8A017C3F8A476C3F8A477B4BFC6
:1064900058629864EDE700297FF468AF0F4660E723
:1064A0000070024043A6002042A60020F899002078
:1064B000141D002000980020024B40F48070C3F8A7
:1064C0001805704700700240030713D400F00F0353
:1064D00010F0800F084A0BBF03F5887303F584732F
:1064E00002EB830252F8230008BF5068003818BF3F
:1064F000012070470020704700700240034BC3F832
:106500000C0540F48070C3F80C0570470070024021
:106510000023036043600E4BD3F880240270D3F84D
:1065200084244270D3F88824D3F88C1442EA0122E0
:106530004280D3F89024D3F8941442EA0122828056
:10654000D3F89824D3F89C3442EA0323C3807047DD
:1065500000700240014B0122DA6470470070024073
:10656000014B01221A65704700700240014B012265
:106570005A65704700700240014B1878704700BFA1
:1065800042A6002010B50246EFF31184202383F3C6
:106590001288BFF36F8F0EF037FE0B49012303FA09
:1065A00000F00B6823EA00030B6012F0080101BF42
:1065B00002F00F02054B02F5947243F8221084F3A7
:1065C0001188BFF36F8F10BDF49900200070024056
:1065D000F7B50146EFF31184202383F31288BFF34C
:1065E0006F8FFFF7E5FA054608460EF00DFE012312
:1065F00011F0800F2E4E03FA00F018D1336830EA04
:1066000003020AD00846FFF7BDFF0323AB7584F3EE
:106610001188BFF36F8F03B0F0BD2A73254A23EAB8
:1066200000033360136823EA00031360EDE70B07F0
:1066300015D48029204B2FD001F00F0202F2DA325C
:106640005200C3F80028D3F80428D3F8047842F0A5
:106650000202D2B23A43C3F80428D3F80438154FE3
:1066600032683B6862EA030C1CEA000FCFD0034398
:106670003B6000232B73032322EA0002AB758DF8E5
:1066800007300E4B326006221B68ADF804208DF8EF
:10669000061001A89847BAE740F2B472C3F8002880
:1066A000D3F80428D3F8047842F00402D1E700BFFD
:1066B000F0990020F499002000700240F899002021
:1066C00010B504464FF0FF324FF0FF33064806F096
:1066D000D5FE2046FFF77CFF034806F095FE034BEE
:1066E0008022C3F8042110BD141D002000E100E049
:1066F000F8B54FF0FF324FF0FF332A4806F0BEFEE8
:10670000294B8022C3F884212720E2F775F998B13C
:10671000264E274B34681B686FF30F041C43012778
:1067200064BB244D40F2FF1333602720C5F80445B5
:10673000E2F74EF9C5F800431F4A13788BB11D4BA1
:106740000021C3F808110121C3F80026C3F804167C
:106750005960D3F808110029FBD00021C3F80811B3
:106760001170144B0022C3F80025FFF76DFA0D4895
:1067700006F04AFE114B01221A70F8BD94FAA4F5F6
:10678000B5FA85F50F2DC6BFA5F11000C0B245F0D2
:106790008000030701D4FFF71BFF07FA05F524EA81
:1067A0000504BDE7141D002000E100E0F49900207D
:1067B000F09900200070024040A6002044A600206E
:1067C00010B504464FF0FF324FF0FF33114806F08A
:1067D00055FE2046FFF7FCFE04F00F0301229A400D
:1067E0000D4B14F0800F15BFD3F81015D3F8141506
:1067F00021EA020221EA020214BFC3F81025C3F8FD
:106800001425044806F000FE044B8022C3F804213E
:1068100010BD00BF141D00200070024000E100E028
:1068200070B50446FFF7A0FB68B904F00F0201251C
:1068300014F0800F144B05FA02F205D0D3F81015AE
:106840000A43C3F8102570BDD3F814150A43C3F8E2
:106850001425631E062BF6D8EFF31186202383F34D
:106860001288BFF36F8F2046FFF78CFE20460EF094
:10687000CBFC064A1368854023EA0503136086F3C0
:106880001188BFF36F8FDEE700700240F09900209F
:10689000030610B5044605D4FFF716FE10B12046D6
:1068A000FFF770FE014BC3F8184510BD00700240A1
:1068B00014280ED8084A12F8103053B102EB4002E7
:1068C000527832B108684343002093FBF2F30B6027
:1068D00070476FF0150070475E63070021B1012912
:1068E00002D06FF085007047024B0020C3F80015FE
:1068F000704700BF00700040054B0122C3F800251F
:1069000090F8861009B1DA6070471A605A607047D3
:10691000007000402DE9F0410B790F7903F01F035F
:10692000072B20D80C780C2C18D8DFE804F00808C6
:10693000081707170F1717111317150003244A78A4
:10694000032A14D0042A20D0444A08E00424F6E79D
:106950000524F4E70624F2E70724F0E7404A41481B
:1069600001210BF00CF86FF01500BDE8F08101205B
:106970004A8844F20A05AA425AD843F6FE75AA424A
:1069800005D8002A62D0384AE9E70020F0E7A2F5EE
:106990007F523F3A0B2AF6D801A555F822F000BFE6
:1069A000596A050087690500876905008769050040
:1069B000D169050087690500516A050087690500EE
:1069C0008769050087690500876905004D6A05002C
:1069D0000022DFF898C08E799CF8A8E04FF00108FB
:1069E00008FA03F517F02007EDB214BF2EEA0505EB
:1069F00045EA0E054FEA00308CF8A85040EA042022
:106A00009C444FEA031340EA024003F1804202F53E
:106A1000E04218BF474649798CF8A01040EA075079
:106A2000C2F818050020C2F81005C2F814659CE7EA
:106A300044F21405AA420DD044F22805AA420BD014
:106A400044F20F05AA429ED10322C2E70222C0E708
:106A50000122BEE70422BCE70522BAE7984A0700F4
:106A6000794A07002C8F0600BC4A0700300E002030
:106A7000F7B50D464FF0FF3366484FF0FF3206F092
:106A8000FDFC6E68731EFE2B05D9634A6348012125
:106A90000AF075FF12E000236148624F1A4626FA99
:106AA00003F111F0010134D017F803C0BCF1000F5D
:106AB0000CD15D4A594801210AF069FF6FF01504B5
:106AC000544806F0A1FC204603B0F0BD00EB031EC5
:106AD0006C7CDEF81815003C18BF012421F0807191
:106AE00041EA0461CEF8181503F1510109010132A0
:106AF00040F801C0D2B20133082BD0D12B7CA3F1D6
:106B0000080106291ED8DFE801F01F1D211D111DF7
:106B10001B0000EB031CDCF8184524F08074CCF853
:106B2000184503F1510424010151E4E702233C49D3
:106B3000012AC1F8F0356B7C0AD95BB13B4AA5E765
:106B40000323F4E73A4AB5E70023F0E70123EEE731
:106B5000082B10D8C1F8F4352B6851006BB9EB68DD
:106B60008B420ED2334A00912C4801210AF018FFC3
:106B70006FF00B04A4E7304A9CE79B8903FB0111EB
:106B8000EDE7274BA968C3F82C162F46C3F830262B
:106B90000FCF2A4C04F174060FC63B683360002601
:106BA00026672B6827468BB30FCB04F1880585E851
:106BB0000F006567A4F8986040B3BFF35B8F57E898
:106BC000003F47E80062002AF9D1BFF35B8F1C4801
:106BD000D4F888501B4A31464FF400460023E5FBA9
:106BE0000601D0F733FF0022CDE90001002304F1B4
:106BF000080007F0C7FC14484FF0FF324FF0FF3396
:106C000006F03CFC00B12067246F59E70B48FFF702
:106C100073FEF0E7700E0020E74A07002C8F060095
:106C200000700040D00E0020054B0700444B0700C9
:106C30001F4B0700994B0700764B0700300E0020D2
:106C40003F420F0040420F00880E002038B5114B24
:106C50000024C3F80441D3F80421C3F81041D3F849
:106C600010211222C3F8042305460720E1F7A2FEF3
:106C7000224603210720E1F7CDFE0748836C13B9B4
:106C8000403006F0C1FB28460449BDE838400AF010
:106C900093BF00BF00700040300E0020DD6805008B
:106CA000F8B53C4BD3F80421002A66D00021C3F884
:106CB0000411D3F80421384C01229A60C3F800155E
:106CC000A66F94F8A8703742254606D1636FC3B902
:106CD0003248BDE8F84006F097BBD3F82C16F6B260
:106CE00013461E4208D01F4205D0B1F90020002AE9
:106CF000BCBF00220A8002315B009BB29F42F0D2EF
:106D0000E4E7D4F88C303BB1B4F898202449984794
:106D1000012814D0022828D0B4F89830B4F8942070
:106D20009A4222D90133A4F898301A4BD3F82C2672
:106D3000D3F8341689B202EB4102C3F82C26D4F8FA
:106D4000883023B9BDE8F8401348FFF7D5BDBFF33D
:106D50005B8F55E8003F5A1E45E800210029F8D115
:106D6000BFF35B8F012BEDDCF8BDD4F88830002B2E
:106D7000AED00C4810F09EFEAAE7D3F810110029FF
:106D8000F2D0C3F81021D3F8102101229A601A60C2
:106D90005A60E9E700700040300E0020880E0020A5
:106DA000A40E0020380E0020084B70B5C31A0D4603
:106DB00007499B1004465943064840220EF069FAE1
:106DC0002B4601462046BDE870401847109A002027
:106DD000B76DDBB66487060037B50C460B490C4A25
:106DE000411A05460B4840238910414300930A4845
:106DF00023460EF07AFA014628B12846234603B00E
:106E0000BDE83040184703B030BD00BF109A0020E5
:106E100055530600B76DDBB664870600002270B5D7
:106E2000032104461046E1F7F5FD0F4802F090FDFE
:106E30000E4B984215D102F09BFD26690C49304655
:106E40000AF00EF900280BDB012535642469084996
:106E500004F11C000AF004F9002801DBE5640020BD
:106E600070BD6FF00400FBE7A56F05000000AD0BDF
:106E700050C8060010B5002286B00123CDE90223D8
:106E800004ABCDE90433084ACDF800D06B46CDF809
:106E900004D00EF058FA28B94FF480420023684617
:106EA00006F0ECFA06B010BD7353060010B5EFF310
:106EB0001184202383F31288BFF36F8F074A13686E
:106EC00023F00201DB07116002D401200EF01CFF49
:106ED00084F31188BFF36F8F10BD00BF609A00204C
:106EE00030B4104B0C2202FB003301460020D3E9E2
:106EF0000E529863EFF31180202484F31288BFF3BD
:106F00006F8F1C6C04F0C00444F002041C6480F316
:106F10001188BFF36F8F1DB12B46034830BC184753
:106F200030BC7047109A00206487060010B4EFF35D
:106F30001180202282F31288BFF36F8F17490B68EC
:106F400043F0020413F001030C601AD04FF08043A9
:106F5000D3F80C14D3F80C3413F0010311D0EFF371
:106F6000118182F31288BFF36F8F0D4A136C03F007
:106F7000C00343F00203136481F31188BFF36F8FE2
:106F8000012380F31188BFF36F8F1BB110BC002069
:106F9000FFF7A6BF10BC012002F002BD609A0020DE
:106FA000109A002010B1012804D07047034B1B6CCD
:106FB0005B0701D1FFF794BF704700BF109A002014
:106FC000024AC3B21C2000FB03207047109A002025
:106FD000094BBFF35B8F53E8002F42F0010143E8F8
:106FE00000100028F7D1BFF35B8F930702D4012074
:106FF00002F0D6BC704700BF609A002010B5EFF3D6
:107000001184202383F31288BFF36F8F074A13681C
:1070100023F001019B07116002D401200EF074FEE1
:1070200084F31188BFF36F8F10BD00BF609A0020FA
:107030002DE9F0413849BFF35B8F8046012251E8CA
:10704000003F41E800200028F9D1BFF35B8F33B93E
:10705000324933484B60CB608A600AF014F808F17B
:10706000FF33012B56D8B8F1010F07D14FF0804301
:10707000D3F81C3403F00303012B4BD010F094FB26
:10708000054610B9274B1B785BB9EFF31186202317
:1070900083F31288BFF36F8F0125234F4FF0804495
:1070A00023E04FF080430222C3F808230646F4E7AA
:1070B0000021212010F02FFC07E0B8F1010F1ED0B5
:1070C000002DF5D030460BF0BCF8D4F8183563B974
:1070D000D4F804214AB1C4F80431D4F804310123AE
:1070E000C4F81835C7F88031A360D4F81824D4F850
:1070F0001834D20303F00303E2D5012BDDD12DB9FF
:107100004FF080430222C3F8042303E086F3118882
:10711000BFF36F8FBDE8F0810C9A0020FC9900202E
:107120002C9A00206BA6002000E100E008B507487B
:107130000FF0E3FF38B10648E1F7FEFE0448DEF742
:1071400019FB002008BD6FF01200FBE7AC870600BA
:10715000557105000A2838B5074D044604D1AB68BF
:107160000D21DB6928469847AB680348DB69E1B22B
:107170009847204638BD00BFAC870600EFF3118268
:10718000202383F31288BFF36F8F0A4BD3F80011CB
:1071900061B10021D3F80805C3F80011D3F800311C
:1071A000C0B282F31188BFF36F8F70476FF00A008F
:1071B000F7E700BF00D00040F0B58378C678EFF362
:1071C000118E202484F31288BFF36F8F057890F816
:1071D00001C05B1B33409A4288BF9AB2AF18374058
:1071E0002C4607708EF31188BFF36F8F8F188F4274
:1071F00019D165450CD1EFF31181202484F3128855
:10720000BFF36F8F0478447081F31188BFF36F8FE1
:1072100000799B1A984228BF074B91B224BF0122E4
:107220001A600846F0BD00EB040E01349EF805E03C
:1072300001F801EB3440DAE700D00040DB432DE9F0
:10724000F04713F001050F46144604D02448FFF719
:10725000B3FFBDE8F087B2B3EFF31186202383F3C9
:107260001288BFF36F8F0D20E1F7C6FB80460D201B
:10727000E1F7AEFB86F31188BFF36F8FDFF868A0EC
:10728000184ECAF80051DAF800314FF400590123C2
:10729000CAF800302546C6F88091DAF80031A3B16B
:1072A000FFF76CFF0028A4BF05F1FF35ADB2C6F8AB
:1072B0008091A8BF7855002DEFD1B8F1000F02D012
:1072C0000D20E1F777FB2046C3E7EFF31180202381
:1072D00083F31288BFF36F8F0AF0B3FFDDE700BFBF
:1072E000949A002000E100E000D0004070B50D4607
:1072F00014460CB9204670BD4FF0FF334FF0FF32FB
:107300000C4806F0BBF8224629460B48FFF754FF0D
:107310000646084806F078F83EB94FF0FF324FF0C5
:10732000FF33064806F0AAF8E6E7A41BA4B23544EA
:10733000DFE700BF649A0020A99A00207C9A002011
:1073400038B501221146194810F003F9174D0122F2
:10735000002105F1180010F0FCF840F20743A5F8F1
:1073600048304FF070632B630C2385F834300024D1
:107370000F4B85F84540A5F84640D3F8042542F068
:107380000102C3F80425C3F80041D3F8002101220B
:10739000C3F8042303211A600D202246E1F73AFBCB
:1073A0000D20E1F707FB204638BD00BF649A00209E
:1073B00000D0004010B5FFF7E1FE00281FDB164BA0
:1073C00093F8322093F8314093F83310141B31EACC
:1073D00004040DD193F8472093F8464093F84810E1
:1073E000141B31EA04040BD10C4B01225A600EE04D
:1073F0009C180132114084F8350083F8321010BD1A
:107400009C180132114084F84A0083F84710044860
:10741000BDE8104005F0F8BF649A002000D000409D
:107420007C9A002000F1744000F5A6000A289ABF5B
:10743000024B33F910006FF00F007047F4D60600CE
:10744000024B0B6001231360704700BF00C90600A8
:107450000048704774C80600054B994206D14FF0AA
:10746000FF324FF0FF33183006F008B8704700BF06
:107470000000AD0B30B50D46416885B0B9B1D1E91A
:1074800000138468ACB1D4E900249CB193B19C4250
:1074900009D15C1C092C03780FD9124A12480094B8
:1074A00002210AF07DFA6FF0150005B030BD0B46E1
:1074B000E7E7224601331C44ECE78DF8083040F240
:1074C0000113ADF80A3002A800238DF809408DF8A9
:1074D0000C308DF80D5003F011FA05B0BDE83040C6
:1074E000FFF7A0BF224C0700749006002DE9F04F73
:1074F0004FF0000B85B0CDE901BB334CCDF80CB09B
:10750000AB238DF80430D4F824355FFA83FAD4F82D
:1075100028355FFA83F9D4F83035D4F83475D4F8C7
:107520003865D4F83C555FFA83F84FF0FF33C4F860
:1075300024350120C4F82835C4F83035C4F8343572
:10754000C4F83835C4F83C3503F08AFABAF1FF0FB5
:1075500008BF4FF0FF3AB9F1FF0FFFB208BF4FF07D
:10756000FF39B8F1FF0FF6B208BF4FF0FF38FF2F19
:10757000EDB208BF4FF0FF37144BC4F824A5FF2E1F
:1075800008BF4FF0FF36FF2D08BF4FF0FF35984280
:10759000C4F82895C4F83085C4F83475C4F8386543
:1075A000C4F83C550CD1594601A8FFF763FF0446C7
:1075B00010B908200FF09CFD204605B0BDE8F08F03
:1075C0006FF00404F8E700BF009002400000AD0B2C
:1075D000F0B585B005460C460AF08EFA074600283D
:1075E00043D128690DF04DFF4CB1012C25D06FF02F
:1075F0008504286905F008FF204605B0F0BD6E68D7
:1076000003F0D2F91A4B984229D1B923214601A897
:10761000CDE9014403948DF80430FFF72BFF0446B5
:107620000028E6D103200FF063FD03F0DDF9706B55
:1076300001210DF017FF0446DBE76E683946706BD9
:107640000DF010FF041ED4DB2A690A49304603F00E
:1076500031F9074B984205D1FFF748FFEBE76FF090
:107660000F04C6E76FF00404C3E76FF00F04C3E72D
:107670000000AD0B595406002DE9F04788B043686F
:1076800000AF80460021586B0DF0ECFE041E59DB64
:10769000002203212920E1F7BDF9D8F80450D8F8D9
:1076A00010206149284603F005F9FFF7BBFE0446A8
:1076B000002842D1FFF71AFF044600283DD14FF0C1
:1076C000030AC7E904A0B8619F23014607F108092E
:1076D00007F10C0607F11400C7F80C903B75FE612A
:1076E000FFF7C8FE044640BB5246494605F130004C
:1076F00010F036FC58B395F8301095F8312095F815
:10770000323097F808C07E7AB87A6D468CB0DFF8D0
:107710003CE10B93CDE909126A460823CDE905EC5B
:10772000CDE9076042F8103F4048234644F240014B
:10773000DEF77CFE6FF01204AD4603F0AFF908B13E
:1077400003F09AF920462037BD46BDE8F087D8F807
:107750000420537F023BDBB2012B13D9157F023D7E
:10776000EDB2022D8CBF0025012502200DF0C9FECF
:10777000041EA84608DA2E4A2C48234601210AF0A6
:1077800006F9DAE70125F0E7E3B2C4F34004AC42BE
:1077900001D10024D1E783F0020300250120BD8040
:1077A0007B710DF0AEFE041E21DA224A1F482346EB
:1077B00001210AF0ECF8204A204B6D46B8F1000F89
:1077C00018BF13468AB01E4A0794CDE905234FF42B
:1077D00000736A46ADF820301A4B42F8103F134848
:1077E00000234FF41151DEF721FEAD46A5E73B1D06
:1077F000FB600121022307F11400C7E904353C7145
:10780000FD613975BE61FFF735FE04460028D2D10F
:107810000D4D01200DF075FE00EA0503012B044615
:10782000F7D00028B5DAC6E7595406007490060070
:107830007D4C07008D4C0700CF360700454C0700F4
:10784000A64C070004000001010000804B4C07001B
:107850002DE9F04F814687B088461C46164682B116
:10786000002B00F09180002904DB4268D26A0B44AF
:1078700093420BD9454A46480094434601210AF0F9
:107880008FF86FF0150007B0BDE8F08FC8F1000564
:1078900005F003050DF0FBFDA54228BF2546734208
:1078A00003F0030306F0030B58BFC3F1000BCBF149
:1078B000000B0BF0030BA34528BFA346631BA4EBEF
:1078C0000B0424F0030423F00307A742C8BF274694
:1078D00003F0030AC8BFA3EB040AC7B106EB0B030E
:1078E00008EB05023946184603930EF0C1FA044628
:1078F0000146D9F81000FFF7AFFD264A944238D16F
:107900005D4504D003993A46701910F066F9BDB18F
:10791000C5F1040BA8EB0B02042104A80EF0A8FA91
:1079200004460146D9F81000FFF796FD194A944223
:1079300004AB1ED12A4603EB0B01304610F03FF991
:10794000BAF1000F1ED008EB05023A44082104A842
:107950000EF08EFA04460146D9F81000FFF77CFDC0
:107960000C4B9C4205D17819524604A9304410F0C2
:1079700026F948460DF0A7FD204607B0BDE8F04FB8
:10798000FFF750BD034CF4E718467CE7B74C0700FF
:10799000749006000000AD0B2DE9FF4707460E4628
:1079A0001D469046AAB1A3B1042B01D9AB0710D153
:1079B00016F003040DD1002E04DB7A68D26AAB19ED
:1079C00093420BD9364A374800953346012109F0D6
:1079D000E7FF6FF0150004B0BDE8F08738460DF002
:1079E00056FD20460DF0A9FD002855D1032D1CD8C9
:1079F0003246042103A80EF03BFA044601463869DA
:107A0000FFF72AFD284B9C4232D12A46414603A863
:107A100010F0D5F83246042103A80EF026FA0446E9
:107A200001463869FFF718FD22E0204B08EA0303FE
:107A3000B3F1005F2CD0DFF870A0042DA94628BF59
:107A40004FF004094A46414603A810F0B8F8324600
:107A5000494603A80EF009FA044601463869FFF7C3
:107A6000FBFC544504D1B5EB0905C8444E44E4D1B0
:107A70002046FFF7D7FC044601200DF05EFD0546C9
:107A800038460DF020FD002C14BF20462846A2E702
:107A9000324629464046C0E76FF00404ECE700BFD9
:107AA000004D0700749006000000AD0B030000E0DD
:107AB0002DE9F7430B460746144622B141EA020579
:107AC000C5F30B052DB16FF01504204603B0BDE8DA
:107AD000F0830E1E04DB4168C96A32448A4206D92B
:107AE0003B4A3C480094012109F05AFFEBE70DF0B6
:107AF000CEFC2846D7F804800DF01FFD002864D185
:107B0000D8F82C30A3421DD10EF0B5F9A146054698
:107B100038692946FFF7A0FC2F4B9D4249D14E44BE
:107B2000A4EB090400214FF4A4700FF0F4FE01202F
:107B30000DF0E7FC051E2ADB15F00105F2D1002C43
:107B4000DED12BE0B4F5803F09D3B3B253B931464F
:107B5000012002F0ADFF4FF480390546D8E7B4F5B7
:107B6000805F09D3C6F30B0030B9314602F0A0FFA5
:107B70004FF480590546CBE7184A1648009433461F
:107B8000012109F00DFF164D4FF00009C0E7154A1D
:107B9000104800943346012109F002FF01200DF046
:107BA000CCFC002D14BF2C46044638460DF08BFC4F
:107BB0008BE708480C4A00943346012109F0F0FE97
:107BC0002846FFF72FFC0546E8E76FF00404ECE7D2
:107BD0004A4D0700749006000000AD0B944D07005D
:107BE0000400AD0BB24D0700CF4D0700024B0B60F8
:107BF00001231360704700BFB89A00200048704707
:107C000008C9060073B50D462846194616461C4697
:107C10000DF0B0FC50B90948094A00942B460121E7
:107C200009F0BEFE6FF0150002B070BD24B122460F
:107C3000294630460FF0C3FF0020F5E70C90060000
:107C4000004E070010B5012211460748074C0FF0FF
:107C500080FCF9F79FFC0EF0E1F820600EF0DAF8F6
:107C60006060002010BD00BFC09A0020B89A0020BC
:107C70004FF08042D2F81035D2F8101503F01E03F1
:107C800021F01F010B4343F00103C2F81035024BF2
:107C900000221A70704700BF45A600204FF08053A5
:107CA000D3F83031082B20D14FF08042D2F8101594
:107CB000CB071AD5D2F8103501F01E0123F01F03AF
:107CC0000B43C2F81035D2F808315BB1D2F8103549
:107CD00023F01F030B4343F00103C2F810356FF08C
:107CE0008B007047024B01221A700020704700BFC2
:107CF00045A60020F8B504460EF08CF8237B064616
:107D00000BB1F9F75DFC134F0025FFF7C7FFE8B98A
:107D1000606802F0C5FAA3689B1BA36063683344E4
:107D200063603B780BB1FFF7A3FF237B01353BB9C1
:107D3000A368002BE9D1A068003818BF0120F8BD66
:107D40002846D2F725FF0028F2D0F4E76FF08B0029
:107D5000F5E700BF45A6002070B5037B04460BB1D4
:107D6000F9F72EFC194E0125A368032B06D8184AF3
:107D7000D2F80034DB07FBD5002070BDFFF78EFF83
:107D800008BB23686068196802F0AAFA33780BB15F
:107D9000FFF76EFF63680433636023680433236076
:107DA000A368043BA360237B0135002BDCD028466D
:107DB000D2F7EEFE0028D7D0054AD2F80034D90712
:107DC000FBD50120D9E76FF08B00D6E745A6002050
:107DD00000E00140F0B589B00E4615460EF01AF8E5
:107DE0002946074630460DF0C5FB58B3B6FBF7F3FE
:107DF00007FB136323B9B5FBF7F407FB14545CB11D
:107E00001E4A009533461E48012109F0C9FD6FF056
:107E10001504204609B0F0BDAF42FAD84FF0FF324A
:107E20004FF0FF33174805F029FBF9F7C5FB014672
:107E300060B9102204A80FF0E9FECDE90565FFF74F
:107E400059FF16E0104A00953346DCE71022214620
:107E500004A80FF0DBFE01228DF81C200B4ACDE9AF
:107E600002200B48CDE90565F9F79EFB02A8D2F781
:107E700013FE0446034805F0C7FACAE71D4E070083
:107E80000C900600C09A0020004E0700F57C05000B
:107E9000645E010070B50D4688B019462846164646
:107EA0001C460DF067FB58B91D4A00942B461D482F
:107EB000012109F075FD6FF01504204608B070BD72
:107EC00045EA04039B0703D0174A00942B46EEE7CC
:107ED000002CF2D04FF0FF334FF0FF32134805F083
:107EE000CDFAF9F769FBCDE9046504AB069488B1D6
:107EF00001228DF81C200E4A41F64C50CDE9022398
:107F0000F9F752FB02A8D2F7C7FD0446074805F06F
:107F10007BFAD2E78DF81C001846FFF71DFFF4E747
:107F2000004E07000C9006003C4E0700C09A00204F
:107F3000597D050038B544682369C3B104F11000C8
:107F400002F062F8054690B9014604F1100002F013
:107F500027F8094B98420CD108492A4604F1100031
:107F600001F0FEFF2A4602210620E0F753FD002023
:107F700038BD6FF00400FBE70000AD0B1181050078
:107F80002DE9F043144640F20636476887B0E00614
:107F900004EA060654BFC4F340100320B6F5837FFD
:107FA0003A7B8DF8030048D00DD8062E16D005D8A0
:107FB000A6B1022E43D06FF015003BE0B6F5807FEE
:107FC000F9D101260AE040F20225AE4239D0B6F5D9
:107FD000407F38D0B6F5007FEDD1022601F01F05B5
:107FE00045EA4215220330D57A6801238B40C2F856
:107FF00008353A69A2BB05F01F036D092DD0012D8C
:108000007CD1414A02EB8302C4F30043D2F800174B
:1080100083F00103C4F3404444EA430421F4E161E2
:1080200044EA800421F0070144EA06230B43C2F826
:108030000037002007B0BDE8F0830726CEE704260E
:10804000CCE70526CAE70326C8E7630341BF01233F
:108050007A688B40C2F80C35CBE74FF0A042D1E7ED
:1080600010370DF102022946384601F07FFF14F463
:10807000403F80460CD1294638460DF0C1FE234BC7
:108080009845D6D19DF80210384601F0C7FFD0E7D9
:1080900001AB4FF0000903AA29463846CDE904395F
:1080A000CDE90199CDF80C9001F01EFE174B9842D6
:1080B00081D114F4003316D09DF803308DF80E30C2
:1080C000C4F3004484F001044B4603AA2946384611
:1080D0008DF80C608DF80D4001F0C0FE0B4B9842FE
:1080E0007FF469AFCBE7CDE9043303AA0DF10303B5
:1080F00029463846039301F0F7FDEFE703F5E073F7
:1081000052F82330FFDE00BF000300500000AD0B2B
:10811000430970B502D0012B17D070BD0D4E3369E5
:1081200059680029F9D000F01F0301250C689D4013
:108130000029F2D08A682A4002D04B68304698471E
:108140002CB1236821461C46F2E7034EE7E723469D
:10815000F8E700BF948706007C870600F0B540680A
:10816000046987B0002C69D0057B01F01F04B2F5CB
:10817000001F44EA451400F1100506D121462846A7
:108180000DF040FE002007B0F0BD01AE0027B2F5B3
:10819000800F0197776039D1B3F1007F14BF0523B9
:1081A00004238DF804300023CDE90463039383682E
:1081B00023FA01F111F001011AD1B2F1A07F17D118
:1081C00004F01F03620903F5E0732AD0012A3BD1B2
:1081D0001F4A52F82330DB070AD40DF1030632465A
:1081E0002146284601F0C2FE1A4B98421CD0029646
:1081F00003AA2146284601F077FD174B984220D16B
:1082000001222146284601F015FFBBE7B3F1C06FFC
:1082100005D0B3F1007F14BF01230223C1E703237C
:10822000BFE74FF0A042D4E73146284601F0FCFEFC
:10823000094B9842DBD06FF00B00A4E76FF085008C
:10824000A1E76FF015009EE751F82330FFDE00BF75
:10825000000300500400AD0B0000AD0B0B6800687C
:10826000C01A024BC0105843704700BFABAAAAAA5D
:10827000D0E90001014B0C220FF014BD5D82050016
:1082800038B505690446284640F8044BFFF7F0FF6F
:1082900005F1100003490FF030FA636901221A71E9
:1082A000002038BD9D5706002DE9F84F804600AFED
:1082B00089460024D8F80830A34202D84FF0000BBA
:1082C0003BE0D8F804600C2303FB04F506EB050A39
:1082D00070599AF804108368D3F818B0BBF1000FF6
:1082E00031D0B9F5001F2CD00269012312688B40F0
:1082F000134214BF4FF030724FF09862144B13408A
:1083000002F4C002D847834600B373599AF8042098
:108310001B686C468AB00F490793CDE9051240F2FD
:1083200001336A46ADF820300B4B42F8103F0B4842
:108330004FF411510DF0E2F9A5465846BD46BDE88F
:10834000F88F4A46DAE76FF0570BDEE70134B1E702
:10835000400000069A4E070004000001C490060089
:108360002DE9F843064600AF884600254FF00C097A
:108370007368AB4201D8002418E03068414609FB1D
:1083800005000DF09FF90446A0B16E468AB00A4B75
:108390006A46CDE905350523CDE907804FF4215123
:1083A00042F8103F05480DF0A9F9B5462046BD46F4
:1083B000BDE8F8830135DBE7C94E0700C49006002D
:1083C0002DE9F04F89B0D0F810A0446802AF0546FF
:1083D0004FF0000B63685B4534D84FF00008C7F8D6
:1083E0000C8023699845C0F0E080FB68002B00F00A
:1083F000E4802C696B689A69D4E91231D31841EB97
:10840000E271C4E91231C90341EA534140F2E73055
:10841000DB03181841F100010B4304F1100400F0D4
:10842000C7804FF47A720023CFF710FB6FF0010280
:10843000121A4FF0FF3363EB0103204605F08AFA6E
:1084400000265AE023680C2202FB0B38012140462B
:108450000DF038F9064640B1D8F808305D4A009072
:108460005D48012109F09CFA47E0C7E9040004F1E6
:108470000803BB60DAF80830B3420BD8002140464D
:108480000DF020F9064600284CD0D8F80830534AA1
:108490000090E5E7DAF8042094F820E0D8F8081016
:1084A000D4F810900C237343D018FB608368BEF19E
:1084B000000F27D109FB031907F110017A600DF0B5
:1084C000D4F8031E7A6820DAF96852586C461268AC
:1084D0008AB043490993CDE907124FF40072ADF811
:1084E000282002AA3F4942F8101F3B48FB604FF486
:1084F00011510DF003F9FE68A54630461C37BD4604
:10850000BDE8F08F09FB0139D6E7DAF85000BB6807
:10851000A26914BF0121002100EB49000EF0A8FD63
:108520000136A7E70BF1010B54E72369DAF8502075
:1085300003FB098302EB430B58460EF0D5FD30B325
:1085400058460EF0CDFD031EBB60274B274A6E46F2
:1085500008BF1A468CB02649264B0793CDE90A92EC
:1085600040F20352ADF8302002AACDE908182249A2
:1085700042F8101F18484FF454510DF0BFF84A4606
:10858000B546BB68DAF80C6041462846B047FB6840
:108590001BB958460EF099FDF86009F101096369AD
:1085A0004B45C2D808F101081BE74FF00009F6E778
:1085B0006FF001024FF0FF333FE728694FF09861F9
:1085C000FFF772FE00287FF43BAF68680121FFF7D8
:1085D000C7FE35E7EB4E0700C4900600294F0700A1
:1085E0000E4F070004000001EC1E0700741A07007C
:1085F000886307004E4F0700060000012DE9F04F89
:1086000083B0044600AF39B1012929D06FF085004D
:108610000C37BD46BDE8F08F06690D464FF00C08DB
:10862000B368AB4206D97068002108FB05000DF065
:1086300034F888B1666800254FF00C087368AB42C7
:1086400006D93068002108FB05000DF026F828B196
:1086500020460DF065F8DBE70135E1E70135EDE790
:10866000D0F81090DFF8F8B10026D9F80830B342FE
:1086700021D90C25D9F804A075430AEB05085AF84E
:1086800005000EF03AFD002847D15AF805306D4636
:108690001B6888B0664ACDE905234FF400736A462B
:1086A000ADF81C30634B42F8103F4FF4E251624882
:1086B0000DF024F8AD466668DFF8A4B100257368B4
:1086C000AB4222D90C23D6F800A003FB05F90AEB34
:1086D00009085AF809000EF010FD002874D15AF864
:1086E00009306D461B6888B0514ACDE905234FF427
:1086F00000736A46ADF81C304E4B42F8103F4FF401
:10870000E2514D480CF0FAFFAD4660680021FFF7DA
:1087100027FE20460DF02CF87AE74FF480314046D2
:108720000CF0BBFF5AF8052098F80410126880B1CD
:108730006D468AB0414B0792CDE905316A4640F259
:108740000133ADF820303E4B42F8103F4FF4115149
:10875000ADE7C7F804D08AB03A4B089240F2024223
:108760000593ADF82420384B33486A46CDE90631ED
:1087700042F810BF4FF434510CF0C0FFD8F8081085
:108780002269D7F804D0126C304B080102EB0111BA
:10879000145098F80400012202FA00F0C1E90230F6
:1087A0005AF805008368DB694BB1043198470346EA
:1087B00040B1274A2048012109F0E9F87BE76FF032
:1087C0005703F6E7013650E74FF4003140460CF00E
:1087D00064FF5AF8093098F804101B6880B16D46A0
:1087E0008AB01C4A0793CDE9052140F201336A465D
:1087F000ADF82030124B42F8103F4FF4115180E792
:10880000E8468AB0144A0592144A0893CDE9062135
:108810006A4640F20243ADF82430074842F810BFE0
:108820004FF434510CF06AFF0135C54647E700BFED
:10883000724F070003000001C4900600884F070034
:1088400004000001B34F0700B86307003757060064
:10885000D94F07000B500700375007009A630700F5
:1088600005000001036803F01F025B09026004D0E9
:10887000012B034818BF002070474FF0A0407047FD
:10888000000300502DE9F04FDFF888B185B01546A0
:10889000804600EB810140F2FF1A414503D10020E0
:1088A00005B0BDE8F08FD8F80030DA0A12F00809F8
:1088B00040F0A88002F00F02C3F308041B0E1BF85F
:1088C0000260544508BF4FF0FF34222B00F29D8018
:1088D000DFE803F012222633292F339B9B9B9B3624
:1088E000409B9B9B9B9B9B9B9B9B437C7F829B9BDF
:1088F0009B85898C8F929500C5F80C45621C62D0CF
:1089000003A80394FFF7AEFF039B012707FA03F3C5
:10891000C0F808353A4635E0C5F81445002715E09B
:10892000C5F80845EAE7C5F808450027601C1FD1CF
:1089300049E0C5F80C450127F8E7C5F81045EDE713
:10894000C5F80845002EE9D137460626631C3AD003
:10895000002217E0C5F80C45F4E7C5F86045B8F803
:108960000230671C03F001032DD0002BC8D1012772
:1089700003A80394FFF776FF039B012202FA03F397
:10898000C0F80C35D8F80030019303F400400028FB
:1089900003A80CBF914601270394FFF763FF039AD6
:1089A000019B00EB8200C3F341243302D0F800277F
:1089B00043EA8403164C43EA09031440234343EA81
:1089C0004703C0F8003708F1040866E7C5F86445B6
:1089D000C5E7C5F86845C2E7C5F86C45BFE7C5F807
:1089E00024450127B2E7C5F8284587E7C5F8304593
:1089F000F7E7C5F83445F4E7C5F83845F1E7C5F8B9
:108A00003C457BE76FF015004AE76FF0850047E7CC
:108A1000F0F8FCFFD5630700014B01221A60704794
:108A200000C000400C290CD103690749DB6A0748E4
:108A30004B4393FBF0F100FB1133116053600020B6
:108A400070476FF08500704790D0030040420F00E0
:108A5000044B00690022C3F80021D3F8003104F070
:108A6000D3BC00BF00C000407FB505692B6B63B36A
:108A7000402901D00C292BD14FF0FF324FF0FF33AA
:108A800005F1180004F0CAFB134B0193286B032374
:108A9000002469460394029308F0F5FA4FF0FF3280
:108AA0004FF0FF33284604F0E9FC286B08F036FB52
:108AB0000A4BD3F80825EA6201225A6005F1180032
:108AC00004F022FC204604B070BD6FF00A00FAE703
:108AD0006FF08500F7E700BF198A050000C000406D
:108AE00010B504690020FEF76BFA20634FF0FF32E7
:108AF000002120460EF02DFD04F118000EF048FC78
:108B0000002203210C20DFF785FF0C20DFF752FF46
:108B1000024B0122C3F80423002010BD00C0004016
:108B2000F0B54B79012B63D0032B40F096801024D5
:108B30008B79032B40F09180CD7915B1012D40F058
:108B40008C800A791AB1022A40F087800E220B68C5
:108B5000B3F5967F4ED0B3F5167F4ED0B3F5966F32
:108B60004ED0B3F5166F4ED0B3F5965F4ED0B3F539
:108B7000165F4DD0B3F5615F4CD0B3F5964F4BD037
:108B8000B3F5E14F4AD047F61226B34248D0B3F5C9
:108B9000164F48D04DF6C026B34247D0B3F5614FCB
:108BA00047D0B3F5963F47D0B3F5E13F46D0B3F594
:108BB000613F46D02A4EB34246D0B3F5E12F46D0AE
:108BC000B3F5612F46D0274EB34246D14FF08053C4
:108BD000476806693F68C7F8243543682C431B681B
:108BE0002243C3F86C2503C986E803000020F0BDCA
:108BF00000249DE74FF4A033EAE74FF41C33E7E786
:108C00004FF49E23E4E74FF41D23E1E7164BDFE723
:108C1000164BDDE7164BDBE7164BD9E7164BD7E7CC
:108C20004FF40003D4E74FF41D03D1E74FF465037D
:108C3000CEE74FF46B03CBE7104BC9E74FF0EB7374
:108C4000C6E74FF06C73C3E74FF08063C0E74FF0A7
:108C5000E863BDE74FF07063BAE76FF08500C6E7E1
:108C600090D0030040420F0000B0130000502700D6
:108C700000F03A0000A04E0000C0750000903A01DC
:108C80000022F8B5114606460220DFF7C3FE022097
:108C9000DFF790FE31693046FFF742FF002849D1E7
:108CA0007768D7E9004313F001051CD0356905F159
:108CB00014000DF027F8214B984207D02048214A94
:108CC000012108F05CFE6FF00400F8BD287D04F17E
:108CD0000C0204F590710DF00BF8287D012505FAC2
:108CE00000F000F0DFFD0823C4F800357B69C4F80C
:108CF000443501220023C4F84835A2606DB9D4F888
:108D00002021002AFBD0C4F82031D4F820310123DF
:108D1000E3604FF48073C4F80433D4F85831002B67
:108D2000FBD00023C4F8003530460749BDE8F840C1
:108D300008F042BF6FF08500C7E700BF0000AD0B31
:108D4000AC900600BC500700375B06002DE9F843E5
:108D50000446466888460EF027FD4FF02009B0B95A
:108D6000204B1B789BB1642560680CF046FEF0B97F
:108D700001200CF0BBFF013DF6D1002121200EF0B7
:108D8000CAFDF0E787F31188BFF36F8FF5E7EFF3C4
:108D900011873D4689F31288BFF36F8F60680CF02E
:108DA0002CFE80B987F31188BFF36F8FEFE7EFF3E5
:108DB00011873D4689F31288BFF36F8F60680CF00E
:108DC0001CFE0028DED0736983F8008071690122DF
:108DD00020460CF0F6FD85F31188BFF36F8FBDE8D8
:108DE000F88300BF6BA6002070B5012383400E4AB4
:108DF000BFF35B8FDC4352E8001F01EA040542E841
:108E00000056002EF7D1BFF35B8F4FF480328240C3
:108E10000648C0F80823BFF35F8FBFF36F8F0B4284
:108E200014BF0120002070BD909B00200010014065
:108E300070B40E49D1E90034D01AC31844F10004CB
:108E400022F07F46C1E90034A6F50013B3F5400FC8
:108E500009D2074B1B681A0A1B069C19054B42F1E5
:108E60000005C3E9004570BC05F0ACBA18590020F4
:108E7000949B00202059002011B3BFF35B8F012386
:108E8000104A834052E800CF4CEA030C42E800C18C
:108E90000029F7D1BFF35B8F0B4A4FF48033834037
:108EA000C2F80433094BBFF35B8F1B68BFF35B8FC2
:108EB000C340DB0742BF064B4FF40032C3F800212A
:108EC000704700BF909B0020001001408C9B002049
:108ED00000E100E00D4B1868010A0006BFF35F8F48
:108EE0000B4BD3F80435181841F10001B3F5801F7E
:108EF0000AD2084BD3E90023904271EB030303D25B
:108F000010F1807041F10001704700BF949B002078
:108F100000100140205900202DE9F04F85B0164681
:108F20001F469DF840A00446FFF75EFF0290FFF742
:108F3000D1FFB04271EB070360D23F4B301A67EBB1
:108F40000101984271F1000109D36FF01505204627
:108F50000299FFF791FF284605B0BDE8F08F374B27
:108F600003EB0413D3E902239F4208BF964256D075
:108F7000334D4FF4803904F1500109FA04F98900A6
:108F8000C5F84893204689B20CF065FE26F07F4B69
:108F900001F1804104F5A872DFF8ACE0019201F51F
:108FA0008831DC460323019A2CF07F4045F82200EB
:108FB000C5F84493D5F804856FF00200A0EB0800D3
:108FC000604420F07F40704529D9086878B1D5F811
:108FD0000485A8EB0B0020F07F40B0F5000F1ED9F0
:108FE000204603930CF037FE039BDFF85CE0BAF1F8
:108FF000000FAAD103EB080C0133D4E7BAF1000F3C
:10900000A3D101230F4ABFF35B8FA34052E8000FA7
:10901000184342E800010029F8D1BFF35B8F0749EC
:109020000E98230101EB0412C8500F9B5360C2E954
:10903000026700258BE700BF01008000085900206F
:10904000001001408C9B0020FDFF7F007FB51C4C71
:109050001C4BC4F80833C4F848331B4B00254FF0B1
:10906000FF304FF0FF31C4F80855C3E902014FF457
:109070008033C4F80433154B02264FF40032032129
:10908000C4F804631120C3F880212A46DFF7C2FC2C
:109090001120DFF78FFC0E4A0123A36023601360C9
:1090A0000C4B0D4A0093CDE9015500232846FFF7EC
:1090B00033FF3046FDF7BCFF284604B070BD00BF4B
:1090C0000010014003000F000859002000E100E0FB
:1090D000909B0020318E0500FFFF7F002DE9F34DAE
:1090E0002E4CD4F8043399070BD5D4F8043143B18E
:1090F0002B4A0023C4F80431D4F804311368013337
:109100001360D4F80433DA0333D5BFF35B8F254BF8
:1091100053E8002F22F0010143E800100028F7D1A6
:10912000BFF35B8FD30720D50025C4F84051D4F896
:109130004031FFF7CFFEEFF31182202383F3128833
:10914000BFF36F8F184BD3E90267B042B94113D216
:10915000294682F31188BFF36F8F51B1CDF800809B
:1091600032463B460020884703E0D4F84031002BCC
:10917000DAD102B0BDE8F08D4FF0FF3A4FF0FF3B7F
:10918000C3E902ABD3E900181D604FF48033C4F883
:109190004833C4F84051D4F84031DAE700100140B8
:1091A000949B00208C9B00200859002030B5431C64
:1091B000124C85B005D08442A8BF0446012CB8BF2C
:1091C0000124FFF787FE0E4B0C4DD3E90013401A24
:1091D000B0F5000F10D22218AA4228BF2A46521812
:1091E0004FF0000007490091CDE9010043F1000371
:1091F000FFF792FE05B030BD2A46F0E7FFFF7F0083
:1092000018590020318E050008B5FFF763FE024BA8
:109210001B68C01A08BD00BF1859002010B5084CC3
:10922000012363601120DFF7D3FB064BC4F808333A
:10923000C4F84833044B4FF40032C3F8802110BD0A
:109240000010014003000F0000E100E07FB5CDE910
:109250000001DDE900010022CDE90401039202A82A
:10926000024A029206F081FE07B000BDCCC906009A
:109270007FB5CDE90001DDE900010022CDE904015F
:10928000039202A8024A029206F06FFE07B000BDE8
:10929000C8C906000268034B9A420CBF0830002080
:1092A000704700BFC8C9060010B50C480C4C03F04D
:1092B000D7FC206038B90B480B4A012108F05FFB4E
:1092C0006FF0150010BD094B09491922E0F728F984
:1092D000206809F0D3F80020F4E700BF235107000D
:1092E000989B0020C4900600751B0700D4C9060097
:1092F000F7630700014804F087B800BF441D002051
:10930000F0B583B01E464B88154603F47E42B2F595
:10931000007F00AF0AD01B481B4A1B0A012108F03E
:1093200036FB6FF085000C37BD46F0BD2B68174A41
:109330001448032108F02BFB6C468AB0144B0593AC
:10934000144B06932968144B07936A4640F2013385
:10935000ADF820300905114B42F8103F41F414518B
:1093600033680848DDF762F83368A5463B6000249F
:109370002B687C603B71D7E90001FFF767FF20464F
:10938000D1E700BFC49006002951070061510700D2
:10939000A2E60600DD6307008C510700040000010F
:1093A000B0B588B000AFFFF775FF00283ED0056864
:1093B00004794FF4767200231E4804F05FF81E4AC9
:1093C0001E482346032108F0E2FA202200213846F5
:1093D0000EF01CFC2246294638460EF0F0FB6C4687
:1093E0008AB0174B0593174B0693174B07936A46A2
:1093F00040F20133ADF82030144B42F8103F1449CD
:109400000E483B46DDF712F8124800230068A546D7
:1094100020223946E0F79AF8034638B10E4A074849
:10942000012108F0B4FA034803F0EEFF00202037D2
:10943000BD46B0BD441D0020AA510700C4900600DF
:10944000A2E60600EB630700D45107000400000108
:1094500000250002989B0020F15107001FB5192438
:109460000294044C0194BDF818400094E6F7CEFF36
:1094700004B010BD3664070007B5064B00930649DB
:10948000064805234FF4407204F0C8F9002003B0E9
:1094900000BD00BFECC9060000E0002028590020F4
:1094A0002DE9F04182B000AF15463E8C1C4646BB0C
:1094B000154A1648032108F06AFAE8468AB0144BA8
:1094C0000593144B0693144B07936A4640F20133FD
:1094D000ADF820302105114B42F8103F41F41451F2
:1094E0000A482B46DCF7A2FFC546C7E900563C7187
:1094F000D7E90001FFF7AAFE20460837BD46BDE8C0
:10950000F0816FF00600F8E70B520700C4900600E8
:10951000A2E606001C6407003552070004000001A3
:109520002DE9F0438FB000AFFFF7B4FE60B1D0F883
:10953000009090F80480D9F721FA044648B9294AE6
:109540002948012108F01BFA00203C37BD46BDE840
:10955000F083264A2448434607F1180503212026B4
:1095600008F015FA3246002128460EF04FFB42461D
:10957000494628460EF023FBE8468AB01C4B05936B
:109580001C4B06931C4B07936A4640F20133ADF81F
:1095900020301A4B42F8103F194913482B46DCF78C
:1095A00045FF1822C546002138460EF02FFB154B0B
:1095B000BE8139462046C7E90135E7F70BFC421C5E
:1095C000034607D10221204609F090FD2046E3F72B
:1095D000A3FEB9E70028F9D00B4A0348012108F09F
:1095E000D6F9F3E752520700C49006007252070002
:1095F000A2E60600106407009B5207000400000169
:10960000002500025CCA0600240C0700BFF34F8F40
:109610000549064BCA6802F4E0621343CB60BFF30E
:109620004F8F00BFFDE700BF00ED00E00400FA052A
:10963000024AD2F80034002BFBD0704700E0014012
:1096400010B54FF08053D3F83021082A4ED14FF097
:1096500080420021C2F80C11C2F81011C2F838156E
:1096600002F54042D3F80414C2F82015D3F80814C8
:10967000C2F82415D3F80C14C2F82815D3F8101426
:10968000C2F82C15D3F81414C2F83015D3F81814F6
:10969000C2F83415D3F81C14C2F84015D3F82014BE
:1096A000C2F84415D3F82414C2F84815D3F8281486
:1096B000C2F84C15D3F82C14C2F85015D3F8301456
:1096C000C2F85415D3F83414C2F86015D3F838141E
:1096D000C2F86415D3F83C14C2F86815D3F84014E6
:1096E000C2F86C15D3F84434C2F870350CF0F0FAB7
:1096F00018B1444B444AC3F88C260CF0E9FA18B16F
:10970000424BFB22C3F818250CF0E2FA58B14FF097
:1097100080424FF08051D2F8E43ED1F8581261F304
:109720000303C2F8E43E0CF0D3FA20B1384B4FF4F7
:109730000072C3F840264FF08053D3F83031082B25
:1097400009D14FF08043D3F80024D20744BF6FF013
:109750000102C3F800242F4AD2F8883043F4700382
:10976000C2F88830BFF34F8FBFF36F8F4FF0805335
:10977000D3F83021082A0BD1D3F83431042B81BF20
:109780004FF01023D3F808224FF08043C3F8582538
:109790004FF01021D1F80C32DB0714D51E480123FD
:1097A000C0F80435FFF744FFD1F80C3223F0010371
:1097B000C1F80C32FFF73CFF0023C0F80435FFF777
:1097C00037FFFFF723FFD1F80032002B03DBD1F87E
:1097D0000432002B14DA104901234FF01020C1F895
:1097E00004351224FFF724FFC0F80042FFF720FFE2
:1097F000C0F80442FFF71CFF0023C1F80435DEE780
:1098000010BD00BF005000404881030000F0004040
:109810000090024000ED00E000E0014030B5046837
:10982000CCB1BFF35B8FB4FA84F3C3F11F03DBB297
:1098300001229A4024EA020250E8005FA54204D1C6
:1098400040E8002CBCF1000FF6D1BFF35B8FE6D1EE
:1098500002480B7030BD0248FCE700BF0000AD0BB2
:109860000200AD0B10B50368CB40DB0714D4012315
:109870008B400268BFF35B8F43EA020150E8004F60
:10988000944204D140E8001CBCF1000FF6D1BFF3B4
:109890005B8FEED1014810BD0148FCE70000AD0B25
:1098A0000400AD0B014BC3F80405704700F0014004
:1098B000F7B50546B8B3012833D104224FF48073BD
:1098C00001464FF0804003440244C0F808130024CE
:1098D000012111601C608D421B688DF8071008BFC4
:1098E0000DF1070442F210774FF08046012D1FD092
:1098F000D6F81834C3F300432CB3D6F8182402F07A
:109900000302226043B19DF80730012B04D10120EE
:109910000CF0ECF9013FE9D1012D02D10B4B0022F3
:109920005A7103B0F0BD0C224FF482730221C8E7D4
:10993000D6F80C34C3F300432CB1D6F80C2402F053
:1099400001022270DEE7002BE1D1E5E7E89B002071
:10995000044B1A7922B9012218609A800248704794
:1099600002487047E89B00200000AD0B0C00AD0BD7
:1099700008B5094B1B682BB10020DFF73DF808B98B
:10998000DFF718F84FF080430022C3F81825034B87
:1099900001221A7008BD00BFE89B002069A60020C4
:1099A00010B510B1012844D010BD4FF08043D3F85A
:1099B0001814D3F81824C80322D502F00303012B8E
:1099C00001D0CBB900234FF080420220C2F81835F5
:1099D00008224FF4827303F180430021196002F1E1
:1099E00080421C6801241460174A12682AB34FF0A1
:1099F0008043C3F80403D7E70020FFF759FFE1E7EE
:109A0000D3F81424D107DDD5D3F81C249207F3D45E
:109A10000D4A12681AB10222C3F80423C4E7D3F82E
:109A20000421002AFBD00022C3F80421D3F804311A
:109A3000BAE700224FF48073CDE71A68002AFCD001
:109A400019601B68B0E700BFE89B002010B54FF01D
:109A50008043D3F800216AB10022C3F80021D3F873
:109A600000210122C3F80823114B587910B95A710B
:109A70001B6898474FF08043D3F8042172B100224D
:109A8000C3F80421D3F80421D3F81824D3F81824F8
:109A9000920704D10122C3F818259A6010BD022252
:109AA000C3F80823024BBDE810401B68012018478B
:109AB000E89B0020036803F01F025B09026004D0EA
:109AC000012B034818BF002070474FF0A04070479B
:109AD00000030050034A430900F01F00D35C184400
:109AE000C0B270474F64070070B50546FFF7F2FF3C
:109AF0000C4C08300E4634F81030DA0508D5C3F3A4
:109B0000432304EBC302284654F833305268984785
:109B1000A3682BB1E26831462846BDE8704018477B
:109B200070BD00BF3C18002011F0010310B50ED12C
:109B30008A07C1F3400314D50B4BD3F820254260AC
:109B4000C3F820254368003B18BF012309E04FF00C
:109B5000A042D2F820450460C2F820450268002ADD
:109B6000E6D0184610BD00BF0003005010B5FFF747
:109B7000B1FF124A083032F81030D9051CD5C3F3B2
:109B8000432123F4F85322F8103002F10E04002090
:109B900034F8023F13F4807F03D0C3F34323994288
:109BA0000AD001303028F3D1002342F83130044884
:109BB000BDE81040FFF756BE10BD00BF3C180020A6
:109BC000B418002008B5FFF785FF034B083033F8C1
:109BD0001000400B08BD00BF3C18002008B5FFF77F
:109BE00079FF034B083013F81000C0F3401008BD94
:109BF0003C1800200022F0B51446012617468C427E
:109C00000CD1114BD3F87C1131B10021C3F87C1178
:109C1000D3F87C3142F000421046F0BDE3B29B0025
:109C20009D0806FA05F528420BD003F1804303F5A1
:109C3000C243D3F800C0BCF1000F02D01F601B6804
:109C40002A430134DBE700BF0060004008B5FFF79E
:109C500041FF044B083013F8100080F00200C0F3FD
:109C6000400008BD3C180020F7B507460846FFF73E
:109C700031FF194E00F108050C4616F81530DB07C8
:109C800027D538460CF099F82046FFF7A7FF40B1DA
:109C90002046FFF797FF396800F5A270002341F8CE
:109CA00020302046FFF762FF002301A826F8153078
:109CB0000194FFF7FFFE019B00EB8300074BD0F8F8
:109CC0000027134043F00203C0F80037044803B0F4
:109CD000F0BD0448FBE700BF3C180020F0F8FCFF93
:109CE0000000AD0B0400AD0B2DE9F043164685B026
:109CF00007460846FFF7EEFE0D463168044611B3ED
:109D0000DFF8488100F1080938F819309B0703D5BE
:109D10002846FFF763FF20BB00220B46CDE9002257
:109D20008DF80E208DF80F200DF10E010DF10F02B0
:109D300028460BF0EBFF38F8193023F0020343F00C
:109D4000010328F8193073685BB3404993F800C0E9
:109D50005A6804F1080031F8103013F0020F02D0F5
:109D6000BAB13B4820E023F02003DB04DB0C21F8F0
:109D7000103072B1BCF1030FF3D87268526892F8D8
:109D800000E03A68BCF1000F11D10EF5A27E42F856
:109D90002EC031F8103023F01C0343EA8C0321F865
:109DA0001030B36843BB2B4805B0BDE8F08302EB2D
:109DB0008E0243EA4E33D2F8108528F00308C2F829
:109DC00010853F6807EB8E0743F02003D7F8102576
:109DD00021F8103022F44F3222F44072C7F81025D7
:109DE0002A02D7F8108502F47C5242EA0C4242EA79
:109DF0000802C7F81025CCE7D3E900672846FFF72B
:109E0000B5FE002ECFD0114D2B689E4204D16B6859
:109E10009F4201D1002209E00F480DF10F01FFF729
:109E2000FDFC0C4B9842BFD19DF80F2045F83260E5
:109E300005EBC20308345F6035F8143043EA42236F
:109E400043F4807325F81430ADE700BF3C180020C0
:109E50000400AD0B0000AD0BB41800202DE9F04359
:109E60000C4685B08046204611469946FFF732FEE3
:109E7000054629B32046FFF7E9FE18B12046FFF753
:109E8000ADFE20BB334E05F1080736F8173003F05E
:109E90001C0313B14B78012B19D001238DF80F301F
:109EA0000023CDE900134A1C8B1C20460DF10F0145
:109EB0000BF02CFF36F8173043F0030326F8173069
:109EC000B9F1000F43D02046FFF7C0FE18B1224879
:109ED00005B0BDE8F08399F80070D8F800301D4E49
:109EE00007F5A27243F8220005F1080036F81020A9
:109EF00022F02002D204D20C26F8102099F801504A
:109F00002DB3D8F8001099F802E001EB87012D0479
:109F1000D1F8103523F4991323F4F853C1F8103510
:109F2000230203F47C5305F440354FEA0E54D1F874
:109F300010C52B4304F4801442EA4732234342F015
:109F4000200243EA0C0326F81020C1F8103503481C
:109F5000BEE700BF3C1800200400AD0B0000AD0BB5
:109F6000014BC3E9021270473C18002010B50846A7
:109F70001446FFF733FE50B10846FFF7ABFD054B23
:109F8000083033F8103004485B0B237010BD0348D1
:109F9000FCE700BF3C1800200000AD0B0400AD0B37
:109FA00070B5164D95F8804006462CBB21466022C0
:109FB00005F110000DF02AFE30682E6F21468E420A
:109FC0000ED10023C0F87C31D0F87C3140F307304B
:109FD000DEF7F0FC01230A4885F88030AB6770BDDE
:109FE000CBB29B0003F580727C2B08BF845001F13B
:109FF000010108BF8358E2E70248F0E73C1800205F
:10A000000000AD0B0C00AD0B034B93F88000003843
:10A0100018BF0120704700BF3C1800200148FFF71F
:10A0200021BC00BFB01800200148FFF7F7BB00BFFC
:10A03000B018002073B503680C461146D3F804230A
:10A04000002AA8BF4FF000420546A8BFC3F804236A
:10A050002046FFF7C3FDE8B12046FFF7F7FDC8B182
:10A060002046FFF7AFFD82002C6802F580730026C2
:10A07000E650E3582B681344D3F8102542F0010250
:10A08000C3F8102521B12A6801238340C2F80433A4
:10A0900002B070BD2046FFF71DFD0F4B083033F8AE
:10A0A0001030C3F38203042B12D0052B12D001A869
:10A0B0000194FFF7FFFC019BD0F81015D94001F087
:10A0C00001010231204602B0BDE870400BF067BECE
:10A0D0000321F7E70221F5E73C1800202DE9F04FB6
:10A0E000654B664FD3F80403396FC0B289B040F0B6
:10A0F0000040FFF77FFD051E30DAB946002359F80E
:10A100007C1F06A8CDE90633FFF70EFD5C4B0293DA
:10A110000DF118084FF0000A029A12F8013B029262
:10A12000DA0803F0070319F8022022FA03F3DA072A
:10A130001AD40AF10103022B08F104084FF0010AB6
:10A14000EAD1396F4FF00040FFF754FDF96F06A8D0
:10A15000FFF7EAFC0028D9D125F000450124002DA5
:10A1600072D109B0BDE8F08F464B53440393D8F841
:10A170000060002EDDD0039B96FAA6F61C78B6FA96
:10A1800086F646EA44142046FFF7A4FCF20808309D
:10A19000012337F8101018F8020006F0070603FA3A
:10A1A00006F620EA060008F80200C1F3820B05A8B3
:10A1B000CDF804B00594FFF77DFC059A02F5E07236
:10A1C000CB0650F82260C6F3014624D520460199FB
:10A1D000FFF78AFC05A80594FFF76CFC059B03F5C7
:10A1E000E073F6B250F82330C3F301439E4207D127
:10A1F000002120460BF0D3FD314620460BF0CFFD69
:10A2000005A80594FFF756FC059B012202FA03F30B
:10A21000C0F82035ABE7022E14BF022103212046EF
:10A220000BF0BDFDBBF1030F04D0022E07D1BBF133
:10A23000010FE5D101992046FFF756FCE0E7032E18
:10A24000DED1BBF1020FF4E795FAA5F3B3FA83F37D
:10A2500004FA03F29B0003F1804303F5C04325EAAF
:10A260000205D3F81005D3F81015C0F30520C1F38B
:10A270000141FFF739FC72E7006000403C18002004
:10A280005F6407005F640700044AD2F80034DB070C
:10A29000FBD50160BFF35F8F704700BF00E0014056
:10A2A0004FF080531A69B0FBF2F302FB130373B94A
:10A2B000084B0222C3F80425C3F80805D3F800248C
:10A2C000D207FBD500220448C3F804257047034891
:10A2D000704700BF00E001400000AD0B0A00AD0B6D
:10A2E00010B5054C0123C4F80435FFF7CDFF00235A
:10A2F000C4F8043510BD00BF00E0014010B5174C94
:10A30000237843BB03789A0722D54FF08053D3F8C4
:10A310003021082A08D1D3F83431022B02BF4FF084
:10A3200080430122C3F8382601234FF08042C2F84F
:10A330008035037803F00103C2F878350020DEF79A
:10A340005BFB08B9DEF736FB01230548237010BD1F
:10A35000C3F34003E9E70348F9E700BF6AA600201A
:10A360000000AD0B0C00AD0B4FF080434FF460725A
:10A37000C3F80823014B00221A607047F09B0020AD
:10A3800008B5FFF7F1FF03680BB1014A136008BD80
:10A39000F09B002010B54FF08043D3F804436207D0
:10A3A00007D54FF484700BF03DFD10B11E4B1B68B8
:10A3B0009847A30608D54FF48A700BF033FD18B107
:10A3C0001A4B00201B689847600608D54FF48C7024
:10A3D0000BF028FD18B1154B01201B68984721068A
:10A3E00008D54FF48E700BF01DFD18B1104B0020F6
:10A3F0001B689847E20508D54FF490700BF012FDEA
:10A4000018B10B4B01201B689847A3050AD54FF4E0
:10A4100092700BF007FD28B1054BBDE810401B689A
:10A420000220184710BD00BFF89B0020F49B0020BD
:10A43000F09B002001460148FFF7F0B9C01800204A
:10A4400070B5104D6C6B9CB14FF47A735C430A236A
:10A45000B4FBF3F40C4ED6F8003163B995F83930FB
:10A460004BB90A200BF042FC013CF4D1074870BD07
:10A470004CF25034EEE795F83930002BF6D1044811
:10A48000F5E700BFFC9B0020009002400700AD0BE9
:10A490000000AD0B0A4B10B500220124C3F80045A3
:10A4A000C3F800211C6038B1FFF7CAFF054B984282
:10A4B00004D1054B83F83840024810BD0348FCE73F
:10A4C000009002400000AD0BFC9B00200700AD0B8C
:10A4D00070B5324C0440B4F1005F5BD1304C94F85D
:10A4E0003050012D05D09D4256D194F83850002DA2
:10A4F00052D02C4D022B0BBFC5F81025C5F80425F2
:10A50000C5F81405C5F808050CBFC5F81815C5F839
:10A510000C154FF0000684F8396026680CBF08253A
:10A520000425BEB994F838306BB11E4B05F1804557
:10A5300005F524350022C3F8002101232B60BDE876
:10A540007040FFF77DBF0120FFF7A4FF164B984234
:10A55000EBD170BDA66826B1E0606161E26113488D
:10A56000F7E7A2610F4A84F830300123A06021612F
:10A57000C2F80061C2F8043394F8382002F0FF00FA
:10A5800012B9FFF787FFEAE705F1804505F52435A5
:10A590002B60E4E70648DCE70648DAE7030000E062
:10A5A000FC9B0020009002400700AD0B0000AD0BAB
:10A5B0000A00AD0B0B00AD0B084B9A685A621A6982
:10A5C0009A629A69DA62DA689A6032B15A691A61F3
:10A5D000DA699A610022DA6070477047FC9B0020BC
:10A5E00000F01F0340090FD0012810D10B4A02EBE5
:10A5F00083020B4BD2F80007034043EA012343F0E8
:10A600000203C2F8003770474FF0A042EFE7002284
:10A6100003F5E07352F82330FFDE00BF0003005063
:10A62000F0F8FCFF10B50E4B0238D3F83C26D3F8F7
:10A630003836072813D8DFE800F0110F0D0B0A0891
:10A640000604100EC871100C8871100A48710A7146
:10A650001A0ECA701A0C8A701A0A4A700B7010BD52
:10A6600000900240023807281FD8DFE800F02927B1
:10A67000251123211F04CB791B068A7943EA024363
:10A680004A7943EA02230A7913430E4AC2F83C3658
:10A69000CB781B068A7843EA02434A7843EA0223CE
:10A6A0000A781343074AC2F8383670470023E4E7B4
:10A6B0000023E5E70023E6E70023EBE70023ECE7D0
:10A6C0000023EDE7009002400268154BFF2A08BF07
:10A6D0004FF0FF32C3F824254268FF2A08BF4FF02D
:10A6E000FF32C3F828258268FF2A08BF4FF0FF32E7
:10A6F000C3F83025C268FF2A08BF4FF0FF32C3F805
:10A7000034250269FF2A08BF4FF0FF32C3F838250D
:10A710004269FF2A08BF4FF0FF32C3F83C2570475B
:10A72000009002400A4B002283F83820094B012197
:10A730004FF08050C3F808131961D0F83001082891
:10A7400008BF5965C3F80025C3F80021704700BF52
:10A75000FC9B00200090024030B5194D0FCD8DB00C
:10A7600006AC0FC495E8030084E803001549D1F84E
:10A770002435DBB20093D1F82835DBB20193D1F850
:10A780003035DBB20293D1F83435DBB20393D1F824
:10A790003835DBB20493D1F83C3506A8DBB205931B
:10A7A000FFF792FF0023C1F8003101230B60D1F8BD
:10A7B0000031002BFBD06846FFF786FF0DB030BD9F
:10A7C000CC9206000090024070B590F82930044603
:10A7D00013B190F82A204ABB6068FF2860D0A268B5
:10A7E000FF2A5DD0E268FF2A5AD02269FF2A57D09B
:10A7F000B3B90321FFF7F4FEA068FFF7F1FEE068AC
:10A80000FFF7EEFE2069FFF7EBFE6069FF2801D03D
:10A81000FFF7E6FEA069FF2802D00321FFF7E0FE64
:10A8200094F82A3013B9201DFFF74EFF1D4E636ABE
:10A8300073631D4D94F8293086F83A300123C5F82A
:10A840000833FFF789FF2368C5F84035A37F617F90
:10A85000227F9B0143EAC1031343E27F43EAC21311
:10A86000C5F84435D5F8002694F8203022F07F4210
:10A8700022F0FF02134394F8212043EA026394F884
:10A88000222043EA426394F8232043EA0273C5F886
:10A890000036336813B12920DEF78CF8034870BD09
:10A8A0000348FCE7FC9B0020009002400000AD0B39
:10A8B0000400AD0B38B50D4C94F830509DB9C4E987
:10A8C000001248B90023C4E902330122084884F881
:10A8D000302084F8383038BDFFF776FF044B9842BB
:10A8E000F0D00448F7E70448F5E700BFFC9B0020E0
:10A8F0000000AD0B0400AD0B0C00AD0B2DE9F843CF
:10A90000DFF8A090074699F83000012888461546E0
:10A910003DD199F838301F4E6BB31F4C0123C4F85A
:10A920000833FFF719FFB8F1000F2BD14FF00008E3
:10A9300089F83980C4F80081BB787A781B0343EA30
:10A9400002233A781343FA7843EA42333A7943EAE6
:10A9500082337A7943EAC233C4F83436FFF770FDA4
:10A96000B0420CD0C4F800811DB178782946FFF7B9
:10A9700059FE0A4804E0FFF78DFDB042CDD10548ED
:10A98000BDE8F88378784146FFF76CFECEE70448CF
:10A99000F6E700BF0700AD0B009002400000AD0BD2
:10A9A0000B00AD0BFC9B00201FB50C4A02920DF171
:10A9B00007020023114602A88DF80730ADF80C30CD
:10A9C000FFF79CFF064B984206D19DF8073013F025
:10A9D000010F044B18BF184605B000BD0502000169
:10A9E0000000AD0B0B00AD0B2DE9F8431A4E2920EA
:10A9F000DDF7EEFFFFF796FE96F83A3033BB174BC4
:10AA0000D3F82405D3F82895D3F83085D3F83475D6
:10AA1000D3F83855D3F83C45C0B20BF023FA5FFAAF
:10AA200089F00BF01FFA5FFA88F00BF01BFAEDB219
:10AA3000F8B20BF017FAFF2DE4B202D028460BF063
:10AA400011FAFF2C02D020460BF00CFA002386F8F6
:10AA50003030BDE8F88300BFFC9B0020009002402E
:10AA6000034B93F838300BB9FFF714BD014870471A
:10AA7000FC9B00200C00AD0B08B5054B93F8303063
:10AA8000012B03D1FFF74EFE024808BD0248FCE748
:10AA9000FC9B00200000AD0B0B00AD0B034B93F8AB
:10AAA0003000003818BF0120704700BFFC9B002019
:10AAB00038B58B0735D11D4B1D681DB193F830207B
:10AAC000012A30D11A4C0022C4F81C15C4F8200504
:10AAD00083F8392095B993F8383043B10023C4F88E
:10AAE00000310123E360BDE83840FFF7A9BC012035
:10AAF000FFF7D0FC0F4B9842F0D138BD042183F80A
:10AB00003010C4F800210122C4F8042393F838302F
:10AB100003F0FF001BB9FFF7BDFC0748EDE7E2605B
:10AB2000FBE70648E9E70648E7E700BFFC9B002093
:10AB3000009002400700AD0B0000AD0B0A00AD0B0A
:10AB40000B00AD0B10B5224BD3F8002192B1214C74
:10AB50000022C3F8002194F8381094F8302071B91D
:10AB60000121032A84F8381005D0042A05D0022ACE
:10AB700000D1996010BD5960FCE7D960FAE7032A5B
:10AB800019D0042A19D0022A04D1012384F82030D4
:10AB9000FFF712FDA36813B9012384F8303094F84D
:10ABA000393003F0FF0013B9D4E90031984700238E
:10ABB00084F82030DEE70223E8E7032284F820202F
:10ABC000D3F81C256262D3F8203584F82830E1E7F9
:10ABD00000900240FC9B0020C02AF0B543D0B2F5A3
:10ABE000807F42D0802A40F0B7800A230360520958
:10ABF00000234360041D034601EB820251F8045B0D
:10AC000044F8045F8A42F9D102680C2A2FD00E2A38
:10AC10005CD00A2A25D1524D524CA030596955F8C2
:10AC2000046B9F68C1F307227E40A25C72400E0E47
:10AC30001033A65D82EA0642CEB2A65D82EA0662C3
:10AC4000C1F30746A65D82EA062253F8046C9A60B7
:10AC500072401E68DA60724051401A615961984230
:10AC6000DCD10020F0BD0C23C0E70E23BEE73C4C36
:10AC70003C4DC030D96954F8046B9F68C1F307227A
:10AC80007E40AA5C72400E0E1833AE5D82EA064228
:10AC9000CEB2AE5D82EA0662C1F30746AE5D82EADD
:10ACA000062253F80C6C9A60724053F8086CDA6014
:10ACB000724053F8046C1A6172401E685A61724007
:10ACC00051409A61D9619842D4D1CAE7244E254CAB
:10ACD000E0305D6A56F8041B9F68C5F3072279408F
:10ACE000A25C9F694A40290E2033615C82EA0142DE
:10ACF000E9B2615C82EA0162C5F30741615C82EA04
:10AD0000012253F8141C9A604A4053F8101CDA6070
:10AD10004A4053F80C1C1A614A40D1B25A61615C36
:10AD20007940170EE75D81EA0761C2F30727C2F396
:10AD30000742E75DA25C81EA072181EA024253F8FB
:10AD4000041C9A614A401968DA614A4055401A6207
:10AD50005D629842BDD184E76FF01F0082E700BFBB
:10AD600010CB0600616507002DE9F04FC9B004461D
:10AD700002A80D4617460BF082F8002363603A469E
:10AD8000294602A8FFF728FF8046002834D1029DFB
:10AD9000039B324E324F256004A903EB850301EB80
:10ADA000830251F82330A3605368E3609368236102
:10ADB000D368636104F1180C103A6B1E9E4661461D
:10ADC0009146BEF1000F20DC002D4FEA0313C8BFEF
:10ADD0001C46C3F10003D8BF002302EB0300D8BF19
:10ADE00000240CEB0401D3584CF8043043684B604A
:10ADF00083688B60C368CB6002A84FF48C7100F04D
:10AE000049FF404649B0BDE8F08F01F11000A9F1BB
:10AE1000040B01905BF8040F040E3C5D56F824A06F
:10AE2000C4B23C5D56F8244084EA3A2AC0F30724B1
:10AE3000C0F307403C5D385C56F8244056F82000CB
:10AE40008AEA346484EA304441F8044B0198814230
:10AE5000E0D10EF1FF3EA9F11009B2E738CB0600B0
:10AE6000616507002DE9F04F00F1080344680D68A3
:10AE700003EB840C53F824304C6893B06B4002937E
:10AE8000DCF804300192634003938C68DCF80830EE
:10AE9000C96863400493DCF80C304B4005930368A9
:10AEA000DDE90445DDE902014FEA6309D14B09F10F
:10AEB000FF390CF1300C4FF0000A5CF8102C0692B0
:10AEC0005CF80C2C07925CE9086E5CF8082C089280
:10AED0005CE90687B9F1000F5CF8042C09920CF1CB
:10AEE000200C00F3CA80BAF1000F03D1DDE90201A2
:10AEF000DDE904455FFA80F94FEA156C53F82990B3
:10AF000053F82CC0069A86EA090686EA3C26C1F365
:10AF1000072C5FFA84F953F82CC053F8299086EA7D
:10AF20003C66C4F3074C88EA090853F82CC086EA4B
:10AF30003C465FFA81FC0E9653F82CC08EEA0C0C4E
:10AF40004FEA106E53F82EE08CEA3E2CC4F3072E25
:10AF5000240E53F82EE053F824408CEA3E6CC5F3DF
:10AF6000074E53F82EE08CEA3E4C4FEA116EC1F3C7
:10AF7000074153F82EE0CDF83CC088EA3E28C5F3DF
:10AF8000072EEDB253F82EE053F8255088EA3E68BC
:10AF9000C0F3074EC0F307206F4053F8200053F86A
:10AFA0002EE053F8213087EA342787EA306787EAB2
:10AFB0003347F0B2904B1197390E185C595C5040F2
:10AFC00080EA0160CCF3072188EA3E4E595C079A7B
:10AFD000CDF840E080EA0120CEF307415FFA8CF41F
:10AFE000595C1C5D80EA0140310E5440595C0A9066
:10AFF00084EA0164CEF307215FFA8EF5595C84EA96
:10B000000124C7F307414FEA1E6E595C84EA0144EC
:10B010004FEA1C610B94595C089A5D5D13F80EE0D1
:10B02000554085EA0165C7F30721FFB2595C099ACB
:10B0300085EA0125C6F30741C6F30726595C9E5DE4
:10B0400085EA0145D95D0C95CCF3074C514013F8C6
:10B050000C30019A81EA0E6181EA062181EA0343FC
:10B06000106054600AA89560D36020210D9300F011
:10B0700011FE002013B0BDE8F08F4FEA156A089A60
:10B0800053F82AB05FFA80FA09F1FF3953F82AA081
:10B0900086EA0A0AC1F307268AEA3B2A53F82660A1
:10B0A0008AEA366AC4F3074653F826608AEA364AC3
:10B0B000060E53F826B0CEB253F826608EEA060686
:10B0C000C4F3072E86EA3B2653F82EE086EA3E6656
:10B0D000C5F3074E53F82EE086EA3E464FEA116E5E
:10B0E000C1F3074153F82EB053F821105FFA84FEE4
:10B0F000240E53F82EE053F8244088EA0E0EC5F3D0
:10B100000728EDB253F8288053F825508EEA3B2EDD
:10B110008EEA386EC0F30748C0F307207D4085EA09
:10B12000342453F8205053F82880079F84EA35656B
:10B1300085EA31455FFA8AF0290E069C53F8200013
:10B1400053F82110604080EA3120C6F307218EEACF
:10B15000384853F8211080EA3160C8F3074153F8AA
:10B16000211080EA31404FEA1A6153F82140F1B2D0
:10B1700053F821104F4087EA3421C8F3072453F8CD
:10B18000244081EA3461C5F3074453F8244081EA3E
:10B190003441340EC6F3074653F824705FFA88F43E
:10B1A0004FEA186853F82440544084EA3724C5F322
:10B1B0000727EDB253F8277084EA3764CAF30747CC
:10B1C000CAF3072A53F8277084EA374453F82870E3
:10B1D00053F82550099A53F82660554085EA3725DB
:10B1E00053F82A7085EA376585EA36454FF0010A3B
:10B1F00063E600BF38CF0600616507002DE9F04F18
:10B2000000F1080344680D6803EB840C53F8243004
:10B210004C6893B06B400293DCF8043001926340B9
:10B2200003938C68DCF80830C96863400493DCF849
:10B230000C30029C4B4005930368059DDDE903102B
:10B240004FEA6309D14B09F1FF390CF1300C4FF093
:10B25000000A5CF8102C06925CF80C2C07925CE952
:10B26000087E5CF8082C08925CE90686B9F1000FAC
:10B270005CF8042C09920CF1200C00F3CA80BAF19E
:10B28000000F03D1DDE90310029C059D069A5FFAC9
:10B2900084F94FEA116C53F8299053F82CC087EACF
:10B2A000090787EA3C27C5F3072C5FFA80F953F8B2
:10B2B0002CC053F8299087EA3C67C0F3074C88EA12
:10B2C000090853F82CC087EA3C475FFA81FC0E97C7
:10B2D00053F82CC08EEA0C0C4FEA106EC0F3072016
:10B2E00053F82EE053F820008CEA3E2CC4F3072ECE
:10B2F00053F82EE08CEA3E6CC5F3074E53F82EE06F
:10B300008CEA3E4C4FEA156EEDB253F82EE053F83E
:10B310002550CDF83CC088EA3E28C1F3072EC1F382
:10B32000074153F82EE088EA3E68C4F3074E240E26
:10B330006E4053F8244053F82EE053F8213086EA4B
:10B34000342686EA306686EA3346F8B2904B119688
:10B350004FEA1C61185C595C504080EA0160C6F3FA
:10B36000072188EA3E4E595C079ACDF840E080EA12
:10B370000120CEF307415FFA8CF4595C1C5D80EA32
:10B3800001404FEA1E615440595C0A9084EA01640E
:10B39000C7F307215FFA8EF5595C84EA0124C6F3EE
:10B3A0000741CEF3072E595C84EA0144310E0B9419
:10B3B000595C089A5D5D554085EA0165CCF307212B
:10B3C000F6B2595C099A85EA0125C7F307413F0E99
:10B3D000595CDF5D85EA0145995D13F80E600C95B7
:10B3E000CCF3074C514013F80C30019A81EA076105
:10B3F00081EA062181EA0343106054600AA895603F
:10B40000D36020210D9300F045FC002013B0BDE86F
:10B41000F08F4FEA116A089A53F82AB05FFA84FA5B
:10B4200009F1FF3953F82AA087EA0A0AC5F307276A
:10B430008AEA3B2A53F827708AEA376AC0F307473B
:10B4400053F827708AEA374A070E53F827B0CFB26D
:10B4500053F827708EEA0707C4F3072E87EA3B27C5
:10B4600053F82EE087EA3E67C5F3074E53F82EE007
:10B4700087EA3E474FEA156EEDB253F82EB053F807
:10B4800025505FFA80FEC0F3072053F82EE088EACB
:10B490000E0EC1F307288EEA3B2E53F828808EEA61
:10B4A000386EC4F30748240E754053F8244053F80F
:10B4B0002880079EC1F3074185EA342453F82050C1
:10B4C00053F821105FFA8AF084EA356585EA314540
:10B4D000390E53F82040069853F82110444084EA6E
:10B4E0003124C5F307218EEA384853F8211084EA45
:10B4F0003164C8F3074153F8211084EA31444FEA1C
:10B50000186153F82100F9B253F82110714081EA13
:10B510003021CAF3072053F8200081EA3061C5F3D7
:10B52000074053F8200081EA3041280EEDB253F86D
:10B5300020605FFA88F0C8F3072853F820005040D5
:10B5400080EA3620C7F30726C7F3074753F826607B
:10B5500080EA3660CAF307464FEA1A6A53F8266053
:10B5600080EA364053F82A6053F82550099A55402E
:10B5700085EA362553F8286085EA366553F8276052
:10B580004FF0010A85EA364563E600BF38CB060076
:10B5900061640700F0B50C4C0C4E63680BB918469B
:10B5A000F0BDDD79C5F3840556F825502D78854228
:10B5B00008D15D7905F00F07B1EB871F02D1B2EB1F
:10B5C000151FECD00834E8E738D30600C418002073
:10B5D00038B5044638B390F84430012B11D1C56B0F
:10B5E0004DB12B7A012B02D168680AF01EFF0C21A5
:10B5F00028460AF0E7FC20464821BDE8384000F024
:10B6000049BB006C10B124210AF0DCFCE06B00287F
:10B61000F1D02368044ADB79C3F3840352F8233062
:10B620009B699847E7E738BDC418002038B5054640
:10B630000C46A9B1482200210CF0E8FAE379094A46
:10B64000C3F3840352F823305B6913B92C600020E4
:10B6500038BD9847E8630028F8D1A0F5C340F7E764
:10B660000148F5E7C4180020009FFFFF2DE9F043D3
:10B670001E46DBB2012B87B00446884615466ED8BD
:10B68000D0F80090B9F1000F69D090F84430012B48
:10B6900039D1C76B1822002168460CF0B7FA6B0746
:10B6A0005DD13B7A002B5AD199F80630102B08D87F
:10B6B0000D2B08D8023B052B05D92A4807B0BDE859
:10B6C000F083263BF7E74FF41053ADF800304FF40A
:10B6D000407302933B46414653F8042B0392EA1D04
:10B6E000D20868460AF06BFF10F1860FE5D028B14A
:10B6F0008D301D4818BF6FF06F00DFE701233B72EC
:10B7000065602672DAE799F8073003F00303012B2E
:10B7100006D899F8053003F00F03B2EB831F1ED152
:10B720006560267299F80730104AE06BC3F3840312
:10B73000012E52F8232009D099F8053003F0F001CA
:10B74000302903D003F0E003402B06D1D3682A460A
:10B75000414607B0BDE8F04318471369F7E70448CE
:10B76000ACE700BF809FFFFF809EFFFFC418002052
:10B77000009FFFFF2DE9F04F154685B00268DDF808
:10B7800038A00446884699461AB9604805B0BDE815
:10B79000F08F90F84420012A01D15D48F6E700229D
:10B7A000CAF800200268002A00F0AB80167916F073
:10B7B0001F0600F0A680527902F0F002102A15D17F
:10B7C000B54240F0A080CAF8005002685149D279D1
:10B7D000C2F3840251F8222090F908105568C06B1A
:10B7E0004246AC4605B0BDE8F04F6047994208D1EB
:10B7F000436A002BC9D1B5FBF6F306FB1353002BAC
:10B80000C3D1202AC9D194F90830626A03928BB956
:10B81000039BE268F31A8AB1AB4211D30398143048
:10B820002A46414620440CF0CAF9636A2B446362FD
:10B830000020ABE7012B03D1039BF31AAB42EDD8F9
:10B84000039B4BB3A6EB030B03F114005A4641468E
:10B8500020440CF0B4F923462E4953F8142BD27926
:10B86000C2F3840251F82220CDE90039936894F99B
:10B870000810E06B1F46324604F12803B847002841
:10B8800084D1DAF80030039F33442F44CAF80030E3
:10B89000B1446062D844BD1B002DC9D0B5FBF6F79A
:10B8A00006FB175737B994F908301BB9E368BB4258
:10B8B00018BF3746ED1B3A4608EB050104F11400AA
:10B8C0000CF07DF9636A3B446362002DB0D02368BD
:10B8D000104ADB79C3F3840352F82330CDE90089A1
:10B8E0002A469E6894F90810E06B04F12803B047DB
:10B8F00000287FF44BAFDAF800302B44CAF8003050
:10B9000044E7054842E7054840E700BF009FFFFFC6
:10B91000809FFFFFC4180020809CFFFF809DFFFFD9
:10B9200070B50C230024CD582EBA44EA460212BA50
:10B93000C250043B1A1DC5F3C014F4D1084B1A6859
:10B940000B7882EAD31253085B4252421343DB174F
:10B95000C27B03F087035340C373002070BD00BF58
:10B96000389C002038B5054670B1046864B159B1FF
:10B970000123FFF77BFE044638B92B6823B19B797E
:10B98000042B04D8012B04D8084C204638BD242BA6
:10B99000FAD12421012000F089F920B12864102176
:10B9A00000F078F9F1E7024CEFE700BF009FFFFFDE
:10B9B000809EFFFF2DE9F04F814685B00D4617466A
:10B9C000002800F08A800268002A00F086800029A2
:10B9D00000F08380D0F840B0BBF1000F7DD0147927
:10B9E000DBF8200004F01F0410B3221ABA421FD261
:10B9F000103058440CF0E3F80BF110010022101D38
:10BA0000A04233D95A44A2EB0B018C4237D803AA87
:10BA100000925B46224659464846FFF7ABFE10BBF4
:10BA2000DBF82020CBF82000A11A3A440D44171B64
:10BA300004F1FF382E464FF0010AB844B8FBF4F881
:10BA4000C2453FD33D44AD1B0CD0DBF82000103085
:10BA50002A46314658440CF0B2F8DBF820202A443C
:10BA6000CBF82020002005B0BDE8F08F51F8106C15
:10BA70000A68724041F8102C04310246BFE7117C7D
:10BA80001078414002F8011BBDE7B1585BF802C0D5
:10BA900081EA0C014BF802100246101D84420BEBA8
:10BAA0000201F2D2A2420FD303AB009322465B46BF
:10BAB00059464846FFF75EFE0028D4D126440AF1D5
:10BAC000010ABDE70022E8E716F802C0087880EA1C
:10BAD0000C0001F8010B0132E4E70148C3E700BFA5
:10BAE000009FFFFF2DE9F04F93B007460391002818
:10BAF00000F0CB800368002B00F0C780056C002DA0
:10BB000000F0C380002900F0C08006AE102130464E
:10BB10000DF128081C790DF1380A00F0BBF810214E
:10BB2000404600F0B7F81021504600F0B3F83A68EC
:10BB300004F01F0492B392F8049009F01F090DF16C
:10BB4000140BCDF800B053464A4651463846FFF72D
:10BB500011FE50B9B9F1100F07D151463046FFF729
:10BB6000DFFE31464046FFF7DBFE1021504600F075
:10BB700091F82B6AA34205F1100911D33046D4463F
:10BB80000022111DA14265D9A2421ED219F802104D
:10BB9000B05C41400AF802100132F5E79146CEE769
:10BBA0005046002293423FD919F8021000F8011BB9
:10BBB00001329442F6D8C44651460022101DA042DC
:10BBC00037D90AEB0201A2423BD350460022A5F12D
:10BBD000040C111DA14246D9A918A2424CD33846E3
:10BBE000CDF800B02B4622462946FFF7C3FD074695
:10BBF00020B90398224629460BF0E1FF1021304678
:10BC000000F048F81021404600F044F800231021CD
:10BC100048462B6200F03EF81021284600F03AF822
:10BC2000384613B0BDE8F08F0CBF01210021C901D7
:10BC3000BCE70A685CF8043B5A4041F8042B024612
:10BC4000BCE7087818F802C080EA0C0001F8010B84
:10BC50000132B8E76A1850F8043BD2685A404CF8F1
:10BC6000042B0A468DE75CF8012050F8043B5A404B
:10BC70004CF801200A46ACE71AF802C0087880EABE
:10BC80000C0001F8010B0132A7E7014FC8E700BF24
:10BC9000009FFFFF10B50A46044619B1024B002170
:10BCA0001B68984710BD00BFBCD30600014B1B6842
:10BCB000184700BFCC180020014B1B68184700BF75
:10BCC000C818002010B500F0FE44B4F1A06F029A2D
:10BCD00007D0B4F1806F01D0094C00E0094CA042BC
:10BCE00002D06FF0850010BD0120B1F5105F187013
:10BCF000F7D10AB90020F6E702231370FAE700BF74
:10BD00000002C003004440047FB5036816460E4A93
:10BD100023F47E1393420D4613D169460430FFF796
:10BD2000E1FE044620B93246694628460BF047FF3B
:10BD300068461021FFF7AEFF20460AF0A6FA04B0CD
:10BD400070BD6FF08800FAE70002C00310B5036809
:10BD500004464BB1094A23F47E13934206D10430C2
:10BD6000FFF736FC00232360002010BD4C22002189
:10BD70000BF04CFF6FF08800F7E700BF0002C00334
:10BD80002DE9F843D0F8009005460F469046B9F1EA
:10BD9000000F2ED123F47E140360174B9C420DD16B
:10BDA00004300AF00BF939887A884B4620460AF0AD
:10BDB00028F9014658B96FF0850416E04C2249462F
:10BDC0000BF024FF6FF085042046BDE8F883281DA2
:10BDD000FFF72CFC20B97A884146281DFFF7C2FDE9
:10BDE0000AF053FA04460028EED02846FFF7AEFFCB
:10BDF000EAE76FF08804E7E70002C00310B50368C4
:10BE00005BB1074C23F47E13A34206D10430FFF745
:10BE1000D1FDBDE810400AF038BA6FF0880010BDBF
:10BE20000002C0030E4B0340B3F1607F06D1B1F5B1
:10BE3000885F0CBF00206FF086007047B3F1707F01
:10BE40000BD101F4E043B3F5005F06D111F4E06FCC
:10BE500014BF00206FF0860070476FF086007047B7
:10BE60000000C07F8A42F8B506460C4600F0D88034
:10BE70006F4B22F4FF7121F00101994210D06D49FE
:10BE800022F0FF038B420BD022F47F7020F00300DE
:10BE9000A1F57061884203D001F5A0618B4227D1E2
:10BEA000634B24F4FF7121F00101994210D06149E4
:10BEB00024F0FF038B420BD024F47F7020F00300AA
:10BEC000A1F57061884203D001F5A0618B420FD1CA
:10BED00014F0FF000BD0584B40F00070984240F037
:10BEE000A18082EA0400FF288CBF00200120F8BD59
:10BEF00004F0FE43B3F1A06F14D102F0FE43B3F19E
:10BF0000A06F40F08F8082EA040333F47E1340F088
:10BF1000898014F40040EAD0C4F30540C2F305421E
:10BF20009042E1E7B3F1407F66D102F0FE43B3F106
:10BF3000407F77D182EA040535F47E1572D131460F
:10BF40002046FFF76FFF00286CD13C4912F47C17A4
:10BF500002EA010116D0B1F1607FC2F3054337D187
:10BF6000D2B242F0007202F17E42033A102A01D8A6
:10BF700033498D5C14F47C1F30D1AB4214BF0020D8
:10BF80000120B4E7B1F1607F0AD1D3B243F000736E
:10BF900003F17E43033B102B48D82A49CB5CDFE7F3
:10BFA000B1F1707F18D106F4E043B3F5005F3BD1E7
:10BFB000C6F302220123934006F4E0410122C6F3B6
:10BFC000022602FA06F6B1F5005F08BF3546D1E752
:10BFD000B1F1707FCED1EFE73B46CBE71FB9C4F399
:10BFE0000542AA421CD0220481D5C4F305408342F5
:10BFF00034BF002001207AE7B3F1106F12D124F092
:10C000001F6020F4702068B902F0FE43B3F1106F96
:10C010007FF46DAF0C48104040F01060A042ADE7D7
:10C02000012064E7002062E73B46C5E73B4697E70F
:10C030000002000600130006FF0000020000C07F9F
:10C0400061660700616607000000FFF637B50D4D19
:10C050002A8840F207239A420C460FD1002301930D
:10C060000A4601AB0146281D09F0BEFF20B9019B1D
:10C07000A34218BF6FF0930003B030BD6FF088008B
:10C08000FAE700BF3C9C002030B50446084624F483
:10C090007F01B1F1106F87B025D14168090A22D123
:10C0A000018821F4405189B244F21215A9421AD1F3
:10C0B0000E490F4D214041F01061A94213D1418832
:10C0C000B1F5807F0FD10C9904910B9903910A99D6
:10C0D0000092CDE901312346426E00F120010AF0C1
:10C0E0007EFD07B030BD6FF08500FAE70000FFF677
:10C0F000000002092DE9F843894616461C4600F067
:10C10000D5F90546002843D1D9F80070B7F800806A
:10C1100008F4E043B3F5804FBB6808BF26F0010682
:10C120009E432DD1A4B3254B24F4FF7222F00102CB
:10C130009A4210D0224A24F0FF0393420BD024F4F9
:10C140007F7121F00301A2F57062914203D002F5E4
:10C15000A06293421FD114F0FF0304D0194A43F0A8
:10C16000007393421ED0F96822464046FFF77AFEDC
:10C17000064668B9396922464046FFF773FED0B9D2
:10C180006FF084050023C9F8003038460AF0CFFC70
:10C190002846BDE8F88304F0FE43B3F1407F04D1A4
:10C1A0002304E0D56FF08605ECE7B3F1A06FF7D07C
:10C1B000044B9C42D6E73546EAE700BF0002000682
:10C1C00000130006FF00000238B500F0FE43B3F193
:10C1D000407F04460D4602D06FF0860038BDFFF761
:10C1E00021FE0028F8D114F47C1F18D0C4F30543B5
:10C1F000032B137022D9224A2240B2F1607F31D141
:10C20000E4B244F0007404F17E44033C102CE3D803
:10C210001C4A125D9342DFD8202BDFD90EE0184B69
:10C220002340B3F1607F0FD1E3B243F0007303F119
:10C230007E43033B102B04D9002313706FF085005D
:10C24000CCE71149CB5CD3E7B3F1707FF4D101F4B3
:10C25000E043B3F5005FEFD1C1F3022101238B402E
:10C26000DBB2C5E7B2F1707FB6D105F4E042B2F5BA
:10C27000005FB1D1C5F302250122AA40CAE700BF81
:10C280000000C07F616607006166070007B50023F4
:10C2900000911A4602490AF03CFB03B000BD00BF02
:10C2A000C0D3060010B5114C2378580744BF03F0E3
:10C2B000FB032370990705D500F096F8237823F047
:10C2C0000203237063781BB1094A00236360536043
:10C2D0000023074863700821FFF7DCFC2378DA07A6
:10C2E00044BF23F00103237010BD00BF3C9C00201D
:10C2F000409C002038B5174C228840F207239A4210
:10C3000017D02378980707D400F066F8237843F015
:10C31000020323700546D0B9D9075CBF43F001037F
:10C320002370228822F0FE0292B2012A04D05A071A
:10C3300009D50025284638BD0749002262604A60B9
:10C3400002226270F3E743F004032370F1E7FFF782
:10C35000A9FFEFE73C9C0020409C002000F14042F8
:10C360000F2A38B505460C4614D81A4B682101FB34
:10C3700002331A7E022A1FD15A6982421CD11A7EC8
:10C38000022A1FD1DA69511C1CD00132DA61002067
:10C39000236038BD01210AF0A5FB80B10D4A0021C0
:10C3A0001346107E022802D15069A8420DD00131F7
:10C3B000102902F16802F4D16FF08B00E9E76FF009
:10C3C0008700E6E76FF09600E3E7682202FB01339F
:10C3D000D5E700BF489C0020024B012283F880264D
:10C3E00000207047489C00202DE9F0410A4C0025B0
:10C3F00026464FF001080327C4F81C802776204604
:10C40000013509F0F5FF102D04F16804F4D1002383
:10C4100086F88036BDE8F081489C0020F8B5214DB3
:10C4200095F8803607460E46002B34D000242B4664
:10C430002246197EF9B13CB9022905D1D96919B949
:10C440001979A14218BF1C460132102A03F1680372
:10C45000EFD114B96FF08C000BE0237E022B04D1D6
:10C46000E3695A1C1CBF0133E361204609F0C0FF99
:10C4700010B100240DE01C46237E7BB901232376F6
:10C4800037B1094B651BED105D4305F180453D60FB
:10C4900000203460F8BD6FF08800EAE76FF0960086
:10C4A000E7E700BF489C0020C54EECC438B5094BF7
:10C4B00000250D6093F880360C4643B1FFF74EFF20
:10C4C00010F18C0F02D125606FF0870038BD6FF03E
:10C4D0008800FBE7489C0020043004289ABF034BE7
:10C4E00033F910006FF08300704700BF5AD7060081
:10C4F00070B506680F488642DDE9045410D1202A41
:10C5000011D1402D12D91846042300F8013B00F048
:10C510000FFA08B941232360BDE87040FFF7DCBF84
:10C520006FF0850070BD6FF08600FBE76FF089004B
:10C53000F8E700BF12710001014B0AF02BBC00BFED
:10C5400068D4060070B5144688B006460D462046ED
:10C5500021460C4A0AF07CFC224621466846FFF739
:10C56000EBFF6A4631463046FFF7E6FF2246694652
:10C570006846FFF7E1FF6A4629462846FFF7DCFFD9
:10C5800008B070BD68D4060030B5044689B00AF022
:10C59000C6FB0C4A214668460AF059FB01210546B4
:10C5A00068460AF038FB6A46214668460AF04FFBA7
:10C5B0002DB1003818BF0120404209B030BD4FF006
:10C5C000FF30FAE724D4060030B589B004460AF0FB
:10C5D0003EFB21460546054A68460AF022FB2A46EC
:10C5E000694620460AF04AFB09B030BD68D406000F
:10C5F00070B5044690B00D46114616460AF08FFB02
:10C60000204A214608A80AF022FB012803D04FF057
:10C61000FF3010B070BD114620460AF0F8FB06F15D
:10C62000200128460AF07BFB164A294608A80AF092
:10C630000EFB0128EBD1114628460AF0E8FB2A46FA
:10C6400029466846FFF778FF2246214608A8FFF7EB
:10C6500073FF08A922460846FFF76EFF032508A9C5
:10C6600022460846FFF7B0FF013DF8D108A9084669
:10C67000044B054A0AF079FB08A968460AF00FFB4B
:10C68000C7E700BF68D4060004D4060070B598B0B0
:10C6900004460D4608A811461646FFF74DFF344BD9
:10C6A00008AA214668460AF060FB08AA214610A89D
:10C6B000FFF78AFF10AA694608A8FFF73DFF08AAFE
:10C6C000114668462A4B0AF050FB294B08AA6946D6
:10C6D00068460AF04AFB2A46294610A8FFF72CFFB5
:10C6E00010AA234B114610460AF03FFB10AA214620
:10C6F00008A8FFF721FF08AA1D4B114610460AF0B3
:10C7000034FB10AA11461046FFF716FF10AA184B6B
:10C71000114610460AF029FB6A4669462046FFF793
:10C720000BFF08AA21462046FFF74EFF08AA214624
:10C730002046FFF749FF324629463046FFF7FCFE08
:10C740000B4B3246314630460AF00FFB224608A911
:10C750002846FFF739FF6A4629462846FFF7ECFED0
:10C7600010AA29462846FFF72FFF18B070BD00BF5A
:10C7700068D406002DE9F04FA3B00D462C9C30493B
:10C780008046934602A8224699460AF060FAD4F8F9
:10C7900000A021460AF0010202A812AF0AF06EFAC8
:10C7A000002138460AF037FA4A4639460AA8FFF708
:10C7B0000BFF0122594640460AF060FA0122494621
:10C7C00028460AF05BFA1F4A01211AA80AF035FB35
:10C7D0006FEA0A0202F001020AA928460AF04EFA9C
:10C7E000FF26730922AA02EB830306F01F0253F807
:10C7F000804CD44084EA0A04E24302F00102494634
:10C8000038460AF03BFA04F001020AA938460AF059
:10C8100035FA1AAA29464046FFF738FF00975B46CB
:10C820001AAA294640460AF055FB013ED9D11AAA58
:10C8300029464046FFF786FE23B0BDE8F08F00BFD3
:10C8400024D4060068D406002DE9F74307460E46B7
:10C85000904699460425202138460AF09CFB78B979
:10C8600039463046FFF790FE044638B9074B084A70
:10C87000009649464046FFF77DFF03E0013DEAD1BF
:10C880004FF0FF34204603B0BDE8F083C4D3060068
:10C89000E4D3060030B599B00D4610AB694608AA3E
:10C8A000FFF7D2FF202104466846FFF7F3F96CB981
:10C8B000084A08A928460AF0FBFA064A10A905F119
:10C8C00020000AF0F5FA204619B030BD4FF0FF34D1
:10C8D000F9E700BF68D4060070B5AAB002AD0646FD
:10C8E00028461446FFF750FEC8B9224612A90AA8E6
:10C8F000FFF77EFE0446A8B90AAA22A91AA8009545
:10C9000012ABFFF737FF094A1AA930460AF0D0FAEE
:10C9100028462021FFF7BEF920462AB070BD6FF0EF
:10C920000204F5E76FF00104F2E700BF68D40600E7
:10C9300070B59AB002AD06462846FFF725FE0446BC
:10C94000C0B90E4B0E4A009512A90AA8FFF712FFB4
:10C9500020212846FFF79EF90A4A0AA930460AF024
:10C96000A7FA084A12A906F120000AF0A1FA204607
:10C970001AB070BD6FF00204F9E700BFC4D306001F
:10C98000E4D3060068D406002DE9F04182B00469C2
:10C99000236802AF53B9384A3848012104F0EFFF49
:10C9A0006FF012052846BD46BDE8F0814668706804
:10C9B0000AF0A3FB08B9324AEEE77068317A73894E
:10C9C000D0F810E0D0F80880DEF80050DA0754BF45
:10C9D00043F4B01383F4D0134FF0010C23F480120E
:10C9E0000CFA01FCDB074CBF4CEA050525EA0C05F7
:10C9F000CEF80050D8F800309847054638B1337A61
:10CA0000204A009001211D4804F0CAFFCAE70146F0
:10CA1000142204F10C000BF0F9F804F12002626119
:10CA200002220123A26104222361A3776277327874
:10CA3000A5601A44144B636021460C23627223776D
:10CA400051F8040BA84683681B6898476C463378F6
:10CA500005468AB00D4A07920D4A0A90CDE908238F
:10CA600002AA052342F8103F044843464FF42451DC
:10CA7000D9F7DCFCA54695E7FF520700C4900600F5
:10CA8000215307004A530700000428406853070059
:10CA9000726607002DE9F04FA1F12B039BB285B020
:10CAA000152BDFF8B88100AF04D8644A22FA03F3EB
:10CAB000DB0717D46C4688B0614B07916A46CDE915
:10CAC0000538042342F8103F5E4800234FF4045118
:10CAD000D9F7ACFCA5466FF0850420461437BD4657
:10CAE000BDE8F08FD0F804A005690AF1040901211E
:10CAF00048460AF0A5FA044688B16D4688B0524B04
:10CB000007906A46CDE90538042342F8103F4D48A6
:10CB100000234FF40451D9F789FCAD46DDE700212D
:10CB20004FF4A4700AF0F7FE294651F80C0B836805
:10CB30005B6898472346AC77044600286CD12B6885
:10CB40002E8C9B6828791B8995F81CB0734307F1DC
:10CB50000C01FB60F9F7ACFE10B9FE6846FA0BF663
:10CB6000DAF81010DAF80C204FEAE67EA1FB060C8A
:10CB7000002301FB0EC1CAF769FFC7F804D0834642
:10CB80001FFA80FA2B8C8AB0304ACDF824A0CDE968
:10CB900005286A46CDE90736062342F8103F0023F0
:10CBA0004FF444512748D9F741FC0FFA8BF0D7F8DE
:10CBB00004D00AF032FA88B00646254B07906A4640
:10CBC000CDE90538042342F8103F1E4800234FF4F6
:10CBD0000451D9F72BFCD7F804D0A5F822A085F88A
:10CBE0002460002148460AF02BFA054600283FF44D
:10CBF00074AF6C4688B0174B07906A46CDE905388C
:10CC0000042342F8103F0F4800234FF40451D9F792
:10CC10000DFCA5462C4660E76D4688B00E4A07908D
:10CC2000CDE905286A46042142F8101F05484FF453
:10CC30000451D9F7FBFBAD46D3E700BF210020002C
:10CC400084530700C4900600AF530700D753070072
:10CC5000F753070022540700075407007B660700BC
:10CC600070B50546C8B1047874B10D4C0D4EB44290
:10CC700001D3002408E02168A94207D120460AF028
:10CC80003CFA002808BF0024204670BD2846CAF799
:10CC9000F7FE0028F2D01834E9E70446F4E700BFB5
:10CCA0004C870600848B0600014B986864307047FF
:10CCB000CCA2002010B50446D9F7EEFA0348044A86
:10CCC000012104F05CFE20460AF022FA5C90060086
:10CCD000515407002DE9F843054600AF0E46EFF327
:10CCE0001188202383F31288BFF36F8F04282A4A08
:10CCF00098BF2A4B946894BF53F82030284B127C7D
:10CD0000E9468AB02749CDE9073240F201336A4645
:10CD1000ADF82430244BCDE9051042F8103F2348EC
:10CD200000234FF43151D9F781FBCD4646B1F36969
:10CD3000C3F3080323B11E4A1C48012104F01FFE5F
:10CD40002CB120460AF039FD08B1037803B919481F
:10CD5000E9468AB0184B0790CDE905346A4640F29F
:10CD60000133ADF82030154B42F8103F00230F4837
:10CD70004FF41151D9F75AFB3146CD462846FFF7FB
:10CD800099FF88F31188BFF36F8F2046DBF7A2FD70
:10CD9000BD46BDE8F88300BFCCA20020DCD406006D
:10CDA000FADA060060540700050000015C900600F6
:10CDB00088540700FF2A0700A95407000400000157
:10CDC00038B5094B53F82040013053F82050A542A4
:10CDD00000D838BD636823B120460AF0A1F90834B1
:10CDE000F5E723689847FAE7F0D4060070B5274BBB
:10CDF000274C284D86B0012203201A70FFF7E0FF70
:10CE000001F03CFC0AF0A8F90420FFF7D9FFAC427E
:10CE100026460FD300F0C0FF1D4CAC4221D300F0DA
:10CE2000CFFFD8F7E3F81C4A137B23F001031373F9
:10CE300006B070BD636A0593236A0493E3690393A4
:10CE4000A36902936369019323690093303454E921
:10CE50000A2354E90C0100F0BDFD54F8303C5E6536
:10CE6000D5E7D4E90A23B3F1FF3F08BFB2F1FF3F92
:10CE700005D052EA0301206803D101F083F8303471
:10CE8000CBE70649183001F029FAF8E76BA6002035
:10CE9000048D0600348D0600D85A0020AB780600B9
:10CEA00008B50348034A0021121A0AF051F908BDD7
:10CEB0000020002070A6002070B5154D154C1649B5
:10CEC000C82386B003FB005501220023CDE90423CB
:10CED0000F22CDE902320193182303FB00440646DA
:10CEE00001EB40210D4B00944FF4C072284600F036
:10CEF00071FD6B7B0A4AE56023F004036B734FF40A
:10CF0000086306FB033313442674636006B070BDE8
:10CF1000105A0020CCA2002000EC0020B7720600BE
:10CF200080E300207FB50020FFF74AFF2A4B83F300
:10CF300008882A4C636943F4007363610025E02389
:10CF400084F82230E57725766576A57684F820503A
:10CF5000636A43F4E023636284F82350DBF77AFCCE
:10CF6000DBF746FE4FF0FF33A362E362DBF714FF0B
:10CF7000DBF756FED9F7FAF819481A4C00F094FD81
:10CF80000AF0BAF80120FFF71BFF0220FFF718FF95
:10CF900000F050FF144B15499C61154B059301237C
:10CFA0004FF48062CDE90353CDE90155114B009553
:10CFB000204600F00FFD637B064623F00403204665
:10CFC00063730AF034FC2846FFF776FF094A3146BE
:10CFD0002046DBF7E7FD00BF00EC002000ED00E09D
:10CFE000885C0020D85A0020CCA2002000EE00204F
:10CFF0000B550700EDCD050038B5064C064DAC428B
:10D0000001D3002038BDD4E9011220460AF0A5F86A
:10D010001434F4E7401B0020401B002038B5074CB7
:10D02000074DAC4201D3002038BD20460AF0F2F88B
:10D0300008B91C34F5E76FF01500F5E7D01A0020A9
:10D04000401B002073B50D46EFF31181202484F3BB
:10D050001288BFF36F8FC4685CB12C602368C36013
:10D06000836901338361002081F31188BFF36F8FDF
:10D0700011E052EA030603D12C606FF00B00F3E7D6
:10D08000CDE900230246083000F0E4FD18B9034B57
:10D090009B685B692B6002B070BD00BFCCA2002012
:10D0A000F7B504460F46EFF31186202181F312886D
:10D0B000BFF36F8F006AE168884238D22568AC42BE
:10D0C00018D0BDB128460AF001F905F118000AF0A0
:10D0D00076FCA268686939460AF071FD0023EB67A7
:10D0E00028460AF0A4FB04F10800314600F02EFEA9
:10D0F00000202AE0A268E06939460AF060FDE36991
:10D10000A26813446269E361934204BF2369E36147
:10D11000236A01332362102104F124000AF029FD5F
:10D120000028E0D186F31188BFF36F8F0DE052EA3B
:10D1300003010CD00749896804F108004F61CDE96B
:10D1400000233146224600F085FD03B0F0BD6FF0AC
:10D150002200E7E7CCA20020F7B504460846EFF32B
:10D160001186202181F31288BFF36F8F216A002975
:10D170003AD0A268A1690AF022FDA369A2682568D5
:10D1800013446269A361934204BF2369A361236AC4
:10D19000AC4203F1FF33236235D02846002D33D053
:10D1A0000AF094F805F118000AF009FC6969A26810
:10D1B000E0690AF004FDE369A26813446269E3616F
:10D1C000934204BF2369E361236A0027013323628A
:10D1D0002846EF670AF02BFB04F10800314600F007
:10D1E000B5FD384603B0F0BD52EA030111D00A493B
:10D1F00089684861CDE900233146224604F10800E0
:10D2000000F028FDEEE7002086F31188BFF36F8F52
:10D21000E8E76FF02200F7E7CCA200202DE9F34108
:10D22000044617469846EFF31186202383F31288AD
:10D23000BFF36F8F324BC568996875B180688842BB
:10D2400017D052EA080316D186F31188BFF36F8F07
:10D250006FF00F0002B0BDE8F08191F90E3023614C
:10D260000135C4E9021586F31188BFF36F8F0020E2
:10D27000F0E72369F3E791F90E1090F90E30994227
:10D28000A8BF19466FF07E029142B8BF11468B428B
:10D290002DDD0AF075F80546CDE9007819482246DB
:10D2A000314600F0D7FC0028E1D0EFF311862023AF
:10D2B00083F31288BFF36F8FA068D0B12368216910
:10D2C0009C420AD04BB193F90E309942A8BF19463F
:10D2D0006FF07E039942B8BF19460AF051F840B189
:10D2E0000848314600F032FD6FF00A00B2E7002531
:10D2F000D2E7002DF4D186F31188BFF36F8FF3E7E7
:10D30000CCA200206CA60020F8B583680546002B4F
:10D310003FD0234A926893423ED1C368012B03D980
:10D32000013BC3600020F8BDEFF31187202383F396
:10D330001288BFF36F8F016980680AF021F82C68AA
:10D34000A54207D10023C5E9023387F31188BFF353
:10D350006F8FE7E7002CF5D0D4E9003213605A60F4
:10D36000637B002623F002036373C4E90066A660B2
:10D3700004F118000AF023FBAC6094F90E302B6125
:10D380002046E6670AF053FA0648394600F0DEFC0C
:10D39000C8E76FF01500C6E74FF0FF30C3E700BFE6
:10D3A000CCA200206CA6002037B5EFF31185202118
:10D3B00081F31288BFF36F8F04689CB123684268C1
:10D3C00023F003039442036008BF43600121204619
:10D3D0000AF05FF8044685F31188BFF36F8F20468B
:10D3E00003B030BD52EA0301F5D00830CDE9002387
:10D3F0002946024600F02EFC0028F0D1014B9B6824
:10D400005C69ECE7CCA2002070B5EFF31186202315
:10D4100083F31288BFF36F8F0468A0421AD0CCB197
:10D42000D4E9003213605A60637B002523F00203C5
:10D43000C4E900556373A56004F118000AF0BFFA4F
:10D44000E56720460AF0F3F931460B48BDE8704025
:10D4500000F07CBCD0E902329A4218BF01338360ED
:10D46000022110300AF085FB0028EDD186F31188E7
:10D47000BFF36F8F70BD00BF6CA6002013B5EFF334
:10D480001181202484F31288BFF36F8F846844B124
:10D49000013C846081F31188BFF36F8F002002B0DC
:10D4A00010BD52EA030406D181F31188BFF36F8FD8
:10D4B0006FF00F00F3E7CDE900230246014800F0CA
:10D4C000C9FBECE76CA60020F8B50546EFF3118622
:10D4D000202383F31288BFF36F8F00272C68A542A7
:10D4E00018D0BCB1D4E9003213605A60627B0023CB
:10D4F00022F00202C4E900336273A36004F1180051
:10D500000AF05DFA6FF00A03E36720460AF08FF92C
:10D510000127E3E70023AB60022105F110000AF0C8
:10D5200028FB28B927B986F31188BFF36F8FF8BDA0
:10D5300031460248BDE8F84000F008BC6CA6002067
:10D540001FB5094B02934FF48073039302AB009312
:10D55000064907484FF0FF334FF4006200F05EF9D0
:10D56000002005B000BD00BF1355070080F2002069
:10D57000A05B00202DE9FF414E4E05462027EFF32A
:10D58000118887F31288BFF36F8FD5F8C840D5F89C
:10D59000E030F4B923F004025807C5F8E020C3F3E3
:10D5A000800165D50022012105F1D8000AF0CCF9EF
:10D5B0000028F7D1002302934FF0FF324FF0FF33E2
:10D5C000CDE90023414605F1D0023B4800F0A4FD1F
:10D5D000D5E7D5F8CC102268C5F8C8208C4243F0B6
:10D5E000020308BFC5F8CC20C5F8E030E36823F09B
:10D5F000040343F00103E360636888F31188BFF319
:10D600006F8F20469847EFF3118887F31288BFF396
:10D610006F8FE368D90623F0010234D4E260E36837
:10D620009A0716D5306823F00203E36088B10368D7
:10D63000002170B14268944233D1036859BB7268CB
:10D640003360904200D17360002340F8083BFFF73D
:10D65000DBFED5F8E03023F00203C5F8E03088F3B4
:10D660001188BFF36F8FDB0589D400F0EBFB86E7F1
:10D67000D0069FD5C5F8E01088F31188BFF36F8FEF
:10D6800004B0BDE8F08123F01103E36004F1100061
:10D69000FFF7BAFEC3E70B607368984208BF71607A
:10D6A000D2E701461BB11A6818461346C1E71A466D
:10D6B000FAE700BFF4A200206CA6002070B5C36892
:10D6C000C3F340069B0705460C460DD501220021F9
:10D6D00004F1080009F03DFF00232360054B65605D
:10D6E0005A681AB9C3E90044304670BD14605C60E2
:10D6F000FAE700BFF4A20020F8B5C568AB070446FE
:10D700000F4642D46E0735D40B680BB983680B60A3
:10D71000237BD80744BFA3683B603E684CBF02250B
:10D72000012556B31B4B9B68B3421DD10AF03CF850
:10D7300080F00100C0B2D6F8E030D90720D55A07F2
:10D7400021D510B300232360D6F8CC3073B9C6E9D5
:10D750003244304609F00EFFE36843F00403E3600F
:10D760003B68A3602846F8BD0020E4E71C60C6F8CB
:10D77000CC40EEE7C5F3400509E06FF0150506E083
:10D780006FF0120503E01B07DCD56FF00F050023D7
:10D790003B60E7E7CCA20020F8B5C36803F00503BF
:10D7A0001F1E06460C4618BF0127E3B185680122FB
:10D7B000002104F1100009F0CCFE1449204609F0C4
:10D7C00041FFE36843F01003E360F3685B0712D5A1
:10D7D000336823606BB9D5F8CC3033B9C5E932442E
:10D7E000284609F0C7FE3846F8BD1C60C5F8CC4095
:10D7F000F6E73460F4E7D5F8C8302360D5F8CC30CC
:10D80000C5F8C840002BEBD1F0E700BF73750600E8
:10D810000146014809F040BFA05B0020F0B589B087
:10D8200004460020C4E932000E9D04F1D000C4E992
:10D83000340004F1D800C4E936004DB3287900283B
:10D8400040F2011008BF0120C4F8E00000204FF0B2
:10D85000FF364FF0FF37CDE90330CDE90100CDE9C8
:10D8600006670C4B0094204600F0F2F855B1296889
:10D8700011B1204609F09EFF6B791BB1237B43F069
:10D8800001032373204609B0BDE8F04000F07ABBE5
:10D890000120D9E775D5050037B501900846EFF3AB
:10D8A0001184202181F31288BFF36F8FC16811F0BA
:10D8B0001E0F16D153EA020508D101A9FFF71CFF7C
:10D8C00084F31188BFF36F8F03B030BD41F00801BE
:10D8D000C160019981621030034900F0FFFC012012
:10D8E000EEE70020ECE700BF09760600014601489C
:10D8F000FFF7D2BFA05B0020F7B50C46019016469B
:10D900001D46EFF31187202383F31288BFF36F8F37
:10D91000084609F036FE55EA060309D101A920465A
:10D92000FFF7EAFE87F31188BFF36F8F03B0F0BDF6
:10D93000E168019BA36241F00801E16004F110007D
:10D94000034932462B4600F0C9FC0120EAE700BF3C
:10D950000976060001460148FFF7CEBFA05B002014
:10D960002DE9F0410646EFF31187202383F3128857
:10D97000BFF36F8F0468A0421CD0DCB1204609F0D1
:10D9800006FF04F118000AF01AF80025A846C4F8AA
:10D990007C80204609F04BFF3468A64205F1010562
:10D9A00010D07CB1204609F0F2FE04F118000AF014
:10D9B00006F8ECE787F31188BFF36F8F0025284640
:10D9C000BDE8F0810248394600F0C0F9F7E700BF32
:10D9D0006CA60020F0B5073285B022F0070204469D
:10D9E000FF320E9D0D9E2573583022F07F02C4E950
:10D9F0001600042500207F2AA673C4E90600A06053
:10DA00006573E07301F18007A2F1800605D880F309
:10DA10001188BFF36F8F284602DFC4E91A768D188C
:10DA200000260C9A266702920B9A01920A9A00929B
:10DA300020462A46DBF732F8044B66659B6803B143
:10DA40005B6F6367284605B0F0BD00BFCCA2002025
:10DA5000F0B587B000270597109F04970F9F039795
:10DA60000E9F0297DDE912650D9F01970C9F0097AD
:10DA70000446FFF7AFFFB5F1FF3F08BFB6F1FF3F28
:10DA800005D055EA060305D1204600F07BFA204672
:10DA900007B0F0BD034932462B4604F1180000F0F0
:10DAA0001DFCF4E7AB78060040F2011383810023EC
:10DAB000C0E91A334367014B98607047CCA200203D
:10DAC000094A93686FF00A01D967084998674B685B
:10DAD00043F080534B60002383F31188BFF36F8FB3
:10DAE0009368D86F704700BFCCA2002000ED00E023
:10DAF00070B5437B13F09F0F2DD11C4C63F07F0357
:10DB00002246437352F81C3F934225D1216AC0E953
:10DB10000021086020620FE08B42F8D01B68002BC8
:10DB2000F5D093F90E6090F90E50AE42F4DD5968CD
:10DB3000C0E9003108605860E569954200D005B938
:10DB4000E568A3685A7BD20608D1DA897F2A05D90D
:10DB5000AA691AB9A36170BD216AE0E7AB4202D09D
:10DB6000284600F019FBA561F5E700BFCCA2002014
:10DB700038B590F90D20437B002A014604DA03F002
:10DB80007F03437309F01BFE0D4D2A46AB6852F824
:10DB90001C4F944200D004B9EC688B4207D05A7BEA
:10DBA000D20604D1DA897F2A01D9A2692AB1A34217
:10DBB00002D0204600F0F0FA2346AB6138BD00BF2A
:10DBC000CCA2002070B590F90D20437B002A0146BD
:10DBD00004DA03F07F03437309F0F1FD4B7B1C4C27
:10DBE00063F07F0322464B7352F81C3F93422DD1C2
:10DBF000206AC1E90020016021620FE08342F8D071
:10DC00001B68002BF5D093F90E6091F90E50AE42CF
:10DC1000F4DD5868C1E9003001605960E569A36826
:10DC2000954200D005B9E5688B4207D05A7BD206F1
:10DC300004D1DA897F2A01D9AA692AB1AB4202D07C
:10DC4000284600F0A9FA2B46A36170BD206AD8E7E8
:10DC5000CCA20020F8B5124B0F4612499868086014
:10DC6000DDE90665EFF31181202181F31288BFF30E
:10DC70006F8F9C681146204609F0B3FDB5F1FF3F58
:10DC800008BFB6F1FF3F06D0074932462B4604F1E4
:10DC9000180000F023FB3846BDE8F840FFF710BF3E
:10DCA000CCA20020FCA20020AB780600F8B5044608
:10DCB000EFF31187202383F31288BFF36F8F437B29
:10DCC00003F01F02B2FA82F6760949B232B18173CB
:10DCD00087F31188BFF36F8F3046F8BD03F07F03E1
:10DCE000437309F06CFD184D437B817363F07F0330
:10DCF0002A46437352F81C3F286A93421AD1C4E95A
:10DD0000002004602C62EC69944209D1EC68AB6895
:10DD10009C4201D1AC61DBE7204600F03DFAF9E717
:10DD2000002CF4D1F2E793F90EC08C4505DC834258
:10DD3000E5D01B68002BF6D1E1E75968C4E9003152
:10DD40000C605C60DFE700BFCCA2002049B9EFF3B4
:10DD5000058030B9054B9A699B689A4201D0FFF75C
:10DD6000AFBE81F31188BFF36F8F7047CCA2002044
:10DD7000034648B9EFF3058232B9064A91699268C1
:10DD8000914201D0FFF79CBE83F31188BFF36F8FE0
:10DD9000704700BFCCA20020EFF31181202383F352
:10DDA0001288BFF36F8F054B9A68D37B013BD37307
:10DDB00081F31188BFF36F8F704700BFCCA20020A2
:10DDC00070B5EFF31186202383F31288BFF36F8FB2
:10DDD000174DAB68DA7B0132DA732A4652F81C4FD2
:10DDE000944216D1EC685A7BD20619D0A34213D1C3
:10DDF0002346AB6186F31188BFF36F8FEFF3118079
:10DE0000202383F31288BFF36F8FBDE87040FFF7C4
:10DE1000AFBF002CE7D1E5E7204600F0BDF9E7E70A
:10DE2000DA897F2AE2D9A269002ADFD1E1E700BFBF
:10DE3000CCA20020024B03F11C02C3E90722704769
:10DE4000CCA2002070B5EFF31186202383F3128853
:10DE5000BFF36F8F1A4CA168206A0B68814214BF10
:10DE60001A46002249680B605960A368216A2AB9E2
:10DE7000144AC3E900210B6023620AE092F90E50B4
:10DE800093F90E00854216DD5168C3E900210B604D
:10DE90005360E5690B4B9D4200D005B9E568A36866
:10DEA0009D4202D0284600F077F9A5613046BDE8D2
:10DEB0007040FFF705BE8A42DAD01268D7E700BF8C
:10DEC000CCA20020E8A2002050EA01032DE9F04195
:10DED00005460F4604D1FFF7B5FF0020BDE8F081ED
:10DEE000831C71F1FF3324DB09F08AFD2C18EFF35A
:10DEF0001188202383F31288BFF36F8F0F4E104BCE
:10DF0000B0681860FFF734FEB0680E492A463B46F9
:10DF1000183000F0E3F9B268537B43F00403537305
:10DF20004046FFF7CDFD09F06BFD201A20EAE070B6
:10DF3000D4E76FF00104241AD9E700BFCCA2002077
:10DF4000FCA20020AB780600DFF834C00B4A08B50D
:10DF500000214FF4004EC0FB0EC100236046C9F7FC
:10DF600075FDC117FFF7B0FF044947F6FF730022A4
:10DF7000E0FB0132DB0B43EA424008BD40420F00A8
:10DF80003F420F0038B50446EFF31185202383F399
:10DF90001288BFF36F8F437B5B070FD5183009F0F2
:10DFA0000EFD637B23F0040320466373FFF7A0FD9F
:10DFB00029460548BDE83840FFF7C8BE85F31188FB
:10DFC000BFF36F8F38BD00BF6CA60020014B98686F
:10DFD000704700BFCCA200202DE9F8430446077B20
:10DFE000EFF31186202383F31288BFF36F8F437BF7
:10DFF000190705D586F31188BFF36F8FBDE8F88345
:10E00000D90907F0010743F008026FD14273A368F2
:10E0100013B1204609F0DBFB04F1180009F0CFFC36
:10E02000A56D04F15808A84511D04FF0000975B14D
:10E03000284609F0CCFB05F1180009F0C0FCC5F832
:10E040007C902846FFF754FDA56DA845EFD1DFF879
:10E05000C480D8F808309C4250D1EFF30589B9F15B
:10E06000000918BF4FF00109D8F81C50274A954203
:10E0700000D00DB9D8F80C50AB4202D0284600F0C1
:10E080008BF82046C8F81850DAF768FDB9F1000F90
:10E0900002D01F48FFF708FDD8F808309C4230D165
:10E0A000EFF305836BBB227BD20711D586F3118872
:10E0B000BFF36F8F83F31188BFF36F8F042318466C
:10E0C00002DFEFF31186202383F31288BFF36F8FF3
:10E0D0003046FFF7F5FC002F90D0002383F3118822
:10E0E000BFF36F8F0423184602DF87E703F07F0337
:10E0F00043F00803437309F062FB88E74FF000091F
:10E10000B2E786F31188BFF36F8FE4E7E8A200203F
:10E11000885C0020CCA20020D3B5DDE90667089C0E
:10E12000CDE90067FFF796FD1CB1034B9B685B6967
:10E13000236002B0D0BD00BFCCA20020044BC01AA7
:10E14000044BC0105843044B01221A54704700BFBF
:10E15000505D0020ABAAAAAA6CA60020C3897F2B21
:10E1600012D80A4B1B6863B1094B90F90E201B684B
:10E170009A4209DB437BDB0606D1064BC31A18BF64
:10E18000012303F0010070470023FAE704A30020F5
:10E1900000A30020105A002070B50E4B0E4C1D7CC1
:10E1A000182303FB05440646204609F008FC0B4BE8
:10E1B000002230465A55FFF7D1FF48B1084B0949B4
:10E1C0001A68013A2046D317BDE8704000F086B8BF
:10E1D00070BD00BFCCA20020505D00206CA60020C6
:10E1E00004A300203DE1050038B5EFF3118520239D
:10E1F00083F31288BFF36F8F104B114A9C6810682D
:10E20000A04206D1FFF7C8FF85F31188BFF36F8FD7
:10E2100038BD00211B7C11600A4AD35C002BF3D06F
:10E220002046FFF79BFF0028EED0637BDB0602D180
:10E230002046FFF7C7FC2046E4E700BFCCA2002041
:10E24000FCA200206CA600200748084A084908B52F
:10E25000121A08F07FFF0748074A0849BDE808403E
:10E26000121A08F077BF00BF00000020FC1F00203A
:10E2700058670700000000200000002058670700D2
:10E28000024B1868984208BF00207047F818002019
:10E29000034B1B680BB9FAF7B7BF0020704700BFEC
:10E2A00008A3002030B570B10B4B5B6898420AD0D0
:10E2B000036843B1D3E90421D0E90445121941EBC5
:10E2C0000501C3E90421D0E9003213605A6000233C
:10E2D000C0E9003330BD00BFF8180020B3F1FF3FA4
:10E2E00008BFB2F1FF3FF8B504461D461746184671
:10E2F00031D0A160EFF31186202383F31288BFF39E
:10E300006F8F013275F1FF3326DBFFF7C1FF7B1CF6
:10E3100045F100051B1845EBE075C4E90435FFF72E
:10E32000AFFFDFF89CC0DCF8047048BBC4E900C74D
:10E330003C60CCF80440FFF7A3FF844207D11E4B9A
:10E340001C6824B909F022FB2146FAF72FFF86F357
:10E350001188BFF36F8FF8BD1849D1E900256FF020
:10E3600001039B1A4FF0FF3262EB0505DB1B65EBE7
:10E370000005012B75F10002BCBF01230025CCE78D
:10E38000D0E90431D4E904259A4275EB010E08DB8B
:10E39000D21A65EB0105B842C4E90425C6D000686D
:10E3A000C3E79B1A61EB0501C0E904314368C4E986
:10E3B00000031C604460BEE708A30020685D0020E5
:10E3C000F81800202DE9F0470246EFF311852023CD
:10E3D00083F31288BFF36F8F244F254E3860FFF709
:10E3E0004FFF4FF000084FF00009D6E900134FEA45
:10E3F000E27E50B1D0E9044CA2427EEB0C0A18DA5E
:10E40000A41A6CEB0E0CC0E9044C521843EB0E033B
:10E410000024C6E900233C6009F0B8FA2146FAF767
:10E42000C5FE85F31188BFF36F8FBDE8F047FFF796
:10E43000DBBE611843EBE473C0E90489C6E900134D
:10E44000FFF730FF85F31188BFF36F8F836898471C
:10E45000EFF31185202383F31288BFF36F8F3A689F
:10E46000121B3A60FFF70CFFBFE700BF08A30020B4
:10E47000685D002010B5EFF31184202383F3128828
:10E48000BFF36F8FFFF704FF054AD2E90031C318CD
:10E4900041EBE07184F31188BFF36F8F184610BD14
:10E4A000685D0020F8B50546EFF31187202383F35C
:10E4B0001288BFF36F8F026822B187F31188BFF310
:10E4C0006F8FF8BDD0E90A36581C46F100010228CA
:10E4D00071F1000127D3012B76F10001BCBF0123AC
:10E4E00016465C1E46F1FF3609F08EFA013041F106
:10E4F0000001001946EB0101012871F100013ADB2E
:10E5000009F082FA013041F100016FF001020019B7
:10E5100046EB0103121A4FF0FF3161EB0303184978
:10E520002846FFF7DBFE2B6B01332B632B6A6BB1A5
:10E5300087F31188BFF36F8F2B6A28469847EFF354
:10E540001187202383F31288BFF36F8F2B4653F874
:10E55000184F9C42B1D0002CAFD0204609F076F97C
:10E560000023E36787F31188BFF36F8F2046BDE870
:10E57000F84009F05CB96FF001024FF0FF33CEE7CD
:10E58000A5E40500F8B5044617461E46EFF31185CD
:10E59000202181F31288BFF36F8FB3F1FF3F08BFD3
:10E5A000B2F1FF3F04D185F31188BFF36F8FF8BD3F
:10E5B000511C73F1FF3108DB012A73F10001BCBF6C
:10E5C00001220023571E43F1FF36204609F0F7F9D8
:10E5D000DDE90623C4E90A230023236303493A46FD
:10E5E00033462046FFF77AFEDDE700BFA5E40500CD
:10E5F00010B5EFF31184202383F31288BFF36F8FDC
:10E600000368C16098424FF00101816005D184F335
:10E610001188BFF36F8F002010BDD3E90020026086
:10E62000506000221846C3E9002209F05FFA024850
:10E630002146FFF78BFBEEE76DA6002073B506467B
:10E640000D4609F0B1F878B90B4B9B685C6F7CB153
:10E650002A1D09D200200021CDE9000146F0040165
:10E66000204608F080FD08B9002401E00460041D84
:10E67000204602B070BD00BFCCA20020014802F0CD
:10E680008FB900BF1C5507000CB4F0B589B00EACB3
:10E690000E4605461C22002101A854F8047B09F00F
:10E6A000B5FA02238DF806300E4B0293331E18BFC5
:10E6B0000123B6F1004F94BFC3EB0603C3F100433F
:10E6C000059522461D44394601A80695009400F0A0
:10E6D000CBF816B1059B00221A7009B0BDE8F040D6
:10E6E00002B07047DD8406000EB470B589B00DAC81
:10E6F00005461C22002101A854F8046B09F086FA93
:10E7000002238DF806300B4B029305F10043013BC9
:10E710002246314601A806930595009400F0A4F81E
:10E720000028A4BF00232B5409B0BDE8704003B0FB
:10E73000704700BFDD8406002DE9F0410127BA4291
:10E7400001DCBDE8F081064633461C781E46002CED
:10E75000F7D0252C03F10103F7D11D78252D06F103
:10E760000206F1D00024DFF8FC80A44623461F2BCC
:10E7700031D8A5F1200EBEF1100F06D828FA0EFEF2
:10E780001EF0010F64D12E2D46D02E2D31D8242D10
:10E790003DD02A2D40D0BCF1000FD2D0BC45D3D102
:10E7A00045F02006A6F1650CBCF1020F0C680AD9F1
:10E7B000612E08D0692D02D050D8632D50D01D068F
:10E7C0004ED59B054CD5E31D23F0070303F1080448
:10E7D0000C600137B3E77F2BD5D96C2D23D01DD822
:10E7E000682D2BD06A2D01D04C2DD4D143F4207349
:10E7F00022E0A5F1300EBEF1090FEED80A2303FB8B
:10E8000004E4202316F8015B002DB0D1C3E7BCF16E
:10E81000000F1FD0BC421FD00024F3E7742DF1D0AD
:10E820007A2DEFD0B7E743F4007513F0800FADB247
:10E8300018BF2B4643F080039BB2E3E743F4007517
:10E8400013F4807FADB218BF2B4643F48073F3E717
:10E850000023D7E7A446DFE76325A1E7732DADE7E3
:10E860000434B5E7892801002DE9F04F83789BB087
:10E870009C07CDE90512804614D5D0F80490099282
:10E880000B460025187878B1252814D0013303935E
:10E890004146C84700280BDA98F8023043F00403D9
:10E8A00088F802304FF0FF3528461BB0BDE8F08FE6
:10E8B0000135039BE6E793F801B09A1CBBF1250FE5
:10E8C0000392E5D04FF0000A5646574654461F2C97
:10E8D00024D8ABF12003102B23D8DFE803F0162255
:10E8E000221C2222220C2222221422192222090076
:10E8F00044F00104A4B2039B13F801BB0393BBF1E2
:10E90000000FE4D11BE044F0020444F00404F1E7FA
:10E9100044F00804EEE744F01004EBE77F2C00F22B
:10E92000E880BBF12E0F00F0C88000F2A280BBF19E
:10E93000240F00F0C880BBF12A0F00F0AB80BAF1C1
:10E94000000F06D0069B05980993524609A9FFF7C8
:10E95000F3FE002E4BF0200AB8BF24F04004AAF1C9
:10E960006503BCBFA4B20026022B03D9BAF1610F24
:10E9700040F082826FEA0B0B0BF020030493099B9B
:10E98000073323F0070303F10802BAF1610F93ED97
:10E99000000B099204F0400340F0DE80002B08BF1A
:10E9A0004FF0FF363146049A0AA809F00DFD0130F8
:10E9B000C3B2B34244F4C0540193A8BF03F1FF367D
:10E9C000DDF828B00123A4B202934FF0700A0BF1D6
:10E9D0000903122B0DD90BF16303C62B40F2EB8018
:10E9E0000BF2E73340F2CE7293428CBF0423032331
:10E9F00002939DF82C30D80700F1DF80A20700F1C8
:10EA0000DE80C4F380025201D2B213F00C0F00F08A
:10EA1000E380002A0CBF03230423BB420FDA240740
:10EA2000A7EB03070CD42F44414620200192C8478E
:10EA30000028FFF631AF0135BD42019AF4D100271D
:10EA400032B141461046C8470028FFF625AF0135D0
:10EA50009DF82C30A94C13F0080FA94B08BF1C4699
:10EA6000A2469AF80000002840F0AB802A1B92448E
:10EA700076E1ABF13003092B3BD814F0400F4FF097
:10EA80000A0202D002FB063635E702FB073744F0E4
:10EA900020042FE7BAF1000F7FF42DAF099B600629
:10EAA00003F10402099201D51E6824E71F68002FB4
:10EAB000EDDA7F4244F028041CE763063FF5F4AE2C
:10EAC00044F0400416E7BAF1000F40D014F0400BB8
:10EAD000069B059809930CBF3A46324609A9FFF7F1
:10EAE0002BFE099B1A1D0992BBF1000FDCD11F6898
:10EAF00001E7BBF16C0F16D00CD8BBF1680F1CD02E
:10EB0000BBF16A0F03D0BBF14C0F7FF418AF44F494
:10EB10002074EFE6BBF1740F3FF4EDAEBBF17A0F5A
:10EB20003FF4E9AE0BE744F4007314F0800F9BB29E
:10EB300018BF1C4644F08004DCE644F4007314F46F
:10EB4000807F9BB218BF1C4644F48074D2E65646C0
:10EB50003446BA463746CEE6002B08BF0626BAF141
:10EB6000650F0DD1721C44F48054D2B2A4B2112AA4
:10EB700028BF11221146002213464FF0650A08E013
:10EB8000BAF1660F0FD144F40054A4B23346012207
:10EB900011210AA800F016FBC3B201930223DDF88D
:10EBA00028B0029313E716F0FF02E0D113464FF0AE
:10EBB000650A0121EDE702231AE72D2225E72B2222
:10EBC00023E7049BC01A4146C0B2C84700280AF197
:10EBD000010ABFF646AF5FE614F4405F40F0928052
:10EBE0000199002E0DF12D0308BF01260B44019958
:10EBF00019B113F8011D302971D014F0100F019BC9
:10EC000018BF33461BF1040F6EDBB3456CDA5B456E
:10EC100044F4005479DD0BF101069E1B2BEAEB73E3
:10EC2000013302B10133002E71D0711C0B449F429D
:10EC3000CCBFFF1A002714F0090F03D12F44BD42A7
:10EC400069D1002732B141461046C8470028FFF677
:10EC500023AE0135230510D541463020C847002892
:10EC6000FFF61AAE049BC3F17800414600F0F800AD
:10EC7000C8470028FFF610AE0235200703D42F4402
:10EC8000BD4252D10027A1046DD52BEAEB73ABEB4B
:10EC9000030B7642019A5A4584BF0AAA5A4403F1EB
:10ECA000FF338CBF507930209E4205F1010A44DCCD
:10ECB00041460293C8470028029BFFF6EDAD5A1C5F
:10ECC00009D141462E200293C8470028FFF6E4AD43
:10ECD000029B05F1020A0BF1010B5546DAE7019997
:10ECE0000139C9B2019182E75E1E14F4006F0299E6
:10ECF00014BF052303230B4493E700BF4A550700C5
:10ED0000C31E0700A00489D4EFE7002686E7E106CA
:10ED100048BF01338BE7414620200792C8470028AF
:10ED2000FFF6BAAD079A013589E741463020C8475A
:10ED30000028FFF6B1AD0135A2E741460193C8476F
:10ED40000028FFF6A9ADE6060AD5019B013307D1DD
:10ED500041462E20C8470028FFF69EAD05F1020A65
:10ED60005546574416E29DF82D004146C8470028F5
:10ED7000FFF692AD002E5FDD41462E20C8470028E9
:10ED8000FFF68AAD01240AAB019AA242CABFE2187B
:10ED9000302050794146C8470028FFF67DAD621CFF
:10EDA00096420AAB46DAAA1C1444049BAAEB030061
:10EDB0004146C0B2C8470028FFF66EADBBF1000F58
:10EDC000B4BF2D202B204146B8BFCBF1000BC84764
:10EDD0000028FFF661AD029B042B39D14FF47A76FF
:10EDE000BBFBF6F505F130004146C0B2C84700282C
:10EDF000FFF652AD033406FB15BB6426BBFBF6F5EC
:10EE000005F130004146C0B2C8470028FFF644ADC6
:10EE1000013406FB15BB0A26BBFBF6F505F13000F5
:10EE20004146C0B2C8470028FFF636AD013406FBA4
:10EE300015BB15E01446A7E7E40601D46C1CB4E743
:10EE400041462E20C8470028FFF626ADAC1CACE793
:10EE5000029B032B04F10204CFD0029B012BDAD1D9
:10EE60000BF1300B41465FFA8BF0C8470028FFF6E4
:10EE700013AD04F1010A73E7ABF16303122B00F247
:10EE8000DD80DFE813F013005300DB00DB00DB0064
:10EE9000DB005300DB00DB00DB00DB00DB00F40009
:10EEA000D500DB00DB002800DB00A700099B1A1D52
:10EEB00009921B688DF8283001260DF1280A2007D9
:10EEC0002BD50AEB060B54465C4528D1A5EB0A0A64
:10EED000A244BF1B44E7099B1A1D0992D3F800A066
:10EEE000A74BBAF1000F08BF9A4614F0400F14BFA9
:10EEF00031464FF0FF31504609F054F80646DEE740
:10EF000041462020C8470028FFF6C6AC013CA64277
:10EF1000F6D32F443D1B2746D3E73C46F7E714F8CA
:10EF2000010B4146C8470028CEDAB5E42106099B0B
:10EF30002ED5A20527D5073323F0070303F10802D6
:10EF40000992D3E90001002924F0100A30DA404286
:10EF500061EB41014AF4806A0AAC0A23224609F0B7
:10EF600005F91AF0400FA0EB040200F097809642DA
:10EF70002AF0010340F39B80BBF1000F40F0998021
:10EF80002AF011031EE01A1D09921868C117DAE76A
:10EF90001A1D0992E005196801D40846F6E7A20592
:10EFA0004BBF48B208B241F3C01141F3C031CAE7C8
:10EFB00050EA0103D0D16306CED5002ECCD124F087
:10EFC00011033246344640F20641194089B2002905
:10EFD0006BD122E024F010040A2314F0800C099A6B
:10EFE0004BD014F400711DBF073222F0070202F16A
:10EFF0000801101D15BF09910990D2E900011068A0
:10F0000050EA010246D1620624F0160A44D5002EC9
:10F0100042D124F017033246344619075FD4D9078A
:10F0200004D5A74272DD3C1BA6183C46A24650E020
:10F0300044F0100410234FF0780BCEE7BAF1780FAC
:10F0400004D1CBF1780343F01003C6E7BAF1620FA5
:10F0500011D041462520C8470028FFF61DAC414687
:10F060005846C8470028FFF617AC023521E40823AC
:10F070004FF0000BB1E70223AFE7111D099114F423
:10F0800080711068BCD014F400711ABFC0B2614620
:10F0900080B2B5E724F0060A0AAC5FE7144653468F
:10F0A000D90690D5BBF1000F05D10134B5E7144660
:10F0B000F6E73446F4E70234AFE741462020CDE9D5
:10F0C0000132C8470028FFF6E7ABDDE901320AF15B
:10F0D000010A5745F1DC2C1B04EB0A055446D906FE
:10F0E00016D5414630200192C8470028FFF6D4AB20
:10F0F000019ABBF1000F36D041465846C847002858
:10F10000FFF6CAAB0235019A2E4421E016468DE780
:10F1100040F20641194089B20029F5D013F0020FE0
:10F1200014BF2B20202013F4806F18BF2D204146E0
:10F130000192C8470028FFF6AFAB0135E3E741462F
:10F1400030200192C8470028FFF6A6AB019A01358E
:10F15000731B9A42F3DB16460DF1280A2EB902EB17
:10F16000050A3F1BFCE50135CEE7013E41461AF892
:10F1700006000192C8470028019AEFDAFFF78CBB1E
:10F180004E55070041462020C847002805F10105DB
:10F19000FFF682AB7B1B002BF4DCFFF78ABB00BFC2
:10F1A0001FB502AB0093064A4FF0CC3309F0BCF810
:10F1B000DDE90201C00840EA4170C90805B000BDA0
:10F1C000CDCCCCCC2DE9F04F9FB08DED040BCDE92B
:10F1D0000E32DDE9044207900D91D00FC2F30A51BF
:10F1E000C2F313030A9079B954EA03007AD1079A5B
:10F1F000302353710A9B116043F0020313710126FF
:10F2000030461FB0BDE8F08F40F2FF7081420AD156
:10F2100023430A9B079A14BF43F0080343F00403F7
:10F2200013710026ECE7A1F2354A43F4801504F08F
:10F2300001014FEA850823430B9148EA94784FEA8D
:10F24000840653D140F2FE7313EA12530CBF012718
:10F250000027BAF1000FC0F2B880504600F0EEF976
:10F26000BAF1030FC8BF0138049000F0F3F9049B12
:10F270007C30A3EB0A0A82441AA9184600F07AFAF5
:10F2800016AB019314AB00932046534629460297D0
:10F290001AAA08F090FF049B152B04460D4600F2B5
:10F2A000908018ABAA4A009330464FF0CC334146C9
:10F2B000DDE9149A09F038F8189B199A9B0843EA7B
:10F2C000827303EB8303B34212D13046414600F010
:10F2D000C9F9049B83428CBF4FF000094FF001092C
:10F2E000002717E0DFF86CA21D46A0E70127B0E772
:10F2F0000B9B002B55D1013E48F1FF31F01B61F112
:10F30000000100F0AFF9049BDDF82C9083428CBF24
:10F31000002701270F9B002B40F0C780DDF83480C9
:10F320000026B2460C964FF00A0BDDE91401FFF7F8
:10F3300037FF169B0893179B1393CDE910011946CD
:10F340000898FFF72DFF109B129198420B461199D8
:10F3500073EB01010246139B80F0C38020462946CF
:10F360001392FFF71DFF139A089D0BFB02F3AB42AC
:10F3700014BF002707F00107109B1493119B002E68
:10F3800014BF4FF0000909F00109CDE915320BFB5C
:10F390001046129B1793F6B20AF1010A04460D4675
:10F3A000C3E7B01C48F1000100F05CF9049B834204
:10F3B0008CBF00200120B9EB00006AF10002CDE90A
:10F3C00014024FF000094F46A4E7CAF1000B58465B
:10F3D00000F03AF9BAF1FF3F0CBF8146A0F10109F4
:10F3E0000AEB0903ABEB0900049300F033F91AA907
:10F3F000A0F17D0AABEB090000F04CF916AB0193CC
:10F4000014AB0093204629460297A9EB0A031AAAD7
:10F4100008F0D1FEB9F1010F04460D460ED80B9B42
:10F4200013B94FF0010975E7149B159A013B42F19E
:10F43000FF32CDE914324FF0010951E7B9F13E0F27
:10F44000BFD84FF0FF33A9F1200003FA09F2C9F148
:10F45000200103FA00F023FA01F1024303FA09F351
:10F460000A4326EA030628EA020856EA08060CBF01
:10F470004FF001094FF0000932E701FB03F0A2FB56
:10F48000012308F101080344944275EB0300F4D210
:10F49000049B98440E9B9844DB0F9845B8BF984650
:10F4A0000D9B9845A8BF98463AE70A2200234FF0E3
:10F4B00001081146E8E70BFB01FEA0FB0B010CF174
:10F4C000010C7144844275EB010EF4D2C4450DDD8C
:10F4D000B8F1000F02D154EA050107D001230C93C3
:10F4E0003CE70A2000214FF0010CEBE7002F33D05E
:10F4F0004FF00A0B19460898FFF752FE02460B46DA
:10F500000BFB00F10898814226D1DDE91401CDE919
:10F510001023FFF745FECDE9080120462946FFF7F5
:10F520003FFE002E14BF4FF0000909F001090BFB4C
:10F530001046DDE90834109A1692CDE91434119B77
:10F540001793F6B20AF1010A089204460D46D1E774
:10F55000CDCCCCCCCCFBFFFFB9F1000F05D004F033
:10F5600001030433052E08BF1E46049B03EB0A0962
:10F570000C9B53B9DDE916239D4208BF944204D188
:10F580000B9B002B47D1002F45D0042E94BF0026A3
:10F59000012630194FF00A0245F10001002301272E
:10F5A0001446904271EB030537D2EEB1B8451BDA31
:10F5B0000F9B6BB10E9A09EB0703D318012B0D9A21
:10F5C000B8BF01239A42A8BF1A46974290460BDD66
:10F5D00005304FF00A024FF0000341F10001C8F777
:10F5E00035FA09F10109013F4745079BA8BF474686
:10F5F0000FFA89F909FA87F905333EB209F1FF34A8
:10F6000003FA87F74FF00008B0450DDB079B0A9A15
:10F610001C601A71F4E50126BBE704FB03F5A2FBAD
:10F62000042301372B44BCE70A220023C8F70EFA53
:10F63000303207F8012D08F10108E5E7014B584386
:10F64000800C704741340100014B5843000D704756
:10F65000FB2E0B00024B5843C00C0130704700BF1B
:10F660004F9312000A4A70B503464FF0CC36002083
:10F670004FF0333506FB03F402FB0144A3FB0231D8
:10F6800021449D4275EB010401D30130F2E770BDC6
:10F69000CDCCCCCC2DE9F04F334A1A25B0FBF5F395
:10F6A0005D4302EB031B421B87B004460E460AD1A2
:10F6B000DBE90023C1E90023DBE90201C6E902011D
:10F6C00007B0BDE8F08F294B03EBC203D3E90089F3
:10F6D00002AB0093DBE902234046494608F024FED2
:10F6E00004AB0093DBE9002307468A4640464946BF
:10F6F00008F01AFEDDE90432DF1952EB0A0A8946E6
:10F700004FF0000128BF0121804631B1029B039ACE
:10F71000013342F10002CDE902322046FFF79AFFA1
:10F7200083462846FFF796FFABEB00053A46534663
:10F7300000954046494608F00EFE22090C4B640035
:10F7400053F8223004F01E04E34003F003031B18B7
:10F7500041F10001C6E900313846DDE90223009598
:10F76000514608F0F8FDA9E7089406003893060012
:10F7700008D506002DE9F04F1A25DFF8F0B000F1AA
:10F78000190ABAFBF5FA05FB0AF52A1A4FEA0A1715
:10F7900089B004460E460BEB0A1A0AD1DAE90023B7
:10F7A000C1E90023DAE90201C6E9020109B0BDE8B6
:10F7B000F08F2C4B03EBC203D3E9008904AB009319
:10F7C000DAE902234046494608F0AEFD5BF807201F
:10F7D000DAF80430013ACDE9021006A963F100031A
:10F7E00000914046494608F09FFDDDE9063280461B
:10F7F00003981F18029B52EB030A89464FF0000141
:10F8000028BF012131B1049B059A013342F1000266
:10F81000CDE904322846FFF71DFF05462046FFF7D5
:10F8200019FF2D1A3A46534600954046494608F0BE
:10F8300092FD4FEA141C0C4A640004F01E0352F8B7
:10F840002C40DC4004F003040134241841F1000191
:10F85000C6E90041DDE9042300953846514608F029
:10F860007AFDA1E7389306005CD50600D89406001F
:10F870009FED050ADFED057A002808BFF0EE407A1B
:10F8800027EE800A704700BF0000800000008080E3
:10F890009FED050ADFED057A002808BFF0EE407AFB
:10F8A00027EE800A704700BFFFFF7F7FFFFF7FFFCB
:10F8B00008B52DED028BB0EE408A00F00DF820B9AE
:10F8C00038EE080ABDEC028B08BDDFED027A87EE48
:10F8D000A70AF7E70000000010EE103A33F00040EE
:10F8E0000DD0A0F50003B3F1FE4F0AD3074B421E23
:10F8F0009A4208D9A0F1FF4358425841704702206C
:10F900007047042070470320704700BFFEFF7F0050
:10F9100080EA104080EA102080EA101046F6961324
:10F9200000F00F0043FA00F000F00100704700BF44
:10F930002DE9F04782B00646DDF828E00846B446D7
:10F940000D46002B4ED18A4214466DD9B2FA82F28E
:10F9500042B1C2F12003954026FA03F394401D43BF
:10F9600006FA02FC260CA7B2B5FBF6F14FEA1C43DF
:10F9700006FB115543EA054301FB07F0984209D9FC
:10F98000E31801F1FF3580F00381984240F20081D5
:10F99000023923441B1A1FFA8CFCB3FBF6F006FB5A
:10F9A00010334CEA034C00FB07F363450AD914EB10
:10F9B0000C0C00F1FF3580F0ED80634540F2EA80E9
:10F9C000A444023840EA0140ACEB030C0021BEF134
:10F9D000000F04D02CFA02F30022CEE9003202B06C
:10F9E000BDE8F0878B4209D9BEF1000F01D0CEE906
:10F9F00000610021084602B0BDE8F087B3FA83F148
:10FA0000174600294DD1834202D3B24200F20F8142
:10FA1000B6EB070C60EB030301201D46BEF1000F9F
:10FA2000DDD0CEE900C5DAE7002A00F098801A465A
:10FA3000B4FA84F3002B40F0AF800B1B270CA6B266
:10FA40000121B3FBF7F54FEA1C4007FB153340EAF1
:10FA5000034306FB05F8984507D9E31805F1FF3085
:10FA600002D2984500F2E8800546A3EB08031FFA8E
:10FA70008CFCB3FBF7F007FB10334CEA034C06FB9E
:10FA800000F3634508D914EB0C0C00F1FF3602D2E9
:10FA9000634500F2CE803046ACEB030C40EA0540F3
:10FAA00095E7C1F120058B4022FA05FC4CEA030CD6
:10FAB00000FA01F426FA05F3E84002FA01F943EAF4
:10FAC00004084FEA1C4206FA01FAB0FBF2F71FFAEB
:10FAD0008CF602FB17004FEA184444EA004407FB87
:10FAE00006F0A0420AD91CEB040407F1FF3380F0B2
:10FAF0009C80A04240F29980023F6444241A1FFA7D
:10FB000088F3B4FBF2F002FB104443EA044300FB29
:10FB100006F69E4209D91CEB030300F1FF3480F086
:10FB200082809E427FD90238634440EA0740A0FBAE
:10FB300009749B1BA3423E46A04664D361D0BEF12C
:10FB4000000F0AD0BAEB060263EB080303FA05F5CF
:10FB5000CA401543CB40CEE9005300213FE773086C
:10FB600043EAC1734A08190C41EA02414FEAC67CD4
:10FB70009BB2B2FBF4F02646A04627461F2243EA7A
:10FB80000143B1FBF4F1A3EB080341EA004158E75C
:10FB90002946FFE6284615E71A46C3F120019C4096
:10FBA00026FA01F320FA01F190400343270C06FAEC
:10FBB00002FCB1FBF7F0A6B207FB1015190C41EAE5
:10FBC000054100FB06F58D423BD9611801D28D42FB
:10FBD00020D8491B0138B1FBF7F5019505FB06F864
:10FBE000019D9BB207FB151143EA0143434526D211
:10FBF000E31805F1FF31C6D24345C4D2A91E234400
:10FC0000C1E7BA459BD2B7EB090664EB0C04013897
:10FC1000A04694E7651B29440238B1FBF7F501952E
:10FC200005FB06F8DCE720467FE71F4666E7084647
:10FC3000F4E6A44402382FE7023D234415E7019976
:10FC4000A1E7491BB1FBF7F5019505FB06F8C7E7EE
:10FC5000704737B50C460569836801A95B6898470A
:10FC600038B92A68019B01215340A1400B4218BFBB
:10FC7000012003B030BD83681B6C03B11847704787
:10FC800010B504464369017C50F8100C98470023D6
:10FC9000237410BD01F07BBE01F071BE13B501AA43
:10FCA000044605F07FFD002805DB019B22681979D9
:10FCB0001868F8F7E7FD02B010BD012303FA01F15F
:10FCC00003691B68194203D022B183681B6903E0F2
:10FCD000002AFAD08368DB6818474368197D1869E1
:10FCE000FFF7B7BF43680A469868197BFFF7E5BF7F
:10FCF00043680A461869197DFFF7DFBF13B54FF453
:10FD000080320C4600230DF10701CCF73DF920B9F4
:10FD10009DF80730237002B010BD6FF07300FAE752
:10FD200000692C3007F0F2BA08B50369012283F8A4
:10FD30002820FFF7F5FF002008BD19B103695962BB
:10FD4000FFF7F2BF6FF01500704710B50469FFF7B9
:10FD5000E7FF002084F8280010BDCCF721BC8368A1
:10FD60009B68184783685B681847704701F00FBEAF
:10FD700001F005BE0023D6F759BB03690022C3F882
:10FD8000D029C3F8C92970472DE9F0414FEA02187C
:10FD900008F4807802F00107C2F34005C2F3800640
:10FDA000C2F3801E4FEAD21CA3EB0803D2009DF8D9
:10FDB00018809DF81C400380012902F48072A8EB92
:10FDC000020218BF00244280047180F805E080F828
:10FDD00006C0C77106724572BDE8F081F0B50B46EA
:10FDE000056985B0144661B1B2FA82F25209002663
:10FDF000002728680092CDE9026700220221F4F76B
:10FE0000F3FF54B1002200232868CDE90223012228
:10FE1000009223460221F4F7E7FF05B0F0BD10B5CC
:10FE20000023934203D14FF0FF33184610BD51F821
:10FE300023408442F9D00133F3E701207047F8B53D
:10FE4000064608460F461446C7F72CFE054654B131
:10FE5000013C84422246394628BF0246304607F01C
:10FE6000AEFE002333552846F8BDCEF7E7B8CEF7EF
:10FE7000E5B8CEF747B982B02DE9F0418CB0CDE9B5
:10FE800012239DF86030804606AF33B312AD0FCD1C
:10FE90006C460FC495E8030084E803006E460FCE5D
:10FEA0003D460FC594E8030085E80300D8F800003C
:10FEB000CEF728F948B383689D686DB30CAB13E99E
:10FEC0000F0014AC84E80F0097E80C004046294668
:10FED0000CB0BDE8F04102B0084712AC0FCC6D4643
:10FEE0000FC594E8030085E803006C460FCC3E463E
:10FEF0000FC695E8030086E80300D8F80000CEF7A7
:10FF000001F910B18368DD68D7E76FF015000CB018
:10FF1000BDE8F04102B070476FF08500F7E710B51B
:10FF2000837A04681A44C37A1944437A14B901FBEA
:10FF3000032010BD13FB012342689BB2934204D2FD
:10FF400054F8230008B10138F3E76FF01500F0E72B
:10FF5000084307D1824201D10020704743F82000B6
:10FF60000130F7E76FF0150070470021CEF742BB74
:10FF700001790131C9B2CEF73DBB70B5A1F10804DA
:10FF8000064605460FCC0FC594E80F0085E80F0024
:10FF9000304670BD83681B6803B118476FF0850059
:10FFA000704783685B6803B118476FF0850070473E
:10FFB00083689B6803B118476FF08500704782B073
:10FFC0008DE80C00002002B07047FDF79DB90023BA
:10FFD000D6F72CBA70B500240646254646FA04F337
:10FFE000DB0703D5E0B2CFF74DF905440134082C07
:10FFF000F4D1284670BD70B500240646254646FA61
:0200000260009C
:1000000004F3DB0703D5E0B2CFF78EF905440134E2
:10001000082CF4D1284670BDC0F30743072B04D049
:100020000C2B05D06FF01500704780B2CFF76ABA7D
:1000300080B2CFF7B9BAC0F30743072B04D00C2B1B
:1000400005D06FF01500704780B2CFF773BA80B259
:10005000CFF7C4BAC0F30743072B03D00C2B04D04F
:100060000020704780B2CFF77FBA80B2CFF7D2BA04
:10007000F0B585B210F47F0F1646A5F1E0021F46D9
:10008000C0F3074308BF0723072A89B04FEA10606F
:1000900001D8072B15D00024CDE906678DF8100094
:1000A0008DF81210DDE906018DE80300ADF8083087
:1000B00003958DF8114002AB0FCBD1F7B5FD09B018
:1000C000F0BD04460020E7E70023D6F7AFB930B50E
:1000D000044691B0182200210AA807F097FD236872
:1000E0000B93D4E90423CDE90C2323798DF8383020
:1000F0000023CDE90733E269099352680792A268A9
:10010000049310AB089213E90F008DE80F00DDE9AE
:100110000A2307A8CEF722F811B030BD70B5C66922
:10012000037EF27D90B004460AB1032B29D0023B36
:10013000012B05D8204610B0BDE87040FFF7C7BFBF
:10014000182200210AA807F061FD23680B93D4E967
:100150000423CDE90C2323798DF838300023CDE931
:1001600007330993B2680792E268049310AB0892D0
:1001700013E90F008DE80F00DDE90A2307A8CDF78A
:10018000EDFF10B070BD30B5044691B018220021CB
:100190000AA807F03BFD23680B93D4E90423CDE9BB
:1001A0000C2323798DF838300023CDE907330993E8
:1001B000E3695B680793A36808930123049310AB7A
:1001C00013E90F008DE80F00DDE90A2307A8CDF73A
:1001D000C5FF11B030BD90F830304BB142F20F7313
:1001E00040F8203C002300F8083C80F8303070478D
:1001F00004212038CFF7FCBB82B08DE80C00012031
:1002000002B0704782B08DE80C00012002B0704748
:1002100082B08DE80C00002002B0704782B08DE8FB
:100220000C00002002B070472DE9FF4D07460D4637
:100230009046002401264FF0FF3A4FF0FF3B25FA8D
:1002400004F3DB0710D506FA04F39D430CBF01232A
:10025000002304F580720093CDE902AB434692B2CD
:1002600001213846F4F7C0FD0134052CE7D104B074
:10027000BDE8F08D10B5B0F90430044643B1D0E9C3
:100280000232134303D107F0BFFBC4E9020110BDE2
:1002900000220023C0E90223F9E738B50446022909
:1002A0004FF000000D46206001D1D2F771FA606076
:1002B0002570204638BD0023D6F7B8B813460A4645
:1002C000012101F064BB08B5CFF766F9CFF79AF9C1
:1002D000CFF7A8FA0720D1F715F9BDE808400C20A0
:1002E000D1F710B908B5D1F79FF9002008BD08B5BE
:1002F000D1F79AF9002008BD00207047072828BFD1
:10030000FF2070470123834023EA0103002B18BF1D
:1003100000280CBF01200020704710B50622D4B27F
:100320002046D1F777FB10B9013AF8D204462046AF
:1003300010BD0A460121D1F7E5BA0A460021D1F7DE
:10034000E1BA10B502460C46D1F764FB50B11CB1BE
:100350001046D1F765FB28B121461046BDE8104094
:10036000FFF7EBBF21461046BDE81040FFF7E1BFA5
:1003700037B5CEF7FBF9034650B1D3E90445027A0D
:100380000078CDE900455968D1F7D2FB03B030BD04
:100390006FF08500FAE770B5A1F10804064605463E
:1003A0000FCC0FC594E80F0085E80F00304670BDF4
:1003B00082B08DE80C00002002B07047D1F7A4BCD9
:1003C000072207F0CDBD01F0E2BA0023D6F72EB820
:1003D000D2F70EB8704738B5BDF810001C46C318E8
:1003E000012B0D46114606DCEB682246184407F047
:1003F000E6FB204638BD6FF00604FAE7F0B585B09D
:100400001F4604460D461646CFF734FA09230293D9
:100410000130BDF828300190009332463B46294612
:100420002046DFF7F3FF05B0F0BD1FB502240294AC
:10043000CC680194BDF818400094DFF7E7FF04B0E2
:1004400010BD1FB504240294CC680194BDF8184077
:100450000094DFF7DBFF04B010BDF0B585B01F4698
:1004600004460D461646CFF701FA0C2302930130DD
:10047000BDF828300190009332463B46294620467D
:10048000DFF7C4FF05B0F0BDF0B585B01F460446E8
:100490000D461646CFF7E6F9082302930130BDF862
:1004A00028300190009332463B4629462046DFF72C
:1004B000ADFF05B0F0BD00207047D5F7B7BFFCF722
:1004C000EFBD01F064BA01F05ABA84B030B48AB01A
:1004D0000DAC84E80E0010BB9DF83430013BDBB25C
:1004E000022B22D88DF804000DF1050315AD22462C
:1004F00003CAAA4218605960144603F10803F6D1F2
:1005000012781A7005AD0FCD10AC0FC42B68238084
:1005100001AB0FCB0AB030BC04B0D3F7B1B86FF069
:1005200015000AB030BC04B070476FF08500F8E7E2
:1005300008B5D3F715F918B9BDE80840D3F79ABE46
:100540006FF0150008BD08B5D4F72AFCBDE80840D7
:10055000CEF732B908B5CFF785F9BDE808400921D3
:10056000D4F7A0BC08B5CFF781F9BDE808400D214C
:10057000D4F798BC08B5CFF77DF9BDE808400A214B
:10058000D4F790BC00EBC100408840087047F8B534
:100590000346FFF7F7FFB0FA80F0C0F11F0003EB4E
:1005A0008007CA003D69161D063245B90124844002
:1005B000D8682043D860396199539952F8BDE80052
:1005C00004301C5A9C5303EBC4049D52E180195221
:1005D000F4E710B500EBC104E388994202F104018D
:1005E0000AD1012303FA02F2C36823EA0203C360BB
:1005F000002340F8213010BDA28840F8213000EBE4
:10060000C20100EBC300CB808280F4E708B503464B
:10061000FFF7B8FFB0FA80F2C2F11F021846BDE83A
:100620000840FFF7D6BF2DE9F843B1FA81F3C3F1D3
:100630001F0200EB82080546D8F81060894686B98B
:10064000C3F120034FF0FF349C40EB681C4013D0F3
:1006500094FAA4F2B2FA82F2131D55F8234021460F
:1006600007E03446032721462846FFF78BFF48451D
:1006700005D32846FFF7ADFF2046BDE8F88305EB1C
:10068000C404013FE488C8F81040D9D0A642EAD19A
:10069000D6E738B50346FFF775FF03EBC1050446FF
:1006A00011461846FFF76EFF044460006880184644
:1006B000FFF768FF024423F8324038BD38B50546DD
:1006C000FFF760FF0C46014405EBC1039B78DA0796
:1006D0000AD42846FFF79AFF21462846FFF752FF23
:1006E00022182846FFF7D5FF35F83410611A05EBBC
:1006F000C1039B78DB070CD42846FFF787FF35F84A
:1007000034102246611A2846FFF7C3FF35F834300B
:10071000E41A21462846BDE83840FFF738BF70B5D7
:100720000446FFF72FFF551A04EBC1036E00891A28
:100730005E800B1804EBC2015800488024F8325048
:1007400011462046FFF71EFF024424F8323070BDE8
:1007500061B100680439091A21F007030344C9088C
:100760005A8822F001025A80FFF7A8BF704770B57F
:1007700009B9002070BD0468A368B3EBD10FF8D9A4
:100780000B31CD0829462046FFF74DFF06460028CD
:10079000EFD001462046FFF7F5FEA84207D92046D4
:1007A000AA19FFF7BCFFA9192046FFF7F0FE04EBDA
:1007B000C602101D538843F001035380DAE72DE988
:1007C000F8434B4203EA010931EA030305461446A4
:1007D0000BD04B46042B4F4628BF0423A1EB09093D
:1007E0006CB900252846BDE8F883042904D8BDE883
:1007F000F8431146FFF7BBBF00270423F0E72E683C
:10080000B268B2EBD40FECD904F10B014944C91A18
:10081000C9083046FFF707FF80460028E1D03D1D9C
:1008200005EBC00509F1FF3335441D44B5FBF9F56F
:1008300009FB05F5ED1B2C442B1F07349B1B24F0F3
:100840000704A41BB0EBD30F4FEAD3074FEAE4042D
:1008500008D201463A463046FFF761FF414630462E
:10086000FFF795FE39463046FFF78CFE3844844248
:1008700007D230462246FFF752FF21463046FFF7A7
:1008800086FE06EBC706738843F001037380A9E771
:10089000043A2DE9F041CC1D114424F0070421F065
:1008A0000706331BDF08B7FA87F2C2F12405AD0053
:1008B0004FF000080735C2F12002ED080460414600
:1008C000A760C4F80C80920004F1100007F09EF9B4
:1008D0006B0043F00103638004EBC5027B1B5900EE
:1008E000A4F80080518024F83550338001237380B0
:1008F00029462046BDE8F041FFF749BE2DE9F04703
:1009000006460D46174698462BB398F8004093F8D4
:100910000190DB78A40004EB430498F802301C44F7
:1009200044444FF0000ACA4509D3D8F8042008F11E
:10093000080339463046AC46BDE8F047604714F836
:10094000013B48F823402046C7F7ACF80130044487
:100950000AF1010AE7E76FF01500BDE8F08730B54E
:10096000421E0024002012F8013F43B178B18C42AE
:1009700007D1702B04D0A3F140053A2D07D80020F1
:1009800030BDA3F140053A2D01D80134EAE7252B0B
:1009900008BF80F00100E6E70020704700F06DBF5F
:1009A0000FB407B504A951F8040B019100F065FFDD
:1009B00003B05DF804EB04B07047044608B5084680
:1009C00011461A46A047FDF701FBD7F783FF0FB486
:1009D00007B504A951F8040B0191FFF7DFFF03B03D
:1009E0005DF804EB04B0704710B5036913F0080319
:1009F0000BD10268C468944293BF036AA21A1846D6
:100A00009A1A98BF01200A6010BD00221046FAE72A
:100A100013B501A90446FFF7E7FF20B1019BE26887
:100A2000013B13440193206A019BC01A013802B0B4
:100A300010BD0A440169036AC90703D5013B1A4086
:100A4000104670479A4228BFD21AF9E710B50446FB
:100A50000A46C168FFF7EDFF2369E06023F0080351
:100A6000236110BD38B50D46C2698B00016843F0A3
:100A7000020342F82130044601682A46FFF7D9FFF5
:100A8000E36861682060984202BF236943F008036D
:100A900023612A462046FFF7CCFF606038BD2DE970
:100AA000F74FD0F80CA0C669009216F82A2002F081
:100AB0000302022A08BF56F82A209B4606EB8A0347
:100AC000884601934FF00001009B0CBFC2F39D09C3
:100AD000894619600446CBF80010B9F1000F06D022
:100AE0004946FFF7B3FFE368A360012703E001690C
:100AF0008A0704D40027384603B0BDE8F08F816927
:100B000006EB8A00884716F82A1011F001070546FF
:100B1000F0D08B071ED5B8F1000F03D04146204618
:100B2000FFF7A0FF61682A462046FFF782FFD4E95D
:100B300002138B42606006D12A462046FFF779FFF8
:100B400000270146A0602369216043F00803E160AB
:100B50002361D0E701462046FFF778FFE168A160F6
:100B6000B8F1000F03D02068E16941F8209005EB4F
:100B70000802CBF8002021682046FFF75AFF2269BF
:100B8000206042F00802226116F82A2022F00102B9
:100B900006F82A20DDE900321A60A6E770B504469F
:100BA0000E461546FFF745FF2368834205D12369AA
:100BB000266023F00803236170BDE269AB0043F0B7
:100BC000020342F82630204661682A46FFF731FFCB
:100BD0006060F1E738B503695B07044606D5456AEE
:100BE000FFF716FF85422CBF6562606238BD10B505
:100BF0001C220C46002107F009F8E2688261A26815
:100C000042612268C2616268026200214162216918
:100C1000034622B1501E104208BF41F00101196184
:100C20000122BDE81040002103F1280006F091BC2C
:100C30002DE9F04F9B46036A87B000258B4204469E
:100C400088469246039505952F463AD3EFF31186D1
:100C5000202383F31288BFF36F8F059A2AB12946A8
:100C60002046FFF79BFF0023059304A92046FFF7CA
:100C7000BBFE0499414581462CD32268E36913F8F1
:100C8000221021F0030103F8221003EB82072168F0
:100C900042462046FFF7CDFEE3682060984214D01C
:100CA0004FF0000986F31188BFF36F8F039929B1C4
:100CB00062690AB12046904700230393B9F1000FFF
:100CC000C4D1384607B0BDE8F08F236943F008036C
:100CD0002361E5E718B12046FFF7C4FEE2E75AEAD0
:100CE0000B031BD0019106F05FFD0199B0B9AEB9BD
:100CF00086F31188BFF36F8F52465B4604F12800DC
:100D0000FCF7BCFBEFF31186202383F31288BFF3BB
:100D10006F8FB0FA80F94FEA5919C3E705AB03AA00
:100D200020462568FFF7BBFE8146BBE770B5044649
:100D3000836908460D4698470246EFF31186202343
:100D400083F31288BFF36F8F2B7843F001032B706E
:100D500061682046FFF76DFE60602046FFF73AFFAE
:100D600086F31188BFF36F8F70BD2DE9F8430646F7
:100D70002025EFF3118485F31288BFF36F8F336959
:100D8000B768180702D47368BB4200D2336ADB1B12
:100D9000002B3AD0F26912F8273013F0030302EB6C
:100DA000870832D0022B04D152F827005FEA90095D
:100DB00007D112F82730D90717D4B36940469847AE
:100DC0008146B1684A463046FFF733FE4946B06077
:100DD0003046FFF73BFE012384F31188BFF36F8F8A
:100DE000002BC6D14046BDE8F88343F0020302F869
:100DF00027304046B369B7689847394602463046BF
:100E0000FFF717FE0023B060E6E79846E4E7F8B581
:100E10000446836908460D4698470646EFF3118756
:100E2000202383F31288BFF36F8F2B7823F0010305
:100E30002B7023699B0705D5E268E36903EB820306
:100E40009D421AD12B7823F002032B70D4E9023192
:100E5000994204D132462046FFF7EBFDA0603146AF
:100E60002046FFF7F3FD87F31188BFF36F8F04F17E
:100E70002800BDE8F840FCF7C7BA2B6860F39F0371
:100E80002B60F0E7EFF31181202383F31288BFF387
:100E90006F8F02698368120702D442689A4200D2B7
:100EA000026AD31A81F31188BFF36F8F181E18BF1F
:100EB00001207047F0B564230446042500200A276A
:100EC00011B1013D01D12570F0BD9A42B2FBF3F69C
:100ED00002D2012B00D038B106F1300C01390130BB
:100EE00004F801CBC9B2C0B203FB1622D2B2B3FBE5
:100EF000F7F3E5E7A0F13003DBB2092B02D80B7062
:100F000000207047A0F16103052B02D85738087004
:100F1000F6E7A0F14103052B01D83738F7E76FF06A
:100F200015007047F7B50E4601F0010101EB5607B9
:100F30009F42054603D90027384603B0F0BD59B19A
:100F400000780DF10701FFF7D5FF0028F3D19DF8D8
:100F5000073002F8013B0135013502EB5606B2427B
:100F6000EAD015F8010C0DF10701FFF7C3FF0028C7
:100F7000E1D19DF80740240114702878FFF7BAFFEB
:100F80000028D8D19DF807301C4402F8014B0235E7
:100F9000E5E7036800220BB9184670478B4210D171
:100FA0000B6842B942680360914200D1436000235C
:100FB0000B600120704713604368994208BF42608C
:100FC000F5E71A461B68E6E7038B13F0070306D123
:100FD0000368002B18BF032008BF00207047022BB6
:100FE00005D1408BB0FA80F0400980007047012B9A
:100FF00004D10368002B18BF0520EDE700207047DF
:1010000010B50C4600B111B96FF0150010BD081DE8
:1010100000F0C3F80028F9D1A368032BF6D9F3E751
:101020002DE9F0410D4607461946281D90461E46FB
:1010300000F0C7F838B13346424629468446384660
:10104000BDE8F0416047BDE8F081EFF31182202355
:1010500083F31288BFF36F8F41610121D4F7A6BBE0
:1010600038B505460C4658B151B10B6843B14B68D1
:1010700033B11C22002106F0C9FD2C61002038BDCF
:101080006FF01500FBE7F8B505460F46FFF7B8FF10
:10109000041E3BDBEFF31182202383F31288BFF39E
:1010A0006F8F6B8B2E8B4FF6FF718B4206F007060E
:1010B0002ED0062E2FD8DFE806F0182E082E1804A2
:1010C00018006FF08504002303E001336B830224D2
:1010D000012382F31188BFF36F8FBBB10023324627
:1010E00039462846FFF79CFF10E000233B606B6801
:1010F00023B9C5E9007726B13446E4E71F606F6085
:10110000F9E702212846D4F751FB34462046F8BDC2
:101110006FF00A04D7E76FF00404D4E710B5EFF3DB
:101120001182202383F31288BFF36F8F048B04F0A6
:101130000704022C0AD0012C0CBF6FF004006FF0E2
:10114000850082F31188BFF36F8F08E0438B013B6A
:101150009BB2438323B92146D4F728FB204610BD18
:101160002046EEE738B5A8B1A1B1EFF311852022F2
:1011700082F31288BFF36F8F048BFFF70AFF30B141
:1011800004F0070085F31188BFF36F8F38BD6FF04F
:101190007700F7E76FF01500F8E7034640B14268C3
:1011A00002F00302022A06D0032A04D0012A05D045
:1011B0006FF0150070471A68002AF9D00020986077
:1011C000704710B54268816002F00302022A0346AC
:1011D0000AD0032A0BD10468002000225A6008B10B
:1011E000FDF706FA204610BD00680024F5E700244C
:1011F0002046F2E7F0B58E680D68C469AF1BBC42AB
:101200009CBF3F1B3619E41B9C4228BF1C46036849
:10121000AD1B2B4413600B6823440B602046F0BDCC
:1012200030B444684369E51AC469631B934228BF1C
:10123000134630BC0A46011DFFF7DCBF30B40D4633
:101240000146846851F8103FE31A934228BF1346C1
:101250002A4630BCFFF7CEBF10B5D1E90043E41AEF
:1012600094420CD31A44C1E900228B68C069D21A97
:10127000904201D9002010BD03448B60FAE76FF063
:101280001500F8E72DE9F34180460E461546002784
:101290002A4601A94046FFF7C3FF044640B1024673
:1012A0003146019806F08BFC2D1B27442644EFD1D4
:1012B0003A4608F104014046FFF7CEFF384602B037
:1012C000BDE8F0812DE9F34180460E461546002722
:1012D0002A4601A94046FFF7B1FF044648B12EB1A6
:1012E00002460199304606F06AFC26442D1B27442D
:1012F000EED13A4608F110014046FFF7ADFF3846FF
:1013000002B0BDE8F081704770B406688489806AD5
:101310000D0C16FA81F105FB041184682468A446BB
:1013200070BC60472DE9F0431C46C36A1D686D42DE
:1013300089B007460E46904605F020051CB92046A8
:1013400009B0BDE8F083AC42A14628BFA9464B4690
:101350006A4631463846FFF7D7FF0028F0D16B4682
:10136000484502D1241A0644E8E71A78424502D1DA
:1013700001330130F4E70120E2E70B6803F5803325
:101380000B60C0891A0CB0EB134F04BFA3EB0243F0
:101390000B60704700F0F3BA38B5828903680D0C12
:1013A000090C04462D04806A02FB013100F00EFF97
:1013B00050B9E26AA389527929462046FFF7B2FF65
:1013C000002818BF6FF0050038BD10B5014604466F
:1013D0000722FF20D3F71AFEE07110BD03685818EA
:1013E0005A4201381040012B98BF084670472DE93A
:1013F000F0410C4606460821C06AFFF7EFFF0722BE
:1014000080462146FF206588A788D3F7FFFDE37952
:10141000834209D1B0893D44A0EB0800A84294BFA3
:1014200000200120BDE8F0810020FBE72DE9F34119
:101430000F4606460821C06AFFF7D0FF3C68241A11
:10144000250C80463C602D04AC4203D8002002B03D
:10145000BDE8F08108236A4621463046FFF754FF75
:101460000028F4D169463046FFF7C1FF40B1BDF80E
:101470000230BDF804203C606FF30F0513441D4497
:10148000A4EB0804E0E738B505460C46FFF7AFFFCC
:10149000A0B1A08898B922884FF6FF739A420DD167
:1014A000E86A0821FFF79AFF6288AB899B1AB3FBB1
:1014B000F0F202FB1030B0FA80F0400938BD002095
:1014C000FCE7F7B504460E46C06A08211546FFF74B
:1014D00085FF0B462A46316807462046FFF714FF72
:1014E0000546002837D1316839443160A0898BB274
:1014F000C01B83422FD10B0C03BFE38903F1FF33E1
:1015000001EB0341A1F58031316008236A46204692
:10151000FFF7FAFEF0B9E36A5A796B4619789142FF
:101520000ED10130082803F10103F7D1636805E00B
:101530003368BDF802206FF30F03134433600AE0F1
:1015400069462046FFF79FFF0028F1D1314620462B
:10155000FFF76CFF0546284603B0F0BD2DE9F043C8
:10156000074689B090461C461BB9002009B0BDE86B
:10157000F0833D688389080C15FA81F100FB03169E
:10158000FB6A1D686D4225400CD0B86A83683146FD
:10159000D3F804902B46C8470028E7D1641BE4D059
:1015A0002E44A84422464146684606F008FBFB6AE2
:1015B0001A685979121B0DEB040006F027FBD7E9D6
:1015C0000A031B688268314654686A46A047CDE723
:1015D00038B50A46082341680446FFF7BFFF0821D3
:1015E0000546E06AFFF7FAFE63681B1A6360284647
:1015F00038BD13B54FF6FF73ADF800300023ADF8DA
:1016000004304FF0FF3304468DF806308368ADF8A0
:1016100002306846FFF7D9FE69462046FFF7D8FF3B
:1016200002B010BD13B504460821C06AFFF7D6FE0C
:101630004FF6FF73ADF800300023ADF80430636857
:101640001A18ADF802204FF0FF328DF80620A2895B
:101650006FF30F0313441B1A63606846FFF7B5FE70
:1016600069462046FFF7B4FF211D2046FFF785FE9F
:1016700063686FF30F03A36002B010BD2DE9F04F54
:10168000082195B00446C06AFFF7A8FE636881464A
:101690006FF30F0303A920460393FFF76EFEDDF8F7
:1016A0000CB0A5895D44A5EB0905082306AA2946C7
:1016B00020460495FFF728FE031EC0F2AE80E36AC1
:1016C00006AA597900231078884240F097800133A8
:1016D000082B02F10102F6D1A36862684B449A42DA
:1016E00080F0848059462046FFF756FE034694E07A
:1016F000BDF81A202B0C1B0413440493A5EB09031B
:10170000009308AA04A92046DDF810A0FFF7D9FE2F
:101710000346002840F0818008A92046FFF767FEB5
:1017200018B9009B9A45ECD1D6E7656805950AAAD9
:1017300005A92046FFF7C5FE034600286DD1BDF878
:101740002820BDF820309A4229D0059B62689A4231
:1017500023D1AA45E5D1BDF82430002BE1D0BDF856
:1017600022604FEA1A431B041E4408A8A368ADF880
:101770002230FFF72AFEE36ABDF824801D686D421F
:1017800005F02005B8F1000F10D108A92046FFF799
:101790001FFF03460028C4D03FE01D46C7E70AA943
:1017A0002046FFF724FE0028CFD0D2E745452F463C
:1017B00028BF47463B460CAA31462046FFF7A4FD0A
:1017C000034650BB3B460CAAA1682046FFF7C6FE65
:1017D00039460190E06AFFF701FEA268019B0244CE
:1017E000A260D3B9A8EB07083E44CBE72046FFF739
:1017F00000FF034600283FF475AF0EE006A920461F
:10180000FFF741FE00287FF473AF04A92046FFF7DD
:101810000DFE034600283FF471AF184615B0BDE831
:10182000F08F00231A46D4F73FBA13B50024009472
:10183000D4F70CFB02B010BD03785B075FBF0368F1
:101840004288C3F34A2303EB12105DBF173020F028
:1018500007008008002070470020704704F007BA96
:101860000346BFF35B8F53E8000F421C43E800219F
:101870000029F8D1BFF35B8F70471FB50023CDE976
:101880000201CDE900331A4619461846D4F74CFE3A
:1018900005B000BD0120D4F70FBC0020704743689D
:1018A000DA7143681960436801225A71D4F7F6BBB4
:1018B00070B5D2E901369B1B8B420C4615460AD304
:1018C00013680A460146981906F079F9AB68234473
:1018D000AB60204670BD6FF01B00FBE7F8B5044617
:1018E0000F46154618B9BDE8F840D4F7E5BB3BB143
:1018F000C2F34A261030120D1946304406F05FF943
:10190000C4E900572046BDE8F840D4F76FBD2DE983
:10191000F74303F101094FEA8908074608F1170068
:1019200020F0070080081E460C461546D4F738FC08
:101930000023ADF805308DF807308DF8049060B1C4
:101940000346019A43F8102F05EB86062A4652F803
:10195000041B43F8041FB242F9D1A20102F4E07261
:1019600042EA482222F07F4222F47002002322F051
:101970003F02394603B0BDE8F043FFF7AFBF07B5FC
:101980000123019201AAFFF7C2FF03B000BD07B512
:10199000CDE9002302236A46FFF7B9FF03B000BD7B
:1019A0001FB5CDE90123069B039301AA0323FFF78B
:1019B000AEFF05B000BDF8B506460D4614461F46FD
:1019C00004B9F8BD214628463A46B047241A0544D2
:1019D000F6E710B5426881680446D2E90023006842
:1019E000FFF7E9FF636800221A6010BD38B54B6845
:1019F0001A68CB689A4205460C4602D10846FFF7A2
:101A0000E8FF6368BFF35B8F53E8002F511C43E886
:101A100000100028F8D1BFF35B8FA3689D5400200D
:101A200038BD0A2838B504460D4602D10D20FFF70F
:101A3000DDFF29462046BDE83840FFF7D7BF2DE936
:101A4000F043064687B008460D8891F800908F68ED
:101A50000C469046D4F7BAFD011EC5F38215C9F3B2
:101A6000C2091EDB4846D4F7D3FC034622466088F1
:101A700052F8101B0195C1F34A21002902EB010421
:101A800008BF0022CDE90224C0F30B100022CDE9EB
:101A90000408009239463046D4F7C4FD07B0BDE8CB
:101AA000F0830023E2E743681B685B6800209961CC
:101AB000704743681B681A685268536070474368F0
:101AC0001B681868D4F7DCBE70B543681C6863688F
:101AD00098690D46D4F7CEFA294603460F222068AE
:101AE000BDE87040184743691BB11B790B7000209B
:101AF00070476FF057007047406930B1BFF35B8F9C
:101B00000068BFF35B8F00F00100704743695BB171
:101B1000BFF35B8F53E8001F41F0010143E800125F
:101B2000002AF7D1BFF35B8F704743695BB1BFF306
:101B30005B8F53E8001F21F0010143E80012002AE7
:101B4000F7D1BFF35B8F704743690BB90020704733
:101B5000BFF35B8F1A68BFF35B8F1007F6D591B1A7
:101B600042F01001BFF35B8F53E8000F904204D1A5
:101B700043E8001CBCF1000FF6D1BFF35B8F0CBF34
:101B800001200020704722F01001EBE7406930B1DE
:101B9000BFF35B8F0068BFF35B8FC0F3C00070477B
:101BA00043693BB1DB682BB15B691879B0FA80F00F
:101BB000400970470120704770B504460D46FFF795
:101BC000EFFF18B9636903221A7170BD0321204623
:101BD000A847002802DA10F1860FF6D120462B46DE
:101BE0000121BDE870401847704730B54C68036864
:101BF000A34201D2012030BD8A682244934201D31E
:101C00000020F8E7D1E90452954203D36FF00B03AB
:101C10008B61F5E7CA681B1B42F8353043680869D9
:101C200002EBC00253600B6901330B61E2E737B589
:101C30000C46C0B201A91546D4F7F8FE00280CDB0B
:101C4000019850B121462A46D4F718FF044601985E
:101C5000FFF7CAFF204603B030BD6FF01504F9E767
:101C600010F0700F08D100F07F0310F0800F18BF44
:101C70001033012098407047002070472DE9F84349
:101C800006460F46904699460B244B464246394637
:101C90003046F3F73DFE10F10B0F054603D1FCF77C
:101CA000D1F8013CF1D12846BDE8F883006840B185
:101CB00050F8043C5B688B42A0F1040001D04068FE
:101CC000F5E77047006850B150F8043C5B685B680A
:101CD0009B788B42A0F1040001D04068F3E7704785
:101CE00030B5006888B150F8043C5B681A6A1D7F03
:101CF00004380023043ADCB2A54201D84068F1E779
:101D0000013312F833408C42F5D130BD08B5D5F718
:101D10004DFC28B1406810F1100F14BF00200120C5
:101D200008BD4B1C8170817680F82530C37600F8A1
:101D3000061C704750E90231D0F89C00184703692F
:101D4000002283F84A207047036993F84A0048B19B
:101D500093F8480030B1D3F8902053685169D069A6
:101D60005B1AC01A70470369002283F84B20704742
:101D7000036993F8490008B193F84B00704708B520
:101D80000246FFF7F5FF28B91046FFF7DDFF0038E0
:101D900018BF012008BD0369C3E90012704702297A
:101DA000036908D004290BD001290ED1D3F894304F
:101DB00013600020704793F89B30C3F34003F7E7AC
:101DC00093F89B3003F00103F2E76FF08500704752
:101DD000CB79026923B1012B02D06FF085007047E7
:101DE00082F8A1300020704710B50369D3F8942021
:101DF0000A6093F898206AB1012A0CBF02220322DC
:101E00004A7193F89920501E032805D8DFE800F0A6
:101E1000050505050122F3E700220A7193F89A20CF
:101E2000062A0BD0072A0BD0052A0CBF002203225A
:101E30008A7193F8A130CB71002010BD0122F7E721
:101E40000222F5E708B54029036940D011D81029CE
:101E50002FD006D801291AD008291CD06FF0120003
:101E600008BD2029FAD193F89C106ABB01F0FB0150
:101E700024E0B1F5807F36D0B1F5007F3CD08029D9
:101E8000ECD193F89C105ABB01F0EF0116E0C3F8B7
:101E900094200020E4E793F89C103AB901F0FE0189
:101EA00083F89C100121D5F7F7FDF2E741F001011D
:101EB000F6E793F89C1022B901F0FD0183F89C101D
:101EC000F1E741F00201F9E741F00401F6E793F888
:101ED0009C1012B901F0F701F0E741F00801EDE7BD
:101EE00041F01001EAE793F89C1012B901F0DF010C
:101EF000E4E741F02001E1E793F89C1012B901F00A
:101F0000BF01DBE741F04001D8E770B50469054641
:101F1000D4F88C00FFF7D6F994F8A0300646ABB1A0
:101F2000D4F88C104B684A699A1ACB699B1A3F2BDC
:101F30000CD994F89E3033B16B681B6A2246187B2B
:101F40000021D5F741FE002384F8A030304670BD53
:101F500008B50122FFF7D9FF013818BF4FF0FF3055
:101F600008BD0369D3F8901048694A68C969121A14
:101F7000914204BF002283F84820D3F88C20916856
:101F80001269914204BF002283F849200120704762
:101F90002DE9FF41CD680646284698460C4617466F
:101FA000C5F780FDBDF82830009380B2CDE901501F
:101FB00043463A4621463046DEF728FA04B0BDE8EB
:101FC000F081002070470020D5F73EBF0022114667
:101FD000D5F702BF0021D5F78DBF10B50AB1002398
:101FE0001360A0B151B1013911F8013F43B1047838
:101FF000A34203D13D2B00F10100F5D1002006E002
:1020000001782F2904D10AB101301060012010BDE0
:102010003D29FBD0B1FA81F04009F8E710B509B1CC
:1020200000230B6058B103461A783AB13D2A05D017
:102030002F2A03F1010403D101B10C60181A10BD5D
:102040002346F1E70830704710B5134614460A4698
:1020500081880068FFF7E9FBA042A8BF204610BDB9
:102060002DE9F04F97B00446884601929B4600291F
:1020700000F08680058F0135002B18BF002AADB215
:102080000CBF4FF001094FF000092F466E1EB6B28B
:10209000B6F5004F33D04A2303AA314604F10800B5
:1020A000FFF7C3FB002805DA10F1020F08BF37461F
:1020B0003546EBE700F158030DEB0300002300F871
:1020C0004C3C03A94046C5F7DBFC0028F0D1B9F130
:1020D000000F1AD13746B7F5404F54D0238FBB427B
:1020E00035D307F58041019A5B4689B204F10800B7
:1020F000D3F7DAFD002837DA17B0BDE8F08FB9F171
:10210000000F34D14FF00109E5E7314604F1080032
:10211000FFF787FB0028EFDB05F57F513F3189B2E0
:1021200004F10800FFF77DFB0028E5DB238FB342B5
:102130001DD12246013B22F8383F4FF400410223D3
:1021400004F10800D3F7B0FD00EAE070D4E72246BE
:10215000022322F8387F4FF4004104F10800D3F73E
:10216000A3FD0028BDDAC7E7B9F1000F01D10020B7
:10217000C2E74046C5F796FC424603463946DFE7CC
:102180006FF01500B8E76FF00B00B5E773B5C36BE0
:1021900003630546BBB10830D3F7F0FB044678B9BA
:1021A00002230DF106024FF4004105F10800FFF78C
:1021B0003CFBA042ACBFBDF806304FF400432B8778
:1021C000204602B070BD6FF01204F9E72DE9F0412E
:1021D0008568EB6804460E4617469847AB682BB1F6
:1021E0003A4631462046BDE8F04118476FF05700A7
:1021F000BDE8F08101460068D6F76AB808B5D6F7A1
:10220000F5F8BDE80840D6F7F5B80A460121FFF712
:10221000B6BB00210120D6F75BB861B662B680F389
:102220001188BFF36F8F704772B6002383F3118854
:10223000BFF36F8FBFF34F8F30BF62B6BFF36F8FA7
:10224000704772B6002383F31188BFF36F8FBFF31B
:102250004F8F20BF80F31188BFF36F8F62B6704736
:102260000023202103F1604202F561420133302B4B
:1022700082F80013F6D17047202809D9B0F1004F39
:1022800008D80138B0FA80F0C0F11F004000704754
:10229000082070473E20704708B5D1E904319847BF
:1022A000002008BDFAF700BDD6F73EBE70B5A0FB12
:1022B000016535B93046D6F76DFE044638B920467B
:1022C00070BDFFF7EFFF0C2303600024F7E73246F1
:1022D000294605F09BFCF2E770470023038243691F
:1022E000C3607047416A8968D6F7BEBEEFF31182BA
:1022F000202383F31288BFF36F8F00230B604368A2
:1023000033B9C0E9001182F31188BFF36F8F7047B2
:1023100019604160F7E710B5EFF31181202383F3D3
:102320001288BFF36F8F03682BB144681A6802608C
:10233000A34208BF426081F31188BFF36F8F184634
:1023400010BD037A013303727047034618465B6879
:10235000002BFBD17047426810B52AB10B461C46D2
:102360005B68002BFBD16260416010BD10B5044674
:1023700020B90B7A01330B72084610BD034618468C
:102380005B68002BFBD1FFF7E6FF2046F5E710B5B1
:1023900008B14B6843604C68002308464B60D6F791
:1023A000E1FE204610BD81600160C28082807047DE
:1023B00083680B440360704703680B6043684B609D
:1023C00083688B6070478388026819448180D018C5
:1023D000704730B484880568A3188380281930BCFE
:1023E00005F0EDBB10B5838802685C1C8480D15475
:1023F000D01810BD30B5838802689D1CD418858024
:10240000D154090A617030BD036882885B1A114497
:10241000036081801846704783885B1A8380036855
:102420001944016008467047034600689A88521AAA
:1024300001449A801960704708B503681A78012131
:10244000FFF7EAFF104608BD08B503681A880221A5
:10245000FFF7E2FF104608BD02688068101A704757
:102460008388C2888168D21A03685B1AD01A7047C1
:102470008170704700207047FFF781BA0369426896
:102480005B68526813741B0A53740020704730B5A0
:1024900085B014460A888B78ADF8002005460D22D9
:1024A00000210DF103008DF8023005F0AFFB6A4604
:1024B00069462846EEF7D8FF28B9BDF800209DF8F8
:1024C00002302280A37005B030BD13B50C4601AABE
:1024D0000331FFF7DCFF48B9032201A9204605F0CC
:1024E0003FFDB0FA80F0400902B010BD0020FBE7CC
:1024F00070B50C4606460321E01CEEF7B3FF60B949
:10250000637903F03F0343F0400363712246E11C0B
:102510003046BDE87040FFF7BABF70BD70B50D46DC
:1025200000210446FFF77AFD0D2818D1237B302BBC
:1025300013D1002305F8063B04F10C062A46204679
:10254000012302210234FEF7EDFCB44205F1FF3510
:10255000F4D1002070BD0123ECE7312BFBD06FF0EC
:102560001500F7E70020704710B502780B7893420A
:102570008AB00C460FD06946D7F766FA05A92046FF
:10258000D7F762FA10220DF115010DF1010005F0E7
:10259000E7FC0AB010BD012B06D0022B07D073B99F
:1025A00040884B88C01AF4E740684B68FAE710226D
:1025B000013101300AB0BDE8104005F0D1BC6FF028
:1025C0001500E6E7042A0AD0102A0DD0022A4FF09F
:1025D000000315D103700B8843800120704701234D
:1025E00003700B684360F8E7022300F8013B01F138
:1025F000100351F8042B40F8042B9942F9D1ECE771
:1026000018467047012310B50621044600F8013B27
:10261000EEF728FF18B9A37963F03F03A37110BD4B
:102620000B6803608B8883808B798371037823F038
:102630000203037070470078C0F34000704738B55C
:102640000446807AD6F7E6FC6169054649B1637AAB
:10265000DB0704D4436A1B6820469B689847002325
:10266000636121462846BDE8384004F065BF2DE986
:10267000F04101F10C070C46054600F10C0138460B
:1026800090461E46FFF798FE3846FFF7E5FE012309
:10269000404468826B72A5F8108041463846FFF7C7
:1026A000BBFEE3687360628A0023E3607281638229
:1026B00034602846BDE8F08138B5D1E90032DA60EF
:1026C0000B684A895A820C4605460868D6F74AFDC7
:1026D00020461022002105F099FA2846BDE838402E
:1026E000FFF7ADBF438A23B9C068B0FA80F0400954
:1026F000704700207047D0F8A03083B15A7BD107D3
:102700000DD5D2060DD51B7B102B0CBF0423032344
:102710004372807A98428CBF0020012070470223C8
:10272000F6E70323F4E70F2806D80D280BD8052871
:1027300014BF022003207047132804D01A2814BFA6
:1027400002200120704701207047FFF718B910B52B
:102750000346BFF35B8F53E8000F40EA010243E8F2
:102760000024002CF7D1BFF35B8F10BDFFF70FB92A
:102770000B6803608B8883808B79837170470B466D
:1027800001461878D7F750BA0023D3F74FBEBFF3EE
:102790005B8F50E8003F0B4040E80032002AF8D140
:1027A000BFF35B8F7047030A1070000E5370D07038
:1027B0000023080A090E9370137150719371D1713F
:1027C00070470120704781767047704710B50288C6
:1027D00043889A4218D8052A16D9B3F5486F13D8FA
:1027E0008488B4F5FA7F0FD2C188A1F10A0292B2AF
:1027F00040F67640824207D804FB0333B3EB810FE7
:1028000034BF0120002010BD0020FCE740F2C130A1
:10281000704708B5E1F748FB18B1C089003818BF08
:10282000012008BDD8F700BC70B506460D4640F241
:1028300006400321D7F71CFE044668B103210C3083
:10284000FFF7C1FD0680857021460022BDE870407B
:1028500040F20640D8F734BA6FF0680070BDC36824
:10286000187808B1D8F744BC1846D8F7F3BC38B587
:102870000221054642F21600D7F7FAFD044668B178
:1028800002210C30FFF79FFD2B8803802146002298
:10289000BDE8384042F21600D8F712BA6FF068006F
:1028A00038BDF8B507460E4642F22200062115460D
:1028B000D7F7DEFD044678B106210C30FFF783FD23
:1028C0003B8803804680858021460022BDE8F84091
:1028D00042F22200D8F7F4B96FF06800F8BD2DE994
:1028E000F8438146884642F2320007219DF8205085
:1028F00017461E46D7F7BCFD0446A0B107210C3091
:10290000FFF761FDB9F80030038080F80280C770DE
:102910000671A0F8055021460022BDE8F84342F2B6
:102920003200D8F7CDB96FF06800BDE8F88308B57C
:1029300000200021D8F758F918B1BDE80840D8F7B1
:102940003FB8BDE80840DAF7B7BE033138B5C9B2C1
:1029500005460E20D8F716FE032104460C30FFF77B
:1029600032FD01230370A0F80150204638BD70B538
:1029700005460E460F200421D8F704FE0421044624
:102980000C30FFF720FD0123067043704580204680
:1029900070BD08B5072205F0E3FAB0FA80F04009EF
:1029A00008BDFEF7ECBF0B6803608B8883808B79D2
:1029B00083717047BFF35B8F0068BFF35B8F704715
:1029C00070B50E46144620BB272142F22700D7F7E8
:1029D0004FFD054600B327210C30FFF7F4FC3146CC
:1029E000FFF7E1FF2246C31D04F1100152F8044B2A
:1029F00043F8044B8A42F9D110220021173005F028
:102A000005F929460022BDE8704042F22700D8F7B8
:102A100057B96FF0150070BD6FF06800FBE7037ADF
:102A20005B0706D5014600F12A0211F8010BFFF7FA
:102A3000C7BF704738B50121054642F22D00D7F7D0
:102A400017FD044658B129460C30FFF7CBFC214650
:102A50000022BDE8384042F22D00D8F731B96FF0BE
:102A6000680038BD10B400F11003BFF35B8F53E86A
:102A7000002F22F4004143E80014002CF7D1BFF3EB
:102A80005B8F130403D510BC012100F083B910BC87
:102A900070472DE9F041D1F8048086B005460E4616
:102AA000B8F1000F1ED1037A5B071BD50C68411CDF
:102AB000601CFFF76EFF162241460746684605F088
:102AC000A5F81022694604F12A0005F049FA60B120
:102AD0003FB9102205F12A0104F12A0005F040FA5D
:102AE00000B9756006B0BDE8F081002FF9D1F9E7B3
:102AF00008B500F1100302461846FFF75BFF010618
:102B000011D5BFF35B8F53E8000F40F4004043E85A
:102B100000010029F7D1BFF35B8F0021BDE8084019
:102B2000104600F037B908BD10B50C4630B919B1E0
:102B3000E1F76CF900B1441C204610BD0024FBE70E
:102B400018B111B10846D8F795BD6FF01500704760
:102B500013B5044680B106216846EEF783FC48B9F8
:102B60009DF80530694603F03F0320468DF8053097
:102B7000FFF7E6FF02B010BD6FF01500FAE708B5E9
:102B8000D9F7FEF910B11030FFF714FF012008BD8E
:102B9000037AD90704D523F001030372D8F700BEE6
:102BA000990704D523F002030372D8F7BDBE70471E
:102BB0000020704710F4004F14BF0623072303F0D2
:102BC000050210F4803F18BF134603F0030210F40F
:102BD000003F14BF104618467047BFF35B8F006874
:102BE000BFF35B8F704710B50346BFF35B8F53E8AD
:102BF000000F00EA010243E80024002CF7D1BFF3E4
:102C00005B8F10BD012310B403FA01F1044662B1D9
:102C1000BFF35B8F54E8003F0B4344E80032002AC7
:102C2000F8D1BFF35B8F10BC704710BCC943FFF7EE
:102C3000DABF2DE9F04F87B006469DF84850DDF821
:102C400040809DF844900C4692460021102202A834
:102C50001F4604F0DBFF9DB1D7F7AEFE8346002C84
:102C60003DD1002F47D15846C4F71CFF0023ADF8D3
:102C7000023009238DF800308DF80100CDF804B042
:102C8000012D0CBF0222012202A942F20800CDE967
:102C9000024A04BFCDF810D00595D9F787F804464D
:102CA00078B9B9F1000F28D11036BFF35B8F56E821
:102CB000003F43F0040346E80032002AF7D1BFF397
:102CC0005B8F204607B0BDE8F08F14F83230083B28
:102CD000DBB2012B26D901329245F6D1C1E70022A1
:102CE000FAE717F83230083BDBB2012B1AD9013270
:102CF0009045F6D1B7E70022FAE7022D4FF0010226
:102D000008BF059202A908BF2A4642F2090008BF7F
:102D1000CDF810D0CDE90278D9F748F80028C3D013
:102D20000446CEE76FF01504CBE7436813F00800C4
:102D30000AD05A0307D403F4C063B3F5806F0CBF05
:102D40000120022070470120704770B5064686B00A
:102D50000D4642F20A000121D7F78AFB0446B0B1C2
:102D60000C3095B10121FFF73DFB06F1100203A9DC
:102D7000204600950723D7F769FB0022214642F23F
:102D80000A00D7F79DFF06B070BD2946EBE76FF04C
:102D90006800F8E7FFF7D9BF183004F0BBBCBFF3F9
:102DA0005B8F0068BFF35B8F7047032808B501D0C5
:102DB000D9F750FBBDE80840D9F764BB01F1200307
:102DC000013813F8012D00F8012F9942F9D170470D
:102DD00000230B60436813B9C0E900117047196004
:102DE00041607047D0F8B400003818BF0120704728
:102DF000084689691160C2691A60C27A00211830D8
:102E000004F004BFBFF35B8F0068BFF35B8F7047B4
:102E1000FEF7BDBD10B50346BFF35B8F53E8000F4F
:102E200040EA010243E80024002CF7D1BFF35B8F96
:102E300010BD73B50446CDE900320D4622B9D0F875
:102E4000AC606B4601AAB0472846D6F78BF9019BC8
:102E500023B100996FF06D022046984702B070BD13
:102E60002438DAF747B8036800220BB918467047D0
:102E70008B4210D10B6842B942680360914200D185
:102E8000436000230B600120704713604368994240
:102E900008BF4260F5E71A461B68E6E710B504462E
:102EA000006918B1D6F75EF90023236110BD10B593
:102EB000034600F1CC021046FFF7A4FF80B1BFF338
:102EC0005B8F411C52E8004F844204D142E8001C51
:102ED000BCF1000FF6D1BFF35B8FECD1184610BDEB
:102EE0000346FBE72DE9F04107460D4690460024D6
:102EF000D026A54203D100231846BDE8F08106FB89
:102F00000470FFF7D4FF034658B1427B012A02D078
:102F1000073A012A03D81A884245EDD01846DAF755
:102F2000FBF90134E5E710B5437B023B0446062B71
:102F300025D8DFE803F00D042424241722000173B0
:102F40000021DAF711FABDE810400220D9F788BB5A
:102F50008378012B11D1403004F0DCFBBDE8104038
:102F6000D8F750B90088FFF75FFC38B9637B072BAF
:102F700003D108212046DAF7F7F9002010BD6FF0E1
:102F80007F00FBE710B50446D0F8A00028B9207AEE
:102F900004F17001E0F788FF38B1E278C3892AB9FB
:102FA00013F0210F14BF0120104610BD13F0240FA1
:102FB00014BF01200020F8E72DE9F843089C102CED
:102FC00081460E4690461F462CD81C2142F219001D
:102FD000D7F74EFA054648B31C210C30FFF7F3F93A
:102FE0000346B9F8002023F8022B3268C0F802200B
:102FF00072685A60B8F800304381224639460C3076
:1030000004F0DDFD102C05D0C4F110020021204495
:1030100004F0FCFD29460022BDE8F84342F2190005
:10302000D7F74EBE6FF01500BDE8F8836FF068006B
:10303000FAE737B505460C46FFF7FDFA2946A8B171
:103040006846FFF7EDFA69460020DAF771FD58B1DE
:103050002388A0F888306388A0F88A30A388A0F875
:103060008C30E388A0F88E3003B030BDFFF75CFDF4
:103070000346006800909A889B798DF80630ADF879
:103080000420E0E738B5037A8B420446154615D193
:1030900000F170010722284604F062FF80B1E37856
:1030A000072243B904F17E01284604F059FFB0FA23
:1030B00080F0400938BD04F17701F5E70020F9E719
:1030C0000120F7E720B18378194214BF01200020C6
:1030D000704708B503210246FFF7F4FF28B1D07A04
:1030E00018B1D2F8A00000B1007B08BD38B50A467F
:1030F00003210446FFF7E6FF38B3637B072B27D194
:10310000130602F07F050CD54FF40041201DFFF798
:1031100081FEA572204601F07FFD08B1637AA3729B
:1031200038BD637AAB4216D2A37AAB4213D2BFF357
:103130005B8F231D53E8001F21F4004143E8001278
:10314000002AF7D1BFF35B8FE3E76FF01500E7E7E5
:103150006FF07F00E4E70020E2E708B503210246B4
:10316000FFF7B0FF00B1507A08BD08B50121024653
:10317000FFF7A8FF08B102F1700008BD70B5064660
:103180000C4642F213000E21D7F772F90546C8B17A
:103190000E210C30FFF717F90E22002104F036FD46
:1031A000328802802288428062888280A288C2801F
:1031B000E288028129460022BDE8704042F21300F5
:1031C000D7F77EBD6FF0680070BD7047704710B4D0
:1031D00000F14C030122BFF35B8F53E8001F43E86B
:1031E0000024002CF9D1BFF35B8F41B9034653F89B
:1031F000482B8164D2F8B81029B9C2E92D3310BC2C
:103200000068D9F7E7BF0B60C2F8B830F7E710B530
:103210000368D3F8B42042B1D3F8B8401168C3F8BA
:10322000B410A24208BFC3F8B8104C300023BFF35B
:103230005B8F50E8002F40E800310029F9D1BFF33F
:103240005B8F10BD70B5D0E9003504463BB3D3F8B1
:10325000B420483000216AB1904232D1A26C41BB07
:10326000D3F8B810C3F8B420884201D1C3F8B8200D
:103270000023A36404F14C030022BFF35B8F53E8E7
:10328000001F43E800200028F9D1BFF35B8F236BB8
:10329000D3B96B680BB12046984700232360E368DD
:1032A0000BB1204698472B6ABBB12046BDE8704061
:1032B00018470A60D3F8B820904208BFC3F8B81086
:1032C000D6E711461268C6E70022002304F1300059
:1032D000FAF76AF8D5F746FFD9E770BD10B5406B2D
:1032E00020B150F8084904B1083C00B910BDFFF7FF
:1032F000A9FF2CB1A36803B1083B20461C46F4E7A4
:103300002346FAE738B5406B0D4620B150F808491E
:1033100004B1083C00B938BD43689B680BB129462D
:1033200098472CB1A36803B1083B20461C46F1E73F
:103330002346FAE7406B30B1838B8B42A0F1080043
:1033400001D08068F7E7704710B54AB989B2FFF736
:10335000F1FF28B143689B6913B1BDE810401847DD
:1033600010BD38B50D460521FFF7E4FF00231A46CE
:103370002946DAF793FF044610B12846D5F7F2FE46
:10338000204638BD406B30B183898B42A0F10800E4
:1033900001D08068F7E77047704703682BB1416838
:1033A0001A6802608B4208BF4260184670470346A5
:1033B000002003B970471A8A5B681044F9E710B51A
:1033C000D4682378023113B92170012010BD8B42DB
:1033D000FBD0038A023B038200201061F6E706203F
:1033E0007047FEF7CCBA08B503680A8A1868C9683E
:1033F000DEF74CFC002008BD38B5054601F10C0095
:103400000C46FFF721F82D68238AE26801462868F8
:1034100001F099F9002038BD70B40668726A5AB399
:10342000144654F8A83903B1A83B002211467CB9D0
:10343000438D408B8B4201D890421FD9824238BFC6
:1034400002469942306838BF194670BCDEF79CBC12
:10345000844207D0658D648BA94238BF2946A242B9
:1034600038BF224633B1D3F8A85005B1A83D1C4659
:103470002B46DCE71D46FAE71146D9E770BC7047DA
:1034800073B51446014605464FF49572206801F065
:103490006EF82075F8B9237AB3B1A3F1180253423C
:1034A00053419B000193638A0093AE68238AE268CC
:1034B00020682946B047002808DB238A98420DD1AE
:1034C00000232375012007E00223EBE710F5807F3E
:1034D00004D940422075002002B070BD0E20F9E7EB
:1034E000F8B59368166805460F46144663B95068E8
:1034F00001210C30FEF767FFA0602B681B78002BC2
:1035000014BF022301230370A3681B78012B03D08F
:10351000022B1FD000201CE02B681B78002BF9D158
:10352000606804210C30FEF74EFFE06007802A68D7
:10353000E36852885A806168728D738B088A9A4258
:1035400094BFC0EB0200C0EB0300042894BF00202E
:103550000120F8BD2B681B78022BDBD1606812219B
:103560000C30FEF730FFE06007802B68E268591CE2
:103570000232113351F8040B42F8040B9942F9D18D
:103580006168728D738B088A9A4294BFC0EB020007
:10359000C0EB03001228D9E7D0680378043113B9CF
:1035A0000170012070478B42FBD091680B8A00208C
:1035B000043B0B82106170471FB5CDE90123002346
:1035C00000931A46DCF778FF05B000BD2DE9F04FF7
:1035D000064685B0104690469946FFF7E8FE738B85
:1035E000728D934228BF134683428B4640F29380EC
:1035F000736803934046FEF7A8FE4FF0000A0546A5
:103600004046FFF7D4FE728B738D05F10C079A428A
:1036100094BFC0EB0204C0EB03043846FEF720FF62
:10362000844217D24046FFF7C2FE728B738D9A42D6
:1036300094BFC0EB0204C0EB03048CBB98F80A00F3
:10364000D5F7E8FC00220023FEF74CFE054630B912
:10365000574636E03846FEF703FF0446EDE70146DD
:103660004046FEF783FE4046FFF7A1FE728D738B46
:1036700005F10C079A4294BFC0EB0204C0EB0304AF
:103680003846FEF7EDFE84421FD24046FFF78FFE1C
:10369000728D738B9A4294BFC0EB0204C0EB03049B
:1036A000E9682A8ACDF80090DBF8047003980A4490
:1036B000A3B25946B847071E0CDABAF1000F18BF7B
:1036C0005746384605B0BDE8F08F3846FEF7C8FECD
:1036D0000446E5E70E9BB3B9394605F10C00FEF749
:1036E00072FE4046FFF763FE738D728B934228BFD4
:1036F00013468342BA44ABD9B944A7421FFA89F9A9
:103700003FF47EAFA4E70F9A0E9B394628469847B0
:103710000028E1D19CE70027D3E72DE9F3411568A4
:10372000074600236868137314463946952200F053
:103730001EFF0646207300BBA068698D6A8B038A52
:10374000914294BFC3EB0103C3EB0203012B14DDD1
:1037500002210C30FEF737FECDE900668046A388D3
:10376000A26839462846FFF731FF002809DA10F52C
:10377000807F8CBF40420E202073002002B0BDE845
:10378000F081A8F800000120F8E773B51568064637
:1037900000236868137314463146952200F0E7FE53
:1037A000207378B9CDE900003146A388A268284685
:1037B000FFF70CFF002808DA10F5807F8CBF40422D
:1037C0000E202073002002B070BD0120FBE70368CB
:1037D000002203B970478B420FD10B683AB9426897
:1037E0000360914200D1436000230B607047136077
:1037F0004368994208BF4260F6E71A461B68E8E74B
:1038000006207047BFF35B8F50E8003F43F008028B
:1038100040E800210029F7D1BFF35B8FC3F3C0005C
:1038200070472DE9F04104468868FFF7C0FD638DBD
:10383000628B934228BF134683420D461DD3E16538
:10384000D1F8088000278F60FAF7A6FA4146204693
:10385000DBF7A8F9064638B1C5F80880E765FAF73E
:10386000AFFA3046BDE8F081618D638B994228BF85
:1038700019462846DEF72AFCF1E76FF07906F0E7F3
:1038800038B50546BFF35B8F0B68BFF35B8FDB0773
:1038900017D550F8040CA0B1AB6D93B90430FFF705
:1038A0007CFD044668B10146281FFFF7BAFF0028D7
:1038B00007DA55F8043C5A6822609A685C6002B9DD
:1038C0009C6038BD2DE9F041446A074634B154F894
:1038D000A86906B1A83E002215460CB9BDE8F081E2
:1038E000E36D9BB905B98AB9381DFFF756FD05464A
:1038F00058B101462046FFF794FF0028EEDA7B68B6
:103900002B60BB687D6003B9BD60224636B1D6F836
:10391000A83003B1A83B34461E46DEE73346FAE73B
:1039200070B504460E46002200230846F9F73CFD18
:10393000054658B101462046DBF734F9044618B174
:103940002946304603F0F8FD204670BD6FF00104B3
:10395000FAE7F8B5054600F1540350F8044CBFF3FC
:103960005B8F53E8001F21F0040143E80012002A96
:10397000F7D1BFF35B8F0CB3AB6D2F1F8BB96368AF
:103980007BB1201DFFF709FD014606463846FFF7CB
:1039900048FF002812DA63683360A368666003B9E1
:1039A000A66005F15C013846FFF7BAFF30B104F1BB
:1039B0000C013846BDE8F840FFF7B2BFF8BD38B596
:1039C00004460D46DBF7EEF830B1294604F16000FD
:1039D000BDE8384003F0A6BD38BD70B5044601F11E
:1039E0000C000D46FEF730FD26682B8AEA6801467A
:1039F000306800F0A8FE1E2100222046DBF778F890
:103A0000014610B12046FFF7DAFF002070BD2DE916
:103A1000F041884617460121042205461E46DBF781
:103A200067F8044670B104210C30FEF7CCFC80F836
:103A30000080A0F80170C67021462846BDE8F0411C
:103A4000FFF7BDBFBDE8F08137B50C46054601F173
:103A50000C00FEF7F9FC228A0192E268009203460C
:103A6000132212212846DBF7FFF903B030BD37B52A
:103A70000C46054601F10C00FEF7E6FC228A019295
:103A8000E26800920022034611462846DBF7ECF973
:103A900003B030BD07B5CA681388528800920C2164
:103AA0000D22DBF7D3FB03B000BD07B5CB680022C6
:103AB0001B8800920A210B22DBF7C8FB03B000BD74
:103AC0002DE9F041CB681F88BBB2162B05462AD9D9
:103AD0000321DBF781FA064638B302210C30FEF7EA
:103AE00072FC4FF04108002480F800804470314699
:103AF0002846FFF764FF2B68A5F81A806F851B68BE
:103B0000BFF35B8F043353E8001F41F4803143E877
:103B10000012002AF7D1BFF35B8F2846FFF77CFC29
:103B20002046BDE8F0810420FBE70E20F9E7DCF732
:103B300019BC70B550F8043C0446002B35D0051F65
:103B400039B1836D002B30D01B7CDA072DD50523CE
:103B50001EE006683046DEF72BF9737A012B24D07D
:103B6000A46D14B3237CDB071FD5E368002BEED0D4
:103B70006269617C2846DAF7BBFF064638B1D4E9B2
:103B80000512E368984750B13046D5F7EBFA0E239B
:103B9000002228461146BDE87040DBF7EFBC3146F5
:103BA0002846DAF7FFFF0028EED170BD70B5CD686A
:103BB0002B889AB2162A04460E4606D80022042301
:103BC0001146DBF7DBFC002070BD412242834385B8
:103BD000FFF722FC328A002329462046F1E708B588
:103BE00000230A8AC968DBF7C9FC002008BDFFF77B
:103BF000F6BFFFF7F4BFFFF7F2BFFFF7F0BFFFF725
:103C0000EEBFFFF7ECBFFFF7EABFFFF7E8BFFFF734
:103C1000E6BFFFF7E4BFFFF7E2BF70B50D46DBF785
:103C200083F9044628B92846D5F79CFA6FF07F003F
:103C300070BD00F10C062946304603F073FC646A3F
:103C400025461CB155F8A84904B1A83C00200246FD
:103C50003DB1831C00D13AB931462846FFF760FEDA
:103C600008B90020E4E72A4634B1D4F8A83003B1FB
:103C7000A83B25461C46EBE72346FAE738B5054640
:103C80000C46FAF789F82846DBF74EF920B9FAF71F
:103C900097F86FF07F0038BD0023236083683BB93D
:103CA000C0E90144FFF70EFEFAF78AF80020F2E7B8
:103CB0001C608460F6E710B50C46DBF735F998B167
:103CC000436A4BB153F84C2C9169A142A3F1A8036C
:103CD00009D0D3F8A830F4E7406828B18369A3423B
:103CE00002D00068F9E7104610BD0120704708B502
:103CF000DBF71AF998B1436A8BB1BFF35B8FA83B2E
:103D000003F1580252E8000F20F0080042E80001D9
:103D10000029F7D1BFF35B8FD3F8A830ECE708BDDB
:103D200008B50421FFF72EFB30B1BFF35B8F406D68
:103D3000BFF35B8FC0F3C00008BD10600020704768
:103D400010B5029CA3683BB1B1F5807F34BF0A4631
:103D50000E22D2B221469847A37DE268013BDBB236
:103D6000A37522B11BB92046BDE81040104710BD15
:103D70001060918000207047002070470B6803603E
:103D80008B8883808B798371704770B586B01646B7
:103D9000BDF828501122002101A81C4603F036FF6F
:103DA0000F2D13D82544102D13DC2246314601A8CF
:103DB00003F005FF04F118036B44002201A803F887
:103DC000142CD6F7CBFD204606B070BD6FF006046C
:103DD000F9E76FF00C04F6E7FDF7D9BDF0B505681B
:103DE0002E7889B007461446D6B96B88B3F5245FA0
:103DF00004D010D8A3F52053032B11D8ADF80A1026
:103E000002220DF10A012046DBF736FD60B16FF0AA
:103E10001503A36505E0A3F52453013B042B1FD92B
:103E20000126304609B0F0BD6B88ADF80A30022299
:103E30000DF10A012046DBF71FFD0028E7D10090B5
:103E400003AA7D6813233946A847021E01DAA2653A
:103E5000E7E703A92046DBF70FFD0028E0D0D6E70F
:103E6000ADF80A1002220DF10A012046DBF704FD2D
:103E70000028CCD16B88ADF80A3002220DF10A017E
:103E8000E8E708B5072204F06BF8B0FA80F04009C3
:103E900008BD2DE9F04104460F469046461C00251A
:103EA00016F8013C434507D139463046FFF7E9FF94
:103EB00010B16019BDE8F0810A353C2D06F10A0603
:103EC000EED10020F6E710B50346BFF35B8F53E851
:103ED000000F40EA010243E80024002CF7D1BFF3B1
:103EE0005B8F10BD10B50346BFF35B8F53E8000F27
:103EF00000EA010243E80024002CF7D1BFF35B8FF6
:103F000010BD2DE9F041069D0C4607466FF00401F7
:103F100005F11800FFF7E6FFF4B13846DBF7C0FD06
:103F2000014640B3836853B11E68002205F11C0CA2
:103F30002BB1634508D12B463846DBF779FCB4F545
:103F4000807F28BF0E240EE026B130681A46334623
:103F50000646EDE73046F9E7AB8A23B92E682246DC
:103F600029463846B0476B682BB12A46E1B238463D
:103F7000BDE8F0411847BDE8F08111F1680F01D0AC
:103F8000FFF7BFBF7047BFF35B8F0068BFF35B8F66
:103F90007047FDF7F4BC2DE9F04107460E464C1C76
:103FA00001F13D08002514F8010C2146D9F7ECFD7C
:103FB00030B1B4F807309D4238BF1D46D9F7ACF98F
:103FC0000A344445EFD1B38FAB4207D0336CB58789
:103FD00023B129463846BDE8F0411847BDE8F081D5
:103FE00010B502210C301446FEF7EDF96389038009
:103FF000002010BD10B504210C301446FEF7E3F983
:1040000023890380E3894380002010BD10B502217D
:104010000C301446FEF7D7F923890380002010BD29
:1040200010B504210C301446FEF7CDF92389038026
:1040300063894380002010BD38B500F10C040421D1
:1040400020461546FEF7BFF92B890380EB89438094
:104050002B7C33B94FF420512046FEF7CBF90020DA
:1040600038BD42F60101F7E738B500F10C04042130
:1040700020461546FEF7A7F92B890380EB8943807C
:104080002B7C022B04D0032B09D02B68598801E02C
:1040900042F602012046FEF7ADF9002038BD42F697
:1040A0000301F7E770B51646002400F10C057268AD
:1040B000E3B29A4201D8002070BDB268284632F8B7
:1040C00013100134FEF796F9F1E7FFF7EBBFF7B5F0
:1040D000089D06462F680C4651B973B90023089312
:1040E0002A46E1B23046BC4603B0BDE8F040604726
:1040F000B1F5807F28BF0E24F0E7009313462A46CF
:10410000B84708942F6823462A462146EAE7F0B5C7
:1041100087B0074608460C9C114658B983B92568F4
:104120000023C1B222463846AC460C9307B0BDE826
:10413000F0406047B0F5807F256828BF0E20EFE78C
:104140001A4603A8FEF72FF9BDF81030012B08D846
:10415000002300932568224619463846A84707B031
:10416000F0BD022103A8FEF75FF90346BDF8102059
:1041700033F8025B954228BF154600952668224613
:1041800000213846B047294603A8FEF74DF9DBE782
:1041900030B585B0C96814461D46DBF765FC00B133
:1041A0000089ADF80E0002230093BDF820200DF128
:1041B0000E0329462046DBF74DFD05B030BD1FB587
:1041C0000C461946E3681C781046BDF818203CB12F
:1041D00010240133069404B0BDE81040DBF73ABD6B
:1041E0005B88ADF80E30022300930DF10E03DBF770
:1041F00031FD04B010BD30B585B01D460023144616
:104200008DF80C30DBF712FC10B1037A8DF80C300E
:1042100001230093BDF8202003AB29462046DBF79D
:1042200019FD05B030BD2DE9F04114461D46BDF81D
:104230001860D6F7C1FB0746C3F734FC80B206907E
:104240003B46324629462046BDE8F041DBF702BD39
:1042500030B585B014461D46FEF7D8FA0223ADF8F6
:104260000E000093BDF820200DF10E0329462046D4
:10427000DBF7F0FC05B030BD38B500F10C040621C9
:1042800020461546FEF79FF82B890380EB89438073
:104290002B7C002B42F6010308BF4FF42053838090
:1042A00029680B781BB1022B06D0002038BD498845
:1042B0002046FEF79FF8F8E7102201312046FEF76E
:1042C00088F8F2E738B500F10C04042120461546C1
:1042D000FEF779F82B8903806B894380E9680B78B6
:1042E0002BB949882046FEF785F8002038BD1022FA
:1042F00001312046FEF76DF8F7E770B500F1700167
:104300000646007AFEF785FA044606F17001307A17
:104310001CB1BDE87040DBF737BDDBF70FFB10B118
:1043200004604460846070BD022A08B508D100238F
:1043300000F170011A46007ADBF724FC022008BD68
:10434000FFF7DBFFFAE72DE9F04707468A464FF40F
:10435000702000219DF82050099E91469846DBF779
:10436000DBF8044688B145744661C0F80C80C0F89B
:1043700004A0C0F81890294632463846DAF7FAFD0C
:10438000054638B92046DBF7E9F86FF00B052846FB
:10439000BDE8F087002211460123DBF737FAA5605C
:1043A00028464A463146C047054618B12046DBF745
:1043B000D5F8ECE721463846FFF760FC05460028B3
:1043C000E5D0F3E738B500F10C040221204615468C
:1043D000FDF7F9FF6B890380A98A2046FEF70AF8EA
:1043E000042105F11800FFF76EFD002038BD08B567
:1043F0000C3039B10121FFF766FD21EA000000F021
:10440000010008BD6FF00101FFF76CFDF7E710B583
:104410000446FFF7ECFF38B121460122BDE8104009
:1044200011F8010BDBF75ABB10BD38B50446154631
:10443000FFF75BFC48B12046DBF7F8FA28B1037AB6
:10444000DB0702D50121FFF7E2FF55B9207A04F11D
:104450007001DBF773FA20B18560BDE83840DBF707
:1044600079BB38BD13B5044610B9002002B010BDA9
:1044700000238DF80430006842F6030301A9ADF86B
:104480000630FEF771F80028EFD1E368988800281D
:10449000ECD12046DBF7E0FF013080B2E6E770B5F3
:1044A000CC6888B008461E46A3798DF80C301546B6
:1044B000FFF7D8FFADF80D0023681A786AB95B885A
:1044C000ADF80F3005230093BDF8302003AB314623
:1044D0002846DBF7BFFB08B070BD5A1C0DF10F007A
:1044E000113352F8041B40F8041B9A42F9D11323EC
:1044F000E9E71FB5CDE90123002300931A46DBF756
:10450000DBFF05B000BDDCF7D1B82DE9F041CC6888
:10451000BDF81870204615461E46C3F7C3FA80B290
:10452000069023463A4631462846BDE8F041DBF77F
:1045300091BB1FB50C461946E36810461A788DF8F2
:10454000082093F901208DF809205A88ADF80A2037
:104550001A79DB88ADF80D3007238DF80C20009315
:10456000BDF8182002ABDBF775FB04B010BD38B501
:104570004C8AD3070546C4F30E0404D514F0950FF6
:104580002AD04B6843B3900704D514F4957F25D007
:104590008B681BB3144014F4DE7F0DD0EB7A2BB97B
:1045A0002846FEF7EFFCD8B9052038BD14F0300FCF
:1045B00004D114F4C07F07D10020F6E72846FEF7A7
:1045C000CCFD0228F5D8EFE7D5F8A030002BEBD0D2
:1045D0005B7BDB06E8D5EFE70220E6E70320E4E7B4
:1045E0000F20E2E770B50546144629B92146284652
:1045F000DCF7F6FC28B970BD4FF6FF73994207D17E
:1046000011816368224628460021BDE870401847A2
:104610004B1C9BB21381D2899A42E7D2F1E72DE974
:10462000F04F89B00746129D11B913F0030807D067
:104630006B682A460021384609B0BDE8F04F18479C
:1046400003F47F731446D618C14642F6010AB442F9
:1046500007D12A464146384609B0BDE8F04FFFF77A
:10466000C1BF2A7C6388ADF80830002A14BF5246C7
:104670004FF42052ADF80220102200210DEB020071
:104680001FFA83F82B68B4F800B001938DF80090FE
:1046900003F0BCFA01AB0693CDF80CD06B68ADF813
:1046A0001CB02A4603A93846984708B10434CEE71F
:1046B00009B0BDE8F08FF8B5064654690D461046BE
:1046C00051B9182203F0A2FA27682B462A46214640
:1046D0003046B8470020F8BD137C042B12D10021CE
:1046E000182203F093FA2B8A638121463046DDF7C6
:1046F000A3F90028EED0002325681A46214630464B
:10470000A847E7E70120E6E773B504460E46F9F748
:1047100043FB31462046FFF7CEFA014620B902B0EE
:10472000BDE87040F9F74CBB45682046DBF746F81A
:10473000F9F746FB2DB1002300961A460E212046BC
:10474000A84702B070BDF7B504460D4616461F4691
:10475000DBF7A6F930B10146009733462A462046DA
:10476000DDF75EFA03B0F0BD2DE9F041064688465C
:10477000DBF75CF90546E0B1037ADB0719D500F1F8
:104780000C073846FFF7FFFB10F0010411D1B8F118
:10479000000F0FD06FF002013846FFF7A3FB10F0B7
:1047A000020F304609D0FFF7A2FA01212846FFF791
:1047B0002EFE01242046BDE8F081FFF796FA00287E
:1047C000F8D03046FFF7ACFA0028F3D06FF00201C2
:1047D0003846FFF787FB3046E5E7F8B506460F4653
:1047E000DBF790F8394605463046FEF712F868B315
:1047F00065B305F108046FF001012046FFF772FB75
:10480000C20703D539463046DDF72CFB6FF00201B5
:104810002046FFF767FB830703D539463046DBF7B1
:1048200061FD2046FFF7AFFB80B92B4603F8010B73
:10483000C5F80100C3F80300BFF35B8F54E8003FE5
:1048400044E80002002AF9D1BFF35B8FF8BD38B508
:10485000A0F18F04451C14F8010C21460C34FFF71D
:10486000BCFFAC42F7D138BD38B5044659B100F1B0
:104870007001007ADDF7F6FA207A04F17001BDE8E4
:104880003840DBF72FBD38BD07207047C37A827CE4
:10489000D0F8EC00C07803F0010302F0010250B937
:1048A00083420CBF032301231AB15A1E53425341C2
:1048B0005B004B707047002B0CBF03230023002AC2
:1048C000F7D0002B0CBF02230123F2E7FDF757B806
:1048D000BFF35B8F0068BFF35B8F084100F00100FE
:1048E000704710B50346D9B1C88910F0240F17D00E
:1048F0001A7D5C7B097BA24228BF2246914201D9E6
:10490000002010BD820604D4187A003818BF012098
:10491000F7E70521181DFFF7DBFF0028F4D1EFE7CB
:104920000120EEE708B5D0F8EC200346907A032882
:1049300017D006D80138012894BF00200120C000FC
:1049400008BD042812D11A7D597B8A4228BF0A4625
:10495000102A0DD10521181DFFF7BAFF08B9032051
:10496000EEE71B7A002BFAD00020E9E70820E7E702
:104970000620E5E701238B40DB43BFF35B8F50E864
:10498000002F1A4040E800210029F8D1BFF35B8FC7
:104990007047FCF7FCBF0720704701238B40BFF333
:1049A0005B8F50E8002F1A4340E800210029F8D11E
:1049B000BFF35B8F704708B50E21FFF7EEFF0020B5
:1049C00008BD10B5072104460430FFF7E6FF0820B4
:1049D000DDF786FB20B92046BDE81040DDF708BDB5
:1049E000002010BD70B5041D0E4620460421FFF7BF
:1049F0006FFF68B10022002100230846D9F710FCA0
:104A0000054640B904212046FFF7C7FF284670BD80
:104A10004FF47022EFE701210C30FDF7D4FC067053
:104A2000F4E738B504210446FFF7DCFF054698B1EA
:104A300010210C30FDF7C7FC04F1270304F1370205
:104A400053F8041B40F8041B9342F9D12046294631
:104A5000DDF782FC002038BD0820FCE770B50C466D
:104A60000D210646FFF7BEFF054690B110210C3020
:104A7000FDF7A9FC214604F1100351F8042B40F87E
:104A8000042B9942F9D130462946DDF765FC002018
:104A900070BD0820FCE70720704730B5012303FAFA
:104AA00001F1CA43BFF35B8F50E8003F03EA020401
:104AB00040E80045002DF7D1BFF35B8F194214BFCA
:104AC0000120002030BD70B5072205460E4670302B
:104AD000096803F045FA40B973681A682A679A882A
:104AE000A5F874209B7985F8763070BD70B5031DEC
:104AF00004460025D0F8EC60BFF35B8F53E8002F2D
:104B000043E800510029F9D1BFF35B8F04F5A07091
:104B100002F000FE2572BFF35B8F54E8003F44E8CB
:104B20000052002AF9D1BFF35B8FF3782BB90B2128
:104B30002046BDE87040FFF730BF0121F8E72DE9BE
:104B4000F84F0B9FBDF82880044692469946DDF742
:104B5000EFFB054600285AD0B8F1000F26D15AEADB
:104B6000090323D103210430FFF7B2FEF0B1012184
:104B7000281DFFF7ADFEC8B12C7D6B7B9C4228BF82
:104B80001C46224605F14701384603F018F80F2C61
:104B900005D8C4F110024146381903F037F8281D32
:104BA0000121FFF7FAFE0120BDE8F88FD4F8A0300C
:104BB00083B9217A04F170022020DFF701F9C4F8EB
:104BC000A00038B9217A04F170020120DFF7F8F86B
:104BD000C4F8A000B8F1000F0CD15AEA090909D1B4
:104BE000D4F8A01031B1CB899B0603D50C7B1A31C8
:104BF0002246C9E70F21281DFFF76AFE20B10222D5
:104C000006212046D8F758FF2846FFF76FFF0020FF
:104C1000CAE76FF0850070472DE9F341C778044675
:104C20003FB1012F3CD06FF01504204602B0BDE823
:104C3000F081DDF77DFB064610B96FF07F04F4E7E5
:104C400003210430FFF744FE10B16FF00F04ECE7CE
:104C50000121301DFFF73CFE0028F6D12046DDF78C
:104C600053FA28B9204602B0BDE8F041DEF7C6B8D5
:104C7000D4F8A0100B7B009301F1180201F11A0384
:104C800020461031FEF798F904460028CDD10B21BB
:104C90003046FFF782FE0121301DFFF77EFEC4E79C
:104CA000DDF746FB05460028C7D0061D0421304627
:104CB000FFF70EFE002851D103213046FFF708FE12
:104CC0000028C2D139463046FFF702FE0028BCD189
:104CD0002846DDF7B7FA68B1D4F8A03083B9207A56
:104CE00004F17001DEF7ECFFC4F8A00040B96FF0EA
:104CF0000B049AE72046DDF707FA0028ECD192E78B
:104D00002846DDF793FB044610B16FF068048CE78A
:104D10000B212846FFF766FE07460028F5D0012143
:104D20000C30FDF750FB092180462846DEF730F8AD
:104D3000234688F800002246394605F1EC00D9F7F1
:104D4000ADFA044618B13846D4F70CFA6DE70F21D6
:104D50003046FFF722FE012128469EE76FF004044B
:104D600063E770B505460820DDF7BAF90446E8B1F7
:104D7000061D08213046FFF7FDFD002D3DD007211F
:104D8000FFF7F8FD284604F1970305F1200250F8DB
:104D9000041B43F8041B9042F9D10A213046FFF767
:104DA00097FD68B109213046FFF7F7FD0720DDF7D1
:104DB00097F9044618B3DDF71BFB00B3082115E093
:104DC00010213046FFF784FD09210028EBD1304641
:104DD000FFF77EFD0028E9D0D4F8EC30DB782046E0
:104DE00043B9DDF769FB01460028DFD02046DEF736
:104DF000E7FBDBE7DDF7D0FBF5E70B21F6E770BD5E
:104E000070B50446A0F1EC0650F8543BD3F8A0501E
:104E100002F080FC0321A4F1E800FFF759FDA0B1E6
:104E200008213046DEF73AFB3DB1EB8913B16B7BCD
:104E30009B0702D5284600F02DF830464FF4BC728F
:104E4000BDE87040002102F0E1BE0121A4F1E800BC
:104E5000FFF73EFD0028E3D10F21A4F1E800FFF7A2
:104E600037FD0028DCD1DFE7D6F79ABC70B50446E1
:104E70000D461646DEF7A4FF38B931462846DEF760
:104E80001FFF10B1C3891C43C48170BDC38919437E
:104E9000C181704710B5037A5B07044601D5D6F788
:104EA00043FD214611F8010BD4F7A0FD2046402216
:104EB000BDE81040002102F0A9BE531E194402446F
:104EC00011F8013900F8013B9042F9D1704710B553
:104ED000431E00F11002073013F8011F12F8014DB4
:104EE0001C7083421170F7D110BDF0B597B0144615
:104EF0000F462022014605A81E461C9DFFF7DDFF38
:104F0000202239460DA8FFF7D8FF2146102201A81C
:104F10008DF85460FFF7D1FF2B46412205A901A867
:104F2000DFF74CF9044610B92846FFF7D0FF2046BA
:104F300017B0F0BD2DE9F04397B00746914605A89C
:104F40001022DDE91F649846219DFFF7B6FF10226D
:104F5000494609A8FFF7B1FF102241460DA8FFF707
:104F6000ACFF1E99032211A8FFF7A7FF3146D6F820
:104F7000010011F8013B8DF8473012908B88ADF895
:104F80004C30062212A8FFF798FF2146062211F89E
:104F9000013B8DF84E30D4F80130CDF84F300DF193
:104FA0004F008B88ADF85330FFF787FF102239464A
:104FB00001A8FFF782FF2B46412205A901A8DFF7D0
:104FC000FDF8044610B92846FFF781FF204617B0C8
:104FD000BDE8F0832DE9F04106460D4690461C469B
:104FE00093B187683B689847002D10DB84420ED848
:104FF000001BA8420BD3BF682346424629463046D1
:10500000BC46BDE8F04160471846BDE8F0816FF04E
:105010001500FAE74368D3E90203C01A70472DE987
:10502000F0410C4645680646006917469846EFF77A
:105030000FFF002C16DBD5E9021304EB0800C91A98
:1050400088420FD8D5E90003E1186B7C1944434628
:105050003A46FFF7BFFF04463069EFF707FF2046E7
:10506000BDE8F0816FF01504F6E72DE9F8430D1E59
:10507000074691461C462BDB4668EA18D6E9023102
:105080005B1A9A4224D80069EFF7E2FED6E9008263
:10509000737CA4B1D8F8086015441D4440463368B9
:1050A0009847002D11DB84420FD8001B85420CD895
:1050B000234676684A4629464046B0470446386942
:1050C000EFF7D4FE2046BDE8F8836FF01504F6E74D
:1050D0006FF01504F6E738B5456804460069EFF748
:1050E000B7FE6B7C53B92B7C002B0CBF6FF0850592
:1050F00001252069EFF7BAFE284638BD0125F8E7FB
:10510000F0B50569466885B010220021074668465B
:1051100002F07CFD00242846EFF79AFE2C7025460D
:10512000B368A34205D83869EFF7A0FE284605B05A
:10513000F0BDD6E9000121441B1B102B28BF102312
:105140006A46FFF747FF051EEDDBB3681B1B102BFC
:1051500094BFE4181034E3E710B50369C0E90533E0
:105160000023C360837F044613B1407AF1F7A8FAA5
:105170000123237700236377E377A37710BDFCF740
:10518000FEBBF8F74BB8F8F7BFB838B50146EFF7F4
:10519000BFFE054660B1037A6BB108460024F1F703
:1051A0000FFB2846AC77FFF7D7FF2C72204638BD9F
:1051B0006FF01500FBE76FF07700F8E770B5044675
:1051C0000E461546F0F726FC30B906B925B1204643
:1051D000BDE87040F0F772BC70BD08B5F0F74CFE4A
:1051E00000280CBF6FF00A00002008BD4FF080536C
:1051F000D3F83021082A05D1D3F83401003818BF7C
:10520000012070470020704780F0FF03DB0900F0A9
:105210000F0000EB0310704708B5F0F7C9FC81825E
:1052200008BD08B5F0F7C4FCEFF31183202282F328
:105230001288BFF36F8F02690A60027B2AB9807DF2
:1052400083F31188BFF36F8F08BD0420F8E710B413
:10525000A0F10803BFF35B8F53E8002F511C43E814
:105260000014002CF8D1BFF35B8F1AB910BC18469C
:10527000F1F742BB6FF00F03836610BC7047036900
:10528000C9B20C2202FB013393F8400000F0070082
:10529000704770B5C9B20369EFF31186202484F317
:1052A0001288BFF36F8F0C2505FB0134246C14F0BA
:1052B000C00401D0A24212D105FB013301221A64BD
:1052C000002386F31188BFF36F8F33B943680C2234
:1052D00002FB01335B6898470023184670BD4FF00E
:1052E000FF33EEE78022FFF7D4BFF8B5069F0469CD
:1052F000C9B2EFF3118C202585F31288BFF36F8FAD
:105300000C2606FB0146356C05F0070EBEF1010FB9
:1053100010D1376400258CF31188BFF36F8F3DB92E
:105320000C2671430C44C4E90E2343685B5898472C
:105330002846F8BD05F0C005AF420CBF6FF07705F9
:105340004FF0FF35E7E713B580240094FFF7CDFF5A
:1053500002B010BD10B40069CBB21C2404FB0300E2
:10536000002110BC10470020F4F71ABB002000F009
:10537000CBBC1046F8F748B80020704708461146E5
:10538000D5F770BD2DE9F3411C4690460023826895
:105390002360A36053690D4601AA69469847019BA3
:1053A0005A1E019223B96FF0150002B0BDE8F081DA
:1053B000009BA1685F682068676085B9A8EB01025F
:1053C0001E68B24228BF3246114402FB070020602B
:1053D000A1601968914206D808330093DFE72A1AC2
:1053E000B2FBF7F2ECE70020DFE713460022FFF7FD
:1053F000C9BF2DE9F047836886B05B69894692464C
:1054000001A902AA98470024A0462546029BAB4268
:1054100002D806B0BDE8F087019F07EBC50700265C
:105420007B6804933A68B24208EB060302D8013560
:105430009846EBE703940593514603A8C847002814
:10544000E7D0049B01361C44ECE74FF40012002324
:10545000C1E900230020704718B901F11800F7F7DF
:10546000D3BF704713B501AA044600F09BF900288A
:1054700005DB019B226819791868F3F703FA02B07B
:1054800010BD4FF0FF324FF0FF33F7F7F7BF38B5DD
:105490000569BFF35B8F044605F1300353E8001F35
:1054A000013143E80012002AF8D1BFF35B8F206975
:1054B000FFF7E7FF95F8343023B92046BDE83840C0
:1054C000FCF724BB38BD10B50269BFF35B8F0446FF
:1054D00002F1300353E8001F013943E800100028AF
:1054E000F8D1BFF35B8F92F834302BB909B9F5F7D7
:1054F000C3FA2046FCF719FB2069BDE81040F7F716
:1055000083BF7FB5FF2202288DF803200DF103022F
:105510000CBF35230523002101920122CDE9022190
:1055200003A88DF80C3001AB04910593F1F7A2FFAD
:1055300008B99DF8030007B000BD1FB500218842DF
:105540000CBF0623042301A8CDE9011103918DF8B6
:105550000430F1F78FFF002818BF6FF0040005B08A
:1055600000BD10B50C4600F04FFC0023C4E9000359
:10557000184610BD38B505460C4600F045FC002D18
:1055800007DBA84205D9401B84428CBF00200120C4
:1055900038BD0020FCE743685B68D3F810350B602A
:1055A0000020704743685B6802EA010021EA0201BB
:1055B000C3F80805C3F80C150020704743685B6802
:1055C0000020C3F80815704743685B680020C3F8E3
:1055D0000C15704743685B68D3F8042521EA020084
:1055E0001140C3F80805C3F80C150020704730B50A
:1055F0000369586800B30024884219D108688CB93F
:105600009C685860A14200D19860002008602AB1CF
:105610005A680A609A68596002B9996000200FE0E0
:105620002846E9E720609868814208BF9C60ECE763
:1056300005680446002DF3D1002AE9D16FF015006A
:1056400030BD13B54FF080520829136E526E28BF3B
:10565000082112BA00921BBA0C460A466946019309
:1056600002F0ADFA204602B010BD70B50B680546D9
:10567000006898420C460AD041F8040B066983681A
:105680005B68984740B963683268534063602B7920
:105690006068D84000F0010070BD70B403460C464D
:1056A000DA88006819792243056986682B68012425
:1056B0008C4012F0010F14BF2343A3432B603368C7
:1056C00070BC184703460A4600681979012303FA9B
:1056D00001F103691B68194218BF82F0010212B17F
:1056E0008368DB68184783681B69FBE719B10369A6
:1056F0000020D96070476FF0150070470023D0F785
:1057000095BE10B54FF4001104460069F2F7CCFDC8
:10571000014620B96068BDE81040F2F721BE10BD17
:1057200010B504460069103001F0F4FF2046BDE8D2
:105730001040FFF7E6BF10B551F8043C1C69206823
:10574000FFF7DFFF02F060F94FF47A72A0FB02036B
:1057500002FB0131C00B40EA4140C90BC4E9120110
:10576000002204F110000023BDE81040F8F7F2B861
:1057700038B50446056902F047F94FF47A72A0FB88
:10578000020302FB0131C00B40EA4140C90BC5E9ED
:1057900012012046BDE83840F2F712BE50F8100C56
:1057A000F2F70EBE30B543681360057A446804EB27
:1057B000C504A34202D36FF0010030BD5C798C4276
:1057C00003F10803F0D10020F7E7436858687047F9
:1057D0004FF0FF324FF0FF33F7F720BDF7F794BDDE
:1057E0002DE9F041D0F80480044600691F460E46BA
:1057F0001546FFF7EDFFD8F800103A463144284629
:1058000002F0DDF92069FFF7E9FF0020BDE8F08133
:105810002DE9F041D0F80480044600691F460D468A
:105820001646FFF7D5FFD8F800003A46314628441F
:1058300002F0C5F92069FFF7D1FF0020BDE8F08133
:1058400038B5456804460069FFF7C2FF6A682868F2
:10585000002102F0DBF92069FFF7C0FF002038BD0E
:1058600008B5006901F094FD002008BD02690B46EF
:1058700092E8030083E803000020704743681B6838
:10588000D3F88004C3F88004704742681368D3F8E3
:10589000100150B19269002012780A70C3F810010B
:1058A000D3F8102101221A6070474FF0FF30704783
:1058B000002A0FDD42681368D3F8100158B10020A8
:1058C000C3F810019269D3F8100112780A70012010
:1058D000186070470020704710B543681968036965
:1058E000EFF31182202080F31288BFF36F8F986846
:1058F000002484739B680120D8734FF48003C1F89F
:10590000043382F31188BFF36F8F10BD03699A6867
:10591000012191739B680022DA73704702699168D4
:10592000CB7B4BB143681B68D3F8580128B10023E7
:105930004B619368988970471846704743681B68A5
:10594000D3F81001003818BF0120704743681B6866
:105950001022C3F80423704743681B681022C3F861
:105960000823704743681B684FF40072C3F8042390
:10597000704743681B684FF40072C3F808237047F0
:1059800038B543681D68D5F804335B02044605D476
:10599000D5F8040310F0100006D138BDFFF7BEFFA4
:1059A0000028F5D00120F8E72046BDE83840FFF791
:1059B000C5BF012070470369986801609B685A6001
:1059C000704773B543680E460DF107011C68154614
:1059D000FCF789F89DF807306BB9C4F84465C4F842
:1059E0004855C4F82031D4F82021C4F85831D4F8EF
:1059F00058310123A36002B070BD0268D2F858315B
:105A000043B90179C90707D4D2F82001C01A18BFD9
:105A1000012070470120704718467047F8B50669A5
:105A2000B36805469C89BFF35B8F1433012053E8AC
:105A3000007F002F04D143E8000CBCF1000FF6D129
:105A4000BFF35B8F21D19442B368A8BF1446986816
:105A5000224602F0B4F8EFF31187202383F3128873
:105A6000BFF36F8F6868FFF7C8FFB36838B9586134
:105A7000044687F31188BFF36F8F2046F8BD9968FD
:105A800022462846FFF79DFFF3E70CBF01240024C0
:105A9000F3E710B4436802691B68D3F80413C9051F
:105AA00017D5D3F82011A1B1EFF31181202484F38D
:105AB0001288BFF36F8FD3F8204134B10024C3F8AC
:105AC0002041D3F820410124DC6081F31188BFF329
:105AD0006F8F9168D3F8584171B17CB100244C614B
:105AE0009168C97B19B94FF48001C3F80813916814
:105AF0008C7B1CB100238B7310BC7047D3F824112E
:105B000019B1C3F82441D3F8243192681368002BEB
:105B1000F2D010BC5168184713B501AA0446FFF72C
:105B200041FE002805DB019B226819791868F2F70D
:105B3000A9FE02B010BD01292DE9F84306460C4626
:105B400020D143680021D868FFF7E6FF726830690A
:105B500013680821C3F80015117A81B99269C3F856
:105B60003425C3F83845C3F81011D3F810211C6050
:105B7000826822B1127C12B11022C3F804230020E3
:105B8000BDE8F883002963D1D0F80480D8F800403C
:105B9000D4F84C3123B30269916851B1D4F804337D
:105BA000C3F300130B7493681B7C13B11023C4F868
:105BB000083301236360D4F84431002BFBD0002369
:105BC000C4F84C31D4F84C21C4F84431D4F8442101
:105BD000C4F81031D4F81021C4F82431D4F8243199
:105BE00072681379156813F0010917D14FF48073A7
:105BF000C5F808334FF47A777068FFF7FEFE20B9D6
:105C0000012000F073F8013FF6D1D5F858312BB9D7
:105C1000C5F82031D5F820310123EB604FF47A76B6
:105C2000D5F8583123B9012000F060F8013EF7D1D2
:105C3000B9F1000F03D14FF48073C5F8043300238A
:105C4000C4F80035D8F80C000121FFF765FF96E78E
:105C50006FF0850094E700F150039B009BB203F1C5
:105C6000804303F5883300221A601B68704708B52B
:105C7000F3F730F908BD0020704738B5BDF81000C3
:105C80001C46C318012B0D46114606DCEB68224664
:105C9000184401F094FF204638BD6FF00604FAE77F
:105CA0001FB502240294CC680194BDF818400094FA
:105CB000DAF7ACFB04B010BD1FB504240294CC6825
:105CC0000194BDF818400094DAF7A0FB04B010BDB1
:105CD0004FF08053D3F83021082A03BFD3F83401A2
:105CE000B0FA80F0400900207047004701F000BA88
:105CF000C00000F1804000F5F830C0F81015C0F881
:105D000014257047F4F796BBF3F7D2BDF7B50190B1
:105D100001A8DDE9084517461E46F3F7CBFE019BB7
:105D2000B7F1000C18BF4FF0010C00EB83000B1E05
:105D300018BF0123002E43EA4C030CBF4FF0000CA8
:105D40004FF00C0C002C43EA0C030CBF4FF0000C7E
:105D50004FF4E06C002D43EA0C03D0F800270CBF91
:105D60004FF0000C4FF4403C43EA0C0322EA0303DB
:105D700001B109780FB13F787F0019430EB1367831
:105D8000B60039430CB12478240231430DB12D788B
:105D90002D040C432C43C0F8004703B0F0BD1FB5E1
:105DA0000DF10F03019300238DF80F1000931A4695
:105DB0001946FFF7ABFF05B000BD38B505460846EC
:105DC0000C46F3F70BFFA8B10846F3F73FFF88B185
:105DD0000846F3F7F7FE2A6801238340C2F8083328
:105DE0002B6803EB8000D0F8103523F00303C0F8D4
:105DF000103538BD01462046BDE83840FFF7CFBF1B
:105E0000F3F732BFFFF7D9BF4FF080531A695869D3
:105E1000504370474FF08053186970474FF08053DC
:105E20005869704700F180431A68101E18BF01209E
:105E300012B100221A601B6870474FF080434FF484
:105E40006072C3F8042370474FF080434FF46072D0
:105E5000C3F80823704708B5F4F79CFABDE808407A
:105E6000F3F7F4BD0021F4F7BBBB0223F4F730BB1A
:105E70000323F4F72DBB00210220F4F719BE4FF4E1
:105E80008C72002101F0C2BE18B14FF48C71F5F78D
:105E900001BF704710B40C46012C11461A4606D8B3
:105EA00014B910BCF5F7AAB910BCF4F7DBBF6FF05A
:105EB000200010BC70472DE9FF470129DDE90C6483
:105EC00080461F4657D882B3130757D1002947D1C0
:105ED000B51833466A4606F11009EA46186859684B
:105EE0009446ACE8030008334B456246F6D122469F
:105EF00031464046F5F782F90023FA58E1584A4006
:105F0000E2500433102BF8D152463E46134603CBE1
:105F1000716004A98B4230601A4606F10806F5D17B
:105F2000A9454E4604F11004D3D1002004B0BDE8C9
:105F3000F087C25851F803C082EA0C02E2500433E1
:105F4000102BF6D1214622464046F4F78BFF103D38
:105F500004F11003214607D01C460023701BE8E71C
:105F6000394615461644F8E754F8042B47F8042B35
:105F70009C42F9D1D9E76FF02000D7E76FF02100FC
:105F8000D4E710B50446FFF77FFF2046BDE8104078
:105F9000F5F792BE10B54FF48C710120F5F786FE2F
:105FA000044608B1FFF76BFF204610BDF4F7DCBED6
:105FB000F4F712BEFFF77FBFFFF76CBF4822002146
:105FC00001F024BE10B5044608B1F5F763FE204683
:105FD000BDE81040F5F770BE08B5F6F78BF900285C
:105FE00018BF6FF0040008BD38B5084614461D46BA
:105FF0001146D3F74DF908B92C6038BD6FF0830016
:10600000FBE730B587B01D460DF11703039200245E
:10601000009303AA0DF116038DF81740F5F752FE11
:1060200050B99DF8170005B128709DF81620039906
:10603000F5F7B0FA07B030BD2046FBE700230B6050
:106040006FF0860070472DE9F34747683F0ADDE9A6
:106050000A560446884691469A4611D1CDE9005623
:10606000F6F746FA10F1860F0CD153464A464146E0
:106070002046CDE90A5602B0BDE8F04700F049BA23
:106080006FF0860002B0BDE8F087009BF5F778BEA0
:10609000009BF5F775BE38B51C460368154623B15D
:1060A000F5F732FE00B9256038BD6FF08800FBE7D8
:1060B00070B594B00A460024014601A8CDE9014418
:1060C000199E1B9DF5F75CFE044638B966B91A990E
:1060D0002A4601A8F5F718FE044670B101A8F5F7A5
:1060E00035FE204614B070BD1899324601A8F5F768
:1060F00085FE04460028EAD0F0E71C9B1D60EDE712
:1061000000F4E040B0F5805F18BFB0F5005F0CBF51
:106110000120002070473AB1002918BF0023D21A8D
:106120002121184401F072BD704738B513464FF471
:1061300080420D46F5F7DEFF044640B92868436803
:106140001B0A04D000F0F3FC2C606FF0850420469D
:1061500038BD2DE9F04F89B09B4600238DF81B30E8
:10616000159B149F002B92460B4688460CBF4FF49C
:1061700000624FF4806207A9DDE91296F5F7BAFFD5
:106180000446F0B9079D0DF11B0229884046F6F739
:106190001BF80446A8B99DF81B30B34221D86A68A1
:1061A000120A21D1CDE90337CDE901B9CDF800A01C
:1061B0006A6E434605F120012846FFF779FF044641
:1061C00000B13E603B68324621464846FFF7A3FFD8
:1061D000079800F0ACFC002C18BF204609B0BDE8C1
:1061E000F08F6FF08904ECE76FF08604E9E72DE9A2
:1061F000F341002313604668D0F8148004460F462C
:106200003046114600F095FC054688B9304600F04E
:1062100092FC054660B9F6B276B9B8F1000F05D127
:10622000A06820F47F4020F0030060B16FF0860585
:10623000284602B0BDE8F0810146606900F052FCDA
:106240000028EDD1F2E762884FF6F8739A4219D828
:1062500094F80480B8F1000F00D101A83946F6F790
:10626000DDF805460028E3D10FCC3F683E460FC657
:1062700094E8030086E80300B8F1000FD8D1019B31
:106280007B61D5E76FF08505D2E7434213F07F03CA
:1062900013D110F1710F15DB00282FD02CDC10F179
:1062A000210F45D010F1200F09D010F1220F14BF9B
:1062B0006FF083006FF085007047722B3BD16FF059
:1062C0008500704710F5C44F26D00BDC10F5C64F83
:1062D00025D010F5C54F2BD010F5C74F0CD16FF05E
:1062E0009600704710F5C34F1CD005DB10F5C24F68
:1062F0001ED010F5C14FE2D06FF0830070473D2BE8
:1063000013DD6E2BEBD0402B0FD0702B14BF6FF032
:1063100083006FF0920070476FF0950070476FF048
:10632000940070476FF08C0070476FF093007047D7
:106330006FF086007047712BDEDC3B2BDFDC5842B0
:10634000AAE741F2052398421AD8B0F5905F09D226
:1063500041F2010398420CD0B0F5885F09D06FF08C
:1063600085007047A0F5905080B22923C340DB0719
:10637000F5D511F0070F14BF6FF0860000207047AD
:10638000B0F5105FEBD121F04003802B06D0B1F5C2
:10639000807F14BF6FF08600002070470020704798
:1063A000F8B504460F4615461E469AB10088FFF719
:1063B000A7FE78B1089BD10019602088FFF7C1FFC4
:1063C000044628B93946304601F0F9FB079B1D60A9
:1063D0002046F8BD6FF08504FAE710B5436E044619
:1063E0001BB141212030F5F755FC0020606610BD3F
:1063F00038B50446FFF7F1FF237E012B0FD0023B97
:10640000012B0FD8E369012B14BF6FF0960500250F
:1064100068220021204601F0F9FB284638BDE369D7
:10642000002BF1E76FF09605F2E713B5A0B101A9D3
:10643000F6F73CF880B90198037E022B0ED10323B6
:1064400003760379FF2B0CBF6FF08404002400F067
:1064500059FB002808BF204602B010BD6FF096041B
:10646000F5E770B51D460388049E18461446FFF7ED
:1064700047FE68B923F4405044F20102904207D02D
:1064800003F44F43B3F5824F02D0B3F5844F0ED1DE
:10649000B4420FD82246284601F091FB321B00215E
:1064A000281901F0B3FB059B00201C6070BD6FF044
:1064B0008500FBE76FF08900F8E72DE9FF4188468A
:1064C00016461F4612B300233B60012203A9F5F7CD
:1064D00011FE044698B9039D6B681B0A13D1CDE9E0
:1064E000006743466A6E05F120012846FFF7B9FFB1
:1064F0000446284600F01BFB002C08BF044620463B
:1065000004B0BDE8F0816FF08604F2E76FF0890413
:10651000F5E770B514460288049D02F4E040B0F53A
:10652000804F1CD122F4405644F20100864207D02D
:1065300002F44F42B2F5824F02D0B2F5844F0ED131
:10654000AC420FD81846224601F039FB2A1B002125
:10655000204401F05BFB059B00201C6070BD6FF0C8
:106560008500FBE76FF08900F8E7F0B50F4685B0CE
:1065700015461E4602B3002333601A4603A9F5F7F9
:10658000B9FD044690B9039803885B0411D5CDE9A1
:1065900000563B46426E00F12001FFF754FD0446D1
:1065A000039800F0C4FA002C08BF0446204605B04A
:1065B000F0BD6FF08604F3E76FF08904F6E72DE98C
:1065C000F04F99468BB00023CDE9073307468A4642
:1065D0001646C9F80030002A6DD0B2F1005F6DD2C6
:1065E00008AA07A9FFF703FE0446002855D1079D16
:1065F000D5F86480B8F1000F06D17B681B0A4AD138
:10660000412E55D86E66B0466B8809937B681B0A8D
:1066100041D105F120030DF1240B6435CDE9015B77
:10662000CDF80080324651463846059300F08AFA8C
:1066300010F1860F059B044609D1CDE9015BCDF829
:106640000080324651463846FFF7AAFE044624BB76
:106650000799099B4A88E2B94B80099A4FF6F8736B
:106660009A4225D83A88079B12B11988914212D1D3
:106670007A8812B1598891420DD15A69C9F800201F
:106680001A7E012A0ED00023C9F800306FF096045C
:1066900003E09A42E1D06FF08604079820B1FFF73B
:1066A000A7FE01E002221A7620460BB0BDE8F08F6B
:1066B0006FF08504F1E76FF08604F5E76FF085046D
:1066C000F2E710B50446006858B101280AD104F178
:1066D0000800F5F73BFB00232360A3886FF3080352
:1066E000A38010BD6FF08600F5E72DE9FF41054658
:1066F0009846002303932B6808461746002B3ED18B
:1067000098450CBF4FF400624FF4806203A93B46EA
:10671000F5F7F0FC0446002833D1039C2A1D21889C
:106720003846F5F751FD064680BB6B7968F30003E8
:106730006B716268636E120AB8F1000F15D03ABB34
:10674000009704F12002214605F10800FFF79DFCA7
:106750000446B0B901232B60039800F0E8F9002E3D
:1067600018BF304604B0BDE8F0818AB9009704F143
:106770002002214605F10800FFF78AFCE8E76FF0E8
:1067800088042846FFF79DFF2646E5E70446F8E71C
:106790006FF08604F5E70123FFF7A7BF38B503685C
:1067A000054693B112B90024204638BD012B09D10A
:1067B0000830F5F723FB04460028F4D02846FFF7FD
:1067C00080FFF1E76FF08604F8E76FF08804EBE7ED
:1067D0002DE9F041054600680F461646984610B36D
:1067E0006A79D2071FD52A79EAB1B2421ED80128A8
:1067F0001FD105F10800FFF74EFC044618B1002335
:10680000C8F800602B7137B1D8F800303246214605
:106810003846FFF780FC2846FFF753FF002C18BFCF
:106820002046BDE8F0816FF08804E8E76FF0890446
:10683000E5E76FF08604E2E71FB501240394089CA6
:106840000294079C0194069C0094FFF782FC04B01C
:1068500010BD036819430CBF0120002070472DE9CB
:10686000F04786B080469A460023059308F0FE4321
:10687000B3F1106FDDE90E56109F0846914630D1F6
:10688000424605A9FFF751FC044660BB05990A88FA
:1068900022F0FF02B2F5E24F02D0B2F5E44F04D18C
:1068A0004B880733B6EBD30F20D3CDE901670095B2
:1068B00053464A464046F5F7E7FB04464DB93D606E
:1068C000059800F034F9002C18BF204606B0BDE84A
:1068D000F0870028F4D031462846F5F7B7FB3E6034
:1068E000EEE76FF08604002DE9D0F4E76FF089043D
:1068F000F9E7F5F7ABBB08B500880399FFF700FC93
:1069000020B10298BDE80840F5F7A0BB6FF0850004
:1069100008BD2DE9F04F8BB01F46149D00232B605E
:10692000CDE90733438804460E469046002B00F01D
:10693000D280038803F4E043B3F5804F00F0CB80AE
:1069400039463046FFF785FF002800F0C48008AACA
:1069500007A92046FFF74BFC8146002840F09A80AB
:10696000079BD3F864A0BAF1000F3DD16268120A08
:1069700040F08980B4F800A061885046FFF7C0FB62
:1069800088B15046FFF7DDFC8146002840F0828048
:106990000AF4E043B3F5805F02D0B3F5005F0AD19B
:1069A0000731CA0817E00AF47F43B3F5E24F07D076
:1069B0006FF085096EE00AF44F43B3F5844FEFD0D2
:1069C00047F201039A4534D149080131C90801EB66
:1069D000C10101F13B020992DDF824A0BAF1410F97
:1069E000E6D8079BC3F864A06268120A67D12188C1
:1069F00047F21212914203F1200B03F164034ED0CF
:106A0000CDE901A3CDF800B03B46424631462046D1
:106A1000FFF771FF8146B9F1000F52D1079B5A6908
:106A20002A601A7E012A50D0C5F800906FF09609AE
:106A300030E044F201039A4503D1C90801F1100284
:106A4000C9E747F202039A4505D1C90801EB4101A4
:106A500001F15A02BFE744F202039A4505D1C90881
:106A600001EB410101F14A02B5E72AF0FF00B0F560
:106A7000E24F95D0CB1DDB085B000133B0F5824FB0
:106A800008BF1A46A7E709A92046FFF7D7FA8146AB
:106A90000028A1D00798D0B1FFF7AAFC17E06288C0
:106AA000B2F5807FACD1524659462046059300F09E
:106AB00081F810F1860F059B8146ACD1A0E76FF0FD
:106AC00086090798FFF789FCE4E702221A76484610
:106AD0000BB0BDE8F08F6FF08609F8E718220021AF
:106AE00001F094B8421E6FF040439A4208D329B196
:106AF00000F1404098428CBF0021012108467047B8
:106B00000121FBE7024668B1017E8B1E012B0BD8E9
:106B10000329C36903D1012B01D1FFF769BC1BB164
:106B2000013BD361002070476FF096007047FFF77C
:106B3000E9BF00207047C0B2002814BF6FF0850085
:106B400000207047F8B5089E1F463368144633F49A
:106B500080720D462BD1028844F212118A4213D161
:106B6000412C03D01BB36FF08600F8BD681C00F009
:106B70001AFA0028F7D14FF480733360069B9C42C9
:106B80000CD96FF08900F0E747F212118A420ED15A
:106B9000202CE7D1284600F013FAEAE722462946DE
:106BA000384601F00CF8079B00201C60DDE76FF011
:106BB0008500DAE730B5202A91B0084614461D4614
:106BC00009D16946F5F766FE00B92C6011B0BDE841
:106BD0003040F5F781BC6FF0890011B030BD70B561
:106BE0001446202CDDE90426DDE90603089D0CD1BE
:106BF000412E0AD11F2B0BD90132F5F76DFE00B9DA
:106C00002C60BDE87040F5F767BC6FF0860070BD82
:106C10006FF08900FBE740F8041B1C22002100F004
:106C2000F5BFF0B5002407462546204652F82460FB
:106C300051F824309B1945EB05061B1847F8243002
:106C400004F1010446F10000082CEFD1F0BD00234F
:106C500070B50646184652F8235051F82340641B7D
:106C600065EB0505241A46F8234003F1010365F19D
:106C70000005082BC5F10000EDD170BD70B50439D9
:106C80005642041F013A1C3054F8043F51F8045F87
:106C9000134035402B4384422360F5D170BD30B59D
:106CA00000231A4650F8234051F8235001336C401A
:106CB000082B42EA0402F5D1104630BD70B50446F7
:106CC0000568166800200346E1FB66532560566898
:106CD0006568E1FB665365609668A568E1FB6653ED
:106CE000A560D668E568E1FB6653E560166925692D
:106CF000E1FB6653256156696569E1FB6653656191
:106D00009669A569E1FB6653A561D569E269E1FB76
:106D10006523E261226A9B182362404170BD10B571
:106D20000438A1F120024B7F0C7F1B0443EA04636B
:106D3000CC7F23438C7F043943EA04238A4240F802
:106D4000043FF0D110BD0B1F1C3153F8042F120E5D
:106D500002775A8842771A68120A82771A68C277CD
:106D60008B42A0F10400F0D1704770B588B01E4688
:106D70000446FFF756FF3246054621466846FFF7B0
:106D800066FFC0F101022A4369462046FFF776FFFD
:106D900008B070BD2DE9F04F8BB006469046A1F1CA
:106DA000040A01F11C052422002101A8D3F8409017
:106DB0001F4600F02BFF5AF8041FD8F80030019C42
:106DC000424601A803FB0144FFF778FF09FB04F1E9
:106DD00083463A4601A8FFF771FF20220BEB00041F
:106DE00002A901A800F0F9FE55450994E3D13A46FD
:106DF00001A93046FFF72BFFC0F101022243C2F187
:106E000001023046FFF73AFF0BB0BDE8F08F0B46AA
:106E100001F120020146FFF7BDBF30B589B004463D
:106E20000D4668460121FFF7F6FE2B466A462146CD
:106E30002046FFF7AFFF09B030BD38B50446154610
:106E4000FFF7E9FE29462046BDE83840FFF7DFBFDF
:106E50002DE9F04389B01546074601226846FFF741
:106E60000DFF2A4601213846FFF7E7FF2C682E4622
:106E7000023C05F11C094FF02008E30705D52B461D
:106E80006A4639463846FFF785FF2B466A4669460B
:106E90006846FFF77FFFB8F101084FEA5404ECD1D0
:106EA0004E4502D056F8044FE5E709B0BDE8F0833F
:106EB00030B589B00446154668460122FFF7DEFE6C
:106EC00029466846FFF7A9FF69462046FFF73BFFC2
:106ED00009B030BDF0B599B004460E4615461146CE
:106EE00068461F46F5F728FB2A46694608A8F5F7C5
:106EF00023FB3A4669466846F5F71EFB08A91E9A29
:106F00000846F5F719FB224669466846F5F75CFB2B
:106F100008A932460846F5F757FB6A46294628462F
:106F2000F5F70AFB6A46694610A8F5F705FB6A46BD
:106F300010A96846F5F700FB10A922460846F5F7A8
:106F4000FBFA08AA11462046F5F7F6FA10AA2146E0
:106F50002046F5F739FB10AA21462046F5F734FB09
:106F60006A4621462046F5F72FFB10A9224608461F
:106F7000F5F72AFB10A908AA0846F5F7DDFA32460C
:106F800069466846F5F7D8FA6A4610A93046F5F71B
:106F90001BFB19B0F0BD08B5FFF7ABFC003818BFFC
:106FA0000120404208BD00B591B0024608A96846DC
:106FB000F5F71EFB002818BF6FF0010011B000BDEF
:106FC00010B588B001466846F5F7DEFA2021044680
:106FD0006846F4F75FFE002C0CBF20466FF00200FD
:106FE00008B010BD2B2904D0302912D06FF08500D5
:106FF00070474FF47A714388B3FBF1F31360438811
:10700000B3FBF1F001FB10339BB24B435360002004
:107010007047037913600023F8E741F26703984251
:107020000ADC40F67A53984208DD0F234000B0FB9B
:10703000F3F03530C0B270476420704700207047CD
:1070400003460A4600681979012303FA01F103692E
:107050001B68194218BF82F0010212B18368DB6815
:10706000184783681B69FBE700692030FFF7BABF48
:10707000F0B5047824F00204047004F00105E7B2CE
:1070800004888D42C4F38D0609D1B24203DD6FF34B
:107090008F040480F0BDB61A66F38F04F9E7D3E9D4
:1070A000001317F0010F18BF19468E4208D216447C
:1070B000B6F5804FF0D343F6FF7363F38F04E8E730
:1070C00085F0010444F00204E3E70378DB0705D40C
:1070D0000088032894BF00200120704701207047DA
:1070E000007800F0010070470078C0F3400070475E
:1070F00008B1D2F7B7B87047704740B1C368587845
:1071000010F001001EBF1878B0FA80F040097047F7
:10711000EFF31183202383F31288BFF36F8FFEE711
:1071200010B5D0E9003433B90020E268537843F059
:107130000103537010BD204698470028F4D0002862
:10714000B8BF4042E368FF28A8BFFF201870ECE7F3
:1071500000F05CBD00F033BD704700F10C03C0E9E6
:107160000333F9F795BB2DE9F04F89B0DDE91256ED
:1071700007463346924606A82A46059100F046FC8B
:10718000DDE90634CDE90234EFF311844FF0200835
:1071900088F31288BFF36F8F059952463846F9F786
:1071A0000EFB30B184F31188BFF36F8F09B0BDE8D7
:1071B000F08F3543F6D0DDE9022306A800F04EFC3F
:1071C000DDE9065607F10C02CDE90056214607F12C
:1071D0001400F6F73FFDEFF31184D9E738B5054603
:1071E000EFF31184202383F31288BFF36F8FF9F735
:1071F000AFFA05F10C0000F07AFB30B1214605F141
:107200001400BDE83840F6F7A1BD84F31188BFF340
:107210006F8F38BD4169836843EA010212F00302AF
:107220000FD1C2600269013A01FB023382689A42BF
:1072300001D900207047C2681A604269C3609B1A76
:10724000F4E76FF0150070472DE9F04105460F4651
:10725000EFF31188202383F31288BFF36F8FC66882
:10726000F6B90468A0421BD0D4B1D4E9003213604F
:107270005A60637BA66023F002036373C4E900666F
:1072800004F1180000F09BFB2046E667676100F000
:10729000CEFA414605F10800BDE8F041F6F756BDCB
:1072A0003E60AB69EF60013BAB6188F31188BFF3CF
:1072B0006F8FBDE8F08108B52024EFF3118384F3CC
:1072C0001288BFF36F8FFAF7AFFFF6E7D0E900320D
:1072D00013605A60427B002322F00202C0E90033AF
:1072E000427383607047C0E9022303FB021200234C
:1072F000036280F82C3000F12403C0E90521C0E9C5
:107300000000C0E909330161C1617047F8B5054665
:10731000EFF31186202383F31288BFF36F8F046885
:10732000A04219D0C4B12046FFF7D0FF04F11800E5
:1073300000F045FB6FF02207E767204600F077FA80
:107340002C68A54215D0A4B12046FFF7BFFF04F179
:10735000180000F034FBEFE7002300222A62EA69FC
:10736000AA6143B1314605F10800BDE8F840F6F7DF
:10737000EDBC0123F1E786F31188BFF36F8FF8BDF1
:1073800090F90E308B4201D0F6F790BC0020704788
:1073900003460020C3E90200C3E900337047D0E987
:1073A000003213605A60427B002322F00202C0E9DF
:1073B00000334273836070472DE9F84391460446D9
:1073C0009DF820200D46EFF31187202181F31288CC
:1073D000BFF36F8F02B14568A66804F10808B04595
:1073E00015D0A6B13046FFF7DAFF06F1180000F01D
:1073F000E6FA0023F367C6F81490304600F017FA57
:1074000040463946F6F7A2FC0020BDE8F883ABB150
:1074100008210020F7F712F9002837D00123C0F81F
:1074200004900360027802F003025DB923681343FD
:107430000360636820606BB960600BE0C9F80030DE
:107440004846EFE72B68032B16D8026062686AB9DA
:10745000C4E90000042104F1100000F08AFB0028B8
:10746000CED187F31188BFF36F8FCEE7137803F087
:10747000030303431360DFE723F0030313430360B5
:107480002B7803F0030318432860E3E76FF00B0049
:10749000E7E710B5044630B10278930703D044689B
:1074A00009B100F085FB204610BD0023C0E9003380
:1074B00000F10803C0E9023300F11003C0E904330E
:1074C0007047F8B50546EFF31187202383F3128840
:1074D000BFF36F8F846800F10806A6421AD06CB122
:1074E0002046FFF75CFF04F1180000F068FA002363
:1074F000E3676361204600F09AF90124082105F151
:10750000100000F036FB38B934B987F31188BFF3A7
:107510006F8FF8BD0024F1E739463046BDE8F840EA
:10752000F6F714BC07B50123009300230A46194659
:10753000FFF742FF03B000BD07B500230A460093E2
:107540001946FFF739FF03B000BD00680021FFF7BF
:10755000A0BF5AB18A4209D300F11003C0E9021258
:10756000C0E90000C0E90433002070476FF0150047
:107570007047704720B100221146D03000F0E4B9C6
:10758000704708B5C26822F00801C2F3C0031207B1
:10759000C16005D5103000F012FAB0FA80F35B0933
:1075A000184608BDC3689A0718D423F00401C160C7
:1075B0005907826812D5D2F8C810C3F3400369B1E5
:1075C00088421ED10168A3B9D2F8CC30C2F8C810E5
:1075D000984201D1C2F8CC1000230360C26812F0B7
:1075E0001F031DBF42F00202C26043F002001846B2
:1075F00070471960D2F8CC10884208BFC2F8CC306E
:10760000EAE70B460968DAE713B5EFF311842023A4
:1076100083F31288BFF36F8F0023019350F8043C6B
:1076200023F008021B0740F8042C05D58369019359
:1076300001A91038F6F760F884F31188BFF36F8F53
:1076400002B010BD10B510220C46002100F0DEFA89
:10765000446010BDEFF31183202282F31288BFF340
:107660006F8FC06800F01F0083F31188BFF36F8F26
:10767000704713B501900846EFF31184202383F37C
:107680001288BFF36F8F01A9F6F736F884F31188DB
:10769000BFF36F8F02B010BD10B5FFF7EAFF041EF5
:1076A00008DDEFF31180202383F31288BFF36F8F7F
:1076B000F6F75EFB204610BD70B50D46EFF3118660
:1076C000202383F31288BFF36F8FF6F765F8044623
:1076D00086F31188BFF36F8F38B14FF0FF324FF050
:1076E000FF3305F11000F5F7C9FE204670BD08B55F
:1076F000E822002100F08AFA08BD10B530220C46BD
:10770000002100F083FA4FF480724460C26010BD23
:10771000FFF7A0BF38B50546EFF31184202383F3AC
:107720001288BFF36F8FFFF72CFF2846FFF73AFF51
:1077300084F31188BFF36F8F38BDF8B504460D464A
:10774000EFF31187202383F31288BFF36F8FC36891
:1077500003F01F031E1E18BF01264BB1FFF711FFD8
:107760002046FFF71FFF29462046F5F7A7FF0346EF
:1077700087F31188BFF36F8F3BB14FF0FF324FF0AB
:10778000FF3305F10800F5F779FE3046F8BDD0E982
:10779000003213605A60427B002322F00202C0E9EB
:1077A0000033427383607047EFF30580003818BFE1
:1077B000012070476FF05700704700207047D0E9F4
:1077C000003213605A600023C0E90033704708B5E7
:1077D000FFF7F5FF437B23F002034373002383602D
:1077E00008BD38B504460D46F6F7C2F9637B43F091
:1077F00002036373D5B1A5602B689D4209D16B6804
:10780000C4E900531C606C6010E06A689342F6D0D3
:107810001B68002BF3D093F90E1094F90E209142BF
:10782000F3DD5A68C4E9003214605C6038BD10B5FD
:10783000EFF31184202383F31288BFF36F8FF6F7E1
:1078400057F984F31188BFF36F8F10BD08B5EFF3BC
:107850001181202383F31288BFF36F8F83680BB1EC
:10786000FFF7B5FF81F31188BFF36F8F08BD10B527
:107870000146EFF31184202383F31288BFF36F8F47
:10788000437B03F0280343B983685BB94B7B23F048
:1078900004034B730846F6F72BF984F31188BFF302
:1078A0006F8F10BDFFF793FFF0E701211838FFF746
:1078B000DEBF08B50346EFF31181202282F3128860
:1078C000BFF36F8F0068834207D008B1FFF77FFFD7
:1078D00081F31188BFF36F8F08BD0020F8E708B56A
:1078E000FFF7B4FFBDE80840183000F068B838B5BD
:1078F00004680546AC424FF0000000D138BD002CB2
:10790000FCD02046FFF7EBFF2046FFF790FF2C68E6
:107910000120A542F1E738B50C460546F6F7D4FA42
:10792000B4F1FF3F08BFB5F1FF3F1FBF47F6FF733C
:1079300000224FF47A71E0FB01321ABFD80B40EA03
:1079400042404FF0FF3038BD38B5EFF311852023AA
:1079500083F31288BFF36F8F0468A04212D09CB1EA
:10796000E16762612046FFF732FF04F1180000F082
:1079700026F82046F6F7BCF8012085F31188BFF3FE
:107980006F8F38BD0020F8E72046F6E710B5F6F710
:1079900077FC0446F6F77CFC74B1D4E904321B1A78
:1079A00062EBE070B3F1004F70F1000204DA0028DE
:1079B000ACBF1846002010BD6FF00040FBE770B56B
:1079C0000446EFF31185202383F31288BFF36F8FF2
:1079D000036893B1F6F754FC06462046F6F762FCBE
:1079E000B44204D1FFF7D2FF0021F1F7DFFB002002
:1079F00085F31188BFF36F8F70BD6FF01500F7E747
:107A000008B5F6F737FD08BDF6F734BDB3F1FF3F13
:107A100008BFB2F1FF3F70B506461D46144617D0A9
:107A200055EA020318D0013275F1FF330ADA6FF01C
:107A300001031C1B4FF0FF3363EB0501C6E9004156
:107A4000304670BDF6F716FD041941EB0501F5E768
:107A50004FF0FF342146F1E70024FBE7B3F1FF3F8D
:107A600008BFB2F1FF3FF8B5074616461D460FD0D6
:107A700055EA020310D0F6F7FDFCB0428C46A9414E
:107A80000AD2321A65EB0C05C7E900253846F8BD65
:107A90004FF0FF321546F7E70022FBE70023C0E96D
:107AA000081200F11802C0E90622C0E9003303639E
:107AB0004363704710B50446FFF781FFA8B9636AB6
:107AC0000BB12046984704F11800FFF7F2FE60B1B1
:107AD000FFF7ADFEEFF31180202383F31288BFF38D
:107AE0006F8FBDE81040F6F743B910BD2DE9F041A6
:107AF000846805460E46D4B16378012B22D114F870
:107B0000533C9A0711D5A4F160073846FFF7E7FE0A
:107B1000082E14BF00236FF00303E36114F8533CF5
:107B2000DB0602D13846FFF782FE002323700023D4
:107B3000AB60EB68C3F38632164366F39433EB60B5
:107B4000BDE8F081022BF0D12378002BEDD054F862
:107B5000048CB8F1000FE8D004F11400FFF72FFFF8
:107B6000A4F114070023E36239464046FFF781FD84
:107B7000DBE738B5EFF31185202383F31288BFF3D9
:107B80006F8F0468A04211D0D4E9003213605A60AC
:107B90000023C4E900332046FFF7A8FF85F31188CE
:107BA000BFF36F8F201E18BF012038BD0024F5E7FA
:107BB00020B1011F50F8040CFFF710BB70470A44B6
:107BC000914200F1FF3300D1704710B511F8014B1D
:107BD00003F8014F9142F9D110BD884210B501EB75
:107BE000020402D98442234607D8431EA14207D08B
:107BF00011F8012B03F8012FF8E70244824200D16B
:107C000010BD13F8011D02F8011DF7E702440346F9
:107C1000934200D1704703F8011BF9E7022B10B51E
:107C200009D0920803680C6840F8044B013A41F807
:107C3000043BF7D110BD029B022B09D092080368C8
:107C40000C6840F8044B013A41F8043BF7D1F1E7E6
:107C500002440C78037800F8014B904201F8013B94
:107C6000F7D1E7E7F8B50F46164604461D46984794
:107C70000028314638460CDAA847002802DA3C468C
:107C80002046F8BD31462046A8470028F8DA344699
:107C9000F6E7A8470028F2DC31462046A84700282E
:107CA000F5DAEDE72DE9F04F97B016468207074663
:107CB00002931AD1B30718D1B6F1040818BF4FF0D8
:107CC00001080023039306FB01F43B19062907EB87
:107CD000060B04932AD8049B9B4512D3039B002BCD
:107CE00040F02B8117B0BDE8F08F4FF00208E8E7B5
:107CF000CDF800804346324629462046FFF78EFFE6
:107D00000FE05C460EE0A51B029B214628469847E3
:107D1000002809DDB8F1000FEAD123682A68226043
:107D20002B602C46A742EED3B344D4E74FEA510967
:107D3000A41B072906FB09793C4422D0282945D9F0
:107D4000C90806FB01F5029B07EB45027919384685
:107D5000FFF788FF494609EB0502029B8246481B54
:107D6000FFF780FF2246029B8146611BA4EB450082
:107D7000FFF778FF02464946029B5046FFF772FF25
:107D80008146B8F1000F24D13B68D9F800203A6051
:107D9000C9F80030D946A2465D460023A1453AD82D
:107DA00005933946029B484698470028059B30DCDE
:107DB0000AD1B8F1000F15D12B68D9F800202A603C
:107DC000C9F8003035440123B144E7E72246BA46FA
:107DD000D1E7CDF800804346324649463846FFF7A2
:107DE0001DFFD7E7CDF80080434632464946284676
:107DF000FFF714FFE6E70BD1B8F1000F13D12368AA
:107E0000DAF800202260CAF80030AAEB060A012343
:107E1000A41BA14510D9002B46D1049B9B45BFF460
:107E20005DAF5C463CE0CDF80080434632465146AB
:107E30002046FFF7F3FEE8E705933946029B20460C
:107E400098470028059BD6DAB8F1000F07D1D9F87A
:107E500000302268C9F800202360A41BB3E7CDF8E6
:107E600000804346324621464846FFF7D7FEF4E7F6
:107E7000CDF800804346324629462046FFF7CEFE25
:107E80000DE0A51B029B214628469847002809DDE6
:107E9000B8F1000FECD123682A6822602B602C46D1
:107EA000A742EED3B344B8E7A9EB050BEA1B5A454A
:107EB000A8BF5A463AB1CDF800804346A9EB02016B
:107EC0003846FFF7ABFE049BA3EB0A02AAEB0404BF
:107ED000921BA24228BF22463AB10499CDF80080F5
:107EE0004346891A4846FFF799FE049B5C45A3EB7D
:107EF000040505D823465C469B462B463D461F4657
:107F0000B34523D9BBFBF6F1039B072B0ED8B4FB7B
:107F1000F6F416AA02EBC30343F8405C43F83C4C6A
:107F2000039B013303933D462F46CCE6029B32462A
:107F30003846FFF7B7FEB4420BD8039B16AA013BA5
:107F4000039302EBC30353E91051EDE7B4427FF60C
:107F5000C5AEB4FBF6F1E7E70A22002100F02EB827
:107F600010B501390244904201D1002005E00378A8
:107F700011F8014FA34201D0181B10BD0130F2E7E8
:107F800010B56AB101398418027811F8013F9A429C
:107F900004D10130A04201D0002AF5D1D01A10BD81
:107FA0001046FCE710B5024601448A42134603D04E
:107FB0001C780132002CF8D1181A10BD242A2DE9A2
:107FC000F8430746884601D8012A0CD1FAF76AF926
:107FD00016230360B8F1000F01D0C8F80070002527
:107FE0002846BDE8F8830446214614F8013B202BBF
:107FF000FAD0A3F109000428F6D92B2B35D02D2B6C
:1080000035D1012623788C1C302B36D1217841F0D4
:10801000200178292DD132F010012AD1637827462A
:108020001022023406F1004001380025B0FBF2FEB8
:1080300002FB1E0903F1FF3C4CF0200CACF1260CB6
:10804000392B88BF6346303B9A421AD9754502DC0A
:1080500003D1994501D246F00206214605FB0235BF
:1080600011F8013B27460C46E4E70026CAE7002644
:10807000CAE7002A08BF0822D4E7002A08BF0A225C
:10808000D0E7B8F1000F01D0C8F80070F20748BF80
:108090006D42B307A4D50546FAF704F9222303601D
:1080A0009EE7242AF8B504460E4601D8012A07D1D6
:1080B000FAF7F8F81623036006B134600020F8BD23
:1080C0000746394617F8013B202BFAD0A3F10900E7
:1080D0000428F6D92B2B2BD02D2B2CD14FF0010CB3
:1080E0003B788F1C302B2DD1397841F02001782935
:1080F00024D132F0100121D17B783C461022023786
:1081000000205D1E45F02005263D392B88BF2B46FB
:10811000303B9A421AD9A0FB020109B9C01801D319
:108120004CF0020C39463C4611F8013B0F46E8E79B
:108130004FF0000CD4E74FF0000CD3E7002A08BF43
:108140000822DDE7002A08BF0A22D9E706B1346019
:108150001CF0010F18BF40421CF0020FAFD0FAF71D
:10816000A1F8222303604FF0FF30A8E72DE9F84380
:1081700080460F46C3F1370903F01F0615464046F7
:10818000394632460023BFF761FCD4B259FA82F275
:10819000C446D2B23B46092C88BF1446B44504F10C
:1081A000300473F1000305F8014B80460F46E6D218
:1081B0002846BDE8F8832DE9F04F89B005189A46A6
:1081C00004AB41EB0104009390462846D2E900231A
:1081D000214600F0A9F806AB0093D8E90223064631
:1081E00089462846214600F09FF8DDE90437C41887
:1081F0004F41069BD8E900124FF0000528BF01252A
:10820000ED18079B43F10003711849EB0202B142DC
:1082100072EB0902D8E9022134BF01200020A21824
:1082200047EB0101801841F10001A04271EB070208
:1082300034BF012200225219AAF1410BCDE90653A5
:10824000CDF800B043F1000300F085F8129BC3E9BC
:108250000001D8F808200392DDE90653149AD8F8F3
:108260000CE00293012AD8E900C127D1039ACDF886
:1082700000B0A01A67EB0E02664579EB010134BF2E
:1082800001210021401A62F10001844277EB0102D2
:1082900034BF01220022AA1A63F1000300F05BF848
:1082A000139BC3E90001DDE90623CDF800B02046A9
:1082B000394600F050F809B0BDE8F08F16EB06081B
:1082C00049EB09002219134647EB0702B04570EB52
:1082D000090934BF012600269E1942F10002E0453B
:1082E0008841039B34BF01200020301A62F1000155
:1082F000C01A029B61EB0E016D195B41A64272EB45
:10830000070C34BF4FF0010C4FF0000C15EB0C05BF
:1083100043F1000386428A4134BF01220022AA1A97
:10832000AAF140050095B7E7F0B500240D460646D2
:108330009446A0FB02012246E5FB0C12A446E3FB97
:10834000061CE5FB032412EB0C02059F44F100041C
:10835000C7E90024F0BDF0B5059CC4F14007C4F1A5
:10836000200602FA06F6A4F12005BB4022FA05F524
:108370003343C4F120062B4301FA06F6A4F120058D
:10838000E04021FA05F53043BA402843E14010436C
:108390001943F0BDC0F3C7537E2B13D9962B0FD8CA
:1083A000C3F196034FF0FF329A4030EA020209D13E
:1083B000012202FA03F3034214BF10460220704761
:1083C00002207047002070472DE9F7438DED000B28
:1083D000DDE90043DE0FC3F30A55C3F3130354EA88
:1083E000030C067140F2FF7769D1002D71D12C4644
:1083F0002B46002905605EDB0C295EDCC1F10D0512
:10840000AD00012605F1FF3EA5F1210CC5F12107C4
:1084100026FA07F706FA0CFC06FA0EF64CEA070CE9
:10842000B7194CEB0C09D7F1000869EB490E013F75
:1084300049F1FF39274009EA0309BE427CEB0909EB
:108440000FDBC5F12009B5F1200703FA09F924FA79
:1084500005F545EA09055CBF43FA07F73D43ED071B
:1084600003D5A619344643EB0C0304EA080403EAD7
:108470000E030D260530C2F1270204F00F05240972
:1084800044EA03741B1165B9B1420EDA013EF4D21D
:108490001BE01DB90125A5F2FF35AAE743F48013BF
:1084A000F9E7AF18092DC8BF3D463035B1428555B3
:1084B000B8BF3146EAE70021DBE70D21D9E7BD422D
:1084C000E7D146F0080606710021084603B0BDE872
:1084D000F083BD42E2D146F00406F4E7D1E904326C
:0C84E00093421EBF5A1C0A6118707047BE
:0884EC0094F5FB7F0100000084
:1084F4002D920300000000001D6E05006487060035
:10850400F9CF0500000000001DD0050000000000A8
:10851400357F050094870600357F05007C870600BB
:1085240079530600DC87060041730500C487060002
:10853400517A0300AC870600818C0500F48706009D
:108544002D710500000000004D90050000000000A2
:108554007992030000000000000000004C87060030
:10856400695F030000000000518F03000000000059
:1085740000000000BC89060019050300EC89060010
:1085840019050300D4890600000000000C880600C9
:10859400000000003C88060000000000B4880600CB
:1085A4002DF90200FC880600000000002488060063
:1085B4002DF90200E488060000000000A4890600EA
:1085C40000000000748906002DF90200CC88060022
:1085D40000000000048A06002DF902001489060038
:1085E40000000000448906002DF902002C890600D1
:1085F400000000005C890600000000008C89060071
:1086040061580600348A0600615806004C8A060048
:108614009DEC02006C8806000000000054880600EF
:108624000000000084880600000000009C8806000A
:10863400BD4F030000000000C17C030000000000E7
:10864400752406001C8A0600D95F0600000000009D
:1086540041D505000000000079760500648A060013
:108664004D6C0500948A0600457C0500AC8A060022
:10867400000000007C8A0600FD9903000000000051
:10868400854F05000000000069C00200C48A06008E
:10869400814E0500DC8A0600814E0500F48A06003E
:1086A400818205003C8B060089C905006C8B06009D
:1086B400E18A0500548B060061C802000C8B060099
:1086C40000000000248B06006D0903000000000078
:1086D400994A030000000000491D03000000000047
:1086E400F12A0300000000005931030000000000DB
:1086F4007994050000000000A5DF020000000000DE
:1087040075E002000000000079E5020000000000AE
:108714001913030000000000F90206000000000025
:108724001D2F030000000000C31F0600000000000E
:10873400A992050000000000594E0300000000004B
:088744006D4D03000000000070
:10874C0081F00600000000002C9906006019002042
:10875C000000000000000000DA4B07005CC80600B7
:10876C00DC8D06009C190020109A002000000000EF
:10877C007E4E070010C90600808D0600A619002049
:10878C00D89A0020000000008C4E070028C9060073
:10879C00808D0600A8190020E49A0020000000003B
:1087AC000B1F0700B41F0020F88D06009019002045
:1087BC00E80B002000000000034C07000000000044
:1087CC00488D06009E190020649A002000000000CD
:1087DC00134C070000000000408D0600A01900207B
:1087EC000000000000000000DB50070080C90600FC
:1087FC00648E0600B2190020E4170020D417002064
:10880C007BF30600AC5607000C9A06006219002098
:10881C00000000000000000084F30600AD560700C5
:10882C000C9A0600641900200000000000000000F3
:10883C00DDF3060000000000249A060066190020F3
:10884C00000000000000000052F406004C9B0600E3
:10885C00D00F00206819002000000000000000006C
:10886C0006F60600589B0600689B06006A19002055
:10887C00D0210020000000002BF606006C9B0600A7
:10888C00E40F00206C190020000000000000000024
:10889C0037F606007C9B0600E40F00206E190020C2
:1088AC000000000000000000F6FC060000000000C4
:1088BC008C9B0600721900200000000000000000D4
:1088CC0058FC0600D89B0600789C06007419002002
:1088DC0047A400200000000078FC0600F89B06006E
:1088EC00789C06007619002047A4002000000000A8
:1088FC0081FC0600189C0600789C06007819002064
:10890C0047A40020000000006CFA0600389C06000A
:10891C00789C06007A19002047A400200000000073
:10892C008EFC0600589C0600789C06007C190020E2
:10893C0047A400200000000098FC0600B259070074
:10894C00949C06007E19002000000000000000002E
:10895C00DCFC060000000000AC9C06008019002026
:10896C00000000000000000066FC0600EA59070049
:10897C00C49C0600821900200000000000000000CA
:10898C00E4FC060000000000DC9C060084190020BA
:10899C00000000000000000073FC06000000000056
:1089AC00F49C060086190020000000000000000066
:1089BC00F0FC0600000000000C9D06008819002049
:1089CC0000000000000000003FFD06000019002020
:1089DC00249D06008A190020F82C002000000000BD
:1089EC004CFD06000A190020249D06008C1900205D
:1089FC00502D00200000000097050700000000002B
:108A0C00B0A806008E190020000000000000000035
:108A1C006F1B0700D81F0020FCAC06009219002029
:108A2C006C630020000000006450070070C9060051
:108A3C00A48D0600AC190020309B00200000000023
:108A4C007750070078C90600A48D0600AE190020E7
:108A5C00449B002000000000ED4D07007CC8060080
:108A6C00688D0600A2190020201700201017002086
:108A7C0098B4060000000000D08D06009419002068
:108A8C007C7D002000000000BE4B070000000000B1
:108A9C00348D06009A1900200000000000170020F9
:108AAC005A4E070000000000508D0600A41900204B
:108ABC00000000000000000043DF0600789806006C
:108ACC00C89806005C190020800A002000000000F5
:108ADC001348070008C8060038C80600961900207D
:108AEC00408F0020000000001348070020C806003B
:108AFC0038C8060098190020588F0020000000008C
:108B0C00BDEA0600F4980600000000005E19002083
:108B1C000000002000000000CEF60600000000005F
:108B2C000000000070190020000000000000000090
:108B3C005E50070040C9060064C90600AA1900204F
:108B4C00E00E002058170020A45007000000000081
:108B5C00B48D0600B0190020589B002000000000C6
:108B6C004B540700ACD40600C0D40600B419002046
:088B7C00D018002000000000E9
:108B8400575E0600EB5C060000000000132206009E
:108B9400F4870600935A0600000000001322060022
:108BA400000000001322060000000000132206004B
:108BB400DDA00500EB5C0600948A0600A16C0500AC
:108BC400000000001322060000000000132206002B
:108BD400000000001322060000000000ED1505004F
:108BE400548B0600518A0500649A0020B573050071
:108BF40000000000D94C050000000000132206000C
:108C0400000000001322060000000000DD900500B3
:108C140000000000132206000000000013220600DA
:108C240000000000132206000000000013220600CA
:108C340000000000132206000000000013220600BA
:108C4400000000001D1605000000000013220600AD
:108C5400000000001322060000000000132206009A
:108C6400000000001322060000000000132206008A
:108C7400000000001322060000000000132206007A
:108C8400000000001322060000000000132206006A
:108C9400000000001322060000000000132206005A
:108CA400000000001322060000000000132206004A
:108CB400000000001322060059600500EB5C06006A
:108CC400000000001322060045AB0500EB5C060023
:108CD400000000001322060000000000132206001A
:108CE400000000001322060000000000132206000A
:108CF40000000000132206000000000013220600FA
:108D04005857002000D7002000040000914D0500B2
:108D1400000000000000000000000000000000004F
:108D24000000000030DC060000000000000000002D
:0C8D340015690500716A05005802000076
:108D40007D53060000000000ED7205003D72050035
:108D5000057C0500957E0500D57D0500FD7B0500A1
:108D600063550600ED7B05005178050099790500F3
:108D7000B17A0500517405004B540600417405009A
:108D8000817F050097550600A5550600BD550600D4
:108D9000C9550600D55506005D810500EF55060052
:048DA00000000000CF
:108DA400CB570600E157060011580600415806004B
:108DB400000000000000000000000000698A0500B7
:0C8DC400258A05000000000000000000EF
:0C8DD000898002007D730400AD75040072
:108DDC00756E0500E55206004753060000000000C2
:0C8DEC007F5206000000000000000000A4
:108DF800000000000000000000000000000000006B
:108E08000000000000000000511F0600DD7A03008A
:108E180000000000D11D0600E91D060009790300C5
:108E28000B1F0600E97803003F1D0600491D0600D8
:108E3800C9780300671D060000000000711D0600C8
:108E480000000000000000007F1D0600631F0600F0
:108E5800971D0600451E06009F1D06000000000025
:108E680000000000000000000000000000000000FA
:108E7800000000008B5806004D8D05007D58060047
:108E8800218B05006D5806001D5A0600B1580600D2
:108E9800D95806000D5906001D5906004D590600FF
:108EA800595906001D5906003D5906006559060026
:108EB8007359060081590600B3590600B7590600D0
:088EC8000000000000000000A2
:108ED000050000001DE10300000000000600000086
:108EE000A133040000000000040000006DE803004E
:048EF000000000007E
:108EF40084AF06000800000024B00600070000004C
:108F040060AC06000500000078AA06000600000018
:108F1400D4AB060007000000D0A806001300000030
:088F2400F8C906000E00000070
:108F2C00CB4B070003000000401F070003000000AC
:108F3C002948070003000000B433070003000000B9
:108F4C00633C070003000000E2260700030000005A
:108F5C00A7380700030000001047070003000000BB
:108F6C00A8C1060003000000B4B606000300000010
:108F7C00ACB406000300000070BA06000300000049
:108F8C0094C10600030000000C270700030000003A
:108F9C00391F0700030000003735070003000000ED
:108FAC00B842070003000000AE30070003000000C9
:108FBC0025330700030000000847070003000000EA
:108FCC00533A0700030000005B2507000300000074
:108FDC00D433070003000000B02607000300000094
:108FEC005D46070003000000801C07000300000022
:108FFC00F54B070003000000A1250700030000004B
:10900C00744E070003000000D21D0700030000008F
:10901C0030DC060002000000E11D07000300000028
:10902C00E51D070003000000DC1E07000300000024
:10903C00A72307000300000003240700030000001F
:10904C000B24070003000000694A0700030000001E
:10905C001055070003000000F01E0700030000007D
:10906C004CDF060003000000F74D07000300000072
:10907C008A500700030000001F480700030000008F
:10908C00B3260700030000001A24070003000000A9
:10909C007AF0060004000000B25007000300000044
:1090AC00E9500700020000005325070003000000F0
:1090BC00604A070003000000D91B070004000000F1
:1090CC0074AB0600CC120020CB1E07000100000080
:1090DC00AD26070000000000000000003D960300D4
:1090EC003D99030000000000873F070001000000CD
:1090FC0000000000793D06000000000000000000A8
:10910C00AC4207000100000000000000A5010400B3
:10911C000000000000000000A44207000100000055
:10912C00000000009DF8030025070400000000006B
:10913C00004707000100000000000000E53E0400AD
:10914C00AD3D040000000000B24207000100000029
:10915C0000000000BDFD030031FD03000000000015
:10916C006302070000000000000000004D13030024
:10917C00E50206000000000028F2060000000000D6
:10918C000000000009E502000000000000000000E3
:10919C000000000099DF0200000000000C8B0600AC
:1091AC007DEB020000000000248B060091EB020016
:1091BC0000000000BC890600A5EB020000000000C6
:1091CC00EC890600B9EB020000000000D48906000F
:0891DC00CDEB020000000000D1
:1091F000000000000B000400A0000000F0000000D0
:1092000000000000000160003000000000000000CD
:10921000022A48C2B1CFC567C90771960000000095
:1092200000022A48C2B1CFC567C907719600010084
:109230000000022A48C2B1CFC567C907719600066F
:10924000000000022A48C2B1CFC567C90771960065
:1092500002000000022A48C2B1CFC567C907719653
:109260000005000000000000000000006000600039
:109270000000000000000000B32F0700B82F070017
:10928000BC2F0700C02F0700C42F0700C82F0700FE
:10929000CC2F0700D02F0700D42F0700D82F0700AE
:1092A000DC2F0700E02F0700E42F0700E82F07005E
:1092B000EC2F0700000103FF04FF0200000106027B
:1092C000010000000001020104040404FF0000008A
:1092D000FF000000FF000000FF000000FF00000092
:1092E000FF00000000010008120000000000000064
:1092F00000C2010000000801030062746C650000F8
:10930000000000000000000000000000000000005D
:10931000000000000000000000000000000000004D
:10932000000000000000000000000000010000003C
:109330000338FDD870470000010000000000000065
:1093400005000000000000001900000000000000FF
:109350007D0000000000000071020000000000001D
:10936000350C000000000000093D00000000000076
:109370002D31010000000000E1F5050000000000B3
:1093800065CD1D0000000000F902950000000000FE
:10939000DD0EE90200000000514A8D0E00000000C1
:1093A0009573C24800000000E941CC6B0100000049
:1093B0008D49FD1A07000000C16FF28623000000EE
:1093C000C52EBCA2B1000000D9E9AC2D7803000085
:1093D0003D9160E45811000031D6E275BC560000A2
:1093E000F52E6E4DAEB10100C9EA268367780800FC
:1093F000ED95C28F055A2A00A1EDCCCE1BC2D30039
:1094000025A4000A8BCA220400000000000000000E
:10941000000000000000001000000000000000003C
:10942000B9340332B7F4AD1410DB1AB30892540EFA
:109430000D307D951447BA1A66088F4D26ADC66D5E
:10944000F598BF85E2B74511CA96853D92BD1DEBE3
:10945000FCA11860DCEF52163C92AE220BB8C1B4EE
:10946000839D2D5B0562DA1C304C7E8F4E8BB25B88
:1094700016F4529F8B56A512FBD4827643ED8AF0E8
:109480008FE7F9311565191850F19BD94A13EEB4DD
:10949000284CF0A686C1251F035FC270CB9E4916DB
:1094A000E642889C44EB2014B0650836AD6EA58575
:1094B00085F0CA14E2FD031A0B899979D5B13D09EB
:1094C000D8DA973A35EBCF10AC363F5E73BB38CF66
:1094D0003E6752FA44AFBA150100000000000000D8
:1094E0000000000000000020345065C05FC9A65293
:1094F000BB13CBAEC440C21806C8DF7100D5A87C30
:10950000F56F0FDA58FC27136E4756357D2420651A
:1095100002C7E768E48CA41DE9E60268D7CD39618B
:109520007977FCC2405BEF16798CDE43FFA751F9D7
:1095300091F3B278F5BDBE11E857E9D6E8BEE87BF5
:10954000B054AC8F848D751BEA23A499E9F9D38BB1
:10955000B7A3714061DA3E15CEE33ECB73F94808FC
:109560008C97B427D51B7010A2BFEFB9EB853215CD
:109570004DB44DB49BBB6F1996B6076CF8E7EEADD2
:1095800036D9B4F59135AE13222218AF4E6A684D24
:1095900091DAAA3D4F40741E9FBD9EE006A1C0987F
:1095A00057C2A7FDA40E90170E7D497173E3208F5B
:1095B000B220D87605143B12853D7434811343B034
:1095C000AD297A5F27F4351C000000000000F03F51
:1095D000748515D3B0D9EF3F0F89F96C58B5EF3FBB
:1095E000515B12D00193EF3F7B517D3CB872EF3F4E
:1095F000AAB968318754EF3F3862756E7A38EF3F09
:10960000E1DE1FF59D1EEF3F15B7310AFE06EF3F65
:10961000CBA93A37A7F1EE3F2234124CA6DEEE3F3B
:109620002D89616008CEEE3F272A36D5DABFEE3F9E
:10963000824F9D562BB4EE3F295448DD07ABEE3FD9
:1096400085553AB07EA4EE3FCD3B7F669EA0EE3FAF
:10965000745FECE8759FEE3F8701EB7314A1EE3F5A
:1096600013CE4C9989A5EE3FDBA02A42E5ACEE3F34
:10967000E5C5CDB037B7EE3F90F0A38291C4EE3F81
:109680005D253EB203D5EE3FADD35A999FE8EE3F3C
:10969000475EFBF276FFEE3F9C5285DD9B19EF3F64
:1096A0006990EFDC2037EF3F87A4FBDC1858EF3FD1
:1096B0005F9B7B33977CEF3FDA90A4A2AFA4EF3F90
:1096C00040456E5B76D0EF3F000000000000E842AE
:1096D0009423914BF86AAC3FF3C4FA50CEBFCE3F0F
:1096E000D6520CFF422EE63F000000000000384337
:1096F000FE822B65471547409423914BF86ABC3E88
:10970000F3C4FA50CEBF2E3FD6520CFF422E963FE6
:10971000BEF3F879EC61F63F1930965BC6FEDEBF0A
:109720003D88AF4AED71F53FA4FCD432680BDBBF36
:10973000B010F0F03995F43F7BB71F0A8B41D7BFCB
:109740008503B8B095C9F33F7BCF6D1AE99DD3BFB0
:10975000A564880C190DF33F31B6F2F39B1DD0BF01
:10976000A08E0B7B225EF23FF07A3B1B1D7CC9BFB3
:109770003F341A4A4ABBF13F9F3CAF93E3F9C2BF63
:10978000BAE58AF05823F13F5C8D78BFCB60B9BF52
:10979000A70099413F95F03FCE5F47B69D6FAABFA6
:1097A000000000000000F03F00000000000000008A
:1097B000AC479AFD8C60EE3F3DF5249FCA38B33F1D
:1097C000A06A021FB3A4EC3FBA913854A976C43FF3
:1097D000E6FC6A573620EB3FD2E4C44A0B84CE3F06
:1097E0002DAAA163D1C2E93F1C65C6F04506D43F4E
:1097F000ED417803E686E83FF89F1B2C9C8ED83F0E
:10980000624853F5DC67E73FCC7BB14EA4E0DC3F18
:109810000B6E49C91676D23F7AC675A06919D7BFB3
:10982000DDBAA76C0AC7DE3FC8F6BE484715E7BFDA
:109830002BB82A654715F73FFADE060008DF060059
:10984000FADA060015DF0600FADA0600FADA060090
:10985000FADA060023DF0600FADA0600FADA060072
:10986000FADA0600FADA0600FADA0600FADA060090
:10987000FADA060033DF060000000000F487060075
:109880007C8706000B0000007C8706000C000000AF
:109890009C9806000100000001000000002000402C
:1098A000A898060002000000C09806000200000010
:1098B000B8980600020100001B0000001F00000114
:1098C0001B0000002C0000013BFD0500FDFC050015
:1098D0005BFD05004BFD050029FD05005AF0060063
:1098E0005EF0060063F0060068F006006CF006000B
:1098F00070F00600C48A06000000000000000000AE
:1099000000000000000000000000000064000000F3
:1099100000000000FFFFFFFFFF000000FF0000004D
:10992000FF00000000000000C9DE02003BFE050051
:1099300055DF020025DF020019DF02006BFE050083
:109940004C99060025000000040A000001000000F8
:1099500002000000030000000400000005000000F9
:1099600006000000070000000800000009000000D9
:109970000A0000000B0000000C0000000D000000B9
:109980000E0000000F000000100000001100000099
:109990001200000013000000140000001500000079
:1099A0001600000017000000180000001900000059
:1099B0001A0000001B0000001C0000001D00000039
:1099C0001E00000000000000000000000000000079
:1099D0001F00000020000000210000002200000005
:1099E00039F20600409906003C8B0600000000009A
:1099F000000000000000000041F20600F2F2060044
:109A00000DF3060028F3060039F3060001000000FC
:109A100000000000D9E70200000000000000000084
:109A2000000000000200000015E8020065E80200E6
:109A3000BFFF05000000000000000000040000005F
:109A4000000000004C9A0600000000000300000027
:109A5000000000005C9A0600000000000200000008
:109A6000000000006C9A06000000000001000000E9
:109A700002000000AC9A0600010000004000000057
:109A800000000000020000008C9A060054880600C6
:109A90000100000004000000010000009C88060096
:109AA00000000000000000000000000054880600D4
:109AB0000200000001000000010000006C880600A8
:109AC00005000000E80300000000000000000000A6
:109AD000030000001C9B0600010000004000000085
:109AE0000000000003000000EC9A060084880600D5
:109AF0000000000000000000000000005488060084
:109B00000100000004000000010000009C88060025
:109B10000000000000000000000000008488060033
:109B20000000000000000000000000005488060053
:109B30000200000001000000010000006C88060027
:109B400005000000E8030000000000000200000023
:109B5000020000000000010000000000B0D5060077
:109B600000000000E1EE020009ED0200020000002A
:109B700004000000000001000100000002000000DD
:109B800004000000000006000100080000000000C2
:109B9000000000007DF80200D5F80200000000007F
:109BA00000000000FFFB0600EAFB0600F9FB0600D0
:109BB00015FC060006FC0600F8F80600DBF90600B6
:109BC000DBFA060010FC06001BFC06002AFC06005F
:109BD00033FC060041FC0600D007000066FC0600CE
:109BE00073FC0600FFFFFFFFFFFFFFFF0000000008
:109BF000000000000000000096000000F6FC0600D7
:109C0000F6FC060000000000FFFFFFFF020000005E
:109C10000000000000000000C8000000F6FC060084
:109C2000F6FC060000000000FFFFFFFF020000003E
:109C30000000000000000000DC000000F6FC060050
:109C4000F6FC0600960000009600000002000000EE
:109C50000000000000000000C800000098FC0600A2
:109C6000F6FC0600FFFFFFFFFFFFFFFF0200000002
:109C700000000000000000000000000000000000E4
:109C8000EDFD020081FC0200000000000000000069
:109C90007DFF0200000000000000000089020300B8
:109CA000E5020300000000000000000000000000CA
:109CB000000000004103030000000000000000005D
:109CC00000000000000000000000000095030300F9
:109CD0001904030000000000000000000000000064
:109CE00000000000F9010600050206000000000067
:109CF000000000000000000000000000110206004B
:109D00001D0206000000000000000000000000002E
:109D10000000000061040300BD0403000000000017
:109D2000000000000000000000000000090903001E
:109D3000A10803000000000000000000B90D0300AE
:109D40000800000009000000020096003200000038
:109D50001100000058FC0600040000000000000094
:109D60000000000009110300EF0206006D02070069
:109D70004117030071030600F6FC060014000700FB
:109D800000000000F6FC06001A00070000000000BA
:109D9000F6FC06000800070000000000F6FC0600C4
:109DA0001500070000000000F6FC06001700070081
:109DB00000000000F6FC06001C0007000000000088
:109DC000F6FC06001800070000000000F6FC060084
:109DD0000C00070000000000F6FC0600120007005F
:109DE00000000000F6FC0600130007000000000061
:109DF000F6FC060004000700000000006CFA0600F4
:109E0000E2000700160007006CFA0600E3000700F6
:109E1000070007006CFA0600E000070009000700D1
:109E2000F6FC06000A00070000000000F6FC060031
:109E30000B000700000000006CFA0600E4000700B9
:109E40000D0007006CFA0600E70007000E0007008F
:109E50006CFA0600E60007000F000700F6FC06009B
:109E60002A00070000000000F6FC06001D000700A5
:109E700000000000F6FC06001B00070000000000C8
:109E8000F6FC06000600070000000000F6FC0600D5
:109E90001900070000000000F6FC0600050007009E
:109EA00000000000F6FC06001100070000000000A2
:109EB000F6FC06001000070000000000F6FC06009B
:109EC0003600070000000000F6FC0600370007001F
:109ED00000000000F6FC06004C0007000000000037
:109EE000F6FC06002C000700000000008EFC0600B7
:109EF000010000002B0007008EFC0600020000009D
:109F000028000700F6FC0600E10007000000000042
:109F1000F6FC06001E00070200000000F6FC06002A
:109F20001F00070200000000F6FC060020000702E8
:109F300000000000F6FC06002100070200000000FF
:109F4000F6FC06002200070200000000F6FC0600F6
:109F50002300070200000000F6FC060024000702B0
:109F600000000000F6FC06002500070200000000CB
:109F7000F6FC06003500070000000000F6FC0600B5
:109F80003500070200000000F6FC0600340007025E
:109F900000000000F6FC06002F0007000000000093
:109FA000F6FC06002F00070200000000F6FC060089
:109FB0002600070200000000E4FC0600000000008C
:109FC00000000000F6FC060038000700000000005A
:109FD000F6FC06002D00070000000000F6FC06005D
:109FE0002E00070000000000F6FC06003300070208
:109FF00000000000F6FC060033000700000000002F
:10A00000F6FC06003400070000000000F6FC060025
:10A010003000070000000000F6FC060030000702D8
:10A0200000000000F6FC0600270007020000000008
:10A03000E4FC06000000000000000000F6FC060042
:10A040003100070000000000F6FC06002D000702AA
:10A0500000000000F6FC06002E00070200000000D1
:10A06000F6FC06003100070200000000F6FC0600C6
:10A070003800070200000000E4FC060000000000B9
:10A0800000000000E4FC06000000000000000000EA
:10A09000E4FC06000000000000000000E4FC0600F4
:10A0A0000000000000000000F6FC06001E00070093
:10A0B00000000000F6FC06001F0007000000000082
:10A0C000F6FC06002000070000000000F6FC060079
:10A0D0002100070000000000F6FC06002200070037
:10A0E00000000000F6FC060023000700000000004E
:10A0F000F6FC06002400070000000000F6FC060045
:10A100002500070000000000F6FC060026000700FE
:10A1100000000000F6FC0600270007000000000019
:10A12000F6FC06004C00070000000000F6FC0600EC
:10A130003900070000000000F6FC0600460007009A
:10A1400000000000F6FC06004900070000000000C7
:10A15000E4FC06000000000000000000F6FC060021
:10A160005000070000000000F6FC06005100070048
:10A1700000000000F6FC060052000700000000008E
:10A18000F6FC06004F00070000000000E4FC06009B
:10A190000000000000000000E4FC060000000000D9
:10A1A00000000000E4FC06000000000000000000C9
:10A1B000E4FC06000000000000000000E4FC0600D3
:10A1C0000000000000000000E4FC060000000000A9
:10A1D00000000000F6FC06004A0007000000000036
:10A1E000F6FC06004E00070000000000F6FC06002A
:10A1F0004B00070000000000F6FC06004D000700C1
:10A2000000000000E4FC0600000000000000000068
:10A21000F6FC06002900070000000000E4FC060030
:10A220000000000000000000E4FC06000000000048
:10A2300000000000E4FC0600000000000000000038
:10A24000F6FC06003A00070000000000F6FC0600DD
:10A250003B00070000000000F6FC06003C00070081
:10A2600000000000F6FC06003D00070000000000B2
:10A27000F6FC06003E00070000000000E4FC0600BB
:10A280000000000000000000E4FC060000000000E8
:10A2900000000000F6FC0600E2000C0000000000D8
:10A2A000E4FC06000000000000000000E4FC0600E2
:10A2B0000000000000000000F6FC06003F00070060
:10A2C00000000000F6FC060040000700000000004F
:10A2D000F6FC06004100070000000000F6FC060046
:10A2E0004200070000000000F6FC060043000700E3
:10A2F00000000000F6FC0600B6000C0000000000A4
:10A30000F6FC0600EA000C0000000000F6FC060067
:10A31000E9000C0000000000F6FC0600B5000C008F
:10A3200000000000F6FC0600CD000C00000000005C
:10A33000F6FC06004400070000000000F6FC0600E2
:10A34000450007000000000097050700040000001A
:10A3500000000000DCFC060000000000000000001F
:10A3600097050700000000000000000097050700A7
:10A370000300000000000000970507000300000034
:10A380000100000097050700030000000200000024
:10A390009705070003000000030000009705070071
:10A3A0000300000004000000E4FC060000000000C0
:10A3B00000000000E4FC06000000000000000000B7
:10A3C000E4FC06000000000000000000E4FC0600C1
:10A3D0000000000000000000F6FC06002B00070053
:10A3E00000000000F6FC060014000700000000005A
:10A3F000F6FC06001A00070000000000F6FC06004C
:10A400000800070000000000F6FC06001500070029
:10A4100000000000F6FC06001E000700000000001F
:10A42000F6FC06001F00070000000000F6FC060016
:10A430002000070000000000F6FC060021000700D5
:10A4400000000000F6FC06002200070000000000EB
:10A45000F6FC0600E100070000000000F6FC060024
:10A460000400070000000000F6FC060016000700CC
:10A4700000000000F6FC06000700070000000000D6
:10A48000F6FC06000900070000000000F6FC0600CC
:10A490003A00070000000000F6FC06003B00070041
:10A4A00000000000F6FC06003C0007000000000071
:10A4B000F6FC06003D00070000000000F6FC060068
:10A4C0003E00070000000000F6FC0600E000070068
:10A4D00000000000F6FC06001D0007000000000060
:10A4E000F6FC06001B00070000000000F6FC06005A
:10A4F0000600070000000000F6FC06001900070037
:10A5000000000000F6FC06000A0007000000000042
:10A51000F6FC06001700070000000000F6FC06002D
:10A520001000070000000000F6FC06000500070010
:10A5300000000000F6FC06002900070000000000F3
:10A54000F6FC06002C00070000000000F6FC0600E8
:10A55000E200070000000000F6FC060023000700F0
:10A5600000000000F6FC06002800070000000000C4
:10A57000E4FC06000000000000000000E4FC06000F
:10A580000000000000000000E4FC060000000000E5
:10A5900000000000E4FC06000000000000000000D5
:10A5A000E4FC06000000000000000000E4FC0600DF
:10A5B0000000000000000000E4FC060000000000B5
:10A5C00000000000E4FC06000000000000000000A5
:10A5D000E4FC06000000000000000000E4FC0600AF
:10A5E0000000000000000000E4FC06000000000085
:10A5F00000000000E4FC0600000000000000000075
:10A60000E4FC06000000000000000000E4FC06007E
:10A610000000000000000000E4FC06000000000054
:10A6200000000000E4FC0600000000000000000044
:10A63000E4FC06000000000000000000E4FC06004E
:10A640000000000000000000E4FC06000000000024
:10A6500000000000E4FC0600000000000000000014
:10A66000E4FC06000000000000000000E4FC06001E
:10A670000000000000000000E4FC060000000000F4
:10A6800000000000E4FC06000000000000000000E4
:10A69000E4FC06000000000000000000E4FC0600EE
:10A6A0000000000000000000E4FC060000000000C4
:10A6B00000000000E4FC06000000000000000000B4
:10A6C000E4FC06000000000000000000E4FC0600BE
:10A6D000000000000000000098FC060006000000DA
:10A6E00000000000F0FC0600010000000000000077
:10A6F000F0FC06000100000000000000F0FC060075
:10A700000200000000000000E4FC06000000000061
:10A7100000000000E4FC0600000000000000000053
:10A72000E4FC06000000000000000000E4FC06005D
:10A730000000000000000000E4FC06000000000033
:10A7400000000000E4FC0600000000000000000023
:10A75000E4FC06000000000000000000E4FC06002D
:10A760000000000000000000E4FC06000000000003
:10A7700000000000E4FC06000000000000000000F3
:10A78000E4FC06000000000000000000E4FC0600FD
:10A790000000000000000000E4FC060000000000D3
:10A7A00000000000E4FC06000000000000000000C3
:10A7B000E4FC06000000000000000000E4FC0600CD
:10A7C0000000000000000000E4FC060000000000A3
:10A7D00000000000E4FC0600000000000000000093
:10A7E000E4FC06000000000000000000E4FC06009D
:10A7F0000000000000000000E4FC06000000000073
:10A8000000000000E4FC0600000000000000000062
:10A81000E4FC06000000000000000000E4FC06006C
:10A820000000000000000000E4FC06000000000042
:10A8300000000000E4FC0600000000000000000032
:10A84000E4FC06000000000000000000E4FC06003C
:10A850000000000000000000E4FC06000000000012
:10A8600000000000E4FC0600000000000000000002
:10A8700098FC06000600000000000000F0FC060046
:10A880000100000000000000F0FC060001000000D4
:10A8900000000000F0FC06000200000000000000C4
:10A8A000A1050700B9050700D5050700EF0507005A
:10A8B0000000000000000000991C0300B103060026
:10A8C0000000000000000000470D0700000000002D
:10A8D00014D60600BF4106000000000010D6060096
:10A8E000000001000CD606009F4406000000000096
:10A8F000C81100200000010004D606004304060031
:10A9000000000000461900200000010000D60600EB
:10A910009F44060000000000C0110020000001005C
:10A92000F8D50600D52A0300000000000000000052
:10A9300000000400F4D506009F440600000000005B
:10A94000B811002000000100ECD5060089040600C3
:10A95000000000000000000000000400E8D5060030
:10A960009141060071FF03006C11002000000C00F3
:10A97000E4D506002B040600000000004419002066
:10A9800000000400E0D506009F440600000000001F
:10A990006411002000000100D8D506005B04060009
:10A9A000000000000000000000000400D4D50600F4
:10A9B0009141060071FF03001811002000000C00F7
:10A9C000D0D506002B04060000000000421900202C
:10A9D00000000400CCD506009F44060000000000E3
:10A9E0001011002000000100C4D50600FD03060080
:10A9F000000000000000000000000400C0D50600B8
:10AA00009141060071FF0300C410002000000C00FB
:10AA1000BCD506002B0406000000000040190020F1
:10AA200000000400B8D506009F44060000000000A6
:10AA3000BC10002000000100B0D50600000000009E
:10AA4000D7030600C1A40020000002005F0D07002C
:10AA5000840D0700ED2E0300C40E0700CB04060092
:10AA600081300300D1320300A53003009930030088
:10AA7000B93203008D4803003CD60600BF410600F2
:10AA80000000000038D606000000010034D60600A1
:10AA90009F44060000000000AC12002000000100EE
:10AAA0002CD606008949030000000000C6A400203F
:10AAB0000000010028D606009141060071FF030046
:10AAC000601200200000030024D606003345060073
:10AAD0000000000040D606000000010020D606005D
:10AAE0000B45060000000000371A070000000100B7
:10AAF000514F03000D4F0300000000000000000054
:10AB0000014F030000000000B01B07000000000020
:10AB100020330020000100009518060039180600B7
:10AB2000020000003F1A06000000000000000000C4
:10AB30000000000000000000AF1E0700B71E070065
:10AB4000000000000000000000000000E5400700D9
:10AB5000BF1E0700C31E0700C71E070064AB060028
:10AB6000DC60002059690300FC600020CBA40020B9
:10AB700001000000C91A0600BF1A0600056903009B
:10AB8000B31A060000000000A71A0600000000002B
:10AB9000040000000000000000000000007002003F
:10ABA000AC8A0600010000000070020000500C009A
:10ABB000AC8A06000200000000C00E000080000009
:10ABC000AC8A06000300000000400F0000C0000037
:10ABD000AC8A060070D60600BF41060000000000E7
:10ABE0006CD606000000010068D606009F440600EF
:10ABF00000000000401300200000010060D60600A5
:10AC0000911F060000000000271F07000000010040
:10AC10005CD606009F4406000000000038130020A8
:10AC20000000010054D60600911F0600000000003D
:10AC30002D1F07000000010050D606009F440600AB
:10AC400000000000301300200000010048D606007C
:10AC5000F17C0300000000004B19002000000100FF
:10AC60008CD60600BF4106000000000088D6060012
:10AC70000000010084D606009F440600000000008A
:10AC800094130020000001007CD606000D7D030017
:10AC900000000000000000000000010078D606005F
:10ACA0009141060071FF03004813002000000300DB
:10ACB00074D60600334506000000000090D606005A
:10ACC00000000100000000200000000000000B0652
:10ACD00002000000D8AC060000000000F4230700CA
:10ACE0002600020200000020FC23070022000B11B6
:10ACF0004590030000000000D9220600000000007B
:10AD0000F0AC06000CAD06004A000000DC0101209A
:10AD1000F0AC06001CAD06002E000000E808012083
:10AD2000F0AC06002CAD060002010000C8090120AD
:10AD3000F02F07000E3007002930070039300700D8
:10AD4000463007004F300700563007005D300700DF
:10AD5000643007006C30070046300700743007008D
:10AD6000863007009B3007000E03000009B5030082
:10AD70000F040000D9B403001A010000119C030065
:10AD800005040000AD9C0300130100003DA2030078
:10AD9000FF01000089A003003E01000069A003003C
:10ADA00005040000099D03000804000031A603000B
:10ADB00030030000A5A5030010010000B59D0300AD
:10ADC00002010000B5C603000112000069B40300CF
:10ADD0000A1E00005F280600030900002DA30300DF
:10ADE000040B0000419E0300060A000029AB03008B
:10ADF000070A0000859D03000C050000FDA4030068
:10AE0000050C000029AA0300F0AC060014AE0600F1
:10AE100047000000E80A0120B22407003338070089
:10AE200053380700473807005E38070075380700B9
:10AE3000853807008F24070099380700F0AC06001A
:10AE400048AE060000000000140C0120F0AC060023
:10AE500058AE06004A000000040D0120CB31060068
:10AE6000CD310600000000000000000000000000DE
:10AE7000DDE303000000000000000000000000000F
:10AE80000000000002020100C13A060004040100B3
:10AE9000ADF4030006060100F1F30300080401000D
:10AEA000DDF203000A020100AB3A06000C040100C7
:10AEB000953A06000E040100B9F1030020040100D8
:10AEC00025F103001004010035F003001202010017
:10AED000493A060016040100DF330600180101009C
:10AEE000013806001E000400173C06005202000054
:10AEF0006F3A06000104020051F70300030202004A
:10AF0000AD3B060005010200DF3B0600070402001E
:10AF1000EF3B060009010200F33B06000B000200B4
:10AF2000F73B06000D000200FB3B06000F0002008D
:10AF3000FF3B060021020200033C06001101020053
:10AF4000073C0600130002000B3C06001704020039
:10AF50000F3C060019000200133C06001B02030010
:10AF6000F93306001D020500DB3906002304030047
:10AF7000E7330600F0AC060080AF06004C0000008E
:10AF80005C0E0120C4D60600BF4106000000000090
:10AF9000C0D6060000000100BCD606009F44060093
:10AFA00000000000C814002000000100B4D6060014
:10AFB0000000000000000000000000000000000091
:10AFC000B0D606009141060071FF0300D0140020A6
:10AFD00000000300ACD606009F44060000000000FD
:10AFE000C014002000000100A4D60600F7410600AE
:10AFF000C50004000000000000000300A0D6060009
:10B000009F44060000000000B8140020000001006A
:10B0100098D6060039060400000000000000000079
:10B0200000000100F0D60600BF410600000000004D
:10B03000ECD6060000000100E8D606009F4406009A
:10B04000000000002C15002000000100E0D60600E2
:10B05000274206008B3D0600080E00200000090074
:10B06000DCD606009F4406000000000024150020E6
:10B0700000000100D4D60600514206000000000086
:10B080000000000000000100D0D606009F4406002A
:10B09000000000001C15002000000100C8D60600BA
:10B0A0009DFC030000000000000000000000010003
:10B0B000FD320400014E0600393A04000000000091
:10B0C0000000000001370400000000000000000044
:10B0D0000000000000000000000000000000000070
:10B0E0007D310400060000007930040006000000F5
:10B0F000CD28040010000000C52B04001000000043
:10B10000D939040001000000894806001000000041
:10B11000974A06000A0000000D34040010000000E9
:10B12000E9370400070000009749060010000000FE
:10B13000152F040001000000152A04004000000043
:10B14000FD26040010000000B749060001000000C1
:10B15000574553545F544F504449522F7A65706895
:10B1600079722F7375627379732F626C7565746F62
:10B170006F74682F636F6E74726F6C6C65722F746E
:10B1800069636B65722F7469636B65722E6300006F
:10B190007469636B65725F726573636865642D3E85
:10B1A0007469636B735F746F5F6578706972652033
:10B1B0003D3D203055000000415353455254494F06
:10B1C0004E204641494C205B25735D20402025736D
:10B1D0003A25640A0000000028287469636B6572D0
:10B1E0005F72657363686564292D3E6578745F647A
:10B1F0006174612026262028287469636B65725F5C
:10B2000072657363686564292D3E6578745F646157
:10B2100074612D3E7469636B735F736C6F745F77D9
:10B22000696E646F7720213D203055292900000088
:10B2300069000000574553545F544F504449522F02
:10B240007A65706879722F7375627379732F626C87
:10B250007565746F6F74682F636F6E74726F6C6C4A
:10B2600065722F6C6C5F73772F756C6C2E630000AA
:10B27000216572720000000072780000756C6C5FCE
:10B280007265665F67657428756C6C5F68647229A7
:10B29000000000003000000072656C65617365207D
:10B2A0003D3D20646F6E65002172657476616C00AF
:10B2B00064656C7461203C3D2030207C7C206D6591
:10B2C0006D5F6C696E6B5F72782E71756F74615F04
:10B2D000706475203C20282833202B2030202B2020
:10B2E0003129202B202832202A20283629292900FC
:10B2F000636F6E6E5F6C6C6C0000000021636F6E9C
:10B300006E5F6C6C6C2D3E6C696E6B5F74785F6603
:10B31000726565006D656D715F6C696E6B00000034
:10B3200072782D3E6864722E7479706520213D20FC
:10B330004E4F44455F52585F545950455F4E4F4EF3
:10B34000450000002163632D3E73746174757300C2
:10B3500072785F667265652D3E6864722E747970CE
:10B360006520213D204E4F44455F52585F5459504F
:10B37000455F4E4F4E45000021636F6E6E2D3E6C53
:10B380006C6C2E6C696E6B5F74785F6672656500BD
:10B390007478000021726574000000006C6F6F709B
:10B3A00000000000574553545F544F504449522FFA
:10B3B0007A65706879722F7375627379732F626C16
:10B3C0007565746F6F74682F636F6E74726F6C6CD9
:10B3D00065722F6C6C5F73772F6C6C6C5F636F6D35
:10B3E0006D6F6E2E6300000021657272207C7C20E0
:10B3F000657272203D3D202D31313900574553543F
:10B400005F544F504449522F7A65706879722F7398
:10B4100075627379732F626C7565746F6F74682FC2
:10B42000636F6E74726F6C6C65722F6863692F68DE
:10B4300063695F6472697665722E63004C4C2069A3
:10B440006E697469616C697A6174696F6E20666196
:10B45000696C65643A202564000000004254205263
:10B4600058207072690000004254205258000000B9
:10B47000456D70747920484349207061636B657431
:10B4800000000000556E6B6E6F776E2048434920B8
:10B49000747970652025750062745F6863695F6305
:10B4A0006F6E74726F6C6C657200000062745F6323
:10B4B000746C725F6863695F6472697665720000BC
:10B4C0005A6570687972204F532076342E312E30B1
:10B4D000000000004E6F2048434920436F6D6D61AE
:10B4E0006E6420686561646572000000496E766173
:10B4F0006C69642048434920434D44207061636B6C
:10B500006574206C656E6774680000004E6F20489B
:10B5100043492041434C2068656164657200000026
:10B52000496E76616C6964204843492041434C2050
:10B530007061636B6574206C656E677468000000F1
:10B54000496E76616C6964204843492041434C2030
:10B5500044617461206C656E6774680054782042A1
:10B560007566666572204F766572666C6F7700004F
:10B57000496E76616C696420547820456E717565FA
:10B5800075650000574553545F544F504449522F3E
:10B590007A65706879722F7375627379732F626C34
:10B5A0007565746F6F74682F636F6E74726F6C6CF7
:10B5B00065722F6863692F6863692E63000000005D
:10B5C0006164762D3E74797065203D3D2050445570
:10B5D0005F4144565F545950455F44495245435476
:10B5E0005F494E44000000002828282875696E74C1
:10B5F0007074725F74296E6F6465292025205F5F07
:10B60000616C69676E6F6628737472756374206EFF
:10B610006F64655F72785F63632929203D3D203048
:10B62000290000002828282875696E747074725FDC
:10B6300074296E6F6465292025205F5F616C6967DE
:10B640006E6F6628737472756374206E6F64655FC5
:10B6500072785F63752929203D3D20302900000064
:10B6600068616E646C653A203078253034782C201F
:10B670007374617475733A2025782C2074783A209D
:10B6800025782C2072783A2025782E007479706500
:10B690003A203078253032780000000072656A6503
:10B6A0006374206F70636F64653A203078253032A0
:10B6B0007800000062745F63746C725F6863690095
:10B6C000574553545F544F504449522F7A65706820
:10B6D00079722F7375627379732F626C7565746FED
:10B6E0006F74682F636F6E74726F6C6C65722F6C01
:10B6F0006C5F73772F756C6C5F6164762E630000EE
:10B7000068616E646C65203C2031000028726574AD
:10B71000203D3D203029207C7C2028726574203D0E
:10B720003D203229000000006164762D3E6C696E78
:10B730006B5F63635F667265650000006164762D10
:10B740003E6E6F64655F72785F63635F66726565A6
:10B7500000000000216864722D3E64697361626CB0
:10B7600065645F6362000000737461747573203DEB
:10B770003D2030207C7C20706172616D203D3D2039
:10B78000756C6C5F64697361626C655F6D61726B2F
:10B790005F6765742829207C7C2028636F6E6E6546
:10B7A000637461626C6520262620216164762D3EDB
:10B7B0006C6C6C2E636F6E6E29207C7C20300000D8
:10B7C000216C6C6C2D3E6C696E6B5F74785F667279
:10B7D000656500006D61726B203D3D2061647600FF
:10B7E00021657272207C7C2028657272203D3D208C
:10B7F0002D313230290000007265660028726574B0
:10B80000203D3D203029207C7C2028726574203D1D
:10B810003D203229207C7C202866705F6F705F6637
:10B82000756E63203D3D202828766F6964202A29A3
:10B83000302929007064752D3E6C656E203E3D20D8
:10B840005F5F6275696C74696E5F6F66667365745D
:10B850006F662028737472756374207064755F61FD
:10B8600064765F6164765F696E642C2064617461E4
:10B8700029000000574553545F544F504449522FFC
:10B880007A65706879722F7375627379732F626C41
:10B890007565746F6F74682F636F6E74726F6C6C04
:10B8A00065722F6C6C5F73772F756C6C5F7363615F
:10B8B0006E2E6300657272203D3D2030207C7C201E
:10B8C000657272203D3D202D313230000970617269
:10B8D000616D313A20257520706172616D323A20B8
:10B8E00025750A00574553545F544F504449522F11
:10B8F0007A65706879722F7375627379732F626CD1
:10B900007565746F6F74682F636F6E74726F6C6C93
:10B9100065722F6C6C5F73772F756C6C5F636F6EE5
:10B920006E2E630074785F627566000072782D3E3B
:10B930006864722E6C696E6B000000007374617431
:10B940007573203D3D203000737461747573203D24
:10B950003D2030207C7C20706172616D203D3D2057
:10B96000756C6C5F7570646174655F6D61726B5F3F
:10B970006765742829207C7C20706172616D203D90
:10B980003D20756C6C5F64697361626C655F6D61AD
:10B99000726B5F67657428290000000070203D3DD0
:10B9A00020706172616D0000287469636B65725F5D
:10B9B000737461747573203D3D203029207C7C2098
:10B9C000287469636B65725F737461747573203D6D
:10B9D0003D20322900000000636F6E6E2D3E6C6CBE
:10B9E0006C2E68616E646C6520213D20307846467F
:10B9F00046460000287469636B65725F73746174F6
:10BA00007573203D3D203029207C7C20287469639B
:10BA10006B65725F737461747573203D3D203229CC
:10BA2000207C7C202828766F6964202A29636F6E29
:10BA30006E5F6C6C203D3D20756C6C5F646973615A
:10BA4000626C655F6D61726B5F67657428292900A0
:10BA50006C6C6C5F747800007064755F74782D3E58
:10BA60006C656E00216C696E6B2D3E6E657874009E
:10BA700062745F63746C725F756C6C5F636F6E6E23
:10BA800000000000574553545F544F504449522F13
:10BA90007A65706879722F7375627379732F626C2F
:10BAA0007565746F6F74682F636F6E74726F6C6CF2
:10BAB00065722F6C6C5F73772F756C6C5F6C6C6349
:10BAC000705F656E632E63006E7466005745535455
:10BAD0005F544F504449522F7A65706879722F73C2
:10BAE00075627379732F626C7565746F6F74682FEC
:10BAF000636F6E74726F6C6C65722F6C6C5F7377B2
:10BB00002F756C6C5F6C6C63705F7068792E63006E
:10BB10006E74662D3E6864722E74797065203D3DAA
:10BB2000204E4F44455F52585F545950455F52452F
:10BB30005441494E00000000636F6E6E2D3E6C6CE8
:10BB40006C2E726F6C65203D3D20307830310000E6
:10BB5000636F6E6E2D3E6C6C6C2E726F6C65203D4B
:10BB60003D203078303000006374782D3E6E6F6475
:10BB7000655F7265662E7478000000006374782D2E
:10BB80003E646174612E70752E6E74665F646C65C0
:10BB90005F6E6F6465000000574553545F544F500B
:10BBA0004449522F7A65706879722F737562737980
:10BBB000732F626C7565746F6F74682F636F6E742A
:10BBC000726F6C6C65722F6C6C5F73772F756C6C19
:10BBD0005F6C6C63702E63006374782D3E6F776EBC
:10BBE000657200006374782D3E6E6F64655F7265E8
:10BBF000662E727800000000637478005745535435
:10BC00005F544F504449522F7A65706879722F7390
:10BC100075627379732F626C7565746F6F74682FBA
:10BC2000636F6E74726F6C6C65722F6C6C5F737780
:10BC30002F756C6C5F6C6C63705F636F6D6D6F6E96
:10BC40002E6300006374782D3E70726F63203D3D5B
:10BC50002050524F435F5445524D494E4154450088
:10BC60006374782D3E70726F63203D3D2050524FBB
:10BC7000435F444154415F4C454E4754485F5550E3
:10BC80004441544500000000574553545F544F5001
:10BC90004449522F7A65706879722F73756273798F
:10BCA000732F626C7565746F6F74682F636F6E7439
:10BCB000726F6C6C65722F6C6C5F73772F756C6C28
:10BCC0005F6C6C63705F6C6F63616C2E630000006F
:10BCD00063747820213D202828766F6964202A2902
:10BCE000302900006374785F686561646572203D87
:10BCF0003D206374780000006374782D3E6E6F649D
:10BD0000655F7265662E7278203D3D202828766F2B
:10BD10006964202A293029207C7C206374782D3E98
:10BD20006E6F64655F7265662E72782D3E68647210
:10BD30002E7479706520213D204E4F44455F525846
:10BD40005F545950455F52455441494E0000000030
:10BD5000574553545F544F504449522F7A65706889
:10BD600079722F7375627379732F626C7565746F56
:10BD70006F74682F636F6E74726F6C6C65722F6C6A
:10BD80006C5F73772F756C6C5F6C6C63705F636F47
:10BD90006E6E5F7570642E63000000006374782D12
:10BDA0003E6E6F64655F7265662E7278203D3D2041
:10BDB0002828766F6964202A293029005745535472
:10BDC0005F544F504449522F7A65706879722F73CF
:10BDD00075627379732F626C7565746F6F74682FF9
:10BDE000636F6E74726F6C6C65722F6C6C5F7377BF
:10BDF0002F756C6C5F6C6C63705F63686D752E6320
:10BE000000000000574553545F544F504449522F8F
:10BE10007A65706879722F7375627379732F626CAB
:10BE20007565746F6F74682F636F6E74726F6C6C6E
:10BE300065722F6C6C5F73772F756C6C5F6C6C63C5
:10BE4000705F72656D6F74652E63000057455354C3
:10BE50005F544F504449522F7A65706879722F733E
:10BE600075627379732F626C7565746F6F74682F68
:10BE7000636F6E74726F6C6C65722F6C6C5F73772E
:10BE80002F756C6C5F7065726970686572616C2E7D
:10BE9000630000007469636B65725F73746174752D
:10BEA00073203D3D20300000737461747573202150
:10BEB0003D2031207C7C20706172616D203D3D20F1
:10BEC000756C6C5F64697361626C655F6D61726BE8
:10BED0005F67657428290000574553545F544F50DD
:10BEE0004449522F7A65706879722F73756273793D
:10BEF000732F626C7565746F6F74682F636F6E74E7
:10BF0000726F6C6C65722F6C6C5F73772F756C6CD5
:10BF10005F63656E7472616C2E6300007363616EA3
:10BF200000000000574553545F544F504449522F6E
:10BF30007A65706879722F7375627379732F626C8A
:10BF40007565746F6F74682F636F6E74726F6C6C4D
:10BF500065722F6C6C5F73772F756C6C5F736368A1
:10BF600065642E630000000073756363657373007E
:10BF70007265747279000000574553545F544F50F6
:10BF80004449522F7A65706879722F73756273799C
:10BF9000732F626C7565746F6F74682F636F6E7446
:10BFA000726F6C6C65722F6C6C5F73772F756C6C35
:10BFB0005F66696C7465722E63000000726C5F6965
:10BFC0006478203C20380000726C5B726C5F69649E
:10BFD000785D2E74616B656E00000000726C5B72A0
:10BFE0006C5F6964785D2E727061735F7265616405
:10BFF000790000006465766D617463685F69642030
:10C000003C20282873697A655F74292028282869CC
:10C010006E74292073697A656F6628636861725B44
:10C0200031202D2032202A202128215F5F6275696E
:10C030006C74696E5F74797065735F636F6D706146
:10C040007469626C655F70285F5F747970656F6694
:10C050005F5F2866616C292C205F5F747970656F63
:10C06000665F5F28262866616C295B305D29292977
:10C070005D29202D203129202B202873697A656FB6
:10C08000662866616C29202F2073697A656F66289F
:10C090002866616C295B305D292929290000000090
:10C0A00066616C5B6465766D617463685F69645D2D
:10C0B0002E74616B656E00006465766D61746368F3
:10C0C0005F6964203C20282873697A655F742920A1
:10C0D000282828696E74292073697A656F66286339
:10C0E0006861725B31202D2032202A202128215FB7
:10C0F0005F6275696C74696E5F74797065735F6394
:10C100006F6D70617469626C655F70285F5F7479D0
:10C1100070656F665F5F28726C292C205F5F747991
:10C1200070656F665F5F282628726C295B305D2919
:10C1300029295D29202D203129202B202873697A77
:10C14000656F6628726C29202F2073697A656F6687
:10C150002828726C295B305D2929292900000000FC
:10C16000726C5B695D2E74616B656E0069726B6DDC
:10C17000617463685F6964203C20706565725F6903
:10C18000726B5F636F756E740000000069203C2065
:10C190003800000062745F63746C725F756C6C5F72
:10C1A00066696C746572000062745F63746C725FC0
:10C1B00063727970746F0000574553545F544F5049
:10C1C0004449522F7A65706879722F73756273795A
:10C1D000732F626C7565746F6F74682F636F6E7404
:10C1E000726F6C6C65722F6C6C5F73772F6E6F72F1
:10C1F0006469632F6C6C6C2F6C6C6C2E6300000098
:10C20000707265656D70745F726571203D3D207060
:10C210007265656D70745F61636B00007072656557
:10C220006D70745F73746172745F72657120213D0B
:10C2300020707265656D70745F73746172745F6194
:10C24000636B0000707265656D70745F73746F70FE
:10C250005F72657120213D20707265656D70745F3D
:10C2600073746F705F61636B0000000070726565CE
:10C270006D70745F72657120213D20707265656D0F
:10C2800070745F61636B0000707265656D70745FE0
:10C2900061636B20213D20707265656D70745F7203
:10C2A0006571000072656164792D3E707265706120
:10C2B00072655F706172616D2E706172616D203D9B
:10C2C0003D20706172616D0069746572000000004C
:10C2D000657272203D3D202D313430002170617235
:10C2E000616D000021706172616D207C7C206E6543
:10C2F000787400006576656E742E637572722E61B7
:10C30000626F72745F6362006576646F6E650000D1
:10C31000657272203E3D2030000000006E6578742A
:10C3200000000000217265616479207C7C20267207
:10C33000656164792D3E707265706172655F7061D0
:10C3400072616D203D3D20707265706172655F7035
:10C350006172616D00000000574553545F544F50A7
:10C360004449522F7A65706879722F7375627379B8
:10C37000732F626C7565746F6F74682F636F6E7462
:10C38000726F6C6C65722F6C6C5F73772F6E6F724F
:10C390006469632F6C6C6C2F6C6C6C5F6164762EBF
:10C3A000630000006E6F64655F72780021726164E3
:10C3B000696F5F69735F72656164792829000000A5
:10C3C000700000006368616E00000000706475001A
:10C3D0007363616E5F706475000000000925733A35
:10C3E0002041637475616C204556454E545F4F562D
:10C3F0004552484541445F53544152545F55532080
:10C400003D2025750A000000574553545F544F5096
:10C410004449522F7A65706879722F737562737907
:10C42000732F626C7565746F6F74682F636F6E74B1
:10C43000726F6C6C65722F6C6C5F73772F6E6F729E
:10C440006469632F6C6C6C2F6C6C6C5F7363616ED2
:10C450002E630000574553545F544F504449522FA8
:10C460007A65706879722F7375627379732F626C55
:10C470007565746F6F74682F636F6E74726F6C6C18
:10C4800065722F6C6C5F73772F6E6F726469632FA8
:10C490006C6C6C2F6C6C6C5F636F6E6E2E63000047
:10C4A00021726164696F5F69735F6164647265734F
:10C4B00073282900646F6E65000000006C6C6C2DA1
:10C4C0003E68616E646C6520213D203078464646AA
:10C4D00046000000574553545F544F504449522F73
:10C4E0007A65706879722F7375627379732F626CD5
:10C4F0007565746F6F74682F636F6E74726F6C6C98
:10C5000065722F6C6C5F73772F6E6F726469632F27
:10C510006C6C6C2F6C6C6C5F7065726970686572A6
:10C52000616C2E6300000000574553545F544F5018
:10C530004449522F7A65706879722F7375627379E6
:10C54000732F626C7565746F6F74682F636F6E7490
:10C55000726F6C6C65722F6C6C5F73772F6E6F727D
:10C560006469632F6C6C6C2F6C6C6C5F63656E74AC
:10C5700072616C2E63000000574553545F544F5056
:10C580004449522F7A65706879722F737562737996
:10C59000732F626C7565746F6F74682F636F6E7440
:10C5A000726F6C6C65722F6C6C5F73772F6E6F722D
:10C5B0006469632F68616C2F6E7266352F636E74C9
:10C5C000722E63005F726566636F756E74000000A3
:10C5D000574553545F544F504449522F7A65706801
:10C5E00079722F7375627379732F626C7565746FCE
:10C5F0006F74682F636F6E74726F6C6C65722F6CE2
:10C600006C5F73772F6E6F726469632F68616C2F34
:10C610006E7266352F6D6179666C792E630000004D
:10C62000574553545F544F504449522F7A657068B0
:10C6300079722F7375627379732F626C7565746F7D
:10C640006F74682F636F6E74726F6C6C65722F6C91
:10C650006C5F73772F6E6F726469632F68616C2FE4
:10C660006E7266352F7469636B65722E630000000D
:10C67000757365725F6964203C2073697A656F66C3
:10C680002863616C6C65725F69645F6C7574290006
:10C6900063616C6C65725F696420213D203000002D
:10C6A000574553545F544F504449522F7A65706830
:10C6B00079722F7375627379732F626C7565746FFD
:10C6C0006F74682F636F6E74726F6C6C65722F6C11
:10C6D0006C5F73772F6E6F726469632F68616C2F64
:10C6E0006E7266352F6563622E63000002000000E3
:10C6F0000000000000000000000000000000010336
:10C70000030303030300000001BF040011BF040082
:10C7100021BF040031BF040041BF040051BF040029
:10C7200021C00400F1BF040061BF040071C0040017
:10C7300031C0040041C0040071BF040001C0040006
:10C7400081C0040081BF0400B1C0040091BF040097
:10C7500051C0040061C0040091C00400A1C00400E5
:10C76000C1C00400D1C00400A1BF0400E1C00400A6
:10C7700000000000000000000000000000000000B9
:10C7800011C0040008020B020A03050200000000A9
:10C790000000000002020000060200000403000086
:10C7A0000201090300000000010300000C03000067
:10C7B000070300000000030100000000F401FA007C
:10C7C000960064004B0032001E0014007072657009
:10C7D0006172655F63620000636F6D6D6F6E5F70A5
:10C7E0007265706172655F636200000070726570EF
:10C7F0006172655F63620000707265706172655F8F
:10C8000063620000010304054C870600000000007D
:10C810000100000000000000000000000000000017
:10C820004C8A06000000000001000000000000002B
:10C83000000000000000000015500600D750060060
:10C840006B5006001F5006000151060019510500EB
:10C85000D96D0500A96D0500000000002D6F0500D1
:10C86000AD6E0500E94B0700675306006D530600E7
:10C87000EF4B07000400000000FF00000000000074
:10C8800000000000000000000000000000000000A8
:10C890000000000000000000000000000000000098
:10C8A000F401000000010100000020008560150077
:10C8B000B4C8060000900240C0C806000200000094
:10C8C000E8C8060006000000D0C806000601000007
:10C8D0001580001D1480001F188000201680002184
:10C8E000178000221986001E1500001D1400001F6D
:10C8F0001800002016000021170000221900001E59
:10C9000020000000000001000400000000FF000003
:10C91000FFFF0000000300500000000001000000C5
:10C920000060004000000000FFFFFFFF000000501B
:10C930000000000000000000006000400000000057
:10C940006817002005000000050000000500000039
:10C950000400000005000000010000000A000000C3
:10C9600001000000ED560600215706007157060031
:10C9700020050040010000001C05004001000000EF
:10C980000020004001000000000000009CC90600DB
:10C990000024F40047A6002046A600200020004006
:10C9A000A8C9060002000000C0C90600020000007D
:10C9B000B8C90600020100001B0000001F000001B2
:10C9C0001B0000002C000001F95007000C5107006B
:10C9D000A1930500775C06000193050000000000AC
:10C9E00000000000F592050000000000470D070060
:10C9F000000000002195050056D70600BF41060043
:10CA00000000000052D70600000001004ED70600CB
:10CA10009F440600000000003418002000000100C0
:10CA200046D70600B95C0600000000005819002037
:10CA30000000010042D706009F44060000000000ED
:10CA40002C180020000001003AD706005D94050074
:10CA500000000000000000000000040036D70600BF
:10CA60009F44060000000000241800200000010080
:10CA70002ED70600000000000000000000000000AB
:10CA8000000004002AD706009141060071FF030050
:10CA90009C9B002000000C0026D70600A15C06002D
:10CAA00000000000541900200000040022D70600F6
:10CAB0009F440600000000001C1800200000010038
:10CAC0001AD7060000000000A19405000000000035
:10CAD00000000C0016D70600A15C06000000000054
:10CAE000561900200000040012D706009F440600DB
:10CAF0000000000014180020000001000AD7060002
:10CB0000000000007B5C060068A600200000020018
:10CB10000100000002000000040000000800000006
:10CB20001000000020000000400000008000000015
:10CB30001B0000003600000051F4A7507E416553F1
:10CB40001A17A4C33A275E963BAB6BCB1F9D45F1EA
:10CB5000ACFA58AB4BE303932030FA55AD766DF643
:10CB600088CC7691F5024C254FE5D7FCC52ACBD76A
:10CB700026354480B562A38FDEB15A4925BA1B67BA
:10CB800045EA0E985DFEC0E1C32F7502814CF0129C
:10CB90008D4697A36BD3F9C6038F5FE715929C95DB
:10CBA000BF6D7AEB955259DAD4BE832D587421D3D8
:10CBB00049E069298EC9C84475C2896AF48E7978BA
:10CBC00099583E6B27B971DDBEE14FB6F088AD17BD
:10CBD000C920AC667DCE3AB463DF4A18E51A3182CB
:10CBE0009751336062537F45B16477E0BB6BAE848D
:10CBF000FE81A01CF9082B94704868588F45FD19D8
:10CC000094DE6C87527BF8B7AB73D323724B02E28E
:10CC1000E31F8F576655AB2AB2EB28072FB5C20327
:10CC200086C57B9AD33708A5302887F223BFA5B2E3
:10CC300002036ABAED16825C8ACF1C2BA779B492E4
:10CC4000F307F2F04E69E2A165DAF4CD0605BED530
:10CC5000D134621FC4A6FE8A342E539DA2F355A080
:10CC6000058AE132A4F6EB750B83EC394060EFAA3C
:10CC70005E719F06BD6E10513E218AF996DD063D1C
:10CC8000DD3E05AE4DE6BD4691548DB571C45D05E2
:10CC90000406D46F605015FF1998FB24D6BDE997A0
:10CCA000894043CC67D99E77B0E842BD07898B881D
:10CCB000E7195B3879C8EEDBA17C0A477C420FE9B3
:10CCC000F8841EC90000000009808683322BED48DD
:10CCD0001E1170AC6C5A724EFD0EFFFB0F8538565C
:10CCE0003DAED51E362D39270A0FD964685CA621C2
:10CCF0009B5B54D124362E3A0C0A67B19357E70F49
:10CD0000B4EE96D21B9B919E80C0C54F61DC20A2E1
:10CD10005A774B691C121A16E293BA0AC0A02AE588
:10CD20003C22E043121B171D0E090D0BF28BC7AD01
:10CD30002DB6A8B9141EA9C857F11985AF75074CAF
:10CD4000EE99DDBBA37F60FDF701269F5C72F5BC09
:10CD500044663BC55BFB7E348B432976CB23C6DC24
:10CD6000B6EDFC68B8E4F163D731DCCA42638510E4
:10CD70001397224084C61120854A247DD2BB3DF8FA
:10CD8000AEF93211C729A16D1D9E2F4BDCB230F3D5
:10CD90000D8652EC77C1E3D02BB3166CA970B9990C
:10CDA000119448FA47E96422A8FC8CC4A0F03F1A09
:10CDB000567D2CD8223390EF87494EC7D938D1C140
:10CDC0008CCAA2FE98D40B36A6F581CFA57ADE28B0
:10CDD000DAB78E263FADBFA42C3A9DE45078920D71
:10CDE0006A5FCC9B547E4662F68D13C290D8B8E839
:10CDF0002E39F75E82C3AFF59F5D80BE69D0937C0C
:10CE00006FD52DA9CF2512B3C8AC993B10187DA7BB
:10CE1000E89C636EDB3BBB7BCD2678096E5918F42A
:10CE2000EC9AB701834F9AA8E6956E65AAFFE67E55
:10CE300021BCCF08EF15E8E6BAE79BD94A6F36CE9A
:10CE4000EA9F09D429B07CD631A4B2AF2A3F23315E
:10CE5000C6A5943035A266C0744EBC37FC82CAA603
:10CE6000E090D0B033A7D815F104984A41ECDAF736
:10CE70007FCD500E1791F62F764DD68D43EFB04DE6
:10CE8000CCAA4D54E49604DF9ED1B5E34C6A881BCE
:10CE9000C12C1FB84665517F9D5EEA04018C355D4B
:10CEA000FA877473FB0B412EB3671D5A92DBD25283
:10CEB000E91056336DD647139AD7618C37A10C7A97
:10CEC00059F8148EEB133C89CEA927EEB761C9350A
:10CED000E11CE5ED7A47B13C9CD2DF5955F2733F36
:10CEE0001814CE7973C737BF53F7CDEA5FFDAA5B3D
:10CEF000DF3D6F147844DB86CAAFF381B968C43E66
:10CF00003824342CC2A3405F161DC372BCE2250C2A
:10CF1000283C498BFF0D954139A80171080CB3DEFF
:10CF2000D8B4E49C6456C1907BCB8461D532B67092
:10CF3000486C5C74D0B85742C66363A5F87C7C84A7
:10CF4000EE777799F67B7B8DFFF2F20DD66B6BBD9A
:10CF5000DE6F6FB191C5C5546030305002010103DE
:10CF6000CE6767A9562B2B7DE7FEFE19B5D7D76292
:10CF70004DABABE6EC76769A8FCACA451F82829D8E
:10CF800089C9C940FA7D7D87EFFAFA15B25959EB84
:10CF90008E4747C9FBF0F00B41ADADECB3D4D4677D
:10CFA0005FA2A2FD45AFAFEA239C9CBF53A4A4F7A8
:10CFB000E47272969BC0C05B75B7B7C2E1FDFD1C01
:10CFC0003D9393AE4C26266A6C36365A7E3F3F41DF
:10CFD000F5F7F70283CCCC4F6834345C51A5A5F447
:10CFE000D1E5E534F9F1F108E2717193ABD8D8736A
:10CFF000623131532A15153F0804040C95C7C752F6
:10D00000462323659DC3C35E30181828379696A122
:10D010000A05050F2F9A9AB50E0707092412123632
:10D020001B80809BDFE2E23DCDEBEB264E2727699C
:10D030007FB2B2CDEA75759F1209091B1D83839ECD
:10D04000582C2C74341A1A2E361B1B2DDC6E6EB223
:10D05000B45A5AEE5BA0A0FBA45252F6763B3B4D6D
:10D06000B7D6D6617DB3B3CE5229297BDDE3E33E4B
:10D070005E2F2F7113848497A65353F5B9D1D168CD
:10D0800000000000C1EDED2C40202060E3FCFC1FFF
:10D0900079B1B1C8B65B5BEDD46A6ABE8DCBCB46C5
:10D0A00067BEBED97239394B944A4ADE984C4CD48B
:10D0B000B05858E885CFCF4ABBD0D06BC5EFEF2A28
:10D0C0004FAAAAE5EDFBFB16864343C59A4D4DD703
:10D0D00066333355118585948A4545CFE9F9F910B2
:10D0E00004020206FE7F7F81A05050F0783C3C4451
:10D0F000259F9FBA4BA8A8E3A25151F35DA3A3FEBD
:10D10000804040C0058F8F8A3F9292AD219D9DBC8B
:10D1100070383848F1F5F50463BCBCDF77B6B6C1AA
:10D12000AFDADA754221216320101030E5FFFF1AD3
:10D13000FDF3F30EBFD2D26D81CDCD4C180C0C1483
:10D1400026131335C3ECEC2FBE5F5FE1359797A232
:10D15000884444CC2E17173993C4C45755A7A7F257
:10D16000FC7E7E827A3D3D47C86464ACBA5D5DE773
:10D170003219192BE6737395C06060A019818198EC
:10D180009E4F4FD1A3DCDC7F44222266542A2A7EA4
:10D190003B9090AB0B8888838C4646CAC7EEEE293D
:10D1A0006BB8B8D32814143CA7DEDE79BC5E5EE20F
:10D1B000160B0B1DADDBDB76DBE0E03B6432325659
:10D1C000743A3A4E140A0A1E924949DB0C06060AC2
:10D1D0004824246CB85C5CE49FC2C25DBDD3D36EAE
:10D1E00043ACACEFC46262A6399191A8319595A485
:10D1F000D3E4E437F279798BD5E7E7328BC8C843BB
:10D200006E373759DA6D6DB7018D8D8CB1D5D56418
:10D210009C4E4ED249A9A9E0D86C6CB4AC5656FAD3
:10D22000F3F4F407CFEAEA25CA6565AFF47A7A8E9B
:10D2300047AEAEE9100808186FBABAD5F07878880A
:10D240004A25256F5C2E2E72381C1C2457A6A6F189
:10D2500073B4B4C797C6C651CBE8E823A1DDDD7C23
:10D26000E874749C3E1F1F21964B4BDD61BDBDDCF5
:10D270000D8B8B860F8A8A85E07070907C3E3E42D3
:10D2800071B5B5C4CC6666AA904848D806030305B4
:10D29000F7F6F6011C0E0E12C26161A36A35355F06
:10D2A000AE5757F969B9B9D01786869199C1C15857
:10D2B0003A1D1D27279E9EB9D9E1E138EBF8F813F6
:10D2C0002B9898B322111133D26969BBA9D9D970AF
:10D2D000078E8E89339494A72D9B9BB63C1E1E22ED
:10D2E00015878792C9E9E92087CECE49AA5555FF0F
:10D2F00050282878A5DFDF7A038C8C8F59A1A1F8FC
:10D30000098989801A0D0D1765BFBFDAD7E6E631A6
:10D31000844242C6D06868B8824141C3299999B015
:10D320005A2D2D771E0F0F117BB0B0CBA85454FC93
:10D330006DBBBBD62C16163A0200000098D306002F
:10D340000300000090D306000400000088D306000C
:10D350000500000080D306000600000078D3060018
:10D360000700000070D3060000000000000000006D
:10D37000B752070090240700C3520700902306000D
:10D38000CF52070090220500DB5207001014040062
:10D39000E752070010130300F352070010120200B7
:10D3A00002000000B95F0600B55F0600B15F06002D
:10D3B000AD5F0600955F0600835F06000D7C0600EA
:10D3C000000000000A5695CE5753F2DD5CE419BA0E
:10D3D000E4B84A8B25F321DD8886E8D2855D88256F
:10D3E00018FF71853C14A918D430E77901B6ED5FB8
:10D3F000FC95BA75102562772B73FB79C65537A556
:10D40000765F9018DFBDC42962DF9CD890308478A5
:10D41000CD05F0ACD62E21F7AB20A2E53448870429
:10D420001D0630DC512563FCC2CAB9F3849E17A7E0
:10D43000ADFAE6BCFFFFFFFFFFFFFFFF00000000AB
:10D44000FFFFFFFFA2EE79BE954C2483A66FBD4976
:10D450009C79994659EC6B2B39B245282056D9F363
:10D46000942DE1664FBC00EEFFFFFFFFFFFFFFFFC3
:10D47000FFFFFFFF000000000000000000000000B0
:10D4800001000000FFFFFFFF03000000000000009C
:10D49000FFFFFFFFFBFFFFFFFEFFFFFFFFFFFFFFA1
:10D4A000FDFFFFFF04000000010000000700000076
:10D4B000948706000E00070030C80700700A1700A6
:10D4C00000000000000000000000000095CA0500F8
:10D4D000697006000000000000000000C154070051
:10D4E000CF540700E3540700F2540700FE5407002E
:10D4F000F4840600F48406004C8506005C85060072
:10D50000CC8606004C8706000000000000000000EA
:10D51000000000000000000000000040955969591B
:10D52000555554551555555604051541105455403B
:10D5300045515544404550445055554500400040E4
:10D540004004449665555655454045545141154053
:10D5500055915555555540510501000054455454B9
:10D56000455505040010041014044000000001405B
:10D5700055551541540400004400010000000040CE
:10D580004100004450444550540055555455655190
:10D5900000400040010000010005010011545151FC
:10D5A0005455550500000000000000000000000078
:10D5B00000004C2A00004C2A000003280000082923
:10D5C0000000022900004D2A00004D2A0000032817
:10D5D000000008290000022900004D2A00004D2A01
:10D5E00000000328000008290000022900004D2A3D
:10D5F00000004D2A0000032800004B2A00004B2A9F
:10D600000000032800004A2A00004A2A00000328DC
:10D610000000121800000028000004290000022960
:10D620000000012900000429000002290000192A35
:10D630000000192A0000032800000F18000000282D
:10D640000400AD27010008010000502A0000502A04
:10D65000000003280000292A0000292A00000328CE
:10D660000000242A0000242A0000032800000A18D1
:10D670000000002800000429000002290000192AE7
:10D680000000192A0000032800000F1800000028DD
:10D690000400AD270100060100002A2B00002A2B00
:10D6A000000003280000292B0000292B000003287C
:10D6B000000002290000052A0000052A00000328B6
:10D6C00000000118000000280000042A0000042ABD
:10D6D000000003280000012A0000012A000003289E
:10D6E0000000002A0000002A0000032800000018A3
:10D6F000000000280000F0FFF0FFF0FFEAFF74FFD9
:10D70000F0FFF0FFF0FFF0FFEAFF00004C2A0000FE
:10D710004C2A000003280000082900004D2A0000C0
:10D720004D2A0000032800000829000002290000FB
:10D730004D2A00004D2A0000032800004B2A00005B
:10D740004B2A0000032800004A2A00004A2A000051
:10D75000032800001218000000286BFF79FF79FFF2
:10D760007CFF00006661696C656420746F20636FE4
:10D770006E6669677572652053434C204750494F68
:10D780002070696E20746F202573202865727220C6
:10D79000256429006661696C656420746F20636F7D
:10D7A0006E66696775726520534441204750494F42
:10D7B0002070696E20746F20257320286572722096
:10D7C000256429006661696C656420746F20656E4C
:10D7D00061626C6520696E74657272757074206F19
:10D7E0006E2053434C204750494F2070696E2028CB
:10D7F00065727220256429006661696C6564207415
:10D800006F2064697361626C6520696E7465727201
:10D81000757074206F6E2053434C204750494F2041
:10D8200070696E20286572722025642900436F7527
:10D830006C64206E6F7420737769746368207069FC
:10D840006E6374726C20737461746520746F204F02
:10D8500046463A20256400436F756C64206E6F74F1
:10D86000207377697463682070696E6374726C20CA
:10D87000737461746520746F2044454641554C545F
:10D880003A202564004461746120717565756520D6
:10D8900074696D6564206F75742E2E2E004461745A
:10D8A000612071756575652066756C6C2E205265FA
:10D8B0006D6F76696E67206F6C6465737420697430
:10D8C000656D2E004661696C656420746F2061642B
:10D8D000642062797465203078257820746F207414
:10D8E000686520646174612071756575652E0043FB
:10D8F0006F756C64206E6F742072657472696576E2
:10D90000652070696E6374726C2070696E20636F3D
:10D910006E6669672C206265636175736520746843
:10D92000657265206973206E6F2073746174655F22
:10D9300069642025642000436F756C64206E6F74E9
:10D940002072657472696576652070696E637472A1
:10D950006C2070696E20636F6E6669672C2062654B
:10D960006361757365207468657265206973206EE4
:10D970006F2070696E5F69642025642000496E69BC
:10D980007469616C697A696E67207073325F756162
:10D990007274206472697665722077697468207089
:10D9A000696E732E2E2E2053434C3A205025642E40
:10D9B000253032643B205344413A205025642E25C3
:10D9C0003032643B205344412050696E6374726C62
:10D9D0003A205025642E253032640055415254209F
:10D9E000646576696365206E6F7420726561647921
:10D9F000005541525420646576696365206973203F
:10DA0000726561647900436F756C64206E6F742079
:10DA10007265747269657665205541525420636F52
:10DA20006E6669672E2E2E00436F756C64206E6FD4
:10DA30007420636F6E666967757265205541525434
:10DA4000206465766963653A20256400436F756CD0
:10DA500064206E6F7420696E697420554152543A87
:10DA6000202564006661696C656420746F20656EB2
:10DA700061626C6520696E74657272757074206382
:10DA8000616C6C6261636B206F6E2053434C204766
:10DA900050494F2070696E202865727220256429D4
:10DAA0000044697361626C696E672063616C6C62CB
:10DAB00061636B2E2E2E00436F756C64206E6F7445
:10DAC00020696E6974204750494F3A20256400430D
:10DAD0006F756C64206E6F7420696E697469616C17
:10DAE000697A6520696E2055415254206D6F6465D6
:10DAF00020726561643A20256400556E6B6E6F7705
:10DB00006E206572726F7200554152542052582037
:10DB10006465746563746564206572726F722066F3
:10DB20006F72206279746520307825783A202573E9
:10DB300020282564290055415254207265616420D3
:10DB40006661696C65642077697468206572726FBC
:10DB5000723A20256400756172745F6972715F7535
:10DB600070646174652072657475726E65643A20C4
:10DB70002564004445425547205752495445205397
:10DB800054415254454420666F7220627974652076
:10DB9000307825780053657474696E672057726910
:10DBA0007465206D6F646500436F756C64206E6FE3
:10DBB0007420636F6E66696775726520647269763A
:10DBC000657220666F72207772697465206D6F646C
:10DBD000653A2025640053657474696E6720577236
:10DBE000697465206D6F64653A20446F6E650053FB
:10DBF000657474696E67206C6F770053657474691F
:10DC00006E67206869676800456E61626C696E675F
:10DC100020696E746572727570742063616C6C62D9
:10DC200061636B0053657474696E672053434C20C5
:10DC3000696E70757400537769746368696E6720E4
:10DC40006261636B20746F206D6F64652072656123
:10DC5000640046696E69736865642044656275672F
:10DC6000207772697465007073325F756172745FDA
:10DC700077726974655F627974655F7374617274D9
:10DC800020636F756C64206E6F742074616B652007
:10DC900073656D6170686F72653A20256400436F2B
:10DCA000756C64206E6F7420696E69746961746547
:10DCB0002077726974696E67206F66206279746577
:10DCC0002E00426C6F636B696E67207772697465B2
:10DCD000206661696C65642064756520746F2073CB
:10DCE000656D6170686F72652074696D656F7574BC
:10DCF00020666F72206279746520307825783A202A
:10DD0000256400426C6F636B696E6720777269747B
:10DD1000652066696E697368656420776974682038
:10DD20006661696C75726520666F722062797465D0
:10DD30002030782578207374617475733A202564D7
:10DD400000577269746520726573706F6E73652019
:10DD50006469646E27742061727269766520696EE9
:10DD60002074696D6520666F722062797465203059
:10DD70007825782E20436F6E7369646572696E67CB
:10DD80002073656E642061206661696C7572652E12
:10DD9000005772697465206F66203078257820728C
:10DDA00065636569766564206572726F722072655D
:10DDB00073706F6E73653A20307825780053756301
:10DDC0006365737366756C6C792077726F74652008
:10DDD00030782578206F6E20747279202325642096
:10DDE0006F662025642E2E2E00417474656D70744C
:10DDF000696E672077726974652072652D74727917
:10DE000020232564206F662025642E2E2E00466177
:10DE1000696C656420746F2077726974652076611F
:10DE20006C756520307825783A20257300436F752E
:10DE30006C64206E6F7420636F6E666967757265BF
:10DE40002064726976657220666F72207265616403
:10DE5000206D6F64653A2025640073636C207469DB
:10DE60006D656F757400496E7369646520707332F7
:10DE70005F756172745F77726974655F73636C5FFD
:10DE8000696E746572727570745F68616E646C65DA
:10DE9000725F626C6F636B696E6700737563636555
:10DEA000737366756C2061636B0041636B206269FC
:10DEB000742077617320696E76616C696420666F87
:10DEC00072207772697465206F662030782578003B
:10DED0006661696C65642061636B00554152542032
:10DEE000756E6B6E6F776E20545820626974206E69
:10DEF000756D6265723A202564004F7665727275A1
:10DF00006E206572726F720050617269747920655B
:10DF100072726F72004672616D696E67206572720F
:10DF20006F7200427265616B20696E746572727502
:10DF3000707400436F6C6C6973696F6E20657272E8
:10DF40006F7200756172745F707332007073325F4C
:10DF5000756172740025733A20496E736964652097
:10DF60007A6D6B5F6D6F7573655F7073325F696E2D
:10DF700069740025733A204372656174696E672085
:10DF80006D6F7573655F70733220696E697420748C
:10DF900068726561642E0050532F32204D6F757387
:10DFA0006520636D64206275666665722069732002
:10DFB0006F7574206F6620616C69676D656E742E75
:10DFC0002052657175657374696E6720726573653B
:10DFD0006E643A2025730025733A204D6F75736582
:10DFE000206D6F76656D656E7420636D6420746955
:10DFF0006D6564206F7574206F6E206964783D25AF
:10E0000064005072657373656420627574746F6E1A
:10E010005F6C0052656C656173696E672062757430
:10E02000746F6E5F6C005072657373696E67206207
:10E030007574746F6E5F6D0052656C656173696EA7
:10E040006720627574746F6E5F6D005072657373D4
:10E05000696E6720627574746F6E5F720052656CD2
:10E06000656173696E6720627574746F6E5F7200AC
:10E0700049676E6F72696E6720627574746F6E2087
:10E08000707265737365733A20526563656976656E
:10E090006420256420627574746F6E2070726573DD
:10E0A00073657320616E6420256420627574746FDB
:10E0B0006E2072656C656173657320696E206F6E8A
:10E0C00065207061636B65742E2050726F626162AF
:10E0D0006C79207472616E6D697373696F6E2065FF
:10E0E00072726F722E004D756C7469706C6520626F
:10E0F0007574746F6E207072657373657300257329
:10E100003A20476F74206D6F757365206163746981
:10E110007669747920636D6420286D6F765F783D31
:10E1200025642C206D6F765F793D25642C206F5F10
:10E13000783D25642C206F5F793D25642C20736326
:10E14000726F6C6C3D25642C20625F6C3D25642CE5
:10E1500020625F6D3D25642C20625F723D2564293D
:10E1600020616E642028785F64656C74613D25646D
:10E170002C20795F64656C74613D256429004269D7
:10E18000742033206F66207061636B65742069733F
:10E19000203020696E7374656164206F66203100E1
:10E1A000436F756C64206E6F7420656E61626C6580
:10E1B0002064617461207265706F7274696E673A71
:10E1C00020256400436F756C64206E6F7420656E4B
:10E1D00061626C65207073322063616C6C62616394
:10E1E0006B3A20256400436F756C64206E6F742059
:10E1F00064697361626C652064617461207265702A
:10E200006F7274696E673A20256400436F756C64A1
:10E21000206E6F742064697361626C652070733264
:10E220002063616C6C6261636B3A2025640043611A
:10E230006E6E6F742073656E6420636D6420776901
:10E240007468206C657373207468616E203120627D
:10E25000797465206C656E67746800526573706FC1
:10E260006E73652063616E2774206265206C6F6E2B
:10E27000676572207468616E2074686520726573CA
:10E28000705F6275666665722028256429002573B3
:10E290003A2044697361626C696E67206D6F7573B3
:10E2A00065206163746976697479207265706F7234
:10E2B00074696E672E2E2E0025733A2053656E64A6
:10E2C000696E6720636D642E2E2E00436F756C643B
:10E2D000206E6F742064697361626C652064617480
:10E2E00061207265706F7274696E672028256429D9
:10E2F00000436F756C64206E6F742073656E6420CC
:10E30000636D6420627974652025642F256420285C
:10E310002564290025733A2053656E64696E672071
:10E320006172672E2E2E00436F756C64206E6F74C1
:10E330002073656E6420617267202825642900259A
:10E34000733A2052656164696E6720726573706FFD
:10E350006E73652E2E2E00436F756C64206E6F7485
:10E36000207265616420726573706F6E73652063DF
:10E370006D6420627974652025642F25642028252A
:10E3800064290025733A20456E61626C696E6720CE
:10E390006D6F757365206163746976697479207235
:10E3A00065706F7274696E672E2E2E00436F756CE8
:10E3B00064206E6F742072652D656E61626C6520DD
:10E3C00064617461207265706F7274696E67202871
:10E3D00025642900FF00436F756C64206E6F742004
:10E3E00073656E6420726573657420636D6400529A
:10E3F000657175657374656420746F20736574202E
:10E40000696C6C6567616C2073616D706C696E67B7
:10E4100020726174653A20256400F300436F756CC7
:10E4200064206E6F74207365742073616D706C6509
:10E43000207261746520746F2025640053756363D6
:10E4400065737366756C6C79207365742073616D88
:10E45000706C696E67207261746520746F2025642A
:10E4600000F200436F756C64206E6F7420676574F2
:10E470002064657669636520696400436F756C6428
:10E48000206E6F7420656E61626C65207061636BD5
:10E490006574206D6F64652025642E204661696C6B
:10E4A000656420746F2067657420646576696365B0
:10E4B0002069642077697468206572726F72202504
:10E4C0006400436F756C64206E6F7420656E6162CA
:10E4D0006C65207061636B6574206D6F64652025C9
:10E4E000642E205468652064657669636520646FD6
:10E4F0006573206E6F7420737570706F727420690D
:10E5000074005375636365737366756C6C79206111
:10E510006374697661746564207061636B657420EF
:10E520006D6F64652025642E204D6F7573652072B4
:10E53000657475726E6564206465766963652069CB
:10E54000643A20256400436F756C64206E6F7420FC
:10E55000656E61626C65207061636B6574206D6FC0
:10E5600064652025642E20526563656976656420A4
:10E57000616E20696E76616C69642064657669639A
:10E58000652069643A20256400E100436F756C647E
:10E59000206E6F7420676574207365636F6E6461AD
:10E5A000727920696400E24600556E6B6E6F776E7B
:10E5B0000047656E657269632050532F32204D6F9E
:10E5C00075736500436F756C64206E6F74206465AD
:10E5D0007465726D696E6520545020726F6D20698C
:10E5E000643A20256400547261636B706F696E74C5
:10E5F0002062792025732028307825303258293B35
:10E60000205365636F6E646172792049443A20300B
:10E6100078253032583B20526F6D205665727369F1
:10E620006F6E3A202530325800E2802C00436F751F
:10E630006C64206E6F742072656164207472616313
:10E640006B706F696E7420636F6E666967206279A4
:10E6500074650025733A20547261636B706F696E44
:10E66000742025732077617320616C726561647911
:10E670002025732E2E2E206E6F7420646F696E67B6
:10E6800020616E797468696E672E0025733A205395
:10E69000657474696E6720747261636B706F696E04
:10E6A000742025733A20257300E2812C00436F7596
:10E6B0006C64206E6F742073657420747261636B78
:10E6C000706F696E7420257320746F20257300535A
:10E6D00075636365737366756C6C792073657420FC
:10E6E000636F6E666967206F7074696F6E20257343
:10E6F00020746F20257300507265737320546F204F
:10E7000053656C65637400496E76657274205800B9
:10E71000496E76657274205900537761702058599C
:10E7200000496E76616C69642073656E7369746903
:10E73000766974792076616C75652025642E204D8C
:10E74000696E3A2025643B204D61783A20256400AB
:10E75000E2814A00436F756C64206E6F74207365AC
:10E76000742073656E736974697669747920746F47
:10E77000202564005375636365737366756C6C79EB
:10E78000207365742054502073656E7369746976C4
:10E7900069747920746F20256400496E76616C6914
:10E7A00064206E6567617469766520696E65727450
:10E7B00069612076616C75652025642E204D696E37
:10E7C0003A2025643B204D61783A20256400E2819F
:10E7D0004D00436F756C64206E6F742073657420F8
:10E7E0006E6567617469766520696E6572746961CA
:10E7F00020746F20256400537563636573736675B9
:10E800006C6C7920736574205450206E6567617458
:10E8100069766520696E657274696120746F202560
:10E820006400496E76616C69642076616C7565364A
:10E8300020757070657220706C61746561752073ED
:10E84000706565642076616C75652025642E204DA9
:10E85000696E3A2025643B204D61783A202564009A
:10E86000E2816000436F756C64206E6F7420736585
:10E87000742076616C7565362075707065722070D5
:10E880006C617465617520737065656420746F20B8
:10E890002564005375636365737366756C6C7920CA
:10E8A0007365742054502076616C756536207570E0
:10E8B00070657220706C6174656175207370656538
:10E8C0006420746F20256400496E76616C69642051
:10E8D00070726573732D746F2D73656C656374202E
:10E8E0007468726573686F6C642076616C756520FE
:10E8F00025642E204D696E3A2025643B204D6178B9
:10E900003A20256400E2815C00436F756C64206EE0
:10E910006F74207365742070726573732D746F2D1E
:10E9200073656C656374207468726573686F6C647A
:10E9300020746F2025640053756363657373667577
:10E940006C6C7920736574205450207072657373F9
:10E950002D746F2D73656C656374207468726573B4
:10E96000686F6C6420746F20256400436F756C645D
:10E97000206E6F7420726573746F72652073657496
:10E9800074696E67732025733A204C656E206D693B
:10E99000736D6174636800436F756C64206E6F748F
:10E9A00020726573746F72652073657474696E6725
:10E9B0002025733A202564004D6F757365206465CA
:10E9C00076696365206973206E6F742061207472AC
:10E9D00061636B706F696E742E204E6F7420726568
:10E9E00073746F72696E672073657474696E6720E3
:10E9F00025732E00526573746F72696E672073659C
:10EA00007474696E67202573207769746820766155
:10EA10006C75653A2025640074705F73656E736968
:10EA2000746976697479004E6F7420726573746FBF
:10EA300072696E672072756E74696D652073657496
:10EA400074696E677320666F72202573207769740E
:10EA5000682076616C75652025642C206265636191
:10EA600075736520646576696365636F6E66696753
:10EA700020646566696E65732074686520736574CB
:10EA800074696E6720776974682076616C7565209B
:10EA900025640074705F6E65675F696E6572746986
:10EAA000610074705F76616C7565360074705F70BC
:10EAB00074735F7468726573686F6C64006D6F75F2
:10EAC00073655F7073320025732F25730025733AC9
:10EAD00020536176696E672073657474696E672070
:10EAE000746F206025736000436F756C64206E6FD7
:10EAF0007420736176652073657474696E67207421
:10EB00006F20602573603A20256400536176696E3A
:10EB1000672050532F32204D6F75736520536574F5
:10EB200074696E67732E0025733A20004661696C24
:10EB3000656420746F2072656769737465722074F0
:10EB400068652050532F32206D6F75736520736593
:10EB50007474696E67732068616E646C65722028D6
:10EB60006572722025642900506572666F726D6946
:10EB70006E6720506F7765722D4F6E2D52657365ED
:10EB800074206F6E2070696E205025642E253032FF
:10EB9000642E2E2E004661696C656420506F776587
:10EBA000722D4F6E2D52657365743A204661696C03
:10EBB000656420746F20636F6E6669677572652087
:10EBC000525354204750494F2070696E20746F2073
:10EBD0006F7574707574206C6F7720286572722061
:10EBE000256429004661696C656420506F77657201
:10EBF0002D4F6E2D52657365743A204661696C65C0
:10EC00006420746F20736574205253542047504918
:10EC10004F2070696E20746F206C6F7720286572AA
:10EC200072202564290025733A2046696E6973684D
:10EC3000656420506F7765722D4F6E2D5265736538
:10EC400074207375636365737366756C6C792E2EAF
:10EC50002E00547279696E6720746F20696E697432
:10EC600069616C697A65206D6F757365206465767E
:10EC70006963652028617474656D70742025642053
:10EC80002F2025642900476F7420696E76616C69B6
:10EC9000642050532F322073656C662D7465737435
:10ECA00020726573756C743A203078257800547240
:10ECB00079696E6720746F20726573657420505394
:10ECC00032206465766963652E2E2E0050532F32F4
:10ECD0002044657669636520706173736564207391
:10ECE000656C662D746573743A203078257800520F
:10ECF000656164696E672050532F322064657669C0
:10ED000063652069642E2E2E00436F756C64206E3F
:10ED10006F7420726561642050532F3220646576D1
:10ED20006963652069643A20256400436F6E6E65EF
:10ED3000637465642050532F32206465766963657F
:10ED40002069732061206D6F7573652E2E2E005023
:10ED5000532F3220646576696365206973206E6F76
:10ED6000742061206D6F7573653A203078257800C6
:10ED7000436F756C64206E6F7420726561642050FF
:10ED8000532F32206465766963652073656C662D48
:10ED90007465737420726573756C743A2025642EE3
:10EDA000200057616974696E6720666F72206D6F0D
:10EDB00075736520746F20636F6E6E6563742E2E9D
:10EDC0002E00436F756C64206E6F7420696E6974D9
:10EDD0002061206D6F75736520696E202564206148
:10EDE0007474656D7074732E20476976696E672040
:10EDF00075702E20506F776572206379636C652083
:10EE0000746865206D6F75736520616E642072652E
:10EE1000736574207A6D6B20746F20747279206131
:10EE20006761696E2E0053657474696E6720736143
:10EE30006D706C65207261746520746F2025642E7E
:10EE40002E2E00436F6E6E65637465642064657674
:10EE5000696365206973206120257300456E6162D6
:10EE60006C696E6720545020707265737320746FE4
:10EE70002073656C6563742E2E2E0053657474695F
:10EE80006E6720545020707265737320746F207306
:10EE9000656C65637420746865726573686F6C6413
:10EEA00020746F2025642E2E2E0053657474696EB5
:10EEB000672054502073656E73697469766974793C
:10EEC00020746F2025642E2E2E0053657474696E95
:10EED0006720545020696E657274696120746F20D8
:10EEE00025642E2E2E0053657474696E672054506D
:10EEF0002076616C756520362075707065722073A0
:10EF00007065656420706C617465617520746F2034
:10EF100025642E2E2E00496E76657274696E672008
:10EF2000747261636B706F696E74207820617869A8
:10EF3000732E00496E76657274696E672074726113
:10EF4000636B706F696E74207920617869732E002D
:10EF50005377617070696E6720747261636B706F54
:10EF6000696E74207820616E6420792061786973FD
:10EF70002E00456E61626C696E67207363726F6C00
:10EF80006C206D6F64652E0025733A20436F6E66AA
:10EF900069677572696E67207073322063616C6C8B
:10EFA0006261636B2E2E2E00436F756C64206E6F52
:10EFB0007420636F6E6669677572652070733220A6
:10EFC000696E746572666163653A20256400456EFA
:10EFD00061626C696E672064617461207265706F34
:10EFE0007274696E6720616E642070733220636191
:10EFF0006C6C6261636B2E2E2E00436F756C642007
:10F000006E6F742061637469766174652070733209
:10F010002063616C6C6261636B3A20256400257328
:10F020003A205375636365737366756C6C79206100
:10F030006374697661746564207073322063616CF7
:10F040006C6261636B00756E64657465726D696E88
:10F050006564206465766963650049424D00416CD2
:10F06000707300456C616E004E5850004A59542030
:10F0700053796E6170746963730073747261746143
:10F08000006D616769635F6D6170706572004D75D9
:10F090006C7469706C65206265686176696F727303
:10F0A0002068617665207468652073616D65206EE7
:10F0B000616D652027257327004E6F2062656861AA
:10F0C00076696F722061737369676E656420746F0F
:10F0D000202564206F6E206C6179657220256400A4
:10F0E0004661696C656420746F20636F6E7665722B
:10F0F000742072656C617469766520746F2061623A
:10F10000736F6C757465206265686176696F7220D3
:10F1100062696E64696E67202865727220256429B1
:10F120000066616C73650074727565004E6F7420C3
:10F13000666F756E6420696E207472616E73666F9F
:10F14000726D3A20726F773A2025642C20636F6CC1
:10F150003A2025642C20707265737365643A20250B
:10F16000730025733A20526F773A2025642C206370
:10F170006F6C3A2025642C20706F736974696F6E10
:10F180003A2025642C20707265737365643A2025DB
:10F1900073004661696C656420746F2072656672E5
:10F1A000657368207468652073656C656374656455
:10F1B00020746F2073746F636B206D617070696E63
:10F1C000672028256429004661696C656420746F96
:10F1D0002068616E646C652073656C65637465643A
:10F1E00020706879736963616C20646573745F6C07
:10F1F00061796F75742066726F6D207365747469C0
:10F200006E67732028657272202564290046616943
:10F210006C656420746F2077616B65757020656E16
:10F2200061626C6520257300706879736963616C35
:10F230005F6C61796F7574730044656661756C7499
:10F24000007A6D6B5F706879736963616C5F6C6184
:10F25000796F75745F73656C656374696F6E5F63F6
:10F2600068616E6765640025733A204C6973746544
:10F270006E65722068616E646C65642074686520D8
:10F280006576656E740025733A204C697374656EFB
:10F29000657220636170747572656420746865209E
:10F2A0006576656E740025733A204C697374656EDB
:10F2B00065722072657475726E656420616E20657A
:10F2C00072726F723A20256400556E61626C65201F
:10F2D000746F2066696E6420776865726520746F4C
:10F2E0002072616973652074686973206576656E44
:10F2F00074007A6D6B5F61637469766974795F73AA
:10F30000746174655F6368616E676564007A6D6BD4
:10F310005F706F736974696F6E5F73746174655F3A
:10F320006368616E676564007A6D6B5F73656E73A9
:10F330006F725F6576656E74007A6D6B5F75736270
:10F340005F636F6E6E5F73746174655F6368616E37
:10F35000676564004661696C656420746F2073653D
:10F36000742074686520626F6F746C6F616465727D
:10F37000206D6F6465202825642900626F6F746CAE
:10F380006F616400737973726573657400455854D6
:10F390005F504F57455200556E61626C6520746F27
:10F3A000207265747269657665206578745F706F28
:10F3B000776572206465766963653A202564005537
:10F3C0006E6B6E6F776E206578745F706F776572A5
:10F3D00020636F6D6D616E643A20256400657874FA
:10F3E000706F7765720025733A204C495354454E2F
:10F3F000455220494E4445583A20256400457272D2
:10F400006F72206170706C79696E6720696E7075BB
:10F41000742070726F636573736F72733A20256422
:10F420000025733A207363616C656420256420773E
:10F430006974682025642F256420746F202564205A
:10F44000776974682072656D61696E6465722025E4
:10F4500064007A69705F78795F7363616C657200CC
:10F46000496E76616C6964206C6179657220696EA1
:10F470006465783A202564004661696C656420748F
:10F480006F20656E717565756520616374696F6E57
:10F4900020746F20656E61626C65206C61796572A5
:10F4A00020256420282564290025733A204C6179A1
:10F4B00065722025642061637469766174656400F7
:10F4C00025733A204C61796572202564206465615A
:10F4D0006374697661746564004572726F72206C42
:10F4E0006F636B696E6720666F72207570646174FC
:10F4F000696E672025640025733A20446973706142
:10F50000746368696E672068616E646C655F6C61C6
:10F510007965725F73746174655F6368616E676556
:10F52000640025733A204465616374697661746987
:10F530006E67206C617965722074686174207761F0
:10F5400073206163746976617465642062792074E4
:10F550006869732070726F636573736F72002573CF
:10F560003A204469737061746368696E67206861EA
:10F570006E646C655F706F736974696F6E5F7374CE
:10F580006174655F6368616E6765640025733A2026
:10F59000506F736974696F6E206578636C7564650C
:10F5A000642C20636F6E74696E75696E67002573D5
:10F5B0003A204469737061746368696E672068619A
:10F5C0006E646C655F6B6579636F64655F737461AE
:10F5D00074655F6368616E6765640025733A2053E4
:10F5E000657474696E67206C6173745F74617070A8
:10F5F00065645F74696D657374616D7020746F3AD2
:10F6000020256C6C64007A69705F74656D705F6C46
:10F61000617965720025733A2052656D617070657D
:10F620006420256420746F202564007A69705F78F7
:10F63000795F73776170007A69705F78795F746F52
:10F640005F7363726F6C6C00747261636B207072B5
:10F65000657373656400756E747261636B207265A7
:10F660006C65617365640025733A20476F74207080
:10F6700065726970686572616C206576656E74206C
:10F68000666F7220256421004661696C6564207490
:10F690006F202573206B6579202564004661696CB5
:10F6A000656420746F207265706F72742072656C6F
:10F6B00065617365206576656E74206F6E20646980
:10F6C00073636F6E6E6563742028256429007472FD
:10F6D00061636B706F696E745F73706C69744030D6
:10F6E0000025733A204D6F64696669657220256450
:10F6F00020636F756E742025640025733A204D6F6A
:10F70000646966696572732073657420746F203054
:10F71000782530325800547269656420746F207502
:10F720006E7265676973746572206D6F646966696E
:10F73000657220256420746F6F206F6674656E009B
:10F7400025733A204D6F64696669657220256420CF
:10F75000636F756E743A2025640025733A204D6FEF
:10F760006469666965722025642072656C656173E1
:10F7700065640025733A20427574746F6E202564A9
:10F7800020636F756E742025640025733A204D6FD9
:10F7900075736520627574746F6E73207365742061
:10F7A000746F2030782530325800547269656420B7
:10F7B000746F2072656C6561736520627574746F17
:10F7C0006E20256420746F6F206F6674656E00254F
:10F7D000733A20427574746F6E20256420636F75D0
:10F7E0006E743A2025640025733A20427574746F54
:10F7F0006E2025642072656C6561736564002573F5
:10F800003A204D6F757365206D6F76656D656E740A
:10F810002073657420746F2025642F256400257380
:10F820003A204D6F757365207363726F6C6C207333
:10F83000657420746F2025642F25640025733A2099
:10F840004D6F757365207265706F727420636C659F
:10F85000617265640025733A20706F736974696F13
:10F860006E202564206B6579636F64652030782590
:10F8700030325800554E4B4E4F574E205354415442
:10F88000555300554E4B4E4F574E20464C41564F08
:10F89000520025733A204552524F5220666F756EC2
:10F8A0006420756E646563696465642074617020AA
:10F8B000686F6C642074686174206973206E6F7463
:10F8C00020746865206163746976652074617020B6
:10F8D000686F6C640025733A20256420686F6C643F
:10F8E000206265686176696F7220707265737365F6
:10F8F00064207768696C6520756E6465636964650A
:10F90000640025733A202564206465636964656436
:10F9100020257320282573206465636973696F6EE1
:10F92000206D6F6D656E74202573290025733A2054
:10F9300052656C656173696E67206D6F64732063D7
:10F9400068616E676564206576656E742030782521
:10F950003032582025730025733A2052656C65615A
:10F9600073696E67206B657920706F736974696F56
:10F970006E206576656E7420666F7220706F736995
:10F9800074696F6E20256420257300556E68616E62
:10F99000646C65642063617074757265642065765B
:10F9A000656E742074797065004143544956455F13
:10F9B000484F4C445F5441505F434C45414E454491
:10F9C0005F55505F544F4F5F4541524C590025736E
:10F9D0003A20256420726574726F2074617000256E
:10F9E000733A20256420686F6C642D7461702074F4
:10F9F000696D657220776F726B20696E2065766520
:10FA00006E742071756575650025733A2025642034
:10FA1000636C65616E696E6720757020686F6C64D9
:10FA20002D7461700025733A204552524F52206167
:10FA30006E6F7468657220686F6C642D74617020DD
:10FA40006265686176696F7220697320756E64659E
:10FA500063696465642E0025733A202564206E6511
:10FA60007720756E6465636964656420686F6C6493
:10FA70005F74617000756E61626C6520746F2073D5
:10FA8000746F726520686F6C642D74617020696E8C
:10FA9000666F2C2064696420796F752070726573BD
:10FAA00073206D6F7265207468616E202564206814
:10FAB0006F6C642D746170733F0025733A2055702C
:10FAC0006461746520686F6C6420746170202564C3
:10FAD0002073746174757320746F20686F6C642D6B
:10FAE000696E746572727570740025733A202564AE
:10FAF00020627562626C6520286E6F20756E646589
:10FB0000636964656420686F6C645F746170206110
:10FB100063746976652900686F6C642D7461702068
:10FB20006C697374656E65722073686F756C6420A0
:10FB300062652063616C6C6564206265666F7265E6
:10FB4000206265666F7265206D6F7374206F7468D4
:10FB50006572206C697374656E657273210025731C
:10FB60003A20256420627562626C6520756E64655A
:10FB7000636964656420686F6C642D746170206BC8
:10FB8000657972656C65617365206576656E740074
:10FB900025733A20256420636170747572696E67FD
:10FBA000202564202573206576656E740025733AE0
:10FBB00020256420636170747572696E67203078E7
:10FBC00025303258202573206576656E74002573C4
:10FBD0003A20256420627562626C696E6720256434
:10FBE000202573206576656E74006F746865722DCC
:10FBF0006B65792D646F776E006F746865722D6B1D
:10FC000065792D757000717569636B2D7461700075
:10FC1000686F6C642D74696D657200686F6C642D1B
:10FC20007072656665727265640062616C616E63B4
:10FC30006564007461702D707265666572726564CA
:10FC4000007461702D756E6C6573732D696E7465CB
:10FC50007272757074656400746F675F67616D655B
:10FC60005F686F6C6400746F67676C655F6C617967
:10FC70006572006E6F6E650054415044414E4345BD
:10FC800000484F4D45524F575F4D4F4453006C61F4
:10FC90007965725F746170006D6F6D656E7461720D
:10FCA000795F6C617965720025733A20706F7369B2
:10FCB00074696F6E202564206C61796572202564FB
:10FCC00000556E6B6E6F776E206F75747075742053
:10FCD000636F6D6D616E643A202564006F7574709A
:10FCE000757473007472616E73706172656E740006
:10FCF0006D6F7573655F6B65795F707265737300A7
:10FD000025733A2043616C63756C6174656420737C
:10FD1000706565643A2025660025733A2041646A5F
:10FD2000757374696E673A20256420256400257315
:10FD30003A2041667465723A202564202564006D7E
:10FD40006F7573655F7363726F6C6C006D6F757345
:10FD5000655F6D6F76650048617665202564206378
:10FD60006F6D626F73210025733A2061667465724E
:10FD70002066696C746572696E67206F7574207493
:10FD8000696D6564206F757420636F6D626F2063A9
:10FD9000616E646964617465733A2072656D61694E
:10FDA0006E696E675F63616E646964617465733DFB
:10FDB00025642074696D657374616D703D256C6C8C
:10FDC000640025733A20636F6D626F3A2072656C30
:10FDD000656173696E6720706F736974696F6E20F7
:10FDE0006576656E742025640025733A20636F6D17
:10FDF000626F3A20726572616973696E6720706F15
:10FE0000736974696F6E206576656E742025640071
:10FE1000556E61626C6520746F2073746F7265201B
:10FE2000636F6D626F3B20616C7265616479202540
:10FE300064206163746976652E20496E6372656122
:10FE4000736520434F4E4649475F5A4D4B5F434FC2
:10FE50004D424F5F4D41585F505245535345445FAB
:10FE6000434F4D424F530025733A20434C45414E7A
:10FE70005550210025733A2041424F555420544F8C
:10FE80002055504441544520494E2054494D454F3A
:10FE900055540025733A20636F6D626F206D617455
:10FEA000636865732061667465722066696C746549
:10FEB000722025640025733A20636F6D626F3A20CB
:10FEC000636170747572696E6720706F73697469AD
:10FED0006F6E206576656E742025640025733A2068
:10FEE0006C6179657220256400656E64706F696E5F
:10FEF00074732F7072656665727265643200257363
:10FF00003A204E6F20656E64706F696E7420747253
:10FF1000616E73706F72742073656C656374656471
:10FF20000025733A2055534220697320707265662C
:10FF3000657272656420616E642072656164790027
:10FF400025733A20555342206973206E6F742072D6
:10FF5000656164792E2046616C6C696E6720626110
:10FF6000636B20746F20424C450025733A20424C4D
:10FF700045206973207072656665727265642061E0
:10FF80006E642072656164790025733A20424C45A5
:10FF9000206973206E6F742072656164792E20462B
:10FFA000616C6C696E67206261636B20746F2055B1
:10FFB00053420025733A205072656665727265641B
:10FFC00020656E64706F696E74207472616E7370F8
:10FFD0006F727420697320256420627574206E6FBF
:10FFE000207472616E73706F727473206172652019
:10FFF00072656164790025733A2053657474696E83
:0200000270008C
:100000006720656E64706F696E742076616C7565CB
:1000100020257300496E76616C6964207A6D6B5F90
:100020007472616E73706F72742073697A652028C0
:10003000676F7420257A75206578706563746564D0
:1000400020257A7529004661696C656420746F20EB
:1000500072656164207072656665727265642065A0
:100060006E64706F696E742066726F6D2073657454
:1000700074696E67732028657272202564290046B2
:1000800061696C656420746F2072656164207072B0
:100090006566657272656420656E64706F696E7402
:1000A0002076312066726F6D2073657474696E6797
:1000B0007320286572722025642900496E76616C70
:1000C0006964207472616E73706F72745F76312030
:1000D00076616C75653A20256400656E64706F69A1
:1000E0006E74732F70726566657272656400466126
:1000F000696C656420746F2064656C65746520703C
:10010000726566657272656420656E64706F696E93
:10011000742076312073657474696E672028657267
:1001200072202564290055706772616465642070CF
:10013000726566657272656420656E64706F696E63
:10014000742073657474696E67004661696C6564D8
:1001500020746F20736176652075706772616465C5
:100160006420656E64706F696E742076616C75656D
:1001700020286572722025642900496E76616C69B9
:1001800064207472616E73706F7274202564004E07
:100190006F6E6500424C453A256400496E76616C8D
:1001A00069640025733A2075736167652070616723
:1001B0006520307825303258004641494C4544206E
:1001C000544F2053454E44204F56455220555342DC
:1001D0003A202564004641494C454420544F205361
:1001E000454E44204F56455220484F473A202564FB
:1001F00000556E68616E646C656420656E64706F36
:10020000696E74207472616E73706F7274202564ED
:1002100000556E737570706F7274656420757361CC
:100220006765207061676520256400456E64706FA6
:10023000696E74206368616E6765643A2025730097
:1002400025733A2053656C656374656420656E643C
:10025000706F696E74207472616E73706F72742047
:10026000256400656E64706F696E7473007A6D6BDF
:100270005F656E64706F696E745F6368616E6765F9
:10028000640025733A20756E7265676973746572D0
:10029000696E672075736167655F7061676520309F
:1002A0007825303258206B6579636F64652030782B
:1002B000253032582073696E636520697420776138
:1002C0007320616C72656164792070726573736507
:1002D000640025733A20556E61626C6520746F204E
:1002E0007072652D72656C65617365206B657963ED
:1002F0006F64652028256429004661696C65642067
:10030000746F2073656E64206B6579207265706F01
:10031000727420666F72207072652D72656C6561F3
:1003200073696E67206B6579636F64652028256447
:10033000290025733A2075736167655F7061676591
:1003400020307825303258206B6579636F646520E2
:1003500030782530325820696D706C696369745F3C
:100360006D6F647320307825303258206578706C5A
:10037000696369745F6D6F6473203078253032581B
:100380000025733A20556E61626C6520746F207091
:1003900072657373206B6579636F6465004661698C
:1003A0006C656420746F2073656E64206B657920C2
:1003B0007265706F727420666F72206368616E6719
:1003C0006564206D6F6669666965727320666F7219
:1003D00020636F6E73756D6572207061676520654F
:1003E00076656E7420282564290025733A20556EA1
:1003F00061626C6520746F2072656C656173652045
:100400006B6579636F64650025733A206C6179656B
:10041000725F6368616E6765643A206C61796572CA
:10042000202564207374617465202564206C6F63DB
:100430006B6564202564004661696C656420746F97
:10044000207261697365206C6179657220737461D3
:100450007465206368616E676564202825642900DF
:100460004661696C656420746F20676574207468E8
:100470006520706F736974696F6E206D61702C20D8
:1004800063616E27742066696E64207468652072EB
:10049000696768742062696E64696E6720746F2092
:1004A00072657475726E20282564290043616E2779
:1004B000742072657475726E2062696E64696E670D
:1004C00020666F7220756E6D617070656420626960
:1004D0006E64696E6720696E6465782025640042E9
:1004E000696E64696E6720696E6465782025642092
:1004F0006D617070656420746F20616E20696E7626
:10050000616C6964206B657920706F736974696FC1
:100510006E2025640025733A206C617965725F69ED
:10052000643A20256420706F736974696F6E3A2095
:1005300025642C2062696E64696E67206E616D654A
:100540003A2025730025733A206265686176696FE9
:10055000722070726F63657373696E6720746F20A9
:10056000636F6E74696E756520746F206E65787444
:10057000206C617965720025733A20426568617666
:10058000696F722072657475726E6564206572722F
:100590006F723A20256400626C7565746F6F7468C1
:1005A000007A6D6B5F6C617965725F7374617465FD
:1005B0005F6368616E676564007A6D6B5F6D6F6421
:1005C0006966696572735F73746174655F6368619E
:1005D0006E676564007A6D6B5F6B6579636F6465E8
:1005E0005F73746174655F6368616E676564007AE8
:1005F0006D6B5F626C655F6163746976655F707275
:100600006F66696C655F6368616E67656400556EEF
:100610006B6E6F776E20425420636F6D6D616E64F8
:100620003A20256400626C652F6163746976655FAA
:1006300070726F66696C6500424C5545544F4F545B
:1006400048204641494C45442028256429007075BE
:10065000626C69630072616E646F6D007075626CCC
:1006600069632D69640072616E646F6D2D69640049
:10067000253032583A253032583A253032583A250A
:100680003032583A253032583A2530325820282511
:1006900073290025733A2050616972696E6720637F
:1006A000616E63656C6C65643A2025730025733A4E
:1006B000205365637572697479206368616E67653C
:1006C000643A202573206C6576656C20257500538F
:1006D00065637572697479206661696C65643A2036
:1006E0002573206C6576656C2025752065727220F7
:1006F00025640025733A2025733A20696E7465726B
:1007000076616C202564206C6174656E63792025A8
:10071000642074696D656F75742025640025733AD3
:1007200020446973636F6E6E6563746564206672DE
:100730006F6D2025732028726561736F6E2030788D
:1007400025303278290025733A20534B49505049BF
:100750004E4720464F5220524F4C452025640025DD
:10076000733A204163746976652070726F66696CB4
:100770006520646973636F6E6E65637465640025DC
:10078000733A2053657474696E6720424C45207635
:10079000616C75652025730070726F66696C657396
:1007A00000496E76616C69642070726F66696C6571
:1007B00020696E6465783A20257300496E76616C15
:1007C00069642070726F66696C652073697A652050
:1007D00028676F742025642065787065637465648C
:1007E000202564290050726F66696C65206164641D
:1007F0007265737320666F7220696E646578202558
:1008000064206973206C6172676572207468616E20
:10081000206D6178206F66202564004661696C65F3
:100820006420746F2068616E646C652070726F66FE
:10083000696C6520616464726573732066726F6DA4
:100840002073657474696E67732028657272202541
:1008500064290025733A204C6F6164656420257318
:10086000206164647265737320666F722070726FAA
:1008700066696C65202564004661696C6564207456
:100880006F2068616E646C652061637469766520B1
:1008900070726F66696C652066726F6D2073657427
:1008A00074696E6773202865727220256429007050
:1008B00065726970686572616C5F616464726573AA
:1008C000736573004661696C656420746F2073748E
:1008D0006F7265207065726970686572616C206105
:1008E00064647265737320696E206D656D6F7279D3
:1008F000004661696C656420746F2068616E646C89
:1009000065207065726970686572616C20616464ED
:10091000726573732066726F6D2073657474696E8F
:100920006773202865727220256429006E6F007934
:1009300065730025733A20726F6C652025642C2046
:100940006F70656E3F2025730052656A6563746938
:100950006E672070616972696E6720726571756576
:10096000737420746F2074616B656E2070726F6693
:10097000696C6520256400626C652F70726F666912
:100980006C65732F25640025733A20536574746970
:100990006E672070726F66696C6520616464722096
:1009A000666F7220257320746F2025730025733ABB
:1009B000206164766572746973696E672066726F10
:1009C0006D20256420746F202564004661696C6584
:1009D0006420746F2073746F702061647665727424
:1009E0006973696E67202865727220256429004149
:1009F00064766572746973696E67206661696C6597
:100A00006420746F20737461727420286572722080
:100A10002564290050616972696E6720636F6D708B
:100A20006C65746564206275742063757272656E9E
:100A3000742070726F66696C65206973206E6F74C4
:100A4000206F70656E3A2025730025733A20436F3E
:100A50006E6E6563746564207468726561643A20C3
:100A60002570004661696C656420746F20636F6E49
:100A70006E65637420746F20257320282575290006
:100A800025733A20436F6E6E656374656420257329
:100A90000025733A204163746976652070726F6631
:100AA000696C6520636F6E6E6563746564002573A1
:100AB0003A2072656164793F2025640025733A20ED
:100AC0007A6D6B5F626C655F636C6561725F626FAC
:100AD0006E647328290025733A2070726F66696C02
:100AE000652025640025733A207A6D6B5F626C6522
:100AF0005F636C6561725F616C6C5F626F6E647383
:100B000028290025733A20446973636F6E6E65630C
:100B10007465642066726F6D2070726F66696C65B3
:100B20002025643A202564004E6F742073656E643E
:100B3000696E672C206E6F20616374697665206131
:100B400064647265737320666F7220637572726578
:100B50006E742070726F66696C65004E6F742073DE
:100B6000656E64696E672C206E6F7420636F6E6EA5
:100B7000656374656420746F2061637469766520B1
:100B800070726F66696C650025733A2070657269D2
:100B900070686572616C20736C6F74202564206FBF
:100BA000636375706965642062792025730025731D
:100BB0003A20466F756E64206578697374696E6754
:100BC000207065726970686572616C20616464721E
:100BD00065737320696E20736C6F74202564002523
:100BE000733A2053746F72696E6720706572697012
:100BF000686572616C20257320696E20736C6F7458
:100C000020256400626C652F70657269706865727A
:100C1000616C5F6164647265737365732F25640032
:100C200025733A204572726F72206E6F746966790F
:100C3000696E67202564004B6579626F617264207C
:100C40006D6573736167652071756575652066757F
:100C50006C6C2C20706F7070696E6720666972739F
:100C600074206D65737361676520616E64207175B2
:100C7000657565696E6720616761696E00466169C7
:100C80006C656420746F207175657565206B65797E
:100C9000626F617264207265706F727420746F206D
:100CA00073656E64202825642900436F6E73756D2B
:100CB0006572206D65737361676520717565756513
:100CC0002066756C6C2C20706F7070696E67206682
:100CD00069727374206D65737361676520616E64FA
:100CE000207175657565696E6720616761696E0061
:100CF0004661696C656420746F2071756575652047
:100D0000636F6E73756D6572207265706F7274209B
:100D1000746F2073656E642028256429004661691C
:100D20006C656420746F207175657565206D6F75D5
:100D30007365207265706F727420746F2073656EB6
:100D400064202825642900484944204F7665722094
:100D5000474154542053656E6420576F726B007A7C
:100D60006D6B5F7065726970686572616C5F6261FE
:100D700074746572795F73746174655F6368616EC2
:100D8000676564007A6D6B5F626174746572795F28
:100D900073746174655F6368616E67656400426166
:100DA00074746572792064657669636520222573A1
:100DB00022206973206E6F7420726561647900254A
:100DC000733A204661696C656420746F20666574AF
:100DD000636820626174746572792076616C7565F0
:100DE000733A2025640025733A204661696C656476
:100DF00020746F2067657420626174746572792055
:100E00007374617465206F66206368617267653A08
:100E1000202564004661696C656420746F207261EE
:100E2000697365206261747465727920737461748A
:100E300065206368616E676564206576656E743AE7
:100E40002025640025733A2053657474696E672009
:100E50004241532047415454206261747465727951
:100E6000206C6576656C20746F2025642E004661C9
:100E7000696C656420746F2073657420424153204F
:100E8000474154542062617474657279206C6576B0
:100E9000656C2028657272202564290025733A202C
:100EA0004661696C656420746F2075706461746557
:100EB00020626174746572792076616C75653A2080
:100EC00025642E007A6D6B5F73706C69745F70655A
:100ED000726970686572616C5F7374617475735F59
:100EE0006368616E6765640025733A204E6F7420F5
:100EF0007363616E6E696E672C207765277265205B
:100F000064697361626C65640025733A20536361A0
:100F10006E6E696E6720616C7265616479207275AE
:100F20006E6E696E670025733A20416C6C206465B3
:100F300076696365732061726520636F6E6E6563A9
:100F40007465642C207363616E6E696E67206973CB
:100F500020756E6E656365737361727900536361AA
:100F60006E6E696E67206661696C656420746F20BF
:100F700073746172742028657272202564290025BB
:100F8000733A205363616E6E696E67207375636395
:100F900065737366756C6C792073746172746564C3
:100FA0000025733A2053746F7070696E6720706506
:100FB000726970686572616C207363616E6E696ED0
:100FC000670053746F70204C45207363616E206618
:100FD00061696C6564202865727220256429004669
:100FE00061696C656420746F2073746F7020736323
:100FF000616E6E696E6720666F72207065726970CF
:10100000686572616C732028256429004661696CEB
:10101000656420746F20646973636F6E6E656374BA
:101020002061207065726970686572616C20282586
:1010300064290025733A2054726967676572206BD2
:10104000657920706F736974696F6E207374617451
:1010500065206368616E6765206F662074797065CE
:101060002025640025733A205B414C524541445988
:1010700020535542534352494245445D0025733A3B
:10108000205B535542534352494245445D005375DA
:1010900062736372696265206661696C65642028A9
:1010A00065727220256429004661696C656420744C
:1010B0006F20777269746520706879736963616CF9
:1010C000206C61796F757420696E64657820746F27
:1010D000207065726970686572616C202865727233
:1010E0002025642900536F75726365206E6F74202C
:1010F000636F6E6E65637465640052756E20626521
:10110000686176696F722068616E646C65206E6FCD
:101110007420666F756E64005472756E63617465D9
:1011200064206265686176696F72206C6162656CCB
:1011300020257320746F202573206265666F7265A9
:1011400020696E766F6B696E672070657269706872
:101150006572616C206265686176696F72004661D4
:10116000696C656420746F20777269746520746897
:1011700065206265686176696F722063686172617B
:1011800063746572697374696320286572722025BF
:10119000642900556E737570706F72746564207782
:1011A0007261707065642063656E7472616C206337
:1011B0006F6D6D616E6420747970652025640052D6
:1011C000756E20636F6D6D616E64206D6573736104
:1011D00067652071756575652066756C6C2C20706F
:1011E0006F7070696E67206669727374206D6573C5
:1011F0007361676520616E64207175657565696EE0
:101200006720616761696E004661696C656420747E
:101210006F207175657565206265686176696F72AA
:1012200020746F2073656E6420282564290025735F
:101230003A205B554E535542534352494245445D13
:101240000025733A205B494E505554204556454E73
:10125000545D2064617461202570206C656E677434
:10126000682025750049676E6F72696E6720696E28
:10127000707574206576656E74206E6F746966791A
:10128000207769746820696E636F72726563742079
:1012900064617461206C656E677468202825642918
:1012A0000025733A20536B697070696E6720757002
:1012B000646174696E672074686520706879736909
:1012C00063616C206C61796F757420666F72207039
:1012D00065726970686572616C20776974682073E3
:1012E00065637572697479206572726F7200257317
:1012F0003A20536B697070696E6720757064617411
:10130000696E672074686520706879736963616CC1
:10131000206C61796F757420666F722070657269D8
:1013200070686572616C207769746820696E737586
:101330006666696369656E74207365637572697446
:10134000790025733A20446973636F766572206370
:101350006F6D706C6574650025733A205B41545461
:101360005249425554455D2068616E646C65202584
:1013700075004E6F207065726970686572616C20CF
:10138000737461746520666F756E6420666F722079
:10139000636F6E6E656374696F6E0025733A2046E5
:1013A0006F756E64206F74686572207365727669FC
:1013B00063650025733A20466F756E642073706C08
:1013C00069742073657276696365004661696C654E
:1013D0006420746F20737461727420646973636F26
:1013E000766572696E672073706C697420736572BC
:1013F000766963652063686172616374657269739D
:10140000746963732028657272202564290052650F
:1014100071756972656420757365722064617461A9
:10142000206E6F742070617373656420746F206424
:101430006973636F766572790025733A20466F751C
:101440006E6420706F736974696F6E207374617459
:10145000652063686172616374657269737469633E
:101460000025733A20466F756E6420616E20696EA8
:1014700070757420636861726163746572697374F6
:1014800069630025733A205265736572766564203E
:101490006120736C6F7420666F72207468652069B8
:1014A0006E70757420737562736372697074696F9E
:1014B0006E004E6F20617661696C61626C652073AD
:1014C0006C6F7420666F72207065726970686572E7
:1014D000616C20696E7075742073756273637269D4
:1014E0007074696F6E7320282564290025733A2073
:1014F000466F756E642072756E20626568617669EC
:101500006F722068616E646C650025733A20466FC7
:10151000756E642073656C65637420706879736997
:1015200063616C206C61796F75742068616E646CA6
:10153000650025733A20466F756E6420626174748D
:10154000657279206C6576656C2063686172616391
:101550007465726973746963730025733A20466F0A
:10156000756E6420696E7075742043434320646512
:101570007363726970746F720025733A20466F75D9
:101580006E6420696E7075742043504620646573E4
:1015900063726970746F72004661696C656420746F
:1015A0006F2073756273637269626520746F20695E
:1015B0006E707574206E6F74696669636174696FAB
:1015C0006E732025640025733A204E6F2070656E7F
:1015D00064696E6720696E70757420736C6F742017
:1015E000282564290025733A20466F756E642070A3
:1015F000656E64696E6720696E70757420736C6FB8
:1016000074004572726F7220647572696E67207221
:10161000656164696E672070657269706865726182
:101620006C2062617474657279206C6576656C3AC1
:101630002025750025733A205B5245414420434FD5
:101640004D504C455445445D0025733A205B424162
:101650005454455259204C4556454C20524541441E
:101660005D2064617461202570206C656E6774680C
:10167000202575005A65726F206C656E677468204E
:1016800062617474657279206E6F746966696361F2
:1016900074696F6E20726563656976656400257391
:1016A0003A2042617474657279206C6576656C3A93
:1016B0002025750025733A205B4241545445525908
:1016C000204C4556454C204E4F54494649434154C1
:1016D000494F4E5D2064617461202570206C656EF9
:1016E0006774682025750025733A205B4E4F544976
:1016F0004649434154494F4E5D2064617461202541
:1017000070206C656E6774682025750025733A201B
:1017100052656C656173696E672070657269706887
:101720006572616C20736C6F742061742025640095
:1017300025733A20466F756E642074686520737057
:101740006C6974207365727669636500556E6162B9
:101750006C6520746F2072657365727665207065A4
:10176000726970686572616C20736C6F7420286593
:101770007272202564290025733A20496E697469C4
:101780006174696E67206E657720636F6E6E656346
:1017900074696F6E0043726561746520636F6E6E6D
:1017A000206661696C656420286572722025642951
:1017B000202863726561746520636F6E6E3F203010
:1017C0007825303478290025733A205B41445D3A0E
:1017D00020257520646174615F6C656E202575003D
:1017E0004144206D616C666F726D656400556E6179
:1017F000626C6520746F206C6F616420555549449C
:101800000025733A205555494420257320646F659F
:1018100073206E6F74206D617463682073706C69DF
:101820007420555549443A2025730025733A205BAE
:101830004445564943455D3A2025732C20414420B8
:1018400065767420747970652025752C20414420BC
:1018500064617461206C656E2025752C2052535391
:10186000492025690025733A20446973636F6E6EC1
:1018700065637465643A2025732028726561736F0F
:101880006E20256429004661696C656420746F20B0
:1018900072656C65617365207065726970686572E8
:1018A000616C20736C6F7420282564290025733ABD
:1018B00020436F6E6E65637465643A20257300255E
:1018C000733A2043757272656E7420736563757226
:1018D00069747920666F7220636F6E6E65637469D8
:1018E0006F6E3A20256400446973636F76657220D9
:1018F0006661696C6564286572722025642900251B
:10190000733A204E657720636F6E6E656374696FFE
:101910006E20706172616D733A20496E74657276E3
:10192000616C3A2025642C204C6174656E63793AB1
:101930002025642C205048593A20256400626C65AB
:101940005F63656E7472616C00476F7420626174CE
:1019500074657279206C6576656C206576656E7449
:1019600020666F7220616E206F7574206F66207222
:10197000616E6765207065726970686572616C2060
:10198000696E6465780025733A20506572697068E5
:101990006572616C2062617474657279206C657621
:1019A000656C206576656E743A2025750046616920
:1019B0006C656420746F206E6F7469667920686F3F
:1019C000737473206F6620706572697068657261E8
:1019D0006C2062617474657279206C6576656C3A0E
:1019E00020256400424153204E6F7469666963612B
:1019F00074696F6E7320257300496E76616C69643B
:101A0000207065726970686572616C20696E6465CA
:101A1000782072657175657374656420666F7220D5
:101A200062617474657279206C6576656C2072658C
:101A300061643A202564005065726970686572615E
:101A40006C20300025733A204669727374206176E9
:101A500061696C61626C6520697320616C7265619B
:101A600064792073656C65637465642C206D6F7692
:101A7000696E67206F6E004572726F7220646973C1
:101A800061626C696E672070726576696F75736CE0
:101A9000792073656C65637465642073706C697418
:101AA000207472616E73706F72742028256429002F
:101AB00025733A2043656E7472616C206174202531
:101AC00070206368616E67656420737461747573F8
:101AD0003A20656E61626C65642025642C20617615
:101AE00061696C61626C652025642C20636F6E6E89
:101AF000656374696F6E732025640049676E6F7249
:101B0000696E67207065726970686572616C2065C6
:101B100076656E742066726F6D206E6F6E2D6163D8
:101B200074697665207472616E73706F72740047A9
:101B30004F5420414E20554E4B4E4F574E20455648
:101B4000454E54205459504520256400556E61621D
:101B50006C6520746F20656E61626C652055534220
:101B60000025733A2073746174653A202564004837
:101B700049445F3000556E61626C6520746F206C63
:101B80006F636174652048494420646576696365C4
:101B900000496E76616C6964207265706F727420A2
:101BA000494420256420726571756573746564000D
:101BB0004C6F77205072696F7269747920576F7219
:101BC0006B2051756575650057656C636F6D652099
:101BD000746F205A4D4B210A007A6D6B0028756E88
:101BE0007369676E6564292063686172202A2075B5
:101BF00073656420666F7220252570206172677599
:101C00006D656E742E2049742773207265636F6D45
:101C10006D656E64656420746F2063617374206900
:101C20007420746F20766F6964202A206265636176
:101C3000757365206974206D6179206361757365C2
:101C4000206D69736265686176696F7220696E20C4
:101C50006365727461696E20636F6E666967757221
:101C60006174696F6E732E20537472696E673A22C5
:101C700025732220617267756D656E743A25640064
:101C800063627072696E74665F7061636B616765D1
:101C9000004661696C656420746F207265626F6FC5
:101CA000743A207370696E6E696E6720656E646C3D
:101CB0006573736C792E2E2E0A004E5653206E6F6C
:101CC0007420696E697469616C697A656400436F38
:101CD000756C64206E6F74206F627461696E20662B
:101CE0006C61736820706172616D657465727300F8
:101CF000556E737570706F72746564207772697455
:101D00006520626C6F636B2073697A6500556E6144
:101D1000626C6520746F2067657420706167652050
:101D2000696E666F00496E76616C696420736563E5
:101D3000746F722073697A6500436F6E66696775A8
:101D4000726174696F6E206572726F72202D2073DC
:101D50006563746F7220636F756E74002564205321
:101D60006563746F7273206F6620256420627974D6
:101D7000657300616C6C6F63207772613A20256433
:101D80002C2025780064617461207772613A2025E7
:101D9000642C20257800474320446F6E65206D61D8
:101DA000726B657220666F756E64004E6F204743DC
:101DB00020446F6E65206D61726B657220666F7571
:101DC0006E643A2072657374617274696E6720671D
:101DD000630066735F6E7673006C6F6767696E672A
:101DE000006C6F67006C6F675F6D676D74004D65A9
:101DF0007373616765202822257322292064726F1E
:101E00007070656420626563617573652069742014
:101E1000657863656564732073697A65206C696DA4
:101E200069746174696F6E2028257529004D65738A
:101E3000736167652064726F7070656420626563AA
:101E400061757365206974206578636565647320C6
:101E500073697A65206C696D69746174696F6E204D
:101E600028257529000D0A001B5B306D00257320A5
:101E7000005B2530386C755D20005B253032753A8B
:101E8000253032753A253032752E253033752C25A4
:101E90003033755D20003C25733E200025732F00F4
:101EA000253032782000202020007C002563001B94
:101EB0005B313B33316D001B5B313B33336D00775E
:101EC000726E00696E6600646267006C6F675F62C5
:101ED00061636B656E645F75617274006C6F675FE0
:101EE0007561727400616374697665006F6666007F
:101EF000706D5F6465766963650030313233343507
:101F00003637383941424344454600626F61726456
:101F10005F6364635F61636D5F75617274007573A5
:101F200062776F726B710041544C4153005A4D4BB4
:101F30002050726F6A6563740062745F6469730035
:101F4000626173007365742D76616C7565206661DE
:101F5000696C7572652E206B65793A202573206552
:101F600072726F72282564290072302F61313A2015
:101F700020307825303878202072312F61323A2095
:101F800020307825303878202072322F61333A2083
:101F9000203078253038780072332F61343A202091
:101FA000307825303878207231322F69703A20200D
:101FB000307825303878207231342F6C723A2020F6
:101FC0003078253038780020787073723A202030CD
:101FD000782530387800735B2532645D3A202030F4
:101FE00078253038782020735B2532645D3A2020D4
:101FF0003078253038782020735B2532645D3A20B4
:10200000203078253038782020735B2532645D3AA3
:1020100020203078253038780066707363723A205B
:1020200020307825303878004661756C74696E67A9
:1020300020696E737472756374696F6E2061646475
:102040007265737320287231352F7063293A2030FE
:10205000782530387800556E68616E646C65642050
:102060004952516E3A202564002A2A2A2A2A2055EC
:1020700053414745204641554C54202A2A2A2A2AB2
:102080000020204469766973696F6E206279207A36
:1020900065726F002020556E616C69676E65642003
:1020A0006D656D6F727920616363657373002020C5
:1020B0004E6F20636F70726F636573736F72206908
:1020C0006E737472756374696F6E73002020496C4F
:1020D0006C6567616C206C6F6164206F6620455889
:1020E000435F52455455524E20696E746F205043E1
:1020F000002020496C6C6567616C20757365206FEA
:102100006620746865204550535200202041747445
:10211000656D707420746F206578656375746520D3
:10212000756E646566696E656420696E7374727538
:102130006374696F6E002A2A2A2A2A204255532086
:102140004641554C54202A2A2A2A2A00202053741A
:1021500061636B696E67206572726F720020205533
:102160006E737461636B696E67206572726F720063
:102170002020507265636973652064617461206218
:102180007573206572726F720020204246415220A2
:10219000416464726573733A20307825780020209A
:1021A000496D707265636973652064617461206252
:1021B0007573206572726F72002020496E7374729D
:1021C000756374696F6E20627573206572726F72C9
:1021D000002020466C6F6174696E672D706F696EA8
:1021E00074206C617A7920737461746520707265F3
:1021F000736572766174696F6E206572726F7200BA
:102200002A2A2A2A2A204D5055204641554C54202E
:102210002A2A2A2A2A002020537461636B696E6778
:10222000206572726F722028636F6E7465787420F7
:1022300061726561206D69676874206265206E6FE8
:10224000742076616C6964290020204461746120E7
:102250004163636573732056696F6C6174696F6E57
:102260000020204D4D4641522041646472657373D5
:102270003A2030782578002020496E737472756397
:1022800074696F6E204163636573732056696F6C68
:102290006174696F6E00526573657276656420457E
:1022A0007863657074696F6E202800537075726969
:1022B0006F757320696E7465727275707420284929
:1022C00052512000535053454C20696E207468725F
:1022D000656164206D6F646520646F6573206E6F47
:1022E0007420696E64696361746520505350002ADC
:1022F0002A2A2A2A2048415244204641554C54203B
:102300002A2A2A2A2A002020427573206661756CC9
:1023100074206F6E20766563746F72207461626CD6
:1023200065207265616400202044656275672065E0
:1023300076656E740020204661756C742065736349
:10234000616C6174696F6E20287365652062656CCD
:102350006F772900415243485F4558434550542008
:102360007769746820726561736F6E2025780A0042
:102370002A2A2A2A2A204465627567206D6F6E69B1
:10238000746F7220657863657074696F6E202A2A95
:102390002A2A2A002A2A2A2A2A2025732025642963
:1023A000202A2A2A2A2A006D7075004661696C6508
:1023B0006420746F20616C6C6F63617465206E655E
:1023C00077204D505520726567696F6E2025750A1C
:1023D00000506172746974696F6E2025753A2073BC
:1023E000616E69747920636865636B206661696CEE
:1023F00065642E00464C4153485F30005352414DB6
:102400005F30006E65745F627566006E65745F6252
:1024100075665F73696D706C6500736F630044650A
:10242000766963652064617461206E6F7420666FE5
:10243000756E6420666F7220656E64706F696E746D
:1024400020257500446576696365206461746120A8
:102450006E6F7420666F756E6420666F722063669F
:102460006720257000446576696365206572726F28
:1024700072004465766963652072657365742064D3
:10248000657465637465640044657669636520639B
:102490006F6E6E656374656400446576696365207C
:1024A000636F6E666967757265640044657669631B
:1024B0006520646973636F6E6E6563746564004460
:1024C00065766963652073757370656E6465640015
:1024D00044657669636520726573756D6564006631
:1024E000726F6D2073757370656E6400556E6B6EE0
:1024F0006F776E206576656E7400446576696365F6
:102500002064617461206E6F7420666F756E642044
:10251000666F7220696E74657266616365202575E9
:1025200000556E68616E646C6564207265717565D6
:10253000737420307825303278004465766963659D
:10254000206973206E6F7420636F6E6669677572A1
:102550006564007573625F6869640062745F7270BD
:102560006100496E73756666696369656E74206E95
:10257000756D626572206F6620617267756D656E3C
:1025800074730049676E6F72696E67206964656E67
:102590007469746965732073746F72656420696E01
:1025A00020666C61736800496E76616C6964206CAA
:1025B000656E677468204944206164647265737352
:1025C00020696E2073746F72616765004661696C83
:1025D000656420746F207265616420646576696348
:1025E00065206E616D652066726F6D2073746F7209
:1025F000616765202865727220257A6429006274FB
:102600002F25732F253032782530327825303278D7
:1026100025303278253032782530327825752F25CF
:10262000730062742F25732F25303278253032786D
:10263000253032782530327825303278253032789E
:1026400025750073657474696E67735F7375627363
:1026500079735F696E6974206661696C65642028AE
:10266000657272202564290062742F25730046610B
:10267000696C656420746F2073617665204944201D
:10268000286572722025642900556E61626C652090
:10269000746F20736574757020616E206964656E57
:1026A0007469747920616464726573730062740084
:1026B00062745F73657474696E6773004254204C72
:1026C0005720575100253038782D253034782D2566
:1026D0003034782D253034782D2530387825303435
:1026E000780062745F627566006D616C666F726D12
:1026F0006564206164766572746973696E672064CD
:10270000617461202575202F2025750062745F6437
:10271000617461004461746120627566666572204F
:102720006F766572666C6F7720286C696E6B2074AB
:10273000797065203078253032782900556E6162D5
:102740006C6520746F206C6F6F6B20757020636FE9
:102750006E6E20776974682068616E646C652025F0
:1027600075004572726F72207768696C65207570AC
:10277000646174696E6720746865207363616E6E4E
:102780006572202825642900556E61626C6520748D
:102790006F206C6F6F6B757020636F6E6E20666F4D
:1027A000722068616E646C652025750048617264F2
:1027B00077617265206572726F722C206861726435
:1027C0007761726520636F64653A20256400436F0A
:1027D000756C64206E6F74207375626D69742072FD
:1027E000785F776F726B3A20256400546F6F2073A7
:1027F0006D616C6C202825752062797465732920C1
:102800006576656E742030782530327800556E68B4
:10281000616E646C6564206576656E742030782521
:10282000303278206C656E2025753A20257300497A
:102830006E76616C6964204843492041434C2070A6
:1028400061636B65742073697A652028257529009A
:1028500041434C2064617461206C656E677468202C
:102860006D69736D617463682028257520213D2092
:1028700025752900556E61626C6520746F2066694C
:102880006E6420636F6E6E20666F722068616E6486
:102890006C6520257500496E76616C69642048433B
:1028A00049206576656E742073697A6520282575E0
:1028B0002900574553545F544F504449522F7A656D
:1028C000706879722F7375627379732F626C756596
:1028D000746F6F74682F686F73742F6863695F63B8
:1028E0006F72652E630062745F6863695F657674FA
:1028F0005F6765745F666C616773286864722D3EFC
:10290000657674292026202831554C203C3C20280F
:1029100031292900415353455254494F4E204641D5
:10292000494C205B25735D20402025733A25640ABD
:1029300000556E6B6E6F776E2062756620747970CD
:102940006520257500556E68616E646C656420763F
:10295000656E646F722D7370656369666963206567
:1029600076656E7420307825303278206C656E2064
:1029700025753A202573004E6F20636F6D6D616E73
:10298000642073656E7420666F7220636D642063CB
:102990006F6D706C65746520307825303478004F29
:1029A00070436F64652030782530347820636F6D14
:1029B000706C6574656420696E7374656164206F02
:1029C00066206578706563746564203078253034DE
:1029D0007800657674206E756D5F68616E646C65F5
:1029E0007320283D25752920746F6F206C617267F4
:1029F0006520282575203E20257529004E6F20630F
:102A00006F6E6E656374696F6E20666F72206861A9
:102A10006E646C65202575007061636B657473204E
:102A2000636F756E74206D69736D6174636800699E
:102A30006E74657276616C20657863656564732079
:102A40007468652076616C69642072616E676520C8
:102A5000307825303478006C6174656E6379206558
:102A6000786365656473207468652076616C696459
:102A70002072616E67652030782530347800737578
:102A800070765F74696D656F7574206578636565D0
:102A90006473207468652076616C69642072616E6D
:102AA000676520307825303478004661696C65644C
:102AB00020746F2073657420726571756972656426
:102AC000207365637572697479206C6576656C0036
:102AD0004E6F206368616E676520746F20656E635A
:102AE00072797074696F6E207374617465202865E3
:102AF0006E637279707420307825303278290075D1
:102B00006E6B6E6F776E006576745F666C6167736F
:102B10002026202831554C203C3C202830292900F3
:102B2000496E76616C69642062756620747970659F
:102B3000202575005B305D004964656E74697479A9
:102B400025733A202573004964656E746974795B56
:102B500025645D3A202573004843493A2076657222
:102B600073696F6E202573202830782530327829DC
:102B7000207265766973696F6E20307825303478FD
:102B80002C206D616E75666163747572657220309C
:102B90007825303478004C4D503A20766572736950
:102BA0006F6E2025732028307825303278292073E5
:102BB00075627665722030782530347800556E6104
:102BC000626C6520746F2073746F7265206E616D26
:102BD0006500556E61626C6520746F2073656E646C
:102BE00020746F2064726976657220286572722085
:102BF000256429004F7574206F6620636F6D6D61C9
:102C00006E64206275666665727300556E61626CF3
:102C10006520746F20616C6C6F63617465206275F0
:102C20006666657200556E636C65617265642070DE
:102C3000656E64696E672073656E745F636D6400B2
:102C4000737563636573730009636F6D6D616E64A3
:102C5000206F70636F64652030782530347820747D
:102C6000696D656F75740A00657272203D3D203094
:102C70000009436F6E74726F6C6C657220756E72B2
:102C80006573706F6E736976652C20636F6D6D610F
:102C90006E64206F70636F646520307825303478FF
:102CA0002074696D656F757420776974682065722A
:102CB000722025640A006F70636F64652030782588
:102CC0003034782073746174757320307825303215
:102CD00078202573004661696C656420746F2072EA
:102CE00065616420444C45206D61782064617461A5
:102CF000206C656E0074785F6F6374657473206513
:102D0000786365656473207468652076616C6964B6
:102D10002072616E67652025750074785F74696D37
:102D200065206578636565647320746865207661E5
:102D30006C69642072616E6765202575004E6F6E48
:102D40002D4C452063617061626C6520636F6E7409
:102D5000726F6C6C65722064657465637465642160
:102D60000041434C2042522F454452206275666612
:102D7000657273206E6F7420696E697469616C6925
:102D80007A65640056656E646F7220484349206519
:102D90007874656E73696F6E73206E6F74206176E0
:102DA00061696C61626C6500485720506C617466A3
:102DB0006F726D3A202573202830782530347829B9
:102DC0000048572056617269616E743A202573205D
:102DD0002830782530347829004669726D77617221
:102DE000653A2025732028307825303278292056FE
:102DF000657273696F6E2025752E25752042756981
:102E00006C64202575004661696C656420746F20D0
:102E10007265616420737570706F7274656420767A
:102E2000656E646F7220636F6D6D616E64730046D2
:102E300061696C656420746F2072656164207375CC
:102E400070706F727465642076656E646F72206650
:102E500065617475726573004E6F2049442061642A
:102E600064726573732E20417070206D75737420C9
:102E700063616C6C2073657474696E67735F6C6FEB
:102E8000616428290048434920647269766572208C
:102E90006973206E6F7420726561647900425420FA
:102EA0005258205751004843492064726976657230
:102EB000206F70656E206661696C656420282564EA
:102EC00029004E6F2070656E64696E6720706572B0
:102ED0006970686572616C20636F6E6E656374699A
:102EE0006F6E004E6F2070656E64696E672063655B
:102EF0006E7472616C20636F6E6E656374696F6E61
:102F000000436F6E6E656374696F6E2063726561F6
:102F100074696F6E2074696D656F75742074726961
:102F2000676765726564004661696C656420746FEB
:102F3000207265737461727420696E69746961745A
:102F40006F7200556E657870656374656420737484
:102F50006174757320307825303278202573004EE7
:102F60006F2070656E64696E6720636F6E6E206699
:102F70006F72207065657220257300556E657870DC
:102F8000656374656420484F53545F4E554D5F43ED
:102F90004F4D504C455445445F5041434B4554536D
:102FA0002C2073746174757320307825303278204A
:102FB000257300312E306200312E3100312E320067
:102FC000322E3000322E3100332E3000342E3000BD
:102FD000342E3100342E3200352E3000352E3100A3
:102FE000352E3200352E3300352E3400362E30008B
:102FF0005374616E6461726420426C7565746F6FA6
:10300000746820636F6E74726F6C6C6572005665C5
:103010006E646F7220737065636966696320636FA5
:103020006E74726F6C6C6572004669726D77617256
:1030300065206C6F6164657200526573637565200D
:10304000696D616765007265736572766564006EAF
:103050005246353178006E5246353278006E52460F
:10306000353378006E524635344878006E52463516
:10307000344C7800496E74656C20436F72706F72C7
:103080006174696F6E004E6F726469632053656D81
:1030900069636F6E647563746F72004E585020538D
:1030A000656D69636F6E647563746F7273006274CB
:1030B0005F6863695F636F726500574553545F547F
:1030C0004F504449522F7A65706879722F73756238
:1030D0007379732F626C7565746F6F74682F686F86
:1030E00073742F6863695F636F6D6D6F6E2E63001D
:1030F000636D6420646973616C6C6F77656400460E
:1031000061696C656420746F2064697361626C65C9
:103110002061646472657373207265736F6C75747B
:10312000696F6E005265736F6C76696E67206C69AB
:1031300073742073697A6520657863656564656476
:103140002E20537769746368696E6720746F2068F6
:103150006F73742E004661696C656420746F206320
:103160006C656172207265736F6C7574696F6E2027
:103170006C697374004661696C656420746F2061CA
:1031800064642049524B20746F20636F6E74726FB9
:103190006C6C657200536574207072697661637936
:1031A000206D6F646520636F6D6D616E642069735F
:1031B000206E6F7420737570706F72746564004652
:1031C00061696C656420746F207365742070726926
:1031D00076616379206D6F64650044697361626C28
:1031E000696E672061646472657373207265736FC2
:1031F0006C7574696F6E206661696C656420286502
:10320000727220256429004661696C656420746FC0
:103210002072656D6F76652049524B2066726F6D26
:1032200020636F6E74726F6C6C6572004F6E6C7998
:103230002072616E646F6D207374617469632069BC
:1032400064656E7469747920616464726573732057
:10325000737570706F7274656400496E76616C6925
:103260006420696E70757420706172616D6574653B
:103270007273004661696C656420746F20726561C9
:1032800064207075626C6963206164647265737335
:103290000052656164205374617469632041646401
:1032A00072657373657320636F6D6D616E64206EFC
:1032B0006F7420617661696C61626C65004661695A
:1032C0006C656420746F207265616420737461742E
:1032D000696320616464726573736573004E6F2067
:1032E0007374617469632061646472657373657378
:1032F0002073746F72656420696E20636F6E7472E0
:103300006F6C6C65720043616E2774207365742066
:10331000626F7468204944454E5449545920262010
:103320004E5250410062745F696400546F6F2062B6
:103330006967206164766572746973696E67206479
:10334000617461004661696C656420746F207374F8
:103350006172742061647665727469736572004687
:1033600061696C656420746F2073746F7020616490
:10337000766572746973696E673A20256400436FDD
:103380006E74726F6C6C65722063616E6E6F742008
:10339000726573756D6520636F6E6E6563746162CF
:1033A0006C65206164766572746973696E67202844
:1033B0002564290062745F61647600556E657870DB
:1033C000656374656420656E64206F66206275664F
:1033D0006665720062745F7363616E004661696C5A
:1033E000656420746F2067656E6572617465204541
:1033F0004343206B6579202564004661696C6564F0
:1034000020746F206578706F72742045434320707C
:1034100075626C6963206B6579202564004661697B
:103420006C656420746F206578706F7274204543FA
:10343000432070726976617465206B65792025641C
:10344000004661696C656420746F206465737472F2
:103450006F7920454343206B6579204944202564DA
:10346000004661696C656420746F20696D706F72CD
:1034700074207468652070726976617465206B656C
:103480007920666F72206B65792061677265656D62
:10349000656E7420256400526177206B6579206128
:1034A000677265656D656E74206661696C65642020
:1034B0002564004661696C656420746F20646573DF
:1034C00074726F7920746865206B657920256400BB
:1034D0007073615F696D706F72745F6B65792829B5
:1034E0002072657475726E6564207374617475738F
:1034F0002025640043616C6C6261636B20616C72B7
:1035000065616479207265676973746572656400CA
:103510004275737920706572666F726D696E67208F
:10352000616E6F746865722045434448206F706512
:10353000726174696F6E0062745F656363004661F7
:10354000696C656420726561642072656D6F746575
:1035500020666561747572657320282564290046AC
:1035600061696C6564204C4520536574205048594E
:103570002028256429004661696C656420746F20E9
:103580007365742064617461206C656E2028256405
:103590002900556E6578706563746564206669728C
:1035A0007374204C32434150206672616D65005542
:1035B0006E6578706563746564204C3243415020B9
:1035C000636F6E74696E756174696F6E004E6F74AF
:1035D00020656E6F75676820627566666572207318
:1035E0007061636520666F72204C324341502064E5
:1035F00061746100556E657870656374656420411F
:10360000434C20666C61677320283078253032780F
:10361000290041434C206C656E206D69736D6174A7
:10362000636820282575203E202575290028756EA1
:103630006B6E6F776E29006E6F207472616E7369A6
:1036400074696F6E202573004572726F72207768FF
:10365000696C652072656D6F76696E6720636F6E49
:103660006E20757365722066726F6D207363616E74
:103670006E6572202825642900496E76616C696444
:103680002028257529206F6C64207374617465008F
:10369000636F6E6E202570206661696C65642074AE
:1036A0006F2065737461626C6973682E20524620C6
:1036B0006E6F6973653F006E6F2076616C69642080
:1036C00028257529207374617465207761732073D0
:1036D000657400696E636F6D70617469626C6520FA
:1036E00068616E646C652025750054696D656F7541
:1036F00074206469736361726465642E204E6F2068
:10370000626C6F636B696E6720696E207379737783
:10371000712E00556E61626C6520746F20616C6C57
:103720006F6361746520627566666572207769747F
:1037300068696E2074696D656F757400636F6E6E75
:103740002025703A206E6F7420636F6E6E6563740F
:10375000656400466174616C206572726F72202826
:103760002564292E20446973636F6E6E65637469E6
:103770006E6720257000466F756E642076616C69F7
:103780006420636F6E6E656374696F6E20282570A8
:1037900029207769746820616464726573732025D9
:1037A0007320696E20257320737461746520002A6C
:1037B000636F6E6E2073686F756C64206265207530
:1037C0006E7265666572656E63656420616E642005
:1037D000696E697469616C697A656420746F204EE2
:1037E000554C4C0053656E64204C452070617261ED
:1037F0006D20757064617465206661696C65642014
:1038000028657272202564290053656E64206175F5
:10381000746F204C4520706172616D207570646119
:103820007465206661696C65642028657272202564
:10383000642900646973636F6E6E6563742D636FD2
:103840006D706C657465007363616E2D6265666F83
:1038500072652D696E6974696174696E6700696E5D
:103860006974696174696E672D66696C7465722D1F
:103870006C697374006164762D636F6E6E6563743A
:1038800061626C65006164762D6469722D636F6E90
:103890006E65637461626C6500646973636F6E6EFC
:1038A000656374696E670062745F636F6E6E004E6D
:1038B0006F20617661696C61626C65204C324341B6
:1038C0005020636F6E7465787420666F7220636F2A
:1038D0006E6E20257000556E61626C6520746F20DD
:1038E000616C6C6F636174652062756666657220D9
:1038F000666F72206F7020307825303278004578FE
:1039000070656374696E672031207265662C20676C
:103910006F7420256400616C726561647920686150
:1039200076652076696577206F6E20257000546F6C
:103930006F20736D616C6C204C3243415020736971
:10394000676E616C696E6720504455004C3243418C
:1039500050206C656E677468206D69736D61746367
:10396000682028257520213D2025752900496E767F
:10397000616C6964206964656E742076616C75653C
:1039800020696E204C324341502050445500546F02
:103990006F20736D616C6C204C4520636F6E6E20E0
:1039A000706172616D2072737000546F6F20736D5F
:1039B000616C6C204C4520636F6E6E207570646185
:1039C000746520706172616D20726571004E6F7454
:1039D00020636F6E6E65637465640052656A65632B
:1039E00074696E6720756E6B6E6F776E204C324314
:1039F00041502050445520636F6465203078253055
:103A0000327800546F6F20736D616C6C204C3243C0
:103A100041502050445520726563656976656400A5
:103A200049676E6F72696E67206461746120666FAA
:103A30007220756E6B6E6F776E206368616E6E6557
:103A40006C2049442030782530347800636F6E66EE
:103A500069670062745F6C32636170004E6F206151
:103A60007661696C61626C652041545420636F6EAD
:103A70007465787420666F7220636F6E6E20257097
:103A8000004E6F20617661696C61626C6520415403
:103A900054206368616E6E656C20666F7220636F80
:103AA0006E6E20257000556E61626C6520746F200B
:103AB00063726561746520555549443A2073697A8B
:103AC0006520257500556E61626C6520746F2063FA
:103AD000726561746520555549443A2073697A6569
:103AE00020256400415454204D5455206578636569
:103AF000656465642C206D61782025752C207761C4
:103B00006E74656420257A750041545420636861A1
:103B10006E6E656C206E6F7420636F6E6E6563747D
:103B20006564004572726F72207369676E696E67B3
:103B300020646174610052616E206F7574206F663D
:103B40002054582062756666657273206F72206318
:103B50006F6E74657874732E00476F74206572728F
:103B60002025642C206E6F742063616C6C696E6715
:103B70002041545420636200546F6F20736D616C58
:103B80006C20415454205044552072656365697619
:103B9000656400556E68616E646C656420415454C0
:103BA00020636F64652030782530327800496E7666
:103BB000616C6964206C656E20257520666F7220CB
:103BC000636F64652030782530327800556E61620D
:103BD0006C6520746F2066696E64204154542063C4
:103BE00068616E6E656C004E6F20415454206368AE
:103BF000616E6E656C20666F72204D545520257A7B
:103C000075004E6F2070656E64696E672041545474
:103C1000207265717565737400446973636F6E6EAD
:103C2000656374696E67206661696C6564202865E8
:103C3000727220256429004154542054696D656FC7
:103C4000757420666F7220646576696365202573DC
:103C50002E20446973636F6E6E656374696E672EA0
:103C60002E2E0062745F61747400434D41432075D1
:103C70007064617465206661696C65642025640008
:103C80004661696C656420746F206465636F646568
:103C90002076616C7565202865727220257A64290A
:103CA000004661696C656420746F207361766520DD
:103CB000446174616261736520486173682028659E
:103CC000727220256429006661696C656420746FD6
:103CD0002073746F7265205343202865727220250B
:103CE000642900756E61626C6520746F2073617663
:103CF000652053433A206E6F20636667206C6566CB
:103D00007400546F6F206D616E7920436C69656E2D
:103D10007420436861726163746572697374696366
:103D200020436F6E66696775726174696F6E2E20CD
:103D300053656520434F4E4649475F42545F5345A4
:103D40005454494E47535F4343435F53544F524586
:103D50005F4D41580A0076616C75655F6C656E2039
:103D60006F662025752070726F76696465642066C1
:103D70006F72204E554C4C2076616C756500666103
:103D8000696C656420746F2064656C65746520538C
:103D90004320286572722025642900556E61626C8B
:103DA0006520746F206465636F646520616464726C
:103DB00065737320257300496E76616C6964206CAD
:103DC0006F63616C206964656E7469747920256C19
:103DD0007500556E61626C6520746F207265737436
:103DE0006F72652053433A206E6F20636667206CC4
:103DF000656674004E6F20737061636520746F2078
:103E000073746F72652043434320636667004E6F8F
:103E100020737061636520746F2073746F72652006
:103E2000436C69656E7420537570706F727465644D
:103E300020466561747572657300556E61626C65CC
:103E400020746F20726573746F72652043463A2048
:103E50006E6F20636667206C656674004368616EF0
:103E600067652D6177617265207374617475732065
:103E70006E6F7420666F756E6420696E2073657452
:103E800074696E67732C2064656661756C74696E05
:103E90006720706565722073746174757320746F28
:103EA000206368616E67652D756E6177617265006C
:103EB00052656164206261636B20626164206368A3
:103EC000616E67652D61776172652076616C7565DD
:103ED0003A20307825782C2064656661756C7469A9
:103EE0006E672070656572207374617475732074D9
:103EF0006F206368616E67652D756E6177617265AD
:103F0000004661696C656420746F2073746F72651C
:103F100020436C69656E74204665617475726573C3
:103F200020286572722025642900556E61626C65D7
:103F300020746F20696D706F727420746865206BD7
:103F4000657920666F722041455320434D414320DF
:103F5000256400434D4143206F7065726174696F41
:103F60006E20696E6974206661696C6564202564E1
:103F700000434D41432066696E697368206661693C
:103F80006C65642025640062742F63636300496E6E
:103F900076616C6964206B65790052656164206D9F
:103FA0006574686F64206E6F742073657400466179
:103FB000696C656420746F2072656164206174743B
:103FC00072696275746520257020286572722025DB
:103FD0007A642900496E76616C6964207265616457
:103FE000206C656E6774683A20257A64004C696EAF
:103FF0006B206973206E6F7420656E6372797074C4
:10400000656400446576696365206973206E6F742A
:10401000207375627363726962656420746F2063D4
:1040200068617261637465726973746963004E6F6D
:104030002062756666657220617661696C61626C8A
:104040006520746F2073656E6420696E64696361B6
:1040500074696F6E00434343202570206E6F742097
:104060007772697461626C65005343207265737482
:104070006F726520696E6469636174696F6E206632
:1040800061696C6564004E6F2062756666657220BA
:10409000617661696C61626C6520746F2073656E16
:1040A00064206E6F74696669636174696F6E005530
:1040B0006E6B6E6F776E205555494420747970652C
:1040C00020257500496E76616C69642064697363AC
:1040D0006F7665727920747970653A202575005085
:1040E000617273652065727200496E76616C6964F5
:1040F0002064617461206C656E20257500506172CA
:10410000736520657272206461740050617273651A
:10411000206572722063657000506172736520655E
:1041200072722063636300506172736520657272FE
:10413000207363630050617273652065727220633F
:10414000706600496E76616C696420666F726D619D
:104150007420257500496E76616C69642068616E13
:10416000646C650042616420706565723A20415458
:104170005420726561642D62792D757569642072B1
:1041800073703A2048616E646C6520307825303455
:1041900078206973206F7574736964652072657126
:1041A0007565737465642072616E6765203078256B
:1041B0003034782D3078253034782E2041626F727B
:1041C00074696E6720726561642E00556E61626C61
:1041D0006520746F20616C6C6F63617465206C6521
:1041E0006E6774682025753A206F6E6C7920257A89
:1041F00075207772697474656E004661696C6564D8
:1042000020746F20756E73756273637269626520C6
:10421000286572722025642900496E76616C696494
:104220002064617461206C656E202575203E202518
:1042300075004661696C656420746F207365742035
:10424000736563757269747920666F7220626F6E30
:104250006465642070656572202825642900636F99
:104260006E6E20257020706172616D732025702044
:104270007265737562206661696C65642028657279
:104280007220256429004661696C656420746F2082
:1042900073746F72652043434373202865727220E4
:1042A0002564290062742F686173680062742F634B
:1042B000660062742F73630062745F6761747400D8
:1042C000556E6B6E6F776E2070616972696E6720D4
:1042D0006D6574686F6420282575290043616C63DF
:1042E000756C61746520636F6E6669726D206661BE
:1042F000696C656400556E61626C6520746F206640
:10430000696E6420534D50206368616E6E656C0069
:104310004661696C656420746F2067656E657261C3
:1043200074652044484B65790043616C63756C612A
:104330007465204C544B206661696C656400436170
:104340006C63756C617465206C6F63616C204448AC
:104350004B657920636865636B206661696C656491
:104360000043616C63756C6174652072656D6F7478
:10437000652044484B657920636865636B206661FE
:10438000696C6564004661696C656420746F2073B4
:104390007461727420656E6372797074696F6E00F7
:1043A00052656D6F7465207075626C6963206B6512
:1043B000792072656A65637465640052656D6F7417
:1043C00065206973207573696E672044656275673F
:1043D000205075626C6963206B6579005265636576
:1043E0006976656420696E76616C696420707562B7
:1043F0006C6963206B6579004E6577206175746820
:1044000020726571756972656D656E74733A2030DE
:104410007825782C20726570616972696E67005525
:104420006E737570706F7274656420617574682046
:10443000726571756972656D656E74733A20307856
:1044400025782C20726570616972696E67004E6F05
:10445000206B65797320737061636520666F7220CD
:104460002573004E6F20617661696C61626C652016
:10447000534D5020636F6E7465787420666F7220A0
:10448000636F6E6E20257000556E61626C652074DE
:104490006F20676574206B65797320666F722025C5
:1044A000730054686520696E2D70726F6772657352
:1044B000732070616972696E67206861732062653C
:1044C000656E2064656C657465642100534D5020F1
:1044D000646F6573206E6F7420616C6C6F77206100
:1044E0002070616972696E67206661696C757265BA
:1044F000206174207468697320706F696E742E2057
:104500004B6E6F776E2069737375652E20446973E7
:10451000636F6E6E656374696E6720696E73746530
:1045200061642E005075626C6963206B6579206E42
:104530006F7420617661696C61626C6500546F6FA5
:1045400020736D616C6C20534D5020504455207287
:104550006563656976656400534D5020636F6D6DCA
:10456000616E642028636F6465203078253032786E
:104570002920726563656976656420616674657279
:104580002074696D656F7574005265636569766541
:104590006420726573657276656420534D502063A4
:1045A0006F64652030782530327800556E68616E12
:1045B000646C656420534D5020636F6465203078CF
:1045C0002530327800556E657870656374656420B7
:1045D000534D5020636F6465203078253032780069
:1045E000496E76616C6964206964656E746974797A
:1045F000202573005265667573696E67206E657756
:104600002070616972696E672E20546865206F6C36
:104610006420626F6E64206D75737420626520750E
:104620006E7061697265642066697273742E0070C1
:10463000616972696E67206661696C6564202870C3
:1046400065657220726561736F6E203078257829F8
:1046500000534D502054696D656F75740062745F2E
:10466000736D70004661696C656420746F207265BB
:1046700061642076616C7565202865727220257AE8
:10468000642900556E61626C6520746F2066696EE6
:10469000642064656C65746564206B65797320665D
:1046A0006F72202573004661696C656420746F2009
:1046B000616C6C6F63617465206B65797320666FE4
:1046C0007220257300496E76616C6964206B657990
:1046D000206C656E67746820257A6420213D202552
:1046E0007A75004661696C656420746F2073617629
:1046F00065206B6579732028657272202564290016
:1047000062742F6B6579730062745F6B65797300F7
:1047100062745F63727970746F004661696C65647E
:1047200020746F20696D706F727420414553206B47
:104730006579202564004661696C656420746F208A
:10474000636F6D70757465204D4143202564006B67
:104750005F6D7367715F676574206572726F723A1F
:10476000202564004576656E742064726F707065F4
:10477000642C2071756575652066756C6C2C206ED7
:104780006F7420626C6F636B696E6720696E207353
:10479000797377712E00506172656E74206465764E
:1047A000696365206973206E6F7420726561647936
:1047B00000506172656E7420696E697469616C691C
:1047C000736174696F6E206661696C7572653A20F9
:1047D000256400556E6465726C79696E672061723C
:1047E00065612073697A6520697320696E737566E7
:1047F00066696369656E742C20726571756972658E
:10480000733A20307825782C206861733A2030780C
:10481000257800726574656E74696F6E4030007241
:104820006574656E74696F6E00626F6F746D6F642E
:104830006500757362645F776F726B7100555342E8
:1048400044206576656E7420616C6C6F6361746979
:104850006F6E206661696C65642100555342442087
:104860006576656E74206D656D6F727920636F7209
:1048700072757074656400556E6B6E6F776E20553F
:10488000534220706F776572206576656E742025BF
:1048900064006E6F742061747461636865642C20B9
:1048A000455020307825303278206576656E74204A
:1048B00064726F70706564006E52462055534244B6
:1048C000207472616E73666572206572726F7220F9
:1048D000284F5554293A20307825303278004661E7
:1048E000696C656420746F20616C6C6F6320657601
:1048F000740055534244206576656E742071756569
:1049000075652066756C6C2100556E6B6E6F776EE9
:104910002055534244206576656E743A20256864BC
:1049200000556E6578706563746564206576656EA4
:104930007420286E7266785F75736264293A202548
:10494000642C20657020307825303278005F6570E7
:104950005F7374617475735F676574206661696CF9
:1049600065642120436F64653A20256400696E7692
:10497000616C696420656E64706F696E7420636F2A
:104980006E66696775726174696F6E00696E7661D3
:104990006C696420656E64706F696E7420696E6402
:1049A00065782F6164647265737300696E76616CFB
:1049B000696420656E64706F696E742074797065C7
:1049C0000069736F20656E64706F696E7420636137
:1049D0006E206F6E6C792062652069736F004550A0
:1049E000206D6178207061636B65742073697A65EE
:1049F000206D757374206265206120706F77657219
:104A0000206F662032005354414C4C20756E7375F4
:104A100070706F72746564206F6E2049534F20650B
:104A20006E64706F696E7400456E64706F696E7449
:104A300020307825303278206973206E6F742065BD
:104A40006E61626C6564006E52462055534244208C
:104A50007772697465206572726F723A20256400FE
:104A60007573625F6E726678006E72665F757362F0
:104A7000645F636F6D6D6F6E0053656C6563746525
:104A80006420414443206761696E206973206E6F22
:104A9000742076616C69640053656C656374656449
:104AA00020414443207265666572656E63652069C6
:104AB00073206E6F742076616C69640053656C6559
:104AC000637465642041444320616371756973694F
:104AD00074696F6E2074696D65206973206E6F74E0
:104AE0002076616C696400496E76616C696420733C
:104AF000656C656374696F6E206F66206368616EB4
:104B00006E656C73004368616E6E656C2025752060
:104B10006E6F7420636F6E666967757265640041BD
:104B20004443207265736F6C7574696F6E20766193
:104B30006C7565202564206973206E6F7420766122
:104B40006C6964004F76657273616D706C696E6735
:104B500020697320737570706F7274656420666F5E
:104B6000722073696E676C65206368616E6E656C38
:104B7000206F6E6C79004F76657273616D706C6931
:104B80006E672076616C7565202564206973206EE0
:104B90006F742076616C69640050726F7669646529
:104BA000642062756666657220697320746F6F2079
:104BB000736D616C6C202825752F25752900616443
:104BC00063403430303037303030006164635F6EC2
:104BD0007266785F736161646300636C6F636B40DE
:104BE0003430303030303030006866636C6B006CCD
:104BF00066636C6B00636C6F636B5F636F6E747284
:104C00006F6C0072616E646F6D40343030306430B0
:104C1000303000656E74726F70795F62745F6863C4
:104C2000690063696E737472202530327820747263
:104C3000616E7366657220746F6F206C6F6E673A79
:104C400020257A7500636C656172004A45444543CE
:104C5000206964205B253032782025303278202589
:104C60003032785D20657870656374205B25303262
:104C700078202530327820253032785D0052445338
:104C800052206661696C65643A2025640052445381
:104C90005220666F722057525352206661696C65CC
:104CA000643A202564005145202573206661696CB3
:104CB00065643A2025640072656164206572726FD4
:104CC000723A2061646472657373206F7220736935
:104CD0007A652065786365656473206578706563BF
:104CE0007465642076616C7565732E416464723AF4
:104CF000203078256C782073697A6520257A7500D4
:104D00007772697465206572726F723A20616464AB
:104D100072657373206F722073697A65206578639A
:104D20006565647320657870656374656420766179
:104D30006C7565732E416464723A203078256C7806
:104D40002073697A6520257A750065726173652024
:104D50006572726F723A2061646472657373206F5A
:104D6000722073697A652065786365656473206570
:104D7000787065637465642076616C7565732E4127
:104D80006464723A203078256C782073697A6520E3
:104D9000257A7500756E737570706F727465642016
:104DA0006174203078256C782073697A6520257AC3
:104DB000750077616974206572726F72206174206A
:104DC0003078256C782073697A6520257A750065BE
:104DD00072617365206572726F7220617420307821
:104DE000256C782073697A6520257A7500703235D4
:104DF00071313668403000717370695F6E6F720098
:104E0000696E76616C696420616464726573733A7B
:104E10002030782530386C783A257A7500756E61C7
:104E20006C69676E656420616464726573733A20AF
:104E300030782530386C783A257A75006E6F74209A
:104E4000776F72642D616C69676E65643A203078A3
:104E50002530386C783A257A7500666C6173682D58
:104E6000636F6E74726F6C6C657240343030316594
:104E700030303000666C6173685F6E726600677018
:104E8000696F403530303030333030006770696FD3
:104E900040353030303030303000556E61626C65F6
:104EA00020746F20636F6E66696775726520696E26
:104EB0007465727275707420666F722070696E20EE
:104EC0002575206F6E202573004661696C6564202E
:104ED000746F20736574206F757470757420256904
:104EE00020746F2025693A202569004661696C6548
:104EF0006420746F20736574206F757470757420EE
:104F00002569206163746976653A202569004661E8
:104F1000696C656420746F207265616420706F72C3
:104F2000742025733A202569004661696C65642008
:104F3000746F20736574206F7574707574202569A3
:104F400020696E6163746976653A2025690025736E
:104F50003A2053656E64696E67206576656E7420CD
:104F600061742025692C256920737461746520257E
:104F700073004750494F206973206E6F742072652B
:104F80006164793A20257300556E61626C65207406
:104F90006F20636F6E6669677572652070696E2039
:104FA0002575206F6E20257320666F7220696E70E4
:104FB00075740025733A20436F6E66696775726574
:104FC000642070696E202575206F6E202573206621
:104FD0006F7220696E707574004572726F72206115
:104FE0006464696E67207468652063616C6C6261DB
:104FF000636B20746F2074686520696E707574200F
:105000006465766963653A20256900556E61626C56
:105010006520746F20636F6E6669677572652070B6
:10502000696E202575206F6E20257320666F7220B3
:105030006F75747075740025733A20436F6E6669DE
:1050400067757265642070696E202575206F6E200B
:10505000257320666F72206F7574707574004B53E2
:1050600043414E0067707265677265743240343038
:105070003030303532300067707265677265743178
:105080004034303030303531630072657461696EA0
:1050900065645F6D656D5F6E72665F677072656790
:1050A0007265740074656D70403430303063303038
:1050B000300074656D705F6E726635004661696CB4
:1050C000656420746F20616C6C6F6361746520503F
:1050D0005049204368616E6E656C00756172744062
:1050E000343030303230303000756172745F6E723F
:1050F00066785F7561727465007261775F68696474
:105100005F73656E745F6576656E74007261775F5C
:105110006869645F72656365697665645F65766515
:105120006E74004849445F31005B23207261772D23
:1051300068696420235D205365743A20556E737549
:1051400070706F72746564207265706F7274207411
:105150007970652025642072657175657374656466
:1051600000555342202D20526563656976656420A1
:1051700052617720484944207265706F7274206FC5
:1051800066206C656E67746820256900555342205F
:105190002D205265636569766564205261772048E9
:1051A0004944207265706F727400555342202D205F
:1051B00053656E64696E67205261772048494420C8
:1051C0007265706F7274206F66206C656E677468AC
:1051D00020256900555342202D2053656E64696E69
:1051E000672052617720484944207265706F72745D
:1051F000004661696C656420746F2073656E64207D
:105200007265706F72743A202569004254202D2017
:105210005265636569766564205261772048494428
:10522000207265706F7274206F66206C656E677493
:1052300068202569004254202D20526563656976F7
:1052400065642052617720484944207265706F720E
:1052500074004E6F7420636F6E6E656374656420B6
:10526000746F206163746976652070726F66696C13
:1052700065004254202D2053656E64696E6720528C
:10528000617720484944207265706F7274206F66A0
:10529000206C656E677468202569004254202D20BB
:1052A00053656E64696E67205261772048494420D7
:1052B0007265706F7274004145532D3235362D433F
:1052C0004243004145532D3139322D434243004181
:1052D00045532D3132382D434243004145532D3241
:1052E00035362D454342004145532D3139322D4548
:1052F0004342004145532D3132382D454342004150
:105300004443206661696C656420746F2072657423
:1053100072696576652041444320647269766572DE
:10532000004750494F20706F727420666F72207072
:105330006F77657220636F6E74726F6C2069732073
:105340006E6F74207265616479004661696C656492
:1053500020746F20636F6E74726F6C206665656475
:105360002025753A2025640025733A2041494E25B1
:10537000752073657475702072657475726E6564DE
:105380002025640025733A2053656C656374656459
:10539000206368616E6E656C206973206E6F742087
:1053A000737570706F727465643A2025642E0025E1
:1053B000733A204661696C656420746F20656E6184
:1053C000626C652041444320706F776572204750BE
:1053D000494F3A2025640025733A20414443207206
:1053E0006177202564207E202564206D56203D3E77
:1053F000202564206D560025733A20506572636540
:105400006E743A2025640025733A204661696C6504
:105410006420746F2072656164204144433A202502
:10542000640025733A204661696C656420746F20BE
:1054300064697361626C652041444320706F7765D5
:1054400072204750494F3A20256400766261747497
:105450000048616C74696E672073797374656D00C0
:105460003E3E3E205A455048595220464154414CF8
:10547000204552524F522025643A202573206F6EEA
:1054800020435055202564004661756C7420647576
:1054900072696E6720696E746572727570742068C7
:1054A000616E646C696E670A0043757272656E7432
:1054B000207468726561643A20257020282573295C
:1054C0000043505520657863657074696F6E0055B0
:1054D0006E68616E646C656420696E746572727565
:1054E000707400537461636B206F766572666C6FC5
:1054F00077004B65726E656C206F6F7073004B6543
:10550000726E656C2070616E6963006D61696E001A
:105510006F7300737973776F726B71002A2A2A2078
:10552000426F6F74696E67205A6570687972204F98
:1055300053206275696C642039646634623132626A
:1055400035616633202A2A2A0A006E616E00286EB1
:10555000756C6C29007A6D6B5F6D6F7573655F702C
:1055600073325F696E69745F746872656164007A32
:105570006D6B5F6D6F7573655F7073325F696E69B8
:1055800074007A6D6B5F6D6F7573655F7073325FFA
:10559000696E69745F706F7765725F6F6E5F726559
:1055A000736574007A6D6B5F6D6F7573655F707393
:1055B000325F73657474696E67735F696E697400D6
:1055C0007A6D6B5F6D6F7573655F7073325F736556
:1055D0007474696E67735F736176655F7365747405
:1055E000696E67007A6D6B5F6D6F7573655F707361
:1055F000325F74705F7365745F636F6E6669675F57
:105600006F7074696F6E007A6D6B5F6D6F75736527
:105610005F7073325F73656E645F636D64007A6D93
:105620006B5F6D6F7573655F7073325F6163746913
:10563000766974795F70726F636573735F636D64AD
:10564000007A6D6B5F6D6F7573655F7073325F614C
:10565000637469766974795F7061636B65745F7494
:10566000696D6F7574007A6D6B5F706879736963CB
:10567000616C5F6C61796F7574735F6B7363616E7E
:105680005F70726F636573735F6D736771007A6DBE
:105690006B5F6576656E745F6D616E616765725F85
:1056A00068616E646C655F66726F6D0001006170A9
:1056B000706C795F636F6E666967007363616C65B8
:1056C0005F76616C0068616E646C655F6B657963C1
:1056D0006F64655F73746174655F6368616E67654D
:1056E00064007570646174655F6C617965725F7385
:1056F000746174650068616E646C655F706F736976
:1057000074696F6E5F73746174655F6368616E67FF
:1057100065640068616E646C655F6C617965725F79
:1057200073746174655F6368616E67656400686166
:105730006E646C655F73746174655F6368616E67E6
:1057400065645F6469737061746368657200636D3A
:105750005F68616E646C655F6576656E74007A6D16
:105760006B5F696E7075745F73706C69745F72657E
:10577000706F72745F7065726970686572616C5F7A
:105780006576656E74007A6D6B5F6869645F6D6FD6
:105790007573655F636C656172007A6D6B5F6869D4
:1057A000645F6D6F7573655F7363726F6C6C5F734D
:1057B0006574007A6D6B5F6869645F6D6F757365A2
:1057C0005F6D6F76656D656E745F736574007A6D7D
:1057D0006B5F6869645F6D6F7573655F6275747424
:1057E0006F6E5F72656C65617365007A6D6B5F6883
:1057F00069645F6D6F7573655F627574746F6E5FFA
:105800007072657373007A6D6B5F6869645F696D50
:10581000706C696369745F6D6F64696669657273E2
:105820005F72656C65617365007A6D6B5F68696452
:105830005F696D706C696369745F6D6F64696669D7
:105840006572735F7072657373007A6D6B5F686900
:10585000645F756E72656769737465725F6D6F649E
:10586000007A6D6B5F6869645F7265676973746500
:10587000725F6D6F64006F6E5F6B65796D61705FF5
:1058800062696E64696E675F7072657373656400E8
:105890006F6E5F6B65796D61705F62696E64696E72
:1058A000675F72656C6561736564006F6E5F686FDA
:1058B0006C645F7461705F62696E64696E675F706B
:1058C000726573736564006465636964655F7265BE
:1058D00074726F5F746170006F6E5F686F6C645F8D
:1058E0007461705F62696E64696E675F72656C6532
:1058F00061736564006B6579636F64655F73746180
:1059000074655F6368616E6765645F6C6973746515
:105910006E65720072656C656173655F636170745A
:10592000757265645F6576656E747300646563693E
:1059300064655F686F6C645F74617000757064614A
:1059400074655F686F6C645F7374617475735F66B0
:105950006F725F726574726F5F74617000706F73E5
:105960006974696F6E5F73746174655F6368616E9B
:105970006765645F6C697374656E6572006D6F5FF7
:105980006B65796D61705F62696E64696E675F7087
:10599000726573736564006D6F5F6B65796D6170BF
:1059A0005F62696E64696E675F72656C656173657D
:1059B000640000746F675F6B65796D61705F626929
:1059C0006E64696E675F7072657373656400746F8F
:1059D000675F6B65796D61705F62696E64696E6740
:1059E0005F72656C65617365640002016F6E5F6B69
:1059F00065796D61705F62696E64696E675F707210
:105A00006573736564006F6E5F6B65796D61705F60
:105A100062696E64696E675F72656C656173656407
:105A2000007570646174655F6D6F76656D656E7429
:105A30005F3164006F6E5F6B65796D61705F626985
:105A40006E64696E675F70726573736564006F6E14
:105A50005F6B65796D61705F62696E64696E675FC7
:105A600072656C6561736564006265686176696F13
:105A7000725F696E7075745F74776F5F6178697358
:105A80005F61646A7573745F737065656400636FEA
:105A90006D626F5F74696D656F75745F68616E6468
:105AA0006C65720072656C656173655F70726573B9
:105AB0007365645F6B6579730066696C7465725FAA
:105AC00063616E646964617465730066696C7465B2
:105AD000725F74696D65645F6F75745F63616E6436
:105AE00069646174657300706F736974696F6E5F68
:105AF00073746174655F646F776E00636F6E646961
:105B000074696F6E616C5F6C617965725F64656109
:105B10006374697661746500636F6E646974696F3C
:105B20006E616C5F6C617965725F616374697661E7
:105B3000746500656E64706F696E745F736574740C
:105B4000696E67735F736574007A6D6B5F656E6411
:105B5000706F696E745F73656E645F7265706F728B
:105B600074006765745F73656C65637465645F7406
:105B700072616E73706F7274007A6D6B5F656E64C4
:105B8000706F696E745F7365745F7072656665725D
:105B90007265645F7472616E73706F7274006869AD
:105BA000645F6C697374656E65725F6B6579636F52
:105BB00064655F72656C6561736564006869645FE4
:105BC0006C697374656E65725F6B6579636F64652C
:105BD0005F70726573736564007A6D6B5F6B657976
:105BE0006D61705F706F736974696F6E5F737461FC
:105BF00074655F6368616E676564007A6D6B5F6B87
:105C000065796D61705F6170706C795F706F7369D9
:105C100074696F6E5F7374617465007365745F6C33
:105C2000617965725F737461746500626C655F7041
:105C3000726F66696C65735F68616E646C655F73D3
:105C40006574007A6D6B5F626C655F726561647923
:105C500000636F6E6E656374656400646973636F7F
:105C60006E6E6563746564006C655F706172616D12
:105C70005F757064617465640073656375726974DF
:105C8000795F6368616E67656400617574685F70F1
:105C9000616972696E675F616363657074006175E5
:105CA00074685F63616E63656C00617574685F70D2
:105CB000616972696E675F636F6D706C65746500B2
:105CC0007A6D6B5F626C655F7075745F7065726929
:105CD00070686572616C5F61646472007A6D6B5F9D
:105CE000626C655F70726F665F646973636F6E6E1E
:105CF000656374007A6D6B5F626C655F70726F666E
:105D00005F70726576007A6D6B5F626C655F707252
:105D10006F665F6E657874007A6D6B5F626C655F4D
:105D200070726F665F73656C656374007A6D6B5F2C
:105D3000626C655F636C6561725F616C6C5F626F02
:105D40006E6473007A6D6B5F626C655F636C656136
:105D5000725F626F6E6473007570646174655F6119
:105D600064766572746973696E67007365745F70D9
:105D7000726F66696C655F616464726573730073EA
:105D8000656E645F6D6F7573655F7265706F727459
:105D90005F63616C6C6261636B0073656E645F630B
:105DA0006F6E73756D65725F7265706F72745F632D
:105DB000616C6C6261636B0073656E645F6B6579C7
:105DC000626F6172645F7265706F72745F63616C41
:105DD0006C6261636B0005010906A101850105077D
:105DE00019E029E7150025017501950881020507CD
:105DF0007508950181030507150026FF0019002984
:105E0000FF750895068100C0050C0901A1018502F6
:105E1000050C150026FF0F19002AFF0F75109506B7
:105E20008100C005010902A10185030901A1000546
:105E300009190129051500250175019505810275CE
:105E4000039501810305010930093116008026FF01
:105E50007F751095028106A102093816008026FF81
:105E60007F35004500751095018106C0A102050C23
:105E70000A380216008026FF7F3500450075109510
:105E8000018106C0C0C07A6D6B5F62617474657217
:105E9000795F757064617465007A6D6B5F626174BF
:105EA000746572795F776F726B0070657269706884
:105EB0006572616C5F6576656E745F776F726B5F3C
:105EC00063616C6C6261636B0073706C69745F62B8
:105ED000745F696E766F6B655F6265686176696F26
:105EE000725F7061796C6F61640073706C69745F6C
:105EF00063656E7472616C5F7375627363726962FD
:105F0000650073706C69745F63656E7472616C5F59
:105F10006E6F746966795F66756E630073706C6925
:105F2000745F63656E7472616C5F626174746572D4
:105F3000795F6C6576656C5F6E6F746966795F66B4
:105F4000756E630073706C69745F63656E74726103
:105F50006C5F626174746572795F6C6576656C5FA5
:105F6000726561645F66756E630070657269706802
:105F70006572616C5F696E7075745F6576656E746D
:105F80005F6E6F746966795F63620073706C6974C9
:105F90005F63656E7472616C5F636872635F64698E
:105FA00073636F766572795F66756E630073706C8C
:105FB00069745F63656E7472616C5F736572766934
:105FC00063655F646973636F766572795F66756E2A
:105FD000630073706C69745F63656E7472616C5F8B
:105FE00070726F636573735F636F6E6E6563746900
:105FF0006F6E0073706C69745F63656E7472616C50
:106000005F636F6E6E65637465640073746F705F59
:106010007363616E6E696E670073706C69745F6341
:10602000656E7472616C5F6569725F666F756E64D0
:106030000073706C69745F63656E7472616C5F6528
:1060400069725F70617273650073706C69745F630D
:10605000656E7472616C5F6465766963655F666FB7
:10606000756E640073746172745F7363616E6E69E0
:106070006E670073706C69745F63656E7472616CD7
:106080005F646973636F6E6E6563746564007370DB
:106090006C69745F63656E7472616C5F7365637560
:1060A000726974795F6368616E6765640073706CB0
:1060B00069745F63656E7472616C5F73706C697430
:1060C0005F72756E5F63616C6C6261636B007265B9
:1060D0006C656173655F7065726970686572616C2B
:1060E0005F736C6F7400022A48C2B1CFC567C907DD
:1060F00071960000000000706572697068657261D9
:106100006C5F626174745F6C766C5F6C69737465EC
:106110006E65720073656C6563745F666972737433
:106120005F617661696C61626C655F7472616E73E8
:10613000706F7274007472616E73706F72745F73DB
:1061400074617475735F6368616E6765645F6362D1
:10615000007A6D6B5F7573625F6765745F636F6E06
:106160006E5F73746174650005010906A101850104
:10617000050719E029E71500250175019508810239
:1061800005077508950181030507150026FF00190D
:106190000029FF750895068100C0050C0901A101C1
:1061A0008502050C150026FF0F19002AFF0F751038
:1061B00095068100C005010902A10185030901A11D
:1061C00000050919012905150025017501950581AD
:1061D000027503950181030501093009311600801C
:1061E00026FF7F751095028106A1020938160080EE
:1061F00026FF7F35004500751095018106C0A1027C
:10620000050C0A380216008026FF7F350045007510
:106210001095018106C0C0C000070E091C1B121595
:10622000383F363124232A2D206D657373616765ED
:10623000732064726F70706564202D2D2D0D0A1B04
:106240005B306D001B5B313B33316D2D2D2D2000FC
:10625000000101030100030100FFFFFFFFFFFF003A
:10626000000000000000FFFFFFFFFFFF0000000034
:106270000000303132333435363738396162636487
:1062800065660002FB349B5F800000800010000008
:1062900000000000000909090901020909090909AA
:1062A0000909090909090709090909090609090963
:1062B0000909090909090909090909090905010261
:1062C00004030502000AE69D350E480103CCDBFD00
:1062D000F4AC1191F4EFB9A5F9E9A7832C5E2CBEBB
:1062E00097F2D203B0208BD28915D08E1C74243043
:1062F000ED8FC24563765C15525ABF9A32636DEBDF
:106300002A65499C80DC01010101010203020203AC
:10631000040005061F1F2918120308020305080AB6
:10632000000801030401050405090607010106062A
:106330000800000100010003010003020201000245
:10634000000000000002030100036C888391AAF59D
:10635000A53860370BDB5A6083BE010002030601DB
:1063600005010401070203010502020103020504FD
:10637000010101020103010401060108010C0110E1
:1063800001180120014001806B7363616E5F6D61D4
:10639000747269785F72656164006B7363616E5FCC
:1063A0006D61747269785F696E69745F6F7574701E
:1063B00075745F696E7374006B7363616E5F6D619A
:1063C000747269785F696E69745F696E7075745F05
:1063D000696E737400000102030405060773657497
:1063E0005F7265706F72745F63620073656E645F85
:1063F0007265706F7274000660FF0961A10115007B
:1064000026FF00750895200901810209029102C04A
:1064100073656E645F7265706F7274007772697411
:10642000655F686964735F7261775F6869645F72F2
:1064300065706F7274000660FF0961A10115002686
:10644000FF00750895200901810209029102C00030
:10645000203030303030303030303030303030007C
:106460000152096AD53036A538BF40A39E81F3D7C3
:10647000FB7CE339829B2FFF87348E4344C4DEE9E3
:10648000CB547B9432A6C2233DEE4C950B42FAC30B
:106490004E082EA16628D924B2765BA2496D8BD115
:1064A0002572F8F66486689816D4A45CCC5D65B64F
:1064B000926C704850FDEDB9DA5E154657A78D9D78
:1064C0008490D8AB008CBCD30AF7E45805B8B34528
:1064D00006D02C1E8FCA3F0F02C1AFBD0301138A25
:1064E0006B3A9111414F67DCEA97F2CFCEF0B4E6F8
:1064F0007396AC7422E7AD3585E2F937E81C75DF99
:106500006E47F11A711D29C5896FB7620EAA18BEB0
:106510001BFC563E4BC6D279209ADBC0FE78CD5A82
:10652000F41FDDA8338807C731B11210592780EC5A
:106530005F60517FA919B54A0D2DE57A9F93C99CDB
:10654000EFA0E03B4DAE2AF5B0C8EBBB3C835399BE
:1065500061172B047EBA77D626E169146355210CA6
:106560007D637C777BF26B6FC53001672BFED7AB09
:1065700076CA82C97DFA5947F0ADD4A2AF9CA47205
:10658000C0B7FD9326363FF7CC34A5E5F171D8317D
:106590001504C723C31896059A071280E2EB27B2A9
:1065A0007509832C1A1B6E5AA0523BD6B329E32FD0
:1065B0008453D100ED20FCB15B6ACBBE394A4C5804
:1065C000CFD0EFAAFB434D338545F9027F503C9F66
:1065D000A851A3408F929D38F5BCB6DA2110FFF385
:1065E000D2CD0C13EC5F974417C4A77E3D645D19B0
:1065F0007360814FDC222A908846EEB814DE5E0B71
:10660000DBE0323A0A4906245CC2D3AC629195E4DD
:1066100079E7C8376D8DD54EA96C56F4EA657AAE28
:1066200008BA78252E1CA6B4C6E8DD741F4BBD8BB6
:106630008A703EB5664803F60E613557B986C11DAE
:106640009EE1F8981169D98E949B1E87E9CE552852
:10665000DF8CA1890DBFE6426841992D0FB054BB74
:106660001610141400001C2030401C2000001C20B8
:1066700030406276645F696E6974006276645F734D
:10668000616D706C655F666574636800F8990600FB
:10669000FC990600009A0600049A0600089A060073
:1066A0006C9D0600A0A80600A4A80600A8A80600E5
:1066B000ACA806004CAA060050AA060058AA06007C
:1066C000C8C90600CCC90600A0A806002899060083
:1066D000049A06003C990600009A06003C990600C0
:1066E000A0A80600649B0600A8A80600909C0600CF
:1066F000009A0600909C0600A8A806003C9D060093
:10670000009A06003C9D0600A0A80600649D0600B5
:10671000ACA80600689D0600089A0600689D060061
:10672000A8A80600709D0600009A0600749D060049
:10673000FC99060054AA0600F899060070AA060003
:106740004CAA060074AA0600C8C90600D0C90600F3
:08675000C8C90600F4C90600E7
:106758000000000000000000000000000000000031
:106768000000000000000000000000000000000021
:106778000000000000000000000000000000000011
:106788000000000000000000000000000000000001
:1067980000000000000000000000000000000000F1
:1067A80000000000000000000000000000000000E1
:1067B80000000000000000000000000000000000D1
:1067C80000000000000000000000000000000000C1
:1067D80000000000000000000000000000000000B1
:1067E80000000000000000000000000000000000A1
:1067F8000000000000000000000000000000000091
:106808000000000000000000000000000000000080
:106818000000000000000000000000000000000070
:106828000000000000000000000000000000000060
:106838000000000000000000000000000000000050
:106848000000000000000000000000000000000040
:106858000000000000000000000000000000000030
:106868000000000000000000000000000000000020
:106878000000000000000000000000000000000010
:106888000000000000000000000000000000000000
:1068980000000000000000000000000000000000F0
:1068A80000000000000000000000000000000000E0
:1068B80000000000000000000000000000000000D0
:1068C80000000000000000000000000000000000C0
:1068D80000000000000000000000000000000000B0
:1068E80000000000000000000000000000000000A0
:1068F8000000000000000000000000000000000090
:10690800000000000000000000000000000000007F
:10691800000000000000000000000000000000006F
:10692800000000000000000000000000000000005F
:10693800000000000000000000000000000000004F
:10694800000000000000000000000000000000003F
:10695800000000000000000000000000000000002F
:10696800000000000000000000000000000000001F
:10697800000000000000000000000000000000000F
:1069880000000000000000000000000000000000FF
:1069980000000000000000000000000000000000EF
:1069A80000000000000000000000000000000000DF
:1069B80000000000000000000000000000000000CF
:1069C80000000000000000000000000000000000BF
:1069D80000000000000000000000000000000000AF
:1069E800000000000000000000000000000000009F
:1069F800000000000000000000000000000000008F
:106A0800000000000000000000000000000000007E
:106A1800000000000000000000000000000000006E
:106A2800000000000000000000000000000000005E
:106A3800000000000000000000000000000000004E
:106A4800000000000000000000000000000000003E
:106A5800000000000000000000000000000000002E
:106A6800000000000000000000000000000000001E
:106A7800000000000000000000000000000000000E
:106A880000000000000000000000000000000000FE
:106A980000000000000000000000000000000000EE
:106AA80000000000000000000000000000000000DE
:106AB80000000000000000000000000000000000CE
:106AC80000000000000000000000000000000000BE
:106AD80000000000000000000000000000000000AE
:106AE800000000000000000000000000000000009E
:106AF800000000000000000000000000000000008E
:106B0800000000000000000000000000000000007D
:106B1800000000000000000000000000000000006D
:106B2800000000000000000000000000000000005D
:106B3800000000000000000000000000000000004D
:106B4800000000000000000000000000000000003D
:106B5800000000000000000000000000000000002D
:106B6800000000000000000000000000000000001D
:106B7800000000000000000000000000000000000D
:106B880000000000000000000000000000000000FD
:106B980000000000000000000000000000000000ED
:106BA80000000000000000000000000000000000DD
:106BB80000000000000000000000000000000000CD
:106BC80000000000000000000000000000000000BD
:106BD80000000000000000000000000000000000AD
:106BE800000000000000000000000000000000009D
:106BF800000000000000000000000000000000008D
:106C0800000000000000000000000000000000007C
:106C1800000000000000000000000000000000006C
:106C2800000000000000000000000000000000005C
:106C3800000000000000000000000000000000004C
:106C4800000000000000000000000000000000003C
:106C5800000000000000000000000000000000002C
:106C6800000000000000000000000000000000001C
:106C7800000000000000000000000000000000000C
:106C880000000000000000000000000000000000FC
:106C980000000000000000000000000000000000EC
:106CA80000000000000000000000000000000000DC
:106CB80000000000000000000000000000000000CC
:106CC80000000000000000000000000000000000BC
:106CD80000000000000000000000000000000000AC
:106CE800000000000000000000000000000000009C
:106CF800000000000000000000000000000000008C
:106D0800000000000000000000000000000000007B
:106D1800000000000000000000000000000000006B
:106D2800000000000000000000000000000000005B
:106D3800000000000000000000000000000000004B
:106D4800000000000000000000000000000000003B
:106D5800000000000000000000000000000000002B
:106D6800000000000000000000000000000000001B
:106D7800000000000000000000000000000000000B
:106D880000000000000000000000000000000000FB
:106D980000000000000000000000000000000000EB
:106DA80000000000000000000000000000000000DB
:106DB80000000000000000000000000000000000CB
:106DC80000000000000000000000000000000000BB
:106DD80000000000000000000000000000000000AB
:106DE800000000000000000000000000000000009B
:106DF800000000000000000000000000000000008B
:106E0800000000000000000000000000000000007A
:106E1800000000000000000000000000000000006A
:106E2800000000000000000000000000000000005A
:106E3800000000000000000000000000000000004A
:106E4800000000000000000000000000000000003A
:106E5800000000000000000000000000000000002A
:106E6800000000000000000000000000000000001A
:106E7800000000000000000000000000000000000A
:106E880000000000000000000000000000000000FA
:106E980000000000000000000000000000000000EA
:106EA80000000000000000000000000000000000DA
:106EB80000000000000000000000000000000000CA
:106EC80000000000000000000000000000000000BA
:106ED80000000000000000000000000000000000AA
:106EE800000000000000000000000000000000009A
:106EF800000000000000000000000000000000008A
:106F08000000000000000000000000000000000079
:106F18000000000000000000000000000000000069
:106F28000000000000000000000000000000000059
:106F38000000000000000000000000000000000049
:106F48000000000000000000000000000000000039
:106F58000000000000000000000000000000000029
:106F68000000000000000000000000000000000019
:106F78000000000000000000000000000000000009
:106F880000000000000000000000000000000000F9
:106F980000000000000000000000000000000000E9
:106FA80000000000000000000000000000000000D9
:106FB80000000000000000000000000000000000C9
:106FC80000000000000000000000000000000000B9
:106FD80000000000000000000000000000000000A9
:106FE8000000000000000000000000000000000099
:106FF8000000000000000000000000000000000089
:107008000000000000000000000000000000000078
:107018000000000000000000000000000000000068
:107028000000000000000000000000000000000058
:107038000000000000000000000000000000000048
:107048000000000000000000000000000000000038
:107058000000000000000000000000000000000028
:107068000000000000000000000000000000000018
:107078000000000000000000000000000000000008
:1070880000000000000000000000000000000000F8
:1070980000000000000000000000000000000000E8
:1070A80000000000000000000000000000000000D8
:1070B80000000000000000000000000000000000C8
:1070C80000000000000000000000000000000000B8
:1070D80000000000000000000000000000000000A8
:1070E8000000000000000000000000000000000098
:1070F8000000000000000000000000000000000088
:107108000000000000000000000000000000000077
:107118000000000000000000000000000000000067
:107128000000000000000000000000000000000057
:107138000000000000000000000000000000000047
:107148000000000000000000000000000000000037
:107158000000000000000000000000000000000027
:107168000000000000000000000000000000000017
:107178000000000000000000000000000000000007
:1071880000000000000000000000000000000000F7
:107198000000000000000000648006610800000094
:1071A80029CD02006BFD0500000000000000000072
:1071B80000000000000000000000000000000000C7
:1071C80000000000000000000000000000000000B7
:1071D80000000000000000000000000000000000A7
:1071E8000000000000000000000000000000000097
:1071F8000000000000000000000000000000000087
:107208000000000000000000000000000000000076
:107218000000000000000000000000000000000066
:107228000000000000000000000000000000000056
:107238000000000000000000000000000000000046
:107248000000000000000000000000000000000036
:107258000000000000000000000000000000000026
:107268000000000000000000000000000000000016
:107278000000000000000000000000000000000006
:1072880000000000000000000000000000000000F6
:1072980000000000000000000000000000000000E6
:1072A80000000000000000000000000000000000D6
:1072B80000000000000000000000000000000000C6
:1072C80000000000000000000000000000000000B6
:1072D80000000000000000000000000000000000A6
:1072E8000000000000000000000000000000000096
:1072F8000000000000000000000000000000000086
:107308000000000000000000000000000000000075
:1073180051C802007DC70200000000800000000084
:1073280000000080FFFFFFFF00000080FFFFFFFF5D
:1073380000000080FFFFFFFF0000000000000000C9
:107348000000000000000000000000000000000035
:107358000000000000000000000000000000000025
:107368000000000000000000000000000000000015
:107378000000000000000000000000000000000005
:1073880000000000000000000000000000000000F5
:1073980000000000000000000000000000000000E5
:1073A80000000000000000000000000000000000D5
:1073B80000000000000000000000000000000000C5
:1073C80000000000F8120020D812002000C20100BE
:1073D800000008000000000000000000000000009D
:1073E8000000000000000000000000000000000095
:1073F8000000000000000000000000000000000085
:107408000000000000000000000000000000000074
:107418000000000000000000000000000000000064
:107428000000000000000000000000000000000054
:107438000000000000000000000000000000000044
:107448000000000000000000000000000000000034
:107458000000000000000000000000000000000024
:107468000000000000000000000000000000000014
:107478000000000000000000000000000000000004
:1074880000000000000000000000000000000000F4
:1074980000000000000000000000000000000000E4
:1074A80000000000000000000000000000000000D4
:1074B80035AF0300000000000000000000000000DD
:1074C80000000000000000000000000000000000B4
:1074D80000000000000000000000000000000000A4
:1074E8000000000000000000000000000000000094
:1074F8000000000000000000000000000000000084
:107508000000000000000000000000000000000073
:107518000000000000000000000000000000000063
:107528000000000000000000000000000000000053
:107538000000000000000000000000000000000043
:107548000000000000000000000000000000000033
:10755800000000007C8A0600000000000000000017
:107568000000000000000000000000000000000013
:107578001F00000000000000FFFFFFFFFF1F0000CA
:1075880000000000000000000000000000000000F3
:10759800A5E4050000000000000000000000000055
:1075A800500E0020500E00204F5206000000000030
:1075B80000000000000000000000000000000000C3
:1075C800700E0020700E0020000000000100000076
:1075D800800E0020800E0020880E0020880E0020DB
:1075E8000000000001000000980E0020980E002006
:1075F8000000000000000000000000000000000083
:107608000000000000000000000000000000000072
:107618000000000000000000000000000000000062
:107628000000000000000000000000000000000052
:1076380000000000A4170020040000000000000063
:107648000000000000000000000000000000000032
:107658000000000000000000000000000000000022
:107668000000000000000000000000000000000012
:10767800F09A002000000000000000000000000058
:10768800FAA3002000000000BDEA06000000000088
:107698000000000065D702000000000000000000A4
:1076A800000000000A00000014000000280000008C
:1076B8003C0000005000000064000000C80000000A
:1076C800000000006FFE0500000000000000000040
:1076D8000000000005E002000000000000000000BB
:1076E8000000000000000000000000000000000092
:1076F8000100000014A30020010000000CA30020DA
:107708000000000000000000000000000000000071
:107718000100000024A30020010000001CA3002099
:10772800E1EB02000000000071EE02000000000022
:1077380000000000A5F00200ED2403000000000096
:1077480000000000000000002D22030000000000DF
:10775800000000000000000000000000091E0300F7
:1077680000000000A12503003D1F030000000000E9
:1077780000000000E11E030000000000551E030089
:107788000000000000000000B932070000000000FF
:107798000000000029200300F1260300000000007B
:1077A8000000000000000000D103060000000000F7
:1077B8000000000000000000BD03060000000000FB
:1077C80000000000190200003E190020010100001D
:1077D8003D190020020400003919002000000000B3
:1077E8005D2C030000000000000000000000000005
:1077F800B92B03000000000000000000000000009A
:10780800192B03000000000000000000B4D506009A
:10781800000004000000000000000000000000005C
:107828000000000000000000000000000000000050
:107838000000000000000000000000000000000040
:107848000000000000000000000000000000000030
:1078580000000000D5030600000000000000000042
:10786800C8D506000000120000000000000000005B
:107878000000000000000000000000000000000000
:1078880000000000000000000000000000000000F0
:1078980000000000000000000000000000000000E0
:1078A8000000000000000000D503060000000000F2
:1078B80000000000DCD506000000120000000000F7
:1078C80000000000000000000000000000000000B0
:1078D80000000000000000000000000000000000A0
:1078E8000000000000000000000000000000000090
:1078F800000000000000000000000000D5030600A2
:107908000000000000000000F0D506000000120092
:10791800FCD506000000020008D6060000000200A0
:1079280000000000752F03000000000000000000A8
:107938003D1907000000000000000000B704060021
:1079480011310300000000000000000000000000EA
:107958002D3503000000000000000000E54603008C
:107968000D460300000000000000000000000000B9
:10797800000000006538030000000000000000005F
:10798800000000000D3503000000000000000000AA
:1079980000000000D53003000000000000000000D7
:1079A800000000004D33030000000000000000004C
:1079B80000000000000000000000000000000000BF
:1079C80000000000000000000000000000000000AF
:1079D800000000000000000000000000000000009F
:1079E800000000000000000000000000000000008F
:1079F8003D490300000000000000000030D60600EA
:107A0800000012000000000047050600000000000A
:107A18000000000099090600591806005CAB060032
:107A28000000000094AB060044180120000000008C
:107A3800000000000000000000000000000000003E
:107A48000000000000040000441C012000000000A9
:107A5800000000000000000000000000000000001E
:107A68000000000000040000FD7903008000000011
:107A7800D976030000000000D976030080000000DA
:107A88004CD606000000020058D60600000002008E
:107A980064D606000000020000000000000000009C
:107AA80000000000000000000000000000000000CE
:107AB80000000000000000000000000000000000BE
:107AC80000000000000000000000000000000000AE
:107AD8000000000000000000357D030000000000E9
:107AE8000000000080D60600000012009D810300FF
:107AF800000000006120060000000000452006008C
:107B080000000000A922060000000000000000009C
:107B1800C0130020C0130020000000000000000077
:107B28000E000000B1920300800000000000000079
:107B3800F9970300000000000000000000000000AA
:107B48002F290600000000000000000000000000CF
:107B5800359F030000000000000000000000000046
:107B6800D1CA03000000000000000000000000006F
:107B780091C90300000000000000000000000000A0
:107B880009D603000000000000000000000000000B
:107B9800A1CE030000000000000000004C140020EB
:107BA8004C14002000000000000000002DE8030035
:107BB800F5F50300333B060000000000000000005C
:107BC80099ED0300533906008138060049E60300A1
:107BD800000000000000000000000000000000009D
:107BE8000000000000000000BD1E040000000000AE
:107BF80000000000000000006948060000000000C6
:107C080000000000000000009CD6060000000200F2
:107C1800A8D6060000000A00B8D60600000020001A
:107C2800000000000000000000000000000000004C
:107C3800000000000000000000000000000000003C
:107C4800000000000000000000000000000000002C
:107C5800000000000000000000000000000000001C
:107C6800000000002943060000000000CCD60600F2
:107C780000000200D8D6060000000200E4D6060084
:107C880000000A0034150020341500200000000010
:107C9800000000000E0000004815002048150020D4
:107CA800693604000000000000000000D86C0020C5
:107CB800000000002973040000000000E06C0020B0
:107CC800000000002963040000000000E86C0020A8
:107CD80000000000651C050000000000F06C00209A
:107CE80000000000651C050000000000F86C002082
:107CF80000000000815F0400000000003C7E0020BE
:107D0800000000002D29050000000000447E00202E
:107D180000000000651C0500000000004C7E0020EB
:107D2800000000001D86040000000000D87E00202E
:107D3800000000004931050000000000EC7E002032
:107D480000000000A592040000000000F47E00205E
:107D580000000000651C050000000000FC7E0020FB
:107D6800000000003D94040000000000047F002093
:107D7800000000006DA004000000000068810020E1
:107D88000000000048830020000000002885002033
:107D9800000000004889002000000000513D050057
:107DA800000000005089002000000000D13D0500BF
:107DB80000000000EC8A00200000000045190500C2
:107DC800000000000C8B002000000000651C05006E
:107DD80000000000E08B002000000000651C05008A
:107DE80000000000E88B00200000000099A80200B5
:107DF80000000000388F002000000000B14F040090
:107E080000000000308F002000000000B14F040087
:107E180000000000288F002000000000E94B04004B
:107E280000000000208F002000000000B14F040077
:107E380000000000188F002000000000E94B04003B
:107E480000000000108F002000000000B14F040067
:107E58008001000000000000DD680500000000004F
:107E68000000000000000000D175050000000000BF
:107E7800201700202017002001000000010000004A
:107E8800301700203017002038170020381700203E
:107E980000000000010000004817002048170020DB
:107EA80000000000000000000000000000000000CA
:107EB800FD8505000000000094870600040000000E
:107EC8000000000094870600050000000100000083
:107ED8007C8706000F000000020000007C87060077
:107EE8000E000000030000007C8706000D00000063
:107EF8000400000094870600020020000000000033
:107F08009487060003002000010000009487060003
:107F18001C00200002000000948706001D002000BD
:107F2800030000000001000000000000375B0600AD
:107F3800000000004038000000010300FC1700208A
:107F48000000000000000000000000000000000029
:107F58000000000048A600202000000000000000EB
:107F6800000000000ED70600000004001ED706001F
:107F780000000E0032D70600000012003ED70600AF
:107F8800000002004AD706000000020000000000BE
:107F980000000000000000000000000000000000D9
:107FA80000000000000000000000000000000000C9
:107FB80000000000000000000000000000000000B9
:107FC80000000000000000000000000000000000A9
:107FD8000000000000000000000000000000000099
:107FE8000000000000000000000000000000000089
:107FF8000000000000000000000000000800000071
:10800800FF00000000000000030000000000000066
:108018003FC00F00A0D30600C18F0300AD220600A9
:10802800948A060000000000000000000000000024
:108038000000000000000000000000000000000038
:108048000000000000000000F8180020F8180020C8
:108058000600080000002C011000000001000000CC
:10806800A8021002FF7FFF030000000000000000CC
:1080780000020000000000000000000000000100F5
:1080880000000000000000010112180F1806C103CB
:10809800030102010101000000030B01501D5E6194
:0C80A80001006401000100020000000360
:1080B40000000000000000000000000000000000BC
:1080C40000000000000000000000000000000000AC
:1080D400000000000000000000000000000000009C
:1080E400000000000000000000000000000000008C
:1080F400000000000000000000000000000000007C
:0A8104000000000000000000000071
:10811000000000000000000000000000000000005F
:10812000000000000000000000000000000000004F
:10813000000000000000000000000000000000003F
:10814000000000000000000000000000000000002F
:10815000000000000000000000000000000000001F
:10816000000000000000000000000000000000000F
:1081700000000000000000000000000000000000FF
:1081800000000000000000000000000000000000EF
:1081900000000000000000000000000000000000DF
:1081A00000000000000000000000000000000000CF
:0481B00000000000CB
:1081B8000000000000000000A5E405000000000029
:1081C8000000000000000000781A0020781A002043
:1081D8008DDF020000000000000000000000000029
:1081E8000000000000000000000000000000000087
:1081F800A5E40500000000000000000000000000E9
:10820800B01A0020B01A0020AD2E030000000000B4
:108218000000000000000000000000000000000056
:10822800D01A0020D01A0020E4120120000000001B
:10823800060000002C00000000000000EC1A0020DE
:10824800EC1A002000FB00200000000006000000DF
:10825800B000000000000000081B0020081B0020E0
:10826800C4150120000000002000000014000000D8
:1082780000000000241B0020241B0020EC13012018
:10828800000000000A0000001C00000000000000C0
:10829800401B0020401B00200000000000000000E0
:1082A8000E000000541B0020541B0020000000009A
:1082B800000000000E000000681B0020681B002062
:0C82C80000000000000000000E0000009C
:1082D4007C1B00207C1B00200C0000001000000010
:1082E40004150120C41501200415012004150120E2
:1082F40000000000A01B0020A01B002000000000C4
:10830400AC1B0020AC1B00200E0000000500000088
:1083140094010120DA01012094010120940101203B
:1083240000000000D01B0020D01B00200000000033
:10833400DC1B0020DC1B00200C00000004000000FB
:1083440020FF002050FF002020FF002020FF0020FD
:1083540000000000001C0020001C002000000000A1
:108364000C1C00200C1C0020020000000400000073
:1083740050FF002058FF002050FF002050FF002035
:1083840000000000301C0020301C00200000000011
:108394003C1C00203C1C00200C00000005000000D8
:1083A4000C000120480001200C0001200C000120D9
:1083B40000000000601C0020601C00200000000081
:1083C4006C1C00206C1C002008000000140000003D
:1083D40048000120E8000120480001204800012055
:1083E40000000000901C0020901C002000000000F1
:1083F4009C1C00209C1C00200900000014000000AC
:1084040058FF00200C00012058FF002058FF0020D6
:1084140000000000C01C0020C01C00200000000060
:10842400CC1C0020CC1C0020220000000500000011
:10843400E800012092010120E8000120E800012069
:1084440000000000F01C0020F01C002000000000D0
:10845400FC1C0020FC1C00200100000001000000A6
:108464000C1D00200C1D0020141D0020141D0020D4
:108474000100000001000000241D0020241D002034
:108484002C1D00202C1D0020010000000100000014
:108494003C1D00203C1D0020441D0020441D0020E4
:1084A4000100000001000000541D0020541D0020A4
:1084B4005C1D00205C1D0020000000000100000085
:1084C4006C1D00206C1D0020741D0020741D0020F4
:1084D40000000000FFFFFFFF841D0020841D00201A
:1084E4000000000000000000941D0020941D0020E6
:1084F4009C1D00209C1D00200000000000000000C6
:10850400AC1D0020AC1D0020B41D0020B41D0020B3
:108514000000000000000000C41D0020C41D002055
:10852400CC1D0020CC1D002003000300100000001F
:10853400000000004CAE0600E40D01200000000025
:1085440000000000F01D0020F01D0020F81D002098
:10855400F81D00200A000A001000000085EC03004A
:1085640074AF060054110120000000000000000058
:108574001C1E00201C1E0020241E0020241E00207F
:1085840003000300010000000000000010AD06001D
:10859400740901200000000000000000481E0020B3
:1085A400481E0020501E0020501E00200600060019
:1085B400100000001DCE03003CAE0600140C012088
:1085C4000000000000000000741E0020741E002043
:1085D4007C1E00207C1E002003000300010000001C
:1085E4000000000008AE0600C00B012000000000DF
:1085F40000000000A01E0020A01E0020A81E0020D5
:10860400A81E002011001100060000002D9B03008D
:1086140000AD0600C80601200000000000000000B4
:10862400CC1E0020CC1E0020D41E0020D41E00200E
:1086340001000100010000000000000020AD060060
:04864400CC0A01203B
:1086480012010002EF020140501D5E6101040102A7
:10865800030109020000000100E032080B000202D9
:1086680002000009040000010202000005240010B5
:108678000105240102010424020205240600010761
:1086880005800310000A09040100020A000000071F
:1086980005800240000007050002400000090400B0
:1086A8000001030000000921110100012200000758
:1086B8000580031000010403090418035A4D4B20D8
:1086C80050726F6A656374000000000000000000CB
:1086D80000000C0341544C415300000000002203E9
:1086E80030313233343536373839414243444546E0
:1086F8000000000000000000000000000000000072
:0287080000006F
:10870C0000000000131F0020231D06003D7C030009
:10871C009979030000000000000000000300000035
:10872C0018130020000000004D1F002071240600CB
:10873C00F5920300059403000000000095940300DB
:08874C0001000000D41300201D
:10875400BC890600EC890600D48906000C88060052
:108764003C880600B4880600FC88060024880600BD
:10877400E4880600A489060074890600CC880600F3
:10878400048A060014890600448906002C89060020
:088794005C8906008C890600D7
:04879C005CAA0600CD
:0487A00015E015E0EB
:0400000330008881C0
:00000001FF
