ISO-10303-21;
HEADER;
/* Generated by software containing ST-Developer
 * from STEP Tools, Inc. (www.steptools.com) 
 */

FILE_DESCRIPTION(
/* description */ (''),
/* implementation_level */ '2;1');

FILE_NAME(
/* name */ 'SK8707-01-005 SENSOR.step',
/* time_stamp */ '2026-02-11T18:40:53-06:00',
/* author */ (''),
/* organization */ (''),
/* preprocessor_version */ 'ST-DEVELOPER v20.1',
/* originating_system */ 'Autodesk Translation Framework v14.24.0.0',
/* authorisation */ '');

FILE_SCHEMA (('AUTOMOTIVE_DESIGN { 1 0 10303 214 3 1 1 }'));
ENDSEC;

DATA;
#10=MECHANICAL_DESIGN_GEOMETRIC_PRESENTATION_REPRESENTATION('',(#37,#38,
#39,#40,#41,#42,#43,#44,#45,#46,#47,#48,#49,#50,#51,#52,#53,#54,#55,#56,
#57,#58,#59,#60,#61,#62,#63,#64,#65),#6441);
#11=ITEM_DEFINED_TRANSFORMATION($,$,#3221,#3269);
#12=ITEM_DEFINED_TRANSFORMATION($,$,#3005,#3270);
#13=ITEM_DEFINED_TRANSFORMATION($,$,#3092,#3271);
#14=ITEM_DEFINED_TRANSFORMATION($,$,#3220,#3272);
#15=(
REPRESENTATION_RELATIONSHIP($,$,#6464,#6463)
REPRESENTATION_RELATIONSHIP_WITH_TRANSFORMATION(#11)
SHAPE_REPRESENTATION_RELATIONSHIP()
);
#16=(
REPRESENTATION_RELATIONSHIP($,$,#6461,#6460)
REPRESENTATION_RELATIONSHIP_WITH_TRANSFORMATION(#12)
SHAPE_REPRESENTATION_RELATIONSHIP()
);
#17=(
REPRESENTATION_RELATIONSHIP($,$,#6462,#6460)
REPRESENTATION_RELATIONSHIP_WITH_TRANSFORMATION(#13)
SHAPE_REPRESENTATION_RELATIONSHIP()
);
#18=(
REPRESENTATION_RELATIONSHIP($,$,#6463,#6460)
REPRESENTATION_RELATIONSHIP_WITH_TRANSFORMATION(#14)
SHAPE_REPRESENTATION_RELATIONSHIP()
);
#19=CONTEXT_DEPENDENT_SHAPE_REPRESENTATION(#15,#6456);
#20=CONTEXT_DEPENDENT_SHAPE_REPRESENTATION(#16,#6457);
#21=CONTEXT_DEPENDENT_SHAPE_REPRESENTATION(#17,#6458);
#22=CONTEXT_DEPENDENT_SHAPE_REPRESENTATION(#18,#6459);
#23=NEXT_ASSEMBLY_USAGE_OCCURRENCE('Component4:1','Component4:1',
'Component4:1',#6469,#6470,'Component4:1');
#24=NEXT_ASSEMBLY_USAGE_OCCURRENCE('Bracket:1','Bracket:1','Bracket:1',
#6466,#6467,'Bracket:1');
#25=NEXT_ASSEMBLY_USAGE_OCCURRENCE('Sensor PCB:1','Sensor PCB:1',
'Sensor PCB:1',#6466,#6468,'Sensor PCB:1');
#26=NEXT_ASSEMBLY_USAGE_OCCURRENCE('Stem:1','Stem:1','Stem:1',#6466,#6469,
'Stem:1');
#27=B_SPLINE_SURFACE_WITH_KNOTS('',3,3,((#5457,#5458,#5459,#5460,#5461,
#5462,#5463,#5464,#5465,#5466,#5467,#5468,#5469,#5470,#5471,#5472,#5473,
#5474,#5475,#5476,#5477,#5478,#5479,#5480,#5481,#5482,#5483,#5484,#5485,
#5486,#5487,#5488,#5489,#5490,#5491,#5492,#5493,#5494,#5495,#5496,#5497,
#5498,#5499,#5500,#5501,#5502,#5503,#5504,#5505,#5506,#5507,#5508,#5509,
#5510,#5511,#5512,#5513,#5514,#5515,#5516,#5517,#5518,#5519,#5520,#5521,
#5522,#5523,#5524),(#5525,#5526,#5527,#5528,#5529,#5530,#5531,#5532,#5533,
#5534,#5535,#5536,#5537,#5538,#5539,#5540,#5541,#5542,#5543,#5544,#5545,
#5546,#5547,#5548,#5549,#5550,#5551,#5552,#5553,#5554,#5555,#5556,#5557,
#5558,#5559,#5560,#5561,#5562,#5563,#5564,#5565,#5566,#5567,#5568,#5569,
#5570,#5571,#5572,#5573,#5574,#5575,#5576,#5577,#5578,#5579,#5580,#5581,
#5582,#5583,#5584,#5585,#5586,#5587,#5588,#5589,#5590,#5591,#5592),(#5593,
#5594,#5595,#5596,#5597,#5598,#5599,#5600,#5601,#5602,#5603,#5604,#5605,
#5606,#5607,#5608,#5609,#5610,#5611,#5612,#5613,#5614,#5615,#5616,#5617,
#5618,#5619,#5620,#5621,#5622,#5623,#5624,#5625,#5626,#5627,#5628,#5629,
#5630,#5631,#5632,#5633,#5634,#5635,#5636,#5637,#5638,#5639,#5640,#5641,
#5642,#5643,#5644,#5645,#5646,#5647,#5648,#5649,#5650,#5651,#5652,#5653,
#5654,#5655,#5656,#5657,#5658,#5659,#5660),(#5661,#5662,#5663,#5664,#5665,
#5666,#5667,#5668,#5669,#5670,#5671,#5672,#5673,#5674,#5675,#5676,#5677,
#5678,#5679,#5680,#5681,#5682,#5683,#5684,#5685,#5686,#5687,#5688,#5689,
#5690,#5691,#5692,#5693,#5694,#5695,#5696,#5697,#5698,#5699,#5700,#5701,
#5702,#5703,#5704,#5705,#5706,#5707,#5708,#5709,#5710,#5711,#5712,#5713,
#5714,#5715,#5716,#5717,#5718,#5719,#5720,#5721,#5722,#5723,#5724,#5725,
#5726,#5727,#5728)),.UNSPECIFIED.,.F.,.F.,.F.,(4,4),(4,1,1,1,1,1,1,1,1,
1,1,1,1,1,1,1,1,1,1,1,1,1,1,1,1,1,1,1,1,1,1,1,1,1,1,1,1,1,1,1,1,1,1,1,1,
1,1,1,1,1,1,1,1,1,1,1,1,1,1,1,1,1,1,1,1,4),(0.,0.0262983047615875),(8.30929135176532,
9.30771161480866,10.306131877852,11.3045521408954,12.3029724039387,13.301392666982,
14.2998129300254,15.2982331930687,16.2966534561121,17.2950737191554,18.2934939821988,
19.2919142452421,20.2903345082855,21.2887547713288,22.2871750343722,23.2855952974155,
24.2840155604589,25.2824358235022,26.2808560865456,27.2792763495889,28.2776966126322,
29.2761168756756,30.2745371387189,31.2729574017623,32.2713776648056,33.269797927849,
34.2682181908923,35.2666384539357,36.265058716979,37.2634789800224,38.2618992430657,
39.2603195061091,40.2587397691524,41.2571600321958,42.2555802952391,43.2540005582824,
44.2524208213258,45.2508410843691,46.2492613474125,47.2476816104558,48.2461018734992,
49.2445221365425,50.2429423995859,51.2413626626292,52.2397829256726,53.2382031887159,
54.2366234517593,55.2350437148026,56.233463977846,57.2318842408893,58.2303045039327,
59.228724766976,60.2271450300193,61.2255652930627,62.223985556106,63.2224058191494,
64.2208260821927,65.2192463452361,66.2176666082794,67.2160868713228,68.2145071343661,
69.2129273974095,70.2113476604528,71.2097679234961,72.2081881865395,73.2066084495828),
 .UNSPECIFIED.);
#28=B_SPLINE_SURFACE_WITH_KNOTS('',3,3,((#5916,#5917,#5918,#5919,#5920,
#5921,#5922,#5923,#5924,#5925,#5926,#5927,#5928,#5929,#5930,#5931,#5932,
#5933,#5934,#5935,#5936,#5937,#5938,#5939,#5940,#5941,#5942,#5943,#5944,
#5945,#5946,#5947,#5948,#5949,#5950,#5951,#5952,#5953,#5954,#5955,#5956,
#5957,#5958,#5959,#5960,#5961,#5962,#5963,#5964,#5965,#5966,#5967,#5968,
#5969,#5970,#5971,#5972,#5973,#5974,#5975,#5976,#5977,#5978,#5979,#5980,
#5981,#5982,#5983),(#5984,#5985,#5986,#5987,#5988,#5989,#5990,#5991,#5992,
#5993,#5994,#5995,#5996,#5997,#5998,#5999,#6000,#6001,#6002,#6003,#6004,
#6005,#6006,#6007,#6008,#6009,#6010,#6011,#6012,#6013,#6014,#6015,#6016,
#6017,#6018,#6019,#6020,#6021,#6022,#6023,#6024,#6025,#6026,#6027,#6028,
#6029,#6030,#6031,#6032,#6033,#6034,#6035,#6036,#6037,#6038,#6039,#6040,
#6041,#6042,#6043,#6044,#6045,#6046,#6047,#6048,#6049,#6050,#6051),(#6052,
#6053,#6054,#6055,#6056,#6057,#6058,#6059,#6060,#6061,#6062,#6063,#6064,
#6065,#6066,#6067,#6068,#6069,#6070,#6071,#6072,#6073,#6074,#6075,#6076,
#6077,#6078,#6079,#6080,#6081,#6082,#6083,#6084,#6085,#6086,#6087,#6088,
#6089,#6090,#6091,#6092,#6093,#6094,#6095,#6096,#6097,#6098,#6099,#6100,
#6101,#6102,#6103,#6104,#6105,#6106,#6107,#6108,#6109,#6110,#6111,#6112,
#6113,#6114,#6115,#6116,#6117,#6118,#6119),(#6120,#6121,#6122,#6123,#6124,
#6125,#6126,#6127,#6128,#6129,#6130,#6131,#6132,#6133,#6134,#6135,#6136,
#6137,#6138,#6139,#6140,#6141,#6142,#6143,#6144,#6145,#6146,#6147,#6148,
#6149,#6150,#6151,#6152,#6153,#6154,#6155,#6156,#6157,#6158,#6159,#6160,
#6161,#6162,#6163,#6164,#6165,#6166,#6167,#6168,#6169,#6170,#6171,#6172,
#6173,#6174,#6175,#6176,#6177,#6178,#6179,#6180,#6181,#6182,#6183,#6184,
#6185,#6186,#6187)),.UNSPECIFIED.,.F.,.F.,.F.,(4,4),(4,1,1,1,1,1,1,1,1,
1,1,1,1,1,1,1,1,1,1,1,1,1,1,1,1,1,1,1,1,1,1,1,1,1,1,1,1,1,1,1,1,1,1,1,1,
1,1,1,1,1,1,1,1,1,1,1,1,1,1,1,1,1,1,1,1,4),(0.,0.0262983047615875),(11.6163931973415,
12.6148134603848,13.6132337234282,14.6116539864715,15.6100742495149,16.6084945125582,
17.6069147756016,18.6053350386449,19.6037553016883,20.6021755647316,21.600595827775,
22.5990160908183,23.5974363538616,24.595856616905,25.5942768799483,26.5926971429917,
27.591117406035,28.5895376690784,29.5879579321217,30.5863781951651,31.5847984582084,
32.5832187212518,33.5816389842951,34.5800592473385,35.5784795103818,36.5768997734252,
37.5753200364685,38.5737402995118,39.5721605625552,40.5705808255985,41.5690010886419,
42.5674213516852,43.5658416147286,44.5642618777719,45.5626821408153,46.5611024038586,
47.559522666902,48.5579429299453,49.5563631929887,50.554783456032,51.5532037190754,
52.5516239821187,53.550044245162,54.5484645082054,55.5468847712487,56.5453050342921,
57.5437252973354,58.5421455603788,59.5405658234221,60.5389860864655,61.5374063495088,
62.5358266125522,63.5342468755955,64.5326671386389,65.5310874016822,66.5295076647256,
67.5279279277689,68.5263481908122,69.5247684538556,70.5231887168989,71.5216089799423,
72.5200292429856,73.518449506029,74.5168697690723,75.5152900321157,76.513710295159),
 .UNSPECIFIED.);
#29=SHAPE_REPRESENTATION_RELATIONSHIP('SRR','None',#6461,#33);
#30=SHAPE_REPRESENTATION_RELATIONSHIP('SRR','None',#6462,#34);
#31=SHAPE_REPRESENTATION_RELATIONSHIP('SRR','None',#6464,#35);
#32=SHAPE_REPRESENTATION_RELATIONSHIP('SRR','None',#6463,#36);
#33=ADVANCED_BREP_SHAPE_REPRESENTATION('',(#66),#6437);
#34=ADVANCED_BREP_SHAPE_REPRESENTATION('',(#67),#6438);
#35=ADVANCED_BREP_SHAPE_REPRESENTATION('',(#68),#6440);
#36=ADVANCED_BREP_SHAPE_REPRESENTATION('',(#69),#6439);
#37=STYLED_ITEM('',(#6489),#66);
#38=STYLED_ITEM('',(#6491),#2850);
#39=STYLED_ITEM('',(#6491),#2851);
#40=STYLED_ITEM('',(#6491),#2852);
#41=STYLED_ITEM('',(#6491),#2853);
#42=STYLED_ITEM('',(#6491),#2854);
#43=STYLED_ITEM('',(#6491),#2855);
#44=STYLED_ITEM('',(#6491),#2856);
#45=STYLED_ITEM('',(#6491),#2857);
#46=STYLED_ITEM('',(#6491),#2873);
#47=STYLED_ITEM('',(#6491),#2877);
#48=STYLED_ITEM('',(#6491),#2881);
#49=STYLED_ITEM('',(#6491),#2885);
#50=STYLED_ITEM('',(#6491),#2888);
#51=STYLED_ITEM('',(#6491),#2892);
#52=STYLED_ITEM('',(#6491),#2896);
#53=STYLED_ITEM('',(#6491),#2900);
#54=STYLED_ITEM('',(#6491),#2902);
#55=STYLED_ITEM('',(#6491),#2905);
#56=STYLED_ITEM('',(#6491),#2908);
#57=STYLED_ITEM('',(#6491),#2911);
#58=STYLED_ITEM('',(#6492),#2917);
#59=STYLED_ITEM('',(#6491),#2920);
#60=STYLED_ITEM('',(#6491),#2921);
#61=STYLED_ITEM('',(#6491),#2922);
#62=STYLED_ITEM('',(#6491),#2923);
#63=STYLED_ITEM('',(#6490),#67);
#64=STYLED_ITEM('',(#6489),#68);
#65=STYLED_ITEM('',(#6493),#69);
#66=MANIFOLD_SOLID_BREP('Body1',#2966);
#67=MANIFOLD_SOLID_BREP('Body1',#2967);
#68=MANIFOLD_SOLID_BREP('Body1',#2968);
#69=MANIFOLD_SOLID_BREP('Body1',#2969);
#70=FACE_BOUND('',#355,.T.);
#71=FACE_BOUND('',#356,.T.);
#72=FACE_BOUND('',#362,.T.);
#73=FACE_BOUND('',#363,.T.);
#74=FACE_BOUND('',#379,.T.);
#75=FACE_BOUND('',#380,.T.);
#76=FACE_BOUND('',#383,.T.);
#77=FACE_BOUND('',#384,.T.);
#78=FACE_BOUND('',#409,.T.);
#79=FACE_BOUND('',#410,.T.);
#80=FACE_BOUND('',#411,.T.);
#81=FACE_BOUND('',#412,.T.);
#82=FACE_BOUND('',#446,.T.);
#83=FACE_BOUND('',#450,.T.);
#84=FACE_BOUND('',#454,.T.);
#85=FACE_BOUND('',#458,.T.);
#86=FACE_BOUND('',#465,.T.);
#87=FACE_BOUND('',#468,.T.);
#88=FACE_BOUND('',#501,.T.);
#89=FACE_BOUND('',#509,.T.);
#90=FACE_BOUND('',#511,.T.);
#91=PLANE('',#3009);
#92=PLANE('',#3012);
#93=PLANE('',#3016);
#94=PLANE('',#3026);
#95=PLANE('',#3033);
#96=PLANE('',#3034);
#97=PLANE('',#3039);
#98=PLANE('',#3040);
#99=PLANE('',#3047);
#100=PLANE('',#3053);
#101=PLANE('',#3065);
#102=PLANE('',#3066);
#103=PLANE('',#3087);
#104=PLANE('',#3089);
#105=PLANE('',#3090);
#106=PLANE('',#3091);
#107=PLANE('',#3129);
#108=PLANE('',#3130);
#109=PLANE('',#3131);
#110=PLANE('',#3132);
#111=PLANE('',#3133);
#112=PLANE('',#3134);
#113=PLANE('',#3135);
#114=PLANE('',#3136);
#115=PLANE('',#3137);
#116=PLANE('',#3138);
#117=PLANE('',#3139);
#118=PLANE('',#3140);
#119=PLANE('',#3145);
#120=PLANE('',#3146);
#121=PLANE('',#3147);
#122=PLANE('',#3148);
#123=PLANE('',#3149);
#124=PLANE('',#3150);
#125=PLANE('',#3151);
#126=PLANE('',#3152);
#127=PLANE('',#3153);
#128=PLANE('',#3154);
#129=PLANE('',#3155);
#130=PLANE('',#3156);
#131=PLANE('',#3157);
#132=PLANE('',#3158);
#133=PLANE('',#3159);
#134=PLANE('',#3160);
#135=PLANE('',#3161);
#136=PLANE('',#3162);
#137=PLANE('',#3163);
#138=PLANE('',#3164);
#139=PLANE('',#3165);
#140=PLANE('',#3166);
#141=PLANE('',#3167);
#142=PLANE('',#3168);
#143=PLANE('',#3169);
#144=PLANE('',#3170);
#145=PLANE('',#3171);
#146=PLANE('',#3172);
#147=PLANE('',#3173);
#148=PLANE('',#3174);
#149=PLANE('',#3175);
#150=PLANE('',#3179);
#151=PLANE('',#3187);
#152=PLANE('',#3195);
#153=PLANE('',#3203);
#154=PLANE('',#3205);
#155=PLANE('',#3206);
#156=PLANE('',#3207);
#157=PLANE('',#3208);
#158=PLANE('',#3212);
#159=PLANE('',#3213);
#160=PLANE('',#3214);
#161=PLANE('',#3219);
#162=PLANE('',#3248);
#163=PLANE('',#3252);
#164=PLANE('',#3253);
#165=PLANE('',#3254);
#166=PLANE('',#3255);
#167=PLANE('',#3256);
#168=PLANE('',#3257);
#169=PLANE('',#3261);
#170=PLANE('',#3262);
#171=PLANE('',#3263);
#172=PLANE('',#3264);
#173=PLANE('',#3265);
#174=PLANE('',#3266);
#175=PLANE('',#3267);
#176=PLANE('',#3268);
#177=FACE_OUTER_BOUND('',#337,.T.);
#178=FACE_OUTER_BOUND('',#338,.T.);
#179=FACE_OUTER_BOUND('',#339,.T.);
#180=FACE_OUTER_BOUND('',#340,.T.);
#181=FACE_OUTER_BOUND('',#341,.T.);
#182=FACE_OUTER_BOUND('',#342,.T.);
#183=FACE_OUTER_BOUND('',#343,.T.);
#184=FACE_OUTER_BOUND('',#344,.T.);
#185=FACE_OUTER_BOUND('',#345,.T.);
#186=FACE_OUTER_BOUND('',#346,.T.);
#187=FACE_OUTER_BOUND('',#347,.T.);
#188=FACE_OUTER_BOUND('',#348,.T.);
#189=FACE_OUTER_BOUND('',#349,.T.);
#190=FACE_OUTER_BOUND('',#350,.T.);
#191=FACE_OUTER_BOUND('',#351,.T.);
#192=FACE_OUTER_BOUND('',#352,.T.);
#193=FACE_OUTER_BOUND('',#353,.T.);
#194=FACE_OUTER_BOUND('',#354,.T.);
#195=FACE_OUTER_BOUND('',#357,.T.);
#196=FACE_OUTER_BOUND('',#358,.T.);
#197=FACE_OUTER_BOUND('',#359,.T.);
#198=FACE_OUTER_BOUND('',#360,.T.);
#199=FACE_OUTER_BOUND('',#361,.T.);
#200=FACE_OUTER_BOUND('',#364,.T.);
#201=FACE_OUTER_BOUND('',#365,.T.);
#202=FACE_OUTER_BOUND('',#366,.T.);
#203=FACE_OUTER_BOUND('',#367,.T.);
#204=FACE_OUTER_BOUND('',#368,.T.);
#205=FACE_OUTER_BOUND('',#369,.T.);
#206=FACE_OUTER_BOUND('',#370,.T.);
#207=FACE_OUTER_BOUND('',#371,.T.);
#208=FACE_OUTER_BOUND('',#372,.T.);
#209=FACE_OUTER_BOUND('',#373,.T.);
#210=FACE_OUTER_BOUND('',#374,.T.);
#211=FACE_OUTER_BOUND('',#375,.T.);
#212=FACE_OUTER_BOUND('',#376,.T.);
#213=FACE_OUTER_BOUND('',#377,.T.);
#214=FACE_OUTER_BOUND('',#378,.T.);
#215=FACE_OUTER_BOUND('',#381,.T.);
#216=FACE_OUTER_BOUND('',#382,.T.);
#217=FACE_OUTER_BOUND('',#385,.T.);
#218=FACE_OUTER_BOUND('',#386,.T.);
#219=FACE_OUTER_BOUND('',#387,.T.);
#220=FACE_OUTER_BOUND('',#388,.T.);
#221=FACE_OUTER_BOUND('',#389,.T.);
#222=FACE_OUTER_BOUND('',#390,.T.);
#223=FACE_OUTER_BOUND('',#391,.T.);
#224=FACE_OUTER_BOUND('',#392,.T.);
#225=FACE_OUTER_BOUND('',#393,.T.);
#226=FACE_OUTER_BOUND('',#394,.T.);
#227=FACE_OUTER_BOUND('',#395,.T.);
#228=FACE_OUTER_BOUND('',#396,.T.);
#229=FACE_OUTER_BOUND('',#397,.T.);
#230=FACE_OUTER_BOUND('',#398,.T.);
#231=FACE_OUTER_BOUND('',#399,.T.);
#232=FACE_OUTER_BOUND('',#400,.T.);
#233=FACE_OUTER_BOUND('',#401,.T.);
#234=FACE_OUTER_BOUND('',#402,.T.);
#235=FACE_OUTER_BOUND('',#403,.T.);
#236=FACE_OUTER_BOUND('',#404,.T.);
#237=FACE_OUTER_BOUND('',#405,.T.);
#238=FACE_OUTER_BOUND('',#406,.T.);
#239=FACE_OUTER_BOUND('',#407,.T.);
#240=FACE_OUTER_BOUND('',#408,.T.);
#241=FACE_OUTER_BOUND('',#413,.T.);
#242=FACE_OUTER_BOUND('',#414,.T.);
#243=FACE_OUTER_BOUND('',#415,.T.);
#244=FACE_OUTER_BOUND('',#416,.T.);
#245=FACE_OUTER_BOUND('',#417,.T.);
#246=FACE_OUTER_BOUND('',#418,.T.);
#247=FACE_OUTER_BOUND('',#419,.T.);
#248=FACE_OUTER_BOUND('',#420,.T.);
#249=FACE_OUTER_BOUND('',#421,.T.);
#250=FACE_OUTER_BOUND('',#422,.T.);
#251=FACE_OUTER_BOUND('',#423,.T.);
#252=FACE_OUTER_BOUND('',#424,.T.);
#253=FACE_OUTER_BOUND('',#425,.T.);
#254=FACE_OUTER_BOUND('',#426,.T.);
#255=FACE_OUTER_BOUND('',#427,.T.);
#256=FACE_OUTER_BOUND('',#428,.T.);
#257=FACE_OUTER_BOUND('',#429,.T.);
#258=FACE_OUTER_BOUND('',#430,.T.);
#259=FACE_OUTER_BOUND('',#431,.T.);
#260=FACE_OUTER_BOUND('',#432,.T.);
#261=FACE_OUTER_BOUND('',#433,.T.);
#262=FACE_OUTER_BOUND('',#434,.T.);
#263=FACE_OUTER_BOUND('',#435,.T.);
#264=FACE_OUTER_BOUND('',#436,.T.);
#265=FACE_OUTER_BOUND('',#437,.T.);
#266=FACE_OUTER_BOUND('',#438,.T.);
#267=FACE_OUTER_BOUND('',#439,.T.);
#268=FACE_OUTER_BOUND('',#440,.T.);
#269=FACE_OUTER_BOUND('',#441,.T.);
#270=FACE_OUTER_BOUND('',#442,.T.);
#271=FACE_OUTER_BOUND('',#443,.T.);
#272=FACE_OUTER_BOUND('',#444,.T.);
#273=FACE_OUTER_BOUND('',#445,.T.);
#274=FACE_OUTER_BOUND('',#447,.T.);
#275=FACE_OUTER_BOUND('',#448,.T.);
#276=FACE_OUTER_BOUND('',#449,.T.);
#277=FACE_OUTER_BOUND('',#451,.T.);
#278=FACE_OUTER_BOUND('',#452,.T.);
#279=FACE_OUTER_BOUND('',#453,.T.);
#280=FACE_OUTER_BOUND('',#455,.T.);
#281=FACE_OUTER_BOUND('',#456,.T.);
#282=FACE_OUTER_BOUND('',#457,.T.);
#283=FACE_OUTER_BOUND('',#459,.T.);
#284=FACE_OUTER_BOUND('',#460,.T.);
#285=FACE_OUTER_BOUND('',#461,.T.);
#286=FACE_OUTER_BOUND('',#462,.T.);
#287=FACE_OUTER_BOUND('',#463,.T.);
#288=FACE_OUTER_BOUND('',#464,.T.);
#289=FACE_OUTER_BOUND('',#466,.T.);
#290=FACE_OUTER_BOUND('',#467,.T.);
#291=FACE_OUTER_BOUND('',#469,.T.);
#292=FACE_OUTER_BOUND('',#470,.T.);
#293=FACE_OUTER_BOUND('',#471,.T.);
#294=FACE_OUTER_BOUND('',#472,.T.);
#295=FACE_OUTER_BOUND('',#473,.T.);
#296=FACE_OUTER_BOUND('',#474,.T.);
#297=FACE_OUTER_BOUND('',#475,.T.);
#298=FACE_OUTER_BOUND('',#476,.T.);
#299=FACE_OUTER_BOUND('',#477,.T.);
#300=FACE_OUTER_BOUND('',#478,.T.);
#301=FACE_OUTER_BOUND('',#479,.T.);
#302=FACE_OUTER_BOUND('',#480,.T.);
#303=FACE_OUTER_BOUND('',#481,.T.);
#304=FACE_OUTER_BOUND('',#482,.T.);
#305=FACE_OUTER_BOUND('',#483,.T.);
#306=FACE_OUTER_BOUND('',#484,.T.);
#307=FACE_OUTER_BOUND('',#485,.T.);
#308=FACE_OUTER_BOUND('',#486,.T.);
#309=FACE_OUTER_BOUND('',#487,.T.);
#310=FACE_OUTER_BOUND('',#488,.T.);
#311=FACE_OUTER_BOUND('',#489,.T.);
#312=FACE_OUTER_BOUND('',#490,.T.);
#313=FACE_OUTER_BOUND('',#491,.T.);
#314=FACE_OUTER_BOUND('',#492,.T.);
#315=FACE_OUTER_BOUND('',#493,.T.);
#316=FACE_OUTER_BOUND('',#494,.T.);
#317=FACE_OUTER_BOUND('',#495,.T.);
#318=FACE_OUTER_BOUND('',#496,.T.);
#319=FACE_OUTER_BOUND('',#497,.T.);
#320=FACE_OUTER_BOUND('',#498,.T.);
#321=FACE_OUTER_BOUND('',#499,.T.);
#322=FACE_OUTER_BOUND('',#500,.T.);
#323=FACE_OUTER_BOUND('',#502,.T.);
#324=FACE_OUTER_BOUND('',#503,.T.);
#325=FACE_OUTER_BOUND('',#504,.T.);
#326=FACE_OUTER_BOUND('',#505,.T.);
#327=FACE_OUTER_BOUND('',#506,.T.);
#328=FACE_OUTER_BOUND('',#507,.T.);
#329=FACE_OUTER_BOUND('',#508,.T.);
#330=FACE_OUTER_BOUND('',#510,.T.);
#331=FACE_OUTER_BOUND('',#512,.T.);
#332=FACE_OUTER_BOUND('',#513,.T.);
#333=FACE_OUTER_BOUND('',#514,.T.);
#334=FACE_OUTER_BOUND('',#515,.T.);
#335=FACE_OUTER_BOUND('',#516,.T.);
#336=FACE_OUTER_BOUND('',#517,.T.);
#337=EDGE_LOOP('',(#1894,#1895,#1896,#1897,#1898));
#338=EDGE_LOOP('',(#1899,#1900,#1901,#1902));
#339=EDGE_LOOP('',(#1903,#1904,#1905,#1906,#1907));
#340=EDGE_LOOP('',(#1908,#1909,#1910,#1911));
#341=EDGE_LOOP('',(#1912,#1913,#1914,#1915));
#342=EDGE_LOOP('',(#1916,#1917,#1918,#1919,#1920,#1921,#1922,#1923,#1924,
#1925,#1926,#1927,#1928,#1929,#1930,#1931,#1932));
#343=EDGE_LOOP('',(#1933,#1934,#1935,#1936));
#344=EDGE_LOOP('',(#1937,#1938,#1939,#1940));
#345=EDGE_LOOP('',(#1941,#1942,#1943,#1944));
#346=EDGE_LOOP('',(#1945,#1946,#1947,#1948));
#347=EDGE_LOOP('',(#1949,#1950,#1951,#1952));
#348=EDGE_LOOP('',(#1953,#1954,#1955,#1956));
#349=EDGE_LOOP('',(#1957,#1958,#1959,#1960));
#350=EDGE_LOOP('',(#1961,#1962,#1963,#1964,#1965,#1966,#1967,#1968,#1969));
#351=EDGE_LOOP('',(#1970,#1971,#1972,#1973));
#352=EDGE_LOOP('',(#1974,#1975,#1976,#1977,#1978,#1979,#1980));
#353=EDGE_LOOP('',(#1981,#1982,#1983,#1984));
#354=EDGE_LOOP('',(#1985,#1986,#1987,#1988,#1989,#1990));
#355=EDGE_LOOP('',(#1991));
#356=EDGE_LOOP('',(#1992));
#357=EDGE_LOOP('',(#1993,#1994,#1995,#1996));
#358=EDGE_LOOP('',(#1997,#1998,#1999,#2000,#2001,#2002,#2003,#2004,#2005,
#2006,#2007,#2008,#2009,#2010,#2011,#2012));
#359=EDGE_LOOP('',(#2013,#2014,#2015,#2016));
#360=EDGE_LOOP('',(#2017,#2018,#2019,#2020));
#361=EDGE_LOOP('',(#2021,#2022,#2023,#2024,#2025,#2026));
#362=EDGE_LOOP('',(#2027));
#363=EDGE_LOOP('',(#2028));
#364=EDGE_LOOP('',(#2029,#2030,#2031,#2032));
#365=EDGE_LOOP('',(#2033,#2034,#2035,#2036));
#366=EDGE_LOOP('',(#2037,#2038,#2039,#2040));
#367=EDGE_LOOP('',(#2041,#2042,#2043,#2044));
#368=EDGE_LOOP('',(#2045,#2046,#2047,#2048));
#369=EDGE_LOOP('',(#2049,#2050,#2051,#2052,#2053));
#370=EDGE_LOOP('',(#2054,#2055,#2056,#2057,#2058));
#371=EDGE_LOOP('',(#2059,#2060,#2061,#2062));
#372=EDGE_LOOP('',(#2063,#2064,#2065,#2066));
#373=EDGE_LOOP('',(#2067,#2068,#2069,#2070));
#374=EDGE_LOOP('',(#2071,#2072,#2073,#2074));
#375=EDGE_LOOP('',(#2075,#2076,#2077,#2078,#2079));
#376=EDGE_LOOP('',(#2080,#2081,#2082,#2083,#2084,#2085,#2086,#2087,#2088,
#2089,#2090,#2091,#2092,#2093,#2094,#2095));
#377=EDGE_LOOP('',(#2096,#2097,#2098,#2099));
#378=EDGE_LOOP('',(#2100,#2101,#2102,#2103,#2104,#2105));
#379=EDGE_LOOP('',(#2106));
#380=EDGE_LOOP('',(#2107));
#381=EDGE_LOOP('',(#2108,#2109,#2110,#2111));
#382=EDGE_LOOP('',(#2112,#2113,#2114,#2115,#2116,#2117));
#383=EDGE_LOOP('',(#2118));
#384=EDGE_LOOP('',(#2119));
#385=EDGE_LOOP('',(#2120,#2121,#2122,#2123));
#386=EDGE_LOOP('',(#2124,#2125,#2126,#2127));
#387=EDGE_LOOP('',(#2128,#2129,#2130,#2131));
#388=EDGE_LOOP('',(#2132,#2133,#2134,#2135));
#389=EDGE_LOOP('',(#2136,#2137,#2138,#2139));
#390=EDGE_LOOP('',(#2140,#2141,#2142,#2143));
#391=EDGE_LOOP('',(#2144,#2145,#2146,#2147));
#392=EDGE_LOOP('',(#2148,#2149,#2150,#2151));
#393=EDGE_LOOP('',(#2152,#2153,#2154,#2155));
#394=EDGE_LOOP('',(#2156,#2157,#2158,#2159));
#395=EDGE_LOOP('',(#2160,#2161,#2162,#2163));
#396=EDGE_LOOP('',(#2164,#2165,#2166,#2167));
#397=EDGE_LOOP('',(#2168,#2169,#2170,#2171,#2172,#2173));
#398=EDGE_LOOP('',(#2174,#2175,#2176,#2177,#2178,#2179));
#399=EDGE_LOOP('',(#2180,#2181,#2182,#2183,#2184,#2185));
#400=EDGE_LOOP('',(#2186,#2187,#2188,#2189,#2190,#2191,#2192,#2193));
#401=EDGE_LOOP('',(#2194,#2195,#2196,#2197,#2198,#2199,#2200));
#402=EDGE_LOOP('',(#2201,#2202,#2203,#2204,#2205,#2206));
#403=EDGE_LOOP('',(#2207,#2208,#2209,#2210,#2211,#2212));
#404=EDGE_LOOP('',(#2213,#2214,#2215,#2216,#2217,#2218));
#405=EDGE_LOOP('',(#2219,#2220,#2221,#2222,#2223,#2224,#2225));
#406=EDGE_LOOP('',(#2226,#2227,#2228,#2229));
#407=EDGE_LOOP('',(#2230,#2231,#2232,#2233,#2234,#2235));
#408=EDGE_LOOP('',(#2236,#2237,#2238,#2239,#2240,#2241,#2242,#2243,#2244,
#2245,#2246,#2247,#2248,#2249,#2250,#2251,#2252,#2253,#2254,#2255));
#409=EDGE_LOOP('',(#2256));
#410=EDGE_LOOP('',(#2257));
#411=EDGE_LOOP('',(#2258));
#412=EDGE_LOOP('',(#2259));
#413=EDGE_LOOP('',(#2260,#2261,#2262,#2263));
#414=EDGE_LOOP('',(#2264,#2265,#2266,#2267));
#415=EDGE_LOOP('',(#2268,#2269,#2270,#2271));
#416=EDGE_LOOP('',(#2272,#2273,#2274,#2275));
#417=EDGE_LOOP('',(#2276,#2277,#2278,#2279));
#418=EDGE_LOOP('',(#2280,#2281,#2282,#2283));
#419=EDGE_LOOP('',(#2284,#2285,#2286,#2287));
#420=EDGE_LOOP('',(#2288,#2289,#2290,#2291,#2292,#2293));
#421=EDGE_LOOP('',(#2294,#2295,#2296,#2297));
#422=EDGE_LOOP('',(#2298,#2299,#2300,#2301));
#423=EDGE_LOOP('',(#2302,#2303,#2304,#2305));
#424=EDGE_LOOP('',(#2306,#2307,#2308,#2309,#2310,#2311));
#425=EDGE_LOOP('',(#2312,#2313,#2314,#2315));
#426=EDGE_LOOP('',(#2316,#2317,#2318,#2319));
#427=EDGE_LOOP('',(#2320,#2321,#2322,#2323));
#428=EDGE_LOOP('',(#2324,#2325,#2326,#2327));
#429=EDGE_LOOP('',(#2328,#2329,#2330,#2331));
#430=EDGE_LOOP('',(#2332,#2333,#2334,#2335));
#431=EDGE_LOOP('',(#2336,#2337,#2338,#2339,#2340,#2341));
#432=EDGE_LOOP('',(#2342,#2343,#2344,#2345));
#433=EDGE_LOOP('',(#2346,#2347,#2348,#2349));
#434=EDGE_LOOP('',(#2350,#2351,#2352,#2353));
#435=EDGE_LOOP('',(#2354,#2355,#2356,#2357));
#436=EDGE_LOOP('',(#2358,#2359,#2360,#2361));
#437=EDGE_LOOP('',(#2362,#2363,#2364,#2365));
#438=EDGE_LOOP('',(#2366,#2367,#2368,#2369));
#439=EDGE_LOOP('',(#2370,#2371,#2372,#2373,#2374,#2375));
#440=EDGE_LOOP('',(#2376,#2377,#2378,#2379));
#441=EDGE_LOOP('',(#2380,#2381,#2382,#2383));
#442=EDGE_LOOP('',(#2384,#2385,#2386,#2387));
#443=EDGE_LOOP('',(#2388,#2389,#2390,#2391));
#444=EDGE_LOOP('',(#2392,#2393,#2394,#2395));
#445=EDGE_LOOP('',(#2396,#2397));
#446=EDGE_LOOP('',(#2398));
#447=EDGE_LOOP('',(#2399,#2400,#2401,#2402));
#448=EDGE_LOOP('',(#2403,#2404,#2405,#2406));
#449=EDGE_LOOP('',(#2407,#2408));
#450=EDGE_LOOP('',(#2409));
#451=EDGE_LOOP('',(#2410,#2411,#2412,#2413));
#452=EDGE_LOOP('',(#2414,#2415,#2416,#2417));
#453=EDGE_LOOP('',(#2418,#2419));
#454=EDGE_LOOP('',(#2420));
#455=EDGE_LOOP('',(#2421,#2422,#2423,#2424));
#456=EDGE_LOOP('',(#2425,#2426,#2427,#2428));
#457=EDGE_LOOP('',(#2429,#2430));
#458=EDGE_LOOP('',(#2431));
#459=EDGE_LOOP('',(#2432,#2433,#2434,#2435));
#460=EDGE_LOOP('',(#2436,#2437,#2438,#2439));
#461=EDGE_LOOP('',(#2440,#2441,#2442,#2443));
#462=EDGE_LOOP('',(#2444,#2445,#2446,#2447));
#463=EDGE_LOOP('',(#2448,#2449,#2450,#2451));
#464=EDGE_LOOP('',(#2452,#2453,#2454,#2455));
#465=EDGE_LOOP('',(#2456,#2457,#2458,#2459));
#466=EDGE_LOOP('',(#2460,#2461,#2462,#2463));
#467=EDGE_LOOP('',(#2464,#2465,#2466,#2467,#2468,#2469,#2470,#2471,#2472,
#2473,#2474,#2475,#2476,#2477,#2478,#2479,#2480,#2481,#2482,#2483,#2484,
#2485,#2486,#2487,#2488,#2489,#2490,#2491,#2492,#2493,#2494,#2495,#2496,
#2497));
#468=EDGE_LOOP('',(#2498,#2499,#2500,#2501,#2502,#2503,#2504,#2505,#2506,
#2507,#2508,#2509));
#469=EDGE_LOOP('',(#2510,#2511,#2512,#2513));
#470=EDGE_LOOP('',(#2514,#2515,#2516,#2517));
#471=EDGE_LOOP('',(#2518,#2519,#2520,#2521));
#472=EDGE_LOOP('',(#2522,#2523,#2524,#2525));
#473=EDGE_LOOP('',(#2526,#2527,#2528,#2529));
#474=EDGE_LOOP('',(#2530,#2531,#2532,#2533));
#475=EDGE_LOOP('',(#2534,#2535,#2536,#2537));
#476=EDGE_LOOP('',(#2538,#2539,#2540,#2541));
#477=EDGE_LOOP('',(#2542,#2543,#2544,#2545));
#478=EDGE_LOOP('',(#2546,#2547,#2548,#2549));
#479=EDGE_LOOP('',(#2550,#2551,#2552,#2553));
#480=EDGE_LOOP('',(#2554,#2555,#2556,#2557));
#481=EDGE_LOOP('',(#2558,#2559,#2560,#2561));
#482=EDGE_LOOP('',(#2562,#2563,#2564,#2565));
#483=EDGE_LOOP('',(#2566,#2567,#2568,#2569));
#484=EDGE_LOOP('',(#2570,#2571,#2572,#2573));
#485=EDGE_LOOP('',(#2574,#2575,#2576,#2577));
#486=EDGE_LOOP('',(#2578,#2579,#2580,#2581));
#487=EDGE_LOOP('',(#2582,#2583,#2584,#2585));
#488=EDGE_LOOP('',(#2586,#2587,#2588,#2589));
#489=EDGE_LOOP('',(#2590,#2591,#2592,#2593));
#490=EDGE_LOOP('',(#2594,#2595,#2596,#2597));
#491=EDGE_LOOP('',(#2598,#2599,#2600,#2601));
#492=EDGE_LOOP('',(#2602,#2603,#2604,#2605));
#493=EDGE_LOOP('',(#2606,#2607,#2608,#2609));
#494=EDGE_LOOP('',(#2610,#2611,#2612,#2613,#2614,#2615,#2616,#2617,#2618,
#2619,#2620,#2621,#2622,#2623,#2624,#2625,#2626,#2627,#2628,#2629,#2630,
#2631,#2632,#2633));
#495=EDGE_LOOP('',(#2634,#2635,#2636,#2637));
#496=EDGE_LOOP('',(#2638,#2639,#2640,#2641,#2642,#2643,#2644,#2645,#2646,
#2647,#2648,#2649,#2650,#2651,#2652,#2653,#2654,#2655,#2656,#2657,#2658,
#2659,#2660,#2661));
#497=EDGE_LOOP('',(#2662,#2663,#2664,#2665));
#498=EDGE_LOOP('',(#2666,#2667,#2668,#2669));
#499=EDGE_LOOP('',(#2670,#2671,#2672,#2673));
#500=EDGE_LOOP('',(#2674));
#501=EDGE_LOOP('',(#2675,#2676,#2677,#2678));
#502=EDGE_LOOP('',(#2679,#2680,#2681,#2682));
#503=EDGE_LOOP('',(#2683,#2684,#2685,#2686));
#504=EDGE_LOOP('',(#2687,#2688,#2689,#2690));
#505=EDGE_LOOP('',(#2691,#2692,#2693,#2694));
#506=EDGE_LOOP('',(#2695,#2696,#2697,#2698));
#507=EDGE_LOOP('',(#2699,#2700,#2701,#2702));
#508=EDGE_LOOP('',(#2703));
#509=EDGE_LOOP('',(#2704,#2705,#2706,#2707));
#510=EDGE_LOOP('',(#2708));
#511=EDGE_LOOP('',(#2709));
#512=EDGE_LOOP('',(#2710,#2711,#2712,#2713));
#513=EDGE_LOOP('',(#2714,#2715,#2716,#2717));
#514=EDGE_LOOP('',(#2718,#2719,#2720,#2721));
#515=EDGE_LOOP('',(#2722,#2723,#2724,#2725));
#516=EDGE_LOOP('',(#2726,#2727,#2728,#2729));
#517=EDGE_LOOP('',(#2730,#2731,#2732,#2733));
#518=B_SPLINE_CURVE_WITH_KNOTS('',3,(#4090,#4091,#4092,#4093,#4094,#4095,
#4096,#4097,#4098,#4099,#4100,#4101,#4102,#4103,#4104,#4105),
 .UNSPECIFIED.,.F.,.F.,(4,2,2,2,2,2,2,4),(0.223999461615665,0.232971857140751,
0.24443769471378,0.255903532286808,0.266015725559686,0.276127918832563,
0.295594095912302,0.301248907445902),.UNSPECIFIED.);
#519=B_SPLINE_CURVE_WITH_KNOTS('',3,(#4115,#4116,#4117,#4118),
 .UNSPECIFIED.,.F.,.F.,(4,4),(0.219939655396307,0.223999453310542),
 .UNSPECIFIED.);
#520=B_SPLINE_CURVE_WITH_KNOTS('',3,(#4125,#4126,#4127,#4128,#4129,#4130,
#4131,#4132,#4133,#4134,#4135,#4136,#4137,#4138,#4139,#4140),
 .UNSPECIFIED.,.F.,.F.,(4,2,2,2,2,2,2,4),(0.102859572173662,0.121828229736891,
0.14079688730012,0.15071351443982,0.160630141579519,0.17190239227147,0.183174642963421,
0.195828516591387),.UNSPECIFIED.);
#521=B_SPLINE_CURVE_WITH_KNOTS('',3,(#4759,#4760,#4761,#4762,#4763,#4764,
#4765,#4766,#4767,#4768),.UNSPECIFIED.,.F.,.F.,(4,3,3,4),(-4.09157007060744,
-3.99368105217339,-2.99526078913004,-2.06546402602173),.UNSPECIFIED.);
#522=B_SPLINE_CURVE_WITH_KNOTS('',3,(#4771,#4772,#4773,#4774,#4775,#4776,
#4777),.UNSPECIFIED.,.F.,.F.,(4,3,4),(0.,0.998420263043349,1.11548660900398),
 .UNSPECIFIED.);
#523=B_SPLINE_CURVE_WITH_KNOTS('',3,(#4782,#4783,#4784,#4785,#4786,#4787,
#4788,#4789,#4790,#4791,#4792,#4793,#4794,#4795,#4796,#4797,#4798,#4799,
#4800,#4801,#4802,#4803),.UNSPECIFIED.,.F.,.F.,(4,3,3,3,3,3,3,4),(-10.374755377787,
-9.98420263043347,-8.98578236739012,-7.98736210434677,-6.98894184130343,
-5.99052157826008,-4.99210131521673,-4.09157007060744),.UNSPECIFIED.);
#524=B_SPLINE_CURVE_WITH_KNOTS('',3,(#4804,#4805,#4806,#4807,#4808,#4809,
#4810,#4811,#4812,#4813,#4814,#4815,#4816,#4817,#4818,#4819,#4820,#4821,
#4822,#4823,#4824,#4825),.UNSPECIFIED.,.F.,.F.,(4,3,3,3,3,3,3,4),(1.11548660900398,
1.9968405260867,2.99526078913004,3.99368105217339,4.99210131521674,5.99052157826008,
6.98894184130343,7.39867191618357),.UNSPECIFIED.);
#525=B_SPLINE_CURVE_WITH_KNOTS('',3,(#4830,#4831,#4832,#4833,#4834,#4835,
#4836,#4837,#4838,#4839,#4840,#4841,#4842,#4843,#4844,#4845,#4846,#4847,
#4848,#4849,#4850,#4851),.UNSPECIFIED.,.F.,.F.,(4,3,3,3,3,3,3,4),(-16.6579406849666,
-15.9747242086935,-14.9763039456502,-13.9778836826069,-12.9794634195635,
-11.9810431565202,-10.9826228934768,-10.374755377787),.UNSPECIFIED.);
#526=B_SPLINE_CURVE_WITH_KNOTS('',3,(#4852,#4853,#4854,#4855,#4856,#4857,
#4858,#4859,#4860,#4861,#4862,#4863,#4864,#4865,#4866,#4867,#4868,#4869,
#4870,#4871,#4872,#4873),.UNSPECIFIED.,.F.,.F.,(4,3,3,3,3,3,3,4),(7.39867191618357,
7.98736210434677,8.98578236739012,9.98420263043347,10.9826228934768,11.9810431565202,
12.9794634195635,13.6818572233632),.UNSPECIFIED.);
#527=B_SPLINE_CURVE_WITH_KNOTS('',3,(#4878,#4879,#4880,#4881,#4882,#4883,
#4884,#4885,#4886,#4887,#4888,#4889,#4890,#4891,#4892,#4893,#4894,#4895,
#4896,#4897,#4898,#4899),.UNSPECIFIED.,.F.,.F.,(4,3,3,3,3,3,3,4),(-22.9411259921462,
-21.9652457869536,-20.9668255239103,-19.9684052608669,-18.9699849978236,
-17.9715647347802,-16.9731444717369,-16.6579406849666),.UNSPECIFIED.);
#528=B_SPLINE_CURVE_WITH_KNOTS('',3,(#4900,#4901,#4902,#4903,#4904,#4905,
#4906,#4907,#4908,#4909,#4910,#4911,#4912,#4913,#4914,#4915,#4916,#4917,
#4918,#4919,#4920,#4921),.UNSPECIFIED.,.F.,.F.,(4,3,3,3,3,3,3,4),(13.6818572233632,
13.9778836826069,14.9763039456502,15.9747242086935,16.9731444717369,17.9715647347802,
18.9699849978236,19.9650425305428),.UNSPECIFIED.);
#529=B_SPLINE_CURVE_WITH_KNOTS('',3,(#4926,#4927,#4928,#4929,#4930,#4931,
#4932,#4933,#4934,#4935,#4936,#4937,#4938,#4939,#4940,#4941,#4942,#4943,
#4944,#4945,#4946,#4947,#4948,#4949,#4950),.UNSPECIFIED.,.F.,.F.,(4,3,3,
3,3,3,3,3,4),(-29.2243112993258,-28.954187628257,-27.9557673652137,-26.9573471021704,
-25.958926839127,-24.9605065760837,-23.9620863130403,-22.963666049997,-22.9411259921462),
 .UNSPECIFIED.);
#530=B_SPLINE_CURVE_WITH_KNOTS('',3,(#4951,#4952,#4953,#4954,#4955,#4956,
#4957,#4958,#4959,#4960,#4961,#4962,#4963,#4964,#4965,#4966,#4967,#4968,
#4969,#4970,#4971,#4972),.UNSPECIFIED.,.F.,.F.,(4,3,3,3,3,3,3,4),(19.9650425305428,
20.9668255239103,21.9652457869536,22.963666049997,23.9620863130403,24.9605065760837,
25.958926839127,26.2482278377223),.UNSPECIFIED.);
#531=B_SPLINE_CURVE_WITH_KNOTS('',3,(#4977,#4978,#4979,#4980,#4981,#4982,
#4983,#4984,#4985,#4986,#4987,#4988,#4989,#4990,#4991,#4992,#4993,#4994,
#4995,#4996,#4997,#4998),.UNSPECIFIED.,.F.,.F.,(4,3,3,3,3,3,3,4),(-35.5074966065054,
-34.9447092065171,-33.9462889434738,-32.9478686804304,-31.9494484173871,
-30.9510281543437,-29.9526078913004,-29.2243112993258),.UNSPECIFIED.);
#532=B_SPLINE_CURVE_WITH_KNOTS('',3,(#4999,#5000,#5001,#5002,#5003,#5004,
#5005,#5006,#5007,#5008,#5009,#5010,#5011,#5012,#5013,#5014,#5015,#5016,
#5017,#5018,#5019,#5020),.UNSPECIFIED.,.F.,.F.,(4,3,3,3,3,3,3,4),(26.2482278377223,
26.9573471021704,27.9557673652137,28.954187628257,29.9526078913004,30.9510281543437,
31.9494484173871,32.5314131449019),.UNSPECIFIED.);
#533=B_SPLINE_CURVE_WITH_KNOTS('',3,(#5025,#5026,#5027,#5028,#5029,#5030,
#5031,#5032,#5033,#5034,#5035,#5036,#5037,#5038,#5039,#5040,#5041,#5042,
#5043,#5044,#5045,#5046),.UNSPECIFIED.,.F.,.F.,(4,3,3,3,3,3,3,4),(-41.790681913685,
-40.9352307847772,-39.9368105217339,-38.9383902586905,-37.9399699956472,
-36.9415497326038,-35.9431294695605,-35.5074966065054),.UNSPECIFIED.);
#534=B_SPLINE_CURVE_WITH_KNOTS('',3,(#5047,#5048,#5049,#5050,#5051,#5052,
#5053,#5054,#5055,#5056,#5057,#5058,#5059,#5060,#5061,#5062,#5063,#5064,
#5065,#5066,#5067,#5068),.UNSPECIFIED.,.F.,.F.,(4,3,3,3,3,3,3,4),(32.5314131449019,
32.9478686804304,33.9462889434738,34.9447092065171,35.9431294695605,36.9415497326038,
37.9399699956472,38.8145984520815),.UNSPECIFIED.);
#535=B_SPLINE_CURVE_WITH_KNOTS('',3,(#5073,#5074,#5075,#5076,#5077,#5078,
#5079,#5080,#5081,#5082,#5083,#5084,#5085,#5086,#5087,#5088,#5089,#5090,
#5091,#5092,#5093,#5094,#5095,#5096,#5097),.UNSPECIFIED.,.F.,.F.,(4,3,3,
3,3,3,3,3,4),(-48.0738672208646,-47.9241726260806,-46.9257523630373,-45.9273320999939,
-44.9289118369506,-43.9304915739073,-42.9320713108639,-41.9336510478206,
-41.790681913685),.UNSPECIFIED.);
#536=B_SPLINE_CURVE_WITH_KNOTS('',3,(#5098,#5099,#5100,#5101,#5102,#5103,
#5104,#5105,#5106,#5107,#5108,#5109,#5110,#5111,#5112,#5113,#5114,#5115,
#5116,#5117,#5118,#5119,#5120,#5121,#5122),.UNSPECIFIED.,.F.,.F.,(4,3,3,
3,3,3,3,3,4),(38.8145984520815,38.9383902586905,39.9368105217339,40.9352307847772,
41.9336510478206,42.9320713108639,43.9304915739073,44.9289118369506,45.0977837592611),
 .UNSPECIFIED.);
#537=B_SPLINE_CURVE_WITH_KNOTS('',3,(#5127,#5128,#5129,#5130,#5131,#5132,
#5133,#5134,#5135,#5136,#5137,#5138,#5139,#5140,#5141,#5142,#5143,#5144,
#5145,#5146,#5147,#5148),.UNSPECIFIED.,.F.,.F.,(4,3,3,3,3,3,3,4),(-54.3570525280442,
-53.9146942043407,-52.9162739412974,-51.917853678254,-50.9194334152107,
-49.9210131521673,-48.922592889124,-48.0738672208646),.UNSPECIFIED.);
#538=B_SPLINE_CURVE_WITH_KNOTS('',3,(#5149,#5150,#5151,#5152,#5153,#5154,
#5155,#5156,#5157,#5158,#5159,#5160,#5161,#5162,#5163,#5164,#5165,#5166,
#5167,#5168,#5169,#5170),.UNSPECIFIED.,.F.,.F.,(4,3,3,3,3,3,3,4),(45.0977837592611,
45.927332099994,46.9257523630373,47.9241726260806,48.922592889124,49.9210131521673,
50.9194334152107,51.3809690664407),.UNSPECIFIED.);
#539=B_SPLINE_CURVE_WITH_KNOTS('',3,(#5175,#5176,#5177,#5178,#5179,#5180,
#5181,#5182,#5183,#5184,#5185,#5186,#5187,#5188,#5189,#5190,#5191,#5192,
#5193,#5194,#5195,#5196),.UNSPECIFIED.,.F.,.F.,(4,3,3,3,3,3,3,4),(-60.6402378352238,
-59.9052157826008,-58.9067955195575,-57.9083752565141,-56.9099549934708,
-55.9115347304274,-54.9131144673841,-54.3570525280442),.UNSPECIFIED.);
#540=B_SPLINE_CURVE_WITH_KNOTS('',3,(#5197,#5198,#5199,#5200,#5201,#5202,
#5203,#5204,#5205,#5206,#5207,#5208,#5209,#5210,#5211,#5212,#5213,#5214,
#5215,#5216,#5217,#5218),.UNSPECIFIED.,.F.,.F.,(4,3,3,3,3,3,3,4),(51.3809690664407,
51.917853678254,52.9162739412974,53.9146942043407,54.9131144673841,55.9115347304274,
56.9099549934708,57.6641543736203),.UNSPECIFIED.);
#541=B_SPLINE_CURVE_WITH_KNOTS('',3,(#5224,#5225,#5226,#5227,#5228,#5229),
 .UNSPECIFIED.,.F.,.F.,(4,1,1,4),(72.2566310325653,72.5200292429856,73.518449506029,
74.4482462691373),.UNSPECIFIED.);
#542=B_SPLINE_CURVE_WITH_KNOTS('',3,(#5232,#5233,#5234,#5235),
 .UNSPECIFIED.,.F.,.F.,(4,4),(72.2566310325652,73.2066084495828),
 .UNSPECIFIED.);
#543=B_SPLINE_CURVE_WITH_KNOTS('',3,(#5240,#5241,#5242,#5243,#5244,#5245,
#5246,#5247,#5248,#5249),.UNSPECIFIED.,.F.,.F.,(4,1,1,1,1,1,1,4),(65.9734457253856,
66.5295076647256,67.5279279277689,68.5263481908122,69.5247684538556,70.5231887168989,
71.5216089799423,72.2566310325653),.UNSPECIFIED.);
#544=B_SPLINE_CURVE_WITH_KNOTS('',3,(#5250,#5251,#5252,#5253,#5254,#5255,
#5256,#5257,#5258,#5259,#5260),.UNSPECIFIED.,.F.,.F.,(4,1,1,1,1,1,1,1,4),
(65.9734457253856,66.2176666082794,67.2160868713228,68.2145071343661,69.2129273974095,
70.2113476604528,71.2097679234961,72.2081881865395,72.2566310325652),
 .UNSPECIFIED.);
#545=B_SPLINE_CURVE_WITH_KNOTS('',3,(#5265,#5266,#5267,#5268,#5269,#5270,
#5271,#5272,#5273,#5274),.UNSPECIFIED.,.F.,.F.,(4,1,1,1,1,1,1,4),(59.6902604182061,
60.5389860864655,61.5374063495088,62.5358266125522,63.5342468755955,64.5326671386389,
65.5310874016822,65.9734457253856),.UNSPECIFIED.);
#546=B_SPLINE_CURVE_WITH_KNOTS('',3,(#5275,#5276,#5277,#5278,#5279,#5280,
#5281,#5282,#5283,#5284),.UNSPECIFIED.,.F.,.F.,(4,1,1,1,1,1,1,4),(59.690260418206,
60.2271450300193,61.2255652930627,62.223985556106,63.2224058191494,64.2208260821927,
65.2192463452361,65.9734457253856),.UNSPECIFIED.);
#547=B_SPLINE_CURVE_WITH_KNOTS('',3,(#5289,#5290,#5291,#5292,#5293,#5294,
#5295,#5296,#5297,#5298,#5299),.UNSPECIFIED.,.F.,.F.,(4,1,1,1,1,1,1,1,4),
(53.4070751110265,53.550044245162,54.5484645082054,55.5468847712487,56.5453050342921,
57.5437252973354,58.5421455603788,59.5405658234221,59.6902604182061),
 .UNSPECIFIED.);
#548=B_SPLINE_CURVE_WITH_KNOTS('',3,(#5300,#5301,#5302,#5303,#5304,#5305,
#5306,#5307,#5308,#5309),.UNSPECIFIED.,.F.,.F.,(4,1,1,1,1,1,1,4),(53.4070751110264,
54.2366234517593,55.2350437148026,56.233463977846,57.2318842408893,58.2303045039327,
59.228724766976,59.690260418206),.UNSPECIFIED.);
#549=B_SPLINE_CURVE_WITH_KNOTS('',3,(#5314,#5315,#5316,#5317,#5318,#5319,
#5320,#5321,#5322,#5323),.UNSPECIFIED.,.F.,.F.,(4,1,1,1,1,1,1,4),(47.1238898038469,
47.559522666902,48.5579429299453,49.5563631929887,50.554783456032,51.5532037190754,
52.5516239821187,53.4070751110265),.UNSPECIFIED.);
#550=B_SPLINE_CURVE_WITH_KNOTS('',3,(#5324,#5325,#5326,#5327,#5328,#5329,
#5330,#5331,#5332,#5333,#5334),.UNSPECIFIED.,.F.,.F.,(4,1,1,1,1,1,1,1,4),
(47.1238898038469,47.2476816104558,48.2461018734992,49.2445221365425,50.2429423995859,
51.2413626626292,52.2397829256726,53.2382031887159,53.4070751110264),
 .UNSPECIFIED.);
#551=B_SPLINE_CURVE_WITH_KNOTS('',3,(#5339,#5340,#5341,#5342,#5343,#5344,
#5345,#5346,#5347,#5348),.UNSPECIFIED.,.F.,.F.,(4,1,1,1,1,1,1,4),(40.8407044966673,
41.5690010886419,42.5674213516852,43.5658416147286,44.5642618777719,45.5626821408153,
46.5611024038586,47.1238898038469),.UNSPECIFIED.);
#552=B_SPLINE_CURVE_WITH_KNOTS('',3,(#5349,#5350,#5351,#5352,#5353,#5354,
#5355,#5356,#5357,#5358),.UNSPECIFIED.,.F.,.F.,(4,1,1,1,1,1,1,4),(40.8407044966673,
41.2571600321958,42.2555802952391,43.2540005582824,44.2524208213258,45.2508410843691,
46.2492613474125,47.1238898038469),.UNSPECIFIED.);
#553=B_SPLINE_CURVE_WITH_KNOTS('',3,(#5363,#5364,#5365,#5366,#5367,#5368,
#5369,#5370,#5371,#5372,#5373),.UNSPECIFIED.,.F.,.F.,(4,1,1,1,1,1,1,1,4),
(34.5575191894877,34.5800592473385,35.5784795103818,36.5768997734252,37.5753200364685,
38.5737402995118,39.5721605625552,40.5705808255985,40.8407044966673),
 .UNSPECIFIED.);
#554=B_SPLINE_CURVE_WITH_KNOTS('',3,(#5374,#5375,#5376,#5377,#5378,#5379,
#5380,#5381,#5382,#5383),.UNSPECIFIED.,.F.,.F.,(4,1,1,1,1,1,1,4),(34.5575191894877,
35.2666384539357,36.265058716979,37.2634789800224,38.2618992430657,39.2603195061091,
40.2587397691524,40.8407044966673),.UNSPECIFIED.);
#555=B_SPLINE_CURVE_WITH_KNOTS('',3,(#5388,#5389,#5390,#5391,#5392,#5393,
#5394,#5395,#5396,#5397),.UNSPECIFIED.,.F.,.F.,(4,1,1,1,1,1,1,4),(28.2743338823081,
28.5895376690784,29.5879579321217,30.5863781951651,31.5847984582084,32.5832187212518,
33.5816389842951,34.5575191894877),.UNSPECIFIED.);
#556=B_SPLINE_CURVE_WITH_KNOTS('',3,(#5398,#5399,#5400,#5401,#5402,#5403,
#5404,#5405,#5406,#5407,#5408),.UNSPECIFIED.,.F.,.F.,(4,1,1,1,1,1,1,1,4),
(28.2743338823081,28.2776966126322,29.2761168756756,30.2745371387189,31.2729574017623,
32.2713776648056,33.269797927849,34.2682181908923,34.5575191894877),
 .UNSPECIFIED.);
#557=B_SPLINE_CURVE_WITH_KNOTS('',3,(#5413,#5414,#5415,#5416,#5417,#5418,
#5419,#5420,#5421,#5422),.UNSPECIFIED.,.F.,.F.,(4,1,1,1,1,1,1,4),(21.9911485751285,
22.5990160908183,23.5974363538616,24.595856616905,25.5942768799483,26.5926971429917,
27.591117406035,28.2743338823081),.UNSPECIFIED.);
#558=B_SPLINE_CURVE_WITH_KNOTS('',3,(#5423,#5424,#5425,#5426,#5427,#5428,
#5429,#5430,#5431,#5432),.UNSPECIFIED.,.F.,.F.,(4,1,1,1,1,1,1,4),(21.9911485751285,
22.2871750343722,23.2855952974155,24.2840155604589,25.2824358235022,26.2808560865456,
27.2792763495889,28.2743338823081),.UNSPECIFIED.);
#559=B_SPLINE_CURVE_WITH_KNOTS('',3,(#5437,#5438,#5439,#5440,#5441,#5442,
#5443,#5444,#5445,#5446),.UNSPECIFIED.,.F.,.F.,(4,1,1,1,1,1,1,4),(15.7079632679489,
16.6084945125582,17.6069147756016,18.6053350386449,19.6037553016883,20.6021755647316,
21.600595827775,21.9911485751285),.UNSPECIFIED.);
#560=B_SPLINE_CURVE_WITH_KNOTS('',3,(#5447,#5448,#5449,#5450,#5451,#5452,
#5453,#5454,#5455,#5456),.UNSPECIFIED.,.F.,.F.,(4,1,1,1,1,1,1,4),(15.7079632679489,
16.2966534561121,17.2950737191554,18.2934939821988,19.2919142452421,20.2903345082855,
21.2887547713288,21.9911485751285),.UNSPECIFIED.);
#561=B_SPLINE_CURVE_WITH_KNOTS('',3,(#5730,#5731,#5732,#5733,#5734,#5735,
#5736,#5737,#5738,#5739,#5740,#5741,#5742,#5743,#5744,#5745,#5746,#5747,
#5748,#5749,#5750,#5751,#5752,#5753,#5754,#5755,#5756,#5757,#5758,#5759,
#5760,#5761,#5762,#5763,#5764,#5765,#5766,#5767,#5768,#5769,#5770,#5771,
#5772,#5773,#5774,#5775,#5776,#5777,#5778,#5779,#5780,#5781,#5782,#5783,
#5784,#5785,#5786,#5787,#5788,#5789,#5790,#5791,#5792,#5793,#5794,#5795,
#5796,#5797,#5798,#5799,#5800,#5801,#5802),.UNSPECIFIED.,.F.,.F.,(4,3,3,
3,3,3,3,3,3,3,3,3,3,3,3,3,3,3,3,3,3,3,3,3,4),(0.,0.00666237713922309,0.0193764507741139,
0.0292101772632415,0.0346269155202924,0.0368905893283976,0.0492049925671031,
0.061415310097111,0.0716051330982164,0.0741181598236613,0.0860822112553979,
0.0973585007004914,0.0980462626871345,0.103716527920393,0.106937881305643,
0.118342561535764,0.129711673949218,0.133987311497069,0.136756033939923,
0.139160111325879,0.149017023604286,0.157523706543606,0.160202840732248,
0.170521352393131,0.178587760439505),.UNSPECIFIED.);
#562=B_SPLINE_CURVE_WITH_KNOTS('',3,(#5803,#5804,#5805,#5806,#5807,#5808,
#5809,#5810,#5811,#5812,#5813,#5814,#5815,#5816,#5817,#5818,#5819,#5820,
#5821),.UNSPECIFIED.,.F.,.F.,(4,3,3,3,3,3,4),(57.6641543736203,57.9083752565141,
58.9067955195574,59.9052157826008,60.9036360456441,61.9020563086875,62.8318530717958),
 .UNSPECIFIED.);
#563=B_SPLINE_CURVE_WITH_KNOTS('',3,(#5823,#5824,#5825,#5826,#5827,#5828,
#5829,#5830,#5831,#5832,#5833,#5834,#5835,#5836,#5837,#5838,#5839,#5840,
#5841,#5842,#5843,#5844,#5845,#5846,#5847,#5848,#5849,#5850,#5851,#5852,
#5853,#5854,#5855,#5856,#5857,#5858,#5859,#5860,#5861,#5862,#5863,#5864,
#5865,#5866,#5867,#5868,#5869,#5870,#5871,#5872,#5873,#5874,#5875,#5876,
#5877,#5878,#5879,#5880,#5881,#5882,#5883,#5884,#5885,#5886,#5887,#5888,
#5889,#5890,#5891,#5892,#5893,#5894,#5895),.UNSPECIFIED.,.F.,.F.,(4,3,3,
3,3,3,3,3,3,3,3,3,3,3,3,3,3,3,3,3,3,3,3,3,4),(-0.178587760439502,-0.173404306395303,
-0.163241933671828,-0.159240489052797,-0.156444314616898,-0.145665182828487,
-0.138081033146488,-0.13546536586139,-0.124119704903601,-0.112683895861515,
-0.106978754369102,-0.103675994482458,-0.0921053246074983,-0.080592159031561,
-0.0751678747930248,-0.0723781992044196,-0.0702368071059086,-0.0582936021807997,
-0.0460632762262968,-0.0403053666980097,-0.0372878119859341,-0.0351066081338362,
-0.0224212289233359,-0.00980388241247717,0.),.UNSPECIFIED.);
#564=B_SPLINE_CURVE_WITH_KNOTS('',3,(#5896,#5897,#5898,#5899,#5900,#5901,
#5902,#5903,#5904),.UNSPECIFIED.,.F.,.F.,(4,1,1,1,1,1,4),(10.374755377787,
11.3045521408954,12.3029724039387,13.301392666982,14.2998129300254,15.2982331930687,
15.7079632679489),.UNSPECIFIED.);
#565=B_SPLINE_CURVE_WITH_KNOTS('',3,(#5908,#5909,#5910,#5911,#5912,#5913,
#5914,#5915),.UNSPECIFIED.,.F.,.F.,(4,1,1,1,1,4),(11.6163931973415,12.6148134603848,
13.6132337234282,14.6116539864715,15.6100742495149,15.7079632679489),
 .UNSPECIFIED.);
#566=B_SPLINE_CURVE_WITH_KNOTS('',3,(#6189,#6190,#6191,#6192,#6193,#6194,
#6195,#6196,#6197,#6198,#6199,#6200,#6201,#6202,#6203,#6204,#6205,#6206,
#6207,#6208,#6209,#6210,#6211,#6212,#6213,#6214,#6215,#6216,#6217,#6218,
#6219,#6220,#6221,#6222,#6223,#6224,#6225,#6226,#6227,#6228,#6229,#6230,
#6231,#6232,#6233,#6234,#6235,#6236,#6237,#6238,#6239,#6240,#6241,#6242,
#6243,#6244,#6245,#6246,#6247,#6248,#6249,#6250,#6251,#6252,#6253,#6254,
#6255,#6256,#6257,#6258,#6259,#6260,#6261,#6262,#6263,#6264),
 .UNSPECIFIED.,.F.,.F.,(4,3,3,3,3,3,3,3,3,3,3,3,3,3,3,3,3,3,3,3,3,3,3,3,
3,4),(0.,0.00515983587334453,0.0154821822564309,0.024306838586636,0.0276395993911242,
0.0309182874627634,0.0417753983815922,0.0528514070107119,0.0582222923987152,
0.0606148467815767,0.0721625237583942,0.0837416433065877,0.0860794328980713,
0.0901248937701377,0.092579450215454,0.0949509814834587,0.106577047971675,
0.118502261787163,0.123110119042933,0.126433945888388,0.128972687431252,
0.141121287596477,0.151585900012861,0.154842365201353,0.167551701364244,
0.177567088092152),.UNSPECIFIED.);
#567=B_SPLINE_CURVE_WITH_KNOTS('',3,(#6265,#6266,#6267,#6268,#6269,#6270,
#6271,#6272,#6273,#6274,#6275,#6276,#6277,#6278,#6279,#6280,#6281,#6282,
#6283,#6284,#6285,#6286,#6287,#6288,#6289,#6290,#6291,#6292,#6293,#6294,
#6295,#6296,#6297,#6298,#6299,#6300,#6301,#6302,#6303,#6304,#6305,#6306,
#6307,#6308,#6309,#6310,#6311,#6312,#6313,#6314,#6315,#6316,#6317,#6318,
#6319,#6320,#6321,#6322,#6323,#6324,#6325,#6326,#6327,#6328,#6329,#6330,
#6331,#6332,#6333,#6334,#6335,#6336,#6337,#6338,#6339,#6340),
 .UNSPECIFIED.,.F.,.F.,(4,3,3,3,3,3,3,3,3,3,3,3,3,3,3,3,3,3,3,3,3,3,3,3,
3,4),(-0.177567088092152,-0.170942897505275,-0.159596627143914,-0.153152191138181,
-0.150001034868771,-0.137539690003172,-0.130368820579575,-0.127449984901831,
-0.124583651806996,-0.112645371471771,-0.100989658539146,-0.0955110476009517,
-0.093080065018055,-0.0906445137383754,-0.080172734614393,-0.0701511427875939,
-0.0652166395386274,-0.0611207809969546,-0.0587758001491806,-0.0475867568844206,
-0.0365193436009167,-0.0315568441547001,-0.0291655328454262,-0.0185576711660073,
-0.0083346065534718,0.),.UNSPECIFIED.);
#568=B_SPLINE_CURVE_WITH_KNOTS('',3,(#6341,#6342,#6343,#6344,#6345,#6346,
#6347,#6348,#6349,#6350,#6351,#6352,#6353,#6354,#6355,#6356),
 .UNSPECIFIED.,.F.,.F.,(4,3,3,3,3,4),(-64.8973170978175,-63.8988968347742,
-62.9004765717308,-61.9020563086875,-60.9036360456442,-60.6402378352238),
 .UNSPECIFIED.);
#569=LINE('',#4085,#836);
#570=LINE('',#4089,#837);
#571=LINE('',#4108,#838);
#572=LINE('',#4110,#839);
#573=LINE('',#4111,#840);
#574=LINE('',#4120,#841);
#575=LINE('',#4124,#842);
#576=LINE('',#4143,#843);
#577=LINE('',#4145,#844);
#578=LINE('',#4146,#845);
#579=LINE('',#4151,#846);
#580=LINE('',#4155,#847);
#581=LINE('',#4161,#848);
#582=LINE('',#4167,#849);
#583=LINE('',#4170,#850);
#584=LINE('',#4172,#851);
#585=LINE('',#4174,#852);
#586=LINE('',#4175,#853);
#587=LINE('',#4180,#854);
#588=LINE('',#4181,#855);
#589=LINE('',#4185,#856);
#590=LINE('',#4188,#857);
#591=LINE('',#4189,#858);
#592=LINE('',#4193,#859);
#593=LINE('',#4197,#860);
#594=LINE('',#4201,#861);
#595=LINE('',#4203,#862);
#596=LINE('',#4210,#863);
#597=LINE('',#4212,#864);
#598=LINE('',#4214,#865);
#599=LINE('',#4219,#866);
#600=LINE('',#4224,#867);
#601=LINE('',#4226,#868);
#602=LINE('',#4228,#869);
#603=LINE('',#4237,#870);
#604=LINE('',#4240,#871);
#605=LINE('',#4244,#872);
#606=LINE('',#4245,#873);
#607=LINE('',#4252,#874);
#608=LINE('',#4255,#875);
#609=LINE('',#4258,#876);
#610=LINE('',#4267,#877);
#611=LINE('',#4269,#878);
#612=LINE('',#4271,#879);
#613=LINE('',#4277,#880);
#614=LINE('',#4286,#881);
#615=LINE('',#4289,#882);
#616=LINE('',#4291,#883);
#617=LINE('',#4292,#884);
#618=LINE('',#4294,#885);
#619=LINE('',#4304,#886);
#620=LINE('',#4309,#887);
#621=LINE('',#4312,#888);
#622=LINE('',#4317,#889);
#623=LINE('',#4319,#890);
#624=LINE('',#4320,#891);
#625=LINE('',#4323,#892);
#626=LINE('',#4324,#893);
#627=LINE('',#4326,#894);
#628=LINE('',#4329,#895);
#629=LINE('',#4331,#896);
#630=LINE('',#4333,#897);
#631=LINE('',#4334,#898);
#632=LINE('',#4338,#899);
#633=LINE('',#4345,#900);
#634=LINE('',#4349,#901);
#635=LINE('',#4354,#902);
#636=LINE('',#4358,#903);
#637=LINE('',#4363,#904);
#638=LINE('',#4367,#905);
#639=LINE('',#4372,#906);
#640=LINE('',#4376,#907);
#641=LINE('',#4383,#908);
#642=LINE('',#4386,#909);
#643=LINE('',#4392,#910);
#644=LINE('',#4395,#911);
#645=LINE('',#4401,#912);
#646=LINE('',#4404,#913);
#647=LINE('',#4410,#914);
#648=LINE('',#4413,#915);
#649=LINE('',#4419,#916);
#650=LINE('',#4422,#917);
#651=LINE('',#4428,#918);
#652=LINE('',#4431,#919);
#653=LINE('',#4437,#920);
#654=LINE('',#4440,#921);
#655=LINE('',#4446,#922);
#656=LINE('',#4449,#923);
#657=LINE('',#4452,#924);
#658=LINE('',#4454,#925);
#659=LINE('',#4456,#926);
#660=LINE('',#4458,#927);
#661=LINE('',#4459,#928);
#662=LINE('',#4462,#929);
#663=LINE('',#4464,#930);
#664=LINE('',#4466,#931);
#665=LINE('',#4468,#932);
#666=LINE('',#4469,#933);
#667=LINE('',#4472,#934);
#668=LINE('',#4474,#935);
#669=LINE('',#4475,#936);
#670=LINE('',#4476,#937);
#671=LINE('',#4479,#938);
#672=LINE('',#4481,#939);
#673=LINE('',#4483,#940);
#674=LINE('',#4485,#941);
#675=LINE('',#4486,#942);
#676=LINE('',#4487,#943);
#677=LINE('',#4489,#944);
#678=LINE('',#4491,#945);
#679=LINE('',#4493,#946);
#680=LINE('',#4495,#947);
#681=LINE('',#4496,#948);
#682=LINE('',#4499,#949);
#683=LINE('',#4501,#950);
#684=LINE('',#4502,#951);
#685=LINE('',#4503,#952);
#686=LINE('',#4505,#953);
#687=LINE('',#4507,#954);
#688=LINE('',#4509,#955);
#689=LINE('',#4510,#956);
#690=LINE('',#4513,#957);
#691=LINE('',#4515,#958);
#692=LINE('',#4516,#959);
#693=LINE('',#4517,#960);
#694=LINE('',#4520,#961);
#695=LINE('',#4522,#962);
#696=LINE('',#4524,#963);
#697=LINE('',#4526,#964);
#698=LINE('',#4528,#965);
#699=LINE('',#4529,#966);
#700=LINE('',#4531,#967);
#701=LINE('',#4532,#968);
#702=LINE('',#4535,#969);
#703=LINE('',#4537,#970);
#704=LINE('',#4539,#971);
#705=LINE('',#4541,#972);
#706=LINE('',#4542,#973);
#707=LINE('',#4544,#974);
#708=LINE('',#4556,#975);
#709=LINE('',#4558,#976);
#710=LINE('',#4560,#977);
#711=LINE('',#4561,#978);
#712=LINE('',#4563,#979);
#713=LINE('',#4564,#980);
#714=LINE('',#4566,#981);
#715=LINE('',#4567,#982);
#716=LINE('',#4571,#983);
#717=LINE('',#4573,#984);
#718=LINE('',#4574,#985);
#719=LINE('',#4577,#986);
#720=LINE('',#4579,#987);
#721=LINE('',#4580,#988);
#722=LINE('',#4582,#989);
#723=LINE('',#4583,#990);
#724=LINE('',#4587,#991);
#725=LINE('',#4589,#992);
#726=LINE('',#4590,#993);
#727=LINE('',#4593,#994);
#728=LINE('',#4595,#995);
#729=LINE('',#4596,#996);
#730=LINE('',#4598,#997);
#731=LINE('',#4599,#998);
#732=LINE('',#4604,#999);
#733=LINE('',#4606,#1000);
#734=LINE('',#4608,#1001);
#735=LINE('',#4609,#1002);
#736=LINE('',#4611,#1003);
#737=LINE('',#4612,#1004);
#738=LINE('',#4614,#1005);
#739=LINE('',#4615,#1006);
#740=LINE('',#4619,#1007);
#741=LINE('',#4621,#1008);
#742=LINE('',#4622,#1009);
#743=LINE('',#4624,#1010);
#744=LINE('',#4625,#1011);
#745=LINE('',#4630,#1012);
#746=LINE('',#4632,#1013);
#747=LINE('',#4634,#1014);
#748=LINE('',#4635,#1015);
#749=LINE('',#4637,#1016);
#750=LINE('',#4638,#1017);
#751=LINE('',#4640,#1018);
#752=LINE('',#4641,#1019);
#753=LINE('',#4645,#1020);
#754=LINE('',#4647,#1021);
#755=LINE('',#4648,#1022);
#756=LINE('',#4651,#1023);
#757=LINE('',#4653,#1024);
#758=LINE('',#4654,#1025);
#759=LINE('',#4656,#1026);
#760=LINE('',#4657,#1027);
#761=LINE('',#4662,#1028);
#762=LINE('',#4664,#1029);
#763=LINE('',#4666,#1030);
#764=LINE('',#4667,#1031);
#765=LINE('',#4669,#1032);
#766=LINE('',#4670,#1033);
#767=LINE('',#4672,#1034);
#768=LINE('',#4673,#1035);
#769=LINE('',#4677,#1036);
#770=LINE('',#4687,#1037);
#771=LINE('',#4697,#1038);
#772=LINE('',#4707,#1039);
#773=LINE('',#4715,#1040);
#774=LINE('',#4717,#1041);
#775=LINE('',#4719,#1042);
#776=LINE('',#4720,#1043);
#777=LINE('',#4723,#1044);
#778=LINE('',#4725,#1045);
#779=LINE('',#4726,#1046);
#780=LINE('',#4729,#1047);
#781=LINE('',#4731,#1048);
#782=LINE('',#4732,#1049);
#783=LINE('',#4734,#1050);
#784=LINE('',#4735,#1051);
#785=LINE('',#4742,#1052);
#786=LINE('',#4744,#1053);
#787=LINE('',#4746,#1054);
#788=LINE('',#4748,#1055);
#789=LINE('',#4750,#1056);
#790=LINE('',#4757,#1057);
#791=LINE('',#4781,#1058);
#792=LINE('',#4829,#1059);
#793=LINE('',#4877,#1060);
#794=LINE('',#4925,#1061);
#795=LINE('',#4976,#1062);
#796=LINE('',#5024,#1063);
#797=LINE('',#5072,#1064);
#798=LINE('',#5126,#1065);
#799=LINE('',#5174,#1066);
#800=LINE('',#5222,#1067);
#801=LINE('',#5239,#1068);
#802=LINE('',#5264,#1069);
#803=LINE('',#5288,#1070);
#804=LINE('',#5313,#1071);
#805=LINE('',#5338,#1072);
#806=LINE('',#5362,#1073);
#807=LINE('',#5387,#1074);
#808=LINE('',#5412,#1075);
#809=LINE('',#5436,#1076);
#810=LINE('',#6364,#1077);
#811=LINE('',#6370,#1078);
#812=LINE('',#6372,#1079);
#813=LINE('',#6374,#1080);
#814=LINE('',#6375,#1081);
#815=LINE('',#6378,#1082);
#816=LINE('',#6380,#1083);
#817=LINE('',#6381,#1084);
#818=LINE('',#6384,#1085);
#819=LINE('',#6386,#1086);
#820=LINE('',#6387,#1087);
#821=LINE('',#6389,#1088);
#822=LINE('',#6390,#1089);
#823=LINE('',#6396,#1090);
#824=LINE('',#6403,#1091);
#825=LINE('',#6405,#1092);
#826=LINE('',#6407,#1093);
#827=LINE('',#6408,#1094);
#828=LINE('',#6411,#1095);
#829=LINE('',#6413,#1096);
#830=LINE('',#6414,#1097);
#831=LINE('',#6417,#1098);
#832=LINE('',#6419,#1099);
#833=LINE('',#6420,#1100);
#834=LINE('',#6422,#1101);
#835=LINE('',#6423,#1102);
#836=VECTOR('',#3281,10.);
#837=VECTOR('',#3284,10.);
#838=VECTOR('',#3287,10.);
#839=VECTOR('',#3288,10.);
#840=VECTOR('',#3289,10.);
#841=VECTOR('',#3292,10.);
#842=VECTOR('',#3295,10.);
#843=VECTOR('',#3298,10.);
#844=VECTOR('',#3299,10.);
#845=VECTOR('',#3300,10.);
#846=VECTOR('',#3305,10.);
#847=VECTOR('',#3310,10.);
#848=VECTOR('',#3315,10.);
#849=VECTOR('',#3320,10.);
#850=VECTOR('',#3323,10.);
#851=VECTOR('',#3324,10.);
#852=VECTOR('',#3325,0.5);
#853=VECTOR('',#3326,10.);
#854=VECTOR('',#3331,10.);
#855=VECTOR('',#3332,10.);
#856=VECTOR('',#3337,10.);
#857=VECTOR('',#3340,10.);
#858=VECTOR('',#3341,10.);
#859=VECTOR('',#3346,10.);
#860=VECTOR('',#3351,10.);
#861=VECTOR('',#3356,10.);
#862=VECTOR('',#3359,10.);
#863=VECTOR('',#3366,10.);
#864=VECTOR('',#3367,10.);
#865=VECTOR('',#3368,10.);
#866=VECTOR('',#3375,10.);
#867=VECTOR('',#3380,10.);
#868=VECTOR('',#3381,10.);
#869=VECTOR('',#3382,10.);
#870=VECTOR('',#3393,10.);
#871=VECTOR('',#3396,10.);
#872=VECTOR('',#3399,10.);
#873=VECTOR('',#3400,10.);
#874=VECTOR('',#3407,10.);
#875=VECTOR('',#3410,10.);
#876=VECTOR('',#3413,10.);
#877=VECTOR('',#3422,10.);
#878=VECTOR('',#3423,10.);
#879=VECTOR('',#3424,10.);
#880=VECTOR('',#3429,10.);
#881=VECTOR('',#3440,10.);
#882=VECTOR('',#3443,10.);
#883=VECTOR('',#3444,10.);
#884=VECTOR('',#3445,10.);
#885=VECTOR('',#3448,0.5);
#886=VECTOR('',#3461,1.);
#887=VECTOR('',#3468,1.);
#888=VECTOR('',#3471,1.);
#889=VECTOR('',#3478,1.);
#890=VECTOR('',#3481,10.);
#891=VECTOR('',#3482,0.5);
#892=VECTOR('',#3485,10.);
#893=VECTOR('',#3486,10.);
#894=VECTOR('',#3489,0.5);
#895=VECTOR('',#3494,0.5);
#896=VECTOR('',#3497,10.);
#897=VECTOR('',#3500,0.5);
#898=VECTOR('',#3501,0.5);
#899=VECTOR('',#3508,10.);
#900=VECTOR('',#3517,1.2);
#901=VECTOR('',#3520,10.);
#902=VECTOR('',#3525,1.2);
#903=VECTOR('',#3528,10.);
#904=VECTOR('',#3533,1.2);
#905=VECTOR('',#3536,10.);
#906=VECTOR('',#3541,1.2);
#907=VECTOR('',#3544,10.);
#908=VECTOR('',#3551,10.);
#909=VECTOR('',#3554,10.);
#910=VECTOR('',#3559,10.);
#911=VECTOR('',#3562,10.);
#912=VECTOR('',#3567,10.);
#913=VECTOR('',#3570,10.);
#914=VECTOR('',#3575,10.);
#915=VECTOR('',#3578,10.);
#916=VECTOR('',#3583,10.);
#917=VECTOR('',#3586,10.);
#918=VECTOR('',#3591,10.);
#919=VECTOR('',#3594,10.);
#920=VECTOR('',#3599,10.);
#921=VECTOR('',#3602,10.);
#922=VECTOR('',#3607,10.);
#923=VECTOR('',#3610,10.);
#924=VECTOR('',#3613,10.);
#925=VECTOR('',#3614,10.);
#926=VECTOR('',#3615,10.);
#927=VECTOR('',#3616,10.);
#928=VECTOR('',#3617,10.);
#929=VECTOR('',#3620,10.);
#930=VECTOR('',#3621,10.);
#931=VECTOR('',#3622,10.);
#932=VECTOR('',#3623,10.);
#933=VECTOR('',#3624,10.);
#934=VECTOR('',#3627,10.);
#935=VECTOR('',#3628,10.);
#936=VECTOR('',#3629,10.);
#937=VECTOR('',#3630,10.);
#938=VECTOR('',#3633,10.);
#939=VECTOR('',#3634,10.);
#940=VECTOR('',#3635,10.);
#941=VECTOR('',#3636,10.);
#942=VECTOR('',#3637,10.);
#943=VECTOR('',#3638,10.);
#944=VECTOR('',#3641,10.);
#945=VECTOR('',#3642,10.);
#946=VECTOR('',#3643,10.);
#947=VECTOR('',#3644,10.);
#948=VECTOR('',#3645,10.);
#949=VECTOR('',#3648,10.);
#950=VECTOR('',#3649,10.);
#951=VECTOR('',#3650,10.);
#952=VECTOR('',#3651,10.);
#953=VECTOR('',#3654,10.);
#954=VECTOR('',#3655,10.);
#955=VECTOR('',#3656,10.);
#956=VECTOR('',#3657,10.);
#957=VECTOR('',#3660,10.);
#958=VECTOR('',#3661,10.);
#959=VECTOR('',#3662,10.);
#960=VECTOR('',#3663,10.);
#961=VECTOR('',#3666,10.);
#962=VECTOR('',#3667,10.);
#963=VECTOR('',#3668,10.);
#964=VECTOR('',#3669,10.);
#965=VECTOR('',#3670,10.);
#966=VECTOR('',#3671,10.);
#967=VECTOR('',#3674,10.);
#968=VECTOR('',#3675,10.);
#969=VECTOR('',#3678,10.);
#970=VECTOR('',#3679,10.);
#971=VECTOR('',#3680,10.);
#972=VECTOR('',#3681,10.);
#973=VECTOR('',#3682,10.);
#974=VECTOR('',#3685,10.);
#975=VECTOR('',#3696,10.);
#976=VECTOR('',#3697,10.);
#977=VECTOR('',#3698,10.);
#978=VECTOR('',#3699,10.);
#979=VECTOR('',#3702,10.);
#980=VECTOR('',#3703,10.);
#981=VECTOR('',#3706,10.);
#982=VECTOR('',#3707,10.);
#983=VECTOR('',#3712,10.);
#984=VECTOR('',#3713,10.);
#985=VECTOR('',#3714,10.);
#986=VECTOR('',#3717,10.);
#987=VECTOR('',#3718,10.);
#988=VECTOR('',#3719,10.);
#989=VECTOR('',#3722,10.);
#990=VECTOR('',#3723,10.);
#991=VECTOR('',#3728,10.);
#992=VECTOR('',#3729,10.);
#993=VECTOR('',#3730,10.);
#994=VECTOR('',#3733,10.);
#995=VECTOR('',#3734,10.);
#996=VECTOR('',#3735,10.);
#997=VECTOR('',#3738,10.);
#998=VECTOR('',#3739,10.);
#999=VECTOR('',#3744,10.);
#1000=VECTOR('',#3745,10.);
#1001=VECTOR('',#3746,10.);
#1002=VECTOR('',#3747,10.);
#1003=VECTOR('',#3750,10.);
#1004=VECTOR('',#3751,10.);
#1005=VECTOR('',#3754,10.);
#1006=VECTOR('',#3755,10.);
#1007=VECTOR('',#3760,10.);
#1008=VECTOR('',#3761,10.);
#1009=VECTOR('',#3762,10.);
#1010=VECTOR('',#3765,10.);
#1011=VECTOR('',#3766,10.);
#1012=VECTOR('',#3771,10.);
#1013=VECTOR('',#3772,10.);
#1014=VECTOR('',#3773,10.);
#1015=VECTOR('',#3774,10.);
#1016=VECTOR('',#3777,10.);
#1017=VECTOR('',#3778,10.);
#1018=VECTOR('',#3781,10.);
#1019=VECTOR('',#3782,10.);
#1020=VECTOR('',#3787,10.);
#1021=VECTOR('',#3788,10.);
#1022=VECTOR('',#3789,10.);
#1023=VECTOR('',#3792,10.);
#1024=VECTOR('',#3793,10.);
#1025=VECTOR('',#3794,10.);
#1026=VECTOR('',#3797,10.);
#1027=VECTOR('',#3798,10.);
#1028=VECTOR('',#3803,10.);
#1029=VECTOR('',#3804,10.);
#1030=VECTOR('',#3805,10.);
#1031=VECTOR('',#3806,10.);
#1032=VECTOR('',#3809,10.);
#1033=VECTOR('',#3810,10.);
#1034=VECTOR('',#3813,10.);
#1035=VECTOR('',#3814,10.);
#1036=VECTOR('',#3821,10.);
#1037=VECTOR('',#3838,10.);
#1038=VECTOR('',#3855,10.);
#1039=VECTOR('',#3872,10.);
#1040=VECTOR('',#3881,10.);
#1041=VECTOR('',#3882,10.);
#1042=VECTOR('',#3883,10.);
#1043=VECTOR('',#3884,10.);
#1044=VECTOR('',#3887,10.);
#1045=VECTOR('',#3888,10.);
#1046=VECTOR('',#3889,10.);
#1047=VECTOR('',#3892,10.);
#1048=VECTOR('',#3893,10.);
#1049=VECTOR('',#3894,10.);
#1050=VECTOR('',#3897,10.);
#1051=VECTOR('',#3898,10.);
#1052=VECTOR('',#3911,10.);
#1053=VECTOR('',#3914,0.9);
#1054=VECTOR('',#3917,0.9);
#1055=VECTOR('',#3920,0.9);
#1056=VECTOR('',#3923,0.9);
#1057=VECTOR('',#3932,1.);
#1058=VECTOR('',#3937,1.);
#1059=VECTOR('',#3940,1.);
#1060=VECTOR('',#3943,1.);
#1061=VECTOR('',#3946,1.);
#1062=VECTOR('',#3949,1.);
#1063=VECTOR('',#3952,1.);
#1064=VECTOR('',#3955,1.);
#1065=VECTOR('',#3958,1.);
#1066=VECTOR('',#3961,1.);
#1067=VECTOR('',#3964,0.739);
#1068=VECTOR('',#3969,0.739);
#1069=VECTOR('',#3972,0.739);
#1070=VECTOR('',#3975,0.739);
#1071=VECTOR('',#3978,0.739);
#1072=VECTOR('',#3981,0.739);
#1073=VECTOR('',#3984,0.739);
#1074=VECTOR('',#3987,0.739);
#1075=VECTOR('',#3990,0.739);
#1076=VECTOR('',#3993,0.739);
#1077=VECTOR('',#4008,1.2);
#1078=VECTOR('',#4015,10.);
#1079=VECTOR('',#4016,10.);
#1080=VECTOR('',#4017,10.);
#1081=VECTOR('',#4018,10.);
#1082=VECTOR('',#4021,10.);
#1083=VECTOR('',#4022,10.);
#1084=VECTOR('',#4023,10.);
#1085=VECTOR('',#4026,10.);
#1086=VECTOR('',#4027,10.);
#1087=VECTOR('',#4028,10.);
#1088=VECTOR('',#4031,10.);
#1089=VECTOR('',#4032,10.);
#1090=VECTOR('',#4039,2.45);
#1091=VECTOR('',#4048,10.);
#1092=VECTOR('',#4049,10.);
#1093=VECTOR('',#4050,10.);
#1094=VECTOR('',#4051,10.);
#1095=VECTOR('',#4054,10.);
#1096=VECTOR('',#4055,10.);
#1097=VECTOR('',#4056,10.);
#1098=VECTOR('',#4059,10.);
#1099=VECTOR('',#4060,10.);
#1100=VECTOR('',#4061,10.);
#1101=VECTOR('',#4064,10.);
#1102=VECTOR('',#4065,10.);
#1103=CIRCLE('',#3007,0.5);
#1104=CIRCLE('',#3008,0.5);
#1105=CIRCLE('',#3011,0.5);
#1106=CIRCLE('',#3014,0.5);
#1107=CIRCLE('',#3015,0.5);
#1108=CIRCLE('',#3017,0.5);
#1109=CIRCLE('',#3018,0.5);
#1110=CIRCLE('',#3019,0.5);
#1111=CIRCLE('',#3020,0.5);
#1112=CIRCLE('',#3021,0.5);
#1113=CIRCLE('',#3023,0.5);
#1114=CIRCLE('',#3025,0.5);
#1115=CIRCLE('',#3028,0.5);
#1116=CIRCLE('',#3030,0.5);
#1117=CIRCLE('',#3032,0.5);
#1118=CIRCLE('',#3035,0.5);
#1119=CIRCLE('',#3036,0.5);
#1120=CIRCLE('',#3037,0.5);
#1121=CIRCLE('',#3038,0.5);
#1122=CIRCLE('',#3041,0.5);
#1123=CIRCLE('',#3042,0.5);
#1124=CIRCLE('',#3043,0.5);
#1125=CIRCLE('',#3045,0.5);
#1126=CIRCLE('',#3046,0.5);
#1127=CIRCLE('',#3048,0.5);
#1128=CIRCLE('',#3049,1.);
#1129=CIRCLE('',#3050,1.);
#1130=CIRCLE('',#3052,0.5);
#1131=CIRCLE('',#3054,0.5);
#1132=CIRCLE('',#3055,0.5);
#1133=CIRCLE('',#3056,0.5);
#1134=CIRCLE('',#3057,0.5);
#1135=CIRCLE('',#3058,0.5);
#1136=CIRCLE('',#3059,0.5);
#1137=CIRCLE('',#3060,0.5);
#1138=CIRCLE('',#3061,0.5);
#1139=CIRCLE('',#3063,0.5);
#1140=CIRCLE('',#3064,0.5);
#1141=CIRCLE('',#3067,0.5);
#1142=CIRCLE('',#3068,1.);
#1143=CIRCLE('',#3069,1.);
#1144=CIRCLE('',#3071,0.5);
#1145=CIRCLE('',#3073,1.);
#1146=CIRCLE('',#3075,1.);
#1147=CIRCLE('',#3077,1.);
#1148=CIRCLE('',#3079,1.);
#1149=CIRCLE('',#3094,1.2);
#1150=CIRCLE('',#3095,1.2);
#1151=CIRCLE('',#3097,1.2);
#1152=CIRCLE('',#3098,1.2);
#1153=CIRCLE('',#3100,1.2);
#1154=CIRCLE('',#3101,1.2);
#1155=CIRCLE('',#3103,1.2);
#1156=CIRCLE('',#3104,1.2);
#1157=CIRCLE('',#3106,0.503125);
#1158=CIRCLE('',#3107,0.503125);
#1159=CIRCLE('',#3109,0.503125);
#1160=CIRCLE('',#3110,0.503125);
#1161=CIRCLE('',#3112,0.599999999999999);
#1162=CIRCLE('',#3113,0.599999999999999);
#1163=CIRCLE('',#3115,0.750000000000001);
#1164=CIRCLE('',#3116,0.750000000000001);
#1165=CIRCLE('',#3118,0.625);
#1166=CIRCLE('',#3119,0.625);
#1167=CIRCLE('',#3121,0.503125);
#1168=CIRCLE('',#3122,0.503125);
#1169=CIRCLE('',#3124,0.503125);
#1170=CIRCLE('',#3125,0.503125);
#1171=CIRCLE('',#3127,0.75);
#1172=CIRCLE('',#3128,0.75);
#1173=CIRCLE('',#3141,0.9);
#1174=CIRCLE('',#3142,0.9);
#1175=CIRCLE('',#3143,0.9);
#1176=CIRCLE('',#3144,0.9);
#1177=CIRCLE('',#3177,1.2);
#1178=CIRCLE('',#3178,1.2);
#1179=CIRCLE('',#3180,0.9);
#1180=CIRCLE('',#3182,5.5175144212722);
#1181=CIRCLE('',#3183,5.5175144212722);
#1182=CIRCLE('',#3185,1.2);
#1183=CIRCLE('',#3186,1.2);
#1184=CIRCLE('',#3188,0.9);
#1185=CIRCLE('',#3190,5.5175144212722);
#1186=CIRCLE('',#3191,5.5175144212722);
#1187=CIRCLE('',#3193,1.2);
#1188=CIRCLE('',#3194,1.2);
#1189=CIRCLE('',#3196,0.9);
#1190=CIRCLE('',#3198,5.5175144212722);
#1191=CIRCLE('',#3199,5.5175144212722);
#1192=CIRCLE('',#3201,1.2);
#1193=CIRCLE('',#3202,1.2);
#1194=CIRCLE('',#3204,0.9);
#1195=CIRCLE('',#3210,5.5175144212722);
#1196=CIRCLE('',#3211,5.5175144212722);
#1197=CIRCLE('',#3223,0.96675);
#1198=CIRCLE('',#3234,0.739);
#1199=CIRCLE('',#3245,0.739);
#1200=CIRCLE('',#3247,0.96675);
#1201=CIRCLE('',#3250,1.2);
#1202=CIRCLE('',#3251,1.2);
#1203=CIRCLE('',#3259,2.45);
#1204=CIRCLE('',#3260,2.45);
#1205=VERTEX_POINT('',#4081);
#1206=VERTEX_POINT('',#4082);
#1207=VERTEX_POINT('',#4084);
#1208=VERTEX_POINT('',#4086);
#1209=VERTEX_POINT('',#4088);
#1210=VERTEX_POINT('',#4107);
#1211=VERTEX_POINT('',#4109);
#1212=VERTEX_POINT('',#4113);
#1213=VERTEX_POINT('',#4114);
#1214=VERTEX_POINT('',#4119);
#1215=VERTEX_POINT('',#4121);
#1216=VERTEX_POINT('',#4123);
#1217=VERTEX_POINT('',#4142);
#1218=VERTEX_POINT('',#4144);
#1219=VERTEX_POINT('',#4148);
#1220=VERTEX_POINT('',#4150);
#1221=VERTEX_POINT('',#4154);
#1222=VERTEX_POINT('',#4156);
#1223=VERTEX_POINT('',#4158);
#1224=VERTEX_POINT('',#4160);
#1225=VERTEX_POINT('',#4162);
#1226=VERTEX_POINT('',#4164);
#1227=VERTEX_POINT('',#4166);
#1228=VERTEX_POINT('',#4169);
#1229=VERTEX_POINT('',#4171);
#1230=VERTEX_POINT('',#4173);
#1231=VERTEX_POINT('',#4177);
#1232=VERTEX_POINT('',#4178);
#1233=VERTEX_POINT('',#4183);
#1234=VERTEX_POINT('',#4187);
#1235=VERTEX_POINT('',#4191);
#1236=VERTEX_POINT('',#4195);
#1237=VERTEX_POINT('',#4199);
#1238=VERTEX_POINT('',#4205);
#1239=VERTEX_POINT('',#4207);
#1240=VERTEX_POINT('',#4209);
#1241=VERTEX_POINT('',#4211);
#1242=VERTEX_POINT('',#4213);
#1243=VERTEX_POINT('',#4215);
#1244=VERTEX_POINT('',#4221);
#1245=VERTEX_POINT('',#4223);
#1246=VERTEX_POINT('',#4225);
#1247=VERTEX_POINT('',#4227);
#1248=VERTEX_POINT('',#4229);
#1249=VERTEX_POINT('',#4233);
#1250=VERTEX_POINT('',#4235);
#1251=VERTEX_POINT('',#4239);
#1252=VERTEX_POINT('',#4241);
#1253=VERTEX_POINT('',#4243);
#1254=VERTEX_POINT('',#4246);
#1255=VERTEX_POINT('',#4248);
#1256=VERTEX_POINT('',#4251);
#1257=VERTEX_POINT('',#4253);
#1258=VERTEX_POINT('',#4257);
#1259=VERTEX_POINT('',#4259);
#1260=VERTEX_POINT('',#4262);
#1261=VERTEX_POINT('',#4264);
#1262=VERTEX_POINT('',#4266);
#1263=VERTEX_POINT('',#4268);
#1264=VERTEX_POINT('',#4270);
#1265=VERTEX_POINT('',#4272);
#1266=VERTEX_POINT('',#4274);
#1267=VERTEX_POINT('',#4276);
#1268=VERTEX_POINT('',#4278);
#1269=VERTEX_POINT('',#4282);
#1270=VERTEX_POINT('',#4284);
#1271=VERTEX_POINT('',#4288);
#1272=VERTEX_POINT('',#4290);
#1273=VERTEX_POINT('',#4296);
#1274=VERTEX_POINT('',#4298);
#1275=VERTEX_POINT('',#4303);
#1276=VERTEX_POINT('',#4307);
#1277=VERTEX_POINT('',#4311);
#1278=VERTEX_POINT('',#4315);
#1279=VERTEX_POINT('',#4322);
#1280=VERTEX_POINT('',#4343);
#1281=VERTEX_POINT('',#4344);
#1282=VERTEX_POINT('',#4346);
#1283=VERTEX_POINT('',#4348);
#1284=VERTEX_POINT('',#4352);
#1285=VERTEX_POINT('',#4353);
#1286=VERTEX_POINT('',#4355);
#1287=VERTEX_POINT('',#4357);
#1288=VERTEX_POINT('',#4361);
#1289=VERTEX_POINT('',#4362);
#1290=VERTEX_POINT('',#4364);
#1291=VERTEX_POINT('',#4366);
#1292=VERTEX_POINT('',#4370);
#1293=VERTEX_POINT('',#4371);
#1294=VERTEX_POINT('',#4373);
#1295=VERTEX_POINT('',#4375);
#1296=VERTEX_POINT('',#4379);
#1297=VERTEX_POINT('',#4380);
#1298=VERTEX_POINT('',#4382);
#1299=VERTEX_POINT('',#4384);
#1300=VERTEX_POINT('',#4388);
#1301=VERTEX_POINT('',#4389);
#1302=VERTEX_POINT('',#4391);
#1303=VERTEX_POINT('',#4393);
#1304=VERTEX_POINT('',#4397);
#1305=VERTEX_POINT('',#4398);
#1306=VERTEX_POINT('',#4400);
#1307=VERTEX_POINT('',#4402);
#1308=VERTEX_POINT('',#4406);
#1309=VERTEX_POINT('',#4407);
#1310=VERTEX_POINT('',#4409);
#1311=VERTEX_POINT('',#4411);
#1312=VERTEX_POINT('',#4415);
#1313=VERTEX_POINT('',#4416);
#1314=VERTEX_POINT('',#4418);
#1315=VERTEX_POINT('',#4420);
#1316=VERTEX_POINT('',#4424);
#1317=VERTEX_POINT('',#4425);
#1318=VERTEX_POINT('',#4427);
#1319=VERTEX_POINT('',#4429);
#1320=VERTEX_POINT('',#4433);
#1321=VERTEX_POINT('',#4434);
#1322=VERTEX_POINT('',#4436);
#1323=VERTEX_POINT('',#4438);
#1324=VERTEX_POINT('',#4442);
#1325=VERTEX_POINT('',#4443);
#1326=VERTEX_POINT('',#4445);
#1327=VERTEX_POINT('',#4447);
#1328=VERTEX_POINT('',#4451);
#1329=VERTEX_POINT('',#4453);
#1330=VERTEX_POINT('',#4455);
#1331=VERTEX_POINT('',#4457);
#1332=VERTEX_POINT('',#4461);
#1333=VERTEX_POINT('',#4463);
#1334=VERTEX_POINT('',#4465);
#1335=VERTEX_POINT('',#4467);
#1336=VERTEX_POINT('',#4471);
#1337=VERTEX_POINT('',#4473);
#1338=VERTEX_POINT('',#4478);
#1339=VERTEX_POINT('',#4480);
#1340=VERTEX_POINT('',#4482);
#1341=VERTEX_POINT('',#4484);
#1342=VERTEX_POINT('',#4490);
#1343=VERTEX_POINT('',#4492);
#1344=VERTEX_POINT('',#4494);
#1345=VERTEX_POINT('',#4498);
#1346=VERTEX_POINT('',#4500);
#1347=VERTEX_POINT('',#4506);
#1348=VERTEX_POINT('',#4508);
#1349=VERTEX_POINT('',#4512);
#1350=VERTEX_POINT('',#4514);
#1351=VERTEX_POINT('',#4519);
#1352=VERTEX_POINT('',#4521);
#1353=VERTEX_POINT('',#4523);
#1354=VERTEX_POINT('',#4525);
#1355=VERTEX_POINT('',#4527);
#1356=VERTEX_POINT('',#4534);
#1357=VERTEX_POINT('',#4536);
#1358=VERTEX_POINT('',#4538);
#1359=VERTEX_POINT('',#4540);
#1360=VERTEX_POINT('',#4545);
#1361=VERTEX_POINT('',#4547);
#1362=VERTEX_POINT('',#4549);
#1363=VERTEX_POINT('',#4551);
#1364=VERTEX_POINT('',#4554);
#1365=VERTEX_POINT('',#4555);
#1366=VERTEX_POINT('',#4557);
#1367=VERTEX_POINT('',#4559);
#1368=VERTEX_POINT('',#4570);
#1369=VERTEX_POINT('',#4572);
#1370=VERTEX_POINT('',#4576);
#1371=VERTEX_POINT('',#4578);
#1372=VERTEX_POINT('',#4586);
#1373=VERTEX_POINT('',#4588);
#1374=VERTEX_POINT('',#4592);
#1375=VERTEX_POINT('',#4594);
#1376=VERTEX_POINT('',#4602);
#1377=VERTEX_POINT('',#4603);
#1378=VERTEX_POINT('',#4605);
#1379=VERTEX_POINT('',#4607);
#1380=VERTEX_POINT('',#4618);
#1381=VERTEX_POINT('',#4620);
#1382=VERTEX_POINT('',#4628);
#1383=VERTEX_POINT('',#4629);
#1384=VERTEX_POINT('',#4631);
#1385=VERTEX_POINT('',#4633);
#1386=VERTEX_POINT('',#4644);
#1387=VERTEX_POINT('',#4646);
#1388=VERTEX_POINT('',#4650);
#1389=VERTEX_POINT('',#4652);
#1390=VERTEX_POINT('',#4660);
#1391=VERTEX_POINT('',#4661);
#1392=VERTEX_POINT('',#4663);
#1393=VERTEX_POINT('',#4665);
#1394=VERTEX_POINT('',#4680);
#1395=VERTEX_POINT('',#4690);
#1396=VERTEX_POINT('',#4700);
#1397=VERTEX_POINT('',#4710);
#1398=VERTEX_POINT('',#4713);
#1399=VERTEX_POINT('',#4714);
#1400=VERTEX_POINT('',#4716);
#1401=VERTEX_POINT('',#4718);
#1402=VERTEX_POINT('',#4722);
#1403=VERTEX_POINT('',#4724);
#1404=VERTEX_POINT('',#4728);
#1405=VERTEX_POINT('',#4730);
#1406=VERTEX_POINT('',#4755);
#1407=VERTEX_POINT('',#4756);
#1408=VERTEX_POINT('',#4758);
#1409=VERTEX_POINT('',#4769);
#1410=VERTEX_POINT('',#4779);
#1411=VERTEX_POINT('',#4780);
#1412=VERTEX_POINT('',#4827);
#1413=VERTEX_POINT('',#4828);
#1414=VERTEX_POINT('',#4875);
#1415=VERTEX_POINT('',#4876);
#1416=VERTEX_POINT('',#4923);
#1417=VERTEX_POINT('',#4924);
#1418=VERTEX_POINT('',#4974);
#1419=VERTEX_POINT('',#4975);
#1420=VERTEX_POINT('',#5022);
#1421=VERTEX_POINT('',#5023);
#1422=VERTEX_POINT('',#5070);
#1423=VERTEX_POINT('',#5071);
#1424=VERTEX_POINT('',#5124);
#1425=VERTEX_POINT('',#5125);
#1426=VERTEX_POINT('',#5172);
#1427=VERTEX_POINT('',#5173);
#1428=VERTEX_POINT('',#5220);
#1429=VERTEX_POINT('',#5221);
#1430=VERTEX_POINT('',#5223);
#1431=VERTEX_POINT('',#5230);
#1432=VERTEX_POINT('',#5237);
#1433=VERTEX_POINT('',#5238);
#1434=VERTEX_POINT('',#5262);
#1435=VERTEX_POINT('',#5263);
#1436=VERTEX_POINT('',#5286);
#1437=VERTEX_POINT('',#5287);
#1438=VERTEX_POINT('',#5311);
#1439=VERTEX_POINT('',#5312);
#1440=VERTEX_POINT('',#5336);
#1441=VERTEX_POINT('',#5337);
#1442=VERTEX_POINT('',#5360);
#1443=VERTEX_POINT('',#5361);
#1444=VERTEX_POINT('',#5385);
#1445=VERTEX_POINT('',#5386);
#1446=VERTEX_POINT('',#5410);
#1447=VERTEX_POINT('',#5411);
#1448=VERTEX_POINT('',#5434);
#1449=VERTEX_POINT('',#5435);
#1450=VERTEX_POINT('',#5729);
#1451=VERTEX_POINT('',#5822);
#1452=VERTEX_POINT('',#5906);
#1453=VERTEX_POINT('',#6188);
#1454=VERTEX_POINT('',#6361);
#1455=VERTEX_POINT('',#6363);
#1456=VERTEX_POINT('',#6368);
#1457=VERTEX_POINT('',#6369);
#1458=VERTEX_POINT('',#6371);
#1459=VERTEX_POINT('',#6373);
#1460=VERTEX_POINT('',#6377);
#1461=VERTEX_POINT('',#6379);
#1462=VERTEX_POINT('',#6383);
#1463=VERTEX_POINT('',#6385);
#1464=VERTEX_POINT('',#6393);
#1465=VERTEX_POINT('',#6395);
#1466=VERTEX_POINT('',#6401);
#1467=VERTEX_POINT('',#6402);
#1468=VERTEX_POINT('',#6404);
#1469=VERTEX_POINT('',#6406);
#1470=VERTEX_POINT('',#6410);
#1471=VERTEX_POINT('',#6412);
#1472=VERTEX_POINT('',#6416);
#1473=VERTEX_POINT('',#6418);
#1474=EDGE_CURVE('',#1205,#1206,#1103,.T.);
#1475=EDGE_CURVE('',#1206,#1207,#569,.T.);
#1476=EDGE_CURVE('',#1207,#1208,#1104,.T.);
#1477=EDGE_CURVE('',#1208,#1209,#570,.T.);
#1478=EDGE_CURVE('',#1209,#1205,#518,.T.);
#1479=EDGE_CURVE('',#1210,#1206,#571,.T.);
#1480=EDGE_CURVE('',#1211,#1210,#572,.T.);
#1481=EDGE_CURVE('',#1207,#1211,#573,.T.);
#1482=EDGE_CURVE('',#1212,#1213,#519,.F.);
#1483=EDGE_CURVE('',#1212,#1214,#574,.T.);
#1484=EDGE_CURVE('',#1214,#1215,#1105,.T.);
#1485=EDGE_CURVE('',#1215,#1216,#575,.T.);
#1486=EDGE_CURVE('',#1216,#1213,#520,.T.);
#1487=EDGE_CURVE('',#1215,#1217,#576,.T.);
#1488=EDGE_CURVE('',#1218,#1217,#577,.T.);
#1489=EDGE_CURVE('',#1216,#1218,#578,.T.);
#1490=EDGE_CURVE('',#1210,#1219,#1106,.T.);
#1491=EDGE_CURVE('',#1219,#1220,#579,.T.);
#1492=EDGE_CURVE('',#1220,#1211,#1107,.T.);
#1493=EDGE_CURVE('',#1220,#1221,#580,.T.);
#1494=EDGE_CURVE('',#1222,#1221,#1108,.T.);
#1495=EDGE_CURVE('',#1223,#1222,#1109,.T.);
#1496=EDGE_CURVE('',#1224,#1223,#581,.T.);
#1497=EDGE_CURVE('',#1225,#1224,#1110,.T.);
#1498=EDGE_CURVE('',#1226,#1225,#1111,.T.);
#1499=EDGE_CURVE('',#1227,#1226,#582,.T.);
#1500=EDGE_CURVE('',#1217,#1227,#1112,.T.);
#1501=EDGE_CURVE('',#1228,#1214,#583,.T.);
#1502=EDGE_CURVE('',#1229,#1228,#584,.T.);
#1503=EDGE_CURVE('',#1230,#1229,#585,.T.);
#1504=EDGE_CURVE('',#1208,#1230,#586,.T.);
#1505=EDGE_CURVE('',#1231,#1232,#1113,.T.);
#1506=EDGE_CURVE('',#1222,#1232,#587,.T.);
#1507=EDGE_CURVE('',#1221,#1231,#588,.T.);
#1508=EDGE_CURVE('',#1232,#1233,#1114,.T.);
#1509=EDGE_CURVE('',#1233,#1223,#589,.T.);
#1510=EDGE_CURVE('',#1233,#1234,#590,.T.);
#1511=EDGE_CURVE('',#1224,#1234,#591,.T.);
#1512=EDGE_CURVE('',#1234,#1235,#1115,.T.);
#1513=EDGE_CURVE('',#1225,#1235,#592,.T.);
#1514=EDGE_CURVE('',#1235,#1236,#1116,.T.);
#1515=EDGE_CURVE('',#1236,#1226,#593,.T.);
#1516=EDGE_CURVE('',#1237,#1218,#1117,.T.);
#1517=EDGE_CURVE('',#1227,#1237,#594,.T.);
#1518=EDGE_CURVE('',#1231,#1219,#595,.T.);
#1519=EDGE_CURVE('',#1238,#1230,#1118,.T.);
#1520=EDGE_CURVE('',#1239,#1238,#1119,.T.);
#1521=EDGE_CURVE('',#1239,#1240,#596,.T.);
#1522=EDGE_CURVE('',#1241,#1240,#597,.T.);
#1523=EDGE_CURVE('',#1242,#1241,#598,.T.);
#1524=EDGE_CURVE('',#1243,#1242,#1120,.T.);
#1525=EDGE_CURVE('',#1243,#1209,#1121,.F.);
#1526=EDGE_CURVE('',#1237,#1236,#599,.T.);
#1527=EDGE_CURVE('',#1244,#1212,#1122,.T.);
#1528=EDGE_CURVE('',#1245,#1244,#600,.T.);
#1529=EDGE_CURVE('',#1246,#1245,#601,.T.);
#1530=EDGE_CURVE('',#1246,#1247,#602,.T.);
#1531=EDGE_CURVE('',#1248,#1247,#1123,.T.);
#1532=EDGE_CURVE('',#1214,#1248,#1124,.T.);
#1533=EDGE_CURVE('',#1249,#1241,#1125,.T.);
#1534=EDGE_CURVE('',#1240,#1250,#1126,.T.);
#1535=EDGE_CURVE('',#1250,#1249,#603,.T.);
#1536=EDGE_CURVE('',#1249,#1251,#604,.T.);
#1537=EDGE_CURVE('',#1252,#1251,#1127,.T.);
#1538=EDGE_CURVE('',#1252,#1253,#605,.T.);
#1539=EDGE_CURVE('',#1242,#1253,#606,.T.);
#1540=EDGE_CURVE('',#1254,#1254,#1128,.T.);
#1541=EDGE_CURVE('',#1255,#1255,#1129,.T.);
#1542=EDGE_CURVE('',#1251,#1256,#607,.T.);
#1543=EDGE_CURVE('',#1256,#1257,#1130,.T.);
#1544=EDGE_CURVE('',#1257,#1252,#608,.T.);
#1545=EDGE_CURVE('',#1257,#1258,#609,.T.);
#1546=EDGE_CURVE('',#1259,#1258,#1131,.T.);
#1547=EDGE_CURVE('',#1229,#1259,#1132,.T.);
#1548=EDGE_CURVE('',#1260,#1228,#1133,.T.);
#1549=EDGE_CURVE('',#1260,#1261,#1134,.F.);
#1550=EDGE_CURVE('',#1261,#1262,#610,.T.);
#1551=EDGE_CURVE('',#1263,#1262,#611,.T.);
#1552=EDGE_CURVE('',#1264,#1263,#612,.T.);
#1553=EDGE_CURVE('',#1265,#1264,#1135,.T.);
#1554=EDGE_CURVE('',#1266,#1265,#1136,.T.);
#1555=EDGE_CURVE('',#1266,#1267,#613,.T.);
#1556=EDGE_CURVE('',#1268,#1267,#1137,.T.);
#1557=EDGE_CURVE('',#1253,#1268,#1138,.T.);
#1558=EDGE_CURVE('',#1269,#1263,#1139,.T.);
#1559=EDGE_CURVE('',#1262,#1270,#1140,.T.);
#1560=EDGE_CURVE('',#1270,#1269,#614,.T.);
#1561=EDGE_CURVE('',#1270,#1271,#615,.T.);
#1562=EDGE_CURVE('',#1272,#1271,#616,.T.);
#1563=EDGE_CURVE('',#1269,#1272,#617,.T.);
#1564=EDGE_CURVE('',#1247,#1261,#618,.T.);
#1565=EDGE_CURVE('',#1271,#1246,#1141,.T.);
#1566=EDGE_CURVE('',#1273,#1273,#1142,.T.);
#1567=EDGE_CURVE('',#1274,#1274,#1143,.T.);
#1568=EDGE_CURVE('',#1245,#1272,#1144,.T.);
#1569=EDGE_CURVE('',#1254,#1275,#619,.T.);
#1570=EDGE_CURVE('',#1275,#1275,#1145,.T.);
#1571=EDGE_CURVE('',#1276,#1276,#1146,.T.);
#1572=EDGE_CURVE('',#1276,#1273,#620,.T.);
#1573=EDGE_CURVE('',#1255,#1277,#621,.T.);
#1574=EDGE_CURVE('',#1277,#1277,#1147,.T.);
#1575=EDGE_CURVE('',#1278,#1278,#1148,.T.);
#1576=EDGE_CURVE('',#1278,#1274,#622,.T.);
#1577=EDGE_CURVE('',#1213,#1265,#623,.F.);
#1578=EDGE_CURVE('',#1264,#1244,#624,.T.);
#1579=EDGE_CURVE('',#1279,#1216,#625,.T.);
#1580=EDGE_CURVE('',#1279,#1266,#626,.T.);
#1581=EDGE_CURVE('',#1260,#1248,#627,.T.);
#1582=EDGE_CURVE('',#1259,#1238,#628,.T.);
#1583=EDGE_CURVE('',#1258,#1239,#629,.T.);
#1584=EDGE_CURVE('',#1243,#1268,#630,.T.);
#1585=EDGE_CURVE('',#1267,#1205,#631,.T.);
#1586=EDGE_CURVE('',#1250,#1256,#632,.T.);
#1587=EDGE_CURVE('',#1280,#1281,#633,.T.);
#1588=EDGE_CURVE('',#1282,#1280,#1149,.T.);
#1589=EDGE_CURVE('',#1282,#1283,#634,.T.);
#1590=EDGE_CURVE('',#1283,#1281,#1150,.T.);
#1591=EDGE_CURVE('',#1284,#1285,#635,.T.);
#1592=EDGE_CURVE('',#1286,#1284,#1151,.T.);
#1593=EDGE_CURVE('',#1286,#1287,#636,.T.);
#1594=EDGE_CURVE('',#1287,#1285,#1152,.T.);
#1595=EDGE_CURVE('',#1288,#1289,#637,.T.);
#1596=EDGE_CURVE('',#1290,#1288,#1153,.T.);
#1597=EDGE_CURVE('',#1290,#1291,#638,.T.);
#1598=EDGE_CURVE('',#1291,#1289,#1154,.T.);
#1599=EDGE_CURVE('',#1292,#1293,#639,.T.);
#1600=EDGE_CURVE('',#1294,#1292,#1155,.T.);
#1601=EDGE_CURVE('',#1294,#1295,#640,.T.);
#1602=EDGE_CURVE('',#1295,#1293,#1156,.T.);
#1603=EDGE_CURVE('',#1296,#1297,#1157,.T.);
#1604=EDGE_CURVE('',#1298,#1297,#641,.T.);
#1605=EDGE_CURVE('',#1299,#1298,#1158,.T.);
#1606=EDGE_CURVE('',#1296,#1299,#642,.T.);
#1607=EDGE_CURVE('',#1300,#1301,#1159,.T.);
#1608=EDGE_CURVE('',#1302,#1301,#643,.T.);
#1609=EDGE_CURVE('',#1303,#1302,#1160,.T.);
#1610=EDGE_CURVE('',#1300,#1303,#644,.T.);
#1611=EDGE_CURVE('',#1304,#1305,#1161,.T.);
#1612=EDGE_CURVE('',#1306,#1305,#645,.T.);
#1613=EDGE_CURVE('',#1307,#1306,#1162,.T.);
#1614=EDGE_CURVE('',#1304,#1307,#646,.T.);
#1615=EDGE_CURVE('',#1308,#1309,#1163,.T.);
#1616=EDGE_CURVE('',#1310,#1309,#647,.T.);
#1617=EDGE_CURVE('',#1311,#1310,#1164,.T.);
#1618=EDGE_CURVE('',#1308,#1311,#648,.T.);
#1619=EDGE_CURVE('',#1312,#1313,#1165,.T.);
#1620=EDGE_CURVE('',#1314,#1313,#649,.T.);
#1621=EDGE_CURVE('',#1315,#1314,#1166,.T.);
#1622=EDGE_CURVE('',#1312,#1315,#650,.T.);
#1623=EDGE_CURVE('',#1316,#1317,#1167,.T.);
#1624=EDGE_CURVE('',#1318,#1317,#651,.T.);
#1625=EDGE_CURVE('',#1319,#1318,#1168,.T.);
#1626=EDGE_CURVE('',#1316,#1319,#652,.T.);
#1627=EDGE_CURVE('',#1320,#1321,#1169,.T.);
#1628=EDGE_CURVE('',#1322,#1321,#653,.T.);
#1629=EDGE_CURVE('',#1323,#1322,#1170,.T.);
#1630=EDGE_CURVE('',#1320,#1323,#654,.T.);
#1631=EDGE_CURVE('',#1324,#1325,#1171,.T.);
#1632=EDGE_CURVE('',#1326,#1325,#655,.T.);
#1633=EDGE_CURVE('',#1327,#1326,#1172,.T.);
#1634=EDGE_CURVE('',#1324,#1327,#656,.T.);
#1635=EDGE_CURVE('',#1309,#1328,#657,.T.);
#1636=EDGE_CURVE('',#1328,#1329,#658,.T.);
#1637=EDGE_CURVE('',#1330,#1329,#659,.T.);
#1638=EDGE_CURVE('',#1331,#1330,#660,.T.);
#1639=EDGE_CURVE('',#1331,#1310,#661,.T.);
#1640=EDGE_CURVE('',#1311,#1332,#662,.T.);
#1641=EDGE_CURVE('',#1332,#1333,#663,.T.);
#1642=EDGE_CURVE('',#1334,#1333,#664,.T.);
#1643=EDGE_CURVE('',#1334,#1335,#665,.T.);
#1644=EDGE_CURVE('',#1335,#1308,#666,.T.);
#1645=EDGE_CURVE('',#1313,#1336,#667,.T.);
#1646=EDGE_CURVE('',#1336,#1337,#668,.T.);
#1647=EDGE_CURVE('',#1333,#1337,#669,.T.);
#1648=EDGE_CURVE('',#1332,#1314,#670,.T.);
#1649=EDGE_CURVE('',#1305,#1338,#671,.T.);
#1650=EDGE_CURVE('',#1338,#1339,#672,.T.);
#1651=EDGE_CURVE('',#1340,#1339,#673,.T.);
#1652=EDGE_CURVE('',#1340,#1341,#674,.T.);
#1653=EDGE_CURVE('',#1341,#1312,#675,.T.);
#1654=EDGE_CURVE('',#1315,#1306,#676,.T.);
#1655=EDGE_CURVE('',#1307,#1318,#677,.T.);
#1656=EDGE_CURVE('',#1317,#1342,#678,.T.);
#1657=EDGE_CURVE('',#1343,#1342,#679,.T.);
#1658=EDGE_CURVE('',#1343,#1344,#680,.T.);
#1659=EDGE_CURVE('',#1344,#1304,#681,.T.);
#1660=EDGE_CURVE('',#1301,#1345,#682,.T.);
#1661=EDGE_CURVE('',#1346,#1345,#683,.T.);
#1662=EDGE_CURVE('',#1316,#1346,#684,.T.);
#1663=EDGE_CURVE('',#1319,#1302,#685,.T.);
#1664=EDGE_CURVE('',#1303,#1322,#686,.T.);
#1665=EDGE_CURVE('',#1321,#1347,#687,.T.);
#1666=EDGE_CURVE('',#1348,#1347,#688,.T.);
#1667=EDGE_CURVE('',#1300,#1348,#689,.T.);
#1668=EDGE_CURVE('',#1297,#1349,#690,.T.);
#1669=EDGE_CURVE('',#1350,#1349,#691,.T.);
#1670=EDGE_CURVE('',#1320,#1350,#692,.T.);
#1671=EDGE_CURVE('',#1323,#1298,#693,.T.);
#1672=EDGE_CURVE('',#1299,#1351,#694,.T.);
#1673=EDGE_CURVE('',#1351,#1352,#695,.T.);
#1674=EDGE_CURVE('',#1352,#1353,#696,.T.);
#1675=EDGE_CURVE('',#1353,#1354,#697,.T.);
#1676=EDGE_CURVE('',#1355,#1354,#698,.T.);
#1677=EDGE_CURVE('',#1296,#1355,#699,.T.);
#1678=EDGE_CURVE('',#1325,#1352,#700,.T.);
#1679=EDGE_CURVE('',#1351,#1326,#701,.T.);
#1680=EDGE_CURVE('',#1327,#1356,#702,.T.);
#1681=EDGE_CURVE('',#1356,#1357,#703,.T.);
#1682=EDGE_CURVE('',#1358,#1357,#704,.T.);
#1683=EDGE_CURVE('',#1358,#1359,#705,.T.);
#1684=EDGE_CURVE('',#1359,#1324,#706,.T.);
#1685=EDGE_CURVE('',#1356,#1331,#707,.T.);
#1686=EDGE_CURVE('',#1360,#1360,#1173,.T.);
#1687=EDGE_CURVE('',#1361,#1361,#1174,.T.);
#1688=EDGE_CURVE('',#1362,#1362,#1175,.T.);
#1689=EDGE_CURVE('',#1363,#1363,#1176,.T.);
#1690=EDGE_CURVE('',#1364,#1365,#708,.T.);
#1691=EDGE_CURVE('',#1364,#1366,#709,.T.);
#1692=EDGE_CURVE('',#1366,#1367,#710,.T.);
#1693=EDGE_CURVE('',#1365,#1367,#711,.T.);
#1694=EDGE_CURVE('',#1349,#1364,#712,.T.);
#1695=EDGE_CURVE('',#1297,#1366,#713,.T.);
#1696=EDGE_CURVE('',#1365,#1355,#714,.T.);
#1697=EDGE_CURVE('',#1367,#1296,#715,.T.);
#1698=EDGE_CURVE('',#1368,#1343,#716,.T.);
#1699=EDGE_CURVE('',#1368,#1369,#717,.T.);
#1700=EDGE_CURVE('',#1369,#1344,#718,.T.);
#1701=EDGE_CURVE('',#1370,#1368,#719,.T.);
#1702=EDGE_CURVE('',#1370,#1371,#720,.T.);
#1703=EDGE_CURVE('',#1371,#1369,#721,.T.);
#1704=EDGE_CURVE('',#1339,#1370,#722,.T.);
#1705=EDGE_CURVE('',#1338,#1371,#723,.T.);
#1706=EDGE_CURVE('',#1372,#1340,#724,.T.);
#1707=EDGE_CURVE('',#1372,#1373,#725,.T.);
#1708=EDGE_CURVE('',#1373,#1341,#726,.T.);
#1709=EDGE_CURVE('',#1374,#1372,#727,.T.);
#1710=EDGE_CURVE('',#1374,#1375,#728,.T.);
#1711=EDGE_CURVE('',#1375,#1373,#729,.T.);
#1712=EDGE_CURVE('',#1337,#1374,#730,.T.);
#1713=EDGE_CURVE('',#1336,#1375,#731,.T.);
#1714=EDGE_CURVE('',#1376,#1377,#732,.T.);
#1715=EDGE_CURVE('',#1376,#1378,#733,.T.);
#1716=EDGE_CURVE('',#1378,#1379,#734,.T.);
#1717=EDGE_CURVE('',#1377,#1379,#735,.T.);
#1718=EDGE_CURVE('',#1347,#1376,#736,.T.);
#1719=EDGE_CURVE('',#1321,#1378,#737,.T.);
#1720=EDGE_CURVE('',#1377,#1350,#738,.T.);
#1721=EDGE_CURVE('',#1379,#1320,#739,.T.);
#1722=EDGE_CURVE('',#1380,#1358,#740,.T.);
#1723=EDGE_CURVE('',#1380,#1381,#741,.T.);
#1724=EDGE_CURVE('',#1381,#1359,#742,.T.);
#1725=EDGE_CURVE('',#1354,#1380,#743,.T.);
#1726=EDGE_CURVE('',#1353,#1381,#744,.T.);
#1727=EDGE_CURVE('',#1382,#1383,#745,.T.);
#1728=EDGE_CURVE('',#1382,#1384,#746,.T.);
#1729=EDGE_CURVE('',#1384,#1385,#747,.T.);
#1730=EDGE_CURVE('',#1383,#1385,#748,.T.);
#1731=EDGE_CURVE('',#1342,#1382,#749,.T.);
#1732=EDGE_CURVE('',#1317,#1384,#750,.T.);
#1733=EDGE_CURVE('',#1383,#1346,#751,.T.);
#1734=EDGE_CURVE('',#1385,#1316,#752,.T.);
#1735=EDGE_CURVE('',#1386,#1334,#753,.T.);
#1736=EDGE_CURVE('',#1386,#1387,#754,.T.);
#1737=EDGE_CURVE('',#1387,#1335,#755,.T.);
#1738=EDGE_CURVE('',#1388,#1386,#756,.T.);
#1739=EDGE_CURVE('',#1388,#1389,#757,.T.);
#1740=EDGE_CURVE('',#1389,#1387,#758,.T.);
#1741=EDGE_CURVE('',#1329,#1388,#759,.T.);
#1742=EDGE_CURVE('',#1328,#1389,#760,.T.);
#1743=EDGE_CURVE('',#1390,#1391,#761,.T.);
#1744=EDGE_CURVE('',#1390,#1392,#762,.T.);
#1745=EDGE_CURVE('',#1392,#1393,#763,.T.);
#1746=EDGE_CURVE('',#1391,#1393,#764,.T.);
#1747=EDGE_CURVE('',#1345,#1390,#765,.T.);
#1748=EDGE_CURVE('',#1301,#1392,#766,.T.);
#1749=EDGE_CURVE('',#1391,#1348,#767,.T.);
#1750=EDGE_CURVE('',#1393,#1300,#768,.T.);
#1751=EDGE_CURVE('',#1293,#1295,#1177,.T.);
#1752=EDGE_CURVE('',#1294,#1295,#769,.T.);
#1753=EDGE_CURVE('',#1292,#1294,#1178,.T.);
#1754=EDGE_CURVE('',#1394,#1394,#1179,.T.);
#1755=EDGE_CURVE('',#1295,#1287,#1180,.T.);
#1756=EDGE_CURVE('',#1294,#1286,#1181,.T.);
#1757=EDGE_CURVE('',#1289,#1291,#1182,.T.);
#1758=EDGE_CURVE('',#1290,#1291,#770,.T.);
#1759=EDGE_CURVE('',#1288,#1290,#1183,.T.);
#1760=EDGE_CURVE('',#1395,#1395,#1184,.T.);
#1761=EDGE_CURVE('',#1291,#1283,#1185,.T.);
#1762=EDGE_CURVE('',#1290,#1282,#1186,.T.);
#1763=EDGE_CURVE('',#1285,#1287,#1187,.T.);
#1764=EDGE_CURVE('',#1286,#1287,#771,.T.);
#1765=EDGE_CURVE('',#1284,#1286,#1188,.T.);
#1766=EDGE_CURVE('',#1396,#1396,#1189,.T.);
#1767=EDGE_CURVE('',#1286,#1290,#1190,.T.);
#1768=EDGE_CURVE('',#1287,#1291,#1191,.T.);
#1769=EDGE_CURVE('',#1281,#1283,#1192,.T.);
#1770=EDGE_CURVE('',#1282,#1283,#772,.T.);
#1771=EDGE_CURVE('',#1280,#1282,#1193,.T.);
#1772=EDGE_CURVE('',#1397,#1397,#1194,.T.);
#1773=EDGE_CURVE('',#1398,#1399,#773,.T.);
#1774=EDGE_CURVE('',#1398,#1400,#774,.T.);
#1775=EDGE_CURVE('',#1400,#1401,#775,.T.);
#1776=EDGE_CURVE('',#1399,#1401,#776,.T.);
#1777=EDGE_CURVE('',#1402,#1398,#777,.T.);
#1778=EDGE_CURVE('',#1402,#1403,#778,.T.);
#1779=EDGE_CURVE('',#1403,#1400,#779,.T.);
#1780=EDGE_CURVE('',#1404,#1402,#780,.T.);
#1781=EDGE_CURVE('',#1404,#1405,#781,.T.);
#1782=EDGE_CURVE('',#1405,#1403,#782,.T.);
#1783=EDGE_CURVE('',#1399,#1404,#783,.T.);
#1784=EDGE_CURVE('',#1401,#1405,#784,.T.);
#1785=EDGE_CURVE('',#1282,#1294,#1195,.T.);
#1786=EDGE_CURVE('',#1283,#1295,#1196,.T.);
#1787=EDGE_CURVE('',#1357,#1330,#785,.T.);
#1788=EDGE_CURVE('',#1396,#1363,#786,.T.);
#1789=EDGE_CURVE('',#1395,#1362,#787,.T.);
#1790=EDGE_CURVE('',#1394,#1361,#788,.T.);
#1791=EDGE_CURVE('',#1397,#1360,#789,.T.);
#1792=EDGE_CURVE('',#1406,#1407,#790,.T.);
#1793=EDGE_CURVE('',#1406,#1408,#521,.T.);
#1794=EDGE_CURVE('',#1409,#1408,#1197,.T.);
#1795=EDGE_CURVE('',#1409,#1407,#522,.T.);
#1796=EDGE_CURVE('',#1410,#1411,#791,.T.);
#1797=EDGE_CURVE('',#1410,#1406,#523,.T.);
#1798=EDGE_CURVE('',#1407,#1411,#524,.T.);
#1799=EDGE_CURVE('',#1412,#1413,#792,.T.);
#1800=EDGE_CURVE('',#1412,#1410,#525,.T.);
#1801=EDGE_CURVE('',#1411,#1413,#526,.T.);
#1802=EDGE_CURVE('',#1414,#1415,#793,.T.);
#1803=EDGE_CURVE('',#1414,#1412,#527,.T.);
#1804=EDGE_CURVE('',#1413,#1415,#528,.T.);
#1805=EDGE_CURVE('',#1416,#1417,#794,.T.);
#1806=EDGE_CURVE('',#1416,#1414,#529,.T.);
#1807=EDGE_CURVE('',#1415,#1417,#530,.T.);
#1808=EDGE_CURVE('',#1418,#1419,#795,.T.);
#1809=EDGE_CURVE('',#1418,#1416,#531,.T.);
#1810=EDGE_CURVE('',#1417,#1419,#532,.T.);
#1811=EDGE_CURVE('',#1420,#1421,#796,.T.);
#1812=EDGE_CURVE('',#1420,#1418,#533,.T.);
#1813=EDGE_CURVE('',#1419,#1421,#534,.T.);
#1814=EDGE_CURVE('',#1422,#1423,#797,.T.);
#1815=EDGE_CURVE('',#1422,#1420,#535,.T.);
#1816=EDGE_CURVE('',#1421,#1423,#536,.T.);
#1817=EDGE_CURVE('',#1424,#1425,#798,.T.);
#1818=EDGE_CURVE('',#1424,#1422,#537,.T.);
#1819=EDGE_CURVE('',#1423,#1425,#538,.T.);
#1820=EDGE_CURVE('',#1426,#1427,#799,.T.);
#1821=EDGE_CURVE('',#1426,#1424,#539,.T.);
#1822=EDGE_CURVE('',#1425,#1427,#540,.T.);
#1823=EDGE_CURVE('',#1428,#1429,#800,.T.);
#1824=EDGE_CURVE('',#1428,#1430,#541,.T.);
#1825=EDGE_CURVE('',#1431,#1430,#1198,.T.);
#1826=EDGE_CURVE('',#1429,#1431,#542,.T.);
#1827=EDGE_CURVE('',#1432,#1433,#801,.T.);
#1828=EDGE_CURVE('',#1432,#1428,#543,.T.);
#1829=EDGE_CURVE('',#1433,#1429,#544,.T.);
#1830=EDGE_CURVE('',#1434,#1435,#802,.T.);
#1831=EDGE_CURVE('',#1434,#1432,#545,.T.);
#1832=EDGE_CURVE('',#1435,#1433,#546,.T.);
#1833=EDGE_CURVE('',#1436,#1437,#803,.T.);
#1834=EDGE_CURVE('',#1436,#1434,#547,.T.);
#1835=EDGE_CURVE('',#1437,#1435,#548,.T.);
#1836=EDGE_CURVE('',#1438,#1439,#804,.T.);
#1837=EDGE_CURVE('',#1438,#1436,#549,.T.);
#1838=EDGE_CURVE('',#1439,#1437,#550,.T.);
#1839=EDGE_CURVE('',#1440,#1441,#805,.T.);
#1840=EDGE_CURVE('',#1440,#1438,#551,.T.);
#1841=EDGE_CURVE('',#1441,#1439,#552,.T.);
#1842=EDGE_CURVE('',#1442,#1443,#806,.T.);
#1843=EDGE_CURVE('',#1442,#1440,#553,.T.);
#1844=EDGE_CURVE('',#1443,#1441,#554,.T.);
#1845=EDGE_CURVE('',#1444,#1445,#807,.T.);
#1846=EDGE_CURVE('',#1444,#1442,#555,.T.);
#1847=EDGE_CURVE('',#1445,#1443,#556,.T.);
#1848=EDGE_CURVE('',#1446,#1447,#808,.T.);
#1849=EDGE_CURVE('',#1446,#1444,#557,.T.);
#1850=EDGE_CURVE('',#1447,#1445,#558,.T.);
#1851=EDGE_CURVE('',#1448,#1449,#809,.T.);
#1852=EDGE_CURVE('',#1448,#1446,#559,.T.);
#1853=EDGE_CURVE('',#1449,#1447,#560,.T.);
#1854=EDGE_CURVE('',#1450,#1431,#561,.T.);
#1855=EDGE_CURVE('',#1427,#1450,#562,.T.);
#1856=EDGE_CURVE('',#1451,#1409,#563,.T.);
#1857=EDGE_CURVE('',#1451,#1449,#564,.T.);
#1858=EDGE_CURVE('',#1452,#1451,#1199,.T.);
#1859=EDGE_CURVE('',#1452,#1448,#565,.T.);
#1860=EDGE_CURVE('',#1430,#1453,#566,.T.);
#1861=EDGE_CURVE('',#1408,#1452,#567,.T.);
#1862=EDGE_CURVE('',#1453,#1426,#568,.T.);
#1863=EDGE_CURVE('',#1453,#1450,#1200,.F.);
#1864=EDGE_CURVE('',#1454,#1454,#1201,.T.);
#1865=EDGE_CURVE('',#1454,#1455,#810,.T.);
#1866=EDGE_CURVE('',#1455,#1455,#1202,.T.);
#1867=EDGE_CURVE('',#1456,#1457,#811,.T.);
#1868=EDGE_CURVE('',#1456,#1458,#812,.T.);
#1869=EDGE_CURVE('',#1458,#1459,#813,.T.);
#1870=EDGE_CURVE('',#1457,#1459,#814,.T.);
#1871=EDGE_CURVE('',#1460,#1456,#815,.T.);
#1872=EDGE_CURVE('',#1460,#1461,#816,.T.);
#1873=EDGE_CURVE('',#1461,#1458,#817,.T.);
#1874=EDGE_CURVE('',#1462,#1460,#818,.T.);
#1875=EDGE_CURVE('',#1462,#1463,#819,.T.);
#1876=EDGE_CURVE('',#1463,#1461,#820,.T.);
#1877=EDGE_CURVE('',#1457,#1462,#821,.T.);
#1878=EDGE_CURVE('',#1459,#1463,#822,.T.);
#1879=EDGE_CURVE('',#1464,#1464,#1203,.T.);
#1880=EDGE_CURVE('',#1464,#1465,#823,.T.);
#1881=EDGE_CURVE('',#1465,#1465,#1204,.T.);
#1882=EDGE_CURVE('',#1466,#1467,#824,.T.);
#1883=EDGE_CURVE('',#1466,#1468,#825,.T.);
#1884=EDGE_CURVE('',#1469,#1468,#826,.T.);
#1885=EDGE_CURVE('',#1467,#1469,#827,.T.);
#1886=EDGE_CURVE('',#1467,#1470,#828,.T.);
#1887=EDGE_CURVE('',#1471,#1469,#829,.T.);
#1888=EDGE_CURVE('',#1470,#1471,#830,.T.);
#1889=EDGE_CURVE('',#1470,#1472,#831,.T.);
#1890=EDGE_CURVE('',#1473,#1471,#832,.T.);
#1891=EDGE_CURVE('',#1472,#1473,#833,.T.);
#1892=EDGE_CURVE('',#1472,#1466,#834,.T.);
#1893=EDGE_CURVE('',#1468,#1473,#835,.T.);
#1894=ORIENTED_EDGE('',*,*,#1474,.T.);
#1895=ORIENTED_EDGE('',*,*,#1475,.T.);
#1896=ORIENTED_EDGE('',*,*,#1476,.T.);
#1897=ORIENTED_EDGE('',*,*,#1477,.T.);
#1898=ORIENTED_EDGE('',*,*,#1478,.T.);
#1899=ORIENTED_EDGE('',*,*,#1475,.F.);
#1900=ORIENTED_EDGE('',*,*,#1479,.F.);
#1901=ORIENTED_EDGE('',*,*,#1480,.F.);
#1902=ORIENTED_EDGE('',*,*,#1481,.F.);
#1903=ORIENTED_EDGE('',*,*,#1482,.F.);
#1904=ORIENTED_EDGE('',*,*,#1483,.T.);
#1905=ORIENTED_EDGE('',*,*,#1484,.T.);
#1906=ORIENTED_EDGE('',*,*,#1485,.T.);
#1907=ORIENTED_EDGE('',*,*,#1486,.T.);
#1908=ORIENTED_EDGE('',*,*,#1485,.F.);
#1909=ORIENTED_EDGE('',*,*,#1487,.T.);
#1910=ORIENTED_EDGE('',*,*,#1488,.F.);
#1911=ORIENTED_EDGE('',*,*,#1489,.F.);
#1912=ORIENTED_EDGE('',*,*,#1490,.T.);
#1913=ORIENTED_EDGE('',*,*,#1491,.T.);
#1914=ORIENTED_EDGE('',*,*,#1492,.T.);
#1915=ORIENTED_EDGE('',*,*,#1480,.T.);
#1916=ORIENTED_EDGE('',*,*,#1492,.F.);
#1917=ORIENTED_EDGE('',*,*,#1493,.T.);
#1918=ORIENTED_EDGE('',*,*,#1494,.F.);
#1919=ORIENTED_EDGE('',*,*,#1495,.F.);
#1920=ORIENTED_EDGE('',*,*,#1496,.F.);
#1921=ORIENTED_EDGE('',*,*,#1497,.F.);
#1922=ORIENTED_EDGE('',*,*,#1498,.F.);
#1923=ORIENTED_EDGE('',*,*,#1499,.F.);
#1924=ORIENTED_EDGE('',*,*,#1500,.F.);
#1925=ORIENTED_EDGE('',*,*,#1487,.F.);
#1926=ORIENTED_EDGE('',*,*,#1484,.F.);
#1927=ORIENTED_EDGE('',*,*,#1501,.F.);
#1928=ORIENTED_EDGE('',*,*,#1502,.F.);
#1929=ORIENTED_EDGE('',*,*,#1503,.F.);
#1930=ORIENTED_EDGE('',*,*,#1504,.F.);
#1931=ORIENTED_EDGE('',*,*,#1476,.F.);
#1932=ORIENTED_EDGE('',*,*,#1481,.T.);
#1933=ORIENTED_EDGE('',*,*,#1505,.T.);
#1934=ORIENTED_EDGE('',*,*,#1506,.F.);
#1935=ORIENTED_EDGE('',*,*,#1494,.T.);
#1936=ORIENTED_EDGE('',*,*,#1507,.T.);
#1937=ORIENTED_EDGE('',*,*,#1508,.T.);
#1938=ORIENTED_EDGE('',*,*,#1509,.T.);
#1939=ORIENTED_EDGE('',*,*,#1495,.T.);
#1940=ORIENTED_EDGE('',*,*,#1506,.T.);
#1941=ORIENTED_EDGE('',*,*,#1509,.F.);
#1942=ORIENTED_EDGE('',*,*,#1510,.T.);
#1943=ORIENTED_EDGE('',*,*,#1511,.F.);
#1944=ORIENTED_EDGE('',*,*,#1496,.T.);
#1945=ORIENTED_EDGE('',*,*,#1497,.T.);
#1946=ORIENTED_EDGE('',*,*,#1511,.T.);
#1947=ORIENTED_EDGE('',*,*,#1512,.T.);
#1948=ORIENTED_EDGE('',*,*,#1513,.F.);
#1949=ORIENTED_EDGE('',*,*,#1514,.T.);
#1950=ORIENTED_EDGE('',*,*,#1515,.T.);
#1951=ORIENTED_EDGE('',*,*,#1498,.T.);
#1952=ORIENTED_EDGE('',*,*,#1513,.T.);
#1953=ORIENTED_EDGE('',*,*,#1516,.T.);
#1954=ORIENTED_EDGE('',*,*,#1488,.T.);
#1955=ORIENTED_EDGE('',*,*,#1500,.T.);
#1956=ORIENTED_EDGE('',*,*,#1517,.T.);
#1957=ORIENTED_EDGE('',*,*,#1491,.F.);
#1958=ORIENTED_EDGE('',*,*,#1518,.F.);
#1959=ORIENTED_EDGE('',*,*,#1507,.F.);
#1960=ORIENTED_EDGE('',*,*,#1493,.F.);
#1961=ORIENTED_EDGE('',*,*,#1477,.F.);
#1962=ORIENTED_EDGE('',*,*,#1504,.T.);
#1963=ORIENTED_EDGE('',*,*,#1519,.F.);
#1964=ORIENTED_EDGE('',*,*,#1520,.F.);
#1965=ORIENTED_EDGE('',*,*,#1521,.T.);
#1966=ORIENTED_EDGE('',*,*,#1522,.F.);
#1967=ORIENTED_EDGE('',*,*,#1523,.F.);
#1968=ORIENTED_EDGE('',*,*,#1524,.F.);
#1969=ORIENTED_EDGE('',*,*,#1525,.T.);
#1970=ORIENTED_EDGE('',*,*,#1515,.F.);
#1971=ORIENTED_EDGE('',*,*,#1526,.F.);
#1972=ORIENTED_EDGE('',*,*,#1517,.F.);
#1973=ORIENTED_EDGE('',*,*,#1499,.T.);
#1974=ORIENTED_EDGE('',*,*,#1483,.F.);
#1975=ORIENTED_EDGE('',*,*,#1527,.F.);
#1976=ORIENTED_EDGE('',*,*,#1528,.F.);
#1977=ORIENTED_EDGE('',*,*,#1529,.F.);
#1978=ORIENTED_EDGE('',*,*,#1530,.T.);
#1979=ORIENTED_EDGE('',*,*,#1531,.F.);
#1980=ORIENTED_EDGE('',*,*,#1532,.F.);
#1981=ORIENTED_EDGE('',*,*,#1533,.T.);
#1982=ORIENTED_EDGE('',*,*,#1522,.T.);
#1983=ORIENTED_EDGE('',*,*,#1534,.T.);
#1984=ORIENTED_EDGE('',*,*,#1535,.T.);
#1985=ORIENTED_EDGE('',*,*,#1533,.F.);
#1986=ORIENTED_EDGE('',*,*,#1536,.T.);
#1987=ORIENTED_EDGE('',*,*,#1537,.F.);
#1988=ORIENTED_EDGE('',*,*,#1538,.T.);
#1989=ORIENTED_EDGE('',*,*,#1539,.F.);
#1990=ORIENTED_EDGE('',*,*,#1523,.T.);
#1991=ORIENTED_EDGE('',*,*,#1540,.T.);
#1992=ORIENTED_EDGE('',*,*,#1541,.T.);
#1993=ORIENTED_EDGE('',*,*,#1537,.T.);
#1994=ORIENTED_EDGE('',*,*,#1542,.T.);
#1995=ORIENTED_EDGE('',*,*,#1543,.T.);
#1996=ORIENTED_EDGE('',*,*,#1544,.T.);
#1997=ORIENTED_EDGE('',*,*,#1544,.F.);
#1998=ORIENTED_EDGE('',*,*,#1545,.T.);
#1999=ORIENTED_EDGE('',*,*,#1546,.F.);
#2000=ORIENTED_EDGE('',*,*,#1547,.F.);
#2001=ORIENTED_EDGE('',*,*,#1502,.T.);
#2002=ORIENTED_EDGE('',*,*,#1548,.F.);
#2003=ORIENTED_EDGE('',*,*,#1549,.T.);
#2004=ORIENTED_EDGE('',*,*,#1550,.T.);
#2005=ORIENTED_EDGE('',*,*,#1551,.F.);
#2006=ORIENTED_EDGE('',*,*,#1552,.F.);
#2007=ORIENTED_EDGE('',*,*,#1553,.F.);
#2008=ORIENTED_EDGE('',*,*,#1554,.F.);
#2009=ORIENTED_EDGE('',*,*,#1555,.T.);
#2010=ORIENTED_EDGE('',*,*,#1556,.F.);
#2011=ORIENTED_EDGE('',*,*,#1557,.F.);
#2012=ORIENTED_EDGE('',*,*,#1538,.F.);
#2013=ORIENTED_EDGE('',*,*,#1558,.T.);
#2014=ORIENTED_EDGE('',*,*,#1551,.T.);
#2015=ORIENTED_EDGE('',*,*,#1559,.T.);
#2016=ORIENTED_EDGE('',*,*,#1560,.T.);
#2017=ORIENTED_EDGE('',*,*,#1560,.F.);
#2018=ORIENTED_EDGE('',*,*,#1561,.T.);
#2019=ORIENTED_EDGE('',*,*,#1562,.F.);
#2020=ORIENTED_EDGE('',*,*,#1563,.F.);
#2021=ORIENTED_EDGE('',*,*,#1559,.F.);
#2022=ORIENTED_EDGE('',*,*,#1550,.F.);
#2023=ORIENTED_EDGE('',*,*,#1564,.F.);
#2024=ORIENTED_EDGE('',*,*,#1530,.F.);
#2025=ORIENTED_EDGE('',*,*,#1565,.F.);
#2026=ORIENTED_EDGE('',*,*,#1561,.F.);
#2027=ORIENTED_EDGE('',*,*,#1566,.T.);
#2028=ORIENTED_EDGE('',*,*,#1567,.T.);
#2029=ORIENTED_EDGE('',*,*,#1568,.T.);
#2030=ORIENTED_EDGE('',*,*,#1562,.T.);
#2031=ORIENTED_EDGE('',*,*,#1565,.T.);
#2032=ORIENTED_EDGE('',*,*,#1529,.T.);
#2033=ORIENTED_EDGE('',*,*,#1540,.F.);
#2034=ORIENTED_EDGE('',*,*,#1569,.T.);
#2035=ORIENTED_EDGE('',*,*,#1570,.F.);
#2036=ORIENTED_EDGE('',*,*,#1569,.F.);
#2037=ORIENTED_EDGE('',*,*,#1571,.F.);
#2038=ORIENTED_EDGE('',*,*,#1572,.T.);
#2039=ORIENTED_EDGE('',*,*,#1566,.F.);
#2040=ORIENTED_EDGE('',*,*,#1572,.F.);
#2041=ORIENTED_EDGE('',*,*,#1541,.F.);
#2042=ORIENTED_EDGE('',*,*,#1573,.T.);
#2043=ORIENTED_EDGE('',*,*,#1574,.F.);
#2044=ORIENTED_EDGE('',*,*,#1573,.F.);
#2045=ORIENTED_EDGE('',*,*,#1575,.F.);
#2046=ORIENTED_EDGE('',*,*,#1576,.T.);
#2047=ORIENTED_EDGE('',*,*,#1567,.F.);
#2048=ORIENTED_EDGE('',*,*,#1576,.F.);
#2049=ORIENTED_EDGE('',*,*,#1527,.T.);
#2050=ORIENTED_EDGE('',*,*,#1482,.T.);
#2051=ORIENTED_EDGE('',*,*,#1577,.T.);
#2052=ORIENTED_EDGE('',*,*,#1553,.T.);
#2053=ORIENTED_EDGE('',*,*,#1578,.T.);
#2054=ORIENTED_EDGE('',*,*,#1577,.F.);
#2055=ORIENTED_EDGE('',*,*,#1486,.F.);
#2056=ORIENTED_EDGE('',*,*,#1579,.F.);
#2057=ORIENTED_EDGE('',*,*,#1580,.T.);
#2058=ORIENTED_EDGE('',*,*,#1554,.T.);
#2059=ORIENTED_EDGE('',*,*,#1549,.F.);
#2060=ORIENTED_EDGE('',*,*,#1581,.T.);
#2061=ORIENTED_EDGE('',*,*,#1531,.T.);
#2062=ORIENTED_EDGE('',*,*,#1564,.T.);
#2063=ORIENTED_EDGE('',*,*,#1581,.F.);
#2064=ORIENTED_EDGE('',*,*,#1548,.T.);
#2065=ORIENTED_EDGE('',*,*,#1501,.T.);
#2066=ORIENTED_EDGE('',*,*,#1532,.T.);
#2067=ORIENTED_EDGE('',*,*,#1547,.T.);
#2068=ORIENTED_EDGE('',*,*,#1582,.T.);
#2069=ORIENTED_EDGE('',*,*,#1519,.T.);
#2070=ORIENTED_EDGE('',*,*,#1503,.T.);
#2071=ORIENTED_EDGE('',*,*,#1582,.F.);
#2072=ORIENTED_EDGE('',*,*,#1546,.T.);
#2073=ORIENTED_EDGE('',*,*,#1583,.T.);
#2074=ORIENTED_EDGE('',*,*,#1520,.T.);
#2075=ORIENTED_EDGE('',*,*,#1525,.F.);
#2076=ORIENTED_EDGE('',*,*,#1584,.T.);
#2077=ORIENTED_EDGE('',*,*,#1556,.T.);
#2078=ORIENTED_EDGE('',*,*,#1585,.T.);
#2079=ORIENTED_EDGE('',*,*,#1478,.F.);
#2080=ORIENTED_EDGE('',*,*,#1490,.F.);
#2081=ORIENTED_EDGE('',*,*,#1479,.T.);
#2082=ORIENTED_EDGE('',*,*,#1474,.F.);
#2083=ORIENTED_EDGE('',*,*,#1585,.F.);
#2084=ORIENTED_EDGE('',*,*,#1555,.F.);
#2085=ORIENTED_EDGE('',*,*,#1580,.F.);
#2086=ORIENTED_EDGE('',*,*,#1579,.T.);
#2087=ORIENTED_EDGE('',*,*,#1489,.T.);
#2088=ORIENTED_EDGE('',*,*,#1516,.F.);
#2089=ORIENTED_EDGE('',*,*,#1526,.T.);
#2090=ORIENTED_EDGE('',*,*,#1514,.F.);
#2091=ORIENTED_EDGE('',*,*,#1512,.F.);
#2092=ORIENTED_EDGE('',*,*,#1510,.F.);
#2093=ORIENTED_EDGE('',*,*,#1508,.F.);
#2094=ORIENTED_EDGE('',*,*,#1505,.F.);
#2095=ORIENTED_EDGE('',*,*,#1518,.T.);
#2096=ORIENTED_EDGE('',*,*,#1584,.F.);
#2097=ORIENTED_EDGE('',*,*,#1524,.T.);
#2098=ORIENTED_EDGE('',*,*,#1539,.T.);
#2099=ORIENTED_EDGE('',*,*,#1557,.T.);
#2100=ORIENTED_EDGE('',*,*,#1534,.F.);
#2101=ORIENTED_EDGE('',*,*,#1521,.F.);
#2102=ORIENTED_EDGE('',*,*,#1583,.F.);
#2103=ORIENTED_EDGE('',*,*,#1545,.F.);
#2104=ORIENTED_EDGE('',*,*,#1543,.F.);
#2105=ORIENTED_EDGE('',*,*,#1586,.F.);
#2106=ORIENTED_EDGE('',*,*,#1570,.T.);
#2107=ORIENTED_EDGE('',*,*,#1574,.T.);
#2108=ORIENTED_EDGE('',*,*,#1535,.F.);
#2109=ORIENTED_EDGE('',*,*,#1586,.T.);
#2110=ORIENTED_EDGE('',*,*,#1542,.F.);
#2111=ORIENTED_EDGE('',*,*,#1536,.F.);
#2112=ORIENTED_EDGE('',*,*,#1558,.F.);
#2113=ORIENTED_EDGE('',*,*,#1563,.T.);
#2114=ORIENTED_EDGE('',*,*,#1568,.F.);
#2115=ORIENTED_EDGE('',*,*,#1528,.T.);
#2116=ORIENTED_EDGE('',*,*,#1578,.F.);
#2117=ORIENTED_EDGE('',*,*,#1552,.T.);
#2118=ORIENTED_EDGE('',*,*,#1571,.T.);
#2119=ORIENTED_EDGE('',*,*,#1575,.T.);
#2120=ORIENTED_EDGE('',*,*,#1587,.F.);
#2121=ORIENTED_EDGE('',*,*,#1588,.F.);
#2122=ORIENTED_EDGE('',*,*,#1589,.T.);
#2123=ORIENTED_EDGE('',*,*,#1590,.T.);
#2124=ORIENTED_EDGE('',*,*,#1591,.F.);
#2125=ORIENTED_EDGE('',*,*,#1592,.F.);
#2126=ORIENTED_EDGE('',*,*,#1593,.T.);
#2127=ORIENTED_EDGE('',*,*,#1594,.T.);
#2128=ORIENTED_EDGE('',*,*,#1595,.F.);
#2129=ORIENTED_EDGE('',*,*,#1596,.F.);
#2130=ORIENTED_EDGE('',*,*,#1597,.T.);
#2131=ORIENTED_EDGE('',*,*,#1598,.T.);
#2132=ORIENTED_EDGE('',*,*,#1599,.F.);
#2133=ORIENTED_EDGE('',*,*,#1600,.F.);
#2134=ORIENTED_EDGE('',*,*,#1601,.T.);
#2135=ORIENTED_EDGE('',*,*,#1602,.T.);
#2136=ORIENTED_EDGE('',*,*,#1603,.T.);
#2137=ORIENTED_EDGE('',*,*,#1604,.F.);
#2138=ORIENTED_EDGE('',*,*,#1605,.F.);
#2139=ORIENTED_EDGE('',*,*,#1606,.F.);
#2140=ORIENTED_EDGE('',*,*,#1607,.T.);
#2141=ORIENTED_EDGE('',*,*,#1608,.F.);
#2142=ORIENTED_EDGE('',*,*,#1609,.F.);
#2143=ORIENTED_EDGE('',*,*,#1610,.F.);
#2144=ORIENTED_EDGE('',*,*,#1611,.T.);
#2145=ORIENTED_EDGE('',*,*,#1612,.F.);
#2146=ORIENTED_EDGE('',*,*,#1613,.F.);
#2147=ORIENTED_EDGE('',*,*,#1614,.F.);
#2148=ORIENTED_EDGE('',*,*,#1615,.T.);
#2149=ORIENTED_EDGE('',*,*,#1616,.F.);
#2150=ORIENTED_EDGE('',*,*,#1617,.F.);
#2151=ORIENTED_EDGE('',*,*,#1618,.F.);
#2152=ORIENTED_EDGE('',*,*,#1619,.T.);
#2153=ORIENTED_EDGE('',*,*,#1620,.F.);
#2154=ORIENTED_EDGE('',*,*,#1621,.F.);
#2155=ORIENTED_EDGE('',*,*,#1622,.F.);
#2156=ORIENTED_EDGE('',*,*,#1623,.T.);
#2157=ORIENTED_EDGE('',*,*,#1624,.F.);
#2158=ORIENTED_EDGE('',*,*,#1625,.F.);
#2159=ORIENTED_EDGE('',*,*,#1626,.F.);
#2160=ORIENTED_EDGE('',*,*,#1627,.T.);
#2161=ORIENTED_EDGE('',*,*,#1628,.F.);
#2162=ORIENTED_EDGE('',*,*,#1629,.F.);
#2163=ORIENTED_EDGE('',*,*,#1630,.F.);
#2164=ORIENTED_EDGE('',*,*,#1631,.T.);
#2165=ORIENTED_EDGE('',*,*,#1632,.F.);
#2166=ORIENTED_EDGE('',*,*,#1633,.F.);
#2167=ORIENTED_EDGE('',*,*,#1634,.F.);
#2168=ORIENTED_EDGE('',*,*,#1616,.T.);
#2169=ORIENTED_EDGE('',*,*,#1635,.T.);
#2170=ORIENTED_EDGE('',*,*,#1636,.T.);
#2171=ORIENTED_EDGE('',*,*,#1637,.F.);
#2172=ORIENTED_EDGE('',*,*,#1638,.F.);
#2173=ORIENTED_EDGE('',*,*,#1639,.T.);
#2174=ORIENTED_EDGE('',*,*,#1618,.T.);
#2175=ORIENTED_EDGE('',*,*,#1640,.T.);
#2176=ORIENTED_EDGE('',*,*,#1641,.T.);
#2177=ORIENTED_EDGE('',*,*,#1642,.F.);
#2178=ORIENTED_EDGE('',*,*,#1643,.T.);
#2179=ORIENTED_EDGE('',*,*,#1644,.T.);
#2180=ORIENTED_EDGE('',*,*,#1620,.T.);
#2181=ORIENTED_EDGE('',*,*,#1645,.T.);
#2182=ORIENTED_EDGE('',*,*,#1646,.T.);
#2183=ORIENTED_EDGE('',*,*,#1647,.F.);
#2184=ORIENTED_EDGE('',*,*,#1641,.F.);
#2185=ORIENTED_EDGE('',*,*,#1648,.T.);
#2186=ORIENTED_EDGE('',*,*,#1612,.T.);
#2187=ORIENTED_EDGE('',*,*,#1649,.T.);
#2188=ORIENTED_EDGE('',*,*,#1650,.T.);
#2189=ORIENTED_EDGE('',*,*,#1651,.F.);
#2190=ORIENTED_EDGE('',*,*,#1652,.T.);
#2191=ORIENTED_EDGE('',*,*,#1653,.T.);
#2192=ORIENTED_EDGE('',*,*,#1622,.T.);
#2193=ORIENTED_EDGE('',*,*,#1654,.T.);
#2194=ORIENTED_EDGE('',*,*,#1614,.T.);
#2195=ORIENTED_EDGE('',*,*,#1655,.T.);
#2196=ORIENTED_EDGE('',*,*,#1624,.T.);
#2197=ORIENTED_EDGE('',*,*,#1656,.T.);
#2198=ORIENTED_EDGE('',*,*,#1657,.F.);
#2199=ORIENTED_EDGE('',*,*,#1658,.T.);
#2200=ORIENTED_EDGE('',*,*,#1659,.T.);
#2201=ORIENTED_EDGE('',*,*,#1608,.T.);
#2202=ORIENTED_EDGE('',*,*,#1660,.T.);
#2203=ORIENTED_EDGE('',*,*,#1661,.F.);
#2204=ORIENTED_EDGE('',*,*,#1662,.F.);
#2205=ORIENTED_EDGE('',*,*,#1626,.T.);
#2206=ORIENTED_EDGE('',*,*,#1663,.T.);
#2207=ORIENTED_EDGE('',*,*,#1610,.T.);
#2208=ORIENTED_EDGE('',*,*,#1664,.T.);
#2209=ORIENTED_EDGE('',*,*,#1628,.T.);
#2210=ORIENTED_EDGE('',*,*,#1665,.T.);
#2211=ORIENTED_EDGE('',*,*,#1666,.F.);
#2212=ORIENTED_EDGE('',*,*,#1667,.F.);
#2213=ORIENTED_EDGE('',*,*,#1604,.T.);
#2214=ORIENTED_EDGE('',*,*,#1668,.T.);
#2215=ORIENTED_EDGE('',*,*,#1669,.F.);
#2216=ORIENTED_EDGE('',*,*,#1670,.F.);
#2217=ORIENTED_EDGE('',*,*,#1630,.T.);
#2218=ORIENTED_EDGE('',*,*,#1671,.T.);
#2219=ORIENTED_EDGE('',*,*,#1606,.T.);
#2220=ORIENTED_EDGE('',*,*,#1672,.T.);
#2221=ORIENTED_EDGE('',*,*,#1673,.T.);
#2222=ORIENTED_EDGE('',*,*,#1674,.T.);
#2223=ORIENTED_EDGE('',*,*,#1675,.T.);
#2224=ORIENTED_EDGE('',*,*,#1676,.F.);
#2225=ORIENTED_EDGE('',*,*,#1677,.F.);
#2226=ORIENTED_EDGE('',*,*,#1632,.T.);
#2227=ORIENTED_EDGE('',*,*,#1678,.T.);
#2228=ORIENTED_EDGE('',*,*,#1673,.F.);
#2229=ORIENTED_EDGE('',*,*,#1679,.T.);
#2230=ORIENTED_EDGE('',*,*,#1634,.T.);
#2231=ORIENTED_EDGE('',*,*,#1680,.T.);
#2232=ORIENTED_EDGE('',*,*,#1681,.T.);
#2233=ORIENTED_EDGE('',*,*,#1682,.F.);
#2234=ORIENTED_EDGE('',*,*,#1683,.T.);
#2235=ORIENTED_EDGE('',*,*,#1684,.T.);
#2236=ORIENTED_EDGE('',*,*,#1605,.T.);
#2237=ORIENTED_EDGE('',*,*,#1671,.F.);
#2238=ORIENTED_EDGE('',*,*,#1629,.T.);
#2239=ORIENTED_EDGE('',*,*,#1664,.F.);
#2240=ORIENTED_EDGE('',*,*,#1609,.T.);
#2241=ORIENTED_EDGE('',*,*,#1663,.F.);
#2242=ORIENTED_EDGE('',*,*,#1625,.T.);
#2243=ORIENTED_EDGE('',*,*,#1655,.F.);
#2244=ORIENTED_EDGE('',*,*,#1613,.T.);
#2245=ORIENTED_EDGE('',*,*,#1654,.F.);
#2246=ORIENTED_EDGE('',*,*,#1621,.T.);
#2247=ORIENTED_EDGE('',*,*,#1648,.F.);
#2248=ORIENTED_EDGE('',*,*,#1640,.F.);
#2249=ORIENTED_EDGE('',*,*,#1617,.T.);
#2250=ORIENTED_EDGE('',*,*,#1639,.F.);
#2251=ORIENTED_EDGE('',*,*,#1685,.F.);
#2252=ORIENTED_EDGE('',*,*,#1680,.F.);
#2253=ORIENTED_EDGE('',*,*,#1633,.T.);
#2254=ORIENTED_EDGE('',*,*,#1679,.F.);
#2255=ORIENTED_EDGE('',*,*,#1672,.F.);
#2256=ORIENTED_EDGE('',*,*,#1686,.T.);
#2257=ORIENTED_EDGE('',*,*,#1687,.T.);
#2258=ORIENTED_EDGE('',*,*,#1688,.T.);
#2259=ORIENTED_EDGE('',*,*,#1689,.T.);
#2260=ORIENTED_EDGE('',*,*,#1690,.F.);
#2261=ORIENTED_EDGE('',*,*,#1691,.T.);
#2262=ORIENTED_EDGE('',*,*,#1692,.T.);
#2263=ORIENTED_EDGE('',*,*,#1693,.F.);
#2264=ORIENTED_EDGE('',*,*,#1694,.F.);
#2265=ORIENTED_EDGE('',*,*,#1668,.F.);
#2266=ORIENTED_EDGE('',*,*,#1695,.T.);
#2267=ORIENTED_EDGE('',*,*,#1691,.F.);
#2268=ORIENTED_EDGE('',*,*,#1696,.F.);
#2269=ORIENTED_EDGE('',*,*,#1693,.T.);
#2270=ORIENTED_EDGE('',*,*,#1697,.T.);
#2271=ORIENTED_EDGE('',*,*,#1677,.T.);
#2272=ORIENTED_EDGE('',*,*,#1697,.F.);
#2273=ORIENTED_EDGE('',*,*,#1692,.F.);
#2274=ORIENTED_EDGE('',*,*,#1695,.F.);
#2275=ORIENTED_EDGE('',*,*,#1603,.F.);
#2276=ORIENTED_EDGE('',*,*,#1698,.F.);
#2277=ORIENTED_EDGE('',*,*,#1699,.T.);
#2278=ORIENTED_EDGE('',*,*,#1700,.T.);
#2279=ORIENTED_EDGE('',*,*,#1658,.F.);
#2280=ORIENTED_EDGE('',*,*,#1701,.F.);
#2281=ORIENTED_EDGE('',*,*,#1702,.T.);
#2282=ORIENTED_EDGE('',*,*,#1703,.T.);
#2283=ORIENTED_EDGE('',*,*,#1699,.F.);
#2284=ORIENTED_EDGE('',*,*,#1704,.F.);
#2285=ORIENTED_EDGE('',*,*,#1650,.F.);
#2286=ORIENTED_EDGE('',*,*,#1705,.T.);
#2287=ORIENTED_EDGE('',*,*,#1702,.F.);
#2288=ORIENTED_EDGE('',*,*,#1705,.F.);
#2289=ORIENTED_EDGE('',*,*,#1649,.F.);
#2290=ORIENTED_EDGE('',*,*,#1611,.F.);
#2291=ORIENTED_EDGE('',*,*,#1659,.F.);
#2292=ORIENTED_EDGE('',*,*,#1700,.F.);
#2293=ORIENTED_EDGE('',*,*,#1703,.F.);
#2294=ORIENTED_EDGE('',*,*,#1706,.F.);
#2295=ORIENTED_EDGE('',*,*,#1707,.T.);
#2296=ORIENTED_EDGE('',*,*,#1708,.T.);
#2297=ORIENTED_EDGE('',*,*,#1652,.F.);
#2298=ORIENTED_EDGE('',*,*,#1709,.F.);
#2299=ORIENTED_EDGE('',*,*,#1710,.T.);
#2300=ORIENTED_EDGE('',*,*,#1711,.T.);
#2301=ORIENTED_EDGE('',*,*,#1707,.F.);
#2302=ORIENTED_EDGE('',*,*,#1712,.F.);
#2303=ORIENTED_EDGE('',*,*,#1646,.F.);
#2304=ORIENTED_EDGE('',*,*,#1713,.T.);
#2305=ORIENTED_EDGE('',*,*,#1710,.F.);
#2306=ORIENTED_EDGE('',*,*,#1653,.F.);
#2307=ORIENTED_EDGE('',*,*,#1708,.F.);
#2308=ORIENTED_EDGE('',*,*,#1711,.F.);
#2309=ORIENTED_EDGE('',*,*,#1713,.F.);
#2310=ORIENTED_EDGE('',*,*,#1645,.F.);
#2311=ORIENTED_EDGE('',*,*,#1619,.F.);
#2312=ORIENTED_EDGE('',*,*,#1714,.F.);
#2313=ORIENTED_EDGE('',*,*,#1715,.T.);
#2314=ORIENTED_EDGE('',*,*,#1716,.T.);
#2315=ORIENTED_EDGE('',*,*,#1717,.F.);
#2316=ORIENTED_EDGE('',*,*,#1718,.F.);
#2317=ORIENTED_EDGE('',*,*,#1665,.F.);
#2318=ORIENTED_EDGE('',*,*,#1719,.T.);
#2319=ORIENTED_EDGE('',*,*,#1715,.F.);
#2320=ORIENTED_EDGE('',*,*,#1720,.F.);
#2321=ORIENTED_EDGE('',*,*,#1717,.T.);
#2322=ORIENTED_EDGE('',*,*,#1721,.T.);
#2323=ORIENTED_EDGE('',*,*,#1670,.T.);
#2324=ORIENTED_EDGE('',*,*,#1721,.F.);
#2325=ORIENTED_EDGE('',*,*,#1716,.F.);
#2326=ORIENTED_EDGE('',*,*,#1719,.F.);
#2327=ORIENTED_EDGE('',*,*,#1627,.F.);
#2328=ORIENTED_EDGE('',*,*,#1722,.F.);
#2329=ORIENTED_EDGE('',*,*,#1723,.T.);
#2330=ORIENTED_EDGE('',*,*,#1724,.T.);
#2331=ORIENTED_EDGE('',*,*,#1683,.F.);
#2332=ORIENTED_EDGE('',*,*,#1725,.F.);
#2333=ORIENTED_EDGE('',*,*,#1675,.F.);
#2334=ORIENTED_EDGE('',*,*,#1726,.T.);
#2335=ORIENTED_EDGE('',*,*,#1723,.F.);
#2336=ORIENTED_EDGE('',*,*,#1726,.F.);
#2337=ORIENTED_EDGE('',*,*,#1674,.F.);
#2338=ORIENTED_EDGE('',*,*,#1678,.F.);
#2339=ORIENTED_EDGE('',*,*,#1631,.F.);
#2340=ORIENTED_EDGE('',*,*,#1684,.F.);
#2341=ORIENTED_EDGE('',*,*,#1724,.F.);
#2342=ORIENTED_EDGE('',*,*,#1727,.F.);
#2343=ORIENTED_EDGE('',*,*,#1728,.T.);
#2344=ORIENTED_EDGE('',*,*,#1729,.T.);
#2345=ORIENTED_EDGE('',*,*,#1730,.F.);
#2346=ORIENTED_EDGE('',*,*,#1731,.F.);
#2347=ORIENTED_EDGE('',*,*,#1656,.F.);
#2348=ORIENTED_EDGE('',*,*,#1732,.T.);
#2349=ORIENTED_EDGE('',*,*,#1728,.F.);
#2350=ORIENTED_EDGE('',*,*,#1733,.F.);
#2351=ORIENTED_EDGE('',*,*,#1730,.T.);
#2352=ORIENTED_EDGE('',*,*,#1734,.T.);
#2353=ORIENTED_EDGE('',*,*,#1662,.T.);
#2354=ORIENTED_EDGE('',*,*,#1734,.F.);
#2355=ORIENTED_EDGE('',*,*,#1729,.F.);
#2356=ORIENTED_EDGE('',*,*,#1732,.F.);
#2357=ORIENTED_EDGE('',*,*,#1623,.F.);
#2358=ORIENTED_EDGE('',*,*,#1735,.F.);
#2359=ORIENTED_EDGE('',*,*,#1736,.T.);
#2360=ORIENTED_EDGE('',*,*,#1737,.T.);
#2361=ORIENTED_EDGE('',*,*,#1643,.F.);
#2362=ORIENTED_EDGE('',*,*,#1738,.F.);
#2363=ORIENTED_EDGE('',*,*,#1739,.T.);
#2364=ORIENTED_EDGE('',*,*,#1740,.T.);
#2365=ORIENTED_EDGE('',*,*,#1736,.F.);
#2366=ORIENTED_EDGE('',*,*,#1741,.F.);
#2367=ORIENTED_EDGE('',*,*,#1636,.F.);
#2368=ORIENTED_EDGE('',*,*,#1742,.T.);
#2369=ORIENTED_EDGE('',*,*,#1739,.F.);
#2370=ORIENTED_EDGE('',*,*,#1644,.F.);
#2371=ORIENTED_EDGE('',*,*,#1737,.F.);
#2372=ORIENTED_EDGE('',*,*,#1740,.F.);
#2373=ORIENTED_EDGE('',*,*,#1742,.F.);
#2374=ORIENTED_EDGE('',*,*,#1635,.F.);
#2375=ORIENTED_EDGE('',*,*,#1615,.F.);
#2376=ORIENTED_EDGE('',*,*,#1743,.F.);
#2377=ORIENTED_EDGE('',*,*,#1744,.T.);
#2378=ORIENTED_EDGE('',*,*,#1745,.T.);
#2379=ORIENTED_EDGE('',*,*,#1746,.F.);
#2380=ORIENTED_EDGE('',*,*,#1747,.F.);
#2381=ORIENTED_EDGE('',*,*,#1660,.F.);
#2382=ORIENTED_EDGE('',*,*,#1748,.T.);
#2383=ORIENTED_EDGE('',*,*,#1744,.F.);
#2384=ORIENTED_EDGE('',*,*,#1749,.F.);
#2385=ORIENTED_EDGE('',*,*,#1746,.T.);
#2386=ORIENTED_EDGE('',*,*,#1750,.T.);
#2387=ORIENTED_EDGE('',*,*,#1667,.T.);
#2388=ORIENTED_EDGE('',*,*,#1750,.F.);
#2389=ORIENTED_EDGE('',*,*,#1745,.F.);
#2390=ORIENTED_EDGE('',*,*,#1748,.F.);
#2391=ORIENTED_EDGE('',*,*,#1607,.F.);
#2392=ORIENTED_EDGE('',*,*,#1599,.T.);
#2393=ORIENTED_EDGE('',*,*,#1751,.T.);
#2394=ORIENTED_EDGE('',*,*,#1752,.F.);
#2395=ORIENTED_EDGE('',*,*,#1753,.F.);
#2396=ORIENTED_EDGE('',*,*,#1602,.F.);
#2397=ORIENTED_EDGE('',*,*,#1751,.F.);
#2398=ORIENTED_EDGE('',*,*,#1754,.F.);
#2399=ORIENTED_EDGE('',*,*,#1752,.T.);
#2400=ORIENTED_EDGE('',*,*,#1755,.T.);
#2401=ORIENTED_EDGE('',*,*,#1593,.F.);
#2402=ORIENTED_EDGE('',*,*,#1756,.F.);
#2403=ORIENTED_EDGE('',*,*,#1595,.T.);
#2404=ORIENTED_EDGE('',*,*,#1757,.T.);
#2405=ORIENTED_EDGE('',*,*,#1758,.F.);
#2406=ORIENTED_EDGE('',*,*,#1759,.F.);
#2407=ORIENTED_EDGE('',*,*,#1598,.F.);
#2408=ORIENTED_EDGE('',*,*,#1757,.F.);
#2409=ORIENTED_EDGE('',*,*,#1760,.F.);
#2410=ORIENTED_EDGE('',*,*,#1758,.T.);
#2411=ORIENTED_EDGE('',*,*,#1761,.T.);
#2412=ORIENTED_EDGE('',*,*,#1589,.F.);
#2413=ORIENTED_EDGE('',*,*,#1762,.F.);
#2414=ORIENTED_EDGE('',*,*,#1591,.T.);
#2415=ORIENTED_EDGE('',*,*,#1763,.T.);
#2416=ORIENTED_EDGE('',*,*,#1764,.F.);
#2417=ORIENTED_EDGE('',*,*,#1765,.F.);
#2418=ORIENTED_EDGE('',*,*,#1594,.F.);
#2419=ORIENTED_EDGE('',*,*,#1763,.F.);
#2420=ORIENTED_EDGE('',*,*,#1766,.F.);
#2421=ORIENTED_EDGE('',*,*,#1597,.F.);
#2422=ORIENTED_EDGE('',*,*,#1767,.F.);
#2423=ORIENTED_EDGE('',*,*,#1764,.T.);
#2424=ORIENTED_EDGE('',*,*,#1768,.T.);
#2425=ORIENTED_EDGE('',*,*,#1587,.T.);
#2426=ORIENTED_EDGE('',*,*,#1769,.T.);
#2427=ORIENTED_EDGE('',*,*,#1770,.F.);
#2428=ORIENTED_EDGE('',*,*,#1771,.F.);
#2429=ORIENTED_EDGE('',*,*,#1590,.F.);
#2430=ORIENTED_EDGE('',*,*,#1769,.F.);
#2431=ORIENTED_EDGE('',*,*,#1772,.F.);
#2432=ORIENTED_EDGE('',*,*,#1773,.F.);
#2433=ORIENTED_EDGE('',*,*,#1774,.T.);
#2434=ORIENTED_EDGE('',*,*,#1775,.T.);
#2435=ORIENTED_EDGE('',*,*,#1776,.F.);
#2436=ORIENTED_EDGE('',*,*,#1777,.F.);
#2437=ORIENTED_EDGE('',*,*,#1778,.T.);
#2438=ORIENTED_EDGE('',*,*,#1779,.T.);
#2439=ORIENTED_EDGE('',*,*,#1774,.F.);
#2440=ORIENTED_EDGE('',*,*,#1780,.F.);
#2441=ORIENTED_EDGE('',*,*,#1781,.T.);
#2442=ORIENTED_EDGE('',*,*,#1782,.T.);
#2443=ORIENTED_EDGE('',*,*,#1778,.F.);
#2444=ORIENTED_EDGE('',*,*,#1783,.F.);
#2445=ORIENTED_EDGE('',*,*,#1776,.T.);
#2446=ORIENTED_EDGE('',*,*,#1784,.T.);
#2447=ORIENTED_EDGE('',*,*,#1781,.F.);
#2448=ORIENTED_EDGE('',*,*,#1601,.F.);
#2449=ORIENTED_EDGE('',*,*,#1785,.F.);
#2450=ORIENTED_EDGE('',*,*,#1770,.T.);
#2451=ORIENTED_EDGE('',*,*,#1786,.T.);
#2452=ORIENTED_EDGE('',*,*,#1786,.F.);
#2453=ORIENTED_EDGE('',*,*,#1761,.F.);
#2454=ORIENTED_EDGE('',*,*,#1768,.F.);
#2455=ORIENTED_EDGE('',*,*,#1755,.F.);
#2456=ORIENTED_EDGE('',*,*,#1784,.F.);
#2457=ORIENTED_EDGE('',*,*,#1775,.F.);
#2458=ORIENTED_EDGE('',*,*,#1779,.F.);
#2459=ORIENTED_EDGE('',*,*,#1782,.F.);
#2460=ORIENTED_EDGE('',*,*,#1773,.T.);
#2461=ORIENTED_EDGE('',*,*,#1783,.T.);
#2462=ORIENTED_EDGE('',*,*,#1780,.T.);
#2463=ORIENTED_EDGE('',*,*,#1777,.T.);
#2464=ORIENTED_EDGE('',*,*,#1694,.T.);
#2465=ORIENTED_EDGE('',*,*,#1690,.T.);
#2466=ORIENTED_EDGE('',*,*,#1696,.T.);
#2467=ORIENTED_EDGE('',*,*,#1676,.T.);
#2468=ORIENTED_EDGE('',*,*,#1725,.T.);
#2469=ORIENTED_EDGE('',*,*,#1722,.T.);
#2470=ORIENTED_EDGE('',*,*,#1682,.T.);
#2471=ORIENTED_EDGE('',*,*,#1787,.T.);
#2472=ORIENTED_EDGE('',*,*,#1637,.T.);
#2473=ORIENTED_EDGE('',*,*,#1741,.T.);
#2474=ORIENTED_EDGE('',*,*,#1738,.T.);
#2475=ORIENTED_EDGE('',*,*,#1735,.T.);
#2476=ORIENTED_EDGE('',*,*,#1642,.T.);
#2477=ORIENTED_EDGE('',*,*,#1647,.T.);
#2478=ORIENTED_EDGE('',*,*,#1712,.T.);
#2479=ORIENTED_EDGE('',*,*,#1709,.T.);
#2480=ORIENTED_EDGE('',*,*,#1706,.T.);
#2481=ORIENTED_EDGE('',*,*,#1651,.T.);
#2482=ORIENTED_EDGE('',*,*,#1704,.T.);
#2483=ORIENTED_EDGE('',*,*,#1701,.T.);
#2484=ORIENTED_EDGE('',*,*,#1698,.T.);
#2485=ORIENTED_EDGE('',*,*,#1657,.T.);
#2486=ORIENTED_EDGE('',*,*,#1731,.T.);
#2487=ORIENTED_EDGE('',*,*,#1727,.T.);
#2488=ORIENTED_EDGE('',*,*,#1733,.T.);
#2489=ORIENTED_EDGE('',*,*,#1661,.T.);
#2490=ORIENTED_EDGE('',*,*,#1747,.T.);
#2491=ORIENTED_EDGE('',*,*,#1743,.T.);
#2492=ORIENTED_EDGE('',*,*,#1749,.T.);
#2493=ORIENTED_EDGE('',*,*,#1666,.T.);
#2494=ORIENTED_EDGE('',*,*,#1718,.T.);
#2495=ORIENTED_EDGE('',*,*,#1714,.T.);
#2496=ORIENTED_EDGE('',*,*,#1720,.T.);
#2497=ORIENTED_EDGE('',*,*,#1669,.T.);
#2498=ORIENTED_EDGE('',*,*,#1596,.T.);
#2499=ORIENTED_EDGE('',*,*,#1759,.T.);
#2500=ORIENTED_EDGE('',*,*,#1762,.T.);
#2501=ORIENTED_EDGE('',*,*,#1588,.T.);
#2502=ORIENTED_EDGE('',*,*,#1771,.T.);
#2503=ORIENTED_EDGE('',*,*,#1785,.T.);
#2504=ORIENTED_EDGE('',*,*,#1600,.T.);
#2505=ORIENTED_EDGE('',*,*,#1753,.T.);
#2506=ORIENTED_EDGE('',*,*,#1756,.T.);
#2507=ORIENTED_EDGE('',*,*,#1592,.T.);
#2508=ORIENTED_EDGE('',*,*,#1765,.T.);
#2509=ORIENTED_EDGE('',*,*,#1767,.T.);
#2510=ORIENTED_EDGE('',*,*,#1766,.T.);
#2511=ORIENTED_EDGE('',*,*,#1788,.T.);
#2512=ORIENTED_EDGE('',*,*,#1689,.F.);
#2513=ORIENTED_EDGE('',*,*,#1788,.F.);
#2514=ORIENTED_EDGE('',*,*,#1760,.T.);
#2515=ORIENTED_EDGE('',*,*,#1789,.T.);
#2516=ORIENTED_EDGE('',*,*,#1688,.F.);
#2517=ORIENTED_EDGE('',*,*,#1789,.F.);
#2518=ORIENTED_EDGE('',*,*,#1754,.T.);
#2519=ORIENTED_EDGE('',*,*,#1790,.T.);
#2520=ORIENTED_EDGE('',*,*,#1687,.F.);
#2521=ORIENTED_EDGE('',*,*,#1790,.F.);
#2522=ORIENTED_EDGE('',*,*,#1772,.T.);
#2523=ORIENTED_EDGE('',*,*,#1791,.T.);
#2524=ORIENTED_EDGE('',*,*,#1686,.F.);
#2525=ORIENTED_EDGE('',*,*,#1791,.F.);
#2526=ORIENTED_EDGE('',*,*,#1685,.T.);
#2527=ORIENTED_EDGE('',*,*,#1638,.T.);
#2528=ORIENTED_EDGE('',*,*,#1787,.F.);
#2529=ORIENTED_EDGE('',*,*,#1681,.F.);
#2530=ORIENTED_EDGE('',*,*,#1792,.F.);
#2531=ORIENTED_EDGE('',*,*,#1793,.T.);
#2532=ORIENTED_EDGE('',*,*,#1794,.F.);
#2533=ORIENTED_EDGE('',*,*,#1795,.T.);
#2534=ORIENTED_EDGE('',*,*,#1796,.F.);
#2535=ORIENTED_EDGE('',*,*,#1797,.T.);
#2536=ORIENTED_EDGE('',*,*,#1792,.T.);
#2537=ORIENTED_EDGE('',*,*,#1798,.T.);
#2538=ORIENTED_EDGE('',*,*,#1799,.F.);
#2539=ORIENTED_EDGE('',*,*,#1800,.T.);
#2540=ORIENTED_EDGE('',*,*,#1796,.T.);
#2541=ORIENTED_EDGE('',*,*,#1801,.T.);
#2542=ORIENTED_EDGE('',*,*,#1802,.F.);
#2543=ORIENTED_EDGE('',*,*,#1803,.T.);
#2544=ORIENTED_EDGE('',*,*,#1799,.T.);
#2545=ORIENTED_EDGE('',*,*,#1804,.T.);
#2546=ORIENTED_EDGE('',*,*,#1805,.F.);
#2547=ORIENTED_EDGE('',*,*,#1806,.T.);
#2548=ORIENTED_EDGE('',*,*,#1802,.T.);
#2549=ORIENTED_EDGE('',*,*,#1807,.T.);
#2550=ORIENTED_EDGE('',*,*,#1808,.F.);
#2551=ORIENTED_EDGE('',*,*,#1809,.T.);
#2552=ORIENTED_EDGE('',*,*,#1805,.T.);
#2553=ORIENTED_EDGE('',*,*,#1810,.T.);
#2554=ORIENTED_EDGE('',*,*,#1811,.F.);
#2555=ORIENTED_EDGE('',*,*,#1812,.T.);
#2556=ORIENTED_EDGE('',*,*,#1808,.T.);
#2557=ORIENTED_EDGE('',*,*,#1813,.T.);
#2558=ORIENTED_EDGE('',*,*,#1814,.F.);
#2559=ORIENTED_EDGE('',*,*,#1815,.T.);
#2560=ORIENTED_EDGE('',*,*,#1811,.T.);
#2561=ORIENTED_EDGE('',*,*,#1816,.T.);
#2562=ORIENTED_EDGE('',*,*,#1817,.F.);
#2563=ORIENTED_EDGE('',*,*,#1818,.T.);
#2564=ORIENTED_EDGE('',*,*,#1814,.T.);
#2565=ORIENTED_EDGE('',*,*,#1819,.T.);
#2566=ORIENTED_EDGE('',*,*,#1820,.F.);
#2567=ORIENTED_EDGE('',*,*,#1821,.T.);
#2568=ORIENTED_EDGE('',*,*,#1817,.T.);
#2569=ORIENTED_EDGE('',*,*,#1822,.T.);
#2570=ORIENTED_EDGE('',*,*,#1823,.F.);
#2571=ORIENTED_EDGE('',*,*,#1824,.T.);
#2572=ORIENTED_EDGE('',*,*,#1825,.F.);
#2573=ORIENTED_EDGE('',*,*,#1826,.F.);
#2574=ORIENTED_EDGE('',*,*,#1827,.F.);
#2575=ORIENTED_EDGE('',*,*,#1828,.T.);
#2576=ORIENTED_EDGE('',*,*,#1823,.T.);
#2577=ORIENTED_EDGE('',*,*,#1829,.F.);
#2578=ORIENTED_EDGE('',*,*,#1830,.F.);
#2579=ORIENTED_EDGE('',*,*,#1831,.T.);
#2580=ORIENTED_EDGE('',*,*,#1827,.T.);
#2581=ORIENTED_EDGE('',*,*,#1832,.F.);
#2582=ORIENTED_EDGE('',*,*,#1833,.F.);
#2583=ORIENTED_EDGE('',*,*,#1834,.T.);
#2584=ORIENTED_EDGE('',*,*,#1830,.T.);
#2585=ORIENTED_EDGE('',*,*,#1835,.F.);
#2586=ORIENTED_EDGE('',*,*,#1836,.F.);
#2587=ORIENTED_EDGE('',*,*,#1837,.T.);
#2588=ORIENTED_EDGE('',*,*,#1833,.T.);
#2589=ORIENTED_EDGE('',*,*,#1838,.F.);
#2590=ORIENTED_EDGE('',*,*,#1839,.F.);
#2591=ORIENTED_EDGE('',*,*,#1840,.T.);
#2592=ORIENTED_EDGE('',*,*,#1836,.T.);
#2593=ORIENTED_EDGE('',*,*,#1841,.F.);
#2594=ORIENTED_EDGE('',*,*,#1842,.F.);
#2595=ORIENTED_EDGE('',*,*,#1843,.T.);
#2596=ORIENTED_EDGE('',*,*,#1839,.T.);
#2597=ORIENTED_EDGE('',*,*,#1844,.F.);
#2598=ORIENTED_EDGE('',*,*,#1845,.F.);
#2599=ORIENTED_EDGE('',*,*,#1846,.T.);
#2600=ORIENTED_EDGE('',*,*,#1842,.T.);
#2601=ORIENTED_EDGE('',*,*,#1847,.F.);
#2602=ORIENTED_EDGE('',*,*,#1848,.F.);
#2603=ORIENTED_EDGE('',*,*,#1849,.T.);
#2604=ORIENTED_EDGE('',*,*,#1845,.T.);
#2605=ORIENTED_EDGE('',*,*,#1850,.F.);
#2606=ORIENTED_EDGE('',*,*,#1851,.F.);
#2607=ORIENTED_EDGE('',*,*,#1852,.T.);
#2608=ORIENTED_EDGE('',*,*,#1848,.T.);
#2609=ORIENTED_EDGE('',*,*,#1853,.F.);
#2610=ORIENTED_EDGE('',*,*,#1854,.F.);
#2611=ORIENTED_EDGE('',*,*,#1855,.F.);
#2612=ORIENTED_EDGE('',*,*,#1822,.F.);
#2613=ORIENTED_EDGE('',*,*,#1819,.F.);
#2614=ORIENTED_EDGE('',*,*,#1816,.F.);
#2615=ORIENTED_EDGE('',*,*,#1813,.F.);
#2616=ORIENTED_EDGE('',*,*,#1810,.F.);
#2617=ORIENTED_EDGE('',*,*,#1807,.F.);
#2618=ORIENTED_EDGE('',*,*,#1804,.F.);
#2619=ORIENTED_EDGE('',*,*,#1801,.F.);
#2620=ORIENTED_EDGE('',*,*,#1798,.F.);
#2621=ORIENTED_EDGE('',*,*,#1795,.F.);
#2622=ORIENTED_EDGE('',*,*,#1856,.F.);
#2623=ORIENTED_EDGE('',*,*,#1857,.T.);
#2624=ORIENTED_EDGE('',*,*,#1853,.T.);
#2625=ORIENTED_EDGE('',*,*,#1850,.T.);
#2626=ORIENTED_EDGE('',*,*,#1847,.T.);
#2627=ORIENTED_EDGE('',*,*,#1844,.T.);
#2628=ORIENTED_EDGE('',*,*,#1841,.T.);
#2629=ORIENTED_EDGE('',*,*,#1838,.T.);
#2630=ORIENTED_EDGE('',*,*,#1835,.T.);
#2631=ORIENTED_EDGE('',*,*,#1832,.T.);
#2632=ORIENTED_EDGE('',*,*,#1829,.T.);
#2633=ORIENTED_EDGE('',*,*,#1826,.T.);
#2634=ORIENTED_EDGE('',*,*,#1851,.T.);
#2635=ORIENTED_EDGE('',*,*,#1857,.F.);
#2636=ORIENTED_EDGE('',*,*,#1858,.F.);
#2637=ORIENTED_EDGE('',*,*,#1859,.T.);
#2638=ORIENTED_EDGE('',*,*,#1860,.F.);
#2639=ORIENTED_EDGE('',*,*,#1824,.F.);
#2640=ORIENTED_EDGE('',*,*,#1828,.F.);
#2641=ORIENTED_EDGE('',*,*,#1831,.F.);
#2642=ORIENTED_EDGE('',*,*,#1834,.F.);
#2643=ORIENTED_EDGE('',*,*,#1837,.F.);
#2644=ORIENTED_EDGE('',*,*,#1840,.F.);
#2645=ORIENTED_EDGE('',*,*,#1843,.F.);
#2646=ORIENTED_EDGE('',*,*,#1846,.F.);
#2647=ORIENTED_EDGE('',*,*,#1849,.F.);
#2648=ORIENTED_EDGE('',*,*,#1852,.F.);
#2649=ORIENTED_EDGE('',*,*,#1859,.F.);
#2650=ORIENTED_EDGE('',*,*,#1861,.F.);
#2651=ORIENTED_EDGE('',*,*,#1793,.F.);
#2652=ORIENTED_EDGE('',*,*,#1797,.F.);
#2653=ORIENTED_EDGE('',*,*,#1800,.F.);
#2654=ORIENTED_EDGE('',*,*,#1803,.F.);
#2655=ORIENTED_EDGE('',*,*,#1806,.F.);
#2656=ORIENTED_EDGE('',*,*,#1809,.F.);
#2657=ORIENTED_EDGE('',*,*,#1812,.F.);
#2658=ORIENTED_EDGE('',*,*,#1815,.F.);
#2659=ORIENTED_EDGE('',*,*,#1818,.F.);
#2660=ORIENTED_EDGE('',*,*,#1821,.F.);
#2661=ORIENTED_EDGE('',*,*,#1862,.F.);
#2662=ORIENTED_EDGE('',*,*,#1820,.T.);
#2663=ORIENTED_EDGE('',*,*,#1855,.T.);
#2664=ORIENTED_EDGE('',*,*,#1863,.F.);
#2665=ORIENTED_EDGE('',*,*,#1862,.T.);
#2666=ORIENTED_EDGE('',*,*,#1860,.T.);
#2667=ORIENTED_EDGE('',*,*,#1863,.T.);
#2668=ORIENTED_EDGE('',*,*,#1854,.T.);
#2669=ORIENTED_EDGE('',*,*,#1825,.T.);
#2670=ORIENTED_EDGE('',*,*,#1864,.F.);
#2671=ORIENTED_EDGE('',*,*,#1865,.T.);
#2672=ORIENTED_EDGE('',*,*,#1866,.F.);
#2673=ORIENTED_EDGE('',*,*,#1865,.F.);
#2674=ORIENTED_EDGE('',*,*,#1864,.T.);
#2675=ORIENTED_EDGE('',*,*,#1794,.T.);
#2676=ORIENTED_EDGE('',*,*,#1861,.T.);
#2677=ORIENTED_EDGE('',*,*,#1858,.T.);
#2678=ORIENTED_EDGE('',*,*,#1856,.T.);
#2679=ORIENTED_EDGE('',*,*,#1867,.F.);
#2680=ORIENTED_EDGE('',*,*,#1868,.T.);
#2681=ORIENTED_EDGE('',*,*,#1869,.T.);
#2682=ORIENTED_EDGE('',*,*,#1870,.F.);
#2683=ORIENTED_EDGE('',*,*,#1871,.F.);
#2684=ORIENTED_EDGE('',*,*,#1872,.T.);
#2685=ORIENTED_EDGE('',*,*,#1873,.T.);
#2686=ORIENTED_EDGE('',*,*,#1868,.F.);
#2687=ORIENTED_EDGE('',*,*,#1874,.F.);
#2688=ORIENTED_EDGE('',*,*,#1875,.T.);
#2689=ORIENTED_EDGE('',*,*,#1876,.T.);
#2690=ORIENTED_EDGE('',*,*,#1872,.F.);
#2691=ORIENTED_EDGE('',*,*,#1877,.F.);
#2692=ORIENTED_EDGE('',*,*,#1870,.T.);
#2693=ORIENTED_EDGE('',*,*,#1878,.T.);
#2694=ORIENTED_EDGE('',*,*,#1875,.F.);
#2695=ORIENTED_EDGE('',*,*,#1878,.F.);
#2696=ORIENTED_EDGE('',*,*,#1869,.F.);
#2697=ORIENTED_EDGE('',*,*,#1873,.F.);
#2698=ORIENTED_EDGE('',*,*,#1876,.F.);
#2699=ORIENTED_EDGE('',*,*,#1879,.F.);
#2700=ORIENTED_EDGE('',*,*,#1880,.T.);
#2701=ORIENTED_EDGE('',*,*,#1881,.F.);
#2702=ORIENTED_EDGE('',*,*,#1880,.F.);
#2703=ORIENTED_EDGE('',*,*,#1881,.T.);
#2704=ORIENTED_EDGE('',*,*,#1867,.T.);
#2705=ORIENTED_EDGE('',*,*,#1877,.T.);
#2706=ORIENTED_EDGE('',*,*,#1874,.T.);
#2707=ORIENTED_EDGE('',*,*,#1871,.T.);
#2708=ORIENTED_EDGE('',*,*,#1879,.T.);
#2709=ORIENTED_EDGE('',*,*,#1866,.T.);
#2710=ORIENTED_EDGE('',*,*,#1882,.F.);
#2711=ORIENTED_EDGE('',*,*,#1883,.T.);
#2712=ORIENTED_EDGE('',*,*,#1884,.F.);
#2713=ORIENTED_EDGE('',*,*,#1885,.F.);
#2714=ORIENTED_EDGE('',*,*,#1886,.F.);
#2715=ORIENTED_EDGE('',*,*,#1885,.T.);
#2716=ORIENTED_EDGE('',*,*,#1887,.F.);
#2717=ORIENTED_EDGE('',*,*,#1888,.F.);
#2718=ORIENTED_EDGE('',*,*,#1889,.F.);
#2719=ORIENTED_EDGE('',*,*,#1888,.T.);
#2720=ORIENTED_EDGE('',*,*,#1890,.F.);
#2721=ORIENTED_EDGE('',*,*,#1891,.F.);
#2722=ORIENTED_EDGE('',*,*,#1892,.F.);
#2723=ORIENTED_EDGE('',*,*,#1891,.T.);
#2724=ORIENTED_EDGE('',*,*,#1893,.F.);
#2725=ORIENTED_EDGE('',*,*,#1883,.F.);
#2726=ORIENTED_EDGE('',*,*,#1893,.T.);
#2727=ORIENTED_EDGE('',*,*,#1890,.T.);
#2728=ORIENTED_EDGE('',*,*,#1887,.T.);
#2729=ORIENTED_EDGE('',*,*,#1884,.T.);
#2730=ORIENTED_EDGE('',*,*,#1892,.T.);
#2731=ORIENTED_EDGE('',*,*,#1882,.T.);
#2732=ORIENTED_EDGE('',*,*,#1886,.T.);
#2733=ORIENTED_EDGE('',*,*,#1889,.T.);
#2734=CYLINDRICAL_SURFACE('',#3006,0.5);
#2735=CYLINDRICAL_SURFACE('',#3010,0.5);
#2736=CYLINDRICAL_SURFACE('',#3013,0.5);
#2737=CYLINDRICAL_SURFACE('',#3022,0.5);
#2738=CYLINDRICAL_SURFACE('',#3024,0.5);
#2739=CYLINDRICAL_SURFACE('',#3027,0.5);
#2740=CYLINDRICAL_SURFACE('',#3029,0.5);
#2741=CYLINDRICAL_SURFACE('',#3031,0.5);
#2742=CYLINDRICAL_SURFACE('',#3044,0.5);
#2743=CYLINDRICAL_SURFACE('',#3051,0.5);
#2744=CYLINDRICAL_SURFACE('',#3062,0.5);
#2745=CYLINDRICAL_SURFACE('',#3070,0.5);
#2746=CYLINDRICAL_SURFACE('',#3072,1.);
#2747=CYLINDRICAL_SURFACE('',#3074,1.);
#2748=CYLINDRICAL_SURFACE('',#3076,1.);
#2749=CYLINDRICAL_SURFACE('',#3078,1.);
#2750=CYLINDRICAL_SURFACE('',#3080,0.5);
#2751=CYLINDRICAL_SURFACE('',#3081,0.5);
#2752=CYLINDRICAL_SURFACE('',#3082,0.5);
#2753=CYLINDRICAL_SURFACE('',#3083,0.5);
#2754=CYLINDRICAL_SURFACE('',#3084,0.5);
#2755=CYLINDRICAL_SURFACE('',#3085,0.5);
#2756=CYLINDRICAL_SURFACE('',#3086,0.5);
#2757=CYLINDRICAL_SURFACE('',#3088,0.5);
#2758=CYLINDRICAL_SURFACE('',#3093,1.2);
#2759=CYLINDRICAL_SURFACE('',#3096,1.2);
#2760=CYLINDRICAL_SURFACE('',#3099,1.2);
#2761=CYLINDRICAL_SURFACE('',#3102,1.2);
#2762=CYLINDRICAL_SURFACE('',#3105,0.503125);
#2763=CYLINDRICAL_SURFACE('',#3108,0.503125);
#2764=CYLINDRICAL_SURFACE('',#3111,0.599999999999999);
#2765=CYLINDRICAL_SURFACE('',#3114,0.750000000000001);
#2766=CYLINDRICAL_SURFACE('',#3117,0.625);
#2767=CYLINDRICAL_SURFACE('',#3120,0.503125);
#2768=CYLINDRICAL_SURFACE('',#3123,0.503125);
#2769=CYLINDRICAL_SURFACE('',#3126,0.75);
#2770=CYLINDRICAL_SURFACE('',#3176,1.2);
#2771=CYLINDRICAL_SURFACE('',#3181,5.5175144212722);
#2772=CYLINDRICAL_SURFACE('',#3184,1.2);
#2773=CYLINDRICAL_SURFACE('',#3189,5.5175144212722);
#2774=CYLINDRICAL_SURFACE('',#3192,1.2);
#2775=CYLINDRICAL_SURFACE('',#3197,5.5175144212722);
#2776=CYLINDRICAL_SURFACE('',#3200,1.2);
#2777=CYLINDRICAL_SURFACE('',#3209,5.5175144212722);
#2778=CYLINDRICAL_SURFACE('',#3215,0.9);
#2779=CYLINDRICAL_SURFACE('',#3216,0.9);
#2780=CYLINDRICAL_SURFACE('',#3217,0.9);
#2781=CYLINDRICAL_SURFACE('',#3218,0.9);
#2782=CYLINDRICAL_SURFACE('',#3222,0.96675);
#2783=CYLINDRICAL_SURFACE('',#3224,0.96675);
#2784=CYLINDRICAL_SURFACE('',#3225,0.96675);
#2785=CYLINDRICAL_SURFACE('',#3226,0.96675);
#2786=CYLINDRICAL_SURFACE('',#3227,0.96675);
#2787=CYLINDRICAL_SURFACE('',#3228,0.96675);
#2788=CYLINDRICAL_SURFACE('',#3229,0.96675);
#2789=CYLINDRICAL_SURFACE('',#3230,0.96675);
#2790=CYLINDRICAL_SURFACE('',#3231,0.96675);
#2791=CYLINDRICAL_SURFACE('',#3232,0.96675);
#2792=CYLINDRICAL_SURFACE('',#3233,0.739);
#2793=CYLINDRICAL_SURFACE('',#3235,0.739);
#2794=CYLINDRICAL_SURFACE('',#3236,0.739);
#2795=CYLINDRICAL_SURFACE('',#3237,0.739);
#2796=CYLINDRICAL_SURFACE('',#3238,0.739);
#2797=CYLINDRICAL_SURFACE('',#3239,0.739);
#2798=CYLINDRICAL_SURFACE('',#3240,0.739);
#2799=CYLINDRICAL_SURFACE('',#3241,0.739);
#2800=CYLINDRICAL_SURFACE('',#3242,0.739);
#2801=CYLINDRICAL_SURFACE('',#3243,0.739);
#2802=CYLINDRICAL_SURFACE('',#3244,0.739);
#2803=CYLINDRICAL_SURFACE('',#3246,0.96675);
#2804=CYLINDRICAL_SURFACE('',#3249,1.2);
#2805=CYLINDRICAL_SURFACE('',#3258,2.45);
#2806=ADVANCED_FACE('',(#177),#2734,.F.);
#2807=ADVANCED_FACE('',(#178),#91,.T.);
#2808=ADVANCED_FACE('',(#179),#2735,.F.);
#2809=ADVANCED_FACE('',(#180),#92,.T.);
#2810=ADVANCED_FACE('',(#181),#2736,.T.);
#2811=ADVANCED_FACE('',(#182),#93,.T.);
#2812=ADVANCED_FACE('',(#183),#2737,.T.);
#2813=ADVANCED_FACE('',(#184),#2738,.F.);
#2814=ADVANCED_FACE('',(#185),#94,.T.);
#2815=ADVANCED_FACE('',(#186),#2739,.F.);
#2816=ADVANCED_FACE('',(#187),#2740,.T.);
#2817=ADVANCED_FACE('',(#188),#2741,.T.);
#2818=ADVANCED_FACE('',(#189),#95,.T.);
#2819=ADVANCED_FACE('',(#190),#96,.T.);
#2820=ADVANCED_FACE('',(#191),#97,.T.);
#2821=ADVANCED_FACE('',(#192),#98,.T.);
#2822=ADVANCED_FACE('',(#193),#2742,.T.);
#2823=ADVANCED_FACE('',(#194,#70,#71),#99,.T.);
#2824=ADVANCED_FACE('',(#195),#2743,.T.);
#2825=ADVANCED_FACE('',(#196),#100,.T.);
#2826=ADVANCED_FACE('',(#197),#2744,.T.);
#2827=ADVANCED_FACE('',(#198),#101,.T.);
#2828=ADVANCED_FACE('',(#199,#72,#73),#102,.F.);
#2829=ADVANCED_FACE('',(#200),#2745,.T.);
#2830=ADVANCED_FACE('',(#201),#2746,.F.);
#2831=ADVANCED_FACE('',(#202),#2747,.F.);
#2832=ADVANCED_FACE('',(#203),#2748,.F.);
#2833=ADVANCED_FACE('',(#204),#2749,.F.);
#2834=ADVANCED_FACE('',(#205),#2750,.T.);
#2835=ADVANCED_FACE('',(#206),#2751,.F.);
#2836=ADVANCED_FACE('',(#207),#2752,.F.);
#2837=ADVANCED_FACE('',(#208),#2753,.T.);
#2838=ADVANCED_FACE('',(#209),#2754,.T.);
#2839=ADVANCED_FACE('',(#210),#2755,.F.);
#2840=ADVANCED_FACE('',(#211),#2756,.F.);
#2841=ADVANCED_FACE('',(#212),#103,.T.);
#2842=ADVANCED_FACE('',(#213),#2757,.T.);
#2843=ADVANCED_FACE('',(#214,#74,#75),#104,.F.);
#2844=ADVANCED_FACE('',(#215),#105,.T.);
#2845=ADVANCED_FACE('',(#216,#76,#77),#106,.T.);
#2846=ADVANCED_FACE('',(#217),#2758,.F.);
#2847=ADVANCED_FACE('',(#218),#2759,.F.);
#2848=ADVANCED_FACE('',(#219),#2760,.F.);
#2849=ADVANCED_FACE('',(#220),#2761,.F.);
#2850=ADVANCED_FACE('',(#221),#2762,.F.);
#2851=ADVANCED_FACE('',(#222),#2763,.F.);
#2852=ADVANCED_FACE('',(#223),#2764,.F.);
#2853=ADVANCED_FACE('',(#224),#2765,.F.);
#2854=ADVANCED_FACE('',(#225),#2766,.F.);
#2855=ADVANCED_FACE('',(#226),#2767,.F.);
#2856=ADVANCED_FACE('',(#227),#2768,.F.);
#2857=ADVANCED_FACE('',(#228),#2769,.F.);
#2858=ADVANCED_FACE('',(#229),#107,.T.);
#2859=ADVANCED_FACE('',(#230),#108,.T.);
#2860=ADVANCED_FACE('',(#231),#109,.T.);
#2861=ADVANCED_FACE('',(#232),#110,.T.);
#2862=ADVANCED_FACE('',(#233),#111,.T.);
#2863=ADVANCED_FACE('',(#234),#112,.T.);
#2864=ADVANCED_FACE('',(#235),#113,.T.);
#2865=ADVANCED_FACE('',(#236),#114,.T.);
#2866=ADVANCED_FACE('',(#237),#115,.T.);
#2867=ADVANCED_FACE('',(#238),#116,.T.);
#2868=ADVANCED_FACE('',(#239),#117,.T.);
#2869=ADVANCED_FACE('',(#240,#78,#79,#80,#81),#118,.F.);
#2870=ADVANCED_FACE('',(#241),#119,.F.);
#2871=ADVANCED_FACE('',(#242),#120,.F.);
#2872=ADVANCED_FACE('',(#243),#121,.F.);
#2873=ADVANCED_FACE('',(#244),#122,.T.);
#2874=ADVANCED_FACE('',(#245),#123,.F.);
#2875=ADVANCED_FACE('',(#246),#124,.F.);
#2876=ADVANCED_FACE('',(#247),#125,.F.);
#2877=ADVANCED_FACE('',(#248),#126,.T.);
#2878=ADVANCED_FACE('',(#249),#127,.F.);
#2879=ADVANCED_FACE('',(#250),#128,.F.);
#2880=ADVANCED_FACE('',(#251),#129,.F.);
#2881=ADVANCED_FACE('',(#252),#130,.T.);
#2882=ADVANCED_FACE('',(#253),#131,.F.);
#2883=ADVANCED_FACE('',(#254),#132,.F.);
#2884=ADVANCED_FACE('',(#255),#133,.F.);
#2885=ADVANCED_FACE('',(#256),#134,.T.);
#2886=ADVANCED_FACE('',(#257),#135,.F.);
#2887=ADVANCED_FACE('',(#258),#136,.F.);
#2888=ADVANCED_FACE('',(#259),#137,.T.);
#2889=ADVANCED_FACE('',(#260),#138,.F.);
#2890=ADVANCED_FACE('',(#261),#139,.F.);
#2891=ADVANCED_FACE('',(#262),#140,.F.);
#2892=ADVANCED_FACE('',(#263),#141,.T.);
#2893=ADVANCED_FACE('',(#264),#142,.F.);
#2894=ADVANCED_FACE('',(#265),#143,.F.);
#2895=ADVANCED_FACE('',(#266),#144,.F.);
#2896=ADVANCED_FACE('',(#267),#145,.T.);
#2897=ADVANCED_FACE('',(#268),#146,.F.);
#2898=ADVANCED_FACE('',(#269),#147,.F.);
#2899=ADVANCED_FACE('',(#270),#148,.F.);
#2900=ADVANCED_FACE('',(#271),#149,.T.);
#2901=ADVANCED_FACE('',(#272),#2770,.F.);
#2902=ADVANCED_FACE('',(#273,#82),#150,.T.);
#2903=ADVANCED_FACE('',(#274),#2771,.F.);
#2904=ADVANCED_FACE('',(#275),#2772,.F.);
#2905=ADVANCED_FACE('',(#276,#83),#151,.T.);
#2906=ADVANCED_FACE('',(#277),#2773,.F.);
#2907=ADVANCED_FACE('',(#278),#2774,.F.);
#2908=ADVANCED_FACE('',(#279,#84),#152,.T.);
#2909=ADVANCED_FACE('',(#280),#2775,.F.);
#2910=ADVANCED_FACE('',(#281),#2776,.F.);
#2911=ADVANCED_FACE('',(#282,#85),#153,.T.);
#2912=ADVANCED_FACE('',(#283),#154,.F.);
#2913=ADVANCED_FACE('',(#284),#155,.F.);
#2914=ADVANCED_FACE('',(#285),#156,.F.);
#2915=ADVANCED_FACE('',(#286),#157,.F.);
#2916=ADVANCED_FACE('',(#287),#2777,.F.);
#2917=ADVANCED_FACE('',(#288,#86),#158,.T.);
#2918=ADVANCED_FACE('',(#289),#159,.T.);
#2919=ADVANCED_FACE('',(#290,#87),#160,.T.);
#2920=ADVANCED_FACE('',(#291),#2778,.F.);
#2921=ADVANCED_FACE('',(#292),#2779,.F.);
#2922=ADVANCED_FACE('',(#293),#2780,.F.);
#2923=ADVANCED_FACE('',(#294),#2781,.F.);
#2924=ADVANCED_FACE('',(#295),#161,.T.);
#2925=ADVANCED_FACE('',(#296),#2782,.T.);
#2926=ADVANCED_FACE('',(#297),#2783,.T.);
#2927=ADVANCED_FACE('',(#298),#2784,.T.);
#2928=ADVANCED_FACE('',(#299),#2785,.T.);
#2929=ADVANCED_FACE('',(#300),#2786,.T.);
#2930=ADVANCED_FACE('',(#301),#2787,.T.);
#2931=ADVANCED_FACE('',(#302),#2788,.T.);
#2932=ADVANCED_FACE('',(#303),#2789,.T.);
#2933=ADVANCED_FACE('',(#304),#2790,.T.);
#2934=ADVANCED_FACE('',(#305),#2791,.T.);
#2935=ADVANCED_FACE('',(#306),#2792,.T.);
#2936=ADVANCED_FACE('',(#307),#2793,.T.);
#2937=ADVANCED_FACE('',(#308),#2794,.T.);
#2938=ADVANCED_FACE('',(#309),#2795,.T.);
#2939=ADVANCED_FACE('',(#310),#2796,.T.);
#2940=ADVANCED_FACE('',(#311),#2797,.T.);
#2941=ADVANCED_FACE('',(#312),#2798,.T.);
#2942=ADVANCED_FACE('',(#313),#2799,.T.);
#2943=ADVANCED_FACE('',(#314),#2800,.T.);
#2944=ADVANCED_FACE('',(#315),#2801,.T.);
#2945=ADVANCED_FACE('',(#316),#27,.F.);
#2946=ADVANCED_FACE('',(#317),#2802,.T.);
#2947=ADVANCED_FACE('',(#318),#28,.F.);
#2948=ADVANCED_FACE('',(#319),#2803,.T.);
#2949=ADVANCED_FACE('',(#320),#162,.T.);
#2950=ADVANCED_FACE('',(#321),#2804,.T.);
#2951=ADVANCED_FACE('',(#322,#88),#163,.T.);
#2952=ADVANCED_FACE('',(#323),#164,.F.);
#2953=ADVANCED_FACE('',(#324),#165,.F.);
#2954=ADVANCED_FACE('',(#325),#166,.F.);
#2955=ADVANCED_FACE('',(#326),#167,.F.);
#2956=ADVANCED_FACE('',(#327),#168,.F.);
#2957=ADVANCED_FACE('',(#328),#2805,.T.);
#2958=ADVANCED_FACE('',(#329,#89),#169,.T.);
#2959=ADVANCED_FACE('',(#330,#90),#170,.F.);
#2960=ADVANCED_FACE('',(#331),#171,.T.);
#2961=ADVANCED_FACE('',(#332),#172,.T.);
#2962=ADVANCED_FACE('',(#333),#173,.T.);
#2963=ADVANCED_FACE('',(#334),#174,.T.);
#2964=ADVANCED_FACE('',(#335),#175,.T.);
#2965=ADVANCED_FACE('',(#336),#176,.F.);
#2966=CLOSED_SHELL('',(#2806,#2807,#2808,#2809,#2810,#2811,#2812,#2813,
#2814,#2815,#2816,#2817,#2818,#2819,#2820,#2821,#2822,#2823,#2824,#2825,
#2826,#2827,#2828,#2829,#2830,#2831,#2832,#2833,#2834,#2835,#2836,#2837,
#2838,#2839,#2840,#2841,#2842,#2843,#2844,#2845));
#2967=CLOSED_SHELL('',(#2846,#2847,#2848,#2849,#2850,#2851,#2852,#2853,
#2854,#2855,#2856,#2857,#2858,#2859,#2860,#2861,#2862,#2863,#2864,#2865,
#2866,#2867,#2868,#2869,#2870,#2871,#2872,#2873,#2874,#2875,#2876,#2877,
#2878,#2879,#2880,#2881,#2882,#2883,#2884,#2885,#2886,#2887,#2888,#2889,
#2890,#2891,#2892,#2893,#2894,#2895,#2896,#2897,#2898,#2899,#2900,#2901,
#2902,#2903,#2904,#2905,#2906,#2907,#2908,#2909,#2910,#2911,#2912,#2913,
#2914,#2915,#2916,#2917,#2918,#2919,#2920,#2921,#2922,#2923,#2924));
#2968=CLOSED_SHELL('',(#2925,#2926,#2927,#2928,#2929,#2930,#2931,#2932,
#2933,#2934,#2935,#2936,#2937,#2938,#2939,#2940,#2941,#2942,#2943,#2944,
#2945,#2946,#2947,#2948,#2949,#2950,#2951,#2952,#2953,#2954,#2955,#2956,
#2957,#2958,#2959));
#2969=CLOSED_SHELL('',(#2960,#2961,#2962,#2963,#2964,#2965));
#2970=DERIVED_UNIT_ELEMENT(#2976,1.);
#2971=DERIVED_UNIT_ELEMENT(#6443,-3.);
#2972=DERIVED_UNIT_ELEMENT(#2976,1.);
#2973=DERIVED_UNIT_ELEMENT(#6443,-3.);
#2974=DERIVED_UNIT_ELEMENT(#2976,1.);
#2975=DERIVED_UNIT_ELEMENT(#6443,-3.);
#2976=(
MASS_UNIT()
NAMED_UNIT(*)
SI_UNIT(.KILO.,.GRAM.)
);
#2977=DERIVED_UNIT((#2970,#2971));
#2978=DERIVED_UNIT((#2972,#2973));
#2979=DERIVED_UNIT((#2974,#2975));
#2980=MEASURE_REPRESENTATION_ITEM('density measure',
POSITIVE_RATIO_MEASURE(7850.),#2977);
#2981=MEASURE_REPRESENTATION_ITEM('density measure',
POSITIVE_RATIO_MEASURE(7850.),#2978);
#2982=MEASURE_REPRESENTATION_ITEM('density measure',
POSITIVE_RATIO_MEASURE(7850.),#2979);
#2983=PROPERTY_DEFINITION_REPRESENTATION(#2998,#2989);
#2984=PROPERTY_DEFINITION_REPRESENTATION(#2999,#2990);
#2985=PROPERTY_DEFINITION_REPRESENTATION(#3000,#2991);
#2986=PROPERTY_DEFINITION_REPRESENTATION(#3001,#2992);
#2987=PROPERTY_DEFINITION_REPRESENTATION(#3002,#2993);
#2988=PROPERTY_DEFINITION_REPRESENTATION(#3003,#2994);
#2989=REPRESENTATION('material name',(#2995),#6437);
#2990=REPRESENTATION('density',(#2980),#6437);
#2991=REPRESENTATION('material name',(#2996),#6438);
#2992=REPRESENTATION('density',(#2981),#6438);
#2993=REPRESENTATION('material name',(#2997),#6440);
#2994=REPRESENTATION('density',(#2982),#6440);
#2995=DESCRIPTIVE_REPRESENTATION_ITEM('Steel','Steel');
#2996=DESCRIPTIVE_REPRESENTATION_ITEM('Steel','Steel');
#2997=DESCRIPTIVE_REPRESENTATION_ITEM('Steel','Steel');
#2998=PROPERTY_DEFINITION('material property','material name',#6467);
#2999=PROPERTY_DEFINITION('material property','density of part',#6467);
#3000=PROPERTY_DEFINITION('material property','material name',#6468);
#3001=PROPERTY_DEFINITION('material property','density of part',#6468);
#3002=PROPERTY_DEFINITION('material property','material name',#6470);
#3003=PROPERTY_DEFINITION('material property','density of part',#6470);
#3004=AXIS2_PLACEMENT_3D('',#4078,#3273,#3274);
#3005=AXIS2_PLACEMENT_3D('',#4079,#3275,#3276);
#3006=AXIS2_PLACEMENT_3D('',#4080,#3277,#3278);
#3007=AXIS2_PLACEMENT_3D('',#4083,#3279,#3280);
#3008=AXIS2_PLACEMENT_3D('',#4087,#3282,#3283);
#3009=AXIS2_PLACEMENT_3D('',#4106,#3285,#3286);
#3010=AXIS2_PLACEMENT_3D('',#4112,#3290,#3291);
#3011=AXIS2_PLACEMENT_3D('',#4122,#3293,#3294);
#3012=AXIS2_PLACEMENT_3D('',#4141,#3296,#3297);
#3013=AXIS2_PLACEMENT_3D('',#4147,#3301,#3302);
#3014=AXIS2_PLACEMENT_3D('',#4149,#3303,#3304);
#3015=AXIS2_PLACEMENT_3D('',#4152,#3306,#3307);
#3016=AXIS2_PLACEMENT_3D('',#4153,#3308,#3309);
#3017=AXIS2_PLACEMENT_3D('',#4157,#3311,#3312);
#3018=AXIS2_PLACEMENT_3D('',#4159,#3313,#3314);
#3019=AXIS2_PLACEMENT_3D('',#4163,#3316,#3317);
#3020=AXIS2_PLACEMENT_3D('',#4165,#3318,#3319);
#3021=AXIS2_PLACEMENT_3D('',#4168,#3321,#3322);
#3022=AXIS2_PLACEMENT_3D('',#4176,#3327,#3328);
#3023=AXIS2_PLACEMENT_3D('',#4179,#3329,#3330);
#3024=AXIS2_PLACEMENT_3D('',#4182,#3333,#3334);
#3025=AXIS2_PLACEMENT_3D('',#4184,#3335,#3336);
#3026=AXIS2_PLACEMENT_3D('',#4186,#3338,#3339);
#3027=AXIS2_PLACEMENT_3D('',#4190,#3342,#3343);
#3028=AXIS2_PLACEMENT_3D('',#4192,#3344,#3345);
#3029=AXIS2_PLACEMENT_3D('',#4194,#3347,#3348);
#3030=AXIS2_PLACEMENT_3D('',#4196,#3349,#3350);
#3031=AXIS2_PLACEMENT_3D('',#4198,#3352,#3353);
#3032=AXIS2_PLACEMENT_3D('',#4200,#3354,#3355);
#3033=AXIS2_PLACEMENT_3D('',#4202,#3357,#3358);
#3034=AXIS2_PLACEMENT_3D('',#4204,#3360,#3361);
#3035=AXIS2_PLACEMENT_3D('',#4206,#3362,#3363);
#3036=AXIS2_PLACEMENT_3D('',#4208,#3364,#3365);
#3037=AXIS2_PLACEMENT_3D('',#4216,#3369,#3370);
#3038=AXIS2_PLACEMENT_3D('',#4217,#3371,#3372);
#3039=AXIS2_PLACEMENT_3D('',#4218,#3373,#3374);
#3040=AXIS2_PLACEMENT_3D('',#4220,#3376,#3377);
#3041=AXIS2_PLACEMENT_3D('',#4222,#3378,#3379);
#3042=AXIS2_PLACEMENT_3D('',#4230,#3383,#3384);
#3043=AXIS2_PLACEMENT_3D('',#4231,#3385,#3386);
#3044=AXIS2_PLACEMENT_3D('',#4232,#3387,#3388);
#3045=AXIS2_PLACEMENT_3D('',#4234,#3389,#3390);
#3046=AXIS2_PLACEMENT_3D('',#4236,#3391,#3392);
#3047=AXIS2_PLACEMENT_3D('',#4238,#3394,#3395);
#3048=AXIS2_PLACEMENT_3D('',#4242,#3397,#3398);
#3049=AXIS2_PLACEMENT_3D('',#4247,#3401,#3402);
#3050=AXIS2_PLACEMENT_3D('',#4249,#3403,#3404);
#3051=AXIS2_PLACEMENT_3D('',#4250,#3405,#3406);
#3052=AXIS2_PLACEMENT_3D('',#4254,#3408,#3409);
#3053=AXIS2_PLACEMENT_3D('',#4256,#3411,#3412);
#3054=AXIS2_PLACEMENT_3D('',#4260,#3414,#3415);
#3055=AXIS2_PLACEMENT_3D('',#4261,#3416,#3417);
#3056=AXIS2_PLACEMENT_3D('',#4263,#3418,#3419);
#3057=AXIS2_PLACEMENT_3D('',#4265,#3420,#3421);
#3058=AXIS2_PLACEMENT_3D('',#4273,#3425,#3426);
#3059=AXIS2_PLACEMENT_3D('',#4275,#3427,#3428);
#3060=AXIS2_PLACEMENT_3D('',#4279,#3430,#3431);
#3061=AXIS2_PLACEMENT_3D('',#4280,#3432,#3433);
#3062=AXIS2_PLACEMENT_3D('',#4281,#3434,#3435);
#3063=AXIS2_PLACEMENT_3D('',#4283,#3436,#3437);
#3064=AXIS2_PLACEMENT_3D('',#4285,#3438,#3439);
#3065=AXIS2_PLACEMENT_3D('',#4287,#3441,#3442);
#3066=AXIS2_PLACEMENT_3D('',#4293,#3446,#3447);
#3067=AXIS2_PLACEMENT_3D('',#4295,#3449,#3450);
#3068=AXIS2_PLACEMENT_3D('',#4297,#3451,#3452);
#3069=AXIS2_PLACEMENT_3D('',#4299,#3453,#3454);
#3070=AXIS2_PLACEMENT_3D('',#4300,#3455,#3456);
#3071=AXIS2_PLACEMENT_3D('',#4301,#3457,#3458);
#3072=AXIS2_PLACEMENT_3D('',#4302,#3459,#3460);
#3073=AXIS2_PLACEMENT_3D('',#4305,#3462,#3463);
#3074=AXIS2_PLACEMENT_3D('',#4306,#3464,#3465);
#3075=AXIS2_PLACEMENT_3D('',#4308,#3466,#3467);
#3076=AXIS2_PLACEMENT_3D('',#4310,#3469,#3470);
#3077=AXIS2_PLACEMENT_3D('',#4313,#3472,#3473);
#3078=AXIS2_PLACEMENT_3D('',#4314,#3474,#3475);
#3079=AXIS2_PLACEMENT_3D('',#4316,#3476,#3477);
#3080=AXIS2_PLACEMENT_3D('',#4318,#3479,#3480);
#3081=AXIS2_PLACEMENT_3D('',#4321,#3483,#3484);
#3082=AXIS2_PLACEMENT_3D('',#4325,#3487,#3488);
#3083=AXIS2_PLACEMENT_3D('',#4327,#3490,#3491);
#3084=AXIS2_PLACEMENT_3D('',#4328,#3492,#3493);
#3085=AXIS2_PLACEMENT_3D('',#4330,#3495,#3496);
#3086=AXIS2_PLACEMENT_3D('',#4332,#3498,#3499);
#3087=AXIS2_PLACEMENT_3D('',#4335,#3502,#3503);
#3088=AXIS2_PLACEMENT_3D('',#4336,#3504,#3505);
#3089=AXIS2_PLACEMENT_3D('',#4337,#3506,#3507);
#3090=AXIS2_PLACEMENT_3D('',#4339,#3509,#3510);
#3091=AXIS2_PLACEMENT_3D('',#4340,#3511,#3512);
#3092=AXIS2_PLACEMENT_3D('',#4341,#3513,#3514);
#3093=AXIS2_PLACEMENT_3D('',#4342,#3515,#3516);
#3094=AXIS2_PLACEMENT_3D('',#4347,#3518,#3519);
#3095=AXIS2_PLACEMENT_3D('',#4350,#3521,#3522);
#3096=AXIS2_PLACEMENT_3D('',#4351,#3523,#3524);
#3097=AXIS2_PLACEMENT_3D('',#4356,#3526,#3527);
#3098=AXIS2_PLACEMENT_3D('',#4359,#3529,#3530);
#3099=AXIS2_PLACEMENT_3D('',#4360,#3531,#3532);
#3100=AXIS2_PLACEMENT_3D('',#4365,#3534,#3535);
#3101=AXIS2_PLACEMENT_3D('',#4368,#3537,#3538);
#3102=AXIS2_PLACEMENT_3D('',#4369,#3539,#3540);
#3103=AXIS2_PLACEMENT_3D('',#4374,#3542,#3543);
#3104=AXIS2_PLACEMENT_3D('',#4377,#3545,#3546);
#3105=AXIS2_PLACEMENT_3D('',#4378,#3547,#3548);
#3106=AXIS2_PLACEMENT_3D('',#4381,#3549,#3550);
#3107=AXIS2_PLACEMENT_3D('',#4385,#3552,#3553);
#3108=AXIS2_PLACEMENT_3D('',#4387,#3555,#3556);
#3109=AXIS2_PLACEMENT_3D('',#4390,#3557,#3558);
#3110=AXIS2_PLACEMENT_3D('',#4394,#3560,#3561);
#3111=AXIS2_PLACEMENT_3D('',#4396,#3563,#3564);
#3112=AXIS2_PLACEMENT_3D('',#4399,#3565,#3566);
#3113=AXIS2_PLACEMENT_3D('',#4403,#3568,#3569);
#3114=AXIS2_PLACEMENT_3D('',#4405,#3571,#3572);
#3115=AXIS2_PLACEMENT_3D('',#4408,#3573,#3574);
#3116=AXIS2_PLACEMENT_3D('',#4412,#3576,#3577);
#3117=AXIS2_PLACEMENT_3D('',#4414,#3579,#3580);
#3118=AXIS2_PLACEMENT_3D('',#4417,#3581,#3582);
#3119=AXIS2_PLACEMENT_3D('',#4421,#3584,#3585);
#3120=AXIS2_PLACEMENT_3D('',#4423,#3587,#3588);
#3121=AXIS2_PLACEMENT_3D('',#4426,#3589,#3590);
#3122=AXIS2_PLACEMENT_3D('',#4430,#3592,#3593);
#3123=AXIS2_PLACEMENT_3D('',#4432,#3595,#3596);
#3124=AXIS2_PLACEMENT_3D('',#4435,#3597,#3598);
#3125=AXIS2_PLACEMENT_3D('',#4439,#3600,#3601);
#3126=AXIS2_PLACEMENT_3D('',#4441,#3603,#3604);
#3127=AXIS2_PLACEMENT_3D('',#4444,#3605,#3606);
#3128=AXIS2_PLACEMENT_3D('',#4448,#3608,#3609);
#3129=AXIS2_PLACEMENT_3D('',#4450,#3611,#3612);
#3130=AXIS2_PLACEMENT_3D('',#4460,#3618,#3619);
#3131=AXIS2_PLACEMENT_3D('',#4470,#3625,#3626);
#3132=AXIS2_PLACEMENT_3D('',#4477,#3631,#3632);
#3133=AXIS2_PLACEMENT_3D('',#4488,#3639,#3640);
#3134=AXIS2_PLACEMENT_3D('',#4497,#3646,#3647);
#3135=AXIS2_PLACEMENT_3D('',#4504,#3652,#3653);
#3136=AXIS2_PLACEMENT_3D('',#4511,#3658,#3659);
#3137=AXIS2_PLACEMENT_3D('',#4518,#3664,#3665);
#3138=AXIS2_PLACEMENT_3D('',#4530,#3672,#3673);
#3139=AXIS2_PLACEMENT_3D('',#4533,#3676,#3677);
#3140=AXIS2_PLACEMENT_3D('',#4543,#3683,#3684);
#3141=AXIS2_PLACEMENT_3D('',#4546,#3686,#3687);
#3142=AXIS2_PLACEMENT_3D('',#4548,#3688,#3689);
#3143=AXIS2_PLACEMENT_3D('',#4550,#3690,#3691);
#3144=AXIS2_PLACEMENT_3D('',#4552,#3692,#3693);
#3145=AXIS2_PLACEMENT_3D('',#4553,#3694,#3695);
#3146=AXIS2_PLACEMENT_3D('',#4562,#3700,#3701);
#3147=AXIS2_PLACEMENT_3D('',#4565,#3704,#3705);
#3148=AXIS2_PLACEMENT_3D('',#4568,#3708,#3709);
#3149=AXIS2_PLACEMENT_3D('',#4569,#3710,#3711);
#3150=AXIS2_PLACEMENT_3D('',#4575,#3715,#3716);
#3151=AXIS2_PLACEMENT_3D('',#4581,#3720,#3721);
#3152=AXIS2_PLACEMENT_3D('',#4584,#3724,#3725);
#3153=AXIS2_PLACEMENT_3D('',#4585,#3726,#3727);
#3154=AXIS2_PLACEMENT_3D('',#4591,#3731,#3732);
#3155=AXIS2_PLACEMENT_3D('',#4597,#3736,#3737);
#3156=AXIS2_PLACEMENT_3D('',#4600,#3740,#3741);
#3157=AXIS2_PLACEMENT_3D('',#4601,#3742,#3743);
#3158=AXIS2_PLACEMENT_3D('',#4610,#3748,#3749);
#3159=AXIS2_PLACEMENT_3D('',#4613,#3752,#3753);
#3160=AXIS2_PLACEMENT_3D('',#4616,#3756,#3757);
#3161=AXIS2_PLACEMENT_3D('',#4617,#3758,#3759);
#3162=AXIS2_PLACEMENT_3D('',#4623,#3763,#3764);
#3163=AXIS2_PLACEMENT_3D('',#4626,#3767,#3768);
#3164=AXIS2_PLACEMENT_3D('',#4627,#3769,#3770);
#3165=AXIS2_PLACEMENT_3D('',#4636,#3775,#3776);
#3166=AXIS2_PLACEMENT_3D('',#4639,#3779,#3780);
#3167=AXIS2_PLACEMENT_3D('',#4642,#3783,#3784);
#3168=AXIS2_PLACEMENT_3D('',#4643,#3785,#3786);
#3169=AXIS2_PLACEMENT_3D('',#4649,#3790,#3791);
#3170=AXIS2_PLACEMENT_3D('',#4655,#3795,#3796);
#3171=AXIS2_PLACEMENT_3D('',#4658,#3799,#3800);
#3172=AXIS2_PLACEMENT_3D('',#4659,#3801,#3802);
#3173=AXIS2_PLACEMENT_3D('',#4668,#3807,#3808);
#3174=AXIS2_PLACEMENT_3D('',#4671,#3811,#3812);
#3175=AXIS2_PLACEMENT_3D('',#4674,#3815,#3816);
#3176=AXIS2_PLACEMENT_3D('',#4675,#3817,#3818);
#3177=AXIS2_PLACEMENT_3D('',#4676,#3819,#3820);
#3178=AXIS2_PLACEMENT_3D('',#4678,#3822,#3823);
#3179=AXIS2_PLACEMENT_3D('',#4679,#3824,#3825);
#3180=AXIS2_PLACEMENT_3D('',#4681,#3826,#3827);
#3181=AXIS2_PLACEMENT_3D('',#4682,#3828,#3829);
#3182=AXIS2_PLACEMENT_3D('',#4683,#3830,#3831);
#3183=AXIS2_PLACEMENT_3D('',#4684,#3832,#3833);
#3184=AXIS2_PLACEMENT_3D('',#4685,#3834,#3835);
#3185=AXIS2_PLACEMENT_3D('',#4686,#3836,#3837);
#3186=AXIS2_PLACEMENT_3D('',#4688,#3839,#3840);
#3187=AXIS2_PLACEMENT_3D('',#4689,#3841,#3842);
#3188=AXIS2_PLACEMENT_3D('',#4691,#3843,#3844);
#3189=AXIS2_PLACEMENT_3D('',#4692,#3845,#3846);
#3190=AXIS2_PLACEMENT_3D('',#4693,#3847,#3848);
#3191=AXIS2_PLACEMENT_3D('',#4694,#3849,#3850);
#3192=AXIS2_PLACEMENT_3D('',#4695,#3851,#3852);
#3193=AXIS2_PLACEMENT_3D('',#4696,#3853,#3854);
#3194=AXIS2_PLACEMENT_3D('',#4698,#3856,#3857);
#3195=AXIS2_PLACEMENT_3D('',#4699,#3858,#3859);
#3196=AXIS2_PLACEMENT_3D('',#4701,#3860,#3861);
#3197=AXIS2_PLACEMENT_3D('',#4702,#3862,#3863);
#3198=AXIS2_PLACEMENT_3D('',#4703,#3864,#3865);
#3199=AXIS2_PLACEMENT_3D('',#4704,#3866,#3867);
#3200=AXIS2_PLACEMENT_3D('',#4705,#3868,#3869);
#3201=AXIS2_PLACEMENT_3D('',#4706,#3870,#3871);
#3202=AXIS2_PLACEMENT_3D('',#4708,#3873,#3874);
#3203=AXIS2_PLACEMENT_3D('',#4709,#3875,#3876);
#3204=AXIS2_PLACEMENT_3D('',#4711,#3877,#3878);
#3205=AXIS2_PLACEMENT_3D('',#4712,#3879,#3880);
#3206=AXIS2_PLACEMENT_3D('',#4721,#3885,#3886);
#3207=AXIS2_PLACEMENT_3D('',#4727,#3890,#3891);
#3208=AXIS2_PLACEMENT_3D('',#4733,#3895,#3896);
#3209=AXIS2_PLACEMENT_3D('',#4736,#3899,#3900);
#3210=AXIS2_PLACEMENT_3D('',#4737,#3901,#3902);
#3211=AXIS2_PLACEMENT_3D('',#4738,#3903,#3904);
#3212=AXIS2_PLACEMENT_3D('',#4739,#3905,#3906);
#3213=AXIS2_PLACEMENT_3D('',#4740,#3907,#3908);
#3214=AXIS2_PLACEMENT_3D('',#4741,#3909,#3910);
#3215=AXIS2_PLACEMENT_3D('',#4743,#3912,#3913);
#3216=AXIS2_PLACEMENT_3D('',#4745,#3915,#3916);
#3217=AXIS2_PLACEMENT_3D('',#4747,#3918,#3919);
#3218=AXIS2_PLACEMENT_3D('',#4749,#3921,#3922);
#3219=AXIS2_PLACEMENT_3D('',#4751,#3924,#3925);
#3220=AXIS2_PLACEMENT_3D('',#4752,#3926,#3927);
#3221=AXIS2_PLACEMENT_3D('',#4753,#3928,#3929);
#3222=AXIS2_PLACEMENT_3D('',#4754,#3930,#3931);
#3223=AXIS2_PLACEMENT_3D('',#4770,#3933,#3934);
#3224=AXIS2_PLACEMENT_3D('',#4778,#3935,#3936);
#3225=AXIS2_PLACEMENT_3D('',#4826,#3938,#3939);
#3226=AXIS2_PLACEMENT_3D('',#4874,#3941,#3942);
#3227=AXIS2_PLACEMENT_3D('',#4922,#3944,#3945);
#3228=AXIS2_PLACEMENT_3D('',#4973,#3947,#3948);
#3229=AXIS2_PLACEMENT_3D('',#5021,#3950,#3951);
#3230=AXIS2_PLACEMENT_3D('',#5069,#3953,#3954);
#3231=AXIS2_PLACEMENT_3D('',#5123,#3956,#3957);
#3232=AXIS2_PLACEMENT_3D('',#5171,#3959,#3960);
#3233=AXIS2_PLACEMENT_3D('',#5219,#3962,#3963);
#3234=AXIS2_PLACEMENT_3D('',#5231,#3965,#3966);
#3235=AXIS2_PLACEMENT_3D('',#5236,#3967,#3968);
#3236=AXIS2_PLACEMENT_3D('',#5261,#3970,#3971);
#3237=AXIS2_PLACEMENT_3D('',#5285,#3973,#3974);
#3238=AXIS2_PLACEMENT_3D('',#5310,#3976,#3977);
#3239=AXIS2_PLACEMENT_3D('',#5335,#3979,#3980);
#3240=AXIS2_PLACEMENT_3D('',#5359,#3982,#3983);
#3241=AXIS2_PLACEMENT_3D('',#5384,#3985,#3986);
#3242=AXIS2_PLACEMENT_3D('',#5409,#3988,#3989);
#3243=AXIS2_PLACEMENT_3D('',#5433,#3991,#3992);
#3244=AXIS2_PLACEMENT_3D('',#5905,#3994,#3995);
#3245=AXIS2_PLACEMENT_3D('',#5907,#3996,#3997);
#3246=AXIS2_PLACEMENT_3D('',#6357,#3998,#3999);
#3247=AXIS2_PLACEMENT_3D('',#6358,#4000,#4001);
#3248=AXIS2_PLACEMENT_3D('',#6359,#4002,#4003);
#3249=AXIS2_PLACEMENT_3D('',#6360,#4004,#4005);
#3250=AXIS2_PLACEMENT_3D('',#6362,#4006,#4007);
#3251=AXIS2_PLACEMENT_3D('',#6365,#4009,#4010);
#3252=AXIS2_PLACEMENT_3D('',#6366,#4011,#4012);
#3253=AXIS2_PLACEMENT_3D('',#6367,#4013,#4014);
#3254=AXIS2_PLACEMENT_3D('',#6376,#4019,#4020);
#3255=AXIS2_PLACEMENT_3D('',#6382,#4024,#4025);
#3256=AXIS2_PLACEMENT_3D('',#6388,#4029,#4030);
#3257=AXIS2_PLACEMENT_3D('',#6391,#4033,#4034);
#3258=AXIS2_PLACEMENT_3D('',#6392,#4035,#4036);
#3259=AXIS2_PLACEMENT_3D('',#6394,#4037,#4038);
#3260=AXIS2_PLACEMENT_3D('',#6397,#4040,#4041);
#3261=AXIS2_PLACEMENT_3D('',#6398,#4042,#4043);
#3262=AXIS2_PLACEMENT_3D('',#6399,#4044,#4045);
#3263=AXIS2_PLACEMENT_3D('',#6400,#4046,#4047);
#3264=AXIS2_PLACEMENT_3D('',#6409,#4052,#4053);
#3265=AXIS2_PLACEMENT_3D('',#6415,#4057,#4058);
#3266=AXIS2_PLACEMENT_3D('',#6421,#4062,#4063);
#3267=AXIS2_PLACEMENT_3D('',#6424,#4066,#4067);
#3268=AXIS2_PLACEMENT_3D('',#6425,#4068,#4069);
#3269=AXIS2_PLACEMENT_3D('',#6426,#4070,#4071);
#3270=AXIS2_PLACEMENT_3D('',#6427,#4072,#4073);
#3271=AXIS2_PLACEMENT_3D('',#6428,#4074,#4075);
#3272=AXIS2_PLACEMENT_3D('',#6429,#4076,#4077);
#3273=DIRECTION('axis',(0.,0.,1.));
#3274=DIRECTION('refdir',(1.,0.,0.));
#3275=DIRECTION('axis',(0.,0.,1.));
#3276=DIRECTION('refdir',(1.,0.,0.));
#3277=DIRECTION('center_axis',(0.,0.,-1.));
#3278=DIRECTION('ref_axis',(-0.707106781186548,0.707106781186548,0.));
#3279=DIRECTION('center_axis',(0.,0.,1.));
#3280=DIRECTION('ref_axis',(-0.707106781186548,0.707106781186548,0.));
#3281=DIRECTION('',(0.,0.,-1.));
#3282=DIRECTION('center_axis',(0.,0.,-1.));
#3283=DIRECTION('ref_axis',(-0.707106781186548,0.707106781186548,0.));
#3284=DIRECTION('',(0.,0.,1.));
#3285=DIRECTION('center_axis',(1.,0.,0.));
#3286=DIRECTION('ref_axis',(0.,1.,0.));
#3287=DIRECTION('',(0.,1.,0.));
#3288=DIRECTION('',(0.,0.,1.));
#3289=DIRECTION('',(0.,-1.,0.));
#3290=DIRECTION('center_axis',(0.,0.,1.));
#3291=DIRECTION('ref_axis',(0.707106781186548,0.707106781186548,0.));
#3292=DIRECTION('',(0.,0.,-1.));
#3293=DIRECTION('center_axis',(0.,0.,-1.));
#3294=DIRECTION('ref_axis',(0.707106781186548,0.707106781186548,0.));
#3295=DIRECTION('',(0.,0.,1.));
#3296=DIRECTION('center_axis',(-1.,0.,0.));
#3297=DIRECTION('ref_axis',(0.,-1.,0.));
#3298=DIRECTION('',(0.,-1.,0.));
#3299=DIRECTION('',(0.,0.,-1.));
#3300=DIRECTION('',(0.,-1.,0.));
#3301=DIRECTION('center_axis',(0.,0.,1.));
#3302=DIRECTION('ref_axis',(0.707106781186548,-0.707106781186548,0.));
#3303=DIRECTION('center_axis',(0.,0.,-1.));
#3304=DIRECTION('ref_axis',(0.707106781186548,-0.707106781186548,0.));
#3305=DIRECTION('',(0.,0.,-1.));
#3306=DIRECTION('center_axis',(0.,0.,1.));
#3307=DIRECTION('ref_axis',(0.707106781186548,-0.707106781186548,0.));
#3308=DIRECTION('center_axis',(0.,0.,-1.));
#3309=DIRECTION('ref_axis',(-1.,0.,0.));
#3310=DIRECTION('',(-1.,0.,0.));
#3311=DIRECTION('center_axis',(0.,0.,1.));
#3312=DIRECTION('ref_axis',(-0.707106781186548,-0.707106781186547,0.));
#3313=DIRECTION('center_axis',(0.,0.,-1.));
#3314=DIRECTION('ref_axis',(0.707106781186548,0.707106781186548,0.));
#3315=DIRECTION('',(1.,0.,0.));
#3316=DIRECTION('center_axis',(0.,0.,-1.));
#3317=DIRECTION('ref_axis',(-0.707106781186548,0.707106781186548,0.));
#3318=DIRECTION('center_axis',(0.,0.,1.));
#3319=DIRECTION('ref_axis',(0.707106781186547,-0.707106781186548,0.));
#3320=DIRECTION('',(1.,0.,0.));
#3321=DIRECTION('center_axis',(0.,0.,1.));
#3322=DIRECTION('ref_axis',(-0.707106781186548,-0.707106781186547,0.));
#3323=DIRECTION('',(0.,-1.,0.));
#3324=DIRECTION('',(-1.,0.,0.));
#3325=DIRECTION('',(0.,1.,0.));
#3326=DIRECTION('',(1.,0.,0.));
#3327=DIRECTION('center_axis',(0.,0.,1.));
#3328=DIRECTION('ref_axis',(-0.707106781186548,-0.707106781186547,0.));
#3329=DIRECTION('center_axis',(0.,0.,-1.));
#3330=DIRECTION('ref_axis',(-0.707106781186548,-0.707106781186547,0.));
#3331=DIRECTION('',(0.,0.,1.));
#3332=DIRECTION('',(0.,0.,1.));
#3333=DIRECTION('center_axis',(0.,0.,-1.));
#3334=DIRECTION('ref_axis',(0.707106781186548,0.707106781186548,0.));
#3335=DIRECTION('center_axis',(0.,0.,1.));
#3336=DIRECTION('ref_axis',(0.707106781186548,0.707106781186548,0.));
#3337=DIRECTION('',(0.,0.,-1.));
#3338=DIRECTION('center_axis',(0.,-1.,0.));
#3339=DIRECTION('ref_axis',(0.,0.,-1.));
#3340=DIRECTION('',(-1.,0.,0.));
#3341=DIRECTION('',(0.,0.,1.));
#3342=DIRECTION('center_axis',(0.,0.,1.));
#3343=DIRECTION('ref_axis',(-0.707106781186548,0.707106781186548,0.));
#3344=DIRECTION('center_axis',(0.,0.,1.));
#3345=DIRECTION('ref_axis',(-0.707106781186548,0.707106781186548,0.));
#3346=DIRECTION('',(0.,0.,1.));
#3347=DIRECTION('center_axis',(0.,0.,1.));
#3348=DIRECTION('ref_axis',(0.707106781186547,-0.707106781186548,0.));
#3349=DIRECTION('center_axis',(0.,0.,-1.));
#3350=DIRECTION('ref_axis',(0.707106781186547,-0.707106781186548,0.));
#3351=DIRECTION('',(0.,0.,-1.));
#3352=DIRECTION('center_axis',(0.,0.,1.));
#3353=DIRECTION('ref_axis',(-0.707106781186548,-0.707106781186547,0.));
#3354=DIRECTION('center_axis',(0.,0.,-1.));
#3355=DIRECTION('ref_axis',(-0.707106781186548,-0.707106781186547,0.));
#3356=DIRECTION('',(0.,0.,1.));
#3357=DIRECTION('center_axis',(0.,-1.,0.));
#3358=DIRECTION('ref_axis',(1.,0.,0.));
#3359=DIRECTION('',(1.,0.,0.));
#3360=DIRECTION('center_axis',(0.,-1.,0.));
#3361=DIRECTION('ref_axis',(0.,0.,-1.));
#3362=DIRECTION('center_axis',(0.,1.,0.));
#3363=DIRECTION('ref_axis',(0.,0.,1.));
#3364=DIRECTION('center_axis',(0.,-1.,0.));
#3365=DIRECTION('ref_axis',(-0.707106781186548,0.,0.707106781186547));
#3366=DIRECTION('',(1.,0.,0.));
#3367=DIRECTION('',(0.,0.,-1.));
#3368=DIRECTION('',(1.,0.,0.));
#3369=DIRECTION('center_axis',(0.,1.,0.));
#3370=DIRECTION('ref_axis',(-0.707106781186548,0.,0.707106781186547));
#3371=DIRECTION('center_axis',(0.,-1.,0.));
#3372=DIRECTION('ref_axis',(0.,0.,1.));
#3373=DIRECTION('center_axis',(0.,-1.,0.));
#3374=DIRECTION('ref_axis',(1.,0.,0.));
#3375=DIRECTION('',(1.,0.,0.));
#3376=DIRECTION('center_axis',(0.,-1.,0.));
#3377=DIRECTION('ref_axis',(0.,0.,-1.));
#3378=DIRECTION('center_axis',(0.,1.,0.));
#3379=DIRECTION('ref_axis',(0.,0.,-1.));
#3380=DIRECTION('',(1.,-2.46716233413259E-16,0.));
#3381=DIRECTION('',(0.,0.,1.));
#3382=DIRECTION('',(1.,0.,0.));
#3383=DIRECTION('center_axis',(0.,-1.,0.));
#3384=DIRECTION('ref_axis',(0.,0.,-1.));
#3385=DIRECTION('center_axis',(0.,1.,0.));
#3386=DIRECTION('ref_axis',(-0.707106781186548,0.,-0.707106781186547));
#3387=DIRECTION('center_axis',(0.,0.,1.));
#3388=DIRECTION('ref_axis',(0.707106781186547,-0.707106781186548,0.));
#3389=DIRECTION('center_axis',(0.,0.,-1.));
#3390=DIRECTION('ref_axis',(0.707106781186547,-0.707106781186548,0.));
#3391=DIRECTION('center_axis',(0.,0.,1.));
#3392=DIRECTION('ref_axis',(0.707106781186547,-0.707106781186548,0.));
#3393=DIRECTION('',(0.,0.,1.));
#3394=DIRECTION('center_axis',(0.,0.,1.));
#3395=DIRECTION('ref_axis',(1.,0.,0.));
#3396=DIRECTION('',(0.,1.,0.));
#3397=DIRECTION('center_axis',(0.,0.,-1.));
#3398=DIRECTION('ref_axis',(0.707106781186546,0.707106781186549,0.));
#3399=DIRECTION('',(-1.,0.,0.));
#3400=DIRECTION('',(0.,1.,0.));
#3401=DIRECTION('center_axis',(0.,0.,-1.));
#3402=DIRECTION('ref_axis',(-1.,0.,0.));
#3403=DIRECTION('center_axis',(0.,0.,-1.));
#3404=DIRECTION('ref_axis',(-1.,0.,0.));
#3405=DIRECTION('center_axis',(0.,0.,1.));
#3406=DIRECTION('ref_axis',(0.707106781186546,0.707106781186549,0.));
#3407=DIRECTION('',(0.,0.,-1.));
#3408=DIRECTION('center_axis',(0.,0.,1.));
#3409=DIRECTION('ref_axis',(0.707106781186546,0.707106781186549,0.));
#3410=DIRECTION('',(0.,0.,1.));
#3411=DIRECTION('center_axis',(0.,1.,0.));
#3412=DIRECTION('ref_axis',(0.,0.,1.));
#3413=DIRECTION('',(-1.,0.,0.));
#3414=DIRECTION('center_axis',(0.,1.,0.));
#3415=DIRECTION('ref_axis',(-0.707106781186548,0.,0.707106781186547));
#3416=DIRECTION('center_axis',(0.,-1.,0.));
#3417=DIRECTION('ref_axis',(0.,0.,1.));
#3418=DIRECTION('center_axis',(0.,-1.,0.));
#3419=DIRECTION('ref_axis',(-0.707106781186548,0.,-0.707106781186547));
#3420=DIRECTION('center_axis',(0.,1.,0.));
#3421=DIRECTION('ref_axis',(0.,0.,-1.));
#3422=DIRECTION('',(-1.,0.,0.));
#3423=DIRECTION('',(0.,0.,-1.));
#3424=DIRECTION('',(-1.,0.,0.));
#3425=DIRECTION('center_axis',(0.,-1.,0.));
#3426=DIRECTION('ref_axis',(0.,0.,-1.));
#3427=DIRECTION('center_axis',(0.,1.,0.));
#3428=DIRECTION('ref_axis',(-0.707106781186548,0.,-0.707106781186547));
#3429=DIRECTION('',(1.,0.,0.));
#3430=DIRECTION('center_axis',(0.,1.,0.));
#3431=DIRECTION('ref_axis',(0.,0.,1.));
#3432=DIRECTION('center_axis',(0.,-1.,0.));
#3433=DIRECTION('ref_axis',(-0.707106781186548,0.,0.707106781186547));
#3434=DIRECTION('center_axis',(0.,0.,1.));
#3435=DIRECTION('ref_axis',(-0.707106781186546,0.707106781186549,0.));
#3436=DIRECTION('center_axis',(0.,0.,-1.));
#3437=DIRECTION('ref_axis',(-0.707106781186546,0.707106781186549,0.));
#3438=DIRECTION('center_axis',(0.,0.,1.));
#3439=DIRECTION('ref_axis',(-0.707106781186546,0.707106781186549,0.));
#3440=DIRECTION('',(0.,0.,1.));
#3441=DIRECTION('center_axis',(-1.,0.,0.));
#3442=DIRECTION('ref_axis',(0.,0.,1.));
#3443=DIRECTION('',(0.,-1.,0.));
#3444=DIRECTION('',(0.,0.,-1.));
#3445=DIRECTION('',(0.,-1.,0.));
#3446=DIRECTION('center_axis',(0.,0.,1.));
#3447=DIRECTION('ref_axis',(1.,0.,0.));
#3448=DIRECTION('',(0.,1.,0.));
#3449=DIRECTION('center_axis',(0.,0.,1.));
#3450=DIRECTION('ref_axis',(-0.707106781186547,-0.707106781186548,0.));
#3451=DIRECTION('center_axis',(0.,0.,1.));
#3452=DIRECTION('ref_axis',(-1.,0.,0.));
#3453=DIRECTION('center_axis',(0.,0.,1.));
#3454=DIRECTION('ref_axis',(-1.,0.,0.));
#3455=DIRECTION('center_axis',(0.,0.,1.));
#3456=DIRECTION('ref_axis',(-0.707106781186547,-0.707106781186548,0.));
#3457=DIRECTION('center_axis',(0.,0.,-1.));
#3458=DIRECTION('ref_axis',(-0.707106781186547,-0.707106781186548,0.));
#3459=DIRECTION('center_axis',(0.,0.,-1.));
#3460=DIRECTION('ref_axis',(-1.,0.,0.));
#3461=DIRECTION('',(0.,0.,-1.));
#3462=DIRECTION('center_axis',(0.,0.,1.));
#3463=DIRECTION('ref_axis',(-1.,0.,0.));
#3464=DIRECTION('center_axis',(0.,0.,-1.));
#3465=DIRECTION('ref_axis',(-1.,0.,0.));
#3466=DIRECTION('center_axis',(0.,0.,-1.));
#3467=DIRECTION('ref_axis',(-1.,0.,0.));
#3468=DIRECTION('',(0.,0.,-1.));
#3469=DIRECTION('center_axis',(0.,0.,-1.));
#3470=DIRECTION('ref_axis',(-1.,0.,0.));
#3471=DIRECTION('',(0.,0.,-1.));
#3472=DIRECTION('center_axis',(0.,0.,1.));
#3473=DIRECTION('ref_axis',(-1.,0.,0.));
#3474=DIRECTION('center_axis',(0.,0.,-1.));
#3475=DIRECTION('ref_axis',(-1.,0.,0.));
#3476=DIRECTION('center_axis',(0.,0.,-1.));
#3477=DIRECTION('ref_axis',(-1.,0.,0.));
#3478=DIRECTION('',(0.,0.,-1.));
#3479=DIRECTION('center_axis',(0.,1.,0.));
#3480=DIRECTION('ref_axis',(0.,0.,-1.));
#3481=DIRECTION('',(0.,-1.,0.));
#3482=DIRECTION('',(0.,-1.,0.));
#3483=DIRECTION('center_axis',(0.,-1.,0.));
#3484=DIRECTION('ref_axis',(-0.707106781186548,0.,-0.707106781186547));
#3485=DIRECTION('',(0.,-1.,0.));
#3486=DIRECTION('',(0.,1.,0.));
#3487=DIRECTION('center_axis',(0.,1.,0.));
#3488=DIRECTION('ref_axis',(0.,0.,-1.));
#3489=DIRECTION('',(0.,-1.,0.));
#3490=DIRECTION('center_axis',(0.,1.,0.));
#3491=DIRECTION('ref_axis',(-0.707106781186548,0.,-0.707106781186547));
#3492=DIRECTION('center_axis',(0.,-1.,0.));
#3493=DIRECTION('ref_axis',(0.,0.,1.));
#3494=DIRECTION('',(0.,-1.,0.));
#3495=DIRECTION('center_axis',(0.,1.,0.));
#3496=DIRECTION('ref_axis',(-0.707106781186548,0.,0.707106781186547));
#3497=DIRECTION('',(0.,-1.,0.));
#3498=DIRECTION('center_axis',(0.,-1.,0.));
#3499=DIRECTION('ref_axis',(0.,0.,1.));
#3500=DIRECTION('',(0.,1.,0.));
#3501=DIRECTION('',(0.,-1.,0.));
#3502=DIRECTION('center_axis',(0.,0.,1.));
#3503=DIRECTION('ref_axis',(1.,0.,0.));
#3504=DIRECTION('center_axis',(0.,-1.,0.));
#3505=DIRECTION('ref_axis',(-0.707106781186548,0.,0.707106781186547));
#3506=DIRECTION('center_axis',(0.,0.,1.));
#3507=DIRECTION('ref_axis',(1.,0.,0.));
#3508=DIRECTION('',(0.,1.,0.));
#3509=DIRECTION('center_axis',(1.,0.,0.));
#3510=DIRECTION('ref_axis',(0.,0.,-1.));
#3511=DIRECTION('center_axis',(0.,0.,1.));
#3512=DIRECTION('ref_axis',(1.,0.,0.));
#3513=DIRECTION('axis',(0.,0.,1.));
#3514=DIRECTION('refdir',(1.,0.,0.));
#3515=DIRECTION('center_axis',(0.,0.,-1.));
#3516=DIRECTION('ref_axis',(-1.,0.,0.));
#3517=DIRECTION('',(0.,0.,-1.));
#3518=DIRECTION('center_axis',(0.,0.,-1.));
#3519=DIRECTION('ref_axis',(-1.,0.,0.));
#3520=DIRECTION('',(0.,0.,-1.));
#3521=DIRECTION('center_axis',(0.,0.,-1.));
#3522=DIRECTION('ref_axis',(-1.,0.,0.));
#3523=DIRECTION('center_axis',(0.,0.,-1.));
#3524=DIRECTION('ref_axis',(-1.,0.,0.));
#3525=DIRECTION('',(0.,0.,-1.));
#3526=DIRECTION('center_axis',(0.,0.,-1.));
#3527=DIRECTION('ref_axis',(-1.,0.,0.));
#3528=DIRECTION('',(0.,0.,-1.));
#3529=DIRECTION('center_axis',(0.,0.,-1.));
#3530=DIRECTION('ref_axis',(-1.,0.,0.));
#3531=DIRECTION('center_axis',(0.,0.,-1.));
#3532=DIRECTION('ref_axis',(-1.,0.,0.));
#3533=DIRECTION('',(0.,0.,-1.));
#3534=DIRECTION('center_axis',(0.,0.,-1.));
#3535=DIRECTION('ref_axis',(-1.,0.,0.));
#3536=DIRECTION('',(0.,0.,-1.));
#3537=DIRECTION('center_axis',(0.,0.,-1.));
#3538=DIRECTION('ref_axis',(-1.,0.,0.));
#3539=DIRECTION('center_axis',(0.,0.,-1.));
#3540=DIRECTION('ref_axis',(-1.,0.,0.));
#3541=DIRECTION('',(0.,0.,-1.));
#3542=DIRECTION('center_axis',(0.,0.,-1.));
#3543=DIRECTION('ref_axis',(-1.,0.,0.));
#3544=DIRECTION('',(0.,0.,-1.));
#3545=DIRECTION('center_axis',(0.,0.,-1.));
#3546=DIRECTION('ref_axis',(-1.,0.,0.));
#3547=DIRECTION('center_axis',(0.,0.,-1.));
#3548=DIRECTION('ref_axis',(-1.,0.,0.));
#3549=DIRECTION('center_axis',(0.,0.,1.));
#3550=DIRECTION('ref_axis',(-1.,0.,0.));
#3551=DIRECTION('',(0.,0.,1.));
#3552=DIRECTION('center_axis',(0.,0.,1.));
#3553=DIRECTION('ref_axis',(-1.,0.,0.));
#3554=DIRECTION('',(0.,0.,-1.));
#3555=DIRECTION('center_axis',(0.,0.,-1.));
#3556=DIRECTION('ref_axis',(-1.,0.,0.));
#3557=DIRECTION('center_axis',(0.,0.,1.));
#3558=DIRECTION('ref_axis',(-1.,0.,0.));
#3559=DIRECTION('',(0.,0.,1.));
#3560=DIRECTION('center_axis',(0.,0.,1.));
#3561=DIRECTION('ref_axis',(-1.,0.,0.));
#3562=DIRECTION('',(0.,0.,-1.));
#3563=DIRECTION('center_axis',(0.,0.,-1.));
#3564=DIRECTION('ref_axis',(-1.,0.,0.));
#3565=DIRECTION('center_axis',(0.,0.,1.));
#3566=DIRECTION('ref_axis',(-1.,0.,0.));
#3567=DIRECTION('',(0.,0.,1.));
#3568=DIRECTION('center_axis',(0.,0.,1.));
#3569=DIRECTION('ref_axis',(-1.,0.,0.));
#3570=DIRECTION('',(0.,0.,-1.));
#3571=DIRECTION('center_axis',(0.,0.,-1.));
#3572=DIRECTION('ref_axis',(1.,1.22464679914735E-16,0.));
#3573=DIRECTION('center_axis',(0.,0.,1.));
#3574=DIRECTION('ref_axis',(-1.,0.,0.));
#3575=DIRECTION('',(0.,0.,1.));
#3576=DIRECTION('center_axis',(0.,0.,1.));
#3577=DIRECTION('ref_axis',(-1.,0.,0.));
#3578=DIRECTION('',(0.,0.,-1.));
#3579=DIRECTION('center_axis',(0.,0.,-1.));
#3580=DIRECTION('ref_axis',(-1.,0.,0.));
#3581=DIRECTION('center_axis',(0.,0.,1.));
#3582=DIRECTION('ref_axis',(-1.,0.,0.));
#3583=DIRECTION('',(0.,0.,1.));
#3584=DIRECTION('center_axis',(0.,0.,1.));
#3585=DIRECTION('ref_axis',(-1.,0.,0.));
#3586=DIRECTION('',(0.,0.,-1.));
#3587=DIRECTION('center_axis',(0.,0.,-1.));
#3588=DIRECTION('ref_axis',(-1.,0.,0.));
#3589=DIRECTION('center_axis',(0.,0.,1.));
#3590=DIRECTION('ref_axis',(-1.,0.,0.));
#3591=DIRECTION('',(0.,0.,1.));
#3592=DIRECTION('center_axis',(0.,0.,1.));
#3593=DIRECTION('ref_axis',(-1.,0.,0.));
#3594=DIRECTION('',(0.,0.,-1.));
#3595=DIRECTION('center_axis',(0.,0.,-1.));
#3596=DIRECTION('ref_axis',(-1.,0.,0.));
#3597=DIRECTION('center_axis',(0.,0.,1.));
#3598=DIRECTION('ref_axis',(-1.,0.,0.));
#3599=DIRECTION('',(0.,0.,1.));
#3600=DIRECTION('center_axis',(0.,0.,1.));
#3601=DIRECTION('ref_axis',(-1.,0.,0.));
#3602=DIRECTION('',(0.,0.,-1.));
#3603=DIRECTION('center_axis',(0.,0.,-1.));
#3604=DIRECTION('ref_axis',(-1.,0.,0.));
#3605=DIRECTION('center_axis',(0.,0.,1.));
#3606=DIRECTION('ref_axis',(-1.,0.,0.));
#3607=DIRECTION('',(0.,0.,1.));
#3608=DIRECTION('center_axis',(0.,0.,1.));
#3609=DIRECTION('ref_axis',(-1.,0.,0.));
#3610=DIRECTION('',(0.,0.,-1.));
#3611=DIRECTION('center_axis',(-1.,0.,0.));
#3612=DIRECTION('ref_axis',(0.,-1.,0.));
#3613=DIRECTION('',(0.,1.,0.));
#3614=DIRECTION('',(0.,0.,1.));
#3615=DIRECTION('',(0.,-1.,0.));
#3616=DIRECTION('',(0.,0.,1.));
#3617=DIRECTION('',(0.,-1.,0.));
#3618=DIRECTION('center_axis',(-1.,0.,0.));
#3619=DIRECTION('ref_axis',(0.,-1.,0.));
#3620=DIRECTION('',(0.,-1.,0.));
#3621=DIRECTION('',(0.,0.,1.));
#3622=DIRECTION('',(0.,-1.,0.));
#3623=DIRECTION('',(0.,0.,-1.));
#3624=DIRECTION('',(0.,1.,0.));
#3625=DIRECTION('center_axis',(0.,-1.,0.));
#3626=DIRECTION('ref_axis',(1.,0.,0.));
#3627=DIRECTION('',(-1.,0.,0.));
#3628=DIRECTION('',(0.,0.,1.));
#3629=DIRECTION('',(1.,0.,0.));
#3630=DIRECTION('',(1.,0.,0.));
#3631=DIRECTION('center_axis',(0.,-1.,0.));
#3632=DIRECTION('ref_axis',(1.,0.,0.));
#3633=DIRECTION('',(-1.,0.,0.));
#3634=DIRECTION('',(0.,0.,1.));
#3635=DIRECTION('',(1.,0.,0.));
#3636=DIRECTION('',(0.,0.,-1.));
#3637=DIRECTION('',(-1.,0.,0.));
#3638=DIRECTION('',(1.,0.,0.));
#3639=DIRECTION('center_axis',(0.,-1.,0.));
#3640=DIRECTION('ref_axis',(1.,0.,0.));
#3641=DIRECTION('',(1.,0.,0.));
#3642=DIRECTION('',(0.,0.,1.));
#3643=DIRECTION('',(1.,0.,0.));
#3644=DIRECTION('',(0.,0.,-1.));
#3645=DIRECTION('',(-1.,0.,0.));
#3646=DIRECTION('center_axis',(0.,-1.,0.));
#3647=DIRECTION('ref_axis',(1.,0.,0.));
#3648=DIRECTION('',(0.,0.,1.));
#3649=DIRECTION('',(1.,0.,0.));
#3650=DIRECTION('',(0.,0.,1.));
#3651=DIRECTION('',(1.,0.,0.));
#3652=DIRECTION('center_axis',(0.,-1.,0.));
#3653=DIRECTION('ref_axis',(1.,0.,0.));
#3654=DIRECTION('',(1.,0.,0.));
#3655=DIRECTION('',(0.,0.,1.));
#3656=DIRECTION('',(1.,0.,0.));
#3657=DIRECTION('',(0.,0.,1.));
#3658=DIRECTION('center_axis',(0.,-1.,0.));
#3659=DIRECTION('ref_axis',(1.,0.,0.));
#3660=DIRECTION('',(0.,0.,1.));
#3661=DIRECTION('',(1.,0.,0.));
#3662=DIRECTION('',(0.,0.,1.));
#3663=DIRECTION('',(1.,0.,0.));
#3664=DIRECTION('center_axis',(0.,-1.,0.));
#3665=DIRECTION('ref_axis',(1.,0.,0.));
#3666=DIRECTION('',(1.,0.,0.));
#3667=DIRECTION('',(0.,0.,1.));
#3668=DIRECTION('',(-1.,0.,0.));
#3669=DIRECTION('',(0.,0.,1.));
#3670=DIRECTION('',(1.,0.,0.));
#3671=DIRECTION('',(0.,0.,1.));
#3672=DIRECTION('center_axis',(1.,0.,0.));
#3673=DIRECTION('ref_axis',(0.,1.,0.));
#3674=DIRECTION('',(0.,-1.,0.));
#3675=DIRECTION('',(0.,1.,0.));
#3676=DIRECTION('center_axis',(1.,0.,0.));
#3677=DIRECTION('ref_axis',(0.,1.,0.));
#3678=DIRECTION('',(0.,1.,0.));
#3679=DIRECTION('',(0.,0.,1.));
#3680=DIRECTION('',(0.,1.,0.));
#3681=DIRECTION('',(0.,0.,-1.));
#3682=DIRECTION('',(0.,-1.,0.));
#3683=DIRECTION('center_axis',(0.,0.,1.));
#3684=DIRECTION('ref_axis',(1.,0.,0.));
#3685=DIRECTION('',(-1.,0.,0.));
#3686=DIRECTION('center_axis',(0.,0.,1.));
#3687=DIRECTION('ref_axis',(-1.,0.,0.));
#3688=DIRECTION('center_axis',(0.,0.,1.));
#3689=DIRECTION('ref_axis',(-1.,0.,0.));
#3690=DIRECTION('center_axis',(0.,0.,1.));
#3691=DIRECTION('ref_axis',(-1.,0.,0.));
#3692=DIRECTION('center_axis',(0.,0.,1.));
#3693=DIRECTION('ref_axis',(-1.,0.,0.));
#3694=DIRECTION('center_axis',(0.,1.,0.));
#3695=DIRECTION('ref_axis',(1.,0.,0.));
#3696=DIRECTION('',(1.,0.,0.));
#3697=DIRECTION('',(0.,0.,-1.));
#3698=DIRECTION('',(1.,0.,0.));
#3699=DIRECTION('',(0.,0.,-1.));
#3700=DIRECTION('center_axis',(-1.,0.,0.));
#3701=DIRECTION('ref_axis',(0.,1.,0.));
#3702=DIRECTION('',(0.,1.,0.));
#3703=DIRECTION('',(0.,1.,0.));
#3704=DIRECTION('center_axis',(1.,0.,0.));
#3705=DIRECTION('ref_axis',(0.,-1.,0.));
#3706=DIRECTION('',(0.,-1.,0.));
#3707=DIRECTION('',(0.,-1.,0.));
#3708=DIRECTION('center_axis',(0.,0.,1.));
#3709=DIRECTION('ref_axis',(-1.,0.,0.));
#3710=DIRECTION('center_axis',(1.,0.,0.));
#3711=DIRECTION('ref_axis',(0.,-1.,0.));
#3712=DIRECTION('',(0.,-1.,0.));
#3713=DIRECTION('',(0.,0.,-1.));
#3714=DIRECTION('',(0.,-1.,0.));
#3715=DIRECTION('center_axis',(0.,1.,0.));
#3716=DIRECTION('ref_axis',(1.,0.,0.));
#3717=DIRECTION('',(1.,0.,0.));
#3718=DIRECTION('',(0.,0.,-1.));
#3719=DIRECTION('',(1.,0.,0.));
#3720=DIRECTION('center_axis',(-1.,0.,0.));
#3721=DIRECTION('ref_axis',(0.,1.,0.));
#3722=DIRECTION('',(0.,1.,0.));
#3723=DIRECTION('',(0.,1.,0.));
#3724=DIRECTION('center_axis',(0.,0.,1.));
#3725=DIRECTION('ref_axis',(-1.,0.,0.));
#3726=DIRECTION('center_axis',(1.,0.,0.));
#3727=DIRECTION('ref_axis',(0.,-1.,0.));
#3728=DIRECTION('',(0.,-1.,0.));
#3729=DIRECTION('',(0.,0.,-1.));
#3730=DIRECTION('',(0.,-1.,0.));
#3731=DIRECTION('center_axis',(0.,1.,0.));
#3732=DIRECTION('ref_axis',(1.,0.,0.));
#3733=DIRECTION('',(1.,0.,0.));
#3734=DIRECTION('',(0.,0.,-1.));
#3735=DIRECTION('',(1.,0.,0.));
#3736=DIRECTION('center_axis',(-1.,0.,0.));
#3737=DIRECTION('ref_axis',(0.,1.,0.));
#3738=DIRECTION('',(0.,1.,0.));
#3739=DIRECTION('',(0.,1.,0.));
#3740=DIRECTION('center_axis',(0.,0.,1.));
#3741=DIRECTION('ref_axis',(-1.,0.,0.));
#3742=DIRECTION('center_axis',(0.,1.,0.));
#3743=DIRECTION('ref_axis',(1.,0.,0.));
#3744=DIRECTION('',(1.,0.,0.));
#3745=DIRECTION('',(0.,0.,-1.));
#3746=DIRECTION('',(1.,0.,0.));
#3747=DIRECTION('',(0.,0.,-1.));
#3748=DIRECTION('center_axis',(-1.,0.,0.));
#3749=DIRECTION('ref_axis',(0.,1.,0.));
#3750=DIRECTION('',(0.,1.,0.));
#3751=DIRECTION('',(0.,1.,0.));
#3752=DIRECTION('center_axis',(1.,0.,0.));
#3753=DIRECTION('ref_axis',(0.,-1.,0.));
#3754=DIRECTION('',(0.,-1.,0.));
#3755=DIRECTION('',(0.,-1.,0.));
#3756=DIRECTION('center_axis',(0.,0.,1.));
#3757=DIRECTION('ref_axis',(-1.,0.,0.));
#3758=DIRECTION('center_axis',(0.,1.,0.));
#3759=DIRECTION('ref_axis',(1.,0.,0.));
#3760=DIRECTION('',(1.,0.,0.));
#3761=DIRECTION('',(0.,0.,-1.));
#3762=DIRECTION('',(1.,0.,0.));
#3763=DIRECTION('center_axis',(-1.,0.,0.));
#3764=DIRECTION('ref_axis',(0.,1.,0.));
#3765=DIRECTION('',(0.,1.,0.));
#3766=DIRECTION('',(0.,1.,0.));
#3767=DIRECTION('center_axis',(0.,0.,1.));
#3768=DIRECTION('ref_axis',(-1.,0.,0.));
#3769=DIRECTION('center_axis',(0.,1.,0.));
#3770=DIRECTION('ref_axis',(1.,0.,0.));
#3771=DIRECTION('',(1.,0.,0.));
#3772=DIRECTION('',(0.,0.,-1.));
#3773=DIRECTION('',(1.,0.,0.));
#3774=DIRECTION('',(0.,0.,-1.));
#3775=DIRECTION('center_axis',(-1.,0.,0.));
#3776=DIRECTION('ref_axis',(0.,1.,0.));
#3777=DIRECTION('',(0.,1.,0.));
#3778=DIRECTION('',(0.,1.,0.));
#3779=DIRECTION('center_axis',(1.,0.,0.));
#3780=DIRECTION('ref_axis',(0.,-1.,0.));
#3781=DIRECTION('',(0.,-1.,0.));
#3782=DIRECTION('',(0.,-1.,0.));
#3783=DIRECTION('center_axis',(0.,0.,1.));
#3784=DIRECTION('ref_axis',(-1.,0.,0.));
#3785=DIRECTION('center_axis',(0.,-1.,0.));
#3786=DIRECTION('ref_axis',(-1.,0.,0.));
#3787=DIRECTION('',(-1.,0.,0.));
#3788=DIRECTION('',(0.,0.,-1.));
#3789=DIRECTION('',(-1.,0.,0.));
#3790=DIRECTION('center_axis',(1.,0.,0.));
#3791=DIRECTION('ref_axis',(0.,-1.,0.));
#3792=DIRECTION('',(0.,-1.,0.));
#3793=DIRECTION('',(0.,0.,-1.));
#3794=DIRECTION('',(0.,-1.,0.));
#3795=DIRECTION('center_axis',(0.,1.,0.));
#3796=DIRECTION('ref_axis',(1.,0.,0.));
#3797=DIRECTION('',(1.,0.,0.));
#3798=DIRECTION('',(1.,0.,0.));
#3799=DIRECTION('center_axis',(0.,0.,1.));
#3800=DIRECTION('ref_axis',(-1.,0.,0.));
#3801=DIRECTION('center_axis',(0.,1.,0.));
#3802=DIRECTION('ref_axis',(1.,0.,0.));
#3803=DIRECTION('',(1.,0.,0.));
#3804=DIRECTION('',(0.,0.,-1.));
#3805=DIRECTION('',(1.,0.,0.));
#3806=DIRECTION('',(0.,0.,-1.));
#3807=DIRECTION('center_axis',(-1.,0.,0.));
#3808=DIRECTION('ref_axis',(0.,1.,0.));
#3809=DIRECTION('',(0.,1.,0.));
#3810=DIRECTION('',(0.,1.,0.));
#3811=DIRECTION('center_axis',(1.,0.,0.));
#3812=DIRECTION('ref_axis',(0.,-1.,0.));
#3813=DIRECTION('',(0.,-1.,0.));
#3814=DIRECTION('',(0.,-1.,0.));
#3815=DIRECTION('center_axis',(0.,0.,1.));
#3816=DIRECTION('ref_axis',(-1.,0.,0.));
#3817=DIRECTION('center_axis',(0.,0.,-1.));
#3818=DIRECTION('ref_axis',(-1.,0.,0.));
#3819=DIRECTION('center_axis',(0.,0.,-1.));
#3820=DIRECTION('ref_axis',(-1.,0.,0.));
#3821=DIRECTION('',(0.,0.,-1.));
#3822=DIRECTION('center_axis',(0.,0.,-1.));
#3823=DIRECTION('ref_axis',(-1.,0.,0.));
#3824=DIRECTION('center_axis',(0.,0.,1.));
#3825=DIRECTION('ref_axis',(-1.,0.,0.));
#3826=DIRECTION('center_axis',(0.,0.,1.));
#3827=DIRECTION('ref_axis',(-1.,0.,0.));
#3828=DIRECTION('center_axis',(0.,0.,-1.));
#3829=DIRECTION('ref_axis',(-1.,0.,0.));
#3830=DIRECTION('center_axis',(0.,0.,-1.));
#3831=DIRECTION('ref_axis',(-1.,0.,0.));
#3832=DIRECTION('center_axis',(0.,0.,-1.));
#3833=DIRECTION('ref_axis',(-1.,0.,0.));
#3834=DIRECTION('center_axis',(0.,0.,-1.));
#3835=DIRECTION('ref_axis',(-1.,0.,0.));
#3836=DIRECTION('center_axis',(0.,0.,-1.));
#3837=DIRECTION('ref_axis',(-1.,0.,0.));
#3838=DIRECTION('',(0.,0.,-1.));
#3839=DIRECTION('center_axis',(0.,0.,-1.));
#3840=DIRECTION('ref_axis',(-1.,0.,0.));
#3841=DIRECTION('center_axis',(0.,0.,1.));
#3842=DIRECTION('ref_axis',(-1.,0.,0.));
#3843=DIRECTION('center_axis',(0.,0.,1.));
#3844=DIRECTION('ref_axis',(-1.,0.,0.));
#3845=DIRECTION('center_axis',(0.,0.,-1.));
#3846=DIRECTION('ref_axis',(-1.,0.,0.));
#3847=DIRECTION('center_axis',(0.,0.,-1.));
#3848=DIRECTION('ref_axis',(-1.,0.,0.));
#3849=DIRECTION('center_axis',(0.,0.,-1.));
#3850=DIRECTION('ref_axis',(-1.,0.,0.));
#3851=DIRECTION('center_axis',(0.,0.,-1.));
#3852=DIRECTION('ref_axis',(-1.,0.,0.));
#3853=DIRECTION('center_axis',(0.,0.,-1.));
#3854=DIRECTION('ref_axis',(-1.,0.,0.));
#3855=DIRECTION('',(0.,0.,-1.));
#3856=DIRECTION('center_axis',(0.,0.,-1.));
#3857=DIRECTION('ref_axis',(-1.,0.,0.));
#3858=DIRECTION('center_axis',(0.,0.,1.));
#3859=DIRECTION('ref_axis',(-1.,0.,0.));
#3860=DIRECTION('center_axis',(0.,0.,1.));
#3861=DIRECTION('ref_axis',(-1.,0.,0.));
#3862=DIRECTION('center_axis',(0.,0.,-1.));
#3863=DIRECTION('ref_axis',(1.,-1.22464679914735E-16,0.));
#3864=DIRECTION('center_axis',(0.,0.,-1.));
#3865=DIRECTION('ref_axis',(-1.,0.,0.));
#3866=DIRECTION('center_axis',(0.,0.,-1.));
#3867=DIRECTION('ref_axis',(-1.,0.,0.));
#3868=DIRECTION('center_axis',(0.,0.,-1.));
#3869=DIRECTION('ref_axis',(-1.,0.,0.));
#3870=DIRECTION('center_axis',(0.,0.,-1.));
#3871=DIRECTION('ref_axis',(-1.,0.,0.));
#3872=DIRECTION('',(0.,0.,-1.));
#3873=DIRECTION('center_axis',(0.,0.,-1.));
#3874=DIRECTION('ref_axis',(-1.,0.,0.));
#3875=DIRECTION('center_axis',(0.,0.,1.));
#3876=DIRECTION('ref_axis',(-1.,0.,0.));
#3877=DIRECTION('center_axis',(0.,0.,1.));
#3878=DIRECTION('ref_axis',(-1.,0.,0.));
#3879=DIRECTION('center_axis',(1.,0.,0.));
#3880=DIRECTION('ref_axis',(0.,-1.,0.));
#3881=DIRECTION('',(0.,-1.,0.));
#3882=DIRECTION('',(0.,0.,-1.));
#3883=DIRECTION('',(0.,-1.,0.));
#3884=DIRECTION('',(0.,0.,-1.));
#3885=DIRECTION('center_axis',(0.,-1.,0.));
#3886=DIRECTION('ref_axis',(-1.,0.,0.));
#3887=DIRECTION('',(-1.,0.,0.));
#3888=DIRECTION('',(0.,0.,-1.));
#3889=DIRECTION('',(-1.,0.,0.));
#3890=DIRECTION('center_axis',(-1.,0.,0.));
#3891=DIRECTION('ref_axis',(0.,1.,0.));
#3892=DIRECTION('',(0.,1.,0.));
#3893=DIRECTION('',(0.,0.,-1.));
#3894=DIRECTION('',(0.,1.,0.));
#3895=DIRECTION('center_axis',(0.,1.,0.));
#3896=DIRECTION('ref_axis',(1.,0.,0.));
#3897=DIRECTION('',(1.,0.,0.));
#3898=DIRECTION('',(1.,0.,0.));
#3899=DIRECTION('center_axis',(0.,0.,-1.));
#3900=DIRECTION('ref_axis',(-1.,0.,0.));
#3901=DIRECTION('center_axis',(0.,0.,-1.));
#3902=DIRECTION('ref_axis',(-1.,0.,0.));
#3903=DIRECTION('center_axis',(0.,0.,-1.));
#3904=DIRECTION('ref_axis',(-1.,0.,0.));
#3905=DIRECTION('center_axis',(0.,0.,1.));
#3906=DIRECTION('ref_axis',(-1.,0.,0.));
#3907=DIRECTION('center_axis',(0.,0.,1.));
#3908=DIRECTION('ref_axis',(1.,0.,0.));
#3909=DIRECTION('center_axis',(0.,0.,1.));
#3910=DIRECTION('ref_axis',(1.,0.,0.));
#3911=DIRECTION('',(-1.,0.,0.));
#3912=DIRECTION('center_axis',(0.,0.,-1.));
#3913=DIRECTION('ref_axis',(-1.,0.,0.));
#3914=DIRECTION('',(0.,0.,-1.));
#3915=DIRECTION('center_axis',(0.,0.,-1.));
#3916=DIRECTION('ref_axis',(-1.,0.,0.));
#3917=DIRECTION('',(0.,0.,-1.));
#3918=DIRECTION('center_axis',(0.,0.,-1.));
#3919=DIRECTION('ref_axis',(-1.,0.,0.));
#3920=DIRECTION('',(0.,0.,-1.));
#3921=DIRECTION('center_axis',(0.,0.,-1.));
#3922=DIRECTION('ref_axis',(-1.,0.,0.));
#3923=DIRECTION('',(0.,0.,-1.));
#3924=DIRECTION('center_axis',(0.,1.,0.));
#3925=DIRECTION('ref_axis',(-1.,0.,0.));
#3926=DIRECTION('axis',(0.,0.,1.));
#3927=DIRECTION('refdir',(1.,0.,0.));
#3928=DIRECTION('axis',(0.,0.,1.));
#3929=DIRECTION('refdir',(1.,0.,0.));
#3930=DIRECTION('center_axis',(0.,0.,1.));
#3931=DIRECTION('ref_axis',(-1.,0.,0.));
#3932=DIRECTION('',(0.,0.,-1.));
#3933=DIRECTION('center_axis',(0.,0.,-1.));
#3934=DIRECTION('ref_axis',(-1.,0.,0.));
#3935=DIRECTION('center_axis',(0.,0.,1.));
#3936=DIRECTION('ref_axis',(-1.,0.,0.));
#3937=DIRECTION('',(0.,0.,-1.));
#3938=DIRECTION('center_axis',(0.,0.,1.));
#3939=DIRECTION('ref_axis',(-1.,0.,0.));
#3940=DIRECTION('',(0.,0.,-1.));
#3941=DIRECTION('center_axis',(0.,0.,1.));
#3942=DIRECTION('ref_axis',(-1.,0.,0.));
#3943=DIRECTION('',(0.,0.,-1.));
#3944=DIRECTION('center_axis',(0.,0.,1.));
#3945=DIRECTION('ref_axis',(-1.,0.,0.));
#3946=DIRECTION('',(0.,0.,-1.));
#3947=DIRECTION('center_axis',(0.,0.,1.));
#3948=DIRECTION('ref_axis',(-1.,0.,0.));
#3949=DIRECTION('',(0.,0.,-1.));
#3950=DIRECTION('center_axis',(0.,0.,1.));
#3951=DIRECTION('ref_axis',(-1.,0.,0.));
#3952=DIRECTION('',(0.,0.,-1.));
#3953=DIRECTION('center_axis',(0.,0.,1.));
#3954=DIRECTION('ref_axis',(-1.,0.,0.));
#3955=DIRECTION('',(0.,0.,-1.));
#3956=DIRECTION('center_axis',(0.,0.,1.));
#3957=DIRECTION('ref_axis',(-1.,0.,0.));
#3958=DIRECTION('',(0.,0.,-1.));
#3959=DIRECTION('center_axis',(0.,0.,1.));
#3960=DIRECTION('ref_axis',(-1.,0.,0.));
#3961=DIRECTION('',(0.,0.,-1.));
#3962=DIRECTION('center_axis',(0.,0.,1.));
#3963=DIRECTION('ref_axis',(0.457219061983427,0.889354107967684,0.));
#3964=DIRECTION('',(0.,0.,1.));
#3965=DIRECTION('center_axis',(0.,0.,1.));
#3966=DIRECTION('ref_axis',(-1.,-4.69478613254887E-14,0.));
#3967=DIRECTION('center_axis',(0.,0.,1.));
#3968=DIRECTION('ref_axis',(-1.,-4.69478613254887E-14,0.));
#3969=DIRECTION('',(0.,0.,1.));
#3970=DIRECTION('center_axis',(0.,0.,1.));
#3971=DIRECTION('ref_axis',(-1.,-4.69478613254887E-14,0.));
#3972=DIRECTION('',(0.,0.,1.));
#3973=DIRECTION('center_axis',(0.,0.,1.));
#3974=DIRECTION('ref_axis',(-1.,-4.69478613254887E-14,0.));
#3975=DIRECTION('',(0.,0.,1.));
#3976=DIRECTION('center_axis',(0.,0.,1.));
#3977=DIRECTION('ref_axis',(-1.,-4.69478613254887E-14,0.));
#3978=DIRECTION('',(0.,0.,1.));
#3979=DIRECTION('center_axis',(0.,0.,1.));
#3980=DIRECTION('ref_axis',(-1.,-4.69478613254887E-14,0.));
#3981=DIRECTION('',(0.,0.,1.));
#3982=DIRECTION('center_axis',(0.,0.,1.));
#3983=DIRECTION('ref_axis',(-1.,-4.69478613254887E-14,0.));
#3984=DIRECTION('',(0.,0.,1.));
#3985=DIRECTION('center_axis',(0.,0.,1.));
#3986=DIRECTION('ref_axis',(-1.,-4.69478613254887E-14,0.));
#3987=DIRECTION('',(0.,0.,1.));
#3988=DIRECTION('center_axis',(0.,0.,1.));
#3989=DIRECTION('ref_axis',(-1.,-4.69478613254887E-14,0.));
#3990=DIRECTION('',(0.,0.,1.));
#3991=DIRECTION('center_axis',(0.,0.,1.));
#3992=DIRECTION('ref_axis',(-1.,-4.69478613254887E-14,0.));
#3993=DIRECTION('',(0.,0.,1.));
#3994=DIRECTION('center_axis',(0.,0.,1.));
#3995=DIRECTION('ref_axis',(-1.,-4.69478613254887E-14,0.));
#3996=DIRECTION('center_axis',(0.,0.,-1.));
#3997=DIRECTION('ref_axis',(-1.,-4.69478613254887E-14,0.));
#3998=DIRECTION('center_axis',(0.,0.,1.));
#3999=DIRECTION('ref_axis',(-1.,0.,0.));
#4000=DIRECTION('center_axis',(0.,0.,-1.));
#4001=DIRECTION('ref_axis',(-1.,0.,0.));
#4002=DIRECTION('center_axis',(0.,0.,1.));
#4003=DIRECTION('ref_axis',(-1.,0.,0.));
#4004=DIRECTION('center_axis',(0.,0.,1.));
#4005=DIRECTION('ref_axis',(-1.,0.,0.));
#4006=DIRECTION('center_axis',(0.,0.,1.));
#4007=DIRECTION('ref_axis',(-1.,0.,0.));
#4008=DIRECTION('',(0.,0.,-1.));
#4009=DIRECTION('center_axis',(0.,0.,-1.));
#4010=DIRECTION('ref_axis',(-1.,0.,0.));
#4011=DIRECTION('center_axis',(0.,0.,1.));
#4012=DIRECTION('ref_axis',(-1.,0.,0.));
#4013=DIRECTION('center_axis',(-1.,0.,0.));
#4014=DIRECTION('ref_axis',(0.,-1.,0.));
#4015=DIRECTION('',(0.,-1.,0.));
#4016=DIRECTION('',(0.,0.,1.));
#4017=DIRECTION('',(0.,-1.,0.));
#4018=DIRECTION('',(0.,0.,1.));
#4019=DIRECTION('center_axis',(0.,1.,0.));
#4020=DIRECTION('ref_axis',(-1.,0.,0.));
#4021=DIRECTION('',(-1.,0.,0.));
#4022=DIRECTION('',(0.,0.,1.));
#4023=DIRECTION('',(-1.,0.,0.));
#4024=DIRECTION('center_axis',(1.,0.,0.));
#4025=DIRECTION('ref_axis',(0.,1.,0.));
#4026=DIRECTION('',(0.,1.,0.));
#4027=DIRECTION('',(0.,0.,1.));
#4028=DIRECTION('',(0.,1.,0.));
#4029=DIRECTION('center_axis',(0.,-1.,0.));
#4030=DIRECTION('ref_axis',(1.,0.,0.));
#4031=DIRECTION('',(1.,0.,0.));
#4032=DIRECTION('',(1.,0.,0.));
#4033=DIRECTION('center_axis',(0.,0.,1.));
#4034=DIRECTION('ref_axis',(1.,0.,0.));
#4035=DIRECTION('center_axis',(0.,0.,1.));
#4036=DIRECTION('ref_axis',(1.,0.,0.));
#4037=DIRECTION('center_axis',(0.,0.,1.));
#4038=DIRECTION('ref_axis',(1.,0.,0.));
#4039=DIRECTION('',(0.,0.,-1.));
#4040=DIRECTION('center_axis',(0.,0.,-1.));
#4041=DIRECTION('ref_axis',(1.,0.,0.));
#4042=DIRECTION('center_axis',(0.,0.,-1.));
#4043=DIRECTION('ref_axis',(1.,0.,0.));
#4044=DIRECTION('center_axis',(0.,0.,-1.));
#4045=DIRECTION('ref_axis',(1.,0.,0.));
#4046=DIRECTION('center_axis',(-1.,0.,0.));
#4047=DIRECTION('ref_axis',(0.,-1.,0.));
#4048=DIRECTION('',(0.,1.,0.));
#4049=DIRECTION('',(0.,0.,1.));
#4050=DIRECTION('',(0.,-1.,0.));
#4051=DIRECTION('',(0.,0.,1.));
#4052=DIRECTION('center_axis',(0.,1.,0.));
#4053=DIRECTION('ref_axis',(-1.,0.,0.));
#4054=DIRECTION('',(1.,0.,0.));
#4055=DIRECTION('',(-1.,0.,0.));
#4056=DIRECTION('',(0.,0.,1.));
#4057=DIRECTION('center_axis',(1.,0.,0.));
#4058=DIRECTION('ref_axis',(0.,1.,0.));
#4059=DIRECTION('',(0.,-1.,0.));
#4060=DIRECTION('',(0.,1.,0.));
#4061=DIRECTION('',(0.,0.,1.));
#4062=DIRECTION('center_axis',(0.,-1.,0.));
#4063=DIRECTION('ref_axis',(1.,0.,0.));
#4064=DIRECTION('',(-1.,0.,0.));
#4065=DIRECTION('',(1.,0.,0.));
#4066=DIRECTION('center_axis',(0.,0.,1.));
#4067=DIRECTION('ref_axis',(1.,0.,0.));
#4068=DIRECTION('center_axis',(0.,0.,1.));
#4069=DIRECTION('ref_axis',(-1.,0.,0.));
#4070=DIRECTION('',(0.,0.,1.));
#4071=DIRECTION('',(1.,0.,0.));
#4072=DIRECTION('',(0.,0.,1.));
#4073=DIRECTION('',(1.,0.,0.));
#4074=DIRECTION('',(0.,0.,1.));
#4075=DIRECTION('',(1.,0.,0.));
#4076=DIRECTION('',(0.,0.,1.));
#4077=DIRECTION('',(1.,0.,0.));
#4078=CARTESIAN_POINT('',(0.,0.,0.));
#4079=CARTESIAN_POINT('',(0.,0.,0.));
#4080=CARTESIAN_POINT('Origin',(7.00000009685755,-3.5,-0.375));
#4081=CARTESIAN_POINT('',(6.52020420719486,-3.35930208152646,2.08166817117217E-16));
#4082=CARTESIAN_POINT('',(6.50000009685755,-3.5,-2.08166817117217E-16));
#4083=CARTESIAN_POINT('Origin',(7.00000009685755,-3.5,2.08166817117217E-16));
#4084=CARTESIAN_POINT('',(6.50000009685755,-3.5,-0.5));
#4085=CARTESIAN_POINT('',(6.50000009685755,-3.5,-0.375));
#4086=CARTESIAN_POINT('',(7.00000009685755,-3.,-0.5));
#4087=CARTESIAN_POINT('Origin',(7.00000009685755,-3.5,-0.5));
#4088=CARTESIAN_POINT('',(7.00000009685755,-3.,0.35930208152646));
#4089=CARTESIAN_POINT('',(7.00000009685755,-3.,-0.375));
#4090=CARTESIAN_POINT('Ctrl Pts',(7.00000009685755,-3.,0.359302081526468));
#4091=CARTESIAN_POINT('Ctrl Pts',(6.99128769482054,-3.,0.329591800579898));
#4092=CARTESIAN_POINT('Ctrl Pts',(6.97975896419082,-3.00021129666303,0.300581433489303));
#4093=CARTESIAN_POINT('Ctrl Pts',(6.94774423113589,-3.00241238602887,0.237751096523769));
#4094=CARTESIAN_POINT('Ctrl Pts',(6.92558813809268,-3.00489359163638,0.204766701416443));
#4095=CARTESIAN_POINT('Ctrl Pts',(6.8752943827725,-3.01513075936533,0.145865041042001));
#4096=CARTESIAN_POINT('Ctrl Pts',(6.84715147716598,-3.02289738132662,0.119954106302741));
#4097=CARTESIAN_POINT('Ctrl Pts',(6.79201731795024,-3.04446415985512,0.0791061110004162));
#4098=CARTESIAN_POINT('Ctrl Pts',(6.76278894461552,-3.05855314929413,0.0616422808742701));
#4099=CARTESIAN_POINT('Ctrl Pts',(6.70548678773053,-3.09452944199247,0.0345161631963375));
#4100=CARTESIAN_POINT('Ctrl Pts',(6.67750402544208,-3.11647833591349,0.0247435079847887));
#4101=CARTESIAN_POINT('Ctrl Pts',(6.60777028345913,-3.18344895942976,0.00542953317741979));
#4102=CARTESIAN_POINT('Ctrl Pts',(6.56729364389673,-3.24028895116449,0.00149276641723968));
#4103=CARTESIAN_POINT('Ctrl Pts',(6.53252952039767,-3.32148784079013,9.05854988960477E-5));
#4104=CARTESIAN_POINT('Ctrl Pts',(6.52578793123726,-3.34026094805683,2.08850626094797E-16));
#4105=CARTESIAN_POINT('Ctrl Pts',(6.52020420719486,-3.35930208152647,2.08166817117212E-16));
#4106=CARTESIAN_POINT('Origin',(6.50000009685755,-4.50000006705523,-0.5));
#4107=CARTESIAN_POINT('',(6.50000009685755,-4.00000006705523,-2.08166817117217E-16));
#4108=CARTESIAN_POINT('',(6.50000009685755,-1.60999993294477,-2.08166817117217E-16));
#4109=CARTESIAN_POINT('',(6.50000009685755,-4.00000006705523,-0.5));
#4110=CARTESIAN_POINT('',(6.50000009685755,-4.00000006705523,-0.5));
#4111=CARTESIAN_POINT('',(6.50000009685755,-1.60999993294477,-0.5));
#4112=CARTESIAN_POINT('Origin',(-7.00000009685755,-3.5,-0.375));
#4113=CARTESIAN_POINT('',(-7.00000009685755,-3.,0.440697867658881));
#4114=CARTESIAN_POINT('',(-6.98989805215394,-3.00010206172379,0.399999996517671));
#4115=CARTESIAN_POINT('Ctrl Pts',(-6.9898980521541,-3.00010206172379,0.399999996518468));
#4116=CARTESIAN_POINT('Ctrl Pts',(-6.99268520019211,-3.00004573843873,0.413654178075089));
#4117=CARTESIAN_POINT('Ctrl Pts',(-6.99605739979909,-3.,0.427252817402892));
#4118=CARTESIAN_POINT('Ctrl Pts',(-7.00000009685755,-3.,0.440697867658873));
#4119=CARTESIAN_POINT('',(-7.,-3.,-0.5));
#4120=CARTESIAN_POINT('',(-7.00000009685755,-3.,-0.375));
#4121=CARTESIAN_POINT('',(-6.50000009685755,-3.5,-0.5));
#4122=CARTESIAN_POINT('Origin',(-7.00000009685755,-3.5,-0.5));
#4123=CARTESIAN_POINT('',(-6.50000009685755,-3.5,-2.08166817117217E-16));
#4124=CARTESIAN_POINT('',(-6.50000009685755,-3.5,-0.375));
#4125=CARTESIAN_POINT('Ctrl Pts',(-6.50000009685755,-3.5,2.77555756156289E-16));
#4126=CARTESIAN_POINT('Ctrl Pts',(-6.50000009685755,-3.4367711414559,2.77555756090912E-16));
#4127=CARTESIAN_POINT('Ctrl Pts',(-6.51275251748774,-3.36941708202297,-0.000500688127937629));
#4128=CARTESIAN_POINT('Ctrl Pts',(-6.56412000381918,-3.24608935439722,0.003459742357983));
#4129=CARTESIAN_POINT('Ctrl Pts',(-6.60275047767882,-3.19014283734105,0.0085420783433481));
#4130=CARTESIAN_POINT('Ctrl Pts',(-6.66929066772742,-3.12360264828399,0.0289251442283471));
#4131=CARTESIAN_POINT('Ctrl Pts',(-6.69613180860081,-3.10156042788815,0.0390458484644514));
#4132=CARTESIAN_POINT('Ctrl Pts',(-6.75116042308449,-3.06506456126205,0.0665661786184204));
#4133=CARTESIAN_POINT('Ctrl Pts',(-6.77925670995101,-3.05055340379602,0.0840716626650253));
#4134=CARTESIAN_POINT('Ctrl Pts',(-6.832368189366,-3.02793790367308,0.124768705354902));
#4135=CARTESIAN_POINT('Ctrl Pts',(-6.85959159258548,-3.01947581073257,0.150514462999524));
#4136=CARTESIAN_POINT('Ctrl Pts',(-6.90829354249551,-3.00783578905275,0.208897728435588));
#4137=CARTESIAN_POINT('Ctrl Pts',(-6.92977686972115,-3.00464623964354,0.241528930727662));
#4138=CARTESIAN_POINT('Ctrl Pts',(-6.96673688875432,-3.00072058217689,0.315429054353081));
#4139=CARTESIAN_POINT('Ctrl Pts',(-6.98119821659566,-3.00027786986581,0.357379682136368));
#4140=CARTESIAN_POINT('Ctrl Pts',(-6.98989805215373,-3.00010206172379,0.399999996516636));
#4141=CARTESIAN_POINT('Origin',(-6.50000009685755,-3.,-0.5));
#4142=CARTESIAN_POINT('',(-6.50000009685755,-4.00000006705523,-0.5));
#4143=CARTESIAN_POINT('',(-6.50000009685755,-1.60999993294477,-0.5));
#4144=CARTESIAN_POINT('',(-6.50000009685755,-4.00000006705523,-2.08166817117217E-16));
#4145=CARTESIAN_POINT('',(-6.50000009685755,-4.00000006705523,-0.5));
#4146=CARTESIAN_POINT('',(-6.50000009685755,-1.60999993294477,-2.08166817117217E-16));
#4147=CARTESIAN_POINT('Origin',(6.00000009685755,-4.00000006705523,-0.5));
#4148=CARTESIAN_POINT('',(6.00000009685755,-4.50000006705523,-2.08166817117217E-16));
#4149=CARTESIAN_POINT('Origin',(6.00000009685755,-4.00000006705523,2.08166817117217E-16));
#4150=CARTESIAN_POINT('',(6.00000009685755,-4.50000006705523,-0.5));
#4151=CARTESIAN_POINT('',(6.00000009685755,-4.50000006705523,-0.5));
#4152=CARTESIAN_POINT('Origin',(6.00000009685755,-4.00000006705523,-0.5));
#4153=CARTESIAN_POINT('Origin',(11.5,0.,-0.5));
#4154=CARTESIAN_POINT('',(3.49999990314245,-4.50000006705523,-0.5));
#4155=CARTESIAN_POINT('',(6.50000009685755,-4.50000006705523,-0.5));
#4156=CARTESIAN_POINT('',(2.99999990314245,-4.,-0.5));
#4157=CARTESIAN_POINT('Origin',(3.49999990314245,-4.00000006705523,-0.5));
#4158=CARTESIAN_POINT('',(2.49999990314245,-3.5,-0.5));
#4159=CARTESIAN_POINT('Origin',(2.49999990314245,-4.,-0.5));
#4160=CARTESIAN_POINT('',(-2.49999990314245,-3.5,-0.5));
#4161=CARTESIAN_POINT('',(-11.5,-3.5,-0.5));
#4162=CARTESIAN_POINT('',(-2.99999990314245,-4.00000006705523,-0.5));
#4163=CARTESIAN_POINT('Origin',(-2.49999990314245,-4.,-0.5));
#4164=CARTESIAN_POINT('',(-3.49999990314245,-4.50000006705523,-0.5));
#4165=CARTESIAN_POINT('Origin',(-3.49999990314245,-4.00000006705523,-0.5));
#4166=CARTESIAN_POINT('',(-6.00000009685755,-4.50000006705523,-0.5));
#4167=CARTESIAN_POINT('',(-6.50000009685755,-4.50000006705523,-0.5));
#4168=CARTESIAN_POINT('Origin',(-6.00000009685755,-4.00000006705523,-0.5));
#4169=CARTESIAN_POINT('',(-7.,9.145,-0.5));
#4170=CARTESIAN_POINT('',(-7.,-1.5,-0.5));
#4171=CARTESIAN_POINT('',(7.02020410288673,9.145,-0.5));
#4172=CARTESIAN_POINT('',(-11.5,9.145,-0.5));
#4173=CARTESIAN_POINT('',(7.02020410288673,-3.,-0.5));
#4174=CARTESIAN_POINT('',(7.02020410288673,6.10875,-0.5));
#4175=CARTESIAN_POINT('',(-11.5,-3.,-0.5));
#4176=CARTESIAN_POINT('Origin',(3.49999990314245,-4.00000006705523,-0.5));
#4177=CARTESIAN_POINT('',(3.49999990314245,-4.50000006705523,-2.08166817117217E-16));
#4178=CARTESIAN_POINT('',(2.99999990314245,-4.,-2.08166817117217E-16));
#4179=CARTESIAN_POINT('Origin',(3.49999990314245,-4.00000006705523,2.08166817117217E-16));
#4180=CARTESIAN_POINT('',(2.99999990314245,-4.,-0.375));
#4181=CARTESIAN_POINT('',(3.49999990314245,-4.50000006705523,-0.5));
#4182=CARTESIAN_POINT('Origin',(2.49999990314245,-4.,-0.375));
#4183=CARTESIAN_POINT('',(2.49999990314245,-3.5,2.08166817117217E-16));
#4184=CARTESIAN_POINT('Origin',(2.49999990314245,-4.,2.08166817117217E-16));
#4185=CARTESIAN_POINT('',(2.49999990314245,-3.5,-0.375));
#4186=CARTESIAN_POINT('Origin',(0.,-3.5,-0.25));
#4187=CARTESIAN_POINT('',(-2.49999990314245,-3.5,2.08166817117217E-16));
#4188=CARTESIAN_POINT('',(11.5,-3.5,2.08166817117217E-16));
#4189=CARTESIAN_POINT('',(-2.49999990314245,-3.5,-0.375));
#4190=CARTESIAN_POINT('Origin',(-2.49999990314245,-4.,-0.375));
#4191=CARTESIAN_POINT('',(-2.99999990314245,-4.00000006705523,-2.08166817117217E-16));
#4192=CARTESIAN_POINT('Origin',(-2.49999990314245,-4.,2.08166817117217E-16));
#4193=CARTESIAN_POINT('',(-2.99999990314245,-4.00000006705523,-0.5));
#4194=CARTESIAN_POINT('Origin',(-3.49999990314245,-4.00000006705523,-0.5));
#4195=CARTESIAN_POINT('',(-3.49999990314245,-4.50000006705523,-2.08166817117217E-16));
#4196=CARTESIAN_POINT('Origin',(-3.49999990314245,-4.00000006705523,2.08166817117217E-16));
#4197=CARTESIAN_POINT('',(-3.49999990314245,-4.50000006705523,-0.5));
#4198=CARTESIAN_POINT('Origin',(-6.00000009685755,-4.00000006705523,-0.5));
#4199=CARTESIAN_POINT('',(-6.00000009685755,-4.50000006705523,-2.08166817117217E-16));
#4200=CARTESIAN_POINT('Origin',(-6.00000009685755,-4.00000006705523,2.08166817117217E-16));
#4201=CARTESIAN_POINT('',(-6.00000009685755,-4.50000006705523,-0.5));
#4202=CARTESIAN_POINT('Origin',(2.99999990314245,-4.50000006705523,-0.5));
#4203=CARTESIAN_POINT('',(6.50000009685755,-4.50000006705523,-2.08166817117217E-16));
#4204=CARTESIAN_POINT('Origin',(0.,-3.,-0.25));
#4205=CARTESIAN_POINT('',(7.51010205144336,-3.,-0.1));
#4206=CARTESIAN_POINT('Origin',(7.02020410288673,-3.,-2.08166817117217E-16));
#4207=CARTESIAN_POINT('',(8.,-3.,0.3));
#4208=CARTESIAN_POINT('Origin',(8.,-3.,-0.2));
#4209=CARTESIAN_POINT('',(11.,-3.,0.3));
#4210=CARTESIAN_POINT('',(3.9,-3.,0.3));
#4211=CARTESIAN_POINT('',(11.,-3.00000004470348,0.8));
#4212=CARTESIAN_POINT('',(11.,-3.,-0.125));
#4213=CARTESIAN_POINT('',(7.50000010430813,-3.00000004470348,0.8));
#4214=CARTESIAN_POINT('',(7.00000010430813,-3.00000004470348,0.8));
#4215=CARTESIAN_POINT('',(7.01010215575149,-3.,0.4));
#4216=CARTESIAN_POINT('Origin',(7.50000010430813,-3.,0.3));
#4217=CARTESIAN_POINT('Origin',(6.52020420719486,-3.,0.5));
#4218=CARTESIAN_POINT('Origin',(-6.50000009685755,-4.50000006705523,-0.5));
#4219=CARTESIAN_POINT('',(-6.50000009685755,-4.50000006705523,-2.08166817117217E-16));
#4220=CARTESIAN_POINT('Origin',(0.,-3.,-0.25));
#4221=CARTESIAN_POINT('',(-7.4797960014214,-3.00000004470348,0.8));
#4222=CARTESIAN_POINT('Origin',(-7.4797960014214,-3.,0.3));
#4223=CARTESIAN_POINT('',(-11.,-3.00000004470348,0.8));
#4224=CARTESIAN_POINT('',(-7.00000010430813,-3.00000004470348,0.8));
#4225=CARTESIAN_POINT('',(-11.,-3.,0.3));
#4226=CARTESIAN_POINT('',(-11.,-3.,-0.375));
#4227=CARTESIAN_POINT('',(-7.97979589711327,-3.,0.3));
#4228=CARTESIAN_POINT('',(-3.9,-3.,0.3));
#4229=CARTESIAN_POINT('',(-7.48989794855664,-3.,-0.1));
#4230=CARTESIAN_POINT('Origin',(-7.97979589711327,-3.,-0.2));
#4231=CARTESIAN_POINT('Origin',(-7.,-3.,-2.08166817117217E-16));
#4232=CARTESIAN_POINT('Origin',(11.,-2.5,-0.125));
#4233=CARTESIAN_POINT('',(11.5,-2.5,0.8));
#4234=CARTESIAN_POINT('Origin',(11.,-2.5,0.8));
#4235=CARTESIAN_POINT('',(11.5,-2.5,0.3));
#4236=CARTESIAN_POINT('Origin',(11.,-2.5,0.3));
#4237=CARTESIAN_POINT('',(11.5,-2.5,-0.125));
#4238=CARTESIAN_POINT('Origin',(9.25000005215406,3.07249997764826,0.8));
#4239=CARTESIAN_POINT('',(11.5,8.645,0.8));
#4240=CARTESIAN_POINT('',(11.5,-3.00000004470348,0.8));
#4241=CARTESIAN_POINT('',(11.,9.145,0.8));
#4242=CARTESIAN_POINT('Origin',(11.,8.645,0.8));
#4243=CARTESIAN_POINT('',(7.50000010430813,9.145,0.8));
#4244=CARTESIAN_POINT('',(11.5,9.145,0.8));
#4245=CARTESIAN_POINT('',(7.50000010430813,6.10874998882413,0.8));
#4246=CARTESIAN_POINT('',(10.4898980007107,1.695,0.8));
#4247=CARTESIAN_POINT('Origin',(9.4898980007107,1.695,0.8));
#4248=CARTESIAN_POINT('',(10.4898980007107,5.785,0.8));
#4249=CARTESIAN_POINT('Origin',(9.4898980007107,5.785,0.8));
#4250=CARTESIAN_POINT('Origin',(11.,8.645,-0.125));
#4251=CARTESIAN_POINT('',(11.5,8.645,0.3));
#4252=CARTESIAN_POINT('',(11.5,8.645,-0.125));
#4253=CARTESIAN_POINT('',(11.,9.145,0.3));
#4254=CARTESIAN_POINT('Origin',(11.,8.645,0.3));
#4255=CARTESIAN_POINT('',(11.,9.145,-0.125));
#4256=CARTESIAN_POINT('Origin',(0.,9.145,-0.25));
#4257=CARTESIAN_POINT('',(8.,9.145,0.3));
#4258=CARTESIAN_POINT('',(3.9,9.145,0.3));
#4259=CARTESIAN_POINT('',(7.51010205144336,9.145,-0.1));
#4260=CARTESIAN_POINT('Origin',(8.,9.145,-0.2));
#4261=CARTESIAN_POINT('Origin',(7.02020410288673,9.145,-2.08166817117217E-16));
#4262=CARTESIAN_POINT('',(-7.48989794855664,9.145,-0.1));
#4263=CARTESIAN_POINT('Origin',(-7.,9.145,-2.08166817117217E-16));
#4264=CARTESIAN_POINT('',(-7.97979589711327,9.145,0.3));
#4265=CARTESIAN_POINT('Origin',(-7.97979589711327,9.145,-0.2));
#4266=CARTESIAN_POINT('',(-11.,9.145,0.3));
#4267=CARTESIAN_POINT('',(-3.9,9.145,0.3));
#4268=CARTESIAN_POINT('',(-11.,9.145,0.8));
#4269=CARTESIAN_POINT('',(-11.,9.145,-0.375));
#4270=CARTESIAN_POINT('',(-7.4797960014214,9.145,0.8));
#4271=CARTESIAN_POINT('',(-11.5,9.145,0.8));
#4272=CARTESIAN_POINT('',(-6.98989805286476,9.145,0.4));
#4273=CARTESIAN_POINT('Origin',(-7.4797960014214,9.145,0.3));
#4274=CARTESIAN_POINT('',(-6.50000010430813,9.145,2.08166817117217E-16));
#4275=CARTESIAN_POINT('Origin',(-6.50000010430813,9.145,0.5));
#4276=CARTESIAN_POINT('',(6.52020420719486,9.145,2.08166817117217E-16));
#4277=CARTESIAN_POINT('',(11.5,9.145,2.08166817117217E-16));
#4278=CARTESIAN_POINT('',(7.01010215575149,9.145,0.4));
#4279=CARTESIAN_POINT('Origin',(6.52020420719486,9.145,0.5));
#4280=CARTESIAN_POINT('Origin',(7.50000010430813,9.145,0.3));
#4281=CARTESIAN_POINT('Origin',(-11.,8.645,-0.375));
#4282=CARTESIAN_POINT('',(-11.5,8.645,0.8));
#4283=CARTESIAN_POINT('Origin',(-11.,8.645,0.8));
#4284=CARTESIAN_POINT('',(-11.5,8.645,0.3));
#4285=CARTESIAN_POINT('Origin',(-11.,8.645,0.3));
#4286=CARTESIAN_POINT('',(-11.5,8.645,-0.375));
#4287=CARTESIAN_POINT('Origin',(-11.5,0.,-0.5));
#4288=CARTESIAN_POINT('',(-11.5,-2.5,0.3));
#4289=CARTESIAN_POINT('',(-11.5,1.53625,0.3));
#4290=CARTESIAN_POINT('',(-11.5,-2.5,0.8));
#4291=CARTESIAN_POINT('',(-11.5,-2.5,-0.375));
#4292=CARTESIAN_POINT('',(-11.5,-3.00000004470348,0.8));
#4293=CARTESIAN_POINT('Origin',(-9.65,3.0725,0.3));
#4294=CARTESIAN_POINT('',(-7.97979589711327,-1.5,0.3));
#4295=CARTESIAN_POINT('Origin',(-11.,-2.5,0.3));
#4296=CARTESIAN_POINT('',(-8.4898980007107,1.695,0.3));
#4297=CARTESIAN_POINT('Origin',(-9.4898980007107,1.695,0.3));
#4298=CARTESIAN_POINT('',(-8.4898980007107,5.785,0.3));
#4299=CARTESIAN_POINT('Origin',(-9.4898980007107,5.785,0.3));
#4300=CARTESIAN_POINT('Origin',(-11.,-2.5,-0.375));
#4301=CARTESIAN_POINT('Origin',(-11.,-2.5,0.8));
#4302=CARTESIAN_POINT('Origin',(9.4898980007107,1.695,0.8));
#4303=CARTESIAN_POINT('',(10.4898980007107,1.695,0.3));
#4304=CARTESIAN_POINT('',(10.4898980007107,1.695,0.8));
#4305=CARTESIAN_POINT('Origin',(9.4898980007107,1.695,0.3));
#4306=CARTESIAN_POINT('Origin',(-9.4898980007107,1.695,0.8));
#4307=CARTESIAN_POINT('',(-8.4898980007107,1.695,0.8));
#4308=CARTESIAN_POINT('Origin',(-9.4898980007107,1.695,0.8));
#4309=CARTESIAN_POINT('',(-8.4898980007107,1.695,0.8));
#4310=CARTESIAN_POINT('Origin',(9.4898980007107,5.785,0.8));
#4311=CARTESIAN_POINT('',(10.4898980007107,5.785,0.3));
#4312=CARTESIAN_POINT('',(10.4898980007107,5.785,0.8));
#4313=CARTESIAN_POINT('Origin',(9.4898980007107,5.785,0.3));
#4314=CARTESIAN_POINT('Origin',(-9.4898980007107,5.785,0.8));
#4315=CARTESIAN_POINT('',(-8.4898980007107,5.785,0.8));
#4316=CARTESIAN_POINT('Origin',(-9.4898980007107,5.785,0.8));
#4317=CARTESIAN_POINT('',(-8.4898980007107,5.785,0.8));
#4318=CARTESIAN_POINT('Origin',(-7.4797960014214,-1.50000002235174,0.3));
#4319=CARTESIAN_POINT('',(-6.98989805286476,-1.50000002235174,0.4));
#4320=CARTESIAN_POINT('',(-7.4797960014214,-1.50000002235174,0.8));
#4321=CARTESIAN_POINT('Origin',(-6.50000010430813,-1.50000002235174,0.5));
#4322=CARTESIAN_POINT('',(-6.50000010430813,-3.,2.08166817117217E-16));
#4323=CARTESIAN_POINT('',(-6.50000009685755,-1.60999993294477,-2.08166817117217E-16));
#4324=CARTESIAN_POINT('',(-6.50000010430813,-1.50000002235174,2.08166817117217E-16));
#4325=CARTESIAN_POINT('Origin',(-7.97979589711327,-1.5,-0.2));
#4326=CARTESIAN_POINT('',(-7.48989794855664,-1.5,-0.1));
#4327=CARTESIAN_POINT('Origin',(-7.,-1.5,-2.08166817117217E-16));
#4328=CARTESIAN_POINT('Origin',(7.02020410288673,6.10875,-2.08166817117217E-16));
#4329=CARTESIAN_POINT('',(7.51010205144336,6.10875,-0.1));
#4330=CARTESIAN_POINT('Origin',(8.,6.10875,-0.2));
#4331=CARTESIAN_POINT('',(8.,6.10875,0.3));
#4332=CARTESIAN_POINT('Origin',(6.52020420719486,6.10874998882413,0.5));
#4333=CARTESIAN_POINT('',(7.01010215575149,6.10874998882413,0.4));
#4334=CARTESIAN_POINT('',(6.52020420719486,6.10874998882413,2.08166817117217E-16));
#4335=CARTESIAN_POINT('Origin',(-11.5,0.,2.08166817117217E-16));
#4336=CARTESIAN_POINT('Origin',(7.50000010430813,6.10874998882413,0.3));
#4337=CARTESIAN_POINT('Origin',(9.65,3.0725,0.3));
#4338=CARTESIAN_POINT('',(11.5,1.53625,0.3));
#4339=CARTESIAN_POINT('Origin',(11.5,0.,2.08166817117217E-16));
#4340=CARTESIAN_POINT('Origin',(-9.25000005215406,3.07249997764826,0.8));
#4341=CARTESIAN_POINT('',(0.,0.,0.));
#4342=CARTESIAN_POINT('Origin',(-4.75,-3.055,0.8));
#4343=CARTESIAN_POINT('',(-3.55,-3.055,0.8));
#4344=CARTESIAN_POINT('',(-3.55,-3.055,0.78));
#4345=CARTESIAN_POINT('',(-3.55,-3.055,0.8));
#4346=CARTESIAN_POINT('',(-3.90147186257614,-2.20647186257614,0.8));
#4347=CARTESIAN_POINT('Origin',(-4.75,-3.055,0.8));
#4348=CARTESIAN_POINT('',(-3.90147186257614,-2.20647186257614,0.78));
#4349=CARTESIAN_POINT('',(-3.90147186257614,-2.20647186257614,0.8));
#4350=CARTESIAN_POINT('Origin',(-4.75,-3.055,0.78));
#4351=CARTESIAN_POINT('Origin',(4.75,6.445,0.8));
#4352=CARTESIAN_POINT('',(5.95,6.445,0.8));
#4353=CARTESIAN_POINT('',(5.95,6.445,0.78));
#4354=CARTESIAN_POINT('',(5.95,6.445,0.8));
#4355=CARTESIAN_POINT('',(3.90147186257614,5.59647186257614,0.8));
#4356=CARTESIAN_POINT('Origin',(4.75,6.445,0.8));
#4357=CARTESIAN_POINT('',(3.90147186257614,5.59647186257614,0.78));
#4358=CARTESIAN_POINT('',(3.90147186257614,5.59647186257614,0.8));
#4359=CARTESIAN_POINT('Origin',(4.75,6.445,0.78));
#4360=CARTESIAN_POINT('Origin',(4.75,-3.055,0.8));
#4361=CARTESIAN_POINT('',(5.95,-3.055,0.8));
#4362=CARTESIAN_POINT('',(5.95,-3.055,0.78));
#4363=CARTESIAN_POINT('',(5.95,-3.055,0.8));
#4364=CARTESIAN_POINT('',(3.90147186257614,-2.20647186257614,0.8));
#4365=CARTESIAN_POINT('Origin',(4.75,-3.055,0.8));
#4366=CARTESIAN_POINT('',(3.90147186257614,-2.20647186257614,0.78));
#4367=CARTESIAN_POINT('',(3.90147186257614,-2.20647186257614,0.8));
#4368=CARTESIAN_POINT('Origin',(4.75,-3.055,0.78));
#4369=CARTESIAN_POINT('Origin',(-4.75,6.445,0.8));
#4370=CARTESIAN_POINT('',(-3.55,6.445,0.8));
#4371=CARTESIAN_POINT('',(-3.55,6.445,0.78));
#4372=CARTESIAN_POINT('',(-3.55,6.445,0.8));
#4373=CARTESIAN_POINT('',(-3.90147186257614,5.59647186257614,0.8));
#4374=CARTESIAN_POINT('Origin',(-4.75,6.445,0.8));
#4375=CARTESIAN_POINT('',(-3.90147186257614,5.59647186257614,0.78));
#4376=CARTESIAN_POINT('',(-3.90147186257614,5.59647186257614,0.8));
#4377=CARTESIAN_POINT('Origin',(-4.75,6.445,0.78));
#4378=CARTESIAN_POINT('Origin',(4.209375,-9.145,0.8));
#4379=CARTESIAN_POINT('',(4.7125,-9.145,0.78));
#4380=CARTESIAN_POINT('',(3.70625,-9.145,0.78));
#4381=CARTESIAN_POINT('Origin',(4.209375,-9.145,0.78));
#4382=CARTESIAN_POINT('',(3.70625,-9.145,0.));
#4383=CARTESIAN_POINT('',(3.70625,-9.145,0.8));
#4384=CARTESIAN_POINT('',(4.7125,-9.145,0.));
#4385=CARTESIAN_POINT('Origin',(4.209375,-9.145,0.));
#4386=CARTESIAN_POINT('',(4.7125,-9.145,0.8));
#4387=CARTESIAN_POINT('Origin',(1.784375,-9.145,0.8));
#4388=CARTESIAN_POINT('',(2.2875,-9.145,0.78));
#4389=CARTESIAN_POINT('',(1.28125,-9.145,0.78));
#4390=CARTESIAN_POINT('Origin',(1.784375,-9.145,0.78));
#4391=CARTESIAN_POINT('',(1.28125,-9.145,0.));
#4392=CARTESIAN_POINT('',(1.28125,-9.145,0.8));
#4393=CARTESIAN_POINT('',(2.2875,-9.145,0.));
#4394=CARTESIAN_POINT('Origin',(1.784375,-9.145,0.));
#4395=CARTESIAN_POINT('',(2.2875,-9.145,0.8));
#4396=CARTESIAN_POINT('Origin',(-1.25,-9.145,0.8));
#4397=CARTESIAN_POINT('',(-0.650000000000001,-9.145,0.78));
#4398=CARTESIAN_POINT('',(-1.85,-9.145,0.78));
#4399=CARTESIAN_POINT('Origin',(-1.25,-9.145,0.78));
#4400=CARTESIAN_POINT('',(-1.85,-9.145,0.));
#4401=CARTESIAN_POINT('',(-1.85,-9.145,0.8));
#4402=CARTESIAN_POINT('',(-0.650000000000001,-9.145,0.));
#4403=CARTESIAN_POINT('Origin',(-1.25,-9.145,0.));
#4404=CARTESIAN_POINT('',(-0.650000000000001,-9.145,0.8));
#4405=CARTESIAN_POINT('Origin',(-6.6,-7.395,0.8));
#4406=CARTESIAN_POINT('',(-6.6,-8.145,0.78));
#4407=CARTESIAN_POINT('',(-6.6,-6.645,0.78));
#4408=CARTESIAN_POINT('Origin',(-6.6,-7.395,0.78));
#4409=CARTESIAN_POINT('',(-6.6,-6.645,0.));
#4410=CARTESIAN_POINT('',(-6.6,-6.645,0.8));
#4411=CARTESIAN_POINT('',(-6.6,-8.145,0.));
#4412=CARTESIAN_POINT('Origin',(-6.6,-7.395,0.));
#4413=CARTESIAN_POINT('',(-6.6,-8.145,0.8));
#4414=CARTESIAN_POINT('Origin',(-3.75,-9.145,0.8));
#4415=CARTESIAN_POINT('',(-3.125,-9.145,0.78));
#4416=CARTESIAN_POINT('',(-4.375,-9.145,0.78));
#4417=CARTESIAN_POINT('Origin',(-3.75,-9.145,0.78));
#4418=CARTESIAN_POINT('',(-4.375,-9.145,0.));
#4419=CARTESIAN_POINT('',(-4.375,-9.145,0.8));
#4420=CARTESIAN_POINT('',(-3.125,-9.145,0.));
#4421=CARTESIAN_POINT('Origin',(-3.75,-9.145,0.));
#4422=CARTESIAN_POINT('',(-3.125,-9.145,0.8));
#4423=CARTESIAN_POINT('Origin',(0.640625,-9.145,0.8));
#4424=CARTESIAN_POINT('',(1.14375,-9.145,0.78));
#4425=CARTESIAN_POINT('',(0.1375,-9.145,0.78));
#4426=CARTESIAN_POINT('Origin',(0.640625,-9.145,0.78));
#4427=CARTESIAN_POINT('',(0.1375,-9.145,0.));
#4428=CARTESIAN_POINT('',(0.1375,-9.145,0.8));
#4429=CARTESIAN_POINT('',(1.14375,-9.145,0.));
#4430=CARTESIAN_POINT('Origin',(0.640625,-9.145,0.));
#4431=CARTESIAN_POINT('',(1.14375,-9.145,0.8));
#4432=CARTESIAN_POINT('Origin',(3.065625,-9.145,0.8));
#4433=CARTESIAN_POINT('',(3.56875,-9.145,0.78));
#4434=CARTESIAN_POINT('',(2.5625,-9.145,0.78));
#4435=CARTESIAN_POINT('Origin',(3.065625,-9.145,0.78));
#4436=CARTESIAN_POINT('',(2.5625,-9.145,0.));
#4437=CARTESIAN_POINT('',(2.5625,-9.145,0.8));
#4438=CARTESIAN_POINT('',(3.56875,-9.145,0.));
#4439=CARTESIAN_POINT('Origin',(3.065625,-9.145,0.));
#4440=CARTESIAN_POINT('',(3.56875,-9.145,0.8));
#4441=CARTESIAN_POINT('Origin',(6.6,-7.6481875563936,0.8));
#4442=CARTESIAN_POINT('',(6.6,-6.8981875563936,0.78));
#4443=CARTESIAN_POINT('',(6.6,-8.3981875563936,0.78));
#4444=CARTESIAN_POINT('Origin',(6.6,-7.6481875563936,0.78));
#4445=CARTESIAN_POINT('',(6.6,-8.3981875563936,0.));
#4446=CARTESIAN_POINT('',(6.6,-8.3981875563936,0.8));
#4447=CARTESIAN_POINT('',(6.6,-6.8981875563936,0.));
#4448=CARTESIAN_POINT('Origin',(6.6,-7.6481875563936,0.));
#4449=CARTESIAN_POINT('',(6.6,-6.8981875563936,0.8));
#4450=CARTESIAN_POINT('Origin',(-6.6,9.145,0.));
#4451=CARTESIAN_POINT('',(-6.6,-5.895,0.78));
#4452=CARTESIAN_POINT('',(-6.6,0.875,0.78));
#4453=CARTESIAN_POINT('',(-6.6,-5.895,0.8));
#4454=CARTESIAN_POINT('',(-6.6,-5.895,0.4));
#4455=CARTESIAN_POINT('',(-6.6,9.145,0.8));
#4456=CARTESIAN_POINT('',(-6.6,9.145,0.8));
#4457=CARTESIAN_POINT('',(-6.6,9.145,0.));
#4458=CARTESIAN_POINT('',(-6.6,9.145,0.));
#4459=CARTESIAN_POINT('',(-6.6,9.145,0.));
#4460=CARTESIAN_POINT('Origin',(-6.6,9.145,0.));
#4461=CARTESIAN_POINT('',(-6.6,-9.145,0.));
#4462=CARTESIAN_POINT('',(-6.6,9.145,0.));
#4463=CARTESIAN_POINT('',(-6.6,-9.145,0.8));
#4464=CARTESIAN_POINT('',(-6.6,-9.145,0.));
#4465=CARTESIAN_POINT('',(-6.6,-8.895,0.8));
#4466=CARTESIAN_POINT('',(-6.6,9.145,0.8));
#4467=CARTESIAN_POINT('',(-6.6,-8.895,0.78));
#4468=CARTESIAN_POINT('',(-6.6,-8.895,0.4));
#4469=CARTESIAN_POINT('',(-6.6,0.875,0.78));
#4470=CARTESIAN_POINT('Origin',(-6.6,-9.145,0.));
#4471=CARTESIAN_POINT('',(-4.55,-9.145,0.78));
#4472=CARTESIAN_POINT('',(-5.175,-9.145,0.78));
#4473=CARTESIAN_POINT('',(-4.55,-9.145,0.8));
#4474=CARTESIAN_POINT('',(-4.55,-9.145,0.4));
#4475=CARTESIAN_POINT('',(-6.6,-9.145,0.8));
#4476=CARTESIAN_POINT('',(-6.6,-9.145,0.));
#4477=CARTESIAN_POINT('Origin',(-6.6,-9.145,0.));
#4478=CARTESIAN_POINT('',(-2.05,-9.145,0.78));
#4479=CARTESIAN_POINT('',(-3.925,-9.145,0.78));
#4480=CARTESIAN_POINT('',(-2.05,-9.145,0.8));
#4481=CARTESIAN_POINT('',(-2.05,-9.145,0.4));
#4482=CARTESIAN_POINT('',(-2.95,-9.145,0.8));
#4483=CARTESIAN_POINT('',(-6.6,-9.145,0.8));
#4484=CARTESIAN_POINT('',(-2.95,-9.145,0.78));
#4485=CARTESIAN_POINT('',(-2.95,-9.145,0.4));
#4486=CARTESIAN_POINT('',(-5.175,-9.145,0.78));
#4487=CARTESIAN_POINT('',(-6.6,-9.145,0.));
#4488=CARTESIAN_POINT('Origin',(-6.6,-9.145,0.));
#4489=CARTESIAN_POINT('',(-6.6,-9.145,0.));
#4490=CARTESIAN_POINT('',(0.1375,-9.145,0.8));
#4491=CARTESIAN_POINT('',(0.1375,-9.145,0.4));
#4492=CARTESIAN_POINT('',(-0.45,-9.145,0.8));
#4493=CARTESIAN_POINT('',(-6.6,-9.145,0.8));
#4494=CARTESIAN_POINT('',(-0.45,-9.145,0.78));
#4495=CARTESIAN_POINT('',(-0.449999999999999,-9.145,0.4));
#4496=CARTESIAN_POINT('',(-3.925,-9.145,0.78));
#4497=CARTESIAN_POINT('Origin',(-6.6,-9.145,0.));
#4498=CARTESIAN_POINT('',(1.28125,-9.145,0.8));
#4499=CARTESIAN_POINT('',(1.28125,-9.145,0.4));
#4500=CARTESIAN_POINT('',(1.14375,-9.145,0.8));
#4501=CARTESIAN_POINT('',(-6.6,-9.145,0.8));
#4502=CARTESIAN_POINT('',(1.14375,-9.145,0.8));
#4503=CARTESIAN_POINT('',(-6.6,-9.145,0.));
#4504=CARTESIAN_POINT('Origin',(-6.6,-9.145,0.));
#4505=CARTESIAN_POINT('',(-6.6,-9.145,0.));
#4506=CARTESIAN_POINT('',(2.5625,-9.145,0.8));
#4507=CARTESIAN_POINT('',(2.5625,-9.145,0.4));
#4508=CARTESIAN_POINT('',(2.2875,-9.145,0.8));
#4509=CARTESIAN_POINT('',(-6.6,-9.145,0.8));
#4510=CARTESIAN_POINT('',(2.2875,-9.145,0.8));
#4511=CARTESIAN_POINT('Origin',(-6.6,-9.145,0.));
#4512=CARTESIAN_POINT('',(3.70625,-9.145,0.8));
#4513=CARTESIAN_POINT('',(3.70625,-9.145,0.4));
#4514=CARTESIAN_POINT('',(3.56875,-9.145,0.8));
#4515=CARTESIAN_POINT('',(-6.6,-9.145,0.8));
#4516=CARTESIAN_POINT('',(3.56875,-9.145,0.8));
#4517=CARTESIAN_POINT('',(-6.6,-9.145,0.));
#4518=CARTESIAN_POINT('Origin',(-6.6,-9.145,0.));
#4519=CARTESIAN_POINT('',(6.6,-9.145,0.));
#4520=CARTESIAN_POINT('',(-6.6,-9.145,0.));
#4521=CARTESIAN_POINT('',(6.6,-9.145,0.78));
#4522=CARTESIAN_POINT('',(6.6,-9.145,0.));
#4523=CARTESIAN_POINT('',(5.225,-9.145,0.78));
#4524=CARTESIAN_POINT('',(-0.34375,-9.145,0.78));
#4525=CARTESIAN_POINT('',(5.225,-9.145,0.8));
#4526=CARTESIAN_POINT('',(5.225,-9.145,0.4));
#4527=CARTESIAN_POINT('',(4.7125,-9.145,0.8));
#4528=CARTESIAN_POINT('',(-6.6,-9.145,0.8));
#4529=CARTESIAN_POINT('',(4.7125,-9.145,0.8));
#4530=CARTESIAN_POINT('Origin',(6.6,-9.145,0.));
#4531=CARTESIAN_POINT('',(6.6,-8.3957968890984,0.78));
#4532=CARTESIAN_POINT('',(6.6,-9.145,0.));
#4533=CARTESIAN_POINT('Origin',(6.6,-9.145,0.));
#4534=CARTESIAN_POINT('',(6.6,9.145,0.));
#4535=CARTESIAN_POINT('',(6.6,-9.145,0.));
#4536=CARTESIAN_POINT('',(6.6,9.145,0.8));
#4537=CARTESIAN_POINT('',(6.6,9.145,0.));
#4538=CARTESIAN_POINT('',(6.6,-6.1481875563936,0.8));
#4539=CARTESIAN_POINT('',(6.6,-9.145,0.8));
#4540=CARTESIAN_POINT('',(6.6,-6.1481875563936,0.78));
#4541=CARTESIAN_POINT('',(6.6,-6.1481875563936,0.4));
#4542=CARTESIAN_POINT('',(6.6,-8.3957968890984,0.78));
#4543=CARTESIAN_POINT('Origin',(0.,0.,0.));
#4544=CARTESIAN_POINT('',(6.6,9.145,0.));
#4545=CARTESIAN_POINT('',(-3.85,-3.055,0.));
#4546=CARTESIAN_POINT('Origin',(-4.75,-3.055,0.));
#4547=CARTESIAN_POINT('',(-3.85,6.445,0.));
#4548=CARTESIAN_POINT('Origin',(-4.75,6.445,0.));
#4549=CARTESIAN_POINT('',(5.65,-3.055,0.));
#4550=CARTESIAN_POINT('Origin',(4.75,-3.055,0.));
#4551=CARTESIAN_POINT('',(5.65,6.445,0.));
#4552=CARTESIAN_POINT('Origin',(4.75,6.445,0.));
#4553=CARTESIAN_POINT('Origin',(3.70625,-7.895,0.8));
#4554=CARTESIAN_POINT('',(3.70625,-7.895,0.8));
#4555=CARTESIAN_POINT('',(4.7125,-7.895,0.8));
#4556=CARTESIAN_POINT('',(1.853125,-7.895,0.8));
#4557=CARTESIAN_POINT('',(3.70625,-7.895,0.78));
#4558=CARTESIAN_POINT('',(3.70625,-7.895,0.8));
#4559=CARTESIAN_POINT('',(4.7125,-7.895,0.78));
#4560=CARTESIAN_POINT('',(4.7125,-7.895,0.78));
#4561=CARTESIAN_POINT('',(4.7125,-7.895,0.8));
#4562=CARTESIAN_POINT('Origin',(3.70625,-9.145,0.8));
#4563=CARTESIAN_POINT('',(3.70625,-4.5725,0.8));
#4564=CARTESIAN_POINT('',(3.70625,-7.895,0.78));
#4565=CARTESIAN_POINT('Origin',(4.7125,-7.895,0.8));
#4566=CARTESIAN_POINT('',(4.7125,-3.9475,0.8));
#4567=CARTESIAN_POINT('',(4.7125,-9.145,0.78));
#4568=CARTESIAN_POINT('Origin',(4.209375,-8.52,0.78));
#4569=CARTESIAN_POINT('Origin',(-0.45,-7.895,0.8));
#4570=CARTESIAN_POINT('',(-0.45,-7.895,0.8));
#4571=CARTESIAN_POINT('',(-0.45,-3.9475,0.8));
#4572=CARTESIAN_POINT('',(-0.45,-7.895,0.78));
#4573=CARTESIAN_POINT('',(-0.45,-7.895,0.8));
#4574=CARTESIAN_POINT('',(-0.45,-7.895,0.78));
#4575=CARTESIAN_POINT('Origin',(-2.05,-7.895,0.8));
#4576=CARTESIAN_POINT('',(-2.05,-7.895,0.8));
#4577=CARTESIAN_POINT('',(-1.025,-7.895,0.8));
#4578=CARTESIAN_POINT('',(-2.05,-7.895,0.78));
#4579=CARTESIAN_POINT('',(-2.05,-7.895,0.8));
#4580=CARTESIAN_POINT('',(-2.05,-7.895,0.78));
#4581=CARTESIAN_POINT('Origin',(-2.05,-9.145,0.8));
#4582=CARTESIAN_POINT('',(-2.05,-4.5725,0.8));
#4583=CARTESIAN_POINT('',(-2.05,-10.395,0.78));
#4584=CARTESIAN_POINT('Origin',(-1.25,-8.52,0.78));
#4585=CARTESIAN_POINT('Origin',(-2.95,-7.895,0.8));
#4586=CARTESIAN_POINT('',(-2.95,-7.895,0.8));
#4587=CARTESIAN_POINT('',(-2.95,-3.9475,0.8));
#4588=CARTESIAN_POINT('',(-2.95,-7.895,0.78));
#4589=CARTESIAN_POINT('',(-2.95,-7.895,0.8));
#4590=CARTESIAN_POINT('',(-2.95,-10.395,0.78));
#4591=CARTESIAN_POINT('Origin',(-4.55,-7.895,0.8));
#4592=CARTESIAN_POINT('',(-4.55,-7.895,0.8));
#4593=CARTESIAN_POINT('',(-2.275,-7.895,0.8));
#4594=CARTESIAN_POINT('',(-4.55,-7.895,0.78));
#4595=CARTESIAN_POINT('',(-4.55,-7.895,0.8));
#4596=CARTESIAN_POINT('',(-2.95,-7.895,0.78));
#4597=CARTESIAN_POINT('Origin',(-4.55,-9.145,0.8));
#4598=CARTESIAN_POINT('',(-4.55,-4.5725,0.8));
#4599=CARTESIAN_POINT('',(-4.55,-7.895,0.78));
#4600=CARTESIAN_POINT('Origin',(-3.75,-8.52,0.78));
#4601=CARTESIAN_POINT('Origin',(2.5625,-7.895,0.8));
#4602=CARTESIAN_POINT('',(2.5625,-7.895,0.8));
#4603=CARTESIAN_POINT('',(3.56875,-7.895,0.8));
#4604=CARTESIAN_POINT('',(1.28125,-7.895,0.8));
#4605=CARTESIAN_POINT('',(2.5625,-7.895,0.78));
#4606=CARTESIAN_POINT('',(2.5625,-7.895,0.8));
#4607=CARTESIAN_POINT('',(3.56875,-7.895,0.78));
#4608=CARTESIAN_POINT('',(3.56875,-7.895,0.78));
#4609=CARTESIAN_POINT('',(3.56875,-7.895,0.8));
#4610=CARTESIAN_POINT('Origin',(2.5625,-9.145,0.8));
#4611=CARTESIAN_POINT('',(2.5625,-4.5725,0.8));
#4612=CARTESIAN_POINT('',(2.5625,-7.895,0.78));
#4613=CARTESIAN_POINT('Origin',(3.56875,-7.895,0.8));
#4614=CARTESIAN_POINT('',(3.56875,-3.9475,0.8));
#4615=CARTESIAN_POINT('',(3.56875,-9.145,0.78));
#4616=CARTESIAN_POINT('Origin',(3.065625,-8.52,0.78));
#4617=CARTESIAN_POINT('Origin',(5.225,-6.1481875563936,0.8));
#4618=CARTESIAN_POINT('',(5.225,-6.1481875563936,0.8));
#4619=CARTESIAN_POINT('',(2.6125,-6.1481875563936,0.8));
#4620=CARTESIAN_POINT('',(5.225,-6.1481875563936,0.78));
#4621=CARTESIAN_POINT('',(5.225,-6.1481875563936,0.8));
#4622=CARTESIAN_POINT('',(5.225,-6.1481875563936,0.78));
#4623=CARTESIAN_POINT('Origin',(5.225,-9.145,0.8));
#4624=CARTESIAN_POINT('',(5.225,-4.5725,0.8));
#4625=CARTESIAN_POINT('',(5.225,-9.1481875563936,0.78));
#4626=CARTESIAN_POINT('Origin',(5.9125,-7.6465937781968,0.78));
#4627=CARTESIAN_POINT('Origin',(0.1375,-7.895,0.8));
#4628=CARTESIAN_POINT('',(0.1375,-7.895,0.8));
#4629=CARTESIAN_POINT('',(1.14375,-7.895,0.8));
#4630=CARTESIAN_POINT('',(0.06875,-7.895,0.8));
#4631=CARTESIAN_POINT('',(0.1375,-7.895,0.78));
#4632=CARTESIAN_POINT('',(0.1375,-7.895,0.8));
#4633=CARTESIAN_POINT('',(1.14375,-7.895,0.78));
#4634=CARTESIAN_POINT('',(1.14375,-7.895,0.78));
#4635=CARTESIAN_POINT('',(1.14375,-7.895,0.8));
#4636=CARTESIAN_POINT('Origin',(0.1375,-9.145,0.8));
#4637=CARTESIAN_POINT('',(0.1375,-4.5725,0.8));
#4638=CARTESIAN_POINT('',(0.1375,-7.895,0.78));
#4639=CARTESIAN_POINT('Origin',(1.14375,-7.895,0.8));
#4640=CARTESIAN_POINT('',(1.14375,-3.9475,0.8));
#4641=CARTESIAN_POINT('',(1.14375,-9.145,0.78));
#4642=CARTESIAN_POINT('Origin',(0.640625,-8.52,0.78));
#4643=CARTESIAN_POINT('Origin',(-5.225,-8.895,0.8));
#4644=CARTESIAN_POINT('',(-5.225,-8.895,0.8));
#4645=CARTESIAN_POINT('',(-2.6125,-8.895,0.8));
#4646=CARTESIAN_POINT('',(-5.225,-8.895,0.78));
#4647=CARTESIAN_POINT('',(-5.225,-8.895,0.8));
#4648=CARTESIAN_POINT('',(-7.975,-8.895,0.78));
#4649=CARTESIAN_POINT('Origin',(-5.225,-5.895,0.8));
#4650=CARTESIAN_POINT('',(-5.225,-5.895,0.8));
#4651=CARTESIAN_POINT('',(-5.225,-2.9475,0.8));
#4652=CARTESIAN_POINT('',(-5.225,-5.895,0.78));
#4653=CARTESIAN_POINT('',(-5.225,-5.895,0.8));
#4654=CARTESIAN_POINT('',(-5.225,-8.895,0.78));
#4655=CARTESIAN_POINT('Origin',(-6.6,-5.895,0.8));
#4656=CARTESIAN_POINT('',(-3.3,-5.895,0.8));
#4657=CARTESIAN_POINT('',(-5.225,-5.895,0.78));
#4658=CARTESIAN_POINT('Origin',(-5.9125,-7.395,0.78));
#4659=CARTESIAN_POINT('Origin',(1.28125,-7.895,0.8));
#4660=CARTESIAN_POINT('',(1.28125,-7.895,0.8));
#4661=CARTESIAN_POINT('',(2.2875,-7.895,0.8));
#4662=CARTESIAN_POINT('',(0.640625,-7.895,0.8));
#4663=CARTESIAN_POINT('',(1.28125,-7.895,0.78));
#4664=CARTESIAN_POINT('',(1.28125,-7.895,0.8));
#4665=CARTESIAN_POINT('',(2.2875,-7.895,0.78));
#4666=CARTESIAN_POINT('',(2.2875,-7.895,0.78));
#4667=CARTESIAN_POINT('',(2.2875,-7.895,0.8));
#4668=CARTESIAN_POINT('Origin',(1.28125,-9.145,0.8));
#4669=CARTESIAN_POINT('',(1.28125,-4.5725,0.8));
#4670=CARTESIAN_POINT('',(1.28125,-7.895,0.78));
#4671=CARTESIAN_POINT('Origin',(2.2875,-7.895,0.8));
#4672=CARTESIAN_POINT('',(2.2875,-3.9475,0.8));
#4673=CARTESIAN_POINT('',(2.2875,-9.145,0.78));
#4674=CARTESIAN_POINT('Origin',(1.784375,-8.52,0.78));
#4675=CARTESIAN_POINT('Origin',(-4.75,6.445,0.8));
#4676=CARTESIAN_POINT('Origin',(-4.75,6.445,0.78));
#4677=CARTESIAN_POINT('',(-3.90147186257614,5.59647186257614,0.8));
#4678=CARTESIAN_POINT('Origin',(-4.75,6.445,0.8));
#4679=CARTESIAN_POINT('Origin',(-4.75,6.445,0.78));
#4680=CARTESIAN_POINT('',(-3.85,6.445,0.78));
#4681=CARTESIAN_POINT('Origin',(-4.75,6.445,0.78));
#4682=CARTESIAN_POINT('Origin',(0.,1.695,0.8));
#4683=CARTESIAN_POINT('Origin',(0.,1.695,0.78));
#4684=CARTESIAN_POINT('Origin',(0.,1.695,0.8));
#4685=CARTESIAN_POINT('Origin',(4.75,-3.055,0.8));
#4686=CARTESIAN_POINT('Origin',(4.75,-3.055,0.78));
#4687=CARTESIAN_POINT('',(3.90147186257614,-2.20647186257614,0.8));
#4688=CARTESIAN_POINT('Origin',(4.75,-3.055,0.8));
#4689=CARTESIAN_POINT('Origin',(4.75,-3.055,0.78));
#4690=CARTESIAN_POINT('',(5.65,-3.055,0.78));
#4691=CARTESIAN_POINT('Origin',(4.75,-3.055,0.78));
#4692=CARTESIAN_POINT('Origin',(0.,1.695,0.8));
#4693=CARTESIAN_POINT('Origin',(0.,1.695,0.78));
#4694=CARTESIAN_POINT('Origin',(0.,1.695,0.8));
#4695=CARTESIAN_POINT('Origin',(4.75,6.445,0.8));
#4696=CARTESIAN_POINT('Origin',(4.75,6.445,0.78));
#4697=CARTESIAN_POINT('',(3.90147186257614,5.59647186257614,0.8));
#4698=CARTESIAN_POINT('Origin',(4.75,6.445,0.8));
#4699=CARTESIAN_POINT('Origin',(4.75,6.445,0.78));
#4700=CARTESIAN_POINT('',(5.65,6.445,0.78));
#4701=CARTESIAN_POINT('Origin',(4.75,6.445,0.78));
#4702=CARTESIAN_POINT('Origin',(0.,1.695,0.8));
#4703=CARTESIAN_POINT('Origin',(0.,1.695,0.8));
#4704=CARTESIAN_POINT('Origin',(0.,1.695,0.78));
#4705=CARTESIAN_POINT('Origin',(-4.75,-3.055,0.8));
#4706=CARTESIAN_POINT('Origin',(-4.75,-3.055,0.78));
#4707=CARTESIAN_POINT('',(-3.90147186257614,-2.20647186257614,0.8));
#4708=CARTESIAN_POINT('Origin',(-4.75,-3.055,0.8));
#4709=CARTESIAN_POINT('Origin',(-4.75,-3.055,0.78));
#4710=CARTESIAN_POINT('',(-3.85,-3.055,0.78));
#4711=CARTESIAN_POINT('Origin',(-4.75,-3.055,0.78));
#4712=CARTESIAN_POINT('Origin',(-1.2,2.895,0.8));
#4713=CARTESIAN_POINT('',(-1.2,2.895,0.8));
#4714=CARTESIAN_POINT('',(-1.2,0.495000000000001,0.8));
#4715=CARTESIAN_POINT('',(-1.2,1.4475,0.8));
#4716=CARTESIAN_POINT('',(-1.2,2.895,0.78));
#4717=CARTESIAN_POINT('',(-1.2,2.895,0.8));
#4718=CARTESIAN_POINT('',(-1.2,0.495000000000001,0.78));
#4719=CARTESIAN_POINT('',(-1.2,0.495000000000001,0.78));
#4720=CARTESIAN_POINT('',(-1.2,0.495000000000001,0.8));
#4721=CARTESIAN_POINT('Origin',(1.2,2.895,0.8));
#4722=CARTESIAN_POINT('',(1.2,2.895,0.8));
#4723=CARTESIAN_POINT('',(0.6,2.895,0.8));
#4724=CARTESIAN_POINT('',(1.2,2.895,0.78));
#4725=CARTESIAN_POINT('',(1.2,2.895,0.8));
#4726=CARTESIAN_POINT('',(-1.2,2.895,0.78));
#4727=CARTESIAN_POINT('Origin',(1.2,0.495000000000001,0.8));
#4728=CARTESIAN_POINT('',(1.2,0.495000000000001,0.8));
#4729=CARTESIAN_POINT('',(1.2,0.2475,0.8));
#4730=CARTESIAN_POINT('',(1.2,0.495000000000001,0.78));
#4731=CARTESIAN_POINT('',(1.2,0.495000000000001,0.8));
#4732=CARTESIAN_POINT('',(1.2,2.895,0.78));
#4733=CARTESIAN_POINT('Origin',(-1.2,0.495000000000001,0.8));
#4734=CARTESIAN_POINT('',(-0.6,0.495000000000001,0.8));
#4735=CARTESIAN_POINT('',(1.2,0.495000000000001,0.78));
#4736=CARTESIAN_POINT('Origin',(0.,1.695,0.8));
#4737=CARTESIAN_POINT('Origin',(0.,1.695,0.8));
#4738=CARTESIAN_POINT('Origin',(0.,1.695,0.78));
#4739=CARTESIAN_POINT('Origin',(0.,1.695,0.78));
#4740=CARTESIAN_POINT('Origin',(0.,0.,0.8));
#4741=CARTESIAN_POINT('Origin',(0.,0.,0.8));
#4742=CARTESIAN_POINT('',(6.6,9.145,0.8));
#4743=CARTESIAN_POINT('Origin',(4.75,6.445,0.8));
#4744=CARTESIAN_POINT('',(5.65,6.445,0.8));
#4745=CARTESIAN_POINT('Origin',(4.75,-3.055,0.8));
#4746=CARTESIAN_POINT('',(5.65,-3.055,0.8));
#4747=CARTESIAN_POINT('Origin',(-4.75,6.445,0.8));
#4748=CARTESIAN_POINT('',(-3.85,6.445,0.8));
#4749=CARTESIAN_POINT('Origin',(-4.75,-3.055,0.8));
#4750=CARTESIAN_POINT('',(-3.85,-3.055,0.8));
#4751=CARTESIAN_POINT('Origin',(6.6,9.145,0.));
#4752=CARTESIAN_POINT('',(0.,0.,0.));
#4753=CARTESIAN_POINT('',(0.,0.,0.));
#4754=CARTESIAN_POINT('Origin',(0.,1.695,8.3));
#4755=CARTESIAN_POINT('',(0.967950880270423,1.69439375694316,8.42898591688967));
#4756=CARTESIAN_POINT('',(0.967668782423365,1.69398269988339,8.37101408311032));
#4757=CARTESIAN_POINT('',(0.96675,1.695,8.3));
#4758=CARTESIAN_POINT('',(-0.425119128515077,0.826737776319515,8.3));
#4759=CARTESIAN_POINT('Ctrl Pts',(0.967950880270423,1.69439375694316,8.42898591688967));
#4760=CARTESIAN_POINT('Ctrl Pts',(0.968162184759298,1.66296265867229,8.42690864740191));
#4761=CARTESIAN_POINT('Ctrl Pts',(0.966764625567392,1.63155183389956,8.42483137791416));
#4762=CARTESIAN_POINT('Ctrl Pts',(0.963696686698918,1.60030657072317,8.4227541084264));
#4763=CARTESIAN_POINT('Ctrl Pts',(0.932405205988785,1.28162011969444,8.40156697240687));
#4764=CARTESIAN_POINT('Ctrl Pts',(0.727344036680216,0.980157050536455,8.38037983638734));
#4765=CARTESIAN_POINT('Ctrl Pts',(0.442438617190537,0.833736037586025,8.35919270036782));
#4766=CARTESIAN_POINT('Ctrl Pts',(0.177115339369586,0.697378845197555,8.33946180024521));
#4767=CARTESIAN_POINT('Ctrl Pts',(-0.157453658195829,0.695483417412064,
8.3197309001226));
#4768=CARTESIAN_POINT('Ctrl Pts',(-0.426132120477856,0.825437793403528,
8.3));
#4769=CARTESIAN_POINT('',(0.425119128515131,0.826737776319542,8.3));
#4770=CARTESIAN_POINT('Origin',(0.,1.695,8.3));
#4771=CARTESIAN_POINT('Ctrl Pts',(0.425119128515131,0.826737776319542,8.3));
#4772=CARTESIAN_POINT('Ctrl Pts',(0.714082661101009,0.968220293691819,8.32118713601953));
#4773=CARTESIAN_POINT('Ctrl Pts',(0.924349027201748,1.26408714425625,8.34237427203906));
#4774=CARTESIAN_POINT('Ctrl Pts',(0.96160135950564,1.58164047554549,8.36356140805858));
#4775=CARTESIAN_POINT('Ctrl Pts',(0.965969254051404,1.6188741030245,8.36604563307583));
#4776=CARTESIAN_POINT('Ctrl Pts',(0.967958563550418,1.65640587475018,8.36852985809307));
#4777=CARTESIAN_POINT('Ctrl Pts',(0.967668782423365,1.69398269988339,8.37101408311032));
#4778=CARTESIAN_POINT('Origin',(0.,1.695,8.3));
#4779=CARTESIAN_POINT('',(0.965463744099825,1.6944589418865,8.82898591688967));
#4780=CARTESIAN_POINT('',(0.965365152723227,1.69453793762604,8.77101408311032));
#4781=CARTESIAN_POINT('',(0.96675,1.695,8.3));
#4782=CARTESIAN_POINT('Ctrl Pts',(0.965463744099825,1.6944589418865,8.82898591688967));
#4783=CARTESIAN_POINT('Ctrl Pts',(0.966103526391769,1.56821584802008,8.82069813018575));
#4784=CARTESIAN_POINT('Ctrl Pts',(0.943119114137312,1.44219678007538,8.81241034348183));
#4785=CARTESIAN_POINT('Ctrl Pts',(0.895425241923347,1.32635114800865,8.8041225567779));
#4786=CARTESIAN_POINT('Ctrl Pts',(0.773499256857074,1.03020004620681,8.78293542075838));
#4787=CARTESIAN_POINT('Ctrl Pts',(0.490088850202179,0.80053568312831,8.76174828473884));
#4788=CARTESIAN_POINT('Ctrl Pts',(0.175099195720394,0.742621791858944,8.74056114871932));
#4789=CARTESIAN_POINT('Ctrl Pts',(-0.139890458761392,0.684707900589579,
8.71937401269978));
#4790=CARTESIAN_POINT('Ctrl Pts',(-0.48645936107007,0.798544481129352,8.69818687668026));
#4791=CARTESIAN_POINT('Ctrl Pts',(-0.705748387184375,1.03196635197402,8.67699974066073));
#4792=CARTESIAN_POINT('Ctrl Pts',(-0.925037413298681,1.2653882228187,8.6558126046412));
#4793=CARTESIAN_POINT('Ctrl Pts',(-1.01704656321861,1.61839538396827,8.63462546862167));
#4794=CARTESIAN_POINT('Ctrl Pts',(-0.939606780271454,1.9291535021549,8.61343833260215));
#4795=CARTESIAN_POINT('Ctrl Pts',(-0.862166997324293,2.23991162034153,8.59225119658262));
#4796=CARTESIAN_POINT('Ctrl Pts',(-0.615278281510039,2.50842069556522,8.57106406056309));
#4797=CARTESIAN_POINT('Ctrl Pts',(-0.31209703738154,2.61165571930406,8.54987692454356));
#4798=CARTESIAN_POINT('Ctrl Pts',(-0.00891579325304148,2.71489074304289,
8.52868978852404));
#4799=CARTESIAN_POINT('Ctrl Pts',(0.350557979189701,2.65285171529688,8.50750265250451));
#4800=CARTESIAN_POINT('Ctrl Pts',(0.601533969355224,2.45387728497413,8.48631551648498));
#4801=CARTESIAN_POINT('Ctrl Pts',(0.827903294134239,2.27441108420032,8.46720564995321));
#4802=CARTESIAN_POINT('Ctrl Pts',(0.966006981992533,1.98354453706232,8.44809578342144));
#4803=CARTESIAN_POINT('Ctrl Pts',(0.967950880270423,1.69439375694316,8.42898591688967));
#4804=CARTESIAN_POINT('Ctrl Pts',(0.967668782423365,1.69398269988339,8.37101408311032));
#4805=CARTESIAN_POINT('Ctrl Pts',(0.965487115870706,1.97688622566545,8.3897169941126));
#4806=CARTESIAN_POINT('Ctrl Pts',(0.834124596472091,2.26234341804655,8.40841990511489));
#4807=CARTESIAN_POINT('Ctrl Pts',(0.616038639974408,2.44235241214902,8.42712281611717));
#4808=CARTESIAN_POINT('Ctrl Pts',(0.368985289632242,2.64627120544926,8.4483099521367));
#4809=CARTESIAN_POINT('Ctrl Pts',(0.0106402904408676,2.71486898003571,8.46949708815623));
#4810=CARTESIAN_POINT('Ctrl Pts',(-0.294495366477839,2.6173884068715,8.49068422417575));
#4811=CARTESIAN_POINT('Ctrl Pts',(-0.599631023396546,2.51990783370729,8.51187136019528));
#4812=CARTESIAN_POINT('Ctrl Pts',(-0.851557338042584,2.25634891279241,8.53305849621481));
#4813=CARTESIAN_POINT('Ctrl Pts',(-0.934926252059021,1.94717279535329,8.55424563223434));
#4814=CARTESIAN_POINT('Ctrl Pts',(-1.01829516607546,1.63799667791417,8.57543276825386));
#4815=CARTESIAN_POINT('Ctrl Pts',(-0.933106679462292,1.2832033639508,8.59661990427339));
#4816=CARTESIAN_POINT('Ctrl Pts',(-0.718342321524497,1.04559856700059,8.61780704029292));
#4817=CARTESIAN_POINT('Ctrl Pts',(-0.503577963586703,0.807993770050375,
8.63899417631245));
#4818=CARTESIAN_POINT('Ctrl Pts',(-0.159237734324282,0.687577490113321,
8.66018131233198));
#4819=CARTESIAN_POINT('Ctrl Pts',(0.156808879982075,0.739451251497584,8.68136844835151));
#4820=CARTESIAN_POINT('Ctrl Pts',(0.472855494288433,0.791325012881848,8.70255558437104));
#4821=CARTESIAN_POINT('Ctrl Pts',(0.760608493638727,1.01548881558743,8.72374272039056));
#4822=CARTESIAN_POINT('Ctrl Pts',(0.888188862658783,1.30924176607545,8.74492985641009));
#4823=CARTESIAN_POINT('Ctrl Pts',(0.940545085871327,1.42979162153696,8.7536245986435));
#4824=CARTESIAN_POINT('Ctrl Pts',(0.965926571979844,1.56206101336904,8.76231934087691));
#4825=CARTESIAN_POINT('Ctrl Pts',(0.965365152723227,1.69453793762604,8.77101408311032));
#4826=CARTESIAN_POINT('Origin',(0.,1.695,8.3));
#4827=CARTESIAN_POINT('',(0.96598930701847,1.6957960234349,9.22898591688967));
#4828=CARTESIAN_POINT('',(0.96615367376568,1.69583670466915,9.17101408311032));
#4829=CARTESIAN_POINT('',(0.96675,1.695,8.3));
#4830=CARTESIAN_POINT('Ctrl Pts',(0.96598930701847,1.6957960234349,9.22898591688967));
#4831=CARTESIAN_POINT('Ctrl Pts',(0.964280372096081,1.47525397639555,9.21448761296958));
#4832=CARTESIAN_POINT('Ctrl Pts',(0.889347736112094,1.25366200579267,9.1999893090495));
#4833=CARTESIAN_POINT('Ctrl Pts',(0.750994624579799,1.08369402650983,9.18549100512941));
#4834=CARTESIAN_POINT('Ctrl Pts',(0.548811927285293,0.835310855907419,9.16430386910988));
#4835=CARTESIAN_POINT('Ctrl Pts',(0.211191519112247,0.697173393025606,9.14311673309034));
#4836=CARTESIAN_POINT('Ctrl Pts',(-0.107111877019413,0.73259942915412,9.12192959707082));
#4837=CARTESIAN_POINT('Ctrl Pts',(-0.425415273151073,0.768025465282634,
9.10074246105129));
#4838=CARTESIAN_POINT('Ctrl Pts',(-0.724401657241349,0.977015000421475,
9.07955532503176));
#4839=CARTESIAN_POINT('Ctrl Pts',(-0.867024865569414,1.26377398089252,9.05836818901223));
#4840=CARTESIAN_POINT('Ctrl Pts',(-1.00964807389748,1.55053296136357,9.03718105299271));
#4841=CARTESIAN_POINT('Ctrl Pts',(-0.995908106463334,1.91506138716683,9.01599391697317));
#4842=CARTESIAN_POINT('Ctrl Pts',(-0.832103042828414,2.19027015992162,8.99480678095365));
#4843=CARTESIAN_POINT('Ctrl Pts',(-0.668297979193493,2.46547893267641,8.97361964493412));
#4844=CARTESIAN_POINT('Ctrl Pts',(-0.354427819357798,2.65136805238274,8.9524325089146));
#4845=CARTESIAN_POINT('Ctrl Pts',(-0.0343607371954466,2.66273273869786,
8.93124537289507));
#4846=CARTESIAN_POINT('Ctrl Pts',(0.285706344966907,2.67409742501298,8.91005823687554));
#4847=CARTESIAN_POINT('Ctrl Pts',(0.611970349455916,2.51093767793689,8.88887110085601));
#4848=CARTESIAN_POINT('Ctrl Pts',(0.794881569961594,2.24803888413626,8.86768396483648));
#4849=CARTESIAN_POINT('Ctrl Pts',(0.90624328137324,2.08797839399927,8.85478461552088));
#4850=CARTESIAN_POINT('Ctrl Pts',(0.964467968561127,1.8909473198625,8.84188526620528));
#4851=CARTESIAN_POINT('Ctrl Pts',(0.965463744099825,1.6944589418865,8.82898591688967));
#4852=CARTESIAN_POINT('Ctrl Pts',(0.965365152723227,1.69453793762604,8.77101408311032));
#4853=CARTESIAN_POINT('Ctrl Pts',(0.964558519214782,1.88487755448466,8.78350647689644));
#4854=CARTESIAN_POINT('Ctrl Pts',(0.910197317749575,2.07564558555508,8.79599887068255));
#4855=CARTESIAN_POINT('Ctrl Pts',(0.805341931078289,2.23269776392532,8.80849126446867));
#4856=CARTESIAN_POINT('Ctrl Pts',(0.627506891787919,2.49905871301672,8.8296784004882));
#4857=CARTESIAN_POINT('Ctrl Pts',(0.30442907451736,2.66843851292906,8.85086553650773));
#4858=CARTESIAN_POINT('Ctrl Pts',(-0.0157977167934768,2.66321203188301,
8.87205267252726));
#4859=CARTESIAN_POINT('Ctrl Pts',(-0.336024508104313,2.65798555083696,8.89323980854678));
#4860=CARTESIAN_POINT('Ctrl Pts',(-0.653400273455426,2.47815278883253,8.91442694456631));
#4861=CARTESIAN_POINT('Ctrl Pts',(-0.822452352975778,2.20613655900439,8.93561408058584));
#4862=CARTESIAN_POINT('Ctrl Pts',(-0.99150443249613,1.93412032917625,8.95680121660536));
#4863=CARTESIAN_POINT('Ctrl Pts',(-1.01223282618572,1.56992063152441,8.97798835262489));
#4864=CARTESIAN_POINT('Ctrl Pts',(-0.875134935494296,1.28047897777335,8.99917548864442));
#4865=CARTESIAN_POINT('Ctrl Pts',(-0.738037044802873,0.991037324022296,
9.02036262466395));
#4866=CARTESIAN_POINT('Ctrl Pts',(-0.443112869730435,0.776353714172027,
9.04154976068348));
#4867=CARTESIAN_POINT('Ctrl Pts',(-0.125547231018027,0.734830574547573,
9.062736896703));
#4868=CARTESIAN_POINT('Ctrl Pts',(0.192018407694382,0.693307434923118,9.08392403272253));
#4869=CARTESIAN_POINT('Ctrl Pts',(0.532225510046762,0.824944765524481,9.10511116874206));
#4870=CARTESIAN_POINT('Ctrl Pts',(0.739134030972594,1.06940507818421,9.12629830476159));
#4871=CARTESIAN_POINT('Ctrl Pts',(0.884695242449475,1.24138416879654,9.14120356421116));
#4872=CARTESIAN_POINT('Ctrl Pts',(0.964284385885801,1.46920155392962,9.15610882366074));
#4873=CARTESIAN_POINT('Ctrl Pts',(0.96615367376568,1.69583670466915,9.17101408311032));
#4874=CARTESIAN_POINT('Origin',(0.,1.695,8.3));
#4875=CARTESIAN_POINT('',(0.968319694609051,1.69513496500822,9.62898591688967));
#4876=CARTESIAN_POINT('',(0.968342617387885,1.69502023405371,9.57101408311033));
#4877=CARTESIAN_POINT('',(0.96675,1.695,8.3));
#4878=CARTESIAN_POINT('Ctrl Pts',(0.968319694609051,1.69513496500822,9.62898591688967));
#4879=CARTESIAN_POINT('Ctrl Pts',(0.967708152592693,1.38207636565557,9.60827709575342));
#4880=CARTESIAN_POINT('Ctrl Pts',(0.801954402158363,1.06846182011329,9.58756827461716));
#4881=CARTESIAN_POINT('Ctrl Pts',(0.542697384698993,0.893022788702426,9.5668594534809));
#4882=CARTESIAN_POINT('Ctrl Pts',(0.277452267326681,0.713531614522147,9.54567231746137));
#4883=CARTESIAN_POINT('Ctrl Pts',(-0.085665318254859,0.678672591114728,
9.52448518144184));
#4884=CARTESIAN_POINT('Ctrl Pts',(-0.380213504049765,0.804424013462408,
9.50329804542231));
#4885=CARTESIAN_POINT('Ctrl Pts',(-0.674761689844669,0.930175435810087,
9.48211090940279));
#4886=CARTESIAN_POINT('Ctrl Pts',(-0.90074047585294,1.21653730391286,9.46092377338327));
#4887=CARTESIAN_POINT('Ctrl Pts',(-0.9545681758846,1.532250201517,9.43973663736374));
#4888=CARTESIAN_POINT('Ctrl Pts',(-1.00839587591626,1.84796309912113,9.41854950134421));
#4889=CARTESIAN_POINT('Ctrl Pts',(-0.890072489971308,2.19302702622663,9.39736236532467));
#4890=CARTESIAN_POINT('Ctrl Pts',(-0.653833800062352,2.40927534177086,9.37617522930515));
#4891=CARTESIAN_POINT('Ctrl Pts',(-0.417595110153397,2.62552365731509,9.35498809328562));
#4892=CARTESIAN_POINT('Ctrl Pts',(-0.0634411162804405,2.71295636129806,
9.3338009572661));
#4893=CARTESIAN_POINT('Ctrl Pts',(0.246294950174993,2.63149702803575,9.31261382124657));
#4894=CARTESIAN_POINT('Ctrl Pts',(0.556031016630426,2.55003769477345,9.29142668522705));
#4895=CARTESIAN_POINT('Ctrl Pts',(0.821349155668334,2.29968632426587,9.27023954920751));
#4896=CARTESIAN_POINT('Ctrl Pts',(0.920635731979304,1.99519619985057,9.24905241318798));
#4897=CARTESIAN_POINT('Ctrl Pts',(0.951980753697193,1.8990679021763,9.24236358108855));
#4898=CARTESIAN_POINT('Ctrl Pts',(0.966777728810959,1.79754369900045,9.23567474898911));
#4899=CARTESIAN_POINT('Ctrl Pts',(0.96598930701847,1.6957960234349,9.22898591688967));
#4900=CARTESIAN_POINT('Ctrl Pts',(0.96615367376568,1.69583670466915,9.17101408311032));
#4901=CARTESIAN_POINT('Ctrl Pts',(0.966941492037132,1.79135292484458,9.17729595968027));
#4902=CARTESIAN_POINT('Ctrl Pts',(0.953924459977156,1.88665915275043,9.18357783625022));
#4903=CARTESIAN_POINT('Ctrl Pts',(0.926223138710897,1.97748683401217,9.18985971282017));
#4904=CARTESIAN_POINT('Ctrl Pts',(0.832793786024085,2.28382498246231,9.2110468488397));
#4905=CARTESIAN_POINT('Ctrl Pts',(0.57232514115118,2.5392179846445,9.23223398485923));
#4906=CARTESIAN_POINT('Ctrl Pts',(0.264208073624651,2.62660185934729,9.25342112087876));
#4907=CARTESIAN_POINT('Ctrl Pts',(-0.043908993901879,2.71398573405007,9.27460825689829));
#4908=CARTESIAN_POINT('Ctrl Pts',(-0.399674484082034,2.63336048127345,9.29579539291781));
#4909=CARTESIAN_POINT('Ctrl Pts',(-0.640016553704896,2.42168208145191,9.31698252893734));
#4910=CARTESIAN_POINT('Ctrl Pts',(-0.880358623327759,2.21000368163037,9.33816966495687));
#4911=CARTESIAN_POINT('Ctrl Pts',(-1.00527727239333,1.86727213476391,9.35935680097639));
#4912=CARTESIAN_POINT('Ctrl Pts',(-0.95751362910172,1.55058505374365,9.38054393699592));
#4913=CARTESIAN_POINT('Ctrl Pts',(-0.909749985810113,1.2338979727234,9.40173107301545));
#4914=CARTESIAN_POINT('Ctrl Pts',(-0.689304050161331,0.943255357549366,
9.42291820903498));
#4915=CARTESIAN_POINT('Ctrl Pts',(-0.397221434050818,0.811878753721635,
9.44410534505451));
#4916=CARTESIAN_POINT('Ctrl Pts',(-0.105138817940303,0.680502149893903,
9.46529248107403));
#4917=CARTESIAN_POINT('Ctrl Pts',(0.258580478631945,0.70839155741248,9.48647961709356));
#4918=CARTESIAN_POINT('Ctrl Pts',(0.527218788837543,0.882763354747702,9.50766675311309));
#4919=CARTESIAN_POINT('Ctrl Pts',(0.794952311524893,1.05654785898373,9.52878252977883));
#4920=CARTESIAN_POINT('Ctrl Pts',(0.968244244483597,1.3758296943916,9.54989830644458));
#4921=CARTESIAN_POINT('Ctrl Pts',(0.968342389955516,1.69502023116421,9.57101408311033));
#4922=CARTESIAN_POINT('Origin',(0.,1.695,8.3));
#4923=CARTESIAN_POINT('',(0.966389548570088,1.69412659173689,10.0289859168897));
#4924=CARTESIAN_POINT('',(0.966213548046187,1.69415167748315,9.97101408311032));
#4925=CARTESIAN_POINT('',(0.96675,1.695,8.3));
#4926=CARTESIAN_POINT('Ctrl Pts',(0.966389548570088,1.69412659173689,10.0289859168897));
#4927=CARTESIAN_POINT('Ctrl Pts',(0.967154025939567,1.60702217400665,10.0232537145568));
#4928=CARTESIAN_POINT('Ctrl Pts',(0.956351070134517,1.52010407123115,10.0175215122239));
#4929=CARTESIAN_POINT('Ctrl Pts',(0.933228718159854,1.43659710187925,10.011789309891));
#4930=CARTESIAN_POINT('Ctrl Pts',(0.847764809538357,1.12794199595538,9.99060217387147));
#4931=CARTESIAN_POINT('Ctrl Pts',(0.593998268835507,0.865888421930415,9.96941503785193));
#4932=CARTESIAN_POINT('Ctrl Pts',(0.288247828314749,0.770553631818211,9.94822790183241));
#4933=CARTESIAN_POINT('Ctrl Pts',(-0.0175026122060103,0.675218841706006,
9.92704076581288));
#4934=CARTESIAN_POINT('Ctrl Pts',(-0.375236952544678,0.74660283550657,9.90585362979335));
#4935=CARTESIAN_POINT('Ctrl Pts',(-0.620980837236865,0.95198539858892,9.88466649377382));
#4936=CARTESIAN_POINT('Ctrl Pts',(-0.866724721929049,1.15736796167127,9.8634793577543));
#4937=CARTESIAN_POINT('Ctrl Pts',(-1.00047815097475,1.4967490940354,9.84229222173477));
#4938=CARTESIAN_POINT('Ctrl Pts',(-0.960932689998603,1.81456698312124,9.82110508571524));
#4939=CARTESIAN_POINT('Ctrl Pts',(-0.921387229022452,2.13238487220708,9.79991794969571));
#4940=CARTESIAN_POINT('Ctrl Pts',(-0.708542878024443,2.42863951801463,9.77873081367618));
#4941=CARTESIAN_POINT('Ctrl Pts',(-0.419960903428929,2.56753695500625,9.75754367765665));
#4942=CARTESIAN_POINT('Ctrl Pts',(-0.131378928833416,2.70643439199787,9.73635654163713));
#4943=CARTESIAN_POINT('Ctrl Pts',(0.232940669359601,2.68797462017356,9.7151694056176));
#4944=CARTESIAN_POINT('Ctrl Pts',(0.506005057263585,2.5206190283347,9.69398226959807));
#4945=CARTESIAN_POINT('Ctrl Pts',(0.77906944516757,2.35326343649583,9.67279513357854));
#4946=CARTESIAN_POINT('Ctrl Pts',(0.960878622782519,2.0370120246424,9.65160799755901));
#4947=CARTESIAN_POINT('Ctrl Pts',(0.968096887008452,1.71682465623912,9.63042086153948));
#4948=CARTESIAN_POINT('Ctrl Pts',(0.968259844531709,1.70959619536544,9.62994254665621));
#4949=CARTESIAN_POINT('Ctrl Pts',(0.968333819490726,1.70236572847954,9.62946423177294));
#4950=CARTESIAN_POINT('Ctrl Pts',(0.968319694609051,1.69513496500822,9.62898591688967));
#4951=CARTESIAN_POINT('Ctrl Pts',(0.968342389955516,1.69502023116421,9.57101408311033));
#4952=CARTESIAN_POINT('Ctrl Pts',(0.968441198779541,2.0163681340426,9.59227257848364));
#4953=CARTESIAN_POINT('Ctrl Pts',(0.792457916481935,2.33762168669039,9.61353107385695));
#4954=CARTESIAN_POINT('Ctrl Pts',(0.521744241781467,2.51076403443775,9.63478956923026));
#4955=CARTESIAN_POINT('Ctrl Pts',(0.251939283927978,2.68332518742833,9.65597670524978));
#4956=CARTESIAN_POINT('Ctrl Pts',(-0.11195935823596,2.70876781587925,9.67716384126931));
#4957=CARTESIAN_POINT('Ctrl Pts',(-0.403151805024996,2.57542980307843,9.69835097728884));
#4958=CARTESIAN_POINT('Ctrl Pts',(-0.694344251814034,2.44209179027761,9.71953811330837));
#4959=CARTESIAN_POINT('Ctrl Pts',(-0.912830503228168,2.14997313622505,9.7407252493279));
#4960=CARTESIAN_POINT('Ctrl Pts',(-0.958463219707038,1.83297199705507,9.76191238534743));
#4961=CARTESIAN_POINT('Ctrl Pts',(-1.00409593618591,1.51597085788509,9.78309952136695));
#4962=CARTESIAN_POINT('Ctrl Pts',(-0.876875117729517,1.17408723359769,9.80428665738648));
#4963=CARTESIAN_POINT('Ctrl Pts',(-0.63511485236571,0.964030000972906,9.82547379340601));
#4964=CARTESIAN_POINT('Ctrl Pts',(-0.393354587001901,0.753972768348118,
9.84666092942554));
#4965=CARTESIAN_POINT('Ctrl Pts',(-0.0370548747306748,0.675741927385944,
9.86784806544507));
#4966=CARTESIAN_POINT('Ctrl Pts',(0.27046751825056,0.765196076003895,9.8890352014646));
#4967=CARTESIAN_POINT('Ctrl Pts',(0.577989911231793,0.854650224621845,9.91022233748412));
#4968=CARTESIAN_POINT('Ctrl Pts',(0.836734984923035,1.11178936281992,9.93140947350365));
#4969=CARTESIAN_POINT('Ctrl Pts',(0.928102001471695,1.41874886376292,9.95259660952317));
#4970=CARTESIAN_POINT('Ctrl Pts',(0.954576393172874,1.50769306235164,9.95873576738556));
#4971=CARTESIAN_POINT('Ctrl Pts',(0.966997701756162,1.60082018497814,9.96487492524794));
#4972=CARTESIAN_POINT('Ctrl Pts',(0.966213548046187,1.69415167748315,9.97101408311032));
#4973=CARTESIAN_POINT('Origin',(0.,1.695,8.3));
#4974=CARTESIAN_POINT('',(0.965265543021245,1.69533090512879,10.4289859168897));
#4975=CARTESIAN_POINT('',(0.965338128871963,1.69542362848555,10.3710140831103));
#4976=CARTESIAN_POINT('',(0.96675,1.695,8.3));
#4977=CARTESIAN_POINT('Ctrl Pts',(0.965265543021245,1.69533090512879,10.4289859168897));
#4978=CARTESIAN_POINT('Ctrl Pts',(0.964707217804507,1.51332122007297,10.4170431973406));
#4979=CARTESIAN_POINT('Ctrl Pts',(0.915316655743116,1.33103047250848,10.4051004777916));
#4980=CARTESIAN_POINT('Ctrl Pts',(0.818996497636725,1.17834476194367,10.3931577582425));
#4981=CARTESIAN_POINT('Ctrl Pts',(0.648118475856257,0.907470703092546,10.371970622223));
#4982=CARTESIAN_POINT('Ctrl Pts',(0.329538970472398,0.729772555723668,10.3507834862034));
#4983=CARTESIAN_POINT('Ctrl Pts',(0.00928497182853729,0.72670165369483,
10.3295963501839));
#4984=CARTESIAN_POINT('Ctrl Pts',(-0.310969026815321,0.723630751665993,
10.3084092141644));
#4985=CARTESIAN_POINT('Ctrl Pts',(-0.632897518719182,0.895187094977192,
10.2872220781448));
#4986=CARTESIAN_POINT('Ctrl Pts',(-0.808938441711921,1.16273456276383,10.2660349421253));
#4987=CARTESIAN_POINT('Ctrl Pts',(-0.984979364704662,1.43028203055046,10.2448478061058));
#4988=CARTESIAN_POINT('Ctrl Pts',(-1.01513271878628,1.79382062281253,10.2236606700863));
#4989=CARTESIAN_POINT('Ctrl Pts',(-0.885577139208419,2.08671549454542,10.2024735340667));
#4990=CARTESIAN_POINT('Ctrl Pts',(-0.756021559630556,2.3796103662783,10.1812863980472));
#4991=CARTESIAN_POINT('Ctrl Pts',(-0.466757046393208,2.60186151748199,10.1600992620277));
#4992=CARTESIAN_POINT('Ctrl Pts',(-0.150373504271617,2.65159589554433,10.1389121260082));
#4993=CARTESIAN_POINT('Ctrl Pts',(0.166010037849972,2.70133027360667,10.1177249899886));
#4994=CARTESIAN_POINT('Ctrl Pts',(0.509512608855805,2.57854787852767,10.0965378539691));
#4995=CARTESIAN_POINT('Ctrl Pts',(0.722683256088649,2.33952836207678,10.0753507179496));
#4996=CARTESIAN_POINT('Ctrl Pts',(0.878180356493512,2.16517583169445,10.0598957842629));
#4997=CARTESIAN_POINT('Ctrl Pts',(0.964328395392986,1.92897402412914,10.0444408505763));
#4998=CARTESIAN_POINT('Ctrl Pts',(0.966389548570088,1.69412659173689,10.0289859168897));
#4999=CARTESIAN_POINT('Ctrl Pts',(0.966213548046187,1.69415167748315,9.97101408311032));
#5000=CARTESIAN_POINT('Ctrl Pts',(0.964291472060515,1.92292088200138,9.98606206126747));
#5001=CARTESIAN_POINT('Ctrl Pts',(0.883029374943939,2.15291796556836,10.0011100394246));
#5002=CARTESIAN_POINT('Ctrl Pts',(0.734909989417907,2.32555160203331,10.0161580175818));
#5003=CARTESIAN_POINT('Ctrl Pts',(0.526362001409385,2.56861497567277,10.0373451536013));
#5004=CARTESIAN_POINT('Ctrl Pts',(0.185277065986261,2.69796185926376,10.0585322896208));
#5005=CARTESIAN_POINT('Ctrl Pts',(-0.132002033578427,2.65430364251945,10.0797194256403));
#5006=CARTESIAN_POINT('Ctrl Pts',(-0.449281133143118,2.61064542577514,10.1009065616599));
#5007=CARTESIAN_POINT('Ctrl Pts',(-0.742754396849376,2.39398210869553,10.1220936976794));
#5008=CARTESIAN_POINT('Ctrl Pts',(-0.877902758889485,2.10362545360892,10.1432808336989));
#5009=CARTESIAN_POINT('Ctrl Pts',(-1.01305112092959,1.81326879852231,10.1644679697185));
#5010=CARTESIAN_POINT('Ctrl Pts',(-0.989874581303554,1.4492188054287,10.185655105738));
#5011=CARTESIAN_POINT('Ctrl Pts',(-0.818996548839903,1.17834472964269,10.2068422417575));
#5012=CARTESIAN_POINT('Ctrl Pts',(-0.648118516376252,0.907470653856667,
10.228029377777));
#5013=CARTESIAN_POINT('Ctrl Pts',(-0.329538991074988,0.729772495378241,
10.2492165137966));
#5014=CARTESIAN_POINT('Ctrl Pts',(-0.00928497240903828,0.726701593157414,
10.2704036498161));
#5015=CARTESIAN_POINT('Ctrl Pts',(0.310969046256909,0.723630690936587,10.2915907858356));
#5016=CARTESIAN_POINT('Ctrl Pts',(0.632897558287542,0.895187044973357,10.3127779218551));
#5017=CARTESIAN_POINT('Ctrl Pts',(0.808938492286256,1.16273452948689,10.3339650578747));
#5018=CARTESIAN_POINT('Ctrl Pts',(0.911550205988596,1.31868408768956,10.3463147329532));
#5019=CARTESIAN_POINT('Ctrl Pts',(0.964595806112452,1.50724716473958,10.3586644080318));
#5020=CARTESIAN_POINT('Ctrl Pts',(0.965338128871963,1.69542362848555,10.3710140831103));
#5021=CARTESIAN_POINT('Origin',(0.,1.695,8.3));
#5022=CARTESIAN_POINT('',(0.967604522309351,1.69572222504837,10.8289859168897));
#5023=CARTESIAN_POINT('',(0.967766714914622,1.69565251808789,10.7710140831103));
#5024=CARTESIAN_POINT('',(0.96675,1.695,8.3));
#5025=CARTESIAN_POINT('Ctrl Pts',(0.967604522309351,1.69572222504837,10.8289859168897));
#5026=CARTESIAN_POINT('Ctrl Pts',(0.96531239713545,1.42076167577428,10.8108326801244));
#5027=CARTESIAN_POINT('Ctrl Pts',(0.84225612043842,1.14400805012612,10.7926794433592));
#5028=CARTESIAN_POINT('Ctrl Pts',(0.635114812658542,0.964030046673357,10.774526206594));
#5029=CARTESIAN_POINT('Ctrl Pts',(0.393354562409313,0.753972827181752,10.7533390705745));
#5030=CARTESIAN_POINT('Ctrl Pts',(0.0370548724140388,0.675741991109271,
10.7321519345549));
#5031=CARTESIAN_POINT('Ctrl Pts',(-0.270467501341011,0.765196134134316,
10.7109647985354));
#5032=CARTESIAN_POINT('Ctrl Pts',(-0.577989875096061,0.854650277159361,
10.6897776625159));
#5033=CARTESIAN_POINT('Ctrl Pts',(-0.836734932610886,1.11178939928193,10.6685905264963));
#5034=CARTESIAN_POINT('Ctrl Pts',(-0.928101943447373,1.41874888103417,10.6474033904768));
#5035=CARTESIAN_POINT('Ctrl Pts',(-1.01946895428386,1.7257083627864,10.6262162544573));
#5036=CARTESIAN_POINT('Ctrl Pts',(-0.943457918442004,2.08248820416831,10.6050291184378));
#5037=CARTESIAN_POINT('Ctrl Pts',(-0.73490994347175,2.32555156261151,10.5838419824182));
#5038=CARTESIAN_POINT('Ctrl Pts',(-0.526361968501498,2.56861492105471,10.5626548463987));
#5039=CARTESIAN_POINT('Ctrl Pts',(-0.18527705440285,2.69796179655921,10.5414677103792));
#5040=CARTESIAN_POINT('Ctrl Pts',(0.132002025325731,2.65430358254443,10.5202805743597));
#5041=CARTESIAN_POINT('Ctrl Pts',(0.449281105054314,2.61064536852965,10.4990934383401));
#5042=CARTESIAN_POINT('Ctrl Pts',(0.742754350412829,2.39398206499558,10.4779063023206));
#5043=CARTESIAN_POINT('Ctrl Pts',(0.877902704003549,2.10362542806187,10.4567191663011));
#5044=CARTESIAN_POINT('Ctrl Pts',(0.936870922489471,1.97693639966722,10.4474747498306));
#5045=CARTESIAN_POINT('Ctrl Pts',(0.965697721873665,1.83621785498994,10.4382303333601));
#5046=CARTESIAN_POINT('Ctrl Pts',(0.965265543021245,1.69533090512879,10.4289859168897));
#5047=CARTESIAN_POINT('Ctrl Pts',(0.965338128871963,1.69542362848555,10.3710140831103));
#5048=CARTESIAN_POINT('Ctrl Pts',(0.965869337049592,1.83008321570459,10.3798515440513));
#5049=CARTESIAN_POINT('Ctrl Pts',(0.939616704431996,1.96454482318494,10.3886890049923));
#5050=CARTESIAN_POINT('Ctrl Pts',(0.88557719457417,2.08671551903524,10.3975264659333));
#5051=CARTESIAN_POINT('Ctrl Pts',(0.756021606896572,2.37961040907973,10.4187136019528));
#5052=CARTESIAN_POINT('Ctrl Pts',(0.466757075574584,2.6018615741784,10.4399007379723));
#5053=CARTESIAN_POINT('Ctrl Pts',(0.150373513672884,2.65159595535012,10.4610878739918));
#5054=CARTESIAN_POINT('Ctrl Pts',(-0.166010048228816,2.70133033652183,10.4822750100114));
#5055=CARTESIAN_POINT('Ctrl Pts',(-0.509512640710228,2.57854793376658,10.5034621460309));
#5056=CARTESIAN_POINT('Ctrl Pts',(-0.722683301270372,2.33952840237232,10.5246492820504));
#5057=CARTESIAN_POINT('Ctrl Pts',(-0.935853961830516,2.10050887097807,10.54583641807));
#5058=CARTESIAN_POINT('Ctrl Pts',(-1.01869269046939,1.74525221094481,10.5670235540895));
#5059=CARTESIAN_POINT('Ctrl Pts',(-0.93322877650475,1.43659708572403,10.588210690109));
#5060=CARTESIAN_POINT('Ctrl Pts',(-0.847764862540104,1.12794196050326,10.6093978261285));
#5061=CARTESIAN_POINT('Ctrl Pts',(-0.593998305971935,0.865888370094967,
10.6305849621481));
#5062=CARTESIAN_POINT('Ctrl Pts',(-0.28824784633584,0.770553574022441,10.6517720981676));
#5063=CARTESIAN_POINT('Ctrl Pts',(0.0175026133002559,0.675218777949915,
10.6729592341871));
#5064=CARTESIAN_POINT('Ctrl Pts',(0.375236976004277,0.746602776213156,10.6941463702066));
#5065=CARTESIAN_POINT('Ctrl Pts',(0.620980876060217,0.951985352135986,10.7153335062262));
#5066=CARTESIAN_POINT('Ctrl Pts',(0.836255561420595,1.13190302008309,10.7338936985209));
#5067=CARTESIAN_POINT('Ctrl Pts',(0.96558903515001,1.41465087417808,10.7524538908156));
#5068=CARTESIAN_POINT('Ctrl Pts',(0.967766714914622,1.69565251808789,10.7710140831103));
#5069=CARTESIAN_POINT('Origin',(0.,1.695,8.3));
#5070=CARTESIAN_POINT('',(0.967544965863851,1.69425602780319,11.2289859168897));
#5071=CARTESIAN_POINT('',(0.967369062174769,1.69420210354953,11.1710140831103));
#5072=CARTESIAN_POINT('',(0.96675,1.695,8.3));
#5073=CARTESIAN_POINT('Ctrl Pts',(0.967544965863851,1.69425602780319,11.2289859168897));
#5074=CARTESIAN_POINT('Ctrl Pts',(0.967954311876789,1.6461332263698,11.2258092989278));
#5075=CARTESIAN_POINT('Ctrl Pts',(0.96467484095355,1.5980664120769,11.2226326809659));
#5076=CARTESIAN_POINT('Ctrl Pts',(0.957513569248012,1.55058506272645,11.2194560630041));
#5077=CARTESIAN_POINT('Ctrl Pts',(0.909749928948986,1.23389800146978,11.1982689269846));
#5078=CARTESIAN_POINT('Ctrl Pts',(0.68930400706482,0.94325540455356,11.177081790965));
#5079=CARTESIAN_POINT('Ctrl Pts',(0.397221409211377,0.81187880895903,11.1558946549455));
#5080=CARTESIAN_POINT('Ctrl Pts',(0.105138811357936,0.6805022133645,11.134707518926));
#5081=CARTESIAN_POINT('Ctrl Pts',(-0.25858046246478,0.708391619091657,11.1135203829064));
#5082=CARTESIAN_POINT('Ctrl Pts',(-0.527218755873105,0.882763405514457,
11.0923332468869));
#5083=CARTESIAN_POINT('Ctrl Pts',(-0.795857049281431,1.05713519193726,11.0711461108674));
#5084=CARTESIAN_POINT('Ctrl Pts',(-0.969414362275364,1.37798935905571,11.0499589748479));
#5085=CARTESIAN_POINT('Ctrl Pts',(-0.968337387491887,1.69825627137981,11.0287718388283));
#5086=CARTESIAN_POINT('Ctrl Pts',(-0.967260412708409,2.01852318370391,11.0075847028088));
#5087=CARTESIAN_POINT('Ctrl Pts',(-0.791549150147524,2.33820284123366,10.9863975667893));
#5088=CARTESIAN_POINT('Ctrl Pts',(-0.521744209161371,2.51076398343258,10.9652104307697));
#5089=CARTESIAN_POINT('Ctrl Pts',(-0.251939268175217,2.68332512563149,10.9440232947502));
#5090=CARTESIAN_POINT('Ctrl Pts',(0.111959351236204,2.70876775249955,10.9228361587307));
#5091=CARTESIAN_POINT('Ctrl Pts',(0.403151779819668,2.57542974803672,10.9016490227112));
#5092=CARTESIAN_POINT('Ctrl Pts',(0.694344208403132,2.44209174357388,10.8804618866916));
#5093=CARTESIAN_POINT('Ctrl Pts',(0.912830446158639,2.14997310778015,10.8592747506721));
#5094=CARTESIAN_POINT('Ctrl Pts',(0.958463159784798,1.83297198842792,10.8380876146526));
#5095=CARTESIAN_POINT('Ctrl Pts',(0.964997551960996,1.78757890374066,10.8350537153983));
#5096=CARTESIAN_POINT('Ctrl Pts',(0.967987598724086,1.74167560604554,10.832019816144));
#5097=CARTESIAN_POINT('Ctrl Pts',(0.967604522309351,1.69572222504837,10.8289859168897));
#5098=CARTESIAN_POINT('Ctrl Pts',(0.967766714914622,1.69565251808789,10.7710140831103));
#5099=CARTESIAN_POINT('Ctrl Pts',(0.968074935977285,1.73542449315202,10.7736410268351));
#5100=CARTESIAN_POINT('Ctrl Pts',(0.965835900126337,1.7751614871443,10.77626797056));
#5101=CARTESIAN_POINT('Ctrl Pts',(0.960932750075518,1.81456699059669,10.7788949142848));
#5102=CARTESIAN_POINT('Ctrl Pts',(0.921387286627023,2.13238489955215,10.8000820503043));
#5103=CARTESIAN_POINT('Ctrl Pts',(0.708542922322172,2.42863956388067,10.8212691863238));
#5104=CARTESIAN_POINT('Ctrl Pts',(0.419960929684666,2.56753700955637,10.8424563223433));
#5105=CARTESIAN_POINT('Ctrl Pts',(0.131378937047163,2.70643445523207,10.8636434583629));
#5106=CARTESIAN_POINT('Ctrl Pts',(-0.232940683922994,2.68797468225496,10.8848305943824));
#5107=CARTESIAN_POINT('Ctrl Pts',(-0.506005088898763,2.52061907995258,10.9060177304019));
#5108=CARTESIAN_POINT('Ctrl Pts',(-0.779069493874535,2.3532634776502,10.9272048664215));
#5109=CARTESIAN_POINT('Ctrl Pts',(-0.960878682855917,2.03701204602256,10.948392002441));
#5110=CARTESIAN_POINT('Ctrl Pts',(-0.968096947533193,1.71682465760235,10.9695791384605));
#5111=CARTESIAN_POINT('Ctrl Pts',(-0.975315212210469,1.39663726918214,10.99076627448));
#5112=CARTESIAN_POINT('Ctrl Pts',(-0.807942552583638,1.07251392396936,11.0119534104996));
#5113=CARTESIAN_POINT('Ctrl Pts',(-0.542697418628263,0.893022738565584,
11.0331405465191));
#5114=CARTESIAN_POINT('Ctrl Pts',(-0.27745228467289,0.713531553161807,11.0543276825386));
#5115=CARTESIAN_POINT('Ctrl Pts',(0.0856653236110319,0.678672527567022,
11.0755148185582));
#5116=CARTESIAN_POINT('Ctrl Pts',(0.380213527820753,0.80442395777993,11.0967019545777));
#5117=CARTESIAN_POINT('Ctrl Pts',(0.674761732030474,0.930175387992837,11.1178890905972));
#5118=CARTESIAN_POINT('Ctrl Pts',(0.900740532165996,1.21653727401343,11.1390762266167));
#5119=CARTESIAN_POINT('Ctrl Pts',(0.954568235563178,1.53225019134968,11.1602633626363));
#5120=CARTESIAN_POINT('Ctrl Pts',(0.963672605819581,1.58564959561089,11.1638469361276));
#5121=CARTESIAN_POINT('Ctrl Pts',(0.967852070423171,1.63988867538263,11.167430509619));
#5122=CARTESIAN_POINT('Ctrl Pts',(0.967369062174769,1.69420210354953,11.1710140831103));
#5123=CARTESIAN_POINT('Origin',(0.,1.695,8.3));
#5124=CARTESIAN_POINT('',(0.965244206372361,1.69470331762034,11.6289859168897));
#5125=CARTESIAN_POINT('',(0.965196967262699,1.69480097735398,11.5710140831103));
#5126=CARTESIAN_POINT('',(0.96675,1.695,8.3));
#5127=CARTESIAN_POINT('Ctrl Pts',(0.965244206372361,1.69470331762034,11.6289859168897));
#5128=CARTESIAN_POINT('Ctrl Pts',(0.965638180412089,1.55163305500353,11.6195987817116));
#5129=CARTESIAN_POINT('Ctrl Pts',(0.93587722720232,1.40871850405126,11.6102116465336));
#5130=CARTESIAN_POINT('Ctrl Pts',(0.875134880996528,1.28047900210667,11.6008245113556));
#5131=CARTESIAN_POINT('Ctrl Pts',(0.738036998969747,0.991037365308384,11.579637375336));
#5132=CARTESIAN_POINT('Ctrl Pts',(0.443112841961275,0.776353771841201,11.5584502393165));
#5133=CARTESIAN_POINT('Ctrl Pts',(0.125547223034679,0.734830635462397,11.537263103297));
#5134=CARTESIAN_POINT('Ctrl Pts',(-0.192018395891912,0.693307499083593,
11.5160759672775));
#5135=CARTESIAN_POINT('Ctrl Pts',(-0.532225476736631,0.824944819793164,
11.4948888312579));
#5136=CARTESIAN_POINT('Ctrl Pts',(-0.739133984680894,1.06940511680255,11.4737016952384));
#5137=CARTESIAN_POINT('Ctrl Pts',(-0.946042492625163,1.31386541381194,11.4525145592189));
#5138=CARTESIAN_POINT('Ctrl Pts',(-1.01965242766897,1.67114868712114,11.4313274231993));
#5139=CARTESIAN_POINT('Ctrl Pts',(-0.926223080852508,1.97748681662519,11.4101402871798));
#5140=CARTESIAN_POINT('Ctrl Pts',(-0.832793734036047,2.28382494612922,11.3889531511603));
#5141=CARTESIAN_POINT('Ctrl Pts',(-0.572325105359322,2.5392179318281,11.3677660151408));
#5142=CARTESIAN_POINT('Ctrl Pts',(-0.264208057078064,2.62660180095261,11.3465788791212));
#5143=CARTESIAN_POINT('Ctrl Pts',(0.0439089912032041,2.71398567007711,11.3253917431017));
#5144=CARTESIAN_POINT('Ctrl Pts',(0.399674459089011,2.63336042262722,11.3042046070822));
#5145=CARTESIAN_POINT('Ctrl Pts',(0.64001651367497,2.42168203610372,11.2830174710627));
#5146=CARTESIAN_POINT('Ctrl Pts',(0.844323736234264,2.24174089637704,11.265006953005));
#5147=CARTESIAN_POINT('Ctrl Pts',(0.965224090692094,1.96709859011494,11.2469964349473));
#5148=CARTESIAN_POINT('Ctrl Pts',(0.967544965863851,1.69425602780319,11.2289859168897));
#5149=CARTESIAN_POINT('Ctrl Pts',(0.967369062174769,1.69420210354953,11.1710140831103));
#5150=CARTESIAN_POINT('Ctrl Pts',(0.964996384197639,1.961005569744,11.1886176456385));
#5151=CARTESIAN_POINT('Ctrl Pts',(0.850115339560845,2.22960310890557,11.2062212081667));
#5152=CARTESIAN_POINT('Ctrl Pts',(0.653833840940383,2.40927538641282,11.2238247706949));
#5153=CARTESIAN_POINT('Ctrl Pts',(0.417595136261573,2.62552371548778,11.2450119067144));
#5154=CARTESIAN_POINT('Ctrl Pts',(0.0634411202451176,2.71295642498578,11.2661990427339));
#5155=CARTESIAN_POINT('Ctrl Pts',(-0.246294965574356,2.63149708661072,11.2873861787534));
#5156=CARTESIAN_POINT('Ctrl Pts',(-0.556031051393832,2.55003774823567,11.308573314773));
#5157=CARTESIAN_POINT('Ctrl Pts',(-0.821349207016326,2.29968636198756,11.3297604507925));
#5158=CARTESIAN_POINT('Ctrl Pts',(-0.920635789535129,1.99519621857179,11.350947586812));
#5159=CARTESIAN_POINT('Ctrl Pts',(-1.01992237205393,1.69070607515603,11.3721347228316));
#5160=CARTESIAN_POINT('Ctrl Pts',(-0.953177381469044,1.33207717457261,11.3933218588511));
#5161=CARTESIAN_POINT('Ctrl Pts',(-0.750994671534037,1.08369398837648,11.4145089948706));
#5162=CARTESIAN_POINT('Ctrl Pts',(-0.548811961599027,0.835310802180338,
11.4356961308901));
#5163=CARTESIAN_POINT('Ctrl Pts',(-0.211191532313896,0.697173330371478,
11.4568832669097));
#5164=CARTESIAN_POINT('Ctrl Pts',(0.107111883719085,0.732599368831297,11.4780704029292));
#5165=CARTESIAN_POINT('Ctrl Pts',(0.425415299752063,0.768025407291116,11.4992575389487));
#5166=CARTESIAN_POINT('Ctrl Pts',(0.724401702532889,0.977014956019611,11.5204446749682));
#5167=CARTESIAN_POINT('Ctrl Pts',(0.867024919772547,1.26377395421068,11.5416318109878));
#5168=CARTESIAN_POINT('Ctrl Pts',(0.932954771044375,1.39633286339464,11.5514259016953));
#5169=CARTESIAN_POINT('Ctrl Pts',(0.965471408952406,1.54551030845124,11.5612199924028));
#5170=CARTESIAN_POINT('Ctrl Pts',(0.965196967262699,1.69480097735398,11.5710140831103));
#5171=CARTESIAN_POINT('Origin',(0.,1.695,8.3));
#5172=CARTESIAN_POINT('',(0.966429905820202,1.69594165414338,12.0289859168897));
#5173=CARTESIAN_POINT('',(0.966635235605455,1.69589727817626,11.9710140831103));
#5174=CARTESIAN_POINT('',(0.96675,1.695,8.3));
#5175=CARTESIAN_POINT('Ctrl Pts',(0.966429905820202,1.69594165414338,12.0289859168897));
#5176=CARTESIAN_POINT('Ctrl Pts',(0.964328858690937,1.45895329781939,12.0133882644955));
#5177=CARTESIAN_POINT('Ctrl Pts',(0.876448575200893,1.22051966682344,11.9977906121013));
#5178=CARTESIAN_POINT('Ctrl Pts',(0.718342274846956,1.04559856320944,11.9821929597071));
#5179=CARTESIAN_POINT('Ctrl Pts',(0.503577924002143,0.807993754402811,11.9610058236876));
#5180=CARTESIAN_POINT('Ctrl Pts',(0.159237721836202,0.68757756275814,11.939818687668));
#5181=CARTESIAN_POINT('Ctrl Pts',(-0.156808870338766,0.739451337367766,
11.9186315516485));
#5182=CARTESIAN_POINT('Ctrl Pts',(-0.472855462513735,0.791325111977391,
11.897444415629));
#5183=CARTESIAN_POINT('Ctrl Pts',(-0.760608444697734,1.01548885284131,11.8762572796094));
#5184=CARTESIAN_POINT('Ctrl Pts',(-0.888188806483997,1.3092417750196,11.8550701435899));
#5185=CARTESIAN_POINT('Ctrl Pts',(-1.01576916827026,1.6029946971979,11.8338830075704));
#5186=CARTESIAN_POINT('Ctrl Pts',(-0.983176909658788,1.96633680069057,11.8126958715509));
#5187=CARTESIAN_POINT('Ctrl Pts',(-0.805341881359209,2.2326977390289,11.7915087355313));
#5188=CARTESIAN_POINT('Ctrl Pts',(-0.627506853059634,2.49905867736723,11.7703215995118));
#5189=CARTESIAN_POINT('Ctrl Pts',(-0.304429055071958,2.66843845055123,11.7491344634923));
#5190=CARTESIAN_POINT('Ctrl Pts',(0.0157977162881753,2.66321196638132,11.7279473274727));
#5191=CARTESIAN_POINT('Ctrl Pts',(0.336024487648309,2.6579854822114,11.7067601914532));
#5192=CARTESIAN_POINT('Ctrl Pts',(0.653400232380904,2.47815274068757,11.6855730554337));
#5193=CARTESIAN_POINT('Ctrl Pts',(0.822452301224653,2.20613652986096,11.6643859194142));
#5194=CARTESIAN_POINT('Ctrl Pts',(0.916604458117124,2.05463934243101,11.6525859185727));
#5195=CARTESIAN_POINT('Ctrl Pts',(0.964748965394986,1.87454830624073,11.6407859177312));
#5196=CARTESIAN_POINT('Ctrl Pts',(0.965244206372361,1.69470331762034,11.6289859168897));
#5197=CARTESIAN_POINT('Ctrl Pts',(0.965196967262699,1.69480097735398,11.5710140831103));
#5198=CARTESIAN_POINT('Ctrl Pts',(0.964877721025379,1.86846440423679,11.5824071284223));
#5199=CARTESIAN_POINT('Ctrl Pts',(0.92018666721733,2.04228104189442,11.5938001737343));
#5200=CARTESIAN_POINT('Ctrl Pts',(0.832103094850078,2.19027019038544,11.6051932190464));
#5201=CARTESIAN_POINT('Ctrl Pts',(0.668298020989461,2.46547898071548,11.6263803550659));
#5202=CARTESIAN_POINT('Ctrl Pts',(0.354427841569736,2.65136811372191,11.6475674910854));
#5203=CARTESIAN_POINT('Ctrl Pts',(0.0343607393572127,2.66273280009555,11.6687546271049));
#5204=CARTESIAN_POINT('Ctrl Pts',(-0.28570636285531,2.67409748646918,11.6899417631245));
#5205=CARTESIAN_POINT('Ctrl Pts',(-0.611970387860631,2.51093772621001,11.711128899144));
#5206=CARTESIAN_POINT('Ctrl Pts',(-0.794881619705597,2.24803891711582,11.7323160351635));
#5207=CARTESIAN_POINT('Ctrl Pts',(-0.977792851550562,1.98514010802164,11.7535031711831));
#5208=CARTESIAN_POINT('Ctrl Pts',(-1.01735129023517,1.62250225009243,11.7746903072026));
#5209=CARTESIAN_POINT('Ctrl Pts',(-0.895425297768788,1.32635112778971,11.7958774432221));
#5210=CARTESIAN_POINT('Ctrl Pts',(-0.773499305302405,1.030200005487,11.8170645792416));
#5211=CARTESIAN_POINT('Ctrl Pts',(-0.490088881685031,0.800535618810775,
11.8382517152612));
#5212=CARTESIAN_POINT('Ctrl Pts',(-0.175099207010509,0.742621727335613,
11.8594388512807));
#5213=CARTESIAN_POINT('Ctrl Pts',(0.139890467664013,0.684707835860452,11.8806259873002));
#5214=CARTESIAN_POINT('Ctrl Pts',(0.486459393395682,0.798544439586356,11.9018131233198));
#5215=CARTESIAN_POINT('Ctrl Pts',(0.705748432122209,1.03196631922636,11.9230002593393));
#5216=CARTESIAN_POINT('Ctrl Pts',(0.871397771586739,1.20829150357429,11.939004867263));
#5217=CARTESIAN_POINT('Ctrl Pts',(0.964418899418629,1.45285421493139,11.9550094751866));
#5218=CARTESIAN_POINT('Ctrl Pts',(0.966635235605455,1.69589727817626,11.9710140831103));
#5219=CARTESIAN_POINT('Origin',(0.,1.695,7.56047744069761));
#5220=CARTESIAN_POINT('',(0.738755314611978,1.6957198163041,12.1604774406976));
#5221=CARTESIAN_POINT('',(0.740094620748141,1.69492356092226,12.2395225593024));
#5222=CARTESIAN_POINT('',(0.739,1.69500000000004,7.56047744069761));
#5223=CARTESIAN_POINT('',(-0.430797764194811,2.29695039413419,12.3));
#5224=CARTESIAN_POINT('Ctrl Pts',(0.738755314611978,1.6957198163041,12.1604774406976));
#5225=CARTESIAN_POINT('Ctrl Pts',(0.739330858574672,1.76063850175953,12.1660669243229));
#5226=CARTESIAN_POINT('Ctrl Pts',(0.701749368976179,2.07095411129873,12.1928435439678));
#5227=CARTESIAN_POINT('Ctrl Pts',(0.279027444615375,2.5131946134173,12.2393510637353));
#5228=CARTESIAN_POINT('Ctrl Pts',(-0.244595760604683,2.42877640929935,12.2802690998774));
#5229=CARTESIAN_POINT('Ctrl Pts',(-0.430804865691594,2.29695692202153,12.3));
#5230=CARTESIAN_POINT('',(0.42987737795236,2.29610435027939,12.3));
#5231=CARTESIAN_POINT('Origin',(0.,1.695,12.3));
#5232=CARTESIAN_POINT('Ctrl Pts',(0.740094620748141,1.69492356092226,12.2395225593024));
#5233=CARTESIAN_POINT('Ctrl Pts',(0.739248189559126,1.92744808120198,12.2596817062016));
#5234=CARTESIAN_POINT('Ctrl Pts',(0.620222563964521,2.15997974989889,12.2798408531008));
#5235=CARTESIAN_POINT('Ctrl Pts',(0.42987737795236,2.29610435027939,12.3));
#5236=CARTESIAN_POINT('Origin',(0.,1.695,7.56047744069761));
#5237=CARTESIAN_POINT('',(0.737848945962425,1.69477321098674,11.7604774406976));
#5238=CARTESIAN_POINT('',(0.738912272161811,1.69568589456663,11.8395225593024));
#5239=CARTESIAN_POINT('',(0.739,1.69500000000004,7.56047744069761));
#5240=CARTESIAN_POINT('Ctrl Pts',(0.737848945962425,1.69477321098674,11.7604774406976));
#5241=CARTESIAN_POINT('Ctrl Pts',(0.737470375409253,1.83224975258536,11.7722774415391));
#5242=CARTESIAN_POINT('Ctrl Pts',(0.634588330434397,2.217093946295,11.8052645784001));
#5243=CARTESIAN_POINT('Ctrl Pts',(0.0142554135140464,2.56858951884183,11.8594388512807));
#5244=CARTESIAN_POINT('Ctrl Pts',(-0.726642934702838,2.1801592554346,11.9230002593393));
#5245=CARTESIAN_POINT('Ctrl Pts',(-0.801385150727282,1.34692476519075,11.9865616673978));
#5246=CARTESIAN_POINT('Ctrl Pts',(-0.141495456905783,0.832861136025706,
12.0501230754564));
#5247=CARTESIAN_POINT('Ctrl Pts',(0.578721679439463,1.08472195323617,12.1080949998897));
#5248=CARTESIAN_POINT('Ctrl Pts',(0.737149238761427,1.51456192096048,12.1448797883034));
#5249=CARTESIAN_POINT('Ctrl Pts',(0.738755314611978,1.6957198163041,12.1604774406976));
#5250=CARTESIAN_POINT('Ctrl Pts',(0.738912272161811,1.69568589456663,11.8395225593024));
#5251=CARTESIAN_POINT('Ctrl Pts',(0.739460880647494,1.75584621125303,11.8447050873982));
#5252=CARTESIAN_POINT('Ctrl Pts',(0.705218764032635,2.06133329155767,11.8710747515136));
#5253=CARTESIAN_POINT('Ctrl Pts',(0.281603226575601,2.52204547829502,11.9186315516485));
#5254=CARTESIAN_POINT('Ctrl Pts',(-0.542760305886044,2.37977425234733,11.9821929597071));
#5255=CARTESIAN_POINT('Ctrl Pts',(-0.869498467505661,1.60944908107076,12.0457543677657));
#5256=CARTESIAN_POINT('Ctrl Pts',(-0.399241985790745,0.918118201497666,
12.1093157758243));
#5257=CARTESIAN_POINT('Ctrl Pts',(0.437220857436608,0.93788917700013,12.1728771838828));
#5258=CARTESIAN_POINT('Ctrl Pts',(0.734429531788314,1.42682759821965,12.2162794450422));
#5259=CARTESIAN_POINT('Ctrl Pts',(0.740137783390775,1.68306627954764,12.2384945701821));
#5260=CARTESIAN_POINT('Ctrl Pts',(0.740094620748141,1.69492356092226,12.2395225593024));
#5261=CARTESIAN_POINT('Origin',(0.,1.695,7.56047744069761));
#5262=CARTESIAN_POINT('',(0.739607685309942,1.69443129510894,11.3604774406976));
#5263=CARTESIAN_POINT('',(0.737812835590519,1.69484786373376,11.4395225593024));
#5264=CARTESIAN_POINT('',(0.739,1.69500000000004,7.56047744069761));
#5265=CARTESIAN_POINT('Ctrl Pts',(0.739607685309941,1.69443129510894,11.3604774406976));
#5266=CARTESIAN_POINT('Ctrl Pts',(0.737833569197263,1.90299675003357,11.3784879587553));
#5267=CARTESIAN_POINT('Ctrl Pts',(0.536696692243892,2.35990769962137,11.4176856128325));
#5268=CARTESIAN_POINT('Ctrl Pts',(-0.238388348868316,2.53556112547447,11.4780704029292));
#5269=CARTESIAN_POINT('Ctrl Pts',(-0.83570818313395,1.94988101242101,11.5416318109878));
#5270=CARTESIAN_POINT('Ctrl Pts',(-0.66690215676505,1.1305409380207,11.6051932190464));
#5271=CARTESIAN_POINT('Ctrl Pts',(0.11327792933037,0.828663575710786,11.6687546271049));
#5272=CARTESIAN_POINT('Ctrl Pts',(0.664053189713345,1.2295883873343,11.720516034322));
#5273=CARTESIAN_POINT('Ctrl Pts',(0.738150106361038,1.58540788998977,11.7510903055196));
#5274=CARTESIAN_POINT('Ctrl Pts',(0.737848945962425,1.69477321098674,11.7604774406976));
#5275=CARTESIAN_POINT('Ctrl Pts',(0.737812835590519,1.69484786373376,11.4395225593024));
#5276=CARTESIAN_POINT('Ctrl Pts',(0.73756879838402,1.82759911531524,11.4509156046144));
#5277=CARTESIAN_POINT('Ctrl Pts',(0.639875555621527,2.20755683687131,11.4834957859459));
#5278=CARTESIAN_POINT('Ctrl Pts',(0.031002960774602,2.56816069855935,11.537263103297));
#5279=CARTESIAN_POINT('Ctrl Pts',(-0.717202204404388,2.19399448341108,11.6008245113556));
#5280=CARTESIAN_POINT('Ctrl Pts',(-0.807919616934799,1.36237500471541,11.6643859194141));
#5281=CARTESIAN_POINT('Ctrl Pts',(-0.157988498072915,0.835697016340758,
11.7279473274728));
#5282=CARTESIAN_POINT('Ctrl Pts',(0.571978761434653,1.07546748473465,11.7863262074355));
#5283=CARTESIAN_POINT('Ctrl Pts',(0.737218067411817,1.50989967916661,11.8235179513787));
#5284=CARTESIAN_POINT('Ctrl Pts',(0.738912272161811,1.69568589456663,11.8395225593024));
#5285=CARTESIAN_POINT('Origin',(0.,1.695,7.56047744069761));
#5286=CARTESIAN_POINT('',(0.73965321126104,1.69555208100415,10.9604774406976));
#5287=CARTESIAN_POINT('',(0.739473221564163,1.69439007450026,11.0395225593024));
#5288=CARTESIAN_POINT('',(0.739,1.69500000000004,7.56047744069761));
#5289=CARTESIAN_POINT('Ctrl Pts',(0.73965321126104,1.69555208100415,10.9604774406976));
#5290=CARTESIAN_POINT('Ctrl Pts',(0.739946041331366,1.73067962024068,10.9635113399519));
#5291=CARTESIAN_POINT('Ctrl Pts',(0.721698692051115,2.01081353536797,10.9877323752257));
#5292=CARTESIAN_POINT('Ctrl Pts',(0.363753856021293,2.4893899357152,11.0331405465191));
#5293=CARTESIAN_POINT('Ctrl Pts',(-0.470756864677044,2.43104361684631,11.0967019545777));
#5294=CARTESIAN_POINT('Ctrl Pts',(-0.873706819781754,1.69793805621173,11.1602633626363));
#5295=CARTESIAN_POINT('Ctrl Pts',(-0.475696410774713,0.962139050779518,
11.2238247706948));
#5296=CARTESIAN_POINT('Ctrl Pts',(0.358403025547983,0.898181654868372,11.2873861787534));
#5297=CARTESIAN_POINT('Ctrl Pts',(0.720693519526145,1.37583644252738,11.3329370687544));
#5298=CARTESIAN_POINT('Ctrl Pts',(0.739920596304058,1.65764541431321,11.3573008227358));
#5299=CARTESIAN_POINT('Ctrl Pts',(0.739607685309941,1.69443129510894,11.3604774406976));
#5300=CARTESIAN_POINT('Ctrl Pts',(0.739473221564163,1.69439007450026,11.0395225593024));
#5301=CARTESIAN_POINT('Ctrl Pts',(0.737659506513627,1.89833914252995,11.0571261218306));
#5302=CARTESIAN_POINT('Ctrl Pts',(0.544148502176937,2.35077739924885,11.0959168203783));
#5303=CARTESIAN_POINT('Ctrl Pts',(-0.222225839125968,2.53997809194053,11.1558946549455));
#5304=CARTESIAN_POINT('Ctrl Pts',(-0.830666853881654,1.96585962976099,11.2194560630041));
#5305=CARTESIAN_POINT('Ctrl Pts',(-0.677603865387521,1.14343369483115,11.2830174710627));
#5306=CARTESIAN_POINT('Ctrl Pts',(0.0966443805138358,0.826649857230696,
11.3465788791212));
#5307=CARTESIAN_POINT('Ctrl Pts',(0.659395863308513,1.22000947941314,11.3987472418678));
#5308=CARTESIAN_POINT('Ctrl Pts',(0.738022623445391,1.58072755929195,11.4297284685949));
#5309=CARTESIAN_POINT('Ctrl Pts',(0.737812835590519,1.69484786373376,11.4395225593024));
#5310=CARTESIAN_POINT('Origin',(0.,1.695,7.56047744069761));
#5311=CARTESIAN_POINT('',(0.737865256056582,1.69525294945973,10.5604774406976));
#5312=CARTESIAN_POINT('',(0.739777194023177,1.69549879582826,10.6395225593024));
#5313=CARTESIAN_POINT('',(0.739,1.69500000000004,7.56047744069761));
#5314=CARTESIAN_POINT('Ctrl Pts',(0.737865256056581,1.69525294945973,10.5604774406976));
#5315=CARTESIAN_POINT('Ctrl Pts',(0.73819562085817,1.80294930937427,10.5697218571681));
#5316=CARTESIAN_POINT('Ctrl Pts',(0.665656666747003,2.15704953114677,10.6001534096581));
#5317=CARTESIAN_POINT('Ctrl Pts',(0.119102154967871,2.56055584034661,10.6517720981676));
#5318=CARTESIAN_POINT('Ctrl Pts',(-0.66309102274788,2.26393104283589,10.7153335062262));
#5319=CARTESIAN_POINT('Ctrl Pts',(-0.837403374918957,1.44574546399578,10.7788949142848));
#5320=CARTESIAN_POINT('Ctrl Pts',(-0.244036121223197,0.856061022572728,
10.8424563223433));
#5321=CARTESIAN_POINT('Ctrl Pts',(0.534047452547265,1.02690071236066,10.9029838311476));
#5322=CARTESIAN_POINT('Ctrl Pts',(0.737901072131476,1.48536760113495,10.9423242039324));
#5323=CARTESIAN_POINT('Ctrl Pts',(0.73965321126104,1.69555208100415,10.9604774406976));
#5324=CARTESIAN_POINT('Ctrl Pts',(0.739777194023177,1.69549879582826,10.6395225593024));
#5325=CARTESIAN_POINT('Ctrl Pts',(0.740012803400272,1.72590116414726,10.6421495030272));
#5326=CARTESIAN_POINT('Ctrl Pts',(0.724496997450924,2.0012658875541,10.6659635827715));
#5327=CARTESIAN_POINT('Ctrl Pts',(0.378920335531205,2.48226851269365,10.7109647985354));
#5328=CARTESIAN_POINT('Ctrl Pts',(-0.456555847236668,2.43993562757313,10.774526206594));
#5329=CARTESIAN_POINT('Ctrl Pts',(-0.873489875653234,1.71469184798328,10.8380876146526));
#5330=CARTESIAN_POINT('Ctrl Pts',(-0.489662426578821,0.971395797984087,
10.9016490227112));
#5331=CARTESIAN_POINT('Ctrl Pts',(0.343057239896942,0.891455317256258,10.9652104307697));
#5332=CARTESIAN_POINT('Ctrl Pts',(0.717758680124111,1.36627955321881,11.0111682763002));
#5333=CARTESIAN_POINT('Ctrl Pts',(0.739842441213058,1.65287197425165,11.035938985811));
#5334=CARTESIAN_POINT('Ctrl Pts',(0.739473221564163,1.69439007450026,11.0395225593024));
#5335=CARTESIAN_POINT('Origin',(0.,1.695,7.56047744069761));
#5336=CARTESIAN_POINT('',(0.738724464849542,1.69433235199746,10.1604774406976));
#5337=CARTESIAN_POINT('',(0.737920741904713,1.69532382875701,10.2395225593024));
#5338=CARTESIAN_POINT('',(0.739,1.69500000000004,7.56047744069761));
#5339=CARTESIAN_POINT('Ctrl Pts',(0.738724464849542,1.69433235199746,10.1604774406976));
#5340=CARTESIAN_POINT('Ctrl Pts',(0.737148884608657,1.87385368899035,10.1759323743842));
#5341=CARTESIAN_POINT('Ctrl Pts',(0.581018113821042,2.3019350562242,10.2125744440904));
#5342=CARTESIAN_POINT('Ctrl Pts',(-0.1356782849777,2.55811276147785,10.2704036498161));
#5343=CARTESIAN_POINT('Ctrl Pts',(-0.799034298266752,2.04843517966395,10.3339650578747));
#5344=CARTESIAN_POINT('Ctrl Pts',(-0.729885101474448,1.21475009143534,10.3975264659333));
#5345=CARTESIAN_POINT('Ctrl Pts',(0.00837759989701963,0.821328407317499,
10.4610878739918));
#5346=CARTESIAN_POINT('Ctrl Pts',(0.632703776908788,1.16956676896356,10.51540486558));
#5347=CARTESIAN_POINT('Ctrl Pts',(0.737438462847203,1.55612167740775,10.5485347211486));
#5348=CARTESIAN_POINT('Ctrl Pts',(0.737865256056581,1.69525294945973,10.5604774406976));
#5349=CARTESIAN_POINT('Ctrl Pts',(0.737920741904713,1.69532382875701,10.2395225593024));
#5350=CARTESIAN_POINT('Ctrl Pts',(0.738326806392186,1.79825988767076,10.2483600202434));
#5351=CARTESIAN_POINT('Ctrl Pts',(0.670147465631999,2.14746310431958,10.2783846172039));
#5352=CARTESIAN_POINT('Ctrl Pts',(0.135678293460212,2.55811281543912,10.3295963501839));
#5353=CARTESIAN_POINT('Ctrl Pts',(-0.652059226613523,2.27654199888013,10.3931577582425));
#5354=CARTESIAN_POINT('Ctrl Pts',(-0.842029189264043,1.46184945655405,10.4567191663011));
#5355=CARTESIAN_POINT('Ctrl Pts',(-0.260078885760922,0.860894907875303,
10.5202805743596));
#5356=CARTESIAN_POINT('Ctrl Pts',(0.526390206029078,1.0178306516436,10.5812150386934));
#5357=CARTESIAN_POINT('Ctrl Pts',(0.738112538894092,1.48069640136294,10.6209623670077));
#5358=CARTESIAN_POINT('Ctrl Pts',(0.739777194023177,1.69549879582826,10.6395225593024));
#5359=CARTESIAN_POINT('Origin',(0.,1.695,7.56047744069761));
#5360=CARTESIAN_POINT('',(0.740199901025176,1.69510316952789,9.76047744069761));
#5361=CARTESIAN_POINT('',(0.738589927081595,1.6943515279649,9.83952255930239));
#5362=CARTESIAN_POINT('',(0.739,1.69500000000004,7.56047744069761));
#5363=CARTESIAN_POINT('Ctrl Pts',(0.740199901025176,1.69510316952789,9.76047744069761));
#5364=CARTESIAN_POINT('Ctrl Pts',(0.740210698322882,1.70063048704048,9.76095575558088));
#5365=CARTESIAN_POINT('Ctrl Pts',(0.737649348907524,1.95098212463592,9.78262120648368));
#5366=CARTESIAN_POINT('Ctrl Pts',(0.456555818692919,2.4399355809983,9.82547379340602));
#5367=CARTESIAN_POINT('Ctrl Pts',(-0.378920311841267,2.48226846347513,9.88903520146458));
#5368=CARTESIAN_POINT('Ctrl Pts',(-0.867025743610158,1.80288232460228,9.95259660952318));
#5369=CARTESIAN_POINT('Ctrl Pts',(-0.560295614627138,1.02459634534054,10.0161580175818));
#5370=CARTESIAN_POINT('Ctrl Pts',(0.260078869500948,0.860894960022887,10.0797194256404));
#5371=CARTESIAN_POINT('Ctrl Pts',(0.700528136848095,1.3157275962141,10.1278259000123));
#5372=CARTESIAN_POINT('Ctrl Pts',(0.73930884424033,1.62774826645038,10.1547452383647));
#5373=CARTESIAN_POINT('Ctrl Pts',(0.738724464849542,1.69433235199746,10.1604774406976));
#5374=CARTESIAN_POINT('Ctrl Pts',(0.738589927081595,1.6943515279649,9.83952255930239));
#5375=CARTESIAN_POINT('Ctrl Pts',(0.737120659790758,1.86922656508822,9.85457053745953));
#5376=CARTESIAN_POINT('Ctrl Pts',(0.587541955967296,2.29258095617377,9.89080565163621));
#5377=CARTESIAN_POINT('Ctrl Pts',(-0.119102162414119,2.56055589446047,9.94822790183241));
#5378=CARTESIAN_POINT('Ctrl Pts',(-0.792109895164849,2.06369261650288,10.011789309891));
#5379=CARTESIAN_POINT('Ctrl Pts',(-0.738960282182236,1.22883475801978,10.0753507179496));
#5380=CARTESIAN_POINT('Ctrl Pts',(-0.00837760042076508,0.821328352696109,
10.1389121260082));
#5381=CARTESIAN_POINT('Ctrl Pts',(0.627238456374876,1.16004943267525,10.1936360731258));
#5382=CARTESIAN_POINT('Ctrl Pts',(0.737353297871328,1.5514785670986,10.2271728842238));
#5383=CARTESIAN_POINT('Ctrl Pts',(0.737920741904713,1.69532382875701,10.2395225593024));
#5384=CARTESIAN_POINT('Origin',(0.,1.695,7.56047744069761));
#5385=CARTESIAN_POINT('',(0.738418513459168,1.69560849373509,9.36047744069761));
#5386=CARTESIAN_POINT('',(0.740217404341239,1.69501546700737,9.43952255930239));
#5387=CARTESIAN_POINT('',(0.739,1.69500000000004,7.56047744069761));
#5388=CARTESIAN_POINT('Ctrl Pts',(0.738418513459167,1.69560849373509,9.36047744069761));
#5389=CARTESIAN_POINT('Ctrl Pts',(0.739021196370622,1.77338613246583,9.36716627279705));
#5390=CARTESIAN_POINT('Ctrl Pts',(0.691881924974691,2.09681554489413,9.39504224091601));
#5391=CARTESIAN_POINT('Ctrl Pts',(0.222225825229748,2.53997803904079,9.44410534505451));
#5392=CARTESIAN_POINT('Ctrl Pts',(-0.589938027282631,2.33947293975943,9.50766675311309));
#5393=CARTESIAN_POINT('Ctrl Pts',(-0.86128320094692,1.54815488815056,9.57122816117168));
#5394=CARTESIAN_POINT('Ctrl Pts',(-0.343057218448501,0.891455367505246,
9.63478956923025));
#5395=CARTESIAN_POINT('Ctrl Pts',(0.483395980582937,0.970794271910108,9.69787266240557));
#5396=CARTESIAN_POINT('Ctrl Pts',(0.739732427996902,1.45579589782206,9.73976861956135));
#5397=CARTESIAN_POINT('Ctrl Pts',(0.740199901025176,1.69510316952789,9.76047744069761));
#5398=CARTESIAN_POINT('Ctrl Pts',(0.740217249730672,1.69501546504306,9.43952255930239));
#5399=CARTESIAN_POINT('Ctrl Pts',(0.740217503269439,1.69584002855594,9.43959391865618));
#5400=CARTESIAN_POINT('Ctrl Pts',(0.739842599659964,1.94148354619415,9.46085241402949));
#5401=CARTESIAN_POINT('Ctrl Pts',(0.470756894111115,2.43104366287491,9.50329804542231));
#5402=CARTESIAN_POINT('Ctrl Pts',(-0.363753878764454,2.48938998537366,9.56685945348092));
#5403=CARTESIAN_POINT('Ctrl Pts',(-0.864797601945344,1.81948871199944,9.63042086153948));
#5404=CARTESIAN_POINT('Ctrl Pts',(-0.573048385997241,1.03546389167861,9.69398226959808));
#5405=CARTESIAN_POINT('Ctrl Pts',(0.24403613648045,0.856060970123784,9.75754367765666));
#5406=CARTESIAN_POINT('Ctrl Pts',(0.696925450089237,1.30613936635809,9.80605710755809));
#5407=CARTESIAN_POINT('Ctrl Pts',(0.739189347398816,1.62300736146767,9.83338340144));
#5408=CARTESIAN_POINT('Ctrl Pts',(0.738589927081595,1.6943515279649,9.83952255930239));
#5409=CARTESIAN_POINT('Origin',(0.,1.695,7.56047744069761));
#5410=CARTESIAN_POINT('',(0.73801676430284,1.69458640605547,8.96047744069761));
#5411=CARTESIAN_POINT('',(0.738544158172059,1.69563959115647,9.03952255930239));
#5412=CARTESIAN_POINT('',(0.739,1.69500000000004,7.56047744069761));
#5413=CARTESIAN_POINT('Ctrl Pts',(0.738016764302841,1.69458640605547,8.96047744069761));
#5414=CARTESIAN_POINT('Ctrl Pts',(0.73725557669167,1.84478543509531,8.97337679001322));
#5415=CARTESIAN_POINT('Ctrl Pts',(0.619643520887626,2.24278207201539,9.00746327534835));
#5416=CARTESIAN_POINT('Ctrl Pts',(-0.0310029587658032,2.56816064150382,
9.062736896703));
#5417=CARTESIAN_POINT('Ctrl Pts',(-0.75078588543323,2.14187030957836,9.12629830476159));
#5418=CARTESIAN_POINT('Ctrl Pts',(-0.782295073746126,1.3059152850055,9.18985971282017));
#5419=CARTESIAN_POINT('Ctrl Pts',(-0.0966443744669458,0.826649911948548,
9.25342112087875));
#5420=CARTESIAN_POINT('Ctrl Pts',(0.59612645562815,1.11009724662158,9.3102936968379));
#5421=CARTESIAN_POINT('Ctrl Pts',(0.7371121747908,1.52702243450356,9.34597913677752));
#5422=CARTESIAN_POINT('Ctrl Pts',(0.738418513459167,1.69560849373509,9.36047744069761));
#5423=CARTESIAN_POINT('Ctrl Pts',(0.738544158172059,1.69563959115647,9.03952255930239));
#5424=CARTESIAN_POINT('Ctrl Pts',(0.739146379741855,1.76865380032083,9.04580443587234));
#5425=CARTESIAN_POINT('Ctrl Pts',(0.695635698638043,2.08722402973348,9.07327344846181));
#5426=CARTESIAN_POINT('Ctrl Pts',(0.238388363847568,2.53556117844833,9.12192959707082));
#5427=CARTESIAN_POINT('Ctrl Pts',(-0.577471053508937,2.35066727060684,9.18549100512941));
#5428=CARTESIAN_POINT('Ctrl Pts',(-0.863940818162011,1.56469795133819,9.24905241318798));
#5429=CARTESIAN_POINT('Ctrl Pts',(-0.358403047969758,0.898181604980981,
9.31261382124658));
#5430=CARTESIAN_POINT('Ctrl Pts',(0.47476001066267,0.962067201072831,9.37610386995136));
#5431=CARTESIAN_POINT('Ctrl Pts',(0.740142225677153,1.45102083698517,9.41840678263665));
#5432=CARTESIAN_POINT('Ctrl Pts',(0.740217249730672,1.69501546504306,9.43952255930239));
#5433=CARTESIAN_POINT('Origin',(0.,1.695,7.56047744069761));
#5434=CARTESIAN_POINT('',(0.739917973126292,1.69453657758574,8.56047744069761));
#5435=CARTESIAN_POINT('',(0.737941399392258,1.69464679173073,8.63952255930239));
#5436=CARTESIAN_POINT('',(0.739,1.69500000000004,7.56047744069761));
#5437=CARTESIAN_POINT('Ctrl Pts',(0.739917973126292,1.69453657758574,8.56047744069761));
#5438=CARTESIAN_POINT('Ctrl Pts',(0.738432024507347,1.91556830916893,8.57958730722938));
#5439=CARTESIAN_POINT('Ctrl Pts',(0.515818973147801,2.3844239248368,8.61988430978068));
#5440=CARTESIAN_POINT('Ctrl Pts',(-0.281603195292675,2.52204535879287,8.6813684483515));
#5441=CARTESIAN_POINT('Ctrl Pts',(-0.847780886485015,1.9062867658051,8.74492985641009));
#5442=CARTESIAN_POINT('Ctrl Pts',(-0.636780849895928,1.0967528881029,8.80849126446867));
#5443=CARTESIAN_POINT('Ctrl Pts',(0.157988486973316,0.835697083544667,8.87205267252725));
#5444=CARTESIAN_POINT('Ctrl Pts',(0.676020537515821,1.25548936409763,8.92271473127023));
#5445=CARTESIAN_POINT('Ctrl Pts',(0.738505824673926,1.59808405656772,8.95218965399368));
#5446=CARTESIAN_POINT('Ctrl Pts',(0.738016764302841,1.69458640605547,8.96047744069761));
#5447=CARTESIAN_POINT('Ctrl Pts',(0.737941399392258,1.69464679173073,8.63952255930239));
#5448=CARTESIAN_POINT('Ctrl Pts',(0.737324795138058,1.84014560410053,8.6520149530885));
#5449=CARTESIAN_POINT('Ctrl Pts',(0.625293422136292,2.23329372941083,8.68569448289414));
#5450=CARTESIAN_POINT('Ctrl Pts',(-0.0142554133898373,2.56858958695608,
8.74056114871932));
#5451=CARTESIAN_POINT('Ctrl Pts',(-0.742077571945215,2.15618800085436,8.80412255677789));
#5452=CARTESIAN_POINT('Ctrl Pts',(-0.789612972834603,1.32098683230599,8.86768396483649));
#5453=CARTESIAN_POINT('Ctrl Pts',(-0.113277936749157,0.828663519103986,
8.93124537289506));
#5454=CARTESIAN_POINT('Ctrl Pts',(0.58979573638731,1.10070587479802,8.98852490438371));
#5455=CARTESIAN_POINT('Ctrl Pts',(0.737115242999339,1.52239586072304,9.02461729985281));
#5456=CARTESIAN_POINT('Ctrl Pts',(0.738544158172059,1.69563959115647,9.03952255930239));
#5457=CARTESIAN_POINT('Ctrl Pts',(0.324968229607119,1.03128571678318,8.16850847619206));
#5458=CARTESIAN_POINT('Ctrl Pts',(0.545856826018773,1.13943733854487,8.18969561221159));
#5459=CARTESIAN_POINT('Ctrl Pts',(0.867319136954271,1.59176855668217,8.23206988425064));
#5460=CARTESIAN_POINT('Ctrl Pts',(0.55598353601308,2.36973045296884,8.29563129230924));
#5461=CARTESIAN_POINT('Ctrl Pts',(-0.265791341884287,2.52704233945257,8.35919270036781));
#5462=CARTESIAN_POINT('Ctrl Pts',(-0.843521509528725,1.92263569071372,8.42275410842641));
#5463=CARTESIAN_POINT('Ctrl Pts',(-0.648162963036461,1.10900571703202,8.48631551648497));
#5464=CARTESIAN_POINT('Ctrl Pts',(0.141495468072712,0.832861013002599,8.54987692454358));
#5465=CARTESIAN_POINT('Ctrl Pts',(0.80138520126081,1.34692478398608,8.61343833260215));
#5466=CARTESIAN_POINT('Ctrl Pts',(0.726642979047543,2.18015926225409,8.67699974066073));
#5467=CARTESIAN_POINT('Ctrl Pts',(-0.0142554133898373,2.56858958695608,
8.74056114871932));
#5468=CARTESIAN_POINT('Ctrl Pts',(-0.742077571945215,2.15618800085436,8.80412255677789));
#5469=CARTESIAN_POINT('Ctrl Pts',(-0.789612972834603,1.32098683230599,8.86768396483649));
#5470=CARTESIAN_POINT('Ctrl Pts',(-0.113277936749157,0.828663519103986,
8.93124537289506));
#5471=CARTESIAN_POINT('Ctrl Pts',(0.666902198668705,1.13054090409827,8.99480678095366));
#5472=CARTESIAN_POINT('Ctrl Pts',(0.835708235255107,1.94988102759454,9.05836818901223));
#5473=CARTESIAN_POINT('Ctrl Pts',(0.238388363847568,2.53556117844833,9.12192959707082));
#5474=CARTESIAN_POINT('Ctrl Pts',(-0.577471053508937,2.35066727060684,9.18549100512941));
#5475=CARTESIAN_POINT('Ctrl Pts',(-0.863940818162011,1.56469795133819,9.24905241318798));
#5476=CARTESIAN_POINT('Ctrl Pts',(-0.358403047969758,0.898181604980981,
9.31261382124658));
#5477=CARTESIAN_POINT('Ctrl Pts',(0.475696440523303,0.962139005000315,9.37617522930515));
#5478=CARTESIAN_POINT('Ctrl Pts',(0.87370687440067,1.69793805637419,9.43973663736375));
#5479=CARTESIAN_POINT('Ctrl Pts',(0.470756894111115,2.43104366287491,9.50329804542231));
#5480=CARTESIAN_POINT('Ctrl Pts',(-0.363753878764454,2.48938998537366,9.56685945348092));
#5481=CARTESIAN_POINT('Ctrl Pts',(-0.864797601945344,1.81948871199944,9.63042086153948));
#5482=CARTESIAN_POINT('Ctrl Pts',(-0.573048385997241,1.03546389167861,9.69398226959808));
#5483=CARTESIAN_POINT('Ctrl Pts',(0.24403613648045,0.856060970123784,9.75754367765666));
#5484=CARTESIAN_POINT('Ctrl Pts',(0.837403427272775,1.445745448412,9.82110508571524));
#5485=CARTESIAN_POINT('Ctrl Pts',(0.663091064204,2.26393107840542,9.88466649377383));
#5486=CARTESIAN_POINT('Ctrl Pts',(-0.119102162414119,2.56055589446047,9.94822790183241));
#5487=CARTESIAN_POINT('Ctrl Pts',(-0.792109895164849,2.06369261650288,10.011789309891));
#5488=CARTESIAN_POINT('Ctrl Pts',(-0.738960282182236,1.22883475801978,10.0753507179496));
#5489=CARTESIAN_POINT('Ctrl Pts',(-0.00837760042076508,0.821328352696109,
10.1389121260082));
#5490=CARTESIAN_POINT('Ctrl Pts',(0.729885147106426,1.21475006141039,10.2024735340667));
#5491=CARTESIAN_POINT('Ctrl Pts',(0.799034348221891,2.04843520176054,10.2660349421253));
#5492=CARTESIAN_POINT('Ctrl Pts',(0.135678293460212,2.55811281543912,10.3295963501839));
#5493=CARTESIAN_POINT('Ctrl Pts',(-0.652059226613523,2.27654199888013,10.3931577582425));
#5494=CARTESIAN_POINT('Ctrl Pts',(-0.842029189264043,1.46184945655405,10.4567191663011));
#5495=CARTESIAN_POINT('Ctrl Pts',(-0.260078885760922,0.860894907875303,
10.5202805743596));
#5496=CARTESIAN_POINT('Ctrl Pts',(0.560295649656517,1.02459630342701,10.5838419824183));
#5497=CARTESIAN_POINT('Ctrl Pts',(0.867025797816036,1.80288233134759,10.6474033904768));
#5498=CARTESIAN_POINT('Ctrl Pts',(0.378920335531205,2.48226851269365,10.7109647985354));
#5499=CARTESIAN_POINT('Ctrl Pts',(-0.456555847236668,2.43993562757313,10.774526206594));
#5500=CARTESIAN_POINT('Ctrl Pts',(-0.873489875653234,1.71469184798328,10.8380876146526));
#5501=CARTESIAN_POINT('Ctrl Pts',(-0.489662426578821,0.971395797984087,
10.9016490227112));
#5502=CARTESIAN_POINT('Ctrl Pts',(0.343057239896942,0.891455317256258,10.9652104307697));
#5503=CARTESIAN_POINT('Ctrl Pts',(0.861283254792685,1.54815487899162,11.0287718388283));
#5504=CARTESIAN_POINT('Ctrl Pts',(0.589938064167011,2.33947298001185,11.0923332468869));
#5505=CARTESIAN_POINT('Ctrl Pts',(-0.222225839125968,2.53997809194053,11.1558946549455));
#5506=CARTESIAN_POINT('Ctrl Pts',(-0.830666853881654,1.96585962976099,11.2194560630041));
#5507=CARTESIAN_POINT('Ctrl Pts',(-0.677603865387521,1.14343369483115,11.2830174710627));
#5508=CARTESIAN_POINT('Ctrl Pts',(0.0966443805138358,0.826649857230696,
11.3465788791212));
#5509=CARTESIAN_POINT('Ctrl Pts',(0.782295122655125,1.30591526145215,11.4101402871798));
#5510=CARTESIAN_POINT('Ctrl Pts',(0.750785932353122,2.14187033613343,11.4737016952384));
#5511=CARTESIAN_POINT('Ctrl Pts',(0.031002960774602,2.56816069855935,11.537263103297));
#5512=CARTESIAN_POINT('Ctrl Pts',(-0.717202204404388,2.19399448341108,11.6008245113556));
#5513=CARTESIAN_POINT('Ctrl Pts',(-0.807919616934799,1.36237500471541,11.6643859194141));
#5514=CARTESIAN_POINT('Ctrl Pts',(-0.157988498072915,0.835697016340758,
11.7279473274728));
#5515=CARTESIAN_POINT('Ctrl Pts',(0.636780892511113,1.09675287407061,11.7915087355313));
#5516=CARTESIAN_POINT('Ctrl Pts',(0.847780933231363,1.90628673894101,11.8550701435899));
#5517=CARTESIAN_POINT('Ctrl Pts',(0.281603226575601,2.52204547829502,11.9186315516485));
#5518=CARTESIAN_POINT('Ctrl Pts',(-0.542760305886044,2.37977425234733,11.9821929597071));
#5519=CARTESIAN_POINT('Ctrl Pts',(-0.869498467505661,1.60944908107076,12.0457543677657));
#5520=CARTESIAN_POINT('Ctrl Pts',(-0.399241985790745,0.918118201497666,
12.1093157758243));
#5521=CARTESIAN_POINT('Ctrl Pts',(0.437220857436608,0.93788917700013,12.1728771838828));
#5522=CARTESIAN_POINT('Ctrl Pts',(0.872474720355152,1.65392593813872,12.2364385919414));
#5523=CARTESIAN_POINT('Ctrl Pts',(0.629928965793174,2.15303825535553,12.2788128639805));
#5524=CARTESIAN_POINT('Ctrl Pts',(0.42987737795236,2.29610435027939,12.3));
#5525=CARTESIAN_POINT('Ctrl Pts',(0.358351862576453,0.963103069961967,8.21233898412804));
#5526=CARTESIAN_POINT('Ctrl Pts',(0.601932104379517,1.08236499026052,8.23352612014757));
#5527=CARTESIAN_POINT('Ctrl Pts',(0.956417889070344,1.58116370272834,8.27590039218663));
#5528=CARTESIAN_POINT('Ctrl Pts',(0.61309912028326,2.4390447789335,8.33946180024521));
#5529=CARTESIAN_POINT('Ctrl Pts',(-0.293095797506361,2.6125171445091,8.40302320830381));
#5530=CARTESIAN_POINT('Ctrl Pts',(-0.930175557248691,1.94602045776833,8.46658461636237));
#5531=CARTESIAN_POINT('Ctrl Pts',(-0.714748039640683,1.04880716135049,8.53014602442096));
#5532=CARTESIAN_POINT('Ctrl Pts',(0.156031143694521,0.744294412060489,8.59370743247955));
#5533=CARTESIAN_POINT('Ctrl Pts',(0.88371063183688,1.31116739542172,8.65726884053814));
#5534=CARTESIAN_POINT('Ctrl Pts',(0.801290222384521,2.22999914587086,8.7208302485967));
#5535=CARTESIAN_POINT('Ctrl Pts',(-0.0157198565109581,2.65833249558452,
8.7843916566553));
#5536=CARTESIAN_POINT('Ctrl Pts',(-0.818310394232323,2.20356534284561,8.84795306471388));
#5537=CARTESIAN_POINT('Ctrl Pts',(-0.870729055181506,1.28256486616152,8.91151447277247));
#5538=CARTESIAN_POINT('Ctrl Pts',(-0.124914856052102,0.739665714176574,
8.97507588083104));
#5539=CARTESIAN_POINT('Ctrl Pts',(0.73541233657885,1.07255463477413,9.03863728888963));
#5540=CARTESIAN_POINT('Ctrl Pts',(0.921559633802403,1.97606467848973,9.10219869694821));
#5541=CARTESIAN_POINT('Ctrl Pts',(0.26287774132447,2.62191111457445,9.1657601050068));
#5542=CARTESIAN_POINT('Ctrl Pts',(-0.636794027093354,2.41802325657017,9.22932151306538));
#5543=CARTESIAN_POINT('Ctrl Pts',(-0.952692519260974,1.55131216352461,9.29288292112397));
#5544=CARTESIAN_POINT('Ctrl Pts',(-0.395221403484021,0.816325317445762,
9.35644432918255));
#5545=CARTESIAN_POINT('Ctrl Pts',(0.524564218750265,0.886852991643897,9.42000573724113));
#5546=CARTESIAN_POINT('Ctrl Pts',(0.963461831840793,1.69823987971167,9.48356714529972));
#5547=CARTESIAN_POINT('Ctrl Pts',(0.519117238104716,2.50665662824241,9.5471285533583));
#5548=CARTESIAN_POINT('Ctrl Pts',(-0.401121919309603,2.57099680502583,9.61068996141689));
#5549=CARTESIAN_POINT('Ctrl Pts',(-0.953637319510996,1.83227730205713,9.67425136947547));
#5550=CARTESIAN_POINT('Ctrl Pts',(-0.631917023755869,0.967710464222506,
9.73781277753405));
#5551=CARTESIAN_POINT('Ctrl Pts',(0.269105703500483,0.769877675557115,9.80137418559264));
#5552=CARTESIAN_POINT('Ctrl Pts',(0.923428971053276,1.42013979928066,9.86493559365121));
#5553=CARTESIAN_POINT('Ctrl Pts',(0.731209688413503,2.32237674963087,9.92849700170981));
#5554=CARTESIAN_POINT('Ctrl Pts',(-0.131337398088367,2.6494735105919,9.99205840976837));
#5555=CARTESIAN_POINT('Ctrl Pts',(-0.873482483628443,2.10156800820722,10.055619817827));
#5556=CARTESIAN_POINT('Ctrl Pts',(-0.814872868680662,1.18094610945822,10.1191812258855));
#5557=CARTESIAN_POINT('Ctrl Pts',(-0.00923822220508521,0.731577014097344,
10.1827426339441));
#5558=CARTESIAN_POINT('Ctrl Pts',(0.804865454843676,1.16541450727697,10.2463040420027));
#5559=CARTESIAN_POINT('Ctrl Pts',(0.881118278220782,2.08474321583405,10.3098654500613));
#5560=CARTESIAN_POINT('Ctrl Pts',(0.149616377057673,2.64677945671843,10.3734268581199));
#5561=CARTESIAN_POINT('Ctrl Pts',(-0.719044562139559,2.3362831762572,10.4369882661785));
#5562=CARTESIAN_POINT('Ctrl Pts',(-0.928529932545455,1.43789815467322,10.5005496742371));
#5563=CARTESIAN_POINT('Ctrl Pts',(-0.286796506975202,0.775208198479094,
10.5641110822956));
#5564=CARTESIAN_POINT('Ctrl Pts',(0.617854212673776,0.955726460443473,10.6276724903542));
#5565=CARTESIAN_POINT('Ctrl Pts',(0.956094415521315,1.81396496597294,10.6912338984128));
#5566=CARTESIAN_POINT('Ctrl Pts',(0.417846409693244,2.56314375119883,10.7547953064714));
#5567=CARTESIAN_POINT('Ctrl Pts',(-0.503457333122163,2.51646205480803,10.81835671453));
#5568=CARTESIAN_POINT('Ctrl Pts',(-0.963222541047922,1.71671477012049,10.8819181225886));
#5569=CARTESIAN_POINT('Ctrl Pts',(-0.539964915371484,0.897060724908256,
10.9454795306471));
#5570=CARTESIAN_POINT('Ctrl Pts',(0.378299137229608,0.808908045494919,11.0090409387057));
#5571=CARTESIAN_POINT('Ctrl Pts',(0.949761947295631,1.53306963933909,11.0726023467643));
#5572=CARTESIAN_POINT('Ctrl Pts',(0.650541760204017,2.40567898867116,11.1361637548229));
#5573=CARTESIAN_POINT('Ctrl Pts',(-0.245054858007758,2.62678177278828,11.1997251628814));
#5574=CARTESIAN_POINT('Ctrl Pts',(-0.91600035680071,1.99368474508715,11.2632865709401));
#5575=CARTESIAN_POINT('Ctrl Pts',(-0.747213373886399,1.08677188788383,11.3268479789986));
#5576=CARTESIAN_POINT('Ctrl Pts',(0.106572552666302,0.737445191008004,11.3904093870572));
#5577=CARTESIAN_POINT('Ctrl Pts',(0.862659450207989,1.26594500921747,11.4539707951158));
#5578=CARTESIAN_POINT('Ctrl Pts',(0.827913355038475,2.18777683999197,11.5175322031744));
#5579=CARTESIAN_POINT('Ctrl Pts',(0.0341878612330712,2.65785954794902,11.581093611233));
#5580=CARTESIAN_POINT('Ctrl Pts',(-0.790879607224909,2.24525564425767,11.6446550192916));
#5581=CARTESIAN_POINT('Ctrl Pts',(-0.890916320929794,1.32820480053135,11.7082164273501));
#5582=CARTESIAN_POINT('Ctrl Pts',(-0.17421848473783,0.747421754938689,11.7717778354087));
#5583=CARTESIAN_POINT('Ctrl Pts',(0.702196701383193,1.03529559715116,11.8353392434673));
#5584=CARTESIAN_POINT('Ctrl Pts',(0.934872546918076,1.9279919959522,11.8989006515259));
#5585=CARTESIAN_POINT('Ctrl Pts',(0.31053201992364,2.60700696123669,11.9624620595845));
#5586=CARTESIAN_POINT('Ctrl Pts',(-0.598517482099639,2.45012036690399,12.0260234676431));
#5587=CARTESIAN_POINT('Ctrl Pts',(-0.958821099880228,1.60066052816768,12.0895848757016));
#5588=CARTESIAN_POINT('Ctrl Pts',(-0.440255680993203,0.83830997885044,12.1531462837602));
#5589=CARTESIAN_POINT('Ctrl Pts',(0.482136080838132,0.860112005174136,12.2167076918188));
#5590=CARTESIAN_POINT('Ctrl Pts',(0.962103099949598,1.64970644441346,12.2802690998774));
#5591=CARTESIAN_POINT('Ctrl Pts',(0.694640883681943,2.20009202741562,12.3226433719165));
#5592=CARTESIAN_POINT('Ctrl Pts',(0.474038213689237,2.35785514675035,12.343830507936));
#5593=CARTESIAN_POINT('Ctrl Pts',(0.391735495545787,0.894920423140752,8.25616949206402));
#5594=CARTESIAN_POINT('Ctrl Pts',(0.65800738274026,1.02529264197617,8.27735662808355));
#5595=CARTESIAN_POINT('Ctrl Pts',(1.04551664118642,1.57055884877451,8.31973090012261));
#5596=CARTESIAN_POINT('Ctrl Pts',(0.670214704553438,2.50835910489816,8.38329230818119));
#5597=CARTESIAN_POINT('Ctrl Pts',(-0.320400253128434,2.69799194956563,8.44685371623977));
#5598=CARTESIAN_POINT('Ctrl Pts',(-1.01682960496866,1.96940522482293,8.51041512429836));
#5599=CARTESIAN_POINT('Ctrl Pts',(-0.781333116244904,0.98860860566896,8.57397653235694));
#5600=CARTESIAN_POINT('Ctrl Pts',(0.17056681931633,0.655727811118378,8.63753794041553));
#5601=CARTESIAN_POINT('Ctrl Pts',(0.966036062412949,1.27541000685737,8.70109934847411));
#5602=CARTESIAN_POINT('Ctrl Pts',(0.875937465721501,2.27983902948762,8.76466075653269));
#5603=CARTESIAN_POINT('Ctrl Pts',(-0.01718429963208,2.74807540421296,8.82822216459128));
#5604=CARTESIAN_POINT('Ctrl Pts',(-0.894543216519429,2.25094268483685,8.89178357264985));
#5605=CARTESIAN_POINT('Ctrl Pts',(-0.95184513752841,1.24414290001704,8.95534498070846));
#5606=CARTESIAN_POINT('Ctrl Pts',(-0.136551775355047,0.650667909249165,
9.01890638876701));
#5607=CARTESIAN_POINT('Ctrl Pts',(0.803922474488995,1.01456836544999,9.08246779682562));
#5608=CARTESIAN_POINT('Ctrl Pts',(1.0074110323497,2.00224832938493,9.14602920488419));
#5609=CARTESIAN_POINT('Ctrl Pts',(0.287367118801374,2.70826105070057,9.20959061294278));
#5610=CARTESIAN_POINT('Ctrl Pts',(-0.696117000677772,2.4853792425335,9.27315202100136));
#5611=CARTESIAN_POINT('Ctrl Pts',(-1.04144422035994,1.53792637571103,9.33671342905994));
#5612=CARTESIAN_POINT('Ctrl Pts',(-0.432039758998284,0.734469029910546,
9.40027483711853));
#5613=CARTESIAN_POINT('Ctrl Pts',(0.573431996977227,0.811566978287474,9.46383624517711));
#5614=CARTESIAN_POINT('Ctrl Pts',(1.05321678928092,1.69854170304917,9.5273976532357));
#5615=CARTESIAN_POINT('Ctrl Pts',(0.567477582098317,2.58226959360991,9.59095906129427));
#5616=CARTESIAN_POINT('Ctrl Pts',(-0.438489959854752,2.65260362467799,9.65452046935287));
#5617=CARTESIAN_POINT('Ctrl Pts',(-1.04247703707665,1.84506589211481,9.71808187741144));
#5618=CARTESIAN_POINT('Ctrl Pts',(-0.690785661514497,0.899957036766398,
9.78164328547003));
#5619=CARTESIAN_POINT('Ctrl Pts',(0.294175270520516,0.683694380990444,9.84520469352862));
#5620=CARTESIAN_POINT('Ctrl Pts',(1.00945451483378,1.39453415014933,9.9087661015872));
#5621=CARTESIAN_POINT('Ctrl Pts',(0.799328312623005,2.38082242085633,9.97232750964578));
#5622=CARTESIAN_POINT('Ctrl Pts',(-0.143572633762613,2.73839112672333,10.0358889177044));
#5623=CARTESIAN_POINT('Ctrl Pts',(-0.954855072092039,2.13944339991157,10.0994503257629));
#5624=CARTESIAN_POINT('Ctrl Pts',(-0.890785455179086,1.13305746089666,10.1630117338215));
#5625=CARTESIAN_POINT('Ctrl Pts',(-0.0100988439894066,0.64182567549858,
10.2265731418801));
#5626=CARTESIAN_POINT('Ctrl Pts',(0.879845762580927,1.11607895314355,10.2901345499387));
#5627=CARTESIAN_POINT('Ctrl Pts',(0.963202208219672,2.12105122990755,10.3536959579973));
#5628=CARTESIAN_POINT('Ctrl Pts',(0.163554460655135,2.73544609799776,10.4172573660559));
#5629=CARTESIAN_POINT('Ctrl Pts',(-0.786029897665597,2.39602435363427,10.4808187741144));
#5630=CARTESIAN_POINT('Ctrl Pts',(-1.01503067582686,1.41394685279239,10.5443801821731));
#5631=CARTESIAN_POINT('Ctrl Pts',(-0.313514128189483,0.689521489082884,
10.6079415902316));
#5632=CARTESIAN_POINT('Ctrl Pts',(0.675412775691037,0.886856617459935,10.6715029982902));
#5633=CARTESIAN_POINT('Ctrl Pts',(1.04516303322659,1.82504760059829,10.7350644063488));
#5634=CARTESIAN_POINT('Ctrl Pts',(0.456772483855283,2.644018989704,10.7986258144074));
#5635=CARTESIAN_POINT('Ctrl Pts',(-0.550358819007658,2.59298848204294,10.8621872224659));
#5636=CARTESIAN_POINT('Ctrl Pts',(-1.05295520644261,1.7187376922577,10.9257486305245));
#5637=CARTESIAN_POINT('Ctrl Pts',(-0.590267404164147,0.822725651832426,
10.9893100385831));
#5638=CARTESIAN_POINT('Ctrl Pts',(0.413541034562273,0.726360773733575,11.0528714466417));
#5639=CARTESIAN_POINT('Ctrl Pts',(1.03824063979858,1.51798439968656,11.1164328547003));
#5640=CARTESIAN_POINT('Ctrl Pts',(0.711145456241024,2.47188499733047,11.1799942627589));
#5641=CARTESIAN_POINT('Ctrl Pts',(-0.267883876889549,2.71358545363603,11.2435556708174));
#5642=CARTESIAN_POINT('Ctrl Pts',(-1.00133385971976,2.02150986041329,11.3071170788761));
#5643=CARTESIAN_POINT('Ctrl Pts',(-0.816822882385278,1.03011008093652,11.3706784869346));
#5644=CARTESIAN_POINT('Ctrl Pts',(0.116500724818768,0.648240524785308,11.4342398949932));
#5645=CARTESIAN_POINT('Ctrl Pts',(0.943023777760853,1.22597475698279,11.4978013030518));
#5646=CARTESIAN_POINT('Ctrl Pts',(0.905040777723829,2.2336833438505,11.5613627111104));
#5647=CARTESIAN_POINT('Ctrl Pts',(0.0373727616915391,2.74755839733868,11.624924119169));
#5648=CARTESIAN_POINT('Ctrl Pts',(-0.864557010045429,2.29651680510425,11.6884855272275));
#5649=CARTESIAN_POINT('Ctrl Pts',(-0.973913024924789,1.29403459634729,11.7520469352861));
#5650=CARTESIAN_POINT('Ctrl Pts',(-0.190448471402744,0.659146493536617,
11.8156083433447));
#5651=CARTESIAN_POINT('Ctrl Pts',(0.767612510255272,0.973838320231711,11.8791697514033));
#5652=CARTESIAN_POINT('Ctrl Pts',(1.02196416060479,1.94969725296338,11.9427311594619));
#5653=CARTESIAN_POINT('Ctrl Pts',(0.339460813271679,2.69196844417836,12.0062925675205));
#5654=CARTESIAN_POINT('Ctrl Pts',(-0.654274658313234,2.52046648146065,12.0698539755791));
#5655=CARTESIAN_POINT('Ctrl Pts',(-1.04814373225479,1.5918719752646,12.1334153836376));
#5656=CARTESIAN_POINT('Ctrl Pts',(-0.481269376195662,0.758501756203213,
12.1969767916962));
#5657=CARTESIAN_POINT('Ctrl Pts',(0.527051304239656,0.782334833348143,12.2605381997548));
#5658=CARTESIAN_POINT('Ctrl Pts',(1.05173147954404,1.64548695068819,12.3240996078134));
#5659=CARTESIAN_POINT('Ctrl Pts',(0.759352801570712,2.2471457994757,12.3664738798524));
#5660=CARTESIAN_POINT('Ctrl Pts',(0.518199049426114,2.41960594322131,12.387661015872));
#5661=CARTESIAN_POINT('Ctrl Pts',(0.425119128515122,0.826737776319537,8.3));
#5662=CARTESIAN_POINT('Ctrl Pts',(0.714082661101005,0.968220293691812,8.32118713601953));
#5663=CARTESIAN_POINT('Ctrl Pts',(1.13461539330249,1.55995399482068,8.36356140805858));
#5664=CARTESIAN_POINT('Ctrl Pts',(0.727330288823617,2.57767343086281,8.42712281611717));
#5665=CARTESIAN_POINT('Ctrl Pts',(-0.347704708750509,2.78346675462216,8.49068422417575));
#5666=CARTESIAN_POINT('Ctrl Pts',(-1.10348365268862,1.99278999187754,8.55424563223434));
#5667=CARTESIAN_POINT('Ctrl Pts',(-0.847918192849127,0.928410049987431,
8.61780704029292));
#5668=CARTESIAN_POINT('Ctrl Pts',(0.185102494938139,0.567161210176266,8.68136844835151));
#5669=CARTESIAN_POINT('Ctrl Pts',(1.04836149298902,1.23965261829301,8.74492985641008));
#5670=CARTESIAN_POINT('Ctrl Pts',(0.950584709058478,2.32967891310438,8.80849126446867));
#5671=CARTESIAN_POINT('Ctrl Pts',(-0.0186487427532001,2.8378183128414,8.87205267252726));
#5672=CARTESIAN_POINT('Ctrl Pts',(-0.970776038806539,2.29832002682809,8.93561408058583));
#5673=CARTESIAN_POINT('Ctrl Pts',(-1.03296121987531,1.20572093387256,8.99917548864442));
#5674=CARTESIAN_POINT('Ctrl Pts',(-0.148188694657994,0.561670104321755,
9.062736896703));
#5675=CARTESIAN_POINT('Ctrl Pts',(0.872432612399141,0.956582096125846,9.12629830476159));
#5676=CARTESIAN_POINT('Ctrl Pts',(1.09326243089699,2.02843198028012,9.18985971282016));
#5677=CARTESIAN_POINT('Ctrl Pts',(0.311856496278276,2.79461098682669,9.25342112087876));
#5678=CARTESIAN_POINT('Ctrl Pts',(-0.75543997426219,2.55273522849683,9.31698252893734));
#5679=CARTESIAN_POINT('Ctrl Pts',(-1.1301959214589,1.52454058789744,9.38054393699592));
#5680=CARTESIAN_POINT('Ctrl Pts',(-0.468858114512548,0.652612742375326,
9.44410534505451));
#5681=CARTESIAN_POINT('Ctrl Pts',(0.62229977520419,0.736280964931057,9.50766675311308));
#5682=CARTESIAN_POINT('Ctrl Pts',(1.14297174672104,1.69884352638665,9.57122816117169));
#5683=CARTESIAN_POINT('Ctrl Pts',(0.61583792609192,2.65788255897742,9.63478956923025));
#5684=CARTESIAN_POINT('Ctrl Pts',(-0.475858000399902,2.73421044433016,9.69835097728884));
#5685=CARTESIAN_POINT('Ctrl Pts',(-1.1313167546423,1.8578544821725,9.76191238534743));
#5686=CARTESIAN_POINT('Ctrl Pts',(-0.749654299273125,0.83220360931029,9.82547379340601));
#5687=CARTESIAN_POINT('Ctrl Pts',(0.319244837540549,0.597511086423772,9.8890352014646));
#5688=CARTESIAN_POINT('Ctrl Pts',(1.09548005861428,1.36892850101799,9.95259660952317));
#5689=CARTESIAN_POINT('Ctrl Pts',(0.867446936832508,2.43926809208178,10.0161580175818));
#5690=CARTESIAN_POINT('Ctrl Pts',(-0.155807869436862,2.82730874285476,10.0797194256403));
#5691=CARTESIAN_POINT('Ctrl Pts',(-1.03622766055563,2.17731879161592,10.1432808336989));
#5692=CARTESIAN_POINT('Ctrl Pts',(-0.966698041677514,1.08516881233509,10.2068422417575));
#5693=CARTESIAN_POINT('Ctrl Pts',(-0.010959465773726,0.552074336899815,
10.2704036498161));
#5694=CARTESIAN_POINT('Ctrl Pts',(0.954826070318177,1.06674339901013,10.3339650578747));
#5695=CARTESIAN_POINT('Ctrl Pts',(1.04528613821856,2.15735924398105,10.3975264659333));
#5696=CARTESIAN_POINT('Ctrl Pts',(0.177492544252597,2.82411273927708,10.4610878739918));
#5697=CARTESIAN_POINT('Ctrl Pts',(-0.853015233191634,2.45576553101133,10.5246492820504));
#5698=CARTESIAN_POINT('Ctrl Pts',(-1.10153141910828,1.38999555091155,10.588210690109));
#5699=CARTESIAN_POINT('Ctrl Pts',(-0.340231749403763,0.603834779686673,
10.6517720981676));
#5700=CARTESIAN_POINT('Ctrl Pts',(0.732971338708296,0.817986774476398,10.7153335062262));
#5701=CARTESIAN_POINT('Ctrl Pts',(1.13423165093187,1.83613023522364,10.7788949142848));
#5702=CARTESIAN_POINT('Ctrl Pts',(0.495698558017322,2.72489422820918,10.8424563223433));
#5703=CARTESIAN_POINT('Ctrl Pts',(-0.597260304893153,2.66951490927785,10.9060177304019));
#5704=CARTESIAN_POINT('Ctrl Pts',(-1.1426878718373,1.72076061439491,10.9695791384605));
#5705=CARTESIAN_POINT('Ctrl Pts',(-0.64056989295681,0.748390578756594,11.0331405465191));
#5706=CARTESIAN_POINT('Ctrl Pts',(0.448782931894938,0.643813501972235,11.0967019545777));
#5707=CARTESIAN_POINT('Ctrl Pts',(1.12671933230152,1.50289916003402,11.1602633626363));
#5708=CARTESIAN_POINT('Ctrl Pts',(0.77174915227803,2.53809100598978,11.2238247706949));
#5709=CARTESIAN_POINT('Ctrl Pts',(-0.29071289577134,2.80038913448378,11.2873861787534));
#5710=CARTESIAN_POINT('Ctrl Pts',(-1.08666736263882,2.04933497573945,11.350947586812));
#5711=CARTESIAN_POINT('Ctrl Pts',(-0.886432390884157,0.973448273989196,
11.4145089948706));
#5712=CARTESIAN_POINT('Ctrl Pts',(0.126428896971234,0.55903585856262,11.4780704029292));
#5713=CARTESIAN_POINT('Ctrl Pts',(1.02338810531372,1.18600450474811,11.5416318109878));
#5714=CARTESIAN_POINT('Ctrl Pts',(0.982168200409182,2.27958984770905,11.6051932190464));
#5715=CARTESIAN_POINT('Ctrl Pts',(0.0405576621500082,2.83725724672835,11.6687546271049));
#5716=CARTESIAN_POINT('Ctrl Pts',(-0.93823441286595,2.34777796595084,11.7323160351635));
#5717=CARTESIAN_POINT('Ctrl Pts',(-1.05690972891978,1.25986439216323,11.7958774432221));
#5718=CARTESIAN_POINT('Ctrl Pts',(-0.206678458067659,0.570871232134548,
11.8594388512807));
#5719=CARTESIAN_POINT('Ctrl Pts',(0.833028319127351,0.912381043312259,11.9230002593393));
#5720=CARTESIAN_POINT('Ctrl Pts',(1.10905577429151,1.97140250997457,11.9865616673978));
#5721=CARTESIAN_POINT('Ctrl Pts',(0.368389606619718,2.77692992712004,12.0501230754565));
#5722=CARTESIAN_POINT('Ctrl Pts',(-0.710031834526829,2.59081259601731,12.113684483515));
#5723=CARTESIAN_POINT('Ctrl Pts',(-1.13746636462936,1.58308342236152,12.1772458915736));
#5724=CARTESIAN_POINT('Ctrl Pts',(-0.522283071398121,0.678693533555985,
12.2408072996322));
#5725=CARTESIAN_POINT('Ctrl Pts',(0.571966527641181,0.704557661522151,12.3043687076908));
#5726=CARTESIAN_POINT('Ctrl Pts',(1.14135985913849,1.64126745696292,12.3679301157494));
#5727=CARTESIAN_POINT('Ctrl Pts',(0.824064719459481,2.29419957153579,12.4103043877884));
#5728=CARTESIAN_POINT('Ctrl Pts',(0.562359885162991,2.48135673969228,12.4314915238079));
#5729=CARTESIAN_POINT('',(0.425119128515087,0.826737776319521,12.3));
#5730=CARTESIAN_POINT('Ctrl Pts',(0.426132256845367,0.825437932202429,12.3));
#5731=CARTESIAN_POINT('Ctrl Pts',(0.444808710435203,0.837271589175462,12.3));
#5732=CARTESIAN_POINT('Ctrl Pts',(0.463010477741873,0.849768655107206,12.3));
#5733=CARTESIAN_POINT('Ctrl Pts',(0.480698340240655,0.862929328745259,12.3));
#5734=CARTESIAN_POINT('Ctrl Pts',(0.514452776765929,0.888044354541966,12.3));
#5735=CARTESIAN_POINT('Ctrl Pts',(0.546338443056826,0.915574281565014,12.3));
#5736=CARTESIAN_POINT('Ctrl Pts',(0.57623321584454,0.945230552056104,12.3));
#5737=CARTESIAN_POINT('Ctrl Pts',(0.599355389546779,0.968168255664854,12.3));
#5738=CARTESIAN_POINT('Ctrl Pts',(0.621285803203599,0.992379013130661,12.3));
#5739=CARTESIAN_POINT('Ctrl Pts',(0.641948740574493,1.01773861592243,12.3));
#5740=CARTESIAN_POINT('Ctrl Pts',(0.653330562458976,1.03170751477046,12.3));
#5741=CARTESIAN_POINT('Ctrl Pts',(0.664327502069764,1.04602509422263,12.3));
#5742=CARTESIAN_POINT('Ctrl Pts',(0.674924507097337,1.06067096508187,12.3));
#5743=CARTESIAN_POINT('Ctrl Pts',(0.67935303245465,1.06679152559037,12.3));
#5744=CARTESIAN_POINT('Ctrl Pts',(0.683712324858123,1.07297034462391,12.3));
#5745=CARTESIAN_POINT('Ctrl Pts',(0.687999217273281,1.07920305515595,12.3));
#5746=CARTESIAN_POINT('Ctrl Pts',(0.711319945574415,1.11310904924703,12.3));
#5747=CARTESIAN_POINT('Ctrl Pts',(0.732389474432122,1.14844313281384,12.3));
#5748=CARTESIAN_POINT('Ctrl Pts',(0.751089073967413,1.18493883469944,12.3));
#5749=CARTESIAN_POINT('Ctrl Pts',(0.769630617847691,1.22112606195403,12.3));
#5750=CARTESIAN_POINT('Ctrl Pts',(0.78584241044859,1.25845662683508,12.3));
#5751=CARTESIAN_POINT('Ctrl Pts',(0.799558684722361,1.29667961165547,12.3));
#5752=CARTESIAN_POINT('Ctrl Pts',(0.811005267232673,1.32857767236819,12.3));
#5753=CARTESIAN_POINT('Ctrl Pts',(0.820713102454431,1.36109773657212,12.3));
#5754=CARTESIAN_POINT('Ctrl Pts',(0.828556695523835,1.39408936953348,12.3));
#5755=CARTESIAN_POINT('Ctrl Pts',(0.830491092127661,1.40222580677473,12.3));
#5756=CARTESIAN_POINT('Ctrl Pts',(0.832310145406376,1.41038344879061,12.3));
#5757=CARTESIAN_POINT('Ctrl Pts',(0.834011342936311,1.41855420196018,12.3));
#5758=CARTESIAN_POINT('Ctrl Pts',(0.842110427015918,1.45745363353686,12.3));
#5759=CARTESIAN_POINT('Ctrl Pts',(0.847552819274888,1.49669244684931,12.3));
#5760=CARTESIAN_POINT('Ctrl Pts',(0.850184099751962,1.53602620734626,12.3));
#5761=CARTESIAN_POINT('Ctrl Pts',(0.852664119203566,1.57309883870849,12.3));
#5762=CARTESIAN_POINT('Ctrl Pts',(0.852646656188779,1.61025668218042,12.3));
#5763=CARTESIAN_POINT('Ctrl Pts',(0.84995424120179,1.64728252933677,12.3));
#5764=CARTESIAN_POINT('Ctrl Pts',(0.849790025775312,1.64954080501525,12.3));
#5765=CARTESIAN_POINT('Ctrl Pts',(0.849615844529787,1.65179858333227,12.3));
#5766=CARTESIAN_POINT('Ctrl Pts',(0.849431651324838,1.65405581234556,12.3));
#5767=CARTESIAN_POINT('Ctrl Pts',(0.847913067357558,1.67266557480131,12.3));
#5768=CARTESIAN_POINT('Ctrl Pts',(0.845714112431821,1.69123815481004,12.3));
#5769=CARTESIAN_POINT('Ctrl Pts',(0.842847472979365,1.70974298581123,12.3));
#5770=CARTESIAN_POINT('Ctrl Pts',(0.841218896832645,1.72025582736924,12.3));
#5771=CARTESIAN_POINT('Ctrl Pts',(0.839373645927574,1.73075151530358,12.3));
#5772=CARTESIAN_POINT('Ctrl Pts',(0.837320131836758,1.74119502428608,12.3));
#5773=CARTESIAN_POINT('Ctrl Pts',(0.830049997594101,1.77816857738058,12.3));
#5774=CARTESIAN_POINT('Ctrl Pts',(0.820165785529325,1.81455426273177,12.3));
#5775=CARTESIAN_POINT('Ctrl Pts',(0.807827790988458,1.85012349293759,12.3));
#5776=CARTESIAN_POINT('Ctrl Pts',(0.795528274994908,1.88558179325907,12.3));
#5777=CARTESIAN_POINT('Ctrl Pts',(0.78078930196779,1.92022974129706,12.3));
#5778=CARTESIAN_POINT('Ctrl Pts',(0.763730030611366,1.95380857409173,12.3));
#5779=CARTESIAN_POINT('Ctrl Pts',(0.757314467241249,1.96643672949109,12.3));
#5780=CARTESIAN_POINT('Ctrl Pts',(0.750570409919953,1.97891327177839,12.3));
#5781=CARTESIAN_POINT('Ctrl Pts',(0.743503159188329,1.99122280599815,12.3));
#5782=CARTESIAN_POINT('Ctrl Pts',(0.738926705854543,1.99919394089297,12.3));
#5783=CARTESIAN_POINT('Ctrl Pts',(0.734214717261053,2.00709502459924,12.3));
#5784=CARTESIAN_POINT('Ctrl Pts',(0.729368537806088,2.01492164297931,12.3));
#5785=CARTESIAN_POINT('Ctrl Pts',(0.725160607731321,2.02171748353191,12.3));
#5786=CARTESIAN_POINT('Ctrl Pts',(0.72085351644089,2.02845378507987,12.3));
#5787=CARTESIAN_POINT('Ctrl Pts',(0.716452884333299,2.03512133306032,12.3));
#5788=CARTESIAN_POINT('Ctrl Pts',(0.698409935754586,2.06245882058847,12.3));
#5789=CARTESIAN_POINT('Ctrl Pts',(0.678774647061597,2.08867735644051,12.3));
#5790=CARTESIAN_POINT('Ctrl Pts',(0.657630604884989,2.11359907376834,12.3));
#5791=CARTESIAN_POINT('Ctrl Pts',(0.639382936875805,2.13510693968246,12.3));
#5792=CARTESIAN_POINT('Ctrl Pts',(0.620011015850637,2.15564872755816,12.3));
#5793=CARTESIAN_POINT('Ctrl Pts',(0.599560192910393,2.17509069765621,12.3));
#5794=CARTESIAN_POINT('Ctrl Pts',(0.593119315859265,2.181213841913,12.3));
#5795=CARTESIAN_POINT('Ctrl Pts',(0.586572300633256,2.18722667721853,12.3));
#5796=CARTESIAN_POINT('Ctrl Pts',(0.579929870182283,2.19311701678461,12.3));
#5797=CARTESIAN_POINT('Ctrl Pts',(0.554346979875582,2.21580327780013,12.3));
#5798=CARTESIAN_POINT('Ctrl Pts',(0.527314027874929,2.23671080334015,12.3));
#5799=CARTESIAN_POINT('Ctrl Pts',(0.498921088982111,2.25560776993658,12.3));
#5800=CARTESIAN_POINT('Ctrl Pts',(0.476725152371072,2.27038031159908,12.3));
#5801=CARTESIAN_POINT('Ctrl Pts',(0.45369759063305,2.28392340717719,12.3));
#5802=CARTESIAN_POINT('Ctrl Pts',(0.42987737795236,2.29610435027939,12.3));
#5803=CARTESIAN_POINT('Ctrl Pts',(0.966635235605455,1.69589727817626,11.9710140831103));
#5804=CARTESIAN_POINT('Ctrl Pts',(0.967352917951241,1.77459820666962,11.9761966112062));
#5805=CARTESIAN_POINT('Ctrl Pts',(0.95854917382735,1.85313979095328,11.981379139302));
#5806=CARTESIAN_POINT('Ctrl Pts',(0.939606837152182,1.92915350172176,11.9865616673978));
#5807=CARTESIAN_POINT('Ctrl Pts',(0.862167051734244,2.23991164902306,12.0077488034174));
#5808=CARTESIAN_POINT('Ctrl Pts',(0.615278329176982,2.50842078807155,12.0289359394369));
#5809=CARTESIAN_POINT('Ctrl Pts',(0.312097061040595,2.611655802412,12.0501230754564));
#5810=CARTESIAN_POINT('Ctrl Pts',(0.00891579290420299,2.71489081675246,
12.071310211476));
#5811=CARTESIAN_POINT('Ctrl Pts',(-0.350558020811313,2.65285170638488,12.0924973474955));
#5812=CARTESIAN_POINT('Ctrl Pts',(-0.601534016019496,2.45387728892513,12.113684483515));
#5813=CARTESIAN_POINT('Ctrl Pts',(-0.852510011227673,2.25490287146538,12.1348716195345));
#5814=CARTESIAN_POINT('Ctrl Pts',(-0.994988187928517,1.91899314691345,12.1560587555541));
#5815=CARTESIAN_POINT('Ctrl Pts',(-0.963696727407066,1.60030663650323,12.1772458915736));
#5816=CARTESIAN_POINT('Ctrl Pts',(-0.932405266885614,1.28162012609301,12.1984330275931));
#5817=CARTESIAN_POINT('Ctrl Pts',(-0.727344169141868,0.980156829824498,
12.2196201636127));
#5818=CARTESIAN_POINT('Ctrl Pts',(-0.442438687096778,0.833735869684603,
12.2408072996322));
#5819=CARTESIAN_POINT('Ctrl Pts',(-0.177115351019969,0.697378726476884,
12.2605381997548));
#5820=CARTESIAN_POINT('Ctrl Pts',(0.15745382111842,0.695483590636482,12.2802690998774));
#5821=CARTESIAN_POINT('Ctrl Pts',(0.426132256845367,0.825437932202429,12.3));
#5822=CARTESIAN_POINT('',(0.42987737795233,2.29610435027941,8.3));
#5823=CARTESIAN_POINT('Ctrl Pts',(0.430804951028195,2.29695680019694,8.3));
#5824=CARTESIAN_POINT('Ctrl Pts',(0.446108075958427,2.28923721338642,8.3));
#5825=CARTESIAN_POINT('Ctrl Pts',(0.46109497599394,2.28096193116062,8.3));
#5826=CARTESIAN_POINT('Ctrl Pts',(0.475732103141656,2.27213836722063,8.3));
#5827=CARTESIAN_POINT('Ctrl Pts',(0.504428786937371,2.25483941082149,8.3));
#5828=CARTESIAN_POINT('Ctrl Pts',(0.53178207487077,2.23543627760494,8.3));
#5829=CARTESIAN_POINT('Ctrl Pts',(0.55772649353217,2.21418315762939,8.3));
#5830=CARTESIAN_POINT('Ctrl Pts',(0.567942134826915,2.20581471997435,8.3));
#5831=CARTESIAN_POINT('Ctrl Pts',(0.577939217042161,2.19715892364057,8.3));
#5832=CARTESIAN_POINT('Ctrl Pts',(0.587713111220461,2.18822932630376,8.3));
#5833=CARTESIAN_POINT('Ctrl Pts',(0.594543022825529,2.18198940193312,8.3));
#5834=CARTESIAN_POINT('Ctrl Pts',(0.601264150673711,2.17561530463255,8.3));
#5835=CARTESIAN_POINT('Ctrl Pts',(0.607863935571701,2.16912277630165,8.3));
#5836=CARTESIAN_POINT('Ctrl Pts',(0.633305821556078,2.14409435975502,8.3));
#5837=CARTESIAN_POINT('Ctrl Pts',(0.656987042959885,2.1172733798122,8.3));
#5838=CARTESIAN_POINT('Ctrl Pts',(0.678831062875649,2.08894337196578,8.3));
#5839=CARTESIAN_POINT('Ctrl Pts',(0.694200419141972,2.0690105031395,8.3));
#5840=CARTESIAN_POINT('Ctrl Pts',(0.708660028296812,2.04832938212446,8.3));
#5841=CARTESIAN_POINT('Ctrl Pts',(0.722176416805354,2.02698525289087,8.3));
#5842=CARTESIAN_POINT('Ctrl Pts',(0.726838030396445,2.01962396086657,8.3));
#5843=CARTESIAN_POINT('Ctrl Pts',(0.73138748769465,2.01218326239692,8.3));
#5844=CARTESIAN_POINT('Ctrl Pts',(0.735815595758173,2.00468019228387,8.3));
#5845=CARTESIAN_POINT('Ctrl Pts',(0.75502286002278,1.9721350401806,8.3));
#5846=CARTESIAN_POINT('Ctrl Pts',(0.771987308771864,1.93836133065679,8.3));
#5847=CARTESIAN_POINT('Ctrl Pts',(0.786625714192501,1.90366143602038,8.3));
#5848=CARTESIAN_POINT('Ctrl Pts',(0.80138043052801,1.86868582989935,8.3));
#5849=CARTESIAN_POINT('Ctrl Pts',(0.813772893249797,1.83276821833331,8.3));
#5850=CARTESIAN_POINT('Ctrl Pts',(0.823684521751948,1.79617657281781,8.3));
#5851=CARTESIAN_POINT('Ctrl Pts',(0.828629274048606,1.77792158846665,8.3));
#5852=CARTESIAN_POINT('Ctrl Pts',(0.832955981592567,1.75949829822746,8.3));
#5853=CARTESIAN_POINT('Ctrl Pts',(0.836645767669853,1.74093742618544,8.3));
#5854=CARTESIAN_POINT('Ctrl Pts',(0.838781819415907,1.73019236338148,8.3));
#5855=CARTESIAN_POINT('Ctrl Pts',(0.840704996721115,1.7193957580367,8.3));
#5856=CARTESIAN_POINT('Ctrl Pts',(0.842406776186648,1.7085852123251,8.3));
#5857=CARTESIAN_POINT('Ctrl Pts',(0.848368677466637,1.67071226367297,8.3));
#5858=CARTESIAN_POINT('Ctrl Pts',(0.851630939591454,1.63260910626368,8.3));
#5859=CARTESIAN_POINT('Ctrl Pts',(0.852096088398375,1.5945496351835,8.3));
#5860=CARTESIAN_POINT('Ctrl Pts',(0.852558925493324,1.55667931332539,8.3));
#5861=CARTESIAN_POINT('Ctrl Pts',(0.850253652589211,1.51885105945268,8.3));
#5862=CARTESIAN_POINT('Ctrl Pts',(0.845360445863042,1.48126397714584,8.3));
#5863=CARTESIAN_POINT('Ctrl Pts',(0.843055072597489,1.46355529252866,8.3));
#5864=CARTESIAN_POINT('Ctrl Pts',(0.840174495539528,1.44589995080401,8.3));
#5865=CARTESIAN_POINT('Ctrl Pts',(0.83673362532651,1.42831820786356,8.3));
#5866=CARTESIAN_POINT('Ctrl Pts',(0.834964007213834,1.41927602700997,8.3));
#5867=CARTESIAN_POINT('Ctrl Pts',(0.833046152871908,1.41025331088686,8.3));
#5868=CARTESIAN_POINT('Ctrl Pts',(0.83098184263402,1.40125281881265,8.3));
#5869=CARTESIAN_POINT('Ctrl Pts',(0.829397250629722,1.39434392134474,8.3));
#5870=CARTESIAN_POINT('Ctrl Pts',(0.827726629213726,1.38744964823914,8.3));
#5871=CARTESIAN_POINT('Ctrl Pts',(0.825973456413383,1.38058057204176,8.3));
#5872=CARTESIAN_POINT('Ctrl Pts',(0.816195470383558,1.34226961314331,8.3));
#5873=CARTESIAN_POINT('Ctrl Pts',(0.803835925545284,1.3046632277576,8.3));
#5874=CARTESIAN_POINT('Ctrl Pts',(0.789103746980246,1.26797556036881,8.3));
#5875=CARTESIAN_POINT('Ctrl Pts',(0.774017398968955,1.23040590184842,8.3));
#5876=CARTESIAN_POINT('Ctrl Pts',(0.756442806750521,1.19379858624965,8.3));
#5877=CARTESIAN_POINT('Ctrl Pts',(0.736549771497903,1.15837995907372,8.3));
#5878=CARTESIAN_POINT('Ctrl Pts',(0.727184338585183,1.14170523988359,8.3));
#5879=CARTESIAN_POINT('Ctrl Pts',(0.717304281316464,1.12529403583133,8.3));
#5880=CARTESIAN_POINT('Ctrl Pts',(0.706923462770939,1.10917078778157,8.3));
#5881=CARTESIAN_POINT('Ctrl Pts',(0.701483174457384,1.10072105739114,8.3));
#5882=CARTESIAN_POINT('Ctrl Pts',(0.695905312419323,1.09235042780651,8.3));
#5883=CARTESIAN_POINT('Ctrl Pts',(0.690191620147103,1.08406252862355,8.3));
#5884=CARTESIAN_POINT('Ctrl Pts',(0.686061545042253,1.07807171839852,8.3));
#5885=CARTESIAN_POINT('Ctrl Pts',(0.681861286592232,1.0721254135576,8.3));
#5886=CARTESIAN_POINT('Ctrl Pts',(0.677597417201746,1.0662327104844,8.3));
#5887=CARTESIAN_POINT('Ctrl Pts',(0.652799734917106,1.03196210666788,8.3));
#5888=CARTESIAN_POINT('Ctrl Pts',(0.625804286271512,0.999430007526793,8.3));
#5889=CARTESIAN_POINT('Ctrl Pts',(0.596808999706855,0.968872246374714,8.3));
#5890=CARTESIAN_POINT('Ctrl Pts',(0.567969217174764,0.938478368930932,8.3));
#5891=CARTESIAN_POINT('Ctrl Pts',(0.53715046339384,0.910036525268214,8.3));
#5892=CARTESIAN_POINT('Ctrl Pts',(0.504499592141943,0.883794505016339,8.3));
#5893=CARTESIAN_POINT('Ctrl Pts',(0.479129336823755,0.863404030633012,8.3));
#5894=CARTESIAN_POINT('Ctrl Pts',(0.452651906416182,0.8443418361582,8.3));
#5895=CARTESIAN_POINT('Ctrl Pts',(0.425119128515126,0.826737776319539,8.3));
#5896=CARTESIAN_POINT('Ctrl Pts',(0.430804951028202,2.29695680019694,8.3));
#5897=CARTESIAN_POINT('Ctrl Pts',(0.244595861627455,2.42877625817453,8.31973090012261));
#5898=CARTESIAN_POINT('Ctrl Pts',(-0.279027540303364,2.51319496436892,8.36064893626474));
#5899=CARTESIAN_POINT('Ctrl Pts',(-0.843521509528725,1.92263569071372,8.42275410842641));
#5900=CARTESIAN_POINT('Ctrl Pts',(-0.648162963036461,1.10900571703202,8.48631551648497));
#5901=CARTESIAN_POINT('Ctrl Pts',(0.141495468072712,0.832861013002599,8.54987692454358));
#5902=CARTESIAN_POINT('Ctrl Pts',(0.671690113404947,1.24589041022925,8.60094593881604));
#5903=CARTESIAN_POINT('Ctrl Pts',(0.738370557737894,1.59337919718619,8.63082781706897));
#5904=CARTESIAN_POINT('Ctrl Pts',(0.737941399392258,1.69464679173073,8.63952255930239));
#5905=CARTESIAN_POINT('Origin',(0.,1.695,7.56047744069761));
#5906=CARTESIAN_POINT('',(-0.429877377952366,2.29610435027938,8.3));
#5907=CARTESIAN_POINT('Origin',(0.,1.695,8.3));
#5908=CARTESIAN_POINT('Ctrl Pts',(-0.429877377952367,2.29610435027938,8.3));
#5909=CARTESIAN_POINT('Ctrl Pts',(-0.62992896579318,2.15303825535552,8.32118713601953));
#5910=CARTESIAN_POINT('Ctrl Pts',(-0.872475161832398,1.65392670254058,8.36356140805859));
#5911=CARTESIAN_POINT('Ctrl Pts',(-0.437220562371325,0.937888756286245,
8.42712281611716));
#5912=CARTESIAN_POINT('Ctrl Pts',(0.399241829829484,0.918118543820735,8.49068422417576));
#5913=CARTESIAN_POINT('Ctrl Pts',(0.728114859217846,1.40159902497177,8.53513576570257));
#5914=CARTESIAN_POINT('Ctrl Pts',(0.740079497840313,1.67051011611982,8.55840017120985));
#5915=CARTESIAN_POINT('Ctrl Pts',(0.739917973126292,1.69453657758574,8.56047744069761));
#5916=CARTESIAN_POINT('Ctrl Pts',(-0.562359885162982,2.48135673969228,8.16850847619206));
#5917=CARTESIAN_POINT('Ctrl Pts',(-0.824064719459475,2.2941995715358,8.18969561221159));
#5918=CARTESIAN_POINT('Ctrl Pts',(-1.14136043667317,1.64126845694332,8.23206988425065));
#5919=CARTESIAN_POINT('Ctrl Pts',(-0.571966141640713,0.70455711114984,8.29563129230922));
#5920=CARTESIAN_POINT('Ctrl Pts',(0.522282867371646,0.678693981378473,8.35919270036782));
#5921=CARTESIAN_POINT('Ctrl Pts',(1.13746637529735,1.58308318885242,8.42275410842639));
#5922=CARTESIAN_POINT('Ctrl Pts',(0.710031751632445,2.59081268755086,8.48631551648499));
#5923=CARTESIAN_POINT('Ctrl Pts',(-0.368389565695784,2.77692977078891,8.54987692454356));
#5924=CARTESIAN_POINT('Ctrl Pts',(-1.10905571313855,1.97140254511784,8.61343833260215));
#5925=CARTESIAN_POINT('Ctrl Pts',(-0.833028263378748,0.912381061669125,
8.67699974066073));
#5926=CARTESIAN_POINT('Ctrl Pts',(0.206678443547285,0.570871320049806,8.74056114871931));
#5927=CARTESIAN_POINT('Ctrl Pts',(1.05690966351197,1.25986440928532,8.80412255677791));
#5928=CARTESIAN_POINT('Ctrl Pts',(0.938234353944923,2.3477779308608,8.86768396483647));
#5929=CARTESIAN_POINT('Ctrl Pts',(-0.0405576595220983,2.83725717208906,
8.93124537289508));
#5930=CARTESIAN_POINT('Ctrl Pts',(-0.982168139029189,2.27958981297009,8.99480678095364));
#5931=CARTESIAN_POINT('Ctrl Pts',(-1.02338804133162,1.18600453556032,9.05836818901224));
#5932=CARTESIAN_POINT('Ctrl Pts',(-0.126428889060798,0.559035930143792,
9.12192959707081));
#5933=CARTESIAN_POINT('Ctrl Pts',(0.886432335458338,0.973448318789232,9.18549100512941));
#5934=CARTESIAN_POINT('Ctrl Pts',(1.08666729470624,2.04933495375829,9.24905241318797));
#5935=CARTESIAN_POINT('Ctrl Pts',(0.290712877592515,2.80038906528102,9.31261382124658));
#5936=CARTESIAN_POINT('Ctrl Pts',(-0.771749104026356,2.53809095333212,9.37617522930514));
#5937=CARTESIAN_POINT('Ctrl Pts',(-1.12671926186121,1.50289917201564,9.43973663736375));
#5938=CARTESIAN_POINT('Ctrl Pts',(-0.448782903836398,0.64381356770731,9.50329804542231));
#5939=CARTESIAN_POINT('Ctrl Pts',(0.64056985290822,0.748390637929565,9.56685945348091));
#5940=CARTESIAN_POINT('Ctrl Pts',(1.14268780039747,1.72076061278898,9.63042086153948));
#5941=CARTESIAN_POINT('Ctrl Pts',(0.597260267552622,2.66951484834926,9.69398226959808));
#5942=CARTESIAN_POINT('Ctrl Pts',(-0.495698527026436,2.72489416382218,9.75754367765665));
#5943=CARTESIAN_POINT('Ctrl Pts',(-1.13423158002046,1.83613022639954,9.82110508571524));
#5944=CARTESIAN_POINT('Ctrl Pts',(-0.732971292883344,0.817986829307134,
9.88466649377383));
#5945=CARTESIAN_POINT('Ctrl Pts',(0.340231728132655,0.603834847905443,9.9482279018324));
#5946=CARTESIAN_POINT('Ctrl Pts',(1.10153135024121,1.38999556998036,10.011789309891));
#5947=CARTESIAN_POINT('Ctrl Pts',(0.853015179861639,2.45576548344866,10.0753507179496));
#5948=CARTESIAN_POINT('Ctrl Pts',(-0.177492533155862,2.82411266868568,10.1389121260082));
#5949=CARTESIAN_POINT('Ctrl Pts',(-1.0452860728679,2.15735921507461,10.2024735340667));
#5950=CARTESIAN_POINT('Ctrl Pts',(-0.954826010623042,1.06674343828839,10.2660349421253));
#5951=CARTESIAN_POINT('Ctrl Pts',(0.0109594650885446,0.552074408354792,
10.3295963501839));
#5952=CARTESIAN_POINT('Ctrl Pts',(0.966697981240116,1.08516885046143,10.3931577582425));
#5953=CARTESIAN_POINT('Ctrl Pts',(1.03622759577134,2.17731876146151,10.4567191663011));
#5954=CARTESIAN_POINT('Ctrl Pts',(0.155807859695804,2.82730867206372,10.5202805743597));
#5955=CARTESIAN_POINT('Ctrl Pts',(-0.867446882600146,2.43926804555021,10.5838419824182));
#5956=CARTESIAN_POINT('Ctrl Pts',(-1.09547999012572,1.36892852140451,10.6474033904768));
#5957=CARTESIAN_POINT('Ctrl Pts',(-0.319244817581238,0.597511155036789,
10.7109647985354));
#5958=CARTESIAN_POINT('Ctrl Pts',(0.749654252404589,0.832203663254234,10.774526206594));
#5959=CARTESIAN_POINT('Ctrl Pts',(1.13131668391414,1.85785447198642,10.8380876146526));
#5960=CARTESIAN_POINT('Ctrl Pts',(0.475857970647624,2.73421037936762,10.9016490227112));
#5961=CARTESIAN_POINT('Ctrl Pts',(-0.615837887586637,2.65788249876342,10.9652104307697));
#5962=CARTESIAN_POINT('Ctrl Pts',(-1.1429716752693,1.69884352617415,11.0287718388283));
#5963=CARTESIAN_POINT('Ctrl Pts',(-0.622299736287499,0.736281024818815,
11.0923332468869));
#5964=CARTESIAN_POINT('Ctrl Pts',(0.468858085180655,0.652612807637343,11.1558946549455));
#5965=CARTESIAN_POINT('Ctrl Pts',(1.13019585083315,1.524540598386,11.2194560630041));
#5966=CARTESIAN_POINT('Ctrl Pts',(0.755439926974812,2.55273517517734,11.2830174710627));
#5967=CARTESIAN_POINT('Ctrl Pts',(-0.311856476682591,2.79461091752699,11.3465788791213));
#5968=CARTESIAN_POINT('Ctrl Pts',(-1.09326236271278,2.02843196043033,11.4101402871798));
#5969=CARTESIAN_POINT('Ctrl Pts',(-0.87243255758135,0.956582140502734,11.4737016952384));
#5970=CARTESIAN_POINT('Ctrl Pts',(0.148188684952809,0.561670178374021,11.537263103297));
#5971=CARTESIAN_POINT('Ctrl Pts',(1.03296115597821,1.20572095877556,11.6008245113556));
#5972=CARTESIAN_POINT('Ctrl Pts',(0.970775977113497,2.29831999916374,11.6643859194142));
#5973=CARTESIAN_POINT('Ctrl Pts',(0.0186487429157158,2.83781822373524,11.7279473274727));
#5974=CARTESIAN_POINT('Ctrl Pts',(-0.950584651047313,2.32967890418323,11.7915087355313));
#5975=CARTESIAN_POINT('Ctrl Pts',(-1.04836142688174,1.23965259370524,11.8550701435899));
#5976=CARTESIAN_POINT('Ctrl Pts',(-0.185102480329737,0.567161371113469,
11.9186315516485));
#5977=CARTESIAN_POINT('Ctrl Pts',(0.847918126168082,0.928409946047482,11.9821929597071));
#5978=CARTESIAN_POINT('Ctrl Pts',(1.10348362473914,1.99279022395322,12.0457543677657));
#5979=CARTESIAN_POINT('Ctrl Pts',(0.347704581292973,2.78346627930505,12.1093157758242));
#5980=CARTESIAN_POINT('Ctrl Pts',(-0.727329998774347,2.57767403730943,12.1728771838828));
#5981=CARTESIAN_POINT('Ctrl Pts',(-1.13461579819357,1.55995291335396,12.2364385919414));
#5982=CARTESIAN_POINT('Ctrl Pts',(-0.714082661101008,0.968220293691814,
12.2788128639805));
#5983=CARTESIAN_POINT('Ctrl Pts',(-0.425119128515122,0.826737776319537,
12.3));
#5984=CARTESIAN_POINT('Ctrl Pts',(-0.51819904942611,2.41960594322132,8.21233898412804));
#5985=CARTESIAN_POINT('Ctrl Pts',(-0.75935280157071,2.24714579947571,8.23352612014757));
#5986=CARTESIAN_POINT('Ctrl Pts',(-1.05173201172624,1.64548787214241,8.27590039218662));
#5987=CARTESIAN_POINT('Ctrl Pts',(-0.527050948550917,0.78233432619531,8.33946180024521));
#5988=CARTESIAN_POINT('Ctrl Pts',(0.481269188190926,0.758502168859225,8.40302320830379));
#5989=CARTESIAN_POINT('Ctrl Pts',(1.04814374208505,1.59187176009244,8.46658461636239));
#5990=CARTESIAN_POINT('Ctrl Pts',(0.654274581928352,2.52046656580628,8.53014602442095));
#5991=CARTESIAN_POINT('Ctrl Pts',(-0.339460775561415,2.69196830012357,8.59370743247956));
#5992=CARTESIAN_POINT('Ctrl Pts',(-1.02196410425404,1.94969728534693,8.65726884053811));
#5993=CARTESIAN_POINT('Ctrl Pts',(-0.767612458884474,0.973838337147051,
8.72083024859672));
#5994=CARTESIAN_POINT('Ctrl Pts',(0.190448458022628,0.659146574548091,8.78439165665528));
#5995=CARTESIAN_POINT('Ctrl Pts',(0.973912964653302,1.29403461212483,8.84795306471389));
#5996=CARTESIAN_POINT('Ctrl Pts',(0.864556955751332,2.29651677276975,8.91151447277245));
#5997=CARTESIAN_POINT('Ctrl Pts',(-0.03737275927,2.74755832856065,8.97507588083105));
#5998=CARTESIAN_POINT('Ctrl Pts',(-0.90504072116387,2.23368331183951,9.03863728888962));
#5999=CARTESIAN_POINT('Ctrl Pts',(-0.943023718803125,1.22597478537538,9.10219869694822));
#6000=CARTESIAN_POINT('Ctrl Pts',(-0.116500717529514,0.648240590745378,
9.16576010500679));
#6001=CARTESIAN_POINT('Ctrl Pts',(0.816822831311926,1.03011012221851,9.22932151306539));
#6002=CARTESIAN_POINT('Ctrl Pts',(1.00133379712178,2.02150984015828,9.29288292112396));
#6003=CARTESIAN_POINT('Ctrl Pts',(0.26788386013826,2.71358538986761,9.35644432918255));
#6004=CARTESIAN_POINT('Ctrl Pts',(-0.711145411778449,2.4718849488079,9.42000573724112));
#6005=CARTESIAN_POINT('Ctrl Pts',(-1.03824057488978,1.51798441072728,9.48356714529972));
#6006=CARTESIAN_POINT('Ctrl Pts',(-0.413541008707099,0.726360834306624,
9.54712855335829));
#6007=CARTESIAN_POINT('Ctrl Pts',(0.590267367260487,0.822725706358681,9.61068996141689));
#6008=CARTESIAN_POINT('Ctrl Pts',(1.05295514061279,1.71873769077788,9.67425136947546));
#6009=CARTESIAN_POINT('Ctrl Pts',(0.550358784599388,2.59298842589894,9.73781277753405));
#6010=CARTESIAN_POINT('Ctrl Pts',(-0.456772455298047,2.64401893037316,9.80137418559264));
#6011=CARTESIAN_POINT('Ctrl Pts',(-1.04516296788369,1.82504759246711,9.86493559365121));
#6012=CARTESIAN_POINT('Ctrl Pts',(-0.675412733464608,0.886856667984936,
9.92849700170981));
#6013=CARTESIAN_POINT('Ctrl Pts',(0.313514108588752,0.689521551944591,9.99205840976838));
#6014=CARTESIAN_POINT('Ctrl Pts',(1.01503061236777,1.41394687036376,10.055619817827));
#6015=CARTESIAN_POINT('Ctrl Pts',(0.78602984852348,2.39602430980659,10.1191812258855));
#6016=CARTESIAN_POINT('Ctrl Pts',(-0.163554450429808,2.73544603294973,10.1827426339441));
#6017=CARTESIAN_POINT('Ctrl Pts',(-0.963202148000851,2.12105120327106,10.2463040420027));
#6018=CARTESIAN_POINT('Ctrl Pts',(-0.87984570757351,1.11607898933737,10.3098654500613));
#6019=CARTESIAN_POINT('Ctrl Pts',(0.0100988433580364,0.641825741342363,
10.3734268581199));
#6020=CARTESIAN_POINT('Ctrl Pts',(0.890785399487705,1.13305749602902,10.4369882661785));
#6021=CARTESIAN_POINT('Ctrl Pts',(0.95485501239511,2.13944337212513,10.5005496742371));
#6022=CARTESIAN_POINT('Ctrl Pts',(0.143572624786492,2.73839106149135,10.5641110822956));
#6023=CARTESIAN_POINT('Ctrl Pts',(-0.799328262649389,2.38082237797877,10.6276724903542));
#6024=CARTESIAN_POINT('Ctrl Pts',(-1.00945445172346,1.39453416893493,10.6912338984128));
#6025=CARTESIAN_POINT('Ctrl Pts',(-0.294175252128556,0.683694444215437,
10.7547953064714));
#6026=CARTESIAN_POINT('Ctrl Pts',(0.690785618326445,0.89995708647425,10.81835671453));
#6027=CARTESIAN_POINT('Ctrl Pts',(1.04247697190261,1.84506588272863,10.8819181225886));
#6028=CARTESIAN_POINT('Ctrl Pts',(0.438489932438847,2.65260356481681,10.9454795306471));
#6029=CARTESIAN_POINT('Ctrl Pts',(-0.567477546616772,2.58226953812438,11.0090409387057));
#6030=CARTESIAN_POINT('Ctrl Pts',(-1.05321672344012,1.69854170285334,11.0726023467643));
#6031=CARTESIAN_POINT('Ctrl Pts',(-0.573431961116569,0.811567033472381,
11.1361637548229));
#6032=CARTESIAN_POINT('Ctrl Pts',(0.432039731969764,0.734469090047687,11.1997251628815));
#6033=CARTESIAN_POINT('Ctrl Pts',(1.04144415528027,1.53792638537595,11.2632865709401));
#6034=CARTESIAN_POINT('Ctrl Pts',(0.696116957103759,2.48537919340106,11.3268479789986));
#6035=CARTESIAN_POINT('Ctrl Pts',(-0.287367100744499,2.70826098684282,11.3904093870572));
#6036=CARTESIAN_POINT('Ctrl Pts',(-1.00741096951984,2.00224831109389,11.4539707951158));
#6037=CARTESIAN_POINT('Ctrl Pts',(-0.803922423975916,1.01456840634206,11.5175322031744));
#6038=CARTESIAN_POINT('Ctrl Pts',(0.136551766411996,0.650667977486273,11.581093611233));
#6039=CARTESIAN_POINT('Ctrl Pts',(0.951845078649006,1.24414292296447,11.6446550192916));
#6040=CARTESIAN_POINT('Ctrl Pts',(0.894543159670999,2.25094265934491,11.7082164273501));
#6041=CARTESIAN_POINT('Ctrl Pts',(0.0171842997818263,2.7480753221041,11.7717778354087));
#6042=CARTESIAN_POINT('Ctrl Pts',(-0.875937412265822,2.27983902126702,11.8353392434673));
#6043=CARTESIAN_POINT('Ctrl Pts',(-0.966036001496917,1.27540998420041,11.8989006515259));
#6044=CARTESIAN_POINT('Ctrl Pts',(-0.170566805855086,0.655727959417548,
11.9624620595845));
#6045=CARTESIAN_POINT('Ctrl Pts',(0.781333054800175,0.988608509891182,12.0260234676431));
#6046=CARTESIAN_POINT('Ctrl Pts',(1.01682957921399,1.96940543867425,12.0895848757016));
#6047=CARTESIAN_POINT('Ctrl Pts',(0.320400135679841,2.69799151157408,12.1531462837602));
#6048=CARTESIAN_POINT('Ctrl Pts',(-0.670214437281078,2.5083596637219,12.2167076918188));
#6049=CARTESIAN_POINT('Ctrl Pts',(-1.04551701428233,1.57055785223289,12.2802690998774));
#6050=CARTESIAN_POINT('Ctrl Pts',(-0.65800738274026,1.02529264197616,12.3226433719165));
#6051=CARTESIAN_POINT('Ctrl Pts',(-0.391735495545783,0.89492042314075,12.343830507936));
#6052=CARTESIAN_POINT('Ctrl Pts',(-0.474038213689238,2.35785514675035,8.25616949206402));
#6053=CARTESIAN_POINT('Ctrl Pts',(-0.694640883681945,2.20009202741561,8.27735662808355));
#6054=CARTESIAN_POINT('Ctrl Pts',(-0.962103586779321,1.64970728734149,8.31973090012261));
#6055=CARTESIAN_POINT('Ctrl Pts',(-0.482135755461122,0.860111541240779,
8.38329230818118));
#6056=CARTESIAN_POINT('Ctrl Pts',(0.440255509010205,0.838310356339979,8.44685371623978));
#6057=CARTESIAN_POINT('Ctrl Pts',(0.958821108872756,1.60066033133246,8.51041512429836));
#6058=CARTESIAN_POINT('Ctrl Pts',(0.598517412224258,2.45012044406171,8.57397653235694));
#6059=CARTESIAN_POINT('Ctrl Pts',(-0.310531985427045,2.60700682945822,8.63753794041552));
#6060=CARTESIAN_POINT('Ctrl Pts',(-0.934872495369526,1.92799202557601,8.70109934847411));
#6061=CARTESIAN_POINT('Ctrl Pts',(-0.702196654390201,1.03529561262497,8.76466075653269));
#6062=CARTESIAN_POINT('Ctrl Pts',(0.174218472497972,0.747421829046378,8.82822216459127));
#6063=CARTESIAN_POINT('Ctrl Pts',(0.890916265794636,1.32820481496433,8.89178357264987));
#6064=CARTESIAN_POINT('Ctrl Pts',(0.790879557557741,2.24525561467871,8.95534498070842));
#6065=CARTESIAN_POINT('Ctrl Pts',(-0.0341878590179007,2.65785948503224,
9.01890638876704));
#6066=CARTESIAN_POINT('Ctrl Pts',(-0.827913303298551,2.18777681070894,9.08246779682561));
#6067=CARTESIAN_POINT('Ctrl Pts',(-0.862659396274624,1.26594503519044,9.14602920488419));
#6068=CARTESIAN_POINT('Ctrl Pts',(-0.10657254599823,0.737445251346965,9.20959061294277));
#6069=CARTESIAN_POINT('Ctrl Pts',(0.747213327165514,1.08677192564779,9.27315202100137));
#6070=CARTESIAN_POINT('Ctrl Pts',(0.916000299537311,1.99368472655826,9.33671342905994));
#6071=CARTESIAN_POINT('Ctrl Pts',(0.245054842684004,2.6267817144542,9.40027483711853));
#6072=CARTESIAN_POINT('Ctrl Pts',(-0.65054171953054,2.40567894428367,9.4638362451771));
#6073=CARTESIAN_POINT('Ctrl Pts',(-0.949761887918351,1.53306964943891,9.52739765323571));
#6074=CARTESIAN_POINT('Ctrl Pts',(-0.3782991135778,0.808908100905936,9.59095906129427));
#6075=CARTESIAN_POINT('Ctrl Pts',(0.539964881612753,0.897060774787798,9.65452046935287));
#6076=CARTESIAN_POINT('Ctrl Pts',(0.963222480828103,1.71671476876679,9.71808187741144));
#6077=CARTESIAN_POINT('Ctrl Pts',(0.503457301646155,2.51646200344862,9.78164328547003));
#6078=CARTESIAN_POINT('Ctrl Pts',(-0.417846383569658,2.56314369692415,9.84520469352861));
#6079=CARTESIAN_POINT('Ctrl Pts',(-0.956094355746925,1.8139649585347,9.9087661015872));
#6080=CARTESIAN_POINT('Ctrl Pts',(-0.617854174045873,0.955726506662737,
9.97232750964578));
#6081=CARTESIAN_POINT('Ctrl Pts',(0.28679648904485,0.775208255983737,10.0358889177044));
#6082=CARTESIAN_POINT('Ctrl Pts',(0.928529874494337,1.43789817074718,10.099450325763));
#6083=CARTESIAN_POINT('Ctrl Pts',(0.719044517185322,2.33628313616451,10.1630117338215));
#6084=CARTESIAN_POINT('Ctrl Pts',(-0.149616367703755,2.64677939721379,10.2265731418801));
#6085=CARTESIAN_POINT('Ctrl Pts',(-0.881118223133801,2.08474319146751,10.2901345499387));
#6086=CARTESIAN_POINT('Ctrl Pts',(-0.80486540452398,1.16541454038635,10.3536959579973));
#6087=CARTESIAN_POINT('Ctrl Pts',(0.00923822162752849,0.731577074329931,
10.4172573660559));
#6088=CARTESIAN_POINT('Ctrl Pts',(0.814872817735293,1.18094614159662,10.4808187741144));
#6089=CARTESIAN_POINT('Ctrl Pts',(0.873482429018874,2.10156798278874,10.544380182173));
#6090=CARTESIAN_POINT('Ctrl Pts',(0.131337389877181,2.64947345091898,10.6079415902316));
#6091=CARTESIAN_POINT('Ctrl Pts',(-0.731209642698635,2.32237671040733,10.6715029982902));
#6092=CARTESIAN_POINT('Ctrl Pts',(-0.92342891332121,1.42013981646536,10.7350644063488));
#6093=CARTESIAN_POINT('Ctrl Pts',(-0.269105686675877,0.769877733394081,
10.7986258144074));
#6094=CARTESIAN_POINT('Ctrl Pts',(0.631916984248301,0.967710509694269,10.862187222466));
#6095=CARTESIAN_POINT('Ctrl Pts',(0.953637259891077,1.83227729347085,10.9257486305245));
#6096=CARTESIAN_POINT('Ctrl Pts',(0.40112189423007,2.57099675026601,10.9893100385831));
#6097=CARTESIAN_POINT('Ctrl Pts',(-0.519117205646908,2.50665657748534,11.0528714466417));
#6098=CARTESIAN_POINT('Ctrl Pts',(-0.963461771610935,1.69823987953253,11.1164328547003));
#6099=CARTESIAN_POINT('Ctrl Pts',(-0.524564185945641,0.88685304212595,11.1799942627589));
#6100=CARTESIAN_POINT('Ctrl Pts',(0.395221378758873,0.816325372458029,11.2435556708174));
#6101=CARTESIAN_POINT('Ctrl Pts',(0.952692459727385,1.55131217236589,11.307117078876));
#6102=CARTESIAN_POINT('Ctrl Pts',(0.636793987232707,2.41802321162479,11.3706784869346));
#6103=CARTESIAN_POINT('Ctrl Pts',(-0.262877724806407,2.62191105615865,11.4342398949932));
#6104=CARTESIAN_POINT('Ctrl Pts',(-0.921559576326894,1.97606466175745,11.4978013030518));
#6105=CARTESIAN_POINT('Ctrl Pts',(-0.735412290370484,1.07255467218138,11.5613627111104));
#6106=CARTESIAN_POINT('Ctrl Pts',(0.124914847871184,0.739665776598529,11.6249241191689));
#6107=CARTESIAN_POINT('Ctrl Pts',(0.870729001319798,1.28256488715338,11.6884855272276));
#6108=CARTESIAN_POINT('Ctrl Pts',(0.818310342228502,2.20356531952609,11.7520469352861));
#6109=CARTESIAN_POINT('Ctrl Pts',(0.0157198566479364,2.65833242047297,11.8156083433447));
#6110=CARTESIAN_POINT('Ctrl Pts',(-0.80129017348433,2.22999913835081,11.8791697514033));
#6111=CARTESIAN_POINT('Ctrl Pts',(-0.8837105761121,1.31116737469558,11.9427311594619));
#6112=CARTESIAN_POINT('Ctrl Pts',(-0.156031131380435,0.744294547721627,
12.0062925675204));
#6113=CARTESIAN_POINT('Ctrl Pts',(0.714747983432267,1.04880707373488,12.0698539755791));
#6114=CARTESIAN_POINT('Ctrl Pts',(0.930175533688826,1.94602065339528,12.1334153836376));
#6115=CARTESIAN_POINT('Ctrl Pts',(0.293095690066711,2.61251674384312,12.1969767916962));
#6116=CARTESIAN_POINT('Ctrl Pts',(-0.61309887578781,2.43904529013437,12.2605381997548));
#6117=CARTESIAN_POINT('Ctrl Pts',(-0.956418230371083,1.58116279111182,12.3240996078134));
#6118=CARTESIAN_POINT('Ctrl Pts',(-0.601932104379512,1.08236499026051,12.3664738798524));
#6119=CARTESIAN_POINT('Ctrl Pts',(-0.358351862576444,0.963103069961963,
12.387661015872));
#6120=CARTESIAN_POINT('Ctrl Pts',(-0.429877377952367,2.29610435027938,8.3));
#6121=CARTESIAN_POINT('Ctrl Pts',(-0.62992896579318,2.15303825535552,8.32118713601953));
#6122=CARTESIAN_POINT('Ctrl Pts',(-0.872475161832398,1.65392670254058,8.36356140805859));
#6123=CARTESIAN_POINT('Ctrl Pts',(-0.437220562371325,0.937888756286245,
8.42712281611716));
#6124=CARTESIAN_POINT('Ctrl Pts',(0.399241829829484,0.918118543820735,8.49068422417576));
#6125=CARTESIAN_POINT('Ctrl Pts',(0.869498475660457,1.60944890257248,8.55424563223433));
#6126=CARTESIAN_POINT('Ctrl Pts',(0.542760242520164,2.37977432231713,8.61780704029292));
#6127=CARTESIAN_POINT('Ctrl Pts',(-0.281603195292675,2.52204535879287,8.6813684483515));
#6128=CARTESIAN_POINT('Ctrl Pts',(-0.847780886485015,1.9062867658051,8.74492985641009));
#6129=CARTESIAN_POINT('Ctrl Pts',(-0.636780849895928,1.0967528881029,8.80849126446867));
#6130=CARTESIAN_POINT('Ctrl Pts',(0.157988486973316,0.835697083544667,8.87205267252725));
#6131=CARTESIAN_POINT('Ctrl Pts',(0.807919566935969,1.36237501780384,8.93561408058583));
#6132=CARTESIAN_POINT('Ctrl Pts',(0.717202159364151,2.19399445658767,8.99917548864443));
#6133=CARTESIAN_POINT('Ctrl Pts',(-0.0310029587658032,2.56816064150382,
9.062736896703));
#6134=CARTESIAN_POINT('Ctrl Pts',(-0.75078588543323,2.14187030957836,9.12629830476159));
#6135=CARTESIAN_POINT('Ctrl Pts',(-0.782295073746126,1.3059152850055,9.18985971282017));
#6136=CARTESIAN_POINT('Ctrl Pts',(-0.0966443744669458,0.826649911948548,
9.25342112087875));
#6137=CARTESIAN_POINT('Ctrl Pts',(0.677603823019103,1.14343372907707,9.31698252893734));
#6138=CARTESIAN_POINT('Ctrl Pts',(0.830666801952844,1.96585961295824,9.38054393699591));
#6139=CARTESIAN_POINT('Ctrl Pts',(0.222225825229748,2.53997803904079,9.44410534505451));
#6140=CARTESIAN_POINT('Ctrl Pts',(-0.589938027282631,2.33947293975943,9.50766675311309));
#6141=CARTESIAN_POINT('Ctrl Pts',(-0.86128320094692,1.54815488815056,9.57122816117168));
#6142=CARTESIAN_POINT('Ctrl Pts',(-0.343057218448501,0.891455367505246,
9.63478956923025));
#6143=CARTESIAN_POINT('Ctrl Pts',(0.489662395965019,0.971395843216919,9.69835097728884));
#6144=CARTESIAN_POINT('Ctrl Pts',(0.873489821043423,1.71469184675569,9.76191238534742));
#6145=CARTESIAN_POINT('Ctrl Pts',(0.456555818692919,2.4399355809983,9.82547379340602));
#6146=CARTESIAN_POINT('Ctrl Pts',(-0.378920311841267,2.48226846347513,9.88903520146458));
#6147=CARTESIAN_POINT('Ctrl Pts',(-0.867025743610158,1.80288232460228,9.95259660952318));
#6148=CARTESIAN_POINT('Ctrl Pts',(-0.560295614627138,1.02459634534054,10.0161580175818));
#6149=CARTESIAN_POINT('Ctrl Pts',(0.260078869500948,0.860894960022887,10.0797194256404));
#6150=CARTESIAN_POINT('Ctrl Pts',(0.842029136620901,1.46184947113058,10.1432808336989));
#6151=CARTESIAN_POINT('Ctrl Pts',(0.652059185847163,2.27654196252244,10.2068422417575));
#6152=CARTESIAN_POINT('Ctrl Pts',(-0.1356782849777,2.55811276147785,10.2704036498161));
#6153=CARTESIAN_POINT('Ctrl Pts',(-0.799034298266752,2.04843517966395,10.3339650578747));
#6154=CARTESIAN_POINT('Ctrl Pts',(-0.729885101474448,1.21475009143534,10.3975264659333));
#6155=CARTESIAN_POINT('Ctrl Pts',(0.00837759989701963,0.821328407317499,
10.4610878739918));
#6156=CARTESIAN_POINT('Ctrl Pts',(0.738960235982882,1.22883478716421,10.5246492820504));
#6157=CARTESIAN_POINT('Ctrl Pts',(0.792109845642638,2.06369259345236,10.588210690109));
#6158=CARTESIAN_POINT('Ctrl Pts',(0.119102154967871,2.56055584034661,10.6517720981676));
#6159=CARTESIAN_POINT('Ctrl Pts',(-0.66309102274788,2.26393104283589,10.7153335062262));
#6160=CARTESIAN_POINT('Ctrl Pts',(-0.837403374918957,1.44574546399578,10.7788949142848));
#6161=CARTESIAN_POINT('Ctrl Pts',(-0.244036121223197,0.856061022572728,
10.8424563223433));
#6162=CARTESIAN_POINT('Ctrl Pts',(0.573048350170156,1.03546393291428,10.9060177304019));
#6163=CARTESIAN_POINT('Ctrl Pts',(0.864797547879544,1.81948870421306,10.9695791384605));
#6164=CARTESIAN_POINT('Ctrl Pts',(0.363753856021293,2.4893899357152,11.0331405465191));
#6165=CARTESIAN_POINT('Ctrl Pts',(-0.470756864677044,2.43104361684631,11.0967019545777));
#6166=CARTESIAN_POINT('Ctrl Pts',(-0.873706819781754,1.69793805621173,11.1602633626363));
#6167=CARTESIAN_POINT('Ctrl Pts',(-0.475696410774713,0.962139050779518,
11.2238247706948));
#6168=CARTESIAN_POINT('Ctrl Pts',(0.358403025547983,0.898181654868372,11.2873861787534));
#6169=CARTESIAN_POINT('Ctrl Pts',(0.863940764174502,1.56469795935584,11.350947586812));
#6170=CARTESIAN_POINT('Ctrl Pts',(0.577471017361655,2.35066722984852,11.4145089948706));
#6171=CARTESIAN_POINT('Ctrl Pts',(-0.238388348868316,2.53556112547447,11.4780704029292));
#6172=CARTESIAN_POINT('Ctrl Pts',(-0.83570818313395,1.94988101242101,11.5416318109878));
#6173=CARTESIAN_POINT('Ctrl Pts',(-0.66690215676505,1.1305409380207,11.6051932190464));
#6174=CARTESIAN_POINT('Ctrl Pts',(0.11327792933037,0.828663575710786,11.6687546271049));
#6175=CARTESIAN_POINT('Ctrl Pts',(0.789612923990591,1.32098685134228,11.7323160351635));
#6176=CARTESIAN_POINT('Ctrl Pts',(0.742077524786004,2.15618797970728,11.7958774432221));
#6177=CARTESIAN_POINT('Ctrl Pts',(0.0142554135140464,2.56858951884183,11.8594388512807));
#6178=CARTESIAN_POINT('Ctrl Pts',(-0.726642934702838,2.1801592554346,11.9230002593393));
#6179=CARTESIAN_POINT('Ctrl Pts',(-0.801385150727282,1.34692476519075,11.9865616673978));
#6180=CARTESIAN_POINT('Ctrl Pts',(-0.141495456905783,0.832861136025706,
12.0501230754564));
#6181=CARTESIAN_POINT('Ctrl Pts',(0.648162912064359,1.10900563757859,12.113684483515));
#6182=CARTESIAN_POINT('Ctrl Pts',(0.843521488163667,1.92263586811631,12.1772458915736));
#6183=CARTESIAN_POINT('Ctrl Pts',(0.26579124445358,2.52704197611216,12.2408072996322));
#6184=CARTESIAN_POINT('Ctrl Pts',(-0.555983314294543,2.36973091654684,12.3043687076908));
#6185=CARTESIAN_POINT('Ctrl Pts',(-0.867319446459837,1.59176772999076,12.3679301157493));
#6186=CARTESIAN_POINT('Ctrl Pts',(-0.545856826018763,1.13943733854486,12.4103043877884));
#6187=CARTESIAN_POINT('Ctrl Pts',(-0.324968229607104,1.03128571678318,12.4314915238079));
#6188=CARTESIAN_POINT('',(-0.425119128515122,0.826737776319537,12.3));
#6189=CARTESIAN_POINT('Ctrl Pts',(-0.430804865691612,2.29695692202152,12.3));
#6190=CARTESIAN_POINT('Ctrl Pts',(-0.446114561845622,2.28923401907127,12.3));
#6191=CARTESIAN_POINT('Ctrl Pts',(-0.461101310911665,2.28095817912168,12.3));
#6192=CARTESIAN_POINT('Ctrl Pts',(-0.475732022332971,2.27213847906762,12.3));
#6193=CARTESIAN_POINT('Ctrl Pts',(-0.505001029105431,2.25449450720734,12.3));
#6194=CARTESIAN_POINT('Ctrl Pts',(-0.532846147148267,2.23467770449257,12.3));
#6195=CARTESIAN_POINT('Ctrl Pts',(-0.559203503020664,2.21296998046246,12.3));
#6196=CARTESIAN_POINT('Ctrl Pts',(-0.581736616976996,2.19441187388791,12.3));
#6197=CARTESIAN_POINT('Ctrl Pts',(-0.603182534652025,2.17447051740461,12.3));
#6198=CARTESIAN_POINT('Ctrl Pts',(-0.623492646699749,2.15329300369649,12.3));
#6199=CARTESIAN_POINT('Ctrl Pts',(-0.631163058196198,2.14529500524964,12.3));
#6200=CARTESIAN_POINT('Ctrl Pts',(-0.638671360043747,2.13712044814405,12.3));
#6201=CARTESIAN_POINT('Ctrl Pts',(-0.646014481589367,2.1287764232747,12.3));
#6202=CARTESIAN_POINT('Ctrl Pts',(-0.653238463876903,2.12056777692607,12.3));
#6203=CARTESIAN_POINT('Ctrl Pts',(-0.660306310575904,2.1121901634297,12.3));
#6204=CARTESIAN_POINT('Ctrl Pts',(-0.667193711958903,2.10367707143188,12.3));
#6205=CARTESIAN_POINT('Ctrl Pts',(-0.690000785740803,2.0754866543922,12.3));
#6206=CARTESIAN_POINT('Ctrl Pts',(-0.71086930557293,2.04577466814771,12.3));
#6207=CARTESIAN_POINT('Ctrl Pts',(-0.729727410995723,2.0148311433627,12.3));
#6208=CARTESIAN_POINT('Ctrl Pts',(-0.748965727703851,1.98326374480736,12.3));
#6209=CARTESIAN_POINT('Ctrl Pts',(-0.766112626538362,1.95041383874539,12.3));
#6210=CARTESIAN_POINT('Ctrl Pts',(-0.781065527230432,1.91654321714425,12.3));
#6211=CARTESIAN_POINT('Ctrl Pts',(-0.788316362664431,1.90011895884584,12.3));
#6212=CARTESIAN_POINT('Ctrl Pts',(-0.795050829793219,1.88345408288415,12.3));
#6213=CARTESIAN_POINT('Ctrl Pts',(-0.801254103963292,1.86657557558241,12.3));
#6214=CARTESIAN_POINT('Ctrl Pts',(-0.804017460417863,1.85905675071395,12.3));
#6215=CARTESIAN_POINT('Ctrl Pts',(-0.806676125185104,1.85149326228344,12.3));
#6216=CARTESIAN_POINT('Ctrl Pts',(-0.809226205720512,1.8438946878643,12.3));
#6217=CARTESIAN_POINT('Ctrl Pts',(-0.821534183544841,1.80722012635587,12.3));
#6218=CARTESIAN_POINT('Ctrl Pts',(-0.831270609689419,1.76986963724749,12.3));
#6219=CARTESIAN_POINT('Ctrl Pts',(-0.838344733081281,1.73214141507944,12.3));
#6220=CARTESIAN_POINT('Ctrl Pts',(-0.84543811823723,1.69431046468989,12.3));
#6221=CARTESIAN_POINT('Ctrl Pts',(-0.849855543812247,1.65609857349964,12.3));
#6222=CARTESIAN_POINT('Ctrl Pts',(-0.851465916318679,1.61777394194989,12.3));
#6223=CARTESIAN_POINT('Ctrl Pts',(-0.851791045709414,1.61003631350919,12.3));
#6224=CARTESIAN_POINT('Ctrl Pts',(-0.852001599604625,1.60229401697675,12.3));
#6225=CARTESIAN_POINT('Ctrl Pts',(-0.852096254851881,1.59454916573278,12.3));
#6226=CARTESIAN_POINT('Ctrl Pts',(-0.852260052355517,1.58114697899125,12.3));
#6227=CARTESIAN_POINT('Ctrl Pts',(-0.852076838959276,1.56773714731292,12.3));
#6228=CARTESIAN_POINT('Ctrl Pts',(-0.85155337303886,1.55432828025995,12.3));
#6229=CARTESIAN_POINT('Ctrl Pts',(-0.851235763577419,1.54619253946549,12.3));
#6230=CARTESIAN_POINT('Ctrl Pts',(-0.850792877886339,1.53805715110014,12.3));
#6231=CARTESIAN_POINT('Ctrl Pts',(-0.850226075066319,1.52992402334288,12.3));
#6232=CARTESIAN_POINT('Ctrl Pts',(-0.849678444306784,1.5220659979877,12.3));
#6233=CARTESIAN_POINT('Ctrl Pts',(-0.84901544312538,1.51421553274099,12.3));
#6234=CARTESIAN_POINT('Ctrl Pts',(-0.848239654166918,1.50638196678616,12.3));
#6235=CARTESIAN_POINT('Ctrl Pts',(-0.844436468379916,1.4679791171761,12.3));
#6236=CARTESIAN_POINT('Ctrl Pts',(-0.837923191521821,1.42992873257863,12.3));
#6237=CARTESIAN_POINT('Ctrl Pts',(-0.828912531891878,1.3924407556261,12.3));
#6238=CARTESIAN_POINT('Ctrl Pts',(-0.819670021296006,1.35398818517829,12.3));
#6239=CARTESIAN_POINT('Ctrl Pts',(-0.807799864160874,1.31612634797348,12.3));
#6240=CARTESIAN_POINT('Ctrl Pts',(-0.793476422161744,1.27907192879421,12.3));
#6241=CARTESIAN_POINT('Ctrl Pts',(-0.787941898658478,1.26475424217531,12.3));
#6242=CARTESIAN_POINT('Ctrl Pts',(-0.782040529701242,1.2505570830921,12.3));
#6243=CARTESIAN_POINT('Ctrl Pts',(-0.775780306006062,1.23649307806826,12.3));
#6244=CARTESIAN_POINT('Ctrl Pts',(-0.771264562912992,1.22634816366269,12.3));
#6245=CARTESIAN_POINT('Ctrl Pts',(-0.766562073304469,1.2162725356837,12.3));
#6246=CARTESIAN_POINT('Ctrl Pts',(-0.761675484999336,1.20627102109006,12.3));
#6247=CARTESIAN_POINT('Ctrl Pts',(-0.757943105031926,1.19863185642505,12.3));
#6248=CARTESIAN_POINT('Ctrl Pts',(-0.754103855444459,1.19103728353699,12.3));
#6249=CARTESIAN_POINT('Ctrl Pts',(-0.750164897141474,1.18350018103962,12.3));
#6250=CARTESIAN_POINT('Ctrl Pts',(-0.731315861632146,1.14743300243994,12.3));
#6251=CARTESIAN_POINT('Ctrl Pts',(-0.710154992598156,1.11261396840627,12.3));
#6252=CARTESIAN_POINT('Ctrl Pts',(-0.686862821210342,1.07926511106352,12.3));
#6253=CARTESIAN_POINT('Ctrl Pts',(-0.666799312444354,1.05053893176097,12.3));
#6254=CARTESIAN_POINT('Ctrl Pts',(-0.645153431148839,1.02290312211502,12.3));
#6255=CARTESIAN_POINT('Ctrl Pts',(-0.622012969319354,0.996506070346461,
12.3));
#6256=CARTESIAN_POINT('Ctrl Pts',(-0.614811927809651,0.988291616074985,
12.3));
#6257=CARTESIAN_POINT('Ctrl Pts',(-0.607470923321907,0.980202979100611,
12.3));
#6258=CARTESIAN_POINT('Ctrl Pts',(-0.599998462353177,0.97225004163849,12.3));
#6259=CARTESIAN_POINT('Ctrl Pts',(-0.570834932906804,0.941211307969312,
12.3));
#6260=CARTESIAN_POINT('Ctrl Pts',(-0.539648608183134,0.912210348394814,
12.3));
#6261=CARTESIAN_POINT('Ctrl Pts',(-0.506611014730919,0.885496604558226,
12.3));
#6262=CARTESIAN_POINT('Ctrl Pts',(-0.480576273754484,0.864445270952393,
12.3));
#6263=CARTESIAN_POINT('Ctrl Pts',(-0.453390799987767,0.844814274017371,
12.3));
#6264=CARTESIAN_POINT('Ctrl Pts',(-0.425119128515122,0.826737776319537,
12.3));
#6265=CARTESIAN_POINT('Ctrl Pts',(-0.42613212047787,0.825437793403535,8.3));
#6266=CARTESIAN_POINT('Ctrl Pts',(-0.444797202246795,0.837264246466574,
8.3));
#6267=CARTESIAN_POINT('Ctrl Pts',(-0.462999746255028,0.849760636302583,
8.3));
#6268=CARTESIAN_POINT('Ctrl Pts',(-0.480698214161828,0.862929204114067,
8.3));
#6269=CARTESIAN_POINT('Ctrl Pts',(-0.511013103085801,0.885485036211802,
8.3));
#6270=CARTESIAN_POINT('Ctrl Pts',(-0.53985071229311,0.910012204229895,8.3));
#6271=CARTESIAN_POINT('Ctrl Pts',(-0.567112056926123,0.936308074613955,
8.3));
#6272=CARTESIAN_POINT('Ctrl Pts',(-0.582595910679158,0.95124355988868,8.3));
#6273=CARTESIAN_POINT('Ctrl Pts',(-0.597570752161732,0.9667499745677,8.3));
#6274=CARTESIAN_POINT('Ctrl Pts',(-0.612014104454964,0.982791996684979,
8.3));
#6275=CARTESIAN_POINT('Ctrl Pts',(-0.619076516136857,0.990636115010289,
8.3));
#6276=CARTESIAN_POINT('Ctrl Pts',(-0.626012344528298,0.998609197088818,
8.3));
#6277=CARTESIAN_POINT('Ctrl Pts',(-0.632808108141856,1.00669387201549,8.3));
#6278=CARTESIAN_POINT('Ctrl Pts',(-0.659682165400052,1.03866496890002,8.3));
#6279=CARTESIAN_POINT('Ctrl Pts',(-0.684412065876802,1.07242544918583,8.3));
#6280=CARTESIAN_POINT('Ctrl Pts',(-0.706856585530292,1.10770077443836,8.3));
#6281=CARTESIAN_POINT('Ctrl Pts',(-0.719772263689143,1.12799992785952,8.3));
#6282=CARTESIAN_POINT('Ctrl Pts',(-0.731930271835936,1.14880110222158,8.3));
#6283=CARTESIAN_POINT('Ctrl Pts',(-0.743295968418311,1.17005343531953,8.3));
#6284=CARTESIAN_POINT('Ctrl Pts',(-0.747922269460396,1.17870399976538,8.3));
#6285=CARTESIAN_POINT('Ctrl Pts',(-0.752417230476728,1.18742931518291,8.3));
#6286=CARTESIAN_POINT('Ctrl Pts',(-0.7567782286644,1.19622594037714,8.3));
#6287=CARTESIAN_POINT('Ctrl Pts',(-0.761060783358093,1.20486433619686,8.3));
#6288=CARTESIAN_POINT('Ctrl Pts',(-0.765210722142093,1.21356476404616,8.3));
#6289=CARTESIAN_POINT('Ctrl Pts',(-0.769222974669443,1.22231642069719,8.3));
#6290=CARTESIAN_POINT('Ctrl Pts',(-0.785934010638546,1.25876707979398,8.3));
#6291=CARTESIAN_POINT('Ctrl Pts',(-0.800280215475174,1.29614543477297,8.3));
#6292=CARTESIAN_POINT('Ctrl Pts',(-0.812129028133904,1.33420770075608,8.3));
#6293=CARTESIAN_POINT('Ctrl Pts',(-0.823697391002309,1.37136907018341,8.3));
#6294=CARTESIAN_POINT('Ctrl Pts',(-0.83288526814815,1.40918343300123,8.3));
#6295=CARTESIAN_POINT('Ctrl Pts',(-0.839521103848423,1.44742136708445,8.3));
#6296=CARTESIAN_POINT('Ctrl Pts',(-0.842640189078278,1.4653945931868,8.3));
#6297=CARTESIAN_POINT('Ctrl Pts',(-0.845194732261564,1.48346126567395,8.3));
#6298=CARTESIAN_POINT('Ctrl Pts',(-0.84716303093439,1.50159636716968,8.3));
#6299=CARTESIAN_POINT('Ctrl Pts',(-0.848036409213221,1.50964331855436,8.3));
#6300=CARTESIAN_POINT('Ctrl Pts',(-0.848794328395611,1.51770372919309,8.3));
#6301=CARTESIAN_POINT('Ctrl Pts',(-0.84943472949877,1.52577533971979,8.3));
#6302=CARTESIAN_POINT('Ctrl Pts',(-0.850076334147557,1.53386211972623,8.3));
#6303=CARTESIAN_POINT('Ctrl Pts',(-0.850599289335981,1.54195201636884,8.3));
#6304=CARTESIAN_POINT('Ctrl Pts',(-0.851002058089661,1.55003832611881,8.3));
#6305=CARTESIAN_POINT('Ctrl Pts',(-0.852733783248469,1.58480583454131,8.3));
#6306=CARTESIAN_POINT('Ctrl Pts',(-0.852248875735478,1.61953498617267,8.3));
#6307=CARTESIAN_POINT('Ctrl Pts',(-0.849431890714488,1.65405624410933,8.3));
#6308=CARTESIAN_POINT('Ctrl Pts',(-0.846736009362492,1.68709341499432,8.3));
#6309=CARTESIAN_POINT('Ctrl Pts',(-0.84190347095702,1.71994067677748,8.3));
#6310=CARTESIAN_POINT('Ctrl Pts',(-0.835025931161219,1.75243518763473,8.3));
#6311=CARTESIAN_POINT('Ctrl Pts',(-0.831639518797414,1.76843506791023,8.3));
#6312=CARTESIAN_POINT('Ctrl Pts',(-0.827756921513812,1.78434919567578,8.3));
#6313=CARTESIAN_POINT('Ctrl Pts',(-0.823387107298929,1.80015648588737,8.3));
#6314=CARTESIAN_POINT('Ctrl Pts',(-0.819759965928357,1.81327724422255,8.3));
#6315=CARTESIAN_POINT('Ctrl Pts',(-0.815797118915218,1.82632437762607,8.3));
#6316=CARTESIAN_POINT('Ctrl Pts',(-0.811503141152609,1.83928511095239,8.3));
#6317=CARTESIAN_POINT('Ctrl Pts',(-0.80904473212514,1.84670545301599,8.3));
#6318=CARTESIAN_POINT('Ctrl Pts',(-0.806477571440136,1.85409763064418,8.3));
#6319=CARTESIAN_POINT('Ctrl Pts',(-0.803807858262665,1.86144543744115,8.3));
#6320=CARTESIAN_POINT('Ctrl Pts',(-0.79106935923587,1.89650539463885,8.3));
#6321=CARTESIAN_POINT('Ctrl Pts',(-0.775973911940325,1.93063736453294,8.3));
#6322=CARTESIAN_POINT('Ctrl Pts',(-0.75866736648553,1.9636128278536,8.3));
#6323=CARTESIAN_POINT('Ctrl Pts',(-0.741548951038766,1.99622983291374,8.3));
#6324=CARTESIAN_POINT('Ctrl Pts',(-0.722266274992368,2.02771622883594,8.3));
#6325=CARTESIAN_POINT('Ctrl Pts',(-0.700927460710968,2.05781282468933,8.3));
#6326=CARTESIAN_POINT('Ctrl Pts',(-0.691359384472937,2.07130778836598,8.3));
#6327=CARTESIAN_POINT('Ctrl Pts',(-0.68137755978872,2.08452273669763,8.3));
#6328=CARTESIAN_POINT('Ctrl Pts',(-0.670990317800155,2.09743107676833,8.3));
#6329=CARTESIAN_POINT('Ctrl Pts',(-0.665984951148002,2.10365130105845,8.3));
#6330=CARTESIAN_POINT('Ctrl Pts',(-0.660884400574509,2.10980150322253,8.3));
#6331=CARTESIAN_POINT('Ctrl Pts',(-0.655692780761753,2.11587474712303,8.3));
#6332=CARTESIAN_POINT('Ctrl Pts',(-0.63266274504358,2.14281566903145,8.3));
#6333=CARTESIAN_POINT('Ctrl Pts',(-0.607954034890339,2.16811704779752,8.3));
#6334=CARTESIAN_POINT('Ctrl Pts',(-0.581678750595071,2.19156145037236,8.3));
#6335=CARTESIAN_POINT('Ctrl Pts',(-0.556356594520542,2.21415541412943,8.3));
#6336=CARTESIAN_POINT('Ctrl Pts',(-0.529578582783354,2.23502509143726,8.3));
#6337=CARTESIAN_POINT('Ctrl Pts',(-0.501427565614862,2.25393199583188,8.3));
#6338=CARTESIAN_POINT('Ctrl Pts',(-0.478476751835234,2.26934631778383,8.3));
#6339=CARTESIAN_POINT('Ctrl Pts',(-0.4546128577316,2.28345536700474,8.3));
#6340=CARTESIAN_POINT('Ctrl Pts',(-0.42987737795237,2.29610435027938,8.3));
#6341=CARTESIAN_POINT('Ctrl Pts',(-0.425119128515122,0.826737776319538,
12.3));
#6342=CARTESIAN_POINT('Ctrl Pts',(-0.714082661101009,0.968220293691815,
12.2788128639805));
#6343=CARTESIAN_POINT('Ctrl Pts',(-0.924349229647291,1.26408660352289,12.2576257279609));
#6344=CARTESIAN_POINT('Ctrl Pts',(-0.96160154735056,1.58163994576434,12.2364385919414));
#6345=CARTESIAN_POINT('Ctrl Pts',(-0.998853865053828,1.89919328800578,12.2152514559219));
#6346=CARTESIAN_POINT('Ctrl Pts',(-0.863091931914088,2.23843366265761,12.1940643199024));
#6347=CARTESIAN_POINT('Ctrl Pts',(-0.616038535332998,2.44235255698279,12.1728771838828));
#6348=CARTESIAN_POINT('Ctrl Pts',(-0.36898513875191,2.64627145130797,12.1516900478633));
#6349=CARTESIAN_POINT('Ctrl Pts',(-0.0106402787294691,2.71486886530651,
12.1305029118438));
#6350=CARTESIAN_POINT('Ctrl Pts',(0.294495325189444,2.61738822974714,12.1093157758242));
#6351=CARTESIAN_POINT('Ctrl Pts',(0.599630929108363,2.51990759418777,12.0881286398047));
#6352=CARTESIAN_POINT('Ctrl Pts',(0.851557276923755,2.2563489090705,12.0669415037852));
#6353=CARTESIAN_POINT('Ctrl Pts',(0.934926201069606,1.94717285352756,12.0457543677657));
#6354=CARTESIAN_POINT('Ctrl Pts',(0.956920171181707,1.86560758211909,12.0401648841403));
#6355=CARTESIAN_POINT('Ctrl Pts',(0.96718282479982,1.78086741755886,12.034575400515));
#6356=CARTESIAN_POINT('Ctrl Pts',(0.966429905820202,1.69594165414338,12.0289859168897));
#6357=CARTESIAN_POINT('Origin',(0.,1.695,8.3));
#6358=CARTESIAN_POINT('Origin',(0.,1.695,12.3));
#6359=CARTESIAN_POINT('Origin',(0.,1.695,12.3));
#6360=CARTESIAN_POINT('Origin',(0.,1.695,3.3));
#6361=CARTESIAN_POINT('',(1.2,1.695,8.3));
#6362=CARTESIAN_POINT('Origin',(0.,1.695,8.3));
#6363=CARTESIAN_POINT('',(1.2,1.695,3.3));
#6364=CARTESIAN_POINT('',(1.2,1.695,3.3));
#6365=CARTESIAN_POINT('Origin',(0.,1.695,3.3));
#6366=CARTESIAN_POINT('Origin',(0.,1.695,8.3));
#6367=CARTESIAN_POINT('Origin',(-1.2,2.895,0.8));
#6368=CARTESIAN_POINT('',(-1.2,2.895,0.8));
#6369=CARTESIAN_POINT('',(-1.2,0.495000000000001,0.8));
#6370=CARTESIAN_POINT('',(-1.2,2.295,0.8));
#6371=CARTESIAN_POINT('',(-1.2,2.895,3.2));
#6372=CARTESIAN_POINT('',(-1.2,2.895,0.8));
#6373=CARTESIAN_POINT('',(-1.2,0.495000000000001,3.2));
#6374=CARTESIAN_POINT('',(-1.2,0.495000000000001,3.2));
#6375=CARTESIAN_POINT('',(-1.2,0.495000000000001,0.8));
#6376=CARTESIAN_POINT('Origin',(1.2,2.895,0.8));
#6377=CARTESIAN_POINT('',(1.2,2.895,0.8));
#6378=CARTESIAN_POINT('',(0.6,2.895,0.8));
#6379=CARTESIAN_POINT('',(1.2,2.895,3.2));
#6380=CARTESIAN_POINT('',(1.2,2.895,0.8));
#6381=CARTESIAN_POINT('',(-1.2,2.895,3.2));
#6382=CARTESIAN_POINT('Origin',(1.2,0.495000000000001,0.8));
#6383=CARTESIAN_POINT('',(1.2,0.495000000000001,0.8));
#6384=CARTESIAN_POINT('',(1.2,1.095,0.8));
#6385=CARTESIAN_POINT('',(1.2,0.495000000000001,3.2));
#6386=CARTESIAN_POINT('',(1.2,0.495000000000001,0.8));
#6387=CARTESIAN_POINT('',(1.2,2.895,3.2));
#6388=CARTESIAN_POINT('Origin',(-1.2,0.495000000000001,0.8));
#6389=CARTESIAN_POINT('',(-0.6,0.495000000000001,0.8));
#6390=CARTESIAN_POINT('',(1.2,0.495000000000001,3.2));
#6391=CARTESIAN_POINT('Origin',(0.,1.695,3.2));
#6392=CARTESIAN_POINT('Origin',(0.,1.695,0.8));
#6393=CARTESIAN_POINT('',(-2.45,1.695,3.3));
#6394=CARTESIAN_POINT('Origin',(0.,1.695,3.3));
#6395=CARTESIAN_POINT('',(-2.45,1.695,0.8));
#6396=CARTESIAN_POINT('',(-2.45,1.695,0.8));
#6397=CARTESIAN_POINT('Origin',(0.,1.695,0.8));
#6398=CARTESIAN_POINT('Origin',(0.,1.695,0.8));
#6399=CARTESIAN_POINT('Origin',(0.,1.695,3.3));
#6400=CARTESIAN_POINT('Origin',(-1.2,2.895,0.8));
#6401=CARTESIAN_POINT('',(-1.2,0.495000000000001,0.8));
#6402=CARTESIAN_POINT('',(-1.2,2.895,0.8));
#6403=CARTESIAN_POINT('',(-1.2,0.495000000000001,0.8));
#6404=CARTESIAN_POINT('',(-1.2,0.495000000000001,3.2));
#6405=CARTESIAN_POINT('',(-1.2,0.495000000000001,0.8));
#6406=CARTESIAN_POINT('',(-1.2,2.895,3.2));
#6407=CARTESIAN_POINT('',(-1.2,0.495000000000001,3.2));
#6408=CARTESIAN_POINT('',(-1.2,2.895,0.8));
#6409=CARTESIAN_POINT('Origin',(1.2,2.895,0.8));
#6410=CARTESIAN_POINT('',(1.2,2.895,0.8));
#6411=CARTESIAN_POINT('',(-1.2,2.895,0.8));
#6412=CARTESIAN_POINT('',(1.2,2.895,3.2));
#6413=CARTESIAN_POINT('',(-1.2,2.895,3.2));
#6414=CARTESIAN_POINT('',(1.2,2.895,0.8));
#6415=CARTESIAN_POINT('Origin',(1.2,0.495000000000001,0.8));
#6416=CARTESIAN_POINT('',(1.2,0.495000000000001,0.8));
#6417=CARTESIAN_POINT('',(1.2,2.895,0.8));
#6418=CARTESIAN_POINT('',(1.2,0.495000000000001,3.2));
#6419=CARTESIAN_POINT('',(1.2,2.895,3.2));
#6420=CARTESIAN_POINT('',(1.2,0.495000000000001,0.8));
#6421=CARTESIAN_POINT('Origin',(-1.2,0.495000000000001,0.8));
#6422=CARTESIAN_POINT('',(1.2,0.495000000000001,0.8));
#6423=CARTESIAN_POINT('',(1.2,0.495000000000001,3.2));
#6424=CARTESIAN_POINT('Origin',(0.,1.695,3.2));
#6425=CARTESIAN_POINT('Origin',(0.,1.695,0.8));
#6426=CARTESIAN_POINT('',(0.,0.,0.));
#6427=CARTESIAN_POINT('',(0.,0.,0.));
#6428=CARTESIAN_POINT('',(0.,0.,0.));
#6429=CARTESIAN_POINT('',(0.,0.,0.));
#6430=UNCERTAINTY_MEASURE_WITH_UNIT(LENGTH_MEASURE(0.01),#6442,
'DISTANCE_ACCURACY_VALUE',
'Maximum model space distance between geometric entities at asserted c
onnectivities');
#6431=UNCERTAINTY_MEASURE_WITH_UNIT(LENGTH_MEASURE(0.01),#6442,
'DISTANCE_ACCURACY_VALUE',
'Maximum model space distance between geometric entities at asserted c
onnectivities');
#6432=UNCERTAINTY_MEASURE_WITH_UNIT(LENGTH_MEASURE(0.01),#6442,
'DISTANCE_ACCURACY_VALUE',
'Maximum model space distance between geometric entities at asserted c
onnectivities');
#6433=UNCERTAINTY_MEASURE_WITH_UNIT(LENGTH_MEASURE(0.01),#6442,
'DISTANCE_ACCURACY_VALUE',
'Maximum model space distance between geometric entities at asserted c
onnectivities');
#6434=UNCERTAINTY_MEASURE_WITH_UNIT(LENGTH_MEASURE(0.01),#6442,
'DISTANCE_ACCURACY_VALUE',
'Maximum model space distance between geometric entities at asserted c
onnectivities');
#6435=UNCERTAINTY_MEASURE_WITH_UNIT(LENGTH_MEASURE(0.01),#6442,
'DISTANCE_ACCURACY_VALUE',
'Maximum model space distance between geometric entities at asserted c
onnectivities');
#6436=(
GEOMETRIC_REPRESENTATION_CONTEXT(3)
GLOBAL_UNCERTAINTY_ASSIGNED_CONTEXT((#6430))
GLOBAL_UNIT_ASSIGNED_CONTEXT((#6442,#6444,#6445))
REPRESENTATION_CONTEXT('','3D')
);
#6437=(
GEOMETRIC_REPRESENTATION_CONTEXT(3)
GLOBAL_UNCERTAINTY_ASSIGNED_CONTEXT((#6431))
GLOBAL_UNIT_ASSIGNED_CONTEXT((#6442,#6444,#6445))
REPRESENTATION_CONTEXT('','3D')
);
#6438=(
GEOMETRIC_REPRESENTATION_CONTEXT(3)
GLOBAL_UNCERTAINTY_ASSIGNED_CONTEXT((#6432))
GLOBAL_UNIT_ASSIGNED_CONTEXT((#6442,#6444,#6445))
REPRESENTATION_CONTEXT('','3D')
);
#6439=(
GEOMETRIC_REPRESENTATION_CONTEXT(3)
GLOBAL_UNCERTAINTY_ASSIGNED_CONTEXT((#6433))
GLOBAL_UNIT_ASSIGNED_CONTEXT((#6442,#6444,#6445))
REPRESENTATION_CONTEXT('','3D')
);
#6440=(
GEOMETRIC_REPRESENTATION_CONTEXT(3)
GLOBAL_UNCERTAINTY_ASSIGNED_CONTEXT((#6434))
GLOBAL_UNIT_ASSIGNED_CONTEXT((#6442,#6444,#6445))
REPRESENTATION_CONTEXT('','3D')
);
#6441=(
GEOMETRIC_REPRESENTATION_CONTEXT(3)
GLOBAL_UNCERTAINTY_ASSIGNED_CONTEXT((#6435))
GLOBAL_UNIT_ASSIGNED_CONTEXT((#6442,#6444,#6445))
REPRESENTATION_CONTEXT('','3D')
);
#6442=(
LENGTH_UNIT()
NAMED_UNIT(*)
SI_UNIT(.MILLI.,.METRE.)
);
#6443=(
LENGTH_UNIT()
NAMED_UNIT(*)
SI_UNIT($,.METRE.)
);
#6444=(
NAMED_UNIT(*)
PLANE_ANGLE_UNIT()
SI_UNIT($,.RADIAN.)
);
#6445=(
NAMED_UNIT(*)
SI_UNIT($,.STERADIAN.)
SOLID_ANGLE_UNIT()
);
#6446=SHAPE_DEFINITION_REPRESENTATION(#6451,#6460);
#6447=SHAPE_DEFINITION_REPRESENTATION(#6452,#6461);
#6448=SHAPE_DEFINITION_REPRESENTATION(#6453,#6462);
#6449=SHAPE_DEFINITION_REPRESENTATION(#6454,#6463);
#6450=SHAPE_DEFINITION_REPRESENTATION(#6455,#6464);
#6451=PRODUCT_DEFINITION_SHAPE('',$,#6466);
#6452=PRODUCT_DEFINITION_SHAPE('',$,#6467);
#6453=PRODUCT_DEFINITION_SHAPE('',$,#6468);
#6454=PRODUCT_DEFINITION_SHAPE('',$,#6469);
#6455=PRODUCT_DEFINITION_SHAPE('',$,#6470);
#6456=PRODUCT_DEFINITION_SHAPE($,$,#23);
#6457=PRODUCT_DEFINITION_SHAPE($,$,#24);
#6458=PRODUCT_DEFINITION_SHAPE($,$,#25);
#6459=PRODUCT_DEFINITION_SHAPE($,$,#26);
#6460=SHAPE_REPRESENTATION('',(#3004,#3270,#3271,#3272),#6436);
#6461=SHAPE_REPRESENTATION('',(#3005),#6437);
#6462=SHAPE_REPRESENTATION('',(#3092),#6438);
#6463=SHAPE_REPRESENTATION('',(#3220,#3269),#6439);
#6464=SHAPE_REPRESENTATION('',(#3221),#6440);
#6465=PRODUCT_DEFINITION_CONTEXT('part definition',#6482,'design');
#6466=PRODUCT_DEFINITION('trackpoint','trackpoint v2',#6471,#6465);
#6467=PRODUCT_DEFINITION('Bracket','Bracket',#6472,#6465);
#6468=PRODUCT_DEFINITION('Sensor PCB','Sensor PCB',#6473,#6465);
#6469=PRODUCT_DEFINITION('Stem','Stem',#6474,#6465);
#6470=PRODUCT_DEFINITION('Component4','Component4',#6475,#6465);
#6471=PRODUCT_DEFINITION_FORMATION('',$,#6484);
#6472=PRODUCT_DEFINITION_FORMATION('',$,#6485);
#6473=PRODUCT_DEFINITION_FORMATION('',$,#6486);
#6474=PRODUCT_DEFINITION_FORMATION('',$,#6487);
#6475=PRODUCT_DEFINITION_FORMATION('',$,#6488);
#6476=PRODUCT_RELATED_PRODUCT_CATEGORY('trackpoint v2','trackpoint v2',
(#6484));
#6477=PRODUCT_RELATED_PRODUCT_CATEGORY('Bracket','Bracket',(#6485));
#6478=PRODUCT_RELATED_PRODUCT_CATEGORY('Sensor PCB','Sensor PCB',(#6486));
#6479=PRODUCT_RELATED_PRODUCT_CATEGORY('Stem','Stem',(#6487));
#6480=PRODUCT_RELATED_PRODUCT_CATEGORY('Component4','Component4',(#6488));
#6481=APPLICATION_PROTOCOL_DEFINITION('international standard',
'automotive_design',2009,#6482);
#6482=APPLICATION_CONTEXT(
'Core Data for Automotive Mechanical Design Process');
#6483=PRODUCT_CONTEXT('part definition',#6482,'mechanical');
#6484=PRODUCT('trackpoint','trackpoint v2',$,(#6483));
#6485=PRODUCT('Bracket','Bracket',$,(#6483));
#6486=PRODUCT('Sensor PCB','Sensor PCB',$,(#6483));
#6487=PRODUCT('Stem','Stem',$,(#6483));
#6488=PRODUCT('Component4','Component4',$,(#6483));
#6489=PRESENTATION_STYLE_ASSIGNMENT((#6494));
#6490=PRESENTATION_STYLE_ASSIGNMENT((#6495));
#6491=PRESENTATION_STYLE_ASSIGNMENT((#6496));
#6492=PRESENTATION_STYLE_ASSIGNMENT((#6497));
#6493=PRESENTATION_STYLE_ASSIGNMENT((#6498));
#6494=SURFACE_STYLE_USAGE(.BOTH.,#6499);
#6495=SURFACE_STYLE_USAGE(.BOTH.,#6500);
#6496=SURFACE_STYLE_USAGE(.BOTH.,#6501);
#6497=SURFACE_STYLE_USAGE(.BOTH.,#6502);
#6498=SURFACE_STYLE_USAGE(.BOTH.,#6503);
#6499=SURFACE_SIDE_STYLE('',(#6504));
#6500=SURFACE_SIDE_STYLE('',(#6505));
#6501=SURFACE_SIDE_STYLE('',(#6506));
#6502=SURFACE_SIDE_STYLE('',(#6507));
#6503=SURFACE_SIDE_STYLE('',(#6508));
#6504=SURFACE_STYLE_FILL_AREA(#6509);
#6505=SURFACE_STYLE_FILL_AREA(#6510);
#6506=SURFACE_STYLE_FILL_AREA(#6511);
#6507=SURFACE_STYLE_FILL_AREA(#6512);
#6508=SURFACE_STYLE_FILL_AREA(#6513);
#6509=FILL_AREA_STYLE('Steel - Satin',(#6514));
#6510=FILL_AREA_STYLE('Plastic - Matte (Blue)',(#6515));
#6511=FILL_AREA_STYLE('Plastic - Glossy (Yellow)',(#6516));
#6512=FILL_AREA_STYLE('Plastic - Translucent Matte (Gray)',(#6517));
#6513=FILL_AREA_STYLE('Plastic - Matte (Gray)',(#6518));
#6514=FILL_AREA_STYLE_COLOUR('Steel - Satin',#6519);
#6515=FILL_AREA_STYLE_COLOUR('Plastic - Matte (Blue)',#6520);
#6516=FILL_AREA_STYLE_COLOUR('Plastic - Glossy (Yellow)',#6521);
#6517=FILL_AREA_STYLE_COLOUR('Plastic - Translucent Matte (Gray)',#6522);
#6518=FILL_AREA_STYLE_COLOUR('Plastic - Matte (Gray)',#6523);
#6519=COLOUR_RGB('Steel - Satin',0.627450980392157,0.627450980392157,0.627450980392157);
#6520=COLOUR_RGB('Plastic - Matte (Blue)',0.188235294117647,0.231372549019608,
0.588235294117647);
#6521=COLOUR_RGB('Plastic - Glossy (Yellow)',0.909803921568627,0.67843137254902,
0.137254901960784);
#6522=COLOUR_RGB('Plastic - Translucent Matte (Gray)',0.701960784313725,
0.701960784313725,0.701960784313725);
#6523=COLOUR_RGB('Plastic - Matte (Gray)',0.701960784313725,0.701960784313725,
0.701960784313725);
ENDSEC;
END-ISO-10303-21;
