ISO-10303-21;
HEADER;
FILE_DESCRIPTION (( 'STEP AP214' ),
    '1' );
FILE_NAME ('SSSS811101.STEP',
    '2025-08-28T23:53:18',
    ( '' ),
    ( '' ),
    'SwSTEP 2.0',
    'SolidWorks 2023',
    '' );
FILE_SCHEMA (( 'AUTOMOTIVE_DESIGN' ));
ENDSEC;

DATA;
#1 = PRESENTATION_LAYER_ASSIGNMENT (  '', '', ( #7459 ) ) ;
#2 = LINE ( 'NONE', #2591, #7343 ) ;
#3 = LINE ( 'NONE', #2593, #3249 ) ;
#4 = FACE_OUTER_BOUND ( 'NONE', #1432, .T. ) ;
#5 = VECTOR ( 'NONE', #4579, 1000.000000000000000 ) ;
#6 = LINE ( 'NONE', #4547, #5831 ) ;
#7 = VECTOR ( 'NONE', #4976, 1000.000000000000000 ) ;
#8 = FILL_AREA_STYLE ('',( #1200 ) ) ;
#9 = ORIENTED_EDGE ( 'NONE', *, *, #3586, .T. ) ;
#10 = CARTESIAN_POINT ( 'NONE',  ( -1.430000000436231877, 1.200000000000003730, -1.099999999999995426 ) ) ;
#11 = VECTOR ( 'NONE', #2532, 1000.000000000000000 ) ;
#12 = DIRECTION ( 'NONE',  ( 0.7071067811865489050, 0.000000000000000000, 0.7071067811865462405 ) ) ;
#13 = VERTEX_POINT ( 'NONE', #7747 ) ;
#14 = MECHANICAL_DESIGN_GEOMETRIC_PRESENTATION_REPRESENTATION (  '', ( #824 ), #3163 ) ;
#15 = EDGE_CURVE ( 'NONE', #5679, #2399, #4438, .T. ) ;
#16 =( NAMED_UNIT ( * ) PLANE_ANGLE_UNIT ( ) SI_UNIT ( $, .RADIAN. ) );
#17 = VECTOR ( 'NONE', #98, 1000.000000000000227 ) ;
#18 = CARTESIAN_POINT ( 'NONE',  ( -3.399999999999999911, 0.2500000000333288397, 1.299900000000000055 ) ) ;
#19 = ORIENTED_EDGE ( 'NONE', *, *, #20, .F. ) ;
#20 = EDGE_CURVE ( 'NONE', #5897, #406, #1383, .T. ) ;
#21 = CARTESIAN_POINT ( 'NONE',  ( -3.350000000000000089, 1.399999999999997691, 0.7500000000000045519 ) ) ;
#22 = CARTESIAN_POINT ( 'NONE',  ( -3.349999999999999645, 1.400000000000004574, -1.299999999999995159 ) ) ;
#23 = VECTOR ( 'NONE', #6335, 1000.000000000000000 ) ;
#24 = SURFACE_STYLE_FILL_AREA ( #4645 ) ;
#25 = EDGE_LOOP ( 'NONE', ( #8196, #1565, #5399, #3648, #5557, #926, #5224, #5562 ) ) ;
#26 = ORIENTED_EDGE ( 'NONE', *, *, #5081, .F. ) ;
#27 = DIRECTION ( 'NONE',  ( -1.000000000000000000, 0.000000000000000000, 0.000000000000000000 ) ) ;
#28 = CARTESIAN_POINT ( 'NONE',  ( 1.430000000000000604, 1.199999999972995557, 1.100000000000004530 ) ) ;
#29 = STYLED_ITEM ( 'NONE', ( #2952 ), #5707 ) ;
#30 = CARTESIAN_POINT ( 'NONE',  ( 3.150000000054375526, 1.200000000000004396, -1.299999999999995604 ) ) ;
#31 =( GEOMETRIC_REPRESENTATION_CONTEXT ( 3 ) GLOBAL_UNCERTAINTY_ASSIGNED_CONTEXT ( ( #3561 ) ) GLOBAL_UNIT_ASSIGNED_CONTEXT ( ( #4046, #5962, #1462 ) ) REPRESENTATION_CONTEXT ( 'NONE', 'WORKASPACE' ) );
#32 = EDGE_CURVE ( 'NONE', #4417, #1003, #1303, .T. ) ;
#33 = ORIENTED_EDGE ( 'NONE', *, *, #2017, .T. ) ;
#34 = DIRECTION ( 'NONE',  ( -0.000000000000000000, -0.000000000000000000, 1.000000000000000000 ) ) ;
#35 = DIRECTION ( 'NONE',  ( 0.000000000000000000, 1.000000000000000000, 3.491483361109382066E-15 ) ) ;
#36 = ORIENTED_EDGE ( 'NONE', *, *, #1075, .F. ) ;
#37 = FACE_OUTER_BOUND ( 'NONE', #4625, .T. ) ;
#38 = PLANE ( 'NONE',  #1658 ) ;
#39 = COLOUR_RGB ( '',0.000000000000000000, 0.000000000000000000, 1.000000000000000000 ) ;
#40 = PRESENTATION_STYLE_ASSIGNMENT (( #6489 ) ) ;
#41 = EDGE_CURVE ( 'NONE', #7912, #3099, #3186, .T. ) ;
#42 = PRESENTATION_STYLE_ASSIGNMENT (( #5348 ) ) ;
#43 = STYLED_ITEM ( 'NONE', ( #5659 ), #2749 ) ;
#44 = CARTESIAN_POINT ( 'NONE',  ( 0.4000000000000006328, 0.1500000000000008826, -0.2599999999999973443 ) ) ;
#45 = VECTOR ( 'NONE', #3740, 999.9999999999998863 ) ;
#46 = DIRECTION ( 'NONE',  ( 0.000000000000000000, 1.000000000000000000, 3.491483361109382461E-15 ) ) ;
#47 = SURFACE_STYLE_FILL_AREA ( #6456 ) ;
#48 = FILL_AREA_STYLE_COLOUR ( '', #2573 ) ;
#49 = AXIS2_PLACEMENT_3D ( 'NONE', #1786, #7545, #421 ) ;
#50 = FACE_OUTER_BOUND ( 'NONE', #4694, .T. ) ;
#51 = SURFACE_SIDE_STYLE ('',( #3342 ) ) ;
#52 = VERTEX_POINT ( 'NONE', #5838 ) ;
#53 = DIRECTION ( 'NONE',  ( 0.000000000000000000, -1.000000000000000000, -3.491483361109382461E-15 ) ) ;
#54 = CARTESIAN_POINT ( 'NONE',  ( -3.849999999999999645, 0.2000000000460853689, 0.9000000000000006883 ) ) ;
#55 =( LENGTH_UNIT ( ) NAMED_UNIT ( * ) SI_UNIT ( .MILLI., .METRE. ) );
#56 = ORIENTED_EDGE ( 'NONE', *, *, #6770, .F. ) ;
#57 = PRESENTATION_LAYER_ASSIGNMENT (  '', '', ( #3191 ) ) ;
#58 = DIRECTION ( 'NONE',  ( 1.000000000000000000, -2.168404345164132273E-15, 0.000000000000000000 ) ) ;
#59 = CARTESIAN_POINT ( 'NONE',  ( 0.7999999999999999334, 0.1499999999999973299, 0.7600000000000005640 ) ) ;
#60 = ORIENTED_EDGE ( 'NONE', *, *, #4487, .T. ) ;
#61 = SURFACE_STYLE_FILL_AREA ( #3226 ) ;
#62 =( NAMED_UNIT ( * ) SI_UNIT ( $, .STERADIAN. ) SOLID_ANGLE_UNIT ( ) );
#63 = CARTESIAN_POINT ( 'NONE',  ( -1.702399999999999247, -0.4999999999999991673, -0.2024000000000016619 ) ) ;
#64 = EDGE_LOOP ( 'NONE', ( #4699, #4915, #587, #3346 ) ) ;
#65 = ORIENTED_EDGE ( 'NONE', *, *, #6211, .F. ) ;
#66 = DIRECTION ( 'NONE',  ( -1.000000000000000000, 0.000000000000000000, 0.000000000000000000 ) ) ;
#67 = SURFACE_SIDE_STYLE ('',( #3154 ) ) ;
#68 = VECTOR ( 'NONE', #5508, 1000.000000000000000 ) ;
#69 = ORIENTED_EDGE ( 'NONE', *, *, #6927, .T. ) ;
#70 = LINE ( 'NONE', #3979, #7555 ) ;
#71 = EDGE_CURVE ( 'NONE', #489, #715, #7068, .T. ) ;
#72 = FILL_AREA_STYLE_COLOUR ( '', #3763 ) ;
#73 = ORIENTED_EDGE ( 'NONE', *, *, #5689, .T. ) ;
#74 = APPLICATION_CONTEXT ( 'automotive_design' ) ;
#75 =( LENGTH_UNIT ( ) NAMED_UNIT ( * ) SI_UNIT ( .MILLI., .METRE. ) );
#76 = EDGE_CURVE ( 'NONE', #6180, #763, #5798, .T. ) ;
#77 = VECTOR ( 'NONE', #4357, 1000.000000000000000 ) ;
#78 = SURFACE_SIDE_STYLE ('',( #629 ) ) ;
#79 = UNCERTAINTY_MEASURE_WITH_UNIT (LENGTH_MEASURE( 1.000000000000000082E-05 ), #7487, 'distance_accuracy_value', 'NONE');
#80 = CARTESIAN_POINT ( 'NONE',  ( 2.449999999999999734, 0.1500000000000076827, -2.199999999999999734 ) ) ;
#81 = VERTEX_POINT ( 'NONE', #1263 ) ;
#82 = FACE_OUTER_BOUND ( 'NONE', #574, .T. ) ;
#83 = PRESENTATION_LAYER_ASSIGNMENT (  '', '', ( #6056 ) ) ;
#84 = SURFACE_SIDE_STYLE ('',( #8293 ) ) ;
#85 = EDGE_LOOP ( 'NONE', ( #7322, #147, #6123, #6189, #6142 ) ) ;
#86 = FILL_AREA_STYLE_COLOUR ( '', #6493 ) ;
#87 = CARTESIAN_POINT ( 'NONE',  ( 2.750000000000000000, 1.400000000000002798, -0.8000000000257764254 ) ) ;
#88 = CARTESIAN_POINT ( 'NONE',  ( -3.150000000000000355, 1.303599999999995651, 1.250000000000004219 ) ) ;
#89 =( NAMED_UNIT ( * ) SI_UNIT ( $, .STERADIAN. ) SOLID_ANGLE_UNIT ( ) );
#90 = COLOUR_RGB ( '',1.000000000000000000, 0.5019607843137254832, 0.000000000000000000 ) ;
#91 = CARTESIAN_POINT ( 'NONE',  ( 3.149999999996874855, 0.7000000000117224674, -1.249999999999216405 ) ) ;
#92 = CARTESIAN_POINT ( 'NONE',  ( 2.720000000000000195, 0.6499999999999973577, 0.7500000000000019984 ) ) ;
#93 = PRESENTATION_STYLE_ASSIGNMENT (( #7227 ) ) ;
#94 = PLANE ( 'NONE',  #5808 ) ;
#95 = SURFACE_STYLE_USAGE ( .BOTH. , #2103 ) ;
#96 = EDGE_CURVE ( 'NONE', #5736, #1767, #4563, .T. ) ;
#97 = VECTOR ( 'NONE', #3964, 1000.000000000000000 ) ;
#98 = DIRECTION ( 'NONE',  ( -0.4472135954774853484, -0.8944271910111520896, -3.151654686658554208E-15 ) ) ;
#99 = ORIENTED_EDGE ( 'NONE', *, *, #3208, .F. ) ;
#100 = DIRECTION ( 'NONE',  ( -0.000000000000000000, -0.000000000000000000, -1.000000000000000000 ) ) ;
#101 = SURFACE_STYLE_FILL_AREA ( #2741 ) ;
#102 = CIRCLE ( 'NONE', #7970, 0.2000000000634848674 ) ;
#103 = CARTESIAN_POINT ( 'NONE',  ( -2.049999999971875653, 0.0001000000000076812790, -2.199999999999999734 ) ) ;
#104 = DIRECTION ( 'NONE',  ( 0.000000000000000000, -1.000000000000000000, -3.469446951953612611E-15 ) ) ;
#105 = PLANE ( 'NONE',  #3865 ) ;
#106 =( NAMED_UNIT ( * ) SI_UNIT ( $, .STERADIAN. ) SOLID_ANGLE_UNIT ( ) );
#107 = SURFACE_SIDE_STYLE ('',( #1346 ) ) ;
#108 = VERTEX_POINT ( 'NONE', #3923 ) ;
#109 = ADVANCED_FACE ( 'NONE', ( #694 ), #5884, .F. ) ;
#110 =( GEOMETRIC_REPRESENTATION_CONTEXT ( 3 ) GLOBAL_UNCERTAINTY_ASSIGNED_CONTEXT ( ( #7021 ) ) GLOBAL_UNIT_ASSIGNED_CONTEXT ( ( #7132, #7419, #1534 ) ) REPRESENTATION_CONTEXT ( 'NONE', 'WORKASPACE' ) );
#111 = ORIENTED_EDGE ( 'NONE', *, *, #4809, .T. ) ;
#112 =( LENGTH_UNIT ( ) NAMED_UNIT ( * ) SI_UNIT ( .MILLI., .METRE. ) );
#113 = MECHANICAL_DESIGN_GEOMETRIC_PRESENTATION_REPRESENTATION (  '', ( #2689 ), #1743 ) ;
#114 =( NAMED_UNIT ( * ) PLANE_ANGLE_UNIT ( ) SI_UNIT ( $, .RADIAN. ) );
#115 = PRESENTATION_LAYER_ASSIGNMENT (  '', '', ( #4865 ) ) ;
#116 = ORIENTED_EDGE ( 'NONE', *, *, #5124, .F. ) ;
#117 = DIRECTION ( 'NONE',  ( -0.000000000000000000, -0.000000000000000000, -1.000000000000000000 ) ) ;
#118 = DIRECTION ( 'NONE',  ( 0.000000000000000000, 1.000000000000000000, -0.000000000000000000 ) ) ;
#119 = AXIS2_PLACEMENT_3D ( 'NONE', #2222, #7176, #1366 ) ;
#120 = EDGE_LOOP ( 'NONE', ( #2963, #3719, #1149, #5692 ) ) ;
#121 = PRESENTATION_STYLE_ASSIGNMENT (( #1524 ) ) ;
#122 = MECHANICAL_DESIGN_GEOMETRIC_PRESENTATION_REPRESENTATION (  '', ( #1345 ), #1209 ) ;
#123 = EDGE_CURVE ( 'NONE', #7526, #2830, #4185, .T. ) ;
#124 = COLOUR_RGB ( '',1.000000000000000000, 1.000000000000000000, 1.000000000000000000 ) ;
#125 = SURFACE_STYLE_FILL_AREA ( #6613 ) ;
#126 = EDGE_LOOP ( 'NONE', ( #671, #731, #6736, #592 ) ) ;
#127 = FACE_OUTER_BOUND ( 'NONE', #3634, .T. ) ;
#128 = EDGE_CURVE ( 'NONE', #8309, #4209, #2188, .T. ) ;
#129 = DIRECTION ( 'NONE',  ( 0.000000000000000000, 0.7071067811865473507, 0.7071067811865477948 ) ) ;
#130 = VECTOR ( 'NONE', #8128, 1000.000000000000114 ) ;
#131 = VERTEX_POINT ( 'NONE', #3470 ) ;
#132 = STYLED_ITEM ( 'NONE', ( #5975 ), #5027 ) ;
#133 = DIRECTION ( 'NONE',  ( -0.000000000000000000, -1.000000000000000000, -3.491483361109382461E-15 ) ) ;
#134 = CARTESIAN_POINT ( 'NONE',  ( 0.9300000002125001775, 1.200000000000004396, -1.299999999999995826 ) ) ;
#135 = DIRECTION ( 'NONE',  ( -0.000000000000000000, -3.491483361109382066E-15, 1.000000000000000000 ) ) ;
#136 = DIRECTION ( 'NONE',  ( 0.000000000000000000, 0.000000000000000000, 1.000000000000000000 ) ) ;
#137 = COLOUR_RGB ( '',1.000000000000000000, 0.5019607843137254832, 0.000000000000000000 ) ;
#138 = FILL_AREA_STYLE_COLOUR ( '', #3787 ) ;
#139 = CARTESIAN_POINT ( 'NONE',  ( 1.400000000000000133, 1.199999999999990852, 2.600000000000004086 ) ) ;
#140 = VECTOR ( 'NONE', #3628, 1000.000000000000000 ) ;
#141 = DIRECTION ( 'NONE',  ( -0.000000000000000000, -1.000000000000000000, -3.491483361109382066E-15 ) ) ;
#142 = DIRECTION ( 'NONE',  ( -0.000000000000000000, -0.000000000000000000, 1.000000000000000000 ) ) ;
#143 = ADVANCED_FACE ( 'NONE', ( #7963 ), #7921, .F. ) ;
#144 = SURFACE_SIDE_STYLE ('',( #7267 ) ) ;
#145 = LINE ( 'NONE', #7231, #6126 ) ;
#146 = PRESENTATION_LAYER_ASSIGNMENT (  '', '', ( #3797 ) ) ;
#147 = ORIENTED_EDGE ( 'NONE', *, *, #3874, .T. ) ;
#148 = SURFACE_STYLE_USAGE ( .BOTH. , #7233 ) ;
#149 = FACE_OUTER_BOUND ( 'NONE', #6193, .T. ) ;
#150 = DIRECTION ( 'NONE',  ( -0.000000000000000000, -0.000000000000000000, 1.000000000000000000 ) ) ;
#151 = LINE ( 'NONE', #6049, #417 ) ;
#152 = COLOUR_RGB ( '',0.000000000000000000, 0.000000000000000000, 1.000000000000000000 ) ;
#153 = LINE ( 'NONE', #1424, #2667 ) ;
#154 = UNCERTAINTY_MEASURE_WITH_UNIT (LENGTH_MEASURE( 1.000000000000000082E-05 ), #2186, 'distance_accuracy_value', 'NONE');
#155 =( NAMED_UNIT ( * ) PLANE_ANGLE_UNIT ( ) SI_UNIT ( $, .RADIAN. ) );
#156 = CARTESIAN_POINT ( 'NONE',  ( 3.149999999999999911, 0.7000000000156207935, 1.300000000000005151 ) ) ;
#157 = PLANE ( 'NONE',  #7357 ) ;
#158 = ORIENTED_EDGE ( 'NONE', *, *, #4387, .F. ) ;
#159 = VECTOR ( 'NONE', #4942, 1000.000000000000000 ) ;
#160 = ORIENTED_EDGE ( 'NONE', *, *, #5535, .F. ) ;
#161 = SURFACE_STYLE_USAGE ( .BOTH. , #8095 ) ;
#162 = MECHANICAL_DESIGN_GEOMETRIC_PRESENTATION_REPRESENTATION (  '', ( #2331 ), #1509 ) ;
#163 = LINE ( 'NONE', #2750, #1402 ) ;
#164 = CARTESIAN_POINT ( 'NONE',  ( -2.015766736198257192, 1.399999999999996136, 1.118366903938529333 ) ) ;
#165 = UNCERTAINTY_MEASURE_WITH_UNIT (LENGTH_MEASURE( 1.000000000000000082E-05 ), #3514, 'distance_accuracy_value', 'NONE');
#166 = ORIENTED_EDGE ( 'NONE', *, *, #1288, .F. ) ;
#167 = ORIENTED_EDGE ( 'NONE', *, *, #1002, .F. ) ;
#168 = SURFACE_STYLE_USAGE ( .BOTH. , #5425 ) ;
#169 = PLANE ( 'NONE',  #3770 ) ;
#170 = ORIENTED_EDGE ( 'NONE', *, *, #3439, .T. ) ;
#171 = CARTESIAN_POINT ( 'NONE',  ( -2.449999999999999289, 0.1500000000000076827, -2.200000000000000178 ) ) ;
#172 = VECTOR ( 'NONE', #5405, 1000.000000000000000 ) ;
#173 = UNCERTAINTY_MEASURE_WITH_UNIT (LENGTH_MEASURE( 1.000000000000000082E-05 ), #3393, 'distance_accuracy_value', 'NONE');
#174 = DIRECTION ( 'NONE',  ( 1.000000000000000000, 0.000000000000000000, 0.000000000000000000 ) ) ;
#175 = ORIENTED_EDGE ( 'NONE', *, *, #8281, .T. ) ;
#176 = COLOUR_RGB ( '',1.000000000000000000, 0.5019607843137254832, 0.000000000000000000 ) ;
#177 = CARTESIAN_POINT ( 'NONE',  ( 2.449999999978125231, 0.0001000000000076812790, -2.199999999999999734 ) ) ;
#178 = ORIENTED_EDGE ( 'NONE', *, *, #2727, .T. ) ;
#179 = LINE ( 'NONE', #6537, #8272 ) ;
#180 = CARTESIAN_POINT ( 'NONE',  ( -1.500000000000000000, 0.1499999999999999944, 7.038057745108187377E-16 ) ) ;
#181 = FILL_AREA_STYLE_COLOUR ( '', #6418 ) ;
#182 = DIRECTION ( 'NONE',  ( 1.000000000000000000, -0.000000000000000000, -0.000000000000000000 ) ) ;
#183 = STYLED_ITEM ( 'NONE', ( #4480 ), #1011 ) ;
#184 = ORIENTED_EDGE ( 'NONE', *, *, #8336, .F. ) ;
#185 = DIRECTION ( 'NONE',  ( 1.000000000000000000, 0.000000000000000000, 0.000000000000000000 ) ) ;
#186 = FACE_OUTER_BOUND ( 'NONE', #5087, .T. ) ;
#187 = VECTOR ( 'NONE', #3007, 1000.000000000000000 ) ;
#188 = PRESENTATION_LAYER_ASSIGNMENT (  '', '', ( #312 ) ) ;
#189 = EDGE_CURVE ( 'NONE', #4483, #5167, #1592, .T. ) ;
#190 = CARTESIAN_POINT ( 'NONE',  ( -3.350000000000000089, 0.2500000000333291728, 0.8999999999015637631 ) ) ;
#191 = VERTEX_POINT ( 'NONE', #3430 ) ;
#192 = CARTESIAN_POINT ( 'NONE',  ( 2.075000000000000622, 1.199999999999995293, 1.309394180000004626 ) ) ;
#193 = ADVANCED_FACE ( 'NONE', ( #4775 ), #4094, .F. ) ;
#194 = PLANE ( 'NONE',  #8279 ) ;
#195 = PRESENTATION_STYLE_ASSIGNMENT (( #3391 ) ) ;
#196 = LINE ( 'NONE', #2784, #7817 ) ;
#197 = CARTESIAN_POINT ( 'NONE',  ( -3.350000000000000089, 0.6500000000000025757, -0.7499999999999976685 ) ) ;
#198 = SURFACE_SIDE_STYLE ('',( #2240 ) ) ;
#199 = DIRECTION ( 'NONE',  ( 0.9551363832577576263, -1.060723539119164777E-15, 0.2961663204641777902 ) ) ;
#200 = ORIENTED_EDGE ( 'NONE', *, *, #5717, .F. ) ;
#201 = ORIENTED_EDGE ( 'NONE', *, *, #6067, .T. ) ;
#202 = FILL_AREA_STYLE_COLOUR ( '', #1071 ) ;
#203 = CARTESIAN_POINT ( 'NONE',  ( -1.500000000000000000, -0.3000000000000001554, -8.673617379884035472E-16 ) ) ;
#204 = EDGE_CURVE ( 'NONE', #7926, #5286, #6687, .T. ) ;
#205 = CARTESIAN_POINT ( 'NONE',  ( 2.015766736222265987, 1.199999999999995959, 1.118366903931084400 ) ) ;
#206 = ORIENTED_EDGE ( 'NONE', *, *, #793, .F. ) ;
#207 = CARTESIAN_POINT ( 'NONE',  ( -3.400000000000002132, 3.332876897371977056E-11, 0.8999999999906252990 ) ) ;
#208 = ORIENTED_EDGE ( 'NONE', *, *, #1482, .T. ) ;
#209 = ADVANCED_FACE ( 'NONE', ( #270 ), #7361, .T. ) ;
#210 = AXIS2_PLACEMENT_3D ( 'NONE', #3851, #1354, #3318 ) ;
#211 = CARTESIAN_POINT ( 'NONE',  ( 0.09999999999999982514, 0.7999999999999953815, 0.9500000000000000666 ) ) ;
#212 = ORIENTED_EDGE ( 'NONE', *, *, #6605, .F. ) ;
#213 = STYLED_ITEM ( 'NONE', ( #4244 ), #6145 ) ;
#214 = SURFACE_STYLE_FILL_AREA ( #4073 ) ;
#215 = EDGE_CURVE ( 'NONE', #752, #2819, #6172, .T. ) ;
#216 = SURFACE_SIDE_STYLE ('',( #796 ) ) ;
#217 = PRESENTATION_LAYER_ASSIGNMENT (  '', '', ( #6723 ) ) ;
#218 = LINE ( 'NONE', #7349, #3693 ) ;
#219 = ORIENTED_EDGE ( 'NONE', *, *, #4766, .T. ) ;
#220 = CARTESIAN_POINT ( 'NONE',  ( -2.134233264000001462, 1.400000000000003908, -1.118366903999995055 ) ) ;
#221 = DIRECTION ( 'NONE',  ( 1.000000000000000000, -0.000000000000000000, 0.000000000000000000 ) ) ;
#222 = SURFACE_STYLE_USAGE ( .BOTH. , #7911 ) ;
#223 = ORIENTED_EDGE ( 'NONE', *, *, #3538, .F. ) ;
#224 = FILL_AREA_STYLE ('',( #810 ) ) ;
#225 = EDGE_CURVE ( 'NONE', #5545, #4612, #4307, .T. ) ;
#226 = DIRECTION ( 'NONE',  ( 0.000000000000000000, -3.252606517456511724E-15, 1.000000000000000000 ) ) ;
#227 = PLANE ( 'NONE',  #4084 ) ;
#228 = PRESENTATION_STYLE_ASSIGNMENT (( #5457 ) ) ;
#229 = PRESENTATION_STYLE_ASSIGNMENT (( #6721 ) ) ;
#230 = EDGE_CURVE ( 'NONE', #1738, #2922, #5539, .T. ) ;
#231 = ORIENTED_EDGE ( 'NONE', *, *, #230, .F. ) ;
#232 = VERTEX_POINT ( 'NONE', #4906 ) ;
#233 = DIRECTION ( 'NONE',  ( 0.000000000000000000, 1.000000000000000000, 3.491483361109382461E-15 ) ) ;
#234 = CARTESIAN_POINT ( 'NONE',  ( 1.649999999999999911, 0.1499999999999986899, 0.3708099243547841595 ) ) ;
#235 = UNCERTAINTY_MEASURE_WITH_UNIT (LENGTH_MEASURE( 1.000000000000000082E-05 ), #5463, 'distance_accuracy_value', 'NONE');
#236 = EDGE_LOOP ( 'NONE', ( #5744, #99, #998, #2244 ) ) ;
#237 = CARTESIAN_POINT ( 'NONE',  ( 1.430000000000000604, 1.400000000000004574, -1.299999999999995159 ) ) ;
#238 = ADVANCED_FACE ( 'NONE', ( #1116 ), #7444, .T. ) ;
#239 = STYLED_ITEM ( 'NONE', ( #8061 ), #7407 ) ;
#240 = SURFACE_STYLE_FILL_AREA ( #962 ) ;
#241 = ORIENTED_EDGE ( 'NONE', *, *, #7102, .T. ) ;
#242 = CIRCLE ( 'NONE', #7430, 0.4000000000000001887 ) ;
#243 =( GEOMETRIC_REPRESENTATION_CONTEXT ( 3 ) GLOBAL_UNCERTAINTY_ASSIGNED_CONTEXT ( ( #7782 ) ) GLOBAL_UNIT_ASSIGNED_CONTEXT ( ( #4635, #7351, #6583 ) ) REPRESENTATION_CONTEXT ( 'NONE', 'WORKASPACE' ) );
#244 = FILL_AREA_STYLE_COLOUR ( '', #5573 ) ;
#245 = EDGE_CURVE ( 'NONE', #4433, #5541, #5626, .T. ) ;
#246 = ORIENTED_EDGE ( 'NONE', *, *, #2580, .T. ) ;
#247 = COLOUR_RGB ( '',0.000000000000000000, 0.000000000000000000, 1.000000000000000000 ) ;
#248 = CARTESIAN_POINT ( 'NONE',  ( -3.050000000000000266, 1.400000000000004574, -1.299999999999995159 ) ) ;
#249 =( LENGTH_UNIT ( ) NAMED_UNIT ( * ) SI_UNIT ( .MILLI., .METRE. ) );
#250 = PRESENTATION_LAYER_ASSIGNMENT (  '', '', ( #5685 ) ) ;
#251 = ORIENTED_EDGE ( 'NONE', *, *, #6911, .F. ) ;
#252 = STYLED_ITEM ( 'NONE', ( #7763 ), #7881 ) ;
#253 = DIRECTION ( 'NONE',  ( 0.000000000000000000, -3.491483361109382066E-15, 1.000000000000000000 ) ) ;
#254 =( NAMED_UNIT ( * ) PLANE_ANGLE_UNIT ( ) SI_UNIT ( $, .RADIAN. ) );
#255 = CARTESIAN_POINT ( 'NONE',  ( 2.750000000000000000, 1.400000000000004574, -1.299999999999995159 ) ) ;
#256 = EDGE_CURVE ( 'NONE', #2287, #3216, #3632, .T. ) ;
#257 = VECTOR ( 'NONE', #8150, 1000.000000000000000 ) ;
#258 = DIRECTION ( 'NONE',  ( 0.000000000000000000, 3.491483361109382461E-15, -1.000000000000000000 ) ) ;
#259 = DIRECTION ( 'NONE',  ( 1.000000000000000000, -0.000000000000000000, 0.000000000000000000 ) ) ;
#260 = PLANE ( 'NONE',  #2165 ) ;
#261 = DIRECTION ( 'NONE',  ( -1.000000000000000000, 0.000000000000000000, 0.000000000000000000 ) ) ;
#262 =( NAMED_UNIT ( * ) PLANE_ANGLE_UNIT ( ) SI_UNIT ( $, .RADIAN. ) );
#263 = STYLED_ITEM ( 'NONE', ( #3378 ), #2833 ) ;
#264 = EDGE_LOOP ( 'NONE', ( #3939, #7828, #2371, #6602, #5883 ) ) ;
#265 = DIRECTION ( 'NONE',  ( -1.000000000000000000, -8.230455765225997566E-11, 0.000000000000000000 ) ) ;
#266 = DIRECTION ( 'NONE',  ( -0.000000000000000000, -0.000000000000000000, 1.000000000000000000 ) ) ;
#267 = AXIS2_PLACEMENT_3D ( 'NONE', #6600, #868, #738 ) ;
#268 = DIRECTION ( 'NONE',  ( -1.000000000000000000, -0.000000000000000000, -0.000000000000000000 ) ) ;
#269 = DIRECTION ( 'NONE',  ( -0.000000000000000000, -1.000000000000000000, 0.000000000000000000 ) ) ;
#270 = FACE_OUTER_BOUND ( 'NONE', #7412, .T. ) ;
#271 =( GEOMETRIC_REPRESENTATION_CONTEXT ( 3 ) GLOBAL_UNCERTAINTY_ASSIGNED_CONTEXT ( ( #7791 ) ) GLOBAL_UNIT_ASSIGNED_CONTEXT ( ( #3782, #6380, #5755 ) ) REPRESENTATION_CONTEXT ( 'NONE', 'WORKASPACE' ) );
#272 = EDGE_CURVE ( 'NONE', #4160, #6940, #393, .T. ) ;
#273 = ORIENTED_EDGE ( 'NONE', *, *, #7360, .F. ) ;
#274 = SURFACE_STYLE_USAGE ( .BOTH. , #2159 ) ;
#275 = VECTOR ( 'NONE', #5209, 1000.000000000000000 ) ;
#276 = CARTESIAN_POINT ( 'NONE',  ( -0.7999999999999999334, -2.653527354443129313E-15, 0.7599999999999995648 ) ) ;
#277 = DIRECTION ( 'NONE',  ( -0.000000000000000000, -3.491483361109382066E-15, 1.000000000000000000 ) ) ;
#278 = EDGE_CURVE ( 'NONE', #6506, #7144, #5435, .T. ) ;
#279 = ORIENTED_EDGE ( 'NONE', *, *, #5017, .F. ) ;
#280 = ORIENTED_EDGE ( 'NONE', *, *, #7291, .T. ) ;
#281 = SURFACE_SIDE_STYLE ('',( #2288 ) ) ;
#282 = DIRECTION ( 'NONE',  ( -1.215414851895496770E-10, -3.491483361109382855E-15, 1.000000000000000000 ) ) ;
#283 = COLOUR_RGB ( '',0.000000000000000000, 0.000000000000000000, 1.000000000000000000 ) ;
#284 = FILL_AREA_STYLE ('',( #4153 ) ) ;
#285 = PRESENTATION_LAYER_ASSIGNMENT (  '', '', ( #3944 ) ) ;
#286 = VERTEX_POINT ( 'NONE', #479 ) ;
#287 = CARTESIAN_POINT ( 'NONE',  ( 1.430100000000000593, 1.199999999972995557, 1.299968992179244553 ) ) ;
#288 = EDGE_CURVE ( 'NONE', #5889, #1389, #2437, .T. ) ;
#289 = LINE ( 'NONE', #4114, #3550 ) ;
#290 = PRESENTATION_LAYER_ASSIGNMENT (  '', '', ( #7211 ) ) ;
#291 = VERTEX_POINT ( 'NONE', #2912 ) ;
#292 = SURFACE_STYLE_FILL_AREA ( #4886 ) ;
#293 = CARTESIAN_POINT ( 'NONE',  ( -2.720000000000000639, 1.199999999999997291, 0.7500000000000041078 ) ) ;
#294 = COLOUR_RGB ( '',0.000000000000000000, 0.000000000000000000, 1.000000000000000000 ) ;
#295 = ORIENTED_EDGE ( 'NONE', *, *, #5475, .T. ) ;
#296 = DIRECTION ( 'NONE',  ( -0.000000000000000000, 1.000000000000000000, 3.491483361109382461E-15 ) ) ;
#297 = CARTESIAN_POINT ( 'NONE',  ( -3.350000000000000089, 1.400000000000002354, -0.7499999999999950040 ) ) ;
#298 = ADVANCED_FACE ( 'NONE', ( #3552 ), #6134, .F. ) ;
#299 = MECHANICAL_DESIGN_GEOMETRIC_PRESENTATION_REPRESENTATION (  '', ( #6533 ), #5047 ) ;
#300 = CARTESIAN_POINT ( 'NONE',  ( -3.050000000000000266, 1.099999999999997202, 0.7500000000000036637 ) ) ;
#301 = LINE ( 'NONE', #4128, #4846 ) ;
#302 =( NAMED_UNIT ( * ) PLANE_ANGLE_UNIT ( ) SI_UNIT ( $, .RADIAN. ) );
#303 = DIRECTION ( 'NONE',  ( 0.9551363833707158246, 1.060723538990748280E-15, -0.2961663200998870815 ) ) ;
#304 = LINE ( 'NONE', #6241, #3488 ) ;
#305 = CARTESIAN_POINT ( 'NONE',  ( -1.125300120096095924, 0.1500000000000004663, -0.1399999999999992084 ) ) ;
#306 = MECHANICAL_DESIGN_GEOMETRIC_PRESENTATION_REPRESENTATION (  '', ( #1119 ), #4376 ) ;
#307 = ORIENTED_EDGE ( 'NONE', *, *, #4793, .T. ) ;
#308 = ADVANCED_FACE ( 'NONE', ( #1637 ), #5438, .F. ) ;
#309 = DIRECTION ( 'NONE',  ( 0.000000000000000000, 1.000000000000000000, 3.491483361109382066E-15 ) ) ;
#310 = CARTESIAN_POINT ( 'NONE',  ( 1.422260000000000302, 1.199999999999995959, 1.108250545000004639 ) ) ;
#311 = MECHANICAL_DESIGN_GEOMETRIC_PRESENTATION_REPRESENTATION (  '', ( #4789 ), #1832 ) ;
#312 = STYLED_ITEM ( 'NONE', ( #8113 ), #1478 ) ;
#313 = DIRECTION ( 'NONE',  ( 0.000000000000000000, -3.252606517456533024E-15, 1.000000000000000000 ) ) ;
#314 =( LENGTH_UNIT ( ) NAMED_UNIT ( * ) SI_UNIT ( .MILLI., .METRE. ) );
#315 = FACE_OUTER_BOUND ( 'NONE', #4154, .T. ) ;
#316 = ORIENTED_EDGE ( 'NONE', *, *, #7716, .F. ) ;
#317 = DIRECTION ( 'NONE',  ( -0.000000000000000000, 3.491483361109382461E-15, -1.000000000000000000 ) ) ;
#318 = VECTOR ( 'NONE', #6082, 1000.000000000000000 ) ;
#319 = LINE ( 'NONE', #6823, #8141 ) ;
#320 = UNCERTAINTY_MEASURE_WITH_UNIT (LENGTH_MEASURE( 1.000000000000000082E-05 ), #344, 'distance_accuracy_value', 'NONE');
#321 = ORIENTED_EDGE ( 'NONE', *, *, #4908, .F. ) ;
#322 = ORIENTED_EDGE ( 'NONE', *, *, #6041, .F. ) ;
#323 = DIRECTION ( 'NONE',  ( -0.2961663197507515277, 3.334842790507029954E-15, -0.9551363834789750040 ) ) ;
#324 = VECTOR ( 'NONE', #4880, 1000.000000000000000 ) ;
#325 =( NAMED_UNIT ( * ) PLANE_ANGLE_UNIT ( ) SI_UNIT ( $, .RADIAN. ) );
#326 = ORIENTED_EDGE ( 'NONE', *, *, #7399, .F. ) ;
#327 = VECTOR ( 'NONE', #823, 1000.000000000000000 ) ;
#328 = DIRECTION ( 'NONE',  ( -0.000000000000000000, -0.000000000000000000, 1.000000000000000000 ) ) ;
#329 = ORIENTED_EDGE ( 'NONE', *, *, #4649, .F. ) ;
#330 = PLANE ( 'NONE',  #1605 ) ;
#331 = SURFACE_STYLE_FILL_AREA ( #2298 ) ;
#332 = ORIENTED_EDGE ( 'NONE', *, *, #2215, .F. ) ;
#333 = EDGE_CURVE ( 'NONE', #958, #7966, #6793, .T. ) ;
#334 = DIRECTION ( 'NONE',  ( -0.9551363834789753371, -0.000000000000000000, -0.2961663197507504730 ) ) ;
#335 = AXIS2_PLACEMENT_3D ( 'NONE', #4173, #8035, #5445 ) ;
#336 = FILL_AREA_STYLE_COLOUR ( '', #1379 ) ;
#337 = LINE ( 'NONE', #425, #7192 ) ;
#338 = VECTOR ( 'NONE', #142, 1000.000000000000000 ) ;
#339 = CARTESIAN_POINT ( 'NONE',  ( -1.430000000688122608, 1.399999999999995914, 1.099999999922226968 ) ) ;
#340 = STYLED_ITEM ( 'NONE', ( #3148 ), #6159 ) ;
#341 = DIRECTION ( 'NONE',  ( -3.021129354260258541E-11, 1.000000000000000000, 0.000000000000000000 ) ) ;
#342 = LINE ( 'NONE', #4938, #2065 ) ;
#343 = ORIENTED_EDGE ( 'NONE', *, *, #6131, .F. ) ;
#344 =( LENGTH_UNIT ( ) NAMED_UNIT ( * ) SI_UNIT ( .MILLI., .METRE. ) );
#345 = CARTESIAN_POINT ( 'NONE',  ( -3.350000000000000089, 0.6499999999999973577, 0.7500000000000019984 ) ) ;
#346 =( NAMED_UNIT ( * ) PLANE_ANGLE_UNIT ( ) SI_UNIT ( $, .RADIAN. ) );
#347 = MECHANICAL_DESIGN_GEOMETRIC_PRESENTATION_REPRESENTATION (  '', ( #2934 ), #8360 ) ;
#348 = LINE ( 'NONE', #2949, #2756 ) ;
#349 = PLANE ( 'NONE',  #4472 ) ;
#350 = SURFACE_STYLE_USAGE ( .BOTH. , #6171 ) ;
#351 = EDGE_CURVE ( 'NONE', #3568, #409, #413, .T. ) ;
#352 =( NAMED_UNIT ( * ) PLANE_ANGLE_UNIT ( ) SI_UNIT ( $, .RADIAN. ) );
#353 = DIRECTION ( 'NONE',  ( 0.000000000000000000, 0.000000000000000000, 1.000000000000000000 ) ) ;
#354 = SURFACE_STYLE_FILL_AREA ( #1593 ) ;
#355 =( LENGTH_UNIT ( ) NAMED_UNIT ( * ) SI_UNIT ( .MILLI., .METRE. ) );
#356 = VECTOR ( 'NONE', #4636, 1000.000000000000000 ) ;
#357 = ORIENTED_EDGE ( 'NONE', *, *, #7533, .T. ) ;
#358 = FILL_AREA_STYLE ('',( #2360 ) ) ;
#359 = LINE ( 'NONE', #996, #6106 ) ;
#360 = STYLED_ITEM ( 'NONE', ( #228 ), #6579 ) ;
#361 = ORIENTED_EDGE ( 'NONE', *, *, #5234, .T. ) ;
#362 = ORIENTED_EDGE ( 'NONE', *, *, #544, .T. ) ;
#363 =( NAMED_UNIT ( * ) PLANE_ANGLE_UNIT ( ) SI_UNIT ( $, .RADIAN. ) );
#364 = ORIENTED_EDGE ( 'NONE', *, *, #7095, .F. ) ;
#365 = PRESENTATION_LAYER_ASSIGNMENT (  '', '', ( #2955 ) ) ;
#366 = DIRECTION ( 'NONE',  ( 1.000000000000000000, 0.000000000000000000, 0.000000000000000000 ) ) ;
#367 = PLANE ( 'NONE',  #7332 ) ;
#368 = ORIENTED_EDGE ( 'NONE', *, *, #6693, .T. ) ;
#369 = LINE ( 'NONE', #2297, #3376 ) ;
#370 = DIRECTION ( 'NONE',  ( 0.000000000000000000, 0.000000000000000000, -1.000000000000000000 ) ) ;
#371 = ORIENTED_EDGE ( 'NONE', *, *, #7973, .T. ) ;
#372 = EDGE_CURVE ( 'NONE', #7488, #3714, #3494, .T. ) ;
#373 = AXIS2_PLACEMENT_3D ( 'NONE', #913, #6782, #7331 ) ;
#374 = CIRCLE ( 'NONE', #3897, 0.2500000000000002220 ) ;
#375 = FACE_OUTER_BOUND ( 'NONE', #7794, .T. ) ;
#376 =( NAMED_UNIT ( * ) PLANE_ANGLE_UNIT ( ) SI_UNIT ( $, .RADIAN. ) );
#377 = ADVANCED_FACE ( 'NONE', ( #1495 ), #1539, .F. ) ;
#378 =( NAMED_UNIT ( * ) SI_UNIT ( $, .STERADIAN. ) SOLID_ANGLE_UNIT ( ) );
#379 = DIRECTION ( 'NONE',  ( 0.000000000000000000, -3.491483361109382461E-15, 1.000000000000000000 ) ) ;
#380 = ORIENTED_EDGE ( 'NONE', *, *, #5244, .T. ) ;
#381 = COLOUR_RGB ( '',0.000000000000000000, 0.000000000000000000, 1.000000000000000000 ) ;
#382 = ORIENTED_EDGE ( 'NONE', *, *, #5055, .F. ) ;
#383 = DIRECTION ( 'NONE',  ( -1.000000000000000000, -0.000000000000000000, -0.000000000000000000 ) ) ;
#384 = SURFACE_SIDE_STYLE ('',( #1023 ) ) ;
#385 = CARTESIAN_POINT ( 'NONE',  ( 0.9299999995000000075, 1.199999999999995959, 1.100000000000004086 ) ) ;
#386 = VECTOR ( 'NONE', #4223, 1000.000000000000000 ) ;
#387 = CARTESIAN_POINT ( 'NONE',  ( -3.150000000000000355, 1.400000000000002798, -0.8000000000153075774 ) ) ;
#388 = FACE_OUTER_BOUND ( 'NONE', #7506, .T. ) ;
#389 = EDGE_CURVE ( 'NONE', #4064, #1469, #4804, .T. ) ;
#390 = STYLED_ITEM ( 'NONE', ( #5288 ), #4957 ) ;
#391 = DIRECTION ( 'NONE',  ( 0.000000000000000000, 1.000000000000000000, 3.491483361109382461E-15 ) ) ;
#392 = UNCERTAINTY_MEASURE_WITH_UNIT (LENGTH_MEASURE( 1.000000000000000082E-05 ), #2035, 'distance_accuracy_value', 'NONE');
#393 = LINE ( 'NONE', #7564, #2055 ) ;
#394 = SURFACE_SIDE_STYLE ('',( #4271 ) ) ;
#395 = PRESENTATION_LAYER_ASSIGNMENT (  '', '', ( #7312 ) ) ;
#396 = PRESENTATION_LAYER_ASSIGNMENT (  '', '', ( #3136 ) ) ;
#397 = VERTEX_POINT ( 'NONE', #4167 ) ;
#398 = FILL_AREA_STYLE ('',( #6934 ) ) ;
#399 = STYLED_ITEM ( 'NONE', ( #4945 ), #5072 ) ;
#400 = CARTESIAN_POINT ( 'NONE',  ( 2.049999999690624630, 0.1500000000000076827, -2.199999999999999734 ) ) ;
#401 = MECHANICAL_DESIGN_GEOMETRIC_PRESENTATION_REPRESENTATION (  '', ( #2856 ), #5019 ) ;
#402 = LINE ( 'NONE', #2285, #1229 ) ;
#403 = EDGE_CURVE ( 'NONE', #4705, #6072, #928, .T. ) ;
#404 = ORIENTED_EDGE ( 'NONE', *, *, #2074, .F. ) ;
#405 = MECHANICAL_DESIGN_GEOMETRIC_PRESENTATION_REPRESENTATION (  '', ( #4889 ), #8138 ) ;
#406 = VERTEX_POINT ( 'NONE', #6578 ) ;
#407 = DIRECTION ( 'NONE',  ( 0.000000000000000000, 3.491483361109382461E-15, -1.000000000000000000 ) ) ;
#408 = CARTESIAN_POINT ( 'NONE',  ( -3.350000000000000089, 0.6999999999999955147, 1.250000000000002442 ) ) ;
#409 = VERTEX_POINT ( 'NONE', #755 ) ;
#410 = PRESENTATION_LAYER_ASSIGNMENT (  '', '', ( #8144 ) ) ;
#411 = LINE ( 'NONE', #3019, #4940 ) ;
#412 = UNCERTAINTY_MEASURE_WITH_UNIT (LENGTH_MEASURE( 1.000000000000000082E-05 ), #2212, 'distance_accuracy_value', 'NONE');
#413 = CIRCLE ( 'NONE', #5168, 0.2500000000000002220 ) ;
#414 = CARTESIAN_POINT ( 'NONE',  ( 3.350000000000000089, 0.6500000000000025757, 1.300000000000004263 ) ) ;
#415 = EDGE_LOOP ( 'NONE', ( #3752, #5385, #33, #956 ) ) ;
#416 = FILL_AREA_STYLE_COLOUR ( '', #1736 ) ;
#417 = VECTOR ( 'NONE', #5175, 1000.000000000000000 ) ;
#418 = FILL_AREA_STYLE_COLOUR ( '', #1623 ) ;
#419 = ORIENTED_EDGE ( 'NONE', *, *, #7113, .F. ) ;
#420 = AXIS2_PLACEMENT_3D ( 'NONE', #2730, #5998, #842 ) ;
#421 = DIRECTION ( 'NONE',  ( 0.000000000000000000, 1.000000000000000000, 3.491483361109382461E-15 ) ) ;
#422 = PRESENTATION_STYLE_ASSIGNMENT (( #4892 ) ) ;
#423 = CARTESIAN_POINT ( 'NONE',  ( 3.149999999999999911, 1.399999999999995470, 0.8000000000031278757 ) ) ;
#424 = UNCERTAINTY_MEASURE_WITH_UNIT (LENGTH_MEASURE( 1.000000000000000082E-05 ), #5130, 'distance_accuracy_value', 'NONE');
#425 = CARTESIAN_POINT ( 'NONE',  ( 3.349999999993055422, 0.6499999999593705224, 1.299900000000000055 ) ) ;
#426 = DIRECTION ( 'NONE',  ( 0.000000000000000000, -3.252606516424056882E-15, 1.000000000000000000 ) ) ;
#427 = MECHANICAL_DESIGN_GEOMETRIC_PRESENTATION_REPRESENTATION (  '', ( #2738 ), #3020 ) ;
#428 = SURFACE_STYLE_FILL_AREA ( #3654 ) ;
#429 = DIRECTION ( 'NONE',  ( -0.7071067811865482389, 2.299940124881316699E-15, -0.7071067811865469066 ) ) ;
#430 = FILL_AREA_STYLE_COLOUR ( '', #4562 ) ;
#431 = ORIENTED_EDGE ( 'NONE', *, *, #2156, .F. ) ;
#432 = DIRECTION ( 'NONE',  ( 1.000000000000000000, -0.000000000000000000, 0.000000000000000000 ) ) ;
#433 = EDGE_LOOP ( 'NONE', ( #2155, #2906, #7036, #5905 ) ) ;
#434 = DIRECTION ( 'NONE',  ( -0.000000000000000000, 1.000000000000000000, 2.981555974659857586E-15 ) ) ;
#435 = VECTOR ( 'NONE', #1934, 1000.000000000000000 ) ;
#436 = CARTESIAN_POINT ( 'NONE',  ( -1.300000000000000044, 0.1500000000000012157, -0.3464101615137748502 ) ) ;
#437 = VECTOR ( 'NONE', #6839, 1000.000000000000000 ) ;
#438 = CARTESIAN_POINT ( 'NONE',  ( -3.850000000000000533, 4.582605454178992776E-15, -1.300000000062500050 ) ) ;
#439 = FACE_OUTER_BOUND ( 'NONE', #2747, .T. ) ;
#440 = ADVANCED_FACE ( 'NONE', ( #3377 ), #2380, .T. ) ;
#441 =( LENGTH_UNIT ( ) NAMED_UNIT ( * ) SI_UNIT ( .MILLI., .METRE. ) );
#442 = FILL_AREA_STYLE_COLOUR ( '', #5192 ) ;
#443 = VECTOR ( 'NONE', #7908, 1000.000000000000000 ) ;
#444 = ORIENTED_EDGE ( 'NONE', *, *, #389, .F. ) ;
#445 = CARTESIAN_POINT ( 'NONE',  ( 3.350000000000000089, 1.099999999999995204, 1.300000000000004263 ) ) ;
#446 = EDGE_CURVE ( 'NONE', #622, #1314, #6121, .T. ) ;
#447 = VECTOR ( 'NONE', #5532, 1000.000000000000000 ) ;
#448 = LINE ( 'NONE', #3053, #4609 ) ;
#449 = ORIENTED_EDGE ( 'NONE', *, *, #6150, .T. ) ;
#450 = ORIENTED_EDGE ( 'NONE', *, *, #4027, .T. ) ;
#451 = CARTESIAN_POINT ( 'NONE',  ( 3.149999999974999909, 1.300000000075128170, -0.7999999999999954925 ) ) ;
#452 = PRESENTATION_LAYER_ASSIGNMENT (  '', '', ( #994 ) ) ;
#453 = ORIENTED_EDGE ( 'NONE', *, *, #4020, .T. ) ;
#454 = SURFACE_STYLE_FILL_AREA ( #1080 ) ;
#455 = SURFACE_SIDE_STYLE ('',( #4281 ) ) ;
#456 = ORIENTED_EDGE ( 'NONE', *, *, #5482, .T. ) ;
#457 = SURFACE_STYLE_FILL_AREA ( #3724 ) ;
#458 = EDGE_CURVE ( 'NONE', #1616, #2933, #2936, .T. ) ;
#459 = CARTESIAN_POINT ( 'NONE',  ( 2.720000000000000195, 1.199999999999997291, 0.7499999994000042802 ) ) ;
#460 = ORIENTED_EDGE ( 'NONE', *, *, #1288, .T. ) ;
#461 = COLOUR_RGB ( '',0.000000000000000000, 0.000000000000000000, 1.000000000000000000 ) ;
#462 = PRESENTATION_STYLE_ASSIGNMENT (( #4891 ) ) ;
#463 = CARTESIAN_POINT ( 'NONE',  ( -3.150000000000000355, 1.400000000000004574, -0.8000000000093724362 ) ) ;
#464 = FILL_AREA_STYLE_COLOUR ( '', #152 ) ;
#465 = ORIENTED_EDGE ( 'NONE', *, *, #3285, .T. ) ;
#466 = DIRECTION ( 'NONE',  ( 0.000000000000000000, 1.000000000000000000, 3.491483361109382461E-15 ) ) ;
#467 = FILL_AREA_STYLE ('',( #2534 ) ) ;
#468 = PLANE ( 'NONE',  #1483 ) ;
#469 = CARTESIAN_POINT ( 'NONE',  ( -3.150000000000000355, 1.400000000000004574, -1.299999999999995159 ) ) ;
#470 = ADVANCED_FACE ( 'NONE', ( #375 ), #5009, .F. ) ;
#471 = ORIENTED_EDGE ( 'NONE', *, *, #4554, .T. ) ;
#472 = SURFACE_STYLE_USAGE ( .BOTH. , #4299 ) ;
#473 = CARTESIAN_POINT ( 'NONE',  ( 1.399999999999998357, 0.09999999999998963884, 2.600000000000002309 ) ) ;
#474 = SURFACE_STYLE_USAGE ( .BOTH. , #1885 ) ;
#475 = CARTESIAN_POINT ( 'NONE',  ( -3.150000000000000355, 1.199999999999997069, 0.8000000000072963191 ) ) ;
#476 = CARTESIAN_POINT ( 'NONE',  ( 0.000000000000000000, 0.000000000000000000, 0.9500000000000000666 ) ) ;
#477 = STYLED_ITEM ( 'NONE', ( #7160 ), #6045 ) ;
#478 = FACE_OUTER_BOUND ( 'NONE', #1276, .T. ) ;
#479 = CARTESIAN_POINT ( 'NONE',  ( -1.300000000000000044, 0.1500000000000012157, -0.3464101615137748502 ) ) ;
#480 = FACE_OUTER_BOUND ( 'NONE', #4318, .T. ) ;
#481 = PRESENTATION_STYLE_ASSIGNMENT (( #2913 ) ) ;
#482 = DIRECTION ( 'NONE',  ( 1.000000000000000000, 2.274550012207352473E-16, 0.000000000000000000 ) ) ;
#483 = ORIENTED_EDGE ( 'NONE', *, *, #2675, .T. ) ;
#484 = FACE_OUTER_BOUND ( 'NONE', #2010, .T. ) ;
#485 = VECTOR ( 'NONE', #6638, 1000.000000000000000 ) ;
#486 = DIRECTION ( 'NONE',  ( -0.000000000000000000, 1.000000000000000000, 3.491483361109382461E-15 ) ) ;
#487 = ORIENTED_EDGE ( 'NONE', *, *, #1544, .T. ) ;
#488 = EDGE_CURVE ( 'NONE', #4197, #1767, #3029, .T. ) ;
#489 = VERTEX_POINT ( 'NONE', #6160 ) ;
#490 = CARTESIAN_POINT ( 'NONE',  ( -3.350000000000000089, 0.7000000000000041744, -1.249999999999997558 ) ) ;
#491 = DIRECTION ( 'NONE',  ( 1.000000000000000000, -0.000000000000000000, 0.000000000000000000 ) ) ;
#492 = VERTEX_POINT ( 'NONE', #5051 ) ;
#493 =( NAMED_UNIT ( * ) PLANE_ANGLE_UNIT ( ) SI_UNIT ( $, .RADIAN. ) );
#494 = FACE_OUTER_BOUND ( 'NONE', #5038, .T. ) ;
#495 = FILL_AREA_STYLE ('',( #4283 ) ) ;
#496 = ADVANCED_FACE ( 'NONE', ( #2302 ), #4291, .F. ) ;
#497 = VERTEX_POINT ( 'NONE', #5137 ) ;
#498 = AXIS2_PLACEMENT_3D ( 'NONE', #92, #5232, #7226 ) ;
#499 = PRESENTATION_STYLE_ASSIGNMENT (( #2177 ) ) ;
#500 = ORIENTED_EDGE ( 'NONE', *, *, #7816, .F. ) ;
#501 =( NAMED_UNIT ( * ) SI_UNIT ( $, .STERADIAN. ) SOLID_ANGLE_UNIT ( ) );
#502 = DIRECTION ( 'NONE',  ( 0.000000000000000000, 1.000000000000000000, 0.000000000000000000 ) ) ;
#503 = ADVANCED_FACE ( 'NONE', ( #4498, #7086, #1279 ), #3855, .T. ) ;
#504 = MECHANICAL_DESIGN_GEOMETRIC_PRESENTATION_REPRESENTATION (  '', ( #4700 ), #7148 ) ;
#505 = UNCERTAINTY_MEASURE_WITH_UNIT (LENGTH_MEASURE( 1.000000000000000082E-05 ), #4308, 'distance_accuracy_value', 'NONE');
#506 = CARTESIAN_POINT ( 'NONE',  ( 2.719999999572222382, 1.399999999999995692, 1.299999999813096885 ) ) ;
#507 = ORIENTED_EDGE ( 'NONE', *, *, #3521, .T. ) ;
#508 = PRESENTATION_STYLE_ASSIGNMENT (( #1188 ) ) ;
#509 = SURFACE_SIDE_STYLE ('',( #2862 ) ) ;
#510 = STYLED_ITEM ( 'NONE', ( #1399 ), #8076 ) ;
#511 = SURFACE_SIDE_STYLE ('',( #4226 ) ) ;
#512 = CARTESIAN_POINT ( 'NONE',  ( -3.150000000000000355, 1.399999999999997691, 0.8000000000000051514 ) ) ;
#513 = LINE ( 'NONE', #5708, #4770 ) ;
#514 = PRESENTATION_LAYER_ASSIGNMENT (  '', '', ( #7019 ) ) ;
#515 = EDGE_CURVE ( 'NONE', #6980, #530, #5113, .T. ) ;
#516 = LINE ( 'NONE', #1245, #6108 ) ;
#517 = MECHANICAL_DESIGN_GEOMETRIC_PRESENTATION_REPRESENTATION (  '', ( #7835 ), #7025 ) ;
#518 = UNCERTAINTY_MEASURE_WITH_UNIT (LENGTH_MEASURE( 1.000000000000000082E-05 ), #6338, 'distance_accuracy_value', 'NONE');
#519 =( GEOMETRIC_REPRESENTATION_CONTEXT ( 3 ) GLOBAL_UNCERTAINTY_ASSIGNED_CONTEXT ( ( #6590 ) ) GLOBAL_UNIT_ASSIGNED_CONTEXT ( ( #6383, #7058, #3177 ) ) REPRESENTATION_CONTEXT ( 'NONE', 'WORKASPACE' ) );
#520 = APPLICATION_PROTOCOL_DEFINITION ( 'draft international standard', 'automotive_design', 1998, #74 ) ;
#521 = CARTESIAN_POINT ( 'NONE',  ( -3.350000000000000089, 0.6999999999999955147, 1.250000000000002442 ) ) ;
#522 = VECTOR ( 'NONE', #7965, 1000.000000000000000 ) ;
#523 = ORIENTED_EDGE ( 'NONE', *, *, #1340, .T. ) ;
#524 = VECTOR ( 'NONE', #1446, 1000.000000000000000 ) ;
#525 = SURFACE_SIDE_STYLE ('',( #7610 ) ) ;
#526 = AXIS2_PLACEMENT_3D ( 'NONE', #7830, #66, #1390 ) ;
#527 = DIRECTION ( 'NONE',  ( 0.000000000000000000, 0.000000000000000000, 1.000000000000000000 ) ) ;
#528 = EDGE_LOOP ( 'NONE', ( #740, #6286, #7781, #5618 ) ) ;
#529 = VECTOR ( 'NONE', #1437, 1000.000000000000000 ) ;
#530 = VERTEX_POINT ( 'NONE', #7694 ) ;
#531 = SURFACE_STYLE_USAGE ( .BOTH. , #6982 ) ;
#532 = ADVANCED_FACE ( 'NONE', ( #3792 ), #6388, .T. ) ;
#533 = MECHANICAL_DESIGN_GEOMETRIC_PRESENTATION_REPRESENTATION (  '', ( #132 ), #3266 ) ;
#534 = VERTEX_POINT ( 'NONE', #2425 ) ;
#535 = COLOUR_RGB ( '',0.000000000000000000, 0.000000000000000000, 1.000000000000000000 ) ;
#536 = DIRECTION ( 'NONE',  ( -1.000000000000000000, 1.562890985166239817E-11, 0.000000000000000000 ) ) ;
#537 = ADVANCED_FACE ( 'NONE', ( #6284 ), #7509, .T. ) ;
#538 = AXIS2_PLACEMENT_3D ( 'NONE', #6979, #3261, #5115 ) ;
#539 = DIRECTION ( 'NONE',  ( 0.000000000000000000, -3.252606517456511724E-15, 1.000000000000000000 ) ) ;
#540 = SURFACE_STYLE_USAGE ( .BOTH. , #1135 ) ;
#541 = ORIENTED_EDGE ( 'NONE', *, *, #739, .F. ) ;
#542 = CARTESIAN_POINT ( 'NONE',  ( -2.720000000000000195, 1.199999999016987617, -1.299999999999996048 ) ) ;
#543 = COLOUR_RGB ( '',0.000000000000000000, 0.000000000000000000, 1.000000000000000000 ) ;
#544 = EDGE_CURVE ( 'NONE', #6900, #5915, #4330, .T. ) ;
#545 = CARTESIAN_POINT ( 'NONE',  ( 2.749999999952187579, 1.399999999999996803, 1.300000000000004929 ) ) ;
#546 =( LENGTH_UNIT ( ) NAMED_UNIT ( * ) SI_UNIT ( .MILLI., .METRE. ) );
#547 = ORIENTED_EDGE ( 'NONE', *, *, #6610, .F. ) ;
#548 = PRESENTATION_STYLE_ASSIGNMENT (( #2628 ) ) ;
#549 = EDGE_CURVE ( 'NONE', #5117, #4243, #1144, .T. ) ;
#550 = DIRECTION ( 'NONE',  ( -0.000000000000000000, -1.000000000000000000, -3.491483361109382461E-15 ) ) ;
#551 = VECTOR ( 'NONE', #5699, 1000.000000000000000 ) ;
#552 = ORIENTED_EDGE ( 'NONE', *, *, #6840, .F. ) ;
#553 = DIRECTION ( 'NONE',  ( 0.000000000000000000, 3.491483361109382461E-15, -1.000000000000000000 ) ) ;
#554 =( LENGTH_UNIT ( ) NAMED_UNIT ( * ) SI_UNIT ( .MILLI., .METRE. ) );
#555 = CARTESIAN_POINT ( 'NONE',  ( -3.850000000000000533, 3.171291354520100469E-15, -0.9000000000000002442 ) ) ;
#556 = ORIENTED_EDGE ( 'NONE', *, *, #2954, .T. ) ;
#557 = FILL_AREA_STYLE_COLOUR ( '', #2208 ) ;
#558 = VECTOR ( 'NONE', #6787, 1000.000000000000000 ) ;
#559 = EDGE_CURVE ( 'NONE', #13, #4705, #3030, .T. ) ;
#560 =( NAMED_UNIT ( * ) PLANE_ANGLE_UNIT ( ) SI_UNIT ( $, .RADIAN. ) );
#561 = FILL_AREA_STYLE ('',( #2472 ) ) ;
#562 = AXIS2_PLACEMENT_3D ( 'NONE', #6838, #8155, #5696 ) ;
#563 = DIRECTION ( 'NONE',  ( 0.000000000000000000, 3.491483361109382461E-15, -1.000000000000000000 ) ) ;
#564 = STYLED_ITEM ( 'NONE', ( #6244 ), #4561 ) ;
#565 = CARTESIAN_POINT ( 'NONE',  ( 1.430000000000000382, 1.199999999760414937, -1.299999999999996048 ) ) ;
#566 = ORIENTED_EDGE ( 'NONE', *, *, #6971, .F. ) ;
#567 = EDGE_CURVE ( 'NONE', #1182, #2933, #2381, .T. ) ;
#568 = FILL_AREA_STYLE_COLOUR ( '', #4726 ) ;
#569 = MECHANICAL_DESIGN_GEOMETRIC_PRESENTATION_REPRESENTATION (  '', ( #3293 ), #1939 ) ;
#570 = EDGE_LOOP ( 'NONE', ( #7297, #3671, #4814, #7463 ) ) ;
#571 = CARTESIAN_POINT ( 'NONE',  ( 3.850000000000000089, 0.2000000000000046740, -1.299999999999999600 ) ) ;
#572 = DIRECTION ( 'NONE',  ( 0.000000000000000000, -1.000000000000000000, -3.491483361109382461E-15 ) ) ;
#573 =( NAMED_UNIT ( * ) SI_UNIT ( $, .STERADIAN. ) SOLID_ANGLE_UNIT ( ) );
#574 = EDGE_LOOP ( 'NONE', ( #1898, #7452, #8386, #6985 ) ) ;
#575 = EDGE_LOOP ( 'NONE', ( #8218, #2558, #3168, #5852 ) ) ;
#576 = PLANE ( 'NONE',  #3075 ) ;
#577 = CARTESIAN_POINT ( 'NONE',  ( -3.399999999999999911, 0.2500000000333288397, -2.200000000000000622 ) ) ;
#578 = LINE ( 'NONE', #2409, #6888 ) ;
#579 = ORIENTED_EDGE ( 'NONE', *, *, #2996, .T. ) ;
#580 = SURFACE_STYLE_USAGE ( .BOTH. , #6398 ) ;
#581 = STYLED_ITEM ( 'NONE', ( #5026 ), #5784 ) ;
#582 =( GEOMETRIC_REPRESENTATION_CONTEXT ( 3 ) GLOBAL_UNCERTAINTY_ASSIGNED_CONTEXT ( ( #1695 ) ) GLOBAL_UNIT_ASSIGNED_CONTEXT ( ( #6966, #2507, #1839 ) ) REPRESENTATION_CONTEXT ( 'NONE', 'WORKASPACE' ) );
#583 = CARTESIAN_POINT ( 'NONE',  ( 1.649999999999999911, 0.1499999999999973299, 0.7600000000000005640 ) ) ;
#584 =( LENGTH_UNIT ( ) NAMED_UNIT ( * ) SI_UNIT ( .MILLI., .METRE. ) );
#585 = UNCERTAINTY_MEASURE_WITH_UNIT (LENGTH_MEASURE( 1.000000000000000082E-05 ), #2762, 'distance_accuracy_value', 'NONE');
#586 = LINE ( 'NONE', #1086, #11 ) ;
#587 = ORIENTED_EDGE ( 'NONE', *, *, #4695, .F. ) ;
#588 = VECTOR ( 'NONE', #4681, 1000.000000000000000 ) ;
#589 = CARTESIAN_POINT ( 'NONE',  ( -2.449999999715624988, 0.0001000000000076812790, -2.200000000000000178 ) ) ;
#590 = AXIS2_PLACEMENT_3D ( 'NONE', #6620, #2729, #3414 ) ;
#591 = CARTESIAN_POINT ( 'NONE',  ( -3.850000000000000089, -3.092146628807732766E-15, 0.9000000000000002442 ) ) ;
#592 = ORIENTED_EDGE ( 'NONE', *, *, #7778, .F. ) ;
#593 = DIRECTION ( 'NONE',  ( 0.000000000000000000, -3.491483361109382461E-15, 1.000000000000000000 ) ) ;
#594 = VECTOR ( 'NONE', #3250, 1000.000000000000000 ) ;
#595 = VECTOR ( 'NONE', #334, 1000.000000000000114 ) ;
#596 = EDGE_CURVE ( 'NONE', #5286, #6223, #3118, .T. ) ;
#597 = DIRECTION ( 'NONE',  ( 1.000000000000000000, -0.000000000000000000, -0.000000000000000000 ) ) ;
#598 = UNCERTAINTY_MEASURE_WITH_UNIT (LENGTH_MEASURE( 1.000000000000000082E-05 ), #8115, 'distance_accuracy_value', 'NONE');
#599 = CARTESIAN_POINT ( 'NONE',  ( 3.149999999999999911, 0.6999999999999970690, 0.8000000000000029310 ) ) ;
#600 = ORIENTED_EDGE ( 'NONE', *, *, #714, .F. ) ;
#601 = CARTESIAN_POINT ( 'NONE',  ( 3.149999999989062438, 1.399999999999995914, 1.300000000000004263 ) ) ;
#602 = EDGE_CURVE ( 'NONE', #8309, #971, #5052, .T. ) ;
#603 = FILL_AREA_STYLE ('',( #4379 ) ) ;
#604 = AXIS2_PLACEMENT_3D ( 'NONE', #3062, #4362, #5642 ) ;
#605 = CARTESIAN_POINT ( 'NONE',  ( 3.150000000040781512, 0.6499999999666636885, 0.7500000000000025535 ) ) ;
#606 = EDGE_LOOP ( 'NONE', ( #6153, #3576, #8362, #7249 ) ) ;
#607 = CARTESIAN_POINT ( 'NONE',  ( 3.849999999999999645, 0.2000000000703658076, 1.299900000000000055 ) ) ;
#608 = DIRECTION ( 'NONE',  ( 0.4472135954999579277, -0.8944271909999158554, 0.000000000000000000 ) ) ;
#609 = LINE ( 'NONE', #5147, #5561 ) ;
#610 =( NAMED_UNIT ( * ) PLANE_ANGLE_UNIT ( ) SI_UNIT ( $, .RADIAN. ) );
#611 = ORIENTED_EDGE ( 'NONE', *, *, #7236, .F. ) ;
#612 = FILL_AREA_STYLE_COLOUR ( '', #1199 ) ;
#613 =( NAMED_UNIT ( * ) SI_UNIT ( $, .STERADIAN. ) SOLID_ANGLE_UNIT ( ) );
#614 = SURFACE_STYLE_FILL_AREA ( #5152 ) ;
#615 = ORIENTED_EDGE ( 'NONE', *, *, #3223, .F. ) ;
#616 = CARTESIAN_POINT ( 'NONE',  ( -2.749999999999999556, 1.199999999962504393, -1.299999999999995159 ) ) ;
#617 = EDGE_CURVE ( 'NONE', #3776, #7012, #8329, .T. ) ;
#618 = ORIENTED_EDGE ( 'NONE', *, *, #6417, .F. ) ;
#619 = CARTESIAN_POINT ( 'NONE',  ( -3.850000000000000089, 1.400000000000004574, -1.299999999999995159 ) ) ;
#620 = LINE ( 'NONE', #5800, #7165 ) ;
#621 = PRESENTATION_LAYER_ASSIGNMENT (  '', '', ( #213 ) ) ;
#622 = VERTEX_POINT ( 'NONE', #1962 ) ;
#623 = CARTESIAN_POINT ( 'NONE',  ( 2.749999999933125050, 1.399999999999997469, 0.9000000000668798572 ) ) ;
#624 =( LENGTH_UNIT ( ) NAMED_UNIT ( * ) SI_UNIT ( .MILLI., .METRE. ) );
#625 = PLANE ( 'NONE',  #7738 ) ;
#626 = ORIENTED_EDGE ( 'NONE', *, *, #8023, .T. ) ;
#627 = ORIENTED_EDGE ( 'NONE', *, *, #8143, .T. ) ;
#628 = VECTOR ( 'NONE', #730, 1000.000000000000000 ) ;
#629 = SURFACE_STYLE_FILL_AREA ( #7168 ) ;
#630 = LINE ( 'NONE', #3071, #6237 ) ;
#631 = STYLED_ITEM ( 'NONE', ( #802 ), #6712 ) ;
#632 = PRESENTATION_STYLE_ASSIGNMENT (( #6451 ) ) ;
#633 = ADVANCED_FACE ( 'NONE', ( #5815 ), #8409, .T. ) ;
#634 = ORIENTED_EDGE ( 'NONE', *, *, #8184, .F. ) ;
#635 = DIRECTION ( 'NONE',  ( -0.000000000000000000, 3.491483361109382461E-15, -1.000000000000000000 ) ) ;
#636 = DIRECTION ( 'NONE',  ( 0.000000000000000000, -2.981555974659856797E-15, 1.000000000000000000 ) ) ;
#637 = AXIS2_PLACEMENT_3D ( 'NONE', #5859, #2131, #4580 ) ;
#638 = PRESENTATION_STYLE_ASSIGNMENT (( #3903 ) ) ;
#639 = SURFACE_STYLE_USAGE ( .BOTH. , #5063 ) ;
#640 = EDGE_CURVE ( 'NONE', #2874, #81, #2668, .T. ) ;
#641 = LINE ( 'NONE', #5023, #5971 ) ;
#642 =( GEOMETRIC_REPRESENTATION_CONTEXT ( 3 ) GLOBAL_UNCERTAINTY_ASSIGNED_CONTEXT ( ( #1262 ) ) GLOBAL_UNIT_ASSIGNED_CONTEXT ( ( #2419, #4961, #7037 ) ) REPRESENTATION_CONTEXT ( 'NONE', 'WORKASPACE' ) );
#643 = ORIENTED_EDGE ( 'NONE', *, *, #5306, .F. ) ;
#644 = LINE ( 'NONE', #3868, #1475 ) ;
#645 = CARTESIAN_POINT ( 'NONE',  ( 3.850000000000000089, -3.847870779600735214E-15, 1.299900000000000055 ) ) ;
#646 = ORIENTED_EDGE ( 'NONE', *, *, #3725, .T. ) ;
#647 = FILL_AREA_STYLE ('',( #3347 ) ) ;
#648 = AXIS2_PLACEMENT_3D ( 'NONE', #1606, #3522, #4109 ) ;
#649 = PLANE ( 'NONE',  #2760 ) ;
#650 = ADVANCED_FACE ( 'NONE', ( #712 ), #38, .T. ) ;
#651 = MECHANICAL_DESIGN_GEOMETRIC_PRESENTATION_REPRESENTATION (  '', ( #7704 ), #243 ) ;
#652 = SURFACE_SIDE_STYLE ('',( #4826 ) ) ;
#653 = ORIENTED_EDGE ( 'NONE', *, *, #7130, .F. ) ;
#654 = AXIS2_PLACEMENT_3D ( 'NONE', #180, #8030, #5908 ) ;
#655 = UNCERTAINTY_MEASURE_WITH_UNIT (LENGTH_MEASURE( 1.000000000000000082E-05 ), #5991, 'distance_accuracy_value', 'NONE');
#656 = ORIENTED_EDGE ( 'NONE', *, *, #8169, .T. ) ;
#657 = CARTESIAN_POINT ( 'NONE',  ( -3.849999999997043787, 1.199999999929323602, 1.300000000000004485 ) ) ;
#658 = STYLED_ITEM ( 'NONE', ( #5501 ), #8340 ) ;
#659 =( NAMED_UNIT ( * ) SI_UNIT ( $, .STERADIAN. ) SOLID_ANGLE_UNIT ( ) );
#660 = ORIENTED_EDGE ( 'NONE', *, *, #6518, .F. ) ;
#661 = ORIENTED_EDGE ( 'NONE', *, *, #2164, .T. ) ;
#662 = FACE_OUTER_BOUND ( 'NONE', #7651, .T. ) ;
#663 = MECHANICAL_DESIGN_GEOMETRIC_PRESENTATION_REPRESENTATION (  '', ( #7432 ), #1613 ) ;
#664 = EDGE_CURVE ( 'NONE', #4430, #7535, #5223, .T. ) ;
#665 = AXIS2_PLACEMENT_3D ( 'NONE', #1355, #2079, #3892 ) ;
#666 = UNCERTAINTY_MEASURE_WITH_UNIT (LENGTH_MEASURE( 1.000000000000000082E-05 ), #1675, 'distance_accuracy_value', 'NONE');
#667 = VECTOR ( 'NONE', #6986, 1000.000000000000227 ) ;
#668 = SURFACE_STYLE_USAGE ( .BOTH. , #7079 ) ;
#669 = DIRECTION ( 'NONE',  ( 0.000000000000000000, -3.491483361109382461E-15, 1.000000000000000000 ) ) ;
#670 = AXIS2_PLACEMENT_3D ( 'NONE', #7097, #4343, #6925 ) ;
#671 = ORIENTED_EDGE ( 'NONE', *, *, #8070, .F. ) ;
#672 = EDGE_CURVE ( 'NONE', #4064, #7194, #1994, .T. ) ;
#673 = VECTOR ( 'NONE', #3795, 1000.000000000000000 ) ;
#674 =( NAMED_UNIT ( * ) SI_UNIT ( $, .STERADIAN. ) SOLID_ANGLE_UNIT ( ) );
#675 = UNCERTAINTY_MEASURE_WITH_UNIT (LENGTH_MEASURE( 1.000000000000000082E-05 ), #4130, 'distance_accuracy_value', 'NONE');
#676 =( NAMED_UNIT ( * ) PLANE_ANGLE_UNIT ( ) SI_UNIT ( $, .RADIAN. ) );
#677 = MECHANICAL_DESIGN_GEOMETRIC_PRESENTATION_REPRESENTATION (  '', ( #3797 ), #1504 ) ;
#678 = PRESENTATION_STYLE_ASSIGNMENT (( #5226 ) ) ;
#679 = EDGE_LOOP ( 'NONE', ( #251, #3888, #782, #2189, #6510, #7755 ) ) ;
#680 = FILL_AREA_STYLE_COLOUR ( '', #2978 ) ;
#681 = LINE ( 'NONE', #5996, #7985 ) ;
#682 = CIRCLE ( 'NONE', #1368, 0.4000000000000002442 ) ;
#683 = FILL_AREA_STYLE_COLOUR ( '', #5011 ) ;
#684 = FILL_AREA_STYLE_COLOUR ( '', #4342 ) ;
#685 = SURFACE_SIDE_STYLE ('',( #6503 ) ) ;
#686 = ORIENTED_EDGE ( 'NONE', *, *, #4750, .T. ) ;
#687 = LINE ( 'NONE', #3297, #2973 ) ;
#688 = ORIENTED_EDGE ( 'NONE', *, *, #3906, .T. ) ;
#689 =( NAMED_UNIT ( * ) PLANE_ANGLE_UNIT ( ) SI_UNIT ( $, .RADIAN. ) );
#690 = VECTOR ( 'NONE', #8075, 1000.000000000000000 ) ;
#691 = ADVANCED_FACE ( 'NONE', ( #1873 ), #6411, .F. ) ;
#692 = VECTOR ( 'NONE', #4727, 1000.000000000000000 ) ;
#693 = EDGE_LOOP ( 'NONE', ( #7806, #2071, #6462, #4477, #56, #166 ) ) ;
#694 = FACE_OUTER_BOUND ( 'NONE', #891, .T. ) ;
#695 = FILL_AREA_STYLE_COLOUR ( '', #4419 ) ;
#696 = LINE ( 'NONE', #22, #2478 ) ;
#697 = EDGE_CURVE ( 'NONE', #3955, #6233, #5658, .T. ) ;
#698 =( NAMED_UNIT ( * ) SI_UNIT ( $, .STERADIAN. ) SOLID_ANGLE_UNIT ( ) );
#699 = ORIENTED_EDGE ( 'NONE', *, *, #6248, .F. ) ;
#700 = VECTOR ( 'NONE', #3173, 1000.000000000000000 ) ;
#701 = ORIENTED_EDGE ( 'NONE', *, *, #7085, .T. ) ;
#702 = PRESENTATION_LAYER_ASSIGNMENT (  '', '', ( #1937 ) ) ;
#703 = LINE ( 'NONE', #30, #2564 ) ;
#704 = COLOUR_RGB ( '',1.000000000000000000, 1.000000000000000000, 1.000000000000000000 ) ;
#705 = ORIENTED_EDGE ( 'NONE', *, *, #7587, .T. ) ;
#706 = CARTESIAN_POINT ( 'NONE',  ( 2.849999999989844213, 1.199999999984371790, 0.8000000000085980556 ) ) ;
#707 = DIRECTION ( 'NONE',  ( 0.000000000000000000, 3.491483361109382461E-15, -1.000000000000000000 ) ) ;
#708 =( GEOMETRIC_REPRESENTATION_CONTEXT ( 3 ) GLOBAL_UNCERTAINTY_ASSIGNED_CONTEXT ( ( #2970 ) ) GLOBAL_UNIT_ASSIGNED_CONTEXT ( ( #3149, #8222, #3227 ) ) REPRESENTATION_CONTEXT ( 'NONE', 'WORKASPACE' ) );
#709 = ORIENTED_EDGE ( 'NONE', *, *, #4542, .F. ) ;
#710 = SURFACE_STYLE_FILL_AREA ( #3941 ) ;
#711 =( LENGTH_UNIT ( ) NAMED_UNIT ( * ) SI_UNIT ( .MILLI., .METRE. ) );
#712 = FACE_OUTER_BOUND ( 'NONE', #5404, .T. ) ;
#713 = LINE ( 'NONE', #80, #7059 ) ;
#714 = EDGE_CURVE ( 'NONE', #2500, #7488, #6247, .T. ) ;
#715 = VERTEX_POINT ( 'NONE', #3699 ) ;
#716 = CARTESIAN_POINT ( 'NONE',  ( -1.649999999999999911, 0.1499999999999986899, 0.3708099243547838819 ) ) ;
#717 = ORIENTED_EDGE ( 'NONE', *, *, #1608, .F. ) ;
#718 = STYLED_ITEM ( 'NONE', ( #1233 ), #1814 ) ;
#719 = CARTESIAN_POINT ( 'NONE',  ( -3.850000000000000533, 1.199999999987496180, 1.300000000000004485 ) ) ;
#720 = FILL_AREA_STYLE_COLOUR ( '', #4372 ) ;
#721 = CARTESIAN_POINT ( 'NONE',  ( 1.430000000000000604, 1.399999999999996136, 1.100000000000004530 ) ) ;
#722 = ORIENTED_EDGE ( 'NONE', *, *, #1502, .T. ) ;
#723 =( GEOMETRIC_REPRESENTATION_CONTEXT ( 3 ) GLOBAL_UNCERTAINTY_ASSIGNED_CONTEXT ( ( #412 ) ) GLOBAL_UNIT_ASSIGNED_CONTEXT ( ( #2212, #6027, #1132 ) ) REPRESENTATION_CONTEXT ( 'NONE', 'WORKASPACE' ) );
#724 = DIRECTION ( 'NONE',  ( -0.000000000000000000, 1.000000000000000000, 3.491483361109382461E-15 ) ) ;
#725 = DIRECTION ( 'NONE',  ( 0.2961663197507509726, -3.334842790507032715E-15, 0.9551363834789752261 ) ) ;
#726 = ORIENTED_EDGE ( 'NONE', *, *, #6455, .F. ) ;
#727 = DIRECTION ( 'NONE',  ( -1.000000000000000000, 0.000000000000000000, 0.000000000000000000 ) ) ;
#728 = PRESENTATION_LAYER_ASSIGNMENT (  '', '', ( #5611 ) ) ;
#729 = CARTESIAN_POINT ( 'NONE',  ( -2.050000000000000266, 0.1499999999750044333, -2.199999999999999734 ) ) ;
#730 = DIRECTION ( 'NONE',  ( 0.000000000000000000, 1.000000000000000000, 3.491483361109382066E-15 ) ) ;
#731 = ORIENTED_EDGE ( 'NONE', *, *, #6848, .T. ) ;
#732 = LINE ( 'NONE', #1425, #3698 ) ;
#733 = PRESENTATION_STYLE_ASSIGNMENT (( #6558 ) ) ;
#734 = ORIENTED_EDGE ( 'NONE', *, *, #5858, .F. ) ;
#735 = EDGE_CURVE ( 'NONE', #286, #3422, #3039, .T. ) ;
#736 = ORIENTED_EDGE ( 'NONE', *, *, #8265, .F. ) ;
#737 =( LENGTH_UNIT ( ) NAMED_UNIT ( * ) SI_UNIT ( .MILLI., .METRE. ) );
#738 = DIRECTION ( 'NONE',  ( 0.000000000000000000, 3.491483361109382461E-15, -1.000000000000000000 ) ) ;
#739 = EDGE_CURVE ( 'NONE', #232, #4228, #5020, .T. ) ;
#740 = ORIENTED_EDGE ( 'NONE', *, *, #4827, .T. ) ;
#741 = CARTESIAN_POINT ( 'NONE',  ( -1.500000000000000000, 5.421010862427522170E-17, 1.800832703444117038E-16 ) ) ;
#742 = LINE ( 'NONE', #7212, #4182 ) ;
#743 = VERTEX_POINT ( 'NONE', #5576 ) ;
#744 = DIRECTION ( 'NONE',  ( 0.000000000000000000, 0.000000000000000000, 1.000000000000000000 ) ) ;
#745 =( GEOMETRIC_REPRESENTATION_CONTEXT ( 3 ) GLOBAL_UNCERTAINTY_ASSIGNED_CONTEXT ( ( #1014 ) ) GLOBAL_UNIT_ASSIGNED_CONTEXT ( ( #5164, #5766, #3878 ) ) REPRESENTATION_CONTEXT ( 'NONE', 'WORKASPACE' ) );
#746 = ADVANCED_FACE ( 'NONE', ( #4902 ), #2947, .T. ) ;
#747 = SURFACE_SIDE_STYLE ('',( #3986 ) ) ;
#748 = ORIENTED_EDGE ( 'NONE', *, *, #8230, .T. ) ;
#749 = FILL_AREA_STYLE_COLOUR ( '', #3760 ) ;
#750 = AXIS2_PLACEMENT_3D ( 'NONE', #2556, #6461, #7775 ) ;
#751 = LINE ( 'NONE', #3331, #5819 ) ;
#752 = VERTEX_POINT ( 'NONE', #3127 ) ;
#753 = DIRECTION ( 'NONE',  ( -0.000000000000000000, 0.7071067811865506814, -0.7071067811865443531 ) ) ;
#754 = LINE ( 'NONE', #3493, #3579 ) ;
#755 = CARTESIAN_POINT ( 'NONE',  ( 3.400000000000002132, 3.332871476361114629E-11, 1.299900000000000055 ) ) ;
#756 = SURFACE_STYLE_USAGE ( .BOTH. , #5909 ) ;
#757 = LINE ( 'NONE', #1498, #4748 ) ;
#758 = ORIENTED_EDGE ( 'NONE', *, *, #1769, .F. ) ;
#759 = CARTESIAN_POINT ( 'NONE',  ( -3.850000000000000533, 1.963860456602967177E-15, -0.9000000000000002442 ) ) ;
#760 =( LENGTH_UNIT ( ) NAMED_UNIT ( * ) SI_UNIT ( .MILLI., .METRE. ) );
#761 = MECHANICAL_DESIGN_GEOMETRIC_PRESENTATION_REPRESENTATION (  '', ( #8102 ), #1459 ) ;
#762 =( LENGTH_UNIT ( ) NAMED_UNIT ( * ) SI_UNIT ( .MILLI., .METRE. ) );
#763 = VERTEX_POINT ( 'NONE', #1108 ) ;
#764 = LINE ( 'NONE', #2145, #6672 ) ;
#765 = CARTESIAN_POINT ( 'NONE',  ( -3.400000000000002132, 3.332876897371977056E-11, 1.299900000000000055 ) ) ;
#766 = FACE_OUTER_BOUND ( 'NONE', #3916, .T. ) ;
#767 = VECTOR ( 'NONE', #7381, 1000.000000000000000 ) ;
#768 = CARTESIAN_POINT ( 'NONE',  ( -2.719999999919501033, 1.399999999999995470, 1.299999999975044007 ) ) ;
#769 = CARTESIAN_POINT ( 'NONE',  ( 2.750000000000000000, 1.399999999999997025, 0.9000000000000050182 ) ) ;
#770 = DIRECTION ( 'NONE',  ( -1.000000000000000000, -0.000000000000000000, -0.000000000000000000 ) ) ;
#771 = SURFACE_STYLE_USAGE ( .BOTH. , #1466 ) ;
#772 = CARTESIAN_POINT ( 'NONE',  ( -3.850000000000000533, 0.1999999999999970690, 0.9000000000000010214 ) ) ;
#773 = EDGE_LOOP ( 'NONE', ( #371, #5251, #7764, #3203 ) ) ;
#774 = STYLED_ITEM ( 'NONE', ( #5972 ), #8311 ) ;
#775 = EDGE_LOOP ( 'NONE', ( #7417, #5757, #4300, #7089 ) ) ;
#776 =( LENGTH_UNIT ( ) NAMED_UNIT ( * ) SI_UNIT ( .MILLI., .METRE. ) );
#777 = AXIS2_PLACEMENT_3D ( 'NONE', #3890, #669, #6604 ) ;
#778 = CARTESIAN_POINT ( 'NONE',  ( 2.850000000000000089, 0.7000000000000027311, -0.7999999999999974909 ) ) ;
#779 = STYLED_ITEM ( 'NONE', ( #1242 ), #5344 ) ;
#780 = EDGE_CURVE ( 'NONE', #3264, #5248, #1712, .T. ) ;
#781 = STYLED_ITEM ( 'NONE', ( #7309 ), #7558 ) ;
#782 = ORIENTED_EDGE ( 'NONE', *, *, #4193, .F. ) ;
#783 = DIRECTION ( 'NONE',  ( -8.020840935599185195E-11, -1.000000000000000000, -3.758567531154320743E-15 ) ) ;
#784 = PRESENTATION_LAYER_ASSIGNMENT (  '', '', ( #1203 ) ) ;
#785 = ORIENTED_EDGE ( 'NONE', *, *, #4146, .T. ) ;
#786 = VECTOR ( 'NONE', #5043, 1000.000000000000000 ) ;
#787 = EDGE_CURVE ( 'NONE', #7526, #7244, #3737, .T. ) ;
#788 = SURFACE_SIDE_STYLE ('',( #125 ) ) ;
#789 = ORIENTED_EDGE ( 'NONE', *, *, #5888, .T. ) ;
#790 = PRESENTATION_STYLE_ASSIGNMENT (( #7807 ) ) ;
#791 = PLANE ( 'NONE',  #7154 ) ;
#792 = ORIENTED_EDGE ( 'NONE', *, *, #8224, .T. ) ;
#793 = EDGE_CURVE ( 'NONE', #1389, #4313, #513, .T. ) ;
#794 = CARTESIAN_POINT ( 'NONE',  ( -1.430000000175955410, 1.199999999248076987, -1.299999999999996048 ) ) ;
#795 = SURFACE_STYLE_FILL_AREA ( #6619 ) ;
#796 = SURFACE_STYLE_FILL_AREA ( #4710 ) ;
#797 = VECTOR ( 'NONE', #2595, 1000.000000000000000 ) ;
#798 =( NAMED_UNIT ( * ) PLANE_ANGLE_UNIT ( ) SI_UNIT ( $, .RADIAN. ) );
#799 = DIRECTION ( 'NONE',  ( 5.963111948670264526E-16, 3.491483361109382855E-15, -1.000000000000000000 ) ) ;
#800 = PRESENTATION_STYLE_ASSIGNMENT (( #7905 ) ) ;
#801 = VECTOR ( 'NONE', #3129, 1000.000000000000000 ) ;
#802 = PRESENTATION_STYLE_ASSIGNMENT (( #7182 ) ) ;
#803 = CARTESIAN_POINT ( 'NONE',  ( 3.149999999999999911, 0.2000000001024629381, 0.9000000000000006883 ) ) ;
#804 = DIRECTION ( 'NONE',  ( 0.000000000000000000, -1.000000000000000000, -3.491483361109382461E-15 ) ) ;
#805 =( NAMED_UNIT ( * ) PLANE_ANGLE_UNIT ( ) SI_UNIT ( $, .RADIAN. ) );
#806 = AXIS2_PLACEMENT_3D ( 'NONE', #6899, #1644, #3712 ) ;
#807 = EDGE_CURVE ( 'NONE', #1139, #958, #1099, .T. ) ;
#808 = VECTOR ( 'NONE', #3367, 1000.000000000000000 ) ;
#809 = EDGE_LOOP ( 'NONE', ( #4967, #2140, #1227, #6878 ) ) ;
#810 = FILL_AREA_STYLE_COLOUR ( '', #2604 ) ;
#811 =( NAMED_UNIT ( * ) PLANE_ANGLE_UNIT ( ) SI_UNIT ( $, .RADIAN. ) );
#812 = SURFACE_SIDE_STYLE ('',( #3233 ) ) ;
#813 = LINE ( 'NONE', #1510, #5246 ) ;
#814 = UNCERTAINTY_MEASURE_WITH_UNIT (LENGTH_MEASURE( 1.000000000000000082E-05 ), #4023, 'distance_accuracy_value', 'NONE');
#815 =( NAMED_UNIT ( * ) SI_UNIT ( $, .STERADIAN. ) SOLID_ANGLE_UNIT ( ) );
#816 = LINE ( 'NONE', #2196, #1575 ) ;
#817 =( NAMED_UNIT ( * ) PLANE_ANGLE_UNIT ( ) SI_UNIT ( $, .RADIAN. ) );
#818 = SURFACE_SIDE_STYLE ('',( #6136 ) ) ;
#819 = ORIENTED_EDGE ( 'NONE', *, *, #5525, .F. ) ;
#820 = ORIENTED_EDGE ( 'NONE', *, *, #1360, .T. ) ;
#821 = FACE_OUTER_BOUND ( 'NONE', #4924, .T. ) ;
#822 = VECTOR ( 'NONE', #8204, 1000.000000000000000 ) ;
#823 = DIRECTION ( 'NONE',  ( -1.000000000000000000, -0.000000000000000000, -0.000000000000000000 ) ) ;
#824 = STYLED_ITEM ( 'NONE', ( #2605 ), #532 ) ;
#825 = EDGE_LOOP ( 'NONE', ( #5506, #6409, #5331, #2198 ) ) ;
#826 = DIRECTION ( 'NONE',  ( 1.000000000000000000, 0.000000000000000000, 0.000000000000000000 ) ) ;
#827 =( NAMED_UNIT ( * ) SI_UNIT ( $, .STERADIAN. ) SOLID_ANGLE_UNIT ( ) );
#828 = VECTOR ( 'NONE', #432, 1000.000000000000000 ) ;
#829 = DIRECTION ( 'NONE',  ( -0.000000000000000000, 1.000000000000000000, 0.000000000000000000 ) ) ;
#830 = VERTEX_POINT ( 'NONE', #1838 ) ;
#831 = MECHANICAL_DESIGN_GEOMETRIC_PRESENTATION_REPRESENTATION (  '', ( #29 ), #2339 ) ;
#832 =( GEOMETRIC_REPRESENTATION_CONTEXT ( 3 ) GLOBAL_UNCERTAINTY_ASSIGNED_CONTEXT ( ( #7378 ) ) GLOBAL_UNIT_ASSIGNED_CONTEXT ( ( #2541, #7721, #3896 ) ) REPRESENTATION_CONTEXT ( 'NONE', 'WORKASPACE' ) );
#833 = UNCERTAINTY_MEASURE_WITH_UNIT (LENGTH_MEASURE( 1.000000000000000082E-05 ), #3117, 'distance_accuracy_value', 'NONE');
#834 = ORIENTED_EDGE ( 'NONE', *, *, #1327, .T. ) ;
#835 = FACE_OUTER_BOUND ( 'NONE', #2674, .T. ) ;
#836 = COLOUR_RGB ( '',0.000000000000000000, 0.000000000000000000, 1.000000000000000000 ) ;
#837 = VECTOR ( 'NONE', #7862, 1000.000000000000000 ) ;
#838 = ORIENTED_EDGE ( 'NONE', *, *, #1694, .F. ) ;
#839 = SURFACE_SIDE_STYLE ('',( #4383 ) ) ;
#840 = CARTESIAN_POINT ( 'NONE',  ( -3.149999999905208625, 0.2500000000515581466, -1.299999999999999156 ) ) ;
#841 = CARTESIAN_POINT ( 'NONE',  ( -2.049999999929688066, 0.0001000000000045392882, -1.300100000000000255 ) ) ;
#842 = DIRECTION ( 'NONE',  ( 0.7071067811865521247, 0.000000000000000000, 0.7071067811865430208 ) ) ;
#843 =( GEOMETRIC_REPRESENTATION_CONTEXT ( 3 ) GLOBAL_UNCERTAINTY_ASSIGNED_CONTEXT ( ( #3571 ) ) GLOBAL_UNIT_ASSIGNED_CONTEXT ( ( #2611, #817, #106 ) ) REPRESENTATION_CONTEXT ( 'NONE', 'WORKASPACE' ) );
#844 = FACE_OUTER_BOUND ( 'NONE', #64, .T. ) ;
#845 = FILL_AREA_STYLE ('',( #3339 ) ) ;
#846 = ADVANCED_FACE ( 'NONE', ( #4423 ), #1194, .T. ) ;
#847 = ORIENTED_EDGE ( 'NONE', *, *, #189, .T. ) ;
#848 = FILL_AREA_STYLE_COLOUR ( '', #6334 ) ;
#849 = VECTOR ( 'NONE', #4641, 1000.000000000000000 ) ;
#850 = SURFACE_STYLE_USAGE ( .BOTH. , #144 ) ;
#851 = CIRCLE ( 'NONE', #6147, 0.1999999999999987899 ) ;
#852 = CARTESIAN_POINT ( 'NONE',  ( -0.9299999998999999296, 1.400000000000004130, -1.099999999999994982 ) ) ;
#853 = ORIENTED_EDGE ( 'NONE', *, *, #2567, .T. ) ;
#854 = LINE ( 'NONE', #6044, #3819 ) ;
#855 = CARTESIAN_POINT ( 'NONE',  ( -3.349999999992840483, 0.9000000000572832004, -0.7999999999999969358 ) ) ;
#856 = COLOUR_RGB ( '',1.000000000000000000, 0.5019607843137254832, 0.000000000000000000 ) ;
#857 = FACE_OUTER_BOUND ( 'NONE', #8380, .T. ) ;
#858 = EDGE_CURVE ( 'NONE', #108, #1899, #2679, .T. ) ;
#859 =( LENGTH_UNIT ( ) NAMED_UNIT ( * ) SI_UNIT ( .MILLI., .METRE. ) );
#860 =( LENGTH_UNIT ( ) NAMED_UNIT ( * ) SI_UNIT ( .MILLI., .METRE. ) );
#861 = FILL_AREA_STYLE_COLOUR ( '', #6116 ) ;
#862 = CARTESIAN_POINT ( 'NONE',  ( 3.149999999999999911, 1.200000000000004396, -1.299999999999995604 ) ) ;
#863 = ORIENTED_EDGE ( 'NONE', *, *, #351, .F. ) ;
#864 = ORIENTED_EDGE ( 'NONE', *, *, #1443, .T. ) ;
#865 = DIRECTION ( 'NONE',  ( 0.000000000000000000, 0.000000000000000000, 1.000000000000000000 ) ) ;
#866 = EDGE_CURVE ( 'NONE', #5481, #2480, #3291, .T. ) ;
#867 = PRESENTATION_STYLE_ASSIGNMENT (( #6692 ) ) ;
#868 = DIRECTION ( 'NONE',  ( 0.000000000000000000, -1.000000000000000000, -3.491483361109382461E-15 ) ) ;
#869 = VERTEX_POINT ( 'NONE', #607 ) ;
#870 = ORIENTED_EDGE ( 'NONE', *, *, #5600, .T. ) ;
#871 = CARTESIAN_POINT ( 'NONE',  ( 2.720000000000000195, 1.400000000000004574, -1.299999999999995159 ) ) ;
#872 = SURFACE_SIDE_STYLE ('',( #4743 ) ) ;
#873 = DIRECTION ( 'NONE',  ( -0.000000000000000000, -0.000000000000000000, 1.000000000000000000 ) ) ;
#874 = ORIENTED_EDGE ( 'NONE', *, *, #5631, .F. ) ;
#875 = ADVANCED_FACE ( 'NONE', ( #4 ), #7812, .F. ) ;
#876 = DIRECTION ( 'NONE',  ( -1.000000000000000000, 0.000000000000000000, 0.000000000000000000 ) ) ;
#877 = PRESENTATION_LAYER_ASSIGNMENT (  '', '', ( #2648 ) ) ;
#878 = ORIENTED_EDGE ( 'NONE', *, *, #5482, .F. ) ;
#879 = CARTESIAN_POINT ( 'NONE',  ( 2.015766736212015520, 1.399999999999995914, 1.118366903934263634 ) ) ;
#880 = CARTESIAN_POINT ( 'NONE',  ( 3.850000000000000089, -1.517883041479706208E-15, 0.9000000000000005773 ) ) ;
#881 = ORIENTED_EDGE ( 'NONE', *, *, #7703, .F. ) ;
#882 = PRESENTATION_LAYER_ASSIGNMENT (  '', '', ( #5777 ) ) ;
#883 =( NAMED_UNIT ( * ) SI_UNIT ( $, .STERADIAN. ) SOLID_ANGLE_UNIT ( ) );
#884 = FILL_AREA_STYLE_COLOUR ( '', #6775 ) ;
#885 =( NAMED_UNIT ( * ) SI_UNIT ( $, .STERADIAN. ) SOLID_ANGLE_UNIT ( ) );
#886 = COLOUR_RGB ( '',0.000000000000000000, 0.000000000000000000, 1.000000000000000000 ) ;
#887 =( LENGTH_UNIT ( ) NAMED_UNIT ( * ) SI_UNIT ( .MILLI., .METRE. ) );
#888 = EDGE_CURVE ( 'NONE', #8098, #8058, #2594, .T. ) ;
#889 = DIRECTION ( 'NONE',  ( -0.000000000000000000, -0.000000000000000000, 1.000000000000000000 ) ) ;
#890 = CARTESIAN_POINT ( 'NONE',  ( 1.430100000000000593, 1.199999999972995557, 1.300000000000000266 ) ) ;
#891 = EDGE_LOOP ( 'NONE', ( #6453, #2753, #3845, #5177, #785 ) ) ;
#892 = CARTESIAN_POINT ( 'NONE',  ( 1.500000000000000000, -0.3000000001520663484, -9.486769009248163798E-16 ) ) ;
#893 = ADVANCED_FACE ( 'NONE', ( #4506 ), #6089, .F. ) ;
#894 = LINE ( 'NONE', #4815, #7765 ) ;
#895 = FILL_AREA_STYLE_COLOUR ( '', #4026 ) ;
#896 = VECTOR ( 'NONE', #8048, 1000.000000000000227 ) ;
#897 = DIRECTION ( 'NONE',  ( 1.000000000000000000, 2.274550012207352473E-16, 0.000000000000000000 ) ) ;
#898 = PLANE ( 'NONE',  #1531 ) ;
#899 = CARTESIAN_POINT ( 'NONE',  ( -0.7999999999999999334, 0.1499999999999973299, 0.7600000000000001199 ) ) ;
#900 = ORIENTED_EDGE ( 'NONE', *, *, #123, .T. ) ;
#901 =( NAMED_UNIT ( * ) SI_UNIT ( $, .STERADIAN. ) SOLID_ANGLE_UNIT ( ) );
#902 = EDGE_CURVE ( 'NONE', #4476, #752, #991, .T. ) ;
#903 = SURFACE_STYLE_USAGE ( .BOTH. , #4982 ) ;
#904 = STYLED_ITEM ( 'NONE', ( #790 ), #7022 ) ;
#905 = SURFACE_SIDE_STYLE ('',( #4693 ) ) ;
#906 = UNCERTAINTY_MEASURE_WITH_UNIT (LENGTH_MEASURE( 1.000000000000000082E-05 ), #1882, 'distance_accuracy_value', 'NONE');
#907 = ORIENTED_EDGE ( 'NONE', *, *, #5788, .T. ) ;
#908 = ORIENTED_EDGE ( 'NONE', *, *, #6281, .F. ) ;
#909 = PLANE ( 'NONE',  #2259 ) ;
#910 = SURFACE_SIDE_STYLE ('',( #4697 ) ) ;
#911 = VECTOR ( 'NONE', #1230, 1000.000000000000000 ) ;
#912 = STYLED_ITEM ( 'NONE', ( #3066 ), #7280 ) ;
#913 = CARTESIAN_POINT ( 'NONE',  ( -2.075000000000000178, 1.199999999999995293, 1.309394180000004626 ) ) ;
#914 = ORIENTED_EDGE ( 'NONE', *, *, #2614, .F. ) ;
#915 = EDGE_CURVE ( 'NONE', #8405, #6631, #5412, .T. ) ;
#916 = VECTOR ( 'NONE', #383, 1000.000000000000000 ) ;
#917 = CARTESIAN_POINT ( 'NONE',  ( -2.015766736154212424, 1.399999999999996136, 1.118366903952186631 ) ) ;
#918 = VECTOR ( 'NONE', #4833, 1000.000000000000000 ) ;
#919 = UNCERTAINTY_MEASURE_WITH_UNIT (LENGTH_MEASURE( 1.000000000000000082E-05 ), #3677, 'distance_accuracy_value', 'NONE');
#920 = CARTESIAN_POINT ( 'NONE',  ( 3.149999999974999909, 1.300000000095308694, 1.249999999996780797 ) ) ;
#921 = ORIENTED_EDGE ( 'NONE', *, *, #3631, .T. ) ;
#922 = AXIS2_PLACEMENT_3D ( 'NONE', #7401, #2911, #6301 ) ;
#923 = LINE ( 'NONE', #1009, #5384 ) ;
#924 = ADVANCED_FACE ( 'NONE', ( #5500 ), #8050, .F. ) ;
#925 = CARTESIAN_POINT ( 'NONE',  ( -2.075000000000000178, 1.400000000000003908, -1.109394179999996233 ) ) ;
#926 = ORIENTED_EDGE ( 'NONE', *, *, #7928, .T. ) ;
#927 = PRESENTATION_LAYER_ASSIGNMENT (  '', '', ( #6083 ) ) ;
#928 = LINE ( 'NONE', #297, #690 ) ;
#929 =( GEOMETRIC_REPRESENTATION_CONTEXT ( 3 ) GLOBAL_UNCERTAINTY_ASSIGNED_CONTEXT ( ( #3739 ) ) GLOBAL_UNIT_ASSIGNED_CONTEXT ( ( #6705, #7344, #883 ) ) REPRESENTATION_CONTEXT ( 'NONE', 'WORKASPACE' ) );
#930 = CARTESIAN_POINT ( 'NONE',  ( -3.350000000000000089, 0.6499999999999964695, 1.299900000000000055 ) ) ;
#931 =( GEOMETRIC_REPRESENTATION_CONTEXT ( 3 ) GLOBAL_UNCERTAINTY_ASSIGNED_CONTEXT ( ( #2020 ) ) GLOBAL_UNIT_ASSIGNED_CONTEXT ( ( #249, #5480, #4888 ) ) REPRESENTATION_CONTEXT ( 'NONE', 'WORKASPACE' ) );
#932 = VERTEX_POINT ( 'NONE', #5460 ) ;
#933 = CARTESIAN_POINT ( 'NONE',  ( -3.850000000000000533, 0.2000000000477367701, -0.8999999999999995781 ) ) ;
#934 = LINE ( 'NONE', #6165, #2832 ) ;
#935 = COLOUR_RGB ( '',1.000000000000000000, 0.5019607843137254832, 0.000000000000000000 ) ;
#936 = SURFACE_STYLE_USAGE ( .BOTH. , #1669 ) ;
#937 = DIRECTION ( 'NONE',  ( 1.000000000000000000, 0.000000000000000000, 0.000000000000000000 ) ) ;
#938 = ORIENTED_EDGE ( 'NONE', *, *, #3874, .F. ) ;
#939 = FILL_AREA_STYLE ('',( #6760 ) ) ;
#940 = VECTOR ( 'NONE', #150, 1000.000000000000000 ) ;
#941 = PRESENTATION_STYLE_ASSIGNMENT (( #5577 ) ) ;
#942 =( GEOMETRIC_REPRESENTATION_CONTEXT ( 3 ) GLOBAL_UNCERTAINTY_ASSIGNED_CONTEXT ( ( #235 ) ) GLOBAL_UNIT_ASSIGNED_CONTEXT ( ( #5463, #1595, #4055 ) ) REPRESENTATION_CONTEXT ( 'NONE', 'WORKASPACE' ) );
#943 = LINE ( 'NONE', #2950, #1364 ) ;
#944 = CARTESIAN_POINT ( 'NONE',  ( -3.349999999992840483, 0.9000000000680234979, -1.249999999999996891 ) ) ;
#945 = COLOUR_RGB ( '',1.000000000000000000, 0.5019607843137254832, 0.000000000000000000 ) ;
#946 =( NAMED_UNIT ( * ) PLANE_ANGLE_UNIT ( ) SI_UNIT ( $, .RADIAN. ) );
#947 = FILL_AREA_STYLE_COLOUR ( '', #836 ) ;
#948 = PRESENTATION_LAYER_ASSIGNMENT (  '', '', ( #2446 ) ) ;
#949 = ORIENTED_EDGE ( 'NONE', *, *, #2988, .T. ) ;
#950 = LINE ( 'NONE', #3557, #1219 ) ;
#951 = PRESENTATION_LAYER_ASSIGNMENT (  '', '', ( #5025 ) ) ;
#952 = ADVANCED_FACE ( 'NONE', ( #315 ), #898, .F. ) ;
#953 = PRESENTATION_STYLE_ASSIGNMENT (( #6258 ) ) ;
#954 = PRESENTATION_LAYER_ASSIGNMENT (  '', '', ( #4069 ) ) ;
#955 = CARTESIAN_POINT ( 'NONE',  ( 3.400000000000000355, 0.2000000000333287675, -0.8999999999999991340 ) ) ;
#956 = ORIENTED_EDGE ( 'NONE', *, *, #2669, .T. ) ;
#957 = ADVANCED_FACE ( 'NONE', ( #1118 ), #6255, .F. ) ;
#958 = VERTEX_POINT ( 'NONE', #6895 ) ;
#959 = SURFACE_SIDE_STYLE ('',( #2923 ) ) ;
#960 = DIRECTION ( 'NONE',  ( 0.000000000000000000, 0.000000000000000000, -1.000000000000000000 ) ) ;
#961 = VECTOR ( 'NONE', #1678, 1000.000000000000000 ) ;
#962 = FILL_AREA_STYLE ('',( #6025 ) ) ;
#963 = VECTOR ( 'NONE', #7077, 1000.000000000000000 ) ;
#964 = ORIENTED_EDGE ( 'NONE', *, *, #5336, .F. ) ;
#965 = CARTESIAN_POINT ( 'NONE',  ( 3.350000000000000089, 0.6499999999999973577, 0.7500000000000019984 ) ) ;
#966 = STYLED_ITEM ( 'NONE', ( #2060 ), #4505 ) ;
#967 = ORIENTED_EDGE ( 'NONE', *, *, #2783, .F. ) ;
#968 = LINE ( 'NONE', #3574, #7008 ) ;
#969 = DIRECTION ( 'NONE',  ( -0.000000000000000000, -0.000000000000000000, 1.000000000000000000 ) ) ;
#970 = VECTOR ( 'NONE', #6487, 1000.000000000000000 ) ;
#971 = VERTEX_POINT ( 'NONE', #5666 ) ;
#972 = DIRECTION ( 'NONE',  ( 0.000000000000000000, 0.000000000000000000, 1.000000000000000000 ) ) ;
#973 = CARTESIAN_POINT ( 'NONE',  ( 3.399999999999999911, 0.2500000000333288397, -0.8999999999999993561 ) ) ;
#974 = ADVANCED_FACE ( 'NONE', ( #8261 ), #3670, .T. ) ;
#975 = DIRECTION ( 'NONE',  ( 1.000000000000000000, -7.407236140975750857E-11, 0.000000000000000000 ) ) ;
#976 = SURFACE_SIDE_STYLE ('',( #1622 ) ) ;
#977 = LINE ( 'NONE', #7513, #6738 ) ;
#978 = SURFACE_STYLE_FILL_AREA ( #1018 ) ;
#979 =( NAMED_UNIT ( * ) SI_UNIT ( $, .STERADIAN. ) SOLID_ANGLE_UNIT ( ) );
#980 = DIRECTION ( 'NONE',  ( 0.000000000000000000, -1.000000000000000000, -3.491483361109382461E-15 ) ) ;
#981 = VERTEX_POINT ( 'NONE', #1818 ) ;
#982 = LINE ( 'NONE', #6808, #916 ) ;
#983 = DIRECTION ( 'NONE',  ( 0.000000000000000000, -3.491483361109382461E-15, 1.000000000000000000 ) ) ;
#984 = EDGE_CURVE ( 'NONE', #5655, #8283, #5165, .T. ) ;
#985 = LINE ( 'NONE', #4904, #6139 ) ;
#986 = CARTESIAN_POINT ( 'NONE',  ( -2.015766736045731644, 1.199999999999995959, 1.118366903730697359 ) ) ;
#987 = AXIS2_PLACEMENT_3D ( 'NONE', #1723, #3599, #2959 ) ;
#988 =( NAMED_UNIT ( * ) PLANE_ANGLE_UNIT ( ) SI_UNIT ( $, .RADIAN. ) );
#989 = MECHANICAL_DESIGN_GEOMETRIC_PRESENTATION_REPRESENTATION (  '', ( #312 ), #1812 ) ;
#990 =( LENGTH_UNIT ( ) NAMED_UNIT ( * ) SI_UNIT ( .MILLI., .METRE. ) );
#991 = LINE ( 'NONE', #2280, #2883 ) ;
#992 = VERTEX_POINT ( 'NONE', #1217 ) ;
#993 = DIRECTION ( 'NONE',  ( -0.000000000000000000, -0.000000000000000000, 1.000000000000000000 ) ) ;
#994 = STYLED_ITEM ( 'NONE', ( #8084 ), #2660 ) ;
#995 = MECHANICAL_DESIGN_GEOMETRIC_PRESENTATION_REPRESENTATION (  '', ( #6024 ), #6957 ) ;
#996 = CARTESIAN_POINT ( 'NONE',  ( 0.5499999991750000872, 0.1499999999937562667, -1.300099999999999811 ) ) ;
#997 = EDGE_LOOP ( 'NONE', ( #5812, #7656, #8028, #7350 ) ) ;
#998 = ORIENTED_EDGE ( 'NONE', *, *, #2637, .F. ) ;
#999 = FACE_OUTER_BOUND ( 'NONE', #1846, .T. ) ;
#1000 = LINE ( 'NONE', #3603, #4868 ) ;
#1001 = AXIS2_PLACEMENT_3D ( 'NONE', #203, #1518, #7832 ) ;
#1002 = EDGE_CURVE ( 'NONE', #3238, #2286, #3096, .T. ) ;
#1003 = VERTEX_POINT ( 'NONE', #2486 ) ;
#1004 = CARTESIAN_POINT ( 'NONE',  ( -3.350000000000000089, 0.6499999999999974687, 0.7500000000000019984 ) ) ;
#1005 = ADVANCED_FACE ( 'NONE', ( #5077 ), #4439, .F. ) ;
#1006 = UNCERTAINTY_MEASURE_WITH_UNIT (LENGTH_MEASURE( 1.000000000000000082E-05 ), #1661, 'distance_accuracy_value', 'NONE');
#1007 = DIRECTION ( 'NONE',  ( 0.000000000000000000, 1.000000000000000000, 3.491483361109382066E-15 ) ) ;
#1008 = ORIENTED_EDGE ( 'NONE', *, *, #3612, .F. ) ;
#1009 = CARTESIAN_POINT ( 'NONE',  ( 2.719999999869510354, 1.400000000000004574, -1.299999999959533081 ) ) ;
#1010 = ORIENTED_EDGE ( 'NONE', *, *, #2519, .T. ) ;
#1011 = ADVANCED_FACE ( 'NONE', ( #8271 ), #5799, .F. ) ;
#1012 = PRESENTATION_LAYER_ASSIGNMENT (  '', '', ( #8348 ) ) ;
#1013 = SURFACE_SIDE_STYLE ('',( #5612 ) ) ;
#1014 = UNCERTAINTY_MEASURE_WITH_UNIT (LENGTH_MEASURE( 1.000000000000000082E-05 ), #5164, 'distance_accuracy_value', 'NONE');
#1015 = FILL_AREA_STYLE ('',( #684 ) ) ;
#1016 =( NAMED_UNIT ( * ) PLANE_ANGLE_UNIT ( ) SI_UNIT ( $, .RADIAN. ) );
#1017 = COLOUR_RGB ( '',1.000000000000000000, 0.5019607843137254832, 0.000000000000000000 ) ;
#1018 = FILL_AREA_STYLE ('',( #6803 ) ) ;
#1019 =( NAMED_UNIT ( * ) SI_UNIT ( $, .STERADIAN. ) SOLID_ANGLE_UNIT ( ) );
#1020 = DIRECTION ( 'NONE',  ( 1.000000000000000000, -0.000000000000000000, -0.000000000000000000 ) ) ;
#1021 = ORIENTED_EDGE ( 'NONE', *, *, #3229, .F. ) ;
#1022 = FILL_AREA_STYLE_COLOUR ( '', #5402 ) ;
#1023 = SURFACE_STYLE_FILL_AREA ( #7597 ) ;
#1024 = AXIS2_PLACEMENT_3D ( 'NONE', #2643, #261, #4083 ) ;
#1025 = DIRECTION ( 'NONE',  ( 0.000000000000000000, 1.000000000000000000, -0.000000000000000000 ) ) ;
#1026 = LINE ( 'NONE', #7443, #5681 ) ;
#1027 = DIRECTION ( 'NONE',  ( 0.000000000000000000, -1.000000000000000000, -3.491483361109382461E-15 ) ) ;
#1028 = DIRECTION ( 'NONE',  ( 0.000000000000000000, -2.981555974659856797E-15, 1.000000000000000000 ) ) ;
#1029 = DIRECTION ( 'NONE',  ( -9.876681162117937679E-16, -1.000000000000000000, -3.185229682395820612E-15 ) ) ;
#1030 = EDGE_CURVE ( 'NONE', #2922, #2921, #7240, .T. ) ;
#1031 = ORIENTED_EDGE ( 'NONE', *, *, #245, .T. ) ;
#1032 =( LENGTH_UNIT ( ) NAMED_UNIT ( * ) SI_UNIT ( .MILLI., .METRE. ) );
#1033 = COLOUR_RGB ( '',1.000000000000000000, 0.5019607843137254832, 0.000000000000000000 ) ;
#1034 = ORIENTED_EDGE ( 'NONE', *, *, #807, .T. ) ;
#1035 = ORIENTED_EDGE ( 'NONE', *, *, #5771, .F. ) ;
#1036 = LINE ( 'NONE', #5637, #77 ) ;
#1037 = ORIENTED_EDGE ( 'NONE', *, *, #3328, .T. ) ;
#1038 =( NAMED_UNIT ( * ) SI_UNIT ( $, .STERADIAN. ) SOLID_ANGLE_UNIT ( ) );
#1039 = VECTOR ( 'NONE', #1363, 1000.000000000000000 ) ;
#1040 = DIRECTION ( 'NONE',  ( -0.000000000000000000, -1.000000000000000000, -3.491483361109382461E-15 ) ) ;
#1041 = SURFACE_SIDE_STYLE ('',( #6708 ) ) ;
#1042 = CARTESIAN_POINT ( 'NONE',  ( -2.849999999969375253, 1.400000000000002798, -0.8000000000267919464 ) ) ;
#1043 = AXIS2_PLACEMENT_3D ( 'NONE', #7889, #5933, #707 ) ;
#1044 = VERTEX_POINT ( 'NONE', #6012 ) ;
#1045 = CARTESIAN_POINT ( 'NONE',  ( 3.050000000000000266, 1.100000000000002531, -0.7499999999999961142 ) ) ;
#1046 = CYLINDRICAL_SURFACE ( 'NONE', #5693, 0.2000000000000000944 ) ;
#1047 = ORIENTED_EDGE ( 'NONE', *, *, #4180, .F. ) ;
#1048 = SURFACE_SIDE_STYLE ('',( #3577 ) ) ;
#1049 = VECTOR ( 'NONE', #804, 1000.000000000000000 ) ;
#1050 = EDGE_CURVE ( 'NONE', #971, #3696, #732, .T. ) ;
#1051 =( NAMED_UNIT ( * ) SI_UNIT ( $, .STERADIAN. ) SOLID_ANGLE_UNIT ( ) );
#1052 = COLOUR_RGB ( '',1.000000000000000000, 0.5019607843137254832, 0.000000000000000000 ) ;
#1053 = ORIENTED_EDGE ( 'NONE', *, *, #5416, .T. ) ;
#1054 = FILL_AREA_STYLE_COLOUR ( '', #1318 ) ;
#1055 = FILL_AREA_STYLE_COLOUR ( '', #7655 ) ;
#1056 = COLOUR_RGB ( '',1.000000000000000000, 0.5019607843137254832, 0.000000000000000000 ) ;
#1057 = EDGE_CURVE ( 'NONE', #7091, #5258, #5923, .T. ) ;
#1058 = FILL_AREA_STYLE ('',( #8160 ) ) ;
#1059 = LINE ( 'NONE', #8117, #7136 ) ;
#1060 = PRESENTATION_LAYER_ASSIGNMENT (  '', '', ( #2168 ) ) ;
#1061 = CARTESIAN_POINT ( 'NONE',  ( 0.9299999997041669131, 1.199999999999995293, 1.300000000012504042 ) ) ;
#1062 = ORIENTED_EDGE ( 'NONE', *, *, #5132, .T. ) ;
#1063 = CARTESIAN_POINT ( 'NONE',  ( -1.649999999999999911, 0.1499999999999973299, 0.7600000000000001199 ) ) ;
#1064 = VECTOR ( 'NONE', #5946, 1000.000000000000000 ) ;
#1065 = FACE_OUTER_BOUND ( 'NONE', #7061, .T. ) ;
#1066 = LINE ( 'NONE', #6208, #130 ) ;
#1067 = FILL_AREA_STYLE_COLOUR ( '', #3119 ) ;
#1068 = CARTESIAN_POINT ( 'NONE',  ( 1.125300120096095924, 0.1500000000000004663, -0.1399999999999992084 ) ) ;
#1069 = COLOUR_RGB ( '',1.000000000000000000, 0.5019607843137254832, 0.000000000000000000 ) ;
#1070 = VERTEX_POINT ( 'NONE', #6469 ) ;
#1071 = COLOUR_RGB ( '',1.000000000000000000, 0.5019607843137254832, 0.000000000000000000 ) ;
#1072 = PLANE ( 'NONE',  #2353 ) ;
#1073 = PRESENTATION_LAYER_ASSIGNMENT (  '', '', ( #2856 ) ) ;
#1074 = CARTESIAN_POINT ( 'NONE',  ( 0.9499999999546879792, 0.0001000000000076812790, -2.199999999999999734 ) ) ;
#1075 = EDGE_CURVE ( 'NONE', #2533, #8283, #1344, .T. ) ;
#1076 = VERTEX_POINT ( 'NONE', #7196 ) ;
#1077 = AXIS2_PLACEMENT_3D ( 'NONE', #476, #5064, #6299 ) ;
#1078 = ORIENTED_EDGE ( 'NONE', *, *, #1961, .F. ) ;
#1079 = ORIENTED_EDGE ( 'NONE', *, *, #3612, .T. ) ;
#1080 = FILL_AREA_STYLE ('',( #3643 ) ) ;
#1081 = PRESENTATION_LAYER_ASSIGNMENT (  '', '', ( #2325 ) ) ;
#1082 = SURFACE_STYLE_USAGE ( .BOTH. , #455 ) ;
#1083 = FILL_AREA_STYLE ('',( #884 ) ) ;
#1084 = UNCERTAINTY_MEASURE_WITH_UNIT (LENGTH_MEASURE( 1.000000000000000082E-05 ), #6356, 'distance_accuracy_value', 'NONE');
#1085 = ADVANCED_FACE ( 'NONE', ( #1385 ), #157, .T. ) ;
#1086 = CARTESIAN_POINT ( 'NONE',  ( -3.350000000000000089, 0.7000000000000041744, -1.249999999999997558 ) ) ;
#1087 = ORIENTED_EDGE ( 'NONE', *, *, #4172, .F. ) ;
#1088 =( NAMED_UNIT ( * ) SI_UNIT ( $, .STERADIAN. ) SOLID_ANGLE_UNIT ( ) );
#1089 = STYLED_ITEM ( 'NONE', ( #6085 ), #4301 ) ;
#1090 = CARTESIAN_POINT ( 'NONE',  ( 0.9299999999354170432, 1.399999999999995692, 1.300000000031255043 ) ) ;
#1091 = VERTEX_POINT ( 'NONE', #5285 ) ;
#1092 = DIRECTION ( 'NONE',  ( -0.000000000000000000, -3.491483361109382461E-15, 1.000000000000000000 ) ) ;
#1093 = SURFACE_STYLE_FILL_AREA ( #7547 ) ;
#1094 = PRESENTATION_LAYER_ASSIGNMENT (  '', '', ( #966 ) ) ;
#1095 = CARTESIAN_POINT ( 'NONE',  ( -2.720000000000000639, 1.400000000000004574, -1.299999999999995604 ) ) ;
#1096 = UNCERTAINTY_MEASURE_WITH_UNIT (LENGTH_MEASURE( 1.000000000000000082E-05 ), #4786, 'distance_accuracy_value', 'NONE');
#1097 = CARTESIAN_POINT ( 'NONE',  ( 2.750000000000000000, 1.400000000000003242, -0.8999999999999952482 ) ) ;
#1098 = LINE ( 'NONE', #5652, #3101 ) ;
#1099 = CIRCLE ( 'NONE', #3952, 0.4000000000000001887 ) ;
#1100 =( NAMED_UNIT ( * ) SI_UNIT ( $, .STERADIAN. ) SOLID_ANGLE_UNIT ( ) );
#1101 =( NAMED_UNIT ( * ) PLANE_ANGLE_UNIT ( ) SI_UNIT ( $, .RADIAN. ) );
#1102 = EDGE_CURVE ( 'NONE', #1236, #2608, #2788, .T. ) ;
#1103 = AXIS2_PLACEMENT_3D ( 'NONE', #3247, #1192, #5190 ) ;
#1104 = VERTEX_POINT ( 'NONE', #7875 ) ;
#1105 = DIRECTION ( 'NONE',  ( 0.000000000000000000, -3.491483361109382066E-15, 1.000000000000000000 ) ) ;
#1106 = SURFACE_STYLE_USAGE ( .BOTH. , #6924 ) ;
#1107 = VECTOR ( 'NONE', #7772, 1000.000000000000000 ) ;
#1108 = CARTESIAN_POINT ( 'NONE',  ( -2.719999999591667272, 1.399999999999997691, 0.7500000000000042188 ) ) ;
#1109 = MECHANICAL_DESIGN_GEOMETRIC_PRESENTATION_REPRESENTATION (  '', ( #8033 ), #3824 ) ;
#1110 = LINE ( 'NONE', #2550, #2354 ) ;
#1111 = LINE ( 'NONE', #1799, #5340 ) ;
#1112 = EDGE_CURVE ( 'NONE', #530, #3216, #2069, .T. ) ;
#1113 = PLANE ( 'NONE',  #1077 ) ;
#1114 = UNCERTAINTY_MEASURE_WITH_UNIT (LENGTH_MEASURE( 1.000000000000000082E-05 ), #1881, 'distance_accuracy_value', 'NONE');
#1115 = SURFACE_SIDE_STYLE ('',( #3667 ) ) ;
#1116 = FACE_OUTER_BOUND ( 'NONE', #3840, .T. ) ;
#1117 = SURFACE_STYLE_FILL_AREA ( #6930 ) ;
#1118 = FACE_OUTER_BOUND ( 'NONE', #1659, .T. ) ;
#1119 = STYLED_ITEM ( 'NONE', ( #1674 ), #1186 ) ;
#1120 = CIRCLE ( 'NONE', #1532, 0.3000000000000000444 ) ;
#1121 = ORIENTED_EDGE ( 'NONE', *, *, #7214, .F. ) ;
#1122 = SURFACE_STYLE_FILL_AREA ( #5374 ) ;
#1123 = CARTESIAN_POINT ( 'NONE',  ( -3.350000000000000089, 0.7000000000195347738, -1.249999999999997558 ) ) ;
#1124 = EDGE_CURVE ( 'NONE', #2940, #4430, #7923, .T. ) ;
#1125 = VERTEX_POINT ( 'NONE', #5839 ) ;
#1126 = DIRECTION ( 'NONE',  ( 0.000000000000000000, 3.491483361109382461E-15, -1.000000000000000000 ) ) ;
#1127 = STYLED_ITEM ( 'NONE', ( #8207 ), #2793 ) ;
#1128 = VECTOR ( 'NONE', #8221, 1000.000000000000000 ) ;
#1129 = ORIENTED_EDGE ( 'NONE', *, *, #128, .T. ) ;
#1130 = EDGE_CURVE ( 'NONE', #7279, #6137, #696, .T. ) ;
#1131 = DIRECTION ( 'NONE',  ( -0.7071067811644551337, 1.533293415945469013E-15, -0.7071067812086400117 ) ) ;
#1132 =( NAMED_UNIT ( * ) SI_UNIT ( $, .STERADIAN. ) SOLID_ANGLE_UNIT ( ) );
#1133 = CARTESIAN_POINT ( 'NONE',  ( -2.449999999715624988, 0.1499999999968814612, -1.300099999999999811 ) ) ;
#1134 = VECTOR ( 'NONE', #2422, 1000.000000000000000 ) ;
#1135 = SURFACE_SIDE_STYLE ('',( #3684 ) ) ;
#1136 = ORIENTED_EDGE ( 'NONE', *, *, #5762, .F. ) ;
#1137 = DIRECTION ( 'NONE',  ( 1.745741680554692808E-15, -1.000000000000000000, -1.745741680554693794E-15 ) ) ;
#1138 = LINE ( 'NONE', #3767, #6951 ) ;
#1139 = VERTEX_POINT ( 'NONE', #3308 ) ;
#1140 = EDGE_CURVE ( 'NONE', #4115, #2126, #2653, .T. ) ;
#1141 = VECTOR ( 'NONE', #536, 1000.000000000000000 ) ;
#1142 = LINE ( 'NONE', #5008, #2488 ) ;
#1143 = DIRECTION ( 'NONE',  ( -0.000000000000000000, 3.491483361109382461E-15, -1.000000000000000000 ) ) ;
#1144 = LINE ( 'NONE', #8289, #4630 ) ;
#1145 = CARTESIAN_POINT ( 'NONE',  ( -1.430100000000000815, 1.199999999972995557, 1.300000000000000266 ) ) ;
#1146 = ORIENTED_EDGE ( 'NONE', *, *, #3822, .F. ) ;
#1147 =( NAMED_UNIT ( * ) SI_UNIT ( $, .STERADIAN. ) SOLID_ANGLE_UNIT ( ) );
#1148 = DIRECTION ( 'NONE',  ( 1.000000000000000000, -0.000000000000000000, 0.000000000000000000 ) ) ;
#1149 = ORIENTED_EDGE ( 'NONE', *, *, #5833, .T. ) ;
#1150 = PRESENTATION_STYLE_ASSIGNMENT (( #5704 ) ) ;
#1151 = DIRECTION ( 'NONE',  ( -0.000000000000000000, 3.491483361109382461E-15, -1.000000000000000000 ) ) ;
#1152 = SURFACE_STYLE_FILL_AREA ( #1197 ) ;
#1153 = EDGE_CURVE ( 'NONE', #7012, #2376, #348, .T. ) ;
#1154 =( NAMED_UNIT ( * ) SI_UNIT ( $, .STERADIAN. ) SOLID_ANGLE_UNIT ( ) );
#1155 = PRESENTATION_LAYER_ASSIGNMENT (  '', '', ( #4824 ) ) ;
#1156 = SURFACE_STYLE_USAGE ( .BOTH. , #5105 ) ;
#1157 = UNCERTAINTY_MEASURE_WITH_UNIT (LENGTH_MEASURE( 1.000000000000000082E-05 ), #3237, 'distance_accuracy_value', 'NONE');
#1158 = ORIENTED_EDGE ( 'NONE', *, *, #3799, .T. ) ;
#1159 = DIRECTION ( 'NONE',  ( 0.000000000000000000, -3.491483361109382461E-15, 1.000000000000000000 ) ) ;
#1160 = EDGE_CURVE ( 'NONE', #4791, #1691, #8252, .T. ) ;
#1161 = EDGE_LOOP ( 'NONE', ( #3395, #8193, #8142, #5780 ) ) ;
#1162 =( NAMED_UNIT ( * ) SI_UNIT ( $, .STERADIAN. ) SOLID_ANGLE_UNIT ( ) );
#1163 =( GEOMETRIC_REPRESENTATION_CONTEXT ( 3 ) GLOBAL_UNCERTAINTY_ASSIGNED_CONTEXT ( ( #1281 ) ) GLOBAL_UNIT_ASSIGNED_CONTEXT ( ( #3095, #363, #2406 ) ) REPRESENTATION_CONTEXT ( 'NONE', 'WORKASPACE' ) );
#1164 =( NAMED_UNIT ( * ) SI_UNIT ( $, .STERADIAN. ) SOLID_ANGLE_UNIT ( ) );
#1165 = EDGE_CURVE ( 'NONE', #6005, #6642, #2997, .T. ) ;
#1166 = SURFACE_STYLE_USAGE ( .BOTH. , #652 ) ;
#1167 = ORIENTED_EDGE ( 'NONE', *, *, #1124, .T. ) ;
#1168 = VERTEX_POINT ( 'NONE', #1715 ) ;
#1169 =( GEOMETRIC_REPRESENTATION_CONTEXT ( 3 ) GLOBAL_UNCERTAINTY_ASSIGNED_CONTEXT ( ( #8330 ) ) GLOBAL_UNIT_ASSIGNED_CONTEXT ( ( #314, #5583, #1679 ) ) REPRESENTATION_CONTEXT ( 'NONE', 'WORKASPACE' ) );
#1170 = ORIENTED_EDGE ( 'NONE', *, *, #7825, .T. ) ;
#1171 = EDGE_CURVE ( 'NONE', #6541, #5749, #3042, .T. ) ;
#1172 = SURFACE_SIDE_STYLE ('',( #4404 ) ) ;
#1173 = VERTEX_POINT ( 'NONE', #5660 ) ;
#1174 = CARTESIAN_POINT ( 'NONE',  ( 3.850000000000000089, 0.1999999999999970690, 0.9000000000000005773 ) ) ;
#1175 = LINE ( 'NONE', #583, #2368 ) ;
#1176 = PRESENTATION_LAYER_ASSIGNMENT (  '', '', ( #1719 ) ) ;
#1177 = LINE ( 'NONE', #3885, #8404 ) ;
#1178 = FILL_AREA_STYLE_COLOUR ( '', #4077 ) ;
#1179 = ORIENTED_EDGE ( 'NONE', *, *, #5421, .F. ) ;
#1180 = EDGE_CURVE ( 'NONE', #869, #7932, #3082, .T. ) ;
#1181 =( NAMED_UNIT ( * ) SI_UNIT ( $, .STERADIAN. ) SOLID_ANGLE_UNIT ( ) );
#1182 = VERTEX_POINT ( 'NONE', #5579 ) ;
#1183 = CARTESIAN_POINT ( 'NONE',  ( -2.134233264133714059, 1.200000000000003730, -1.118366903361121212 ) ) ;
#1184 = AXIS2_PLACEMENT_3D ( 'NONE', #248, #1572, #4161 ) ;
#1185 = DIRECTION ( 'NONE',  ( 0.7071067811865473507, 2.468851561040446781E-15, -0.7071067811865477948 ) ) ;
#1186 = ADVANCED_FACE ( 'NONE', ( #1065 ), #3627, .F. ) ;
#1187 = ORIENTED_EDGE ( 'NONE', *, *, #1075, .T. ) ;
#1188 = SURFACE_STYLE_USAGE ( .BOTH. , #8332 ) ;
#1189 = SURFACE_STYLE_USAGE ( .BOTH. , #8242 ) ;
#1190 = LINE ( 'NONE', #555, #4931 ) ;
#1191 = MECHANICAL_DESIGN_GEOMETRIC_PRESENTATION_REPRESENTATION (  '', ( #6344 ), #4983 ) ;
#1192 = DIRECTION ( 'NONE',  ( 0.000000000000000000, 1.000000000000000000, 3.491483361109382066E-15 ) ) ;
#1193 = SURFACE_STYLE_USAGE ( .BOTH. , #5099 ) ;
#1194 = PLANE ( 'NONE',  #1664 ) ;
#1195 = PRESENTATION_LAYER_ASSIGNMENT (  '', '', ( #4862 ) ) ;
#1196 = FACE_OUTER_BOUND ( 'NONE', #4495, .T. ) ;
#1197 = FILL_AREA_STYLE ('',( #7004 ) ) ;
#1198 = UNCERTAINTY_MEASURE_WITH_UNIT (LENGTH_MEASURE( 1.000000000000000082E-05 ), #776, 'distance_accuracy_value', 'NONE');
#1199 = COLOUR_RGB ( '',0.000000000000000000, 0.000000000000000000, 1.000000000000000000 ) ;
#1200 = FILL_AREA_STYLE_COLOUR ( '', #4913 ) ;
#1201 = VERTEX_POINT ( 'NONE', #475 ) ;
#1202 = CARTESIAN_POINT ( 'NONE',  ( -2.719999999688889059, 1.199999999999997291, 0.7500000000000035527 ) ) ;
#1203 = STYLED_ITEM ( 'NONE', ( #3256 ), #5635 ) ;
#1204 = PRODUCT_CONTEXT ( 'NONE', #74, 'mechanical' ) ;
#1205 = DIRECTION ( 'NONE',  ( 0.000000000000000000, 0.000000000000000000, -1.000000000000000000 ) ) ;
#1206 = AXIS2_PLACEMENT_3D ( 'NONE', #862, #4189, #6771 ) ;
#1207 = VERTEX_POINT ( 'NONE', #1800 ) ;
#1208 = CARTESIAN_POINT ( 'NONE',  ( -3.400000000000000355, 0.2000000000333287675, -0.8999999999999995781 ) ) ;
#1209 =( GEOMETRIC_REPRESENTATION_CONTEXT ( 3 ) GLOBAL_UNCERTAINTY_ASSIGNED_CONTEXT ( ( #8310 ) ) GLOBAL_UNIT_ASSIGNED_CONTEXT ( ( #5615, #5527, #7475 ) ) REPRESENTATION_CONTEXT ( 'NONE', 'WORKASPACE' ) );
#1210 = CARTESIAN_POINT ( 'NONE',  ( 3.350000000000000089, 1.303600000000004311, -1.249999999999996003 ) ) ;
#1211 = MECHANICAL_DESIGN_GEOMETRIC_PRESENTATION_REPRESENTATION (  '', ( #1620 ), #942 ) ;
#1212 =( LENGTH_UNIT ( ) NAMED_UNIT ( * ) SI_UNIT ( .MILLI., .METRE. ) );
#1213 = ORIENTED_EDGE ( 'NONE', *, *, #2434, .F. ) ;
#1214 =( GEOMETRIC_REPRESENTATION_CONTEXT ( 3 ) GLOBAL_UNCERTAINTY_ASSIGNED_CONTEXT ( ( #7603 ) ) GLOBAL_UNIT_ASSIGNED_CONTEXT ( ( #546, #6365, #4494 ) ) REPRESENTATION_CONTEXT ( 'NONE', 'WORKASPACE' ) );
#1215 =( NAMED_UNIT ( * ) SI_UNIT ( $, .STERADIAN. ) SOLID_ANGLE_UNIT ( ) );
#1216 = SURFACE_STYLE_USAGE ( .BOTH. , #1304 ) ;
#1217 = CARTESIAN_POINT ( 'NONE',  ( 2.134233263771841305, 1.400000000000003908, -1.118366903929248091 ) ) ;
#1218 = SURFACE_SIDE_STYLE ('',( #8223 ) ) ;
#1219 = VECTOR ( 'NONE', #317, 1000.000000000000000 ) ;
#1220 = ADVANCED_FACE ( 'NONE', ( #4388 ), #6169, .F. ) ;
#1221 = ORIENTED_EDGE ( 'NONE', *, *, #7173, .F. ) ;
#1222 = PRESENTATION_STYLE_ASSIGNMENT (( #7879 ) ) ;
#1223 = PRESENTATION_LAYER_ASSIGNMENT (  '', '', ( #4887 ) ) ;
#1224 = CARTESIAN_POINT ( 'NONE',  ( -2.049999999971875653, 0.1499999999906299064, -1.300099999999999811 ) ) ;
#1225 = EDGE_CURVE ( 'NONE', #5465, #1831, #985, .T. ) ;
#1226 = CARTESIAN_POINT ( 'NONE',  ( -1.874699879903904076, 0.1500000000000004663, -0.1399999999999992917 ) ) ;
#1227 = ORIENTED_EDGE ( 'NONE', *, *, #1632, .T. ) ;
#1228 = CARTESIAN_POINT ( 'NONE',  ( -2.720000000000000639, 1.399999999999995470, 1.300000000000005151 ) ) ;
#1229 = VECTOR ( 'NONE', #7451, 1000.000000000000000 ) ;
#1230 = DIRECTION ( 'NONE',  ( -0.000000000000000000, -1.000000000000000000, -3.491483361109382461E-15 ) ) ;
#1231 = COLOUR_RGB ( '',1.000000000000000000, 0.000000000000000000, 1.000000000000000000 ) ;
#1232 = ORIENTED_EDGE ( 'NONE', *, *, #549, .T. ) ;
#1233 = PRESENTATION_STYLE_ASSIGNMENT (( #2539 ) ) ;
#1234 = SURFACE_STYLE_USAGE ( .BOTH. , #6915 ) ;
#1235 = VECTOR ( 'NONE', #8411, 1000.000000000000000 ) ;
#1236 = VERTEX_POINT ( 'NONE', #4424 ) ;
#1237 = LINE ( 'NONE', #3817, #1324 ) ;
#1238 = COLOUR_RGB ( '',1.000000000000000000, 0.5019607843137254832, 0.000000000000000000 ) ;
#1239 =( NAMED_UNIT ( * ) PLANE_ANGLE_UNIT ( ) SI_UNIT ( $, .RADIAN. ) );
#1240 = VECTOR ( 'NONE', #6866, 1000.000000000000000 ) ;
#1241 = ADVANCED_FACE ( 'NONE', ( #1196 ), #8337, .F. ) ;
#1242 = PRESENTATION_STYLE_ASSIGNMENT (( #1193 ) ) ;
#1243 = SURFACE_STYLE_USAGE ( .BOTH. , #7223 ) ;
#1244 = LINE ( 'NONE', #3825, #6370 ) ;
#1245 = CARTESIAN_POINT ( 'NONE',  ( 3.149999999999999911, 1.400000000000002576, -1.249999999996872502 ) ) ;
#1246 = AXIS2_PLACEMENT_3D ( 'NONE', #3078, #3621, #1670 ) ;
#1247 = LINE ( 'NONE', #2598, #1107 ) ;
#1248 = PRODUCT_DEFINITION_CONTEXT ( 'detailed design', #6743, 'design' ) ;
#1249 = ORIENTED_EDGE ( 'NONE', *, *, #225, .T. ) ;
#1250 = DIRECTION ( 'NONE',  ( 0.000000000000000000, -1.000000000000000000, -3.491483361109382461E-15 ) ) ;
#1251 = AXIS2_PLACEMENT_3D ( 'NONE', #6814, #5538, #391 ) ;
#1252 = LINE ( 'NONE', #7776, #2842 ) ;
#1253 = PRESENTATION_LAYER_ASSIGNMENT (  '', '', ( #4363 ) ) ;
#1254 = EDGE_LOOP ( 'NONE', ( #2255, #6701, #2332, #1959, #2497 ) ) ;
#1255 = FILL_AREA_STYLE ('',( #7105 ) ) ;
#1256 = EDGE_CURVE ( 'NONE', #4275, #1485, #1110, .T. ) ;
#1257 = DIRECTION ( 'NONE',  ( 1.208333202140695335E-09, 1.000000000000000000, 2.891205793595867688E-15 ) ) ;
#1258 = EDGE_LOOP ( 'NONE', ( #8275, #231, #26, #615, #3622, #6219 ) ) ;
#1259 = ORIENTED_EDGE ( 'NONE', *, *, #4619, .F. ) ;
#1260 = VECTOR ( 'NONE', #4586, 1000.000000000000000 ) ;
#1261 = VECTOR ( 'NONE', #889, 1000.000000000000000 ) ;
#1262 = UNCERTAINTY_MEASURE_WITH_UNIT (LENGTH_MEASURE( 1.000000000000000082E-05 ), #2419, 'distance_accuracy_value', 'NONE');
#1263 = CARTESIAN_POINT ( 'NONE',  ( -2.049999999971875653, 0.0001000000000076812790, -2.199999999999999734 ) ) ;
#1264 =( NAMED_UNIT ( * ) PLANE_ANGLE_UNIT ( ) SI_UNIT ( $, .RADIAN. ) );
#1265 = ORIENTED_EDGE ( 'NONE', *, *, #1443, .F. ) ;
#1266 =( NAMED_UNIT ( * ) PLANE_ANGLE_UNIT ( ) SI_UNIT ( $, .RADIAN. ) );
#1267 = AXIS2_PLACEMENT_3D ( 'NONE', #490, #3756, #7024 ) ;
#1268 = CARTESIAN_POINT ( 'NONE',  ( 1.430100000000000593, 1.199999999972995557, 0.9500000000000000666 ) ) ;
#1269 = PRESENTATION_STYLE_ASSIGNMENT (( #7076 ) ) ;
#1270 = EDGE_CURVE ( 'NONE', #1691, #2527, #4465, .T. ) ;
#1271 = CARTESIAN_POINT ( 'NONE',  ( 2.720000000050037503, 1.199999999991504307, -1.299999999999996048 ) ) ;
#1272 = ORIENTED_EDGE ( 'NONE', *, *, #2866, .F. ) ;
#1273 = VECTOR ( 'NONE', #2695, 1000.000000000000000 ) ;
#1274 = CARTESIAN_POINT ( 'NONE',  ( 2.075000000000000622, 1.399999999999995470, 1.309394180000005292 ) ) ;
#1275 = COLOUR_RGB ( '',1.000000000000000000, 0.5019607843137254832, 0.000000000000000000 ) ;
#1276 = EDGE_LOOP ( 'NONE', ( #4032, #7629, #4944, #6586, #3300 ) ) ;
#1277 = EDGE_CURVE ( 'NONE', #1418, #958, #6200, .T. ) ;
#1278 =( NAMED_UNIT ( * ) PLANE_ANGLE_UNIT ( ) SI_UNIT ( $, .RADIAN. ) );
#1279 = FACE_OUTER_BOUND ( 'NONE', #3171, .T. ) ;
#1280 = AXIS2_PLACEMENT_3D ( 'NONE', #973, #1092, #2460 ) ;
#1281 = UNCERTAINTY_MEASURE_WITH_UNIT (LENGTH_MEASURE( 1.000000000000000082E-05 ), #3095, 'distance_accuracy_value', 'NONE');
#1282 = CARTESIAN_POINT ( 'NONE',  ( -3.850000000000000533, 1.399999999999996358, 1.300000000000005151 ) ) ;
#1283 = EDGE_LOOP ( 'NONE', ( #7072, #8013, #1047, #7112, #2088, #1935, #7028, #5980 ) ) ;
#1284 = SURFACE_SIDE_STYLE ('',( #4029 ) ) ;
#1285 = SURFACE_STYLE_USAGE ( .BOTH. , #509 ) ;
#1286 = VECTOR ( 'NONE', #8227, 1000.000000000000000 ) ;
#1287 = ORIENTED_EDGE ( 'NONE', *, *, #4106, .F. ) ;
#1288 = EDGE_CURVE ( 'NONE', #6694, #1388, #1190, .T. ) ;
#1289 = CARTESIAN_POINT ( 'NONE',  ( 2.134233263858289931, 1.200000000000003730, -1.118366903830943837 ) ) ;
#1290 =( NAMED_UNIT ( * ) PLANE_ANGLE_UNIT ( ) SI_UNIT ( $, .RADIAN. ) );
#1291 = SURFACE_STYLE_USAGE ( .BOTH. , #3781 ) ;
#1292 = CARTESIAN_POINT ( 'NONE',  ( 3.449999999999999734, 0.1999999999999970690, 0.9000000000000010214 ) ) ;
#1293 =( NAMED_UNIT ( * ) SI_UNIT ( $, .STERADIAN. ) SOLID_ANGLE_UNIT ( ) );
#1294 = VERTEX_POINT ( 'NONE', #5748 ) ;
#1295 = DIRECTION ( 'NONE',  ( 0.000000000000000000, -1.000000000000000000, -3.491483361109382461E-15 ) ) ;
#1296 = SURFACE_STYLE_USAGE ( .BOTH. , #3218 ) ;
#1297 = EDGE_CURVE ( 'NONE', #5545, #7863, #8321, .T. ) ;
#1298 = ORIENTED_EDGE ( 'NONE', *, *, #1998, .T. ) ;
#1299 = CARTESIAN_POINT ( 'NONE',  ( 3.349999999992839594, 0.9000000000179035897, -0.8000000000015594637 ) ) ;
#1300 =( GEOMETRIC_REPRESENTATION_CONTEXT ( 3 ) GLOBAL_UNCERTAINTY_ASSIGNED_CONTEXT ( ( #1519 ) ) GLOBAL_UNIT_ASSIGNED_CONTEXT ( ( #5614, #4296, #5569 ) ) REPRESENTATION_CONTEXT ( 'NONE', 'WORKASPACE' ) );
#1301 = LINE ( 'NONE', #3873, #3398 ) ;
#1302 = VERTEX_POINT ( 'NONE', #605 ) ;
#1303 = LINE ( 'NONE', #3877, #4615 ) ;
#1304 = SURFACE_SIDE_STYLE ('',( #1903 ) ) ;
#1305 = CARTESIAN_POINT ( 'NONE',  ( -3.850000000000000533, -4.174178364069192071E-15, 1.299900000000000055 ) ) ;
#1306 = FILL_AREA_STYLE_COLOUR ( '', #3908 ) ;
#1307 = ORIENTED_EDGE ( 'NONE', *, *, #4971, .T. ) ;
#1308 = VERTEX_POINT ( 'NONE', #3204 ) ;
#1309 = DIRECTION ( 'NONE',  ( 0.000000000000000000, 0.000000000000000000, 1.000000000000000000 ) ) ;
#1310 = MECHANICAL_DESIGN_GEOMETRIC_PRESENTATION_REPRESENTATION (  '', ( #6056 ), #3357 ) ;
#1311 = SURFACE_STYLE_USAGE ( .BOTH. , #4531 ) ;
#1312 = ORIENTED_EDGE ( 'NONE', *, *, #902, .T. ) ;
#1313 = SURFACE_STYLE_USAGE ( .BOTH. , #2377 ) ;
#1314 = VERTEX_POINT ( 'NONE', #4394 ) ;
#1315 =( GEOMETRIC_REPRESENTATION_CONTEXT ( 3 ) GLOBAL_UNCERTAINTY_ASSIGNED_CONTEXT ( ( #4331 ) ) GLOBAL_UNIT_ASSIGNED_CONTEXT ( ( #4224, #2349, #979 ) ) REPRESENTATION_CONTEXT ( 'NONE', 'WORKASPACE' ) );
#1316 = DIRECTION ( 'NONE',  ( -1.000000000000000000, 0.000000000000000000, 0.000000000000000000 ) ) ;
#1317 = FILL_AREA_STYLE_COLOUR ( '', #5160 ) ;
#1318 = COLOUR_RGB ( '',1.000000000000000000, 1.000000000000000000, 1.000000000000000000 ) ;
#1319 = ORIENTED_EDGE ( 'NONE', *, *, #1961, .T. ) ;
#1320 = CYLINDRICAL_SURFACE ( 'NONE', #1597, 0.1999999999999987899 ) ;
#1321 = FACE_OUTER_BOUND ( 'NONE', #5330, .T. ) ;
#1322 = EDGE_CURVE ( 'NONE', #7198, #5350, #1334, .T. ) ;
#1323 = DIRECTION ( 'NONE',  ( 0.000000000000000000, 1.000000000000000000, -0.000000000000000000 ) ) ;
#1324 = VECTOR ( 'NONE', #6414, 1000.000000000000000 ) ;
#1325 = LINE ( 'NONE', #5195, #5559 ) ;
#1326 = DIRECTION ( 'NONE',  ( 0.7071067811865483499, 0.000000000000000000, -0.7071067811865467956 ) ) ;
#1327 = EDGE_CURVE ( 'NONE', #4437, #5350, #7819, .T. ) ;
#1328 = FILL_AREA_STYLE_COLOUR ( '', #5185 ) ;
#1329 = PRESENTATION_LAYER_ASSIGNMENT (  '', '', ( #6344 ) ) ;
#1330 = ORIENTED_EDGE ( 'NONE', *, *, #6565, .F. ) ;
#1331 = SURFACE_STYLE_FILL_AREA ( #7141 ) ;
#1332 = PLANE ( 'NONE',  #750 ) ;
#1333 = PLANE ( 'NONE',  #3913 ) ;
#1334 = LINE ( 'NONE', #2515, #5060 ) ;
#1335 = ORIENTED_EDGE ( 'NONE', *, *, #1533, .F. ) ;
#1336 = MECHANICAL_DESIGN_GEOMETRIC_PRESENTATION_REPRESENTATION (  '', ( #1755 ), #5676 ) ;
#1337 = CARTESIAN_POINT ( 'NONE',  ( 1.649999999999999911, -1.240466572394679620E-15, 0.3708099243547834933 ) ) ;
#1338 = VECTOR ( 'NONE', #429, 1000.000000000000000 ) ;
#1339 = PRESENTATION_STYLE_ASSIGNMENT (( #7066 ) ) ;
#1340 = EDGE_CURVE ( 'NONE', #1125, #2229, #1376, .T. ) ;
#1341 = ORIENTED_EDGE ( 'NONE', *, *, #2307, .T. ) ;
#1342 = VECTOR ( 'NONE', #2770, 1000.000000000000000 ) ;
#1343 = ORIENTED_EDGE ( 'NONE', *, *, #866, .F. ) ;
#1344 = LINE ( 'NONE', #657, #5201 ) ;
#1345 = STYLED_ITEM ( 'NONE', ( #7393 ), #7725 ) ;
#1346 = SURFACE_STYLE_FILL_AREA ( #1426 ) ;
#1347 = ORIENTED_EDGE ( 'NONE', *, *, #8248, .T. ) ;
#1348 = VERTEX_POINT ( 'NONE', #7991 ) ;
#1349 = EDGE_CURVE ( 'NONE', #6825, #6745, #2179, .T. ) ;
#1350 = LINE ( 'NONE', #6520, #2775 ) ;
#1351 = VECTOR ( 'NONE', #753, 1000.000000000000000 ) ;
#1352 = ORIENTED_EDGE ( 'NONE', *, *, #3919, .T. ) ;
#1353 = COLOUR_RGB ( '',1.000000000000000000, 0.5019607843137254832, 0.000000000000000000 ) ;
#1354 = DIRECTION ( 'NONE',  ( -0.000000000000000000, -1.000000000000000000, -3.491483361109382066E-15 ) ) ;
#1355 = CARTESIAN_POINT ( 'NONE',  ( -1.430000000000000604, 1.399999999999995470, 1.300000000000005151 ) ) ;
#1356 = PRESENTATION_LAYER_ASSIGNMENT (  '', '', ( #8277 ) ) ;
#1357 = ORIENTED_EDGE ( 'NONE', *, *, #5497, .F. ) ;
#1358 = MECHANICAL_DESIGN_GEOMETRIC_PRESENTATION_REPRESENTATION (  '', ( #8406 ), #3926 ) ;
#1359 = DIRECTION ( 'NONE',  ( -2.517641780175528628E-10, -3.491483361109382855E-15, 1.000000000000000000 ) ) ;
#1360 = EDGE_CURVE ( 'NONE', #4810, #3546, #5596, .T. ) ;
#1361 = DIRECTION ( 'NONE',  ( 1.000000000000000000, 0.000000000000000000, 0.000000000000000000 ) ) ;
#1362 = ORIENTED_EDGE ( 'NONE', *, *, #4015, .F. ) ;
#1363 = DIRECTION ( 'NONE',  ( 0.9551363834789750040, -0.000000000000000000, 0.2961663197507516943 ) ) ;
#1364 = VECTOR ( 'NONE', #1589, 1000.000000000000000 ) ;
#1365 = DIRECTION ( 'NONE',  ( 0.000000000000000000, -3.491483361109382461E-15, 1.000000000000000000 ) ) ;
#1366 = DIRECTION ( 'NONE',  ( 1.204669080539449344E-16, 0.000000000000000000, 1.000000000000000000 ) ) ;
#1367 = DIRECTION ( 'NONE',  ( -0.2961663197507506395, -3.334842790507033110E-15, 0.9551363834789753371 ) ) ;
#1368 = AXIS2_PLACEMENT_3D ( 'NONE', #2983, #5567, #8157 ) ;
#1369 =( NAMED_UNIT ( * ) PLANE_ANGLE_UNIT ( ) SI_UNIT ( $, .RADIAN. ) );
#1370 = DIRECTION ( 'NONE',  ( 0.000000000000000000, -3.252606517456533024E-15, 1.000000000000000000 ) ) ;
#1371 = VECTOR ( 'NONE', #7604, 1000.000000000000000 ) ;
#1372 = EDGE_CURVE ( 'NONE', #3161, #2527, #4950, .T. ) ;
#1373 = CARTESIAN_POINT ( 'NONE',  ( -3.149999999999999467, 0.2500000000333307826, -2.200000000000000622 ) ) ;
#1374 = CARTESIAN_POINT ( 'NONE',  ( -3.849999999999999645, 0.3017999999999967375, 0.9000000000000010214 ) ) ;
#1375 = AXIS2_PLACEMENT_3D ( 'NONE', #4250, #1007, #3609 ) ;
#1376 = LINE ( 'NONE', #5389, #5876 ) ;
#1377 = VERTEX_POINT ( 'NONE', #54 ) ;
#1378 = ADVANCED_FACE ( 'NONE', ( #4676 ), #2522, .F. ) ;
#1379 = COLOUR_RGB ( '',1.000000000000000000, 1.000000000000000000, 1.000000000000000000 ) ;
#1380 =( NAMED_UNIT ( * ) SI_UNIT ( $, .STERADIAN. ) SOLID_ANGLE_UNIT ( ) );
#1381 = CARTESIAN_POINT ( 'NONE',  ( 3.399999999999999911, 1.666819893914039952E-11, -2.200000000000001510 ) ) ;
#1382 = CARTESIAN_POINT ( 'NONE',  ( 1.430000000000000604, 1.400000000000004574, -1.299999999925572247 ) ) ;
#1383 = LINE ( 'NONE', #619, #3937 ) ;
#1384 = CARTESIAN_POINT ( 'NONE',  ( -3.399999999999999911, 0.2500000000333288397, -2.200000000000000622 ) ) ;
#1385 = FACE_OUTER_BOUND ( 'NONE', #8342, .T. ) ;
#1386 = PRESENTATION_LAYER_ASSIGNMENT (  '', '', ( #5044 ) ) ;
#1387 = DIRECTION ( 'NONE',  ( 0.2961663197507515832, 3.334842790507030349E-15, -0.9551363834789750040 ) ) ;
#1388 = VERTEX_POINT ( 'NONE', #7359 ) ;
#1389 = VERTEX_POINT ( 'NONE', #5366 ) ;
#1390 = DIRECTION ( 'NONE',  ( 0.000000000000000000, 0.000000000000000000, 1.000000000000000000 ) ) ;
#1391 = EDGE_CURVE ( 'NONE', #7926, #7912, #1511, .T. ) ;
#1392 = DIRECTION ( 'NONE',  ( -0.000000000000000000, -1.000000000000000000, -0.000000000000000000 ) ) ;
#1393 = AXIS2_PLACEMENT_3D ( 'NONE', #3595, #2956, #4096 ) ;
#1394 = DIRECTION ( 'NONE',  ( 0.000000000000000000, 1.000000000000000000, 3.614007241618349165E-15 ) ) ;
#1395 = EDGE_LOOP ( 'NONE', ( #5213, #178, #7338, #6043 ) ) ;
#1396 = DIRECTION ( 'NONE',  ( 1.000000000000000000, -0.000000000000000000, 0.000000000000000000 ) ) ;
#1397 =( LENGTH_UNIT ( ) NAMED_UNIT ( * ) SI_UNIT ( .MILLI., .METRE. ) );
#1398 = EDGE_CURVE ( 'NONE', #5218, #715, #4139, .T. ) ;
#1399 = PRESENTATION_STYLE_ASSIGNMENT (( #7935 ) ) ;
#1400 = COLOUR_RGB ( '',0.000000000000000000, 0.000000000000000000, 1.000000000000000000 ) ;
#1401 = EDGE_LOOP ( 'NONE', ( #2296, #3094, #1783, #820 ) ) ;
#1402 = VECTOR ( 'NONE', #2203, 1000.000000000000000 ) ;
#1403 = VECTOR ( 'NONE', #6992, 1000.000000000000000 ) ;
#1404 = FILL_AREA_STYLE ('',( #1317 ) ) ;
#1405 = SURFACE_STYLE_FILL_AREA ( #6490 ) ;
#1406 = EDGE_CURVE ( 'NONE', #4523, #7171, #7099, .T. ) ;
#1407 = ORIENTED_EDGE ( 'NONE', *, *, #7428, .F. ) ;
#1408 = CIRCLE ( 'NONE', #6955, 0.2000000000634848674 ) ;
#1409 = COLOUR_RGB ( '',1.000000000000000000, 0.5019607843137254832, 0.000000000000000000 ) ;
#1410 = FACE_OUTER_BOUND ( 'NONE', #7426, .T. ) ;
#1411 = SURFACE_STYLE_USAGE ( .BOTH. , #2049 ) ;
#1412 = LINE ( 'NONE', #721, #797 ) ;
#1413 = PRESENTATION_STYLE_ASSIGNMENT (( #7994 ) ) ;
#1414 = ORIENTED_EDGE ( 'NONE', *, *, #6211, .T. ) ;
#1415 = PRESENTATION_LAYER_ASSIGNMENT (  '', '', ( #8197 ) ) ;
#1416 = LINE ( 'NONE', #6626, #443 ) ;
#1417 = DIRECTION ( 'NONE',  ( -0.2961663197507504730, -3.334842790507032715E-15, 0.9551363834789753371 ) ) ;
#1418 = VERTEX_POINT ( 'NONE', #5714 ) ;
#1419 = LINE ( 'NONE', #2692, #4633 ) ;
#1420 = VECTOR ( 'NONE', #3711, 1000.000000000000000 ) ;
#1421 = EDGE_CURVE ( 'NONE', #4785, #4405, #8341, .T. ) ;
#1422 = LINE ( 'NONE', #7915, #1811 ) ;
#1423 = FILL_AREA_STYLE_COLOUR ( '', #8132 ) ;
#1424 = CARTESIAN_POINT ( 'NONE',  ( -2.719999999932805057, 1.199999999999995293, 1.299999999932138328 ) ) ;
#1425 = CARTESIAN_POINT ( 'NONE',  ( 3.350000000000000089, 0.2500000000333291728, -0.8999999999999991340 ) ) ;
#1426 = FILL_AREA_STYLE ('',( #4604 ) ) ;
#1427 = ORIENTED_EDGE ( 'NONE', *, *, #7254, .T. ) ;
#1428 = ORIENTED_EDGE ( 'NONE', *, *, #2538, .F. ) ;
#1429 =( NAMED_UNIT ( * ) PLANE_ANGLE_UNIT ( ) SI_UNIT ( $, .RADIAN. ) );
#1430 = VECTOR ( 'NONE', #7392, 1000.000000000000000 ) ;
#1431 = EDGE_CURVE ( 'NONE', #3731, #1849, #6337, .T. ) ;
#1432 = EDGE_LOOP ( 'NONE', ( #5647, #7232, #3785, #5046 ) ) ;
#1433 = PRESENTATION_LAYER_ASSIGNMENT (  '', '', ( #5091 ) ) ;
#1434 = EDGE_CURVE ( 'NONE', #3322, #52, #4428, .T. ) ;
#1435 = ORIENTED_EDGE ( 'NONE', *, *, #1911, .F. ) ;
#1436 = PRESENTATION_STYLE_ASSIGNMENT (( #2880 ) ) ;
#1437 = DIRECTION ( 'NONE',  ( -0.000000000000000000, -1.000000000000000000, -0.000000000000000000 ) ) ;
#1438 = ORIENTED_EDGE ( 'NONE', *, *, #3832, .F. ) ;
#1439 = CARTESIAN_POINT ( 'NONE',  ( -3.350000000000000089, 0.6999999999999965139, 0.8000000000000025979 ) ) ;
#1440 = MECHANICAL_DESIGN_GEOMETRIC_PRESENTATION_REPRESENTATION (  '', ( #2264 ), #1858 ) ;
#1441 = PRESENTATION_STYLE_ASSIGNMENT (( #7251 ) ) ;
#1442 = UNCERTAINTY_MEASURE_WITH_UNIT (LENGTH_MEASURE( 1.000000000000000082E-05 ), #7681, 'distance_accuracy_value', 'NONE');
#1443 = EDGE_CURVE ( 'NONE', #4197, #4068, #4412, .T. ) ;
#1444 = FILL_AREA_STYLE ('',( #5303 ) ) ;
#1445 = MECHANICAL_DESIGN_GEOMETRIC_PRESENTATION_REPRESENTATION (  '', ( #2271 ), #6326 ) ;
#1446 = DIRECTION ( 'NONE',  ( -1.000000000000000000, -0.000000000000000000, -0.000000000000000000 ) ) ;
#1447 = EDGE_LOOP ( 'NONE', ( #8052, #8120, #1335, #2602 ) ) ;
#1448 =( NAMED_UNIT ( * ) PLANE_ANGLE_UNIT ( ) SI_UNIT ( $, .RADIAN. ) );
#1449 = FILL_AREA_STYLE_COLOUR ( '', #381 ) ;
#1450 =( NAMED_UNIT ( * ) PLANE_ANGLE_UNIT ( ) SI_UNIT ( $, .RADIAN. ) );
#1451 = EDGE_CURVE ( 'NONE', #2384, #4160, #1138, .T. ) ;
#1452 = LINE ( 'NONE', #6622, #6096 ) ;
#1453 = VECTOR ( 'NONE', #6501, 1000.000000000000000 ) ;
#1454 = LINE ( 'NONE', #2731, #6909 ) ;
#1455 = EDGE_LOOP ( 'NONE', ( #736, #3556, #6754, #1490, #1476 ) ) ;
#1456 = LINE ( 'NONE', #5913, #1261 ) ;
#1457 = EDGE_LOOP ( 'NONE', ( #2235, #8068, #3358, #1774 ) ) ;
#1458 = LINE ( 'NONE', #890, #356 ) ;
#1459 =( GEOMETRIC_REPRESENTATION_CONTEXT ( 3 ) GLOBAL_UNCERTAINTY_ASSIGNED_CONTEXT ( ( #5857 ) ) GLOBAL_UNIT_ASSIGNED_CONTEXT ( ( #887, #1016, #2984 ) ) REPRESENTATION_CONTEXT ( 'NONE', 'WORKASPACE' ) );
#1460 = FILL_AREA_STYLE ('',( #4767 ) ) ;
#1461 = ORIENTED_EDGE ( 'NONE', *, *, #4242, .F. ) ;
#1462 =( NAMED_UNIT ( * ) SI_UNIT ( $, .STERADIAN. ) SOLID_ANGLE_UNIT ( ) );
#1463 = SURFACE_STYLE_FILL_AREA ( #6681 ) ;
#1464 = FILL_AREA_STYLE_COLOUR ( '', #7720 ) ;
#1465 =( GEOMETRIC_REPRESENTATION_CONTEXT ( 3 ) GLOBAL_UNCERTAINTY_ASSIGNED_CONTEXT ( ( #3146 ) ) GLOBAL_UNIT_ASSIGNED_CONTEXT ( ( #7986, #7418, #2932 ) ) REPRESENTATION_CONTEXT ( 'NONE', 'WORKASPACE' ) );
#1466 = SURFACE_SIDE_STYLE ('',( #3967 ) ) ;
#1467 = DIRECTION ( 'NONE',  ( -0.000000000000000000, -1.000000000000000000, -3.491483361109382461E-15 ) ) ;
#1468 = ORIENTED_EDGE ( 'NONE', *, *, #1349, .F. ) ;
#1469 = VERTEX_POINT ( 'NONE', #545 ) ;
#1470 = STYLED_ITEM ( 'NONE', ( #3520 ), #7390 ) ;
#1471 = LINE ( 'NONE', #4057, #327 ) ;
#1472 = CONICAL_SURFACE ( 'NONE', #7294, 0.3999999999564362030, 0.7853981633974456145 ) ;
#1473 = DIRECTION ( 'NONE',  ( -0.000000000000000000, 3.491483361109382461E-15, -1.000000000000000000 ) ) ;
#1474 = EDGE_LOOP ( 'NONE', ( #2314, #2931, #6703, #2757 ) ) ;
#1475 = VECTOR ( 'NONE', #2599, 1000.000000000000000 ) ;
#1476 = ORIENTED_EDGE ( 'NONE', *, *, #2461, .F. ) ;
#1477 = FILL_AREA_STYLE ('',( #7288 ) ) ;
#1478 = ADVANCED_FACE ( 'NONE', ( #8235 ), #6751, .F. ) ;
#1479 = SURFACE_STYLE_FILL_AREA ( #7161 ) ;
#1480 = ORIENTED_EDGE ( 'NONE', *, *, #5804, .F. ) ;
#1481 = FILL_AREA_STYLE_COLOUR ( '', #8328 ) ;
#1482 = EDGE_CURVE ( 'NONE', #7018, #6506, #851, .T. ) ;
#1483 = AXIS2_PLACEMENT_3D ( 'NONE', #4070, #3286, #5304 ) ;
#1484 = PRESENTATION_LAYER_ASSIGNMENT (  '', '', ( #2028 ) ) ;
#1485 = VERTEX_POINT ( 'NONE', #7259 ) ;
#1486 = CARTESIAN_POINT ( 'NONE',  ( 0.5499999991750000872, 0.1500000000000076827, -2.199999999999999734 ) ) ;
#1487 = AXIS2_PLACEMENT_3D ( 'NONE', #7031, #2659, #5083 ) ;
#1488 =( NAMED_UNIT ( * ) PLANE_ANGLE_UNIT ( ) SI_UNIT ( $, .RADIAN. ) );
#1489 = MECHANICAL_DESIGN_GEOMETRIC_PRESENTATION_REPRESENTATION (  '', ( #2717 ), #2309 ) ;
#1490 = ORIENTED_EDGE ( 'NONE', *, *, #2263, .F. ) ;
#1491 = CARTESIAN_POINT ( 'NONE',  ( 3.149999999999999911, 0.2500000000333291728, -0.8999999999999991340 ) ) ;
#1492 = LINE ( 'NONE', #7299, #6212 ) ;
#1493 = CARTESIAN_POINT ( 'NONE',  ( -2.075000000000000178, 1.200000000000004396, -1.309394179999995744 ) ) ;
#1494 = EDGE_CURVE ( 'NONE', #1139, #2830, #1618, .T. ) ;
#1495 = FACE_OUTER_BOUND ( 'NONE', #7580, .T. ) ;
#1496 = MECHANICAL_DESIGN_GEOMETRIC_PRESENTATION_REPRESENTATION (  '', ( #2999 ), #2991 ) ;
#1497 = FACE_OUTER_BOUND ( 'NONE', #5764, .T. ) ;
#1498 = CARTESIAN_POINT ( 'NONE',  ( 2.749999999931250105, 1.399999999999997247, 0.9000000000687546908 ) ) ;
#1499 = SURFACE_STYLE_FILL_AREA ( #7861 ) ;
#1500 = PRESENTATION_STYLE_ASSIGNMENT (( #7864 ) ) ;
#1501 = CARTESIAN_POINT ( 'NONE',  ( 3.350000000000000089, 1.100000000030763037, 1.300000000000004263 ) ) ;
#1502 = EDGE_CURVE ( 'NONE', #6896, #5749, #5352, .T. ) ;
#1503 = PLANE ( 'NONE',  #1654 ) ;
#1504 =( GEOMETRIC_REPRESENTATION_CONTEXT ( 3 ) GLOBAL_UNCERTAINTY_ASSIGNED_CONTEXT ( ( #5084 ) ) GLOBAL_UNIT_ASSIGNED_CONTEXT ( ( #2228, #376, #2305 ) ) REPRESENTATION_CONTEXT ( 'NONE', 'WORKASPACE' ) );
#1505 = ORIENTED_EDGE ( 'NONE', *, *, #4329, .F. ) ;
#1506 = CARTESIAN_POINT ( 'NONE',  ( 0.7999999999999998224, 4.888076705553132842E-16, -0.1399999999999999023 ) ) ;
#1507 = DIRECTION ( 'NONE',  ( 0.000000000000000000, 1.000000000000000000, 3.491483361109382066E-15 ) ) ;
#1508 = FACE_OUTER_BOUND ( 'NONE', #1455, .T. ) ;
#1509 =( GEOMETRIC_REPRESENTATION_CONTEXT ( 3 ) GLOBAL_UNCERTAINTY_ASSIGNED_CONTEXT ( ( #3063 ) ) GLOBAL_UNIT_ASSIGNED_CONTEXT ( ( #859, #7400, #3887 ) ) REPRESENTATION_CONTEXT ( 'NONE', 'WORKASPACE' ) );
#1510 = CARTESIAN_POINT ( 'NONE',  ( 3.149999999999999911, 0.6499999999999973577, 0.7500000000000019984 ) ) ;
#1511 = LINE ( 'NONE', #3469, #8187 ) ;
#1512 = DIRECTION ( 'NONE',  ( 0.000000000000000000, -1.000000000000000000, -3.491483361109382461E-15 ) ) ;
#1513 = LINE ( 'NONE', #156, #485 ) ;
#1514 =( NAMED_UNIT ( * ) SI_UNIT ( $, .STERADIAN. ) SOLID_ANGLE_UNIT ( ) );
#1515 = CARTESIAN_POINT ( 'NONE',  ( -3.149999999999999911, 1.299999999999996936, 1.250000000000002887 ) ) ;
#1516 = AXIS2_PLACEMENT_3D ( 'NONE', #5722, #8308, #2928 ) ;
#1517 = EDGE_LOOP ( 'NONE', ( #5139, #2682, #7293, #7748 ) ) ;
#1518 = DIRECTION ( 'NONE',  ( 0.000000000000000000, 1.000000000000000000, 3.491483361109382066E-15 ) ) ;
#1519 = UNCERTAINTY_MEASURE_WITH_UNIT (LENGTH_MEASURE( 1.000000000000000082E-05 ), #5614, 'distance_accuracy_value', 'NONE');
#1520 =( GEOMETRIC_REPRESENTATION_CONTEXT ( 3 ) GLOBAL_UNCERTAINTY_ASSIGNED_CONTEXT ( ( #4836 ) ) GLOBAL_UNIT_ASSIGNED_CONTEXT ( ( #711, #7802, #3324 ) ) REPRESENTATION_CONTEXT ( 'NONE', 'WORKASPACE' ) );
#1521 = EDGE_LOOP ( 'NONE', ( #6070, #2888, #5673, #7353, #7777, #4294, #4779, #4985 ) ) ;
#1522 = SURFACE_SIDE_STYLE ('',( #5469 ) ) ;
#1523 = ORIENTED_EDGE ( 'NONE', *, *, #5253, .T. ) ;
#1524 = SURFACE_STYLE_USAGE ( .BOTH. , #2038 ) ;
#1525 = EDGE_CURVE ( 'NONE', #2282, #4430, #3456, .T. ) ;
#1526 = VECTOR ( 'NONE', #5362, 1000.000000000000000 ) ;
#1527 = UNCERTAINTY_MEASURE_WITH_UNIT (LENGTH_MEASURE( 1.000000000000000082E-05 ), #990, 'distance_accuracy_value', 'NONE');
#1528 =( LENGTH_UNIT ( ) NAMED_UNIT ( * ) SI_UNIT ( .MILLI., .METRE. ) );
#1529 = VERTEX_POINT ( 'NONE', #2894 ) ;
#1530 = FILL_AREA_STYLE_COLOUR ( '', #2142 ) ;
#1531 = AXIS2_PLACEMENT_3D ( 'NONE', #6174, #6974, #482 ) ;
#1532 = AXIS2_PLACEMENT_3D ( 'NONE', #2006, #7998, #4038 ) ;
#1533 = EDGE_CURVE ( 'NONE', #2229, #6933, #7387, .T. ) ;
#1534 =( NAMED_UNIT ( * ) SI_UNIT ( $, .STERADIAN. ) SOLID_ANGLE_UNIT ( ) );
#1535 = EDGE_LOOP ( 'NONE', ( #4334, #5791, #4607, #2882 ) ) ;
#1536 = LINE ( 'NONE', #6704, #2710 ) ;
#1537 = DIRECTION ( 'NONE',  ( 1.000000000000000000, -3.740779687824892007E-30, 1.086901548913761497E-15 ) ) ;
#1538 =( LENGTH_UNIT ( ) NAMED_UNIT ( * ) SI_UNIT ( .MILLI., .METRE. ) );
#1539 = PLANE ( 'NONE',  #8024 ) ;
#1540 = VECTOR ( 'NONE', #2391, 1000.000000000000000 ) ;
#1541 = FACE_OUTER_BOUND ( 'NONE', #7820, .T. ) ;
#1542 = CARTESIAN_POINT ( 'NONE',  ( 1.350000000000000089, -1.294676681018955630E-15, 0.3708099243547835488 ) ) ;
#1543 = DIRECTION ( 'NONE',  ( -0.000000000000000000, -0.000000000000000000, 1.000000000000000000 ) ) ;
#1544 = EDGE_CURVE ( 'NONE', #4476, #2247, #754, .T. ) ;
#1545 = DIRECTION ( 'NONE',  ( -9.876681162117925846E-16, -1.000000000000000000, -3.185229682395821006E-15 ) ) ;
#1546 =( GEOMETRIC_REPRESENTATION_CONTEXT ( 3 ) GLOBAL_UNCERTAINTY_ASSIGNED_CONTEXT ( ( #7034 ) ) GLOBAL_UNIT_ASSIGNED_CONTEXT ( ( #1673, #346, #6206 ) ) REPRESENTATION_CONTEXT ( 'NONE', 'WORKASPACE' ) );
#1547 = FACE_OUTER_BOUND ( 'NONE', #3875, .T. ) ;
#1548 = CARTESIAN_POINT ( 'NONE',  ( 1.199999999968749842, 1.199999999999990630, 2.800000000006253931 ) ) ;
#1549 = VERTEX_POINT ( 'NONE', #8074 ) ;
#1550 = DIRECTION ( 'NONE',  ( 2.168404344971007685E-15, -3.252606517456511724E-15, 1.000000000000000000 ) ) ;
#1551 = CARTESIAN_POINT ( 'NONE',  ( 1.500000000000000000, -0.3000000000000015432, 0.3999999999999993006 ) ) ;
#1552 = AXIS2_PLACEMENT_3D ( 'NONE', #7938, #7334, #4112 ) ;
#1553 = FILL_AREA_STYLE_COLOUR ( '', #3680 ) ;
#1554 = EDGE_CURVE ( 'NONE', #4872, #7846, #7300, .T. ) ;
#1555 = DIRECTION ( 'NONE',  ( -0.000000000000000000, 1.000000000000000000, 3.491483361109382461E-15 ) ) ;
#1556 = PLANE ( 'NONE',  #5372 ) ;
#1557 =( NAMED_UNIT ( * ) PLANE_ANGLE_UNIT ( ) SI_UNIT ( $, .RADIAN. ) );
#1558 = DIRECTION ( 'NONE',  ( 0.000000000000000000, -1.000000000000000000, -3.491483361109382461E-15 ) ) ;
#1559 = ORIENTED_EDGE ( 'NONE', *, *, #3555, .F. ) ;
#1560 = MECHANICAL_DESIGN_GEOMETRIC_PRESENTATION_REPRESENTATION (  '', ( #5217 ), #6157 ) ;
#1561 = ORIENTED_EDGE ( 'NONE', *, *, #3410, .T. ) ;
#1562 = LINE ( 'NONE', #2245, #5555 ) ;
#1563 = FILL_AREA_STYLE_COLOUR ( '', #2635 ) ;
#1564 = ORIENTED_EDGE ( 'NONE', *, *, #2423, .T. ) ;
#1565 = ORIENTED_EDGE ( 'NONE', *, *, #3753, .T. ) ;
#1566 = FILL_AREA_STYLE ('',( #5468 ) ) ;
#1567 = PRESENTATION_STYLE_ASSIGNMENT (( #8021 ) ) ;
#1568 = ORIENTED_EDGE ( 'NONE', *, *, #5608, .T. ) ;
#1569 = MECHANICAL_DESIGN_GEOMETRIC_PRESENTATION_REPRESENTATION (  '', ( #8348 ), #5772 ) ;
#1570 = CARTESIAN_POINT ( 'NONE',  ( -2.849999999987501198, 1.399999999999997691, 0.8000000000000051514 ) ) ;
#1571 = VERTEX_POINT ( 'NONE', #4844 ) ;
#1572 = DIRECTION ( 'NONE',  ( 0.000000000000000000, -1.000000000000000000, -3.491483361109382461E-15 ) ) ;
#1573 = LINE ( 'NONE', #2850, #4597 ) ;
#1574 = ORIENTED_EDGE ( 'NONE', *, *, #4406, .F. ) ;
#1575 = VECTOR ( 'NONE', #3394, 1000.000000000000114 ) ;
#1576 = FACE_OUTER_BOUND ( 'NONE', #1521, .T. ) ;
#1577 = DIRECTION ( 'NONE',  ( 0.000000000000000000, 1.000000000000000000, 3.491483361109382461E-15 ) ) ;
#1578 = PLANE ( 'NONE',  #3152 ) ;
#1579 = PRESENTATION_LAYER_ASSIGNMENT (  '', '', ( #5782 ) ) ;
#1580 = DIRECTION ( 'NONE',  ( 0.000000000000000000, 3.491483361109382461E-15, -1.000000000000000000 ) ) ;
#1581 = ORIENTED_EDGE ( 'NONE', *, *, #6993, .T. ) ;
#1582 = DIRECTION ( 'NONE',  ( 1.000000000000000000, -1.626303258453812731E-15, 0.000000000000000000 ) ) ;
#1583 = DIRECTION ( 'NONE',  ( 0.000000000000000000, -1.000000000000000000, -3.491483361109382461E-15 ) ) ;
#1584 = EDGE_CURVE ( 'NONE', #3490, #3205, #7421, .T. ) ;
#1585 = DIRECTION ( 'NONE',  ( 0.000000000000000000, 3.491483361109382461E-15, -1.000000000000000000 ) ) ;
#1586 = ORIENTED_EDGE ( 'NONE', *, *, #6746, .T. ) ;
#1587 = PRESENTATION_LAYER_ASSIGNMENT (  '', '', ( #2523 ) ) ;
#1588 = ADVANCED_FACE ( 'NONE', ( #6037 ), #6706, .F. ) ;
#1589 = DIRECTION ( 'NONE',  ( 0.9551363834789750040, -0.000000000000000000, 0.2961663197507515832 ) ) ;
#1590 = LINE ( 'NONE', #944, #3558 ) ;
#1591 = MECHANICAL_DESIGN_GEOMETRIC_PRESENTATION_REPRESENTATION (  '', ( #631 ), #6869 ) ;
#1592 = LINE ( 'NONE', #5922, #3013 ) ;
#1593 = FILL_AREA_STYLE ('',( #2826 ) ) ;
#1594 = ORIENTED_EDGE ( 'NONE', *, *, #1785, .T. ) ;
#1595 =( NAMED_UNIT ( * ) PLANE_ANGLE_UNIT ( ) SI_UNIT ( $, .RADIAN. ) );
#1596 =( NAMED_UNIT ( * ) SI_UNIT ( $, .STERADIAN. ) SOLID_ANGLE_UNIT ( ) );
#1597 = AXIS2_PLACEMENT_3D ( 'NONE', #2764, #5187, #7762 ) ;
#1598 = FILL_AREA_STYLE ('',( #2920 ) ) ;
#1599 = UNCERTAINTY_MEASURE_WITH_UNIT (LENGTH_MEASURE( 1.000000000000000082E-05 ), #112, 'distance_accuracy_value', 'NONE');
#1600 = EDGE_LOOP ( 'NONE', ( #7815, #5821, #1221, #6908 ) ) ;
#1601 = ORIENTED_EDGE ( 'NONE', *, *, #7612, .F. ) ;
#1602 = CARTESIAN_POINT ( 'NONE',  ( -1.649999999999999911, 0.1499999999999973299, 0.7600000000000001199 ) ) ;
#1603 = PLANE ( 'NONE',  #7836 ) ;
#1604 = MECHANICAL_DESIGN_GEOMETRIC_PRESENTATION_REPRESENTATION (  '', ( #510 ), #7995 ) ;
#1605 = AXIS2_PLACEMENT_3D ( 'NONE', #4369, #5002, #7626 ) ;
#1606 = CARTESIAN_POINT ( 'NONE',  ( 0.09999999999999982514, 1.199999999999995959, 1.100000000000004086 ) ) ;
#1607 = ORIENTED_EDGE ( 'NONE', *, *, #6000, .T. ) ;
#1608 = EDGE_CURVE ( 'NONE', #4254, #3311, #5311, .T. ) ;
#1609 = MECHANICAL_DESIGN_GEOMETRIC_PRESENTATION_REPRESENTATION (  '', ( #3246 ), #5262 ) ;
#1610 = UNCERTAINTY_MEASURE_WITH_UNIT (LENGTH_MEASURE( 1.000000000000000082E-05 ), #8199, 'distance_accuracy_value', 'NONE');
#1611 = DIRECTION ( 'NONE',  ( 0.000000000000000000, -3.491483361109382461E-15, 1.000000000000000000 ) ) ;
#1612 = ORIENTED_EDGE ( 'NONE', *, *, #7371, .T. ) ;
#1613 =( GEOMETRIC_REPRESENTATION_CONTEXT ( 3 ) GLOBAL_UNCERTAINTY_ASSIGNED_CONTEXT ( ( #5505 ) ) GLOBAL_UNIT_ASSIGNED_CONTEXT ( ( #8073, #4843, #3534 ) ) REPRESENTATION_CONTEXT ( 'NONE', 'WORKASPACE' ) );
#1614 = LINE ( 'NONE', #1486, #7283 ) ;
#1615 = FILL_AREA_STYLE_COLOUR ( '', #2171 ) ;
#1616 = VERTEX_POINT ( 'NONE', #4803 ) ;
#1617 = ADVANCED_FACE ( 'NONE', ( #1576 ), #5997, .F. ) ;
#1618 = LINE ( 'NONE', #4668, #6546 ) ;
#1619 =( NAMED_UNIT ( * ) SI_UNIT ( $, .STERADIAN. ) SOLID_ANGLE_UNIT ( ) );
#1620 = STYLED_ITEM ( 'NONE', ( #2201 ), #5005 ) ;
#1621 = CARTESIAN_POINT ( 'NONE',  ( -3.399999999999999911, 0.2500000000333288397, 0.9000000000000010214 ) ) ;
#1622 = SURFACE_STYLE_FILL_AREA ( #7425 ) ;
#1623 = COLOUR_RGB ( '',1.000000000000000000, 0.000000000000000000, 1.000000000000000000 ) ;
#1624 =( NAMED_UNIT ( * ) SI_UNIT ( $, .STERADIAN. ) SOLID_ANGLE_UNIT ( ) );
#1625 = SURFACE_SIDE_STYLE ('',( #428 ) ) ;
#1626 = PLANE ( 'NONE',  #6485 ) ;
#1627 = MECHANICAL_DESIGN_GEOMETRIC_PRESENTATION_REPRESENTATION (  '', ( #2039 ), #4606 ) ;
#1628 = LINE ( 'NONE', #6884, #3425 ) ;
#1629 = ORIENTED_EDGE ( 'NONE', *, *, #5869, .T. ) ;
#1630 =( NAMED_UNIT ( * ) PLANE_ANGLE_UNIT ( ) SI_UNIT ( $, .RADIAN. ) );
#1631 = PLANE ( 'NONE',  #3977 ) ;
#1632 = EDGE_CURVE ( 'NONE', #2967, #8378, #5694, .T. ) ;
#1633 = DIRECTION ( 'NONE',  ( -0.000000000000000000, 1.000000000000000000, 0.000000000000000000 ) ) ;
#1634 = SURFACE_STYLE_USAGE ( .BOTH. , #8170 ) ;
#1635 = MECHANICAL_DESIGN_GEOMETRIC_PRESENTATION_REPRESENTATION (  '', ( #7050 ), #5426 ) ;
#1636 = DIRECTION ( 'NONE',  ( -0.7071067810009351584, -3.066586830923034094E-15, 0.7071067813721599871 ) ) ;
#1637 = FACE_OUTER_BOUND ( 'NONE', #7786, .T. ) ;
#1638 = EDGE_CURVE ( 'NONE', #5740, #52, #4374, .T. ) ;
#1639 = SURFACE_STYLE_USAGE ( .BOTH. , #3507 ) ;
#1640 = EDGE_LOOP ( 'NONE', ( #449, #5417, #3988, #4532, #8233, #8108, #3650, #4355 ) ) ;
#1641 =( LENGTH_UNIT ( ) NAMED_UNIT ( * ) SI_UNIT ( .MILLI., .METRE. ) );
#1642 = FILL_AREA_STYLE ('',( #8135 ) ) ;
#1643 = AXIS2_PLACEMENT_3D ( 'NONE', #4702, #2632, #3943 ) ;
#1644 = DIRECTION ( 'NONE',  ( -0.000000000000000000, -0.000000000000000000, -1.000000000000000000 ) ) ;
#1645 = ORIENTED_EDGE ( 'NONE', *, *, #2954, .F. ) ;
#1646 = ORIENTED_EDGE ( 'NONE', *, *, #7314, .F. ) ;
#1647 = DIRECTION ( 'NONE',  ( 0.000000000000000000, 1.000000000000000000, 3.469446951953587762E-15 ) ) ;
#1648 = EDGE_CURVE ( 'NONE', #3696, #3224, #7098, .T. ) ;
#1649 = SURFACE_SIDE_STYLE ('',( #240 ) ) ;
#1650 = MECHANICAL_DESIGN_GEOMETRIC_PRESENTATION_REPRESENTATION (  '', ( #6923 ), #2585 ) ;
#1651 = ORIENTED_EDGE ( 'NONE', *, *, #2580, .F. ) ;
#1652 = CARTESIAN_POINT ( 'NONE',  ( -2.749999999862187128, 1.199999999980629450, -1.300099999999996037 ) ) ;
#1653 = PRESENTATION_LAYER_ASSIGNMENT (  '', '', ( #5305 ) ) ;
#1654 = AXIS2_PLACEMENT_3D ( 'NONE', #5403, #6585, #3462 ) ;
#1655 = EDGE_LOOP ( 'NONE', ( #7617, #4272, #6698, #4842, #6559 ) ) ;
#1656 = LINE ( 'NONE', #8027, #7548 ) ;
#1657 = DIRECTION ( 'NONE',  ( 0.000000000000000000, 1.000000000000000000, 3.491483361109382461E-15 ) ) ;
#1658 = AXIS2_PLACEMENT_3D ( 'NONE', #5899, #1919, #5093 ) ;
#1659 = EDGE_LOOP ( 'NONE', ( #2116, #1187, #4707, #5586, #2725 ) ) ;
#1660 = STYLED_ITEM ( 'NONE', ( #4680 ), #5259 ) ;
#1661 =( LENGTH_UNIT ( ) NAMED_UNIT ( * ) SI_UNIT ( .MILLI., .METRE. ) );
#1662 = SURFACE_STYLE_FILL_AREA ( #7508 ) ;
#1663 = FILL_AREA_STYLE ('',( #5566 ) ) ;
#1664 = AXIS2_PLACEMENT_3D ( 'NONE', #88, #6496, #7096 ) ;
#1665 = EDGE_CURVE ( 'NONE', #2798, #4634, #2344, .T. ) ;
#1666 = SURFACE_SIDE_STYLE ('',( #6040 ) ) ;
#1667 = SURFACE_STYLE_USAGE ( .BOTH. , #5490 ) ;
#1668 = LINE ( 'NONE', #5446, #4991 ) ;
#1669 = SURFACE_SIDE_STYLE ('',( #8243 ) ) ;
#1670 = DIRECTION ( 'NONE',  ( 0.000000000000000000, 3.491483361109382461E-15, -1.000000000000000000 ) ) ;
#1671 = VERTEX_POINT ( 'NONE', #7584 ) ;
#1672 = FACE_OUTER_BOUND ( 'NONE', #3355, .T. ) ;
#1673 =( LENGTH_UNIT ( ) NAMED_UNIT ( * ) SI_UNIT ( .MILLI., .METRE. ) );
#1674 = PRESENTATION_STYLE_ASSIGNMENT (( #7519 ) ) ;
#1675 =( LENGTH_UNIT ( ) NAMED_UNIT ( * ) SI_UNIT ( .MILLI., .METRE. ) );
#1676 = CARTESIAN_POINT ( 'NONE',  ( 3.849999999999999645, 7.724940478959219092E-15, -2.200000000000000178 ) ) ;
#1677 = VECTOR ( 'NONE', #7345, 1000.000000000000000 ) ;
#1678 = DIRECTION ( 'NONE',  ( -0.000000000000000000, -1.000000000000000000, -3.491483361109382461E-15 ) ) ;
#1679 =( NAMED_UNIT ( * ) SI_UNIT ( $, .STERADIAN. ) SOLID_ANGLE_UNIT ( ) );
#1680 = ORIENTED_EDGE ( 'NONE', *, *, #2777, .T. ) ;
#1681 = SURFACE_SIDE_STYLE ('',( #1122 ) ) ;
#1682 = COLOUR_RGB ( '',1.000000000000000000, 0.5019607843137254832, 0.000000000000000000 ) ;
#1683 = CIRCLE ( 'NONE', #1552, 0.05000000000000012768 ) ;
#1684 = CARTESIAN_POINT ( 'NONE',  ( 1.500000000000000000, 5.421010862427522170E-17, 1.800832703444117038E-16 ) ) ;
#1685 = SURFACE_STYLE_USAGE ( .BOTH. , #3091 ) ;
#1686 = ORIENTED_EDGE ( 'NONE', *, *, #1901, .F. ) ;
#1687 = ORIENTED_EDGE ( 'NONE', *, *, #7638, .T. ) ;
#1688 = PLANE ( 'NONE',  #6446 ) ;
#1689 = VECTOR ( 'NONE', #4445, 1000.000000000000000 ) ;
#1690 = ADVANCED_FACE ( 'NONE', ( #8154 ), #6158, .F. ) ;
#1691 = VERTEX_POINT ( 'NONE', #5648 ) ;
#1692 = LINE ( 'NONE', #1652, #4402 ) ;
#1693 = FILL_AREA_STYLE_COLOUR ( '', #535 ) ;
#1694 = EDGE_CURVE ( 'NONE', #6311, #4872, #1142, .T. ) ;
#1695 = UNCERTAINTY_MEASURE_WITH_UNIT (LENGTH_MEASURE( 1.000000000000000082E-05 ), #6966, 'distance_accuracy_value', 'NONE');
#1696 = ORIENTED_EDGE ( 'NONE', *, *, #5858, .T. ) ;
#1697 = CARTESIAN_POINT ( 'NONE',  ( 3.050000000000000266, 1.400000000000004574, -1.299999999999995159 ) ) ;
#1698 = FACE_OUTER_BOUND ( 'NONE', #5203, .T. ) ;
#1699 = ORIENTED_EDGE ( 'NONE', *, *, #1057, .T. ) ;
#1700 = CARTESIAN_POINT ( 'NONE',  ( -1.430000000000000604, 1.400000000000003908, -1.099999999999994982 ) ) ;
#1701 = COLOUR_RGB ( '',1.000000000000000000, 0.5019607843137254832, 0.000000000000000000 ) ;
#1702 = DIRECTION ( 'NONE',  ( -0.000000000000000000, -0.000000000000000000, 1.000000000000000000 ) ) ;
#1703 = EDGE_CURVE ( 'NONE', #1044, #4044, #5521, .T. ) ;
#1704 = SURFACE_STYLE_FILL_AREA ( #7511 ) ;
#1705 = CARTESIAN_POINT ( 'NONE',  ( -3.850000000000000533, 1.399999999999995470, 1.300000000000005151 ) ) ;
#1706 = CARTESIAN_POINT ( 'NONE',  ( -3.149999999999999467, 3.332887774308531571E-11, -1.300100000000000255 ) ) ;
#1707 = DIRECTION ( 'NONE',  ( 0.000000000000000000, -1.000000000000000000, -3.491483361109382461E-15 ) ) ;
#1708 = PLANE ( 'NONE',  #1246 ) ;
#1709 = VERTEX_POINT ( 'NONE', #8288 ) ;
#1710 = EDGE_CURVE ( 'NONE', #1070, #13, #5050, .T. ) ;
#1711 = SURFACE_SIDE_STYLE ('',( #8083 ) ) ;
#1712 = LINE ( 'NONE', #4303, #7075 ) ;
#1713 = FILL_AREA_STYLE ('',( #3547 ) ) ;
#1714 = PRESENTATION_LAYER_ASSIGNMENT (  '', '', ( #2264 ) ) ;
#1715 = CARTESIAN_POINT ( 'NONE',  ( 3.050000000000000266, 1.399999999999997469, 0.7499999997000045271 ) ) ;
#1716 = CARTESIAN_POINT ( 'NONE',  ( -3.349999999999999645, 0.2500000000333291728, -2.200000000000000622 ) ) ;
#1717 = DIRECTION ( 'NONE',  ( 0.000000000000000000, 1.000000000000000000, 3.491483361109382066E-15 ) ) ;
#1718 = SURFACE_STYLE_USAGE ( .BOTH. , #6973 ) ;
#1719 = STYLED_ITEM ( 'NONE', ( #4337 ), #6502 ) ;
#1720 = ORIENTED_EDGE ( 'NONE', *, *, #6819, .F. ) ;
#1721 =( NAMED_UNIT ( * ) PLANE_ANGLE_UNIT ( ) SI_UNIT ( $, .RADIAN. ) );
#1722 = EDGE_CURVE ( 'NONE', #3448, #2442, #2935, .T. ) ;
#1723 = CARTESIAN_POINT ( 'NONE',  ( 1.649999999999999911, 0.1499999999999973299, 0.7600000000000005640 ) ) ;
#1724 = LINE ( 'NONE', #6936, #4063 ) ;
#1725 =( GEOMETRIC_REPRESENTATION_CONTEXT ( 3 ) GLOBAL_UNCERTAINTY_ASSIGNED_CONTEXT ( ( #5183 ) ) GLOBAL_UNIT_ASSIGNED_CONTEXT ( ( #3341, #7265, #4037 ) ) REPRESENTATION_CONTEXT ( 'NONE', 'WORKASPACE' ) );
#1726 = ORIENTED_EDGE ( 'NONE', *, *, #4335, .T. ) ;
#1727 = ORIENTED_EDGE ( 'NONE', *, *, #8281, .F. ) ;
#1728 = DIRECTION ( 'NONE',  ( 5.642372882994768304E-30, 3.469446951953587762E-15, -1.000000000000000000 ) ) ;
#1729 = CARTESIAN_POINT ( 'NONE',  ( 1.649999999999999911, 0.1499999999999986899, 0.3708099243547841595 ) ) ;
#1730 = CARTESIAN_POINT ( 'NONE',  ( 3.149999999885155333, 1.400000000000003686, -1.299999999999995159 ) ) ;
#1731 = ORIENTED_EDGE ( 'NONE', *, *, #5948, .T. ) ;
#1732 = PRESENTATION_LAYER_ASSIGNMENT (  '', '', ( #4700 ) ) ;
#1733 = CARTESIAN_POINT ( 'NONE',  ( -1.299999999999999822, 0.1500000000000043798, -1.259999999999999343 ) ) ;
#1734 =( NAMED_UNIT ( * ) SI_UNIT ( $, .STERADIAN. ) SOLID_ANGLE_UNIT ( ) );
#1735 = EDGE_CURVE ( 'NONE', #7340, #2322, #8325, .T. ) ;
#1736 = COLOUR_RGB ( '',1.000000000000000000, 0.5019607843137254832, 0.000000000000000000 ) ;
#1737 = ORIENTED_EDGE ( 'NONE', *, *, #3306, .F. ) ;
#1738 = VERTEX_POINT ( 'NONE', #5252 ) ;
#1739 = EDGE_CURVE ( 'NONE', #1070, #7018, #6996, .T. ) ;
#1740 = VECTOR ( 'NONE', #873, 1000.000000000000000 ) ;
#1741 = VECTOR ( 'NONE', #303, 1000.000000000000114 ) ;
#1742 = DIRECTION ( 'NONE',  ( 0.000000000000000000, -1.000000000000000000, -4.336808689942013003E-15 ) ) ;
#1743 =( GEOMETRIC_REPRESENTATION_CONTEXT ( 3 ) GLOBAL_UNCERTAINTY_ASSIGNED_CONTEXT ( ( #320 ) ) GLOBAL_UNIT_ASSIGNED_CONTEXT ( ( #344, #3038, #5575 ) ) REPRESENTATION_CONTEXT ( 'NONE', 'WORKASPACE' ) );
#1744 = EDGE_LOOP ( 'NONE', ( #5785, #4541, #3304, #1298, #1981, #4021, #2072, #111 ) ) ;
#1745 =( LENGTH_UNIT ( ) NAMED_UNIT ( * ) SI_UNIT ( .MILLI., .METRE. ) );
#1746 =( NAMED_UNIT ( * ) PLANE_ANGLE_UNIT ( ) SI_UNIT ( $, .RADIAN. ) );
#1747 = PRESENTATION_LAYER_ASSIGNMENT (  '', '', ( #8262 ) ) ;
#1748 = PRESENTATION_LAYER_ASSIGNMENT (  '', '', ( #2300 ) ) ;
#1749 = PRESENTATION_STYLE_ASSIGNMENT (( #1189 ) ) ;
#1750 = SURFACE_STYLE_USAGE ( .BOTH. , #3620 ) ;
#1751 = MECHANICAL_DESIGN_GEOMETRIC_PRESENTATION_REPRESENTATION (  '', ( #5816 ), #8267 ) ;
#1752 = DIRECTION ( 'NONE',  ( -0.000000000000000000, -0.000000000000000000, -1.000000000000000000 ) ) ;
#1753 = FILL_AREA_STYLE ('',( #1022 ) ) ;
#1754 = DIRECTION ( 'NONE',  ( -1.406210217691721450E-11, 1.000000000000000000, 4.336808689874237229E-15 ) ) ;
#1755 = STYLED_ITEM ( 'NONE', ( #4698 ), #8077 ) ;
#1756 = LINE ( 'NONE', #1716, #1760 ) ;
#1757 = COLOUR_RGB ( '',1.000000000000000000, 1.000000000000000000, 1.000000000000000000 ) ;
#1758 = FILL_AREA_STYLE ('',( #3000 ) ) ;
#1759 = EDGE_CURVE ( 'NONE', #6346, #4612, #3583, .T. ) ;
#1760 = VECTOR ( 'NONE', #2909, 1000.000000000000000 ) ;
#1761 = ORIENTED_EDGE ( 'NONE', *, *, #7035, .F. ) ;
#1762 = PLANE ( 'NONE',  #8280 ) ;
#1763 = AXIS2_PLACEMENT_3D ( 'NONE', #4823, #2792, #6597 ) ;
#1764 =( NAMED_UNIT ( * ) PLANE_ANGLE_UNIT ( ) SI_UNIT ( $, .RADIAN. ) );
#1765 = PRESENTATION_LAYER_ASSIGNMENT (  '', '', ( #7050 ) ) ;
#1766 = FILL_AREA_STYLE ('',( #4984 ) ) ;
#1767 = VERTEX_POINT ( 'NONE', #4538 ) ;
#1768 = VECTOR ( 'NONE', #5268, 1000.000000000000000 ) ;
#1769 = EDGE_CURVE ( 'NONE', #3216, #5339, #3854, .T. ) ;
#1770 = ORIENTED_EDGE ( 'NONE', *, *, #4406, .T. ) ;
#1771 =( NAMED_UNIT ( * ) PLANE_ANGLE_UNIT ( ) SI_UNIT ( $, .RADIAN. ) );
#1772 = PRESENTATION_STYLE_ASSIGNMENT (( #6941 ) ) ;
#1773 = CARTESIAN_POINT ( 'NONE',  ( -3.149999999811329943, 1.400000001148427264, -1.299999999999995159 ) ) ;
#1774 = ORIENTED_EDGE ( 'NONE', *, *, #5061, .T. ) ;
#1775 = DIRECTION ( 'NONE',  ( 0.000000000000000000, 3.491483361109382461E-15, -1.000000000000000000 ) ) ;
#1776 = MECHANICAL_DESIGN_GEOMETRIC_PRESENTATION_REPRESENTATION (  '', ( #7589 ), #8291 ) ;
#1777 =( LENGTH_UNIT ( ) NAMED_UNIT ( * ) SI_UNIT ( .MILLI., .METRE. ) );
#1778 = SURFACE_STYLE_USAGE ( .BOTH. , #1041 ) ;
#1779 = DIRECTION ( 'NONE',  ( -0.000000000000000000, 1.000000000000000000, 2.981555974659857586E-15 ) ) ;
#1780 = VERTEX_POINT ( 'NONE', #7040 ) ;
#1781 = SURFACE_STYLE_USAGE ( .BOTH. , #6950 ) ;
#1782 = AXIS2_PLACEMENT_3D ( 'NONE', #6700, #328, #4837 ) ;
#1783 = ORIENTED_EDGE ( 'NONE', *, *, #4387, .T. ) ;
#1784 = VECTOR ( 'NONE', #8198, 1000.000000000000000 ) ;
#1785 = EDGE_CURVE ( 'NONE', #7279, #5931, #6484, .T. ) ;
#1786 = CARTESIAN_POINT ( 'NONE',  ( -3.350000000000000089, 0.7000000000000027311, -0.7999999999999974909 ) ) ;
#1787 = DIRECTION ( 'NONE',  ( 1.204669080539450083E-16, 0.000000000000000000, -1.000000000000000000 ) ) ;
#1788 = VECTOR ( 'NONE', #1025, 1000.000000000000000 ) ;
#1789 =( NAMED_UNIT ( * ) SI_UNIT ( $, .STERADIAN. ) SOLID_ANGLE_UNIT ( ) );
#1790 = CARTESIAN_POINT ( 'NONE',  ( -2.200000000000000178, -2.653527354443129313E-15, 0.7599999999999995648 ) ) ;
#1791 = EDGE_CURVE ( 'NONE', #2366, #4740, #7123, .T. ) ;
#1792 = AXIS2_PLACEMENT_3D ( 'NONE', #345, #6850, #3660 ) ;
#1793 = CARTESIAN_POINT ( 'NONE',  ( -3.350000000000000089, 1.400000000000002576, -0.7499999999999950040 ) ) ;
#1794 = ORIENTED_EDGE ( 'NONE', *, *, #2504, .T. ) ;
#1795 = CYLINDRICAL_SURFACE ( 'NONE', #5589, 0.4000000000000001887 ) ;
#1796 = LINE ( 'NONE', #3623, #7565 ) ;
#1797 = CARTESIAN_POINT ( 'NONE',  ( 2.720000000000000195, 1.399999999999995470, 1.300000000000005151 ) ) ;
#1798 = PRESENTATION_LAYER_ASSIGNMENT (  '', '', ( #6533 ) ) ;
#1799 = CARTESIAN_POINT ( 'NONE',  ( -2.720000000000000639, 1.400000000000002576, -0.7499999999999950040 ) ) ;
#1800 = CARTESIAN_POINT ( 'NONE',  ( -1.300000000000000044, 1.209485315044560497E-15, -0.3464101615137754053 ) ) ;
#1801 = SURFACE_SIDE_STYLE ('',( #7137 ) ) ;
#1802 = UNCERTAINTY_MEASURE_WITH_UNIT (LENGTH_MEASURE( 1.000000000000000082E-05 ), #7484, 'distance_accuracy_value', 'NONE');
#1803 = ADVANCED_FACE ( 'NONE', ( #7843 ), #3279, .F. ) ;
#1804 = DIRECTION ( 'NONE',  ( -0.4472135954999573726, -0.8944271909999161885, 0.000000000000000000 ) ) ;
#1805 = CARTESIAN_POINT ( 'NONE',  ( -1.649999999999999911, 0.1499999999999973299, 0.7600000000000001199 ) ) ;
#1806 = DIRECTION ( 'NONE',  ( -0.000000000000000000, -1.000000000000000000, -3.491483361109382461E-15 ) ) ;
#1807 = SURFACE_STYLE_USAGE ( .BOTH. , #5628 ) ;
#1808 = VECTOR ( 'NONE', #7278, 1000.000000000000000 ) ;
#1809 = ORIENTED_EDGE ( 'NONE', *, *, #7809, .F. ) ;
#1810 = LINE ( 'NONE', #3141, #5470 ) ;
#1811 = VECTOR ( 'NONE', #6551, 1000.000000000000000 ) ;
#1812 =( GEOMETRIC_REPRESENTATION_CONTEXT ( 3 ) GLOBAL_UNCERTAINTY_ASSIGNED_CONTEXT ( ( #7982 ) ) GLOBAL_UNIT_ASSIGNED_CONTEXT ( ( #7015, #5796, #3292 ) ) REPRESENTATION_CONTEXT ( 'NONE', 'WORKASPACE' ) );
#1813 =( LENGTH_UNIT ( ) NAMED_UNIT ( * ) SI_UNIT ( .MILLI., .METRE. ) );
#1814 = ADVANCED_FACE ( 'NONE', ( #37 ), #4574, .F. ) ;
#1815 = EDGE_LOOP ( 'NONE', ( #3200, #4878, #4280, #3440, #878, #2036, #938, #6778, #3529, #3277, #5208, #444, #8345, #4949 ) ) ;
#1816 = ORIENTED_EDGE ( 'NONE', *, *, #2619, .T. ) ;
#1817 = DIRECTION ( 'NONE',  ( 0.000000000000000000, -3.491483361109382461E-15, 1.000000000000000000 ) ) ;
#1818 = CARTESIAN_POINT ( 'NONE',  ( 2.449999999956250285, 0.1499999999843796561, -1.300099999999999811 ) ) ;
#1819 = CARTESIAN_POINT ( 'NONE',  ( -3.850000000000000533, 1.199999999939995510, 1.300000000000004485 ) ) ;
#1820 = STYLED_ITEM ( 'NONE', ( #941 ), #2666 ) ;
#1821 = AXIS2_PLACEMENT_3D ( 'NONE', #4497, #1960, #8407 ) ;
#1822 = ORIENTED_EDGE ( 'NONE', *, *, #2504, .F. ) ;
#1823 = CARTESIAN_POINT ( 'NONE',  ( -2.727740000000000720, 1.199999999999995959, 1.108250545000004639 ) ) ;
#1824 = EDGE_CURVE ( 'NONE', #3445, #3077, #7376, .T. ) ;
#1825 = DIRECTION ( 'NONE',  ( -0.000000000000000000, -0.000000000000000000, 1.000000000000000000 ) ) ;
#1826 = VECTOR ( 'NONE', #6475, 1000.000000000000000 ) ;
#1827 = PRESENTATION_STYLE_ASSIGNMENT (( #540 ) ) ;
#1828 = EDGE_LOOP ( 'NONE', ( #3220, #5797, #5320, #6366 ) ) ;
#1829 = DIRECTION ( 'NONE',  ( 1.000000000000000000, 0.000000000000000000, 0.000000000000000000 ) ) ;
#1830 = FILL_AREA_STYLE ('',( #7628 ) ) ;
#1831 = VERTEX_POINT ( 'NONE', #7894 ) ;
#1832 =( GEOMETRIC_REPRESENTATION_CONTEXT ( 3 ) GLOBAL_UNCERTAINTY_ASSIGNED_CONTEXT ( ( #7539 ) ) GLOBAL_UNIT_ASSIGNED_CONTEXT ( ( #5632, #1764, #8055 ) ) REPRESENTATION_CONTEXT ( 'NONE', 'WORKASPACE' ) );
#1833 = CARTESIAN_POINT ( 'NONE',  ( -2.134233264000001462, 1.400000000000003908, -1.118366903999995055 ) ) ;
#1834 = SURFACE_STYLE_USAGE ( .BOTH. , #6529 ) ;
#1835 = CARTESIAN_POINT ( 'NONE',  ( 3.399999999999999911, 0.2500000000333288397, 1.299900000000000055 ) ) ;
#1836 = CARTESIAN_POINT ( 'NONE',  ( -3.149999999978124965, 1.399999999999996803, 1.300000000000005151 ) ) ;
#1837 = EDGE_LOOP ( 'NONE', ( #5163, #8147, #5069, #453 ) ) ;
#1838 = CARTESIAN_POINT ( 'NONE',  ( 3.149999999945312545, 1.400000000000003464, -1.300099999999995148 ) ) ;
#1839 =( NAMED_UNIT ( * ) SI_UNIT ( $, .STERADIAN. ) SOLID_ANGLE_UNIT ( ) );
#1840 =( NAMED_UNIT ( * ) SI_UNIT ( $, .STERADIAN. ) SOLID_ANGLE_UNIT ( ) );
#1841 = CARTESIAN_POINT ( 'NONE',  ( -3.350000000000000089, 0.7000000000312531778, -0.7999999999999974909 ) ) ;
#1842 = STYLED_ITEM ( 'NONE', ( #1436 ), #6100 ) ;
#1843 = DIRECTION ( 'NONE',  ( 1.084202172575852871E-15, -1.000000000000000000, 0.000000000000000000 ) ) ;
#1844 = EDGE_CURVE ( 'NONE', #971, #7568, #5298, .T. ) ;
#1845 = UNCERTAINTY_MEASURE_WITH_UNIT (LENGTH_MEASURE( 1.000000000000000082E-05 ), #2966, 'distance_accuracy_value', 'NONE');
#1846 = EDGE_LOOP ( 'NONE', ( #4350, #8400, #4948, #170 ) ) ;
#1847 =( NAMED_UNIT ( * ) PLANE_ANGLE_UNIT ( ) SI_UNIT ( $, .RADIAN. ) );
#1848 = SURFACE_SIDE_STYLE ('',( #614 ) ) ;
#1849 = VERTEX_POINT ( 'NONE', #4657 ) ;
#1850 = LINE ( 'NONE', #571, #6403 ) ;
#1851 = EDGE_CURVE ( 'NONE', #1671, #7340, #5428, .T. ) ;
#1852 = COLOUR_RGB ( '',0.000000000000000000, 0.000000000000000000, 1.000000000000000000 ) ;
#1853 = DIRECTION ( 'NONE',  ( 1.000000000000000000, -0.000000000000000000, 0.000000000000000000 ) ) ;
#1854 = CARTESIAN_POINT ( 'NONE',  ( -3.150000000000000355, 0.7000000000156221258, 0.7500000000000045519 ) ) ;
#1855 = SURFACE_SIDE_STYLE ('',( #6345 ) ) ;
#1856 = ORIENTED_EDGE ( 'NONE', *, *, #76, .F. ) ;
#1857 = EDGE_LOOP ( 'NONE', ( #4652, #1980, #4763, #838 ) ) ;
#1858 =( GEOMETRIC_REPRESENTATION_CONTEXT ( 3 ) GLOBAL_UNCERTAINTY_ASSIGNED_CONTEXT ( ( #505 ) ) GLOBAL_UNIT_ASSIGNED_CONTEXT ( ( #4308, #3594, #6173 ) ) REPRESENTATION_CONTEXT ( 'NONE', 'WORKASPACE' ) );
#1859 = ORIENTED_EDGE ( 'NONE', *, *, #915, .F. ) ;
#1860 =( LENGTH_UNIT ( ) NAMED_UNIT ( * ) SI_UNIT ( .MILLI., .METRE. ) );
#1861 = ORIENTED_EDGE ( 'NONE', *, *, #3567, .F. ) ;
#1862 = FILL_AREA_STYLE ('',( #4955 ) ) ;
#1863 = LINE ( 'NONE', #4147, #2908 ) ;
#1864 = DIRECTION ( 'NONE',  ( 0.000000000000000000, 1.000000000000000000, 0.000000000000000000 ) ) ;
#1865 = UNCERTAINTY_MEASURE_WITH_UNIT (LENGTH_MEASURE( 1.000000000000000082E-05 ), #3032, 'distance_accuracy_value', 'NONE');
#1866 = DIRECTION ( 'NONE',  ( -0.000000000000000000, -1.000000000000000000, -3.491483361109382461E-15 ) ) ;
#1867 = ORIENTED_EDGE ( 'NONE', *, *, #5176, .T. ) ;
#1868 = LINE ( 'NONE', #3807, #7976 ) ;
#1869 = EDGE_CURVE ( 'NONE', #1849, #3515, #1683, .T. ) ;
#1870 =( LENGTH_UNIT ( ) NAMED_UNIT ( * ) SI_UNIT ( .MILLI., .METRE. ) );
#1871 = ORIENTED_EDGE ( 'NONE', *, *, #3008, .T. ) ;
#1872 = DIRECTION ( 'NONE',  ( -0.000000000000000000, -0.000000000000000000, 1.000000000000000000 ) ) ;
#1873 = FACE_OUTER_BOUND ( 'NONE', #8094, .T. ) ;
#1874 = VECTOR ( 'NONE', #8148, 1000.000000000000000 ) ;
#1875 = LINE ( 'NONE', #1282, #7873 ) ;
#1876 = VERTEX_POINT ( 'NONE', #1439 ) ;
#1877 = DIRECTION ( 'NONE',  ( -0.000000000000000000, -1.000000000000000000, -3.491483361109382461E-15 ) ) ;
#1878 = PRESENTATION_LAYER_ASSIGNMENT (  '', '', ( #774 ) ) ;
#1879 = ORIENTED_EDGE ( 'NONE', *, *, #7684, .T. ) ;
#1880 = COLOUR_RGB ( '',1.000000000000000000, 0.5019607843137254832, 0.000000000000000000 ) ;
#1881 =( LENGTH_UNIT ( ) NAMED_UNIT ( * ) SI_UNIT ( .MILLI., .METRE. ) );
#1882 =( LENGTH_UNIT ( ) NAMED_UNIT ( * ) SI_UNIT ( .MILLI., .METRE. ) );
#1883 = PRESENTATION_LAYER_ASSIGNMENT (  '', '', ( #779 ) ) ;
#1884 = DIRECTION ( 'NONE',  ( -0.000000000000000000, -0.000000000000000000, -1.000000000000000000 ) ) ;
#1885 = SURFACE_SIDE_STYLE ('',( #7642 ) ) ;
#1886 = DIRECTION ( 'NONE',  ( -1.204669080539450083E-16, -3.491483361109382066E-15, 1.000000000000000000 ) ) ;
#1887 =( NAMED_UNIT ( * ) SI_UNIT ( $, .STERADIAN. ) SOLID_ANGLE_UNIT ( ) );
#1888 = DIRECTION ( 'NONE',  ( 0.000000000000000000, 3.491483361109382461E-15, -1.000000000000000000 ) ) ;
#1889 = PRODUCT_RELATED_PRODUCT_CATEGORY ( 'part', '', ( #3352 ) ) ;
#1890 = FACE_OUTER_BOUND ( 'NONE', #3310, .T. ) ;
#1891 = ORIENTED_EDGE ( 'NONE', *, *, #6018, .T. ) ;
#1892 = DIRECTION ( 'NONE',  ( -0.000000000000000000, 1.000000000000000000, 3.491483361109382461E-15 ) ) ;
#1893 = COLOUR_RGB ( '',1.000000000000000000, 0.5019607843137254832, 0.000000000000000000 ) ;
#1894 = ADVANCED_FACE ( 'NONE', ( #3524 ), #6109, .F. ) ;
#1895 = CARTESIAN_POINT ( 'NONE',  ( 3.149999999981250465, 1.300000000114058807, 0.8000000000039110271 ) ) ;
#1896 = PRESENTATION_LAYER_ASSIGNMENT (  '', '', ( #8274 ) ) ;
#1897 =( NAMED_UNIT ( * ) PLANE_ANGLE_UNIT ( ) SI_UNIT ( $, .RADIAN. ) );
#1898 = ORIENTED_EDGE ( 'NONE', *, *, #6018, .F. ) ;
#1899 = VERTEX_POINT ( 'NONE', #287 ) ;
#1900 = VECTOR ( 'NONE', #3905, 1000.000000000000000 ) ;
#1901 = EDGE_CURVE ( 'NONE', #7837, #1691, #7979, .T. ) ;
#1902 = CARTESIAN_POINT ( 'NONE',  ( -2.749999999999999556, 1.400000000000004574, -0.9000000002012455980 ) ) ;
#1903 = SURFACE_STYLE_FILL_AREA ( #5241 ) ;
#1904 = STYLED_ITEM ( 'NONE', ( #4396 ), #5065 ) ;
#1905 = EDGE_LOOP ( 'NONE', ( #1121, #6404, #5477, #1352 ) ) ;
#1906 = STYLED_ITEM ( 'NONE', ( #3722 ), #2942 ) ;
#1907 =( NAMED_UNIT ( * ) SI_UNIT ( $, .STERADIAN. ) SOLID_ANGLE_UNIT ( ) );
#1908 = PRESENTATION_LAYER_ASSIGNMENT (  '', '', ( #4065 ) ) ;
#1909 = DIRECTION ( 'NONE',  ( -1.000000000000000000, 2.500040105641926933E-10, 0.000000000000000000 ) ) ;
#1910 = LINE ( 'NONE', #414, #2456 ) ;
#1911 = EDGE_CURVE ( 'NONE', #7535, #2587, #5986, .T. ) ;
#1912 = ORIENTED_EDGE ( 'NONE', *, *, #1050, .T. ) ;
#1913 = PLANE ( 'NONE',  #5802 ) ;
#1914 = VECTOR ( 'NONE', #2961, 1000.000000000000000 ) ;
#1915 = DIRECTION ( 'NONE',  ( 0.000000000000000000, 1.000000000000000000, 3.491483361109382066E-15 ) ) ;
#1916 = ORIENTED_EDGE ( 'NONE', *, *, #5900, .T. ) ;
#1917 = SURFACE_SIDE_STYLE ('',( #7672 ) ) ;
#1918 = VECTOR ( 'NONE', #7150, 1000.000000000000000 ) ;
#1919 = DIRECTION ( 'NONE',  ( 1.086901548913761694E-15, 3.491483361109382855E-15, -1.000000000000000000 ) ) ;
#1920 = CARTESIAN_POINT ( 'NONE',  ( 0.9499999997281253217, 0.0001000000000045392882, -1.300100000000000255 ) ) ;
#1921 = CIRCLE ( 'NONE', #1375, 0.4000000000000001887 ) ;
#1922 = ADVANCED_FACE ( 'NONE', ( #5381 ), #2884, .F. ) ;
#1923 = ORIENTED_EDGE ( 'NONE', *, *, #3491, .T. ) ;
#1924 =( NAMED_UNIT ( * ) SI_UNIT ( $, .STERADIAN. ) SOLID_ANGLE_UNIT ( ) );
#1925 = MECHANICAL_DESIGN_GEOMETRIC_PRESENTATION_REPRESENTATION (  '', ( #7199 ), #7594 ) ;
#1926 = ORIENTED_EDGE ( 'NONE', *, *, #230, .T. ) ;
#1927 = DIRECTION ( 'NONE',  ( 0.000000000000000000, -3.523657060577887833E-15, 1.000000000000000000 ) ) ;
#1928 = VECTOR ( 'NONE', #937, 1000.000000000000000 ) ;
#1929 =( NAMED_UNIT ( * ) SI_UNIT ( $, .STERADIAN. ) SOLID_ANGLE_UNIT ( ) );
#1930 = EDGE_CURVE ( 'NONE', #3422, #6548, #7460, .T. ) ;
#1931 = CARTESIAN_POINT ( 'NONE',  ( -3.149999999934375516, 0.6499999999937537964, -1.299999999999998046 ) ) ;
#1932 = MECHANICAL_DESIGN_GEOMETRIC_PRESENTATION_REPRESENTATION (  '', ( #3287 ), #6395 ) ;
#1933 = VECTOR ( 'NONE', #3778, 1000.000000000000000 ) ;
#1934 = DIRECTION ( 'NONE',  ( -0.000000000000000000, -3.491483361109382461E-15, 1.000000000000000000 ) ) ;
#1935 = ORIENTED_EDGE ( 'NONE', *, *, #1372, .T. ) ;
#1936 = SURFACE_SIDE_STYLE ('',( #7649 ) ) ;
#1937 = STYLED_ITEM ( 'NONE', ( #3214 ), #5741 ) ;
#1938 = FILL_AREA_STYLE_COLOUR ( '', #4048 ) ;
#1939 =( GEOMETRIC_REPRESENTATION_CONTEXT ( 3 ) GLOBAL_UNCERTAINTY_ASSIGNED_CONTEXT ( ( #4660 ) ) GLOBAL_UNIT_ASSIGNED_CONTEXT ( ( #5255, #4620, #674 ) ) REPRESENTATION_CONTEXT ( 'NONE', 'WORKASPACE' ) );
#1940 = ORIENTED_EDGE ( 'NONE', *, *, #3753, .F. ) ;
#1941 = CARTESIAN_POINT ( 'NONE',  ( -1.430100000000000815, 1.199999999972995557, 0.9500000000000000666 ) ) ;
#1942 = STYLED_ITEM ( 'NONE', ( #7913 ), #5228 ) ;
#1943 = CARTESIAN_POINT ( 'NONE',  ( 1.400000000000000133, 0.7999999999999951594, 1.410000000000002807 ) ) ;
#1944 = ORIENTED_EDGE ( 'NONE', *, *, #3017, .F. ) ;
#1945 = CARTESIAN_POINT ( 'NONE',  ( -1.429999999999996607, 0.7899999999729954148, 0.9500000000000000666 ) ) ;
#1946 = DIRECTION ( 'NONE',  ( -0.000000000000000000, -0.000000000000000000, 1.000000000000000000 ) ) ;
#1947 = DIRECTION ( 'NONE',  ( -0.9551363834789750040, 0.000000000000000000, -0.2961663197507515832 ) ) ;
#1948 = ORIENTED_EDGE ( 'NONE', *, *, #3328, .F. ) ;
#1949 = ORIENTED_EDGE ( 'NONE', *, *, #2082, .T. ) ;
#1950 = CARTESIAN_POINT ( 'NONE',  ( -2.050000000000000266, 0.1500000000000076827, -2.199999999999999734 ) ) ;
#1951 = CARTESIAN_POINT ( 'NONE',  ( 3.350000000000000533, 0.8999999999999962474, 0.8000000000000047073 ) ) ;
#1952 = UNCERTAINTY_MEASURE_WITH_UNIT (LENGTH_MEASURE( 1.000000000000000082E-05 ), #4956, 'distance_accuracy_value', 'NONE');
#1953 = FILL_AREA_STYLE_COLOUR ( '', #3809 ) ;
#1954 = ORIENTED_EDGE ( 'NONE', *, *, #5840, .T. ) ;
#1955 = MECHANICAL_DESIGN_GEOMETRIC_PRESENTATION_REPRESENTATION (  '', ( #1127 ), #7043 ) ;
#1956 = DIRECTION ( 'NONE',  ( 1.000000000000000000, -0.000000000000000000, 0.000000000000000000 ) ) ;
#1957 = PRESENTATION_LAYER_ASSIGNMENT (  '', '', ( #6828 ) ) ;
#1958 = EDGE_CURVE ( 'NONE', #7454, #1003, #411, .T. ) ;
#1959 = ORIENTED_EDGE ( 'NONE', *, *, #3963, .T. ) ;
#1960 = DIRECTION ( 'NONE',  ( 0.000000000000000000, 1.000000000000000000, 3.491483361109382066E-15 ) ) ;
#1961 = EDGE_CURVE ( 'NONE', #3307, #3238, #7499, .T. ) ;
#1962 = CARTESIAN_POINT ( 'NONE',  ( 3.400000000000000355, 0.2000000000333287675, -1.299999999999999378 ) ) ;
#1963 = CARTESIAN_POINT ( 'NONE',  ( 0.9300000000000002709, 1.400000000000004574, -1.299999999999995159 ) ) ;
#1964 = ORIENTED_EDGE ( 'NONE', *, *, #4537, .T. ) ;
#1965 = CARTESIAN_POINT ( 'NONE',  ( 2.749999999983749888, 1.199999999996878453, -1.300099999999996037 ) ) ;
#1966 = EDGE_LOOP ( 'NONE', ( #643, #2524, #1926, #1976, #7666, #2843, #686, #6156 ) ) ;
#1967 = CARTESIAN_POINT ( 'NONE',  ( -2.720000000000000639, 1.400000000000003020, -0.7499999998666616596 ) ) ;
#1968 = FILL_AREA_STYLE ('',( #6419 ) ) ;
#1969 = SURFACE_SIDE_STYLE ('',( #4035 ) ) ;
#1970 = DIRECTION ( 'NONE',  ( -0.000000000000000000, -3.491483361109382461E-15, 1.000000000000000000 ) ) ;
#1971 =( NAMED_UNIT ( * ) PLANE_ANGLE_UNIT ( ) SI_UNIT ( $, .RADIAN. ) );
#1972 = CARTESIAN_POINT ( 'NONE',  ( 2.719999999973340188, 0.6499999999999973577, 0.7500000000000019984 ) ) ;
#1973 = LINE ( 'NONE', #2513, #6351 ) ;
#1974 = FILL_AREA_STYLE ('',( #4553 ) ) ;
#1975 = EDGE_CURVE ( 'NONE', #2533, #1294, #2294, .T. ) ;
#1976 = ORIENTED_EDGE ( 'NONE', *, *, #1030, .T. ) ;
#1977 = LINE ( 'NONE', #3221, #2073 ) ;
#1978 = CARTESIAN_POINT ( 'NONE',  ( -3.150000000000000355, 1.399999999999997691, 0.8000000000257861954 ) ) ;
#1979 = FILL_AREA_STYLE ('',( #2607 ) ) ;
#1980 = ORIENTED_EDGE ( 'NONE', *, *, #5219, .T. ) ;
#1981 = ORIENTED_EDGE ( 'NONE', *, *, #2759, .T. ) ;
#1982 = FILL_AREA_STYLE ('',( #695 ) ) ;
#1983 = SURFACE_SIDE_STYLE ('',( #24 ) ) ;
#1984 = ORIENTED_EDGE ( 'NONE', *, *, #4879, .T. ) ;
#1985 = EDGE_CURVE ( 'NONE', #5154, #1738, #6862, .T. ) ;
#1986 = EDGE_LOOP ( 'NONE', ( #2342, #6516, #699, #4753, #7698 ) ) ;
#1987 = LINE ( 'NONE', #2617, #6296 ) ;
#1988 = ORIENTED_EDGE ( 'NONE', *, *, #71, .F. ) ;
#1989 = CARTESIAN_POINT ( 'NONE',  ( 3.349999999999999645, 0.8999999999999958034, 1.249999999998830713 ) ) ;
#1990 = FACE_OUTER_BOUND ( 'NONE', #1905, .T. ) ;
#1991 = VERTEX_POINT ( 'NONE', #5553 ) ;
#1992 = CARTESIAN_POINT ( 'NONE',  ( 0.9300000000000002709, 1.400000000000003908, -1.099999999999994982 ) ) ;
#1993 =( NAMED_UNIT ( * ) SI_UNIT ( $, .STERADIAN. ) SOLID_ANGLE_UNIT ( ) );
#1994 = LINE ( 'NONE', #4576, #3818 ) ;
#1995 = PLANE ( 'NONE',  #1643 ) ;
#1996 = VECTOR ( 'NONE', #6340, 1000.000000000000000 ) ;
#1997 = ORIENTED_EDGE ( 'NONE', *, *, #2885, .F. ) ;
#1998 = EDGE_CURVE ( 'NONE', #4287, #7009, #1692, .T. ) ;
#1999 = CARTESIAN_POINT ( 'NONE',  ( 1.350000000000000089, 0.1499999999999986899, 0.3708099243547841040 ) ) ;
#2000 = ORIENTED_EDGE ( 'NONE', *, *, #6425, .F. ) ;
#2001 = DIRECTION ( 'NONE',  ( -1.000000000000000000, 2.344146736563622820E-11, 0.000000000000000000 ) ) ;
#2002 = DIRECTION ( 'NONE',  ( -0.000000000000000000, 1.000000000000000000, 2.981555974659857586E-15 ) ) ;
#2003 = MECHANICAL_DESIGN_GEOMETRIC_PRESENTATION_REPRESENTATION (  '', ( #2818 ), #1465 ) ;
#2004 = CARTESIAN_POINT ( 'NONE',  ( 2.015766736000000225, 1.400000000000003908, -1.118366903999995055 ) ) ;
#2005 =( NAMED_UNIT ( * ) SI_UNIT ( $, .STERADIAN. ) SOLID_ANGLE_UNIT ( ) );
#2006 = CARTESIAN_POINT ( 'NONE',  ( 3.050000000000000266, 1.100000000000002531, -0.7499999999999961142 ) ) ;
#2007 = VECTOR ( 'NONE', #5738, 1000.000000000000000 ) ;
#2008 = ADVANCED_FACE ( 'NONE', ( #494 ), #3721, .F. ) ;
#2009 = AXIS2_PLACEMENT_3D ( 'NONE', #5895, #35, #3319 ) ;
#2010 = EDGE_LOOP ( 'NONE', ( #1794, #7380, #6413, #8072 ) ) ;
#2011 = FACE_OUTER_BOUND ( 'NONE', #5302, .T. ) ;
#2012 = CARTESIAN_POINT ( 'NONE',  ( 2.720000000000000195, 1.399999999999997469, 0.7500000000000045519 ) ) ;
#2013 = ORIENTED_EDGE ( 'NONE', *, *, #278, .T. ) ;
#2014 = VECTOR ( 'NONE', #7616, 1000.000000000000000 ) ;
#2015 = LINE ( 'NONE', #1506, #7630 ) ;
#2016 = PRESENTATION_LAYER_ASSIGNMENT (  '', '', ( #7158 ) ) ;
#2017 = EDGE_CURVE ( 'NONE', #7984, #4573, #6831, .T. ) ;
#2018 = ORIENTED_EDGE ( 'NONE', *, *, #1759, .T. ) ;
#2019 = AXIS2_PLACEMENT_3D ( 'NONE', #7011, #6426, #4514 ) ;
#2020 = UNCERTAINTY_MEASURE_WITH_UNIT (LENGTH_MEASURE( 1.000000000000000082E-05 ), #249, 'distance_accuracy_value', 'NONE');
#2021 = PRESENTATION_STYLE_ASSIGNMENT (( #7826 ) ) ;
#2022 = CARTESIAN_POINT ( 'NONE',  ( -3.050000000000000266, 1.399999999999997691, 0.7500000000000045519 ) ) ;
#2023 = DIRECTION ( 'NONE',  ( 1.000000000000000000, 1.478490362622864009E-11, 5.162124500658306714E-26 ) ) ;
#2024 = CARTESIAN_POINT ( 'NONE',  ( 3.149999999999999467, 0.2500000000333307826, 0.8999999999015637631 ) ) ;
#2025 = ORIENTED_EDGE ( 'NONE', *, *, #1869, .T. ) ;
#2026 = ORIENTED_EDGE ( 'NONE', *, *, #2937, .F. ) ;
#2027 = FACE_OUTER_BOUND ( 'NONE', #8372, .T. ) ;
#2028 = STYLED_ITEM ( 'NONE', ( #6861 ), #4953 ) ;
#2029 = DIRECTION ( 'NONE',  ( -0.000000000000000000, -1.000000000000000000, -3.491483361109382066E-15 ) ) ;
#2030 = EDGE_CURVE ( 'NONE', #2819, #7279, #6149, .T. ) ;
#2031 = COLOUR_RGB ( '',1.000000000000000000, 1.000000000000000000, 1.000000000000000000 ) ;
#2032 = EDGE_LOOP ( 'NONE', ( #7420, #321, #853, #4890 ) ) ;
#2033 =( NAMED_UNIT ( * ) SI_UNIT ( $, .STERADIAN. ) SOLID_ANGLE_UNIT ( ) );
#2034 = CARTESIAN_POINT ( 'NONE',  ( 1.430000000888889344, 1.400000000000003908, -1.099999999896291270 ) ) ;
#2035 =( LENGTH_UNIT ( ) NAMED_UNIT ( * ) SI_UNIT ( .MILLI., .METRE. ) );
#2036 = ORIENTED_EDGE ( 'NONE', *, *, #8357, .F. ) ;
#2037 = VECTOR ( 'NONE', #4725, 1000.000000000000000 ) ;
#2038 = SURFACE_SIDE_STYLE ('',( #4701 ) ) ;
#2039 = STYLED_ITEM ( 'NONE', ( #6307 ), #5104 ) ;
#2040 = SURFACE_STYLE_USAGE ( .BOTH. , #78 ) ;
#2041 = UNCERTAINTY_MEASURE_WITH_UNIT (LENGTH_MEASURE( 1.000000000000000082E-05 ), #4464, 'distance_accuracy_value', 'NONE');
#2042 = FACE_OUTER_BOUND ( 'NONE', #7989, .T. ) ;
#2043 = DIRECTION ( 'NONE',  ( 0.000000000000000000, 1.000000000000000000, 3.491483361109382066E-15 ) ) ;
#2044 = COLOUR_RGB ( '',1.000000000000000000, 0.5019607843137254832, 0.000000000000000000 ) ;
#2045 = CARTESIAN_POINT ( 'NONE',  ( -1.500000000000000000, -0.3000000001520675141, 0.3999999999564352038 ) ) ;
#2046 = ADVANCED_FACE ( 'NONE', ( #2927 ), #3102, .F. ) ;
#2047 = VERTEX_POINT ( 'NONE', #5512 ) ;
#2048 = DIRECTION ( 'NONE',  ( -0.000000000000000000, -1.000000000000000000, -3.491483361109382461E-15 ) ) ;
#2049 = SURFACE_SIDE_STYLE ('',( #3336 ) ) ;
#2050 =( GEOMETRIC_REPRESENTATION_CONTEXT ( 3 ) GLOBAL_UNCERTAINTY_ASSIGNED_CONTEXT ( ( #3397 ) ) GLOBAL_UNIT_ASSIGNED_CONTEXT ( ( #5988, #676, #3327 ) ) REPRESENTATION_CONTEXT ( 'NONE', 'WORKASPACE' ) );
#2051 = PLANE ( 'NONE',  #3403 ) ;
#2052 = EDGE_CURVE ( 'NONE', #4960, #3311, #6786, .T. ) ;
#2053 = DIRECTION ( 'NONE',  ( 0.000000000000000000, -3.252606517456511724E-15, 1.000000000000000000 ) ) ;
#2054 = VERTEX_POINT ( 'NONE', #1268 ) ;
#2055 = VECTOR ( 'NONE', #3705, 1000.000000000000000 ) ;
#2056 = DIRECTION ( 'NONE',  ( 0.000000000000000000, 3.491483361109382461E-15, -1.000000000000000000 ) ) ;
#2057 = CARTESIAN_POINT ( 'NONE',  ( 2.134233263842308936, 1.399999999999996136, 1.118366903951107716 ) ) ;
#2058 = EDGE_CURVE ( 'NONE', #4757, #6128, #3230, .T. ) ;
#2059 = VECTOR ( 'NONE', #3647, 1000.000000000000114 ) ;
#2060 = PRESENTATION_STYLE_ASSIGNMENT (( #4043 ) ) ;
#2061 = ORIENTED_EDGE ( 'NONE', *, *, #6865, .T. ) ;
#2062 = CARTESIAN_POINT ( 'NONE',  ( 3.350000000000000089, 1.100000000015382673, -0.7499999999999962252 ) ) ;
#2063 = CARTESIAN_POINT ( 'NONE',  ( -1.500000000000000000, 1.450803453068028758E-15, -0.4000000000000000222 ) ) ;
#2064 = EDGE_CURVE ( 'NONE', #6933, #7837, #1175, .T. ) ;
#2065 = VECTOR ( 'NONE', #1752, 1000.000000000000000 ) ;
#2066 =( NAMED_UNIT ( * ) PLANE_ANGLE_UNIT ( ) SI_UNIT ( $, .RADIAN. ) );
#2067 = CARTESIAN_POINT ( 'NONE',  ( -1.429999999999996607, 0.7899999999729954148, 1.300000000000000266 ) ) ;
#2068 = LINE ( 'NONE', #4010, #2128 ) ;
#2069 = LINE ( 'NONE', #5329, #5464 ) ;
#2070 = MECHANICAL_DESIGN_GEOMETRIC_PRESENTATION_REPRESENTATION (  '', ( #7347 ), #2341 ) ;
#2071 = ORIENTED_EDGE ( 'NONE', *, *, #3104, .T. ) ;
#2072 = ORIENTED_EDGE ( 'NONE', *, *, #8051, .T. ) ;
#2073 = VECTOR ( 'NONE', #1892, 1000.000000000000000 ) ;
#2074 = EDGE_CURVE ( 'NONE', #6694, #406, #6987, .T. ) ;
#2075 = AXIS2_PLACEMENT_3D ( 'NONE', #8131, #2320, #2241 ) ;
#2076 =( NAMED_UNIT ( * ) SI_UNIT ( $, .STERADIAN. ) SOLID_ANGLE_UNIT ( ) );
#2077 = ORIENTED_EDGE ( 'NONE', *, *, #6746, .F. ) ;
#2078 = ORIENTED_EDGE ( 'NONE', *, *, #2338, .T. ) ;
#2079 = DIRECTION ( 'NONE',  ( -1.000000000000000000, 0.000000000000000000, 0.000000000000000000 ) ) ;
#2080 = PRESENTATION_LAYER_ASSIGNMENT (  '', '', ( #5866 ) ) ;
#2081 = ORIENTED_EDGE ( 'NONE', *, *, #3858, .T. ) ;
#2082 = EDGE_CURVE ( 'NONE', #992, #4689, #3193, .T. ) ;
#2083 = CARTESIAN_POINT ( 'NONE',  ( 3.349999999999999645, 0.2500000000333291728, -2.200000000000000622 ) ) ;
#2084 = FILL_AREA_STYLE ('',( #3366 ) ) ;
#2085 = VECTOR ( 'NONE', #5157, 1000.000000000000000 ) ;
#2086 = VECTOR ( 'NONE', #296, 1000.000000000000000 ) ;
#2087 = SURFACE_STYLE_USAGE ( .BOTH. , #747 ) ;
#2088 = ORIENTED_EDGE ( 'NONE', *, *, #3799, .F. ) ;
#2089 = LINE ( 'NONE', #211, #1064 ) ;
#2090 = EDGE_LOOP ( 'NONE', ( #4400, #3399, #8268, #6382 ) ) ;
#2091 = PRESENTATION_LAYER_ASSIGNMENT (  '', '', ( #1820 ) ) ;
#2092 = LINE ( 'NONE', #3993, #7439 ) ;
#2093 = LINE ( 'NONE', #2811, #3513 ) ;
#2094 = CARTESIAN_POINT ( 'NONE',  ( 2.200000000000000178, 0.1499999999999973299, 0.7600000000000005640 ) ) ;
#2095 = CARTESIAN_POINT ( 'NONE',  ( 3.399999999999999911, 0.2500000000333288397, 1.299900000000000055 ) ) ;
#2096 =( LENGTH_UNIT ( ) NAMED_UNIT ( * ) SI_UNIT ( .MILLI., .METRE. ) );
#2097 = ORIENTED_EDGE ( 'NONE', *, *, #515, .T. ) ;
#2098 = AXIS2_PLACEMENT_3D ( 'NONE', #3644, #6185, #4921 ) ;
#2099 = PRESENTATION_STYLE_ASSIGNMENT (( #7906 ) ) ;
#2100 = FACE_OUTER_BOUND ( 'NONE', #3005, .T. ) ;
#2101 = EDGE_LOOP ( 'NONE', ( #4937, #3774, #1078, #2328 ) ) ;
#2102 = SURFACE_STYLE_USAGE ( .BOTH. , #4002 ) ;
#2103 = SURFACE_SIDE_STYLE ('',( #3957 ) ) ;
#2104 =( NAMED_UNIT ( * ) PLANE_ANGLE_UNIT ( ) SI_UNIT ( $, .RADIAN. ) );
#2105 = EDGE_LOOP ( 'NONE', ( #7057, #3404, #611, #357 ) ) ;
#2106 = DIRECTION ( 'NONE',  ( 1.000000000000000000, 0.000000000000000000, 0.000000000000000000 ) ) ;
#2107 = FILL_AREA_STYLE_COLOUR ( '', #3836 ) ;
#2108 = ADVANCED_FACE ( 'NONE', ( #5732 ), #5082, .F. ) ;
#2109 = SURFACE_STYLE_USAGE ( .BOTH. , #6553 ) ;
#2110 = CARTESIAN_POINT ( 'NONE',  ( 0.000000000000000000, 0.0001000000000000000048, 3.491483361109382420E-19 ) ) ;
#2111 = UNCERTAINTY_MEASURE_WITH_UNIT (LENGTH_MEASURE( 1.000000000000000082E-05 ), #6104, 'distance_accuracy_value', 'NONE');
#2112 =( NAMED_UNIT ( * ) SI_UNIT ( $, .STERADIAN. ) SOLID_ANGLE_UNIT ( ) );
#2113 = CARTESIAN_POINT ( 'NONE',  ( -2.449999999715624988, 0.1499999999968814612, -1.300099999999999811 ) ) ;
#2114 = EDGE_CURVE ( 'NONE', #6825, #3329, #8315, .T. ) ;
#2115 = ORIENTED_EDGE ( 'NONE', *, *, #2806, .F. ) ;
#2116 = ORIENTED_EDGE ( 'NONE', *, *, #1975, .F. ) ;
#2117 = FACE_OUTER_BOUND ( 'NONE', #4919, .T. ) ;
#2118 = LINE ( 'NONE', #2795, #7507 ) ;
#2119 = VERTEX_POINT ( 'NONE', #623 ) ;
#2120 =( GEOMETRIC_REPRESENTATION_CONTEXT ( 3 ) GLOBAL_UNCERTAINTY_ASSIGNED_CONTEXT ( ( #6448 ) ) GLOBAL_UNIT_ASSIGNED_CONTEXT ( ( #3602, #2566, #8387 ) ) REPRESENTATION_CONTEXT ( 'NONE', 'WORKASPACE' ) );
#2121 = ORIENTED_EDGE ( 'NONE', *, *, #7799, .T. ) ;
#2122 = FACE_OUTER_BOUND ( 'NONE', #3340, .T. ) ;
#2123 = PLANE ( 'NONE',  #4582 ) ;
#2124 = EDGE_CURVE ( 'NONE', #5849, #5961, #5172, .T. ) ;
#2125 = SURFACE_STYLE_USAGE ( .BOTH. , #5250 ) ;
#2126 = VERTEX_POINT ( 'NONE', #4527 ) ;
#2127 = DIRECTION ( 'NONE',  ( 0.000000000000000000, 1.000000000000000000, 0.000000000000000000 ) ) ;
#2128 = VECTOR ( 'NONE', #770, 1000.000000000000000 ) ;
#2129 = EDGE_CURVE ( 'NONE', #5293, #108, #7115, .T. ) ;
#2130 = ORIENTED_EDGE ( 'NONE', *, *, #4610, .F. ) ;
#2131 = DIRECTION ( 'NONE',  ( -1.000000000000000000, 0.000000000000000000, 0.000000000000000000 ) ) ;
#2132 = AXIS2_PLACEMENT_3D ( 'NONE', #4380, #1148, #5920 ) ;
#2133 = CARTESIAN_POINT ( 'NONE',  ( -3.850000000000000533, -4.495251284923622873E-15, 1.300000000000000711 ) ) ;
#2134 = ORIENTED_EDGE ( 'NONE', *, *, #1525, .T. ) ;
#2135 = DIRECTION ( 'NONE',  ( -0.000000000000000000, 1.000000000000000000, 2.981555974659857586E-15 ) ) ;
#2136 = FILL_AREA_STYLE ('',( #4669 ) ) ;
#2137 = CARTESIAN_POINT ( 'NONE',  ( 1.430000000000000382, 1.200000000000004396, -1.299999999999995604 ) ) ;
#2138 = LINE ( 'NONE', #4549, #7962 ) ;
#2139 = CARTESIAN_POINT ( 'NONE',  ( 0.9299999996666669100, 1.199999999972995557, 1.100000000000004086 ) ) ;
#2140 = ORIENTED_EDGE ( 'NONE', *, *, #3157, .T. ) ;
#2141 = PLANE ( 'NONE',  #3876 ) ;
#2142 = COLOUR_RGB ( '',1.000000000000000000, 1.000000000000000000, 1.000000000000000000 ) ;
#2143 = DIRECTION ( 'NONE',  ( -0.000000000000000000, -1.000000000000000000, -3.491483361109382461E-15 ) ) ;
#2144 = ORIENTED_EDGE ( 'NONE', *, *, #4619, .T. ) ;
#2145 = CARTESIAN_POINT ( 'NONE',  ( 2.049999999634374515, 0.0001000000000076812790, -2.200000000000000178 ) ) ;
#2146 = CARTESIAN_POINT ( 'NONE',  ( 3.400000000000000355, 0.2000000000333287675, -2.200000000000000622 ) ) ;
#2147 = LINE ( 'NONE', #1381, #940 ) ;
#2148 =( GEOMETRIC_REPRESENTATION_CONTEXT ( 3 ) GLOBAL_UNCERTAINTY_ASSIGNED_CONTEXT ( ( #5672 ) ) GLOBAL_UNIT_ASSIGNED_CONTEXT ( ( #5517, #3449, #1088 ) ) REPRESENTATION_CONTEXT ( 'NONE', 'WORKASPACE' ) );
#2149 = DIRECTION ( 'NONE',  ( 0.000000000000000000, 3.491483361109382461E-15, -1.000000000000000000 ) ) ;
#2150 = DIRECTION ( 'NONE',  ( 0.9551363832392328890, -1.060723539162445039E-15, 0.2961663205239197239 ) ) ;
#2151 = DIRECTION ( 'NONE',  ( 0.000000000000000000, 1.000000000000000000, 3.491483361109382461E-15 ) ) ;
#2152 = FACE_OUTER_BOUND ( 'NONE', #415, .T. ) ;
#2153 = FILL_AREA_STYLE ('',( #5242 ) ) ;
#2154 = CARTESIAN_POINT ( 'NONE',  ( -3.350000000000000089, 0.7000000000000027311, -0.7999999999999974909 ) ) ;
#2155 = ORIENTED_EDGE ( 'NONE', *, *, #6911, .T. ) ;
#2156 = EDGE_CURVE ( 'NONE', #7281, #13, #3761, .T. ) ;
#2157 = VECTOR ( 'NONE', #1126, 1000.000000000000000 ) ;
#2158 = ORIENTED_EDGE ( 'NONE', *, *, #1975, .T. ) ;
#2159 = SURFACE_SIDE_STYLE ('',( #4192 ) ) ;
#2160 = MECHANICAL_DESIGN_GEOMETRIC_PRESENTATION_REPRESENTATION (  '', ( #7026 ), #519 ) ;
#2161 = CARTESIAN_POINT ( 'NONE',  ( -2.720000000000000639, 1.199999999969338482, -0.7499999999499955550 ) ) ;
#2162 = MECHANICAL_DESIGN_GEOMETRIC_PRESENTATION_REPRESENTATION (  '', ( #779 ), #3904 ) ;
#2163 =( LENGTH_UNIT ( ) NAMED_UNIT ( * ) SI_UNIT ( .MILLI., .METRE. ) );
#2164 = EDGE_CURVE ( 'NONE', #191, #4939, #3270, .T. ) ;
#2165 = AXIS2_PLACEMENT_3D ( 'NONE', #1793, #4420, #7676 ) ;
#2166 = ORIENTED_EDGE ( 'NONE', *, *, #3212, .T. ) ;
#2167 = LINE ( 'NONE', #6023, #5136 ) ;
#2168 = STYLED_ITEM ( 'NONE', ( #3592 ), #5651 ) ;
#2169 = EDGE_LOOP ( 'NONE', ( #5842, #3934, #701, #2097 ) ) ;
#2170 = CARTESIAN_POINT ( 'NONE',  ( -3.050000000000000266, 1.400000000000003908, -1.099999999911106308 ) ) ;
#2171 = COLOUR_RGB ( '',1.000000000000000000, 1.000000000000000000, 1.000000000000000000 ) ;
#2172 = EDGE_CURVE ( 'NONE', #6372, #869, #1987, .T. ) ;
#2173 = CARTESIAN_POINT ( 'NONE',  ( 0.4000000000000011879, 0.1500000000000043798, -1.259999999999999121 ) ) ;
#2174 = ORIENTED_EDGE ( 'NONE', *, *, #4136, .T. ) ;
#2175 = CARTESIAN_POINT ( 'NONE',  ( -2.015766736131286763, 1.200000000000003730, -1.118366903834176362 ) ) ;
#2176 = VECTOR ( 'NONE', #7346, 1000.000000000000000 ) ;
#2177 = SURFACE_STYLE_USAGE ( .BOTH. , #7988 ) ;
#2178 = ORIENTED_EDGE ( 'NONE', *, *, #1739, .T. ) ;
#2179 = LINE ( 'NONE', #2455, #7627 ) ;
#2180 = SURFACE_STYLE_FILL_AREA ( #3535 ) ;
#2181 = SURFACE_STYLE_FILL_AREA ( #7301 ) ;
#2182 = AXIS2_PLACEMENT_3D ( 'NONE', #6060, #277, #1394 ) ;
#2183 = EDGE_CURVE ( 'NONE', #1314, #3696, #1350, .T. ) ;
#2184 =( NAMED_UNIT ( * ) SI_UNIT ( $, .STERADIAN. ) SOLID_ANGLE_UNIT ( ) );
#2185 = CARTESIAN_POINT ( 'NONE',  ( -2.200000000000000178, -2.653527354443129313E-15, 0.7599999999999995648 ) ) ;
#2186 =( LENGTH_UNIT ( ) NAMED_UNIT ( * ) SI_UNIT ( .MILLI., .METRE. ) );
#2187 = FILL_AREA_STYLE_COLOUR ( '', #4966 ) ;
#2188 = CIRCLE ( 'NONE', #6914, 0.2500000000000001110 ) ;
#2189 = ORIENTED_EDGE ( 'NONE', *, *, #4589, .F. ) ;
#2190 = EDGE_CURVE ( 'NONE', #6467, #2940, #4408, .T. ) ;
#2191 = CARTESIAN_POINT ( 'NONE',  ( 1.400000000000000133, 0.3000000000062451599, 1.410000000000001030 ) ) ;
#2192 = CARTESIAN_POINT ( 'NONE',  ( -1.500000000000000000, -0.5000000000450186555, -1.544988095537619587E-15 ) ) ;
#2193 = CARTESIAN_POINT ( 'NONE',  ( 3.149999999999999911, 1.399999999999995470, 0.7500000000000041078 ) ) ;
#2194 = MECHANICAL_DESIGN_GEOMETRIC_PRESENTATION_REPRESENTATION (  '', ( #1089 ), #5309 ) ;
#2195 = SURFACE_SIDE_STYLE ('',( #6637 ) ) ;
#2196 = CARTESIAN_POINT ( 'NONE',  ( 2.134233263818272608, 1.400000000000003908, -1.118366903943645463 ) ) ;
#2197 = CARTESIAN_POINT ( 'NONE',  ( -2.134233263818273052, 1.399999999999995470, 1.118366903943655011 ) ) ;
#2198 = ORIENTED_EDGE ( 'NONE', *, *, #3098, .F. ) ;
#2199 = COLOUR_RGB ( '',1.000000000000000000, 0.5019607843137254832, 0.000000000000000000 ) ;
#2200 = ORIENTED_EDGE ( 'NONE', *, *, #2727, .F. ) ;
#2201 = PRESENTATION_STYLE_ASSIGNMENT (( #274 ) ) ;
#2202 = VECTOR ( 'NONE', #3544, 1000.000000000000000 ) ;
#2203 = DIRECTION ( 'NONE',  ( 5.963111948670264526E-16, 3.491483361109382855E-15, -1.000000000000000000 ) ) ;
#2204 = CARTESIAN_POINT ( 'NONE',  ( 1.350000000000000089, 0.1499999999999973299, 0.7600000000000005640 ) ) ;
#2205 = UNCERTAINTY_MEASURE_WITH_UNIT (LENGTH_MEASURE( 1.000000000000000082E-05 ), #5033, 'distance_accuracy_value', 'NONE');
#2206 = ORIENTED_EDGE ( 'NONE', *, *, #567, .F. ) ;
#2207 = CARTESIAN_POINT ( 'NONE',  ( -3.350000000000000089, 0.6499999999999973577, -1.299999999999999822 ) ) ;
#2208 = COLOUR_RGB ( '',0.000000000000000000, 0.000000000000000000, 1.000000000000000000 ) ;
#2209 = CARTESIAN_POINT ( 'NONE',  ( 2.200000000000000178, 0.1499999999999973299, 0.7600000000000005640 ) ) ;
#2210 = EDGE_LOOP ( 'NONE', ( #2879, #6033, #5902, #1167 ) ) ;
#2211 =( GEOMETRIC_REPRESENTATION_CONTEXT ( 3 ) GLOBAL_UNCERTAINTY_ASSIGNED_CONTEXT ( ( #5941 ) ) GLOBAL_UNIT_ASSIGNED_CONTEXT ( ( #6265, #3717, #8388 ) ) REPRESENTATION_CONTEXT ( 'NONE', 'WORKASPACE' ) );
#2212 =( LENGTH_UNIT ( ) NAMED_UNIT ( * ) SI_UNIT ( .MILLI., .METRE. ) );
#2213 = PRESENTATION_LAYER_ASSIGNMENT (  '', '', ( #1942 ) ) ;
#2214 = UNCERTAINTY_MEASURE_WITH_UNIT (LENGTH_MEASURE( 1.000000000000000082E-05 ), #2694, 'distance_accuracy_value', 'NONE');
#2215 = EDGE_CURVE ( 'NONE', #286, #1207, #1863, .T. ) ;
#2216 = LINE ( 'NONE', #4884, #2059 ) ;
#2217 = ORIENTED_EDGE ( 'NONE', *, *, #559, .F. ) ;
#2218 = AXIS2_PLACEMENT_3D ( 'NONE', #6207, #3663, #6298 ) ;
#2219 = ORIENTED_EDGE ( 'NONE', *, *, #4793, .F. ) ;
#2220 = EDGE_CURVE ( 'NONE', #6576, #5396, #2118, .T. ) ;
#2221 = LINE ( 'NONE', #3018, #4056 ) ;
#2222 = CARTESIAN_POINT ( 'NONE',  ( 0.7999999999999999334, 0.1499999999999973299, 0.7600000000000005640 ) ) ;
#2223 = CARTESIAN_POINT ( 'NONE',  ( 3.349999999986111643, 0.6499999999999973577, 0.7500000000000019984 ) ) ;
#2224 = VECTOR ( 'NONE', #486, 1000.000000000000000 ) ;
#2225 =( NAMED_UNIT ( * ) SI_UNIT ( $, .STERADIAN. ) SOLID_ANGLE_UNIT ( ) );
#2226 = VECTOR ( 'NONE', #7187, 1000.000000000000000 ) ;
#2227 = DIRECTION ( 'NONE',  ( 0.000000000000000000, -3.491483361109382461E-15, 1.000000000000000000 ) ) ;
#2228 =( LENGTH_UNIT ( ) NAMED_UNIT ( * ) SI_UNIT ( .MILLI., .METRE. ) );
#2229 = VERTEX_POINT ( 'NONE', #5419 ) ;
#2230 = LINE ( 'NONE', #4808, #1430 ) ;
#2231 = SURFACE_STYLE_USAGE ( .BOTH. , #3619 ) ;
#2232 = DIRECTION ( 'NONE',  ( 0.000000000000000000, 0.000000000000000000, -1.000000000000000000 ) ) ;
#2233 = VECTOR ( 'NONE', #5690, 1000.000000000000000 ) ;
#2234 = SURFACE_STYLE_FILL_AREA ( #6293 ) ;
#2235 = ORIENTED_EDGE ( 'NONE', *, *, #1451, .T. ) ;
#2236 =( GEOMETRIC_REPRESENTATION_CONTEXT ( 3 ) GLOBAL_UNCERTAINTY_ASSIGNED_CONTEXT ( ( #4751 ) ) GLOBAL_UNIT_ASSIGNED_CONTEXT ( ( #3691, #2979, #3115 ) ) REPRESENTATION_CONTEXT ( 'NONE', 'WORKASPACE' ) );
#2237 = LINE ( 'NONE', #1382, #97 ) ;
#2238 = ADVANCED_FACE ( 'NONE', ( #7969 ), #6598, .T. ) ;
#2239 = SURFACE_STYLE_USAGE ( .BOTH. , #8049 ) ;
#2240 = SURFACE_STYLE_FILL_AREA ( #3431 ) ;
#2241 = DIRECTION ( 'NONE',  ( 0.000000000000000000, -1.000000000000000000, -3.491483361109382461E-15 ) ) ;
#2242 = FILL_AREA_STYLE ('',( #3554 ) ) ;
#2243 = AXIS2_PLACEMENT_3D ( 'NONE', #2252, #7415, #4205 ) ;
#2244 = ORIENTED_EDGE ( 'NONE', *, *, #2806, .T. ) ;
#2245 = CARTESIAN_POINT ( 'NONE',  ( 3.350000000000000089, 1.400000000000004574, -1.299999999999995159 ) ) ;
#2246 = FILL_AREA_STYLE ('',( #4104 ) ) ;
#2247 = VERTEX_POINT ( 'NONE', #2161 ) ;
#2248 = ADVANCED_FACE ( 'NONE', ( #7325 ), #3314, .F. ) ;
#2249 = CARTESIAN_POINT ( 'NONE',  ( -3.050000000000000266, 1.400000000000002354, -0.7499999996999949792 ) ) ;
#2250 = CARTESIAN_POINT ( 'NONE',  ( 0.5500000000000001554, 0.1500000000000076827, -2.199999999999999734 ) ) ;
#2251 = ORIENTED_EDGE ( 'NONE', *, *, #2461, .T. ) ;
#2252 = CARTESIAN_POINT ( 'NONE',  ( 1.430000000000000604, 1.399999999999996136, 1.100000000000004530 ) ) ;
#2253 = CIRCLE ( 'NONE', #3728, 0.3000000000000000444 ) ;
#2254 =( LENGTH_UNIT ( ) NAMED_UNIT ( * ) SI_UNIT ( .MILLI., .METRE. ) );
#2255 = ORIENTED_EDGE ( 'NONE', *, *, #596, .T. ) ;
#2256 = DIRECTION ( 'NONE',  ( 9.876681162117923874E-16, 1.000000000000000000, 3.185229682395821006E-15 ) ) ;
#2257 = DIRECTION ( 'NONE',  ( 0.000000000000000000, 3.491483361109382461E-15, -1.000000000000000000 ) ) ;
#2258 = ORIENTED_EDGE ( 'NONE', *, *, #5244, .F. ) ;
#2259 = AXIS2_PLACEMENT_3D ( 'NONE', #8183, #3056, #1817 ) ;
#2260 = EDGE_CURVE ( 'NONE', #8378, #6180, #3578, .T. ) ;
#2261 = DIRECTION ( 'NONE',  ( 1.000000000000000000, 0.000000000000000000, 0.000000000000000000 ) ) ;
#2262 = DIRECTION ( 'NONE',  ( 0.000000000000000000, 3.491483361109382066E-15, -1.000000000000000000 ) ) ;
#2263 = EDGE_CURVE ( 'NONE', #5974, #6566, #163, .T. ) ;
#2264 = STYLED_ITEM ( 'NONE', ( #4863 ), #6319 ) ;
#2265 = CARTESIAN_POINT ( 'NONE',  ( 2.720000000000000195, 1.399999999999995470, 1.300000000000005151 ) ) ;
#2266 = PLANE ( 'NONE',  #5358 ) ;
#2267 = CARTESIAN_POINT ( 'NONE',  ( -3.149999999989063326, 1.400000000000004352, -1.300099999999995148 ) ) ;
#2268 = CARTESIAN_POINT ( 'NONE',  ( -3.150000000000000355, 1.199999999999997069, 0.8000000000062547079 ) ) ;
#2269 = ORIENTED_EDGE ( 'NONE', *, *, #1851, .F. ) ;
#2270 = DIRECTION ( 'NONE',  ( 0.000000000000000000, 0.000000000000000000, -1.000000000000000000 ) ) ;
#2271 = STYLED_ITEM ( 'NONE', ( #3035 ), #6534 ) ;
#2272 = FACE_OUTER_BOUND ( 'NONE', #7039, .T. ) ;
#2273 = PRESENTATION_STYLE_ASSIGNMENT (( #3590 ) ) ;
#2274 = EDGE_CURVE ( 'NONE', #1173, #3971, #1471, .T. ) ;
#2275 = CARTESIAN_POINT ( 'NONE',  ( -1.430000000092609636, 1.400000000000004352, -1.299999999863375999 ) ) ;
#2276 = CARTESIAN_POINT ( 'NONE',  ( 0.09999999999999988065, 1.199999999993741628, 2.600000000000004086 ) ) ;
#2277 = VECTOR ( 'NONE', #4222, 1000.000000000000000 ) ;
#2278 = DIRECTION ( 'NONE',  ( 0.000000000000000000, 0.000000000000000000, 1.000000000000000000 ) ) ;
#2279 = SURFACE_STYLE_FILL_AREA ( #8091 ) ;
#2280 = CARTESIAN_POINT ( 'NONE',  ( -3.150000000000000355, 1.400000000000004574, -0.7499999999999956701 ) ) ;
#2281 = CARTESIAN_POINT ( 'NONE',  ( -3.350000000000000089, 1.099999999985574073, 0.7500000000000034417 ) ) ;
#2282 = VERTEX_POINT ( 'NONE', #4781 ) ;
#2283 = CARTESIAN_POINT ( 'NONE',  ( 3.149999999999999467, 0.2500000000333307826, -2.200000000000000622 ) ) ;
#2284 = PRESENTATION_LAYER_ASSIGNMENT (  '', '', ( #904 ) ) ;
#2285 = CARTESIAN_POINT ( 'NONE',  ( -3.850000000000000533, 1.199999999949995733, 1.300000000000004485 ) ) ;
#2286 = VERTEX_POINT ( 'NONE', #7366 ) ;
#2287 = VERTEX_POINT ( 'NONE', #4825 ) ;
#2288 = SURFACE_STYLE_FILL_AREA ( #6103 ) ;
#2289 = DIRECTION ( 'NONE',  ( 0.9551363835107592459, 1.060723538808430889E-15, -0.2961663196482473004 ) ) ;
#2290 = STYLED_ITEM ( 'NONE', ( #7082 ), #8020 ) ;
#2291 = ORIENTED_EDGE ( 'NONE', *, *, #1225, .T. ) ;
#2292 = COLOUR_RGB ( '',0.000000000000000000, 0.000000000000000000, 1.000000000000000000 ) ;
#2293 = EDGE_CURVE ( 'NONE', #6759, #6745, #8216, .T. ) ;
#2294 = LINE ( 'NONE', #8064, #324 ) ;
#2295 = VECTOR ( 'NONE', #2289, 1000.000000000000000 ) ;
#2296 = ORIENTED_EDGE ( 'NONE', *, *, #3384, .F. ) ;
#2297 = CARTESIAN_POINT ( 'NONE',  ( 1.430100000000000593, 0.7899999999729960809, 0.9500000000000000666 ) ) ;
#2298 = FILL_AREA_STYLE ('',( #1615 ) ) ;
#2299 = EDGE_LOOP ( 'NONE', ( #7590, #8331, #6650, #2447 ) ) ;
#2300 = STYLED_ITEM ( 'NONE', ( #1749 ), #7752 ) ;
#2301 =( NAMED_UNIT ( * ) PLANE_ANGLE_UNIT ( ) SI_UNIT ( $, .RADIAN. ) );
#2302 = FACE_OUTER_BOUND ( 'NONE', #693, .T. ) ;
#2303 = VECTOR ( 'NONE', #4484, 1000.000000000000000 ) ;
#2304 = UNCERTAINTY_MEASURE_WITH_UNIT (LENGTH_MEASURE( 1.000000000000000082E-05 ), #860, 'distance_accuracy_value', 'NONE');
#2305 =( NAMED_UNIT ( * ) SI_UNIT ( $, .STERADIAN. ) SOLID_ANGLE_UNIT ( ) );
#2306 = CARTESIAN_POINT ( 'NONE',  ( 1.350000000000000089, 0.1499999999999973299, 0.7600000000000005640 ) ) ;
#2307 = EDGE_CURVE ( 'NONE', #5886, #3601, #6216, .T. ) ;
#2308 = CARTESIAN_POINT ( 'NONE',  ( 3.149999999999999911, 0.6499999999999973577, 0.7500000000000019984 ) ) ;
#2309 =( GEOMETRIC_REPRESENTATION_CONTEXT ( 3 ) GLOBAL_UNCERTAINTY_ASSIGNED_CONTEXT ( ( #7117 ) ) GLOBAL_UNIT_ASSIGNED_CONTEXT ( ( #1212, #6048, #7191 ) ) REPRESENTATION_CONTEXT ( 'NONE', 'WORKASPACE' ) );
#2310 = DIRECTION ( 'NONE',  ( -1.000000000000000000, -0.000000000000000000, -0.000000000000000000 ) ) ;
#2311 = STYLED_ITEM ( 'NONE', ( #5155 ), #5112 ) ;
#2312 = SURFACE_STYLE_FILL_AREA ( #2387 ) ;
#2313 = CARTESIAN_POINT ( 'NONE',  ( 3.149999999999999911, 0.6999999999999955147, 1.249999999987112087 ) ) ;
#2314 = ORIENTED_EDGE ( 'NONE', *, *, #1648, .T. ) ;
#2315 = SURFACE_SIDE_STYLE ('',( #4771 ) ) ;
#2316 = FILL_AREA_STYLE_COLOUR ( '', #39 ) ;
#2317 = FILL_AREA_STYLE_COLOUR ( '', #5554 ) ;
#2318 = CIRCLE ( 'NONE', #806, 0.05000000000000012768 ) ;
#2319 = EDGE_CURVE ( 'NONE', #8378, #3307, #7449, .T. ) ;
#2320 = DIRECTION ( 'NONE',  ( 0.000000000000000000, -3.491483361109382461E-15, 1.000000000000000000 ) ) ;
#2321 = VECTOR ( 'NONE', #3773, 1000.000000000000000 ) ;
#2322 = VERTEX_POINT ( 'NONE', #4869 ) ;
#2323 = PLANE ( 'NONE',  #3139 ) ;
#2324 = EDGE_CURVE ( 'NONE', #6759, #6057, #2896, .T. ) ;
#2325 = STYLED_ITEM ( 'NONE', ( #3857 ), #3813 ) ;
#2326 = DIRECTION ( 'NONE',  ( -6.874998256161818309E-10, -1.000000000000000000, -2.891205793415121905E-15 ) ) ;
#2327 = ORIENTED_EDGE ( 'NONE', *, *, #1297, .F. ) ;
#2328 = ORIENTED_EDGE ( 'NONE', *, *, #6071, .T. ) ;
#2329 = CARTESIAN_POINT ( 'NONE',  ( -1.350000000000000089, -2.653527354443129313E-15, 0.7599999999999995648 ) ) ;
#2330 = MECHANICAL_DESIGN_GEOMETRIC_PRESENTATION_REPRESENTATION (  '', ( #5987 ), #3280 ) ;
#2331 = STYLED_ITEM ( 'NONE', ( #195 ), #4282 ) ;
#2332 = ORIENTED_EDGE ( 'NONE', *, *, #3223, .T. ) ;
#2333 = ADVANCED_FACE ( 'NONE', ( #7528 ), #3512, .F. ) ;
#2334 = COLOUR_RGB ( '',0.000000000000000000, 0.000000000000000000, 1.000000000000000000 ) ;
#2335 = LINE ( 'NONE', #7983, #558 ) ;
#2336 = PRESENTATION_LAYER_ASSIGNMENT (  '', '', ( #3165 ) ) ;
#2337 = VERTEX_POINT ( 'NONE', #4946 ) ;
#2338 = EDGE_CURVE ( 'NONE', #3532, #2650, #4194, .T. ) ;
#2339 =( GEOMETRIC_REPRESENTATION_CONTEXT ( 3 ) GLOBAL_UNCERTAINTY_ASSIGNED_CONTEXT ( ( #1802 ) ) GLOBAL_UNIT_ASSIGNED_CONTEXT ( ( #7484, #610, #1293 ) ) REPRESENTATION_CONTEXT ( 'NONE', 'WORKASPACE' ) );
#2340 = CARTESIAN_POINT ( 'NONE',  ( -1.350000000000000089, -1.240466572394679620E-15, 0.3708099243547834933 ) ) ;
#2341 =( GEOMETRIC_REPRESENTATION_CONTEXT ( 3 ) GLOBAL_UNCERTAINTY_ASSIGNED_CONTEXT ( ( #2720 ) ) GLOBAL_UNIT_ASSIGNED_CONTEXT ( ( #3625, #7479, #2993 ) ) REPRESENTATION_CONTEXT ( 'NONE', 'WORKASPACE' ) );
#2342 = ORIENTED_EDGE ( 'NONE', *, *, #4971, .F. ) ;
#2343 = VECTOR ( 'NONE', #2106, 1000.000000000000000 ) ;
#2344 = LINE ( 'NONE', #6873, #5617 ) ;
#2345 = SURFACE_SIDE_STYLE ('',( #1093 ) ) ;
#2346 = STYLED_ITEM ( 'NONE', ( #2358 ), #957 ) ;
#2347 = CARTESIAN_POINT ( 'NONE',  ( -1.874699879903904076, 5.430177791795887031E-16, -0.1399999999999997913 ) ) ;
#2348 = LINE ( 'NONE', #6755, #5398 ) ;
#2349 =( NAMED_UNIT ( * ) PLANE_ANGLE_UNIT ( ) SI_UNIT ( $, .RADIAN. ) );
#2350 = ORIENTED_EDGE ( 'NONE', *, *, #488, .F. ) ;
#2351 = SURFACE_STYLE_USAGE ( .BOTH. , #384 ) ;
#2352 = CARTESIAN_POINT ( 'NONE',  ( -2.449999999650000593, 0.1500000000000076827, -2.199999999999999734 ) ) ;
#2353 = AXIS2_PLACEMENT_3D ( 'NONE', #1943, #7695, #572 ) ;
#2354 = VECTOR ( 'NONE', #1884, 1000.000000000000000 ) ;
#2355 = LINE ( 'NONE', #3044, #8118 ) ;
#2356 = UNCERTAINTY_MEASURE_WITH_UNIT (LENGTH_MEASURE( 1.000000000000000082E-05 ), #6942, 'distance_accuracy_value', 'NONE');
#2357 = CARTESIAN_POINT ( 'NONE',  ( 1.500000000000000000, -0.3000000000000001554, -8.673617379884035472E-16 ) ) ;
#2358 = PRESENTATION_STYLE_ASSIGNMENT (( #1807 ) ) ;
#2359 = ORIENTED_EDGE ( 'NONE', *, *, #6410, .F. ) ;
#2360 = FILL_AREA_STYLE_COLOUR ( '', #4883 ) ;
#2361 = STYLED_ITEM ( 'NONE', ( #462 ), #1690 ) ;
#2362 = DIRECTION ( 'NONE',  ( 1.396593344443751959E-15, -6.982966722218748947E-16, 1.000000000000000000 ) ) ;
#2363 = PLANE ( 'NONE',  #8284 ) ;
#2364 = ORIENTED_EDGE ( 'NONE', *, *, #3528, .F. ) ;
#2365 = EDGE_CURVE ( 'NONE', #4160, #5961, #4310, .T. ) ;
#2366 = VERTEX_POINT ( 'NONE', #276 ) ;
#2367 = SURFACE_STYLE_USAGE ( .BOTH. , #7495 ) ;
#2368 = VECTOR ( 'NONE', #8358, 1000.000000000000000 ) ;
#2369 = DIRECTION ( 'NONE',  ( -1.000000000000000000, -0.000000000000000000, -0.000000000000000000 ) ) ;
#2370 = DIRECTION ( 'NONE',  ( -1.000000000000000000, -0.000000000000000000, -0.000000000000000000 ) ) ;
#2371 = ORIENTED_EDGE ( 'NONE', *, *, #3285, .F. ) ;
#2372 = FILL_AREA_STYLE_COLOUR ( '', #3458 ) ;
#2373 = DIRECTION ( 'NONE',  ( 1.000000000000000000, -0.000000000000000000, 0.000000000000000000 ) ) ;
#2374 = UNCERTAINTY_MEASURE_WITH_UNIT (LENGTH_MEASURE( 1.000000000000000082E-05 ), #3635, 'distance_accuracy_value', 'NONE');
#2375 = CARTESIAN_POINT ( 'NONE',  ( 3.850000000000000533, 0.2000000000437587855, -0.8999999999999994671 ) ) ;
#2376 = VERTEX_POINT ( 'NONE', #400 ) ;
#2377 = SURFACE_SIDE_STYLE ('',( #7667 ) ) ;
#2378 = DIRECTION ( 'NONE',  ( 0.000000000000000000, 0.000000000000000000, -1.000000000000000000 ) ) ;
#2379 = ORIENTED_EDGE ( 'NONE', *, *, #5892, .T. ) ;
#2380 = PLANE ( 'NONE',  #562 ) ;
#2381 = LINE ( 'NONE', #463, #6932 ) ;
#2382 = ADVANCED_FACE ( 'NONE', ( #6898 ), #1072, .F. ) ;
#2383 = UNCERTAINTY_MEASURE_WITH_UNIT (LENGTH_MEASURE( 1.000000000000000082E-05 ), #55, 'distance_accuracy_value', 'NONE');
#2384 = VERTEX_POINT ( 'NONE', #1895 ) ;
#2385 = CARTESIAN_POINT ( 'NONE',  ( -3.150000000000000355, 1.299999999999997158, 0.8000000000000047073 ) ) ;
#2386 = PRESENTATION_STYLE_ASSIGNMENT (( #1667 ) ) ;
#2387 = FILL_AREA_STYLE ('',( #430 ) ) ;
#2388 = ORIENTED_EDGE ( 'NONE', *, *, #7140, .T. ) ;
#2389 = DIRECTION ( 'NONE',  ( 0.000000000000000000, -3.523657060577887833E-15, 1.000000000000000000 ) ) ;
#2390 = FILL_AREA_STYLE_COLOUR ( '', #3563 ) ;
#2391 = DIRECTION ( 'NONE',  ( 1.000000000000000000, 0.000000000000000000, 0.000000000000000000 ) ) ;
#2392 =( NAMED_UNIT ( * ) PLANE_ANGLE_UNIT ( ) SI_UNIT ( $, .RADIAN. ) );
#2393 = UNCERTAINTY_MEASURE_WITH_UNIT (LENGTH_MEASURE( 1.000000000000000082E-05 ), #4033, 'distance_accuracy_value', 'NONE');
#2394 = DIRECTION ( 'NONE',  ( 0.000000000000000000, -1.000000000000000000, -3.491483361109382461E-15 ) ) ;
#2395 = CARTESIAN_POINT ( 'NONE',  ( 0.5499999993296875722, 0.0001000000000076812790, -2.200000000000000178 ) ) ;
#2396 = SURFACE_STYLE_USAGE ( .BOTH. , #394 ) ;
#2397 = DIRECTION ( 'NONE',  ( 0.000000000000000000, 1.000000000000000000, 3.491483361109382461E-15 ) ) ;
#2398 = MECHANICAL_DESIGN_GEOMETRIC_PRESENTATION_REPRESENTATION (  '', ( #4840 ), #2807 ) ;
#2399 = VERTEX_POINT ( 'NONE', #7014 ) ;
#2400 = SURFACE_SIDE_STYLE ('',( #8178 ) ) ;
#2401 = SURFACE_STYLE_FILL_AREA ( #1642 ) ;
#2402 = PLANE ( 'NONE',  #538 ) ;
#2403 = COLOUR_RGB ( '',1.000000000000000000, 0.5019607843137254832, 0.000000000000000000 ) ;
#2404 = EDGE_LOOP ( 'NONE', ( #4221, #7434, #2115, #2581, #5487, #160 ) ) ;
#2405 = ORIENTED_EDGE ( 'NONE', *, *, #2483, .F. ) ;
#2406 =( NAMED_UNIT ( * ) SI_UNIT ( $, .STERADIAN. ) SOLID_ANGLE_UNIT ( ) );
#2407 = DIRECTION ( 'NONE',  ( 0.000000000000000000, 1.000000000000000000, 0.000000000000000000 ) ) ;
#2408 = EDGE_CURVE ( 'NONE', #4151, #3448, #4474, .T. ) ;
#2409 = CARTESIAN_POINT ( 'NONE',  ( 3.149999999999999911, 0.7000000000312539550, -1.249999999999998002 ) ) ;
#2410 = VERTEX_POINT ( 'NONE', #1123 ) ;
#2411 = DIRECTION ( 'NONE',  ( 0.000000000000000000, -1.000000000000000000, 0.000000000000000000 ) ) ;
#2412 = COLOUR_RGB ( '',1.000000000000000000, 0.5019607843137254832, 0.000000000000000000 ) ;
#2413 = EDGE_CURVE ( 'NONE', #7477, #1571, #4516, .T. ) ;
#2414 = SURFACE_STYLE_USAGE ( .BOTH. , #6315 ) ;
#2415 = LINE ( 'NONE', #4959, #5989 ) ;
#2416 = STYLED_ITEM ( 'NONE', ( #6114 ), #7914 ) ;
#2417 = COLOUR_RGB ( '',1.000000000000000000, 0.5019607843137254832, 0.000000000000000000 ) ;
#2418 = ORIENTED_EDGE ( 'NONE', *, *, #4398, .F. ) ;
#2419 =( LENGTH_UNIT ( ) NAMED_UNIT ( * ) SI_UNIT ( .MILLI., .METRE. ) );
#2420 = ORIENTED_EDGE ( 'NONE', *, *, #902, .F. ) ;
#2421 = COLOUR_RGB ( '',0.000000000000000000, 0.000000000000000000, 1.000000000000000000 ) ;
#2422 = DIRECTION ( 'NONE',  ( -0.000000000000000000, -0.000000000000000000, 1.000000000000000000 ) ) ;
#2423 = EDGE_CURVE ( 'NONE', #1571, #3927, #7107, .T. ) ;
#2424 = AXIS2_PLACEMENT_3D ( 'NONE', #2779, #53, #2642 ) ;
#2425 = CARTESIAN_POINT ( 'NONE',  ( 1.500000000000000000, -0.4999999999881780677, 0.2000000000634811759 ) ) ;
#2426 = CIRCLE ( 'NONE', #7162, 0.2000000000634827302 ) ;
#2427 =( LENGTH_UNIT ( ) NAMED_UNIT ( * ) SI_UNIT ( .MILLI., .METRE. ) );
#2428 = LINE ( 'NONE', #4458, #7275 ) ;
#2429 = AXIS2_PLACEMENT_3D ( 'NONE', #772, #3843, #6436 ) ;
#2430 = VECTOR ( 'NONE', #4706, 1000.000000000000000 ) ;
#2431 = CARTESIAN_POINT ( 'NONE',  ( -3.850000000000000533, 0.3017999999999967375, 0.9000000000000010214 ) ) ;
#2432 =( LENGTH_UNIT ( ) NAMED_UNIT ( * ) SI_UNIT ( .MILLI., .METRE. ) );
#2433 =( NAMED_UNIT ( * ) PLANE_ANGLE_UNIT ( ) SI_UNIT ( $, .RADIAN. ) );
#2434 = EDGE_CURVE ( 'NONE', #7877, #6128, #6464, .T. ) ;
#2435 =( LENGTH_UNIT ( ) NAMED_UNIT ( * ) SI_UNIT ( .MILLI., .METRE. ) );
#2436 = AXIS2_PLACEMENT_3D ( 'NONE', #3930, #8391, #2570 ) ;
#2437 = LINE ( 'NONE', #5028, #1371 ) ;
#2438 = FILL_AREA_STYLE_COLOUR ( '', #3081 ) ;
#2439 =( NAMED_UNIT ( * ) SI_UNIT ( $, .STERADIAN. ) SOLID_ANGLE_UNIT ( ) );
#2440 = EDGE_CURVE ( 'NONE', #5339, #6617, #6308, .T. ) ;
#2441 = STYLED_ITEM ( 'NONE', ( #6717 ), #3360 ) ;
#2442 = VERTEX_POINT ( 'NONE', #1299 ) ;
#2443 = LINE ( 'NONE', #8266, #4517 ) ;
#2444 = MECHANICAL_DESIGN_GEOMETRIC_PRESENTATION_REPRESENTATION (  '', ( #7318 ), #4893 ) ;
#2445 = ORIENTED_EDGE ( 'NONE', *, *, #5683, .F. ) ;
#2446 = STYLED_ITEM ( 'NONE', ( #2273 ), #3506 ) ;
#2447 = ORIENTED_EDGE ( 'NONE', *, *, #1180, .F. ) ;
#2448 = LINE ( 'NONE', #3097, #4581 ) ;
#2449 = CLOSED_SHELL ( 'NONE', ( #6737, #2238, #6319, #5363, #6800, #7968, #2660, #4853, #6832, #6486, #4953, #3269, #8020, #440, #5005, #5969, #7914, #503, #5072, #3428, #6159, #7341, #3580, #5916, #5651, #5937, #2962, #4857, #8324, #2837, #5065, #6045, #8089, #2382, #3482, #8031, #3651, #7725, #1085, #6401, #7881, #6534, #3506, #1220, #8152, #2008, #6376, #633, #193, #3058, #2630, #6507, #4505, #5930, #957, #209, #4663, #5259, #4212, #7752, #496, #3140, #1378, #4354, #5635, #4184, #5344, #6712, #7285, #6502, #4282, #8350, #2905, #924, #1894, #1478, #5156, #7179, #4965, #746, #8311, #2466, #6186, #3813, #5228, #2749, #6686, #3302, #6829, #7407, #8295, #4957, #2046, #5323, #6243, #8076, #6387, #3665, #2833, #1588, #7001, #2942, #308, #7937, #691, #6872, #846, #7567, #7448, #5784, #143, #1617, #8340, #974, #238, #7749, #377, #1241, #6459, #4631, #7537, #5741, #893, #1690, #4067, #7054, #7390, #1803, #6059, #2793, #875, #3808, #2248, #4713, #298, #3162, #7466, #6100, #3704, #3337, #5644, #7280, #6195, #5104, #4125, #1005, #1814, #6359, #3987, #952, #5552, #3360, #5292, #1922, #4561, #5588, #2333, #8077, #7558, #532, #6312, #5112, #1011, #6094, #109, #470, #5695, #2108, #2666, #5707, #650, #8287, #1186, #4427, #4301, #537, #3316, #6145, #6579, #5027, #7768, #6175, #7022 ) ) ;
#2450 = ORIENTED_EDGE ( 'NONE', *, *, #2895, .T. ) ;
#2451 = FILL_AREA_STYLE_COLOUR ( '', #461 ) ;
#2452 = UNCERTAINTY_MEASURE_WITH_UNIT (LENGTH_MEASURE( 1.000000000000000082E-05 ), #5710, 'distance_accuracy_value', 'NONE');
#2453 = ORIENTED_EDGE ( 'NONE', *, *, #2777, .F. ) ;
#2454 = DIRECTION ( 'NONE',  ( -0.000000000000000000, -3.491483361109382461E-15, 1.000000000000000000 ) ) ;
#2455 = CARTESIAN_POINT ( 'NONE',  ( 1.350000000000000089, 0.1499999999999973299, 0.7600000000000005640 ) ) ;
#2456 = VECTOR ( 'NONE', #5604, 1000.000000000000000 ) ;
#2457 = FACE_OUTER_BOUND ( 'NONE', #6347, .T. ) ;
#2458 = EDGE_LOOP ( 'NONE', ( #7639, #3257, #2644, #6066, #1984 ) ) ;
#2459 =( GEOMETRIC_REPRESENTATION_CONTEXT ( 3 ) GLOBAL_UNCERTAINTY_ASSIGNED_CONTEXT ( ( #2886 ) ) GLOBAL_UNIT_ASSIGNED_CONTEXT ( ( #2980, #5649, #1619 ) ) REPRESENTATION_CONTEXT ( 'NONE', 'WORKASPACE' ) );
#2460 = DIRECTION ( 'NONE',  ( 0.000000000000000000, 1.000000000000000000, 4.336808689942015369E-15 ) ) ;
#2461 = EDGE_CURVE ( 'NONE', #5481, #5974, #2443, .T. ) ;
#2462 = DIRECTION ( 'NONE',  ( 0.000000000000000000, 1.000000000000000000, 0.000000000000000000 ) ) ;
#2463 = CARTESIAN_POINT ( 'NONE',  ( 3.149999999999999467, 0.6499999999416713470, -1.299999999999998046 ) ) ;
#2464 = CARTESIAN_POINT ( 'NONE',  ( -3.150000000012084023, 0.6499999999499956882, 1.299900000000000055 ) ) ;
#2465 = COLOUR_RGB ( '',0.000000000000000000, 0.000000000000000000, 1.000000000000000000 ) ;
#2466 = ADVANCED_FACE ( 'NONE', ( #6343 ), #649, .F. ) ;
#2467 =( NAMED_UNIT ( * ) SI_UNIT ( $, .STERADIAN. ) SOLID_ANGLE_UNIT ( ) );
#2468 = ORIENTED_EDGE ( 'NONE', *, *, #8175, .F. ) ;
#2469 = CARTESIAN_POINT ( 'NONE',  ( 1.500000000000000000, -0.3000000000128148492, -0.4000000000956874247 ) ) ;
#2470 = CARTESIAN_POINT ( 'NONE',  ( -1.500000000000000000, 5.421010862427522170E-17, 1.800832703444117038E-16 ) ) ;
#2471 = STYLED_ITEM ( 'NONE', ( #6769 ), #952 ) ;
#2472 = FILL_AREA_STYLE_COLOUR ( '', #3305 ) ;
#2473 = CARTESIAN_POINT ( 'NONE',  ( 2.749999999983749888, 1.199999999996878453, -1.300099999999996037 ) ) ;
#2474 = SURFACE_STYLE_USAGE ( .BOTH. , #1801 ) ;
#2475 = UNCERTAINTY_MEASURE_WITH_UNIT (LENGTH_MEASURE( 1.000000000000000082E-05 ), #737, 'distance_accuracy_value', 'NONE');
#2476 =( LENGTH_UNIT ( ) NAMED_UNIT ( * ) SI_UNIT ( .MILLI., .METRE. ) );
#2477 = ORIENTED_EDGE ( 'NONE', *, *, #403, .F. ) ;
#2478 = VECTOR ( 'NONE', #3925, 1000.000000000000000 ) ;
#2479 = SURFACE_STYLE_FILL_AREA ( #4432 ) ;
#2480 = VERTEX_POINT ( 'NONE', #6978 ) ;
#2481 = PRESENTATION_STYLE_ASSIGNMENT (( #4556 ) ) ;
#2482 = COLOUR_RGB ( '',0.000000000000000000, 0.000000000000000000, 1.000000000000000000 ) ;
#2483 = EDGE_CURVE ( 'NONE', #5931, #2967, #3260, .T. ) ;
#2484 = VERTEX_POINT ( 'NONE', #6935 ) ;
#2485 =( NAMED_UNIT ( * ) PLANE_ANGLE_UNIT ( ) SI_UNIT ( $, .RADIAN. ) );
#2486 = CARTESIAN_POINT ( 'NONE',  ( -0.9299999999999998268, 1.200000000000003508, -1.099999999989578869 ) ) ;
#2487 = COLOUR_RGB ( '',0.000000000000000000, 0.000000000000000000, 1.000000000000000000 ) ;
#2488 = VECTOR ( 'NONE', #6954, 1000.000000000000000 ) ;
#2489 = ORIENTED_EDGE ( 'NONE', *, *, #2064, .F. ) ;
#2490 = DIRECTION ( 'NONE',  ( 0.000000000000000000, 0.000000000000000000, 1.000000000000000000 ) ) ;
#2491 = CARTESIAN_POINT ( 'NONE',  ( -2.720000000000000639, 1.200000000000004396, -1.300000000029755576 ) ) ;
#2492 = DIRECTION ( 'NONE',  ( 2.385244779468124270E-14, -3.252606517456533024E-15, 1.000000000000000000 ) ) ;
#2493 = STYLED_ITEM ( 'NONE', ( #4735 ), #2238 ) ;
#2494 = DIRECTION ( 'NONE',  ( 0.000000000000000000, 0.000000000000000000, 1.000000000000000000 ) ) ;
#2495 = ORIENTED_EDGE ( 'NONE', *, *, #3275, .T. ) ;
#2496 =( NAMED_UNIT ( * ) PLANE_ANGLE_UNIT ( ) SI_UNIT ( $, .RADIAN. ) );
#2497 = ORIENTED_EDGE ( 'NONE', *, *, #7147, .T. ) ;
#2498 =( NAMED_UNIT ( * ) SI_UNIT ( $, .STERADIAN. ) SOLID_ANGLE_UNIT ( ) );
#2499 = CARTESIAN_POINT ( 'NONE',  ( 3.150000000025312552, 0.6499999999937460249, 1.299900000000000055 ) ) ;
#2500 = VERTEX_POINT ( 'NONE', #2560 ) ;
#2501 = DIRECTION ( 'NONE',  ( -1.000000000000000000, -0.000000000000000000, -0.000000000000000000 ) ) ;
#2502 = PLANE ( 'NONE',  #4199 ) ;
#2503 = CARTESIAN_POINT ( 'NONE',  ( 1.500000000000000000, 0.1499999999999999944, 7.038057745108188363E-16 ) ) ;
#2504 = EDGE_CURVE ( 'NONE', #4600, #4151, #1810, .T. ) ;
#2505 = LINE ( 'NONE', #3821, #5944 ) ;
#2506 =( LENGTH_UNIT ( ) NAMED_UNIT ( * ) SI_UNIT ( .MILLI., .METRE. ) );
#2507 =( NAMED_UNIT ( * ) PLANE_ANGLE_UNIT ( ) SI_UNIT ( $, .RADIAN. ) );
#2508 = FILL_AREA_STYLE ('',( #6967 ) ) ;
#2509 = EDGE_CURVE ( 'NONE', #7153, #7198, #7653, .T. ) ;
#2510 = DIRECTION ( 'NONE',  ( -0.000000000000000000, -1.000000000000000000, -3.491483361109382461E-15 ) ) ;
#2511 = DIRECTION ( 'NONE',  ( 0.000000000000000000, 0.000000000000000000, -1.000000000000000000 ) ) ;
#2512 = ORIENTED_EDGE ( 'NONE', *, *, #4450, .F. ) ;
#2513 = CARTESIAN_POINT ( 'NONE',  ( 2.849999999951250640, 1.400000000000002798, -0.8000000000062449379 ) ) ;
#2514 = FACE_OUTER_BOUND ( 'NONE', #2802, .T. ) ;
#2515 = CARTESIAN_POINT ( 'NONE',  ( -1.349305689560750032, 0.2500000000333291728, -0.8999999999999991340 ) ) ;
#2516 = ORIENTED_EDGE ( 'NONE', *, *, #2699, .T. ) ;
#2517 = SURFACE_STYLE_FILL_AREA ( #8346 ) ;
#2518 =( LENGTH_UNIT ( ) NAMED_UNIT ( * ) SI_UNIT ( .MILLI., .METRE. ) );
#2519 = EDGE_CURVE ( 'NONE', #5749, #5773, #5205, .T. ) ;
#2520 = ORIENTED_EDGE ( 'NONE', *, *, #333, .F. ) ;
#2521 = ORIENTED_EDGE ( 'NONE', *, *, #3072, .F. ) ;
#2522 = PLANE ( 'NONE',  #7093 ) ;
#2523 = STYLED_ITEM ( 'NONE', ( #6290 ), #6507 ) ;
#2524 = ORIENTED_EDGE ( 'NONE', *, *, #1985, .T. ) ;
#2525 = FILL_AREA_STYLE_COLOUR ( '', #1852 ) ;
#2526 = SURFACE_SIDE_STYLE ('',( #5039 ) ) ;
#2527 = VERTEX_POINT ( 'NONE', #1337 ) ;
#2528 = CARTESIAN_POINT ( 'NONE',  ( 2.134233263818273052, 1.400000000000004574, -1.118366903943645463 ) ) ;
#2529 = VECTOR ( 'NONE', #1877, 1000.000000000000000 ) ;
#2530 = CARTESIAN_POINT ( 'NONE',  ( 2.075000000000000622, 1.200000000000004396, -1.309394179999995744 ) ) ;
#2531 = UNCERTAINTY_MEASURE_WITH_UNIT (LENGTH_MEASURE( 1.000000000000000082E-05 ), #3495, 'distance_accuracy_value', 'NONE');
#2532 = DIRECTION ( 'NONE',  ( 1.000000000000000000, 0.000000000000000000, 0.000000000000000000 ) ) ;
#2533 = VERTEX_POINT ( 'NONE', #3348 ) ;
#2534 = FILL_AREA_STYLE_COLOUR ( '', #1701 ) ;
#2535 = DIRECTION ( 'NONE',  ( 1.000000000000000000, 0.000000000000000000, 0.000000000000000000 ) ) ;
#2536 = FACE_OUTER_BOUND ( 'NONE', #6437, .T. ) ;
#2537 = ORIENTED_EDGE ( 'NONE', *, *, #6573, .F. ) ;
#2538 = EDGE_CURVE ( 'NONE', #489, #1709, #5406, .T. ) ;
#2539 = SURFACE_STYLE_USAGE ( .BOTH. , #6445 ) ;
#2540 = DIRECTION ( 'NONE',  ( 0.000000000000000000, 1.000000000000000000, 3.491483361109382461E-15 ) ) ;
#2541 =( LENGTH_UNIT ( ) NAMED_UNIT ( * ) SI_UNIT ( .MILLI., .METRE. ) );
#2542 = STYLED_ITEM ( 'NONE', ( #4116 ), #7179 ) ;
#2543 = UNCERTAINTY_MEASURE_WITH_UNIT (LENGTH_MEASURE( 1.000000000000000082E-05 ), #7329, 'distance_accuracy_value', 'NONE');
#2544 = CARTESIAN_POINT ( 'NONE',  ( 0.9300000004250000840, 1.200000000000004396, -1.299999999999995604 ) ) ;
#2545 = CARTESIAN_POINT ( 'NONE',  ( 3.149999999999999911, 0.7000000000039020565, 1.249999999993947730 ) ) ;
#2546 = DIRECTION ( 'NONE',  ( -0.000000000000000000, 1.000000000000000000, 3.491483361109382461E-15 ) ) ;
#2547 = PRESENTATION_LAYER_ASSIGNMENT (  '', '', ( #1470 ) ) ;
#2548 = CARTESIAN_POINT ( 'NONE',  ( 0.9499999997281253217, 0.0001000000000045392882, -1.300100000000000255 ) ) ;
#2549 = DIRECTION ( 'NONE',  ( 0.9551363834789753371, 0.000000000000000000, 0.2961663197507506395 ) ) ;
#2550 = CARTESIAN_POINT ( 'NONE',  ( 3.850000000000000089, 0.2000000000596699745, -1.299999999999999822 ) ) ;
#2551 = DIRECTION ( 'NONE',  ( -0.000000000000000000, 3.491483361109382461E-15, -1.000000000000000000 ) ) ;
#2552 = FACE_OUTER_BOUND ( 'NONE', #120, .T. ) ;
#2553 = AXIS2_PLACEMENT_3D ( 'NONE', #2154, #1558, #4098 ) ;
#2554 = CARTESIAN_POINT ( 'NONE',  ( -2.749999999869999545, 1.400000000000004574, -1.299999999999995159 ) ) ;
#2555 =( GEOMETRIC_REPRESENTATION_CONTEXT ( 3 ) GLOBAL_UNCERTAINTY_ASSIGNED_CONTEXT ( ( #4345 ) ) GLOBAL_UNIT_ASSIGNED_CONTEXT ( ( #4471, #3135, #7143 ) ) REPRESENTATION_CONTEXT ( 'NONE', 'WORKASPACE' ) );
#2556 = CARTESIAN_POINT ( 'NONE',  ( -0.9299999999999998268, 1.399999999999996136, 1.100000000000004530 ) ) ;
#2557 = DIRECTION ( 'NONE',  ( 0.000000000000000000, 3.491483361109382461E-15, -1.000000000000000000 ) ) ;
#2558 = ORIENTED_EDGE ( 'NONE', *, *, #1482, .F. ) ;
#2559 = SURFACE_SIDE_STYLE ('',( #7741 ) ) ;
#2560 = CARTESIAN_POINT ( 'NONE',  ( -2.200000000000000178, 0.1500000000000004663, -0.1399999999999992917 ) ) ;
#2561 = MECHANICAL_DESIGN_GEOMETRIC_PRESENTATION_REPRESENTATION (  '', ( #3777 ), #7845 ) ;
#2562 = EDGE_CURVE ( 'NONE', #4929, #830, #6046, .T. ) ;
#2563 = VERTEX_POINT ( 'NONE', #2063 ) ;
#2564 = VECTOR ( 'NONE', #4486, 1000.000000000000000 ) ;
#2565 = VERTEX_POINT ( 'NONE', #3962 ) ;
#2566 =( NAMED_UNIT ( * ) PLANE_ANGLE_UNIT ( ) SI_UNIT ( $, .RADIAN. ) );
#2567 = EDGE_CURVE ( 'NONE', #4822, #1377, #1422, .T. ) ;
#2568 = DIRECTION ( 'NONE',  ( -0.000000000000000000, -0.000000000000000000, 1.000000000000000000 ) ) ;
#2569 = ORIENTED_EDGE ( 'NONE', *, *, #5581, .F. ) ;
#2570 = DIRECTION ( 'NONE',  ( 0.000000000000000000, -3.252606517456511724E-15, 1.000000000000000000 ) ) ;
#2571 = STYLED_ITEM ( 'NONE', ( #7611 ), #3302 ) ;
#2572 =( NAMED_UNIT ( * ) PLANE_ANGLE_UNIT ( ) SI_UNIT ( $, .RADIAN. ) );
#2573 = COLOUR_RGB ( '',1.000000000000000000, 0.000000000000000000, 1.000000000000000000 ) ;
#2574 =( NAMED_UNIT ( * ) PLANE_ANGLE_UNIT ( ) SI_UNIT ( $, .RADIAN. ) );
#2575 = SURFACE_SIDE_STYLE ('',( #4090 ) ) ;
#2576 = ORIENTED_EDGE ( 'NONE', *, *, #2688, .F. ) ;
#2577 = SURFACE_STYLE_USAGE ( .BOTH. , #5932 ) ;
#2578 = PRESENTATION_STYLE_ASSIGNMENT (( #1313 ) ) ;
#2579 = MECHANICAL_DESIGN_GEOMETRIC_PRESENTATION_REPRESENTATION (  '', ( #5025 ), #5713 ) ;
#2580 = EDGE_CURVE ( 'NONE', #6467, #2874, #3424, .T. ) ;
#2581 = ORIENTED_EDGE ( 'NONE', *, *, #5833, .F. ) ;
#2582 = SURFACE_STYLE_FILL_AREA ( #8408 ) ;
#2583 = VECTOR ( 'NONE', #1027, 1000.000000000000000 ) ;
#2584 = SURFACE_STYLE_USAGE ( .BOTH. , #7217 ) ;
#2585 =( GEOMETRIC_REPRESENTATION_CONTEXT ( 3 ) GLOBAL_UNCERTAINTY_ASSIGNED_CONTEXT ( ( #7884 ) ) GLOBAL_UNIT_ASSIGNED_CONTEXT ( ( #1528, #3105, #8282 ) ) REPRESENTATION_CONTEXT ( 'NONE', 'WORKASPACE' ) );
#2586 = EDGE_CURVE ( 'NONE', #4410, #7526, #6587, .T. ) ;
#2587 = VERTEX_POINT ( 'NONE', #5322 ) ;
#2588 =( LENGTH_UNIT ( ) NAMED_UNIT ( * ) SI_UNIT ( .MILLI., .METRE. ) );
#2589 = AXIS2_PLACEMENT_3D ( 'NONE', #6874, #1143, #1742 ) ;
#2590 = ORIENTED_EDGE ( 'NONE', *, *, #5253, .F. ) ;
#2591 = CARTESIAN_POINT ( 'NONE',  ( 0.3000000000374983822, 1.199999999999990186, 2.800000000037501824 ) ) ;
#2592 = COLOUR_RGB ( '',1.000000000000000000, 0.5019607843137254832, 0.000000000000000000 ) ;
#2593 = CARTESIAN_POINT ( 'NONE',  ( 2.720000000000000195, 1.399999999999995470, 1.299999999918609372 ) ) ;
#2594 = LINE ( 'NONE', #3950, #4507 ) ;
#2595 = DIRECTION ( 'NONE',  ( -0.000000000000000000, -0.000000000000000000, 1.000000000000000000 ) ) ;
#2596 = CARTESIAN_POINT ( 'NONE',  ( 3.149999999999999467, 0.2500000000333307271, 1.299900000000000055 ) ) ;
#2597 = EDGE_CURVE ( 'NONE', #3601, #3696, #6508, .T. ) ;
#2598 = CARTESIAN_POINT ( 'NONE',  ( 3.149999999999999911, 1.399999999999995470, 0.8000000000031300962 ) ) ;
#2599 = DIRECTION ( 'NONE',  ( -1.000000000000000000, 7.770232149571657091E-12, 2.712963626218662988E-26 ) ) ;
#2600 =( LENGTH_UNIT ( ) NAMED_UNIT ( * ) SI_UNIT ( .MILLI., .METRE. ) );
#2601 = VECTOR ( 'NONE', #5621, 1000.000000000000000 ) ;
#2602 = ORIENTED_EDGE ( 'NONE', *, *, #4649, .T. ) ;
#2603 = CARTESIAN_POINT ( 'NONE',  ( 3.350000000000000089, 0.9000000000000027978, -0.7999999999999970468 ) ) ;
#2604 = COLOUR_RGB ( '',0.000000000000000000, 0.000000000000000000, 1.000000000000000000 ) ;
#2605 = PRESENTATION_STYLE_ASSIGNMENT (( #6550 ) ) ;
#2606 = DIRECTION ( 'NONE',  ( 0.000000000000000000, -1.000000000000000000, -3.491483361109382461E-15 ) ) ;
#2607 = FILL_AREA_STYLE_COLOUR ( '', #2851 ) ;
#2608 = VERTEX_POINT ( 'NONE', #765 ) ;
#2609 = STYLED_ITEM ( 'NONE', ( #4358 ), #974 ) ;
#2610 = ORIENTED_EDGE ( 'NONE', *, *, #4122, .F. ) ;
#2611 =( LENGTH_UNIT ( ) NAMED_UNIT ( * ) SI_UNIT ( .MILLI., .METRE. ) );
#2612 =( NAMED_UNIT ( * ) SI_UNIT ( $, .STERADIAN. ) SOLID_ANGLE_UNIT ( ) );
#2613 = ORIENTED_EDGE ( 'NONE', *, *, #4122, .T. ) ;
#2614 = EDGE_CURVE ( 'NONE', #5886, #6005, #7625, .T. ) ;
#2615 = ORIENTED_EDGE ( 'NONE', *, *, #8169, .F. ) ;
#2616 = PRESENTATION_LAYER_ASSIGNMENT (  '', '', ( #6278 ) ) ;
#2617 = CARTESIAN_POINT ( 'NONE',  ( 3.850000000000000089, -3.847870779600735214E-15, 1.299900000000000055 ) ) ;
#2618 = CARTESIAN_POINT ( 'NONE',  ( 2.849999999940625361, 1.199999999909377779, -0.8000000000139018130 ) ) ;
#2619 = EDGE_CURVE ( 'NONE', #4421, #6026, #5964, .T. ) ;
#2620 = UNCERTAINTY_MEASURE_WITH_UNIT (LENGTH_MEASURE( 1.000000000000000082E-05 ), #8086, 'distance_accuracy_value', 'NONE');
#2621 = ORIENTED_EDGE ( 'NONE', *, *, #7816, .T. ) ;
#2622 = COLOUR_RGB ( '',0.000000000000000000, 0.000000000000000000, 1.000000000000000000 ) ;
#2623 = FACE_OUTER_BOUND ( 'NONE', #6450, .T. ) ;
#2624 =( NAMED_UNIT ( * ) PLANE_ANGLE_UNIT ( ) SI_UNIT ( $, .RADIAN. ) );
#2625 = VECTOR ( 'NONE', #7395, 1000.000000000000000 ) ;
#2626 = CARTESIAN_POINT ( 'NONE',  ( 1.400000000000000133, 0.09999999999999424627, 1.610000000000000320 ) ) ;
#2627 = VERTEX_POINT ( 'NONE', #5237 ) ;
#2628 = SURFACE_STYLE_USAGE ( .BOTH. , #1917 ) ;
#2629 = DIRECTION ( 'NONE',  ( -0.000000000000000000, -0.000000000000000000, 1.000000000000000000 ) ) ;
#2630 = ADVANCED_FACE ( 'NONE', ( #149 ), #2739, .F. ) ;
#2631 = UNCERTAINTY_MEASURE_WITH_UNIT (LENGTH_MEASURE( 1.000000000000000082E-05 ), #2435, 'distance_accuracy_value', 'NONE');
#2632 = DIRECTION ( 'NONE',  ( 0.000000000000000000, -1.000000000000000000, 0.000000000000000000 ) ) ;
#2633 = ORIENTED_EDGE ( 'NONE', *, *, #7907, .T. ) ;
#2634 = LINE ( 'NONE', #3371, #3252 ) ;
#2635 = COLOUR_RGB ( '',0.000000000000000000, 0.000000000000000000, 1.000000000000000000 ) ;
#2636 = DIRECTION ( 'NONE',  ( -1.000000000000000000, -4.760441427967764048E-11, 0.000000000000000000 ) ) ;
#2637 = EDGE_CURVE ( 'NONE', #1076, #3089, #5879, .T. ) ;
#2638 = FILL_AREA_STYLE ('',( #5824 ) ) ;
#2639 = SURFACE_SIDE_STYLE ('',( #47 ) ) ;
#2640 = FILL_AREA_STYLE_COLOUR ( '', #5776 ) ;
#2641 = ORIENTED_EDGE ( 'NONE', *, *, #96, .F. ) ;
#2642 = DIRECTION ( 'NONE',  ( 0.000000000000000000, 3.491483361109382461E-15, -1.000000000000000000 ) ) ;
#2643 = CARTESIAN_POINT ( 'NONE',  ( 1.400000000000000133, 1.199999999999990852, 2.600000000000004086 ) ) ;
#2644 = ORIENTED_EDGE ( 'NONE', *, *, #1824, .F. ) ;
#2645 = EDGE_CURVE ( 'NONE', #4044, #4612, #2015, .T. ) ;
#2646 =( NAMED_UNIT ( * ) SI_UNIT ( $, .STERADIAN. ) SOLID_ANGLE_UNIT ( ) );
#2647 =( LENGTH_UNIT ( ) NAMED_UNIT ( * ) SI_UNIT ( .MILLI., .METRE. ) );
#2648 = STYLED_ITEM ( 'NONE', ( #2386 ), #5930 ) ;
#2649 = CARTESIAN_POINT ( 'NONE',  ( 2.075000000000000622, 1.400000000000004574, -1.309394179999995078 ) ) ;
#2650 = VERTEX_POINT ( 'NONE', #855 ) ;
#2651 = EDGE_LOOP ( 'NONE', ( #5645, #212, #3262, #2537, #1564 ) ) ;
#2652 = DIRECTION ( 'NONE',  ( 1.000000000000000000, 0.000000000000000000, -0.000000000000000000 ) ) ;
#2653 = LINE ( 'NONE', #387, #4110 ) ;
#2654 = CARTESIAN_POINT ( 'NONE',  ( 2.134233264000001462, 1.399999999999996136, 1.118366904000004602 ) ) ;
#2655 = MECHANICAL_DESIGN_GEOMETRIC_PRESENTATION_REPRESENTATION (  '', ( #7124 ), #7659 ) ;
#2656 = ORIENTED_EDGE ( 'NONE', *, *, #3048, .F. ) ;
#2657 = EDGE_LOOP ( 'NONE', ( #7155, #5924, #5765, #1347, #3369, #4558, #7269 ) ) ;
#2658 = FILL_AREA_STYLE ('',( #4608 ) ) ;
#2659 = DIRECTION ( 'NONE',  ( 0.000000000000000000, -1.000000000000000000, -3.491483361109382461E-15 ) ) ;
#2660 = ADVANCED_FACE ( 'NONE', ( #3465 ), #2820, .F. ) ;
#2661 = ORIENTED_EDGE ( 'NONE', *, *, #7399, .T. ) ;
#2662 = FILL_AREA_STYLE_COLOUR ( '', #7252 ) ;
#2663 = DIRECTION ( 'NONE',  ( 0.000000000000000000, 0.000000000000000000, -1.000000000000000000 ) ) ;
#2664 = CARTESIAN_POINT ( 'NONE',  ( -1.430000000000000604, 1.199999999999995959, 1.099999999972226528 ) ) ;
#2665 = ORIENTED_EDGE ( 'NONE', *, *, #6971, .T. ) ;
#2666 = ADVANCED_FACE ( 'NONE', ( #2272 ), #1631, .F. ) ;
#2667 = VECTOR ( 'NONE', #6719, 1000.000000000000227 ) ;
#2668 = LINE ( 'NONE', #3856, #5312 ) ;
#2669 = EDGE_CURVE ( 'NONE', #4573, #5889, #6168, .T. ) ;
#2670 = LINE ( 'NONE', #6531, #3802 ) ;
#2671 = STYLED_ITEM ( 'NONE', ( #2099 ), #6737 ) ;
#2672 = EDGE_LOOP ( 'NONE', ( #3441, #201, #7956, #4361 ) ) ;
#2673 =( NAMED_UNIT ( * ) PLANE_ANGLE_UNIT ( ) SI_UNIT ( $, .RADIAN. ) );
#2674 = EDGE_LOOP ( 'NONE', ( #6943, #3145, #246, #343 ) ) ;
#2675 = EDGE_CURVE ( 'NONE', #830, #1780, #2948, .T. ) ;
#2676 = DIRECTION ( 'NONE',  ( 0.000000000000000000, 0.000000000000000000, -1.000000000000000000 ) ) ;
#2677 = DIRECTION ( 'NONE',  ( -2.812507171777007861E-10, 1.000000000000000000, 2.891205793475408628E-15 ) ) ;
#2678 = COLOUR_RGB ( '',1.000000000000000000, 0.5019607843137254832, 0.000000000000000000 ) ;
#2679 = LINE ( 'NONE', #5229, #3569 ) ;
#2680 = PLANE ( 'NONE',  #6497 ) ;
#2681 = DIRECTION ( 'NONE',  ( -0.000000000000000000, -0.000000000000000000, 1.000000000000000000 ) ) ;
#2682 = ORIENTED_EDGE ( 'NONE', *, *, #1930, .F. ) ;
#2683 = FILL_AREA_STYLE ('',( #6670 ) ) ;
#2684 = MECHANICAL_DESIGN_GEOMETRIC_PRESENTATION_REPRESENTATION (  '', ( #2416 ), #931 ) ;
#2685 = AXIS2_PLACEMENT_3D ( 'NONE', #741, #7121, #7839 ) ;
#2686 = CARTESIAN_POINT ( 'NONE',  ( 1.874699879903904076, 0.1500000000000004663, -0.1399999999999994027 ) ) ;
#2687 = DIRECTION ( 'NONE',  ( -9.876681162117937679E-16, 1.000000000000000000, 3.185229682395817851E-15 ) ) ;
#2688 = EDGE_CURVE ( 'NONE', #8323, #7405, #894, .T. ) ;
#2689 = STYLED_ITEM ( 'NONE', ( #3587 ), #5292 ) ;
#2690 = DIRECTION ( 'NONE',  ( -1.000000000000000000, -0.000000000000000000, -0.000000000000000000 ) ) ;
#2691 = EDGE_LOOP ( 'NONE', ( #2445, #4525, #7364, #2621, #1087, #1265, #4025, #3726 ) ) ;
#2692 = CARTESIAN_POINT ( 'NONE',  ( -0.9299999999999998268, 1.199999999999995959, 1.100000000000004086 ) ) ;
#2693 = VECTOR ( 'NONE', #4951, 1000.000000000000227 ) ;
#2694 =( LENGTH_UNIT ( ) NAMED_UNIT ( * ) SI_UNIT ( .MILLI., .METRE. ) );
#2695 = DIRECTION ( 'NONE',  ( 0.000000000000000000, 1.000000000000000000, -0.000000000000000000 ) ) ;
#2696 = VECTOR ( 'NONE', #6460, 1000.000000000000000 ) ;
#2697 = CARTESIAN_POINT ( 'NONE',  ( 0.09999999999999982514, 1.199999999999995959, 1.100000000000004086 ) ) ;
#2698 = UNCERTAINTY_MEASURE_WITH_UNIT (LENGTH_MEASURE( 1.000000000000000082E-05 ), #1397, 'distance_accuracy_value', 'NONE');
#2699 = EDGE_CURVE ( 'NONE', #2940, #2587, #8168, .T. ) ;
#2700 = FILL_AREA_STYLE_COLOUR ( '', #1238 ) ;
#2701 = CARTESIAN_POINT ( 'NONE',  ( 1.430100000000000593, 1.199999999972995557, 1.300000000000000266 ) ) ;
#2702 = DIRECTION ( 'NONE',  ( 0.7071067811865489050, 0.000000000000000000, 0.7071067811865462405 ) ) ;
#2703 = PRESENTATION_LAYER_ASSIGNMENT (  '', '', ( #4460 ) ) ;
#2704 = ORIENTED_EDGE ( 'NONE', *, *, #4277, .F. ) ;
#2705 = ORIENTED_EDGE ( 'NONE', *, *, #1759, .F. ) ;
#2706 = CYLINDRICAL_SURFACE ( 'NONE', #2436, 0.2000000000000000944 ) ;
#2707 = AXIS2_PLACEMENT_3D ( 'NONE', #5599, #3759, #253 ) ;
#2708 = MECHANICAL_DESIGN_GEOMETRIC_PRESENTATION_REPRESENTATION (  '', ( #6901 ), #1214 ) ;
#2709 = UNCERTAINTY_MEASURE_WITH_UNIT (LENGTH_MEASURE( 1.000000000000000082E-05 ), #2427, 'distance_accuracy_value', 'NONE');
#2710 = VECTOR ( 'NONE', #133, 1000.000000000000000 ) ;
#2711 = VERTEX_POINT ( 'NONE', #6809 ) ;
#2712 = MECHANICAL_DESIGN_GEOMETRIC_PRESENTATION_REPRESENTATION (  '', ( #1904 ), #6779 ) ;
#2713 = CARTESIAN_POINT ( 'NONE',  ( -3.399999999999999911, 0.2500000000333288397, 1.299900000000000055 ) ) ;
#2714 = FILL_AREA_STYLE ('',( #72 ) ) ;
#2715 = MECHANICAL_DESIGN_GEOMETRIC_PRESENTATION_REPRESENTATION (  '', ( #1906 ), #7450 ) ;
#2716 = ORIENTED_EDGE ( 'NONE', *, *, #4640, .F. ) ;
#2717 = STYLED_ITEM ( 'NONE', ( #3143 ), #3337 ) ;
#2718 = FILL_AREA_STYLE ('',( #1481 ) ) ;
#2719 = SURFACE_SIDE_STYLE ('',( #4659 ) ) ;
#2720 = UNCERTAINTY_MEASURE_WITH_UNIT (LENGTH_MEASURE( 1.000000000000000082E-05 ), #3625, 'distance_accuracy_value', 'NONE');
#2721 = CARTESIAN_POINT ( 'NONE',  ( 2.049999999999999822, 0.1500000000000076827, -2.199999999999999734 ) ) ;
#2722 = PLANE ( 'NONE',  #1184 ) ;
#2723 = PRESENTATION_LAYER_ASSIGNMENT (  '', '', ( #7046 ) ) ;
#2724 = FACE_OUTER_BOUND ( 'NONE', #8313, .T. ) ;
#2725 = ORIENTED_EDGE ( 'NONE', *, *, #4933, .T. ) ;
#2726 = LINE ( 'NONE', #1491, #6362 ) ;
#2727 = EDGE_CURVE ( 'NONE', #4200, #5297, #1408, .T. ) ;
#2728 = CARTESIAN_POINT ( 'NONE',  ( -1.196026316928586519, 0.1500000000000008826, -0.2599999999999990652 ) ) ;
#2729 = DIRECTION ( 'NONE',  ( 0.2961663197507516943, 3.334842790507029165E-15, -0.9551363834789750040 ) ) ;
#2730 = CARTESIAN_POINT ( 'NONE',  ( -2.749999999999999556, 1.399999999999997025, 0.9000000000000050182 ) ) ;
#2731 = CARTESIAN_POINT ( 'NONE',  ( 3.149999999999999467, 0.2500000000333307826, -2.200000000000000622 ) ) ;
#2732 = EDGE_CURVE ( 'NONE', #291, #6057, #7355, .T. ) ;
#2733 = DIRECTION ( 'NONE',  ( 0.000000000000000000, 1.000000000000000000, 3.491483361109382066E-15 ) ) ;
#2734 = AXIS2_PLACEMENT_3D ( 'NONE', #197, #1512, #4729 ) ;
#2735 = PLANE ( 'NONE',  #7958 ) ;
#2736 = ORIENTED_EDGE ( 'NONE', *, *, #2645, .F. ) ;
#2737 = DIRECTION ( 'NONE',  ( -0.000000000000000000, -0.000000000000000000, -1.000000000000000000 ) ) ;
#2738 = STYLED_ITEM ( 'NONE', ( #8327 ), #496 ) ;
#2739 = PLANE ( 'NONE',  #7365 ) ;
#2740 = VECTOR ( 'NONE', #6439, 1000.000000000000000 ) ;
#2741 = FILL_AREA_STYLE ('',( #1423 ) ) ;
#2742 = CARTESIAN_POINT ( 'NONE',  ( -2.749999999999999556, 1.400000000000004574, -1.299999999999995159 ) ) ;
#2743 = FILL_AREA_STYLE ('',( #861 ) ) ;
#2744 = DIRECTION ( 'NONE',  ( 9.876681162117933735E-16, 1.000000000000000000, 3.185229682395817851E-15 ) ) ;
#2745 = DIRECTION ( 'NONE',  ( 0.000000000000000000, -3.491483361109382461E-15, 1.000000000000000000 ) ) ;
#2746 = AXIS2_PLACEMENT_3D ( 'NONE', #3815, #2629, #1361 ) ;
#2747 = EDGE_LOOP ( 'NONE', ( #5215, #7290, #500, #1607, #660, #8004, #6938, #4126 ) ) ;
#2748 = ORIENTED_EDGE ( 'NONE', *, *, #6716, .T. ) ;
#2749 = ADVANCED_FACE ( 'NONE', ( #6715 ), #8298, .F. ) ;
#2750 = CARTESIAN_POINT ( 'NONE',  ( 0.4000000000000006328, 0.1500000000000008826, -0.2599999999999973443 ) ) ;
#2751 = SURFACE_STYLE_USAGE ( .BOTH. , #8056 ) ;
#2752 = ORIENTED_EDGE ( 'NONE', *, *, #4530, .T. ) ;
#2753 = ORIENTED_EDGE ( 'NONE', *, *, #2586, .T. ) ;
#2754 = DIRECTION ( 'NONE',  ( 0.000000000000000000, -1.000000000000000000, -3.614007241618347587E-15 ) ) ;
#2755 = FILL_AREA_STYLE_COLOUR ( '', #5413 ) ;
#2756 = VECTOR ( 'NONE', #8208, 1000.000000000000000 ) ;
#2757 = ORIENTED_EDGE ( 'NONE', *, *, #2183, .T. ) ;
#2758 = SURFACE_SIDE_STYLE ('',( #3483 ) ) ;
#2759 = EDGE_CURVE ( 'NONE', #7009, #4929, #5754, .T. ) ;
#2760 = AXIS2_PLACEMENT_3D ( 'NONE', #4435, #2606, #5035 ) ;
#2761 = AXIS2_PLACEMENT_3D ( 'NONE', #5101, #3863, #7682 ) ;
#2762 =( LENGTH_UNIT ( ) NAMED_UNIT ( * ) SI_UNIT ( .MILLI., .METRE. ) );
#2763 = ORIENTED_EDGE ( 'NONE', *, *, #2274, .F. ) ;
#2764 = CARTESIAN_POINT ( 'NONE',  ( -2.075000000000000178, 1.199999999999995293, 1.309394180000004626 ) ) ;
#2765 = FILL_AREA_STYLE_COLOUR ( '', #2838 ) ;
#2766 = ORIENTED_EDGE ( 'NONE', *, *, #7291, .F. ) ;
#2767 =( GEOMETRIC_REPRESENTATION_CONTEXT ( 3 ) GLOBAL_UNCERTAINTY_ASSIGNED_CONTEXT ( ( #4488 ) ) GLOBAL_UNIT_ASSIGNED_CONTEXT ( ( #2907, #4181, #6130 ) ) REPRESENTATION_CONTEXT ( 'NONE', 'WORKASPACE' ) );
#2768 = CARTESIAN_POINT ( 'NONE',  ( 3.850000000000000089, 3.728449128903907975E-15, -0.9000000000703125558 ) ) ;
#2769 = VECTOR ( 'NONE', #3323, 1000.000000000000000 ) ;
#2770 = DIRECTION ( 'NONE',  ( -0.000000000000000000, -3.491483361109382461E-15, 1.000000000000000000 ) ) ;
#2771 = SURFACE_SIDE_STYLE ('',( #2180 ) ) ;
#2772 = DIRECTION ( 'NONE',  ( 0.000000000000000000, -3.491483361109382066E-15, 1.000000000000000000 ) ) ;
#2773 = FACE_OUTER_BOUND ( 'NONE', #3362, .T. ) ;
#2774 =( LENGTH_UNIT ( ) NAMED_UNIT ( * ) SI_UNIT ( .MILLI., .METRE. ) );
#2775 = VECTOR ( 'NONE', #1825, 1000.000000000000000 ) ;
#2776 = SURFACE_SIDE_STYLE ('',( #5196 ) ) ;
#2777 = EDGE_CURVE ( 'NONE', #5605, #3776, #5021, .T. ) ;
#2778 = CARTESIAN_POINT ( 'NONE',  ( 3.149999999999999911, 0.6500000000000047962, -1.299999999999997824 ) ) ;
#2779 = CARTESIAN_POINT ( 'NONE',  ( -3.350000000000000089, 0.6999999999999955147, 1.250000000000002442 ) ) ;
#2780 = LINE ( 'NONE', #6629, #17 ) ;
#2781 = EDGE_LOOP ( 'NONE', ( #326, #6688, #6847, #4118 ) ) ;
#2782 = CARTESIAN_POINT ( 'NONE',  ( -2.749999999866249212, 1.199999999999997291, 0.7500000000000041078 ) ) ;
#2783 = EDGE_CURVE ( 'NONE', #2247, #4705, #1111, .T. ) ;
#2784 = CARTESIAN_POINT ( 'NONE',  ( 2.134233263986649032, 1.199999999999995959, 1.118366903485611408 ) ) ;
#2785 = DIRECTION ( 'NONE',  ( 0.000000000000000000, 0.000000000000000000, -1.000000000000000000 ) ) ;
#2786 = FILL_AREA_STYLE ('',( #2700 ) ) ;
#2787 = PRESENTATION_STYLE_ASSIGNMENT (( #5368 ) ) ;
#2788 = LINE ( 'NONE', #1305, #8040 ) ;
#2789 = SURFACE_STYLE_USAGE ( .BOTH. , #818 ) ;
#2790 = ORIENTED_EDGE ( 'NONE', *, *, #278, .F. ) ;
#2791 = VERTEX_POINT ( 'NONE', #7733 ) ;
#2792 = DIRECTION ( 'NONE',  ( 0.000000000000000000, -1.000000000000000000, -3.491483361109382855E-15 ) ) ;
#2793 = ADVANCED_FACE ( 'NONE', ( #3210 ), #7055, .F. ) ;
#2794 = AXIS2_PLACEMENT_3D ( 'NONE', #2308, #6122, #7429 ) ;
#2795 = CARTESIAN_POINT ( 'NONE',  ( 2.750000000000000000, 1.400000000000004574, -0.9000000000037450265 ) ) ;
#2796 = DIRECTION ( 'NONE',  ( 0.000000000000000000, 1.000000000000000000, -0.000000000000000000 ) ) ;
#2797 = UNCERTAINTY_MEASURE_WITH_UNIT (LENGTH_MEASURE( 1.000000000000000082E-05 ), #5456, 'distance_accuracy_value', 'NONE');
#2798 = VERTEX_POINT ( 'NONE', #3700 ) ;
#2799 = FILL_AREA_STYLE ('',( #6733 ) ) ;
#2800 = SURFACE_STYLE_USAGE ( .BOTH. , #910 ) ;
#2801 = PLANE ( 'NONE',  #648 ) ;
#2802 = EDGE_LOOP ( 'NONE', ( #3723, #2576, #2061, #2468 ) ) ;
#2803 = EDGE_CURVE ( 'NONE', #6107, #2484, #1244, .T. ) ;
#2804 = VECTOR ( 'NONE', #1806, 1000.000000000000000 ) ;
#2805 = ORIENTED_EDGE ( 'NONE', *, *, #1270, .F. ) ;
#2806 = EDGE_CURVE ( 'NONE', #1076, #971, #7856, .T. ) ;
#2807 =( GEOMETRIC_REPRESENTATION_CONTEXT ( 3 ) GLOBAL_UNCERTAINTY_ASSIGNED_CONTEXT ( ( #675 ) ) GLOBAL_UNIT_ASSIGNED_CONTEXT ( ( #4130, #4041, #7310 ) ) REPRESENTATION_CONTEXT ( 'NONE', 'WORKASPACE' ) );
#2808 = FILL_AREA_STYLE ('',( #6231 ) ) ;
#2809 = ORIENTED_EDGE ( 'NONE', *, *, #4879, .F. ) ;
#2810 = LINE ( 'NONE', #44, #7849 ) ;
#2811 = CARTESIAN_POINT ( 'NONE',  ( -2.049999999929688066, 6.448658170875751256E-15, -1.300100000000000255 ) ) ;
#2812 = SURFACE_STYLE_USAGE ( .BOTH. , #216 ) ;
#2813 = FILL_AREA_STYLE ('',( #1693 ) ) ;
#2814 = CARTESIAN_POINT ( 'NONE',  ( -2.075000000000000178, 1.200000000000004396, -1.309394179999995744 ) ) ;
#2815 = CARTESIAN_POINT ( 'NONE',  ( -3.850000000000000533, 0.2000000000434411507, -1.299999999999999378 ) ) ;
#2816 = EDGE_LOOP ( 'NONE', ( #6354, #7363, #5529, #7530, #3675, #3562, #5667, #7208 ) ) ;
#2817 = FILL_AREA_STYLE_COLOUR ( '', #4724 ) ;
#2818 = STYLED_ITEM ( 'NONE', ( #632 ), #7054 ) ;
#2819 = VERTEX_POINT ( 'NONE', #1931 ) ;
#2820 = PLANE ( 'NONE',  #2903 ) ;
#2821 = DIRECTION ( 'NONE',  ( 0.000000000000000000, -3.491483361109382461E-15, 1.000000000000000000 ) ) ;
#2822 = CIRCLE ( 'NONE', #2009, 0.4000000000000001887 ) ;
#2823 = CARTESIAN_POINT ( 'NONE',  ( -3.399999999999999911, 0.2500000000333288397, 0.9000000000000010214 ) ) ;
#2824 = PRESENTATION_STYLE_ASSIGNMENT (( #5283 ) ) ;
#2825 = SURFACE_STYLE_FILL_AREA ( #5119 ) ;
#2826 = FILL_AREA_STYLE_COLOUR ( '', #6271 ) ;
#2827 = PLANE ( 'NONE',  #1206 ) ;
#2828 = ORIENTED_EDGE ( 'NONE', *, *, #6198, .T. ) ;
#2829 = MECHANICAL_DESIGN_GEOMETRIC_PRESENTATION_REPRESENTATION (  '', ( #6350 ), #8116 ) ;
#2830 = VERTEX_POINT ( 'NONE', #4509 ) ;
#2831 = DIRECTION ( 'NONE',  ( -0.000000000000000000, 1.000000000000000000, 3.491483361109382461E-15 ) ) ;
#2832 = VECTOR ( 'NONE', #4261, 1000.000000000000000 ) ;
#2833 = ADVANCED_FACE ( 'NONE', ( #1497 ), #2051, .F. ) ;
#2834 = SURFACE_STYLE_FILL_AREA ( #3437 ) ;
#2835 = FILL_AREA_STYLE ('',( #7367 ) ) ;
#2836 = COLOUR_RGB ( '',0.000000000000000000, 0.000000000000000000, 1.000000000000000000 ) ;
#2837 = ADVANCED_FACE ( 'NONE', ( #2773 ), #2680, .T. ) ;
#2838 = COLOUR_RGB ( '',1.000000000000000000, 0.000000000000000000, 1.000000000000000000 ) ;
#2839 = ORIENTED_EDGE ( 'NONE', *, *, #5055, .T. ) ;
#2840 =( NAMED_UNIT ( * ) PLANE_ANGLE_UNIT ( ) SI_UNIT ( $, .RADIAN. ) );
#2841 = FILL_AREA_STYLE ('',( #5378 ) ) ;
#2842 = VECTOR ( 'NONE', #12, 1000.000000000000000 ) ;
#2843 = ORIENTED_EDGE ( 'NONE', *, *, #5888, .F. ) ;
#2844 =( GEOMETRIC_REPRESENTATION_CONTEXT ( 3 ) GLOBAL_UNCERTAINTY_ASSIGNED_CONTEXT ( ( #3630 ) ) GLOBAL_UNIT_ASSIGNED_CONTEXT ( ( #1870, #5003, #4535 ) ) REPRESENTATION_CONTEXT ( 'NONE', 'WORKASPACE' ) );
#2845 = DIRECTION ( 'NONE',  ( 0.000000000000000000, 1.000000000000000000, 3.491483361109382066E-15 ) ) ;
#2846 = EDGE_CURVE ( 'NONE', #4313, #4523, #1412, .T. ) ;
#2847 = ORIENTED_EDGE ( 'NONE', *, *, #640, .F. ) ;
#2848 = CARTESIAN_POINT ( 'NONE',  ( 2.849999999990625810, 1.399999999999997469, 0.8000000000078173468 ) ) ;
#2849 = AXIS2_PLACEMENT_3D ( 'NONE', #8375, #2551, #5146 ) ;
#2850 = CARTESIAN_POINT ( 'NONE',  ( 1.500000000000000000, -0.3000000001520675141, 0.3999999999564352038 ) ) ;
#2851 = COLOUR_RGB ( '',0.000000000000000000, 0.000000000000000000, 1.000000000000000000 ) ;
#2852 = ORIENTED_EDGE ( 'NONE', *, *, #372, .F. ) ;
#2853 = SURFACE_STYLE_FILL_AREA ( #1862 ) ;
#2854 = PLANE ( 'NONE',  #119 ) ;
#2855 = DIRECTION ( 'NONE',  ( -0.000000000000000000, -1.000000000000000000, 0.000000000000000000 ) ) ;
#2856 = STYLED_ITEM ( 'NONE', ( #1269 ), #3058 ) ;
#2857 = EDGE_CURVE ( 'NONE', #5818, #5740, #7857, .T. ) ;
#2858 = LINE ( 'NONE', #6226, #4211 ) ;
#2859 = CARTESIAN_POINT ( 'NONE',  ( 2.049999999240625481, 0.0001000000000045392882, -1.300100000000000255 ) ) ;
#2860 = DIRECTION ( 'NONE',  ( 0.000000000000000000, 0.000000000000000000, -1.000000000000000000 ) ) ;
#2861 = DIRECTION ( 'NONE',  ( 0.000000000000000000, 0.000000000000000000, -1.000000000000000000 ) ) ;
#2862 = SURFACE_STYLE_FILL_AREA ( #1058 ) ;
#2863 = FILL_AREA_STYLE_COLOUR ( '', #7813 ) ;
#2864 = ORIENTED_EDGE ( 'NONE', *, *, #4766, .F. ) ;
#2865 =( LENGTH_UNIT ( ) NAMED_UNIT ( * ) SI_UNIT ( .MILLI., .METRE. ) );
#2866 = EDGE_CURVE ( 'NONE', #981, #4747, #1325, .T. ) ;
#2867 = VECTOR ( 'NONE', #897, 1000.000000000000000 ) ;
#2868 =( NAMED_UNIT ( * ) SI_UNIT ( $, .STERADIAN. ) SOLID_ANGLE_UNIT ( ) );
#2869 = DIRECTION ( 'NONE',  ( 9.876681162117937679E-16, 1.000000000000000000, 3.185229682395820612E-15 ) ) ;
#2870 = DIRECTION ( 'NONE',  ( 0.000000000000000000, -3.491483361109382461E-15, 1.000000000000000000 ) ) ;
#2871 = DIRECTION ( 'NONE',  ( 0.000000000000000000, 0.000000000000000000, 1.000000000000000000 ) ) ;
#2872 =( LENGTH_UNIT ( ) NAMED_UNIT ( * ) SI_UNIT ( .MILLI., .METRE. ) );
#2873 = PRESENTATION_LAYER_ASSIGNMENT (  '', '', ( #6523 ) ) ;
#2874 = VERTEX_POINT ( 'NONE', #7260 ) ;
#2875 = FILL_AREA_STYLE_COLOUR ( '', #7228 ) ;
#2876 = SURFACE_STYLE_USAGE ( .BOTH. , #905 ) ;
#2877 = UNCERTAINTY_MEASURE_WITH_UNIT (LENGTH_MEASURE( 1.000000000000000082E-05 ), #6964, 'distance_accuracy_value', 'NONE');
#2878 = ORIENTED_EDGE ( 'NONE', *, *, #6840, .T. ) ;
#2879 = ORIENTED_EDGE ( 'NONE', *, *, #1525, .F. ) ;
#2880 = SURFACE_STYLE_USAGE ( .BOTH. , #281 ) ;
#2881 = SURFACE_STYLE_USAGE ( .BOTH. , #1522 ) ;
#2882 = ORIENTED_EDGE ( 'NONE', *, *, #4589, .T. ) ;
#2883 = VECTOR ( 'NONE', #4864, 1000.000000000000000 ) ;
#2884 = PLANE ( 'NONE',  #2098 ) ;
#2885 = EDGE_CURVE ( 'NONE', #7263, #1549, #1452, .T. ) ;
#2886 = UNCERTAINTY_MEASURE_WITH_UNIT (LENGTH_MEASURE( 1.000000000000000082E-05 ), #2980, 'distance_accuracy_value', 'NONE');
#2887 = SURFACE_STYLE_FILL_AREA ( #6110 ) ;
#2888 = ORIENTED_EDGE ( 'NONE', *, *, #7458, .F. ) ;
#2889 = MECHANICAL_DESIGN_GEOMETRIC_PRESENTATION_REPRESENTATION (  '', ( #5866 ), #708 ) ;
#2890 = SURFACE_SIDE_STYLE ('',( #6656 ) ) ;
#2891 = SURFACE_SIDE_STYLE ('',( #331 ) ) ;
#2892 = EDGE_LOOP ( 'NONE', ( #4721, #5925, #2516, #1435 ) ) ;
#2893 = PRESENTATION_STYLE_ASSIGNMENT (( #5484 ) ) ;
#2894 = CARTESIAN_POINT ( 'NONE',  ( 2.134233263949489867, 1.199999999999995959, 1.118366903729215434 ) ) ;
#2895 = EDGE_CURVE ( 'NONE', #5773, #4872, #3417, .T. ) ;
#2896 = CIRCLE ( 'NONE', #7643, 0.4000000000000001887 ) ;
#2897 = SURFACE_SIDE_STYLE ('',( #5393 ) ) ;
#2898 = STYLED_ITEM ( 'NONE', ( #5479 ), #1378 ) ;
#2899 = UNCERTAINTY_MEASURE_WITH_UNIT (LENGTH_MEASURE( 1.000000000000000082E-05 ), #5595, 'distance_accuracy_value', 'NONE');
#2900 = LINE ( 'NONE', #2938, #5836 ) ;
#2901 = ORIENTED_EDGE ( 'NONE', *, *, #4542, .T. ) ;
#2902 = CARTESIAN_POINT ( 'NONE',  ( 0.3000000000124998234, 1.199999999999990186, 2.800000000012504042 ) ) ;
#2903 = AXIS2_PLACEMENT_3D ( 'NONE', #310, #3662, #6851 ) ;
#2904 = FACE_OUTER_BOUND ( 'NONE', #2691, .T. ) ;
#2905 = ADVANCED_FACE ( 'NONE', ( #844 ), #6666, .F. ) ;
#2906 = ORIENTED_EDGE ( 'NONE', *, *, #2307, .F. ) ;
#2907 =( LENGTH_UNIT ( ) NAMED_UNIT ( * ) SI_UNIT ( .MILLI., .METRE. ) );
#2908 = VECTOR ( 'NONE', #7203, 1000.000000000000000 ) ;
#2909 = DIRECTION ( 'NONE',  ( -0.000000000000000000, -0.000000000000000000, 1.000000000000000000 ) ) ;
#2910 = DIRECTION ( 'NONE',  ( 0.000000000000000000, -1.000000000000000000, -3.491483361109382461E-15 ) ) ;
#2911 = DIRECTION ( 'NONE',  ( 0.000000000000000000, -1.000000000000000000, -3.491483361109382461E-15 ) ) ;
#2912 = CARTESIAN_POINT ( 'NONE',  ( 1.500000000000000000, -0.3000000000128176803, 0.4000000000956850377 ) ) ;
#2913 = SURFACE_STYLE_USAGE ( .BOTH. , #3706 ) ;
#2914 = SURFACE_STYLE_USAGE ( .BOTH. , #5584 ) ;
#2915 = CARTESIAN_POINT ( 'NONE',  ( -2.749999999931249217, 1.399999999999995470, 1.300000000000005151 ) ) ;
#2916 = VECTOR ( 'NONE', #2919, 1000.000000000000000 ) ;
#2917 = ORIENTED_EDGE ( 'NONE', *, *, #7654, .F. ) ;
#2918 = LINE ( 'NONE', #5332, #3533 ) ;
#2919 = DIRECTION ( 'NONE',  ( -0.000000000000000000, -0.000000000000000000, 1.000000000000000000 ) ) ;
#2920 = FILL_AREA_STYLE_COLOUR ( '', #7185 ) ;
#2921 = VERTEX_POINT ( 'NONE', #6038 ) ;
#2922 = VERTEX_POINT ( 'NONE', #6946 ) ;
#2923 = SURFACE_STYLE_FILL_AREA ( #4832 ) ;
#2924 = DIRECTION ( 'NONE',  ( 1.000000000000000000, -0.000000000000000000, 0.000000000000000000 ) ) ;
#2925 = COLOUR_RGB ( '',0.000000000000000000, 0.000000000000000000, 1.000000000000000000 ) ;
#2926 = EDGE_LOOP ( 'NONE', ( #5731, #8181, #380, #1770 ) ) ;
#2927 = FACE_OUTER_BOUND ( 'NONE', #5287, .T. ) ;
#2928 = DIRECTION ( 'NONE',  ( 0.000000000000000000, 3.491483361109382461E-15, -1.000000000000000000 ) ) ;
#2929 = EDGE_CURVE ( 'NONE', #7104, #6014, #6988, .T. ) ;
#2930 = PRESENTATION_STYLE_ASSIGNMENT (( #7379 ) ) ;
#2931 = ORIENTED_EDGE ( 'NONE', *, *, #4155, .F. ) ;
#2932 =( NAMED_UNIT ( * ) SI_UNIT ( $, .STERADIAN. ) SOLID_ANGLE_UNIT ( ) );
#2933 = VERTEX_POINT ( 'NONE', #6274 ) ;
#2934 = STYLED_ITEM ( 'NONE', ( #3914 ), #6401 ) ;
#2935 = LINE ( 'NONE', #8109, #2769 ) ;
#2936 = LINE ( 'NONE', #3614, #7207 ) ;
#2937 = EDGE_CURVE ( 'NONE', #3054, #4791, #2858, .T. ) ;
#2938 = CARTESIAN_POINT ( 'NONE',  ( -3.150000000000000355, 1.199999999999997291, 0.7500000000000033307 ) ) ;
#2939 = COLOUR_RGB ( '',1.000000000000000000, 0.000000000000000000, 1.000000000000000000 ) ;
#2940 = VERTEX_POINT ( 'NONE', #1133 ) ;
#2941 = CYLINDRICAL_SURFACE ( 'NONE', #6191, 0.1999999999999987899 ) ;
#2942 = ADVANCED_FACE ( 'NONE', ( #3645 ), #7579, .F. ) ;
#2943 = SURFACE_STYLE_USAGE ( .BOTH. , #5654 ) ;
#2944 = CARTESIAN_POINT ( 'NONE',  ( 1.430000000074470590, 1.399999999999995692, 1.299999999821874752 ) ) ;
#2945 = ORIENTED_EDGE ( 'NONE', *, *, #6297, .T. ) ;
#2946 = COLOUR_RGB ( '',0.000000000000000000, 0.000000000000000000, 1.000000000000000000 ) ;
#2947 = PLANE ( 'NONE',  #3683 ) ;
#2948 = LINE ( 'NONE', #4304, #7500 ) ;
#2949 = CARTESIAN_POINT ( 'NONE',  ( 2.049999999549999785, 0.1500000000000076827, -2.199999999999999734 ) ) ;
#2950 = CARTESIAN_POINT ( 'NONE',  ( 2.134233264000001462, 1.399999999999996136, 1.118366904000004602 ) ) ;
#2951 =( LENGTH_UNIT ( ) NAMED_UNIT ( * ) SI_UNIT ( .MILLI., .METRE. ) );
#2952 = PRESENTATION_STYLE_ASSIGNMENT (( #350 ) ) ;
#2953 = UNCERTAINTY_MEASURE_WITH_UNIT (LENGTH_MEASURE( 1.000000000000000082E-05 ), #7362, 'distance_accuracy_value', 'NONE');
#2954 = EDGE_CURVE ( 'NONE', #2484, #7966, #5394, .T. ) ;
#2955 = STYLED_ITEM ( 'NONE', ( #4171 ), #6800 ) ;
#2956 = DIRECTION ( 'NONE',  ( 0.000000000000000000, -1.000000000000000000, -3.491483361109382461E-15 ) ) ;
#2957 = ORIENTED_EDGE ( 'NONE', *, *, #458, .T. ) ;
#2958 = DIRECTION ( 'NONE',  ( -1.000000000000000000, -0.000000000000000000, -0.000000000000000000 ) ) ;
#2959 = DIRECTION ( 'NONE',  ( 0.000000000000000000, -1.000000000000000000, -3.491483361109382461E-15 ) ) ;
#2960 = MECHANICAL_DESIGN_GEOMETRIC_PRESENTATION_REPRESENTATION (  '', ( #2542 ), #2148 ) ;
#2961 = DIRECTION ( 'NONE',  ( 0.000000000000000000, -3.491483361109382461E-15, 1.000000000000000000 ) ) ;
#2962 = ADVANCED_FACE ( 'NONE', ( #1541 ), #7389, .F. ) ;
#2963 = ORIENTED_EDGE ( 'NONE', *, *, #5222, .F. ) ;
#2964 = FILL_AREA_STYLE ('',( #5674 ) ) ;
#2965 = MECHANICAL_DESIGN_GEOMETRIC_PRESENTATION_REPRESENTATION (  '', ( #3107 ), #4039 ) ;
#2966 =( LENGTH_UNIT ( ) NAMED_UNIT ( * ) SI_UNIT ( .MILLI., .METRE. ) );
#2967 = VERTEX_POINT ( 'NONE', #7663 ) ;
#2968 = AXIS2_PLACEMENT_3D ( 'NONE', #4545, #7051, #46 ) ;
#2969 = MECHANICAL_DESIGN_GEOMETRIC_PRESENTATION_REPRESENTATION (  '', ( #5685 ), #7437 ) ;
#2970 = UNCERTAINTY_MEASURE_WITH_UNIT (LENGTH_MEASURE( 1.000000000000000082E-05 ), #3149, 'distance_accuracy_value', 'NONE');
#2971 = FILL_AREA_STYLE ('',( #4752 ) ) ;
#2972 = ORIENTED_EDGE ( 'NONE', *, *, #3067, .F. ) ;
#2973 = VECTOR ( 'NONE', #2557, 1000.000000000000000 ) ;
#2974 = CARTESIAN_POINT ( 'NONE',  ( -3.150000000000000355, 0.6499999998999953510, 0.7500000000000045519 ) ) ;
#2975 = LINE ( 'NONE', #5560, #257 ) ;
#2976 = EDGE_LOOP ( 'NONE', ( #967, #7892, #1312, #5032, #7397, #6310, #2477 ) ) ;
#2977 = CIRCLE ( 'NONE', #5546, 0.4000000000000001887 ) ;
#2978 = COLOUR_RGB ( '',1.000000000000000000, 0.5019607843137254832, 0.000000000000000000 ) ;
#2979 =( NAMED_UNIT ( * ) PLANE_ANGLE_UNIT ( ) SI_UNIT ( $, .RADIAN. ) );
#2980 =( LENGTH_UNIT ( ) NAMED_UNIT ( * ) SI_UNIT ( .MILLI., .METRE. ) );
#2981 = MECHANICAL_DESIGN_GEOMETRIC_PRESENTATION_REPRESENTATION (  '', ( #2028 ), #4599 ) ;
#2982 =( GEOMETRIC_REPRESENTATION_CONTEXT ( 3 ) GLOBAL_UNCERTAINTY_ASSIGNED_CONTEXT ( ( #2531 ) ) GLOBAL_UNIT_ASSIGNED_CONTEXT ( ( #3495, #5602, #3103 ) ) REPRESENTATION_CONTEXT ( 'NONE', 'WORKASPACE' ) );
#2983 = CARTESIAN_POINT ( 'NONE',  ( 1.500000000000000000, 0.1499999999999999944, 7.038057745108188363E-16 ) ) ;
#2984 =( NAMED_UNIT ( * ) SI_UNIT ( $, .STERADIAN. ) SOLID_ANGLE_UNIT ( ) );
#2985 = DIRECTION ( 'NONE',  ( 0.000000000000000000, -1.000000000000000000, -3.491483361109382461E-15 ) ) ;
#2986 = VECTOR ( 'NONE', #7821, 1000.000000000000000 ) ;
#2987 = PLANE ( 'NONE',  #6061 ) ;
#2988 = EDGE_CURVE ( 'NONE', #1709, #8098, #703, .T. ) ;
#2989 = ORIENTED_EDGE ( 'NONE', *, *, #4258, .T. ) ;
#2990 = CARTESIAN_POINT ( 'NONE',  ( 1.125300120096095924, 5.430177791795889003E-16, -0.1399999999999998468 ) ) ;
#2991 =( GEOMETRIC_REPRESENTATION_CONTEXT ( 3 ) GLOBAL_UNCERTAINTY_ASSIGNED_CONTEXT ( ( #8397 ) ) GLOBAL_UNIT_ASSIGNED_CONTEXT ( ( #1032, #5504, #5591 ) ) REPRESENTATION_CONTEXT ( 'NONE', 'WORKASPACE' ) );
#2992 = VERTEX_POINT ( 'NONE', #3803 ) ;
#2993 =( NAMED_UNIT ( * ) SI_UNIT ( $, .STERADIAN. ) SOLID_ANGLE_UNIT ( ) );
#2994 = VECTOR ( 'NONE', #1970, 1000.000000000000000 ) ;
#2995 = FILL_AREA_STYLE_COLOUR ( '', #5066 ) ;
#2996 = EDGE_CURVE ( 'NONE', #4200, #4467, #1177, .T. ) ;
#2997 = LINE ( 'NONE', #438, #1540 ) ;
#2998 = DIRECTION ( 'NONE',  ( -2.062496585642751853E-09, -1.000000000000000000, -2.891205793415121511E-15 ) ) ;
#2999 = STYLED_ITEM ( 'NONE', ( #4196 ), #3269 ) ;
#3000 = FILL_AREA_STYLE_COLOUR ( '', #6815 ) ;
#3001 = DIRECTION ( 'NONE',  ( 0.000000000000000000, 1.000000000000000000, 3.491483361109382066E-15 ) ) ;
#3002 = SURFACE_STYLE_FILL_AREA ( #6054 ) ;
#3003 =( GEOMETRIC_REPRESENTATION_CONTEXT ( 3 ) GLOBAL_UNCERTAINTY_ASSIGNED_CONTEXT ( ( #585 ) ) GLOBAL_UNIT_ASSIGNED_CONTEXT ( ( #2762, #7940, #6654 ) ) REPRESENTATION_CONTEXT ( 'NONE', 'WORKASPACE' ) );
#3004 =( NAMED_UNIT ( * ) SI_UNIT ( $, .STERADIAN. ) SOLID_ANGLE_UNIT ( ) );
#3005 = EDGE_LOOP ( 'NONE', ( #1037, #6788, #6820, #6724 ) ) ;
#3006 = SURFACE_STYLE_USAGE ( .BOTH. , #1681 ) ;
#3007 = DIRECTION ( 'NONE',  ( -0.000000000000000000, -1.000000000000000000, -0.000000000000000000 ) ) ;
#3008 = EDGE_CURVE ( 'NONE', #5293, #4313, #6400, .T. ) ;
#3009 = FACE_OUTER_BOUND ( 'NONE', #6725, .T. ) ;
#3010 = ORIENTED_EDGE ( 'NONE', *, *, #7147, .F. ) ;
#3011 = ORIENTED_EDGE ( 'NONE', *, *, #5451, .F. ) ;
#3012 = FACE_BOUND ( 'NONE', #6221, .T. ) ;
#3013 = VECTOR ( 'NONE', #4140, 1000.000000000000000 ) ;
#3014 =( NAMED_UNIT ( * ) SI_UNIT ( $, .STERADIAN. ) SOLID_ANGLE_UNIT ( ) );
#3015 = PRESENTATION_LAYER_ASSIGNMENT (  '', '', ( #4360 ) ) ;
#3016 = ORIENTED_EDGE ( 'NONE', *, *, #6417, .T. ) ;
#3017 = EDGE_CURVE ( 'NONE', #6228, #6107, #3762, .T. ) ;
#3018 = CARTESIAN_POINT ( 'NONE',  ( -3.850000000000000533, 0.2000000000666620481, 1.299900000000000055 ) ) ;
#3019 = CARTESIAN_POINT ( 'NONE',  ( -0.9299999999999998268, 1.200000000000003730, -1.099999999999995426 ) ) ;
#3020 =( GEOMETRIC_REPRESENTATION_CONTEXT ( 3 ) GLOBAL_UNCERTAINTY_ASSIGNED_CONTEXT ( ( #8145 ) ) GLOBAL_UNIT_ASSIGNED_CONTEXT ( ( #6369, #7631, #1993 ) ) REPRESENTATION_CONTEXT ( 'NONE', 'WORKASPACE' ) );
#3021 = SURFACE_STYLE_FILL_AREA ( #2813 ) ;
#3022 = DIRECTION ( 'NONE',  ( -0.000000000000000000, -1.000000000000000000, -3.491483361109382461E-15 ) ) ;
#3023 = ORIENTED_EDGE ( 'NONE', *, *, #4072, .T. ) ;
#3024 = DIRECTION ( 'NONE',  ( 0.000000000000000000, -1.000000000000000000, -3.614007241618347587E-15 ) ) ;
#3025 = CIRCLE ( 'NONE', #4093, 0.05000000000000002359 ) ;
#3026 = FILL_AREA_STYLE ('',( #418 ) ) ;
#3027 = ORIENTED_EDGE ( 'NONE', *, *, #2338, .F. ) ;
#3028 = AXIS2_PLACEMENT_3D ( 'NONE', #7145, #5070, #7652 ) ;
#3029 = LINE ( 'NONE', #6956, #1784 ) ;
#3030 = LINE ( 'NONE', #1095, #6129 ) ;
#3031 =( GEOMETRIC_REPRESENTATION_CONTEXT ( 3 ) GLOBAL_UNCERTAINTY_ASSIGNED_CONTEXT ( ( #3985 ) ) GLOBAL_UNIT_ASSIGNED_CONTEXT ( ( #7525, #7566, #2439 ) ) REPRESENTATION_CONTEXT ( 'NONE', 'WORKASPACE' ) );
#3032 =( LENGTH_UNIT ( ) NAMED_UNIT ( * ) SI_UNIT ( .MILLI., .METRE. ) );
#3033 = CARTESIAN_POINT ( 'NONE',  ( 0.5499999994328125252, 0.1500000000000076827, -2.199999999999999734 ) ) ;
#3034 = DIRECTION ( 'NONE',  ( 0.000000000000000000, 1.000000000000000000, 3.491483361109382066E-15 ) ) ;
#3035 = PRESENTATION_STYLE_ASSIGNMENT (( #1750 ) ) ;
#3036 = DIRECTION ( 'NONE',  ( 1.000000000000000000, 0.000000000000000000, 0.000000000000000000 ) ) ;
#3037 = AXIS2_PLACEMENT_3D ( 'NONE', #6557, #2745, #4050 ) ;
#3038 =( NAMED_UNIT ( * ) PLANE_ANGLE_UNIT ( ) SI_UNIT ( $, .RADIAN. ) );
#3039 = LINE ( 'NONE', #436, #2601 ) ;
#3040 = DIRECTION ( 'NONE',  ( 0.000000000000000000, -1.000000000000000000, -3.491483361109382461E-15 ) ) ;
#3041 = EDGE_CURVE ( 'NONE', #6882, #3731, #7790, .T. ) ;
#3042 = LINE ( 'NONE', #4305, #3178 ) ;
#3043 = FILL_AREA_STYLE ('',( #8209 ) ) ;
#3044 = CARTESIAN_POINT ( 'NONE',  ( -2.749999999931249217, 1.400000000000003242, -0.9000000001212455913 ) ) ;
#3045 =( NAMED_UNIT ( * ) SI_UNIT ( $, .STERADIAN. ) SOLID_ANGLE_UNIT ( ) );
#3046 = FILL_AREA_STYLE_COLOUR ( '', #7951 ) ;
#3047 = FILL_AREA_STYLE ('',( #442 ) ) ;
#3048 = EDGE_CURVE ( 'NONE', #52, #1308, #5289, .T. ) ;
#3049 = CARTESIAN_POINT ( 'NONE',  ( 0.000000000000000000, 0.000000000000000000, 0.000000000000000000 ) ) ;
#3050 = ORIENTED_EDGE ( 'NONE', *, *, #4809, .F. ) ;
#3051 = LINE ( 'NONE', #6856, #5703 ) ;
#3052 = VECTOR ( 'NONE', #4289, 1000.000000000000000 ) ;
#3053 = CARTESIAN_POINT ( 'NONE',  ( 2.750000000000000000, 1.399999999999997691, 0.8000000000062550409 ) ) ;
#3054 = VERTEX_POINT ( 'NONE', #5770 ) ;
#3055 = VERTEX_POINT ( 'NONE', #2618 ) ;
#3056 = DIRECTION ( 'NONE',  ( -0.000000000000000000, 1.000000000000000000, 3.491483361109382461E-15 ) ) ;
#3057 = CARTESIAN_POINT ( 'NONE',  ( -3.850000000000000533, 3.186012110008010774E-15, -0.9000000001406248673 ) ) ;
#3058 = ADVANCED_FACE ( 'NONE', ( #8359 ), #4528, .F. ) ;
#3059 = LINE ( 'NONE', #1730, #3245 ) ;
#3060 = ORIENTED_EDGE ( 'NONE', *, *, #41, .F. ) ;
#3061 = SURFACE_SIDE_STYLE ('',( #454 ) ) ;
#3062 = CARTESIAN_POINT ( 'NONE',  ( 3.850000000000000089, 1.400000000000004574, -1.299999999999995159 ) ) ;
#3063 = UNCERTAINTY_MEASURE_WITH_UNIT (LENGTH_MEASURE( 1.000000000000000082E-05 ), #859, 'distance_accuracy_value', 'NONE');
#3064 = LINE ( 'NONE', #3805, #8149 ) ;
#3065 = ORIENTED_EDGE ( 'NONE', *, *, #3041, .T. ) ;
#3066 = PRESENTATION_STYLE_ASSIGNMENT (( #1781 ) ) ;
#3067 = EDGE_CURVE ( 'NONE', #7595, #7924, #6504, .T. ) ;
#3068 = VERTEX_POINT ( 'NONE', #7327 ) ;
#3069 = DIRECTION ( 'NONE',  ( 0.000000000000000000, 0.000000000000000000, 1.000000000000000000 ) ) ;
#3070 = AXIS2_PLACEMENT_3D ( 'NONE', #1705, #1580, #6880 ) ;
#3071 = CARTESIAN_POINT ( 'NONE',  ( 1.430100000000000593, 1.199999999972995557, 0.9500000000000000666 ) ) ;
#3072 = EDGE_CURVE ( 'NONE', #7863, #6825, #6645, .T. ) ;
#3073 = ORIENTED_EDGE ( 'NONE', *, *, #6041, .T. ) ;
#3074 = CARTESIAN_POINT ( 'NONE',  ( 2.200000000000000178, 0.1499999999999973299, 0.7600000000000005640 ) ) ;
#3075 = AXIS2_PLACEMENT_3D ( 'NONE', #6512, #4601, #7195 ) ;
#3076 = DIRECTION ( 'NONE',  ( 0.000000000000000000, 3.491483361109382461E-15, -1.000000000000000000 ) ) ;
#3077 = VERTEX_POINT ( 'NONE', #164 ) ;
#3078 = CARTESIAN_POINT ( 'NONE',  ( 1.500000000000000000, 0.1499999999999999944, 7.038057745108188363E-16 ) ) ;
#3079 = DIRECTION ( 'NONE',  ( 0.7071067811865483499, 0.000000000000000000, -0.7071067811865467956 ) ) ;
#3080 =( NAMED_UNIT ( * ) SI_UNIT ( $, .STERADIAN. ) SOLID_ANGLE_UNIT ( ) );
#3081 = COLOUR_RGB ( '',1.000000000000000000, 0.5019607843137254832, 0.000000000000000000 ) ;
#3082 = LINE ( 'NONE', #4941, #447 ) ;
#3083 = DIRECTION ( 'NONE',  ( -1.204669080539449344E-16, 3.491483361109382066E-15, -1.000000000000000000 ) ) ;
#3084 = UNCERTAINTY_MEASURE_WITH_UNIT (LENGTH_MEASURE( 1.000000000000000082E-05 ), #3181, 'distance_accuracy_value', 'NONE');
#3085 = FILL_AREA_STYLE ('',( #1067 ) ) ;
#3086 = CARTESIAN_POINT ( 'NONE',  ( 1.400000000173125203, 1.199999999999995959, 1.100000000000004086 ) ) ;
#3087 = FILL_AREA_STYLE ('',( #612 ) ) ;
#3088 = FILL_AREA_STYLE ('',( #3046 ) ) ;
#3089 = VERTEX_POINT ( 'NONE', #4737 ) ;
#3090 = DIRECTION ( 'NONE',  ( -0.000000000000000000, -3.491483361109382461E-15, 1.000000000000000000 ) ) ;
#3091 = SURFACE_SIDE_STYLE ('',( #6140 ) ) ;
#3092 = AXIS2_PLACEMENT_3D ( 'NONE', #7138, #3953, #5270 ) ;
#3093 = ORIENTED_EDGE ( 'NONE', *, *, #1398, .T. ) ;
#3094 = ORIENTED_EDGE ( 'NONE', *, *, #1165, .T. ) ;
#3095 =( LENGTH_UNIT ( ) NAMED_UNIT ( * ) SI_UNIT ( .MILLI., .METRE. ) );
#3096 = LINE ( 'NONE', #4403, #5607 ) ;
#3097 = CARTESIAN_POINT ( 'NONE',  ( 0.09999999999999982514, 0.7999999999999949374, 1.410000000062503034 ) ) ;
#3098 = EDGE_CURVE ( 'NONE', #5516, #4105, #5976, .T. ) ;
#3099 = VERTEX_POINT ( 'NONE', #7883 ) ;
#3100 = LINE ( 'NONE', #1174, #4462 ) ;
#3101 = VECTOR ( 'NONE', #2501, 1000.000000000000000 ) ;
#3102 = PLANE ( 'NONE',  #2243 ) ;
#3103 =( NAMED_UNIT ( * ) SI_UNIT ( $, .STERADIAN. ) SOLID_ANGLE_UNIT ( ) );
#3104 = EDGE_CURVE ( 'NONE', #3685, #7198, #5705, .T. ) ;
#3105 =( NAMED_UNIT ( * ) PLANE_ANGLE_UNIT ( ) SI_UNIT ( $, .RADIAN. ) );
#3106 = AXIS2_PLACEMENT_3D ( 'NONE', #293, #6791, #370 ) ;
#3107 = STYLED_ITEM ( 'NONE', ( #6480 ), #7341 ) ;
#3108 = ORIENTED_EDGE ( 'NONE', *, *, #4640, .T. ) ;
#3109 = LINE ( 'NONE', #1228, #3503 ) ;
#3110 = CARTESIAN_POINT ( 'NONE',  ( 2.015766735948107069, 1.200000000000003730, -1.118366903335748841 ) ) ;
#3111 = DIRECTION ( 'NONE',  ( 0.000000000000000000, -3.252606517456511724E-15, 1.000000000000000000 ) ) ;
#3112 = PRESENTATION_LAYER_ASSIGNMENT (  '', '', ( #6749 ) ) ;
#3113 = VERTEX_POINT ( 'NONE', #205 ) ;
#3114 = MECHANICAL_DESIGN_GEOMETRIC_PRESENTATION_REPRESENTATION (  '', ( #4865 ), #4990 ) ;
#3115 =( NAMED_UNIT ( * ) SI_UNIT ( $, .STERADIAN. ) SOLID_ANGLE_UNIT ( ) );
#3116 = COLOUR_RGB ( '',1.000000000000000000, 0.5019607843137254832, 0.000000000000000000 ) ;
#3117 =( LENGTH_UNIT ( ) NAMED_UNIT ( * ) SI_UNIT ( .MILLI., .METRE. ) );
#3118 = LINE ( 'NONE', #5697, #5853 ) ;
#3119 = COLOUR_RGB ( '',0.000000000000000000, 0.000000000000000000, 1.000000000000000000 ) ;
#3120 = DIRECTION ( 'NONE',  ( 0.000000000000000000, -1.000000000000000000, 0.000000000000000000 ) ) ;
#3121 = DIRECTION ( 'NONE',  ( 0.000000000000000000, -1.000000000000000000, -3.491483361109382461E-15 ) ) ;
#3122 = VECTOR ( 'NONE', #199, 999.9999999999998863 ) ;
#3123 = SURFACE_STYLE_USAGE ( .BOTH. , #5820 ) ;
#3124 = PRESENTATION_LAYER_ASSIGNMENT (  '', '', ( #390 ) ) ;
#3125 = EDGE_CURVE ( 'NONE', #4228, #2921, #7284, .T. ) ;
#3126 =( NAMED_UNIT ( * ) SI_UNIT ( $, .STERADIAN. ) SOLID_ANGLE_UNIT ( ) );
#3127 = CARTESIAN_POINT ( 'NONE',  ( -3.149999999974375520, 0.6500000000000025757, -0.7499999999999965583 ) ) ;
#3128 = AXIS2_PLACEMENT_3D ( 'NONE', #2626, #7891, #7757 ) ;
#3129 = DIRECTION ( 'NONE',  ( -0.000000000000000000, -0.000000000000000000, 1.000000000000000000 ) ) ;
#3130 = AXIS2_PLACEMENT_3D ( 'NONE', #4758, #1365, #5995 ) ;
#3131 =( GEOMETRIC_REPRESENTATION_CONTEXT ( 3 ) GLOBAL_UNCERTAINTY_ASSIGNED_CONTEXT ( ( #3084 ) ) GLOBAL_UNIT_ASSIGNED_CONTEXT ( ( #3181, #3791, #7062 ) ) REPRESENTATION_CONTEXT ( 'NONE', 'WORKASPACE' ) );
#3132 = CARTESIAN_POINT ( 'NONE',  ( 1.430000000000000604, 1.399999999999995470, 1.300000000000005151 ) ) ;
#3133 = CARTESIAN_POINT ( 'NONE',  ( -1.500000000000000000, 0.1499999999999999944, 7.038057745108187377E-16 ) ) ;
#3134 = UNCERTAINTY_MEASURE_WITH_UNIT (LENGTH_MEASURE( 1.000000000000000082E-05 ), #4876, 'distance_accuracy_value', 'NONE');
#3135 =( NAMED_UNIT ( * ) PLANE_ANGLE_UNIT ( ) SI_UNIT ( $, .RADIAN. ) );
#3136 = STYLED_ITEM ( 'NONE', ( #5238 ), #3428 ) ;
#3137 = ORIENTED_EDGE ( 'NONE', *, *, #3586, .F. ) ;
#3138 =( NAMED_UNIT ( * ) PLANE_ANGLE_UNIT ( ) SI_UNIT ( $, .RADIAN. ) );
#3139 = AXIS2_PLACEMENT_3D ( 'NONE', #2603, #727, #3871 ) ;
#3140 = ADVANCED_FACE ( 'NONE', ( #4783 ), #4019, .F. ) ;
#3141 = CARTESIAN_POINT ( 'NONE',  ( 3.350000000000000089, 0.7000000000000041744, -1.249999999999997558 ) ) ;
#3142 = VECTOR ( 'NONE', #3194, 1000.000000000000000 ) ;
#3143 = PRESENTATION_STYLE_ASSIGNMENT (( #6509 ) ) ;
#3144 = ORIENTED_EDGE ( 'NONE', *, *, #7442, .F. ) ;
#3145 = ORIENTED_EDGE ( 'NONE', *, *, #2190, .F. ) ;
#3146 = UNCERTAINTY_MEASURE_WITH_UNIT (LENGTH_MEASURE( 1.000000000000000082E-05 ), #7986, 'distance_accuracy_value', 'NONE');
#3147 = ORIENTED_EDGE ( 'NONE', *, *, #3858, .F. ) ;
#3148 = PRESENTATION_STYLE_ASSIGNMENT (( #531 ) ) ;
#3149 =( LENGTH_UNIT ( ) NAMED_UNIT ( * ) SI_UNIT ( .MILLI., .METRE. ) );
#3150 = ORIENTED_EDGE ( 'NONE', *, *, #5535, .T. ) ;
#3151 = PLANE ( 'NONE',  #7440 ) ;
#3152 = AXIS2_PLACEMENT_3D ( 'NONE', #1097, #1185, #5012 ) ;
#3153 = CARTESIAN_POINT ( 'NONE',  ( -3.850000000000000533, 7.724940478959219092E-15, -2.200000000000000178 ) ) ;
#3154 = SURFACE_STYLE_FILL_AREA ( #7710 ) ;
#3155 = UNCERTAINTY_MEASURE_WITH_UNIT (LENGTH_MEASURE( 1.000000000000000082E-05 ), #2163, 'distance_accuracy_value', 'NONE');
#3156 = AXIS2_PLACEMENT_3D ( 'NONE', #6253, #8211, #1804 ) ;
#3157 = EDGE_CURVE ( 'NONE', #6072, #2967, #6783, .T. ) ;
#3158 = EDGE_LOOP ( 'NONE', ( #870, #2359, #3600, #7114 ) ) ;
#3159 = CARTESIAN_POINT ( 'NONE',  ( -3.150000000000000355, 0.2500000000333291728, -0.8999999999999991340 ) ) ;
#3160 = CIRCLE ( 'NONE', #4232, 0.4000000000000001887 ) ;
#3161 = VERTEX_POINT ( 'NONE', #234 ) ;
#3162 = ADVANCED_FACE ( 'NONE', ( #3438 ), #5978, .F. ) ;
#3163 =( GEOMETRIC_REPRESENTATION_CONTEXT ( 3 ) GLOBAL_UNCERTAINTY_ASSIGNED_CONTEXT ( ( #2214 ) ) GLOBAL_UNIT_ASSIGNED_CONTEXT ( ( #2694, #798, #1789 ) ) REPRESENTATION_CONTEXT ( 'NONE', 'WORKASPACE' ) );
#3164 = CARTESIAN_POINT ( 'NONE',  ( 1.430000001333333826, 1.400000000000004574, -1.299999999999995159 ) ) ;
#3165 = STYLED_ITEM ( 'NONE', ( #4183 ), #4354 ) ;
#3166 = CARTESIAN_POINT ( 'NONE',  ( -2.449999999606249812, 0.0001000000000045392882, -1.300100000000000255 ) ) ;
#3167 = LINE ( 'NONE', #3730, #1235 ) ;
#3168 = ORIENTED_EDGE ( 'NONE', *, *, #1739, .F. ) ;
#3169 = CARTESIAN_POINT ( 'NONE',  ( -3.850000000000000533, 1.399999999999996358, 1.300000000000005151 ) ) ;
#3170 = COLOUR_RGB ( '',0.000000000000000000, 0.000000000000000000, 1.000000000000000000 ) ;
#3171 = EDGE_LOOP ( 'NONE', ( #1586, #3050, #6203, #1170 ) ) ;
#3172 = EDGE_CURVE ( 'NONE', #6223, #2565, #402, .T. ) ;
#3173 = DIRECTION ( 'NONE',  ( -0.000000000000000000, -1.000000000000000000, -3.491483361109382461E-15 ) ) ;
#3174 = PRESENTATION_STYLE_ASSIGNMENT (( #1411 ) ) ;
#3175 = CARTESIAN_POINT ( 'NONE',  ( -3.349999999992840483, 0.9000000000617585094, -1.249999999992965627 ) ) ;
#3176 = ORIENTED_EDGE ( 'NONE', *, *, #1638, .T. ) ;
#3177 =( NAMED_UNIT ( * ) SI_UNIT ( $, .STERADIAN. ) SOLID_ANGLE_UNIT ( ) );
#3178 = VECTOR ( 'NONE', #6852, 1000.000000000000000 ) ;
#3179 = SURFACE_STYLE_FILL_AREA ( #5109 ) ;
#3180 = ORIENTED_EDGE ( 'NONE', *, *, #5049, .F. ) ;
#3181 =( LENGTH_UNIT ( ) NAMED_UNIT ( * ) SI_UNIT ( .MILLI., .METRE. ) );
#3182 = VECTOR ( 'NONE', #1257, 1000.000000000000000 ) ;
#3183 = MECHANICAL_DESIGN_GEOMETRIC_PRESENTATION_REPRESENTATION (  '', ( #6828 ), #4256 ) ;
#3184 = ORIENTED_EDGE ( 'NONE', *, *, #1406, .T. ) ;
#3185 = EDGE_CURVE ( 'NONE', #5929, #5248, #3559, .T. ) ;
#3186 = LINE ( 'NONE', #1945, #4225 ) ;
#3187 = PLANE ( 'NONE',  #4548 ) ;
#3188 = DIRECTION ( 'NONE',  ( 1.000000000000000000, 0.000000000000000000, 0.000000000000000000 ) ) ;
#3189 = FILL_AREA_STYLE ('',( #3718 ) ) ;
#3190 =( GEOMETRIC_REPRESENTATION_CONTEXT ( 3 ) GLOBAL_UNCERTAINTY_ASSIGNED_CONTEXT ( ( #2452 ) ) GLOBAL_UNIT_ASSIGNED_CONTEXT ( ( #5710, #4386, #3080 ) ) REPRESENTATION_CONTEXT ( 'NONE', 'WORKASPACE' ) );
#3191 = STYLED_ITEM ( 'NONE', ( #3364 ), #1922 ) ;
#3192 = VERTEX_POINT ( 'NONE', #7491 ) ;
#3193 = LINE ( 'NONE', #2528, #3195 ) ;
#3194 = DIRECTION ( 'NONE',  ( -1.000000000000000000, 0.000000000000000000, 0.000000000000000000 ) ) ;
#3195 = VECTOR ( 'NONE', #8394, 1000.000000000000000 ) ;
#3196 =( NAMED_UNIT ( * ) SI_UNIT ( $, .STERADIAN. ) SOLID_ANGLE_UNIT ( ) );
#3197 = ORIENTED_EDGE ( 'NONE', *, *, #1002, .T. ) ;
#3198 = DIRECTION ( 'NONE',  ( 1.000000000000000000, -3.851859891242074925E-30, 1.084202173180072992E-15 ) ) ;
#3199 = CARTESIAN_POINT ( 'NONE',  ( 2.075000000000000622, 1.200000000000004396, -1.309394179999995744 ) ) ;
#3200 = ORIENTED_EDGE ( 'NONE', *, *, #596, .F. ) ;
#3201 =( LENGTH_UNIT ( ) NAMED_UNIT ( * ) SI_UNIT ( .MILLI., .METRE. ) );
#3202 = DIRECTION ( 'NONE',  ( 1.000000000000000000, -0.000000000000000000, 0.000000000000000000 ) ) ;
#3203 = ORIENTED_EDGE ( 'NONE', *, *, #8376, .F. ) ;
#3204 = CARTESIAN_POINT ( 'NONE',  ( 2.075000000000000622, 1.200000000000003730, -1.109394179999995789 ) ) ;
#3205 = VERTEX_POINT ( 'NONE', #8136 ) ;
#3206 = PRESENTATION_LAYER_ASSIGNMENT (  '', '', ( #8210 ) ) ;
#3207 = CARTESIAN_POINT ( 'NONE',  ( -1.500000000000000000, -0.3000000000000001554, -8.673617379884035472E-16 ) ) ;
#3208 = EDGE_CURVE ( 'NONE', #3089, #7568, #2318, .T. ) ;
#3209 = CARTESIAN_POINT ( 'NONE',  ( -1.500000000000000000, -0.3000000001520663484, -9.486769009248163798E-16 ) ) ;
#3210 = FACE_OUTER_BOUND ( 'NONE', #3642, .T. ) ;
#3211 = CARTESIAN_POINT ( 'NONE',  ( -2.749999999921562299, 1.400000000000003686, -1.300099999999995148 ) ) ;
#3212 = EDGE_CURVE ( 'NONE', #7220, #5154, #319, .T. ) ;
#3213 =( GEOMETRIC_REPRESENTATION_CONTEXT ( 3 ) GLOBAL_UNCERTAINTY_ASSIGNED_CONTEXT ( ( #6876 ) ) GLOBAL_UNIT_ASSIGNED_CONTEXT ( ( #1860, #1264, #6394 ) ) REPRESENTATION_CONTEXT ( 'NONE', 'WORKASPACE' ) );
#3214 = PRESENTATION_STYLE_ASSIGNMENT (( #1156 ) ) ;
#3215 = UNCERTAINTY_MEASURE_WITH_UNIT (LENGTH_MEASURE( 1.000000000000000082E-05 ), #4012, 'distance_accuracy_value', 'NONE');
#3216 = VERTEX_POINT ( 'NONE', #1074 ) ;
#3217 = SURFACE_STYLE_USAGE ( .BOTH. , #8258 ) ;
#3218 = SURFACE_SIDE_STYLE ('',( #5068 ) ) ;
#3219 = SURFACE_STYLE_USAGE ( .BOTH. , #1848 ) ;
#3220 = ORIENTED_EDGE ( 'NONE', *, *, #7510, .F. ) ;
#3221 = CARTESIAN_POINT ( 'NONE',  ( 3.350000000000000089, 1.399999999999997691, 0.8000000000000051514 ) ) ;
#3222 = DIRECTION ( 'NONE',  ( 1.000000000000000000, 0.000000000000000000, -0.000000000000000000 ) ) ;
#3223 = EDGE_CURVE ( 'NONE', #1899, #2054, #4353, .T. ) ;
#3224 = VERTEX_POINT ( 'NONE', #955 ) ;
#3225 =( GEOMETRIC_REPRESENTATION_CONTEXT ( 3 ) GLOBAL_UNCERTAINTY_ASSIGNED_CONTEXT ( ( #6798 ) ) GLOBAL_UNIT_ASSIGNED_CONTEXT ( ( #2432, #5015, #1019 ) ) REPRESENTATION_CONTEXT ( 'NONE', 'WORKASPACE' ) );
#3226 = FILL_AREA_STYLE ('',( #6434 ) ) ;
#3227 =( NAMED_UNIT ( * ) SI_UNIT ( $, .STERADIAN. ) SOLID_ANGLE_UNIT ( ) );
#3228 = ORIENTED_EDGE ( 'NONE', *, *, #6764, .F. ) ;
#3229 = EDGE_CURVE ( 'NONE', #6910, #4732, #359, .T. ) ;
#3230 = LINE ( 'NONE', #3932, #4806 ) ;
#3231 = CIRCLE ( 'NONE', #7680, 0.1999999999999987899 ) ;
#3232 = UNCERTAINTY_MEASURE_WITH_UNIT (LENGTH_MEASURE( 1.000000000000000082E-05 ), #2096, 'distance_accuracy_value', 'NONE');
#3233 = SURFACE_STYLE_FILL_AREA ( #7273 ) ;
#3234 = ORIENTED_EDGE ( 'NONE', *, *, #1901, .T. ) ;
#3235 = FILL_AREA_STYLE ('',( #2662 ) ) ;
#3236 = LINE ( 'NONE', #4534, #5536 ) ;
#3237 =( LENGTH_UNIT ( ) NAMED_UNIT ( * ) SI_UNIT ( .MILLI., .METRE. ) );
#3238 = VERTEX_POINT ( 'NONE', #7409 ) ;
#3239 =( NAMED_UNIT ( * ) SI_UNIT ( $, .STERADIAN. ) SOLID_ANGLE_UNIT ( ) );
#3240 = FILL_AREA_STYLE_COLOUR ( '', #5848 ) ;
#3241 = CARTESIAN_POINT ( 'NONE',  ( -4.950694310439250678, 0.2500000000333291728, 0.8999999999015637631 ) ) ;
#3242 = CIRCLE ( 'NONE', #4711, 0.2000000000000000944 ) ;
#3243 = CARTESIAN_POINT ( 'NONE',  ( 0.7999999999999999334, 0.1499999999999973299, 0.7600000000000005640 ) ) ;
#3244 = CARTESIAN_POINT ( 'NONE',  ( 2.049999999634374515, 0.0001000000000076812790, -2.200000000000000178 ) ) ;
#3245 = VECTOR ( 'NONE', #6984, 1000.000000000000000 ) ;
#3246 = STYLED_ITEM ( 'NONE', ( #8303 ), #7466 ) ;
#3247 = CARTESIAN_POINT ( 'NONE',  ( -2.075000000000000178, 1.200000000000004396, -1.309394179999995744 ) ) ;
#3248 = FACE_OUTER_BOUND ( 'NONE', #5640, .T. ) ;
#3249 = VECTOR ( 'NONE', #1323, 1000.000000000000000 ) ;
#3250 = DIRECTION ( 'NONE',  ( -1.000000000000000000, 0.000000000000000000, 0.000000000000000000 ) ) ;
#3251 = DIRECTION ( 'NONE',  ( 0.000000000000000000, 1.000000000000000000, -0.000000000000000000 ) ) ;
#3252 = VECTOR ( 'NONE', #3451, 1000.000000000000000 ) ;
#3253 = DIRECTION ( 'NONE',  ( 0.000000000000000000, 1.000000000000000000, 3.491483361109382461E-15 ) ) ;
#3254 = CARTESIAN_POINT ( 'NONE',  ( -2.200000000000000178, 4.888076705553128898E-16, -0.1399999999999997913 ) ) ;
#3255 = FILL_AREA_STYLE_COLOUR ( '', #5917 ) ;
#3256 = PRESENTATION_STYLE_ASSIGNMENT (( #6505 ) ) ;
#3257 = ORIENTED_EDGE ( 'NONE', *, *, #6993, .F. ) ;
#3258 = SURFACE_STYLE_FILL_AREA ( #647 ) ;
#3259 = EDGE_CURVE ( 'NONE', #4785, #7454, #3636, .T. ) ;
#3260 = LINE ( 'NONE', #8383, #7496 ) ;
#3261 = DIRECTION ( 'NONE',  ( 0.7071067811865467956, -2.468851561040446386E-15, 0.7071067811865483499 ) ) ;
#3262 = ORIENTED_EDGE ( 'NONE', *, *, #8125, .F. ) ;
#3263 = VECTOR ( 'NONE', #1864, 1000.000000000000000 ) ;
#3264 = VERTEX_POINT ( 'NONE', #6179 ) ;
#3265 = ORIENTED_EDGE ( 'NONE', *, *, #7792, .F. ) ;
#3266 =( GEOMETRIC_REPRESENTATION_CONTEXT ( 3 ) GLOBAL_UNCERTAINTY_ASSIGNED_CONTEXT ( ( #1198 ) ) GLOBAL_UNIT_ASSIGNED_CONTEXT ( ( #776, #1429, #901 ) ) REPRESENTATION_CONTEXT ( 'NONE', 'WORKASPACE' ) );
#3267 = ORIENTED_EDGE ( 'NONE', *, *, #4329, .T. ) ;
#3268 = SURFACE_STYLE_FILL_AREA ( #2658 ) ;
#3269 = ADVANCED_FACE ( 'NONE', ( #3009 ), #2363, .F. ) ;
#3270 = LINE ( 'NONE', #7662, #6968 ) ;
#3271 = VECTOR ( 'NONE', #6458, 1000.000000000000000 ) ;
#3272 = ORIENTED_EDGE ( 'NONE', *, *, #15, .T. ) ;
#3273 = CARTESIAN_POINT ( 'NONE',  ( -1.429999999999996607, 1.199999999972995557, 0.9500000000000000666 ) ) ;
#3274 =( NAMED_UNIT ( * ) PLANE_ANGLE_UNIT ( ) SI_UNIT ( $, .RADIAN. ) );
#3275 = EDGE_CURVE ( 'NONE', #7194, #2119, #1724, .T. ) ;
#3276 = CIRCLE ( 'NONE', #4349, 0.05000000000000005135 ) ;
#3277 = ORIENTED_EDGE ( 'NONE', *, *, #5429, .F. ) ;
#3278 = PRODUCT_DEFINITION_SHAPE ( 'NONE', 'NONE',  #7800 ) ;
#3279 = PLANE ( 'NONE',  #7771 ) ;
#3280 =( GEOMETRIC_REPRESENTATION_CONTEXT ( 3 ) GLOBAL_UNCERTAINTY_ASSIGNED_CONTEXT ( ( #8066 ) ) GLOBAL_UNIT_ASSIGNED_CONTEXT ( ( #4009, #5411, #815 ) ) REPRESENTATION_CONTEXT ( 'NONE', 'WORKASPACE' ) );
#3281 = CARTESIAN_POINT ( 'NONE',  ( 1.500000000000000000, 5.421010862427522170E-17, 1.800832703444117038E-16 ) ) ;
#3282 = PRESENTATION_LAYER_ASSIGNMENT (  '', '', ( #2331 ) ) ;
#3283 = EDGE_LOOP ( 'NONE', ( #200, #626, #3267, #547, #7213, #5261, #4799 ) ) ;
#3284 =( NAMED_UNIT ( * ) SI_UNIT ( $, .STERADIAN. ) SOLID_ANGLE_UNIT ( ) );
#3285 = EDGE_CURVE ( 'NONE', #7104, #6659, #448, .T. ) ;
#3286 = DIRECTION ( 'NONE',  ( 0.000000000000000000, -1.000000000000000000, -3.491483361109382855E-15 ) ) ;
#3287 = STYLED_ITEM ( 'NONE', ( #3729 ), #440 ) ;
#3288 = ORIENTED_EDGE ( 'NONE', *, *, #5959, .F. ) ;
#3289 = PRESENTATION_LAYER_ASSIGNMENT (  '', '', ( #564 ) ) ;
#3290 = CARTESIAN_POINT ( 'NONE',  ( 2.749999999998125055, 1.199999999978127896, -0.9000000000112453602 ) ) ;
#3291 = LINE ( 'NONE', #7052, #1260 ) ;
#3292 =( NAMED_UNIT ( * ) SI_UNIT ( $, .STERADIAN. ) SOLID_ANGLE_UNIT ( ) );
#3293 = STYLED_ITEM ( 'NONE', ( #5742 ), #633 ) ;
#3294 = SURFACE_SIDE_STYLE ('',( #6499 ) ) ;
#3295 =( NAMED_UNIT ( * ) SI_UNIT ( $, .STERADIAN. ) SOLID_ANGLE_UNIT ( ) );
#3296 = PRESENTATION_LAYER_ASSIGNMENT (  '', '', ( #7750 ) ) ;
#3297 = CARTESIAN_POINT ( 'NONE',  ( -3.850000000000000533, 7.724940478959219092E-15, -2.200000000000000178 ) ) ;
#3298 = DIRECTION ( 'NONE',  ( -1.000000000000000000, -0.000000000000000000, -0.000000000000000000 ) ) ;
#3299 = MECHANICAL_DESIGN_GEOMETRIC_PRESENTATION_REPRESENTATION (  '', ( #4249 ), #5860 ) ;
#3300 = ORIENTED_EDGE ( 'NONE', *, *, #7173, .T. ) ;
#3301 = FACE_OUTER_BOUND ( 'NONE', #7247, .T. ) ;
#3302 = ADVANCED_FACE ( 'NONE', ( #8217 ), #2402, .F. ) ;
#3303 = MECHANICAL_DESIGN_GEOMETRIC_PRESENTATION_REPRESENTATION (  '', ( #3435 ), #6002 ) ;
#3304 = ORIENTED_EDGE ( 'NONE', *, *, #4365, .T. ) ;
#3305 = COLOUR_RGB ( '',1.000000000000000000, 0.5019607843137254832, 0.000000000000000000 ) ;
#3306 = EDGE_CURVE ( 'NONE', #4287, #5679, #5834, .T. ) ;
#3307 = VERTEX_POINT ( 'NONE', #3750 ) ;
#3308 = CARTESIAN_POINT ( 'NONE',  ( -1.649999999999999911, -1.294676681018954841E-15, 0.3708099243547833823 ) ) ;
#3309 = PLANE ( 'NONE',  #7032 ) ;
#3310 = EDGE_LOOP ( 'NONE', ( #3411, #4651, #456, #8263, #6561, #1008, #5550 ) ) ;
#3311 = VERTEX_POINT ( 'NONE', #3838 ) ;
#3312 = VECTOR ( 'NONE', #7743, 1000.000000000000000 ) ;
#3313 = COLOUR_RGB ( '',1.000000000000000000, 1.000000000000000000, 1.000000000000000000 ) ;
#3314 = PLANE ( 'NONE',  #8186 ) ;
#3315 = UNCERTAINTY_MEASURE_WITH_UNIT (LENGTH_MEASURE( 1.000000000000000082E-05 ), #2774, 'distance_accuracy_value', 'NONE');
#3316 = ADVANCED_FACE ( 'NONE', ( #6391 ), #5207, .T. ) ;
#3317 = ORIENTED_EDGE ( 'NONE', *, *, #8402, .F. ) ;
#3318 = DIRECTION ( 'NONE',  ( -4.336808689942043768E-15, -3.252606517456533024E-15, 1.000000000000000000 ) ) ;
#3319 = DIRECTION ( 'NONE',  ( 0.000000000000000000, -3.523657060577887833E-15, 1.000000000000000000 ) ) ;
#3320 = VECTOR ( 'NONE', #4066, 1000.000000000000000 ) ;
#3321 = CARTESIAN_POINT ( 'NONE',  ( 3.149999999999999911, 0.7000000000039093839, -0.8000000000101532560 ) ) ;
#3322 = VERTEX_POINT ( 'NONE', #7108 ) ;
#3323 = DIRECTION ( 'NONE',  ( -1.396593344443753142E-15, -6.982966722218765711E-16, 1.000000000000000000 ) ) ;
#3324 =( NAMED_UNIT ( * ) SI_UNIT ( $, .STERADIAN. ) SOLID_ANGLE_UNIT ( ) );
#3325 = VECTOR ( 'NONE', #6570, 1000.000000000000000 ) ;
#3326 = UNCERTAINTY_MEASURE_WITH_UNIT (LENGTH_MEASURE( 1.000000000000000082E-05 ), #6556, 'distance_accuracy_value', 'NONE');
#3327 =( NAMED_UNIT ( * ) SI_UNIT ( $, .STERADIAN. ) SOLID_ANGLE_UNIT ( ) );
#3328 = EDGE_CURVE ( 'NONE', #1302, #3192, #1301, .T. ) ;
#3329 = VERTEX_POINT ( 'NONE', #7017 ) ;
#3330 = CARTESIAN_POINT ( 'NONE',  ( 1.500000000000000000, -0.3000000000128162925, -8.673617380331509918E-16 ) ) ;
#3331 = CARTESIAN_POINT ( 'NONE',  ( 0.7999999999999999334, -2.653527354443130891E-15, 0.7600000000000000089 ) ) ;
#3332 = VECTOR ( 'NONE', #4996, 1000.000000000000000 ) ;
#3333 = ORIENTED_EDGE ( 'NONE', *, *, #288, .F. ) ;
#3334 = CARTESIAN_POINT ( 'NONE',  ( 1.400000000000000133, 0.2999999999999950484, 1.410000000000001030 ) ) ;
#3335 = LINE ( 'NONE', #87, #6488 ) ;
#3336 = SURFACE_STYLE_FILL_AREA ( #4628 ) ;
#3337 = ADVANCED_FACE ( 'NONE', ( #7780 ), #6465, .F. ) ;
#3338 = FILL_AREA_STYLE ('',( #683 ) ) ;
#3339 = FILL_AREA_STYLE_COLOUR ( '', #2044 ) ;
#3340 = EDGE_LOOP ( 'NONE', ( #5037, #4215, #7761, #6246 ) ) ;
#3341 =( LENGTH_UNIT ( ) NAMED_UNIT ( * ) SI_UNIT ( .MILLI., .METRE. ) );
#3342 = SURFACE_STYLE_FILL_AREA ( #6543 ) ;
#3343 =( NAMED_UNIT ( * ) SI_UNIT ( $, .STERADIAN. ) SOLID_ANGLE_UNIT ( ) );
#3344 = DIRECTION ( 'NONE',  ( 0.9551363834789752261, 0.000000000000000000, -0.2961663197507509726 ) ) ;
#3345 = PLANE ( 'NONE',  #7071 ) ;
#3346 = ORIENTED_EDGE ( 'NONE', *, *, #2220, .F. ) ;
#3347 = FILL_AREA_STYLE_COLOUR ( '', #704 ) ;
#3348 = CARTESIAN_POINT ( 'NONE',  ( -0.9300000001992185794, 1.199999999972995557, 1.300000000000000266 ) ) ;
#3349 = CARTESIAN_POINT ( 'NONE',  ( -1.299999999999999822, 0.1500000000000043798, -1.259999999999999343 ) ) ;
#3350 = LINE ( 'NONE', #103, #1996 ) ;
#3351 = FACE_OUTER_BOUND ( 'NONE', #5507, .T. ) ;
#3352 = PRODUCT ( 'SSSS811101', 'SSSS811101', '', ( #1204 ) ) ;
#3353 = STYLED_ITEM ( 'NONE', ( #7069 ), #6175 ) ;
#3354 = ORIENTED_EDGE ( 'NONE', *, *, #7853, .F. ) ;
#3355 = EDGE_LOOP ( 'NONE', ( #1871, #206, #3333, #6432, #6855 ) ) ;
#3356 = CARTESIAN_POINT ( 'NONE',  ( 2.015766736181727747, 1.399999999999995470, 1.118366903943655233 ) ) ;
#3357 =( GEOMETRIC_REPRESENTATION_CONTEXT ( 3 ) GLOBAL_UNCERTAINTY_ASSIGNED_CONTEXT ( ( #6959 ) ) GLOBAL_UNIT_ASSIGNED_CONTEXT ( ( #2600, #5875, #5792 ) ) REPRESENTATION_CONTEXT ( 'NONE', 'WORKASPACE' ) );
#3358 = ORIENTED_EDGE ( 'NONE', *, *, #2124, .F. ) ;
#3359 = CARTESIAN_POINT ( 'NONE',  ( 0.4000000000000006328, 0.1500000000000008826, -0.2599999999999973443 ) ) ;
#3360 = ADVANCED_FACE ( 'NONE', ( #857 ), #194, .F. ) ;
#3361 = DIRECTION ( 'NONE',  ( -1.204669080539450083E-16, -3.491483361109382066E-15, 1.000000000000000000 ) ) ;
#3362 = EDGE_LOOP ( 'NONE', ( #1726, #1940, #5574, #3150 ) ) ;
#3363 = PRESENTATION_LAYER_ASSIGNMENT (  '', '', ( #6591 ) ) ;
#3364 = PRESENTATION_STYLE_ASSIGNMENT (( #5345 ) ) ;
#3365 = EDGE_CURVE ( 'NONE', #7984, #1389, #4683, .T. ) ;
#3366 = FILL_AREA_STYLE_COLOUR ( '', #7215 ) ;
#3367 = DIRECTION ( 'NONE',  ( 0.000000000000000000, 0.000000000000000000, -1.000000000000000000 ) ) ;
#3368 = AXIS2_PLACEMENT_3D ( 'NONE', #2265, #4807, #4295 ) ;
#3369 = ORIENTED_EDGE ( 'NONE', *, *, #672, .T. ) ;
#3370 =( NAMED_UNIT ( * ) SI_UNIT ( $, .STERADIAN. ) SOLID_ANGLE_UNIT ( ) );
#3371 = CARTESIAN_POINT ( 'NONE',  ( -2.075000000000000178, 1.200000000000003730, -1.109394179999996899 ) ) ;
#3372 = ORIENTED_EDGE ( 'NONE', *, *, #2324, .F. ) ;
#3373 = DIRECTION ( 'NONE',  ( -0.000000000000000000, 1.000000000000000000, 2.981555974659857586E-15 ) ) ;
#3374 = DIRECTION ( 'NONE',  ( 1.000000000000000000, 0.000000000000000000, 0.000000000000000000 ) ) ;
#3375 = FILL_AREA_STYLE_COLOUR ( '', #1275 ) ;
#3376 = VECTOR ( 'NONE', #7295, 1000.000000000000000 ) ;
#3377 = FACE_OUTER_BOUND ( 'NONE', #2169, .T. ) ;
#3378 = PRESENTATION_STYLE_ASSIGNMENT (( #756 ) ) ;
#3379 = FACE_OUTER_BOUND ( 'NONE', #809, .T. ) ;
#3380 = DIRECTION ( 'NONE',  ( 0.000000000000000000, 0.000000000000000000, 1.000000000000000000 ) ) ;
#3381 = AXIS2_PLACEMENT_3D ( 'NONE', #5078, #3679, #5678 ) ;
#3382 = CIRCLE ( 'NONE', #2685, 0.4000000000000001887 ) ;
#3383 = LINE ( 'NONE', #1374, #1049 ) ;
#3384 = EDGE_CURVE ( 'NONE', #6005, #3546, #2147, .T. ) ;
#3385 = MECHANICAL_DESIGN_GEOMETRIC_PRESENTATION_REPRESENTATION (  '', ( #7019 ), #4042 ) ;
#3386 = EDGE_LOOP ( 'NONE', ( #2864, #1357 ) ) ;
#3387 = SURFACE_STYLE_FILL_AREA ( #939 ) ;
#3388 = STYLED_ITEM ( 'NONE', ( #5549 ), #8089 ) ;
#3389 = CARTESIAN_POINT ( 'NONE',  ( -4.950694310439250678, 0.2500000000333291728, -0.8999999999999991340 ) ) ;
#3390 = FILL_AREA_STYLE ('',( #1464 ) ) ;
#3391 = SURFACE_STYLE_USAGE ( .BOTH. , #2575 ) ;
#3392 = FILL_AREA_STYLE ('',( #895 ) ) ;
#3393 =( LENGTH_UNIT ( ) NAMED_UNIT ( * ) SI_UNIT ( .MILLI., .METRE. ) );
#3394 = DIRECTION ( 'NONE',  ( 0.9551363835290339610, 1.060723539916100463E-15, -0.2961663195893112221 ) ) ;
#3395 = ORIENTED_EDGE ( 'NONE', *, *, #1421, .T. ) ;
#3396 = ORIENTED_EDGE ( 'NONE', *, *, #7942, .F. ) ;
#3397 = UNCERTAINTY_MEASURE_WITH_UNIT (LENGTH_MEASURE( 1.000000000000000082E-05 ), #5988, 'distance_accuracy_value', 'NONE');
#3398 = VECTOR ( 'NONE', #527, 1000.000000000000000 ) ;
#3399 = ORIENTED_EDGE ( 'NONE', *, *, #2688, .T. ) ;
#3400 = COLOUR_RGB ( '',1.000000000000000000, 1.000000000000000000, 1.000000000000000000 ) ;
#3401 = SURFACE_SIDE_STYLE ('',( #3442 ) ) ;
#3402 = CARTESIAN_POINT ( 'NONE',  ( -1.430000000000000604, 1.399999999999995470, 1.299999999906981563 ) ) ;
#3403 = AXIS2_PLACEMENT_3D ( 'NONE', #6540, #7178, #7949 ) ;
#3404 = ORIENTED_EDGE ( 'NONE', *, *, #5675, .F. ) ;
#3405 = EDGE_CURVE ( 'NONE', #3422, #6566, #4642, .T. ) ;
#3406 = UNCERTAINTY_MEASURE_WITH_UNIT (LENGTH_MEASURE( 1.000000000000000082E-05 ), #3201, 'distance_accuracy_value', 'NONE');
#3407 = LINE ( 'NONE', #7805, #808 ) ;
#3408 = EDGE_LOOP ( 'NONE', ( #1232, #6995, #4054, #4855, #4848 ) ) ;
#3409 = VECTOR ( 'NONE', #4416, 1000.000000000000000 ) ;
#3410 = EDGE_CURVE ( 'NONE', #5098, #992, #3655, .T. ) ;
#3411 = ORIENTED_EDGE ( 'NONE', *, *, #4927, .F. ) ;
#3412 = SURFACE_STYLE_USAGE ( .BOTH. , #839 ) ;
#3413 = DIRECTION ( 'NONE',  ( 6.672013369205721302E-16, -1.000000000000000000, -3.491483361109382855E-15 ) ) ;
#3414 = DIRECTION ( 'NONE',  ( -0.9551363834789750040, 0.000000000000000000, -0.2961663197507516943 ) ) ;
#3415 =( LENGTH_UNIT ( ) NAMED_UNIT ( * ) SI_UNIT ( .MILLI., .METRE. ) );
#3416 =( GEOMETRIC_REPRESENTATION_CONTEXT ( 3 ) GLOBAL_UNCERTAINTY_ASSIGNED_CONTEXT ( ( #5338 ) ) GLOBAL_UNIT_ASSIGNED_CONTEXT ( ( #6947, #5000, #3196 ) ) REPRESENTATION_CONTEXT ( 'NONE', 'WORKASPACE' ) );
#3417 = LINE ( 'NONE', #5999, #6630 ) ;
#3418 =( LENGTH_UNIT ( ) NAMED_UNIT ( * ) SI_UNIT ( .MILLI., .METRE. ) );
#3419 = CARTESIAN_POINT ( 'NONE',  ( -3.400000000000000355, 0.2000000000333287675, -2.200000000000000622 ) ) ;
#3420 = EDGE_CURVE ( 'NONE', #4243, #3927, #7237, .T. ) ;
#3421 = FACE_OUTER_BOUND ( 'NONE', #4491, .T. ) ;
#3422 = VERTEX_POINT ( 'NONE', #4773 ) ;
#3423 = LINE ( 'NONE', #2782, #1526 ) ;
#3424 = LINE ( 'NONE', #729, #7092 ) ;
#3425 = VECTOR ( 'NONE', #1020, 1000.000000000000000 ) ;
#3426 = FACE_OUTER_BOUND ( 'NONE', #4647, .T. ) ;
#3427 = DIRECTION ( 'NONE',  ( 1.000000000000000000, -0.000000000000000000, 0.000000000000000000 ) ) ;
#3428 = ADVANCED_FACE ( 'NONE', ( #766 ), #5966, .T. ) ;
#3429 =( GEOMETRIC_REPRESENTATION_CONTEXT ( 3 ) GLOBAL_UNCERTAINTY_ASSIGNED_CONTEXT ( ( #6970 ) ) GLOBAL_UNIT_ASSIGNED_CONTEXT ( ( #2476, #5715, #1887 ) ) REPRESENTATION_CONTEXT ( 'NONE', 'WORKASPACE' ) );
#3430 = CARTESIAN_POINT ( 'NONE',  ( -0.9299999998999998185, 1.400000000000004574, -1.299999999999995159 ) ) ;
#3431 = FILL_AREA_STYLE ('',( #4730 ) ) ;
#3432 = VECTOR ( 'NONE', #4265, 1000.000000000000000 ) ;
#3433 = ORIENTED_EDGE ( 'NONE', *, *, #1277, .F. ) ;
#3434 = ORIENTED_EDGE ( 'NONE', *, *, #7336, .F. ) ;
#3435 = STYLED_ITEM ( 'NONE', ( #2481 ), #5156 ) ;
#3436 = CYLINDRICAL_SURFACE ( 'NONE', #5280, 0.05000000000000012768 ) ;
#3437 = FILL_AREA_STYLE ('',( #1563 ) ) ;
#3438 = FACE_OUTER_BOUND ( 'NONE', #6063, .T. ) ;
#3439 = EDGE_CURVE ( 'NONE', #7153, #5634, #7438, .T. ) ;
#3440 = ORIENTED_EDGE ( 'NONE', *, *, #2423, .F. ) ;
#3441 = ORIENTED_EDGE ( 'NONE', *, *, #7264, .T. ) ;
#3442 = SURFACE_STYLE_FILL_AREA ( #2799 ) ;
#3443 = SURFACE_STYLE_FILL_AREA ( #1566 ) ;
#3444 = DIRECTION ( 'NONE',  ( 0.000000000000000000, -0.000000000000000000, 1.000000000000000000 ) ) ;
#3445 = VERTEX_POINT ( 'NONE', #986 ) ;
#3446 = STYLED_ITEM ( 'NONE', ( #8179 ), #2333 ) ;
#3447 = VECTOR ( 'NONE', #1843, 1000.000000000000000 ) ;
#3448 = VERTEX_POINT ( 'NONE', #5533 ) ;
#3449 =( NAMED_UNIT ( * ) PLANE_ANGLE_UNIT ( ) SI_UNIT ( $, .RADIAN. ) );
#3450 = FILL_AREA_STYLE_COLOUR ( '', #3703 ) ;
#3451 = DIRECTION ( 'NONE',  ( 0.000000000000000000, 1.000000000000000000, 3.491483361109382066E-15 ) ) ;
#3452 = ORIENTED_EDGE ( 'NONE', *, *, #1349, .T. ) ;
#3453 = CARTESIAN_POINT ( 'NONE',  ( 0.5499999990718751341, 0.0001000000000045392882, -1.300100000000000255 ) ) ;
#3454 = MECHANICAL_DESIGN_GEOMETRIC_PRESENTATION_REPRESENTATION (  '', ( #2361 ), #2236 ) ;
#3455 = FILL_AREA_STYLE_COLOUR ( '', #4587 ) ;
#3456 = LINE ( 'NONE', #841, #4384 ) ;
#3457 = CARTESIAN_POINT ( 'NONE',  ( 2.850000000000000089, 0.7000000000000036193, -0.7999999999999974909 ) ) ;
#3458 = COLOUR_RGB ( '',1.000000000000000000, 0.5019607843137254832, 0.000000000000000000 ) ;
#3459 = CARTESIAN_POINT ( 'NONE',  ( 1.350000000000000089, -2.653527354443130891E-15, 0.7600000000000000089 ) ) ;
#3460 = LINE ( 'NONE', #803, #5054 ) ;
#3461 = EDGE_CURVE ( 'NONE', #4747, #3776, #4859, .T. ) ;
#3462 = DIRECTION ( 'NONE',  ( -2.373498755813608300E-16, 0.000000000000000000, 1.000000000000000000 ) ) ;
#3463 = ORIENTED_EDGE ( 'NONE', *, *, #2058, .F. ) ;
#3464 = LINE ( 'NONE', #6714, #172 ) ;
#3465 = FACE_OUTER_BOUND ( 'NONE', #5118, .T. ) ;
#3466 = EDGE_CURVE ( 'NONE', #2322, #3322, #1066, .T. ) ;
#3467 = CARTESIAN_POINT ( 'NONE',  ( -2.749999999862187128, 1.199999999980629450, -1.300099999999996037 ) ) ;
#3468 = DIRECTION ( 'NONE',  ( 0.000000000000000000, 3.491483361109382855E-15, -1.000000000000000000 ) ) ;
#3469 = CARTESIAN_POINT ( 'NONE',  ( -1.430100000000000815, 0.7899999999729954148, 1.300000000000000266 ) ) ;
#3470 = CARTESIAN_POINT ( 'NONE',  ( -3.149999999989063326, 1.400000000000004352, -1.300099999999995148 ) ) ;
#3471 = CARTESIAN_POINT ( 'NONE',  ( 0.9300000000000002709, 1.399999999999996136, 1.100000000000004530 ) ) ;
#3472 = ORIENTED_EDGE ( 'NONE', *, *, #245, .F. ) ;
#3473 = FILL_AREA_STYLE ('',( #4690 ) ) ;
#3474 = AXIS2_PLACEMENT_3D ( 'NONE', #871, #3565, #5467 ) ;
#3475 =( NAMED_UNIT ( * ) PLANE_ANGLE_UNIT ( ) SI_UNIT ( $, .RADIAN. ) );
#3476 = EDGE_CURVE ( 'NONE', #6137, #5350, #1756, .T. ) ;
#3477 = SURFACE_STYLE_FILL_AREA ( #2246 ) ;
#3478 = UNCERTAINTY_MEASURE_WITH_UNIT (LENGTH_MEASURE( 1.000000000000000082E-05 ), #4319, 'distance_accuracy_value', 'NONE');
#3479 = ORIENTED_EDGE ( 'NONE', *, *, #7442, .T. ) ;
#3480 = SURFACE_STYLE_USAGE ( .BOTH. , #872 ) ;
#3481 = ORIENTED_EDGE ( 'NONE', *, *, #7872, .T. ) ;
#3482 = ADVANCED_FACE ( 'NONE', ( #388 ), #349, .F. ) ;
#3483 = SURFACE_STYLE_FILL_AREA ( #6068 ) ;
#3484 = MECHANICAL_DESIGN_GEOMETRIC_PRESENTATION_REPRESENTATION (  '', ( #6723 ), #1169 ) ;
#3485 = LINE ( 'NONE', #4795, #6245 ) ;
#3486 = ORIENTED_EDGE ( 'NONE', *, *, #7314, .T. ) ;
#3487 = SURFACE_SIDE_STYLE ('',( #292 ) ) ;
#3488 = VECTOR ( 'NONE', #6845, 1000.000000000000000 ) ;
#3489 = SURFACE_STYLE_USAGE ( .BOTH. , #2891 ) ;
#3490 = VERTEX_POINT ( 'NONE', #5494 ) ;
#3491 = EDGE_CURVE ( 'NONE', #2711, #3955, #943, .T. ) ;
#3492 = PRESENTATION_STYLE_ASSIGNMENT (( #6036 ) ) ;
#3493 = CARTESIAN_POINT ( 'NONE',  ( -2.720000000000000639, 1.200000000000002398, -0.7499999999999956701 ) ) ;
#3494 = LINE ( 'NONE', #7948, #7330 ) ;
#3495 =( LENGTH_UNIT ( ) NAMED_UNIT ( * ) SI_UNIT ( .MILLI., .METRE. ) );
#3496 = AXIS2_PLACEMENT_3D ( 'NONE', #5955, #3910, #4590 ) ;
#3497 = FILL_AREA_STYLE_COLOUR ( '', #2403 ) ;
#3498 = CARTESIAN_POINT ( 'NONE',  ( 3.150000000022656454, 1.199999999972653386, 0.8000000000031289860 ) ) ;
#3499 = LINE ( 'NONE', #6844, #1741 ) ;
#3500 = LINE ( 'NONE', #1501, #8366 ) ;
#3501 = ORIENTED_EDGE ( 'NONE', *, *, #3098, .T. ) ;
#3502 = CARTESIAN_POINT ( 'NONE',  ( 0.9300000000000002709, 1.399999999999995470, 1.100000000000004530 ) ) ;
#3503 = VECTOR ( 'NONE', #3686, 1000.000000000000000 ) ;
#3504 = DIRECTION ( 'NONE',  ( 0.000000000000000000, -3.491483361109382461E-15, 1.000000000000000000 ) ) ;
#3505 =( LENGTH_UNIT ( ) NAMED_UNIT ( * ) SI_UNIT ( .MILLI., .METRE. ) );
#3506 = ADVANCED_FACE ( 'NONE', ( #439 ), #1113, .T. ) ;
#3507 = SURFACE_SIDE_STYLE ('',( #6470 ) ) ;
#3508 = ORIENTED_EDGE ( 'NONE', *, *, #256, .T. ) ;
#3509 = VECTOR ( 'NONE', #6313, 1000.000000000000114 ) ;
#3510 = EDGE_LOOP ( 'NONE', ( #6801, #6030, #1912, #4617, #5048, #7740, #6713, #7447, #3713, #717 ) ) ;
#3511 = VECTOR ( 'NONE', #1582, 1000.000000000000000 ) ;
#3512 = PLANE ( 'NONE',  #987 ) ;
#3513 = VECTOR ( 'NONE', #2677, 1000.000000000000000 ) ;
#3514 =( LENGTH_UNIT ( ) NAMED_UNIT ( * ) SI_UNIT ( .MILLI., .METRE. ) );
#3515 = VERTEX_POINT ( 'NONE', #7734 ) ;
#3516 =( GEOMETRIC_REPRESENTATION_CONTEXT ( 3 ) GLOBAL_UNCERTAINTY_ASSIGNED_CONTEXT ( ( #3784 ) ) GLOBAL_UNIT_ASSIGNED_CONTEXT ( ( #5461, #4686, #4778 ) ) REPRESENTATION_CONTEXT ( 'NONE', 'WORKASPACE' ) );
#3517 = VECTOR ( 'NONE', #3656, 1000.000000000000000 ) ;
#3518 = ORIENTED_EDGE ( 'NONE', *, *, #6248, .T. ) ;
#3519 = FILL_AREA_STYLE_COLOUR ( '', #3733 ) ;
#3520 = PRESENTATION_STYLE_ASSIGNMENT (( #2800 ) ) ;
#3521 = EDGE_CURVE ( 'NONE', #3681, #3068, #516, .T. ) ;
#3522 = DIRECTION ( 'NONE',  ( 0.000000000000000000, -1.000000000000000000, -3.491483361109382461E-15 ) ) ;
#3523 = ORIENTED_EDGE ( 'NONE', *, *, #549, .F. ) ;
#3524 = FACE_OUTER_BOUND ( 'NONE', #3880, .T. ) ;
#3525 = AXIS2_PLACEMENT_3D ( 'NONE', #4120, #3373, #3948 ) ;
#3526 = PRESENTATION_LAYER_ASSIGNMENT (  '', '', ( #3777 ) ) ;
#3527 = CARTESIAN_POINT ( 'NONE',  ( 3.350000000000000089, 0.7000000000117229115, -1.249999999999216183 ) ) ;
#3528 = EDGE_CURVE ( 'NONE', #131, #2126, #7056, .T. ) ;
#3529 = ORIENTED_EDGE ( 'NONE', *, *, #7825, .F. ) ;
#3530 = LINE ( 'NONE', #4252, #6201 ) ;
#3531 = FACE_OUTER_BOUND ( 'NONE', #5272, .T. ) ;
#3532 = VERTEX_POINT ( 'NONE', #3175 ) ;
#3533 = VECTOR ( 'NONE', #7927, 1000.000000000000114 ) ;
#3534 =( NAMED_UNIT ( * ) SI_UNIT ( $, .STERADIAN. ) SOLID_ANGLE_UNIT ( ) );
#3535 = FILL_AREA_STYLE ('',( #181 ) ) ;
#3536 = CARTESIAN_POINT ( 'NONE',  ( -1.500000000000000000, 5.421010862427522170E-17, 1.800832703444117038E-16 ) ) ;
#3537 = PRESENTATION_LAYER_ASSIGNMENT (  '', '', ( #2999 ) ) ;
#3538 = EDGE_CURVE ( 'NONE', #3329, #7613, #609, .T. ) ;
#3539 = FACE_OUTER_BOUND ( 'NONE', #4566, .T. ) ;
#3540 = SURFACE_STYLE_FILL_AREA ( #6752 ) ;
#3541 = EDGE_LOOP ( 'NONE', ( #2512, #4442, #6608, #1594 ) ) ;
#3542 = CARTESIAN_POINT ( 'NONE',  ( -3.149999999999999467, 0.2500000000333288397, 1.299900000000000055 ) ) ;
#3543 = FILL_AREA_STYLE ('',( #6756 ) ) ;
#3544 = DIRECTION ( 'NONE',  ( -1.000000000000000000, -0.000000000000000000, -0.000000000000000000 ) ) ;
#3545 = COLOUR_RGB ( '',0.000000000000000000, 0.000000000000000000, 1.000000000000000000 ) ;
#3546 = VERTEX_POINT ( 'NONE', #5711 ) ;
#3547 = FILL_AREA_STYLE_COLOUR ( '', #2622 ) ;
#3548 = STYLED_ITEM ( 'NONE', ( #6767 ), #209 ) ;
#3549 = DIRECTION ( 'NONE',  ( 0.4472135955115403294, 0.8944271909941247101, 3.394089662427914638E-15 ) ) ;
#3550 = VECTOR ( 'NONE', #1611, 1000.000000000000000 ) ;
#3551 = LINE ( 'NONE', #4905, #6757 ) ;
#3552 = FACE_OUTER_BOUND ( 'NONE', #4622, .T. ) ;
#3553 = DIRECTION ( 'NONE',  ( -0.000000000000000000, -0.000000000000000000, 1.000000000000000000 ) ) ;
#3554 = FILL_AREA_STYLE_COLOUR ( '', #2836 ) ;
#3555 = EDGE_CURVE ( 'NONE', #7613, #5545, #3701, .T. ) ;
#3556 = ORIENTED_EDGE ( 'NONE', *, *, #735, .T. ) ;
#3557 = CARTESIAN_POINT ( 'NONE',  ( -2.720000000000000639, 1.200000000000004396, -1.299999999999995604 ) ) ;
#3558 = VECTOR ( 'NONE', #3549, 1000.000000000000114 ) ;
#3559 = LINE ( 'NONE', #4239, #4475 ) ;
#3560 = EDGE_CURVE ( 'NONE', #1182, #5511, #5825, .T. ) ;
#3561 = UNCERTAINTY_MEASURE_WITH_UNIT (LENGTH_MEASURE( 1.000000000000000082E-05 ), #4046, 'distance_accuracy_value', 'NONE');
#3562 = ORIENTED_EDGE ( 'NONE', *, *, #5581, .T. ) ;
#3563 = COLOUR_RGB ( '',0.000000000000000000, 0.000000000000000000, 1.000000000000000000 ) ;
#3564 = VERTEX_POINT ( 'NONE', #3211 ) ;
#3565 = DIRECTION ( 'NONE',  ( 0.2961663197507509171, -3.334842790507032715E-15, 0.9551363834789752261 ) ) ;
#3566 = CARTESIAN_POINT ( 'NONE',  ( 1.430000000000000604, 1.399999999999995470, 1.300000000000005151 ) ) ;
#3567 = EDGE_CURVE ( 'NONE', #6166, #932, #5661, .T. ) ;
#3568 = VERTEX_POINT ( 'NONE', #2596 ) ;
#3569 = VECTOR ( 'NONE', #5265, 1000.000000000000000 ) ;
#3570 = EDGE_CURVE ( 'NONE', #5258, #2366, #6, .T. ) ;
#3571 = UNCERTAINTY_MEASURE_WITH_UNIT (LENGTH_MEASURE( 1.000000000000000082E-05 ), #2611, 'distance_accuracy_value', 'NONE');
#3572 = CYLINDRICAL_SURFACE ( 'NONE', #1782, 0.2500000000000002220 ) ;
#3573 = ORIENTED_EDGE ( 'NONE', *, *, #5451, .T. ) ;
#3574 = CARTESIAN_POINT ( 'NONE',  ( -1.299999999999999822, 4.399269034997821530E-15, -1.259999999999999787 ) ) ;
#3575 = PRESENTATION_LAYER_ASSIGNMENT (  '', '', ( #7224 ) ) ;
#3576 = ORIENTED_EDGE ( 'NONE', *, *, #2274, .T. ) ;
#3577 = SURFACE_STYLE_FILL_AREA ( #7469 ) ;
#3578 = CIRCLE ( 'NONE', #3973, 0.2999999999999999334 ) ;
#3579 = VECTOR ( 'NONE', #2261, 1000.000000000000000 ) ;
#3580 = ADVANCED_FACE ( 'NONE', ( #2552 ), #3826, .F. ) ;
#3581 = PRESENTATION_STYLE_ASSIGNMENT (( #6750 ) ) ;
#3582 = DIRECTION ( 'NONE',  ( -0.000000000000000000, -0.000000000000000000, 1.000000000000000000 ) ) ;
#3583 = CIRCLE ( 'NONE', #1821, 0.4000000000000001887 ) ;
#3584 =( LENGTH_UNIT ( ) NAMED_UNIT ( * ) SI_UNIT ( .MILLI., .METRE. ) );
#3585 = ORIENTED_EDGE ( 'NONE', *, *, #7336, .T. ) ;
#3586 = EDGE_CURVE ( 'NONE', #6107, #4740, #8339, .T. ) ;
#3587 = PRESENTATION_STYLE_ASSIGNMENT (( #8165 ) ) ;
#3588 = CARTESIAN_POINT ( 'NONE',  ( -0.7999999999999999334, 0.1499999999999973299, 0.7600000000000001199 ) ) ;
#3589 = VECTOR ( 'NONE', #7619, 1000.000000000000000 ) ;
#3590 = SURFACE_STYLE_USAGE ( .BOTH. , #8044 ) ;
#3591 = DIRECTION ( 'NONE',  ( -0.000000000000000000, -3.491483361109382461E-15, 1.000000000000000000 ) ) ;
#3592 = PRESENTATION_STYLE_ASSIGNMENT (( #4269 ) ) ;
#3593 = MECHANICAL_DESIGN_GEOMETRIC_PRESENTATION_REPRESENTATION (  '', ( #5091 ), #7354 ) ;
#3594 =( NAMED_UNIT ( * ) PLANE_ANGLE_UNIT ( ) SI_UNIT ( $, .RADIAN. ) );
#3595 = CARTESIAN_POINT ( 'NONE',  ( 2.750000000000000000, 1.400000000000004574, -1.299999999999995159 ) ) ;
#3596 = LINE ( 'NONE', #2915, #6761 ) ;
#3597 = VECTOR ( 'NONE', #6821, 1000.000000000000000 ) ;
#3598 = ORIENTED_EDGE ( 'NONE', *, *, #3900, .T. ) ;
#3599 = DIRECTION ( 'NONE',  ( 0.000000000000000000, -3.491483361109382461E-15, 1.000000000000000000 ) ) ;
#3600 = ORIENTED_EDGE ( 'NONE', *, *, #739, .T. ) ;
#3601 = VERTEX_POINT ( 'NONE', #5103 ) ;
#3602 =( LENGTH_UNIT ( ) NAMED_UNIT ( * ) SI_UNIT ( .MILLI., .METRE. ) );
#3603 = CARTESIAN_POINT ( 'NONE',  ( 0.3000000000000004885, 0.09999999999999029110, 2.799999999999999822 ) ) ;
#3604 = PLANE ( 'NONE',  #8382 ) ;
#3605 = PRESENTATION_LAYER_ASSIGNMENT (  '', '', ( #477 ) ) ;
#3606 = ORIENTED_EDGE ( 'NONE', *, *, #6305, .F. ) ;
#3607 = DIRECTION ( 'NONE',  ( 2.722664758198287811E-10, 1.000000000000000000, 0.000000000000000000 ) ) ;
#3608 = COLOUR_RGB ( '',0.000000000000000000, 0.000000000000000000, 1.000000000000000000 ) ;
#3609 = DIRECTION ( 'NONE',  ( 0.000000000000000000, -3.491483361109382066E-15, 1.000000000000000000 ) ) ;
#3610 = ORIENTED_EDGE ( 'NONE', *, *, #6410, .T. ) ;
#3611 = ORIENTED_EDGE ( 'NONE', *, *, #780, .T. ) ;
#3612 = EDGE_CURVE ( 'NONE', #1201, #2286, #641, .T. ) ;
#3613 = FILL_AREA_STYLE_COLOUR ( '', #1409 ) ;
#3614 = CARTESIAN_POINT ( 'NONE',  ( -2.720000000000000639, 1.200000000000002620, -0.8000000000399956068 ) ) ;
#3615 =( NAMED_UNIT ( * ) PLANE_ANGLE_UNIT ( ) SI_UNIT ( $, .RADIAN. ) );
#3616 = DIRECTION ( 'NONE',  ( 0.000000000000000000, -1.000000000000000000, -4.336808689942013003E-15 ) ) ;
#3617 = PRESENTATION_LAYER_ASSIGNMENT (  '', '', ( #4840 ) ) ;
#3618 = DIRECTION ( 'NONE',  ( -0.000000000000000000, -1.000000000000000000, -0.000000000000000000 ) ) ;
#3619 = SURFACE_SIDE_STYLE ('',( #978 ) ) ;
#3620 = SURFACE_SIDE_STYLE ('',( #2312 ) ) ;
#3621 = DIRECTION ( 'NONE',  ( 0.000000000000000000, -1.000000000000000000, -3.491483361109382461E-15 ) ) ;
#3622 = ORIENTED_EDGE ( 'NONE', *, *, #858, .F. ) ;
#3623 = CARTESIAN_POINT ( 'NONE',  ( 1.400000000000000133, 0.7999999998499953691, 2.600000000000004086 ) ) ;
#3624 = VECTOR ( 'NONE', #3121, 1000.000000000000000 ) ;
#3625 =( LENGTH_UNIT ( ) NAMED_UNIT ( * ) SI_UNIT ( .MILLI., .METRE. ) );
#3626 = FILL_AREA_STYLE ('',( #2995 ) ) ;
#3627 = PLANE ( 'NONE',  #2218 ) ;
#3628 = DIRECTION ( 'NONE',  ( -0.000000000000000000, -0.000000000000000000, 1.000000000000000000 ) ) ;
#3629 = SURFACE_STYLE_USAGE ( .BOTH. , #1115 ) ;
#3630 = UNCERTAINTY_MEASURE_WITH_UNIT (LENGTH_MEASURE( 1.000000000000000082E-05 ), #1870, 'distance_accuracy_value', 'NONE');
#3631 = EDGE_CURVE ( 'NONE', #8309, #3568, #1454, .T. ) ;
#3632 = LINE ( 'NONE', #2395, #7 ) ;
#3633 =( NAMED_UNIT ( * ) PLANE_ANGLE_UNIT ( ) SI_UNIT ( $, .RADIAN. ) );
#3634 = EDGE_LOOP ( 'NONE', ( #4605, #1427, #1891, #1581, #7242, #7669, #6471, #5492, #7120, #5979, #5377, #3184, #280, #1923, #5947, #60, #6101, #1259, #4515, #65, #5726, #4368, #5598, #4885, #2269, #5090, #7067, #7020, #3929, #2752, #907, #6306, #2748, #8106, #5793, #4829, #7411, #5388 ) ) ;
#3635 =( LENGTH_UNIT ( ) NAMED_UNIT ( * ) SI_UNIT ( .MILLI., .METRE. ) );
#3636 = LINE ( 'NONE', #6218, #1914 ) ;
#3637 = ORIENTED_EDGE ( 'NONE', *, *, #5061, .F. ) ;
#3638 = ORIENTED_EDGE ( 'NONE', *, *, #6673, .T. ) ;
#3639 = FACE_BOUND ( 'NONE', #4448, .T. ) ;
#3640 = MECHANICAL_DESIGN_GEOMETRIC_PRESENTATION_REPRESENTATION (  '', ( #1470 ), #7831 ) ;
#3641 =( NAMED_UNIT ( * ) PLANE_ANGLE_UNIT ( ) SI_UNIT ( $, .RADIAN. ) );
#3642 = EDGE_LOOP ( 'NONE', ( #7614, #2656, #7383, #6479 ) ) ;
#3643 = FILL_AREA_STYLE_COLOUR ( '', #4202 ) ;
#3644 = CARTESIAN_POINT ( 'NONE',  ( 0.7999999999999998224, 0.1500000000000004663, -0.1399999999999994027 ) ) ;
#3645 = FACE_OUTER_BOUND ( 'NONE', #3961, .T. ) ;
#3646 = AXIS2_PLACEMENT_3D ( 'NONE', #220, #1417, #4718 ) ;
#3647 = DIRECTION ( 'NONE',  ( -0.7071067811865489050, -1.533293416875027994E-15, 0.7071067811865460184 ) ) ;
#3648 = ORIENTED_EDGE ( 'NONE', *, *, #5222, .T. ) ;
#3649 = CARTESIAN_POINT ( 'NONE',  ( 2.749999999965624387, 1.199999999981246290, 0.9000000000343797435 ) ) ;
#3650 = ORIENTED_EDGE ( 'NONE', *, *, #6563, .F. ) ;
#3651 = ADVANCED_FACE ( 'NONE', ( #5868 ), #7261, .T. ) ;
#3652 = LINE ( 'NONE', #6236, #6916 ) ;
#3653 = EDGE_CURVE ( 'NONE', #3322, #5098, #5709, .T. ) ;
#3654 = FILL_AREA_STYLE ('',( #1055 ) ) ;
#3655 = CIRCLE ( 'NONE', #3789, 0.2000000000000000944 ) ;
#3656 = DIRECTION ( 'NONE',  ( -0.000000000000000000, -1.000000000000000000, 0.000000000000000000 ) ) ;
#3657 = CARTESIAN_POINT ( 'NONE',  ( -3.850000000000000533, 7.724940478959219092E-15, -2.200000000000000178 ) ) ;
#3658 = MECHANICAL_DESIGN_GEOMETRIC_PRESENTATION_REPRESENTATION (  '', ( #2571 ), #7181 ) ;
#3659 = ORIENTED_EDGE ( 'NONE', *, *, #3172, .T. ) ;
#3660 = DIRECTION ( 'NONE',  ( 0.000000000000000000, 1.000000000000000000, 3.491483361109382461E-15 ) ) ;
#3661 = AXIS2_PLACEMENT_3D ( 'NONE', #139, #5395, #1326 ) ;
#3662 = DIRECTION ( 'NONE',  ( 0.000000000000000000, -1.000000000000000000, -3.491483361109382461E-15 ) ) ;
#3663 = DIRECTION ( 'NONE',  ( 1.275531967630004259E-16, 3.491483361109382461E-15, -1.000000000000000000 ) ) ;
#3664 = CARTESIAN_POINT ( 'NONE',  ( 3.399999999999999911, 0.2500000000333288397, -2.200000000000000622 ) ) ;
#3665 = ADVANCED_FACE ( 'NONE', ( #4036 ), #7304, .F. ) ;
#3666 = VECTOR ( 'NONE', #6720, 1000.000000000000000 ) ;
#3667 = SURFACE_STYLE_FILL_AREA ( #3085 ) ;
#3668 = SURFACE_STYLE_FILL_AREA ( #7485 ) ;
#3669 = CARTESIAN_POINT ( 'NONE',  ( 1.500000000000000000, 1.450803453068028758E-15, -0.4000000000000000222 ) ) ;
#3670 = PLANE ( 'NONE',  #1267 ) ;
#3671 = ORIENTED_EDGE ( 'NONE', *, *, #1735, .T. ) ;
#3672 = SURFACE_SIDE_STYLE ('',( #7408 ) ) ;
#3673 = AXIS2_PLACEMENT_3D ( 'NONE', #5735, #1779, #8317 ) ;
#3674 = EDGE_CURVE ( 'NONE', #2119, #7104, #757, .T. ) ;
#3675 = ORIENTED_EDGE ( 'NONE', *, *, #5049, .T. ) ;
#3676 = ORIENTED_EDGE ( 'NONE', *, *, #6891, .T. ) ;
#3677 =( LENGTH_UNIT ( ) NAMED_UNIT ( * ) SI_UNIT ( .MILLI., .METRE. ) );
#3678 = AXIS2_PLACEMENT_3D ( 'NONE', #5898, #8367, #2540 ) ;
#3679 = DIRECTION ( 'NONE',  ( -1.000000000000000000, 2.082010614921477508E-30, -5.963111948670263540E-16 ) ) ;
#3680 = COLOUR_RGB ( '',0.000000000000000000, 0.000000000000000000, 1.000000000000000000 ) ;
#3681 = VERTEX_POINT ( 'NONE', #91 ) ;
#3682 = EDGE_CURVE ( 'NONE', #4600, #8058, #6669, .T. ) ;
#3683 = AXIS2_PLACEMENT_3D ( 'NONE', #8122, #7517, #8206 ) ;
#3684 = SURFACE_STYLE_FILL_AREA ( #6317 ) ;
#3685 = VERTEX_POINT ( 'NONE', #4761 ) ;
#3686 = DIRECTION ( 'NONE',  ( 0.9551363834789751150, -0.000000000000000000, -0.2961663197507513612 ) ) ;
#3687 = PRESENTATION_LAYER_ASSIGNMENT (  '', '', ( #29 ) ) ;
#3688 = LINE ( 'NONE', #459, #2007 ) ;
#3689 = ORIENTED_EDGE ( 'NONE', *, *, #20, .T. ) ;
#3690 = MECHANICAL_DESIGN_GEOMETRIC_PRESENTATION_REPRESENTATION (  '', ( #1942 ), #31 ) ;
#3691 =( LENGTH_UNIT ( ) NAMED_UNIT ( * ) SI_UNIT ( .MILLI., .METRE. ) );
#3692 =( GEOMETRIC_REPRESENTATION_CONTEXT ( 3 ) GLOBAL_UNCERTAINTY_ASSIGNED_CONTEXT ( ( #79 ) ) GLOBAL_UNIT_ASSIGNED_CONTEXT ( ( #7487, #3633, #7320 ) ) REPRESENTATION_CONTEXT ( 'NONE', 'WORKASPACE' ) );
#3693 = VECTOR ( 'NONE', #3380, 1000.000000000000000 ) ;
#3694 = CARTESIAN_POINT ( 'NONE',  ( 1.350000000000000089, 0.1499999999999986899, 0.3708099243547841040 ) ) ;
#3695 = DIRECTION ( 'NONE',  ( -1.000000000000000000, -0.000000000000000000, -0.000000000000000000 ) ) ;
#3696 = VERTEX_POINT ( 'NONE', #7858 ) ;
#3697 = FILL_AREA_STYLE_COLOUR ( '', #4237 ) ;
#3698 = VECTOR ( 'NONE', #4602, 1000.000000000000000 ) ;
#3699 = CARTESIAN_POINT ( 'NONE',  ( 3.350000000000000089, 0.6500000000000026867, -0.7499999999999967804 ) ) ;
#3700 = CARTESIAN_POINT ( 'NONE',  ( 1.500000000000000000, -0.4999999999881767909, -0.2000000000634842845 ) ) ;
#3701 = LINE ( 'NONE', #6420, #6639 ) ;
#3702 = MECHANICAL_DESIGN_GEOMETRIC_PRESENTATION_REPRESENTATION (  '', ( #994 ), #2767 ) ;
#3703 = COLOUR_RGB ( '',0.000000000000000000, 0.000000000000000000, 1.000000000000000000 ) ;
#3704 = ADVANCED_FACE ( 'NONE', ( #3379 ), #3907, .T. ) ;
#3705 = DIRECTION ( 'NONE',  ( -0.000000000000000000, -1.000000000000000000, 0.000000000000000000 ) ) ;
#3706 = SURFACE_SIDE_STYLE ('',( #1117 ) ) ;
#3707 = SHAPE_DEFINITION_REPRESENTATION ( #3278, #7164 ) ;
#3708 = ORIENTED_EDGE ( 'NONE', *, *, #7385, .T. ) ;
#3709 = DIRECTION ( 'NONE',  ( -1.000000000000000000, 0.000000000000000000, 0.000000000000000000 ) ) ;
#3710 = EDGE_CURVE ( 'NONE', #2286, #7477, #2900, .T. ) ;
#3711 = DIRECTION ( 'NONE',  ( 1.000000000000000000, -0.000000000000000000, 0.000000000000000000 ) ) ;
#3712 = DIRECTION ( 'NONE',  ( 1.000000000000000000, 0.000000000000000000, 0.000000000000000000 ) ) ;
#3713 = ORIENTED_EDGE ( 'NONE', *, *, #2052, .T. ) ;
#3714 = VERTEX_POINT ( 'NONE', #2347 ) ;
#3715 = FACE_BOUND ( 'NONE', #2210, .T. ) ;
#3716 = PRESENTATION_LAYER_ASSIGNMENT (  '', '', ( #2493 ) ) ;
#3717 =( NAMED_UNIT ( * ) PLANE_ANGLE_UNIT ( ) SI_UNIT ( $, .RADIAN. ) );
#3718 = FILL_AREA_STYLE_COLOUR ( '', #2421 ) ;
#3719 = ORIENTED_EDGE ( 'NONE', *, *, #1180, .T. ) ;
#3720 = PRESENTATION_STYLE_ASSIGNMENT (( #8189 ) ) ;
#3721 = PLANE ( 'NONE',  #604 ) ;
#3722 = PRESENTATION_STYLE_ASSIGNMENT (( #2414 ) ) ;
#3723 = ORIENTED_EDGE ( 'NONE', *, *, #7973, .F. ) ;
#3724 = FILL_AREA_STYLE ('',( #416 ) ) ;
#3725 = EDGE_CURVE ( 'NONE', #2992, #5818, #3652, .T. ) ;
#3726 = ORIENTED_EDGE ( 'NONE', *, *, #6781, .F. ) ;
#3727 = CARTESIAN_POINT ( 'NONE',  ( 0.7999999999999999334, -2.653527354443130891E-15, 0.7600000000000000089 ) ) ;
#3728 = AXIS2_PLACEMENT_3D ( 'NONE', #4742, #8060, #2754 ) ;
#3729 = PRESENTATION_STYLE_ASSIGNMENT (( #6913 ) ) ;
#3730 = CARTESIAN_POINT ( 'NONE',  ( 0.09999999999999982514, 1.199999999972995557, 1.300000000000004707 ) ) ;
#3731 = VERTEX_POINT ( 'NONE', #930 ) ;
#3732 = FACE_OUTER_BOUND ( 'NONE', #2090, .T. ) ;
#3733 = COLOUR_RGB ( '',0.000000000000000000, 0.000000000000000000, 1.000000000000000000 ) ;
#3734 =( LENGTH_UNIT ( ) NAMED_UNIT ( * ) SI_UNIT ( .MILLI., .METRE. ) );
#3735 = CARTESIAN_POINT ( 'NONE',  ( -2.720000000000000639, 1.199999999999997291, 0.7500000000000041078 ) ) ;
#3736 = DIRECTION ( 'NONE',  ( 0.000000000000000000, 3.491483361109382461E-15, -1.000000000000000000 ) ) ;
#3737 = LINE ( 'NONE', #1063, #23 ) ;
#3738 = STYLED_ITEM ( 'NONE', ( #229 ), #6243 ) ;
#3739 = UNCERTAINTY_MEASURE_WITH_UNIT (LENGTH_MEASURE( 1.000000000000000082E-05 ), #6705, 'distance_accuracy_value', 'NONE');
#3740 = DIRECTION ( 'NONE',  ( 0.9551363834789750040, -0.000000000000000000, -0.2961663197507515277 ) ) ;
#3741 = ORIENTED_EDGE ( 'NONE', *, *, #6353, .T. ) ;
#3742 = PRESENTATION_STYLE_ASSIGNMENT (( #4393 ) ) ;
#3743 = PLANE ( 'NONE',  #4964 ) ;
#3744 = DIRECTION ( 'NONE',  ( 1.000000000000000000, 0.000000000000000000, 0.000000000000000000 ) ) ;
#3745 = MECHANICAL_DESIGN_GEOMETRIC_PRESENTATION_REPRESENTATION (  '', ( #360 ), #4028 ) ;
#3746 = ORIENTED_EDGE ( 'NONE', *, *, #5497, .T. ) ;
#3747 = SURFACE_STYLE_FILL_AREA ( #398 ) ;
#3748 = EDGE_CURVE ( 'NONE', #5990, #4437, #3276, .T. ) ;
#3749 = SURFACE_STYLE_USAGE ( .BOTH. , #525 ) ;
#3750 = CARTESIAN_POINT ( 'NONE',  ( -3.350000000000000089, 0.6499999999999973577, 0.7500000000000029976 ) ) ;
#3751 = ORIENTED_EDGE ( 'NONE', *, *, #5162, .T. ) ;
#3752 = ORIENTED_EDGE ( 'NONE', *, *, #288, .T. ) ;
#3753 = EDGE_CURVE ( 'NONE', #409, #6372, #6799, .T. ) ;
#3754 = ORIENTED_EDGE ( 'NONE', *, *, #7493, .F. ) ;
#3755 =( NAMED_UNIT ( * ) SI_UNIT ( $, .STERADIAN. ) SOLID_ANGLE_UNIT ( ) );
#3756 = DIRECTION ( 'NONE',  ( 0.000000000000000000, 3.491483361109382461E-15, -1.000000000000000000 ) ) ;
#3757 = SURFACE_STYLE_USAGE ( .BOTH. , #1172 ) ;
#3758 = ORIENTED_EDGE ( 'NONE', *, *, #7436, .T. ) ;
#3759 = DIRECTION ( 'NONE',  ( 0.000000000000000000, 1.000000000000000000, 3.491483361109382066E-15 ) ) ;
#3760 = COLOUR_RGB ( '',0.000000000000000000, 0.000000000000000000, 1.000000000000000000 ) ;
#3761 = LINE ( 'NONE', #2491, #1826 ) ;
#3762 = LINE ( 'NONE', #6357, #3142 ) ;
#3763 = COLOUR_RGB ( '',1.000000000000000000, 0.5019607843137254832, 0.000000000000000000 ) ;
#3764 = EDGE_CURVE ( 'NONE', #4254, #3192, #337, .T. ) ;
#3765 = VECTOR ( 'NONE', #8364, 1000.000000000000000 ) ;
#3766 = ORIENTED_EDGE ( 'NONE', *, *, #3528, .T. ) ;
#3767 = CARTESIAN_POINT ( 'NONE',  ( 3.149999999999999911, 1.300000000118746613, 1.300000000000005151 ) ) ;
#3768 = CIRCLE ( 'NONE', #6482, 0.4000000000000001887 ) ;
#3769 = ORIENTED_EDGE ( 'NONE', *, *, #2846, .F. ) ;
#3770 = AXIS2_PLACEMENT_3D ( 'NONE', #2209, #6735, #6146 ) ;
#3771 = PRESENTATION_LAYER_ASSIGNMENT (  '', '', ( #7026 ) ) ;
#3772 = PRESENTATION_LAYER_ASSIGNMENT (  '', '', ( #7432 ) ) ;
#3773 = DIRECTION ( 'NONE',  ( -0.000000000000000000, -1.000000000000000000, -3.491483361109382461E-15 ) ) ;
#3774 = ORIENTED_EDGE ( 'NONE', *, *, #7113, .T. ) ;
#3775 = VECTOR ( 'NONE', #1545, 1000.000000000000000 ) ;
#3776 = VERTEX_POINT ( 'NONE', #2859 ) ;
#3777 = STYLED_ITEM ( 'NONE', ( #1222 ), #4965 ) ;
#3778 = DIRECTION ( 'NONE',  ( -0.000000000000000000, -0.000000000000000000, -1.000000000000000000 ) ) ;
#3779 = FILL_AREA_STYLE_COLOUR ( '', #294 ) ;
#3780 = EDGE_CURVE ( 'NONE', #3971, #489, #5442, .T. ) ;
#3781 = SURFACE_SIDE_STYLE ('',( #1152 ) ) ;
#3782 =( LENGTH_UNIT ( ) NAMED_UNIT ( * ) SI_UNIT ( .MILLI., .METRE. ) );
#3783 = AXIS2_PLACEMENT_3D ( 'NONE', #7967, #6058, #865 ) ;
#3784 = UNCERTAINTY_MEASURE_WITH_UNIT (LENGTH_MEASURE( 1.000000000000000082E-05 ), #5461, 'distance_accuracy_value', 'NONE');
#3785 = ORIENTED_EDGE ( 'NONE', *, *, #1434, .T. ) ;
#3786 = LINE ( 'NONE', #6339, #2696 ) ;
#3787 = COLOUR_RGB ( '',1.000000000000000000, 0.5019607843137254832, 0.000000000000000000 ) ;
#3788 = DIRECTION ( 'NONE',  ( -0.7071067812020143117, -2.299940123756489795E-15, 0.7071067811710808337 ) ) ;
#3789 = AXIS2_PLACEMENT_3D ( 'NONE', #2649, #1507, #226 ) ;
#3790 = ORIENTED_EDGE ( 'NONE', *, *, #807, .F. ) ;
#3791 =( NAMED_UNIT ( * ) PLANE_ANGLE_UNIT ( ) SI_UNIT ( $, .RADIAN. ) );
#3792 = FACE_OUTER_BOUND ( 'NONE', #3796, .T. ) ;
#3793 = CARTESIAN_POINT ( 'NONE',  ( 0.9499999997281253217, 5.787741062725315888E-15, -1.300100000000000255 ) ) ;
#3794 = COLOUR_RGB ( '',0.000000000000000000, 0.000000000000000000, 1.000000000000000000 ) ;
#3795 = DIRECTION ( 'NONE',  ( 0.000000000000000000, 0.000000000000000000, 1.000000000000000000 ) ) ;
#3796 = EDGE_LOOP ( 'NONE', ( #2121, #1158, #523, #4503, #6280 ) ) ;
#3797 = STYLED_ITEM ( 'NONE', ( #3581 ), #3704 ) ;
#3798 = ORIENTED_EDGE ( 'NONE', *, *, #1665, .T. ) ;
#3799 = EDGE_CURVE ( 'NONE', #3161, #1125, #682, .T. ) ;
#3800 = SURFACE_STYLE_USAGE ( .BOTH. , #1218 ) ;
#3801 = ORIENTED_EDGE ( 'NONE', *, *, #1102, .T. ) ;
#3802 = VECTOR ( 'NONE', #174, 1000.000000000000000 ) ;
#3803 = CARTESIAN_POINT ( 'NONE',  ( 0.9299999997062503576, 1.199999999981775201, -1.099999999999995426 ) ) ;
#3804 = UNCERTAINTY_MEASURE_WITH_UNIT (LENGTH_MEASURE( 1.000000000000000082E-05 ), #2254, 'distance_accuracy_value', 'NONE');
#3805 = CARTESIAN_POINT ( 'NONE',  ( 3.850000000000000089, 3.171291354520100469E-15, -0.9000000000000002442 ) ) ;
#3806 = ORIENTED_EDGE ( 'NONE', *, *, #1277, .T. ) ;
#3807 = CARTESIAN_POINT ( 'NONE',  ( 0.09999999999999982514, 1.199999999999995959, 1.100000000000004086 ) ) ;
#3808 = ADVANCED_FACE ( 'NONE', ( #6120 ), #1578, .F. ) ;
#3809 = COLOUR_RGB ( '',0.000000000000000000, 0.000000000000000000, 1.000000000000000000 ) ;
#3810 = ORIENTED_EDGE ( 'NONE', *, *, #888, .F. ) ;
#3811 = PRESENTATION_LAYER_ASSIGNMENT (  '', '', ( #3287 ) ) ;
#3812 = DIRECTION ( 'NONE',  ( -0.000000000000000000, -1.000000000000000000, -3.491483361109382066E-15 ) ) ;
#3813 = ADVANCED_FACE ( 'NONE', ( #5817 ), #3816, .F. ) ;
#3814 = VECTOR ( 'NONE', #6676, 1000.000000000000000 ) ;
#3815 = CARTESIAN_POINT ( 'NONE',  ( 3.399999999999999911, 0.2500000000333288397, -2.200000000000000622 ) ) ;
#3816 = PLANE ( 'NONE',  #4899 ) ;
#3817 = CARTESIAN_POINT ( 'NONE',  ( 2.075000000000000622, 1.200000000000003730, -1.109394179999995789 ) ) ;
#3818 = VECTOR ( 'NONE', #7673, 1000.000000000000000 ) ;
#3819 = VECTOR ( 'NONE', #2737, 1000.000000000000000 ) ;
#3820 = ORIENTED_EDGE ( 'NONE', *, *, #96, .T. ) ;
#3821 = CARTESIAN_POINT ( 'NONE',  ( -1.500000000000000000, -0.2999999999999987121, -0.4000000000000010214 ) ) ;
#3822 = EDGE_CURVE ( 'NONE', #5872, #7488, #7588, .T. ) ;
#3823 = FILL_AREA_STYLE_COLOUR ( '', #5739 ) ;
#3824 =( GEOMETRIC_REPRESENTATION_CONTEXT ( 3 ) GLOBAL_UNCERTAINTY_ASSIGNED_CONTEXT ( ( #4922 ) ) GLOBAL_UNIT_ASSIGNED_CONTEXT ( ( #2506, #560, #7135 ) ) REPRESENTATION_CONTEXT ( 'NONE', 'WORKASPACE' ) );
#3825 = CARTESIAN_POINT ( 'NONE',  ( -1.350000000000000089, 0.1499999999999973299, 0.7600000000000001199 ) ) ;
#3826 = PLANE ( 'NONE',  #6378 ) ;
#3827 = DIRECTION ( 'NONE',  ( 9.876681162117925846E-16, 1.000000000000000000, 3.185229682395821006E-15 ) ) ;
#3828 = LINE ( 'NONE', #2554, #435 ) ;
#3829 = DIRECTION ( 'NONE',  ( 0.4472135954481257225, 0.8944271910258320135, 3.151654686290281989E-15 ) ) ;
#3830 = PLANE ( 'NONE',  #1024 ) ;
#3831 = VECTOR ( 'NONE', #4344, 1000.000000000000000 ) ;
#3832 = EDGE_CURVE ( 'NONE', #3192, #3568, #4377, .T. ) ;
#3833 = ORIENTED_EDGE ( 'NONE', *, *, #6549, .F. ) ;
#3834 = SURFACE_STYLE_USAGE ( .BOTH. , #2559 ) ;
#3835 = FILL_AREA_STYLE_COLOUR ( '', #6162 ) ;
#3836 = COLOUR_RGB ( '',1.000000000000000000, 0.5019607843137254832, 0.000000000000000000 ) ;
#3837 = STYLED_ITEM ( 'NONE', ( #5485 ), #1617 ) ;
#3838 = CARTESIAN_POINT ( 'NONE',  ( 3.350000000000000089, 0.6499999999333300194, 0.7500000000000019984 ) ) ;
#3839 = ORIENTED_EDGE ( 'NONE', *, *, #1930, .T. ) ;
#3840 = EDGE_LOOP ( 'NONE', ( #8355, #7512, #1574, #2078 ) ) ;
#3841 = FILL_AREA_STYLE_COLOUR ( '', #3608 ) ;
#3842 = FILL_AREA_STYLE ('',( #8354 ) ) ;
#3843 = DIRECTION ( 'NONE',  ( -1.000000000000000000, 0.000000000000000000, 0.000000000000000000 ) ) ;
#3844 = VECTOR ( 'NONE', #1872, 1000.000000000000000 ) ;
#3845 = ORIENTED_EDGE ( 'NONE', *, *, #787, .T. ) ;
#3846 =( NAMED_UNIT ( * ) SI_UNIT ( $, .STERADIAN. ) SOLID_ANGLE_UNIT ( ) );
#3847 = DIRECTION ( 'NONE',  ( 0.000000000000000000, 0.000000000000000000, 1.000000000000000000 ) ) ;
#3848 = VECTOR ( 'NONE', #1040, 1000.000000000000000 ) ;
#3849 = CARTESIAN_POINT ( 'NONE',  ( 1.430000000381945080, 1.399999999999995914, 1.100000000000004308 ) ) ;
#3850 = VERTEX_POINT ( 'NONE', #6412 ) ;
#3851 = CARTESIAN_POINT ( 'NONE',  ( -2.075000000000000178, 1.399999999999995470, 1.309394180000005292 ) ) ;
#3852 = SURFACE_STYLE_USAGE ( .BOTH. , #7210 ) ;
#3853 = ORIENTED_EDGE ( 'NONE', *, *, #6297, .F. ) ;
#3854 = LINE ( 'NONE', #7801, #7917 ) ;
#3855 = PLANE ( 'NONE',  #1516 ) ;
#3856 = CARTESIAN_POINT ( 'NONE',  ( -2.050000000000000266, 0.1500000000000076827, -2.199999999999999734 ) ) ;
#3857 = PRESENTATION_STYLE_ASSIGNMENT (( #1234 ) ) ;
#3858 = EDGE_CURVE ( 'NONE', #7244, #5872, #8368, .T. ) ;
#3859 = PRESENTATION_STYLE_ASSIGNMENT (( #3123 ) ) ;
#3860 = ORIENTED_EDGE ( 'NONE', *, *, #2857, .T. ) ;
#3861 =( GEOMETRIC_REPRESENTATION_CONTEXT ( 3 ) GLOBAL_UNCERTAINTY_ASSIGNED_CONTEXT ( ( #598 ) ) GLOBAL_UNIT_ASSIGNED_CONTEXT ( ( #8115, #1746, #1100 ) ) REPRESENTATION_CONTEXT ( 'NONE', 'WORKASPACE' ) );
#3862 =( NAMED_UNIT ( * ) SI_UNIT ( $, .STERADIAN. ) SOLID_ANGLE_UNIT ( ) );
#3863 = DIRECTION ( 'NONE',  ( 1.000000000000000000, -0.000000000000000000, 0.000000000000000000 ) ) ;
#3864 = DIRECTION ( 'NONE',  ( 0.000000000000000000, -1.000000000000000000, -3.491483361109382461E-15 ) ) ;
#3865 = AXIS2_PLACEMENT_3D ( 'NONE', #7827, #2652, #3966 ) ;
#3866 = FACE_OUTER_BOUND ( 'NONE', #4696, .T. ) ;
#3867 = ORIENTED_EDGE ( 'NONE', *, *, #5184, .F. ) ;
#3868 = CARTESIAN_POINT ( 'NONE',  ( 3.849999999998446221, 1.199999999958174524, -1.299999999999995826 ) ) ;
#3869 = DIRECTION ( 'NONE',  ( 1.000000000000000000, 0.000000000000000000, 0.000000000000000000 ) ) ;
#3870 = EDGE_LOOP ( 'NONE', ( #7931, #3801, #3708, #6148, #3065, #7787, #2025, #3479 ) ) ;
#3871 = DIRECTION ( 'NONE',  ( 0.000000000000000000, 0.000000000000000000, 1.000000000000000000 ) ) ;
#3872 = PRESENTATION_STYLE_ASSIGNMENT (( #3749 ) ) ;
#3873 = CARTESIAN_POINT ( 'NONE',  ( 3.149999999999999911, 0.6499999999999973577, 1.300000000000005151 ) ) ;
#3874 = EDGE_CURVE ( 'NONE', #6896, #6311, #1875, .T. ) ;
#3875 = EDGE_LOOP ( 'NONE', ( #881, #6441, #4314, #2615 ) ) ;
#3876 = AXIS2_PLACEMENT_3D ( 'NONE', #6675, #221, #2232 ) ;
#3877 = CARTESIAN_POINT ( 'NONE',  ( -0.9299999999999998268, 1.400000000000004574, -1.099999999958328312 ) ) ;
#3878 =( NAMED_UNIT ( * ) SI_UNIT ( $, .STERADIAN. ) SOLID_ANGLE_UNIT ( ) );
#3879 = FILL_AREA_STYLE ('',( #1306 ) ) ;
#3880 = EDGE_LOOP ( 'NONE', ( #483, #3180, #3606, #8302, #6262, #3810, #4987, #1428, #4143, #175, #1341, #5016, #921, #1438, #1948, #1505, #3867, #7746, #6824, #5520, #5832, #1136, #7467, #7541, #1861, #6314 ) ) ;
#3881 = ORIENTED_EDGE ( 'NONE', *, *, #389, .T. ) ;
#3882 = CARTESIAN_POINT ( 'NONE',  ( 3.350000000000000089, 1.100000000015380230, 0.7499999997000035279 ) ) ;
#3883 = DIRECTION ( 'NONE',  ( 0.000000000000000000, 0.000000000000000000, 1.000000000000000000 ) ) ;
#3884 =( GEOMETRIC_REPRESENTATION_CONTEXT ( 3 ) GLOBAL_UNCERTAINTY_ASSIGNED_CONTEXT ( ( #7633 ) ) GLOBAL_UNIT_ASSIGNED_CONTEXT ( ( #5568, #8114, #1624 ) ) REPRESENTATION_CONTEXT ( 'NONE', 'WORKASPACE' ) );
#3885 = CARTESIAN_POINT ( 'NONE',  ( -1.500000000000000000, -0.3000000001520651272, -0.3999999999564371467 ) ) ;
#3886 = UNCERTAINTY_MEASURE_WITH_UNIT (LENGTH_MEASURE( 1.000000000000000082E-05 ), #6636, 'distance_accuracy_value', 'NONE');
#3887 =( NAMED_UNIT ( * ) SI_UNIT ( $, .STERADIAN. ) SOLID_ANGLE_UNIT ( ) );
#3888 = ORIENTED_EDGE ( 'NONE', *, *, #1360, .F. ) ;
#3889 =( NAMED_UNIT ( * ) PLANE_ANGLE_UNIT ( ) SI_UNIT ( $, .RADIAN. ) );
#3890 = CARTESIAN_POINT ( 'NONE',  ( -3.399999999999999911, 0.2500000000333288397, -1.299999999999999156 ) ) ;
#3891 = VECTOR ( 'NONE', #6999, 1000.000000000000000 ) ;
#3892 = DIRECTION ( 'NONE',  ( 0.000000000000000000, 0.000000000000000000, 1.000000000000000000 ) ) ;
#3893 = ORIENTED_EDGE ( 'NONE', *, *, #333, .T. ) ;
#3894 = FILL_AREA_STYLE ('',( #4453 ) ) ;
#3895 = PRESENTATION_STYLE_ASSIGNMENT (( #5182 ) ) ;
#3896 =( NAMED_UNIT ( * ) SI_UNIT ( $, .STERADIAN. ) SOLID_ANGLE_UNIT ( ) );
#3897 = AXIS2_PLACEMENT_3D ( 'NONE', #2713, #4654, #2535 ) ;
#3898 = CARTESIAN_POINT ( 'NONE',  ( 0.09999999999999982514, 0.7999999999249950422, 1.410000000028127420 ) ) ;
#3899 = PLANE ( 'NONE',  #637 ) ;
#3900 = EDGE_CURVE ( 'NONE', #5961, #2627, #5779, .T. ) ;
#3901 =( NAMED_UNIT ( * ) SI_UNIT ( $, .STERADIAN. ) SOLID_ANGLE_UNIT ( ) );
#3902 = CARTESIAN_POINT ( 'NONE',  ( -1.649999999999999911, -2.653527354443129313E-15, 0.7599999999999995648 ) ) ;
#3903 = SURFACE_STYLE_USAGE ( .BOTH. , #2639 ) ;
#3904 =( GEOMETRIC_REPRESENTATION_CONTEXT ( 3 ) GLOBAL_UNCERTAINTY_ASSIGNED_CONTEXT ( ( #4828 ) ) GLOBAL_UNIT_ASSIGNED_CONTEXT ( ( #6377, #8296, #1929 ) ) REPRESENTATION_CONTEXT ( 'NONE', 'WORKASPACE' ) );
#3905 = DIRECTION ( 'NONE',  ( -0.000000000000000000, 3.491483361109382461E-15, -1.000000000000000000 ) ) ;
#3906 = EDGE_CURVE ( 'NONE', #5465, #2992, #7550, .T. ) ;
#3907 = CYLINDRICAL_SURFACE ( 'NONE', #8015, 0.2999999999999999334 ) ;
#3908 = COLOUR_RGB ( '',0.000000000000000000, 0.000000000000000000, 1.000000000000000000 ) ;
#3909 = VECTOR ( 'NONE', #7172, 1000.000000000000000 ) ;
#3910 = DIRECTION ( 'NONE',  ( -1.000000000000000000, 0.000000000000000000, 0.000000000000000000 ) ) ;
#3911 = PLANE ( 'NONE',  #8166 ) ;
#3912 = ORIENTED_EDGE ( 'NONE', *, *, #5689, .F. ) ;
#3913 = AXIS2_PLACEMENT_3D ( 'NONE', #521, #3915, #1205 ) ;
#3914 = PRESENTATION_STYLE_ASSIGNMENT (( #7689 ) ) ;
#3915 = DIRECTION ( 'NONE',  ( 1.000000000000000000, -0.000000000000000000, 0.000000000000000000 ) ) ;
#3916 = EDGE_LOOP ( 'NONE', ( #6830, #863, #6015, #1129 ) ) ;
#3917 = STYLED_ITEM ( 'NONE', ( #7668 ), #8031 ) ;
#3918 = CARTESIAN_POINT ( 'NONE',  ( 3.399999999999999911, 0.2500000000333288397, -1.299999999999999156 ) ) ;
#3919 = EDGE_CURVE ( 'NONE', #8026, #8164, #7634, .T. ) ;
#3920 = SURFACE_SIDE_STYLE ('',( #4557 ) ) ;
#3921 = ORIENTED_EDGE ( 'NONE', *, *, #8175, .T. ) ;
#3922 = MECHANICAL_DESIGN_GEOMETRIC_PRESENTATION_REPRESENTATION (  '', ( #7312 ), #4470 ) ;
#3923 = CARTESIAN_POINT ( 'NONE',  ( 1.430000000000000604, 1.199999999972995557, 1.300000000000000266 ) ) ;
#3924 = FACE_OUTER_BOUND ( 'NONE', #4500, .T. ) ;
#3925 = DIRECTION ( 'NONE',  ( 0.000000000000000000, -1.000000000000000000, -3.491483361109382461E-15 ) ) ;
#3926 =( GEOMETRIC_REPRESENTATION_CONTEXT ( 3 ) GLOBAL_UNCERTAINTY_ASSIGNED_CONTEXT ( ( #7621 ) ) GLOBAL_UNIT_ASSIGNED_CONTEXT ( ( #5882, #7697, #8349 ) ) REPRESENTATION_CONTEXT ( 'NONE', 'WORKASPACE' ) );
#3927 = VERTEX_POINT ( 'NONE', #1145 ) ;
#3928 = PRESENTATION_LAYER_ASSIGNMENT (  '', '', ( #2039 ) ) ;
#3929 = ORIENTED_EDGE ( 'NONE', *, *, #7241, .T. ) ;
#3930 = CARTESIAN_POINT ( 'NONE',  ( 2.075000000000000622, 1.199999999999995293, 1.309394180000004626 ) ) ;
#3931 = VECTOR ( 'NONE', #4148, 1000.000000000000000 ) ;
#3932 = CARTESIAN_POINT ( 'NONE',  ( -3.150000000000000355, 0.6999999999999955147, 1.250000000000001998 ) ) ;
#3933 = EDGE_CURVE ( 'NONE', #5339, #4732, #6449, .T. ) ;
#3934 = ORIENTED_EDGE ( 'NONE', *, *, #256, .F. ) ;
#3935 = LINE ( 'NONE', #4613, #7521 ) ;
#3936 = PLANE ( 'NONE',  #1043 ) ;
#3937 = VECTOR ( 'NONE', #6468, 1000.000000000000000 ) ;
#3938 = MECHANICAL_DESIGN_GEOMETRIC_PRESENTATION_REPRESENTATION (  '', ( #2325 ), #7053 ) ;
#3939 = ORIENTED_EDGE ( 'NONE', *, *, #6917, .T. ) ;
#3940 = EDGE_CURVE ( 'NONE', #4551, #8283, #3167, .T. ) ;
#3941 = FILL_AREA_STYLE ('',( #7166 ) ) ;
#3942 = MECHANICAL_DESIGN_GEOMETRIC_PRESENTATION_REPRESENTATION (  '', ( #6652 ), #5034 ) ;
#3943 = DIRECTION ( 'NONE',  ( 0.000000000000000000, -0.000000000000000000, -1.000000000000000000 ) ) ;
#3944 = STYLED_ITEM ( 'NONE', ( #1827 ), #4212 ) ;
#3945 = SURFACE_STYLE_FILL_AREA ( #4623 ) ;
#3946 =( LENGTH_UNIT ( ) NAMED_UNIT ( * ) SI_UNIT ( .MILLI., .METRE. ) );
#3947 = STYLED_ITEM ( 'NONE', ( #6707 ), #377 ) ;
#3948 = DIRECTION ( 'NONE',  ( 0.000000000000000000, -3.252606516424091592E-15, 1.000000000000000000 ) ) ;
#3949 = LINE ( 'NONE', #719, #6080 ) ;
#3950 = CARTESIAN_POINT ( 'NONE',  ( 3.149999999999999911, 1.400000000000002576, -0.8000000000281206614 ) ) ;
#3951 = CARTESIAN_POINT ( 'NONE',  ( -3.850000000000000533, 7.724940478959219092E-15, -2.200000000000000178 ) ) ;
#3952 = AXIS2_PLACEMENT_3D ( 'NONE', #2470, #7641, #5062 ) ;
#3953 = DIRECTION ( 'NONE',  ( 0.000000000000000000, 1.000000000000000000, 3.491483361109382066E-15 ) ) ;
#3954 = LINE ( 'NONE', #1373, #338 ) ;
#3955 = VERTEX_POINT ( 'NONE', #506 ) ;
#3956 = SURFACE_STYLE_FILL_AREA ( #7999 ) ;
#3957 = SURFACE_STYLE_FILL_AREA ( #7394 ) ;
#3958 = AXIS2_PLACEMENT_3D ( 'NONE', #3133, #4429, #7139 ) ;
#3959 = DIRECTION ( 'NONE',  ( 0.000000000000000000, 0.000000000000000000, -1.000000000000000000 ) ) ;
#3960 = PRESENTATION_LAYER_ASSIGNMENT (  '', '', ( #4249 ) ) ;
#3961 = EDGE_LOOP ( 'NONE', ( #7494, #7503, #5462, #6260, #4993, #1010, #1287, #1964 ) ) ;
#3962 = CARTESIAN_POINT ( 'NONE',  ( 2.719999999809445956, 1.199999999972995557, 1.299999999959306818 ) ) ;
#3963 = EDGE_CURVE ( 'NONE', #2054, #3099, #630, .T. ) ;
#3964 = DIRECTION ( 'NONE',  ( 0.000000000000000000, 1.000000000000000000, 0.000000000000000000 ) ) ;
#3965 = DIRECTION ( 'NONE',  ( -0.000000000000000000, -1.000000000000000000, -0.000000000000000000 ) ) ;
#3966 = DIRECTION ( 'NONE',  ( -0.000000000000000000, 0.000000000000000000, -1.000000000000000000 ) ) ;
#3967 = SURFACE_STYLE_FILL_AREA ( #2153 ) ;
#3968 = EDGE_CURVE ( 'NONE', #3329, #1044, #8290, .T. ) ;
#3969 = FILL_AREA_STYLE_COLOUR ( '', #1056 ) ;
#3970 = ORIENTED_EDGE ( 'NONE', *, *, #6781, .T. ) ;
#3971 = VERTEX_POINT ( 'NONE', #2463 ) ;
#3972 = SURFACE_SIDE_STYLE ('',( #3268 ) ) ;
#3973 = AXIS2_PLACEMENT_3D ( 'NONE', #7882, #5890, #4018 ) ;
#3974 = PRESENTATION_LAYER_ASSIGNMENT (  '', '', ( #2898 ) ) ;
#3975 = PRESENTATION_STYLE_ASSIGNMENT (( #2876 ) ) ;
#3976 = ORIENTED_EDGE ( 'NONE', *, *, #3940, .T. ) ;
#3977 = AXIS2_PLACEMENT_3D ( 'NONE', #3588, #983, #3040 ) ;
#3978 = CARTESIAN_POINT ( 'NONE',  ( 3.400000000000002132, 3.332876897371977056E-11, -1.300000000062500050 ) ) ;
#3979 = CARTESIAN_POINT ( 'NONE',  ( -3.349999999999999645, 0.2500000000333291728, -2.200000000000000622 ) ) ;
#3980 = MECHANICAL_DESIGN_GEOMETRIC_PRESENTATION_REPRESENTATION (  '', ( #718 ), #5342 ) ;
#3981 = ORIENTED_EDGE ( 'NONE', *, *, #2408, .F. ) ;
#3982 = DIRECTION ( 'NONE',  ( 0.000000000000000000, 1.000000000000000000, 0.000000000000000000 ) ) ;
#3983 = PRESENTATION_LAYER_ASSIGNMENT (  '', '', ( #4658 ) ) ;
#3984 = FILL_AREA_STYLE_COLOUR ( '', #2465 ) ;
#3985 = UNCERTAINTY_MEASURE_WITH_UNIT (LENGTH_MEASURE( 1.000000000000000082E-05 ), #7525, 'distance_accuracy_value', 'NONE');
#3986 = SURFACE_STYLE_FILL_AREA ( #1404 ) ;
#3987 = ADVANCED_FACE ( 'NONE', ( #5053 ), #1995, .T. ) ;
#3988 = ORIENTED_EDGE ( 'NONE', *, *, #7670, .F. ) ;
#3989 = CARTESIAN_POINT ( 'NONE',  ( -2.015766735999999781, 1.399999999999996136, 1.118366904000004602 ) ) ;
#3990 = DIRECTION ( 'NONE',  ( -0.000000000000000000, -1.000000000000000000, -3.491483361109382461E-15 ) ) ;
#3991 = MECHANICAL_DESIGN_GEOMETRIC_PRESENTATION_REPRESENTATION (  '', ( #3446 ), #6544 ) ;
#3992 = ORIENTED_EDGE ( 'NONE', *, *, #5840, .F. ) ;
#3993 = CARTESIAN_POINT ( 'NONE',  ( 3.149999999999999467, 3.332887774308514122E-11, -1.300100000000000255 ) ) ;
#3994 = PLANE ( 'NONE',  #4870 ) ;
#3995 = DIRECTION ( 'NONE',  ( -0.7071067811865435759, 2.468851561040456641E-15, -0.7071067811865514585 ) ) ;
#3996 = SURFACE_STYLE_USAGE ( .BOTH. , #1969 ) ;
#3997 = ORIENTED_EDGE ( 'NONE', *, *, #7157, .T. ) ;
#3998 = EDGE_CURVE ( 'NONE', #5511, #2650, #6029, .T. ) ;
#3999 = CARTESIAN_POINT ( 'NONE',  ( -2.075000000000000178, 1.400000000000004574, -1.309394179999995078 ) ) ;
#4000 = DIRECTION ( 'NONE',  ( -1.000000000000000000, -0.000000000000000000, -0.000000000000000000 ) ) ;
#4001 = MECHANICAL_DESIGN_GEOMETRIC_PRESENTATION_REPRESENTATION (  '', ( #7793 ), #3861 ) ;
#4002 = SURFACE_SIDE_STYLE ('',( #3956 ) ) ;
#4003 = DIRECTION ( 'NONE',  ( -0.000000000000000000, -0.000000000000000000, -1.000000000000000000 ) ) ;
#4004 = SURFACE_SIDE_STYLE ('',( #8002 ) ) ;
#4005 = ORIENTED_EDGE ( 'NONE', *, *, #7684, .F. ) ;
#4006 = FACE_OUTER_BOUND ( 'NONE', #4164, .T. ) ;
#4007 = DIRECTION ( 'NONE',  ( 1.000000000000000000, -0.000000000000000000, -0.000000000000000000 ) ) ;
#4008 = CARTESIAN_POINT ( 'NONE',  ( 2.749999999993437250, 1.400000000000003686, -0.9000000000074950268 ) ) ;
#4009 =( LENGTH_UNIT ( ) NAMED_UNIT ( * ) SI_UNIT ( .MILLI., .METRE. ) );
#4010 = CARTESIAN_POINT ( 'NONE',  ( 3.850000000000000089, 0.2000000000500045672, -1.299999999999999378 ) ) ;
#4011 = CARTESIAN_POINT ( 'NONE',  ( -0.7999999999999998224, 0.1500000000000004663, -0.1399999999999992917 ) ) ;
#4012 =( LENGTH_UNIT ( ) NAMED_UNIT ( * ) SI_UNIT ( .MILLI., .METRE. ) );
#4013 = PRESENTATION_LAYER_ASSIGNMENT (  '', '', ( #2934 ) ) ;
#4014 = ORIENTED_EDGE ( 'NONE', *, *, #2413, .T. ) ;
#4015 = EDGE_CURVE ( 'NONE', #497, #6541, #3407, .T. ) ;
#4016 = ORIENTED_EDGE ( 'NONE', *, *, #2129, .T. ) ;
#4017 = CARTESIAN_POINT ( 'NONE',  ( 3.149999999999999911, 1.400000000000002576, -0.8000000000113240972 ) ) ;
#4018 = DIRECTION ( 'NONE',  ( 0.000000000000000000, 1.000000000000000000, 3.614007241618349165E-15 ) ) ;
#4019 = PLANE ( 'NONE',  #267 ) ;
#4020 = EDGE_CURVE ( 'NONE', #2376, #5973, #5943, .T. ) ;
#4021 = ORIENTED_EDGE ( 'NONE', *, *, #2562, .T. ) ;
#4022 = EDGE_LOOP ( 'NONE', ( #8017, #3228, #7677, #6327, #2364, #316, #2077, #3288, #722, #4373, #1362, #5687, #1213, #3833, #1079, #167, #419, #8384, #5180, #7699, #6904, #7219, #4665, #2420, #1720, #2206 ) ) ;
#4023 =( LENGTH_UNIT ( ) NAMED_UNIT ( * ) SI_UNIT ( .MILLI., .METRE. ) );
#4024 = LINE ( 'NONE', #6607, #7847 ) ;
#4025 = ORIENTED_EDGE ( 'NONE', *, *, #488, .T. ) ;
#4026 = COLOUR_RGB ( '',1.000000000000000000, 1.000000000000000000, 1.000000000000000000 ) ;
#4027 = EDGE_CURVE ( 'NONE', #5541, #1709, #2670, .T. ) ;
#4028 =( GEOMETRIC_REPRESENTATION_CONTEXT ( 3 ) GLOBAL_UNCERTAINTY_ASSIGNED_CONTEXT ( ( #2304 ) ) GLOBAL_UNIT_ASSIGNED_CONTEXT ( ( #860, #5282, #5326 ) ) REPRESENTATION_CONTEXT ( 'NONE', 'WORKASPACE' ) );
#4029 = SURFACE_STYLE_FILL_AREA ( #1444 ) ;
#4030 =( LENGTH_UNIT ( ) NAMED_UNIT ( * ) SI_UNIT ( .MILLI., .METRE. ) );
#4031 = LINE ( 'NONE', #2045, #6897 ) ;
#4032 = ORIENTED_EDGE ( 'NONE', *, *, #8065, .T. ) ;
#4033 =( LENGTH_UNIT ( ) NAMED_UNIT ( * ) SI_UNIT ( .MILLI., .METRE. ) );
#4034 = FILL_AREA_STYLE_COLOUR ( '', #5578 ) ;
#4035 = SURFACE_STYLE_FILL_AREA ( #3338 ) ;
#4036 = FACE_OUTER_BOUND ( 'NONE', #4395, .T. ) ;
#4037 =( NAMED_UNIT ( * ) SI_UNIT ( $, .STERADIAN. ) SOLID_ANGLE_UNIT ( ) );
#4038 = DIRECTION ( 'NONE',  ( 0.000000000000000000, -1.000000000000000000, -3.614007241618347587E-15 ) ) ;
#4039 =( GEOMETRIC_REPRESENTATION_CONTEXT ( 3 ) GLOBAL_UNCERTAINTY_ASSIGNED_CONTEXT ( ( #2698 ) ) GLOBAL_UNIT_ASSIGNED_CONTEXT ( ( #1397, #3274, #5982 ) ) REPRESENTATION_CONTEXT ( 'NONE', 'WORKASPACE' ) );
#4040 =( NAMED_UNIT ( * ) SI_UNIT ( $, .STERADIAN. ) SOLID_ANGLE_UNIT ( ) );
#4041 =( NAMED_UNIT ( * ) PLANE_ANGLE_UNIT ( ) SI_UNIT ( $, .RADIAN. ) );
#4042 =( GEOMETRIC_REPRESENTATION_CONTEXT ( 3 ) GLOBAL_UNCERTAINTY_ASSIGNED_CONTEXT ( ( #906 ) ) GLOBAL_UNIT_ASSIGNED_CONTEXT ( ( #1882, #4463, #3126 ) ) REPRESENTATION_CONTEXT ( 'NONE', 'WORKASPACE' ) );
#4043 = SURFACE_STYLE_USAGE ( .BOTH. , #4004 ) ;
#4044 = VERTEX_POINT ( 'NONE', #7170 ) ;
#4045 = EDGE_CURVE ( 'NONE', #5973, #7850, #713, .T. ) ;
#4046 =( LENGTH_UNIT ( ) NAMED_UNIT ( * ) SI_UNIT ( .MILLI., .METRE. ) );
#4047 = SURFACE_STYLE_USAGE ( .BOTH. , #4598 ) ;
#4048 = COLOUR_RGB ( '',0.000000000000000000, 0.000000000000000000, 1.000000000000000000 ) ;
#4049 = CARTESIAN_POINT ( 'NONE',  ( -2.015766736009872773, 1.199999999999995959, 1.118366903486690767 ) ) ;
#4050 = DIRECTION ( 'NONE',  ( 0.000000000000000000, -1.000000000000000000, -3.491483361109382461E-15 ) ) ;
#4051 =( GEOMETRIC_REPRESENTATION_CONTEXT ( 3 ) GLOBAL_UNCERTAINTY_ASSIGNED_CONTEXT ( ( #4986 ) ) GLOBAL_UNIT_ASSIGNED_CONTEXT ( ( #2588, #1101, #5747 ) ) REPRESENTATION_CONTEXT ( 'NONE', 'WORKASPACE' ) );
#4052 = CARTESIAN_POINT ( 'NONE',  ( -2.719999999946334679, 1.399999999999996136, 1.299999999874837275 ) ) ;
#4053 = ORIENTED_EDGE ( 'NONE', *, *, #2030, .F. ) ;
#4054 = ORIENTED_EDGE ( 'NONE', *, *, #4290, .T. ) ;
#4055 =( NAMED_UNIT ( * ) SI_UNIT ( $, .STERADIAN. ) SOLID_ANGLE_UNIT ( ) );
#4056 = VECTOR ( 'NONE', #2411, 1000.000000000000000 ) ;
#4057 = CARTESIAN_POINT ( 'NONE',  ( 3.850000000000000089, 0.6499999999555587937, -1.299999999999997824 ) ) ;
#4058 = MECHANICAL_DESIGN_GEOMETRIC_PRESENTATION_REPRESENTATION (  '', ( #4887 ), #5145 ) ;
#4059 = ORIENTED_EDGE ( 'NONE', *, *, #515, .F. ) ;
#4060 = MECHANICAL_DESIGN_GEOMETRIC_PRESENTATION_REPRESENTATION (  '', ( #3136 ), #4214 ) ;
#4061 = EDGE_LOOP ( 'NONE', ( #2805, #4831, #2026, #734, #6472, #2018, #2736, #4834, #3354, #5004, #7829, #3023 ) ) ;
#4062 = COLOUR_RGB ( '',0.000000000000000000, 0.000000000000000000, 1.000000000000000000 ) ;
#4063 = VECTOR ( 'NONE', #4312, 1000.000000000000000 ) ;
#4064 = VERTEX_POINT ( 'NONE', #5257 ) ;
#4065 = STYLED_ITEM ( 'NONE', ( #7005 ), #3580 ) ;
#4066 = DIRECTION ( 'NONE',  ( 1.000000000000000000, 0.000000000000000000, 0.000000000000000000 ) ) ;
#4067 = ADVANCED_FACE ( 'NONE', ( #2042 ), #4621, .F. ) ;
#4068 = VERTEX_POINT ( 'NONE', #3898 ) ;
#4069 = STYLED_ITEM ( 'NONE', ( #40 ), #3987 ) ;
#4070 = CARTESIAN_POINT ( 'NONE',  ( 0.000000000000000000, 0.0001000000000000000048, 3.491483361109382420E-19 ) ) ;
#4071 = EDGE_LOOP ( 'NONE', ( #4099, #1272, #1568, #4914 ) ) ;
#4072 = EDGE_CURVE ( 'NONE', #6057, #2527, #3160, .T. ) ;
#4073 = FILL_AREA_STYLE ('',( #86 ) ) ;
#4074 = LINE ( 'NONE', #4759, #1342 ) ;
#4075 = DIRECTION ( 'NONE',  ( -1.000000000000000000, 0.000000000000000000, 0.000000000000000000 ) ) ;
#4076 =( NAMED_UNIT ( * ) SI_UNIT ( $, .STERADIAN. ) SOLID_ANGLE_UNIT ( ) );
#4077 = COLOUR_RGB ( '',0.000000000000000000, 0.000000000000000000, 1.000000000000000000 ) ;
#4078 =( LENGTH_UNIT ( ) NAMED_UNIT ( * ) SI_UNIT ( .MILLI., .METRE. ) );
#4079 = DIRECTION ( 'NONE',  ( 0.7071067811865493491, 3.066586831450134385E-15, -0.7071067811865456854 ) ) ;
#4080 = CYLINDRICAL_SURFACE ( 'NONE', #7543, 0.4000000000000001887 ) ;
#4081 = CARTESIAN_POINT ( 'NONE',  ( -3.350000000000000089, 0.7000000000000027311, -0.7999999999999974909 ) ) ;
#4082 = ORIENTED_EDGE ( 'NONE', *, *, #5162, .F. ) ;
#4083 = DIRECTION ( 'NONE',  ( 0.000000000000000000, 0.000000000000000000, 1.000000000000000000 ) ) ;
#4084 = AXIS2_PLACEMENT_3D ( 'NONE', #6008, #5365, #2149 ) ;
#4085 = ORIENTED_EDGE ( 'NONE', *, *, #7703, .T. ) ;
#4086 = SURFACE_SIDE_STYLE ('',( #7270 ) ) ;
#4087 = VECTOR ( 'NONE', #1577, 1000.000000000000000 ) ;
#4088 = DIRECTION ( 'NONE',  ( 1.000000000000000000, 0.000000000000000000, 0.000000000000000000 ) ) ;
#4089 = CARTESIAN_POINT ( 'NONE',  ( 3.350000000000000089, 0.8999999999999956923, 1.250000000000002887 ) ) ;
#4090 = SURFACE_STYLE_FILL_AREA ( #6683 ) ;
#4091 = DIRECTION ( 'NONE',  ( -0.000000000000000000, -1.000000000000000000, -0.000000000000000000 ) ) ;
#4092 = EDGE_CURVE ( 'NONE', #4247, #5541, #289, .T. ) ;
#4093 = AXIS2_PLACEMENT_3D ( 'NONE', #7685, #8377, #6422 ) ;
#4094 = PLANE ( 'NONE',  #7063 ) ;
#4095 = SURFACE_SIDE_STYLE ('',( #2825 ) ) ;
#4096 = DIRECTION ( 'NONE',  ( 0.000000000000000000, 3.491483361109382461E-15, -1.000000000000000000 ) ) ;
#4097 = MECHANICAL_DESIGN_GEOMETRIC_PRESENTATION_REPRESENTATION (  '', ( #5733 ), #832 ) ;
#4098 = DIRECTION ( 'NONE',  ( 0.000000000000000000, 3.491483361109382461E-15, -1.000000000000000000 ) ) ;
#4099 = ORIENTED_EDGE ( 'NONE', *, *, #4277, .T. ) ;
#4100 = CIRCLE ( 'NONE', #4502, 0.2000000000000000944 ) ;
#4101 = SURFACE_STYLE_USAGE ( .BOTH. , #5335 ) ;
#4102 = PRESENTATION_LAYER_ASSIGNMENT (  '', '', ( #581 ) ) ;
#4103 = PRESENTATION_LAYER_ASSIGNMENT (  '', '', ( #2471 ) ) ;
#4104 = FILL_AREA_STYLE_COLOUR ( '', #543 ) ;
#4105 = VERTEX_POINT ( 'NONE', #5515 ) ;
#4106 = EDGE_CURVE ( 'NONE', #7887, #5773, #7416, .T. ) ;
#4107 = SURFACE_STYLE_USAGE ( .BOTH. , #959 ) ;
#4108 = CARTESIAN_POINT ( 'NONE',  ( 1.430000000092213064, 1.199999999999995293, 1.299999999902503589 ) ) ;
#4109 = DIRECTION ( 'NONE',  ( 0.000000000000000000, 3.491483361109382461E-15, -1.000000000000000000 ) ) ;
#4110 = VECTOR ( 'NONE', #7559, 1000.000000000000000 ) ;
#4111 = ORIENTED_EDGE ( 'NONE', *, *, #4365, .F. ) ;
#4112 = DIRECTION ( 'NONE',  ( 1.000000000000000000, 0.000000000000000000, 0.000000000000000000 ) ) ;
#4113 = MECHANICAL_DESIGN_GEOMETRIC_PRESENTATION_REPRESENTATION (  '', ( #3837 ), #8054 ) ;
#4114 = CARTESIAN_POINT ( 'NONE',  ( 2.719999999873899288, 1.200000000000004396, -1.299999999999995604 ) ) ;
#4115 = VERTEX_POINT ( 'NONE', #1042 ) ;
#4116 = PRESENTATION_STYLE_ASSIGNMENT (( #7464 ) ) ;
#4117 =( NAMED_UNIT ( * ) PLANE_ANGLE_UNIT ( ) SI_UNIT ( $, .RADIAN. ) );
#4118 = ORIENTED_EDGE ( 'NONE', *, *, #5948, .F. ) ;
#4119 = CARTESIAN_POINT ( 'NONE',  ( 1.649999999999999911, -2.653527354443130891E-15, 0.7600000000000000089 ) ) ;
#4120 = CARTESIAN_POINT ( 'NONE',  ( 1.500000000000000000, -0.4999999999881774571, -1.544988095368144062E-15 ) ) ;
#4121 = PRESENTATION_LAYER_ASSIGNMENT (  '', '', ( #718 ) ) ;
#4122 = EDGE_CURVE ( 'NONE', #6566, #1549, #4208, .T. ) ;
#4123 = DIRECTION ( 'NONE',  ( 0.000000000000000000, -3.252606517456533024E-15, 1.000000000000000000 ) ) ;
#4124 = DIRECTION ( 'NONE',  ( 0.000000000000000000, 1.000000000000000000, 3.491483361109382066E-15 ) ) ;
#4125 = ADVANCED_FACE ( 'NONE', ( #5382 ), #3572, .T. ) ;
#4126 = ORIENTED_EDGE ( 'NONE', *, *, #5081, .T. ) ;
#4127 = AXIS2_PLACEMENT_3D ( 'NONE', #4485, #7074, #3847 ) ;
#4128 = CARTESIAN_POINT ( 'NONE',  ( -3.150000000000000355, 1.199999999959377561, -1.299999999999995159 ) ) ;
#4129 = CARTESIAN_POINT ( 'NONE',  ( 1.430000000000000604, 1.400000000000004574, -1.099999999866661637 ) ) ;
#4130 =( LENGTH_UNIT ( ) NAMED_UNIT ( * ) SI_UNIT ( .MILLI., .METRE. ) );
#4131 = FACE_OUTER_BOUND ( 'NONE', #6859, .T. ) ;
#4132 = EDGE_LOOP ( 'NONE', ( #219, #3798, #273, #5670 ) ) ;
#4133 = PLANE ( 'NONE',  #6812 ) ;
#4134 = DIRECTION ( 'NONE',  ( 0.000000000000000000, 1.000000000000000000, 3.491483361109382066E-15 ) ) ;
#4135 = DIRECTION ( 'NONE',  ( 0.000000000000000000, -1.000000000000000000, -3.491483361109382461E-15 ) ) ;
#4136 = EDGE_CURVE ( 'NONE', #6014, #7194, #2216, .T. ) ;
#4137 = FILL_AREA_STYLE ('',( #1553 ) ) ;
#4138 = DIRECTION ( 'NONE',  ( 2.602085213965209379E-14, -1.000000000000000000, -3.469446951953612611E-15 ) ) ;
#4139 = LINE ( 'NONE', #6087, #5334 ) ;
#4140 = DIRECTION ( 'NONE',  ( -0.000000000000000000, -0.000000000000000000, 1.000000000000000000 ) ) ;
#4141 = LINE ( 'NONE', #6135, #4157 ) ;
#4142 = CARTESIAN_POINT ( 'NONE',  ( -2.719999999904753274, 1.200000000000004396, -1.300000000029755576 ) ) ;
#4143 = ORIENTED_EDGE ( 'NONE', *, *, #3780, .F. ) ;
#4144 = ORIENTED_EDGE ( 'NONE', *, *, #2260, .F. ) ;
#4145 = MECHANICAL_DESIGN_GEOMETRIC_PRESENTATION_REPRESENTATION (  '', ( #8210 ), #4279 ) ;
#4146 = EDGE_CURVE ( 'NONE', #2500, #1991, #3485, .T. ) ;
#4147 = CARTESIAN_POINT ( 'NONE',  ( -1.300000000000000044, 0.1500000000000012157, -0.3464101615137748502 ) ) ;
#4148 = DIRECTION ( 'NONE',  ( -0.000000000000000000, -3.491483361109382461E-15, 1.000000000000000000 ) ) ;
#4149 = UNCERTAINTY_MEASURE_WITH_UNIT (LENGTH_MEASURE( 1.000000000000000082E-05 ), #8134, 'distance_accuracy_value', 'NONE');
#4150 = MECHANICAL_DESIGN_GEOMETRIC_PRESENTATION_REPRESENTATION (  '', ( #340 ), #2120 ) ;
#4151 = VERTEX_POINT ( 'NONE', #3527 ) ;
#4152 = FACE_OUTER_BOUND ( 'NONE', #5169, .T. ) ;
#4153 = FILL_AREA_STYLE_COLOUR ( '', #5807 ) ;
#4154 = EDGE_LOOP ( 'NONE', ( #7457, #3010, #3060, #8082 ) ) ;
#4155 = EDGE_CURVE ( 'NONE', #622, #3224, #6152, .T. ) ;
#4156 = DIRECTION ( 'NONE',  ( -0.000000000000000000, -0.000000000000000000, 1.000000000000000000 ) ) ;
#4157 = VECTOR ( 'NONE', #7874, 1000.000000000000000 ) ;
#4158 = UNCERTAINTY_MEASURE_WITH_UNIT (LENGTH_MEASURE( 1.000000000000000082E-05 ), #5939, 'distance_accuracy_value', 'NONE');
#4159 = DIRECTION ( 'NONE',  ( -0.000000000000000000, 1.000000000000000000, 3.491483361109382461E-15 ) ) ;
#4160 = VERTEX_POINT ( 'NONE', #920 ) ;
#4161 = DIRECTION ( 'NONE',  ( 0.000000000000000000, 3.491483361109382461E-15, -1.000000000000000000 ) ) ;
#4162 = VECTOR ( 'NONE', #2687, 1000.000000000000000 ) ;
#4163 = CARTESIAN_POINT ( 'NONE',  ( 0.09999999999999982514, 0.7999999999999953815, 1.300000000000002931 ) ) ;
#4164 = EDGE_LOOP ( 'NONE', ( #471, #7713, #6483, #7996 ) ) ;
#4165 = PLANE ( 'NONE',  #7714 ) ;
#4166 = DIRECTION ( 'NONE',  ( 0.000000000000000000, 3.491483361109382461E-15, -1.000000000000000000 ) ) ;
#4167 = CARTESIAN_POINT ( 'NONE',  ( 2.719999999840090332, 1.199999999991012922, 0.7499999997583374212 ) ) ;
#4168 = CIRCLE ( 'NONE', #8236, 0.2500000000000001110 ) ;
#4169 = SURFACE_SIDE_STYLE ('',( #1704 ) ) ;
#4170 = ORIENTED_EDGE ( 'NONE', *, *, #6269, .F. ) ;
#4171 = PRESENTATION_STYLE_ASSIGNMENT (( #4849 ) ) ;
#4172 = EDGE_CURVE ( 'NONE', #4068, #7220, #2335, .T. ) ;
#4173 = CARTESIAN_POINT ( 'NONE',  ( -1.500000000000000000, 0.1499999999999999944, 7.038057745108187377E-16 ) ) ;
#4174 = CARTESIAN_POINT ( 'NONE',  ( 0.7999999999999998224, 0.1500000000000004663, -0.1399999999999994027 ) ) ;
#4175 = DIRECTION ( 'NONE',  ( 0.000000000000000000, 1.000000000000000000, 0.000000000000000000 ) ) ;
#4176 = AXIS2_PLACEMENT_3D ( 'NONE', #2385, #4378, #8292 ) ;
#4177 =( NAMED_UNIT ( * ) PLANE_ANGLE_UNIT ( ) SI_UNIT ( $, .RADIAN. ) );
#4178 = ORIENTED_EDGE ( 'NONE', *, *, #2929, .F. ) ;
#4179 = DIRECTION ( 'NONE',  ( 0.000000000000000000, 1.000000000000000000, 3.491483361109382461E-15 ) ) ;
#4180 = EDGE_CURVE ( 'NONE', #6141, #6346, #1921, .T. ) ;
#4181 =( NAMED_UNIT ( * ) PLANE_ANGLE_UNIT ( ) SI_UNIT ( $, .RADIAN. ) );
#4182 = VECTOR ( 'NONE', #3361, 1000.000000000000000 ) ;
#4183 = PRESENTATION_STYLE_ASSIGNMENT (( #1311 ) ) ;
#4184 = ADVANCED_FACE ( 'NONE', ( #6188 ), #367, .F. ) ;
#4185 = LINE ( 'NONE', #6052, #3666 ) ;
#4186 = PRESENTATION_LAYER_ASSIGNMENT (  '', '', ( #2689 ) ) ;
#4187 = LINE ( 'NONE', #6053, #4687 ) ;
#4188 = SURFACE_STYLE_USAGE ( .BOTH. , #5540 ) ;
#4189 = DIRECTION ( 'NONE',  ( -0.000000000000000000, 1.000000000000000000, 3.491483361109382461E-15 ) ) ;
#4190 = PRESENTATION_LAYER_ASSIGNMENT (  '', '', ( #7835 ) ) ;
#4191 = ORIENTED_EDGE ( 'NONE', *, *, #4744, .T. ) ;
#4192 = SURFACE_STYLE_FILL_AREA ( #6016 ) ;
#4193 = EDGE_CURVE ( 'NONE', #4275, #4810, #3064, .T. ) ;
#4194 = LINE ( 'NONE', #6095, #5076 ) ;
#4195 = MECHANICAL_DESIGN_GEOMETRIC_PRESENTATION_REPRESENTATION (  '', ( #7840 ), #4371 ) ;
#4196 = PRESENTATION_STYLE_ASSIGNMENT (( #1685 ) ) ;
#4197 = VERTEX_POINT ( 'NONE', #6990 ) ;
#4198 = VECTOR ( 'NONE', #8092, 1000.000000000000000 ) ;
#4199 = AXIS2_PLACEMENT_3D ( 'NONE', #2431, #6919, #5653 ) ;
#4200 = VERTEX_POINT ( 'NONE', #6907 ) ;
#4201 = FACE_OUTER_BOUND ( 'NONE', #7370, .T. ) ;
#4202 = COLOUR_RGB ( '',1.000000000000000000, 0.5019607843137254832, 0.000000000000000000 ) ;
#4203 = ORIENTED_EDGE ( 'NONE', *, *, #1112, .F. ) ;
#4204 = EDGE_CURVE ( 'NONE', #1991, #3714, #5686, .T. ) ;
#4205 = DIRECTION ( 'NONE',  ( 0.000000000000000000, 0.000000000000000000, -1.000000000000000000 ) ) ;
#4206 = VECTOR ( 'NONE', #4798, 1000.000000000000000 ) ;
#4207 = PRESENTATION_LAYER_ASSIGNMENT (  '', '', ( #132 ) ) ;
#4208 = LINE ( 'NONE', #2173, #1240 ) ;
#4209 = VERTEX_POINT ( 'NONE', #8192 ) ;
#4210 = DIRECTION ( 'NONE',  ( 0.000000000000000000, 1.000000000000000000, 3.491483361109382461E-15 ) ) ;
#4211 = VECTOR ( 'NONE', #5440, 1000.000000000000000 ) ;
#4212 = ADVANCED_FACE ( 'NONE', ( #8361 ), #6797, .T. ) ;
#4213 = LINE ( 'NONE', #8071, #4206 ) ;
#4214 =( GEOMETRIC_REPRESENTATION_CONTEXT ( 3 ) GLOBAL_UNCERTAINTY_ASSIGNED_CONTEXT ( ( #8316 ) ) GLOBAL_UNIT_ASSIGNED_CONTEXT ( ( #5408, #811, #2868 ) ) REPRESENTATION_CONTEXT ( 'NONE', 'WORKASPACE' ) );
#4215 = ORIENTED_EDGE ( 'NONE', *, *, #123, .F. ) ;
#4216 = CARTESIAN_POINT ( 'NONE',  ( 1.649999999999999911, 0.1499999999999973299, 0.7600000000000005640 ) ) ;
#4217 = CARTESIAN_POINT ( 'NONE',  ( -2.749999999999999556, 1.399999999999997025, 0.8999999999925049066 ) ) ;
#4218 = FILL_AREA_STYLE_COLOUR ( '', #7599 ) ;
#4219 = AXIS2_PLACEMENT_3D ( 'NONE', #5126, #2029, #2492 ) ;
#4220 = AXIS2_PLACEMENT_3D ( 'NONE', #6039, #5910, #6623 ) ;
#4221 = ORIENTED_EDGE ( 'NONE', *, *, #128, .F. ) ;
#4222 = DIRECTION ( 'NONE',  ( 1.000000000000000000, -0.000000000000000000, 0.000000000000000000 ) ) ;
#4223 = DIRECTION ( 'NONE',  ( 0.000000000000000000, 1.000000000000000000, 3.469446951953587762E-15 ) ) ;
#4224 =( LENGTH_UNIT ( ) NAMED_UNIT ( * ) SI_UNIT ( .MILLI., .METRE. ) );
#4225 = VECTOR ( 'NONE', #6393, 1000.000000000000000 ) ;
#4226 = SURFACE_STYLE_FILL_AREA ( #7556 ) ;
#4227 = VECTOR ( 'NONE', #7724, 1000.000000000000000 ) ;
#4228 = VERTEX_POINT ( 'NONE', #5643 ) ;
#4229 = DIRECTION ( 'NONE',  ( -0.000000000000000000, -3.491483361109382461E-15, 1.000000000000000000 ) ) ;
#4230 = AXIS2_PLACEMENT_3D ( 'NONE', #5498, #8090, #2278 ) ;
#4231 = LINE ( 'NONE', #4268, #1788 ) ;
#4232 = AXIS2_PLACEMENT_3D ( 'NONE', #3281, #2845, #5476 ) ;
#4233 = FILL_AREA_STYLE_COLOUR ( '', #886 ) ;
#4234 = ORIENTED_EDGE ( 'NONE', *, *, #7254, .F. ) ;
#4235 =( NAMED_UNIT ( * ) PLANE_ANGLE_UNIT ( ) SI_UNIT ( $, .RADIAN. ) );
#4236 = EDGE_CURVE ( 'NONE', #6180, #6072, #5085, .T. ) ;
#4237 = COLOUR_RGB ( '',1.000000000000000000, 1.000000000000000000, 1.000000000000000000 ) ;
#4238 =( NAMED_UNIT ( * ) PLANE_ANGLE_UNIT ( ) SI_UNIT ( $, .RADIAN. ) );
#4239 = CARTESIAN_POINT ( 'NONE',  ( -1.430000000000000604, 1.399999999999996136, 1.100000000000004752 ) ) ;
#4240 = ORIENTED_EDGE ( 'NONE', *, *, #6119, .F. ) ;
#4241 = VECTOR ( 'NONE', #597, 1000.000000000000000 ) ;
#4242 = EDGE_CURVE ( 'NONE', #1207, #6548, #7665, .T. ) ;
#4243 = VERTEX_POINT ( 'NONE', #7712 ) ;
#4244 = PRESENTATION_STYLE_ASSIGNMENT (( #2367 ) ) ;
#4245 = CARTESIAN_POINT ( 'NONE',  ( 2.449999999978125231, 0.0001000000000076812790, -2.199999999999999734 ) ) ;
#4246 =( NAMED_UNIT ( * ) SI_UNIT ( $, .STERADIAN. ) SOLID_ANGLE_UNIT ( ) );
#4247 = VERTEX_POINT ( 'NONE', #1271 ) ;
#4248 = VECTOR ( 'NONE', #3253, 1000.000000000000000 ) ;
#4249 = STYLED_ITEM ( 'NONE', ( #3174 ), #893 ) ;
#4250 = CARTESIAN_POINT ( 'NONE',  ( 1.500000000000000000, 5.421010862427522170E-17, 1.800832703444117038E-16 ) ) ;
#4251 = ORIENTED_EDGE ( 'NONE', *, *, #8194, .T. ) ;
#4252 = CARTESIAN_POINT ( 'NONE',  ( -0.7999999999999998224, 0.1500000000000004663, -0.1399999999999992917 ) ) ;
#4253 = CARTESIAN_POINT ( 'NONE',  ( -1.430100000000000815, 0.7899999999729954148, 1.300000000000000266 ) ) ;
#4254 = VERTEX_POINT ( 'NONE', #6402 ) ;
#4255 = AXIS2_PLACEMENT_3D ( 'NONE', #3918, #5279, #7234 ) ;
#4256 =( GEOMETRIC_REPRESENTATION_CONTEXT ( 3 ) GLOBAL_UNCERTAINTY_ASSIGNED_CONTEXT ( ( #6612 ) ) GLOBAL_UNIT_ASSIGNED_CONTEXT ( ( #1538, #1450, #5437 ) ) REPRESENTATION_CONTEXT ( 'NONE', 'WORKASPACE' ) );
#4257 = DIRECTION ( 'NONE',  ( 1.000000000000000000, 0.000000000000000000, -0.000000000000000000 ) ) ;
#4258 = EDGE_CURVE ( 'NONE', #2410, #5221, #586, .T. ) ;
#4259 = UNCERTAINTY_MEASURE_WITH_UNIT (LENGTH_MEASURE( 1.000000000000000082E-05 ), #6615, 'distance_accuracy_value', 'NONE');
#4260 = SURFACE_STYLE_USAGE ( .BOTH. , #1666 ) ;
#4261 = DIRECTION ( 'NONE',  ( -0.000000000000000000, -1.000000000000000000, -3.491483361109382461E-15 ) ) ;
#4262 = AXIS2_PLACEMENT_3D ( 'NONE', #1700, #6282, #3069 ) ;
#4263 = LINE ( 'NONE', #8163, #828 ) ;
#4264 = ORIENTED_EDGE ( 'NONE', *, *, #5271, .T. ) ;
#4265 = DIRECTION ( 'NONE',  ( -0.000000000000000000, -1.000000000000000000, -3.491483361109382461E-15 ) ) ;
#4266 = EDGE_CURVE ( 'NONE', #715, #1173, #1910, .T. ) ;
#4267 = PRESENTATION_STYLE_ASSIGNMENT (( #1634 ) ) ;
#4268 = CARTESIAN_POINT ( 'NONE',  ( 0.9300000000000002709, 1.400000000000004574, -1.099999999999995426 ) ) ;
#4269 = SURFACE_STYLE_USAGE ( .BOTH. , #6766 ) ;
#4270 = SURFACE_STYLE_USAGE ( .BOTH. , #5663 ) ;
#4271 = SURFACE_STYLE_FILL_AREA ( #3088 ) ;
#4272 = ORIENTED_EDGE ( 'NONE', *, *, #3555, .T. ) ;
#4273 = DIRECTION ( 'NONE',  ( 0.000000000000000000, 1.000000000000000000, 3.491483361109382066E-15 ) ) ;
#4274 = ORIENTED_EDGE ( 'NONE', *, *, #4797, .F. ) ;
#4275 = VERTEX_POINT ( 'NONE', #2375 ) ;
#4276 = FACE_OUTER_BOUND ( 'NONE', #1744, .T. ) ;
#4277 = EDGE_CURVE ( 'NONE', #2376, #4747, #2415, .T. ) ;
#4278 = DIRECTION ( 'NONE',  ( 0.000000000000000000, 3.523657060577887833E-15, -1.000000000000000000 ) ) ;
#4279 =( GEOMETRIC_REPRESENTATION_CONTEXT ( 3 ) GLOBAL_UNCERTAINTY_ASSIGNED_CONTEXT ( ( #7127 ) ) GLOBAL_UNIT_ASSIGNED_CONTEXT ( ( #5294, #3889, #8363 ) ) REPRESENTATION_CONTEXT ( 'NONE', 'WORKASPACE' ) );
#4280 = ORIENTED_EDGE ( 'NONE', *, *, #4290, .F. ) ;
#4281 = SURFACE_STYLE_FILL_AREA ( #7578 ) ;
#4282 = ADVANCED_FACE ( 'NONE', ( #4366 ), #625, .F. ) ;
#4283 = FILL_AREA_STYLE_COLOUR ( '', #137 ) ;
#4284 = COLOUR_RGB ( '',0.000000000000000000, 0.000000000000000000, 1.000000000000000000 ) ;
#4285 = ORIENTED_EDGE ( 'NONE', *, *, #5336, .T. ) ;
#4286 = LINE ( 'NONE', #6155, #4881 ) ;
#4287 = VERTEX_POINT ( 'NONE', #3467 ) ;
#4288 = MECHANICAL_DESIGN_GEOMETRIC_PRESENTATION_REPRESENTATION (  '', ( #5782 ), #6321 ) ;
#4289 = DIRECTION ( 'NONE',  ( 0.9551363831003794047, -1.060723539586454029E-15, 0.2961663209717224077 ) ) ;
#4290 = EDGE_CURVE ( 'NONE', #3927, #7926, #151, .T. ) ;
#4291 = PLANE ( 'NONE',  #3678 ) ;
#4292 = SURFACE_STYLE_USAGE ( .BOTH. , #4169 ) ;
#4293 = AXIS2_PLACEMENT_3D ( 'NONE', #8080, #1707, #6881 ) ;
#4294 = ORIENTED_EDGE ( 'NONE', *, *, #458, .F. ) ;
#4295 = DIRECTION ( 'NONE',  ( 0.000000000000000000, 0.000000000000000000, 1.000000000000000000 ) ) ;
#4296 =( NAMED_UNIT ( * ) PLANE_ANGLE_UNIT ( ) SI_UNIT ( $, .RADIAN. ) );
#4297 = LINE ( 'NONE', #1706, #386 ) ;
#4298 = FILL_AREA_STYLE ('',( #6804 ) ) ;
#4299 = SURFACE_SIDE_STYLE ('',( #2234 ) ) ;
#4300 = ORIENTED_EDGE ( 'NONE', *, *, #4146, .F. ) ;
#4301 = ADVANCED_FACE ( 'NONE', ( #1508 ), #227, .T. ) ;
#4302 = VECTOR ( 'NONE', #3618, 1000.000000000000000 ) ;
#4303 = CARTESIAN_POINT ( 'NONE',  ( -0.9299999999999998268, 1.399999999999996136, 1.100000000000004086 ) ) ;
#4304 = CARTESIAN_POINT ( 'NONE',  ( 3.149999999912500126, 1.400000000000004574, -1.299999999999995159 ) ) ;
#4305 = CARTESIAN_POINT ( 'NONE',  ( -3.150000000000000355, 1.399999999999997913, 0.8000000000293016056 ) ) ;
#4306 = MECHANICAL_DESIGN_GEOMETRIC_PRESENTATION_REPRESENTATION (  '', ( #904 ), #7823 ) ;
#4307 = LINE ( 'NONE', #1068, #961 ) ;
#4308 =( LENGTH_UNIT ( ) NAMED_UNIT ( * ) SI_UNIT ( .MILLI., .METRE. ) );
#4309 = ORIENTED_EDGE ( 'NONE', *, *, #6770, .T. ) ;
#4310 = LINE ( 'NONE', #6774, #5874 ) ;
#4311 = VECTOR ( 'NONE', #4411, 1000.000000000000000 ) ;
#4312 = DIRECTION ( 'NONE',  ( 0.000000000000000000, 1.000000000000000000, 0.000000000000000000 ) ) ;
#4313 = VERTEX_POINT ( 'NONE', #3849 ) ;
#4314 = ORIENTED_EDGE ( 'NONE', *, *, #1421, .F. ) ;
#4315 = LINE ( 'NONE', #4988, #8215 ) ;
#4316 = AXIS2_PLACEMENT_3D ( 'NONE', #2654, #1387, #1947 ) ;
#4317 = COLOUR_RGB ( '',0.000000000000000000, 0.000000000000000000, 1.000000000000000000 ) ;
#4318 = EDGE_LOOP ( 'NONE', ( #8351, #507, #2665, #3981 ) ) ;
#4319 =( LENGTH_UNIT ( ) NAMED_UNIT ( * ) SI_UNIT ( .MILLI., .METRE. ) );
#4320 = CIRCLE ( 'NONE', #654, 0.4000000000000000777 ) ;
#4321 = DIRECTION ( 'NONE',  ( 1.000000000000000000, -2.082390977523559920E-11, 0.000000000000000000 ) ) ;
#4322 = UNCERTAINTY_MEASURE_WITH_UNIT (LENGTH_MEASURE( 1.000000000000000082E-05 ), #2518, 'distance_accuracy_value', 'NONE');
#4323 = CARTESIAN_POINT ( 'NONE',  ( -2.749999999999999556, 1.399999999999997025, 0.9000000000000050182 ) ) ;
#4324 = ORIENTED_EDGE ( 'NONE', *, *, #8265, .T. ) ;
#4325 = CARTESIAN_POINT ( 'NONE',  ( 2.849999999972500309, 1.400000000000003242, -0.8000000000274947176 ) ) ;
#4326 = EDGE_LOOP ( 'NONE', ( #8269, #1062, #6214, #3598 ) ) ;
#4327 = MECHANICAL_DESIGN_GEOMETRIC_PRESENTATION_REPRESENTATION (  '', ( #2290 ), #5668 ) ;
#4328 = PRESENTATION_LAYER_ASSIGNMENT (  '', '', ( #5142 ) ) ;
#4329 = EDGE_CURVE ( 'NONE', #6527, #1302, #5409, .T. ) ;
#4330 = LINE ( 'NONE', #423, #437 ) ;
#4331 = UNCERTAINTY_MEASURE_WITH_UNIT (LENGTH_MEASURE( 1.000000000000000082E-05 ), #4224, 'distance_accuracy_value', 'NONE');
#4332 = VECTOR ( 'NONE', #7538, 1000.000000000000000 ) ;
#4333 = DIRECTION ( 'NONE',  ( -0.000000000000000000, -1.000000000000000000, -3.491483361109382461E-15 ) ) ;
#4334 = ORIENTED_EDGE ( 'NONE', *, *, #1256, .T. ) ;
#4335 = EDGE_CURVE ( 'NONE', #7897, #6372, #7317, .T. ) ;
#4336 = MECHANICAL_DESIGN_GEOMETRIC_PRESENTATION_REPRESENTATION (  '', ( #399 ), #6102 ) ;
#4337 = PRESENTATION_STYLE_ASSIGNMENT (( #936 ) ) ;
#4338 = VERTEX_POINT ( 'NONE', #8008 ) ;
#4339 = FACE_OUTER_BOUND ( 'NONE', #575, .T. ) ;
#4340 = AXIS2_PLACEMENT_3D ( 'NONE', #8016, #1473, #7971 ) ;
#4341 = DIRECTION ( 'NONE',  ( 1.000000000000000000, -0.000000000000000000, 0.000000000000000000 ) ) ;
#4342 = COLOUR_RGB ( '',1.000000000000000000, 0.5019607843137254832, 0.000000000000000000 ) ;
#4343 = DIRECTION ( 'NONE',  ( 0.000000000000000000, 1.000000000000000000, 3.491483361109382066E-15 ) ) ;
#4344 = DIRECTION ( 'NONE',  ( -1.000000000000000000, -0.000000000000000000, -0.000000000000000000 ) ) ;
#4345 = UNCERTAINTY_MEASURE_WITH_UNIT (LENGTH_MEASURE( 1.000000000000000082E-05 ), #4471, 'distance_accuracy_value', 'NONE');
#4346 =( NAMED_UNIT ( * ) PLANE_ANGLE_UNIT ( ) SI_UNIT ( $, .RADIAN. ) );
#4347 = CYLINDRICAL_SURFACE ( 'NONE', #7404, 0.05000000000000012768 ) ;
#4348 = SURFACE_STYLE_USAGE ( .BOTH. , #6931 ) ;
#4349 = AXIS2_PLACEMENT_3D ( 'NONE', #1621, #6841, #3616 ) ;
#4350 = ORIENTED_EDGE ( 'NONE', *, *, #7385, .F. ) ;
#4351 = CARTESIAN_POINT ( 'NONE',  ( 2.075000000000000622, 1.400000000000003908, -1.109394179999995123 ) ) ;
#4352 = CARTESIAN_POINT ( 'NONE',  ( -3.350000000000000089, 0.2000000000000046740, 0.7500000000000034417 ) ) ;
#4353 = LINE ( 'NONE', #6858, #5565 ) ;
#4354 = ADVANCED_FACE ( 'NONE', ( #4774 ), #5806, .F. ) ;
#4355 = ORIENTED_EDGE ( 'NONE', *, *, #2669, .F. ) ;
#4356 = ORIENTED_EDGE ( 'NONE', *, *, #1160, .T. ) ;
#4357 = DIRECTION ( 'NONE',  ( 1.000000000000000000, 0.000000000000000000, 0.000000000000000000 ) ) ;
#4358 = PRESENTATION_STYLE_ASSIGNMENT (( #4348 ) ) ;
#4359 = PLANE ( 'NONE',  #3381 ) ;
#4360 = STYLED_ITEM ( 'NONE', ( #1150 ), #4631 ) ;
#4361 = ORIENTED_EDGE ( 'NONE', *, *, #5804, .T. ) ;
#4362 = DIRECTION ( 'NONE',  ( 0.000000000000000000, -3.491483361109382461E-15, 1.000000000000000000 ) ) ;
#4363 = STYLED_ITEM ( 'NONE', ( #1441 ), #691 ) ;
#4364 = DIRECTION ( 'NONE',  ( 0.000000000000000000, -1.000000000000000000, -3.491483361109382461E-15 ) ) ;
#4365 = EDGE_CURVE ( 'NONE', #3564, #4287, #6765, .T. ) ;
#4366 = FACE_OUTER_BOUND ( 'NONE', #6784, .T. ) ;
#4367 = MECHANICAL_DESIGN_GEOMETRIC_PRESENTATION_REPRESENTATION (  '', ( #7750 ), #5454 ) ;
#4368 = ORIENTED_EDGE ( 'NONE', *, *, #3653, .F. ) ;
#4369 = CARTESIAN_POINT ( 'NONE',  ( -2.449999999999999289, 0.1500000000000076827, -2.199999999999999734 ) ) ;
#4370 = CARTESIAN_POINT ( 'NONE',  ( 0.09999999999999982514, 1.199999999999995293, 1.410000000050001034 ) ) ;
#4371 =( GEOMETRIC_REPRESENTATION_CONTEXT ( 3 ) GLOBAL_UNCERTAINTY_ASSIGNED_CONTEXT ( ( #5024 ) ) GLOBAL_UNIT_ASSIGNED_CONTEXT ( ( #441, #946, #6210 ) ) REPRESENTATION_CONTEXT ( 'NONE', 'WORKASPACE' ) );
#4372 = COLOUR_RGB ( '',1.000000000000000000, 0.5019607843137254832, 0.000000000000000000 ) ;
#4373 = ORIENTED_EDGE ( 'NONE', *, *, #1171, .F. ) ;
#4374 = LINE ( 'NONE', #6234, #3052 ) ;
#4375 = SURFACE_STYLE_USAGE ( .BOTH. , #1013 ) ;
#4376 =( GEOMETRIC_REPRESENTATION_CONTEXT ( 3 ) GLOBAL_UNCERTAINTY_ASSIGNED_CONTEXT ( ( #2631 ) ) GLOBAL_UNIT_ASSIGNED_CONTEXT ( ( #2435, #5623, #7600 ) ) REPRESENTATION_CONTEXT ( 'NONE', 'WORKASPACE' ) );
#4377 = LINE ( 'NONE', #2499, #4616 ) ;
#4378 = DIRECTION ( 'NONE',  ( -0.8944271909999161885, 0.4472135954999573726, 1.561438827550003330E-15 ) ) ;
#4379 = FILL_AREA_STYLE_COLOUR ( '', #1893 ) ;
#4380 = CARTESIAN_POINT ( 'NONE',  ( 0.09999999999999982514, 1.199999999999995293, 1.300000000000004707 ) ) ;
#4381 = ORIENTED_EDGE ( 'NONE', *, *, #2156, .T. ) ;
#4382 = VECTOR ( 'NONE', #58, 1000.000000000000000 ) ;
#4383 = SURFACE_STYLE_FILL_AREA ( #8247 ) ;
#4384 = VECTOR ( 'NONE', #4075, 1000.000000000000000 ) ;
#4385 = CARTESIAN_POINT ( 'NONE',  ( -2.200000000000000178, 0.1500000000000004663, -0.1399999999999992917 ) ) ;
#4386 =( NAMED_UNIT ( * ) PLANE_ANGLE_UNIT ( ) SI_UNIT ( $, .RADIAN. ) );
#4387 = EDGE_CURVE ( 'NONE', #6642, #4810, #5496, .T. ) ;
#4388 = FACE_OUTER_BOUND ( 'NONE', #1258, .T. ) ;
#4389 = MECHANICAL_DESIGN_GEOMETRIC_PRESENTATION_REPRESENTATION (  '', ( #1820 ), #1546 ) ;
#4390 = VECTOR ( 'NONE', #6368, 1000.000000000000000 ) ;
#4391 = FILL_AREA_STYLE ('',( #1328 ) ) ;
#4392 = FILL_AREA_STYLE_COLOUR ( '', #283 ) ;
#4393 = SURFACE_STYLE_USAGE ( .BOTH. , #7605 ) ;
#4394 = CARTESIAN_POINT ( 'NONE',  ( 3.349999999999999645, 0.2500000000333292283, -1.299999999999999378 ) ) ;
#4395 = EDGE_LOOP ( 'NONE', ( #3611, #8390, #4461, #7944 ) ) ;
#4396 = PRESENTATION_STYLE_ASSIGNMENT (( #3006 ) ) ;
#4397 = VECTOR ( 'NONE', #8190, 1000.000000000000000 ) ;
#4398 = EDGE_CURVE ( 'NONE', #2992, #1671, #4231, .T. ) ;
#4399 = ORIENTED_EDGE ( 'NONE', *, *, #7303, .F. ) ;
#4400 = ORIENTED_EDGE ( 'NONE', *, *, #4440, .T. ) ;
#4401 = SURFACE_STYLE_FILL_AREA ( #7615 ) ;
#4402 = VECTOR ( 'NONE', #4321, 1000.000000000000000 ) ;
#4403 = CARTESIAN_POINT ( 'NONE',  ( -3.150000000000000355, 1.399999999999997913, 0.7500000000000019984 ) ) ;
#4404 = SURFACE_STYLE_FILL_AREA ( #3189 ) ;
#4405 = VERTEX_POINT ( 'NONE', #2275 ) ;
#4406 = EDGE_CURVE ( 'NONE', #3532, #1104, #1590, .T. ) ;
#4407 = CARTESIAN_POINT ( 'NONE',  ( -2.749999999973124609, 1.399999999999996581, 0.9000000000250046872 ) ) ;
#4408 = LINE ( 'NONE', #1224, #1141 ) ;
#4409 = CARTESIAN_POINT ( 'NONE',  ( -3.350000000000000089, 1.399999999999997691, 0.8000000000000051514 ) ) ;
#4410 = VERTEX_POINT ( 'NONE', #6133 ) ;
#4411 = DIRECTION ( 'NONE',  ( 0.000000000000000000, 0.000000000000000000, -1.000000000000000000 ) ) ;
#4412 = LINE ( 'NONE', #4370, #1403 ) ;
#4413 = SURFACE_STYLE_FILL_AREA ( #1830 ) ;
#4414 = ORIENTED_EDGE ( 'NONE', *, *, #8402, .T. ) ;
#4415 = UNCERTAINTY_MEASURE_WITH_UNIT (LENGTH_MEASURE( 1.000000000000000082E-05 ), #1745, 'distance_accuracy_value', 'NONE');
#4416 = DIRECTION ( 'NONE',  ( 0.000000000000000000, 3.491483361109382066E-15, -1.000000000000000000 ) ) ;
#4417 = VERTEX_POINT ( 'NONE', #852 ) ;
#4418 = CARTESIAN_POINT ( 'NONE',  ( 3.150000000004530953, 0.7000000000117154730, 0.8000000000007840839 ) ) ;
#4419 = COLOUR_RGB ( '',0.000000000000000000, 0.000000000000000000, 1.000000000000000000 ) ;
#4420 = DIRECTION ( 'NONE',  ( 0.000000000000000000, -3.491483361109382461E-15, 1.000000000000000000 ) ) ;
#4421 = VERTEX_POINT ( 'NONE', #1548 ) ;
#4422 = PLANE ( 'NONE',  #8111 ) ;
#4423 = FACE_OUTER_BOUND ( 'NONE', #773, .T. ) ;
#4424 = CARTESIAN_POINT ( 'NONE',  ( -3.850000000000000533, -4.174178364069192071E-15, 1.299900000000000055 ) ) ;
#4425 = DIRECTION ( 'NONE',  ( -0.000000000000000000, 1.000000000000000000, 3.491483361109382461E-15 ) ) ;
#4426 = VECTOR ( 'NONE', #3553, 1000.000000000000000 ) ;
#4427 = ADVANCED_FACE ( 'NONE', ( #5449 ), #1503, .F. ) ;
#4428 = LINE ( 'NONE', #3110, #2233 ) ;
#4429 = DIRECTION ( 'NONE',  ( -0.000000000000000000, 1.000000000000000000, 3.491483361109382461E-15 ) ) ;
#4430 = VERTEX_POINT ( 'NONE', #5360 ) ;
#4431 =( LENGTH_UNIT ( ) NAMED_UNIT ( * ) SI_UNIT ( .MILLI., .METRE. ) );
#4432 = FILL_AREA_STYLE ('',( #7650 ) ) ;
#4433 = VERTEX_POINT ( 'NONE', #4637 ) ;
#4434 = DIRECTION ( 'NONE',  ( -0.000000000000000000, -1.000000000000000000, 0.000000000000000000 ) ) ;
#4435 = CARTESIAN_POINT ( 'NONE',  ( -3.850000000000000533, 0.2000000000000046740, -1.299999999999999822 ) ) ;
#4436 = EDGE_CURVE ( 'NONE', #2442, #4600, #145, .T. ) ;
#4437 = VERTEX_POINT ( 'NONE', #190 ) ;
#4438 = LINE ( 'NONE', #1902, #7586 ) ;
#4439 = CYLINDRICAL_SURFACE ( 'NONE', #4782, 0.05000000000000012768 ) ;
#4440 = EDGE_CURVE ( 'NONE', #6541, #8323, #2780, .T. ) ;
#4441 = FILL_AREA_STYLE ('',( #7574 ) ) ;
#4442 = ORIENTED_EDGE ( 'NONE', *, *, #215, .T. ) ;
#4443 = LINE ( 'NONE', #8226, #667 ) ;
#4444 = AXIS2_PLACEMENT_3D ( 'NONE', #3330, #2043, #5945 ) ;
#4445 = DIRECTION ( 'NONE',  ( -1.000000000000000000, -0.000000000000000000, -0.000000000000000000 ) ) ;
#4446 = CARTESIAN_POINT ( 'NONE',  ( -3.150000000012084023, 0.6499999999499956882, 1.299900000000000055 ) ) ;
#4447 = COLOUR_RGB ( '',0.000000000000000000, 0.000000000000000000, 1.000000000000000000 ) ;
#4448 = EDGE_LOOP ( 'NONE', ( #5073, #7751, #307, #4679 ) ) ;
#4449 = LINE ( 'NONE', #5774, #4311 ) ;
#4450 = EDGE_CURVE ( 'NONE', #752, #5931, #5960, .T. ) ;
#4451 = ORIENTED_EDGE ( 'NONE', *, *, #2082, .F. ) ;
#4452 = PRODUCT_DEFINITION_FORMATION_WITH_SPECIFIED_SOURCE ( 'ANY', '', #3352, .NOT_KNOWN. ) ;
#4453 = FILL_AREA_STYLE_COLOUR ( '', #856 ) ;
#4454 = PRESENTATION_LAYER_ASSIGNMENT (  '', '', ( #7840 ) ) ;
#4455 = DIRECTION ( 'NONE',  ( 0.000000000000000000, -3.491483361109382461E-15, 1.000000000000000000 ) ) ;
#4456 = EDGE_CURVE ( 'NONE', #1348, #1104, #6042, .T. ) ;
#4457 = ORIENTED_EDGE ( 'NONE', *, *, #8065, .F. ) ;
#4458 = CARTESIAN_POINT ( 'NONE',  ( -1.430000000000000604, 1.199999999972995557, 1.299999999973004527 ) ) ;
#4459 = AXIS2_PLACEMENT_3D ( 'NONE', #3049, #5718, #3744 ) ;
#4460 = STYLED_ITEM ( 'NONE', ( #678 ), #7768 ) ;
#4461 = ORIENTED_EDGE ( 'NONE', *, *, #7696, .T. ) ;
#4462 = VECTOR ( 'NONE', #4994, 1000.000000000000000 ) ;
#4463 =( NAMED_UNIT ( * ) PLANE_ANGLE_UNIT ( ) SI_UNIT ( $, .RADIAN. ) );
#4464 =( LENGTH_UNIT ( ) NAMED_UNIT ( * ) SI_UNIT ( .MILLI., .METRE. ) );
#4465 = LINE ( 'NONE', #4119, #2625 ) ;
#4466 = CARTESIAN_POINT ( 'NONE',  ( -3.149999999967187936, 1.399999999999997691, 0.8000000000210986117 ) ) ;
#4467 = VERTEX_POINT ( 'NONE', #7186 ) ;
#4468 = CARTESIAN_POINT ( 'NONE',  ( 3.449999999999999734, 0.2000000000000046740, -1.299999999999999822 ) ) ;
#4469 =( NAMED_UNIT ( * ) SI_UNIT ( $, .STERADIAN. ) SOLID_ANGLE_UNIT ( ) );
#4470 =( GEOMETRIC_REPRESENTATION_CONTEXT ( 3 ) GLOBAL_UNCERTAINTY_ASSIGNED_CONTEXT ( ( #7206 ) ) GLOBAL_UNIT_ASSIGNED_CONTEXT ( ( #4078, #5867, #2005 ) ) REPRESENTATION_CONTEXT ( 'NONE', 'WORKASPACE' ) );
#4471 =( LENGTH_UNIT ( ) NAMED_UNIT ( * ) SI_UNIT ( .MILLI., .METRE. ) );
#4472 = AXIS2_PLACEMENT_3D ( 'NONE', #5580, #7520, #6887 ) ;
#4473 = ORIENTED_EDGE ( 'NONE', *, *, #6977, .F. ) ;
#4474 = LINE ( 'NONE', #1210, #2224 ) ;
#4475 = VECTOR ( 'NONE', #5544, 1000.000000000000000 ) ;
#4476 = VERTEX_POINT ( 'NONE', #4678 ) ;
#4477 = ORIENTED_EDGE ( 'NONE', *, *, #5746, .T. ) ;
#4478 = MECHANICAL_DESIGN_GEOMETRIC_PRESENTATION_REPRESENTATION (  '', ( #8144 ), #3003 ) ;
#4479 = CARTESIAN_POINT ( 'NONE',  ( 1.400000000000000133, 0.09999999999999424627, 1.609999999887500088 ) ) ;
#4480 = PRESENTATION_STYLE_ASSIGNMENT (( #5120 ) ) ;
#4481 = CARTESIAN_POINT ( 'NONE',  ( -3.350000000000000089, 0.8999999999999971356, 0.8000000000097694519 ) ) ;
#4482 = COLOUR_RGB ( '',1.000000000000000000, 1.000000000000000000, 1.000000000000000000 ) ;
#4483 = VERTEX_POINT ( 'NONE', #5318 ) ;
#4484 = DIRECTION ( 'NONE',  ( -9.876681162117933735E-16, -1.000000000000000000, -3.185229682395817851E-15 ) ) ;
#4485 = CARTESIAN_POINT ( 'NONE',  ( -1.350000000000000089, 0.1499999999999973299, 0.7600000000000001199 ) ) ;
#4486 = DIRECTION ( 'NONE',  ( -0.000000000000000000, 3.491483361109382461E-15, -1.000000000000000000 ) ) ;
#4487 = EDGE_CURVE ( 'NONE', #6233, #1168, #7268, .T. ) ;
#4488 = UNCERTAINTY_MEASURE_WITH_UNIT (LENGTH_MEASURE( 1.000000000000000082E-05 ), #2907, 'distance_accuracy_value', 'NONE');
#4489 = PRESENTATION_LAYER_ASSIGNMENT (  '', '', ( #7199 ) ) ;
#4490 = DIRECTION ( 'NONE',  ( 2.373498755813608300E-16, 3.491483361109383250E-15, -1.000000000000000000 ) ) ;
#4491 = EDGE_LOOP ( 'NONE', ( #1696, #329, #5415, #1687 ) ) ;
#4492 = LINE ( 'NONE', #8401, #4952 ) ;
#4493 =( GEOMETRIC_REPRESENTATION_CONTEXT ( 3 ) GLOBAL_UNCERTAINTY_ASSIGNED_CONTEXT ( ( #7972 ) ) GLOBAL_UNIT_ASSIGNED_CONTEXT ( ( #762, #2104, #5914 ) ) REPRESENTATION_CONTEXT ( 'NONE', 'WORKASPACE' ) );
#4494 =( NAMED_UNIT ( * ) SI_UNIT ( $, .STERADIAN. ) SOLID_ANGLE_UNIT ( ) );
#4495 = EDGE_LOOP ( 'NONE', ( #5629, #2217, #431, #382 ) ) ;
#4496 = VECTOR ( 'NONE', #1853, 1000.000000000000000 ) ;
#4497 = CARTESIAN_POINT ( 'NONE',  ( 1.500000000000000000, 5.421010862427522170E-17, 1.800832703444117038E-16 ) ) ;
#4498 = FACE_BOUND ( 'NONE', #4061, .T. ) ;
#4499 =( NAMED_UNIT ( * ) SI_UNIT ( $, .STERADIAN. ) SOLID_ANGLE_UNIT ( ) );
#4500 = EDGE_LOOP ( 'NONE', ( #5768, #3637, #6524, #3011, #362, #5636, #4178, #465 ) ) ;
#4501 = CARTESIAN_POINT ( 'NONE',  ( 3.399999999999999911, 0.2500000000333288397, -0.8999999999999993561 ) ) ;
#4502 = AXIS2_PLACEMENT_3D ( 'NONE', #192, #5452, #1550 ) ;
#4503 = ORIENTED_EDGE ( 'NONE', *, *, #1533, .T. ) ;
#4504 =( NAMED_UNIT ( * ) SI_UNIT ( $, .STERADIAN. ) SOLID_ANGLE_UNIT ( ) );
#4505 = ADVANCED_FACE ( 'NONE', ( #4131 ), #3345, .T. ) ;
#4506 = FACE_OUTER_BOUND ( 'NONE', #1828, .T. ) ;
#4507 = VECTOR ( 'NONE', #5144, 1000.000000000000000 ) ;
#4508 = VECTOR ( 'NONE', #185, 1000.000000000000000 ) ;
#4509 = CARTESIAN_POINT ( 'NONE',  ( -1.649999999999999911, -2.653527354443129313E-15, 0.7599999999999995648 ) ) ;
#4510 = FACE_OUTER_BOUND ( 'NONE', #606, .T. ) ;
#4511 = VERTEX_POINT ( 'NONE', #305 ) ;
#4512 = CARTESIAN_POINT ( 'NONE',  ( 3.149999999999999911, 1.303600000000004311, -1.249999999999996003 ) ) ;
#4513 = DIRECTION ( 'NONE',  ( 0.000000000000000000, -1.000000000000000000, -3.491483361109382461E-15 ) ) ;
#4514 = DIRECTION ( 'NONE',  ( 0.000000000000000000, 3.491483361109382461E-15, -1.000000000000000000 ) ) ;
#4515 = ORIENTED_EDGE ( 'NONE', *, *, #5475, .F. ) ;
#4516 = LINE ( 'NONE', #5669, #6564 ) ;
#4517 = VECTOR ( 'NONE', #6389, 1000.000000000000000 ) ;
#4518 = EDGE_LOOP ( 'NONE', ( #5361, #2174, #2495, #8101 ) ) ;
#4519 = ORIENTED_EDGE ( 'NONE', *, *, #7859, .F. ) ;
#4520 = CARTESIAN_POINT ( 'NONE',  ( 3.149999999999999467, 3.332887774308514122E-11, -1.300100000000000255 ) ) ;
#4521 =( NAMED_UNIT ( * ) PLANE_ANGLE_UNIT ( ) SI_UNIT ( $, .RADIAN. ) );
#4522 = PLANE ( 'NONE',  #2553 ) ;
#4523 = VERTEX_POINT ( 'NONE', #2944 ) ;
#4524 = VECTOR ( 'NONE', #3812, 1000.000000000000000 ) ;
#4525 = ORIENTED_EDGE ( 'NONE', *, *, #984, .T. ) ;
#4526 =( NAMED_UNIT ( * ) PLANE_ANGLE_UNIT ( ) SI_UNIT ( $, .RADIAN. ) );
#4527 = CARTESIAN_POINT ( 'NONE',  ( -3.149999999996875744, 1.400000000000003242, -0.8000000000084325213 ) ) ;
#4528 = PLANE ( 'NONE',  #7866 ) ;
#4529 = MECHANICAL_DESIGN_GEOMETRIC_PRESENTATION_REPRESENTATION (  '', ( #3191 ), #723 ) ;
#4530 = EDGE_CURVE ( 'NONE', #1091, #4405, #342, .T. ) ;
#4531 = SURFACE_SIDE_STYLE ('',( #7753 ) ) ;
#4532 = ORIENTED_EDGE ( 'NONE', *, *, #2619, .F. ) ;
#4533 = SURFACE_STYLE_FILL_AREA ( #3235 ) ;
#4534 = CARTESIAN_POINT ( 'NONE',  ( -3.399999999999999911, 1.666819893914039952E-11, -2.200000000000001510 ) ) ;
#4535 =( NAMED_UNIT ( * ) SI_UNIT ( $, .STERADIAN. ) SOLID_ANGLE_UNIT ( ) );
#4536 = ORIENTED_EDGE ( 'NONE', *, *, #2164, .F. ) ;
#4537 = EDGE_CURVE ( 'NONE', #7887, #1201, #6127, .T. ) ;
#4538 = CARTESIAN_POINT ( 'NONE',  ( 0.09999999999999982514, 0.1000000000374927367, 1.609999999915626701 ) ) ;
#4539 = DIRECTION ( 'NONE',  ( -1.000000000000000000, 0.000000000000000000, 0.000000000000000000 ) ) ;
#4540 = EDGE_LOOP ( 'NONE', ( #7719, #3976, #36, #6902, #3396, #6536, #2809, #3523 ) ) ;
#4541 = ORIENTED_EDGE ( 'NONE', *, *, #7654, .T. ) ;
#4542 = EDGE_CURVE ( 'NONE', #1207, #2563, #7890, .T. ) ;
#4543 = PRESENTATION_LAYER_ASSIGNMENT (  '', '', ( #7793 ) ) ;
#4544 = FILL_AREA_STYLE ('',( #557 ) ) ;
#4545 = CARTESIAN_POINT ( 'NONE',  ( 0.9300000000000002709, 1.199999999999995959, 1.100000000000004086 ) ) ;
#4546 = SURFACE_STYLE_FILL_AREA ( #5230 ) ;
#4547 = CARTESIAN_POINT ( 'NONE',  ( -0.7999999999999999334, -2.653527354443129313E-15, 0.7599999999999995648 ) ) ;
#4548 = AXIS2_PLACEMENT_3D ( 'NONE', #5970, #6593, #4819 ) ;
#4549 = CARTESIAN_POINT ( 'NONE',  ( -3.149999999868750677, 7.724940478959219092E-15, -2.200000000000000178 ) ) ;
#4550 = CARTESIAN_POINT ( 'NONE',  ( -3.350000000000000089, 0.6499999999999964695, 1.299900000000000055 ) ) ;
#4551 = VERTEX_POINT ( 'NONE', #8119 ) ;
#4552 = FILL_AREA_STYLE_COLOUR ( '', #5949 ) ;
#4553 = FILL_AREA_STYLE_COLOUR ( '', #2939 ) ;
#4554 = EDGE_CURVE ( 'NONE', #6940, #2627, #6806, .T. ) ;
#4555 = ORIENTED_EDGE ( 'NONE', *, *, #6728, .F. ) ;
#4556 = SURFACE_STYLE_USAGE ( .BOTH. , #7188 ) ;
#4557 = SURFACE_STYLE_FILL_AREA ( #1979 ) ;
#4558 = ORIENTED_EDGE ( 'NONE', *, *, #4136, .F. ) ;
#4559 = UNCERTAINTY_MEASURE_WITH_UNIT (LENGTH_MEASURE( 1.000000000000000082E-05 ), #7636, 'distance_accuracy_value', 'NONE');
#4560 =( NAMED_UNIT ( * ) SI_UNIT ( $, .STERADIAN. ) SOLID_ANGLE_UNIT ( ) );
#4561 = ADVANCED_FACE ( 'NONE', ( #6758 ), #1708, .T. ) ;
#4562 = COLOUR_RGB ( '',1.000000000000000000, 0.000000000000000000, 1.000000000000000000 ) ;
#4563 = LINE ( 'NONE', #4479, #1918 ) ;
#4564 = PRESENTATION_STYLE_ASSIGNMENT (( #1216 ) ) ;
#4565 = CARTESIAN_POINT ( 'NONE',  ( 1.400000000173125203, 1.199999999999995959, 1.100000000000004086 ) ) ;
#4566 = EDGE_LOOP ( 'NONE', ( #2790, #3481, #2972, #4085 ) ) ;
#4567 = EDGE_LOOP ( 'NONE', ( #4473, #2200 ) ) ;
#4568 = PRESENTATION_STYLE_ASSIGNMENT (( #7620 ) ) ;
#4569 = VERTEX_POINT ( 'NONE', #7433 ) ;
#4570 = LINE ( 'NONE', #3273, #6440 ) ;
#4571 =( GEOMETRIC_REPRESENTATION_CONTEXT ( 3 ) GLOBAL_UNCERTAINTY_ASSIGNED_CONTEXT ( ( #4259 ) ) GLOBAL_UNIT_ASSIGNED_CONTEXT ( ( #6615, #2673, #3284 ) ) REPRESENTATION_CONTEXT ( 'NONE', 'WORKASPACE' ) );
#4572 = PLANE ( 'NONE',  #665 ) ;
#4573 = VERTEX_POINT ( 'NONE', #1061 ) ;
#4574 = PLANE ( 'NONE',  #5214 ) ;
#4575 = VECTOR ( 'NONE', #8237, 1000.000000000000000 ) ;
#4576 = CARTESIAN_POINT ( 'NONE',  ( 2.750000000000000000, 1.199999999962495290, 0.9000000000000050182 ) ) ;
#4577 = VECTOR ( 'NONE', #1137, 1000.000000000000000 ) ;
#4578 = UNCERTAINTY_MEASURE_WITH_UNIT (LENGTH_MEASURE( 1.000000000000000082E-05 ), #2872, 'distance_accuracy_value', 'NONE');
#4579 = DIRECTION ( 'NONE',  ( 1.000000000000000000, -0.000000000000000000, 0.000000000000000000 ) ) ;
#4580 = DIRECTION ( 'NONE',  ( 0.000000000000000000, 0.000000000000000000, 1.000000000000000000 ) ) ;
#4581 = VECTOR ( 'NONE', #2370, 1000.000000000000000 ) ;
#4582 = AXIS2_PLACEMENT_3D ( 'NONE', #4468, #1250, #1888 ) ;
#4583 = DIRECTION ( 'NONE',  ( -0.000000000000000000, -0.000000000000000000, 1.000000000000000000 ) ) ;
#4584 = EDGE_CURVE ( 'NONE', #5809, #5258, #1628, .T. ) ;
#4585 = LINE ( 'NONE', #3902, #5134 ) ;
#4586 = DIRECTION ( 'NONE',  ( -0.000000000000000000, -1.000000000000000000, -3.491483361109382461E-15 ) ) ;
#4587 = COLOUR_RGB ( '',0.000000000000000000, 0.000000000000000000, 1.000000000000000000 ) ;
#4588 =( NAMED_UNIT ( * ) PLANE_ANGLE_UNIT ( ) SI_UNIT ( $, .RADIAN. ) );
#4589 = EDGE_CURVE ( 'NONE', #3224, #4275, #4263, .T. ) ;
#4590 = DIRECTION ( 'NONE',  ( 0.000000000000000000, 0.000000000000000000, 1.000000000000000000 ) ) ;
#4591 = LINE ( 'NONE', #3419, #8174 ) ;
#4592 = ORIENTED_EDGE ( 'NONE', *, *, #3306, .T. ) ;
#4593 =( NAMED_UNIT ( * ) PLANE_ANGLE_UNIT ( ) SI_UNIT ( $, .RADIAN. ) );
#4594 =( NAMED_UNIT ( * ) SI_UNIT ( $, .STERADIAN. ) SOLID_ANGLE_UNIT ( ) );
#4595 = ORIENTED_EDGE ( 'NONE', *, *, #7436, .F. ) ;
#4596 = CARTESIAN_POINT ( 'NONE',  ( -2.200000000000000178, 0.1499999999999973299, 0.7600000000000001199 ) ) ;
#4597 = VECTOR ( 'NONE', #8107, 1000.000000000000000 ) ;
#4598 = SURFACE_SIDE_STYLE ('',( #1463 ) ) ;
#4599 =( GEOMETRIC_REPRESENTATION_CONTEXT ( 3 ) GLOBAL_UNCERTAINTY_ASSIGNED_CONTEXT ( ( #3478 ) ) GLOBAL_UNIT_ASSIGNED_CONTEXT ( ( #4319, #1266, #3846 ) ) REPRESENTATION_CONTEXT ( 'NONE', 'WORKASPACE' ) );
#4600 = VERTEX_POINT ( 'NONE', #5619 ) ;
#4601 = DIRECTION ( 'NONE',  ( 0.000000000000000000, -3.491483361109382461E-15, 1.000000000000000000 ) ) ;
#4602 = DIRECTION ( 'NONE',  ( 0.000000000000000000, -0.000000000000000000, -1.000000000000000000 ) ) ;
#4603 = VECTOR ( 'NONE', #6588, 1000.000000000000000 ) ;
#4604 = FILL_AREA_STYLE_COLOUR ( '', #4447 ) ;
#4605 = ORIENTED_EDGE ( 'NONE', *, *, #6281, .T. ) ;
#4606 =( GEOMETRIC_REPRESENTATION_CONTEXT ( 3 ) GLOBAL_UNCERTAINTY_ASSIGNED_CONTEXT ( ( #2205 ) ) GLOBAL_UNIT_ASSIGNED_CONTEXT ( ( #5033, #3138, #6215 ) ) REPRESENTATION_CONTEXT ( 'NONE', 'WORKASPACE' ) );
#4607 = ORIENTED_EDGE ( 'NONE', *, *, #4155, .T. ) ;
#4608 = FILL_AREA_STYLE_COLOUR ( '', #1353 ) ;
#4609 = VECTOR ( 'NONE', #5633, 1000.000000000000000 ) ;
#4610 = EDGE_CURVE ( 'NONE', #1831, #191, #6846, .T. ) ;
#4611 = AXIS2_PLACEMENT_3D ( 'NONE', #7950, #7180, #2053 ) ;
#4612 = VERTEX_POINT ( 'NONE', #2990 ) ;
#4613 = CARTESIAN_POINT ( 'NONE',  ( -3.150000000012084911, 1.399999999999996358, 1.300000000000005151 ) ) ;
#4614 = SURFACE_STYLE_FILL_AREA ( #5811 ) ;
#4615 = VECTOR ( 'NONE', #3965, 1000.000000000000000 ) ;
#4616 = VECTOR ( 'NONE', #7088, 1000.000000000000000 ) ;
#4617 = ORIENTED_EDGE ( 'NONE', *, *, #2183, .F. ) ;
#4618 =( NAMED_UNIT ( * ) SI_UNIT ( $, .STERADIAN. ) SOLID_ANGLE_UNIT ( ) );
#4619 = EDGE_CURVE ( 'NONE', #4433, #4569, #4970, .T. ) ;
#4620 =( NAMED_UNIT ( * ) PLANE_ANGLE_UNIT ( ) SI_UNIT ( $, .RADIAN. ) );
#4621 = PLANE ( 'NONE',  #7732 ) ;
#4622 = EDGE_LOOP ( 'NONE', ( #2388, #295, #1031, #8182 ) ) ;
#4623 = FILL_AREA_STYLE ('',( #749 ) ) ;
#4624 = LINE ( 'NONE', #7256, #3909 ) ;
#4625 = EDGE_LOOP ( 'NONE', ( #705, #834, #5763, #6860 ) ) ;
#4626 = COLOUR_RGB ( '',0.000000000000000000, 0.000000000000000000, 1.000000000000000000 ) ;
#4627 = CARTESIAN_POINT ( 'NONE',  ( 1.500000000000000000, -0.4999999999881774571, -1.544988095368144062E-15 ) ) ;
#4628 = FILL_AREA_STYLE ('',( #720 ) ) ;
#4629 = PRESENTATION_STYLE_ASSIGNMENT (( #3996 ) ) ;
#4630 = VECTOR ( 'NONE', #6323, 1000.000000000000000 ) ;
#4631 = ADVANCED_FACE ( 'NONE', ( #4339 ), #5572, .F. ) ;
#4632 = PLANE ( 'NONE',  #2794 ) ;
#4633 = VECTOR ( 'NONE', #6006, 1000.000000000000000 ) ;
#4634 = VERTEX_POINT ( 'NONE', #2469 ) ;
#4635 =( LENGTH_UNIT ( ) NAMED_UNIT ( * ) SI_UNIT ( .MILLI., .METRE. ) );
#4636 = DIRECTION ( 'NONE',  ( 0.000000000000000000, 0.000000000000000000, -1.000000000000000000 ) ) ;
#4637 = CARTESIAN_POINT ( 'NONE',  ( 2.719999999144444569, 1.400000000000002576, -0.7499999997333282042 ) ) ;
#4638 = ORIENTED_EDGE ( 'NONE', *, *, #1722, .F. ) ;
#4639 = CARTESIAN_POINT ( 'NONE',  ( -3.149999999987500576, 0.7000000000351607188, -1.249999999992965849 ) ) ;
#4640 = EDGE_CURVE ( 'NONE', #7477, #763, #5143, .T. ) ;
#4641 = DIRECTION ( 'NONE',  ( -0.000000000000000000, -3.491483361109382461E-15, 1.000000000000000000 ) ) ;
#4642 = LINE ( 'NONE', #3349, #2037 ) ;
#4643 = SURFACE_STYLE_FILL_AREA ( #2743 ) ;
#4644 = CARTESIAN_POINT ( 'NONE',  ( -0.7999999999999999334, 0.1499999999999973299, 0.7600000000000001199 ) ) ;
#4645 = FILL_AREA_STYLE ('',( #3969 ) ) ;
#4646 = ORIENTED_EDGE ( 'NONE', *, *, #3491, .F. ) ;
#4647 = EDGE_LOOP ( 'NONE', ( #2661, #1680, #7609, #361 ) ) ;
#4648 = CARTESIAN_POINT ( 'NONE',  ( -3.150000000000000355, 1.399999999999997913, 1.249999999990627275 ) ) ;
#4649 = EDGE_CURVE ( 'NONE', #2229, #3054, #7678, .T. ) ;
#4650 =( LENGTH_UNIT ( ) NAMED_UNIT ( * ) SI_UNIT ( .MILLI., .METRE. ) );
#4651 = ORIENTED_EDGE ( 'NONE', *, *, #5219, .F. ) ;
#4652 = ORIENTED_EDGE ( 'NONE', *, *, #8357, .T. ) ;
#4653 = CARTESIAN_POINT ( 'NONE',  ( 0.3000000000156244906, 1.199999999999990408, 2.800000000009378098 ) ) ;
#4654 = DIRECTION ( 'NONE',  ( 0.000000000000000000, 0.000000000000000000, 1.000000000000000000 ) ) ;
#4655 = STYLED_ITEM ( 'NONE', ( #121 ), #1894 ) ;
#4656 = ORIENTED_EDGE ( 'NONE', *, *, #3476, .F. ) ;
#4657 = CARTESIAN_POINT ( 'NONE',  ( -3.349999999999999645, 0.2500000000333291728, 1.299900000000000055 ) ) ;
#4658 = STYLED_ITEM ( 'NONE', ( #867 ), #2248 ) ;
#4659 = SURFACE_STYLE_FILL_AREA ( #2084 ) ;
#4660 = UNCERTAINTY_MEASURE_WITH_UNIT (LENGTH_MEASURE( 1.000000000000000082E-05 ), #5255, 'distance_accuracy_value', 'NONE');
#4661 = PRESENTATION_STYLE_ASSIGNMENT (( #2087 ) ) ;
#4662 = ORIENTED_EDGE ( 'NONE', *, *, #2440, .F. ) ;
#4663 = ADVANCED_FACE ( 'NONE', ( #7049 ), #1795, .T. ) ;
#4664 = LINE ( 'NONE', #2133, #524 ) ;
#4665 = ORIENTED_EDGE ( 'NONE', *, *, #215, .F. ) ;
#4666 = PRESENTATION_STYLE_ASSIGNMENT (( #7852 ) ) ;
#4667 = DIRECTION ( 'NONE',  ( 1.000000000000000000, 0.000000000000000000, 0.000000000000000000 ) ) ;
#4668 = CARTESIAN_POINT ( 'NONE',  ( -1.649999999999999911, -2.653527354443129313E-15, 0.7599999999999995648 ) ) ;
#4669 = FILL_AREA_STYLE_COLOUR ( '', #6242 ) ;
#4670 = DIRECTION ( 'NONE',  ( -1.000000000000000000, 2.344146738486555696E-11, 0.000000000000000000 ) ) ;
#4671 = PLANE ( 'NONE',  #498 ) ;
#4672 = LINE ( 'NONE', #4762, #4508 ) ;
#4673 = ORIENTED_EDGE ( 'NONE', *, *, #3405, .F. ) ;
#4674 =( GEOMETRIC_REPRESENTATION_CONTEXT ( 3 ) GLOBAL_UNCERTAINTY_ASSIGNED_CONTEXT ( ( #424 ) ) GLOBAL_UNIT_ASSIGNED_CONTEXT ( ( #5130, #7838, #2033 ) ) REPRESENTATION_CONTEXT ( 'NONE', 'WORKASPACE' ) );
#4675 =( LENGTH_UNIT ( ) NAMED_UNIT ( * ) SI_UNIT ( .MILLI., .METRE. ) );
#4676 = FACE_OUTER_BOUND ( 'NONE', #7109, .T. ) ;
#4677 = CARTESIAN_POINT ( 'NONE',  ( -2.049999999971875653, 0.1499999999906299064, -1.300099999999999811 ) ) ;
#4678 = CARTESIAN_POINT ( 'NONE',  ( -3.149999999998125855, 1.199999999964064923, -0.7499999999999956701 ) ) ;
#4679 = ORIENTED_EDGE ( 'NONE', *, *, #3229, .T. ) ;
#4680 = PRESENTATION_STYLE_ASSIGNMENT (( #148 ) ) ;
#4681 = DIRECTION ( 'NONE',  ( -1.000000000000000000, -0.000000000000000000, -0.000000000000000000 ) ) ;
#4682 = MECHANICAL_DESIGN_GEOMETRIC_PRESENTATION_REPRESENTATION (  '', ( #1842 ), #5092 ) ;
#4683 = LINE ( 'NONE', #3502, #4603 ) ;
#4684 = LINE ( 'NONE', #4049, #896 ) ;
#4685 = PRESENTATION_STYLE_ASSIGNMENT (( #771 ) ) ;
#4686 =( NAMED_UNIT ( * ) PLANE_ANGLE_UNIT ( ) SI_UNIT ( $, .RADIAN. ) );
#4687 = VECTOR ( 'NONE', #2744, 1000.000000000000000 ) ;
#4688 = ORIENTED_EDGE ( 'NONE', *, *, #3461, .T. ) ;
#4689 = VERTEX_POINT ( 'NONE', #1289 ) ;
#4690 = FILL_AREA_STYLE_COLOUR ( '', #3400 ) ;
#4691 = EDGE_CURVE ( 'NONE', #8058, #3681, #6454, .T. ) ;
#4692 = SURFACE_SIDE_STYLE ('',( #8014 ) ) ;
#4693 = SURFACE_STYLE_FILL_AREA ( #2835 ) ;
#4694 = EDGE_LOOP ( 'NONE', ( #8133, #158, #4082, #6444 ) ) ;
#4695 = EDGE_CURVE ( 'NONE', #5396, #7009, #6374, .T. ) ;
#4696 = EDGE_LOOP ( 'NONE', ( #5450, #4170, #661, #5547 ) ) ;
#4697 = SURFACE_STYLE_FILL_AREA ( #2841 ) ;
#4698 = PRESENTATION_STYLE_ASSIGNMENT (( #2125 ) ) ;
#4699 = ORIENTED_EDGE ( 'NONE', *, *, #7907, .F. ) ;
#4700 = STYLED_ITEM ( 'NONE', ( #508 ), #6872 ) ;
#4701 = SURFACE_STYLE_FILL_AREA ( #2718 ) ;
#4702 = CARTESIAN_POINT ( 'NONE',  ( -4.950694310439250678, 0.2500000000333291728, -0.8999999999999991340 ) ) ;
#4703 = EDGE_CURVE ( 'NONE', #4963, #6026, #2, .T. ) ;
#4704 = PRESENTATION_LAYER_ASSIGNMENT (  '', '', ( #7687 ) ) ;
#4705 = VERTEX_POINT ( 'NONE', #1967 ) ;
#4706 = DIRECTION ( 'NONE',  ( 0.000000000000000000, 3.491483361109382461E-15, -1.000000000000000000 ) ) ;
#4707 = ORIENTED_EDGE ( 'NONE', *, *, #6150, .F. ) ;
#4708 = LINE ( 'NONE', #3334, #1351 ) ;
#4709 = FACE_OUTER_BOUND ( 'NONE', #8286, .T. ) ;
#4710 = FILL_AREA_STYLE ('',( #3375 ) ) ;
#4711 = AXIS2_PLACEMENT_3D ( 'NONE', #1274, #7796, #5295 ) ;
#4712 = SURFACE_STYLE_USAGE ( .BOTH. , #2897 ) ;
#4713 = ADVANCED_FACE ( 'NONE', ( #1321 ), #6494, .F. ) ;
#4714 = CARTESIAN_POINT ( 'NONE',  ( 1.500000000000000000, -0.3000000000000001554, -8.673617379884035472E-16 ) ) ;
#4715 = LINE ( 'NONE', #5357, #837 ) ;
#4716 = VECTOR ( 'NONE', #491, 1000.000000000000000 ) ;
#4717 = AXIS2_PLACEMENT_3D ( 'NONE', #4512, #1159, #1295 ) ;
#4718 = DIRECTION ( 'NONE',  ( 0.9551363834789753371, 0.000000000000000000, 0.2961663197507504730 ) ) ;
#4719 = VECTOR ( 'NONE', #1151, 1000.000000000000000 ) ;
#4720 = CARTESIAN_POINT ( 'NONE',  ( -3.350000000000000089, 0.6500000000000025757, -0.7499999999999965583 ) ) ;
#4721 = ORIENTED_EDGE ( 'NONE', *, *, #664, .F. ) ;
#4722 = CARTESIAN_POINT ( 'NONE',  ( 3.849999999999999645, 0.2000000000703658076, 1.299900000000000055 ) ) ;
#4723 = DIRECTION ( 'NONE',  ( -0.000000000000000000, -0.000000000000000000, 1.000000000000000000 ) ) ;
#4724 = COLOUR_RGB ( '',0.000000000000000000, 0.000000000000000000, 1.000000000000000000 ) ;
#4725 = DIRECTION ( 'NONE',  ( 1.000000000000000000, -4.531599869146434777E-31, 1.275531967630004506E-16 ) ) ;
#4726 = COLOUR_RGB ( '',1.000000000000000000, 0.5019607843137254832, 0.000000000000000000 ) ;
#4727 = DIRECTION ( 'NONE',  ( -0.000000000000000000, -1.000000000000000000, 0.000000000000000000 ) ) ;
#4728 = LINE ( 'NONE', #7274, #628 ) ;
#4729 = DIRECTION ( 'NONE',  ( 0.000000000000000000, 3.491483361109382461E-15, -1.000000000000000000 ) ) ;
#4730 = FILL_AREA_STYLE_COLOUR ( '', #6316 ) ;
#4731 = PRESENTATION_STYLE_ASSIGNMENT (( #2789 ) ) ;
#4732 = VERTEX_POINT ( 'NONE', #3453 ) ;
#4733 = FACE_OUTER_BOUND ( 'NONE', #2781, .T. ) ;
#4734 = VECTOR ( 'NONE', #1131, 1000.000000000000000 ) ;
#4735 = PRESENTATION_STYLE_ASSIGNMENT (( #4101 ) ) ;
#4736 = MECHANICAL_DESIGN_GEOMETRIC_PRESENTATION_REPRESENTATION (  '', ( #263 ), #7577 ) ;
#4737 = CARTESIAN_POINT ( 'NONE',  ( 3.400000000000000355, 0.2000000000333287675, 1.299900000000000055 ) ) ;
#4738 = UNCERTAINTY_MEASURE_WITH_UNIT (LENGTH_MEASURE( 1.000000000000000082E-05 ), #6004, 'distance_accuracy_value', 'NONE');
#4739 = AXIS2_PLACEMENT_3D ( 'NONE', #4089, #6682, #5919 ) ;
#4740 = VERTEX_POINT ( 'NONE', #7342 ) ;
#4741 = VECTOR ( 'NONE', #6773, 1000.000000000000000 ) ;
#4742 = CARTESIAN_POINT ( 'NONE',  ( 3.050000000000000266, 1.099999999999997202, 0.7499999994000036141 ) ) ;
#4743 = SURFACE_STYLE_FILL_AREA ( #1477 ) ;
#4744 = EDGE_CURVE ( 'NONE', #5974, #7263, #2810, .T. ) ;
#4745 = LINE ( 'NONE', #4918, #918 ) ;
#4746 = PRESENTATION_LAYER_ASSIGNMENT (  '', '', ( #2571 ) ) ;
#4747 = VERTEX_POINT ( 'NONE', #5950 ) ;
#4748 = VECTOR ( 'NONE', #4079, 1000.000000000000114 ) ;
#4749 = DIRECTION ( 'NONE',  ( -9.876681162117937679E-16, 1.000000000000000000, 3.185229682395816667E-15 ) ) ;
#4750 = EDGE_CURVE ( 'NONE', #5736, #3490, #4708, .T. ) ;
#4751 = UNCERTAINTY_MEASURE_WITH_UNIT (LENGTH_MEASURE( 1.000000000000000082E-05 ), #3691, 'distance_accuracy_value', 'NONE');
#4752 = FILL_AREA_STYLE_COLOUR ( '', #5301 ) ;
#4753 = ORIENTED_EDGE ( 'NONE', *, *, #858, .T. ) ;
#4754 = DIRECTION ( 'NONE',  ( 1.000000000000000000, 0.000000000000000000, 0.000000000000000000 ) ) ;
#4755 = VECTOR ( 'NONE', #6572, 1000.000000000000000 ) ;
#4756 = FACE_OUTER_BOUND ( 'NONE', #1837, .T. ) ;
#4757 = VERTEX_POINT ( 'NONE', #7810 ) ;
#4758 = CARTESIAN_POINT ( 'NONE',  ( 2.720000000000000195, 1.400000000000002576, -0.7499999999999950040 ) ) ;
#4759 = CARTESIAN_POINT ( 'NONE',  ( 2.719999999299999693, 1.400000000000004574, -1.299999999999995159 ) ) ;
#4760 = CARTESIAN_POINT ( 'NONE',  ( -1.350000000000000089, 0.1499999999999986899, 0.3708099243547838819 ) ) ;
#4761 = CARTESIAN_POINT ( 'NONE',  ( -3.400000000000002132, 3.332876897371977056E-11, -0.9000000002812498234 ) ) ;
#4762 = CARTESIAN_POINT ( 'NONE',  ( 1.874699879903904076, 4.888076705553132842E-16, -0.1399999999999999023 ) ) ;
#4763 = ORIENTED_EDGE ( 'NONE', *, *, #1554, .F. ) ;
#4764 = FILL_AREA_STYLE ('',( #2187 ) ) ;
#4765 = VECTOR ( 'NONE', #3959, 1000.000000000000000 ) ;
#4766 = EDGE_CURVE ( 'NONE', #534, #2798, #6091, .T. ) ;
#4767 = FILL_AREA_STYLE_COLOUR ( '', #5582 ) ;
#4768 = ORIENTED_EDGE ( 'NONE', *, *, #3560, .T. ) ;
#4769 = FACE_OUTER_BOUND ( 'NONE', #5775, .T. ) ;
#4770 = VECTOR ( 'NONE', #8297, 1000.000000000000000 ) ;
#4771 = SURFACE_STYLE_FILL_AREA ( #1713 ) ;
#4772 =( GEOMETRIC_REPRESENTATION_CONTEXT ( 3 ) GLOBAL_UNCERTAINTY_ASSIGNED_CONTEXT ( ( #2877 ) ) GLOBAL_UNIT_ASSIGNED_CONTEXT ( ( #6964, #7133, #3901 ) ) REPRESENTATION_CONTEXT ( 'NONE', 'WORKASPACE' ) );
#4773 = CARTESIAN_POINT ( 'NONE',  ( -1.299999999999999822, 0.1500000000000043798, -1.259999999999999343 ) ) ;
#4774 = FACE_OUTER_BOUND ( 'NONE', #2657, .T. ) ;
#4775 = FACE_OUTER_BOUND ( 'NONE', #679, .T. ) ;
#4776 =( NAMED_UNIT ( * ) PLANE_ANGLE_UNIT ( ) SI_UNIT ( $, .RADIAN. ) );
#4777 = PRESENTATION_LAYER_ASSIGNMENT (  '', '', ( #8033 ) ) ;
#4778 =( NAMED_UNIT ( * ) SI_UNIT ( $, .STERADIAN. ) SOLID_ANGLE_UNIT ( ) );
#4779 = ORIENTED_EDGE ( 'NONE', *, *, #7081, .F. ) ;
#4780 = ORIENTED_EDGE ( 'NONE', *, *, #7853, .T. ) ;
#4781 = CARTESIAN_POINT ( 'NONE',  ( -2.049999999929688066, 0.0001000000000045392882, -1.300100000000000255 ) ) ;
#4782 = AXIS2_PLACEMENT_3D ( 'NONE', #577, #1946, #3188 ) ;
#4783 = FACE_OUTER_BOUND ( 'NONE', #264, .T. ) ;
#4784 = ORIENTED_EDGE ( 'NONE', *, *, #5869, .F. ) ;
#4785 = VERTEX_POINT ( 'NONE', #794 ) ;
#4786 =( LENGTH_UNIT ( ) NAMED_UNIT ( * ) SI_UNIT ( .MILLI., .METRE. ) );
#4787 = LINE ( 'NONE', #4245, #6883 ) ;
#4788 = CARTESIAN_POINT ( 'NONE',  ( 3.150000000013593926, 1.199999999921356864, -0.8000000000210893969 ) ) ;
#4789 = STYLED_ITEM ( 'NONE', ( #953 ), #2382 ) ;
#4790 = PRESENTATION_LAYER_ASSIGNMENT (  '', '', ( #1119 ) ) ;
#4791 = VERTEX_POINT ( 'NONE', #6618 ) ;
#4792 = CARTESIAN_POINT ( 'NONE',  ( -1.349305689560750032, 0.2500000000333291728, -0.8999999999999991340 ) ) ;
#4793 = EDGE_CURVE ( 'NONE', #6617, #6910, #179, .T. ) ;
#4794 = VECTOR ( 'NONE', #1754, 1000.000000000000000 ) ;
#4795 = CARTESIAN_POINT ( 'NONE',  ( -1.874699879903904076, 0.1500000000000004663, -0.1399999999999992917 ) ) ;
#4796 = ORIENTED_EDGE ( 'NONE', *, *, #6653, .T. ) ;
#4797 = EDGE_CURVE ( 'NONE', #7613, #4044, #1536, .T. ) ;
#4798 = DIRECTION ( 'NONE',  ( -1.736024518904775198E-11, 1.000000000000000000, 0.000000000000000000 ) ) ;
#4799 = ORIENTED_EDGE ( 'NONE', *, *, #4487, .F. ) ;
#4800 = SURFACE_STYLE_USAGE ( .BOTH. , #5434 ) ;
#4801 =( GEOMETRIC_REPRESENTATION_CONTEXT ( 3 ) GLOBAL_UNCERTAINTY_ASSIGNED_CONTEXT ( ( #6187 ) ) GLOBAL_UNIT_ASSIGNED_CONTEXT ( ( #6651, #7250, #4618 ) ) REPRESENTATION_CONTEXT ( 'NONE', 'WORKASPACE' ) );
#4802 = LINE ( 'NONE', #7739, #5266 ) ;
#4803 = CARTESIAN_POINT ( 'NONE',  ( -2.849999999960235009, 1.199999999993753175, -0.8000000000329643424 ) ) ;
#4804 = LINE ( 'NONE', #7388, #4087 ) ;
#4805 = SURFACE_SIDE_STYLE ('',( #8034 ) ) ;
#4806 = VECTOR ( 'NONE', #7709, 1000.000000000000000 ) ;
#4807 = DIRECTION ( 'NONE',  ( -1.000000000000000000, 0.000000000000000000, 0.000000000000000000 ) ) ;
#4808 = CARTESIAN_POINT ( 'NONE',  ( 2.449999999868750056, 5.787741062725315888E-15, -1.300100000000000255 ) ) ;
#4809 = EDGE_CURVE ( 'NONE', #6166, #2047, #2092, .T. ) ;
#4810 = VERTEX_POINT ( 'NONE', #2768 ) ;
#4811 = LINE ( 'NONE', #8079, #3517 ) ;
#4812 = CARTESIAN_POINT ( 'NONE',  ( -2.200000000000000178, 0.1499999999999973299, 0.7600000000000001199 ) ) ;
#4813 =( NAMED_UNIT ( * ) SI_UNIT ( $, .STERADIAN. ) SOLID_ANGLE_UNIT ( ) );
#4814 = ORIENTED_EDGE ( 'NONE', *, *, #6657, .F. ) ;
#4815 = CARTESIAN_POINT ( 'NONE',  ( -3.350000000000000089, 0.8999999999999971356, 0.8000000000000047073 ) ) ;
#4816 =( NAMED_UNIT ( * ) SI_UNIT ( $, .STERADIAN. ) SOLID_ANGLE_UNIT ( ) );
#4817 =( LENGTH_UNIT ( ) NAMED_UNIT ( * ) SI_UNIT ( .MILLI., .METRE. ) );
#4818 = EDGE_CURVE ( 'NONE', #4209, #409, #6661, .T. ) ;
#4819 = DIRECTION ( 'NONE',  ( 0.000000000000000000, 0.000000000000000000, -1.000000000000000000 ) ) ;
#4820 =( NAMED_UNIT ( * ) SI_UNIT ( $, .STERADIAN. ) SOLID_ANGLE_UNIT ( ) );
#4821 =( NAMED_UNIT ( * ) PLANE_ANGLE_UNIT ( ) SI_UNIT ( $, .RADIAN. ) );
#4822 = VERTEX_POINT ( 'NONE', #6035 ) ;
#4823 = CARTESIAN_POINT ( 'NONE',  ( 0.000000000000000000, 0.0001000000000000000048, 3.491483361109382420E-19 ) ) ;
#4824 = STYLED_ITEM ( 'NONE', ( #6143 ), #6094 ) ;
#4825 = CARTESIAN_POINT ( 'NONE',  ( 0.5499999993296875722, 0.0001000000000076812790, -2.200000000000000178 ) ) ;
#4826 = SURFACE_STYLE_FILL_AREA ( #1766 ) ;
#4827 = EDGE_CURVE ( 'NONE', #8309, #3601, #2726, .T. ) ;
#4828 = UNCERTAINTY_MEASURE_WITH_UNIT (LENGTH_MEASURE( 1.000000000000000082E-05 ), #6377, 'distance_accuracy_value', 'NONE');
#4829 = ORIENTED_EDGE ( 'NONE', *, *, #403, .T. ) ;
#4830 = MECHANICAL_DESIGN_GEOMETRIC_PRESENTATION_REPRESENTATION (  '', ( #213 ), #1163 ) ;
#4831 = ORIENTED_EDGE ( 'NONE', *, *, #1160, .F. ) ;
#4832 = FILL_AREA_STYLE ('',( #6780 ) ) ;
#4833 = DIRECTION ( 'NONE',  ( -0.000000000000000000, 3.491483361109382461E-15, -1.000000000000000000 ) ) ;
#4834 = ORIENTED_EDGE ( 'NONE', *, *, #1703, .F. ) ;
#4835 = CARTESIAN_POINT ( 'NONE',  ( 3.850000000000000089, 0.6499999999750034618, -1.299999999999997824 ) ) ;
#4836 = UNCERTAINTY_MEASURE_WITH_UNIT (LENGTH_MEASURE( 1.000000000000000082E-05 ), #711, 'distance_accuracy_value', 'NONE');
#4837 = DIRECTION ( 'NONE',  ( 1.000000000000000000, 0.000000000000000000, 0.000000000000000000 ) ) ;
#4838 = ORIENTED_EDGE ( 'NONE', *, *, #4027, .F. ) ;
#4839 = CARTESIAN_POINT ( 'NONE',  ( -3.150000000000000355, 0.2500000000333291728, 0.8999999999015637631 ) ) ;
#4840 = STYLED_ITEM ( 'NONE', ( #5401 ), #6459 ) ;
#4841 = CARTESIAN_POINT ( 'NONE',  ( -2.849999999987500754, 1.199999999947653384, 0.8000000000078172357 ) ) ;
#4842 = ORIENTED_EDGE ( 'NONE', *, *, #3072, .T. ) ;
#4843 =( NAMED_UNIT ( * ) PLANE_ANGLE_UNIT ( ) SI_UNIT ( $, .RADIAN. ) );
#4844 = CARTESIAN_POINT ( 'NONE',  ( -2.719999999801571366, 1.199999999987495514, 1.299999999957802910 ) ) ;
#4845 =( NAMED_UNIT ( * ) PLANE_ANGLE_UNIT ( ) SI_UNIT ( $, .RADIAN. ) );
#4846 = VECTOR ( 'NONE', #3582, 1000.000000000000000 ) ;
#4847 = FILL_AREA_STYLE_COLOUR ( '', #3313 ) ;
#4848 = ORIENTED_EDGE ( 'NONE', *, *, #6518, .T. ) ;
#4849 = SURFACE_STYLE_USAGE ( .BOTH. , #5443 ) ;
#4850 = CARTESIAN_POINT ( 'NONE',  ( -3.350000000000000089, 0.6499999999185223087, -0.7499999999999972244 ) ) ;
#4851 = FACE_OUTER_BOUND ( 'NONE', #6276, .T. ) ;
#4852 = PLANE ( 'NONE',  #2132 ) ;
#4853 = ADVANCED_FACE ( 'NONE', ( #5308 ), #7900, .F. ) ;
#4854 = AXIS2_PLACEMENT_3D ( 'NONE', #4501, #553, #6287 ) ;
#4855 = ORIENTED_EDGE ( 'NONE', *, *, #1391, .T. ) ;
#4856 = CARTESIAN_POINT ( 'NONE',  ( 1.430000000000000604, 1.199999999972995557, 1.100000000000004086 ) ) ;
#4857 = ADVANCED_FACE ( 'NONE', ( #6905 ), #4165, .F. ) ;
#4858 = CARTESIAN_POINT ( 'NONE',  ( -1.429999999999996607, 1.199999999972995557, 0.9500000000000000666 ) ) ;
#4859 = LINE ( 'NONE', #6132, #7315 ) ;
#4860 = VECTOR ( 'NONE', #2454, 1000.000000000000000 ) ;
#4861 = DIRECTION ( 'NONE',  ( -0.7071067808882360861, 3.066586834142987604E-15, -0.7071067814848589483 ) ) ;
#4862 = STYLED_ITEM ( 'NONE', ( #7435 ), #5323 ) ;
#4863 = PRESENTATION_STYLE_ASSIGNMENT (( #1718 ) ) ;
#4864 = DIRECTION ( 'NONE',  ( -0.000000000000000000, -1.000000000000000000, -0.000000000000000000 ) ) ;
#4865 = STYLED_ITEM ( 'NONE', ( #6352 ), #8287 ) ;
#4866 = ORIENTED_EDGE ( 'NONE', *, *, #4797, .T. ) ;
#4867 = SURFACE_STYLE_USAGE ( .BOTH. , #6342 ) ;
#4868 = VECTOR ( 'NONE', #6696, 1000.000000000000000 ) ;
#4869 = CARTESIAN_POINT ( 'NONE',  ( 1.430000000888889344, 1.400000000000004574, -1.299999999673723039 ) ) ;
#4870 = AXIS2_PLACEMENT_3D ( 'NONE', #4216, #6794, #972 ) ;
#4871 = DIRECTION ( 'NONE',  ( 0.000000000000000000, 0.000000000000000000, -1.000000000000000000 ) ) ;
#4872 = VERTEX_POINT ( 'NONE', #4407 ) ;
#4873 = ORIENTED_EDGE ( 'NONE', *, *, #5892, .F. ) ;
#4874 = CARTESIAN_POINT ( 'NONE',  ( 1.500000000000000000, -1.342383235819478118E-15, 0.4000000000000002998 ) ) ;
#4875 =( NAMED_UNIT ( * ) SI_UNIT ( $, .STERADIAN. ) SOLID_ANGLE_UNIT ( ) );
#4876 =( LENGTH_UNIT ( ) NAMED_UNIT ( * ) SI_UNIT ( .MILLI., .METRE. ) );
#4877 = PRESENTATION_LAYER_ASSIGNMENT (  '', '', ( #1620 ) ) ;
#4878 = ORIENTED_EDGE ( 'NONE', *, *, #204, .F. ) ;
#4879 = EDGE_CURVE ( 'NONE', #4243, #4338, #4443, .T. ) ;
#4880 = DIRECTION ( 'NONE',  ( 0.000000000000000000, 1.000000000000000000, 3.491483361109382461E-15 ) ) ;
#4881 = VECTOR ( 'NONE', #969, 1000.000000000000000 ) ;
#4882 = PRESENTATION_LAYER_ASSIGNMENT (  '', '', ( #4889 ) ) ;
#4883 = COLOUR_RGB ( '',1.000000000000000000, 0.5019607843137254832, 0.000000000000000000 ) ;
#4884 = CARTESIAN_POINT ( 'NONE',  ( 2.849999999987500754, 1.199999999999997069, 0.8000000000125045974 ) ) ;
#4885 = ORIENTED_EDGE ( 'NONE', *, *, #1735, .F. ) ;
#4886 = FILL_AREA_STYLE ('',( #1530 ) ) ;
#4887 = STYLED_ITEM ( 'NONE', ( #4568 ), #2962 ) ;
#4888 =( NAMED_UNIT ( * ) SI_UNIT ( $, .STERADIAN. ) SOLID_ANGLE_UNIT ( ) );
#4889 = STYLED_ITEM ( 'NONE', ( #4267 ), #3482 ) ;
#4890 = ORIENTED_EDGE ( 'NONE', *, *, #7546, .T. ) ;
#4891 = SURFACE_STYLE_USAGE ( .BOTH. , #1048 ) ;
#4892 = SURFACE_STYLE_USAGE ( .BOTH. , #6194 ) ;
#4893 =( GEOMETRIC_REPRESENTATION_CONTEXT ( 3 ) GLOBAL_UNCERTAINTY_ASSIGNED_CONTEXT ( ( #165 ) ) GLOBAL_UNIT_ASSIGNED_CONTEXT ( ( #3514, #114, #2076 ) ) REPRESENTATION_CONTEXT ( 'NONE', 'WORKASPACE' ) );
#4894 = CARTESIAN_POINT ( 'NONE',  ( 1.500000000000000000, 0.1499999999999999944, 7.038057745108188363E-16 ) ) ;
#4895 = DIRECTION ( 'NONE',  ( 0.000000000000000000, 1.000000000000000000, 3.614007241618349165E-15 ) ) ;
#4896 = PLANE ( 'NONE',  #3368 ) ;
#4897 = LINE ( 'NONE', #2902, #1338 ) ;
#4898 = PLANE ( 'NONE',  #4293 ) ;
#4899 = AXIS2_PLACEMENT_3D ( 'NONE', #599, #6324, #6285 ) ;
#4900 = ORIENTED_EDGE ( 'NONE', *, *, #1632, .F. ) ;
#4901 = DIRECTION ( 'NONE',  ( 0.000000000000000000, 0.000000000000000000, 1.000000000000000000 ) ) ;
#4902 = FACE_OUTER_BOUND ( 'NONE', #3386, .T. ) ;
#4903 = EDGE_CURVE ( 'NONE', #7932, #7897, #3100, .T. ) ;
#4904 = CARTESIAN_POINT ( 'NONE',  ( 0.9300000004250001950, 1.400000000000004574, -1.299999999999995159 ) ) ;
#4905 = CARTESIAN_POINT ( 'NONE',  ( 0.09999999999999982514, 1.199999999999995293, 2.600000000000004086 ) ) ;
#4906 = CARTESIAN_POINT ( 'NONE',  ( 1.199999999934374673, 0.09999999999998995803, 2.800000000009375878 ) ) ;
#4907 = CARTESIAN_POINT ( 'NONE',  ( 1.500000000000000000, -0.3000000001520663484, -9.486769009248163798E-16 ) ) ;
#4908 = EDGE_CURVE ( 'NONE', #4822, #1236, #2221, .T. ) ;
#4909 = PRESENTATION_LAYER_ASSIGNMENT (  '', '', ( #2738 ) ) ;
#4910 = ORIENTED_EDGE ( 'NONE', *, *, #6673, .F. ) ;
#4911 = MECHANICAL_DESIGN_GEOMETRIC_PRESENTATION_REPRESENTATION (  '', ( #564 ), #5179 ) ;
#4912 = DIRECTION ( 'NONE',  ( -0.8944271909999159664, -0.4472135954999579832, -1.561438827550005499E-15 ) ) ;
#4913 = COLOUR_RGB ( '',1.000000000000000000, 0.5019607843137254832, 0.000000000000000000 ) ;
#4914 = ORIENTED_EDGE ( 'NONE', *, *, #4020, .F. ) ;
#4915 = ORIENTED_EDGE ( 'NONE', *, *, #2759, .F. ) ;
#4916 = SURFACE_STYLE_FILL_AREA ( #2964 ) ;
#4917 = EDGE_CURVE ( 'NONE', #2563, #3714, #5418, .T. ) ;
#4918 = CARTESIAN_POINT ( 'NONE',  ( -0.9299999999999998268, 1.200000000000004396, -1.299999999999995604 ) ) ;
#4919 = EDGE_LOOP ( 'NONE', ( #6646, #5239, #1629, #3508 ) ) ;
#4920 = MECHANICAL_DESIGN_GEOMETRIC_PRESENTATION_REPRESENTATION (  '', ( #581 ), #6272 ) ;
#4921 = DIRECTION ( 'NONE',  ( 0.000000000000000000, 1.000000000000000000, 3.491483361109382461E-15 ) ) ;
#4922 = UNCERTAINTY_MEASURE_WITH_UNIT (LENGTH_MEASURE( 1.000000000000000082E-05 ), #2506, 'distance_accuracy_value', 'NONE');
#4923 = SURFACE_STYLE_USAGE ( .BOTH. , #5556 ) ;
#4924 = EDGE_LOOP ( 'NONE', ( #5106, #5727, #5233, #1954 ) ) ;
#4925 = CARTESIAN_POINT ( 'NONE',  ( -1.430000000000000604, 1.400000000000004130, -1.099999999999994982 ) ) ;
#4926 = VECTOR ( 'NONE', #5369, 1000.000000000000000 ) ;
#4927 = EDGE_CURVE ( 'NONE', #7846, #7887, #5080, .T. ) ;
#4928 = DIRECTION ( 'NONE',  ( 0.000000000000000000, -1.000000000000000000, -3.491483361109382461E-15 ) ) ;
#4929 = VERTEX_POINT ( 'NONE', #5680 ) ;
#4930 =( NAMED_UNIT ( * ) PLANE_ANGLE_UNIT ( ) SI_UNIT ( $, .RADIAN. ) );
#4931 = VECTOR ( 'NONE', #5097, 1000.000000000000000 ) ;
#4932 = FILL_AREA_STYLE_COLOUR ( '', #3545 ) ;
#4933 = EDGE_CURVE ( 'NONE', #7984, #1294, #8276, .T. ) ;
#4934 = CARTESIAN_POINT ( 'NONE',  ( -2.449999999999999289, 0.1500000000000076827, -2.199999999999999734 ) ) ;
#4935 = PLANE ( 'NONE',  #3070 ) ;
#4936 = CARTESIAN_POINT ( 'NONE',  ( -2.015766736181727747, 1.400000000000004574, -1.118366903943645685 ) ) ;
#4937 = ORIENTED_EDGE ( 'NONE', *, *, #3041, .F. ) ;
#4938 = CARTESIAN_POINT ( 'NONE',  ( -1.430000000000000604, 1.400000000000003908, -1.099999999999994982 ) ) ;
#4939 = VERTEX_POINT ( 'NONE', #6355 ) ;
#4940 = VECTOR ( 'NONE', #366, 1000.000000000000000 ) ;
#4941 = CARTESIAN_POINT ( 'NONE',  ( 3.850000000000000089, 0.2000000001111065240, 0.9000000000000010214 ) ) ;
#4942 = DIRECTION ( 'NONE',  ( 0.000000000000000000, 0.000000000000000000, -1.000000000000000000 ) ) ;
#4943 = FILL_AREA_STYLE ('',( #8212 ) ) ;
#4944 = ORIENTED_EDGE ( 'NONE', *, *, #2803, .T. ) ;
#4945 = PRESENTATION_STYLE_ASSIGNMENT (( #6257 ) ) ;
#4946 = CARTESIAN_POINT ( 'NONE',  ( 2.719999999489836728, 1.400000000000004574, -1.299999999769453352 ) ) ;
#4947 = DIRECTION ( 'NONE',  ( 1.000000000000000000, -6.370204844388445530E-11, 0.000000000000000000 ) ) ;
#4948 = ORIENTED_EDGE ( 'NONE', *, *, #6653, .F. ) ;
#4949 = ORIENTED_EDGE ( 'NONE', *, *, #3172, .F. ) ;
#4950 = LINE ( 'NONE', #1729, #1128 ) ;
#4951 = DIRECTION ( 'NONE',  ( 0.4472135954774847932, -0.8944271910111524226, -3.151654686300206253E-15 ) ) ;
#4952 = VECTOR ( 'NONE', #117, 1000.000000000000000 ) ;
#4953 = ADVANCED_FACE ( 'NONE', ( #7661 ), #3151, .F. ) ;
#4954 = ORIENTED_EDGE ( 'NONE', *, *, #3906, .F. ) ;
#4955 = FILL_AREA_STYLE_COLOUR ( '', #1757 ) ;
#4956 =( LENGTH_UNIT ( ) NAMED_UNIT ( * ) SI_UNIT ( .MILLI., .METRE. ) );
#4957 = ADVANCED_FACE ( 'NONE', ( #2027 ), #2706, .F. ) ;
#4958 = PRESENTATION_LAYER_ASSIGNMENT (  '', '', ( #340 ) ) ;
#4959 = CARTESIAN_POINT ( 'NONE',  ( 2.049999999999999822, 0.1500000000000076827, -2.199999999999999734 ) ) ;
#4960 = VERTEX_POINT ( 'NONE', #3882 ) ;
#4961 =( NAMED_UNIT ( * ) PLANE_ANGLE_UNIT ( ) SI_UNIT ( $, .RADIAN. ) );
#4962 = CARTESIAN_POINT ( 'NONE',  ( -3.349999999999999645, 1.303599999999995651, 1.250000000000004219 ) ) ;
#4963 = VERTEX_POINT ( 'NONE', #6517 ) ;
#4964 = AXIS2_PLACEMENT_3D ( 'NONE', #5665, #6303, #7606 ) ;
#4965 = ADVANCED_FACE ( 'NONE', ( #662 ), #5170, .T. ) ;
#4966 = COLOUR_RGB ( '',1.000000000000000000, 0.5019607843137254832, 0.000000000000000000 ) ;
#4967 = ORIENTED_EDGE ( 'NONE', *, *, #4236, .T. ) ;
#4968 = LINE ( 'NONE', #3169, #3891 ) ;
#4969 = CARTESIAN_POINT ( 'NONE',  ( 0.3000000000000004885, 1.199999999999990186, 2.800000000000003819 ) ) ;
#4970 = LINE ( 'NONE', #6202, #1928 ) ;
#4971 = EDGE_CURVE ( 'NONE', #7171, #3113, #6562, .T. ) ;
#4972 = PLANE ( 'NONE',  #2968 ) ;
#4973 = PRESENTATION_STYLE_ASSIGNMENT (( #2351 ) ) ;
#4974 = SURFACE_SIDE_STYLE ('',( #5022 ) ) ;
#4975 = FILL_AREA_STYLE ('',( #2317 ) ) ;
#4976 = DIRECTION ( 'NONE',  ( 1.000000000000000000, -3.851859882755937541E-30, 1.084202170791437670E-15 ) ) ;
#4977 = PRESENTATION_STYLE_ASSIGNMENT (( #2396 ) ) ;
#4978 = SURFACE_STYLE_FILL_AREA ( #4943 ) ;
#4979 = ORIENTED_EDGE ( 'NONE', *, *, #5370, .F. ) ;
#4980 = CARTESIAN_POINT ( 'NONE',  ( -3.399999999999999911, 0.2500000000333288397, -2.200000000000000622 ) ) ;
#4981 = EDGE_CURVE ( 'NONE', #6128, #497, #7073, .T. ) ;
#4982 = SURFACE_SIDE_STYLE ('',( #2401 ) ) ;
#4983 =( GEOMETRIC_REPRESENTATION_CONTEXT ( 3 ) GLOBAL_UNCERTAINTY_ASSIGNED_CONTEXT ( ( #814 ) ) GLOBAL_UNIT_ASSIGNED_CONTEXT ( ( #4023, #2624, #7080 ) ) REPRESENTATION_CONTEXT ( 'NONE', 'WORKASPACE' ) );
#4984 = FILL_AREA_STYLE_COLOUR ( '', #6230 ) ;
#4985 = ORIENTED_EDGE ( 'NONE', *, *, #1140, .T. ) ;
#4986 = UNCERTAINTY_MEASURE_WITH_UNIT (LENGTH_MEASURE( 1.000000000000000082E-05 ), #2588, 'distance_accuracy_value', 'NONE');
#4987 = ORIENTED_EDGE ( 'NONE', *, *, #2988, .F. ) ;
#4988 = CARTESIAN_POINT ( 'NONE',  ( -3.850000000000000533, 1.199999999999995293, 1.300000000000004485 ) ) ;
#4989 = SURFACE_SIDE_STYLE ('',( #7701 ) ) ;
#4990 =( GEOMETRIC_REPRESENTATION_CONTEXT ( 3 ) GLOBAL_UNCERTAINTY_ASSIGNED_CONTEXT ( ( #2356 ) ) GLOBAL_UNIT_ASSIGNED_CONTEXT ( ( #6942, #6396, #3014 ) ) REPRESENTATION_CONTEXT ( 'NONE', 'WORKASPACE' ) );
#4991 = VECTOR ( 'NONE', #7514, 1000.000000000000000 ) ;
#4992 = CARTESIAN_POINT ( 'NONE',  ( 0.1000000000023436586, 1.199999999972995557, 1.300000000000000266 ) ) ;
#4993 = ORIENTED_EDGE ( 'NONE', *, *, #1171, .T. ) ;
#4994 = DIRECTION ( 'NONE',  ( -0.000000000000000000, -1.000000000000000000, 0.000000000000000000 ) ) ;
#4995 = VECTOR ( 'NONE', #3374, 1000.000000000000000 ) ;
#4996 = DIRECTION ( 'NONE',  ( -1.000000000000000000, -0.000000000000000000, -0.000000000000000000 ) ) ;
#4997 = MECHANICAL_DESIGN_GEOMETRIC_PRESENTATION_REPRESENTATION (  '', ( #8262 ), #6358 ) ;
#4998 = PRESENTATION_LAYER_ASSIGNMENT (  '', '', ( #252 ) ) ;
#4999 = UNCERTAINTY_MEASURE_WITH_UNIT (LENGTH_MEASURE( 1.000000000000000082E-05 ), #6336, 'distance_accuracy_value', 'NONE');
#5000 =( NAMED_UNIT ( * ) PLANE_ANGLE_UNIT ( ) SI_UNIT ( $, .RADIAN. ) );
#5001 = ORIENTED_EDGE ( 'NONE', *, *, #5194, .T. ) ;
#5002 = DIRECTION ( 'NONE',  ( 0.000000000000000000, -1.000000000000000000, -3.491483361109382461E-15 ) ) ;
#5003 =( NAMED_UNIT ( * ) PLANE_ANGLE_UNIT ( ) SI_UNIT ( $, .RADIAN. ) );
#5004 = ORIENTED_EDGE ( 'NONE', *, *, #2293, .F. ) ;
#5005 = ADVANCED_FACE ( 'NONE', ( #4733 ), #6689, .F. ) ;
#5006 = PRESENTATION_LAYER_ASSIGNMENT (  '', '', ( #3917 ) ) ;
#5007 =( GEOMETRIC_REPRESENTATION_CONTEXT ( 3 ) GLOBAL_UNCERTAINTY_ASSIGNED_CONTEXT ( ( #2393 ) ) GLOBAL_UNIT_ASSIGNED_CONTEXT ( ( #4033, #7945, #5263 ) ) REPRESENTATION_CONTEXT ( 'NONE', 'WORKASPACE' ) );
#5008 = CARTESIAN_POINT ( 'NONE',  ( -2.749999999999999556, 1.399999999999995470, 0.9000000000000050182 ) ) ;
#5009 = PLANE ( 'NONE',  #7070 ) ;
#5010 =( GEOMETRIC_REPRESENTATION_CONTEXT ( 3 ) GLOBAL_UNCERTAINTY_ASSIGNED_CONTEXT ( ( #1599 ) ) GLOBAL_UNIT_ASSIGNED_CONTEXT ( ( #112, #4526, #5926 ) ) REPRESENTATION_CONTEXT ( 'NONE', 'WORKASPACE' ) );
#5011 = COLOUR_RGB ( '',1.000000000000000000, 0.5019607843137254832, 0.000000000000000000 ) ;
#5012 = DIRECTION ( 'NONE',  ( -0.7071067811865477948, 0.000000000000000000, -0.7071067811865473507 ) ) ;
#5013 = PRESENTATION_LAYER_ASSIGNMENT (  '', '', ( #8406 ) ) ;
#5014 = FILL_AREA_STYLE_COLOUR ( '', #8396 ) ;
#5015 =( NAMED_UNIT ( * ) PLANE_ANGLE_UNIT ( ) SI_UNIT ( $, .RADIAN. ) );
#5016 = ORIENTED_EDGE ( 'NONE', *, *, #4827, .F. ) ;
#5017 = EDGE_CURVE ( 'NONE', #1314, #1173, #1562, .T. ) ;
#5018 = CARTESIAN_POINT ( 'NONE',  ( 2.750000000003750333, 1.200000000000004396, -1.299999999999995604 ) ) ;
#5019 =( GEOMETRIC_REPRESENTATION_CONTEXT ( 3 ) GLOBAL_UNCERTAINTY_ASSIGNED_CONTEXT ( ( #6275 ) ) GLOBAL_UNIT_ASSIGNED_CONTEXT ( ( #624, #2574, #5734 ) ) REPRESENTATION_CONTEXT ( 'NONE', 'WORKASPACE' ) );
#5020 = LINE ( 'NONE', #473, #7608 ) ;
#5021 = LINE ( 'NONE', #5102, #594 ) ;
#5022 = SURFACE_STYLE_FILL_AREA ( #6250 ) ;
#5023 = CARTESIAN_POINT ( 'NONE',  ( -3.150000000000000355, 1.199999999999997291, 0.7500000000000041078 ) ) ;
#5024 = UNCERTAINTY_MEASURE_WITH_UNIT (LENGTH_MEASURE( 1.000000000000000082E-05 ), #441, 'distance_accuracy_value', 'NONE');
#5025 = STYLED_ITEM ( 'NONE', ( #2021 ), #109 ) ;
#5026 = PRESENTATION_STYLE_ASSIGNMENT (( #5871 ) ) ;
#5027 = ADVANCED_FACE ( 'NONE', ( #2117 ), #6726, .T. ) ;
#5028 = CARTESIAN_POINT ( 'NONE',  ( 0.9299999996666669100, 1.199999999999995959, 1.100000000000004086 ) ) ;
#5029 = FACE_OUTER_BOUND ( 'NONE', #7824, .T. ) ;
#5030 = SURFACE_STYLE_FILL_AREA ( #3047 ) ;
#5031 = COLOUR_RGB ( '',1.000000000000000000, 0.5019607843137254832, 0.000000000000000000 ) ;
#5032 = ORIENTED_EDGE ( 'NONE', *, *, #4450, .T. ) ;
#5033 =( LENGTH_UNIT ( ) NAMED_UNIT ( * ) SI_UNIT ( .MILLI., .METRE. ) );
#5034 =( GEOMETRIC_REPRESENTATION_CONTEXT ( 3 ) GLOBAL_UNCERTAINTY_ASSIGNED_CONTEXT ( ( #5514 ) ) GLOBAL_UNIT_ASSIGNED_CONTEXT ( ( #3415, #4845, #4076 ) ) REPRESENTATION_CONTEXT ( 'NONE', 'WORKASPACE' ) );
#5035 = DIRECTION ( 'NONE',  ( 0.000000000000000000, 3.491483361109382461E-15, -1.000000000000000000 ) ) ;
#5036 = VECTOR ( 'NONE', #6739, 1000.000000000000000 ) ;
#5037 = ORIENTED_EDGE ( 'NONE', *, *, #1494, .T. ) ;
#5038 = EDGE_LOOP ( 'NONE', ( #4053, #792, #3501, #5355, #19, #3853, #3585, #5760 ) ) ;
#5039 = SURFACE_STYLE_FILL_AREA ( #3842 ) ;
#5040 = DIRECTION ( 'NONE',  ( 1.000000000000000000, 0.000000000000000000, 0.000000000000000000 ) ) ;
#5041 = VECTOR ( 'NONE', #3591, 1000.000000000000000 ) ;
#5042 = ORIENTED_EDGE ( 'NONE', *, *, #3998, .T. ) ;
#5043 = DIRECTION ( 'NONE',  ( -1.000000000000000000, -0.000000000000000000, -0.000000000000000000 ) ) ;
#5044 = STYLED_ITEM ( 'NONE', ( #638 ), #846 ) ;
#5045 = SURFACE_STYLE_FILL_AREA ( #495 ) ;
#5046 = ORIENTED_EDGE ( 'NONE', *, *, #1638, .F. ) ;
#5047 =( GEOMETRIC_REPRESENTATION_CONTEXT ( 3 ) GLOBAL_UNCERTAINTY_ASSIGNED_CONTEXT ( ( #4578 ) ) GLOBAL_UNIT_ASSIGNED_CONTEXT ( ( #2872, #1557, #1514 ) ) REPRESENTATION_CONTEXT ( 'NONE', 'WORKASPACE' ) );
#5048 = ORIENTED_EDGE ( 'NONE', *, *, #5017, .T. ) ;
#5049 = EDGE_CURVE ( 'NONE', #7841, #1780, #7406, .T. ) ;
#5050 = LINE ( 'NONE', #1833, #595 ) ;
#5051 = CARTESIAN_POINT ( 'NONE',  ( 2.849999999953242380, 1.400000000000003242, -0.8000000000201901162 ) ) ;
#5052 = LINE ( 'NONE', #3241, #4241 ) ;
#5053 = FACE_OUTER_BOUND ( 'NONE', #528, .T. ) ;
#5054 = VECTOR ( 'NONE', #4000, 1000.000000000000000 ) ;
#5055 = EDGE_CURVE ( 'NONE', #2247, #7281, #950, .T. ) ;
#5056 = LINE ( 'NONE', #7635, #6740 ) ;
#5057 = ORIENTED_EDGE ( 'NONE', *, *, #4092, .T. ) ;
#5058 =( GEOMETRIC_REPRESENTATION_CONTEXT ( 3 ) GLOBAL_UNCERTAINTY_ASSIGNED_CONTEXT ( ( #4322 ) ) GLOBAL_UNIT_ASSIGNED_CONTEXT ( ( #2518, #16, #1164 ) ) REPRESENTATION_CONTEXT ( 'NONE', 'WORKASPACE' ) );
#5059 = SURFACE_SIDE_STYLE ('',( #6332 ) ) ;
#5060 = VECTOR ( 'NONE', #3298, 1000.000000000000000 ) ;
#5061 = EDGE_CURVE ( 'NONE', #5849, #2384, #2918, .T. ) ;
#5062 = DIRECTION ( 'NONE',  ( 0.000000000000000000, -3.491483361109382066E-15, 1.000000000000000000 ) ) ;
#5063 = SURFACE_SIDE_STYLE ('',( #7731 ) ) ;
#5064 = DIRECTION ( 'NONE',  ( -0.000000000000000000, 0.000000000000000000, 1.000000000000000000 ) ) ;
#5065 = ADVANCED_FACE ( 'NONE', ( #821 ), #3436, .F. ) ;
#5066 = COLOUR_RGB ( '',0.000000000000000000, 0.000000000000000000, 1.000000000000000000 ) ;
#5067 = PRESENTATION_LAYER_ASSIGNMENT (  '', '', ( #2361 ) ) ;
#5068 = SURFACE_STYLE_FILL_AREA ( #8344 ) ;
#5069 = ORIENTED_EDGE ( 'NONE', *, *, #1153, .T. ) ;
#5070 = DIRECTION ( 'NONE',  ( 0.000000000000000000, -1.000000000000000000, -3.491483361109382461E-15 ) ) ;
#5071 = MECHANICAL_DESIGN_GEOMETRIC_PRESENTATION_REPRESENTATION (  '', ( #4658 ), #8338 ) ;
#5072 = ADVANCED_FACE ( 'NONE', ( #5587 ), #1762, .F. ) ;
#5073 = ORIENTED_EDGE ( 'NONE', *, *, #3933, .F. ) ;
#5074 = UNCERTAINTY_MEASURE_WITH_UNIT (LENGTH_MEASURE( 1.000000000000000082E-05 ), #3946, 'distance_accuracy_value', 'NONE');
#5075 = DIRECTION ( 'NONE',  ( 1.000000000000000000, 0.000000000000000000, 0.000000000000000000 ) ) ;
#5076 = VECTOR ( 'NONE', #2362, 1000.000000000000000 ) ;
#5077 = FACE_OUTER_BOUND ( 'NONE', #6256, .T. ) ;
#5078 = CARTESIAN_POINT ( 'NONE',  ( 0.4000000000000006328, 0.1500000000000008826, -0.2599999999999973443 ) ) ;
#5079 = ORIENTED_EDGE ( 'NONE', *, *, #1584, .F. ) ;
#5080 = LINE ( 'NONE', #7576, #4734 ) ;
#5081 = EDGE_CURVE ( 'NONE', #2054, #1738, #3051, .T. ) ;
#5082 = PLANE ( 'NONE',  #4127 ) ;
#5083 = DIRECTION ( 'NONE',  ( 0.000000000000000000, 3.491483361109382461E-15, -1.000000000000000000 ) ) ;
#5084 = UNCERTAINTY_MEASURE_WITH_UNIT (LENGTH_MEASURE( 1.000000000000000082E-05 ), #2228, 'distance_accuracy_value', 'NONE');
#5085 = LINE ( 'NONE', #6227, #963 ) ;
#5086 = CIRCLE ( 'NONE', #335, 0.4000000000000000777 ) ;
#5087 = EDGE_LOOP ( 'NONE', ( #3921, #3741, #6885, #3463 ) ) ;
#5088 = FILL_AREA_STYLE ('',( #8320 ) ) ;
#5089 = PLANE ( 'NONE',  #5938 ) ;
#5090 = ORIENTED_EDGE ( 'NONE', *, *, #7130, .T. ) ;
#5091 = STYLED_ITEM ( 'NONE', ( #93 ), #5916 ) ;
#5092 =( GEOMETRIC_REPRESENTATION_CONTEXT ( 3 ) GLOBAL_UNCERTAINTY_ASSIGNED_CONTEXT ( ( #2899 ) ) GLOBAL_UNIT_ASSIGNED_CONTEXT ( ( #5595, #1771, #3755 ) ) REPRESENTATION_CONTEXT ( 'NONE', 'WORKASPACE' ) );
#5093 = DIRECTION ( 'NONE',  ( 0.000000000000000000, 1.000000000000000000, 3.491483361109382855E-15 ) ) ;
#5094 = UNCERTAINTY_MEASURE_WITH_UNIT (LENGTH_MEASURE( 1.000000000000000082E-05 ), #3505, 'distance_accuracy_value', 'NONE');
#5095 = CARTESIAN_POINT ( 'NONE',  ( 0.5499999991750000872, 0.1499999999937562667, -1.300099999999999811 ) ) ;
#5096 = FILL_AREA_STYLE_COLOUR ( '', #6763 ) ;
#5097 = DIRECTION ( 'NONE',  ( 0.000000000000000000, 1.000000000000000000, 3.491483361109382461E-15 ) ) ;
#5098 = VERTEX_POINT ( 'NONE', #4351 ) ;
#5099 = SURFACE_SIDE_STYLE ('',( #7811 ) ) ;
#5100 = PRESENTATION_STYLE_ASSIGNMENT (( #1243 ) ) ;
#5101 = CARTESIAN_POINT ( 'NONE',  ( -2.720000000000000639, 1.200000000000004396, -1.299999999999995604 ) ) ;
#5102 = CARTESIAN_POINT ( 'NONE',  ( 2.449999999868750056, 0.0001000000000045392882, -1.300100000000000255 ) ) ;
#5103 = CARTESIAN_POINT ( 'NONE',  ( 3.149999999999999911, 0.2500000000333291728, -0.8999999999999991340 ) ) ;
#5104 = ADVANCED_FACE ( 'NONE', ( #484 ), #2323, .F. ) ;
#5105 = SURFACE_SIDE_STYLE ('',( #7647 ) ) ;
#5106 = ORIENTED_EDGE ( 'NONE', *, *, #1869, .F. ) ;
#5107 = PLANE ( 'NONE',  #8093 ) ;
#5108 = AXIS2_PLACEMENT_3D ( 'NONE', #4934, #7552, #466 ) ;
#5109 = FILL_AREA_STYLE ('',( #568 ) ) ;
#5110 = VERTEX_POINT ( 'NONE', #5204 ) ;
#5111 = CARTESIAN_POINT ( 'NONE',  ( -3.850000000000000533, 0.2000000000357970154, 0.9000000000000006883 ) ) ;
#5112 = ADVANCED_FACE ( 'NONE', ( #6463 ), #7692, .F. ) ;
#5113 = LINE ( 'NONE', #5513, #4496 ) ;
#5114 = CARTESIAN_POINT ( 'NONE',  ( -3.150000000000000355, 0.2500000000333291728, -0.8999999999999991340 ) ) ;
#5115 = DIRECTION ( 'NONE',  ( 0.7071067811865483499, 0.000000000000000000, -0.7071067811865467956 ) ) ;
#5116 = PRESENTATION_LAYER_ASSIGNMENT (  '', '', ( #8102 ) ) ;
#5117 = VERTEX_POINT ( 'NONE', #1941 ) ;
#5118 = EDGE_LOOP ( 'NONE', ( #2000, #3659, #6423, #7624, #1407 ) ) ;
#5119 = FILL_AREA_STYLE ('',( #2525 ) ) ;
#5120 = SURFACE_STYLE_USAGE ( .BOTH. , #2526 ) ;
#5121 =( LENGTH_UNIT ( ) NAMED_UNIT ( * ) SI_UNIT ( .MILLI., .METRE. ) );
#5122 = ORIENTED_EDGE ( 'NONE', *, *, #225, .F. ) ;
#5123 = FILL_AREA_STYLE_COLOUR ( '', #935 ) ;
#5124 = EDGE_CURVE ( 'NONE', #5990, #1377, #6428, .T. ) ;
#5125 = FILL_AREA_STYLE ('',( #2451 ) ) ;
#5126 = CARTESIAN_POINT ( 'NONE',  ( -2.075000000000000178, 1.400000000000004574, -1.309394179999995078 ) ) ;
#5127 = PRESENTATION_LAYER_ASSIGNMENT (  '', '', ( #6350 ) ) ;
#5128 = PRESENTATION_LAYER_ASSIGNMENT (  '', '', ( #3107 ) ) ;
#5129 = ORIENTED_EDGE ( 'NONE', *, *, #1665, .F. ) ;
#5130 =( LENGTH_UNIT ( ) NAMED_UNIT ( * ) SI_UNIT ( .MILLI., .METRE. ) );
#5131 = FILL_AREA_STYLE_COLOUR ( '', #1880 ) ;
#5132 = EDGE_CURVE ( 'NONE', #2791, #5849, #1977, .T. ) ;
#5133 = CARTESIAN_POINT ( 'NONE',  ( -1.125300120096095924, 0.1500000000000004663, -0.1399999999999992084 ) ) ;
#5134 = VECTOR ( 'NONE', #6495, 1000.000000000000000 ) ;
#5135 = ORIENTED_EDGE ( 'NONE', *, *, #7035, .T. ) ;
#5136 = VECTOR ( 'NONE', #5341, 1000.000000000000000 ) ;
#5137 = CARTESIAN_POINT ( 'NONE',  ( -3.150000000004226752, 1.299999999979905674, 1.249999999998831157 ) ) ;
#5138 = CARTESIAN_POINT ( 'NONE',  ( -3.850000000000000533, -3.098657940479867759E-15, 0.9000000000000002442 ) ) ;
#5139 = ORIENTED_EDGE ( 'NONE', *, *, #4242, .T. ) ;
#5140 = DIRECTION ( 'NONE',  ( -1.000000000000000000, -0.000000000000000000, -0.000000000000000000 ) ) ;
#5141 = MECHANICAL_DESIGN_GEOMETRIC_PRESENTATION_REPRESENTATION (  '', ( #4460 ), #5407 ) ;
#5142 = STYLED_ITEM ( 'NONE', ( #3720 ), #4857 ) ;
#5143 = LINE ( 'NONE', #3735, #5855 ) ;
#5144 = DIRECTION ( 'NONE',  ( -0.000000000000000000, -1.000000000000000000, 0.000000000000000000 ) ) ;
#5145 =( GEOMETRIC_REPRESENTATION_CONTEXT ( 3 ) GLOBAL_UNCERTAINTY_ASSIGNED_CONTEXT ( ( #6601 ) ) GLOBAL_UNIT_ASSIGNED_CONTEXT ( ( #584, #6476, #5847 ) ) REPRESENTATION_CONTEXT ( 'NONE', 'WORKASPACE' ) );
#5146 = DIRECTION ( 'NONE',  ( 0.000000000000000000, -1.000000000000000000, -4.336808689942013003E-15 ) ) ;
#5147 = CARTESIAN_POINT ( 'NONE',  ( 0.7999999999999999334, 0.1499999999999973299, 0.7600000000000005640 ) ) ;
#5148 = AXIS2_PLACEMENT_3D ( 'NONE', #3664, #266, #5455 ) ;
#5149 = ORIENTED_EDGE ( 'NONE', *, *, #1494, .F. ) ;
#5150 =( LENGTH_UNIT ( ) NAMED_UNIT ( * ) SI_UNIT ( .MILLI., .METRE. ) );
#5151 = VECTOR ( 'NONE', #2796, 1000.000000000000000 ) ;
#5152 = FILL_AREA_STYLE ('',( #1938 ) ) ;
#5153 = MECHANICAL_DESIGN_GEOMETRIC_PRESENTATION_REPRESENTATION (  '', ( #2446 ), #5291 ) ;
#5154 = VERTEX_POINT ( 'NONE', #5794 ) ;
#5155 = PRESENTATION_STYLE_ASSIGNMENT (( #3834 ) ) ;
#5156 = ADVANCED_FACE ( 'NONE', ( #3301 ), #6386, .F. ) ;
#5157 = DIRECTION ( 'NONE',  ( -0.000000000000000000, -0.000000000000000000, 1.000000000000000000 ) ) ;
#5158 = FILL_AREA_STYLE_COLOUR ( '', #1069 ) ;
#5159 = EDGE_LOOP ( 'NONE', ( #1035, #2917, #3766, #7163, #3912 ) ) ;
#5160 = COLOUR_RGB ( '',1.000000000000000000, 0.5019607843137254832, 0.000000000000000000 ) ;
#5161 = UNCERTAINTY_MEASURE_WITH_UNIT (LENGTH_MEASURE( 1.000000000000000082E-05 ), #4431, 'distance_accuracy_value', 'NONE');
#5162 = EDGE_CURVE ( 'NONE', #1485, #6642, #1850, .T. ) ;
#5163 = ORIENTED_EDGE ( 'NONE', *, *, #4045, .T. ) ;
#5164 =( LENGTH_UNIT ( ) NAMED_UNIT ( * ) SI_UNIT ( .MILLI., .METRE. ) );
#5165 = LINE ( 'NONE', #8312, #7490 ) ;
#5166 = FACE_OUTER_BOUND ( 'NONE', #6062, .T. ) ;
#5167 = VERTEX_POINT ( 'NONE', #1208 ) ;
#5168 = AXIS2_PLACEMENT_3D ( 'NONE', #2095, #136, #6665 ) ;
#5169 = EDGE_LOOP ( 'NONE', ( #6416, #8213, #748, #1822 ) ) ;
#5170 = PLANE ( 'NONE',  #526 ) ;
#5171 = COLOUR_RGB ( '',0.000000000000000000, 0.000000000000000000, 1.000000000000000000 ) ;
#5172 = LINE ( 'NONE', #1951, #3589 ) ;
#5173 = UNCERTAINTY_MEASURE_WITH_UNIT (LENGTH_MEASURE( 1.000000000000000082E-05 ), #2647, 'distance_accuracy_value', 'NONE');
#5174 = AXIS2_PLACEMENT_3D ( 'NONE', #3536, #4124, #2772 ) ;
#5175 = DIRECTION ( 'NONE',  ( 0.000000000000000000, -1.000000000000000000, 0.000000000000000000 ) ) ;
#5176 = EDGE_CURVE ( 'NONE', #3264, #2533, #1419, .T. ) ;
#5177 = ORIENTED_EDGE ( 'NONE', *, *, #6455, .T. ) ;
#5178 = CYLINDRICAL_SURFACE ( 'NONE', #5495, 0.05000000000000012768 ) ;
#5179 =( GEOMETRIC_REPRESENTATION_CONTEXT ( 3 ) GLOBAL_UNCERTAINTY_ASSIGNED_CONTEXT ( ( #7645 ) ) GLOBAL_UNIT_ASSIGNED_CONTEXT ( ( #3584, #4177, #4813 ) ) REPRESENTATION_CONTEXT ( 'NONE', 'WORKASPACE' ) );
#5180 = ORIENTED_EDGE ( 'NONE', *, *, #3439, .F. ) ;
#5181 = CARTESIAN_POINT ( 'NONE',  ( -0.7999999999999999334, -2.653527354443129313E-15, 0.7599999999999995648 ) ) ;
#5182 = SURFACE_STYLE_USAGE ( .BOTH. , #7125 ) ;
#5183 = UNCERTAINTY_MEASURE_WITH_UNIT (LENGTH_MEASURE( 1.000000000000000082E-05 ), #3341, 'distance_accuracy_value', 'NONE');
#5184 = EDGE_CURVE ( 'NONE', #5915, #6527, #854, .T. ) ;
#5185 = COLOUR_RGB ( '',1.000000000000000000, 0.5019607843137254832, 0.000000000000000000 ) ;
#5186 = EDGE_LOOP ( 'NONE', ( #3486, #6625, #7726, #7149, #1461, #2901, #7885, #2852, #1146, #6792, #5149, #1034, #3893, #4240, #6427, #7583, #7246 ) ) ;
#5187 = DIRECTION ( 'NONE',  ( 0.000000000000000000, 1.000000000000000000, 3.491483361109382066E-15 ) ) ;
#5188 = MECHANICAL_DESIGN_GEOMETRIC_PRESENTATION_REPRESENTATION (  '', ( #4363 ), #6261 ) ;
#5189 = SURFACE_STYLE_USAGE ( .BOTH. , #6658 ) ;
#5190 = DIRECTION ( 'NONE',  ( 0.000000000000000000, -3.252606517456533024E-15, 1.000000000000000000 ) ) ;
#5191 = FILL_AREA_STYLE ('',( #3823 ) ) ;
#5192 = COLOUR_RGB ( '',0.000000000000000000, 0.000000000000000000, 1.000000000000000000 ) ;
#5193 = VECTOR ( 'NONE', #6710, 1000.000000000000000 ) ;
#5194 = EDGE_CURVE ( 'NONE', #3113, #1529, #4100, .T. ) ;
#5195 = CARTESIAN_POINT ( 'NONE',  ( 2.449999999956250285, 0.1499999999843796561, -1.300099999999999811 ) ) ;
#5196 = SURFACE_STYLE_FILL_AREA ( #2683 ) ;
#5197 = CARTESIAN_POINT ( 'NONE',  ( -2.849999999981055243, 1.399999999999997247, 0.8000000000127004407 ) ) ;
#5198 = ORIENTED_EDGE ( 'NONE', *, *, #2645, .T. ) ;
#5199 = CARTESIAN_POINT ( 'NONE',  ( -2.449999999715624988, 0.0001000000000076812790, -2.200000000000000178 ) ) ;
#5200 = DIRECTION ( 'NONE',  ( 0.000000000000000000, -3.491483361109382461E-15, 1.000000000000000000 ) ) ;
#5201 = VECTOR ( 'NONE', #2023, 1000.000000000000000 ) ;
#5202 =( NAMED_UNIT ( * ) PLANE_ANGLE_UNIT ( ) SI_UNIT ( $, .RADIAN. ) );
#5203 = EDGE_LOOP ( 'NONE', ( #4555, #69, #1561, #1949 ) ) ;
#5204 = CARTESIAN_POINT ( 'NONE',  ( -1.430000000226608448, 1.399999999999995692, 1.299999999814321017 ) ) ;
#5205 = LINE ( 'NONE', #1978, #8045 ) ;
#5206 = VECTOR ( 'NONE', #2855, 1000.000000000000000 ) ;
#5207 = PLANE ( 'NONE',  #6225 ) ;
#5208 = ORIENTED_EDGE ( 'NONE', *, *, #6917, .F. ) ;
#5209 = DIRECTION ( 'NONE',  ( 1.000000000000000000, 0.000000000000000000, 0.000000000000000000 ) ) ;
#5210 = DIRECTION ( 'NONE',  ( -0.000000000000000000, -0.000000000000000000, 1.000000000000000000 ) ) ;
#5211 = DIRECTION ( 'NONE',  ( 1.000000000000000000, 7.407320700463098910E-11, 0.000000000000000000 ) ) ;
#5212 = PLANE ( 'NONE',  #2429 ) ;
#5213 = ORIENTED_EDGE ( 'NONE', *, *, #2996, .F. ) ;
#5214 = AXIS2_PLACEMENT_3D ( 'NONE', #4792, #2127, #6699 ) ;
#5215 = ORIENTED_EDGE ( 'NONE', *, *, #1985, .F. ) ;
#5216 = DIRECTION ( 'NONE',  ( -0.000000000000000000, -1.000000000000000000, -3.491483361109382461E-15 ) ) ;
#5217 = STYLED_ITEM ( 'NONE', ( #5803 ), #2108 ) ;
#5218 = VERTEX_POINT ( 'NONE', #2062 ) ;
#5219 = EDGE_CURVE ( 'NONE', #3850, #7846, #3423, .T. ) ;
#5220 =( NAMED_UNIT ( * ) PLANE_ANGLE_UNIT ( ) SI_UNIT ( $, .RADIAN. ) );
#5221 = VERTEX_POINT ( 'NONE', #4639 ) ;
#5222 = EDGE_CURVE ( 'NONE', #869, #3089, #6632, .T. ) ;
#5223 = LINE ( 'NONE', #3166, #6399 ) ;
#5224 = ORIENTED_EDGE ( 'NONE', *, *, #3764, .T. ) ;
#5225 = CARTESIAN_POINT ( 'NONE',  ( -2.134233264076495828, 1.200000000000003730, -1.118366903473394514 ) ) ;
#5226 = SURFACE_STYLE_USAGE ( .BOTH. , #84 ) ;
#5227 = MECHANICAL_DESIGN_GEOMETRIC_PRESENTATION_REPRESENTATION (  '', ( #477 ), #4674 ) ;
#5228 = ADVANCED_FACE ( 'NONE', ( #4006 ), #4133, .F. ) ;
#5229 = CARTESIAN_POINT ( 'NONE',  ( 1.430000000092213064, 1.199999999999995293, 1.299999999902503589 ) ) ;
#5230 = FILL_AREA_STYLE ('',( #138 ) ) ;
#5231 = FILL_AREA_STYLE ('',( #48 ) ) ;
#5232 = DIRECTION ( 'NONE',  ( 0.000000000000000000, 3.491483361109382461E-15, -1.000000000000000000 ) ) ;
#5233 = ORIENTED_EDGE ( 'NONE', *, *, #3748, .F. ) ;
#5234 = EDGE_CURVE ( 'NONE', #7012, #7850, #764, .T. ) ;
#5235 = ORIENTED_EDGE ( 'NONE', *, *, #2319, .T. ) ;
#5236 = CONICAL_SURFACE ( 'NONE', #6452, 0.3999999999564362030, 0.7853981635395540506 ) ;
#5237 = CARTESIAN_POINT ( 'NONE',  ( 3.349999999999999645, 0.7000000000039023895, 1.249999999995998312 ) ) ;
#5238 = PRESENTATION_STYLE_ASSIGNMENT (( #2109 ) ) ;
#5239 = ORIENTED_EDGE ( 'NONE', *, *, #3933, .T. ) ;
#5240 = SURFACE_SIDE_STYLE ('',( #61 ) ) ;
#5241 = FILL_AREA_STYLE ('',( #3841 ) ) ;
#5242 = FILL_AREA_STYLE_COLOUR ( '', #8180 ) ;
#5243 = EDGE_LOOP ( 'NONE', ( #7575, #8041, #7899, #7159 ) ) ;
#5244 = EDGE_CURVE ( 'NONE', #2410, #3532, #3464, .T. ) ;
#5245 = ORIENTED_EDGE ( 'NONE', *, *, #1225, .F. ) ;
#5246 = VECTOR ( 'NONE', #268, 1000.000000000000000 ) ;
#5247 = DIRECTION ( 'NONE',  ( 8.659560562354909439E-17, 0.7071067811865515695, -0.7071067811865435759 ) ) ;
#5248 = VERTEX_POINT ( 'NONE', #5321 ) ;
#5249 = DIRECTION ( 'NONE',  ( 0.000000000000000000, 0.000000000000000000, -1.000000000000000000 ) ) ;
#5250 = SURFACE_SIDE_STYLE ('',( #1479 ) ) ;
#5251 = ORIENTED_EDGE ( 'NONE', *, *, #2058, .T. ) ;
#5252 = CARTESIAN_POINT ( 'NONE',  ( 1.400000000108906795, 1.199999999972995557, 0.9500000000000000666 ) ) ;
#5253 = EDGE_CURVE ( 'NONE', #4197, #3490, #8005, .T. ) ;
#5254 = PRESENTATION_LAYER_ASSIGNMENT (  '', '', ( #510 ) ) ;
#5255 =( LENGTH_UNIT ( ) NAMED_UNIT ( * ) SI_UNIT ( .MILLI., .METRE. ) );
#5256 = AXIS2_PLACEMENT_3D ( 'NONE', #1045, #6363, #3024 ) ;
#5257 = CARTESIAN_POINT ( 'NONE',  ( 2.749999999984687360, 1.199999999975620346, 1.300000000000004707 ) ) ;
#5258 = VERTEX_POINT ( 'NONE', #5277 ) ;
#5259 = ADVANCED_FACE ( 'NONE', ( #4769 ), #8250, .T. ) ;
#5260 = DIRECTION ( 'NONE',  ( -1.000000000000000000, -0.000000000000000000, -0.000000000000000000 ) ) ;
#5261 = ORIENTED_EDGE ( 'NONE', *, *, #6067, .F. ) ;
#5262 =( GEOMETRIC_REPRESENTATION_CONTEXT ( 3 ) GLOBAL_UNCERTAINTY_ASSIGNED_CONTEXT ( ( #5161 ) ) GLOBAL_UNIT_ASSIGNED_CONTEXT ( ( #4431, #7648, #7736 ) ) REPRESENTATION_CONTEXT ( 'NONE', 'WORKASPACE' ) );
#5263 =( NAMED_UNIT ( * ) SI_UNIT ( $, .STERADIAN. ) SOLID_ANGLE_UNIT ( ) );
#5264 = CARTESIAN_POINT ( 'NONE',  ( 1.125300120096095924, 0.1500000000000004663, -0.1399999999999992084 ) ) ;
#5265 = DIRECTION ( 'NONE',  ( 0.9551363835107592459, 1.060723538808430889E-15, -0.2961663196482473004 ) ) ;
#5266 = VECTOR ( 'NONE', #3788, 999.9999999999998863 ) ;
#5267 = DIRECTION ( 'NONE',  ( 0.000000000000000000, -1.000000000000000000, -3.491483361109382461E-15 ) ) ;
#5268 = DIRECTION ( 'NONE',  ( -1.000000000000000000, 0.000000000000000000, -0.000000000000000000 ) ) ;
#5269 = PRESENTATION_LAYER_ASSIGNMENT (  '', '', ( #1345 ) ) ;
#5270 = DIRECTION ( 'NONE',  ( 0.000000000000000000, -3.252606517456511724E-15, 1.000000000000000000 ) ) ;
#5271 = EDGE_CURVE ( 'NONE', #8098, #3055, #982, .T. ) ;
#5272 = EDGE_LOOP ( 'NONE', ( #6318, #908, #2716, #4014 ) ) ;
#5273 = DIRECTION ( 'NONE',  ( 0.000000000000000000, 1.000000000000000000, 3.491483361109382855E-15 ) ) ;
#5274 = VECTOR ( 'NONE', #5503, 1000.000000000000000 ) ;
#5275 = SURFACE_STYLE_FILL_AREA ( #7955 ) ;
#5276 = ORIENTED_EDGE ( 'NONE', *, *, #787, .F. ) ;
#5277 = CARTESIAN_POINT ( 'NONE',  ( -0.7999999999999998224, 4.888076705553128898E-16, -0.1399999999999997913 ) ) ;
#5278 = VECTOR ( 'NONE', #118, 1000.000000000000000 ) ;
#5279 = DIRECTION ( 'NONE',  ( 0.000000000000000000, -3.491483361109382461E-15, 1.000000000000000000 ) ) ;
#5280 = AXIS2_PLACEMENT_3D ( 'NONE', #4980, #993, #5630 ) ;
#5281 = SURFACE_SIDE_STYLE ('',( #101 ) ) ;
#5282 =( NAMED_UNIT ( * ) PLANE_ANGLE_UNIT ( ) SI_UNIT ( $, .RADIAN. ) );
#5283 = SURFACE_STYLE_USAGE ( .BOTH. , #5458 ) ;
#5284 =( NAMED_UNIT ( * ) SI_UNIT ( $, .STERADIAN. ) SOLID_ANGLE_UNIT ( ) );
#5285 = CARTESIAN_POINT ( 'NONE',  ( -1.430000000499999979, 1.400000000000004352, -1.099999999999995204 ) ) ;
#5286 = VERTEX_POINT ( 'NONE', #6204 ) ;
#5287 = EDGE_LOOP ( 'NONE', ( #5466, #4016, #3518, #3769 ) ) ;
#5288 = PRESENTATION_STYLE_ASSIGNMENT (( #580 ) ) ;
#5289 = CIRCLE ( 'NONE', #6643, 0.2000000000000000944 ) ;
#5290 = DIRECTION ( 'NONE',  ( 0.000000000000000000, 3.491483361109382461E-15, -1.000000000000000000 ) ) ;
#5291 =( GEOMETRIC_REPRESENTATION_CONTEXT ( 3 ) GLOBAL_UNCERTAINTY_ASSIGNED_CONTEXT ( ( #2620 ) ) GLOBAL_UNIT_ASSIGNED_CONTEXT ( ( #8086, #7481, #1154 ) ) REPRESENTATION_CONTEXT ( 'NONE', 'WORKASPACE' ) );
#5292 = ADVANCED_FACE ( 'NONE', ( #5620 ), #8249, .F. ) ;
#5293 = VERTEX_POINT ( 'NONE', #4856 ) ;
#5294 =( LENGTH_UNIT ( ) NAMED_UNIT ( * ) SI_UNIT ( .MILLI., .METRE. ) );
#5295 = DIRECTION ( 'NONE',  ( -2.168404344971007685E-15, -3.252606517456511724E-15, 1.000000000000000000 ) ) ;
#5296 = VECTOR ( 'NONE', #4333, 1000.000000000000000 ) ;
#5297 = VERTEX_POINT ( 'NONE', #5656 ) ;
#5298 = LINE ( 'NONE', #2083, #5756 ) ;
#5299 =( NAMED_UNIT ( * ) PLANE_ANGLE_UNIT ( ) SI_UNIT ( $, .RADIAN. ) );
#5300 = DIRECTION ( 'NONE',  ( -0.000000000000000000, -1.000000000000000000, -3.491483361109382461E-15 ) ) ;
#5301 = COLOUR_RGB ( '',0.000000000000000000, 0.000000000000000000, 1.000000000000000000 ) ;
#5302 = EDGE_LOOP ( 'NONE', ( #1727, #2763, #279, #5994, #3265, #3751, #7691, #914 ) ) ;
#5303 = FILL_AREA_STYLE_COLOUR ( '', #2678 ) ;
#5304 = DIRECTION ( 'NONE',  ( 0.000000000000000000, 3.491483361109382855E-15, -1.000000000000000000 ) ) ;
#5305 = STYLED_ITEM ( 'NONE', ( #422 ), #470 ) ;
#5306 = EDGE_CURVE ( 'NONE', #5154, #3205, #1796, .T. ) ;
#5307 = ORIENTED_EDGE ( 'NONE', *, *, #2114, .F. ) ;
#5308 = FACE_OUTER_BOUND ( 'NONE', #2651, .T. ) ;
#5309 =( GEOMETRIC_REPRESENTATION_CONTEXT ( 3 ) GLOBAL_UNCERTAINTY_ASSIGNED_CONTEXT ( ( #2797 ) ) GLOBAL_UNIT_ASSIGNED_CONTEXT ( ( #5456, #8046, #7356 ) ) REPRESENTATION_CONTEXT ( 'NONE', 'WORKASPACE' ) );
#5310 = CARTESIAN_POINT ( 'NONE',  ( -3.850000000000000533, -3.098657941134522125E-15, 0.9000000001875003708 ) ) ;
#5311 = LINE ( 'NONE', #2223, #1677 ) ;
#5312 = VECTOR ( 'NONE', #5856, 1000.000000000000000 ) ;
#5313 = SURFACE_SIDE_STYLE ('',( #7225 ) ) ;
#5314 = EDGE_LOOP ( 'NONE', ( #4356, #1686, #2489, #6361 ) ) ;
#5315 = SURFACE_SIDE_STYLE ('',( #1499 ) ) ;
#5316 = SURFACE_STYLE_FILL_AREA ( #7954 ) ;
#5317 = EDGE_CURVE ( 'NONE', #4467, #1418, #3768, .T. ) ;
#5318 = CARTESIAN_POINT ( 'NONE',  ( -3.399999999999999467, 0.2000000000333289063, -1.299999999999999378 ) ) ;
#5319 = MECHANICAL_DESIGN_GEOMETRIC_PRESENTATION_REPRESENTATION (  '', ( #2346 ), #3031 ) ;
#5320 = ORIENTED_EDGE ( 'NONE', *, *, #32, .T. ) ;
#5321 = CARTESIAN_POINT ( 'NONE',  ( -0.9299999985999997110, 1.399999999999996136, 1.099999999977782306 ) ) ;
#5322 = CARTESIAN_POINT ( 'NONE',  ( -2.449999999825000163, 0.1500000000000076827, -2.199999999999999734 ) ) ;
#5323 = ADVANCED_FACE ( 'NONE', ( #1672 ), #4972, .F. ) ;
#5324 = CARTESIAN_POINT ( 'NONE',  ( -1.430100000000000815, 1.199999999999995959, 1.108250545000004639 ) ) ;
#5325 = MECHANICAL_DESIGN_GEOMETRIC_PRESENTATION_REPRESENTATION (  '', ( #183 ), #6684 ) ;
#5326 =( NAMED_UNIT ( * ) SI_UNIT ( $, .STERADIAN. ) SOLID_ANGLE_UNIT ( ) );
#5327 = CARTESIAN_POINT ( 'NONE',  ( 3.399999999999999911, 0.2500000000333288397, 0.9000000000000010214 ) ) ;
#5328 = LINE ( 'NONE', #6011, #4426 ) ;
#5329 = CARTESIAN_POINT ( 'NONE',  ( 0.9500000000000002887, 0.1500000000000076827, -2.199999999999999734 ) ) ;
#5330 = EDGE_LOOP ( 'NONE', ( #1988, #7333, #4838, #3472, #2144, #1480, #3093 ) ) ;
#5331 = ORIENTED_EDGE ( 'NONE', *, *, #7303, .T. ) ;
#5332 = CARTESIAN_POINT ( 'NONE',  ( 3.350000000000000089, 0.8999999999999962474, 0.8000000000000033751 ) ) ;
#5333 = PRESENTATION_LAYER_ASSIGNMENT (  '', '', ( #3446 ) ) ;
#5334 = VECTOR ( 'NONE', #269, 1000.000000000000000 ) ;
#5335 = SURFACE_SIDE_STYLE ('',( #2834 ) ) ;
#5336 = EDGE_CURVE ( 'NONE', #4467, #2563, #2505, .T. ) ;
#5337 = CARTESIAN_POINT ( 'NONE',  ( 1.400000000000000133, 1.199999999999990852, 2.599999999971562392 ) ) ;
#5338 = UNCERTAINTY_MEASURE_WITH_UNIT (LENGTH_MEASURE( 1.000000000000000082E-05 ), #6947, 'distance_accuracy_value', 'NONE');
#5339 = VERTEX_POINT ( 'NONE', #2548 ) ;
#5340 = VECTOR ( 'NONE', #4425, 1000.000000000000000 ) ;
#5341 = DIRECTION ( 'NONE',  ( -1.000000000000000000, 7.407401756019820319E-11, 0.000000000000000000 ) ) ;
#5342 =( GEOMETRIC_REPRESENTATION_CONTEXT ( 3 ) GLOBAL_UNCERTAINTY_ASSIGNED_CONTEXT ( ( #5346 ) ) GLOBAL_UNIT_ASSIGNED_CONTEXT ( ( #75, #5814, #3239 ) ) REPRESENTATION_CONTEXT ( 'NONE', 'WORKASPACE' ) );
#5343 = ORIENTED_EDGE ( 'NONE', *, *, #3822, .T. ) ;
#5344 = ADVANCED_FACE ( 'NONE', ( #6333 ), #4422, .F. ) ;
#5345 = SURFACE_STYLE_USAGE ( .BOTH. , #2758 ) ;
#5346 = UNCERTAINTY_MEASURE_WITH_UNIT (LENGTH_MEASURE( 1.000000000000000082E-05 ), #75, 'distance_accuracy_value', 'NONE');
#5347 = ORIENTED_EDGE ( 'NONE', *, *, #3748, .T. ) ;
#5348 = SURFACE_STYLE_USAGE ( .BOTH. , #5903 ) ;
#5349 = SURFACE_STYLE_FILL_AREA ( #7296 ) ;
#5350 = VERTEX_POINT ( 'NONE', #7769 ) ;
#5351 = DIRECTION ( 'NONE',  ( 0.000000000000000000, -3.252606516424091592E-15, 1.000000000000000000 ) ) ;
#5352 = LINE ( 'NONE', #6074, #6691 ) ;
#5353 = PRESENTATION_STYLE_ASSIGNMENT (( #7903 ) ) ;
#5354 =( NAMED_UNIT ( * ) PLANE_ANGLE_UNIT ( ) SI_UNIT ( $, .RADIAN. ) );
#5355 = ORIENTED_EDGE ( 'NONE', *, *, #7157, .F. ) ;
#5356 = CARTESIAN_POINT ( 'NONE',  ( 2.749999999869999989, 1.399999999999997691, 0.8000000000000051514 ) ) ;
#5357 = CARTESIAN_POINT ( 'NONE',  ( 0.5499999990718751341, 0.0001000000000045392882, -1.300100000000000255 ) ) ;
#5358 = AXIS2_PLACEMENT_3D ( 'NONE', #6076, #259, #2861 ) ;
#5359 = FILL_AREA_STYLE_COLOUR ( '', #4317 ) ;
#5360 = CARTESIAN_POINT ( 'NONE',  ( -2.449999999606249812, 0.0001000000000045392882, -1.300100000000000255 ) ) ;
#5361 = ORIENTED_EDGE ( 'NONE', *, *, #2929, .T. ) ;
#5362 = DIRECTION ( 'NONE',  ( 0.000000000000000000, 3.491483361109382461E-15, -1.000000000000000000 ) ) ;
#5363 = ADVANCED_FACE ( 'NONE', ( #3248 ), #1472, .T. ) ;
#5364 =( NAMED_UNIT ( * ) SI_UNIT ( $, .STERADIAN. ) SOLID_ANGLE_UNIT ( ) );
#5365 = DIRECTION ( 'NONE',  ( 0.000000000000000000, -1.000000000000000000, -3.491483361109382461E-15 ) ) ;
#5366 = CARTESIAN_POINT ( 'NONE',  ( 0.9299999997777779193, 1.399999999999995692, 1.100000000000004530 ) ) ;
#5367 = CARTESIAN_POINT ( 'NONE',  ( -1.500000000000000000, 0.1499999999999999944, 7.038057745108187377E-16 ) ) ;
#5368 = SURFACE_STYLE_USAGE ( .BOTH. , #4095 ) ;
#5369 = DIRECTION ( 'NONE',  ( -0.000000000000000000, -3.491483361109382461E-15, 1.000000000000000000 ) ) ;
#5370 = EDGE_CURVE ( 'NONE', #2627, #2791, #5865, .T. ) ;
#5371 = CARTESIAN_POINT ( 'NONE',  ( -2.134233263787985280, 1.399999999999995914, 1.118366903934263412 ) ) ;
#5372 = AXIS2_PLACEMENT_3D ( 'NONE', #3471, #7277, #2871 ) ;
#5373 = ORIENTED_EDGE ( 'NONE', *, *, #4398, .T. ) ;
#5374 = FILL_AREA_STYLE ('',( #202 ) ) ;
#5375 = PRESENTATION_STYLE_ASSIGNMENT (( #2751 ) ) ;
#5376 = VECTOR ( 'NONE', #4091, 1000.000000000000000 ) ;
#5377 = ORIENTED_EDGE ( 'NONE', *, *, #2846, .T. ) ;
#5378 = FILL_AREA_STYLE_COLOUR ( '', #6748 ) ;
#5379 = CARTESIAN_POINT ( 'NONE',  ( -2.015766736021745942, 1.200000000000003730, -1.118366903743032159 ) ) ;
#5380 = ORIENTED_EDGE ( 'NONE', *, *, #7799, .F. ) ;
#5381 = FACE_OUTER_BOUND ( 'NONE', #5720, .T. ) ;
#5382 = FACE_OUTER_BOUND ( 'NONE', #825, .T. ) ;
#5383 = EDGE_CURVE ( 'NONE', #2565, #3955, #3, .T. ) ;
#5384 = VECTOR ( 'NONE', #2256, 1000.000000000000000 ) ;
#5385 = ORIENTED_EDGE ( 'NONE', *, *, #3365, .F. ) ;
#5386 = CARTESIAN_POINT ( 'NONE',  ( -2.849999999984688337, 0.7000000000000027311, -0.7999999999999974909 ) ) ;
#5387 = SURFACE_STYLE_FILL_AREA ( #2808 ) ;
#5388 = ORIENTED_EDGE ( 'NONE', *, *, #76, .T. ) ;
#5389 = CARTESIAN_POINT ( 'NONE',  ( 1.874699879903904076, 0.1500000000000004663, -0.1399999999999994027 ) ) ;
#5390 = CARTESIAN_POINT ( 'NONE',  ( 2.850000000000000089, 0.7000000000312469606, 0.8000000000000025979 ) ) ;
#5391 = PRESENTATION_STYLE_ASSIGNMENT (( #2812 ) ) ;
#5392 = PRESENTATION_LAYER_ASSIGNMENT (  '', '', ( #912 ) ) ;
#5393 = SURFACE_STYLE_FILL_AREA ( #2136 ) ;
#5394 = LINE ( 'NONE', #4760, #2176 ) ;
#5395 = DIRECTION ( 'NONE',  ( 0.7071067811865467956, -2.468851561040446386E-15, 0.7071067811865483499 ) ) ;
#5396 = VERTEX_POINT ( 'NONE', #3290 ) ;
#5397 = LINE ( 'NONE', #4129, #5193 ) ;
#5398 = VECTOR ( 'NONE', #2310, 1000.000000000000000 ) ;
#5399 = ORIENTED_EDGE ( 'NONE', *, *, #2172, .T. ) ;
#5400 =( NAMED_UNIT ( * ) PLANE_ANGLE_UNIT ( ) SI_UNIT ( $, .RADIAN. ) );
#5401 = PRESENTATION_STYLE_ASSIGNMENT (( #850 ) ) ;
#5402 = COLOUR_RGB ( '',0.000000000000000000, 0.000000000000000000, 1.000000000000000000 ) ;
#5403 = CARTESIAN_POINT ( 'NONE',  ( -1.300000000000000044, 0.1500000000000012157, -0.3464101615137748502 ) ) ;
#5404 = EDGE_LOOP ( 'NONE', ( #1179, #1343, #2251, #4191 ) ) ;
#5405 = DIRECTION ( 'NONE',  ( 0.000000000000000000, 1.000000000000000000, 3.491483361109382461E-15 ) ) ;
#5406 = LINE ( 'NONE', #5918, #1273 ) ;
#5407 =( GEOMETRIC_REPRESENTATION_CONTEXT ( 3 ) GLOBAL_UNCERTAINTY_ASSIGNED_CONTEXT ( ( #5074 ) ) GLOBAL_UNIT_ASSIGNED_CONTEXT ( ( #3946, #1488, #6032 ) ) REPRESENTATION_CONTEXT ( 'NONE', 'WORKASPACE' ) );
#5408 =( LENGTH_UNIT ( ) NAMED_UNIT ( * ) SI_UNIT ( .MILLI., .METRE. ) );
#5409 = LINE ( 'NONE', #2193, #692 ) ;
#5410 = LINE ( 'NONE', #8009, #5376 ) ;
#5411 =( NAMED_UNIT ( * ) PLANE_ANGLE_UNIT ( ) SI_UNIT ( $, .RADIAN. ) );
#5412 = LINE ( 'NONE', #2197, #7898 ) ;
#5413 = COLOUR_RGB ( '',0.000000000000000000, 0.000000000000000000, 1.000000000000000000 ) ;
#5414 = LINE ( 'NONE', #1515, #4198 ) ;
#5415 = ORIENTED_EDGE ( 'NONE', *, *, #1340, .F. ) ;
#5416 = EDGE_CURVE ( 'NONE', #2830, #5872, #4585, .T. ) ;
#5417 = ORIENTED_EDGE ( 'NONE', *, *, #984, .F. ) ;
#5418 = CIRCLE ( 'NONE', #2707, 0.4000000000000001887 ) ;
#5419 = CARTESIAN_POINT ( 'NONE',  ( 2.200000000000000178, 0.1500000000000004663, -0.1399999999999994027 ) ) ;
#5420 = AXIS2_PLACEMENT_3D ( 'NONE', #255, #2373, #6906 ) ;
#5421 = EDGE_CURVE ( 'NONE', #2480, #7263, #681, .T. ) ;
#5422 = UNCERTAINTY_MEASURE_WITH_UNIT (LENGTH_MEASURE( 1.000000000000000082E-05 ), #6294, 'distance_accuracy_value', 'NONE');
#5423 = ORIENTED_EDGE ( 'NONE', *, *, #7095, .T. ) ;
#5424 = PLANE ( 'NONE',  #3474 ) ;
#5425 = SURFACE_SIDE_STYLE ('',( #3443 ) ) ;
#5426 =( GEOMETRIC_REPRESENTATION_CONTEXT ( 3 ) GLOBAL_UNCERTAINTY_ASSIGNED_CONTEXT ( ( #3155 ) ) GLOBAL_UNIT_ASSIGNED_CONTEXT ( ( #2163, #7930, #6729 ) ) REPRESENTATION_CONTEXT ( 'NONE', 'WORKASPACE' ) );
#5427 = EDGE_LOOP ( 'NONE', ( #6961, #2828, #3573, #4979 ) ) ;
#5428 = LINE ( 'NONE', #2170, #3320 ) ;
#5429 = EDGE_CURVE ( 'NONE', #6948, #932, #1492, .T. ) ;
#5430 = ORIENTED_EDGE ( 'NONE', *, *, #5124, .T. ) ;
#5431 = DIRECTION ( 'NONE',  ( 1.000000000000000000, -4.531599869146434777E-31, 1.275531967630004506E-16 ) ) ;
#5432 = PRESENTATION_LAYER_ASSIGNMENT (  '', '', ( #7589 ) ) ;
#5433 = VERTEX_POINT ( 'NONE', #5436 ) ;
#5434 = SURFACE_SIDE_STYLE ('',( #2853 ) ) ;
#5435 = CIRCLE ( 'NONE', #8294, 0.1999999999999987899 ) ;
#5436 = CARTESIAN_POINT ( 'NONE',  ( -3.149999999999999467, 3.332887739393701912E-11, 1.300000000000000266 ) ) ;
#5437 =( NAMED_UNIT ( * ) SI_UNIT ( $, .STERADIAN. ) SOLID_ANGLE_UNIT ( ) );
#5438 = PLANE ( 'NONE',  #420 ) ;
#5439 = VECTOR ( 'NONE', #4159, 1000.000000000000000 ) ;
#5440 = DIRECTION ( 'NONE',  ( -0.000000000000000000, -3.491483361109382066E-15, 1.000000000000000000 ) ) ;
#5441 = EDGE_CURVE ( 'NONE', #1991, #4410, #4320, .T. ) ;
#5442 = LINE ( 'NONE', #6709, #5984 ) ;
#5443 = SURFACE_SIDE_STYLE ('',( #6163 ) ) ;
#5444 = MECHANICAL_DESIGN_GEOMETRIC_PRESENTATION_REPRESENTATION (  '', ( #8299 ), #1520 ) ;
#5445 = DIRECTION ( 'NONE',  ( 0.000000000000000000, -3.523657060577888622E-15, 1.000000000000000000 ) ) ;
#5446 = CARTESIAN_POINT ( 'NONE',  ( 2.719999999706840477, 1.199999999999997291, 0.7500000000000041078 ) ) ;
#5447 = LINE ( 'NONE', #8001, #6457 ) ;
#5448 = MECHANICAL_DESIGN_GEOMETRIC_PRESENTATION_REPRESENTATION (  '', ( #3165 ), #7476 ) ;
#5449 = FACE_OUTER_BOUND ( 'NONE', #1517, .T. ) ;
#5450 = ORIENTED_EDGE ( 'NONE', *, *, #32, .F. ) ;
#5451 = EDGE_CURVE ( 'NONE', #6900, #2791, #6663, .T. ) ;
#5452 = DIRECTION ( 'NONE',  ( -0.000000000000000000, -1.000000000000000000, -3.491483361109382066E-15 ) ) ;
#5453 = SURFACE_STYLE_USAGE ( .BOTH. , #8124 ) ;
#5454 =( GEOMETRIC_REPRESENTATION_CONTEXT ( 3 ) GLOBAL_UNCERTAINTY_ASSIGNED_CONTEXT ( ( #1114 ) ) GLOBAL_UNIT_ASSIGNED_CONTEXT ( ( #1881, #1239, #4504 ) ) REPRESENTATION_CONTEXT ( 'NONE', 'WORKASPACE' ) );
#5455 = DIRECTION ( 'NONE',  ( 1.000000000000000000, 0.000000000000000000, 0.000000000000000000 ) ) ;
#5456 =( LENGTH_UNIT ( ) NAMED_UNIT ( * ) SI_UNIT ( .MILLI., .METRE. ) );
#5457 = SURFACE_STYLE_USAGE ( .BOTH. , #2195 ) ;
#5458 = SURFACE_SIDE_STYLE ('',( #7276 ) ) ;
#5459 = CARTESIAN_POINT ( 'NONE',  ( 2.719999999982226857, 1.399999999999996803, 0.7499999997777823113 ) ) ;
#5460 = CARTESIAN_POINT ( 'NONE',  ( 3.150000000025311664, -4.495251284923622873E-15, 1.300000000000000711 ) ) ;
#5461 =( LENGTH_UNIT ( ) NAMED_UNIT ( * ) SI_UNIT ( .MILLI., .METRE. ) );
#5462 = ORIENTED_EDGE ( 'NONE', *, *, #6865, .F. ) ;
#5463 =( LENGTH_UNIT ( ) NAMED_UNIT ( * ) SI_UNIT ( .MILLI., .METRE. ) );
#5464 = VECTOR ( 'NONE', #6513, 1000.000000000000000 ) ;
#5465 = VERTEX_POINT ( 'NONE', #134 ) ;
#5466 = ORIENTED_EDGE ( 'NONE', *, *, #3008, .F. ) ;
#5467 = DIRECTION ( 'NONE',  ( 0.9551363834789752261, 0.000000000000000000, -0.2961663197507509171 ) ) ;
#5468 = FILL_AREA_STYLE_COLOUR ( '', #2417 ) ;
#5469 = SURFACE_STYLE_FILL_AREA ( #284 ) ;
#5470 = VECTOR ( 'NONE', #5723, 1000.000000000000000 ) ;
#5471 = EDGE_LOOP ( 'NONE', ( #1997, #6641, #6184, #2613 ) ) ;
#5472 = FILL_AREA_STYLE_COLOUR ( '', #6833 ) ;
#5473 = VECTOR ( 'NONE', #4723, 1000.000000000000000 ) ;
#5474 = VECTOR ( 'NONE', #3982, 1000.000000000000000 ) ;
#5475 = EDGE_CURVE ( 'NONE', #2337, #4433, #4074, .T. ) ;
#5476 = DIRECTION ( 'NONE',  ( 0.000000000000000000, -3.491483361109382066E-15, 1.000000000000000000 ) ) ;
#5477 = ORIENTED_EDGE ( 'NONE', *, *, #5616, .T. ) ;
#5478 = CARTESIAN_POINT ( 'NONE',  ( -2.749999999877499768, 1.200000000000003064, -0.9000000002012455980 ) ) ;
#5479 = PRESENTATION_STYLE_ASSIGNMENT (( #7987 ) ) ;
#5480 =( NAMED_UNIT ( * ) PLANE_ANGLE_UNIT ( ) SI_UNIT ( $, .RADIAN. ) );
#5481 = VERTEX_POINT ( 'NONE', #2728 ) ;
#5482 = EDGE_CURVE ( 'NONE', #3850, #1571, #3949, .T. ) ;
#5483 = VECTOR ( 'NONE', #5769, 1000.000000000000000 ) ;
#5484 = SURFACE_STYLE_USAGE ( .BOTH. , #7386 ) ;
#5485 = PRESENTATION_STYLE_ASSIGNMENT (( #6117 ) ) ;
#5486 = DIRECTION ( 'NONE',  ( -1.000000000000000000, 1.718780283307622083E-10, 0.000000000000000000 ) ) ;
#5487 = ORIENTED_EDGE ( 'NONE', *, *, #4903, .T. ) ;
#5488 = PRESENTATION_LAYER_ASSIGNMENT (  '', '', ( #6827 ) ) ;
#5489 = FILL_AREA_STYLE ('',( #1054 ) ) ;
#5490 = SURFACE_SIDE_STYLE ('',( #3540 ) ) ;
#5491 = CARTESIAN_POINT ( 'NONE',  ( -2.015766736212015520, 1.400000000000004130, -1.118366903934254086 ) ) ;
#5492 = ORIENTED_EDGE ( 'NONE', *, *, #4933, .F. ) ;
#5493 =( NAMED_UNIT ( * ) SI_UNIT ( $, .STERADIAN. ) SOLID_ANGLE_UNIT ( ) );
#5494 = CARTESIAN_POINT ( 'NONE',  ( 1.400000000000000133, 0.2999999999999941602, 1.410000000026564448 ) ) ;
#5495 = AXIS2_PLACEMENT_3D ( 'NONE', #5850, #34, #826 ) ;
#5496 = LINE ( 'NONE', #1676, #5041 ) ;
#5497 = EDGE_CURVE ( 'NONE', #2798, #534, #2426, .T. ) ;
#5498 = CARTESIAN_POINT ( 'NONE',  ( 2.720000000000000195, 1.400000000000002576, -0.7499999999999950040 ) ) ;
#5499 = CARTESIAN_POINT ( 'NONE',  ( -2.749999999986562305, 1.399999999999995914, 1.300000000000005151 ) ) ;
#5500 = FACE_OUTER_BOUND ( 'NONE', #6268, .T. ) ;
#5501 = PRESENTATION_STYLE_ASSIGNMENT (( #1639 ) ) ;
#5502 = ORIENTED_EDGE ( 'NONE', *, *, #2803, .F. ) ;
#5503 = DIRECTION ( 'NONE',  ( 0.000000000000000000, 1.000000000000000000, 0.000000000000000000 ) ) ;
#5504 =( NAMED_UNIT ( * ) PLANE_ANGLE_UNIT ( ) SI_UNIT ( $, .RADIAN. ) );
#5505 = UNCERTAINTY_MEASURE_WITH_UNIT (LENGTH_MEASURE( 1.000000000000000082E-05 ), #8073, 'distance_accuracy_value', 'NONE');
#5506 = ORIENTED_EDGE ( 'NONE', *, *, #5907, .T. ) ;
#5507 = EDGE_LOOP ( 'NONE', ( #5042, #3027, #2258, #4873 ) ) ;
#5508 = DIRECTION ( 'NONE',  ( -0.000000000000000000, -0.000000000000000000, 1.000000000000000000 ) ) ;
#5509 = DIRECTION ( 'NONE',  ( -0.9551363834789750040, 0.000000000000000000, 0.2961663197507515277 ) ) ;
#5510 =( NAMED_UNIT ( * ) PLANE_ANGLE_UNIT ( ) SI_UNIT ( $, .RADIAN. ) );
#5511 = VERTEX_POINT ( 'NONE', #7901 ) ;
#5512 = CARTESIAN_POINT ( 'NONE',  ( -3.149999999999999467, 3.332887774308531571E-11, -1.300100000000000255 ) ) ;
#5513 = CARTESIAN_POINT ( 'NONE',  ( 0.5500000000000001554, 0.1500000000000076827, -2.199999999999999734 ) ) ;
#5514 = UNCERTAINTY_MEASURE_WITH_UNIT (LENGTH_MEASURE( 1.000000000000000082E-05 ), #3415, 'distance_accuracy_value', 'NONE');
#5515 = CARTESIAN_POINT ( 'NONE',  ( -3.400000000000002132, 3.332876897371977056E-11, -1.300000000011718670 ) ) ;
#5516 = VERTEX_POINT ( 'NONE', #840 ) ;
#5517 =( LENGTH_UNIT ( ) NAMED_UNIT ( * ) SI_UNIT ( .MILLI., .METRE. ) );
#5518 = VECTOR ( 'NONE', #6050, 1000.000000000000000 ) ;
#5519 = PLANE ( 'NONE',  #6367 ) ;
#5520 = ORIENTED_EDGE ( 'NONE', *, *, #272, .F. ) ;
#5521 = LINE ( 'NONE', #3727, #8191 ) ;
#5522 = FILL_AREA_STYLE ('',( #8239 ) ) ;
#5523 = DIRECTION ( 'NONE',  ( 1.000000000000000000, 0.000000000000000000, 0.000000000000000000 ) ) ;
#5524 = SURFACE_STYLE_USAGE ( .BOTH. , #976 ) ;
#5525 = EDGE_CURVE ( 'NONE', #2282, #6467, #2093, .T. ) ;
#5526 = DIRECTION ( 'NONE',  ( 0.000000000000000000, 1.000000000000000000, 3.491483361109382066E-15 ) ) ;
#5527 =( NAMED_UNIT ( * ) PLANE_ANGLE_UNIT ( ) SI_UNIT ( $, .RADIAN. ) );
#5528 = VECTOR ( 'NONE', #7675, 1000.000000000000114 ) ;
#5529 = ORIENTED_EDGE ( 'NONE', *, *, #4436, .F. ) ;
#5530 = DIRECTION ( 'NONE',  ( -0.000000000000000000, -0.000000000000000000, -1.000000000000000000 ) ) ;
#5531 = DIRECTION ( 'NONE',  ( 0.000000000000000000, -3.252606516424056882E-15, 1.000000000000000000 ) ) ;
#5532 = DIRECTION ( 'NONE',  ( -0.000000000000000000, -0.000000000000000000, -1.000000000000000000 ) ) ;
#5533 = CARTESIAN_POINT ( 'NONE',  ( 3.349999999997315125, 0.9000000000179044779, -1.249999999997653211 ) ) ;
#5534 = MECHANICAL_DESIGN_GEOMETRIC_PRESENTATION_REPRESENTATION (  '', ( #3388 ), #7560 ) ;
#5535 = EDGE_CURVE ( 'NONE', #4209, #7897, #7946, .T. ) ;
#5536 = VECTOR ( 'NONE', #5249, 1000.000000000000000 ) ;
#5537 =( NAMED_UNIT ( * ) SI_UNIT ( $, .STERADIAN. ) SOLID_ANGLE_UNIT ( ) );
#5538 = DIRECTION ( 'NONE',  ( 0.000000000000000000, 3.491483361109382461E-15, -1.000000000000000000 ) ) ;
#5539 = LINE ( 'NONE', #3086, #5721 ) ;
#5540 = SURFACE_SIDE_STYLE ('',( #354 ) ) ;
#5541 = VERTEX_POINT ( 'NONE', #7258 ) ;
#5542 = MECHANICAL_DESIGN_GEOMETRIC_PRESENTATION_REPRESENTATION (  '', ( #781 ), #8389 ) ;
#5543 = DIRECTION ( 'NONE',  ( 0.4472135954440556449, -0.8944271910278670523, -2.909219710109344426E-15 ) ) ;
#5544 = DIRECTION ( 'NONE',  ( 1.000000000000000000, -0.000000000000000000, 0.000000000000000000 ) ) ;
#5545 = VERTEX_POINT ( 'NONE', #5264 ) ;
#5546 = AXIS2_PLACEMENT_3D ( 'NONE', #7431, #3034, #8036 ) ;
#5547 = ORIENTED_EDGE ( 'NONE', *, *, #8096, .F. ) ;
#5548 = DIRECTION ( 'NONE',  ( -1.000000000000000000, 0.000000000000000000, -0.000000000000000000 ) ) ;
#5549 = PRESENTATION_STYLE_ASSIGNMENT (( #2881 ) ) ;
#5550 = ORIENTED_EDGE ( 'NONE', *, *, #4537, .F. ) ;
#5551 = PRESENTATION_LAYER_ASSIGNMENT (  '', '', ( #1906 ) ) ;
#5552 = ADVANCED_FACE ( 'NONE', ( #4709 ), #2854, .F. ) ;
#5553 = CARTESIAN_POINT ( 'NONE',  ( -1.874699879903904076, 0.1500000000000004663, -0.1399999999999992917 ) ) ;
#5554 = COLOUR_RGB ( '',1.000000000000000000, 0.000000000000000000, 1.000000000000000000 ) ;
#5555 = VECTOR ( 'NONE', #2831, 1000.000000000000000 ) ;
#5556 = SURFACE_SIDE_STYLE ('',( #7337 ) ) ;
#5557 = ORIENTED_EDGE ( 'NONE', *, *, #3208, .T. ) ;
#5558 = DIRECTION ( 'NONE',  ( 1.000000000000000000, -0.000000000000000000, -0.000000000000000000 ) ) ;
#5559 = VECTOR ( 'NONE', #4670, 1000.000000000000000 ) ;
#5560 = CARTESIAN_POINT ( 'NONE',  ( -1.430000000000000604, 1.199999999999995959, 1.099999999955559860 ) ) ;
#5561 = VECTOR ( 'NONE', #3083, 1000.000000000000000 ) ;
#5562 = ORIENTED_EDGE ( 'NONE', *, *, #3832, .T. ) ;
#5563 =( NAMED_UNIT ( * ) SI_UNIT ( $, .STERADIAN. ) SOLID_ANGLE_UNIT ( ) );
#5564 = CARTESIAN_POINT ( 'NONE',  ( -0.7999999999999999334, 0.1499999999999973299, 0.7600000000000001199 ) ) ;
#5565 = VECTOR ( 'NONE', #4871, 1000.000000000000000 ) ;
#5566 = FILL_AREA_STYLE_COLOUR ( '', #2199 ) ;
#5567 = DIRECTION ( 'NONE',  ( -0.000000000000000000, 1.000000000000000000, 3.491483361109382461E-15 ) ) ;
#5568 =( LENGTH_UNIT ( ) NAMED_UNIT ( * ) SI_UNIT ( .MILLI., .METRE. ) );
#5569 =( NAMED_UNIT ( * ) SI_UNIT ( $, .STERADIAN. ) SOLID_ANGLE_UNIT ( ) );
#5570 = FACE_OUTER_BOUND ( 'NONE', #2976, .T. ) ;
#5571 = SURFACE_STYLE_FILL_AREA ( #4298 ) ;
#5572 = CYLINDRICAL_SURFACE ( 'NONE', #1103, 0.1999999999999987899 ) ;
#5573 = COLOUR_RGB ( '',1.000000000000000000, 0.5019607843137254832, 0.000000000000000000 ) ;
#5574 = ORIENTED_EDGE ( 'NONE', *, *, #4818, .F. ) ;
#5575 =( NAMED_UNIT ( * ) SI_UNIT ( $, .STERADIAN. ) SOLID_ANGLE_UNIT ( ) );
#5576 = CARTESIAN_POINT ( 'NONE',  ( 0.1000000000000008521, 0.09999999999999056866, 2.599999999997971489 ) ) ;
#5577 = SURFACE_STYLE_USAGE ( .BOTH. , #2315 ) ;
#5578 = COLOUR_RGB ( '',0.000000000000000000, 0.000000000000000000, 1.000000000000000000 ) ;
#5579 = CARTESIAN_POINT ( 'NONE',  ( -3.150000000000000355, 0.7000000000195345518, -0.8000000000070287554 ) ) ;
#5580 = CARTESIAN_POINT ( 'NONE',  ( 0.09999999999999982514, 0.2999999999999950484, 1.410000000000001030 ) ) ;
#5581 = EDGE_CURVE ( 'NONE', #1780, #492, #3335, .T. ) ;
#5582 = COLOUR_RGB ( '',1.000000000000000000, 0.5019607843137254832, 0.000000000000000000 ) ;
#5583 =( NAMED_UNIT ( * ) PLANE_ANGLE_UNIT ( ) SI_UNIT ( $, .RADIAN. ) );
#5584 = SURFACE_SIDE_STYLE ('',( #3002 ) ) ;
#5585 = AXIS2_PLACEMENT_3D ( 'NONE', #4894, #6875, #7471 ) ;
#5586 = ORIENTED_EDGE ( 'NONE', *, *, #2017, .F. ) ;
#5587 = FACE_OUTER_BOUND ( 'NONE', #3510, .T. ) ;
#5588 = ADVANCED_FACE ( 'NONE', ( #1410 ), #3994, .F. ) ;
#5589 = AXIS2_PLACEMENT_3D ( 'NONE', #3207, #5786, #1927 ) ;
#5590 = DIRECTION ( 'NONE',  ( 0.000000000000000000, -3.491483361109382066E-15, 1.000000000000000000 ) ) ;
#5591 =( NAMED_UNIT ( * ) SI_UNIT ( $, .STERADIAN. ) SOLID_ANGLE_UNIT ( ) );
#5592 = ORIENTED_EDGE ( 'NONE', *, *, #8381, .F. ) ;
#5593 = PRESENTATION_LAYER_ASSIGNMENT (  '', '', ( #7347 ) ) ;
#5594 = ORIENTED_EDGE ( 'NONE', *, *, #6555, .F. ) ;
#5595 =( LENGTH_UNIT ( ) NAMED_UNIT ( * ) SI_UNIT ( .MILLI., .METRE. ) );
#5596 = LINE ( 'NONE', #3057, #7910 ) ;
#5597 = FACE_OUTER_BOUND ( 'NONE', #5471, .T. ) ;
#5598 = ORIENTED_EDGE ( 'NONE', *, *, #3466, .F. ) ;
#5599 = CARTESIAN_POINT ( 'NONE',  ( -1.500000000000000000, 5.421010862427522170E-17, 1.800832703444117038E-16 ) ) ;
#5600 = EDGE_CURVE ( 'NONE', #2921, #4421, #4802, .T. ) ;
#5601 = MECHANICAL_DESIGN_GEOMETRIC_PRESENTATION_REPRESENTATION (  '', ( #2471 ), #3692 ) ;
#5602 =( NAMED_UNIT ( * ) PLANE_ANGLE_UNIT ( ) SI_UNIT ( $, .RADIAN. ) );
#5603 = UNCERTAINTY_MEASURE_WITH_UNIT (LENGTH_MEASURE( 1.000000000000000082E-05 ), #7245, 'distance_accuracy_value', 'NONE');
#5604 = DIRECTION ( 'NONE',  ( -0.000000000000000000, -0.000000000000000000, -1.000000000000000000 ) ) ;
#5605 = VERTEX_POINT ( 'NONE', #7103 ) ;
#5606 = LINE ( 'NONE', #1697, #4860 ) ;
#5607 = VECTOR ( 'NONE', #2407, 1000.000000000000000 ) ;
#5608 = EDGE_CURVE ( 'NONE', #981, #5973, #8304, .T. ) ;
#5609 = SURFACE_STYLE_FILL_AREA ( #3026 ) ;
#5610 = ORIENTED_EDGE ( 'NONE', *, *, #15, .F. ) ;
#5611 = STYLED_ITEM ( 'NONE', ( #6634 ), #2630 ) ;
#5612 = SURFACE_STYLE_FILL_AREA ( #1663 ) ;
#5613 = LINE ( 'NONE', #3989, #1039 ) ;
#5614 =( LENGTH_UNIT ( ) NAMED_UNIT ( * ) SI_UNIT ( .MILLI., .METRE. ) );
#5615 =( LENGTH_UNIT ( ) NAMED_UNIT ( * ) SI_UNIT ( .MILLI., .METRE. ) );
#5616 = EDGE_CURVE ( 'NONE', #1236, #8026, #687, .T. ) ;
#5617 = VECTOR ( 'NONE', #6912, 1000.000000000000114 ) ;
#5618 = ORIENTED_EDGE ( 'NONE', *, *, #602, .F. ) ;
#5619 = CARTESIAN_POINT ( 'NONE',  ( 3.349999999998210409, 0.7000000000078162588, -0.8000000000046849635 ) ) ;
#5620 = FACE_OUTER_BOUND ( 'NONE', #6655, .T. ) ;
#5621 = DIRECTION ( 'NONE',  ( 2.373498755813608300E-16, 3.491483361109383250E-15, -1.000000000000000000 ) ) ;
#5622 = DIRECTION ( 'NONE',  ( 1.396593344443751959E-15, -6.982966722218748947E-16, 1.000000000000000000 ) ) ;
#5623 =( NAMED_UNIT ( * ) PLANE_ANGLE_UNIT ( ) SI_UNIT ( $, .RADIAN. ) );
#5624 = CARTESIAN_POINT ( 'NONE',  ( -3.149999999999999467, 0.2500000000333307826, -2.200000000000000622 ) ) ;
#5625 = PRESENTATION_STYLE_ASSIGNMENT (( #3629 ) ) ;
#5626 = LINE ( 'NONE', #6854, #2583 ) ;
#5627 = LINE ( 'NONE', #6894, #2804 ) ;
#5628 = SURFACE_SIDE_STYLE ('',( #4978 ) ) ;
#5629 = ORIENTED_EDGE ( 'NONE', *, *, #2783, .T. ) ;
#5630 = DIRECTION ( 'NONE',  ( 1.000000000000000000, 0.000000000000000000, 0.000000000000000000 ) ) ;
#5631 = EDGE_CURVE ( 'NONE', #743, #4963, #1252, .T. ) ;
#5632 =( LENGTH_UNIT ( ) NAMED_UNIT ( * ) SI_UNIT ( .MILLI., .METRE. ) );
#5633 = DIRECTION ( 'NONE',  ( 1.000000000000000000, 0.000000000000000000, 0.000000000000000000 ) ) ;
#5634 = VERTEX_POINT ( 'NONE', #5877 ) ;
#5635 = ADVANCED_FACE ( 'NONE', ( #1890 ), #5719, .F. ) ;
#5636 = ORIENTED_EDGE ( 'NONE', *, *, #6937, .T. ) ;
#5637 = CARTESIAN_POINT ( 'NONE',  ( -2.449999999999999289, 0.1500000000000076827, -2.199999999999999734 ) ) ;
#5638 = LINE ( 'NONE', #1773, #2014 ) ;
#5639 = MECHANICAL_DESIGN_GEOMETRIC_PRESENTATION_REPRESENTATION (  '', ( #2648 ), #1300 ) ;
#5640 = EDGE_LOOP ( 'NONE', ( #6991, #579, #4005, #4519 ) ) ;
#5641 =( LENGTH_UNIT ( ) NAMED_UNIT ( * ) SI_UNIT ( .MILLI., .METRE. ) );
#5642 = DIRECTION ( 'NONE',  ( 0.000000000000000000, -1.000000000000000000, -3.491483361109382461E-15 ) ) ;
#5643 = CARTESIAN_POINT ( 'NONE',  ( 1.400000000006094369, 0.1000000000093662772, 2.599999999974609732 ) ) ;
#5644 = ADVANCED_FACE ( 'NONE', ( #2514 ), #1333, .F. ) ;
#5645 = ORIENTED_EDGE ( 'NONE', *, *, #3420, .F. ) ;
#5646 = CARTESIAN_POINT ( 'NONE',  ( -3.350000000000000089, 0.6499999999425963848, -1.299999999999997824 ) ) ;
#5647 = ORIENTED_EDGE ( 'NONE', *, *, #6657, .T. ) ;
#5648 = CARTESIAN_POINT ( 'NONE',  ( 1.649999999999999911, -2.653527354443130891E-15, 0.7600000000000000089 ) ) ;
#5649 =( NAMED_UNIT ( * ) PLANE_ANGLE_UNIT ( ) SI_UNIT ( $, .RADIAN. ) );
#5650 = PRESENTATION_STYLE_ASSIGNMENT (( #4375 ) ) ;
#5651 = ADVANCED_FACE ( 'NONE', ( #7818 ), #8088, .F. ) ;
#5652 = CARTESIAN_POINT ( 'NONE',  ( 2.720000000000000195, 1.199999999999997069, 0.8000000000093790975 ) ) ;
#5653 = DIRECTION ( 'NONE',  ( 0.000000000000000000, -1.000000000000000000, -3.491483361109382461E-15 ) ) ;
#5654 = SURFACE_SIDE_STYLE ('',( #5571 ) ) ;
#5655 = VERTEX_POINT ( 'NONE', #2276 ) ;
#5656 = CARTESIAN_POINT ( 'NONE',  ( -1.500000000000000000, -0.5000000000450193216, 0.2000000000634833131 ) ) ;
#5657 = AXIS2_PLACEMENT_3D ( 'NONE', #2110, #6086, #3468 ) ;
#5658 = LINE ( 'NONE', #1797, #6528 ) ;
#5659 = PRESENTATION_STYLE_ASSIGNMENT (( #474 ) ) ;
#5660 = CARTESIAN_POINT ( 'NONE',  ( 3.350000000000000089, 0.6499999999703734987, -1.299999999999997824 ) ) ;
#5661 = LINE ( 'NONE', #5790, #2994 ) ;
#5662 = PLANE ( 'NONE',  #3958 ) ;
#5663 = SURFACE_SIDE_STYLE ('',( #3668 ) ) ;
#5664 = SURFACE_STYLE_FILL_AREA ( #3087 ) ;
#5665 = CARTESIAN_POINT ( 'NONE',  ( -1.874699879903904076, 0.1500000000000004663, -0.1399999999999992917 ) ) ;
#5666 = CARTESIAN_POINT ( 'NONE',  ( 3.350000000000000089, 0.2500000000333291728, 0.8999999999015637631 ) ) ;
#5667 = ORIENTED_EDGE ( 'NONE', *, *, #7236, .T. ) ;
#5668 =( GEOMETRIC_REPRESENTATION_CONTEXT ( 3 ) GLOBAL_UNCERTAINTY_ASSIGNED_CONTEXT ( ( #6252 ) ) GLOBAL_UNIT_ASSIGNED_CONTEXT ( ( #6406, #2496, #1181 ) ) REPRESENTATION_CONTEXT ( 'NONE', 'WORKASPACE' ) );
#5669 = CARTESIAN_POINT ( 'NONE',  ( -2.719999999533333490, 1.199999999999997291, 0.7500000000000041078 ) ) ;
#5670 = ORIENTED_EDGE ( 'NONE', *, *, #7895, .F. ) ;
#5671 = MECHANICAL_DESIGN_GEOMETRIC_PRESENTATION_REPRESENTATION (  '', ( #4862 ), #8385 ) ;
#5672 = UNCERTAINTY_MEASURE_WITH_UNIT (LENGTH_MEASURE( 1.000000000000000082E-05 ), #5517, 'distance_accuracy_value', 'NONE');
#5673 = ORIENTED_EDGE ( 'NONE', *, *, #3998, .F. ) ;
#5674 = FILL_AREA_STYLE_COLOUR ( '', #4284 ) ;
#5675 = EDGE_CURVE ( 'NONE', #3055, #5396, #1026, .T. ) ;
#5676 =( GEOMETRIC_REPRESENTATION_CONTEXT ( 3 ) GLOBAL_UNCERTAINTY_ASSIGNED_CONTEXT ( ( #392 ) ) GLOBAL_UNIT_ASSIGNED_CONTEXT ( ( #2035, #8403, #6481 ) ) REPRESENTATION_CONTEXT ( 'NONE', 'WORKASPACE' ) );
#5677 = PRESENTATION_LAYER_ASSIGNMENT (  '', '', ( #3246 ) ) ;
#5678 = DIRECTION ( 'NONE',  ( -5.963111948670263540E-16, 0.000000000000000000, 1.000000000000000000 ) ) ;
#5679 = VERTEX_POINT ( 'NONE', #6929 ) ;
#5680 = CARTESIAN_POINT ( 'NONE',  ( 2.749999999980937471, 1.400000000000004352, -1.300099999999995148 ) ) ;
#5681 = VECTOR ( 'NONE', #4861, 1000.000000000000000 ) ;
#5682 = DIRECTION ( 'NONE',  ( -2.168404344208059677E-15, 1.000000000000000000, 0.000000000000000000 ) ) ;
#5683 = EDGE_CURVE ( 'NONE', #5655, #743, #3551, .T. ) ;
#5684 =( NAMED_UNIT ( * ) PLANE_ANGLE_UNIT ( ) SI_UNIT ( $, .RADIAN. ) );
#5685 = STYLED_ITEM ( 'NONE', ( #4731 ), #8350 ) ;
#5686 = LINE ( 'NONE', #1226, #6390 ) ;
#5687 = ORIENTED_EDGE ( 'NONE', *, *, #4981, .F. ) ;
#5688 = LINE ( 'NONE', #4925, #3765 ) ;
#5689 = EDGE_CURVE ( 'NONE', #2399, #4115, #2355, .T. ) ;
#5690 = DIRECTION ( 'NONE',  ( -0.000000000000000000, -1.000000000000000000, -3.491483361109382066E-15 ) ) ;
#5691 = LINE ( 'NONE', #4962, #4575 ) ;
#5692 = ORIENTED_EDGE ( 'NONE', *, *, #2637, .T. ) ;
#5693 = AXIS2_PLACEMENT_3D ( 'NONE', #3199, #1915, #3111 ) ;
#5694 = LINE ( 'NONE', #6795, #1134 ) ;
#5695 = ADVANCED_FACE ( 'NONE', ( #6890 ), #7563, .F. ) ;
#5696 = DIRECTION ( 'NONE',  ( 0.000000000000000000, 1.000000000000000000, 3.491483361109382461E-15 ) ) ;
#5697 = CARTESIAN_POINT ( 'NONE',  ( 1.430100000000000593, 0.7899999999729960809, 1.300000000000000266 ) ) ;
#5698 = UNCERTAINTY_MEASURE_WITH_UNIT (LENGTH_MEASURE( 1.000000000000000082E-05 ), #3734, 'distance_accuracy_value', 'NONE');
#5699 = DIRECTION ( 'NONE',  ( -1.000000000000000000, 0.000000000000000000, 0.000000000000000000 ) ) ;
#5700 = ORIENTED_EDGE ( 'NONE', *, *, #5317, .T. ) ;
#5701 =( GEOMETRIC_REPRESENTATION_CONTEXT ( 3 ) GLOBAL_UNCERTAINTY_ASSIGNED_CONTEXT ( ( #3886 ) ) GLOBAL_UNIT_ASSIGNED_CONTEXT ( ( #6636, #2066, #5364 ) ) REPRESENTATION_CONTEXT ( 'NONE', 'WORKASPACE' ) );
#5702 = FACE_OUTER_BOUND ( 'NONE', #6596, .T. ) ;
#5703 = VECTOR ( 'NONE', #2958, 1000.000000000000000 ) ;
#5704 = SURFACE_STYLE_USAGE ( .BOTH. , #511 ) ;
#5705 = CIRCLE ( 'NONE', #5829, 0.2500000000000001110 ) ;
#5706 = SURFACE_STYLE_FILL_AREA ( #1968 ) ;
#5707 = ADVANCED_FACE ( 'NONE', ( #478 ), #5662, .F. ) ;
#5708 = CARTESIAN_POINT ( 'NONE',  ( 0.9300000000000002709, 1.399999999999995914, 1.100000000000004752 ) ) ;
#5709 = CIRCLE ( 'NONE', #4611, 0.2000000000000000944 ) ;
#5710 =( LENGTH_UNIT ( ) NAMED_UNIT ( * ) SI_UNIT ( .MILLI., .METRE. ) );
#5711 = CARTESIAN_POINT ( 'NONE',  ( 3.400000000000002132, 3.332876897371977056E-11, -0.9000000000585937077 ) ) ;
#5712 = UNCERTAINTY_MEASURE_WITH_UNIT (LENGTH_MEASURE( 1.000000000000000082E-05 ), #760, 'distance_accuracy_value', 'NONE');
#5713 =( GEOMETRIC_REPRESENTATION_CONTEXT ( 3 ) GLOBAL_UNCERTAINTY_ASSIGNED_CONTEXT ( ( #3326 ) ) GLOBAL_UNIT_ASSIGNED_CONTEXT ( ( #6556, #2485, #1215 ) ) REPRESENTATION_CONTEXT ( 'NONE', 'WORKASPACE' ) );
#5714 = CARTESIAN_POINT ( 'NONE',  ( -1.500000000000000000, -0.3000000000127945876, 0.4000000000957081303 ) ) ;
#5715 =( NAMED_UNIT ( * ) PLANE_ANGLE_UNIT ( ) SI_UNIT ( $, .RADIAN. ) );
#5716 = CARTESIAN_POINT ( 'NONE',  ( -3.349999999992840038, 0.9000000000501232611, -0.7999999999999969358 ) ) ;
#5717 = EDGE_CURVE ( 'NONE', #397, #6233, #6381, .T. ) ;
#5718 = DIRECTION ( 'NONE',  ( 0.000000000000000000, 0.000000000000000000, 1.000000000000000000 ) ) ;
#5719 = PLANE ( 'NONE',  #2019 ) ;
#5720 = EDGE_LOOP ( 'NONE', ( #5198, #5122, #1559, #4866 ) ) ;
#5721 = VECTOR ( 'NONE', #7523, 1000.000000000000000 ) ;
#5722 = CARTESIAN_POINT ( 'NONE',  ( -3.850000000000000533, 7.724940478959219092E-15, -2.200000000000000178 ) ) ;
#5723 = DIRECTION ( 'NONE',  ( -0.000000000000000000, 3.491483361109382461E-15, -1.000000000000000000 ) ) ;
#5724 = PRESENTATION_LAYER_ASSIGNMENT (  '', '', ( #6519 ) ) ;
#5725 = ORIENTED_EDGE ( 'NONE', *, *, #4917, .F. ) ;
#5726 = ORIENTED_EDGE ( 'NONE', *, *, #3410, .F. ) ;
#5727 = ORIENTED_EDGE ( 'NONE', *, *, #7371, .F. ) ;
#5728 =( GEOMETRIC_REPRESENTATION_CONTEXT ( 3 ) GLOBAL_UNCERTAINTY_ASSIGNED_CONTEXT ( ( #7804 ) ) GLOBAL_UNIT_ASSIGNED_CONTEXT ( ( #7423, #254, #2225 ) ) REPRESENTATION_CONTEXT ( 'NONE', 'WORKASPACE' ) );
#5729 = CARTESIAN_POINT ( 'NONE',  ( -1.500000000000000000, 0.1499999999999999944, 7.244760893406611851E-16 ) ) ;
#5730 = MECHANICAL_DESIGN_GEOMETRIC_PRESENTATION_REPRESENTATION (  '', ( #966 ), #6397 ) ;
#5731 = ORIENTED_EDGE ( 'NONE', *, *, #6764, .T. ) ;
#5732 = FACE_OUTER_BOUND ( 'NONE', #6595, .T. ) ;
#5733 = STYLED_ITEM ( 'NONE', ( #6571 ), #650 ) ;
#5734 =( NAMED_UNIT ( * ) SI_UNIT ( $, .STERADIAN. ) SOLID_ANGLE_UNIT ( ) );
#5735 = CARTESIAN_POINT ( 'NONE',  ( -1.500000000000000000, -0.3000000001520663484, -9.486769009248163798E-16 ) ) ;
#5736 = VERTEX_POINT ( 'NONE', #5826 ) ;
#5737 = FACE_OUTER_BOUND ( 'NONE', #4022, .T. ) ;
#5738 = DIRECTION ( 'NONE',  ( 1.000000000000000000, 0.000000000000000000, 0.000000000000000000 ) ) ;
#5739 = COLOUR_RGB ( '',1.000000000000000000, 0.5019607843137254832, 0.000000000000000000 ) ;
#5740 = VERTEX_POINT ( 'NONE', #565 ) ;
#5741 = ADVANCED_FACE ( 'NONE', ( #3866 ), #3911, .F. ) ;
#5742 = PRESENTATION_STYLE_ASSIGNMENT (( #2040 ) ) ;
#5743 = FILL_AREA_STYLE ('',( #464 ) ) ;
#5744 = ORIENTED_EDGE ( 'NONE', *, *, #1844, .T. ) ;
#5745 = SURFACE_STYLE_FILL_AREA ( #6328 ) ;
#5746 = EDGE_CURVE ( 'NONE', #5350, #5167, #3025, .T. ) ;
#5747 =( NAMED_UNIT ( * ) SI_UNIT ( $, .STERADIAN. ) SOLID_ANGLE_UNIT ( ) );
#5748 = CARTESIAN_POINT ( 'NONE',  ( -0.9299999993416663280, 1.399999999999995692, 1.300000000012505375 ) ) ;
#5749 = VERTEX_POINT ( 'NONE', #4466 ) ;
#5750 = PRESENTATION_LAYER_ASSIGNMENT (  '', '', ( #4789 ) ) ;
#5751 = DIRECTION ( 'NONE',  ( 0.000000000000000000, 1.000000000000000000, 0.000000000000000000 ) ) ;
#5752 = AXIS2_PLACEMENT_3D ( 'NONE', #6539, #2394, #4166 ) ;
#5753 = PRESENTATION_STYLE_ASSIGNMENT (( #5787 ) ) ;
#5754 = LINE ( 'NONE', #2473, #4794 ) ;
#5755 =( NAMED_UNIT ( * ) SI_UNIT ( $, .STERADIAN. ) SOLID_ANGLE_UNIT ( ) );
#5756 = VECTOR ( 'NONE', #4156, 1000.000000000000000 ) ;
#5757 = ORIENTED_EDGE ( 'NONE', *, *, #4204, .F. ) ;
#5758 = CARTESIAN_POINT ( 'NONE',  ( 3.399999999999999911, 0.2500000000333288397, -2.200000000000000622 ) ) ;
#5759 = SURFACE_SIDE_STYLE ('',( #2479 ) ) ;
#5760 = ORIENTED_EDGE ( 'NONE', *, *, #1130, .F. ) ;
#5761 = FILL_AREA_STYLE_COLOUR ( '', #6249 ) ;
#5762 = EDGE_CURVE ( 'NONE', #6659, #2384, #1247, .T. ) ;
#5763 = ORIENTED_EDGE ( 'NONE', *, *, #1322, .F. ) ;
#5764 = EDGE_LOOP ( 'NONE', ( #1859, #4234, #1330, #6292 ) ) ;
#5765 = ORIENTED_EDGE ( 'NONE', *, *, #7592, .F. ) ;
#5766 =( NAMED_UNIT ( * ) PLANE_ANGLE_UNIT ( ) SI_UNIT ( $, .RADIAN. ) );
#5767 = PRESENTATION_STYLE_ASSIGNMENT (( #3800 ) ) ;
#5768 = ORIENTED_EDGE ( 'NONE', *, *, #5762, .T. ) ;
#5769 = DIRECTION ( 'NONE',  ( 0.000000000000000000, 3.491483361109382461E-15, -1.000000000000000000 ) ) ;
#5770 = CARTESIAN_POINT ( 'NONE',  ( 2.200000000000000178, 4.888076705553132842E-16, -0.1399999999999999023 ) ) ;
#5771 = EDGE_CURVE ( 'NONE', #3564, #2399, #3828, .T. ) ;
#5772 =( GEOMETRIC_REPRESENTATION_CONTEXT ( 3 ) GLOBAL_UNCERTAINTY_ASSIGNED_CONTEXT ( ( #1096 ) ) GLOBAL_UNIT_ASSIGNED_CONTEXT ( ( #4786, #2840, #7933 ) ) REPRESENTATION_CONTEXT ( 'NONE', 'WORKASPACE' ) );
#5773 = VERTEX_POINT ( 'NONE', #5197 ) ;
#5774 = CARTESIAN_POINT ( 'NONE',  ( -3.399999999999999911, 1.666819893914039952E-11, -2.200000000000001510 ) ) ;
#5775 = EDGE_LOOP ( 'NONE', ( #5129, #3746, #7532, #1761 ) ) ;
#5776 = COLOUR_RGB ( '',1.000000000000000000, 0.5019607843137254832, 0.000000000000000000 ) ;
#5777 = STYLED_ITEM ( 'NONE', ( #4564 ), #6186 ) ;
#5778 = CARTESIAN_POINT ( 'NONE',  ( 2.049999999240625481, 0.0001000000000045392882, -1.300100000000000255 ) ) ;
#5779 = LINE ( 'NONE', #6960, #7326 ) ;
#5780 = ORIENTED_EDGE ( 'NONE', *, *, #3259, .F. ) ;
#5781 = LINE ( 'NONE', #7090, #5528 ) ;
#5782 = STYLED_ITEM ( 'NONE', ( #481 ), #6359 ) ;
#5783 =( NAMED_UNIT ( * ) PLANE_ANGLE_UNIT ( ) SI_UNIT ( $, .RADIAN. ) );
#5784 = ADVANCED_FACE ( 'NONE', ( #4510 ), #7100, .T. ) ;
#5785 = ORIENTED_EDGE ( 'NONE', *, *, #7716, .T. ) ;
#5786 = DIRECTION ( 'NONE',  ( 0.000000000000000000, 1.000000000000000000, 3.491483361109382066E-15 ) ) ;
#5787 = SURFACE_STYLE_USAGE ( .BOTH. , #7730 ) ;
#5788 = EDGE_CURVE ( 'NONE', #4405, #7595, #1416, .T. ) ;
#5789 = VECTOR ( 'NONE', #2869, 1000.000000000000000 ) ;
#5790 = CARTESIAN_POINT ( 'NONE',  ( 3.149999999868749345, 7.724940478959219092E-15, -2.200000000000000178 ) ) ;
#5791 = ORIENTED_EDGE ( 'NONE', *, *, #7792, .T. ) ;
#5792 =( NAMED_UNIT ( * ) SI_UNIT ( $, .STERADIAN. ) SOLID_ANGLE_UNIT ( ) );
#5793 = ORIENTED_EDGE ( 'NONE', *, *, #559, .T. ) ;
#5794 = CARTESIAN_POINT ( 'NONE',  ( 1.400000000065625194, 0.7999999999999966027, 0.9500000000000000666 ) ) ;
#5795 = EDGE_CURVE ( 'NONE', #5221, #1182, #1456, .T. ) ;
#5796 =( NAMED_UNIT ( * ) PLANE_ANGLE_UNIT ( ) SI_UNIT ( $, .RADIAN. ) );
#5797 = ORIENTED_EDGE ( 'NONE', *, *, #7241, .F. ) ;
#5798 = LINE ( 'NONE', #21, #8146 ) ;
#5799 = PLANE ( 'NONE',  #3037 ) ;
#5800 = CARTESIAN_POINT ( 'NONE',  ( -0.9299999999999998268, 1.399999999999996136, 1.100000000000004530 ) ) ;
#5801 = EDGE_LOOP ( 'NONE', ( #634, #5079, #2590, #864 ) ) ;
#5802 = AXIS2_PLACEMENT_3D ( 'NONE', #237, #2924, #960 ) ;
#5803 = PRESENTATION_STYLE_ASSIGNMENT (( #8278 ) ) ;
#5804 = EDGE_CURVE ( 'NONE', #5218, #4569, #1120, .T. ) ;
#5805 = FILL_AREA_STYLE_COLOUR ( '', #945 ) ;
#5806 = PLANE ( 'NONE',  #8301 ) ;
#5807 = COLOUR_RGB ( '',1.000000000000000000, 0.000000000000000000, 1.000000000000000000 ) ;
#5808 = AXIS2_PLACEMENT_3D ( 'NONE', #2686, #5957, #5273 ) ;
#5809 = VERTEX_POINT ( 'NONE', #7814 ) ;
#5810 = CARTESIAN_POINT ( 'NONE',  ( 2.049999999999999822, 0.1500000000000076827, -2.199999999999999734 ) ) ;
#5811 = FILL_AREA_STYLE ('',( #5131 ) ) ;
#5812 = ORIENTED_EDGE ( 'NONE', *, *, #640, .T. ) ;
#5813 = PRESENTATION_LAYER_ASSIGNMENT (  '', '', ( #658 ) ) ;
#5814 =( NAMED_UNIT ( * ) PLANE_ANGLE_UNIT ( ) SI_UNIT ( $, .RADIAN. ) );
#5815 = FACE_OUTER_BOUND ( 'NONE', #433, .T. ) ;
#5816 = STYLED_ITEM ( 'NONE', ( #6975 ), #5644 ) ;
#5817 = FACE_OUTER_BOUND ( 'NONE', #5427, .T. ) ;
#5818 = VERTEX_POINT ( 'NONE', #5956 ) ;
#5819 = VECTOR ( 'NONE', #5260, 1000.000000000000000 ) ;
#5820 = SURFACE_SIDE_STYLE ('',( #6373 ) ) ;
#5821 = ORIENTED_EDGE ( 'NONE', *, *, #1057, .F. ) ;
#5822 =( GEOMETRIC_REPRESENTATION_CONTEXT ( 3 ) GLOBAL_UNCERTAINTY_ASSIGNED_CONTEXT ( ( #7561 ) ) GLOBAL_UNIT_ASSIGNED_CONTEXT ( ( #7221, #1448, #1038 ) ) REPRESENTATION_CONTEXT ( 'NONE', 'WORKASPACE' ) );
#5823 = CARTESIAN_POINT ( 'NONE',  ( 3.149999999999999911, 0.7000000000156277880, -0.7499999999999950040 ) ) ;
#5824 = FILL_AREA_STYLE_COLOUR ( '', #2292 ) ;
#5825 = LINE ( 'NONE', #1841, #3271 ) ;
#5826 = CARTESIAN_POINT ( 'NONE',  ( 1.400000000001015987, 0.1000000000468686256, 1.609999999906250645 ) ) ;
#5827 = DIRECTION ( 'NONE',  ( -0.7071067810362893225, 3.066586834095050894E-15, -0.7071067813368057120 ) ) ;
#5828 = PRESENTATION_STYLE_ASSIGNMENT (( #1296 ) ) ;
#5829 = AXIS2_PLACEMENT_3D ( 'NONE', #6020, #6097, #7205 ) ;
#5830 =( NAMED_UNIT ( * ) SI_UNIT ( $, .STERADIAN. ) SOLID_ANGLE_UNIT ( ) );
#5831 = VECTOR ( 'NONE', #1886, 1000.000000000000000 ) ;
#5832 = ORIENTED_EDGE ( 'NONE', *, *, #1451, .F. ) ;
#5833 = EDGE_CURVE ( 'NONE', #7932, #1076, #3460, .T. ) ;
#5834 = LINE ( 'NONE', #616, #673 ) ;
#5835 = ORIENTED_EDGE ( 'NONE', *, *, #664, .T. ) ;
#5836 = VECTOR ( 'NONE', #6161, 1000.000000000000000 ) ;
#5837 = UNCERTAINTY_MEASURE_WITH_UNIT (LENGTH_MEASURE( 1.000000000000000082E-05 ), #4675, 'distance_accuracy_value', 'NONE');
#5838 = CARTESIAN_POINT ( 'NONE',  ( 2.015766735865546888, 1.200000000000003730, -1.118366903321280637 ) ) ;
#5839 = CARTESIAN_POINT ( 'NONE',  ( 1.874699879903904076, 0.1500000000000004663, -0.1399999999999994027 ) ) ;
#5840 = EDGE_CURVE ( 'NONE', #5990, #3515, #4591, .T. ) ;
#5841 =( NAMED_UNIT ( * ) PLANE_ANGLE_UNIT ( ) SI_UNIT ( $, .RADIAN. ) );
#5842 = ORIENTED_EDGE ( 'NONE', *, *, #1112, .T. ) ;
#5843 = PRESENTATION_LAYER_ASSIGNMENT (  '', '', ( #3548 ) ) ;
#5844 = ORIENTED_EDGE ( 'NONE', *, *, #3275, .F. ) ;
#5845 = PRESENTATION_LAYER_ASSIGNMENT (  '', '', ( #1089 ) ) ;
#5846 = DIRECTION ( 'NONE',  ( 0.000000000000000000, -1.000000000000000000, -3.491483361109382461E-15 ) ) ;
#5847 =( NAMED_UNIT ( * ) SI_UNIT ( $, .STERADIAN. ) SOLID_ANGLE_UNIT ( ) );
#5848 = COLOUR_RGB ( '',0.000000000000000000, 0.000000000000000000, 1.000000000000000000 ) ;
#5849 = VERTEX_POINT ( 'NONE', #6001 ) ;
#5850 = CARTESIAN_POINT ( 'NONE',  ( 3.399999999999999911, 0.2500000000333288397, -2.200000000000000622 ) ) ;
#5851 = FACE_OUTER_BOUND ( 'NONE', #126, .T. ) ;
#5852 = ORIENTED_EDGE ( 'NONE', *, *, #6716, .F. ) ;
#5853 = VECTOR ( 'NONE', #2462, 1000.000000000000000 ) ;
#5854 = DIRECTION ( 'NONE',  ( 0.000000000000000000, -1.000000000000000000, -3.491483361109382461E-15 ) ) ;
#5855 = VECTOR ( 'NONE', #5751, 1000.000000000000000 ) ;
#5856 = DIRECTION ( 'NONE',  ( -0.000000000000000000, -1.000000000000000000, 0.000000000000000000 ) ) ;
#5857 = UNCERTAINTY_MEASURE_WITH_UNIT (LENGTH_MEASURE( 1.000000000000000082E-05 ), #887, 'distance_accuracy_value', 'NONE');
#5858 = EDGE_CURVE ( 'NONE', #6141, #3054, #4672, .T. ) ;
#5859 = CARTESIAN_POINT ( 'NONE',  ( 1.430100000000000593, 0.000000000000000000, 0.000000000000000000 ) ) ;
#5860 =( GEOMETRIC_REPRESENTATION_CONTEXT ( 3 ) GLOBAL_UNCERTAINTY_ASSIGNED_CONTEXT ( ( #1442 ) ) GLOBAL_UNIT_ASSIGNED_CONTEXT ( ( #7681, #4776, #4820 ) ) REPRESENTATION_CONTEXT ( 'NONE', 'WORKASPACE' ) );
#5861 = CARTESIAN_POINT ( 'NONE',  ( 3.149999999971537346, 1.300000000064865713, -0.8000000000036094905 ) ) ;
#5862 = PRESENTATION_LAYER_ASSIGNMENT (  '', '', ( #3435 ) ) ;
#5863 = ORIENTED_EDGE ( 'NONE', *, *, #8143, .F. ) ;
#5864 = PRESENTATION_STYLE_ASSIGNMENT (( #3412 ) ) ;
#5865 = LINE ( 'NONE', #7134, #4719 ) ;
#5866 = STYLED_ITEM ( 'NONE', ( #1772 ), #1005 ) ;
#5867 =( NAMED_UNIT ( * ) PLANE_ANGLE_UNIT ( ) SI_UNIT ( $, .RADIAN. ) );
#5868 = FACE_OUTER_BOUND ( 'NONE', #3158, .T. ) ;
#5869 = EDGE_CURVE ( 'NONE', #4732, #2287, #4715, .T. ) ;
#5870 = PLANE ( 'NONE',  #3496 ) ;
#5871 = SURFACE_STYLE_USAGE ( .BOTH. , #685 ) ;
#5872 = VERTEX_POINT ( 'NONE', #2185 ) ;
#5873 = PLANE ( 'NONE',  #2424 ) ;
#5874 = VECTOR ( 'NONE', #5543, 1000.000000000000000 ) ;
#5875 =( NAMED_UNIT ( * ) PLANE_ANGLE_UNIT ( ) SI_UNIT ( $, .RADIAN. ) );
#5876 = VECTOR ( 'NONE', #6034, 1000.000000000000000 ) ;
#5877 = CARTESIAN_POINT ( 'NONE',  ( -3.149999999999999467, 0.2500000000333288397, 1.299900000000000055 ) ) ;
#5878 = ORIENTED_EDGE ( 'NONE', *, *, #3710, .T. ) ;
#5879 = LINE ( 'NONE', #2146, #5473 ) ;
#5880 = PRESENTATION_LAYER_ASSIGNMENT (  '', '', ( #1127 ) ) ;
#5881 = VECTOR ( 'NONE', #3827, 1000.000000000000000 ) ;
#5882 =( LENGTH_UNIT ( ) NAMED_UNIT ( * ) SI_UNIT ( .MILLI., .METRE. ) );
#5883 = ORIENTED_EDGE ( 'NONE', *, *, #6693, .F. ) ;
#5884 = PLANE ( 'NONE',  #7324 ) ;
#5885 =( NAMED_UNIT ( * ) PLANE_ANGLE_UNIT ( ) SI_UNIT ( $, .RADIAN. ) );
#5886 = VERTEX_POINT ( 'NONE', #7953 ) ;
#5887 = PRESENTATION_LAYER_ASSIGNMENT (  '', '', ( #4655 ) ) ;
#5888 = EDGE_CURVE ( 'NONE', #5736, #4228, #218, .T. ) ;
#5889 = VERTEX_POINT ( 'NONE', #2139 ) ;
#5890 = DIRECTION ( 'NONE',  ( 0.000000000000000000, 3.491483361109382066E-15, -1.000000000000000000 ) ) ;
#5891 = DIRECTION ( 'NONE',  ( 0.000000000000000000, 1.000000000000000000, 3.491483361109382066E-15 ) ) ;
#5892 = EDGE_CURVE ( 'NONE', #5511, #2410, #7307, .T. ) ;
#5893 = ORIENTED_EDGE ( 'NONE', *, *, #8381, .T. ) ;
#5894 = FACE_OUTER_BOUND ( 'NONE', #236, .T. ) ;
#5895 = CARTESIAN_POINT ( 'NONE',  ( 1.500000000000000000, -0.3000000000128162925, -8.673617380331509918E-16 ) ) ;
#5896 = SURFACE_SIDE_STYLE ('',( #7289 ) ) ;
#5897 = VERTEX_POINT ( 'NONE', #2815 ) ;
#5898 = CARTESIAN_POINT ( 'NONE',  ( -3.850000000000000533, 3.171291354520100469E-15, -0.9000000000000002442 ) ) ;
#5899 = CARTESIAN_POINT ( 'NONE',  ( -1.196026316928586519, 0.1500000000000008826, -0.2599999999999990652 ) ) ;
#5900 = EDGE_CURVE ( 'NONE', #7340, #5818, #5397, .T. ) ;
#5901 = FILL_AREA_STYLE_COLOUR ( '', #5031 ) ;
#5902 = ORIENTED_EDGE ( 'NONE', *, *, #2190, .T. ) ;
#5903 = SURFACE_SIDE_STYLE ('',( #1405 ) ) ;
#5904 = CARTESIAN_POINT ( 'NONE',  ( -2.749999999952186691, 1.199999999989840749, 0.9000000000440673276 ) ) ;
#5905 = ORIENTED_EDGE ( 'NONE', *, *, #3384, .T. ) ;
#5906 = MECHANICAL_DESIGN_GEOMETRIC_PRESENTATION_REPRESENTATION (  '', ( #4824 ), #6989 ) ;
#5907 = EDGE_CURVE ( 'NONE', #5516, #7198, #3954, .T. ) ;
#5908 = DIRECTION ( 'NONE',  ( 0.000000000000000000, -3.523657060577888622E-15, 1.000000000000000000 ) ) ;
#5909 = SURFACE_SIDE_STYLE ('',( #4546 ) ) ;
#5910 = DIRECTION ( 'NONE',  ( 0.000000000000000000, 3.491483361109382461E-15, -1.000000000000000000 ) ) ;
#5911 = MECHANICAL_DESIGN_GEOMETRIC_PRESENTATION_REPRESENTATION (  '', ( #3353 ), #745 ) ;
#5912 = LINE ( 'NONE', #5356, #1453 ) ;
#5913 = CARTESIAN_POINT ( 'NONE',  ( -3.150000000000000355, 0.7000000000468794559, -1.299999999999995159 ) ) ;
#5914 =( NAMED_UNIT ( * ) SI_UNIT ( $, .STERADIAN. ) SOLID_ANGLE_UNIT ( ) );
#5915 = VERTEX_POINT ( 'NONE', #3498 ) ;
#5916 = ADVANCED_FACE ( 'NONE', ( #2100 ), #4632, .T. ) ;
#5917 = COLOUR_RGB ( '',1.000000000000000000, 0.5019607843137254832, 0.000000000000000000 ) ;
#5918 = CARTESIAN_POINT ( 'NONE',  ( 3.149999999999999911, 1.400000000000002576, -0.7499999999999976685 ) ) ;
#5919 = DIRECTION ( 'NONE',  ( 0.000000000000000000, 0.000000000000000000, 1.000000000000000000 ) ) ;
#5920 = DIRECTION ( 'NONE',  ( 0.000000000000000000, 0.000000000000000000, -1.000000000000000000 ) ) ;
#5921 = MECHANICAL_DESIGN_GEOMETRIC_PRESENTATION_REPRESENTATION (  '', ( #2523 ), #3225 ) ;
#5922 = CARTESIAN_POINT ( 'NONE',  ( -3.400000000000000355, 0.2000000000333287675, -2.200000000000000622 ) ) ;
#5923 = LINE ( 'NONE', #4011, #7904 ) ;
#5924 = ORIENTED_EDGE ( 'NONE', *, *, #8023, .F. ) ;
#5925 = ORIENTED_EDGE ( 'NONE', *, *, #1124, .F. ) ;
#5926 =( NAMED_UNIT ( * ) SI_UNIT ( $, .STERADIAN. ) SOLID_ANGLE_UNIT ( ) );
#5927 = CIRCLE ( 'NONE', #3092, 0.2000000000000000944 ) ;
#5928 = UNCERTAINTY_MEASURE_WITH_UNIT (LENGTH_MEASURE( 1.000000000000000082E-05 ), #1813, 'distance_accuracy_value', 'NONE');
#5929 = VERTEX_POINT ( 'NONE', #339 ) ;
#5930 = ADVANCED_FACE ( 'NONE', ( #6843 ), #4935, .F. ) ;
#5931 = VERTEX_POINT ( 'NONE', #4850 ) ;
#5932 = SURFACE_SIDE_STYLE ('',( #4533 ) ) ;
#5933 = DIRECTION ( 'NONE',  ( 0.000000000000000000, -1.000000000000000000, -3.491483361109382461E-15 ) ) ;
#5934 = VECTOR ( 'NONE', #7339, 1000.000000000000000 ) ;
#5935 = LINE ( 'NONE', #3402, #5278 ) ;
#5936 = ORIENTED_EDGE ( 'NONE', *, *, #1431, .F. ) ;
#5937 = ADVANCED_FACE ( 'NONE', ( #7553 ), #2266, .F. ) ;
#5938 = AXIS2_PLACEMENT_3D ( 'NONE', #7038, #6952, #2378 ) ;
#5939 =( LENGTH_UNIT ( ) NAMED_UNIT ( * ) SI_UNIT ( .MILLI., .METRE. ) );
#5940 = VECTOR ( 'NONE', #3198, 1000.000000000000000 ) ;
#5941 = UNCERTAINTY_MEASURE_WITH_UNIT (LENGTH_MEASURE( 1.000000000000000082E-05 ), #6265, 'distance_accuracy_value', 'NONE');
#5942 = EDGE_CURVE ( 'NONE', #2484, #4511, #5086, .T. ) ;
#5943 = LINE ( 'NONE', #2721, #5 ) ;
#5944 = VECTOR ( 'NONE', #7094, 1000.000000000000000 ) ;
#5945 = DIRECTION ( 'NONE',  ( 0.000000000000000000, -3.523657060577887833E-15, 1.000000000000000000 ) ) ;
#5946 = DIRECTION ( 'NONE',  ( -5.859570641335241698E-12, -1.000000000000000000, 0.000000000000000000 ) ) ;
#5947 = ORIENTED_EDGE ( 'NONE', *, *, #697, .T. ) ;
#5948 = EDGE_CURVE ( 'NONE', #5605, #981, #2230, .T. ) ;
#5949 = COLOUR_RGB ( '',1.000000000000000000, 0.5019607843137254832, 0.000000000000000000 ) ;
#5950 = CARTESIAN_POINT ( 'NONE',  ( 2.049999999549999785, 0.1499999999937562667, -1.300099999999999811 ) ) ;
#5951 = DIRECTION ( 'NONE',  ( -1.000000000000000000, -0.000000000000000000, -0.000000000000000000 ) ) ;
#5952 = DIRECTION ( 'NONE',  ( -0.000000000000000000, -3.491483361109382461E-15, 1.000000000000000000 ) ) ;
#5953 = PRESENTATION_LAYER_ASSIGNMENT (  '', '', ( #5816 ) ) ;
#5954 = MECHANICAL_DESIGN_GEOMETRIC_PRESENTATION_REPRESENTATION (  '', ( #6083 ), #6360 ) ;
#5955 = CARTESIAN_POINT ( 'NONE',  ( 3.850000000000000089, 0.2000000000000046740, -1.299999999999999822 ) ) ;
#5956 = CARTESIAN_POINT ( 'NONE',  ( 1.430000000000000382, 1.199999999995837285, -1.099999999916662086 ) ) ;
#5957 = DIRECTION ( 'NONE',  ( 0.000000000000000000, 3.491483361109382855E-15, -1.000000000000000000 ) ) ;
#5958 = MECHANICAL_DESIGN_GEOMETRIC_PRESENTATION_REPRESENTATION (  '', ( #390 ), #5010 ) ;
#5959 = EDGE_CURVE ( 'NONE', #6896, #5433, #3935, .T. ) ;
#5960 = LINE ( 'NONE', #4720, #6805 ) ;
#5961 = VERTEX_POINT ( 'NONE', #1989 ) ;
#5962 =( NAMED_UNIT ( * ) PLANE_ANGLE_UNIT ( ) SI_UNIT ( $, .RADIAN. ) );
#5963 = COLOUR_RGB ( '',1.000000000000000000, 0.5019607843137254832, 0.000000000000000000 ) ;
#5964 = LINE ( 'NONE', #7871, #588 ) ;
#5965 = PRESENTATION_LAYER_ASSIGNMENT (  '', '', ( #1904 ) ) ;
#5966 = CYLINDRICAL_SURFACE ( 'NONE', #5148, 0.2500000000000002220 ) ;
#5967 = DIRECTION ( 'NONE',  ( -1.000000000000000000, 0.000000000000000000, 0.000000000000000000 ) ) ;
#5968 = LINE ( 'NONE', #768, #5789 ) ;
#5969 = ADVANCED_FACE ( 'NONE', ( #2623 ), #6525, .F. ) ;
#5970 = CARTESIAN_POINT ( 'NONE',  ( -3.350000000000000089, 0.7000000000000027311, -0.7999999999999974909 ) ) ;
#5971 = VECTOR ( 'NONE', #7601, 1000.000000000000000 ) ;
#5972 = PRESENTATION_STYLE_ASSIGNMENT (( #7876 ) ) ;
#5973 = VERTEX_POINT ( 'NONE', #7888 ) ;
#5974 = VERTEX_POINT ( 'NONE', #3359 ) ;
#5975 = PRESENTATION_STYLE_ASSIGNMENT (( #161 ) ) ;
#5976 = CIRCLE ( 'NONE', #4340, 0.2500000000000001110 ) ;
#5977 =( GEOMETRIC_REPRESENTATION_CONTEXT ( 3 ) GLOBAL_UNCERTAINTY_ASSIGNED_CONTEXT ( ( #6522 ) ) GLOBAL_UNIT_ASSIGNED_CONTEXT ( ( #3418, #1369, #2184 ) ) REPRESENTATION_CONTEXT ( 'NONE', 'WORKASPACE' ) );
#5978 = PLANE ( 'NONE',  #7723 ) ;
#5979 = ORIENTED_EDGE ( 'NONE', *, *, #793, .T. ) ;
#5980 = ORIENTED_EDGE ( 'NONE', *, *, #2732, .F. ) ;
#5981 = LINE ( 'NONE', #2207, #68 ) ;
#5982 =( NAMED_UNIT ( * ) SI_UNIT ( $, .STERADIAN. ) SOLID_ANGLE_UNIT ( ) );
#5983 = FACE_OUTER_BOUND ( 'NONE', #1447, .T. ) ;
#5984 = VECTOR ( 'NONE', #8112, 1000.000000000000000 ) ;
#5985 = ORIENTED_EDGE ( 'NONE', *, *, #1998, .F. ) ;
#5986 = LINE ( 'NONE', #171, #5474 ) ;
#5987 = STYLED_ITEM ( 'NONE', ( #2824 ), #143 ) ;
#5988 =( LENGTH_UNIT ( ) NAMED_UNIT ( * ) SI_UNIT ( .MILLI., .METRE. ) );
#5989 = VECTOR ( 'NONE', #7540, 1000.000000000000000 ) ;
#5990 = VERTEX_POINT ( 'NONE', #7795 ) ;
#5991 =( LENGTH_UNIT ( ) NAMED_UNIT ( * ) SI_UNIT ( .MILLI., .METRE. ) );
#5992 = CARTESIAN_POINT ( 'NONE',  ( -1.430000000000000604, 1.399999999999995470, 1.300000000000005151 ) ) ;
#5993 = PRESENTATION_LAYER_ASSIGNMENT (  '', '', ( #8299 ) ) ;
#5994 = ORIENTED_EDGE ( 'NONE', *, *, #446, .F. ) ;
#5995 = DIRECTION ( 'NONE',  ( 0.000000000000000000, -1.000000000000000000, -3.491483361109382461E-15 ) ) ;
#5996 = CARTESIAN_POINT ( 'NONE',  ( -1.196026316928586519, 9.077856738884378858E-16, -0.2599999999999996203 ) ) ;
#5997 = PLANE ( 'NONE',  #49 ) ;
#5998 = DIRECTION ( 'NONE',  ( -0.7071067811865430208, -2.468851561040459008E-15, 0.7071067811865521247 ) ) ;
#5999 = CARTESIAN_POINT ( 'NONE',  ( -2.849999999981250198, 1.399999999999997691, 0.8000000000062551520 ) ) ;
#6000 = EDGE_CURVE ( 'NONE', #4551, #5117, #4570, .T. ) ;
#6001 = CARTESIAN_POINT ( 'NONE',  ( 3.350000000000000533, 0.8999999999999960254, 0.8000000000078163476 ) ) ;
#6002 =( GEOMETRIC_REPRESENTATION_CONTEXT ( 3 ) GLOBAL_UNCERTAINTY_ASSIGNED_CONTEXT ( ( #6777 ) ) GLOBAL_UNIT_ASSIGNED_CONTEXT ( ( #7013, #689, #2646 ) ) REPRESENTATION_CONTEXT ( 'NONE', 'WORKASPACE' ) );
#6003 =( NAMED_UNIT ( * ) SI_UNIT ( $, .STERADIAN. ) SOLID_ANGLE_UNIT ( ) );
#6004 =( LENGTH_UNIT ( ) NAMED_UNIT ( * ) SI_UNIT ( .MILLI., .METRE. ) );
#6005 = VERTEX_POINT ( 'NONE', #3978 ) ;
#6006 = DIRECTION ( 'NONE',  ( -0.000000000000000000, -3.491483361109382461E-15, 1.000000000000000000 ) ) ;
#6007 = SURFACE_STYLE_USAGE ( .BOTH. , #5281 ) ;
#6008 = CARTESIAN_POINT ( 'NONE',  ( -1.500000000000000000, 0.1499999999999999944, 7.244760893406611851E-16 ) ) ;
#6009 = CARTESIAN_POINT ( 'NONE',  ( 0.9499999999093753367, 0.1499999999843796561, -1.300099999999999811 ) ) ;
#6010 = UNCERTAINTY_MEASURE_WITH_UNIT (LENGTH_MEASURE( 1.000000000000000082E-05 ), #554, 'distance_accuracy_value', 'NONE');
#6011 = CARTESIAN_POINT ( 'NONE',  ( -0.9299999999999998268, 1.400000000000004574, -1.299999999999995159 ) ) ;
#6012 = CARTESIAN_POINT ( 'NONE',  ( 0.7999999999999999334, -2.653527354443130891E-15, 0.7600000000000000089 ) ) ;
#6013 = LINE ( 'NONE', #4142, #3122 ) ;
#6014 = VERTEX_POINT ( 'NONE', #706 ) ;
#6015 = ORIENTED_EDGE ( 'NONE', *, *, #3631, .F. ) ;
#6016 = FILL_AREA_STYLE ('',( #7323 ) ) ;
#6017 = PRESENTATION_LAYER_ASSIGNMENT (  '', '', ( #3837 ) ) ;
#6018 = EDGE_CURVE ( 'NONE', #8405, #3077, #7939, .T. ) ;
#6019 = FILL_AREA_STYLE ('',( #6727 ) ) ;
#6020 = CARTESIAN_POINT ( 'NONE',  ( -3.399999999999999911, 0.2500000000333288397, -0.8999999999999993561 ) ) ;
#6021 = ORIENTED_EDGE ( 'NONE', *, *, #6628, .T. ) ;
#6022 = SURFACE_STYLE_USAGE ( .BOTH. , #3401 ) ;
#6023 = CARTESIAN_POINT ( 'NONE',  ( -3.400000000000000355, 0.2000000000333287398, 1.299900000000000055 ) ) ;
#6024 = STYLED_ITEM ( 'NONE', ( #548 ), #1803 ) ;
#6025 = FILL_AREA_STYLE_COLOUR ( '', #7980 ) ;
#6026 = VERTEX_POINT ( 'NONE', #4653 ) ;
#6027 =( NAMED_UNIT ( * ) PLANE_ANGLE_UNIT ( ) SI_UNIT ( $, .RADIAN. ) );
#6028 = MECHANICAL_DESIGN_GEOMETRIC_PRESENTATION_REPRESENTATION (  '', ( #8197 ), #7106 ) ;
#6029 = LINE ( 'NONE', #7253, #4755 ) ;
#6030 = ORIENTED_EDGE ( 'NONE', *, *, #1844, .F. ) ;
#6031 = FILL_AREA_STYLE ('',( #3450 ) ) ;
#6032 =( NAMED_UNIT ( * ) SI_UNIT ( $, .STERADIAN. ) SOLID_ANGLE_UNIT ( ) );
#6033 = ORIENTED_EDGE ( 'NONE', *, *, #5525, .T. ) ;
#6034 = DIRECTION ( 'NONE',  ( 1.000000000000000000, 0.000000000000000000, 0.000000000000000000 ) ) ;
#6035 = CARTESIAN_POINT ( 'NONE',  ( -3.850000000000000533, 0.2000000000666620481, 1.299900000000000055 ) ) ;
#6036 = SURFACE_STYLE_USAGE ( .BOTH. , #6577 ) ;
#6037 = FACE_OUTER_BOUND ( 'NONE', #2458, .T. ) ;
#6038 = CARTESIAN_POINT ( 'NONE',  ( 1.400000000047344484, 1.199999999999991074, 2.599999999934376138 ) ) ;
#6039 = CARTESIAN_POINT ( 'NONE',  ( -1.430000000000000604, 1.199999999999995959, 1.100000000000004086 ) ) ;
#6040 = SURFACE_STYLE_FILL_AREA ( #5489 ) ;
#6041 = EDGE_CURVE ( 'NONE', #6617, #530, #4492, .T. ) ;
#6042 = LINE ( 'NONE', #7311, #4765 ) ;
#6043 = ORIENTED_EDGE ( 'NONE', *, *, #5317, .F. ) ;
#6044 = CARTESIAN_POINT ( 'NONE',  ( 3.149999999999999911, 1.199999999940622120, 1.300000000000005151 ) ) ;
#6045 = ADVANCED_FACE ( 'NONE', ( #5894 ), #5178, .F. ) ;
#6046 = LINE ( 'NONE', #8007, #4382 ) ;
#6047 = AXIS2_PLACEMENT_3D ( 'NONE', #1384, #5210, #5075 ) ;
#6048 =( NAMED_UNIT ( * ) PLANE_ANGLE_UNIT ( ) SI_UNIT ( $, .RADIAN. ) );
#6049 = CARTESIAN_POINT ( 'NONE',  ( -1.430100000000000815, 1.199999999972995557, 1.300000000000000266 ) ) ;
#6050 = DIRECTION ( 'NONE',  ( 1.000000000000000000, 0.000000000000000000, 0.000000000000000000 ) ) ;
#6051 = DIRECTION ( 'NONE',  ( 0.000000000000000000, 0.000000000000000000, -1.000000000000000000 ) ) ;
#6052 = CARTESIAN_POINT ( 'NONE',  ( -1.649999999999999911, 0.1499999999999973299, 0.7600000000000001199 ) ) ;
#6053 = CARTESIAN_POINT ( 'NONE',  ( 1.430000000111705916, 1.399999999999995470, 1.299999999965367969 ) ) ;
#6054 = FILL_AREA_STYLE ('',( #947 ) ) ;
#6055 = FACE_OUTER_BOUND ( 'NONE', #6731, .T. ) ;
#6056 = STYLED_ITEM ( 'NONE', ( #5828 ), #6376 ) ;
#6057 = VERTEX_POINT ( 'NONE', #4874 ) ;
#6058 = DIRECTION ( 'NONE',  ( -1.000000000000000000, 0.000000000000000000, 0.000000000000000000 ) ) ;
#6059 = ADVANCED_FACE ( 'NONE', ( #4201 ), #5424, .F. ) ;
#6060 = CARTESIAN_POINT ( 'NONE',  ( -3.050000000000000266, 1.100000000000002531, -0.7499999993999960646 ) ) ;
#6061 = AXIS2_PLACEMENT_3D ( 'NONE', #469, #1583, #3076 ) ;
#6062 = EDGE_LOOP ( 'NONE', ( #2379, #2989, #6341, #4768 ) ) ;
#6063 = EDGE_LOOP ( 'NONE', ( #4638, #566, #6511, #4251 ) ) ;
#6064 = PRESENTATION_STYLE_ASSIGNMENT (( #4107 ) ) ;
#6065 = LINE ( 'NONE', #5379, #3509 ) ;
#6066 = ORIENTED_EDGE ( 'NONE', *, *, #6605, .T. ) ;
#6067 = EDGE_CURVE ( 'NONE', #1168, #4960, #2253, .T. ) ;
#6068 = FILL_AREA_STYLE ('',( #5472 ) ) ;
#6069 = DIRECTION ( 'NONE',  ( 1.000000000000000000, -0.000000000000000000, -0.000000000000000000 ) ) ;
#6070 = ORIENTED_EDGE ( 'NONE', *, *, #8038, .T. ) ;
#6071 = EDGE_CURVE ( 'NONE', #3307, #3731, #5981, .T. ) ;
#6072 = VERTEX_POINT ( 'NONE', #2249 ) ;
#6073 = CARTESIAN_POINT ( 'NONE',  ( 3.850000000000000089, 0.1999999999999970690, 0.9000000000000010214 ) ) ;
#6074 = CARTESIAN_POINT ( 'NONE',  ( -3.149999999912500570, 1.399999999999997691, 0.8000000000000051514 ) ) ;
#6075 = LINE ( 'NONE', #933, #2277 ) ;
#6076 = CARTESIAN_POINT ( 'NONE',  ( -3.350000000000000089, 0.2000000000000046740, -1.299999999999999822 ) ) ;
#6077 =( GEOMETRIC_REPRESENTATION_CONTEXT ( 3 ) GLOBAL_UNCERTAINTY_ASSIGNED_CONTEXT ( ( #5837 ) ) GLOBAL_UNIT_ASSIGNED_CONTEXT ( ( #4675, #5400, #4040 ) ) REPRESENTATION_CONTEXT ( 'NONE', 'WORKASPACE' ) );
#6078 = LINE ( 'NONE', #3542, #6478 ) ;
#6079 = FACE_OUTER_BOUND ( 'NONE', #2892, .T. ) ;
#6080 = VECTOR ( 'NONE', #6538, 1000.000000000000000 ) ;
#6081 = ORIENTED_EDGE ( 'NONE', *, *, #7587, .F. ) ;
#6082 = DIRECTION ( 'NONE',  ( 0.000000000000000000, 3.491483361109382461E-15, -1.000000000000000000 ) ) ;
#6083 = STYLED_ITEM ( 'NONE', ( #6415 ), #7749 ) ;
#6084 = SURFACE_STYLE_FILL_AREA ( #3043 ) ;
#6085 = PRESENTATION_STYLE_ASSIGNMENT (( #7919 ) ) ;
#6086 = DIRECTION ( 'NONE',  ( 0.000000000000000000, -1.000000000000000000, -3.491483361109382855E-15 ) ) ;
#6087 = CARTESIAN_POINT ( 'NONE',  ( 3.350000000000000089, 1.099999999999995204, -0.7499999999999963363 ) ) ;
#6088 =( NAMED_UNIT ( * ) PLANE_ANGLE_UNIT ( ) SI_UNIT ( $, .RADIAN. ) );
#6089 = PLANE ( 'NONE',  #2075 ) ;
#6090 = CARTESIAN_POINT ( 'NONE',  ( -3.850000000000000533, 0.2000000000477367701, -1.299999999999999822 ) ) ;
#6091 = CIRCLE ( 'NONE', #3525, 0.2000000000634827302 ) ;
#6092 = ORIENTED_EDGE ( 'NONE', *, *, #4703, .F. ) ;
#6093 = VECTOR ( 'NONE', #4583, 1000.000000000000000 ) ;
#6094 = ADVANCED_FACE ( 'NONE', ( #2122 ), #8018, .F. ) ;
#6095 = CARTESIAN_POINT ( 'NONE',  ( -3.349999999971360776, 0.9000000000572833114, -1.249999999999996003 ) ) ;
#6096 = VECTOR ( 'NONE', #799, 1000.000000000000000 ) ;
#6097 = DIRECTION ( 'NONE',  ( -0.000000000000000000, -3.491483361109382461E-15, 1.000000000000000000 ) ) ;
#6098 = UNCERTAINTY_MEASURE_WITH_UNIT (LENGTH_MEASURE( 1.000000000000000082E-05 ), #8379, 'distance_accuracy_value', 'NONE');
#6099 = PRESENTATION_LAYER_ASSIGNMENT (  '', '', ( #2717 ) ) ;
#6100 = ADVANCED_FACE ( 'NONE', ( #4152 ), #909, .F. ) ;
#6101 = ORIENTED_EDGE ( 'NONE', *, *, #7264, .F. ) ;
#6102 =( GEOMETRIC_REPRESENTATION_CONTEXT ( 3 ) GLOBAL_UNCERTAINTY_ASSIGNED_CONTEXT ( ( #6300 ) ) GLOBAL_UNIT_ASSIGNED_CONTEXT ( ( #1641, #1721, #1162 ) ) REPRESENTATION_CONTEXT ( 'NONE', 'WORKASPACE' ) );
#6103 = FILL_AREA_STYLE ('',( #3519 ) ) ;
#6104 =( LENGTH_UNIT ( ) NAMED_UNIT ( * ) SI_UNIT ( .MILLI., .METRE. ) );
#6105 = FACE_OUTER_BOUND ( 'NONE', #1640, .T. ) ;
#6106 = VECTOR ( 'NONE', #2326, 1000.000000000000000 ) ;
#6107 = VERTEX_POINT ( 'NONE', #6348 ) ;
#6108 = VECTOR ( 'NONE', #3251, 1000.000000000000000 ) ;
#6109 = PLANE ( 'NONE',  #6963 ) ;
#6110 = FILL_AREA_STYLE ('',( #244 ) ) ;
#6111 = EDGE_LOOP ( 'NONE', ( #964, #5700, #3806, #3790, #1809, #7554, #6741, #5725 ) ) ;
#6112 = LINE ( 'NONE', #6789, #8105 ) ;
#6113 = VECTOR ( 'NONE', #975, 1000.000000000000000 ) ;
#6114 = PRESENTATION_STYLE_ASSIGNMENT (( #3489 ) ) ;
#6115 = ORIENTED_EDGE ( 'NONE', *, *, #2675, .F. ) ;
#6116 = COLOUR_RGB ( '',0.000000000000000000, 0.000000000000000000, 1.000000000000000000 ) ;
#6117 = SURFACE_STYLE_USAGE ( .BOTH. , #2771 ) ;
#6118 = DIRECTION ( 'NONE',  ( -0.7071067811865514585, 0.000000000000000000, 0.7071067811865435759 ) ) ;
#6119 = EDGE_CURVE ( 'NONE', #4740, #7966, #6263, .T. ) ;
#6120 = FACE_OUTER_BOUND ( 'NONE', #2105, .T. ) ;
#6121 = CIRCLE ( 'NONE', #2589, 0.05000000000000005135 ) ;
#6122 = DIRECTION ( 'NONE',  ( -0.000000000000000000, 1.000000000000000000, 3.491483361109382461E-15 ) ) ;
#6123 = ORIENTED_EDGE ( 'NONE', *, *, #1694, .T. ) ;
#6124 = LINE ( 'NONE', #2267, #3511 ) ;
#6125 = CARTESIAN_POINT ( 'NONE',  ( -2.075000000000000178, 1.200000000000003730, -1.109394179999996899 ) ) ;
#6126 = VECTOR ( 'NONE', #2143, 1000.000000000000000 ) ;
#6127 = LINE ( 'NONE', #2268, #2202 ) ;
#6128 = VERTEX_POINT ( 'NONE', #7455 ) ;
#6129 = VECTOR ( 'NONE', #1702, 1000.000000000000000 ) ;
#6130 =( NAMED_UNIT ( * ) SI_UNIT ( $, .STERADIAN. ) SOLID_ANGLE_UNIT ( ) );
#6131 = EDGE_CURVE ( 'NONE', #2587, #2874, #1036, .T. ) ;
#6132 = CARTESIAN_POINT ( 'NONE',  ( 2.049999999549999785, 0.1499999999937562667, -1.300099999999999811 ) ) ;
#6133 = CARTESIAN_POINT ( 'NONE',  ( -1.649999999999999911, 0.1499999999999986899, 0.3708099243547838819 ) ) ;
#6134 = PLANE ( 'NONE',  #4230 ) ;
#6135 = CARTESIAN_POINT ( 'NONE',  ( -2.720000000000000639, 1.399999999999997469, 0.7500000000000041078 ) ) ;
#6136 = SURFACE_STYLE_FILL_AREA ( #2242 ) ;
#6137 = VERTEX_POINT ( 'NONE', #6182 ) ;
#6138 = SURFACE_STYLE_FILL_AREA ( #3473 ) ;
#6139 = VECTOR ( 'NONE', #7598, 1000.000000000000000 ) ;
#6140 = SURFACE_STYLE_FILL_AREA ( #1598 ) ;
#6141 = VERTEX_POINT ( 'NONE', #8220 ) ;
#6142 = ORIENTED_EDGE ( 'NONE', *, *, #2519, .F. ) ;
#6143 = PRESENTATION_STYLE_ASSIGNMENT (( #6022 ) ) ;
#6144 =( NAMED_UNIT ( * ) PLANE_ANGLE_UNIT ( ) SI_UNIT ( $, .RADIAN. ) );
#6145 = ADVANCED_FACE ( 'NONE', ( #3715, #3639, #3012, #4276 ), #1688, .T. ) ;
#6146 = DIRECTION ( 'NONE',  ( 0.000000000000000000, 0.000000000000000000, -1.000000000000000000 ) ) ;
#6147 = AXIS2_PLACEMENT_3D ( 'NONE', #1493, #7947, #4123 ) ;
#6148 = ORIENTED_EDGE ( 'NONE', *, *, #7622, .T. ) ;
#6149 = LINE ( 'NONE', #4835, #3332 ) ;
#6150 = EDGE_CURVE ( 'NONE', #4573, #8283, #4315, .T. ) ;
#6151 = VECTOR ( 'NONE', #4134, 1000.000000000000000 ) ;
#6152 = LINE ( 'NONE', #7462, #5036 ) ;
#6153 = ORIENTED_EDGE ( 'NONE', *, *, #4266, .T. ) ;
#6154 = LINE ( 'NONE', #2974, #1874 ) ;
#6155 = CARTESIAN_POINT ( 'NONE',  ( 2.750000000000000000, 1.400000000000004574, -1.299999999999995159 ) ) ;
#6156 = ORIENTED_EDGE ( 'NONE', *, *, #1584, .T. ) ;
#6157 =( GEOMETRIC_REPRESENTATION_CONTEXT ( 3 ) GLOBAL_UNCERTAINTY_ASSIGNED_CONTEXT ( ( #1084 ) ) GLOBAL_UNIT_ASSIGNED_CONTEXT ( ( #6356, #2572, #1907 ) ) REPRESENTATION_CONTEXT ( 'NONE', 'WORKASPACE' ) );
#6158 = PLANE ( 'NONE',  #4262 ) ;
#6159 = ADVANCED_FACE ( 'NONE', ( #999 ), #8140, .T. ) ;
#6160 = CARTESIAN_POINT ( 'NONE',  ( 3.149999999947968643, 0.6500000000000027978, -0.7499999999999976685 ) ) ;
#6161 = DIRECTION ( 'NONE',  ( 1.000000000000000000, 0.000000000000000000, 0.000000000000000000 ) ) ;
#6162 = COLOUR_RGB ( '',1.000000000000000000, 0.5019607843137254832, 0.000000000000000000 ) ;
#6163 = SURFACE_STYLE_FILL_AREA ( #6802 ) ;
#6164 = SURFACE_STYLE_USAGE ( .BOTH. , #1625 ) ;
#6165 = CARTESIAN_POINT ( 'NONE',  ( 1.874699879903904076, 0.1500000000000004663, -0.1399999999999994027 ) ) ;
#6166 = VERTEX_POINT ( 'NONE', #4520 ) ;
#6167 = DIRECTION ( 'NONE',  ( 0.000000000000000000, -2.981555974659856797E-15, 1.000000000000000000 ) ) ;
#6168 = LINE ( 'NONE', #385, #318 ) ;
#6169 = PLANE ( 'NONE',  #6944 ) ;
#6170 = AXIS2_PLACEMENT_3D ( 'NONE', #5810, #1396, #6288 ) ;
#6171 = SURFACE_SIDE_STYLE ('',( #8257 ) ) ;
#6172 = LINE ( 'NONE', #6892, #159 ) ;
#6173 =( NAMED_UNIT ( * ) SI_UNIT ( $, .STERADIAN. ) SOLID_ANGLE_UNIT ( ) );
#6174 = CARTESIAN_POINT ( 'NONE',  ( -1.429999999999996607, 0.7899999999729954148, 0.9500000000000000666 ) ) ;
#6175 = ADVANCED_FACE ( 'NONE', ( #7784 ), #105, .T. ) ;
#6176 = ORIENTED_EDGE ( 'NONE', *, *, #7081, .T. ) ;
#6177 = VECTOR ( 'NONE', #407, 1000.000000000000000 ) ;
#6178 = FILL_AREA_STYLE ('',( #2875 ) ) ;
#6179 = CARTESIAN_POINT ( 'NONE',  ( -0.9299999999999998268, 1.199999999972995557, 1.099999999983337862 ) ) ;
#6180 = VERTEX_POINT ( 'NONE', #2022 ) ;
#6181 = EDGE_LOOP ( 'NONE', ( #3638, #2134, #5835, #7286 ) ) ;
#6182 = CARTESIAN_POINT ( 'NONE',  ( -3.349999999999999645, 0.2500000000333291728, -1.299999999999999378 ) ) ;
#6183 = PRESENTATION_STYLE_ASSIGNMENT (( #3480 ) ) ;
#6184 = ORIENTED_EDGE ( 'NONE', *, *, #2263, .T. ) ;
#6185 = DIRECTION ( 'NONE',  ( 0.000000000000000000, 3.491483361109382461E-15, -1.000000000000000000 ) ) ;
#6186 = ADVANCED_FACE ( 'NONE', ( #3924 ), #576, .F. ) ;
#6187 = UNCERTAINTY_MEASURE_WITH_UNIT (LENGTH_MEASURE( 1.000000000000000082E-05 ), #6651, 'distance_accuracy_value', 'NONE');
#6188 = FACE_OUTER_BOUND ( 'NONE', #1857, .T. ) ;
#6189 = ORIENTED_EDGE ( 'NONE', *, *, #2895, .F. ) ;
#6190 = LINE ( 'NONE', #5386, #5934 ) ;
#6191 = AXIS2_PLACEMENT_3D ( 'NONE', #2814, #5526, #7348 ) ;
#6192 = PLANE ( 'NONE',  #3106 ) ;
#6193 = EDGE_LOOP ( 'NONE', ( #5245, #7369, #4536, #2130 ) ) ;
#6194 = SURFACE_SIDE_STYLE ('',( #6796 ) ) ;
#6195 = ADVANCED_FACE ( 'NONE', ( #3351 ), #3187, .F. ) ;
#6196 = CIRCLE ( 'NONE', #4854, 0.2500000000000001110 ) ;
#6197 = CARTESIAN_POINT ( 'NONE',  ( 3.400000000000002132, 3.332871476361114629E-11, 1.299900000000000055 ) ) ;
#6198 = EDGE_CURVE ( 'NONE', #6940, #6900, #1513, .T. ) ;
#6199 = FACE_OUTER_BOUND ( 'NONE', #5159, .T. ) ;
#6200 = LINE ( 'NONE', #8244, #8047 ) ;
#6201 = VECTOR ( 'NONE', #5558, 1000.000000000000000 ) ;
#6202 = CARTESIAN_POINT ( 'NONE',  ( -3.050000000000000266, 1.400000000000002576, -0.7499999994666616265 ) ) ;
#6203 = ORIENTED_EDGE ( 'NONE', *, *, #3567, .T. ) ;
#6204 = CARTESIAN_POINT ( 'NONE',  ( 1.430100000000000593, 0.7899999999729960809, 1.300000000000000266 ) ) ;
#6205 =( NAMED_UNIT ( * ) SI_UNIT ( $, .STERADIAN. ) SOLID_ANGLE_UNIT ( ) );
#6206 =( NAMED_UNIT ( * ) SI_UNIT ( $, .STERADIAN. ) SOLID_ANGLE_UNIT ( ) );
#6207 = CARTESIAN_POINT ( 'NONE',  ( -1.299999999999999822, 0.1500000000000043798, -1.259999999999999343 ) ) ;
#6208 = CARTESIAN_POINT ( 'NONE',  ( 1.430000001833333201, 1.400000000000004574, -1.299999999431519893 ) ) ;
#6209 =( GEOMETRIC_REPRESENTATION_CONTEXT ( 3 ) GLOBAL_UNCERTAINTY_ASSIGNED_CONTEXT ( ( #3215 ) ) GLOBAL_UNIT_ASSIGNED_CONTEXT ( ( #4012, #5841, #698 ) ) REPRESENTATION_CONTEXT ( 'NONE', 'WORKASPACE' ) );
#6210 =( NAMED_UNIT ( * ) SI_UNIT ( $, .STERADIAN. ) SOLID_ANGLE_UNIT ( ) );
#6211 = EDGE_CURVE ( 'NONE', #992, #2337, #816, .T. ) ;
#6212 = VECTOR ( 'NONE', #3413, 1000.000000000000000 ) ;
#6213 = LINE ( 'NONE', #8260, #7664 ) ;
#6214 = ORIENTED_EDGE ( 'NONE', *, *, #2124, .T. ) ;
#6215 =( NAMED_UNIT ( * ) SI_UNIT ( $, .STERADIAN. ) SOLID_ANGLE_UNIT ( ) );
#6216 = LINE ( 'NONE', #2283, #2916 ) ;
#6217 = VECTOR ( 'NONE', #7060, 1000.000000000000000 ) ;
#6218 = CARTESIAN_POINT ( 'NONE',  ( -1.430000000154348028, 1.200000000000004396, -1.299999999999995604 ) ) ;
#6219 = ORIENTED_EDGE ( 'NONE', *, *, #2129, .F. ) ;
#6220 = VECTOR ( 'NONE', #7848, 1000.000000000000000 ) ;
#6221 = EDGE_LOOP ( 'NONE', ( #2453, #1731, #7328, #4688 ) ) ;
#6222 = MECHANICAL_DESIGN_GEOMETRIC_PRESENTATION_REPRESENTATION (  '', ( #5142 ), #8000 ) ;
#6223 = VERTEX_POINT ( 'NONE', #2701 ) ;
#6224 = CARTESIAN_POINT ( 'NONE',  ( 1.400000000108906795, 1.199999999972995557, 0.9500000000000000666 ) ) ;
#6225 = AXIS2_PLACEMENT_3D ( 'NONE', #18, #6431, #3222 ) ;
#6226 = CARTESIAN_POINT ( 'NONE',  ( 2.200000000000000178, -2.653527354443130891E-15, 0.7600000000000000089 ) ) ;
#6227 = CARTESIAN_POINT ( 'NONE',  ( -3.050000000000000266, 1.400000000000004574, -1.299999999999995159 ) ) ;
#6228 = VERTEX_POINT ( 'NONE', #4644 ) ;
#6229 = LINE ( 'NONE', #4325, #4577 ) ;
#6230 = COLOUR_RGB ( '',0.000000000000000000, 0.000000000000000000, 1.000000000000000000 ) ;
#6231 = FILL_AREA_STYLE_COLOUR ( '', #5963 ) ;
#6232 = COLOUR_RGB ( '',1.000000000000000000, 0.5019607843137254832, 0.000000000000000000 ) ;
#6233 = VERTEX_POINT ( 'NONE', #5459 ) ;
#6234 = CARTESIAN_POINT ( 'NONE',  ( 1.430000000434547225, 1.200000000000004396, -1.299999999925572247 ) ) ;
#6235 = DIRECTION ( 'NONE',  ( -1.000000000000000000, -0.000000000000000000, -0.000000000000000000 ) ) ;
#6236 = CARTESIAN_POINT ( 'NONE',  ( 1.430000000000000604, 1.200000000000003730, -1.099999999999995426 ) ) ;
#6237 = VECTOR ( 'NONE', #3120, 1000.000000000000000 ) ;
#6238 = DIRECTION ( 'NONE',  ( -0.000000000000000000, 1.000000000000000000, 2.981555974659857586E-15 ) ) ;
#6239 = PRESENTATION_STYLE_ASSIGNMENT (( #6164 ) ) ;
#6240 = LINE ( 'NONE', #4936, #3775 ) ;
#6241 = CARTESIAN_POINT ( 'NONE',  ( 3.149999999999999911, 1.399999999999995470, 1.300000000000005151 ) ) ;
#6242 = COLOUR_RGB ( '',0.000000000000000000, 0.000000000000000000, 1.000000000000000000 ) ;
#6243 = ADVANCED_FACE ( 'NONE', ( #2152 ), #1556, .F. ) ;
#6244 = PRESENTATION_STYLE_ASSIGNMENT (( #472 ) ) ;
#6245 = VECTOR ( 'NONE', #6069, 1000.000000000000000 ) ;
#6246 = ORIENTED_EDGE ( 'NONE', *, *, #7809, .T. ) ;
#6247 = LINE ( 'NONE', #4385, #3432 ) ;
#6248 = EDGE_CURVE ( 'NONE', #108, #4523, #4187, .T. ) ;
#6249 = COLOUR_RGB ( '',1.000000000000000000, 1.000000000000000000, 1.000000000000000000 ) ;
#6250 = FILL_AREA_STYLE ('',( #2316 ) ) ;
#6251 =( NAMED_UNIT ( * ) SI_UNIT ( $, .STERADIAN. ) SOLID_ANGLE_UNIT ( ) );
#6252 = UNCERTAINTY_MEASURE_WITH_UNIT (LENGTH_MEASURE( 1.000000000000000082E-05 ), #6406, 'distance_accuracy_value', 'NONE');
#6253 = CARTESIAN_POINT ( 'NONE',  ( -3.150000000000000355, 1.300000000000004263, -1.249999999999996003 ) ) ;
#6254 = DIRECTION ( 'NONE',  ( 1.000000000000000000, 0.000000000000000000, 0.000000000000000000 ) ) ;
#6255 = PLANE ( 'NONE',  #8173 ) ;
#6256 = EDGE_LOOP ( 'NONE', ( #4656, #3434, #847, #7122 ) ) ;
#6257 = SURFACE_STYLE_USAGE ( .BOTH. , #2400 ) ;
#6258 = SURFACE_STYLE_USAGE ( .BOTH. , #3672 ) ;
#6259 = DIRECTION ( 'NONE',  ( 0.000000000000000000, 0.000000000000000000, 1.000000000000000000 ) ) ;
#6260 = ORIENTED_EDGE ( 'NONE', *, *, #4440, .F. ) ;
#6261 =( GEOMETRIC_REPRESENTATION_CONTEXT ( 3 ) GLOBAL_UNCERTAINTY_ASSIGNED_CONTEXT ( ( #4158 ) ) GLOBAL_UNIT_ASSIGNED_CONTEXT ( ( #5939, #5299, #6205 ) ) REPRESENTATION_CONTEXT ( 'NONE', 'WORKASPACE' ) );
#6262 = ORIENTED_EDGE ( 'NONE', *, *, #4691, .F. ) ;
#6263 = LINE ( 'NONE', #2329, #6177 ) ;
#6265 =( LENGTH_UNIT ( ) NAMED_UNIT ( * ) SI_UNIT ( .MILLI., .METRE. ) );
#6264 = DIRECTION ( 'NONE',  ( -0.000000000000000000, -1.000000000000000000, -3.491483361109382461E-15 ) ) ;
#6266 = VECTOR ( 'NONE', #265, 1000.000000000000000 ) ;
#6267 = PLANE ( 'NONE',  #4316 ) ;
#6268 = EDGE_LOOP ( 'NONE', ( #6115, #6921, #2633, #8334, #2569 ) ) ;
#6269 = EDGE_CURVE ( 'NONE', #191, #4417, #5328, .T. ) ;
#6270 = DIRECTION ( 'NONE',  ( 0.000000000000000000, -1.000000000000000000, -3.491483361109382461E-15 ) ) ;
#6271 = COLOUR_RGB ( '',0.000000000000000000, 0.000000000000000000, 1.000000000000000000 ) ;
#6272 =( GEOMETRIC_REPRESENTATION_CONTEXT ( 3 ) GLOBAL_UNCERTAINTY_ASSIGNED_CONTEXT ( ( #518 ) ) GLOBAL_UNIT_ASSIGNED_CONTEXT ( ( #6338, #6671, #7183 ) ) REPRESENTATION_CONTEXT ( 'NONE', 'WORKASPACE' ) );
#6273 =( NAMED_UNIT ( * ) SI_UNIT ( $, .STERADIAN. ) SOLID_ANGLE_UNIT ( ) );
#6274 = CARTESIAN_POINT ( 'NONE',  ( -3.150000000000000355, 1.199999999989846522, -0.8000000000223399521 ) ) ;
#6275 = UNCERTAINTY_MEASURE_WITH_UNIT (LENGTH_MEASURE( 1.000000000000000082E-05 ), #624, 'distance_accuracy_value', 'NONE');
#6276 = EDGE_LOOP ( 'NONE', ( #1816, #6092, #3758, #3610 ) ) ;
#6277 = FACE_OUTER_BOUND ( 'NONE', #2672, .T. ) ;
#6278 = STYLED_ITEM ( 'NONE', ( #4685 ), #1085 ) ;
#6279 = SURFACE_SIDE_STYLE ('',( #4413 ) ) ;
#6280 = ORIENTED_EDGE ( 'NONE', *, *, #2064, .T. ) ;
#6281 = EDGE_CURVE ( 'NONE', #763, #8370, #4141, .T. ) ;
#6282 = DIRECTION ( 'NONE',  ( -1.000000000000000000, 0.000000000000000000, 0.000000000000000000 ) ) ;
#6283 = AXIS2_PLACEMENT_3D ( 'NONE', #2503, #2546, #7048 ) ;
#6284 = FACE_OUTER_BOUND ( 'NONE', #25, .T. ) ;
#6285 = DIRECTION ( 'NONE',  ( 0.000000000000000000, -3.491483361109382461E-15, 1.000000000000000000 ) ) ;
#6286 = ORIENTED_EDGE ( 'NONE', *, *, #2597, .T. ) ;
#6287 = DIRECTION ( 'NONE',  ( 0.000000000000000000, 1.000000000000000000, 3.469446951953612611E-15 ) ) ;
#6288 = DIRECTION ( 'NONE',  ( 0.000000000000000000, 0.000000000000000000, -1.000000000000000000 ) ) ;
#6289 =( NAMED_UNIT ( * ) PLANE_ANGLE_UNIT ( ) SI_UNIT ( $, .RADIAN. ) );
#6290 = PRESENTATION_STYLE_ASSIGNMENT (( #2943 ) ) ;
#6291 = MECHANICAL_DESIGN_GEOMETRIC_PRESENTATION_REPRESENTATION (  '', ( #4655 ), #4801 ) ;
#6292 = ORIENTED_EDGE ( 'NONE', *, *, #6573, .T. ) ;
#6293 = FILL_AREA_STYLE ('',( #3697 ) ) ;
#6294 =( LENGTH_UNIT ( ) NAMED_UNIT ( * ) SI_UNIT ( .MILLI., .METRE. ) );
#6295 = DIRECTION ( 'NONE',  ( 0.000000000000000000, 3.491483361109382461E-15, -1.000000000000000000 ) ) ;
#6296 = VECTOR ( 'NONE', #5682, 1000.000000000000000 ) ;
#6297 = EDGE_CURVE ( 'NONE', #4483, #5897, #2068, .T. ) ;
#6298 = DIRECTION ( 'NONE',  ( 0.000000000000000000, 1.000000000000000000, 3.491483361109382461E-15 ) ) ;
#6299 = DIRECTION ( 'NONE',  ( 1.000000000000000000, 0.000000000000000000, 0.000000000000000000 ) ) ;
#6300 = UNCERTAINTY_MEASURE_WITH_UNIT (LENGTH_MEASURE( 1.000000000000000082E-05 ), #1641, 'distance_accuracy_value', 'NONE');
#6301 = DIRECTION ( 'NONE',  ( 0.000000000000000000, 3.491483361109382461E-15, -1.000000000000000000 ) ) ;
#6302 = CARTESIAN_POINT ( 'NONE',  ( -2.075000000000000178, 1.200000000000004396, -1.309394179999995744 ) ) ;
#6303 = DIRECTION ( 'NONE',  ( 0.000000000000000000, 3.491483361109382855E-15, -1.000000000000000000 ) ) ;
#6304 = DIRECTION ( 'NONE',  ( 0.000000000000000000, 3.491483361109382461E-15, -1.000000000000000000 ) ) ;
#6305 = EDGE_CURVE ( 'NONE', #3068, #7841, #7922, .T. ) ;
#6306 = ORIENTED_EDGE ( 'NONE', *, *, #3067, .T. ) ;
#6307 = PRESENTATION_STYLE_ASSIGNMENT (( #4867 ) ) ;
#6308 = LINE ( 'NONE', #3793, #3182 ) ;
#6309 = DIRECTION ( 'NONE',  ( -1.000000000000000000, 0.000000000000000000, 0.000000000000000000 ) ) ;
#6310 = ORIENTED_EDGE ( 'NONE', *, *, #3157, .F. ) ;
#6311 = VERTEX_POINT ( 'NONE', #5499 ) ;
#6312 = ADVANCED_FACE ( 'NONE', ( #8130 ), #3743, .F. ) ;
#6313 = DIRECTION ( 'NONE',  ( 0.9551363833383934576, 1.060723539006002089E-15, -0.2961663202041270870 ) ) ;
#6314 = ORIENTED_EDGE ( 'NONE', *, *, #8051, .F. ) ;
#6315 = SURFACE_SIDE_STYLE ('',( #3021 ) ) ;
#6316 = COLOUR_RGB ( '',1.000000000000000000, 0.5019607843137254832, 0.000000000000000000 ) ;
#6317 = FILL_AREA_STYLE ('',( #1178 ) ) ;
#6318 = ORIENTED_EDGE ( 'NONE', *, *, #6565, .T. ) ;
#6319 = ADVANCED_FACE ( 'NONE', ( #7524 ), #5236, .T. ) ;
#6320 = ORIENTED_EDGE ( 'NONE', *, *, #2732, .T. ) ;
#6321 =( GEOMETRIC_REPRESENTATION_CONTEXT ( 3 ) GLOBAL_UNCERTAINTY_ASSIGNED_CONTEXT ( ( #7042 ) ) GLOBAL_UNIT_ASSIGNED_CONTEXT ( ( #5150, #4593, #613 ) ) REPRESENTATION_CONTEXT ( 'NONE', 'WORKASPACE' ) );
#6322 = DIRECTION ( 'NONE',  ( -1.204669080539449344E-16, 3.491483361109382066E-15, -1.000000000000000000 ) ) ;
#6323 = DIRECTION ( 'NONE',  ( 0.000000000000000000, 1.800035815180623820E-10, 1.000000000000000000 ) ) ;
#6324 = DIRECTION ( 'NONE',  ( -0.000000000000000000, 1.000000000000000000, 3.491483361109382461E-15 ) ) ;
#6325 = EDGE_CURVE ( 'NONE', #6933, #4791, #5627, .T. ) ;
#6326 =( GEOMETRIC_REPRESENTATION_CONTEXT ( 3 ) GLOBAL_UNCERTAINTY_ASSIGNED_CONTEXT ( ( #5698 ) ) GLOBAL_UNIT_ASSIGNED_CONTEXT ( ( #3734, #6330, #2467 ) ) REPRESENTATION_CONTEXT ( 'NONE', 'WORKASPACE' ) );
#6327 = ORIENTED_EDGE ( 'NONE', *, *, #8038, .F. ) ;
#6328 = FILL_AREA_STYLE ('',( #7591 ) ) ;
#6329 =( NAMED_UNIT ( * ) SI_UNIT ( $, .STERADIAN. ) SOLID_ANGLE_UNIT ( ) );
#6330 =( NAMED_UNIT ( * ) PLANE_ANGLE_UNIT ( ) SI_UNIT ( $, .RADIAN. ) );
#6331 = ORIENTED_EDGE ( 'NONE', *, *, #7670, .T. ) ;
#6332 = SURFACE_STYLE_FILL_AREA ( #4544 ) ;
#6333 = FACE_OUTER_BOUND ( 'NONE', #85, .T. ) ;
#6334 = COLOUR_RGB ( '',0.000000000000000000, 0.000000000000000000, 1.000000000000000000 ) ;
#6335 = DIRECTION ( 'NONE',  ( -1.000000000000000000, 0.000000000000000000, 0.000000000000000000 ) ) ;
#6336 =( LENGTH_UNIT ( ) NAMED_UNIT ( * ) SI_UNIT ( .MILLI., .METRE. ) );
#6337 = LINE ( 'NONE', #4550, #3447 ) ;
#6338 =( LENGTH_UNIT ( ) NAMED_UNIT ( * ) SI_UNIT ( .MILLI., .METRE. ) );
#6339 = CARTESIAN_POINT ( 'NONE',  ( -1.430000000999999799, 1.400000000000003908, -1.099999999999994982 ) ) ;
#6340 = DIRECTION ( 'NONE',  ( 4.688032845207021774E-11, -3.491483361109382855E-15, 1.000000000000000000 ) ) ;
#6341 = ORIENTED_EDGE ( 'NONE', *, *, #5795, .T. ) ;
#6342 = SURFACE_SIDE_STYLE ('',( #3747 ) ) ;
#6343 = FACE_OUTER_BOUND ( 'NONE', #6867, .T. ) ;
#6344 = STYLED_ITEM ( 'NONE', ( #2578 ), #7285 ) ;
#6345 = SURFACE_STYLE_FILL_AREA ( #7745 ) ;
#6346 = VERTEX_POINT ( 'NONE', #3669 ) ;
#6347 = EDGE_LOOP ( 'NONE', ( #4784, #1021, #5863, #8151 ) ) ;
#6348 = CARTESIAN_POINT ( 'NONE',  ( -1.350000000000000089, 0.1499999999999973299, 0.7600000000000001199 ) ) ;
#6349 = DIRECTION ( 'NONE',  ( 0.000000000000000000, 3.491483361109382461E-15, -1.000000000000000000 ) ) ;
#6350 = STYLED_ITEM ( 'NONE', ( #1567 ), #8152 ) ;
#6351 = VECTOR ( 'NONE', #5827, 1000.000000000000000 ) ;
#6352 = PRESENTATION_STYLE_ASSIGNMENT (( #3757 ) ) ;
#6353 = EDGE_CURVE ( 'NONE', #1876, #7877, #6213, .T. ) ;
#6354 = ORIENTED_EDGE ( 'NONE', *, *, #888, .T. ) ;
#6355 = CARTESIAN_POINT ( 'NONE',  ( -0.9299999999878904022, 1.200000000000004396, -1.299999999999995826 ) ) ;
#6356 =( LENGTH_UNIT ( ) NAMED_UNIT ( * ) SI_UNIT ( .MILLI., .METRE. ) );
#6357 = CARTESIAN_POINT ( 'NONE',  ( -0.7999999999999999334, 0.1499999999999973299, 0.7600000000000001199 ) ) ;
#6358 =( GEOMETRIC_REPRESENTATION_CONTEXT ( 3 ) GLOBAL_UNCERTAINTY_ASSIGNED_CONTEXT ( ( #7007 ) ) GLOBAL_UNIT_ASSIGNED_CONTEXT ( ( #7705, #5885, #2612 ) ) REPRESENTATION_CONTEXT ( 'NONE', 'WORKASPACE' ) );
#6359 = ADVANCED_FACE ( 'NONE', ( #7445 ), #4347, .F. ) ;
#6360 =( GEOMETRIC_REPRESENTATION_CONTEXT ( 3 ) GLOBAL_UNCERTAINTY_ASSIGNED_CONTEXT ( ( #4559 ) ) GLOBAL_UNIT_ASSIGNED_CONTEXT ( ( #7636, #6289, #1924 ) ) REPRESENTATION_CONTEXT ( 'NONE', 'WORKASPACE' ) );
#6361 = ORIENTED_EDGE ( 'NONE', *, *, #6325, .T. ) ;
#6362 = VECTOR ( 'NONE', #2676, 1000.000000000000000 ) ;
#6363 = DIRECTION ( 'NONE',  ( 0.000000000000000000, -3.491483361109382066E-15, 1.000000000000000000 ) ) ;
#6364 = DIRECTION ( 'NONE',  ( 0.000000000000000000, 0.000000000000000000, 1.000000000000000000 ) ) ;
#6365 =( NAMED_UNIT ( * ) PLANE_ANGLE_UNIT ( ) SI_UNIT ( $, .RADIAN. ) );
#6366 = ORIENTED_EDGE ( 'NONE', *, *, #1958, .F. ) ;
#6367 = AXIS2_PLACEMENT_3D ( 'NONE', #6870, #7505, #1657 ) ;
#6368 = DIRECTION ( 'NONE',  ( 0.000000000000000000, 3.491483361109382461E-15, -1.000000000000000000 ) ) ;
#6369 =( LENGTH_UNIT ( ) NAMED_UNIT ( * ) SI_UNIT ( .MILLI., .METRE. ) );
#6370 = VECTOR ( 'NONE', #6295, 1000.000000000000000 ) ;
#6371 = SURFACE_STYLE_FILL_AREA ( #5743 ) ;
#6372 = VERTEX_POINT ( 'NONE', #645 ) ;
#6373 = SURFACE_STYLE_FILL_AREA ( #603 ) ;
#6374 = LINE ( 'NONE', #5018, #6662 ) ;
#6375 = PRESENTATION_LAYER_ASSIGNMENT (  '', '', ( #7318 ) ) ;
#6376 = ADVANCED_FACE ( 'NONE', ( #2011 ), #5107, .F. ) ;
#6377 =( LENGTH_UNIT ( ) NAMED_UNIT ( * ) SI_UNIT ( .MILLI., .METRE. ) );
#6378 = AXIS2_PLACEMENT_3D ( 'NONE', #1292, #3864, #563 ) ;
#6379 =( NAMED_UNIT ( * ) PLANE_ANGLE_UNIT ( ) SI_UNIT ( $, .RADIAN. ) );
#6380 =( NAMED_UNIT ( * ) PLANE_ANGLE_UNIT ( ) SI_UNIT ( $, .RADIAN. ) );
#6381 = LINE ( 'NONE', #1972, #4248 ) ;
#6382 = ORIENTED_EDGE ( 'NONE', *, *, #4015, .T. ) ;
#6383 =( LENGTH_UNIT ( ) NAMED_UNIT ( * ) SI_UNIT ( .MILLI., .METRE. ) );
#6384 =( NAMED_UNIT ( * ) PLANE_ANGLE_UNIT ( ) SI_UNIT ( $, .RADIAN. ) );
#6385 = ORIENTED_EDGE ( 'NONE', *, *, #3461, .F. ) ;
#6386 = PLANE ( 'NONE',  #3028 ) ;
#6387 = ADVANCED_FACE ( 'NONE', ( #7737 ), #1332, .F. ) ;
#6388 = PLANE ( 'NONE',  #5585 ) ;
#6389 = DIRECTION ( 'NONE',  ( 1.000000000000000000, -3.740779687824892007E-30, 1.086901548913761497E-15 ) ) ;
#6390 = VECTOR ( 'NONE', #1866, 1000.000000000000000 ) ;
#6391 = FACE_OUTER_BOUND ( 'NONE', #3870, .T. ) ;
#6392 = EDGE_LOOP ( 'NONE', ( #2158, #184, #8352, #1867 ) ) ;
#6393 = DIRECTION ( 'NONE',  ( 1.000000000000000000, 2.274550012207352473E-16, 0.000000000000000000 ) ) ;
#6394 =( NAMED_UNIT ( * ) SI_UNIT ( $, .STERADIAN. ) SOLID_ANGLE_UNIT ( ) );
#6395 =( GEOMETRIC_REPRESENTATION_CONTEXT ( 3 ) GLOBAL_UNCERTAINTY_ASSIGNED_CONTEXT ( ( #833 ) ) GLOBAL_UNIT_ASSIGNED_CONTEXT ( ( #3117, #4930, #501 ) ) REPRESENTATION_CONTEXT ( 'NONE', 'WORKASPACE' ) );
#6396 =( NAMED_UNIT ( * ) PLANE_ANGLE_UNIT ( ) SI_UNIT ( $, .RADIAN. ) );
#6397 =( GEOMETRIC_REPRESENTATION_CONTEXT ( 3 ) GLOBAL_UNCERTAINTY_ASSIGNED_CONTEXT ( ( #4738 ) ) GLOBAL_UNIT_ASSIGNED_CONTEXT ( ( #6004, #262, #4594 ) ) REPRESENTATION_CONTEXT ( 'NONE', 'WORKASPACE' ) );
#6398 = SURFACE_SIDE_STYLE ('',( #7707 ) ) ;
#6399 = VECTOR ( 'NONE', #7803, 1000.000000000000000 ) ;
#6400 = LINE ( 'NONE', #8395, #3263 ) ;
#6401 = ADVANCED_FACE ( 'NONE', ( #7010 ), #3830, .F. ) ;
#6402 = CARTESIAN_POINT ( 'NONE',  ( 3.349999999993055422, 0.6499999999593705224, 1.299900000000000055 ) ) ;
#6403 = VECTOR ( 'NONE', #4434, 1000.000000000000000 ) ;
#6404 = ORIENTED_EDGE ( 'NONE', *, *, #1102, .F. ) ;
#6405 = LINE ( 'NONE', #589, #5940 ) ;
#6406 =( LENGTH_UNIT ( ) NAMED_UNIT ( * ) SI_UNIT ( .MILLI., .METRE. ) );
#6407 = MECHANICAL_DESIGN_GEOMETRIC_PRESENTATION_REPRESENTATION (  '', ( #5044 ), #7758 ) ;
#6408 = AXIS2_PLACEMENT_3D ( 'NONE', #2778, #724, #7266 ) ;
#6409 = ORIENTED_EDGE ( 'NONE', *, *, #3104, .F. ) ;
#6410 = EDGE_CURVE ( 'NONE', #232, #4421, #5447, .T. ) ;
#6411 = PLANE ( 'NONE',  #1792 ) ;
#6412 = CARTESIAN_POINT ( 'NONE',  ( -2.749999999949374718, 1.199999999996871569, 1.299999999983038057 ) ) ;
#6413 = ORIENTED_EDGE ( 'NONE', *, *, #1722, .T. ) ;
#6414 = DIRECTION ( 'NONE',  ( 0.000000000000000000, 1.000000000000000000, 3.491483361109382066E-15 ) ) ;
#6415 = PRESENTATION_STYLE_ASSIGNMENT (( #1285 ) ) ;
#6416 = ORIENTED_EDGE ( 'NONE', *, *, #3682, .T. ) ;
#6417 = EDGE_CURVE ( 'NONE', #1529, #2711, #6545, .T. ) ;
#6418 = COLOUR_RGB ( '',0.000000000000000000, 0.000000000000000000, 1.000000000000000000 ) ;
#6419 = FILL_AREA_STYLE_COLOUR ( '', #247 ) ;
#6420 = CARTESIAN_POINT ( 'NONE',  ( 0.7999999999999998224, 0.1500000000000004663, -0.1399999999999994027 ) ) ;
#6421 = VECTOR ( 'NONE', #1316, 1000.000000000000000 ) ;
#6422 = DIRECTION ( 'NONE',  ( 0.000000000000000000, 1.000000000000000000, 4.336808689942015369E-15 ) ) ;
#6423 = ORIENTED_EDGE ( 'NONE', *, *, #6628, .F. ) ;
#6424 = DIRECTION ( 'NONE',  ( -0.000000000000000000, -0.000000000000000000, 1.000000000000000000 ) ) ;
#6425 = EDGE_CURVE ( 'NONE', #6223, #1899, #1458, .T. ) ;
#6426 = DIRECTION ( 'NONE',  ( 0.000000000000000000, -1.000000000000000000, -3.491483361109382461E-15 ) ) ;
#6427 = ORIENTED_EDGE ( 'NONE', *, *, #1791, .F. ) ;
#6428 = LINE ( 'NONE', #5111, #2986 ) ;
#6429 = VECTOR ( 'NONE', #3883, 1000.000000000000000 ) ;
#6430 = FILL_AREA_STYLE ('',( #3835 ) ) ;
#6431 = DIRECTION ( 'NONE',  ( 0.000000000000000000, 0.000000000000000000, 1.000000000000000000 ) ) ;
#6432 = ORIENTED_EDGE ( 'NONE', *, *, #6563, .T. ) ;
#6433 = UNCERTAINTY_MEASURE_WITH_UNIT (LENGTH_MEASURE( 1.000000000000000082E-05 ), #6734, 'distance_accuracy_value', 'NONE');
#6434 = FILL_AREA_STYLE_COLOUR ( '', #4482 ) ;
#6435 = SURFACE_STYLE_FILL_AREA ( #1982 ) ;
#6436 = DIRECTION ( 'NONE',  ( 0.000000000000000000, 0.000000000000000000, 1.000000000000000000 ) ) ;
#6437 = EDGE_LOOP ( 'NONE', ( #541, #4595, #874, #3970, #2641, #789 ) ) ;
#6438 = CARTESIAN_POINT ( 'NONE',  ( 0.7999999999999999334, 0.1499999999999973299, 0.7600000000000005640 ) ) ;
#6439 = DIRECTION ( 'NONE',  ( -0.000000000000000000, -3.491483361109382461E-15, 1.000000000000000000 ) ) ;
#6440 = VECTOR ( 'NONE', #3695, 1000.000000000000000 ) ;
#6441 = ORIENTED_EDGE ( 'NONE', *, *, #5788, .F. ) ;
#6442 = PRESENTATION_STYLE_ASSIGNMENT (( #2577 ) ) ;
#6443 = CARTESIAN_POINT ( 'NONE',  ( -3.150000000000000355, 1.400000000000004574, -1.299999999999995159 ) ) ;
#6444 = ORIENTED_EDGE ( 'NONE', *, *, #1256, .F. ) ;
#6445 = SURFACE_SIDE_STYLE ('',( #710 ) ) ;
#6446 = AXIS2_PLACEMENT_3D ( 'NONE', #6826, #1728, #1647 ) ;
#6447 = FILL_AREA_STYLE ('',( #3984 ) ) ;
#6448 = UNCERTAINTY_MEASURE_WITH_UNIT (LENGTH_MEASURE( 1.000000000000000082E-05 ), #3602, 'distance_accuracy_value', 'NONE');
#6449 = LINE ( 'NONE', #1920, #551 ) ;
#6450 = EDGE_LOOP ( 'NONE', ( #6953, #6385, #2704, #7287 ) ) ;
#6451 = SURFACE_STYLE_USAGE ( .BOTH. , #1284 ) ;
#6452 = AXIS2_PLACEMENT_3D ( 'NONE', #4907, #7486, #1028 ) ;
#6453 = ORIENTED_EDGE ( 'NONE', *, *, #5441, .T. ) ;
#6454 = LINE ( 'NONE', #5823, #1933 ) ;
#6455 = EDGE_CURVE ( 'NONE', #7244, #2500, #8037, .T. ) ;
#6456 = FILL_AREA_STYLE ('',( #3779 ) ) ;
#6457 = VECTOR ( 'NONE', #6584, 1000.000000000000000 ) ;
#6458 = DIRECTION ( 'NONE',  ( -1.000000000000000000, 0.000000000000000000, -0.000000000000000000 ) ) ;
#6459 = ADVANCED_FACE ( 'NONE', ( #1547 ), #2735, .F. ) ;
#6460 = DIRECTION ( 'NONE',  ( 0.000000000000000000, -1.000000000000000000, -3.491483361109382461E-15 ) ) ;
#6461 = DIRECTION ( 'NONE',  ( 1.000000000000000000, -0.000000000000000000, 0.000000000000000000 ) ) ;
#6462 = ORIENTED_EDGE ( 'NONE', *, *, #1322, .T. ) ;
#6463 = FACE_OUTER_BOUND ( 'NONE', #7083, .T. ) ;
#6464 = LINE ( 'NONE', #1854, #2085 ) ;
#6465 = PLANE ( 'NONE',  #4739 ) ;
#6466 = CIRCLE ( 'NONE', #4444, 0.4000000000000001887 ) ;
#6467 = VERTEX_POINT ( 'NONE', #4677 ) ;
#6468 = DIRECTION ( 'NONE',  ( 0.000000000000000000, -1.000000000000000000, -3.491483361109382461E-15 ) ) ;
#6469 = CARTESIAN_POINT ( 'NONE',  ( -2.134233263945705783, 1.400000000000003908, -1.118366903642991073 ) ) ;
#6470 = SURFACE_STYLE_FILL_AREA ( #3879 ) ;
#6471 = ORIENTED_EDGE ( 'NONE', *, *, #8336, .T. ) ;
#6472 = ORIENTED_EDGE ( 'NONE', *, *, #4180, .T. ) ;
#6473 = COLOUR_RGB ( '',0.000000000000000000, 0.000000000000000000, 1.000000000000000000 ) ;
#6474 = EDGE_CURVE ( 'NONE', #4960, #5218, #3500, .T. ) ;
#6475 = DIRECTION ( 'NONE',  ( 0.000000000000000000, 1.000000000000000000, 0.000000000000000000 ) ) ;
#6476 =( NAMED_UNIT ( * ) PLANE_ANGLE_UNIT ( ) SI_UNIT ( $, .RADIAN. ) );
#6477 = CIRCLE ( 'NONE', #373, 0.1999999999999987899 ) ;
#6478 = VECTOR ( 'NONE', #341, 1000.000000000000000 ) ;
#6479 = ORIENTED_EDGE ( 'NONE', *, *, #3653, .T. ) ;
#6480 = PRESENTATION_STYLE_ASSIGNMENT (( #3852 ) ) ;
#6481 =( NAMED_UNIT ( * ) SI_UNIT ( $, .STERADIAN. ) SOLID_ANGLE_UNIT ( ) );
#6482 = AXIS2_PLACEMENT_3D ( 'NONE', #8205, #309, #2389 ) ;
#6483 = ORIENTED_EDGE ( 'NONE', *, *, #2365, .F. ) ;
#6484 = LINE ( 'NONE', #7084, #3844 ) ;
#6485 = AXIS2_PLACEMENT_3D ( 'NONE', #4969, #379, #2985 ) ;
#6486 = ADVANCED_FACE ( 'NONE', ( #6079 ), #2141, .F. ) ;
#6487 = DIRECTION ( 'NONE',  ( 4.375478045346057987E-10, 3.491483361109382855E-15, -1.000000000000000000 ) ) ;
#6488 = VECTOR ( 'NONE', #5951, 1000.000000000000000 ) ;
#6489 = SURFACE_STYLE_USAGE ( .BOTH. , #788 ) ;
#6490 = FILL_AREA_STYLE ('',( #7129 ) ) ;
#6491 = PRESENTATION_LAYER_ASSIGNMENT (  '', '', ( #2290 ) ) ;
#6492 = LINE ( 'NONE', #716, #7844 ) ;
#6493 = COLOUR_RGB ( '',0.000000000000000000, 0.000000000000000000, 1.000000000000000000 ) ;
#6494 = PLANE ( 'NONE',  #3130 ) ;
#6495 = DIRECTION ( 'NONE',  ( -1.000000000000000000, 0.000000000000000000, 0.000000000000000000 ) ) ;
#6496 = DIRECTION ( 'NONE',  ( 0.000000000000000000, -3.491483361109382461E-15, 1.000000000000000000 ) ) ;
#6497 = AXIS2_PLACEMENT_3D ( 'NONE', #3951, #5267, #6498 ) ;
#6498 = DIRECTION ( 'NONE',  ( 0.000000000000000000, 3.491483361109382461E-15, -1.000000000000000000 ) ) ;
#6499 = SURFACE_STYLE_FILL_AREA ( #5231 ) ;
#6500 = COLOUR_RGB ( '',0.000000000000000000, 0.000000000000000000, 1.000000000000000000 ) ;
#6501 = DIRECTION ( 'NONE',  ( 0.000000000000000000, 3.491483361109382461E-15, -1.000000000000000000 ) ) ;
#6502 = ADVANCED_FACE ( 'NONE', ( #6199 ), #2987, .F. ) ;
#6503 = SURFACE_STYLE_FILL_AREA ( #4391 ) ;
#6504 = CIRCLE ( 'NONE', #4219, 0.1999999999999987899 ) ;
#6505 = SURFACE_STYLE_USAGE ( .BOTH. , #5759 ) ;
#6506 = VERTEX_POINT ( 'NONE', #6125 ) ;
#6507 = ADVANCED_FACE ( 'NONE', ( #7515 ), #4898, .T. ) ;
#6508 = LINE ( 'NONE', #3389, #8319 ) ;
#6509 = SURFACE_STYLE_USAGE ( .BOTH. , #3920 ) ;
#6510 = ORIENTED_EDGE ( 'NONE', *, *, #1648, .F. ) ;
#6511 = ORIENTED_EDGE ( 'NONE', *, *, #6305, .T. ) ;
#6512 = CARTESIAN_POINT ( 'NONE',  ( 2.850000000000000089, 1.399999999999997691, 0.8000000000000051514 ) ) ;
#6513 = DIRECTION ( 'NONE',  ( -0.000000000000000000, -1.000000000000000000, -3.491483361109382461E-15 ) ) ;
#6514 = ORIENTED_EDGE ( 'NONE', *, *, #3259, .T. ) ;
#6515 = PRESENTATION_LAYER_ASSIGNMENT (  '', '', ( #5987 ) ) ;
#6516 = ORIENTED_EDGE ( 'NONE', *, *, #1406, .F. ) ;
#6517 = CARTESIAN_POINT ( 'NONE',  ( 0.3000000000437501591, 0.09999999999999023559, 2.800000000015625101 ) ) ;
#6518 = EDGE_CURVE ( 'NONE', #7912, #5117, #1059, .T. ) ;
#6519 = STYLED_ITEM ( 'NONE', ( #2930 ), #4125 ) ;
#6520 = CARTESIAN_POINT ( 'NONE',  ( 3.349999999999999645, 0.2500000000333291728, -2.200000000000000622 ) ) ;
#6521 = CARTESIAN_POINT ( 'NONE',  ( 3.149999999999999911, 0.3017999999999967375, 0.9000000000000010214 ) ) ;
#6522 = UNCERTAINTY_MEASURE_WITH_UNIT (LENGTH_MEASURE( 1.000000000000000082E-05 ), #3418, 'distance_accuracy_value', 'NONE');
#6523 = STYLED_ITEM ( 'NONE', ( #5650 ), #537 ) ;
#6524 = ORIENTED_EDGE ( 'NONE', *, *, #5132, .F. ) ;
#6525 = PLANE ( 'NONE',  #6170 ) ;
#6526 = EDGE_CURVE ( 'NONE', #6948, #6659, #304, .T. ) ;
#6527 = VERTEX_POINT ( 'NONE', #8203 ) ;
#6528 = VECTOR ( 'NONE', #5530, 1000.000000000000000 ) ;
#6529 = SURFACE_SIDE_STYLE ('',( #1662 ) ) ;
#6530 = FILL_AREA_STYLE_COLOUR ( '', #8167 ) ;
#6531 = CARTESIAN_POINT ( 'NONE',  ( 3.149999999999999911, 1.200000000000002398, -0.7499999999999956701 ) ) ;
#6532 = SURFACE_SIDE_STYLE ('',( #3945 ) ) ;
#6533 = STYLED_ITEM ( 'NONE', ( #8010 ), #924 ) ;
#6534 = ADVANCED_FACE ( 'NONE', ( #2904 ), #4852, .F. ) ;
#6535 = LINE ( 'NONE', #7808, #2430 ) ;
#6536 = ORIENTED_EDGE ( 'NONE', *, *, #6848, .F. ) ;
#6537 = CARTESIAN_POINT ( 'NONE',  ( 0.9499999999093753367, 0.1499999999843796561, -1.300099999999999811 ) ) ;
#6538 = DIRECTION ( 'NONE',  ( 1.000000000000000000, -0.000000000000000000, 0.000000000000000000 ) ) ;
#6539 = CARTESIAN_POINT ( 'NONE',  ( 2.049999999999999822, 0.1500000000000076827, -2.199999999999999734 ) ) ;
#6540 = CARTESIAN_POINT ( 'NONE',  ( -2.720000000000000639, 1.399999999999995470, 1.300000000000005151 ) ) ;
#6541 = VERTEX_POINT ( 'NONE', #7961 ) ;
#6542 = FACE_OUTER_BOUND ( 'NONE', #1283, .T. ) ;
#6543 = FILL_AREA_STYLE ('',( #2640 ) ) ;
#6544 =( GEOMETRIC_REPRESENTATION_CONTEXT ( 3 ) GLOBAL_UNCERTAINTY_ASSIGNED_CONTEXT ( ( #2374 ) ) GLOBAL_UNIT_ASSIGNED_CONTEXT ( ( #3635, #4238, #1596 ) ) REPRESENTATION_CONTEXT ( 'NONE', 'WORKASPACE' ) );
#6545 = LINE ( 'NONE', #2057, #4162 ) ;
#6546 = VECTOR ( 'NONE', #5952, 1000.000000000000000 ) ;
#6547 = PRESENTATION_STYLE_ASSIGNMENT (( #222 ) ) ;
#6548 = VERTEX_POINT ( 'NONE', #6589 ) ;
#6549 = EDGE_CURVE ( 'NONE', #1201, #7877, #5410, .T. ) ;
#6550 = SURFACE_STYLE_USAGE ( .BOTH. , #7064 ) ;
#6551 = DIRECTION ( 'NONE',  ( -0.000000000000000000, -0.000000000000000000, -1.000000000000000000 ) ) ;
#6552 = MECHANICAL_DESIGN_GEOMETRIC_PRESENTATION_REPRESENTATION (  '', ( #5611 ), #8053 ) ;
#6553 = SURFACE_SIDE_STYLE ('',( #7918 ) ) ;
#6554 = CARTESIAN_POINT ( 'NONE',  ( 3.149999999996874855, 1.399999999999996803, 0.8000000000039112491 ) ) ;
#6555 = EDGE_CURVE ( 'NONE', #4634, #6346, #4728, .T. ) ;
#6556 =( LENGTH_UNIT ( ) NAMED_UNIT ( * ) SI_UNIT ( .MILLI., .METRE. ) );
#6557 = CARTESIAN_POINT ( 'NONE',  ( -1.649999999999999911, 0.1499999999999973299, 0.7600000000000001199 ) ) ;
#6558 = SURFACE_STYLE_USAGE ( .BOTH. , #1983 ) ;
#6559 = ORIENTED_EDGE ( 'NONE', *, *, #2114, .T. ) ;
#6560 = MECHANICAL_DESIGN_GEOMETRIC_PRESENTATION_REPRESENTATION (  '', ( #2493 ), #7243 ) ;
#6561 = ORIENTED_EDGE ( 'NONE', *, *, #3710, .F. ) ;
#6562 = LINE ( 'NONE', #3356, #2303 ) ;
#6563 = EDGE_CURVE ( 'NONE', #5889, #2922, #7238, .T. ) ;
#6564 = VECTOR ( 'NONE', #3090, 1000.000000000000000 ) ;
#6565 = EDGE_CURVE ( 'NONE', #1571, #8370, #5968, .T. ) ;
#6566 = VERTEX_POINT ( 'NONE', #7319 ) ;
#6567 = DIRECTION ( 'NONE',  ( -0.000000000000000000, -0.000000000000000000, 1.000000000000000000 ) ) ;
#6568 = LINE ( 'NONE', #7248, #529 ) ;
#6569 = ORIENTED_EDGE ( 'NONE', *, *, #4703, .T. ) ;
#6570 = DIRECTION ( 'NONE',  ( -0.000000000000000000, -1.000000000000000000, -3.491483361109382461E-15 ) ) ;
#6571 = PRESENTATION_STYLE_ASSIGNMENT (( #2584 ) ) ;
#6572 = DIRECTION ( 'NONE',  ( 0.000000000000000000, 1.000000000000000000, 3.491483361109382461E-15 ) ) ;
#6573 = EDGE_CURVE ( 'NONE', #1571, #6631, #153, .T. ) ;
#6574 = FACE_OUTER_BOUND ( 'NONE', #1254, .T. ) ;
#6575 = CARTESIAN_POINT ( 'NONE',  ( 1.649999999999999911, 0.1499999999999973299, 0.7600000000000005640 ) ) ;
#6576 = VERTEX_POINT ( 'NONE', #4008 ) ;
#6577 = SURFACE_SIDE_STYLE ('',( #7222 ) ) ;
#6578 = CARTESIAN_POINT ( 'NONE',  ( -3.850000000000000089, 4.567664470424843937E-15, -1.300000000007812240 ) ) ;
#6579 = ADVANCED_FACE ( 'NONE', ( #3426 ), #7920, .T. ) ;
#6580 =( NAMED_UNIT ( * ) SI_UNIT ( $, .STERADIAN. ) SOLID_ANGLE_UNIT ( ) );
#6581 = PRESENTATION_LAYER_ASSIGNMENT (  '', '', ( #7124 ) ) ;
#6582 = FACE_OUTER_BOUND ( 'NONE', #3283, .T. ) ;
#6583 =( NAMED_UNIT ( * ) SI_UNIT ( $, .STERADIAN. ) SOLID_ANGLE_UNIT ( ) );
#6584 = DIRECTION ( 'NONE',  ( -0.000000000000000000, 1.000000000000000000, 3.491483361109382461E-15 ) ) ;
#6585 = DIRECTION ( 'NONE',  ( -1.000000000000000000, 8.287031413537035020E-31, -2.373498755813608300E-16 ) ) ;
#6586 = ORIENTED_EDGE ( 'NONE', *, *, #5942, .T. ) ;
#6587 = LINE ( 'NONE', #7272, #849 ) ;
#6588 = DIRECTION ( 'NONE',  ( -0.000000000000000000, -0.000000000000000000, -1.000000000000000000 ) ) ;
#6589 = CARTESIAN_POINT ( 'NONE',  ( -1.299999999999999822, 4.399269034997821530E-15, -1.259999999999999787 ) ) ;
#6590 = UNCERTAINTY_MEASURE_WITH_UNIT (LENGTH_MEASURE( 1.000000000000000082E-05 ), #6383, 'distance_accuracy_value', 'NONE');
#6591 = STYLED_ITEM ( 'NONE', ( #7229 ), #6486 ) ;
#6592 = DIRECTION ( 'NONE',  ( 0.000000000000000000, 3.491483361109382461E-15, -1.000000000000000000 ) ) ;
#6593 = DIRECTION ( 'NONE',  ( 1.000000000000000000, -0.000000000000000000, 0.000000000000000000 ) ) ;
#6594 = DIRECTION ( 'NONE',  ( 0.000000000000000000, 3.491483361109382461E-15, -1.000000000000000000 ) ) ;
#6595 = EDGE_LOOP ( 'NONE', ( #7492, #1645, #5502, #9 ) ) ;
#6596 = EDGE_LOOP ( 'NONE', ( #5347, #6081, #4796, #6679, #7974, #116 ) ) ;
#6597 = DIRECTION ( 'NONE',  ( 0.000000000000000000, 3.491483361109382855E-15, -1.000000000000000000 ) ) ;
#6598 = CYLINDRICAL_SURFACE ( 'NONE', #1001, 0.4000000000000001887 ) ;
#6599 = PRESENTATION_LAYER_ASSIGNMENT (  '', '', ( #2671 ) ) ;
#6600 = CARTESIAN_POINT ( 'NONE',  ( 2.750000000000000000, 1.399999999999997691, 0.8000000000000051514 ) ) ;
#6601 = UNCERTAINTY_MEASURE_WITH_UNIT (LENGTH_MEASURE( 1.000000000000000082E-05 ), #584, 'distance_accuracy_value', 'NONE');
#6602 = ORIENTED_EDGE ( 'NONE', *, *, #3674, .F. ) ;
#6603 =( NAMED_UNIT ( * ) PLANE_ANGLE_UNIT ( ) SI_UNIT ( $, .RADIAN. ) );
#6604 = DIRECTION ( 'NONE',  ( 0.000000000000000000, -1.000000000000000000, -4.336808689942013003E-15 ) ) ;
#6605 = EDGE_CURVE ( 'NONE', #3445, #4243, #4684, .T. ) ;
#6606 = PRESENTATION_LAYER_ASSIGNMENT (  '', '', ( #2542 ) ) ;
#6607 = CARTESIAN_POINT ( 'NONE',  ( 3.149999999945312545, 1.400000000000003464, -1.300099999999995148 ) ) ;
#6608 = ORIENTED_EDGE ( 'NONE', *, *, #2030, .T. ) ;
#6609 = CARTESIAN_POINT ( 'NONE',  ( 1.649999999999999911, 0.1499999999999973299, 0.7600000000000005640 ) ) ;
#6610 = EDGE_CURVE ( 'NONE', #3311, #1302, #813, .T. ) ;
#6611 = MECHANICAL_DESIGN_GEOMETRIC_PRESENTATION_REPRESENTATION (  '', ( #774 ), #6209 ) ;
#6612 = UNCERTAINTY_MEASURE_WITH_UNIT (LENGTH_MEASURE( 1.000000000000000082E-05 ), #1538, 'distance_accuracy_value', 'NONE');
#6613 = FILL_AREA_STYLE ('',( #5901 ) ) ;
#6614 = ORIENTED_EDGE ( 'NONE', *, *, #5771, .T. ) ;
#6615 =( LENGTH_UNIT ( ) NAMED_UNIT ( * ) SI_UNIT ( .MILLI., .METRE. ) );
#6616 = CARTESIAN_POINT ( 'NONE',  ( -3.150000000000000355, 0.7000000000104135145, 0.8000000000083373752 ) ) ;
#6617 = VERTEX_POINT ( 'NONE', #6009 ) ;
#6618 = CARTESIAN_POINT ( 'NONE',  ( 2.200000000000000178, -2.653527354443130891E-15, 0.7600000000000000089 ) ) ;
#6619 = FILL_AREA_STYLE ('',( #1449 ) ) ;
#6620 = CARTESIAN_POINT ( 'NONE',  ( -2.015766735999999781, 1.399999999999996136, 1.118366904000004602 ) ) ;
#6621 = SURFACE_SIDE_STYLE ('',( #2181 ) ) ;
#6622 = CARTESIAN_POINT ( 'NONE',  ( 0.4000000000000006328, 9.077856738884319693E-16, -0.2599999999999978439 ) ) ;
#6623 = DIRECTION ( 'NONE',  ( 0.000000000000000000, 1.000000000000000000, 3.491483361109382461E-15 ) ) ;
#6624 = COLOUR_RGB ( '',1.000000000000000000, 0.5019607843137254832, 0.000000000000000000 ) ;
#6625 = ORIENTED_EDGE ( 'NONE', *, *, #5421, .T. ) ;
#6626 = CARTESIAN_POINT ( 'NONE',  ( -1.430000000000000604, 1.400000000000004574, -1.299999999999995159 ) ) ;
#6627 =( LENGTH_UNIT ( ) NAMED_UNIT ( * ) SI_UNIT ( .MILLI., .METRE. ) );
#6628 = EDGE_CURVE ( 'NONE', #1529, #2565, #196, .T. ) ;
#6629 = CARTESIAN_POINT ( 'NONE',  ( -3.150000000004900436, 1.300000000015321344, 0.8000000000000048184 ) ) ;
#6630 = VECTOR ( 'NONE', #7302, 999.9999999999998863 ) ;
#6631 = VERTEX_POINT ( 'NONE', #6685 ) ;
#6632 = LINE ( 'NONE', #4722, #6266 ) ;
#6633 = MECHANICAL_DESIGN_GEOMETRIC_PRESENTATION_REPRESENTATION (  '', ( #2441 ), #5701 ) ;
#6634 = PRESENTATION_STYLE_ASSIGNMENT (( #4047 ) ) ;
#6635 = PRESENTATION_LAYER_ASSIGNMENT (  '', '', ( #399 ) ) ;
#6636 =( LENGTH_UNIT ( ) NAMED_UNIT ( * ) SI_UNIT ( .MILLI., .METRE. ) );
#6637 = SURFACE_STYLE_FILL_AREA ( #3392 ) ;
#6638 = DIRECTION ( 'NONE',  ( -0.000000000000000000, -0.000000000000000000, -1.000000000000000000 ) ) ;
#6639 = VECTOR ( 'NONE', #7770, 1000.000000000000000 ) ;
#6640 = DIRECTION ( 'NONE',  ( -0.000000000000000000, -0.000000000000000000, -1.000000000000000000 ) ) ;
#6641 = ORIENTED_EDGE ( 'NONE', *, *, #4744, .F. ) ;
#6642 = VERTEX_POINT ( 'NONE', #7358 ) ;
#6643 = AXIS2_PLACEMENT_3D ( 'NONE', #2530, #5891, #539 ) ;
#6644 =( NAMED_UNIT ( * ) PLANE_ANGLE_UNIT ( ) SI_UNIT ( $, .RADIAN. ) );
#6645 = LINE ( 'NONE', #2204, #3931 ) ;
#6646 = ORIENTED_EDGE ( 'NONE', *, *, #1769, .T. ) ;
#6647 = EDGE_LOOP ( 'NONE', ( #5373, #7257, #1916, #8219 ) ) ;
#6648 =( NAMED_UNIT ( * ) PLANE_ANGLE_UNIT ( ) SI_UNIT ( $, .RADIAN. ) );
#6649 = CARTESIAN_POINT ( 'NONE',  ( -1.429999999999996607, 1.199999999972995557, 0.9500000000000000666 ) ) ;
#6650 = ORIENTED_EDGE ( 'NONE', *, *, #4903, .F. ) ;
#6651 =( LENGTH_UNIT ( ) NAMED_UNIT ( * ) SI_UNIT ( .MILLI., .METRE. ) );
#6652 = STYLED_ITEM ( 'NONE', ( #5353 ), #308 ) ;
#6653 = EDGE_CURVE ( 'NONE', #7153, #8164, #4168, .T. ) ;
#6654 =( NAMED_UNIT ( * ) SI_UNIT ( $, .STERADIAN. ) SOLID_ANGLE_UNIT ( ) );
#6655 = EDGE_LOOP ( 'NONE', ( #7498, #1468, #2521, #2878 ) ) ;
#6656 = SURFACE_STYLE_FILL_AREA ( #6031 ) ;
#6657 = EDGE_CURVE ( 'NONE', #5740, #2322, #2237, .T. ) ;
#6658 = SURFACE_SIDE_STYLE ('',( #5349 ) ) ;
#6659 = VERTEX_POINT ( 'NONE', #6554 ) ;
#6660 = CARTESIAN_POINT ( 'NONE',  ( -3.350000000000000089, 0.2500000000333291728, -0.8999999999999991340 ) ) ;
#6661 = LINE ( 'NONE', #7298, #6093 ) ;
#6662 = VECTOR ( 'NONE', #635, 1000.000000000000000 ) ;
#6663 = LINE ( 'NONE', #5390, #4995 ) ;
#6664 = CARTESIAN_POINT ( 'NONE',  ( 1.400000000000000133, 0.7999999999999951594, 1.410000000000002807 ) ) ;
#6665 = DIRECTION ( 'NONE',  ( 1.000000000000000000, 0.000000000000000000, 0.000000000000000000 ) ) ;
#6666 = PLANE ( 'NONE',  #5420 ) ;
#6667 = MECHANICAL_DESIGN_GEOMETRIC_PRESENTATION_REPRESENTATION (  '', ( #1937 ), #3429 ) ;
#6668 = PRESENTATION_LAYER_ASSIGNMENT (  '', '', ( #5733 ) ) ;
#6669 = LINE ( 'NONE', #3457, #1768 ) ;
#6670 = FILL_AREA_STYLE_COLOUR ( '', #1033 ) ;
#6671 =( NAMED_UNIT ( * ) PLANE_ANGLE_UNIT ( ) SI_UNIT ( $, .RADIAN. ) );
#6672 = VECTOR ( 'NONE', #6680, 1000.000000000000000 ) ;
#6673 = EDGE_CURVE ( 'NONE', #81, #2282, #3350, .T. ) ;
#6674 =( NAMED_UNIT ( * ) PLANE_ANGLE_UNIT ( ) SI_UNIT ( $, .RADIAN. ) );
#6675 = CARTESIAN_POINT ( 'NONE',  ( -2.449999999999999289, 0.1500000000000076827, -2.199999999999999734 ) ) ;
#6676 = DIRECTION ( 'NONE',  ( 1.000000000000000000, -0.000000000000000000, 0.000000000000000000 ) ) ;
#6677 = PRESENTATION_LAYER_ASSIGNMENT (  '', '', ( #2346 ) ) ;
#6678 = VECTOR ( 'NONE', #2056, 1000.000000000000000 ) ;
#6679 = ORIENTED_EDGE ( 'NONE', *, *, #3919, .F. ) ;
#6680 = DIRECTION ( 'NONE',  ( 1.000000000000000000, -3.851859885464276129E-30, 1.084202171553767211E-15 ) ) ;
#6681 = FILL_AREA_STYLE ('',( #2107 ) ) ;
#6682 = DIRECTION ( 'NONE',  ( -1.000000000000000000, 0.000000000000000000, 0.000000000000000000 ) ) ;
#6683 = FILL_AREA_STYLE ('',( #1953 ) ) ;
#6684 =( GEOMETRIC_REPRESENTATION_CONTEXT ( 3 ) GLOBAL_UNCERTAINTY_ASSIGNED_CONTEXT ( ( #919 ) ) GLOBAL_UNIT_ASSIGNED_CONTEXT ( ( #3677, #4521, #62 ) ) REPRESENTATION_CONTEXT ( 'NONE', 'WORKASPACE' ) );
#6685 = CARTESIAN_POINT ( 'NONE',  ( -2.134233263780989098, 1.199999999999995959, 1.118366903932093592 ) ) ;
#6686 = ADVANCED_FACE ( 'NONE', ( #6582 ), #4671, .F. ) ;
#6687 = LINE ( 'NONE', #2067, #2867 ) ;
#6688 = ORIENTED_EDGE ( 'NONE', *, *, #4045, .F. ) ;
#6689 = PLANE ( 'NONE',  #3783 ) ;
#6690 = VECTOR ( 'NONE', #6762, 1000.000000000000000 ) ;
#6691 = VECTOR ( 'NONE', #7902, 1000.000000000000000 ) ;
#6692 = SURFACE_STYLE_USAGE ( .BOTH. , #4692 ) ;
#6693 = EDGE_CURVE ( 'NONE', #1469, #2119, #5912, .T. ) ;
#6694 = VERTEX_POINT ( 'NONE', #759 ) ;
#6695 = ORIENTED_EDGE ( 'NONE', *, *, #4927, .T. ) ;
#6696 = DIRECTION ( 'NONE',  ( 1.000000000000000000, 0.000000000000000000, 0.000000000000000000 ) ) ;
#6697 = COLOUR_RGB ( '',1.000000000000000000, 0.5019607843137254832, 0.000000000000000000 ) ;
#6698 = ORIENTED_EDGE ( 'NONE', *, *, #1297, .T. ) ;
#6699 = DIRECTION ( 'NONE',  ( 0.000000000000000000, -0.000000000000000000, 1.000000000000000000 ) ) ;
#6700 = CARTESIAN_POINT ( 'NONE',  ( -3.399999999999999911, 0.2500000000333288397, -2.200000000000000622 ) ) ;
#6701 = ORIENTED_EDGE ( 'NONE', *, *, #6425, .T. ) ;
#6702 = CARTESIAN_POINT ( 'NONE',  ( -0.7999999999999998224, 0.1500000000000004663, -0.1399999999999992917 ) ) ;
#6703 = ORIENTED_EDGE ( 'NONE', *, *, #446, .T. ) ;
#6704 = CARTESIAN_POINT ( 'NONE',  ( 0.7999999999999998224, 0.1500000000000004663, -0.1399999999999994027 ) ) ;
#6705 =( LENGTH_UNIT ( ) NAMED_UNIT ( * ) SI_UNIT ( .MILLI., .METRE. ) );
#6706 = PLANE ( 'NONE',  #590 ) ;
#6707 = PRESENTATION_STYLE_ASSIGNMENT (( #4712 ) ) ;
#6708 = SURFACE_STYLE_FILL_AREA ( #1083 ) ;
#6709 = CARTESIAN_POINT ( 'NONE',  ( 3.149999999999999911, 0.6499999999416713470, -0.7499999999999950040 ) ) ;
#6710 = DIRECTION ( 'NONE',  ( -0.000000000000000000, -1.000000000000000000, -0.000000000000000000 ) ) ;
#6711 = CARTESIAN_POINT ( 'NONE',  ( -1.430000000000000604, 1.400000000000004574, -1.299999999999995159 ) ) ;
#6712 = ADVANCED_FACE ( 'NONE', ( #50 ), #5870, .F. ) ;
#6713 = ORIENTED_EDGE ( 'NONE', *, *, #1398, .F. ) ;
#6714 = CARTESIAN_POINT ( 'NONE',  ( -3.350000000000000089, 0.7000000000000041744, -1.249999999999997558 ) ) ;
#6715 = FACE_OUTER_BOUND ( 'NONE', #1457, .T. ) ;
#6716 = EDGE_CURVE ( 'NONE', #7924, #1070, #3231, .T. ) ;
#6717 = PRESENTATION_STYLE_ASSIGNMENT (( #6007 ) ) ;
#6718 = CARTESIAN_POINT ( 'NONE',  ( 3.849999999999999645, 7.724940478959219092E-15, -2.200000000000000178 ) ) ;
#6719 = DIRECTION ( 'NONE',  ( 0.9551363835006682068, 1.060723538750876781E-15, -0.2961663196807908793 ) ) ;
#6720 = DIRECTION ( 'NONE',  ( -0.000000000000000000, -1.000000000000000000, -3.491483361109382461E-15 ) ) ;
#6721 = SURFACE_STYLE_USAGE ( .BOTH. , #198 ) ;
#6722 = LINE ( 'NONE', #6090, #7842 ) ;
#6723 = STYLED_ITEM ( 'NONE', ( #4977 ), #6312 ) ;
#6724 = ORIENTED_EDGE ( 'NONE', *, *, #6610, .T. ) ;
#6725 = EDGE_LOOP ( 'NONE', ( #758, #4203, #322, #4662 ) ) ;
#6726 = PLANE ( 'NONE',  #1763 ) ;
#6727 = FILL_AREA_STYLE_COLOUR ( '', #7637 ) ;
#6728 = EDGE_CURVE ( 'NONE', #1308, #4689, #5927, .T. ) ;
#6729 =( NAMED_UNIT ( * ) SI_UNIT ( $, .STERADIAN. ) SOLID_ANGLE_UNIT ( ) );
#6730 = MECHANICAL_DESIGN_GEOMETRIC_PRESENTATION_REPRESENTATION (  '', ( #1719 ), #1315 ) ;
#6731 = EDGE_LOOP ( 'NONE', ( #4264, #7773, #8097, #5985, #4592, #5423, #2957, #7516, #487, #2839, #5893, #208, #2013, #656, #6514, #7044, #8412, #3754, #688, #646, #3860, #3176, #6772, #7706, #6871, #5057, #450, #949 ) ) ;
#6732 = ORIENTED_EDGE ( 'NONE', *, *, #4750, .F. ) ;
#6733 = FILL_AREA_STYLE_COLOUR ( '', #8078 ) ;
#6734 =( LENGTH_UNIT ( ) NAMED_UNIT ( * ) SI_UNIT ( .MILLI., .METRE. ) );
#6735 = DIRECTION ( 'NONE',  ( 1.000000000000000000, -0.000000000000000000, 0.000000000000000000 ) ) ;
#6736 = ORIENTED_EDGE ( 'NONE', *, *, #7696, .F. ) ;
#6737 = ADVANCED_FACE ( 'NONE', ( #6542 ), #4080, .T. ) ;
#6738 = VECTOR ( 'NONE', #2860, 1000.000000000000000 ) ;
#6739 = DIRECTION ( 'NONE',  ( -0.000000000000000000, -0.000000000000000000, 1.000000000000000000 ) ) ;
#6740 = VECTOR ( 'NONE', #5140, 1000.000000000000000 ) ;
#6741 = ORIENTED_EDGE ( 'NONE', *, *, #4204, .T. ) ;
#6742 = DIRECTION ( 'NONE',  ( -0.000000000000000000, -0.000000000000000000, -1.000000000000000000 ) ) ;
#6743 = APPLICATION_CONTEXT ( 'automotive_design' ) ;
#6744 = CARTESIAN_POINT ( 'NONE',  ( -1.430100000000000815, 0.7899999999729954148, 0.9500000000000000666 ) ) ;
#6745 = VERTEX_POINT ( 'NONE', #3459 ) ;
#6746 = EDGE_CURVE ( 'NONE', #5433, #2047, #2138, .T. ) ;
#6747 = MECHANICAL_DESIGN_GEOMETRIC_PRESENTATION_REPRESENTATION (  '', ( #3917 ), #2844 ) ;
#6748 = COLOUR_RGB ( '',1.000000000000000000, 0.5019607843137254832, 0.000000000000000000 ) ;
#6749 = STYLED_ITEM ( 'NONE', ( #3492 ), #5552 ) ;
#6750 = SURFACE_STYLE_USAGE ( .BOTH. , #4805 ) ;
#6751 = PLANE ( 'NONE',  #5752 ) ;
#6752 = FILL_AREA_STYLE ('',( #8159 ) ) ;
#6753 = MECHANICAL_DESIGN_GEOMETRIC_PRESENTATION_REPRESENTATION (  '', ( #7158 ), #6077 ) ;
#6754 = ORIENTED_EDGE ( 'NONE', *, *, #3405, .T. ) ;
#6755 = CARTESIAN_POINT ( 'NONE',  ( -1.349305689560750032, 0.2500000000333291728, 0.8999999999015637631 ) ) ;
#6756 = FILL_AREA_STYLE_COLOUR ( '', #2946 ) ;
#6757 = VECTOR ( 'NONE', #6853, 1000.000000000000000 ) ;
#6758 = FACE_OUTER_BOUND ( 'NONE', #1655, .T. ) ;
#6759 = VERTEX_POINT ( 'NONE', #1542 ) ;
#6760 = FILL_AREA_STYLE_COLOUR ( '', #3170 ) ;
#6761 = VECTOR ( 'NONE', #1467, 1000.000000000000000 ) ;
#6762 = DIRECTION ( 'NONE',  ( 0.000000000000000000, 3.491483361109382461E-15, -1.000000000000000000 ) ) ;
#6763 = COLOUR_RGB ( '',1.000000000000000000, 0.5019607843137254832, 0.000000000000000000 ) ;
#6764 = EDGE_CURVE ( 'NONE', #1104, #5221, #7427, .T. ) ;
#6765 = LINE ( 'NONE', #7483, #8161 ) ;
#6766 = SURFACE_SIDE_STYLE ('',( #3179 ) ) ;
#6767 = PRESENTATION_STYLE_ASSIGNMENT (( #2239 ) ) ;
#6768 =( LENGTH_UNIT ( ) NAMED_UNIT ( * ) SI_UNIT ( .MILLI., .METRE. ) );
#6769 = PRESENTATION_STYLE_ASSIGNMENT (( #4188 ) ) ;
#6770 = EDGE_CURVE ( 'NONE', #1388, #5167, #6075, .T. ) ;
#6771 = DIRECTION ( 'NONE',  ( 0.000000000000000000, -3.491483361109382461E-15, 1.000000000000000000 ) ) ;
#6772 = ORIENTED_EDGE ( 'NONE', *, *, #3048, .T. ) ;
#6773 = DIRECTION ( 'NONE',  ( 0.000000000000000000, 1.000000000000000000, -0.000000000000000000 ) ) ;
#6774 = CARTESIAN_POINT ( 'NONE',  ( 3.149999999974999909, 1.300000000112495835, 1.250000000000004219 ) ) ;
#6775 = COLOUR_RGB ( '',0.000000000000000000, 0.000000000000000000, 1.000000000000000000 ) ;
#6776 = CARTESIAN_POINT ( 'NONE',  ( 3.149999999999999911, 1.300000000000004263, -1.249999999999996003 ) ) ;
#6777 = UNCERTAINTY_MEASURE_WITH_UNIT (LENGTH_MEASURE( 1.000000000000000082E-05 ), #7013, 'distance_accuracy_value', 'NONE');
#6778 = ORIENTED_EDGE ( 'NONE', *, *, #5959, .T. ) ;
#6779 =( GEOMETRIC_REPRESENTATION_CONTEXT ( 3 ) GLOBAL_UNCERTAINTY_ASSIGNED_CONTEXT ( ( #4149 ) ) GLOBAL_UNIT_ASSIGNED_CONTEXT ( ( #8134, #4235, #7489 ) ) REPRESENTATION_CONTEXT ( 'NONE', 'WORKASPACE' ) );
#6780 = FILL_AREA_STYLE_COLOUR ( '', #7119 ) ;
#6781 = EDGE_CURVE ( 'NONE', #743, #1767, #977, .T. ) ;
#6782 = DIRECTION ( 'NONE',  ( -0.000000000000000000, -1.000000000000000000, -3.491483361109382066E-15 ) ) ;
#6783 = CIRCLE ( 'NONE', #2182, 0.2999999999999999334 ) ;
#6784 = EDGE_LOOP ( 'NONE', ( #1737, #4111, #6614, #5610 ) ) ;
#6785 = MECHANICAL_DESIGN_GEOMETRIC_PRESENTATION_REPRESENTATION (  '', ( #7459 ), #7868 ) ;
#6786 = LINE ( 'NONE', #965, #6837 ) ;
#6787 = DIRECTION ( 'NONE',  ( 0.000000000000000000, 3.491483361109382461E-15, -1.000000000000000000 ) ) ;
#6788 = ORIENTED_EDGE ( 'NONE', *, *, #3764, .F. ) ;
#6789 = CARTESIAN_POINT ( 'NONE',  ( -3.850000000000000533, 4.582605454397209846E-15, -1.300000000125000055 ) ) ;
#6790 = VECTOR ( 'NONE', #4455, 1000.000000000000000 ) ;
#6791 = DIRECTION ( 'NONE',  ( 1.000000000000000000, -0.000000000000000000, 0.000000000000000000 ) ) ;
#6792 = ORIENTED_EDGE ( 'NONE', *, *, #5416, .F. ) ;
#6793 = CIRCLE ( 'NONE', #5174, 0.4000000000000001887 ) ;
#6794 = DIRECTION ( 'NONE',  ( -1.000000000000000000, 0.000000000000000000, 0.000000000000000000 ) ) ;
#6795 = CARTESIAN_POINT ( 'NONE',  ( -3.350000000000000089, 1.099999999971150944, -1.299999999999999822 ) ) ;
#6796 = SURFACE_STYLE_FILL_AREA ( #5522 ) ;
#6797 = CONICAL_SURFACE ( 'NONE', #3673, 0.3999999999564362030, 0.7853981633974456145 ) ;
#6798 = UNCERTAINTY_MEASURE_WITH_UNIT (LENGTH_MEASURE( 1.000000000000000082E-05 ), #2432, 'distance_accuracy_value', 'NONE');
#6799 = LINE ( 'NONE', #6197, #6113 ) ;
#6800 = ADVANCED_FACE ( 'NONE', ( #3539 ), #2941, .F. ) ;
#6801 = ORIENTED_EDGE ( 'NONE', *, *, #7928, .F. ) ;
#6802 = FILL_AREA_STYLE ('',( #3497 ) ) ;
#6803 = FILL_AREA_STYLE_COLOUR ( '', #7167 ) ;
#6804 = FILL_AREA_STYLE_COLOUR ( '', #90 ) ;
#6805 = VECTOR ( 'NONE', #2690, 1000.000000000000000 ) ;
#6806 = LINE ( 'NONE', #2313, #7602 ) ;
#6807 = ORIENTED_EDGE ( 'NONE', *, *, #2567, .F. ) ;
#6808 = CARTESIAN_POINT ( 'NONE',  ( 3.149999999999999911, 1.200000000000002620, -0.8000000000281206614 ) ) ;
#6809 = CARTESIAN_POINT ( 'NONE',  ( 2.134233263800003222, 1.399999999999996136, 1.118366903937989765 ) ) ;
#6810 = DIRECTION ( 'NONE',  ( 0.000000000000000000, -0.000000000000000000, 1.000000000000000000 ) ) ;
#6811 = SURFACE_STYLE_FILL_AREA ( #4975 ) ;
#6812 = AXIS2_PLACEMENT_3D ( 'NONE', #7957, #7870, #4179 ) ;
#6813 = DIRECTION ( 'NONE',  ( 0.000000000000000000, 3.491483361109382461E-15, -1.000000000000000000 ) ) ;
#6814 = CARTESIAN_POINT ( 'NONE',  ( -0.7999999999999998224, 0.1500000000000004663, -0.1399999999999992917 ) ) ;
#6815 = COLOUR_RGB ( '',1.000000000000000000, 1.000000000000000000, 1.000000000000000000 ) ;
#6816 =( NAMED_UNIT ( * ) SI_UNIT ( $, .STERADIAN. ) SOLID_ANGLE_UNIT ( ) );
#6817 = CARTESIAN_POINT ( 'NONE',  ( 3.149999999999999911, 1.300000000006629186, -0.7499999999999950040 ) ) ;
#6818 = AXIS2_PLACEMENT_3D ( 'NONE', #2004, #1367, #2549 ) ;
#6819 = EDGE_CURVE ( 'NONE', #2933, #4476, #301, .T. ) ;
#6820 = ORIENTED_EDGE ( 'NONE', *, *, #1608, .T. ) ;
#6821 = DIRECTION ( 'NONE',  ( -0.000000000000000000, -3.491483361109382461E-15, 1.000000000000000000 ) ) ;
#6822 = PRESENTATION_LAYER_ASSIGNMENT (  '', '', ( #183 ) ) ;
#6823 = CARTESIAN_POINT ( 'NONE',  ( 1.400000000000000133, 0.7999999999171827358, 0.9500000000000000666 ) ) ;
#6824 = ORIENTED_EDGE ( 'NONE', *, *, #6198, .F. ) ;
#6825 = VERTEX_POINT ( 'NONE', #2306 ) ;
#6826 = CARTESIAN_POINT ( 'NONE',  ( 7.335084747893197815E-30, 4.510630185875774896E-15, -1.300100000000000033 ) ) ;
#6827 = STYLED_ITEM ( 'NONE', ( #3872 ), #2466 ) ;
#6828 = STYLED_ITEM ( 'NONE', ( #5391 ), #1588 ) ;
#6829 = ADVANCED_FACE ( 'NONE', ( #6879 ), #4896, .F. ) ;
#6830 = ORIENTED_EDGE ( 'NONE', *, *, #4818, .T. ) ;
#6831 = LINE ( 'NONE', #6945, #1286 ) ;
#6832 = ADVANCED_FACE ( 'NONE', ( #7391 ), #7473, .T. ) ;
#6833 = COLOUR_RGB ( '',0.000000000000000000, 0.000000000000000000, 1.000000000000000000 ) ;
#6834 =( NAMED_UNIT ( * ) SI_UNIT ( $, .STERADIAN. ) SOLID_ANGLE_UNIT ( ) );
#6835 = ORIENTED_EDGE ( 'NONE', *, *, #4172, .T. ) ;
#6836 = ORIENTED_EDGE ( 'NONE', *, *, #866, .T. ) ;
#6837 = VECTOR ( 'NONE', #5216, 1000.000000000000000 ) ;
#6838 = CARTESIAN_POINT ( 'NONE',  ( 0.5500000000000001554, 0.1500000000000076827, -2.199999999999999734 ) ) ;
#6839 = DIRECTION ( 'NONE',  ( 0.000000000000000000, 1.000000000000000000, -0.000000000000000000 ) ) ;
#6840 = EDGE_CURVE ( 'NONE', #7863, #6759, #8371, .T. ) ;
#6841 = DIRECTION ( 'NONE',  ( 0.000000000000000000, -3.491483361109382461E-15, 1.000000000000000000 ) ) ;
#6842 = PRESENTATION_STYLE_ASSIGNMENT (( #4260 ) ) ;
#6843 = FACE_OUTER_BOUND ( 'NONE', #1815, .T. ) ;
#6844 = CARTESIAN_POINT ( 'NONE',  ( 2.134233263978255302, 1.200000000000003730, -1.118366903743031937 ) ) ;
#6845 = DIRECTION ( 'NONE',  ( -0.000000000000000000, -0.000000000000000000, -1.000000000000000000 ) ) ;
#6846 = LINE ( 'NONE', #7396, #822 ) ;
#6847 = ORIENTED_EDGE ( 'NONE', *, *, #5608, .F. ) ;
#6848 = EDGE_CURVE ( 'NONE', #4338, #8059, #2428, .T. ) ;
#6849 = CARTESIAN_POINT ( 'NONE',  ( 1.350000000000000089, 0.1499999999999973299, 0.7600000000000005640 ) ) ;
#6850 = DIRECTION ( 'NONE',  ( 0.000000000000000000, 3.491483361109382461E-15, -1.000000000000000000 ) ) ;
#6851 = DIRECTION ( 'NONE',  ( 0.000000000000000000, 3.491483361109382461E-15, -1.000000000000000000 ) ) ;
#6852 = DIRECTION ( 'NONE',  ( 0.000000000000000000, 1.000000000000000000, 0.000000000000000000 ) ) ;
#6853 = DIRECTION ( 'NONE',  ( -0.000000000000000000, -1.000000000000000000, -0.000000000000000000 ) ) ;
#6854 = CARTESIAN_POINT ( 'NONE',  ( 2.719999998833332988, 1.400000000000002576, -0.7499999999999950040 ) ) ;
#6855 = ORIENTED_EDGE ( 'NONE', *, *, #7190, .T. ) ;
#6856 = CARTESIAN_POINT ( 'NONE',  ( -1.429999999999996607, 1.199999999972995557, 0.9500000000000000666 ) ) ;
#6857 = MECHANICAL_DESIGN_GEOMETRIC_PRESENTATION_REPRESENTATION (  '', ( #5777 ), #3213 ) ;
#6858 = CARTESIAN_POINT ( 'NONE',  ( 1.430100000000000593, 1.199999999972995557, 1.300000000000000266 ) ) ;
#6859 = EDGE_LOOP ( 'NONE', ( #4399, #3676, #7660, #3997 ) ) ;
#6860 = ORIENTED_EDGE ( 'NONE', *, *, #2509, .F. ) ;
#6861 = PRESENTATION_STYLE_ASSIGNMENT (( #4800 ) ) ;
#6862 = LINE ( 'NONE', #6224, #7377 ) ;
#6863 = MECHANICAL_DESIGN_GEOMETRIC_PRESENTATION_REPRESENTATION (  '', ( #6591 ), #8228 ) ;
#6864 = SURFACE_SIDE_STYLE ('',( #5045 ) ) ;
#6865 = EDGE_CURVE ( 'NONE', #8323, #1876, #6918, .T. ) ;
#6866 = DIRECTION ( 'NONE',  ( -0.000000000000000000, -1.000000000000000000, -3.491483361109382461E-15 ) ) ;
#6867 = EDGE_LOOP ( 'NONE', ( #8137, #4309, #8012, #2945 ) ) ;
#6868 = CARTESIAN_POINT ( 'NONE',  ( 0.4000000000000006328, 9.077856738884319693E-16, -0.2599999999999978439 ) ) ;
#6869 =( GEOMETRIC_REPRESENTATION_CONTEXT ( 3 ) GLOBAL_UNCERTAINTY_ASSIGNED_CONTEXT ( ( #7722 ) ) GLOBAL_UNIT_ASSIGNED_CONTEXT ( ( #7306, #1971, #3295 ) ) REPRESENTATION_CONTEXT ( 'NONE', 'WORKASPACE' ) );
#6870 = CARTESIAN_POINT ( 'NONE',  ( 2.049999999999999822, 0.1500000000000076827, -2.199999999999999734 ) ) ;
#6871 = ORIENTED_EDGE ( 'NONE', *, *, #7612, .T. ) ;
#6872 = ADVANCED_FACE ( 'NONE', ( #3732 ), #7045, .T. ) ;
#6873 = CARTESIAN_POINT ( 'NONE',  ( 1.500000000000000000, -0.3000000001520651272, -0.3999999999564371467 ) ) ;
#6874 = CARTESIAN_POINT ( 'NONE',  ( 3.399999999999999911, 0.2500000000333288397, -1.299999999999999156 ) ) ;
#6875 = DIRECTION ( 'NONE',  ( 0.000000000000000000, -1.000000000000000000, -3.491483361109382461E-15 ) ) ;
#6876 = UNCERTAINTY_MEASURE_WITH_UNIT (LENGTH_MEASURE( 1.000000000000000082E-05 ), #1860, 'distance_accuracy_value', 'NONE');
#6877 = PRESENTATION_STYLE_ASSIGNMENT (( #4292 ) ) ;
#6878 = ORIENTED_EDGE ( 'NONE', *, *, #2260, .T. ) ;
#6879 = FACE_OUTER_BOUND ( 'NONE', #5243, .T. ) ;
#6880 = DIRECTION ( 'NONE',  ( 0.000000000000000000, 1.000000000000000000, 3.491483361109382461E-15 ) ) ;
#6881 = DIRECTION ( 'NONE',  ( 0.000000000000000000, 3.491483361109382461E-15, -1.000000000000000000 ) ) ;
#6882 = VERTEX_POINT ( 'NONE', #2464 ) ;
#6883 = VECTOR ( 'NONE', #282, 1000.000000000000000 ) ;
#6884 = CARTESIAN_POINT ( 'NONE',  ( -0.7999999999999998224, 4.888076705553128898E-16, -0.1399999999999997913 ) ) ;
#6885 = ORIENTED_EDGE ( 'NONE', *, *, #2434, .T. ) ;
#6886 = DIRECTION ( 'NONE',  ( 0.000000000000000000, 1.000000000000000000, 0.000000000000000000 ) ) ;
#6887 = DIRECTION ( 'NONE',  ( 0.000000000000000000, -0.7071067811865506814, 0.7071067811865443531 ) ) ;
#6888 = VECTOR ( 'NONE', #5040, 1000.000000000000000 ) ;
#6889 = VECTOR ( 'NONE', #3829, 1000.000000000000000 ) ;
#6890 = FACE_OUTER_BOUND ( 'NONE', #1600, .T. ) ;
#6891 = EDGE_CURVE ( 'NONE', #3685, #6694, #5056, .T. ) ;
#6892 = CARTESIAN_POINT ( 'NONE',  ( -3.150000000000000355, 0.6500000000000025757, -1.299999999999995159 ) ) ;
#6893 = AXIS2_PLACEMENT_3D ( 'NONE', #892, #434, #6167 ) ;
#6894 = CARTESIAN_POINT ( 'NONE',  ( 2.200000000000000178, 0.1499999999999973299, 0.7600000000000005640 ) ) ;
#6895 = CARTESIAN_POINT ( 'NONE',  ( -1.500000000000000000, -1.342383235819478118E-15, 0.4000000000000002998 ) ) ;
#6896 = VERTEX_POINT ( 'NONE', #1836 ) ;
#6897 = VECTOR ( 'NONE', #129, 999.9999999999998863 ) ;
#6898 = FACE_OUTER_BOUND ( 'NONE', #5801, .T. ) ;
#6899 = CARTESIAN_POINT ( 'NONE',  ( 3.399999999999999911, 0.2500000000333288397, 1.299900000000000055 ) ) ;
#6900 = VERTEX_POINT ( 'NONE', #4418 ) ;
#6901 = STYLED_ITEM ( 'NONE', ( #499 ), #7968 ) ;
#6902 = ORIENTED_EDGE ( 'NONE', *, *, #5176, .F. ) ;
#6903 = MECHANICAL_DESIGN_GEOMETRIC_PRESENTATION_REPRESENTATION (  '', ( #7308 ), #5007 ) ;
#6904 = ORIENTED_EDGE ( 'NONE', *, *, #5907, .F. ) ;
#6905 = FACE_OUTER_BOUND ( 'NONE', #2299, .T. ) ;
#6906 = DIRECTION ( 'NONE',  ( 0.000000000000000000, 0.000000000000000000, -1.000000000000000000 ) ) ;
#6907 = CARTESIAN_POINT ( 'NONE',  ( -1.500000000000000000, -0.5000000000450179893, -0.2000000000634864217 ) ) ;
#6908 = ORIENTED_EDGE ( 'NONE', *, *, #7992, .T. ) ;
#6909 = VECTOR ( 'NONE', #2681, 1000.000000000000000 ) ;
#6910 = VERTEX_POINT ( 'NONE', #5095 ) ;
#6911 = EDGE_CURVE ( 'NONE', #3546, #3601, #6196, .T. ) ;
#6912 = DIRECTION ( 'NONE',  ( 8.659560563585505334E-17, 0.7071067810860657277, -0.7071067812870293068 ) ) ;
#6913 = SURFACE_STYLE_USAGE ( .BOTH. , #2345 ) ;
#6914 = AXIS2_PLACEMENT_3D ( 'NONE', #5327, #3504, #104 ) ;
#6915 = SURFACE_SIDE_STYLE ('',( #6371 ) ) ;
#6916 = VECTOR ( 'NONE', #5523, 1000.000000000000000 ) ;
#6917 = EDGE_CURVE ( 'NONE', #1469, #6948, #4968, .T. ) ;
#6918 = LINE ( 'NONE', #7727, #3624 ) ;
#6919 = DIRECTION ( 'NONE',  ( 0.000000000000000000, -3.491483361109382461E-15, 1.000000000000000000 ) ) ;
#6920 = DIRECTION ( 'NONE',  ( 0.000000000000000000, 1.000000000000000000, 3.491483361109382066E-15 ) ) ;
#6921 = ORIENTED_EDGE ( 'NONE', *, *, #2562, .F. ) ;
#6922 = CARTESIAN_POINT ( 'NONE',  ( -1.500000000000000000, 5.421010862427522170E-17, 1.800832703444117038E-16 ) ) ;
#6923 = STYLED_ITEM ( 'NONE', ( #7502 ), #4184 ) ;
#6924 = SURFACE_SIDE_STYLE ('',( #7557 ) ) ;
#6925 = DIRECTION ( 'NONE',  ( 0.000000000000000000, -3.252606517456511724E-15, 1.000000000000000000 ) ) ;
#6926 = MECHANICAL_DESIGN_GEOMETRIC_PRESENTATION_REPRESENTATION (  '', ( #6523 ), #8305 ) ;
#6927 = EDGE_CURVE ( 'NONE', #1308, #5098, #1237, .T. ) ;
#6928 = MECHANICAL_DESIGN_GEOMETRIC_PRESENTATION_REPRESENTATION (  '', ( #7211 ), #4493 ) ;
#6929 = CARTESIAN_POINT ( 'NONE',  ( -2.749999999906561854, 1.199999999984378674, -0.9000000001634330671 ) ) ;
#6930 = FILL_AREA_STYLE ('',( #2438 ) ) ;
#6931 = SURFACE_SIDE_STYLE ('',( #5030 ) ) ;
#6932 = VECTOR ( 'NONE', #502, 1000.000000000000000 ) ;
#6933 = VERTEX_POINT ( 'NONE', #3074 ) ;
#6934 = FILL_AREA_STYLE_COLOUR ( '', #6500 ) ;
#6935 = CARTESIAN_POINT ( 'NONE',  ( -1.350000000000000089, 0.1499999999999986899, 0.3708099243547838819 ) ) ;
#6936 = CARTESIAN_POINT ( 'NONE',  ( 2.750000000000000000, 1.399999999999997025, 0.9000000000000049072 ) ) ;
#6937 = EDGE_CURVE ( 'NONE', #5915, #6014, #1098, .T. ) ;
#6938 = ORIENTED_EDGE ( 'NONE', *, *, #3963, .F. ) ;
#6939 = MECHANICAL_DESIGN_GEOMETRIC_PRESENTATION_REPRESENTATION (  '', ( #2609 ), #2211 ) ;
#6940 = VERTEX_POINT ( 'NONE', #2545 ) ;
#6941 = SURFACE_STYLE_USAGE ( .BOTH. , #4989 ) ;
#6942 =( LENGTH_UNIT ( ) NAMED_UNIT ( * ) SI_UNIT ( .MILLI., .METRE. ) );
#6943 = ORIENTED_EDGE ( 'NONE', *, *, #2699, .F. ) ;
#6944 = AXIS2_PLACEMENT_3D ( 'NONE', #4858, #1633, #6810 ) ;
#6945 = CARTESIAN_POINT ( 'NONE',  ( 0.9299999998062502549, 1.399999999999995470, 1.300000000000005151 ) ) ;
#6946 = CARTESIAN_POINT ( 'NONE',  ( 1.400000000000000133, 1.199999999986495647, 1.100000000000004086 ) ) ;
#6947 =( LENGTH_UNIT ( ) NAMED_UNIT ( * ) SI_UNIT ( .MILLI., .METRE. ) );
#6948 = VERTEX_POINT ( 'NONE', #601 ) ;
#6949 = MECHANICAL_DESIGN_GEOMETRIC_PRESENTATION_REPRESENTATION (  '', ( #6827 ), #5058 ) ;
#6950 = SURFACE_SIDE_STYLE ('',( #457 ) ) ;
#6951 = VECTOR ( 'NONE', #6364, 1000.000000000000000 ) ;
#6952 = DIRECTION ( 'NONE',  ( 1.000000000000000000, -0.000000000000000000, 0.000000000000000000 ) ) ;
#6953 = ORIENTED_EDGE ( 'NONE', *, *, #617, .F. ) ;
#6954 = DIRECTION ( 'NONE',  ( -0.000000000000000000, -0.000000000000000000, -1.000000000000000000 ) ) ;
#6955 = AXIS2_PLACEMENT_3D ( 'NONE', #2192, #7518, #5531 ) ;
#6956 = CARTESIAN_POINT ( 'NONE',  ( 0.09999999999999982514, 0.2999999999999950484, 1.410000000000001030 ) ) ;
#6957 =( GEOMETRIC_REPRESENTATION_CONTEXT ( 3 ) GLOBAL_UNCERTAINTY_ASSIGNED_CONTEXT ( ( #3406 ) ) GLOBAL_UNIT_ASSIGNED_CONTEXT ( ( #3201, #1278, #2498 ) ) REPRESENTATION_CONTEXT ( 'NONE', 'WORKASPACE' ) );
#6958 = DIRECTION ( 'NONE',  ( 0.000000000000000000, 0.000000000000000000, 1.000000000000000000 ) ) ;
#6959 = UNCERTAINTY_MEASURE_WITH_UNIT (LENGTH_MEASURE( 1.000000000000000082E-05 ), #2600, 'distance_accuracy_value', 'NONE');
#6960 = CARTESIAN_POINT ( 'NONE',  ( 3.349999999999999645, 1.303599999999995651, 1.250000000000004219 ) ) ;
#6961 = ORIENTED_EDGE ( 'NONE', *, *, #4554, .F. ) ;
#6962 =( NAMED_UNIT ( * ) PLANE_ANGLE_UNIT ( ) SI_UNIT ( $, .RADIAN. ) );
#6963 = AXIS2_PLACEMENT_3D ( 'NONE', #7216, #876, #744 ) ;
#6964 =( LENGTH_UNIT ( ) NAMED_UNIT ( * ) SI_UNIT ( .MILLI., .METRE. ) );
#6965 =( NAMED_UNIT ( * ) SI_UNIT ( $, .STERADIAN. ) SOLID_ANGLE_UNIT ( ) );
#6966 =( LENGTH_UNIT ( ) NAMED_UNIT ( * ) SI_UNIT ( .MILLI., .METRE. ) );
#6967 = FILL_AREA_STYLE_COLOUR ( '', #2487 ) ;
#6968 = VECTOR ( 'NONE', #5846, 1000.000000000000000 ) ;
#6969 = CARTESIAN_POINT ( 'NONE',  ( -1.350000000000000089, 0.1499999999999973299, 0.7600000000000001199 ) ) ;
#6970 = UNCERTAINTY_MEASURE_WITH_UNIT (LENGTH_MEASURE( 1.000000000000000082E-05 ), #2476, 'distance_accuracy_value', 'NONE');
#6971 = EDGE_CURVE ( 'NONE', #3068, #3448, #5781, .T. ) ;
#6972 = PRESENTATION_STYLE_ASSIGNMENT (( #4270 ) ) ;
#6973 = SURFACE_SIDE_STYLE ('',( #2279 ) ) ;
#6974 = DIRECTION ( 'NONE',  ( 2.274550012207352473E-16, -1.000000000000000000, 0.000000000000000000 ) ) ;
#6975 = PRESENTATION_STYLE_ASSIGNMENT (( #3219 ) ) ;
#6976 = ORIENTED_EDGE ( 'NONE', *, *, #3968, .F. ) ;
#6977 = EDGE_CURVE ( 'NONE', #5297, #4200, #102, .T. ) ;
#6978 = CARTESIAN_POINT ( 'NONE',  ( -1.196026316928586519, 9.619957825127142908E-16, -0.2599999999999997868 ) ) ;
#6979 = CARTESIAN_POINT ( 'NONE',  ( 2.850000000000000089, 1.399999999999997691, 0.8000000000000051514 ) ) ;
#6980 = VERTEX_POINT ( 'NONE', #3033 ) ;
#6981 = ORIENTED_EDGE ( 'NONE', *, *, #1791, .T. ) ;
#6982 = SURFACE_SIDE_STYLE ('',( #4401 ) ) ;
#6983 = FILL_AREA_STYLE_COLOUR ( '', #7087 ) ;
#6984 = DIRECTION ( 'NONE',  ( 1.084202172645475762E-15, -1.000000000000000000, -3.491483361109382461E-15 ) ) ;
#6985 = ORIENTED_EDGE ( 'NONE', *, *, #1824, .T. ) ;
#6986 = DIRECTION ( 'NONE',  ( 0.9551363832298090939, -1.060723539345502776E-15, 0.2961663205543114685 ) ) ;
#6987 = LINE ( 'NONE', #3153, #5483 ) ;
#6988 = LINE ( 'NONE', #8229, #4332 ) ;
#6989 =( GEOMETRIC_REPRESENTATION_CONTEXT ( 3 ) GLOBAL_UNCERTAINTY_ASSIGNED_CONTEXT ( ( #2543 ) ) GLOBAL_UNIT_ASSIGNED_CONTEXT ( ( #7329, #6603, #7975 ) ) REPRESENTATION_CONTEXT ( 'NONE', 'WORKASPACE' ) );
#6990 = CARTESIAN_POINT ( 'NONE',  ( 0.09999999999999982514, 0.2999999999921820759, 1.410000000023438949 ) ) ;
#6991 = ORIENTED_EDGE ( 'NONE', *, *, #6977, .T. ) ;
#6992 = DIRECTION ( 'NONE',  ( 0.000000000000000000, 1.000000000000000000, 0.000000000000000000 ) ) ;
#6993 = EDGE_CURVE ( 'NONE', #3077, #5110, #5613, .T. ) ;
#6994 = SURFACE_STYLE_USAGE ( .BOTH. , #6279 ) ;
#6995 = ORIENTED_EDGE ( 'NONE', *, *, #3420, .T. ) ;
#6996 = LINE ( 'NONE', #1183, #4524 ) ;
#6997 =( NAMED_UNIT ( * ) PLANE_ANGLE_UNIT ( ) SI_UNIT ( $, .RADIAN. ) );
#6998 = PRESENTATION_LAYER_ASSIGNMENT (  '', '', ( #2271 ) ) ;
#6999 = DIRECTION ( 'NONE',  ( 1.000000000000000000, -0.000000000000000000, 0.000000000000000000 ) ) ;
#7000 = SURFACE_STYLE_FILL_AREA ( #8333 ) ;
#7001 = ADVANCED_FACE ( 'NONE', ( #82 ), #1320, .F. ) ;
#7002 = MECHANICAL_DESIGN_GEOMETRIC_PRESENTATION_REPRESENTATION (  '', ( #2955 ), #3884 ) ;
#7003 = PRESENTATION_STYLE_ASSIGNMENT (( #639 ) ) ;
#7004 = FILL_AREA_STYLE_COLOUR ( '', #1682 ) ;
#7005 = PRESENTATION_STYLE_ASSIGNMENT (( #2474 ) ) ;
#7006 = DIRECTION ( 'NONE',  ( 1.000000000000000000, -0.000000000000000000, 0.000000000000000000 ) ) ;
#7007 = UNCERTAINTY_MEASURE_WITH_UNIT (LENGTH_MEASURE( 1.000000000000000082E-05 ), #7705, 'distance_accuracy_value', 'NONE');
#7008 = VECTOR ( 'NONE', #5431, 1000.000000000000000 ) ;
#7009 = VERTEX_POINT ( 'NONE', #1965 ) ;
#7010 = FACE_OUTER_BOUND ( 'NONE', #1966, .T. ) ;
#7011 = CARTESIAN_POINT ( 'NONE',  ( -3.150000000000000355, 1.199999999999997291, 0.7500000000000041078 ) ) ;
#7012 = VERTEX_POINT ( 'NONE', #3244 ) ;
#7013 =( LENGTH_UNIT ( ) NAMED_UNIT ( * ) SI_UNIT ( .MILLI., .METRE. ) );
#7014 = CARTESIAN_POINT ( 'NONE',  ( -2.749999999919999549, 1.400000000000003020, -0.9000000001434328434 ) ) ;
#7015 =( LENGTH_UNIT ( ) NAMED_UNIT ( * ) SI_UNIT ( .MILLI., .METRE. ) );
#7016 = AXIS2_PLACEMENT_3D ( 'NONE', #6443, #1956, #2663 ) ;
#7017 = CARTESIAN_POINT ( 'NONE',  ( 0.7999999999999999334, 0.1499999999999973299, 0.7600000000000005640 ) ) ;
#7018 = VERTEX_POINT ( 'NONE', #5225 ) ;
#7019 = STYLED_ITEM ( 'NONE', ( #5753 ), #5363 ) ;
#7020 = ORIENTED_EDGE ( 'NONE', *, *, #6269, .T. ) ;
#7021 = UNCERTAINTY_MEASURE_WITH_UNIT (LENGTH_MEASURE( 1.000000000000000082E-05 ), #7132, 'distance_accuracy_value', 'NONE');
#7022 = ADVANCED_FACE ( 'NONE', ( #6574 ), #3899, .T. ) ;
#7023 = SURFACE_STYLE_USAGE ( .BOTH. , #7700 ) ;
#7024 = DIRECTION ( 'NONE',  ( 0.000000000000000000, 1.000000000000000000, 3.491483361109382461E-15 ) ) ;
#7025 =( GEOMETRIC_REPRESENTATION_CONTEXT ( 3 ) GLOBAL_UNCERTAINTY_ASSIGNED_CONTEXT ( ( #7522 ) ) GLOBAL_UNIT_ASSIGNED_CONTEXT ( ( #5121, #3641, #659 ) ) REPRESENTATION_CONTEXT ( 'NONE', 'WORKASPACE' ) );
#7026 = STYLED_ITEM ( 'NONE', ( #6183 ), #7448 ) ;
#7027 = DIRECTION ( 'NONE',  ( 0.000000000000000000, -1.000000000000000000, -3.491483361109382461E-15 ) ) ;
#7028 = ORIENTED_EDGE ( 'NONE', *, *, #4072, .F. ) ;
#7029 = MECHANICAL_DESIGN_GEOMETRIC_PRESENTATION_REPRESENTATION (  '', ( #2168 ), #7169 ) ;
#7030 = SURFACE_STYLE_FILL_AREA ( #5125 ) ;
#7031 = CARTESIAN_POINT ( 'NONE',  ( -3.850000000000000533, 0.1999999999999970690, 0.9000000000000010214 ) ) ;
#7032 = AXIS2_PLACEMENT_3D ( 'NONE', #63, #7197, #6594 ) ;
#7033 = MECHANICAL_DESIGN_GEOMETRIC_PRESENTATION_REPRESENTATION (  '', ( #2300 ), #7305 ) ;
#7034 = UNCERTAINTY_MEASURE_WITH_UNIT (LENGTH_MEASURE( 1.000000000000000082E-05 ), #1673, 'distance_accuracy_value', 'NONE');
#7035 = EDGE_CURVE ( 'NONE', #4634, #291, #6466, .T. ) ;
#7036 = ORIENTED_EDGE ( 'NONE', *, *, #2614, .T. ) ;
#7037 =( NAMED_UNIT ( * ) SI_UNIT ( $, .STERADIAN. ) SOLID_ANGLE_UNIT ( ) );
#7038 = CARTESIAN_POINT ( 'NONE',  ( 0.5500000000000001554, 0.1500000000000076827, -2.199999999999999734 ) ) ;
#7039 = EDGE_LOOP ( 'NONE', ( #6981, #3137, #1944, #4414 ) ) ;
#7040 = CARTESIAN_POINT ( 'NONE',  ( 3.149999999967187936, 1.400000000000002798, -0.8000000000121048060 ) ) ;
#7041 = PRESENTATION_LAYER_ASSIGNMENT (  '', '', ( #2311 ) ) ;
#7042 = UNCERTAINTY_MEASURE_WITH_UNIT (LENGTH_MEASURE( 1.000000000000000082E-05 ), #5150, 'distance_accuracy_value', 'NONE');
#7043 =( GEOMETRIC_REPRESENTATION_CONTEXT ( 3 ) GLOBAL_UNCERTAINTY_ASSIGNED_CONTEXT ( ( #4999 ) ) GLOBAL_UNIT_ASSIGNED_CONTEXT ( ( #6336, #6379, #1840 ) ) REPRESENTATION_CONTEXT ( 'NONE', 'WORKASPACE' ) );
#7044 = ORIENTED_EDGE ( 'NONE', *, *, #1958, .T. ) ;
#7045 = PLANE ( 'NONE',  #4176 ) ;
#7046 = STYLED_ITEM ( 'NONE', ( #1413 ), #3651 ) ;
#7047 = FACE_OUTER_BOUND ( 'NONE', #6181, .T. ) ;
#7048 = DIRECTION ( 'NONE',  ( 0.000000000000000000, 3.523657060577887438E-15, -1.000000000000000000 ) ) ;
#7049 = FACE_OUTER_BOUND ( 'NONE', #6111, .T. ) ;
#7050 = STYLED_ITEM ( 'NONE', ( #5375 ), #3140 ) ;
#7051 = DIRECTION ( 'NONE',  ( 0.000000000000000000, 3.491483361109382461E-15, -1.000000000000000000 ) ) ;
#7052 = CARTESIAN_POINT ( 'NONE',  ( -1.196026316928586519, 0.1500000000000008826, -0.2599999999999990652 ) ) ;
#7053 =( GEOMETRIC_REPRESENTATION_CONTEXT ( 3 ) GLOBAL_UNCERTAINTY_ASSIGNED_CONTEXT ( ( #2709 ) ) GLOBAL_UNIT_ASSIGNED_CONTEXT ( ( #2427, #6997, #4499 ) ) REPRESENTATION_CONTEXT ( 'NONE', 'WORKASPACE' ) );
#7054 = ADVANCED_FACE ( 'NONE', ( #127 ), #2722, .F. ) ;
#7055 = CYLINDRICAL_SURFACE ( 'NONE', #670, 0.2000000000000000944 ) ;
#7056 = LINE ( 'NONE', #7644, #801 ) ;
#7057 = ORIENTED_EDGE ( 'NONE', *, *, #2220, .T. ) ;
#7058 =( NAMED_UNIT ( * ) PLANE_ANGLE_UNIT ( ) SI_UNIT ( $, .RADIAN. ) );
#7059 = VECTOR ( 'NONE', #5300, 1000.000000000000000 ) ;
#7060 = DIRECTION ( 'NONE',  ( -0.000000000000000000, -0.000000000000000000, -1.000000000000000000 ) ) ;
#7061 = EDGE_LOOP ( 'NONE', ( #241, #2610, #4673, #3839 ) ) ;
#7062 =( NAMED_UNIT ( * ) SI_UNIT ( $, .STERADIAN. ) SOLID_ANGLE_UNIT ( ) );
#7063 = AXIS2_PLACEMENT_3D ( 'NONE', #7239, #6592, #2151 ) ;
#7064 = SURFACE_SIDE_STYLE ('',( #2517 ) ) ;
#7065 = CARTESIAN_POINT ( 'NONE',  ( -3.850000000000000533, 1.199999999949995733, 1.300000000000004485 ) ) ;
#7066 = SURFACE_STYLE_USAGE ( .BOTH. , #1855 ) ;
#7067 = ORIENTED_EDGE ( 'NONE', *, *, #4610, .T. ) ;
#7068 = LINE ( 'NONE', #8353, #275 ) ;
#7069 = PRESENTATION_STYLE_ASSIGNMENT (( #7023 ) ) ;
#7070 = AXIS2_PLACEMENT_3D ( 'NONE', #5564, #7585, #1787 ) ;
#7071 = AXIS2_PLACEMENT_3D ( 'NONE', #3657, #980, #1585 ) ;
#7072 = ORIENTED_EDGE ( 'NONE', *, *, #7360, .T. ) ;
#7073 = LINE ( 'NONE', #4648, #5274 ) ;
#7074 = DIRECTION ( 'NONE',  ( -1.000000000000000000, 0.000000000000000000, 0.000000000000000000 ) ) ;
#7075 = VECTOR ( 'NONE', #6886, 1000.000000000000000 ) ;
#7076 = SURFACE_STYLE_USAGE ( .BOTH. , #67 ) ;
#7077 = DIRECTION ( 'NONE',  ( 0.000000000000000000, 3.491483361109382461E-15, -1.000000000000000000 ) ) ;
#7078 = ORIENTED_EDGE ( 'NONE', *, *, #5306, .T. ) ;
#7079 = SURFACE_SIDE_STYLE ('',( #7756 ) ) ;
#7080 =( NAMED_UNIT ( * ) SI_UNIT ( $, .STERADIAN. ) SOLID_ANGLE_UNIT ( ) );
#7081 = EDGE_CURVE ( 'NONE', #4115, #1616, #6190, .T. ) ;
#7082 = PRESENTATION_STYLE_ASSIGNMENT (( #6994 ) ) ;
#7083 = EDGE_LOOP ( 'NONE', ( #5343, #600, #726, #2081 ) ) ;
#7084 = CARTESIAN_POINT ( 'NONE',  ( -3.350000000000000089, 0.6499999998777823418, -1.299999999999999822 ) ) ;
#7085 = EDGE_CURVE ( 'NONE', #2287, #6980, #1614, .T. ) ;
#7086 = FACE_BOUND ( 'NONE', #5186, .T. ) ;
#7087 = COLOUR_RGB ( '',1.000000000000000000, 0.5019607843137254832, 0.000000000000000000 ) ;
#7088 = DIRECTION ( 'NONE',  ( -6.328271240989648137E-11, -1.000000000000000000, 0.000000000000000000 ) ) ;
#7089 = ORIENTED_EDGE ( 'NONE', *, *, #714, .T. ) ;
#7090 = CARTESIAN_POINT ( 'NONE',  ( 3.149999999999999911, 1.300000000000004263, -1.249999999993746114 ) ) ;
#7091 = VERTEX_POINT ( 'NONE', #6702 ) ;
#7092 = VECTOR ( 'NONE', #100, 1000.000000000000000 ) ;
#7093 = AXIS2_PLACEMENT_3D ( 'NONE', #769, #3427, #2785 ) ;
#7094 = DIRECTION ( 'NONE',  ( 0.000000000000000000, 1.000000000000000000, 3.491483361109382066E-15 ) ) ;
#7095 = EDGE_CURVE ( 'NONE', #5679, #1616, #8069, .T. ) ;
#7096 = DIRECTION ( 'NONE',  ( 0.000000000000000000, -1.000000000000000000, -3.491483361109382461E-15 ) ) ;
#7097 = CARTESIAN_POINT ( 'NONE',  ( 2.075000000000000622, 1.200000000000004396, -1.309394179999995744 ) ) ;
#7098 = CIRCLE ( 'NONE', #1280, 0.05000000000000002359 ) ;
#7099 = LINE ( 'NONE', #3132, #45 ) ;
#7100 = PLANE ( 'NONE',  #6408 ) ;
#7101 = LINE ( 'NONE', #5716, #6889 ) ;
#7102 = EDGE_CURVE ( 'NONE', #6548, #1549, #968, .T. ) ;
#7103 = CARTESIAN_POINT ( 'NONE',  ( 2.449999999868750056, 0.0001000000000045392882, -1.300100000000000255 ) ) ;
#7104 = VERTEX_POINT ( 'NONE', #2848 ) ;
#7105 = FILL_AREA_STYLE_COLOUR ( '', #4062 ) ;
#7106 =( GEOMETRIC_REPRESENTATION_CONTEXT ( 3 ) GLOBAL_UNCERTAINTY_ASSIGNED_CONTEXT ( ( #7218 ) ) GLOBAL_UNIT_ASSIGNED_CONTEXT ( ( #1777, #7536, #6273 ) ) REPRESENTATION_CONTEXT ( 'NONE', 'WORKASPACE' ) );
#7107 = LINE ( 'NONE', #7065, #1420 ) ;
#7108 = CARTESIAN_POINT ( 'NONE',  ( 2.015766735947132737, 1.400000000000003908, -1.118366903421092573 ) ) ;
#7109 = EDGE_LOOP ( 'NONE', ( #3881, #368, #5844, #8306 ) ) ;
#7110 = DIRECTION ( 'NONE',  ( 0.000000000000000000, 1.000000000000000000, -0.000000000000000000 ) ) ;
#7111 = FACE_OUTER_BOUND ( 'NONE', #2032, .T. ) ;
#7112 = ORIENTED_EDGE ( 'NONE', *, *, #7638, .F. ) ;
#7113 = EDGE_CURVE ( 'NONE', #6882, #3238, #6154, .T. ) ;
#7114 = ORIENTED_EDGE ( 'NONE', *, *, #3125, .T. ) ;
#7115 = LINE ( 'NONE', #28, #6429 ) ;
#7116 = DIRECTION ( 'NONE',  ( 0.000000000000000000, -3.491483361109382461E-15, 1.000000000000000000 ) ) ;
#7117 = UNCERTAINTY_MEASURE_WITH_UNIT (LENGTH_MEASURE( 1.000000000000000082E-05 ), #1212, 'distance_accuracy_value', 'NONE');
#7118 = FILL_AREA_STYLE_COLOUR ( '', #5171 ) ;
#7119 = COLOUR_RGB ( '',1.000000000000000000, 0.5019607843137254832, 0.000000000000000000 ) ;
#7120 = ORIENTED_EDGE ( 'NONE', *, *, #3365, .T. ) ;
#7121 = DIRECTION ( 'NONE',  ( 0.000000000000000000, 1.000000000000000000, 3.491483361109382066E-15 ) ) ;
#7122 = ORIENTED_EDGE ( 'NONE', *, *, #5746, .F. ) ;
#7123 = LINE ( 'NONE', #5181, #6421 ) ;
#7124 = STYLED_ITEM ( 'NONE', ( #2787 ), #6195 ) ;
#7125 = SURFACE_SIDE_STYLE ('',( #2582 ) ) ;
#7126 = SURFACE_STYLE_FILL_AREA ( #6447 ) ;
#7127 = UNCERTAINTY_MEASURE_WITH_UNIT (LENGTH_MEASURE( 1.000000000000000082E-05 ), #5294, 'distance_accuracy_value', 'NONE');
#7128 = DIRECTION ( 'NONE',  ( 0.000000000000000000, 0.000000000000000000, 1.000000000000000000 ) ) ;
#7129 = FILL_AREA_STYLE_COLOUR ( '', #2412 ) ;
#7130 = EDGE_CURVE ( 'NONE', #1671, #1831, #1656, .T. ) ;
#7131 = MECHANICAL_DESIGN_GEOMETRIC_PRESENTATION_REPRESENTATION (  '', ( #3738 ), #7671 ) ;
#7132 =( LENGTH_UNIT ( ) NAMED_UNIT ( * ) SI_UNIT ( .MILLI., .METRE. ) );
#7133 =( NAMED_UNIT ( * ) PLANE_ANGLE_UNIT ( ) SI_UNIT ( $, .RADIAN. ) );
#7134 = CARTESIAN_POINT ( 'NONE',  ( 3.350000000000000089, 0.6999999999999970690, 0.8000000000000029310 ) ) ;
#7135 =( NAMED_UNIT ( * ) SI_UNIT ( $, .STERADIAN. ) SOLID_ANGLE_UNIT ( ) );
#7136 = VECTOR ( 'NONE', #4175, 1000.000000000000000 ) ;
#7137 = SURFACE_STYLE_FILL_AREA ( #8253 ) ;
#7138 = CARTESIAN_POINT ( 'NONE',  ( 2.075000000000000622, 1.200000000000004396, -1.309394179999995744 ) ) ;
#7139 = DIRECTION ( 'NONE',  ( 0.000000000000000000, -3.491483361109382461E-15, 1.000000000000000000 ) ) ;
#7140 = EDGE_CURVE ( 'NONE', #4247, #2337, #923, .T. ) ;
#7141 = FILL_AREA_STYLE ('',( #4552 ) ) ;
#7142 = PRESENTATION_LAYER_ASSIGNMENT (  '', '', ( #631 ) ) ;
#7143 =( NAMED_UNIT ( * ) SI_UNIT ( $, .STERADIAN. ) SOLID_ANGLE_UNIT ( ) );
#7144 = VERTEX_POINT ( 'NONE', #2175 ) ;
#7145 = CARTESIAN_POINT ( 'NONE',  ( 0.5500000000000001554, 0.1500000000000076827, -2.199999999999999734 ) ) ;
#7146 = CARTESIAN_POINT ( 'NONE',  ( 3.850000000000000089, 1.400000000000004574, -1.299999999999995159 ) ) ;
#7147 = EDGE_CURVE ( 'NONE', #3099, #5286, #369, .T. ) ;
#7148 =( GEOMETRIC_REPRESENTATION_CONTEXT ( 3 ) GLOBAL_UNCERTAINTY_ASSIGNED_CONTEXT ( ( #4415 ) ) GLOBAL_UNIT_ASSIGNED_CONTEXT ( ( #1745, #6962, #1147 ) ) REPRESENTATION_CONTEXT ( 'NONE', 'WORKASPACE' ) );
#7149 = ORIENTED_EDGE ( 'NONE', *, *, #7102, .F. ) ;
#7150 = DIRECTION ( 'NONE',  ( -1.000000000000000000, -0.000000000000000000, -0.000000000000000000 ) ) ;
#7151 = DIRECTION ( 'NONE',  ( -0.7071067811865462405, -2.468851561040448753E-15, 0.7071067811865489050 ) ) ;
#7152 = FACE_OUTER_BOUND ( 'NONE', #4567, .T. ) ;
#7153 = VERTEX_POINT ( 'NONE', #4839 ) ;
#7154 = AXIS2_PLACEMENT_3D ( 'NONE', #4163, #4928, #2257 ) ;
#7155 = ORIENTED_EDGE ( 'NONE', *, *, #5184, .T. ) ;
#7156 = PRESENTATION_LAYER_ASSIGNMENT (  '', '', ( #239 ) ) ;
#7157 = EDGE_CURVE ( 'NONE', #406, #4105, #6112, .T. ) ;
#7158 = STYLED_ITEM ( 'NONE', ( #3742 ), #7537 ) ;
#7159 = ORIENTED_EDGE ( 'NONE', *, *, #7592, .T. ) ;
#7160 = PRESENTATION_STYLE_ASSIGNMENT (( #668 ) ) ;
#7161 = FILL_AREA_STYLE ('',( #2755 ) ) ;
#7162 = AXIS2_PLACEMENT_3D ( 'NONE', #4627, #2135, #5351 ) ;
#7163 = ORIENTED_EDGE ( 'NONE', *, *, #1140, .F. ) ;
#7164 = ADVANCED_BREP_SHAPE_REPRESENTATION ( 'SSSS811101', ( #7754, #4459 ), #8123 ) ;
#7165 = VECTOR ( 'NONE', #2568, 1000.000000000000000 ) ;
#7166 = FILL_AREA_STYLE_COLOUR ( '', #6697 ) ;
#7167 = COLOUR_RGB ( '',1.000000000000000000, 0.000000000000000000, 1.000000000000000000 ) ;
#7168 = FILL_AREA_STYLE ('',( #6530 ) ) ;
#7169 =( GEOMETRIC_REPRESENTATION_CONTEXT ( 3 ) GLOBAL_UNCERTAINTY_ASSIGNED_CONTEXT ( ( #8255 ) ) GLOBAL_UNIT_ASSIGNED_CONTEXT ( ( #4817, #4346, #6251 ) ) REPRESENTATION_CONTEXT ( 'NONE', 'WORKASPACE' ) );
#7170 = CARTESIAN_POINT ( 'NONE',  ( 0.7999999999999998224, 4.888076705553132842E-16, -0.1399999999999999023 ) ) ;
#7171 = VERTEX_POINT ( 'NONE', #879 ) ;
#7172 = DIRECTION ( 'NONE',  ( -1.000000000000000000, -0.000000000000000000, -0.000000000000000000 ) ) ;
#7173 = EDGE_CURVE ( 'NONE', #4511, #7091, #3530, .T. ) ;
#7174 = MECHANICAL_DESIGN_GEOMETRIC_PRESENTATION_REPRESENTATION (  '', ( #8274 ), #5822 ) ;
#7175 = SURFACE_SIDE_STYLE ('',( #214 ) ) ;
#7176 = DIRECTION ( 'NONE',  ( -1.000000000000000000, -4.206082050346426355E-31, 1.204669080539449344E-16 ) ) ;
#7177 = PRESENTATION_LAYER_ASSIGNMENT (  '', '', ( #263 ) ) ;
#7178 = DIRECTION ( 'NONE',  ( -0.2961663197507513612, 3.334842790507033110E-15, -0.9551363834789751150 ) ) ;
#7179 = ADVANCED_FACE ( 'NONE', ( #835 ), #330, .F. ) ;
#7180 = DIRECTION ( 'NONE',  ( 0.000000000000000000, 1.000000000000000000, 3.491483361109382066E-15 ) ) ;
#7181 =( GEOMETRIC_REPRESENTATION_CONTEXT ( 3 ) GLOBAL_UNCERTAINTY_ASSIGNED_CONTEXT ( ( #5928 ) ) GLOBAL_UNIT_ASSIGNED_CONTEXT ( ( #1813, #1897, #573 ) ) REPRESENTATION_CONTEXT ( 'NONE', 'WORKASPACE' ) );
#7182 = SURFACE_STYLE_USAGE ( .BOTH. , #2776 ) ;
#7183 =( NAMED_UNIT ( * ) SI_UNIT ( $, .STERADIAN. ) SOLID_ANGLE_UNIT ( ) );
#7184 = CARTESIAN_POINT ( 'NONE',  ( 3.850000000000000089, 1.400000000000004574, -1.299999999999995159 ) ) ;
#7185 = COLOUR_RGB ( '',1.000000000000000000, 1.000000000000000000, 1.000000000000000000 ) ;
#7186 = CARTESIAN_POINT ( 'NONE',  ( -1.500000000000000000, -0.3000000000127917565, -0.4000000000957105173 ) ) ;
#7187 = DIRECTION ( 'NONE',  ( -0.000000000000000000, -0.000000000000000000, -1.000000000000000000 ) ) ;
#7188 = SURFACE_SIDE_STYLE ('',( #3258 ) ) ;
#7189 = DIRECTION ( 'NONE',  ( 1.000000000000000000, 0.000000000000000000, 0.000000000000000000 ) ) ;
#7190 = EDGE_CURVE ( 'NONE', #2922, #5293, #1868, .T. ) ;
#7191 =( NAMED_UNIT ( * ) SI_UNIT ( $, .STERADIAN. ) SOLID_ANGLE_UNIT ( ) );
#7192 = VECTOR ( 'NONE', #5486, 1000.000000000000000 ) ;
#7193 = DIRECTION ( 'NONE',  ( -0.000000000000000000, 3.491483361109382461E-15, -1.000000000000000000 ) ) ;
#7194 = VERTEX_POINT ( 'NONE', #3649 ) ;
#7195 = DIRECTION ( 'NONE',  ( 0.000000000000000000, -1.000000000000000000, -3.491483361109382461E-15 ) ) ;
#7196 = CARTESIAN_POINT ( 'NONE',  ( 3.400000000000000355, 0.2000000000333287675, 0.9000000000000005773 ) ) ;
#7197 = DIRECTION ( 'NONE',  ( 0.000000000000000000, -1.000000000000000000, -3.491483361109382461E-15 ) ) ;
#7198 = VERTEX_POINT ( 'NONE', #3159 ) ;
#7199 = STYLED_ITEM ( 'NONE', ( #6972 ), #238 ) ;
#7200 = ORIENTED_EDGE ( 'NONE', *, *, #3476, .T. ) ;
#7201 =( NAMED_UNIT ( * ) PLANE_ANGLE_UNIT ( ) SI_UNIT ( $, .RADIAN. ) );
#7202 =( GEOMETRIC_REPRESENTATION_CONTEXT ( 3 ) GLOBAL_UNCERTAINTY_ASSIGNED_CONTEXT ( ( #3804 ) ) GLOBAL_UNIT_ASSIGNED_CONTEXT ( ( #2254, #8104, #6834 ) ) REPRESENTATION_CONTEXT ( 'NONE', 'WORKASPACE' ) );
#7203 = DIRECTION ( 'NONE',  ( -0.000000000000000000, -1.000000000000000000, -3.491483361109382461E-15 ) ) ;
#7204 = EDGE_CURVE ( 'NONE', #7535, #81, #6405, .T. ) ;
#7205 = DIRECTION ( 'NONE',  ( 0.000000000000000000, 1.000000000000000000, 3.469446951953612611E-15 ) ) ;
#7206 = UNCERTAINTY_MEASURE_WITH_UNIT (LENGTH_MEASURE( 1.000000000000000082E-05 ), #4078, 'distance_accuracy_value', 'NONE');
#7207 = VECTOR ( 'NONE', #6235, 1000.000000000000000 ) ;
#7208 = ORIENTED_EDGE ( 'NONE', *, *, #5271, .F. ) ;
#7209 = DIRECTION ( 'NONE',  ( 1.334402673930960019E-15, -1.000000000000000000, -3.491483361109382855E-15 ) ) ;
#7210 = SURFACE_SIDE_STYLE ('',( #4614 ) ) ;
#7211 = STYLED_ITEM ( 'NONE', ( #6547 ), #4427 ) ;
#7212 = CARTESIAN_POINT ( 'NONE',  ( -0.7999999999999999334, 0.1499999999999973299, 0.7600000000000001199 ) ) ;
#7213 = ORIENTED_EDGE ( 'NONE', *, *, #2052, .F. ) ;
#7214 = EDGE_CURVE ( 'NONE', #2608, #8164, #4449, .T. ) ;
#7215 = COLOUR_RGB ( '',1.000000000000000000, 0.5019607843137254832, 0.000000000000000000 ) ;
#7216 = CARTESIAN_POINT ( 'NONE',  ( 3.149999999999999911, 1.400000000000002576, -0.7499999999999950040 ) ) ;
#7217 = SURFACE_SIDE_STYLE ('',( #7126 ) ) ;
#7218 = UNCERTAINTY_MEASURE_WITH_UNIT (LENGTH_MEASURE( 1.000000000000000082E-05 ), #1777, 'distance_accuracy_value', 'NONE');
#7219 = ORIENTED_EDGE ( 'NONE', *, *, #8224, .F. ) ;
#7220 = VERTEX_POINT ( 'NONE', #7581 ) ;
#7221 =( LENGTH_UNIT ( ) NAMED_UNIT ( * ) SI_UNIT ( .MILLI., .METRE. ) );
#7222 = SURFACE_STYLE_FILL_AREA ( #7854 ) ;
#7223 = SURFACE_SIDE_STYLE ('',( #7855 ) ) ;
#7224 = STYLED_ITEM ( 'NONE', ( #7003 ), #1241 ) ;
#7225 = SURFACE_STYLE_FILL_AREA ( #845 ) ;
#7226 = DIRECTION ( 'NONE',  ( 0.000000000000000000, 1.000000000000000000, 3.491483361109382461E-15 ) ) ;
#7227 = SURFACE_STYLE_USAGE ( .BOTH. , #51 ) ;
#7228 = COLOUR_RGB ( '',1.000000000000000000, 0.000000000000000000, 1.000000000000000000 ) ;
#7229 = PRESENTATION_STYLE_ASSIGNMENT (( #95 ) ) ;
#7230 = VECTOR ( 'NONE', #135, 1000.000000000000000 ) ;
#7231 = CARTESIAN_POINT ( 'NONE',  ( 3.349999999992839594, 0.7000000000000027311, -0.7999999999999974909 ) ) ;
#7232 = ORIENTED_EDGE ( 'NONE', *, *, #3466, .T. ) ;
#7233 = SURFACE_SIDE_STYLE ('',( #3387 ) ) ;
#7234 = DIRECTION ( 'NONE',  ( 0.000000000000000000, -1.000000000000000000, -3.469446951953612611E-15 ) ) ;
#7235 = PRESENTATION_LAYER_ASSIGNMENT (  '', '', ( #43 ) ) ;
#7236 = EDGE_CURVE ( 'NONE', #492, #3055, #6229, .T. ) ;
#7237 = LINE ( 'NONE', #5324, #8006 ) ;
#7238 = LINE ( 'NONE', #2697, #5518 ) ;
#7239 = CARTESIAN_POINT ( 'NONE',  ( 3.149999999999999911, 3.171291354520100469E-15, -0.9000000000000002442 ) ) ;
#7240 = LINE ( 'NONE', #4565, #4926 ) ;
#7241 = EDGE_CURVE ( 'NONE', #4417, #1091, #5688, .T. ) ;
#7242 = ORIENTED_EDGE ( 'NONE', *, *, #7778, .T. ) ;
#7243 =( GEOMETRIC_REPRESENTATION_CONTEXT ( 3 ) GLOBAL_UNCERTAINTY_ASSIGNED_CONTEXT ( ( #7292 ) ) GLOBAL_UNIT_ASSIGNED_CONTEXT ( ( #4650, #6644, #7929 ) ) REPRESENTATION_CONTEXT ( 'NONE', 'WORKASPACE' ) );
#7244 = VERTEX_POINT ( 'NONE', #7504 ) ;
#7245 =( LENGTH_UNIT ( ) NAMED_UNIT ( * ) SI_UNIT ( .MILLI., .METRE. ) );
#7246 = ORIENTED_EDGE ( 'NONE', *, *, #4584, .F. ) ;
#7247 = EDGE_LOOP ( 'NONE', ( #627, #2219, #3073, #4059 ) ) ;
#7248 = CARTESIAN_POINT ( 'NONE',  ( -3.150000000000000355, 1.400000000000004574, -0.8000000000031199932 ) ) ;
#7249 = ORIENTED_EDGE ( 'NONE', *, *, #71, .T. ) ;
#7250 =( NAMED_UNIT ( * ) PLANE_ANGLE_UNIT ( ) SI_UNIT ( $, .RADIAN. ) );
#7251 = SURFACE_STYLE_USAGE ( .BOTH. , #2719 ) ;
#7252 = COLOUR_RGB ( '',1.000000000000000000, 1.000000000000000000, 1.000000000000000000 ) ;
#7253 = CARTESIAN_POINT ( 'NONE',  ( -3.350000000000000089, 0.7000000000000027311, -0.7999999999999974909 ) ) ;
#7254 = EDGE_CURVE ( 'NONE', #8370, #8405, #3109, .T. ) ;
#7255 =( NAMED_UNIT ( * ) PLANE_ANGLE_UNIT ( ) SI_UNIT ( $, .RADIAN. ) );
#7256 = CARTESIAN_POINT ( 'NONE',  ( 3.850000000000000089, 0.2000000001572039832, -1.299999999999999378 ) ) ;
#7257 = ORIENTED_EDGE ( 'NONE', *, *, #1851, .T. ) ;
#7258 = CARTESIAN_POINT ( 'NONE',  ( 2.719999999527043855, 1.200000000000002398, -0.7499999999999957812 ) ) ;
#7259 = CARTESIAN_POINT ( 'NONE',  ( 3.850000000000000533, 0.2000000000921813292, -1.299999999999999600 ) ) ;
#7260 = CARTESIAN_POINT ( 'NONE',  ( -2.050000000000000266, 0.1499999999937568496, -2.199999999999999734 ) ) ;
#7261 = PLANE ( 'NONE',  #3661 ) ;
#7262 = PRESENTATION_LAYER_ASSIGNMENT (  '', '', ( #3738 ) ) ;
#7263 = VERTEX_POINT ( 'NONE', #6868 ) ;
#7264 = EDGE_CURVE ( 'NONE', #4569, #1168, #5606, .T. ) ;
#7265 =( NAMED_UNIT ( * ) PLANE_ANGLE_UNIT ( ) SI_UNIT ( $, .RADIAN. ) );
#7266 = DIRECTION ( 'NONE',  ( 0.000000000000000000, -3.491483361109382461E-15, 1.000000000000000000 ) ) ;
#7267 = SURFACE_STYLE_FILL_AREA ( #4764 ) ;
#7268 = LINE ( 'NONE', #2012, #3814 ) ;
#7269 = ORIENTED_EDGE ( 'NONE', *, *, #6937, .F. ) ;
#7270 = SURFACE_STYLE_FILL_AREA ( #224 ) ;
#7271 = VECTOR ( 'NONE', #7865, 1000.000000000000000 ) ;
#7272 = CARTESIAN_POINT ( 'NONE',  ( -1.649999999999999911, 0.1499999999999973299, 0.7600000000000001199 ) ) ;
#7273 = FILL_AREA_STYLE ('',( #7118 ) ) ;
#7274 = CARTESIAN_POINT ( 'NONE',  ( 1.500000000000000000, -0.2999999999999987121, -0.4000000000000010214 ) ) ;
#7275 = VECTOR ( 'NONE', #8201, 1000.000000000000000 ) ;
#7276 = SURFACE_STYLE_FILL_AREA ( #2786 ) ;
#7277 = DIRECTION ( 'NONE',  ( -1.000000000000000000, 0.000000000000000000, 0.000000000000000000 ) ) ;
#7278 = DIRECTION ( 'NONE',  ( 7.291678834956865087E-10, -1.000000000000000000, -2.891205793354876203E-15 ) ) ;
#7279 = VERTEX_POINT ( 'NONE', #5646 ) ;
#7280 = ADVANCED_FACE ( 'NONE', ( #6277 ), #8234, .T. ) ;
#7281 = VERTEX_POINT ( 'NONE', #542 ) ;
#7282 =( NAMED_UNIT ( * ) SI_UNIT ( $, .STERADIAN. ) SOLID_ANGLE_UNIT ( ) );
#7283 = VECTOR ( 'NONE', #4210, 1000.000000000000000 ) ;
#7284 = LINE ( 'NONE', #5337, #5151 ) ;
#7285 = ADVANCED_FACE ( 'NONE', ( #5737 ), #7542, .F. ) ;
#7286 = ORIENTED_EDGE ( 'NONE', *, *, #7204, .T. ) ;
#7287 = ORIENTED_EDGE ( 'NONE', *, *, #1153, .F. ) ;
#7288 = FILL_AREA_STYLE_COLOUR ( '', #3116 ) ;
#7289 = SURFACE_STYLE_FILL_AREA ( #2714 ) ;
#7290 = ORIENTED_EDGE ( 'NONE', *, *, #3212, .F. ) ;
#7291 = EDGE_CURVE ( 'NONE', #7171, #2711, #3242, .T. ) ;
#7292 = UNCERTAINTY_MEASURE_WITH_UNIT (LENGTH_MEASURE( 1.000000000000000082E-05 ), #4650, 'distance_accuracy_value', 'NONE');
#7293 = ORIENTED_EDGE ( 'NONE', *, *, #735, .F. ) ;
#7294 = AXIS2_PLACEMENT_3D ( 'NONE', #3209, #2002, #636 ) ;
#7295 = DIRECTION ( 'NONE',  ( 0.000000000000000000, 0.000000000000000000, 1.000000000000000000 ) ) ;
#7296 = FILL_AREA_STYLE ('',( #2765 ) ) ;
#7297 = ORIENTED_EDGE ( 'NONE', *, *, #5900, .F. ) ;
#7298 = CARTESIAN_POINT ( 'NONE',  ( 3.399999999999999911, 1.666819893914039952E-11, -2.200000000000001510 ) ) ;
#7299 = CARTESIAN_POINT ( 'NONE',  ( 3.150000000025311664, 1.400000000000000133, 1.300000000000005151 ) ) ;
#7300 = LINE ( 'NONE', #4217, #5206 ) ;
#7301 = FILL_AREA_STYLE ('',( #4034 ) ) ;
#7302 = DIRECTION ( 'NONE',  ( 0.7071067811423557004, -3.066586833980063373E-15, 0.7071067812307394451 ) ) ;
#7303 = EDGE_CURVE ( 'NONE', #3685, #4105, #3236, .T. ) ;
#7304 = PLANE ( 'NONE',  #4220 ) ;
#7305 =( GEOMETRIC_REPRESENTATION_CONTEXT ( 3 ) GLOBAL_UNCERTAINTY_ASSIGNED_CONTEXT ( ( #6010 ) ) GLOBAL_UNIT_ASSIGNED_CONTEXT ( ( #554, #5783, #6329 ) ) REPRESENTATION_CONTEXT ( 'NONE', 'WORKASPACE' ) );
#7306 =( LENGTH_UNIT ( ) NAMED_UNIT ( * ) SI_UNIT ( .MILLI., .METRE. ) );
#7307 = LINE ( 'NONE', #4081, #6678 ) ;
#7308 = STYLED_ITEM ( 'NONE', ( #5864 ), #4713 ) ;
#7309 = PRESENTATION_STYLE_ASSIGNMENT (( #2102 ) ) ;
#7310 =( NAMED_UNIT ( * ) SI_UNIT ( $, .STERADIAN. ) SOLID_ANGLE_UNIT ( ) );
#7311 = CARTESIAN_POINT ( 'NONE',  ( -3.150000000000000355, 1.300000000118752608, -1.299999999999995159 ) ) ;
#7312 = STYLED_ITEM ( 'NONE', ( #4629 ), #2837 ) ;
#7313 = ORIENTED_EDGE ( 'NONE', *, *, #3570, .T. ) ;
#7314 = EDGE_CURVE ( 'NONE', #5809, #2480, #3382, .T. ) ;
#7315 = VECTOR ( 'NONE', #2998, 1000.000000000000000 ) ;
#7316 =( NAMED_UNIT ( * ) PLANE_ANGLE_UNIT ( ) SI_UNIT ( $, .RADIAN. ) );
#7317 = LINE ( 'NONE', #6718, #2740 ) ;
#7318 = STYLED_ITEM ( 'NONE', ( #3975 ), #3162 ) ;
#7319 = CARTESIAN_POINT ( 'NONE',  ( 0.4000000000000011879, 0.1500000000000043798, -1.259999999999999121 ) ) ;
#7320 =( NAMED_UNIT ( * ) SI_UNIT ( $, .STERADIAN. ) SOLID_ANGLE_UNIT ( ) );
#7321 = LINE ( 'NONE', #899, #522 ) ;
#7322 = ORIENTED_EDGE ( 'NONE', *, *, #1502, .F. ) ;
#7323 = FILL_AREA_STYLE_COLOUR ( '', #124 ) ;
#7324 = AXIS2_PLACEMENT_3D ( 'NONE', #5367, #1555, #2870 ) ;
#7325 = FACE_OUTER_BOUND ( 'NONE', #2816, .T. ) ;
#7326 = VECTOR ( 'NONE', #550, 1000.000000000000000 ) ;
#7327 = CARTESIAN_POINT ( 'NONE',  ( 3.149999999984987920, 1.300000000022497826, -1.249999999997652766 ) ) ;
#7328 = ORIENTED_EDGE ( 'NONE', *, *, #2866, .T. ) ;
#7329 =( LENGTH_UNIT ( ) NAMED_UNIT ( * ) SI_UNIT ( .MILLI., .METRE. ) );
#7330 = VECTOR ( 'NONE', #182, 1000.000000000000000 ) ;
#7331 = DIRECTION ( 'NONE',  ( -2.168404344971021884E-15, -3.252606517456533024E-15, 1.000000000000000000 ) ) ;
#7332 = AXIS2_PLACEMENT_3D ( 'NONE', #4323, #7623, #2494 ) ;
#7333 = ORIENTED_EDGE ( 'NONE', *, *, #2538, .T. ) ;
#7334 = DIRECTION ( 'NONE',  ( -0.000000000000000000, -0.000000000000000000, -1.000000000000000000 ) ) ;
#7335 = PRESENTATION_LAYER_ASSIGNMENT (  '', '', ( #824 ) ) ;
#7336 = EDGE_CURVE ( 'NONE', #4483, #6137, #8110, .T. ) ;
#7337 = SURFACE_STYLE_FILL_AREA ( #2971 ) ;
#7338 = ORIENTED_EDGE ( 'NONE', *, *, #7859, .T. ) ;
#7339 = DIRECTION ( 'NONE',  ( -0.000000000000000000, -1.000000000000000000, -3.491483361109382461E-15 ) ) ;
#7340 = VERTEX_POINT ( 'NONE', #2034 ) ;
#7341 = ADVANCED_FACE ( 'NONE', ( #1990 ), #3936, .T. ) ;
#7342 = CARTESIAN_POINT ( 'NONE',  ( -1.350000000000000089, -2.653527354443129313E-15, 0.7599999999999995648 ) ) ;
#7343 = VECTOR ( 'NONE', #7766, 1000.000000000000000 ) ;
#7344 =( NAMED_UNIT ( * ) PLANE_ANGLE_UNIT ( ) SI_UNIT ( $, .RADIAN. ) );
#7345 = DIRECTION ( 'NONE',  ( -0.000000000000000000, 3.491483361109382461E-15, -1.000000000000000000 ) ) ;
#7346 = DIRECTION ( 'NONE',  ( -0.000000000000000000, -1.000000000000000000, -3.491483361109382461E-15 ) ) ;
#7347 = STYLED_ITEM ( 'NONE', ( #4973 ), #746 ) ;
#7348 = DIRECTION ( 'NONE',  ( 0.000000000000000000, -3.252606517456533024E-15, 1.000000000000000000 ) ) ;
#7349 = CARTESIAN_POINT ( 'NONE',  ( 1.400000000000000133, 0.1000000000374941383, 2.600000000000004086 ) ) ;
#7350 = ORIENTED_EDGE ( 'NONE', *, *, #6131, .T. ) ;
#7351 =( NAMED_UNIT ( * ) PLANE_ANGLE_UNIT ( ) SI_UNIT ( $, .RADIAN. ) );
#7352 = PRESENTATION_LAYER_ASSIGNMENT (  '', '', ( #2609 ) ) ;
#7353 = ORIENTED_EDGE ( 'NONE', *, *, #3560, .F. ) ;
#7354 =( GEOMETRIC_REPRESENTATION_CONTEXT ( 3 ) GLOBAL_UNCERTAINTY_ASSIGNED_CONTEXT ( ( #5712 ) ) GLOBAL_UNIT_ASSIGNED_CONTEXT ( ( #760, #302, #378 ) ) REPRESENTATION_CONTEXT ( 'NONE', 'WORKASPACE' ) );
#7355 = LINE ( 'NONE', #1551, #6151 ) ;
#7356 =( NAMED_UNIT ( * ) SI_UNIT ( $, .STERADIAN. ) SOLID_ANGLE_UNIT ( ) );
#7357 = AXIS2_PLACEMENT_3D ( 'NONE', #7964, #7151, #2702 ) ;
#7358 = CARTESIAN_POINT ( 'NONE',  ( 3.850000000000000089, 4.553649124439118623E-15, -1.299999999999999600 ) ) ;
#7359 = CARTESIAN_POINT ( 'NONE',  ( -3.850000000000000533, 0.2000000000477367701, -0.9000000000312495807 ) ) ;
#7360 = EDGE_CURVE ( 'NONE', #291, #4634, #2822, .T. ) ;
#7361 = CYLINDRICAL_SURFACE ( 'NONE', #8153, 0.4000000000000001887 ) ;
#7362 =( LENGTH_UNIT ( ) NAMED_UNIT ( * ) SI_UNIT ( .MILLI., .METRE. ) );
#7363 = ORIENTED_EDGE ( 'NONE', *, *, #3682, .F. ) ;
#7364 = ORIENTED_EDGE ( 'NONE', *, *, #3940, .F. ) ;
#7365 = AXIS2_PLACEMENT_3D ( 'NONE', #7146, #7822, #7959 ) ;
#7366 = CARTESIAN_POINT ( 'NONE',  ( -3.150000000000000355, 1.199999999999997291, 0.7500000000000028866 ) ) ;
#7367 = FILL_AREA_STYLE_COLOUR ( '', #3794 ) ;
#7368 = UNCERTAINTY_MEASURE_WITH_UNIT (LENGTH_MEASURE( 1.000000000000000082E-05 ), #5641, 'distance_accuracy_value', 'NONE');
#7369 = ORIENTED_EDGE ( 'NONE', *, *, #7493, .T. ) ;
#7370 = EDGE_LOOP ( 'NONE', ( #4451, #1414, #8022, #1601 ) ) ;
#7371 = EDGE_CURVE ( 'NONE', #4437, #1849, #70, .T. ) ;
#7372 = DIRECTION ( 'NONE',  ( 1.000000000000000000, -0.000000000000000000, 0.000000000000000000 ) ) ;
#7373 = CARTESIAN_POINT ( 'NONE',  ( -3.350000000000000089, 0.9000000000059633631, 1.250000000000002887 ) ) ;
#7374 =( NAMED_UNIT ( * ) SI_UNIT ( $, .STERADIAN. ) SOLID_ANGLE_UNIT ( ) );
#7375 = ORIENTED_EDGE ( 'NONE', *, *, #1130, .T. ) ;
#7376 = LINE ( 'NONE', #917, #7632 ) ;
#7377 = VECTOR ( 'NONE', #3607, 1000.000000000000000 ) ;
#7378 = UNCERTAINTY_MEASURE_WITH_UNIT (LENGTH_MEASURE( 1.000000000000000082E-05 ), #2541, 'distance_accuracy_value', 'NONE');
#7379 = SURFACE_STYLE_USAGE ( .BOTH. , #8067 ) ;
#7380 = ORIENTED_EDGE ( 'NONE', *, *, #2408, .T. ) ;
#7381 = DIRECTION ( 'NONE',  ( -0.7071067808661436471, -3.066586829811408383E-15, 0.7071067815069513873 ) ) ;
#7382 = CARTESIAN_POINT ( 'NONE',  ( 3.850000000000000533, 0.2000000001082253287, 0.9000000000000005773 ) ) ;
#7383 = ORIENTED_EDGE ( 'NONE', *, *, #1434, .F. ) ;
#7384 = DIRECTION ( 'NONE',  ( -1.000000000000000000, 0.000000000000000000, 0.000000000000000000 ) ) ;
#7385 = EDGE_CURVE ( 'NONE', #2608, #5634, #374, .T. ) ;
#7386 = SURFACE_SIDE_STYLE ('',( #795 ) ) ;
#7387 = LINE ( 'NONE', #2094, #7230 ) ;
#7388 = CARTESIAN_POINT ( 'NONE',  ( 2.749999999938749884, 1.399999999999995470, 1.300000000000005151 ) ) ;
#7389 = PLANE ( 'NONE',  #1487 ) ;
#7390 = ADVANCED_FACE ( 'NONE', ( #7715 ), #1913, .F. ) ;
#7391 = FACE_OUTER_BOUND ( 'NONE', #997, .T. ) ;
#7392 = DIRECTION ( 'NONE',  ( 5.833354633274894351E-10, 1.000000000000000000, 2.891205793595867688E-15 ) ) ;
#7393 = PRESENTATION_STYLE_ASSIGNMENT (( #2231 ) ) ;
#7394 = FILL_AREA_STYLE ('',( #2863 ) ) ;
#7395 = DIRECTION ( 'NONE',  ( 0.000000000000000000, 3.491483361109382461E-15, -1.000000000000000000 ) ) ;
#7396 = CARTESIAN_POINT ( 'NONE',  ( 3.850000000000000089, 1.400000000000004574, -1.299999999999995159 ) ) ;
#7397 = ORIENTED_EDGE ( 'NONE', *, *, #2483, .T. ) ;
#7398 = AXIS2_PLACEMENT_3D ( 'NONE', #1602, #7372, #8099 ) ;
#7399 = EDGE_CURVE ( 'NONE', #7850, #5605, #4787, .T. ) ;
#7400 =( NAMED_UNIT ( * ) PLANE_ANGLE_UNIT ( ) SI_UNIT ( $, .RADIAN. ) );
#7401 = CARTESIAN_POINT ( 'NONE',  ( -3.350000000000000089, 0.6499999999999954703, 1.300000000000002487 ) ) ;
#7402 =( NAMED_UNIT ( * ) PLANE_ANGLE_UNIT ( ) SI_UNIT ( $, .RADIAN. ) );
#7403 =( NAMED_UNIT ( * ) SI_UNIT ( $, .STERADIAN. ) SOLID_ANGLE_UNIT ( ) );
#7404 = AXIS2_PLACEMENT_3D ( 'NONE', #5758, #6424, #3869 ) ;
#7405 = VERTEX_POINT ( 'NONE', #7373 ) ;
#7406 = LINE ( 'NONE', #4017, #4741 ) ;
#7407 = ADVANCED_FACE ( 'NONE', ( #7456 ), #1603, .F. ) ;
#7408 = SURFACE_STYLE_FILL_AREA ( #6178 ) ;
#7409 = CARTESIAN_POINT ( 'NONE',  ( -3.150000000016111912, 0.6499999999333293532, 0.7500000000000019984 ) ) ;
#7410 = PRESENTATION_LAYER_ASSIGNMENT (  '', '', ( #360 ) ) ;
#7411 = ORIENTED_EDGE ( 'NONE', *, *, #4236, .F. ) ;
#7412 = EDGE_LOOP ( 'NONE', ( #5594, #5135, #6320, #3372, #552, #2327, #1249, #2705 ) ) ;
#7413 = EDGE_LOOP ( 'NONE', ( #8188, #4646, #618, #6021 ) ) ;
#7414 = MECHANICAL_DESIGN_GEOMETRIC_PRESENTATION_REPRESENTATION (  '', ( #2671 ), #1725 ) ;
#7415 = DIRECTION ( 'NONE',  ( 1.000000000000000000, -0.000000000000000000, 0.000000000000000000 ) ) ;
#7416 = LINE ( 'NONE', #1570, #5439 ) ;
#7417 = ORIENTED_EDGE ( 'NONE', *, *, #372, .T. ) ;
#7418 =( NAMED_UNIT ( * ) PLANE_ANGLE_UNIT ( ) SI_UNIT ( $, .RADIAN. ) );
#7419 =( NAMED_UNIT ( * ) PLANE_ANGLE_UNIT ( ) SI_UNIT ( $, .RADIAN. ) );
#7420 = ORIENTED_EDGE ( 'NONE', *, *, #5616, .F. ) ;
#7421 = LINE ( 'NONE', #6664, #2086 ) ;
#7422 = MECHANICAL_DESIGN_GEOMETRIC_PRESENTATION_REPRESENTATION (  '', ( #912 ), #642 ) ;
#7423 =( LENGTH_UNIT ( ) NAMED_UNIT ( * ) SI_UNIT ( .MILLI., .METRE. ) );
#7424 = AXIS2_PLACEMENT_3D ( 'NONE', #6849, #4341, #2270 ) ;
#7425 = FILL_AREA_STYLE ('',( #4847 ) ) ;
#7426 = EDGE_LOOP ( 'NONE', ( #8238, #7571, #5380, #3234 ) ) ;
#7427 = LINE ( 'NONE', #7997, #4302 ) ;
#7428 = EDGE_CURVE ( 'NONE', #1899, #3113, #8100, .T. ) ;
#7429 = DIRECTION ( 'NONE',  ( 0.000000000000000000, -3.491483361109382461E-15, 1.000000000000000000 ) ) ;
#7430 = AXIS2_PLACEMENT_3D ( 'NONE', #5729, #7027, #4278 ) ;
#7431 = CARTESIAN_POINT ( 'NONE',  ( -1.500000000000000000, -0.3000000000127931998, -8.673617380330703308E-16 ) ) ;
#7432 = STYLED_ITEM ( 'NONE', ( #2893 ), #5588 ) ;
#7433 = CARTESIAN_POINT ( 'NONE',  ( 3.050000000000000266, 1.400000000000002576, -0.7499999997333283153 ) ) ;
#7434 = ORIENTED_EDGE ( 'NONE', *, *, #602, .T. ) ;
#7435 = PRESENTATION_STYLE_ASSIGNMENT (( #1106 ) ) ;
#7436 = EDGE_CURVE ( 'NONE', #4963, #232, #1000, .T. ) ;
#7437 =( GEOMETRIC_REPRESENTATION_CONTEXT ( 3 ) GLOBAL_UNCERTAINTY_ASSIGNED_CONTEXT ( ( #2953 ) ) GLOBAL_UNIT_ASSIGNED_CONTEXT ( ( #7362, #4821, #7403 ) ) REPRESENTATION_CONTEXT ( 'NONE', 'WORKASPACE' ) );
#7438 = LINE ( 'NONE', #5624, #140 ) ;
#7439 = VECTOR ( 'NONE', #2636, 1000.000000000000000 ) ;
#7440 = AXIS2_PLACEMENT_3D ( 'NONE', #1950, #27, #1309 ) ;
#7441 = CARTESIAN_POINT ( 'NONE',  ( 2.720000000000000195, 1.199999999999997291, 0.7500000000000041078 ) ) ;
#7442 = EDGE_CURVE ( 'NONE', #3515, #4822, #2167, .T. ) ;
#7443 = CARTESIAN_POINT ( 'NONE',  ( 2.849999999936249750, 1.200000000000002620, -0.8000000000093706598 ) ) ;
#7444 = PLANE ( 'NONE',  #3156 ) ;
#7445 = FACE_OUTER_BOUND ( 'NONE', #1474, .T. ) ;
#7446 = PRESENTATION_LAYER_ASSIGNMENT (  '', '', ( #2416 ) ) ;
#7447 = ORIENTED_EDGE ( 'NONE', *, *, #6474, .F. ) ;
#7448 = ADVANCED_FACE ( 'NONE', ( #7934 ), #2123, .F. ) ;
#7449 = LINE ( 'NONE', #4352, #187 ) ;
#7450 =( GEOMETRIC_REPRESENTATION_CONTEXT ( 3 ) GLOBAL_UNCERTAINTY_ASSIGNED_CONTEXT ( ( #1952 ) ) GLOBAL_UNIT_ASSIGNED_CONTEXT ( ( #4956, #5684, #1734 ) ) REPRESENTATION_CONTEXT ( 'NONE', 'WORKASPACE' ) );
#7451 = DIRECTION ( 'NONE',  ( 1.000000000000000000, -0.000000000000000000, 0.000000000000000000 ) ) ;
#7452 = ORIENTED_EDGE ( 'NONE', *, *, #915, .T. ) ;
#7453 = PRESENTATION_LAYER_ASSIGNMENT (  '', '', ( #2441 ) ) ;
#7454 = VERTEX_POINT ( 'NONE', #10 ) ;
#7455 = CARTESIAN_POINT ( 'NONE',  ( -3.150000000000000355, 0.7000000000039021675, 1.249999999992971178 ) ) ;
#7456 = FACE_OUTER_BOUND ( 'NONE', #1986, .T. ) ;
#7457 = ORIENTED_EDGE ( 'NONE', *, *, #204, .T. ) ;
#7458 = EDGE_CURVE ( 'NONE', #2650, #1348, #7101, .T. ) ;
#7459 = STYLED_ITEM ( 'NONE', ( #800 ), #3665 ) ;
#7460 = LINE ( 'NONE', #1733, #3848 ) ;
#7461 = UNCERTAINTY_MEASURE_WITH_UNIT (LENGTH_MEASURE( 1.000000000000000082E-05 ), #4030, 'distance_accuracy_value', 'NONE');
#7462 = CARTESIAN_POINT ( 'NONE',  ( 3.400000000000000355, 0.2000000000333287675, -2.200000000000000622 ) ) ;
#7463 = ORIENTED_EDGE ( 'NONE', *, *, #2857, .F. ) ;
#7464 = SURFACE_STYLE_USAGE ( .BOTH. , #3487 ) ;
#7465 = MECHANICAL_DESIGN_GEOMETRIC_PRESENTATION_REPRESENTATION (  '', ( #4069 ), #2050 ) ;
#7466 = ADVANCED_FACE ( 'NONE', ( #480 ), #8343, .F. ) ;
#7467 = ORIENTED_EDGE ( 'NONE', *, *, #6526, .F. ) ;
#7468 =( GEOMETRIC_REPRESENTATION_CONTEXT ( 3 ) GLOBAL_UNCERTAINTY_ASSIGNED_CONTEXT ( ( #173 ) ) GLOBAL_UNIT_ASSIGNED_CONTEXT ( ( #3393, #155, #6816 ) ) REPRESENTATION_CONTEXT ( 'NONE', 'WORKASPACE' ) );
#7469 = FILL_AREA_STYLE ('',( #3613 ) ) ;
#7470 = VECTOR ( 'NONE', #4490, 1000.000000000000000 ) ;
#7471 = DIRECTION ( 'NONE',  ( 0.000000000000000000, 3.491483361109382461E-15, -1.000000000000000000 ) ) ;
#7472 = UNCERTAINTY_MEASURE_WITH_UNIT (LENGTH_MEASURE( 1.000000000000000082E-05 ), #6768, 'distance_accuracy_value', 'NONE');
#7473 = PLANE ( 'NONE',  #5108 ) ;
#7474 = MECHANICAL_DESIGN_GEOMETRIC_PRESENTATION_REPRESENTATION (  '', ( #3947 ), #5728 ) ;
#7475 =( NAMED_UNIT ( * ) SI_UNIT ( $, .STERADIAN. ) SOLID_ANGLE_UNIT ( ) );
#7476 =( GEOMETRIC_REPRESENTATION_CONTEXT ( 3 ) GLOBAL_UNCERTAINTY_ASSIGNED_CONTEXT ( ( #8231 ) ) GLOBAL_UNIT_ASSIGNED_CONTEXT ( ( #2951, #988, #5537 ) ) REPRESENTATION_CONTEXT ( 'NONE', 'WORKASPACE' ) );
#7477 = VERTEX_POINT ( 'NONE', #1202 ) ;
#7478 = FILL_AREA_STYLE ('',( #8121 ) ) ;
#7479 =( NAMED_UNIT ( * ) PLANE_ANGLE_UNIT ( ) SI_UNIT ( $, .RADIAN. ) );
#7480 = PRESENTATION_LAYER_ASSIGNMENT (  '', '', ( #3293 ) ) ;
#7481 =( NAMED_UNIT ( * ) PLANE_ANGLE_UNIT ( ) SI_UNIT ( $, .RADIAN. ) );
#7482 =( GEOMETRIC_REPRESENTATION_CONTEXT ( 3 ) GLOBAL_UNCERTAINTY_ASSIGNED_CONTEXT ( ( #8057 ) ) GLOBAL_UNIT_ASSIGNED_CONTEXT ( ( #2865, #1630, #5493 ) ) REPRESENTATION_CONTEXT ( 'NONE', 'WORKASPACE' ) );
#7483 = CARTESIAN_POINT ( 'NONE',  ( -2.749999999921562299, 1.400000000000003686, -1.300099999999995148 ) ) ;
#7484 =( LENGTH_UNIT ( ) NAMED_UNIT ( * ) SI_UNIT ( .MILLI., .METRE. ) );
#7485 = FILL_AREA_STYLE ('',( #4392 ) ) ;
#7486 = DIRECTION ( 'NONE',  ( -0.000000000000000000, 1.000000000000000000, 2.981555974659857586E-15 ) ) ;
#7487 =( LENGTH_UNIT ( ) NAMED_UNIT ( * ) SI_UNIT ( .MILLI., .METRE. ) );
#7488 = VERTEX_POINT ( 'NONE', #3254 ) ;
#7489 =( NAMED_UNIT ( * ) SI_UNIT ( $, .STERADIAN. ) SOLID_ANGLE_UNIT ( ) );
#7490 = VECTOR ( 'NONE', #6349, 1000.000000000000000 ) ;
#7491 = CARTESIAN_POINT ( 'NONE',  ( 3.150000000025312552, 0.6499999999937460249, 1.299900000000000055 ) ) ;
#7492 = ORIENTED_EDGE ( 'NONE', *, *, #6119, .T. ) ;
#7493 = EDGE_CURVE ( 'NONE', #5465, #4939, #644, .T. ) ;
#7494 = ORIENTED_EDGE ( 'NONE', *, *, #6549, .T. ) ;
#7495 = SURFACE_SIDE_STYLE ('',( #4916 ) ) ;
#7496 = VECTOR ( 'NONE', #8347, 1000.000000000000000 ) ;
#7497 =( GEOMETRIC_REPRESENTATION_CONTEXT ( 3 ) GLOBAL_UNCERTAINTY_ASSIGNED_CONTEXT ( ( #7461 ) ) GLOBAL_UNIT_ASSIGNED_CONTEXT ( ( #4030, #4117, #4560 ) ) REPRESENTATION_CONTEXT ( 'NONE', 'WORKASPACE' ) );
#7498 = ORIENTED_EDGE ( 'NONE', *, *, #2293, .T. ) ;
#7499 = LINE ( 'NONE', #1004, #4397 ) ;
#7500 = VECTOR ( 'NONE', #4229, 1000.000000000000000 ) ;
#7501 = PRESENTATION_LAYER_ASSIGNMENT (  '', '', ( #6024 ) ) ;
#7502 = PRESENTATION_STYLE_ASSIGNMENT (( #4923 ) ) ;
#7503 = ORIENTED_EDGE ( 'NONE', *, *, #6353, .F. ) ;
#7504 = CARTESIAN_POINT ( 'NONE',  ( -2.200000000000000178, 0.1499999999999973299, 0.7600000000000001199 ) ) ;
#7505 = DIRECTION ( 'NONE',  ( 0.000000000000000000, 3.491483361109382461E-15, -1.000000000000000000 ) ) ;
#7506 = EDGE_LOOP ( 'NONE', ( #1523, #6732, #3820, #2350 ) ) ;
#7507 = VECTOR ( 'NONE', #1392, 1000.000000000000000 ) ;
#7508 = FILL_AREA_STYLE ('',( #4218 ) ) ;
#7509 = PLANE ( 'NONE',  #7893 ) ;
#7510 = EDGE_CURVE ( 'NONE', #1091, #7454, #3786, .T. ) ;
#7511 = FILL_AREA_STYLE ('',( #4932 ) ) ;
#7512 = ORIENTED_EDGE ( 'NONE', *, *, #4456, .T. ) ;
#7513 = CARTESIAN_POINT ( 'NONE',  ( 0.09999999999999982514, 0.09999999999999049927, 1.300000000000004707 ) ) ;
#7514 = DIRECTION ( 'NONE',  ( 0.000000000000000000, 3.491483361109382461E-15, -1.000000000000000000 ) ) ;
#7515 = FACE_OUTER_BOUND ( 'NONE', #1401, .T. ) ;
#7516 = ORIENTED_EDGE ( 'NONE', *, *, #6819, .T. ) ;
#7517 = DIRECTION ( 'NONE',  ( 0.000000000000000000, -1.000000000000000000, -3.491483361109382461E-15 ) ) ;
#7518 = DIRECTION ( 'NONE',  ( -0.000000000000000000, 1.000000000000000000, 2.981555974659857586E-15 ) ) ;
#7519 = SURFACE_STYLE_USAGE ( .BOTH. , #4974 ) ;
#7520 = DIRECTION ( 'NONE',  ( -0.000000000000000000, 0.7071067811865443531, 0.7071067811865506814 ) ) ;
#7521 = VECTOR ( 'NONE', #7209, 1000.000000000000000 ) ;
#7522 = UNCERTAINTY_MEASURE_WITH_UNIT (LENGTH_MEASURE( 1.000000000000000082E-05 ), #5121, 'distance_accuracy_value', 'NONE');
#7523 = DIRECTION ( 'NONE',  ( -0.000000000000000000, -3.491483361109382461E-15, 1.000000000000000000 ) ) ;
#7524 = FACE_OUTER_BOUND ( 'NONE', #4132, .T. ) ;
#7525 =( LENGTH_UNIT ( ) NAMED_UNIT ( * ) SI_UNIT ( .MILLI., .METRE. ) );
#7526 = VERTEX_POINT ( 'NONE', #1805 ) ;
#7527 = PRESENTATION_LAYER_ASSIGNMENT (  '', '', ( #3353 ) ) ;
#7528 = FACE_OUTER_BOUND ( 'NONE', #5314, .T. ) ;
#7529 = CARTESIAN_POINT ( 'NONE',  ( 0.9500000000000002887, 0.1500000000000076827, -2.199999999999999734 ) ) ;
#7530 = ORIENTED_EDGE ( 'NONE', *, *, #8194, .F. ) ;
#7531 = VECTOR ( 'NONE', #353, 1000.000000000000000 ) ;
#7532 = ORIENTED_EDGE ( 'NONE', *, *, #7895, .T. ) ;
#7533 = EDGE_CURVE ( 'NONE', #492, #6576, #1973, .T. ) ;
#7534 = LINE ( 'NONE', #1819, #4716 ) ;
#7535 = VERTEX_POINT ( 'NONE', #5199 ) ;
#7536 =( NAMED_UNIT ( * ) PLANE_ANGLE_UNIT ( ) SI_UNIT ( $, .RADIAN. ) );
#7537 = ADVANCED_FACE ( 'NONE', ( #5029 ), #7774, .F. ) ;
#7538 = DIRECTION ( 'NONE',  ( 0.000000000000000000, -1.000000000000000000, -3.491483361109382461E-15 ) ) ;
#7539 = UNCERTAINTY_MEASURE_WITH_UNIT (LENGTH_MEASURE( 1.000000000000000082E-05 ), #5632, 'distance_accuracy_value', 'NONE');
#7540 = DIRECTION ( 'NONE',  ( -0.000000000000000000, -0.000000000000000000, 1.000000000000000000 ) ) ;
#7541 = ORIENTED_EDGE ( 'NONE', *, *, #5429, .T. ) ;
#7542 = PLANE ( 'NONE',  #7016 ) ;
#7543 = AXIS2_PLACEMENT_3D ( 'NONE', #4714, #2733, #7952 ) ;
#7544 = ORIENTED_EDGE ( 'NONE', *, *, #1554, .T. ) ;
#7545 = DIRECTION ( 'NONE',  ( 0.000000000000000000, 3.491483361109382461E-15, -1.000000000000000000 ) ) ;
#7546 = EDGE_CURVE ( 'NONE', #1377, #8026, #3383, .T. ) ;
#7547 = FILL_AREA_STYLE ('',( #336 ) ) ;
#7548 = VECTOR ( 'NONE', #6742, 1000.000000000000000 ) ;
#7549 = UNCERTAINTY_MEASURE_WITH_UNIT (LENGTH_MEASURE( 1.000000000000000082E-05 ), #6627, 'distance_accuracy_value', 'NONE');
#7550 = LINE ( 'NONE', #2544, #6790 ) ;
#7551 = ORIENTED_EDGE ( 'NONE', *, *, #8184, .T. ) ;
#7552 = DIRECTION ( 'NONE',  ( 0.000000000000000000, 3.491483361109382461E-15, -1.000000000000000000 ) ) ;
#7553 = FACE_OUTER_BOUND ( 'NONE', #7688, .T. ) ;
#7554 = ORIENTED_EDGE ( 'NONE', *, *, #5441, .F. ) ;
#7555 = VECTOR ( 'NONE', #6567, 1000.000000000000000 ) ;
#7556 = FILL_AREA_STYLE ('',( #8081 ) ) ;
#7557 = SURFACE_STYLE_FILL_AREA ( #7478 ) ;
#7558 = ADVANCED_FACE ( 'NONE', ( #3421 ), #94, .F. ) ;
#7559 = DIRECTION ( 'NONE',  ( -1.000000000000000000, -0.000000000000000000, -0.000000000000000000 ) ) ;
#7560 =( GEOMETRIC_REPRESENTATION_CONTEXT ( 3 ) GLOBAL_UNCERTAINTY_ASSIGNED_CONTEXT ( ( #3134 ) ) GLOBAL_UNIT_ASSIGNED_CONTEXT ( ( #4876, #325, #7374 ) ) REPRESENTATION_CONTEXT ( 'NONE', 'WORKASPACE' ) );
#7561 = UNCERTAINTY_MEASURE_WITH_UNIT (LENGTH_MEASURE( 1.000000000000000082E-05 ), #7221, 'distance_accuracy_value', 'NONE');
#7562 = PRESENTATION_LAYER_ASSIGNMENT (  '', '', ( #7704 ) ) ;
#7563 = PLANE ( 'NONE',  #1251 ) ;
#7564 = CARTESIAN_POINT ( 'NONE',  ( 3.149999999999999911, 1.399999999999995470, 1.249999999988675503 ) ) ;
#7565 = VECTOR ( 'NONE', #4901, 1000.000000000000000 ) ;
#7566 =( NAMED_UNIT ( * ) PLANE_ANGLE_UNIT ( ) SI_UNIT ( $, .RADIAN. ) );
#7567 = ADVANCED_FACE ( 'NONE', ( #186 ), #5873, .T. ) ;
#7568 = VERTEX_POINT ( 'NONE', #8202 ) ;
#7569 = CARTESIAN_POINT ( 'NONE',  ( 1.350000000000000089, -2.653527354443130891E-15, 0.7600000000000000089 ) ) ;
#7570 = DIRECTION ( 'NONE',  ( 0.4472135954999579277, -0.8944271909999158554, 0.000000000000000000 ) ) ;
#7571 = ORIENTED_EDGE ( 'NONE', *, *, #1372, .F. ) ;
#7572 = PRESENTATION_LAYER_ASSIGNMENT (  '', '', ( #1755 ) ) ;
#7573 = ORIENTED_EDGE ( 'NONE', *, *, #3968, .T. ) ;
#7574 = FILL_AREA_STYLE_COLOUR ( '', #8254 ) ;
#7575 = ORIENTED_EDGE ( 'NONE', *, *, #5717, .T. ) ;
#7576 = CARTESIAN_POINT ( 'NONE',  ( -2.749999999942499773, 1.199999999999996847, 0.9000000000575045789 ) ) ;
#7577 =( GEOMETRIC_REPRESENTATION_CONTEXT ( 3 ) GLOBAL_UNCERTAINTY_ASSIGNED_CONTEXT ( ( #3232 ) ) GLOBAL_UNIT_ASSIGNED_CONTEXT ( ( #2096, #5354, #89 ) ) REPRESENTATION_CONTEXT ( 'NONE', 'WORKASPACE' ) );
#7578 = FILL_AREA_STYLE ('',( #2372 ) ) ;
#7579 = PLANE ( 'NONE',  #7718 ) ;
#7580 = EDGE_LOOP ( 'NONE', ( #6176, #364, #3272, #73 ) ) ;
#7581 = CARTESIAN_POINT ( 'NONE',  ( 0.09999999999999982514, 0.7999999999999953815, 0.9500000000000000666 ) ) ;
#7582 = LINE ( 'NONE', #5133, #911 ) ;
#7583 = ORIENTED_EDGE ( 'NONE', *, *, #3570, .F. ) ;
#7584 = CARTESIAN_POINT ( 'NONE',  ( 0.9299999988515634808, 1.400000000000003908, -1.099999999911106308 ) ) ;
#7585 = DIRECTION ( 'NONE',  ( 1.000000000000000000, -4.206082050346428107E-31, 1.204669080539450083E-16 ) ) ;
#7586 = VECTOR ( 'NONE', #7110, 1000.000000000000000 ) ;
#7587 = EDGE_CURVE ( 'NONE', #7153, #4437, #2348, .T. ) ;
#7588 = LINE ( 'NONE', #1790, #3409 ) ;
#7589 = STYLED_ITEM ( 'NONE', ( #6877 ), #3808 ) ;
#7590 = ORIENTED_EDGE ( 'NONE', *, *, #2172, .F. ) ;
#7591 = FILL_AREA_STYLE_COLOUR ( '', #8369 ) ;
#7592 = EDGE_CURVE ( 'NONE', #2565, #397, #1668, .T. ) ;
#7593 = FILL_AREA_STYLE ('',( #5014 ) ) ;
#7594 =( GEOMETRIC_REPRESENTATION_CONTEXT ( 3 ) GLOBAL_UNCERTAINTY_ASSIGNED_CONTEXT ( ( #1527 ) ) GLOBAL_UNIT_ASSIGNED_CONTEXT ( ( #990, #352, #3045 ) ) REPRESENTATION_CONTEXT ( 'NONE', 'WORKASPACE' ) );
#7595 = VERTEX_POINT ( 'NONE', #5491 ) ;
#7596 = MECHANICAL_DESIGN_GEOMETRIC_PRESENTATION_REPRESENTATION (  '', ( #6519 ), #7202 ) ;
#7597 = FILL_AREA_STYLE ('',( #2390 ) ) ;
#7598 = DIRECTION ( 'NONE',  ( -0.000000000000000000, 1.000000000000000000, 3.491483361109382461E-15 ) ) ;
#7599 = COLOUR_RGB ( '',1.000000000000000000, 0.5019607843137254832, 0.000000000000000000 ) ;
#7600 =( NAMED_UNIT ( * ) SI_UNIT ( $, .STERADIAN. ) SOLID_ANGLE_UNIT ( ) );
#7601 = DIRECTION ( 'NONE',  ( 0.000000000000000000, 3.491483361109382461E-15, -1.000000000000000000 ) ) ;
#7602 = VECTOR ( 'NONE', #3036, 1000.000000000000000 ) ;
#7603 = UNCERTAINTY_MEASURE_WITH_UNIT (LENGTH_MEASURE( 1.000000000000000082E-05 ), #546, 'distance_accuracy_value', 'NONE');
#7604 = DIRECTION ( 'NONE',  ( 0.000000000000000000, 1.000000000000000000, 3.491483361109382461E-15 ) ) ;
#7605 = SURFACE_SIDE_STYLE ('',( #1331 ) ) ;
#7606 = DIRECTION ( 'NONE',  ( 0.000000000000000000, 1.000000000000000000, 3.491483361109382855E-15 ) ) ;
#7607 = CARTESIAN_POINT ( 'NONE',  ( -3.850000000000000533, 1.399999999999995470, 1.300000000000005151 ) ) ;
#7608 = VECTOR ( 'NONE', #3079, 1000.000000000000000 ) ;
#7609 = ORIENTED_EDGE ( 'NONE', *, *, #617, .T. ) ;
#7610 = SURFACE_STYLE_FILL_AREA ( #6430 ) ;
#7611 = PRESENTATION_STYLE_ASSIGNMENT (( #1166 ) ) ;
#7612 = EDGE_CURVE ( 'NONE', #4689, #4247, #3499, .T. ) ;
#7613 = VERTEX_POINT ( 'NONE', #4174 ) ;
#7614 = ORIENTED_EDGE ( 'NONE', *, *, #6927, .F. ) ;
#7615 = FILL_AREA_STYLE ('',( #8270 ) ) ;
#7616 = DIRECTION ( 'NONE',  ( -1.640603885545665861E-10, -1.000000000000000000, -3.491483361109382461E-15 ) ) ;
#7617 = ORIENTED_EDGE ( 'NONE', *, *, #3538, .T. ) ;
#7618 =( NAMED_UNIT ( * ) SI_UNIT ( $, .STERADIAN. ) SOLID_ANGLE_UNIT ( ) );
#7619 = DIRECTION ( 'NONE',  ( -1.396593344443753142E-15, -6.982966722218765711E-16, 1.000000000000000000 ) ) ;
#7620 = SURFACE_STYLE_USAGE ( .BOTH. , #6864 ) ;
#7621 = UNCERTAINTY_MEASURE_WITH_UNIT (LENGTH_MEASURE( 1.000000000000000082E-05 ), #5882, 'distance_accuracy_value', 'NONE');
#7622 = EDGE_CURVE ( 'NONE', #5634, #6882, #6078, .T. ) ;
#7623 = DIRECTION ( 'NONE',  ( -1.000000000000000000, 0.000000000000000000, 0.000000000000000000 ) ) ;
#7624 = ORIENTED_EDGE ( 'NONE', *, *, #5194, .F. ) ;
#7625 = CIRCLE ( 'NONE', #4255, 0.2500000000000001110 ) ;
#7626 = DIRECTION ( 'NONE',  ( 0.000000000000000000, 3.491483361109382461E-15, -1.000000000000000000 ) ) ;
#7627 = VECTOR ( 'NONE', #6264, 1000.000000000000000 ) ;
#7628 = FILL_AREA_STYLE_COLOUR ( '', #2031 ) ;
#7629 = ORIENTED_EDGE ( 'NONE', *, *, #3017, .T. ) ;
#7630 = VECTOR ( 'NONE', #4088, 1000.000000000000000 ) ;
#7631 =( NAMED_UNIT ( * ) PLANE_ANGLE_UNIT ( ) SI_UNIT ( $, .RADIAN. ) );
#7632 = VECTOR ( 'NONE', #4749, 1000.000000000000000 ) ;
#7633 = UNCERTAINTY_MEASURE_WITH_UNIT (LENGTH_MEASURE( 1.000000000000000082E-05 ), #5568, 'distance_accuracy_value', 'NONE');
#7634 = LINE ( 'NONE', #5138, #4227 ) ;
#7635 = CARTESIAN_POINT ( 'NONE',  ( -3.850000000000000533, 3.186012110499000563E-15, -0.9000000002812498234 ) ) ;
#7636 =( LENGTH_UNIT ( ) NAMED_UNIT ( * ) SI_UNIT ( .MILLI., .METRE. ) );
#7637 = COLOUR_RGB ( '',0.000000000000000000, 0.000000000000000000, 1.000000000000000000 ) ;
#7638 = EDGE_CURVE ( 'NONE', #1125, #6141, #934, .T. ) ;
#7639 = ORIENTED_EDGE ( 'NONE', *, *, #8070, .T. ) ;
#7640 = PRESENTATION_STYLE_ASSIGNMENT (( #8335 ) ) ;
#7641 = DIRECTION ( 'NONE',  ( 0.000000000000000000, 1.000000000000000000, 3.491483361109382066E-15 ) ) ;
#7642 = SURFACE_STYLE_FILL_AREA ( #2508 ) ;
#7643 = AXIS2_PLACEMENT_3D ( 'NONE', #1684, #4273, #5590 ) ;
#7644 = CARTESIAN_POINT ( 'NONE',  ( -3.150000000000000355, 1.400000000000004574, -1.299999999999995159 ) ) ;
#7645 = UNCERTAINTY_MEASURE_WITH_UNIT (LENGTH_MEASURE( 1.000000000000000082E-05 ), #3584, 'distance_accuracy_value', 'NONE');
#7646 = CARTESIAN_POINT ( 'NONE',  ( -1.430000000138913929, 1.400000000000004574, -1.299999999956921393 ) ) ;
#7647 = SURFACE_STYLE_FILL_AREA ( #8 ) ;
#7648 =( NAMED_UNIT ( * ) PLANE_ANGLE_UNIT ( ) SI_UNIT ( $, .RADIAN. ) );
#7649 = SURFACE_STYLE_FILL_AREA ( #1974 ) ;
#7650 = FILL_AREA_STYLE_COLOUR ( '', #7708 ) ;
#7651 = EDGE_LOOP ( 'NONE', ( #8177, #3689, #404, #460 ) ) ;
#7652 = DIRECTION ( 'NONE',  ( 0.000000000000000000, 3.491483361109382461E-15, -1.000000000000000000 ) ) ;
#7653 = LINE ( 'NONE', #5114, #3312 ) ;
#7654 = EDGE_CURVE ( 'NONE', #131, #3564, #6124, .T. ) ;
#7655 = COLOUR_RGB ( '',1.000000000000000000, 0.5019607843137254832, 0.000000000000000000 ) ;
#7656 = ORIENTED_EDGE ( 'NONE', *, *, #7204, .F. ) ;
#7657 = FILL_AREA_STYLE ('',( #6983 ) ) ;
#7658 = LINE ( 'NONE', #451, #2693 ) ;
#7659 =( GEOMETRIC_REPRESENTATION_CONTEXT ( 3 ) GLOBAL_UNCERTAINTY_ASSIGNED_CONTEXT ( ( #7472 ) ) GLOBAL_UNIT_ASSIGNED_CONTEXT ( ( #6768, #6088, #5284 ) ) REPRESENTATION_CONTEXT ( 'NONE', 'WORKASPACE' ) );
#7660 = ORIENTED_EDGE ( 'NONE', *, *, #2074, .T. ) ;
#7661 = FACE_OUTER_BOUND ( 'NONE', #8318, .T. ) ;
#7662 = CARTESIAN_POINT ( 'NONE',  ( -0.9299999999999993827, 1.400000000000004574, -1.299999999999995159 ) ) ;
#7663 = CARTESIAN_POINT ( 'NONE',  ( -3.350000000000000089, 1.099999999985576737, -0.7499999996999968666 ) ) ;
#7664 = VECTOR ( 'NONE', #6254, 1000.000000000000000 ) ;
#7665 = LINE ( 'NONE', #8232, #7470 ) ;
#7666 = ORIENTED_EDGE ( 'NONE', *, *, #3125, .F. ) ;
#7667 = SURFACE_STYLE_FILL_AREA ( #5088 ) ;
#7668 = PRESENTATION_STYLE_ASSIGNMENT (( #8322 ) ) ;
#7669 = ORIENTED_EDGE ( 'NONE', *, *, #3185, .T. ) ;
#7670 = EDGE_CURVE ( 'NONE', #6026, #5655, #4897, .T. ) ;
#7671 =( GEOMETRIC_REPRESENTATION_CONTEXT ( 3 ) GLOBAL_UNCERTAINTY_ASSIGNED_CONTEXT ( ( #5094 ) ) GLOBAL_UNIT_ASSIGNED_CONTEXT ( ( #3505, #7402, #2112 ) ) REPRESENTATION_CONTEXT ( 'NONE', 'WORKASPACE' ) );
#7672 = SURFACE_STYLE_FILL_AREA ( #3894 ) ;
#7673 = DIRECTION ( 'NONE',  ( 0.000000000000000000, 0.000000000000000000, -1.000000000000000000 ) ) ;
#7674 = CARTESIAN_POINT ( 'NONE',  ( -2.200000000000000178, 0.1499999999999973299, 0.7600000000000001199 ) ) ;
#7675 = DIRECTION ( 'NONE',  ( 0.4472135954999579277, -0.8944271909999158554, 0.000000000000000000 ) ) ;
#7676 = DIRECTION ( 'NONE',  ( 0.000000000000000000, -1.000000000000000000, -3.491483361109382461E-15 ) ) ;
#7677 = ORIENTED_EDGE ( 'NONE', *, *, #4456, .F. ) ;
#7678 = LINE ( 'NONE', #8373, #700 ) ;
#7679 = DIRECTION ( 'NONE',  ( 0.000000000000000000, -1.000000000000000000, -3.491483361109382461E-15 ) ) ;
#7680 = AXIS2_PLACEMENT_3D ( 'NONE', #3999, #141, #1370 ) ;
#7681 =( LENGTH_UNIT ( ) NAMED_UNIT ( * ) SI_UNIT ( .MILLI., .METRE. ) );
#7682 = DIRECTION ( 'NONE',  ( 0.000000000000000000, 0.000000000000000000, -1.000000000000000000 ) ) ;
#7683 = DIRECTION ( 'NONE',  ( -0.8944271909999159664, -0.4472135954999579832, -1.561438827550005499E-15 ) ) ;
#7684 = EDGE_CURVE ( 'NONE', #1418, #4467, #2977, .T. ) ;
#7685 = CARTESIAN_POINT ( 'NONE',  ( -3.399999999999999911, 0.2500000000333288397, -0.8999999999999993561 ) ) ;
#7686 = UNCERTAINTY_MEASURE_WITH_UNIT (LENGTH_MEASURE( 1.000000000000000082E-05 ), #355, 'distance_accuracy_value', 'NONE');
#7687 = STYLED_ITEM ( 'NONE', ( #42 ), #7001 ) ;
#7688 = EDGE_LOOP ( 'NONE', ( #5936, #7936, #8365, #4900, #2405, #7878, #7375, #7200, #8162, #1612 ) ) ;
#7689 = SURFACE_STYLE_USAGE ( .BOTH. , #1936 ) ;
#7690 = CARTESIAN_POINT ( 'NONE',  ( 2.449999999999999734, 0.1499999999625044045, -1.300000000000000044 ) ) ;
#7691 = ORIENTED_EDGE ( 'NONE', *, *, #1165, .F. ) ;
#7692 = PLANE ( 'NONE',  #7851 ) ;
#7693 = PRESENTATION_LAYER_ASSIGNMENT (  '', '', ( #3388 ) ) ;
#7694 = CARTESIAN_POINT ( 'NONE',  ( 0.9500000000000002887, 0.1499999999906318493, -2.199999999999999734 ) ) ;
#7695 = DIRECTION ( 'NONE',  ( 0.000000000000000000, -3.491483361109382461E-15, 1.000000000000000000 ) ) ;
#7696 = EDGE_CURVE ( 'NONE', #5929, #8059, #4811, .T. ) ;
#7697 =( NAMED_UNIT ( * ) PLANE_ANGLE_UNIT ( ) SI_UNIT ( $, .RADIAN. ) );
#7698 = ORIENTED_EDGE ( 'NONE', *, *, #7428, .T. ) ;
#7699 = ORIENTED_EDGE ( 'NONE', *, *, #2509, .T. ) ;
#7700 = SURFACE_SIDE_STYLE ('',( #6435 ) ) ;
#7701 = SURFACE_STYLE_FILL_AREA ( #7657 ) ;
#7702 = MECHANICAL_DESIGN_GEOMETRIC_PRESENTATION_REPRESENTATION (  '', ( #658 ), #3516 ) ;
#7703 = EDGE_CURVE ( 'NONE', #7595, #7144, #6240, .T. ) ;
#7704 = STYLED_ITEM ( 'NONE', ( #1500 ), #7567 ) ;
#7705 =( LENGTH_UNIT ( ) NAMED_UNIT ( * ) SI_UNIT ( .MILLI., .METRE. ) );
#7706 = ORIENTED_EDGE ( 'NONE', *, *, #6728, .T. ) ;
#7707 = SURFACE_STYLE_FILL_AREA ( #8356 ) ;
#7708 = COLOUR_RGB ( '',0.000000000000000000, 0.000000000000000000, 1.000000000000000000 ) ;
#7709 = DIRECTION ( 'NONE',  ( 1.000000000000000000, 0.000000000000000000, 0.000000000000000000 ) ) ;
#7710 = FILL_AREA_STYLE ('',( #5805 ) ) ;
#7711 = MECHANICAL_DESIGN_GEOMETRIC_PRESENTATION_REPRESENTATION (  '', ( #7990 ), #4051 ) ;
#7712 = CARTESIAN_POINT ( 'NONE',  ( -1.430100000000000815, 1.200000000035991166, 1.299968992277986901 ) ) ;
#7713 = ORIENTED_EDGE ( 'NONE', *, *, #3900, .F. ) ;
#7714 = AXIS2_PLACEMENT_3D ( 'NONE', #6073, #7384, #2490 ) ;
#7715 = FACE_OUTER_BOUND ( 'NONE', #570, .T. ) ;
#7716 = EDGE_CURVE ( 'NONE', #2047, #131, #4297, .T. ) ;
#7717 = PLANE ( 'NONE',  #3128 ) ;
#7718 = AXIS2_PLACEMENT_3D ( 'NONE', #4409, #2227, #4364 ) ;
#7719 = ORIENTED_EDGE ( 'NONE', *, *, #6000, .F. ) ;
#7720 = COLOUR_RGB ( '',1.000000000000000000, 0.5019607843137254832, 0.000000000000000000 ) ;
#7721 =( NAMED_UNIT ( * ) PLANE_ANGLE_UNIT ( ) SI_UNIT ( $, .RADIAN. ) );
#7722 = UNCERTAINTY_MEASURE_WITH_UNIT (LENGTH_MEASURE( 1.000000000000000082E-05 ), #7306, 'distance_accuracy_value', 'NONE');
#7723 = AXIS2_PLACEMENT_3D ( 'NONE', #6776, #4912, #7570 ) ;
#7724 = DIRECTION ( 'NONE',  ( 1.000000000000000000, 0.000000000000000000, 0.000000000000000000 ) ) ;
#7725 = ADVANCED_FACE ( 'NONE', ( #4851 ), #1626, .T. ) ;
#7726 = ORIENTED_EDGE ( 'NONE', *, *, #2885, .T. ) ;
#7727 = CARTESIAN_POINT ( 'NONE',  ( -3.350000000000000089, 1.399999999999997691, 0.8000000000000051514 ) ) ;
#7728 = VECTOR ( 'NONE', #2510, 1000.000000000000000 ) ;
#7729 = EDGE_LOOP ( 'NONE', ( #1879, #4285, #709, #332, #4324, #6836, #1646, #7798, #7978, #556, #2520, #3433 ) ) ;
#7730 = SURFACE_SIDE_STYLE ('',( #5706 ) ) ;
#7731 = SURFACE_STYLE_FILL_AREA ( #561 ) ;
#7732 = AXIS2_PLACEMENT_3D ( 'NONE', #1963, #4539, #7128 ) ;
#7733 = CARTESIAN_POINT ( 'NONE',  ( 3.350000000000000089, 0.7000000000117158061, 0.8000000000023468338 ) ) ;
#7734 = CARTESIAN_POINT ( 'NONE',  ( -3.400000000000000355, 0.2000000000333287120, 1.299900000000000055 ) ) ;
#7735 = CARTESIAN_POINT ( 'NONE',  ( -0.9299999999999998268, 1.400000000000004574, -1.299999999999995159 ) ) ;
#7736 =( NAMED_UNIT ( * ) SI_UNIT ( $, .STERADIAN. ) SOLID_ANGLE_UNIT ( ) );
#7737 = FACE_OUTER_BOUND ( 'NONE', #6392, .T. ) ;
#7738 = AXIS2_PLACEMENT_3D ( 'NONE', #2742, #5967, #8398 ) ;
#7739 = CARTESIAN_POINT ( 'NONE',  ( 1.400000000089688168, 1.199999999999990852, 2.599999999894065272 ) ) ;
#7740 = ORIENTED_EDGE ( 'NONE', *, *, #4266, .F. ) ;
#7741 = SURFACE_STYLE_FILL_AREA ( #1255 ) ;
#7742 = PRESENTATION_LAYER_ASSIGNMENT (  '', '', ( #6652 ) ) ;
#7743 = DIRECTION ( 'NONE',  ( 0.000000000000000000, 0.000000000000000000, -1.000000000000000000 ) ) ;
#7744 = MECHANICAL_DESIGN_GEOMETRIC_PRESENTATION_REPRESENTATION (  '', ( #4360 ), #4772 ) ;
#7745 = FILL_AREA_STYLE ('',( #5158 ) ) ;
#7746 = ORIENTED_EDGE ( 'NONE', *, *, #544, .F. ) ;
#7747 = CARTESIAN_POINT ( 'NONE',  ( -2.719999999692154002, 1.400000000000004352, -1.299999999924378979 ) ) ;
#7748 = ORIENTED_EDGE ( 'NONE', *, *, #2215, .T. ) ;
#7749 = ADVANCED_FACE ( 'NONE', ( #5570 ), #260, .F. ) ;
#7750 = STYLED_ITEM ( 'NONE', ( #7640 ), #4663 ) ;
#7751 = ORIENTED_EDGE ( 'NONE', *, *, #2440, .T. ) ;
#7752 = ADVANCED_FACE ( 'NONE', ( #5702 ), #2502, .F. ) ;
#7753 = SURFACE_STYLE_FILL_AREA ( #4137 ) ;
#7754 = MANIFOLD_SOLID_BREP ( '∂Øƒ - âüÇµèoÇµ13', #2449 ) ;
#7755 = ORIENTED_EDGE ( 'NONE', *, *, #2597, .F. ) ;
#7756 = SURFACE_STYLE_FILL_AREA ( #467 ) ;
#7757 = DIRECTION ( 'NONE',  ( 0.000000000000000000, -3.491483361109382461E-15, 1.000000000000000000 ) ) ;
#7758 =( GEOMETRIC_REPRESENTATION_CONTEXT ( 3 ) GLOBAL_UNCERTAINTY_ASSIGNED_CONTEXT ( ( #2041 ) ) GLOBAL_UNIT_ASSIGNED_CONTEXT ( ( #4464, #1290, #3862 ) ) REPRESENTATION_CONTEXT ( 'NONE', 'WORKASPACE' ) );
#7759 = ORIENTED_EDGE ( 'NONE', *, *, #1710, .F. ) ;
#7760 = MECHANICAL_DESIGN_GEOMETRIC_PRESENTATION_REPRESENTATION (  '', ( #6278 ), #843 ) ;
#7761 = ORIENTED_EDGE ( 'NONE', *, *, #2586, .F. ) ;
#7762 = DIRECTION ( 'NONE',  ( 0.000000000000000000, -3.252606517456533024E-15, 1.000000000000000000 ) ) ;
#7763 = PRESENTATION_STYLE_ASSIGNMENT (( #5189 ) ) ;
#7764 = ORIENTED_EDGE ( 'NONE', *, *, #4981, .T. ) ;
#7765 = VECTOR ( 'NONE', #5622, 1000.000000000000000 ) ;
#7766 = DIRECTION ( 'NONE',  ( -1.745741680554691428E-15, 1.000000000000000000, 1.745741680554698330E-15 ) ) ;
#7767 = MECHANICAL_DESIGN_GEOMETRIC_PRESENTATION_REPRESENTATION (  '', ( #2898 ), #7497 ) ;
#7768 = ADVANCED_FACE ( 'NONE', ( #7047 ), #468, .T. ) ;
#7769 = CARTESIAN_POINT ( 'NONE',  ( -3.350000000000000089, 0.2500000000333291728, -0.8999999999999991340 ) ) ;
#7770 = DIRECTION ( 'NONE',  ( 1.000000000000000000, 0.000000000000000000, 0.000000000000000000 ) ) ;
#7771 = AXIS2_PLACEMENT_3D ( 'NONE', #1992, #593, #5854 ) ;
#7772 = DIRECTION ( 'NONE',  ( -0.000000000000000000, -1.000000000000000000, 0.000000000000000000 ) ) ;
#7773 = ORIENTED_EDGE ( 'NONE', *, *, #5675, .T. ) ;
#7774 = PLANE ( 'NONE',  #3646 ) ;
#7775 = DIRECTION ( 'NONE',  ( 0.000000000000000000, 0.000000000000000000, -1.000000000000000000 ) ) ;
#7776 = CARTESIAN_POINT ( 'NONE',  ( 0.3000000000000023759, 0.09999999999999049927, 2.800000000000002043 ) ) ;
#7777 = ORIENTED_EDGE ( 'NONE', *, *, #567, .T. ) ;
#7778 = EDGE_CURVE ( 'NONE', #5110, #5929, #7943, .T. ) ;
#7779 = DIRECTION ( 'NONE',  ( -1.000000000000000000, 0.000000000000000000, 0.000000000000000000 ) ) ;
#7780 = FACE_OUTER_BOUND ( 'NONE', #4326, .T. ) ;
#7781 = ORIENTED_EDGE ( 'NONE', *, *, #1050, .F. ) ;
#7782 = UNCERTAINTY_MEASURE_WITH_UNIT (LENGTH_MEASURE( 1.000000000000000082E-05 ), #4635, 'distance_accuracy_value', 'NONE');
#7783 = DIRECTION ( 'NONE',  ( 1.000000000000000000, -0.000000000000000000, 0.000000000000000000 ) ) ;
#7784 = FACE_OUTER_BOUND ( 'NONE', #3408, .T. ) ;
#7785 = DIRECTION ( 'NONE',  ( -0.000000000000000000, -1.000000000000000000, -3.491483361109382461E-15 ) ) ;
#7786 = EDGE_LOOP ( 'NONE', ( #7544, #6695, #8063, #2450 ) ) ;
#7787 = ORIENTED_EDGE ( 'NONE', *, *, #1431, .T. ) ;
#7788 =( NAMED_UNIT ( * ) SI_UNIT ( $, .STERADIAN. ) SOLID_ANGLE_UNIT ( ) );
#7789 = SURFACE_SIDE_STYLE ('',( #7030 ) ) ;
#7790 = LINE ( 'NONE', #4446, #8410 ) ;
#7791 = UNCERTAINTY_MEASURE_WITH_UNIT (LENGTH_MEASURE( 1.000000000000000082E-05 ), #3782, 'distance_accuracy_value', 'NONE');
#7792 = EDGE_CURVE ( 'NONE', #1485, #622, #4624, .T. ) ;
#7793 = STYLED_ITEM ( 'NONE', ( #6239 ), #5937 ) ;
#7794 = EDGE_LOOP ( 'NONE', ( #7313, #3317, #4457, #1699 ) ) ;
#7795 = CARTESIAN_POINT ( 'NONE',  ( -3.400000000000000355, 0.2000000000333288508, 0.9000000000000006883 ) ) ;
#7796 = DIRECTION ( 'NONE',  ( -0.000000000000000000, -1.000000000000000000, -3.491483361109382066E-15 ) ) ;
#7797 =( NAMED_UNIT ( * ) SI_UNIT ( $, .STERADIAN. ) SOLID_ANGLE_UNIT ( ) );
#7798 = ORIENTED_EDGE ( 'NONE', *, *, #7992, .F. ) ;
#7799 = EDGE_CURVE ( 'NONE', #7837, #3161, #6535, .T. ) ;
#7800 = PRODUCT_DEFINITION ( 'UNKNOWN', '', #4452, #1248 ) ;
#7801 = CARTESIAN_POINT ( 'NONE',  ( 0.9499999999546879792, 0.0001000000000076812790, -2.199999999999999734 ) ) ;
#7802 =( NAMED_UNIT ( * ) PLANE_ANGLE_UNIT ( ) SI_UNIT ( $, .RADIAN. ) );
#7803 = DIRECTION ( 'NONE',  ( -1.215414851895496253E-10, 3.491483361109382855E-15, -1.000000000000000000 ) ) ;
#7804 = UNCERTAINTY_MEASURE_WITH_UNIT (LENGTH_MEASURE( 1.000000000000000082E-05 ), #7423, 'distance_accuracy_value', 'NONE');
#7805 = CARTESIAN_POINT ( 'NONE',  ( -3.150000000000000355, 1.299999999976720888, 0.7500000000000045519 ) ) ;
#7806 = ORIENTED_EDGE ( 'NONE', *, *, #6891, .F. ) ;
#7807 = SURFACE_STYLE_USAGE ( .BOTH. , #6532 ) ;
#7808 = CARTESIAN_POINT ( 'NONE',  ( 1.649999999999999911, 0.1499999999999973299, 0.7600000000000005640 ) ) ;
#7809 = EDGE_CURVE ( 'NONE', #4410, #1139, #6492, .T. ) ;
#7810 = CARTESIAN_POINT ( 'NONE',  ( -3.350000000000000089, 0.6999999999999954037, 1.249999999996877165 ) ) ;
#7811 = SURFACE_STYLE_FILL_AREA ( #2638 ) ;
#7812 = PLANE ( 'NONE',  #6818 ) ;
#7813 = COLOUR_RGB ( '',1.000000000000000000, 1.000000000000000000, 1.000000000000000000 ) ;
#7814 = CARTESIAN_POINT ( 'NONE',  ( -1.125300120096095924, 4.888076705553125939E-16, -0.1399999999999997080 ) ) ;
#7815 = ORIENTED_EDGE ( 'NONE', *, *, #4584, .T. ) ;
#7816 = EDGE_CURVE ( 'NONE', #4551, #7220, #2089, .T. ) ;
#7817 = VECTOR ( 'NONE', #2150, 1000.000000000000227 ) ;
#7818 = FACE_OUTER_BOUND ( 'NONE', #2101, .T. ) ;
#7819 = LINE ( 'NONE', #6660, #2226 ) ;
#7820 = EDGE_LOOP ( 'NONE', ( #3144, #3992, #5430, #6807 ) ) ;
#7821 = DIRECTION ( 'NONE',  ( -1.000000000000000000, -0.000000000000000000, -0.000000000000000000 ) ) ;
#7822 = DIRECTION ( 'NONE',  ( 0.000000000000000000, -3.491483361109382461E-15, 1.000000000000000000 ) ) ;
#7823 =( GEOMETRIC_REPRESENTATION_CONTEXT ( 3 ) GLOBAL_UNCERTAINTY_ASSIGNED_CONTEXT ( ( #655 ) ) GLOBAL_UNIT_ASSIGNED_CONTEXT ( ( #5991, #7255, #3370 ) ) REPRESENTATION_CONTEXT ( 'NONE', 'WORKASPACE' ) );
#7824 = EDGE_LOOP ( 'NONE', ( #4381, #7759, #2178, #5592 ) ) ;
#7825 = EDGE_CURVE ( 'NONE', #932, #5433, #4664, .T. ) ;
#7826 = SURFACE_STYLE_USAGE ( .BOTH. , #5240 ) ;
#7827 = CARTESIAN_POINT ( 'NONE',  ( -1.430100000000000815, 0.000000000000000000, 0.000000000000000000 ) ) ;
#7828 = ORIENTED_EDGE ( 'NONE', *, *, #6526, .T. ) ;
#7829 = ORIENTED_EDGE ( 'NONE', *, *, #2324, .T. ) ;
#7830 = CARTESIAN_POINT ( 'NONE',  ( -3.850000000000000533, 0.2000000000000046740, -1.299999999999999822 ) ) ;
#7831 =( GEOMETRIC_REPRESENTATION_CONTEXT ( 3 ) GLOBAL_UNCERTAINTY_ASSIGNED_CONTEXT ( ( #2111 ) ) GLOBAL_UNIT_ASSIGNED_CONTEXT ( ( #6104, #6144, #827 ) ) REPRESENTATION_CONTEXT ( 'NONE', 'WORKASPACE' ) );
#7832 = DIRECTION ( 'NONE',  ( 0.000000000000000000, -3.523657060577887833E-15, 1.000000000000000000 ) ) ;
#7833 = MECHANICAL_DESIGN_GEOMETRIC_PRESENTATION_REPRESENTATION (  '', ( #6749 ), #929 ) ;
#7834 = DIRECTION ( 'NONE',  ( 0.000000000000000000, -1.000000000000000000, -3.491483361109382461E-15 ) ) ;
#7835 = STYLED_ITEM ( 'NONE', ( #5767 ), #8295 ) ;
#7836 = AXIS2_PLACEMENT_3D ( 'NONE', #3566, #323, #5509 ) ;
#7837 = VERTEX_POINT ( 'NONE', #6575 ) ;
#7838 =( NAMED_UNIT ( * ) PLANE_ANGLE_UNIT ( ) SI_UNIT ( $, .RADIAN. ) );
#7839 = DIRECTION ( 'NONE',  ( 0.000000000000000000, -3.491483361109382066E-15, 1.000000000000000000 ) ) ;
#7840 = STYLED_ITEM ( 'NONE', ( #5625 ), #5695 ) ;
#7841 = VERTEX_POINT ( 'NONE', #5861 ) ;
#7842 = VECTOR ( 'NONE', #6640, 1000.000000000000000 ) ;
#7843 = FACE_OUTER_BOUND ( 'NONE', #6647, .T. ) ;
#7844 = VECTOR ( 'NONE', #3990, 1000.000000000000000 ) ;
#7845 =( GEOMETRIC_REPRESENTATION_CONTEXT ( 3 ) GLOBAL_UNCERTAINTY_ASSIGNED_CONTEXT ( ( #2475 ) ) GLOBAL_UNIT_ASSIGNED_CONTEXT ( ( #737, #7201, #7788 ) ) REPRESENTATION_CONTEXT ( 'NONE', 'WORKASPACE' ) );
#7846 = VERTEX_POINT ( 'NONE', #5904 ) ;
#7847 = VECTOR ( 'NONE', #783, 1000.000000000000000 ) ;
#7848 = DIRECTION ( 'NONE',  ( -0.000000000000000000, -0.000000000000000000, -1.000000000000000000 ) ) ;
#7849 = VECTOR ( 'NONE', #2048, 1000.000000000000000 ) ;
#7850 = VERTEX_POINT ( 'NONE', #177 ) ;
#7851 = AXIS2_PLACEMENT_3D ( 'NONE', #4596, #7779, #8307 ) ;
#7852 = SURFACE_STYLE_USAGE ( .BOTH. , #7175 ) ;
#7853 = EDGE_CURVE ( 'NONE', #6745, #1044, #751, .T. ) ;
#7854 = FILL_AREA_STYLE ('',( #3455 ) ) ;
#7855 = SURFACE_STYLE_FILL_AREA ( #5191 ) ;
#7856 = CIRCLE ( 'NONE', #2849, 0.05000000000000005135 ) ;
#7857 = LINE ( 'NONE', #2137, #1900 ) ;
#7858 = CARTESIAN_POINT ( 'NONE',  ( 3.350000000000000089, 0.2500000000333291728, -0.8999999999999991340 ) ) ;
#7859 = EDGE_CURVE ( 'NONE', #5297, #1418, #4031, .T. ) ;
#7860 = MECHANICAL_DESIGN_GEOMETRIC_PRESENTATION_REPRESENTATION (  '', ( #2311 ), #3131 ) ;
#7861 = FILL_AREA_STYLE ('',( #848 ) ) ;
#7862 = DIRECTION ( 'NONE',  ( 2.864900928940194805E-10, 3.491483361109382855E-15, -1.000000000000000000 ) ) ;
#7863 = VERTEX_POINT ( 'NONE', #1999 ) ;
#7864 = SURFACE_STYLE_USAGE ( .BOTH. , #7909 ) ;
#7865 = DIRECTION ( 'NONE',  ( 0.000000000000000000, 3.491483361109382066E-15, -1.000000000000000000 ) ) ;
#7866 = AXIS2_PLACEMENT_3D ( 'NONE', #6521, #7116, #7834 ) ;
#7867 = FILL_AREA_STYLE_COLOUR ( '', #4626 ) ;
#7868 =( GEOMETRIC_REPRESENTATION_CONTEXT ( 3 ) GLOBAL_UNCERTAINTY_ASSIGNED_CONTEXT ( ( #3315 ) ) GLOBAL_UNIT_ASSIGNED_CONTEXT ( ( #2774, #4588, #6580 ) ) REPRESENTATION_CONTEXT ( 'NONE', 'WORKASPACE' ) );
#7869 = ORIENTED_EDGE ( 'NONE', *, *, #5683, .T. ) ;
#7870 = DIRECTION ( 'NONE',  ( 0.000000000000000000, 3.491483361109382461E-15, -1.000000000000000000 ) ) ;
#7871 = CARTESIAN_POINT ( 'NONE',  ( 0.09999999999999982514, 1.199999999999990186, 2.800000000000003819 ) ) ;
#7872 = EDGE_CURVE ( 'NONE', #6506, #7924, #2634, .T. ) ;
#7873 = VECTOR ( 'NONE', #3202, 1000.000000000000000 ) ;
#7874 = DIRECTION ( 'NONE',  ( -0.000000000000000000, -0.000000000000000000, 1.000000000000000000 ) ) ;
#7875 = CARTESIAN_POINT ( 'NONE',  ( -3.149999999968750686, 1.300000000102377928, -1.249999999978901766 ) ) ;
#7876 = SURFACE_STYLE_USAGE ( .BOTH. , #107 ) ;
#7877 = VERTEX_POINT ( 'NONE', #6616 ) ;
#7878 = ORIENTED_EDGE ( 'NONE', *, *, #1785, .F. ) ;
#7879 = SURFACE_STYLE_USAGE ( .BOTH. , #3972 ) ;
#7880 = MECHANICAL_DESIGN_GEOMETRIC_PRESENTATION_REPRESENTATION (  '', ( #3944 ), #3416 ) ;
#7881 = ADVANCED_FACE ( 'NONE', ( #2724 ), #791, .T. ) ;
#7882 = CARTESIAN_POINT ( 'NONE',  ( -3.050000000000000266, 1.099999999999997202, 0.7500000000000035527 ) ) ;
#7883 = CARTESIAN_POINT ( 'NONE',  ( 1.430100000000000593, 0.7899999999729960809, 0.9500000000000000666 ) ) ;
#7884 = UNCERTAINTY_MEASURE_WITH_UNIT (LENGTH_MEASURE( 1.000000000000000082E-05 ), #1528, 'distance_accuracy_value', 'NONE');
#7885 = ORIENTED_EDGE ( 'NONE', *, *, #4917, .T. ) ;
#7886 = PRESENTATION_LAYER_ASSIGNMENT (  '', '', ( #3947 ) ) ;
#7887 = VERTEX_POINT ( 'NONE', #4841 ) ;
#7888 = CARTESIAN_POINT ( 'NONE',  ( 2.449999999999999734, 0.1499999999906318493, -2.199999999999999734 ) ) ;
#7889 = CARTESIAN_POINT ( 'NONE',  ( -3.850000000000000533, 7.724940478959219092E-15, -2.200000000000000178 ) ) ;
#7890 = CIRCLE ( 'NONE', #8025, 0.4000000000000001887 ) ;
#7891 = DIRECTION ( 'NONE',  ( -0.000000000000000000, 1.000000000000000000, 3.491483361109382461E-15 ) ) ;
#7892 = ORIENTED_EDGE ( 'NONE', *, *, #1544, .F. ) ;
#7893 = AXIS2_PLACEMENT_3D ( 'NONE', #1835, #6958, #4257 ) ;
#7894 = CARTESIAN_POINT ( 'NONE',  ( 0.9299999994093756106, 1.400000000000004352, -1.299999999999995159 ) ) ;
#7895 = EDGE_CURVE ( 'NONE', #534, #291, #1573, .T. ) ;
#7896 = PRESENTATION_LAYER_ASSIGNMENT (  '', '', ( #1660 ) ) ;
#7897 = VERTEX_POINT ( 'NONE', #880 ) ;
#7898 = VECTOR ( 'NONE', #1029, 1000.000000000000000 ) ;
#7899 = ORIENTED_EDGE ( 'NONE', *, *, #5383, .F. ) ;
#7900 = PLANE ( 'NONE',  #8129 ) ;
#7901 = CARTESIAN_POINT ( 'NONE',  ( -3.350000000000000089, 0.7000000000117215793, -0.8000000000046848525 ) ) ;
#7902 = DIRECTION ( 'NONE',  ( 0.000000000000000000, 3.491483361109382461E-15, -1.000000000000000000 ) ) ;
#7903 = SURFACE_STYLE_USAGE ( .BOTH. , #6621 ) ;
#7904 = VECTOR ( 'NONE', #7785, 1000.000000000000000 ) ;
#7905 = SURFACE_STYLE_USAGE ( .BOTH. , #5313 ) ;
#7906 = SURFACE_STYLE_USAGE ( .BOTH. , #5315 ) ;
#7907 = EDGE_CURVE ( 'NONE', #4929, #6576, #4286, .T. ) ;
#7908 = DIRECTION ( 'NONE',  ( -0.9551363834789752261, -0.000000000000000000, 0.2961663197507509726 ) ) ;
#7909 = SURFACE_SIDE_STYLE ('',( #5316 ) ) ;
#7910 = VECTOR ( 'NONE', #2369, 1000.000000000000000 ) ;
#7911 = SURFACE_SIDE_STYLE ('',( #5275 ) ) ;
#7912 = VERTEX_POINT ( 'NONE', #6744 ) ;
#7913 = PRESENTATION_STYLE_ASSIGNMENT (( #8042 ) ) ;
#7914 = ADVANCED_FACE ( 'NONE', ( #4756 ), #5519, .T. ) ;
#7915 = CARTESIAN_POINT ( 'NONE',  ( -3.850000000000000533, 0.2000000000666620759, 0.9000000000000010214 ) ) ;
#7916 = AXIS2_PLACEMENT_3D ( 'NONE', #8251, #7683, #608 ) ;
#7917 = VECTOR ( 'NONE', #1359, 1000.000000000000000 ) ;
#7918 = SURFACE_STYLE_FILL_AREA ( #3390 ) ;
#7919 = SURFACE_STYLE_USAGE ( .BOTH. , #812 ) ;
#7920 = PLANE ( 'NONE',  #5657 ) ;
#7921 = PLANE ( 'NONE',  #2734 ) ;
#7922 = LINE ( 'NONE', #6817, #7531 ) ;
#7923 = LINE ( 'NONE', #2113, #1808 ) ;
#7924 = VERTEX_POINT ( 'NONE', #925 ) ;
#7925 = PRESENTATION_LAYER_ASSIGNMENT (  '', '', ( #5217 ) ) ;
#7926 = VERTEX_POINT ( 'NONE', #4253 ) ;
#7927 = DIRECTION ( 'NONE',  ( -0.4472135954161053362, 0.8944271910418420957, 3.151654685951786507E-15 ) ) ;
#7928 = EDGE_CURVE ( 'NONE', #7568, #4254, #4213, .T. ) ;
#7929 =( NAMED_UNIT ( * ) SI_UNIT ( $, .STERADIAN. ) SOLID_ANGLE_UNIT ( ) );
#7930 =( NAMED_UNIT ( * ) PLANE_ANGLE_UNIT ( ) SI_UNIT ( $, .RADIAN. ) );
#7931 = ORIENTED_EDGE ( 'NONE', *, *, #4908, .T. ) ;
#7932 = VERTEX_POINT ( 'NONE', #7382 ) ;
#7933 =( NAMED_UNIT ( * ) SI_UNIT ( $, .STERADIAN. ) SOLID_ANGLE_UNIT ( ) );
#7934 = FACE_OUTER_BOUND ( 'NONE', #1535, .T. ) ;
#7935 = SURFACE_STYLE_USAGE ( .BOTH. , #5896 ) ;
#7936 = ORIENTED_EDGE ( 'NONE', *, *, #6071, .F. ) ;
#7937 = ADVANCED_FACE ( 'NONE', ( #3531 ), #6192, .F. ) ;
#7938 = CARTESIAN_POINT ( 'NONE',  ( -3.399999999999999911, 0.2500000000333288397, 1.299900000000000055 ) ) ;
#7939 = CIRCLE ( 'NONE', #210, 0.1999999999999987899 ) ;
#7940 =( NAMED_UNIT ( * ) PLANE_ANGLE_UNIT ( ) SI_UNIT ( $, .RADIAN. ) );
#7941 = EDGE_LOOP ( 'NONE', ( #1053, #3147, #5276, #900 ) ) ;
#7942 = EDGE_CURVE ( 'NONE', #8059, #3264, #2975, .T. ) ;
#7943 = LINE ( 'NONE', #5992, #6220 ) ;
#7944 = ORIENTED_EDGE ( 'NONE', *, *, #7942, .T. ) ;
#7945 =( NAMED_UNIT ( * ) PLANE_ANGLE_UNIT ( ) SI_UNIT ( $, .RADIAN. ) );
#7946 = LINE ( 'NONE', #5310, #8259 ) ;
#7947 = DIRECTION ( 'NONE',  ( 0.000000000000000000, 1.000000000000000000, 3.491483361109382066E-15 ) ) ;
#7948 = CARTESIAN_POINT ( 'NONE',  ( -1.874699879903904076, 4.888076705553128898E-16, -0.1399999999999997913 ) ) ;
#7949 = DIRECTION ( 'NONE',  ( -0.9551363834789751150, 0.000000000000000000, 0.2961663197507513612 ) ) ;
#7950 = CARTESIAN_POINT ( 'NONE',  ( 2.075000000000000622, 1.400000000000004574, -1.309394179999995078 ) ) ;
#7951 = COLOUR_RGB ( '',0.000000000000000000, 0.000000000000000000, 1.000000000000000000 ) ;
#7952 = DIRECTION ( 'NONE',  ( 0.000000000000000000, -3.523657060577887833E-15, 1.000000000000000000 ) ) ;
#7953 = CARTESIAN_POINT ( 'NONE',  ( 3.149999999999999467, 0.2500000000333307826, -1.299999999999999822 ) ) ;
#7954 = FILL_AREA_STYLE ('',( #5359 ) ) ;
#7955 = FILL_AREA_STYLE ('',( #7867 ) ) ;
#7956 = ORIENTED_EDGE ( 'NONE', *, *, #6474, .T. ) ;
#7957 = CARTESIAN_POINT ( 'NONE',  ( 3.149999999999999911, 1.303599999999995651, 1.250000000000004219 ) ) ;
#7958 = AXIS2_PLACEMENT_3D ( 'NONE', #6711, #725, #3344 ) ;
#7959 = DIRECTION ( 'NONE',  ( 0.000000000000000000, -1.000000000000000000, -3.491483361109382461E-15 ) ) ;
#7960 = DIRECTION ( 'NONE',  ( 0.000000000000000000, -3.491483361109382461E-15, 1.000000000000000000 ) ) ;
#7961 = CARTESIAN_POINT ( 'NONE',  ( -3.150000000003827960, 1.300000000017465851, 0.8000000000000048184 ) ) ;
#7962 = VECTOR ( 'NONE', #258, 1000.000000000000000 ) ;
#7963 = FACE_OUTER_BOUND ( 'NONE', #3541, .T. ) ;
#7964 = CARTESIAN_POINT ( 'NONE',  ( 0.3000000000000004885, 1.199999999999990186, 2.800000000000003819 ) ) ;
#7965 = DIRECTION ( 'NONE',  ( -0.000000000000000000, -1.000000000000000000, -3.491483361109382461E-15 ) ) ;
#7966 = VERTEX_POINT ( 'NONE', #2340 ) ;
#7967 = CARTESIAN_POINT ( 'NONE',  ( 2.449999999999999734, 0.1500000000000045464, -1.300000000000000044 ) ) ;
#7968 = ADVANCED_FACE ( 'NONE', ( #1698 ), #1046, .F. ) ;
#7969 = FACE_OUTER_BOUND ( 'NONE', #7729, .T. ) ;
#7970 = AXIS2_PLACEMENT_3D ( 'NONE', #8241, #6238, #426 ) ;
#7971 = DIRECTION ( 'NONE',  ( 2.602085213965209379E-14, -1.000000000000000000, -3.469446951953612611E-15 ) ) ;
#7972 = UNCERTAINTY_MEASURE_WITH_UNIT (LENGTH_MEASURE( 1.000000000000000082E-05 ), #762, 'distance_accuracy_value', 'NONE');
#7973 = EDGE_CURVE ( 'NONE', #7405, #4757, #5691, .T. ) ;
#7974 = ORIENTED_EDGE ( 'NONE', *, *, #7546, .F. ) ;
#7975 =( NAMED_UNIT ( * ) SI_UNIT ( $, .STERADIAN. ) SOLID_ANGLE_UNIT ( ) );
#7976 = VECTOR ( 'NONE', #1829, 1000.000000000000000 ) ;
#7977 = FACE_OUTER_BOUND ( 'NONE', #4540, .T. ) ;
#7978 = ORIENTED_EDGE ( 'NONE', *, *, #5942, .F. ) ;
#7979 = LINE ( 'NONE', #6609, #3325 ) ;
#7980 = COLOUR_RGB ( '',1.000000000000000000, 0.5019607843137254832, 0.000000000000000000 ) ;
#7981 = PRESENTATION_LAYER_ASSIGNMENT (  '', '', ( #781 ) ) ;
#7982 = UNCERTAINTY_MEASURE_WITH_UNIT (LENGTH_MEASURE( 1.000000000000000082E-05 ), #7015, 'distance_accuracy_value', 'NONE');
#7983 = CARTESIAN_POINT ( 'NONE',  ( 0.09999999999999982514, 0.7999999999999953815, 1.300000000000002931 ) ) ;
#7984 = VERTEX_POINT ( 'NONE', #1090 ) ;
#7985 = VECTOR ( 'NONE', #1537, 1000.000000000000000 ) ;
#7986 =( LENGTH_UNIT ( ) NAMED_UNIT ( * ) SI_UNIT ( .MILLI., .METRE. ) );
#7987 = SURFACE_STYLE_USAGE ( .BOTH. , #2890 ) ;
#7988 = SURFACE_SIDE_STYLE ('',( #5387 ) ) ;
#7989 = EDGE_LOOP ( 'NONE', ( #2291, #653, #2418, #4954 ) ) ;
#7990 = STYLED_ITEM ( 'NONE', ( #3859 ), #7754 ) ;
#7991 = CARTESIAN_POINT ( 'NONE',  ( -3.149999999981250465, 1.300000000114065246, -0.8000000000007770895 ) ) ;
#7992 = EDGE_CURVE ( 'NONE', #4511, #5809, #7582, .T. ) ;
#7993 = PRESENTATION_STYLE_ASSIGNMENT (( #1778 ) ) ;
#7994 = SURFACE_STYLE_USAGE ( .BOTH. , #3294 ) ;
#7995 =( GEOMETRIC_REPRESENTATION_CONTEXT ( 3 ) GLOBAL_UNCERTAINTY_ASSIGNED_CONTEXT ( ( #1157 ) ) GLOBAL_UNIT_ASSIGNED_CONTEXT ( ( #3237, #5220, #7797 ) ) REPRESENTATION_CONTEXT ( 'NONE', 'WORKASPACE' ) );
#7996 = ORIENTED_EDGE ( 'NONE', *, *, #272, .T. ) ;
#7997 = CARTESIAN_POINT ( 'NONE',  ( -3.150000000000000355, 1.400000000000004574, -1.249999999971870723 ) ) ;
#7998 = DIRECTION ( 'NONE',  ( 0.000000000000000000, -3.491483361109382066E-15, 1.000000000000000000 ) ) ;
#7999 = FILL_AREA_STYLE ('',( #2817 ) ) ;
#8000 =( GEOMETRIC_REPRESENTATION_CONTEXT ( 3 ) GLOBAL_UNCERTAINTY_ASSIGNED_CONTEXT ( ( #7368 ) ) GLOBAL_UNIT_ASSIGNED_CONTEXT ( ( #5641, #493, #7618 ) ) REPRESENTATION_CONTEXT ( 'NONE', 'WORKASPACE' ) );
#8001 = CARTESIAN_POINT ( 'NONE',  ( 1.199999999924999727, 1.199999999999990186, 2.800000000000003819 ) ) ;
#8002 = SURFACE_STYLE_FILL_AREA ( #1460 ) ;
#8003 = MECHANICAL_DESIGN_GEOMETRIC_PRESENTATION_REPRESENTATION (  '', ( #8277 ), #2982 ) ;
#8004 = ORIENTED_EDGE ( 'NONE', *, *, #41, .T. ) ;
#8005 = LINE ( 'NONE', #2191, #2343 ) ;
#8006 = VECTOR ( 'NONE', #2821, 1000.000000000000000 ) ;
#8007 = CARTESIAN_POINT ( 'NONE',  ( 2.749999999980937471, 1.400000000000004352, -1.300099999999995148 ) ) ;
#8008 = CARTESIAN_POINT ( 'NONE',  ( -1.430000000000000604, 1.199999999972995557, 1.300000000000000266 ) ) ;
#8009 = CARTESIAN_POINT ( 'NONE',  ( -3.150000000000000355, 1.399999999999997913, 0.8000000000125047084 ) ) ;
#8010 = PRESENTATION_STYLE_ASSIGNMENT (( #2914 ) ) ;
#8011 = MECHANICAL_DESIGN_GEOMETRIC_PRESENTATION_REPRESENTATION (  '', ( #7046 ), #5977 ) ;
#8012 = ORIENTED_EDGE ( 'NONE', *, *, #189, .F. ) ;
#8013 = ORIENTED_EDGE ( 'NONE', *, *, #6555, .T. ) ;
#8014 = SURFACE_STYLE_FILL_AREA ( #6019 ) ;
#8015 = AXIS2_PLACEMENT_3D ( 'NONE', #300, #2262, #4895 ) ;
#8016 = CARTESIAN_POINT ( 'NONE',  ( -3.399999999999999911, 0.2500000000333288397, -1.299999999999999156 ) ) ;
#8017 = ORIENTED_EDGE ( 'NONE', *, *, #5795, .F. ) ;
#8018 = PLANE ( 'NONE',  #7398 ) ;
#8019 = MECHANICAL_DESIGN_GEOMETRIC_PRESENTATION_REPRESENTATION (  '', ( #3548 ), #7468 ) ;
#8020 = ADVANCED_FACE ( 'NONE', ( #2457 ), #5089, .F. ) ;
#8021 = SURFACE_STYLE_USAGE ( .BOTH. , #1649 ) ;
#8022 = ORIENTED_EDGE ( 'NONE', *, *, #7140, .F. ) ;
#8023 = EDGE_CURVE ( 'NONE', #397, #6527, #3688, .T. ) ;
#8024 = AXIS2_PLACEMENT_3D ( 'NONE', #8032, #3995, #6118 ) ;
#8025 = AXIS2_PLACEMENT_3D ( 'NONE', #6922, #8039, #1105 ) ;
#8026 = VERTEX_POINT ( 'NONE', #591 ) ;
#8027 = CARTESIAN_POINT ( 'NONE',  ( 0.9300000000000002709, 1.400000000000003908, -1.299999999999995159 ) ) ;
#8028 = ORIENTED_EDGE ( 'NONE', *, *, #1911, .T. ) ;
#8029 = CARTESIAN_POINT ( 'NONE',  ( -3.050000000000000266, 1.399999999999995470, 1.300000000018755264 ) ) ;
#8030 = DIRECTION ( 'NONE',  ( -0.000000000000000000, 1.000000000000000000, 3.491483361109382461E-15 ) ) ;
#8031 = ADVANCED_FACE ( 'NONE', ( #2536 ), #7717, .F. ) ;
#8032 = CARTESIAN_POINT ( 'NONE',  ( -2.850000000000000533, 1.400000000000002798, -0.7999999999999950484 ) ) ;
#8033 = STYLED_ITEM ( 'NONE', ( #5100 ), #875 ) ;
#8034 = SURFACE_STYLE_FILL_AREA ( #1015 ) ;
#8035 = DIRECTION ( 'NONE',  ( -0.000000000000000000, 1.000000000000000000, 3.491483361109382461E-15 ) ) ;
#8036 = DIRECTION ( 'NONE',  ( 0.000000000000000000, -3.523657060577887833E-15, 1.000000000000000000 ) ) ;
#8037 = LINE ( 'NONE', #4812, #7271 ) ;
#8038 = EDGE_CURVE ( 'NONE', #2126, #1348, #6568, .T. ) ;
#8039 = DIRECTION ( 'NONE',  ( 0.000000000000000000, 1.000000000000000000, 3.491483361109382066E-15 ) ) ;
#8040 = VECTOR ( 'NONE', #5211, 1000.000000000000000 ) ;
#8041 = ORIENTED_EDGE ( 'NONE', *, *, #697, .F. ) ;
#8042 = SURFACE_STYLE_USAGE ( .BOTH. , #4086 ) ;
#8043 = SURFACE_STYLE_FILL_AREA ( #3626 ) ;
#8044 = SURFACE_SIDE_STYLE ('',( #6084 ) ) ;
#8045 = VECTOR ( 'NONE', #7189, 1000.000000000000000 ) ;
#8046 =( NAMED_UNIT ( * ) PLANE_ANGLE_UNIT ( ) SI_UNIT ( $, .RADIAN. ) );
#8047 = VECTOR ( 'NONE', #6920, 1000.000000000000000 ) ;
#8048 = DIRECTION ( 'NONE',  ( 0.9551363832298090939, -1.060723539345502776E-15, 0.2961663205543114685 ) ) ;
#8049 = SURFACE_SIDE_STYLE ('',( #4643 ) ) ;
#8050 = PLANE ( 'NONE',  #1393 ) ;
#8051 = EDGE_CURVE ( 'NONE', #830, #6166, #4024, .T. ) ;
#8052 = ORIENTED_EDGE ( 'NONE', *, *, #2937, .T. ) ;
#8053 =( GEOMETRIC_REPRESENTATION_CONTEXT ( 3 ) GLOBAL_UNCERTAINTY_ASSIGNED_CONTEXT ( ( #5173 ) ) GLOBAL_UNIT_ASSIGNED_CONTEXT ( ( #2647, #7316, #1380 ) ) REPRESENTATION_CONTEXT ( 'NONE', 'WORKASPACE' ) );
#8054 =( GEOMETRIC_REPRESENTATION_CONTEXT ( 3 ) GLOBAL_UNCERTAINTY_ASSIGNED_CONTEXT ( ( #1006 ) ) GLOBAL_UNIT_ASSIGNED_CONTEXT ( ( #1661, #2301, #5563 ) ) REPRESENTATION_CONTEXT ( 'NONE', 'WORKASPACE' ) );
#8055 =( NAMED_UNIT ( * ) SI_UNIT ( $, .STERADIAN. ) SOLID_ANGLE_UNIT ( ) );
#8056 = SURFACE_SIDE_STYLE ('',( #3477 ) ) ;
#8057 = UNCERTAINTY_MEASURE_WITH_UNIT (LENGTH_MEASURE( 1.000000000000000082E-05 ), #2865, 'distance_accuracy_value', 'NONE');
#8058 = VERTEX_POINT ( 'NONE', #3321 ) ;
#8059 = VERTEX_POINT ( 'NONE', #2664 ) ;
#8060 = DIRECTION ( 'NONE',  ( -0.000000000000000000, 3.491483361109382066E-15, -1.000000000000000000 ) ) ;
#8061 = PRESENTATION_STYLE_ASSIGNMENT (( #168 ) ) ;
#8062 = LINE ( 'NONE', #2250, #1740 ) ;
#8063 = ORIENTED_EDGE ( 'NONE', *, *, #4106, .T. ) ;
#8064 = CARTESIAN_POINT ( 'NONE',  ( -0.9300000004249997509, 1.399999999999995470, 1.300000000000005151 ) ) ;
#8065 = EDGE_CURVE ( 'NONE', #7091, #6228, #742, .T. ) ;
#8066 = UNCERTAINTY_MEASURE_WITH_UNIT (LENGTH_MEASURE( 1.000000000000000082E-05 ), #4009, 'distance_accuracy_value', 'NONE');
#8067 = SURFACE_SIDE_STYLE ('',( #2887 ) ) ;
#8068 = ORIENTED_EDGE ( 'NONE', *, *, #2365, .T. ) ;
#8069 = LINE ( 'NONE', #5478, #767 ) ;
#8070 = EDGE_CURVE ( 'NONE', #4338, #5110, #5935, .T. ) ;
#8071 = CARTESIAN_POINT ( 'NONE',  ( 3.349999999999999645, 0.2500000000333291728, 1.299900000000000055 ) ) ;
#8072 = ORIENTED_EDGE ( 'NONE', *, *, #4436, .T. ) ;
#8073 =( LENGTH_UNIT ( ) NAMED_UNIT ( * ) SI_UNIT ( .MILLI., .METRE. ) );
#8074 = CARTESIAN_POINT ( 'NONE',  ( 0.4000000000000011879, 4.399269034997820741E-15, -1.259999999999999565 ) ) ;
#8075 = DIRECTION ( 'NONE',  ( -1.000000000000000000, -0.000000000000000000, -0.000000000000000000 ) ) ;
#8076 = ADVANCED_FACE ( 'NONE', ( #5851 ), #4572, .F. ) ;
#8077 = ADVANCED_FACE ( 'NONE', ( #5983 ), #169, .F. ) ;
#8078 = COLOUR_RGB ( '',0.000000000000000000, 0.000000000000000000, 1.000000000000000000 ) ;
#8079 = CARTESIAN_POINT ( 'NONE',  ( -1.430000000000000604, 1.399999999999995470, 1.099999999866671629 ) ) ;
#8080 = CARTESIAN_POINT ( 'NONE',  ( -3.850000000000000533, 7.724940478959219092E-15, -2.200000000000000178 ) ) ;
#8081 = FILL_AREA_STYLE_COLOUR ( '', #2592 ) ;
#8082 = ORIENTED_EDGE ( 'NONE', *, *, #1391, .F. ) ;
#8083 = SURFACE_STYLE_FILL_AREA ( #1753 ) ;
#8084 = PRESENTATION_STYLE_ASSIGNMENT (( #5453 ) ) ;
#8085 = PRESENTATION_LAYER_ASSIGNMENT (  '', '', ( #1842 ) ) ;
#8086 =( LENGTH_UNIT ( ) NAMED_UNIT ( * ) SI_UNIT ( .MILLI., .METRE. ) );
#8087 = DIRECTION ( 'NONE',  ( 2.968740704368774715E-10, -1.000000000000000000, -4.336808689521908283E-15 ) ) ;
#8088 = PLANE ( 'NONE',  #922 ) ;
#8089 = ADVANCED_FACE ( 'NONE', ( #6105 ), #2801, .F. ) ;
#8090 = DIRECTION ( 'NONE',  ( -1.000000000000000000, 0.000000000000000000, 0.000000000000000000 ) ) ;
#8091 = FILL_AREA_STYLE ('',( #4233 ) ) ;
#8092 = DIRECTION ( 'NONE',  ( 0.4472135954999573726, 0.8944271909999161885, -0.000000000000000000 ) ) ;
#8093 = AXIS2_PLACEMENT_3D ( 'NONE', #7184, #5200, #4513 ) ;
#8094 = EDGE_LOOP ( 'NONE', ( #1319, #3197, #5878, #3108, #1856, #4144, #5235 ) ) ;
#8095 = SURFACE_SIDE_STYLE ('',( #6138 ) ) ;
#8096 = EDGE_CURVE ( 'NONE', #1003, #4939, #4745, .T. ) ;
#8097 = ORIENTED_EDGE ( 'NONE', *, *, #4695, .T. ) ;
#8098 = VERTEX_POINT ( 'NONE', #4788 ) ;
#8099 = DIRECTION ( 'NONE',  ( 0.000000000000000000, 0.000000000000000000, -1.000000000000000000 ) ) ;
#8100 = LINE ( 'NONE', #4108, #2295 ) ;
#8101 = ORIENTED_EDGE ( 'NONE', *, *, #3674, .T. ) ;
#8102 = STYLED_ITEM ( 'NONE', ( #6842 ), #6832 ) ;
#8103 = PRESENTATION_STYLE_ASSIGNMENT (( #1082 ) ) ;
#8104 =( NAMED_UNIT ( * ) PLANE_ANGLE_UNIT ( ) SI_UNIT ( $, .RADIAN. ) );
#8105 = VECTOR ( 'NONE', #4754, 1000.000000000000000 ) ;
#8106 = ORIENTED_EDGE ( 'NONE', *, *, #1710, .T. ) ;
#8107 = DIRECTION ( 'NONE',  ( 0.000000000000000000, 0.7071067810860615088, 0.7071067812870336367 ) ) ;
#8108 = ORIENTED_EDGE ( 'NONE', *, *, #1030, .F. ) ;
#8109 = CARTESIAN_POINT ( 'NONE',  ( 3.349999999989259791, 0.9000000000214840590, -1.249999999999996003 ) ) ;
#8110 = CIRCLE ( 'NONE', #777, 0.05000000000000005135 ) ;
#8111 = AXIS2_PLACEMENT_3D ( 'NONE', #512, #7679, #3736 ) ;
#8112 = DIRECTION ( 'NONE',  ( 0.000000000000000000, 0.000000000000000000, 1.000000000000000000 ) ) ;
#8113 = PRESENTATION_STYLE_ASSIGNMENT (( #5524 ) ) ;
#8114 =( NAMED_UNIT ( * ) PLANE_ANGLE_UNIT ( ) SI_UNIT ( $, .RADIAN. ) );
#8115 =( LENGTH_UNIT ( ) NAMED_UNIT ( * ) SI_UNIT ( .MILLI., .METRE. ) );
#8116 =( GEOMETRIC_REPRESENTATION_CONTEXT ( 3 ) GLOBAL_UNCERTAINTY_ASSIGNED_CONTEXT ( ( #1845 ) ) GLOBAL_UNIT_ASSIGNED_CONTEXT ( ( #2966, #5510, #4246 ) ) REPRESENTATION_CONTEXT ( 'NONE', 'WORKASPACE' ) );
#8117 = CARTESIAN_POINT ( 'NONE',  ( -1.430100000000000815, 0.7899999999729954148, 0.9500000000000000666 ) ) ;
#8118 = VECTOR ( 'NONE', #1636, 1000.000000000000000 ) ;
#8119 = CARTESIAN_POINT ( 'NONE',  ( 0.09999999999999982514, 1.199999999972995557, 0.9500000000000000666 ) ) ;
#8120 = ORIENTED_EDGE ( 'NONE', *, *, #6325, .F. ) ;
#8121 = FILL_AREA_STYLE_COLOUR ( '', #1052 ) ;
#8122 = CARTESIAN_POINT ( 'NONE',  ( 1.297600000000000309, -0.4999999999999991673, -0.2024000000000016619 ) ) ;
#8123 =( GEOMETRIC_REPRESENTATION_CONTEXT ( 3 ) GLOBAL_UNCERTAINTY_ASSIGNED_CONTEXT ( ( #7686 ) ) GLOBAL_UNIT_ASSIGNED_CONTEXT ( ( #355, #6384, #3004 ) ) REPRESENTATION_CONTEXT ( 'NONE', 'WORKASPACE' ) );
#8124 = SURFACE_SIDE_STYLE ('',( #8043 ) ) ;
#8125 = EDGE_CURVE ( 'NONE', #6631, #3445, #6477, .T. ) ;
#8126 = PRESENTATION_LAYER_ASSIGNMENT (  '', '', ( #7990 ) ) ;
#8127 = CARTESIAN_POINT ( 'NONE',  ( 1.649999999999999911, -2.653527354443130891E-15, 0.7600000000000000089 ) ) ;
#8128 = DIRECTION ( 'NONE',  ( 0.9551363832436179369, -1.060723541987326753E-15, 0.2961663205097780915 ) ) ;
#8129 = AXIS2_PLACEMENT_3D ( 'NONE', #1823, #6270, #1775 ) ;
#8130 = FACE_OUTER_BOUND ( 'NONE', #775, .T. ) ;
#8131 = CARTESIAN_POINT ( 'NONE',  ( -1.430000000000000604, 1.400000000000003908, -1.099999999999994982 ) ) ;
#8132 = COLOUR_RGB ( '',0.000000000000000000, 0.000000000000000000, 1.000000000000000000 ) ;
#8133 = ORIENTED_EDGE ( 'NONE', *, *, #4193, .T. ) ;
#8134 =( LENGTH_UNIT ( ) NAMED_UNIT ( * ) SI_UNIT ( .MILLI., .METRE. ) );
#8135 = FILL_AREA_STYLE_COLOUR ( '', #2482 ) ;
#8136 = CARTESIAN_POINT ( 'NONE',  ( 1.400000000065625194, 0.7999999999062450406, 1.410000000031252920 ) ) ;
#8137 = ORIENTED_EDGE ( 'NONE', *, *, #8392, .F. ) ;
#8138 =( GEOMETRIC_REPRESENTATION_CONTEXT ( 3 ) GLOBAL_UNCERTAINTY_ASSIGNED_CONTEXT ( ( #666 ) ) GLOBAL_UNIT_ASSIGNED_CONTEXT ( ( #1675, #2392, #4816 ) ) REPRESENTATION_CONTEXT ( 'NONE', 'WORKASPACE' ) );
#8139 = ORIENTED_EDGE ( 'NONE', *, *, #1703, .T. ) ;
#8140 = CYLINDRICAL_SURFACE ( 'NONE', #6047, 0.2500000000000002220 ) ;
#8141 = VECTOR ( 'NONE', #4947, 1000.000000000000000 ) ;
#8142 = ORIENTED_EDGE ( 'NONE', *, *, #7510, .T. ) ;
#8143 = EDGE_CURVE ( 'NONE', #6980, #6910, #8062, .T. ) ;
#8144 = STYLED_ITEM ( 'NONE', ( #4661 ), #4067 ) ;
#8145 = UNCERTAINTY_MEASURE_WITH_UNIT (LENGTH_MEASURE( 1.000000000000000082E-05 ), #6369, 'distance_accuracy_value', 'NONE');
#8146 = VECTOR ( 'NONE', #7783, 1000.000000000000000 ) ;
#8147 = ORIENTED_EDGE ( 'NONE', *, *, #5234, .F. ) ;
#8148 = DIRECTION ( 'NONE',  ( 0.000000000000000000, 0.000000000000000000, -1.000000000000000000 ) ) ;
#8149 = VECTOR ( 'NONE', #3022, 1000.000000000000000 ) ;
#8150 = DIRECTION ( 'NONE',  ( 1.000000000000000000, 0.000000000000000000, 0.000000000000000000 ) ) ;
#8151 = ORIENTED_EDGE ( 'NONE', *, *, #7085, .F. ) ;
#8152 = ADVANCED_FACE ( 'NONE', ( #7977 ), #3604, .F. ) ;
#8153 = AXIS2_PLACEMENT_3D ( 'NONE', #2357, #1717, #8172 ) ;
#8154 = FACE_OUTER_BOUND ( 'NONE', #1161, .T. ) ;
#8155 = DIRECTION ( 'NONE',  ( 0.000000000000000000, 3.491483361109382461E-15, -1.000000000000000000 ) ) ;
#8156 = PRESENTATION_LAYER_ASSIGNMENT (  '', '', ( #6923 ) ) ;
#8157 = DIRECTION ( 'NONE',  ( 0.000000000000000000, 3.523657060577887438E-15, -1.000000000000000000 ) ) ;
#8158 = MECHANICAL_DESIGN_GEOMETRIC_PRESENTATION_REPRESENTATION (  '', ( #5305 ), #2459 ) ;
#8159 = FILL_AREA_STYLE_COLOUR ( '', #2925 ) ;
#8160 = FILL_AREA_STYLE_COLOUR ( '', #6624 ) ;
#8161 = VECTOR ( 'NONE', #8087, 1000.000000000000000 ) ;
#8162 = ORIENTED_EDGE ( 'NONE', *, *, #1327, .F. ) ;
#8163 = CARTESIAN_POINT ( 'NONE',  ( 3.149999999999999911, 0.2000000000358032048, -0.8999999999999995781 ) ) ;
#8164 = VERTEX_POINT ( 'NONE', #207 ) ;
#8165 = SURFACE_STYLE_USAGE ( .BOTH. , #1711 ) ;
#8166 = AXIS2_PLACEMENT_3D ( 'NONE', #7735, #7006, #2511 ) ;
#8167 = COLOUR_RGB ( '',1.000000000000000000, 0.5019607843137254832, 0.000000000000000000 ) ;
#8168 = LINE ( 'NONE', #2352, #6690 ) ;
#8169 = EDGE_CURVE ( 'NONE', #7144, #4785, #6065, .T. ) ;
#8170 = SURFACE_SIDE_STYLE ('',( #6811 ) ) ;
#8171 = MECHANICAL_DESIGN_GEOMETRIC_PRESENTATION_REPRESENTATION (  '', ( #1660 ), #7482 ) ;
#8172 = DIRECTION ( 'NONE',  ( 0.000000000000000000, -3.523657060577887833E-15, 1.000000000000000000 ) ) ;
#8173 = AXIS2_PLACEMENT_3D ( 'NONE', #7607, #6304, #2397 ) ;
#8174 = VECTOR ( 'NONE', #1543, 1000.000000000000000 ) ;
#8175 = EDGE_CURVE ( 'NONE', #4757, #1876, #8273, .T. ) ;
#8176 = APPLICATION_PROTOCOL_DEFINITION ( 'draft international standard', 'automotive_design', 1998, #6743 ) ;
#8177 = ORIENTED_EDGE ( 'NONE', *, *, #8392, .T. ) ;
#8178 = SURFACE_STYLE_FILL_AREA ( #358 ) ;
#8179 = PRESENTATION_STYLE_ASSIGNMENT (( #903 ) ) ;
#8180 = COLOUR_RGB ( '',1.000000000000000000, 0.000000000000000000, 1.000000000000000000 ) ;
#8181 = ORIENTED_EDGE ( 'NONE', *, *, #4258, .F. ) ;
#8182 = ORIENTED_EDGE ( 'NONE', *, *, #4092, .F. ) ;
#8183 = CARTESIAN_POINT ( 'NONE',  ( 3.149999999999999911, 0.7000000000000041744, -1.249999999999997558 ) ) ;
#8184 = EDGE_CURVE ( 'NONE', #3205, #4068, #2448, .T. ) ;
#8185 = FACE_OUTER_BOUND ( 'NONE', #7413, .T. ) ;
#8186 = AXIS2_PLACEMENT_3D ( 'NONE', #778, #5290, #233 ) ;
#8187 = VECTOR ( 'NONE', #6051, 1000.000000000000000 ) ;
#8188 = ORIENTED_EDGE ( 'NONE', *, *, #5383, .T. ) ;
#8189 = SURFACE_STYLE_USAGE ( .BOTH. , #3061 ) ;
#8190 = DIRECTION ( 'NONE',  ( 1.000000000000000000, 0.000000000000000000, 0.000000000000000000 ) ) ;
#8191 = VECTOR ( 'NONE', #6322, 1000.000000000000000 ) ;
#8192 = CARTESIAN_POINT ( 'NONE',  ( 3.400000000000002132, 3.332876897371977056E-11, 0.9000000001875003708 ) ) ;
#8193 = ORIENTED_EDGE ( 'NONE', *, *, #4530, .F. ) ;
#8194 = EDGE_CURVE ( 'NONE', #7841, #2442, #7658, .T. ) ;
#8195 = SURFACE_SIDE_STYLE ('',( #5609 ) ) ;
#8196 = ORIENTED_EDGE ( 'NONE', *, *, #351, .T. ) ;
#8197 = STYLED_ITEM ( 'NONE', ( #8103 ), #2008 ) ;
#8198 = DIRECTION ( 'NONE',  ( 0.000000000000000000, -0.7071067811865506814, 0.7071067811865443531 ) ) ;
#8199 =( LENGTH_UNIT ( ) NAMED_UNIT ( * ) SI_UNIT ( .MILLI., .METRE. ) );
#8200 =( NAMED_UNIT ( * ) PLANE_ANGLE_UNIT ( ) SI_UNIT ( $, .RADIAN. ) );
#8201 = DIRECTION ( 'NONE',  ( 0.000000000000000000, 1.350026860948024320E-10, -1.000000000000000000 ) ) ;
#8202 = CARTESIAN_POINT ( 'NONE',  ( 3.349999999999999645, 0.2500000000333291728, 1.299900000000000055 ) ) ;
#8203 = CARTESIAN_POINT ( 'NONE',  ( 3.150000000040781512, 1.199999999949216134, 0.7499999998500040954 ) ) ;
#8204 = DIRECTION ( 'NONE',  ( -1.000000000000000000, -0.000000000000000000, -0.000000000000000000 ) ) ;
#8205 = CARTESIAN_POINT ( 'NONE',  ( -1.500000000000000000, -0.3000000000127931998, -8.673617380330703308E-16 ) ) ;
#8206 = DIRECTION ( 'NONE',  ( 0.000000000000000000, 3.491483361109382461E-15, -1.000000000000000000 ) ) ;
#8207 = PRESENTATION_STYLE_ASSIGNMENT (( #1291 ) ) ;
#8208 = DIRECTION ( 'NONE',  ( 0.000000000000000000, 1.000000000000000000, 3.491483361109382461E-15 ) ) ;
#8209 = FILL_AREA_STYLE_COLOUR ( '', #1231 ) ;
#8210 = STYLED_ITEM ( 'NONE', ( #6442 ), #5969 ) ;
#8211 = DIRECTION ( 'NONE',  ( -0.8944271909999161885, 0.4472135954999573726, 1.561438827550003330E-15 ) ) ;
#8212 = FILL_AREA_STYLE_COLOUR ( '', #176 ) ;
#8213 = ORIENTED_EDGE ( 'NONE', *, *, #4691, .T. ) ;
#8214 = DIRECTION ( 'NONE',  ( 0.000000000000000000, 0.000000000000000000, 1.000000000000000000 ) ) ;
#8215 = VECTOR ( 'NONE', #5548, 1000.000000000000000 ) ;
#8216 = LINE ( 'NONE', #7569, #3597 ) ;
#8217 = FACE_OUTER_BOUND ( 'NONE', #4518, .T. ) ;
#8218 = ORIENTED_EDGE ( 'NONE', *, *, #7872, .F. ) ;
#8219 = ORIENTED_EDGE ( 'NONE', *, *, #3725, .F. ) ;
#8220 = CARTESIAN_POINT ( 'NONE',  ( 1.874699879903904076, 4.888076705553132842E-16, -0.1399999999999999023 ) ) ;
#8222 =( NAMED_UNIT ( * ) PLANE_ANGLE_UNIT ( ) SI_UNIT ( $, .RADIAN. ) );
#8221 = DIRECTION ( 'NONE',  ( -0.000000000000000000, -1.000000000000000000, -3.491483361109382461E-15 ) ) ;
#8223 = SURFACE_STYLE_FILL_AREA ( #4441 ) ;
#8224 = EDGE_CURVE ( 'NONE', #2819, #5516, #5638, .T. ) ;
#8225 = ORIENTED_EDGE ( 'NONE', *, *, #5631, .T. ) ;
#8226 = CARTESIAN_POINT ( 'NONE',  ( -2.015766736009872773, 1.199999999999995959, 1.118366903486690767 ) ) ;
#8227 = DIRECTION ( 'NONE',  ( -0.000000000000000000, -1.000000000000000000, -3.491483361109382461E-15 ) ) ;
#8228 =( GEOMETRIC_REPRESENTATION_CONTEXT ( 3 ) GLOBAL_UNCERTAINTY_ASSIGNED_CONTEXT ( ( #7549 ) ) GLOBAL_UNIT_ASSIGNED_CONTEXT ( ( #6627, #805, #6003 ) ) REPRESENTATION_CONTEXT ( 'NONE', 'WORKASPACE' ) );
#8229 = CARTESIAN_POINT ( 'NONE',  ( 2.849999999993750421, 1.399999999999997691, 0.8000000000000051514 ) ) ;
#8230 = EDGE_CURVE ( 'NONE', #3681, #4151, #578, .T. ) ;
#8231 = UNCERTAINTY_MEASURE_WITH_UNIT (LENGTH_MEASURE( 1.000000000000000082E-05 ), #2951, 'distance_accuracy_value', 'NONE');
#8232 = CARTESIAN_POINT ( 'NONE',  ( -1.300000000000000044, 1.209485315044560497E-15, -0.3464101615137754053 ) ) ;
#8233 = ORIENTED_EDGE ( 'NONE', *, *, #5600, .F. ) ;
#8234 = CYLINDRICAL_SURFACE ( 'NONE', #5256, 0.3000000000000000444 ) ;
#8235 = FACE_OUTER_BOUND ( 'NONE', #4071, .T. ) ;
#8236 = AXIS2_PLACEMENT_3D ( 'NONE', #2823, #7193, #4138 ) ;
#8237 = DIRECTION ( 'NONE',  ( 0.000000000000000000, -1.000000000000000000, -3.491483361109382461E-15 ) ) ;
#8238 = ORIENTED_EDGE ( 'NONE', *, *, #1270, .T. ) ;
#8239 = FILL_AREA_STYLE_COLOUR ( '', #2334 ) ;
#8240 = MECHANICAL_DESIGN_GEOMETRIC_PRESENTATION_REPRESENTATION (  '', ( #7687 ), #4571 ) ;
#8241 = CARTESIAN_POINT ( 'NONE',  ( -1.500000000000000000, -0.5000000000450186555, -1.544988095537619587E-15 ) ) ;
#8242 = SURFACE_SIDE_STYLE ('',( #7000 ) ) ;
#8243 = SURFACE_STYLE_FILL_AREA ( #3543 ) ;
#8244 = CARTESIAN_POINT ( 'NONE',  ( -1.500000000000000000, -0.3000000000000015432, 0.3999999999999993006 ) ) ;
#8245 = PRESENTATION_LAYER_ASSIGNMENT (  '', '', ( #6901 ) ) ;
#8246 = MECHANICAL_DESIGN_GEOMETRIC_PRESENTATION_REPRESENTATION (  '', ( #239 ), #8256 ) ;
#8247 = FILL_AREA_STYLE ('',( #680 ) ) ;
#8248 = EDGE_CURVE ( 'NONE', #2565, #4064, #7534, .T. ) ;
#8249 = PLANE ( 'NONE',  #7424 ) ;
#8250 = CONICAL_SURFACE ( 'NONE', #6893, 0.3999999999564362030, 0.7853981635395540506 ) ;
#8251 = CARTESIAN_POINT ( 'NONE',  ( 3.149999999999999911, 1.299999999999997158, 0.8000000000000047073 ) ) ;
#8252 = LINE ( 'NONE', #8127, #3831 ) ;
#8253 = FILL_AREA_STYLE ('',( #8300 ) ) ;
#8254 = COLOUR_RGB ( '',1.000000000000000000, 0.5019607843137254832, 0.000000000000000000 ) ;
#8255 = UNCERTAINTY_MEASURE_WITH_UNIT (LENGTH_MEASURE( 1.000000000000000082E-05 ), #4817, 'distance_accuracy_value', 'NONE');
#8256 =( GEOMETRIC_REPRESENTATION_CONTEXT ( 3 ) GLOBAL_UNCERTAINTY_ASSIGNED_CONTEXT ( ( #6433 ) ) GLOBAL_UNIT_ASSIGNED_CONTEXT ( ( #6734, #6648, #4875 ) ) REPRESENTATION_CONTEXT ( 'NONE', 'WORKASPACE' ) );
#8257 = SURFACE_STYLE_FILL_AREA ( #1758 ) ;
#8258 = SURFACE_SIDE_STYLE ('',( #5664 ) ) ;
#8259 = VECTOR ( 'NONE', #4667, 1000.000000000000000 ) ;
#8260 = CARTESIAN_POINT ( 'NONE',  ( -3.350000000000000089, 0.6999999999999962919, 0.8000000000000025979 ) ) ;
#8261 = FACE_OUTER_BOUND ( 'NONE', #2926, .T. ) ;
#8262 = STYLED_ITEM ( 'NONE', ( #733 ), #8324 ) ;
#8263 = ORIENTED_EDGE ( 'NONE', *, *, #2413, .F. ) ;
#8264 = MECHANICAL_DESIGN_GEOMETRIC_PRESENTATION_REPRESENTATION (  '', ( #252 ), #110 ) ;
#8265 = EDGE_CURVE ( 'NONE', #286, #5481, #242, .T. ) ;
#8266 = CARTESIAN_POINT ( 'NONE',  ( -1.196026316928586519, 0.1500000000000008826, -0.2599999999999990652 ) ) ;
#8267 =( GEOMETRIC_REPRESENTATION_CONTEXT ( 3 ) GLOBAL_UNCERTAINTY_ASSIGNED_CONTEXT ( ( #6098 ) ) GLOBAL_UNIT_ASSIGNED_CONTEXT ( ( #8379, #5202, #5830 ) ) REPRESENTATION_CONTEXT ( 'NONE', 'WORKASPACE' ) );
#8268 = ORIENTED_EDGE ( 'NONE', *, *, #8376, .T. ) ;
#8269 = ORIENTED_EDGE ( 'NONE', *, *, #5370, .T. ) ;
#8270 = FILL_AREA_STYLE_COLOUR ( '', #1017 ) ;
#8271 = FACE_OUTER_BOUND ( 'NONE', #7941, .T. ) ;
#8272 = VECTOR ( 'NONE', #2001, 1000.000000000000000 ) ;
#8273 = LINE ( 'NONE', #408, #2157 ) ;
#8274 = STYLED_ITEM ( 'NONE', ( #4666 ), #4853 ) ;
#8275 = ORIENTED_EDGE ( 'NONE', *, *, #7190, .F. ) ;
#8276 = LINE ( 'NONE', #8029, #786 ) ;
#8277 = STYLED_ITEM ( 'NONE', ( #7993 ), #2905 ) ;
#8278 = SURFACE_STYLE_USAGE ( .BOTH. , #7789 ) ;
#8279 = AXIS2_PLACEMENT_3D ( 'NONE', #59, #7960, #4135 ) ;
#8280 = AXIS2_PLACEMENT_3D ( 'NONE', #445, #3709, #8214 ) ;
#8281 = EDGE_CURVE ( 'NONE', #3971, #5886, #3059, .T. ) ;
#8282 =( NAMED_UNIT ( * ) SI_UNIT ( $, .STERADIAN. ) SOLID_ANGLE_UNIT ( ) );
#8283 = VERTEX_POINT ( 'NONE', #4992 ) ;
#8284 = AXIS2_PLACEMENT_3D ( 'NONE', #7529, #6309, #6259 ) ;
#8285 = MECHANICAL_DESIGN_GEOMETRIC_PRESENTATION_REPRESENTATION (  '', ( #4065 ), #271 ) ;
#8286 = EDGE_LOOP ( 'NONE', ( #8139, #4274, #223, #7573 ) ) ;
#8287 = ADVANCED_FACE ( 'NONE', ( #5597 ), #4359, .T. ) ;
#8288 = CARTESIAN_POINT ( 'NONE',  ( 3.150000000040781512, 1.199999999963978103, -0.7499999999999961142 ) ) ;
#8289 = CARTESIAN_POINT ( 'NONE',  ( -1.430100000000000815, 1.199999999972995557, 0.9500000000000000666 ) ) ;
#8290 = LINE ( 'NONE', #3243, #5296 ) ;
#8291 =( GEOMETRIC_REPRESENTATION_CONTEXT ( 3 ) GLOBAL_UNCERTAINTY_ASSIGNED_CONTEXT ( ( #1865 ) ) GLOBAL_UNIT_ASSIGNED_CONTEXT ( ( #3032, #8200, #885 ) ) REPRESENTATION_CONTEXT ( 'NONE', 'WORKASPACE' ) );
#8292 = DIRECTION ( 'NONE',  ( -0.4472135954999573726, -0.8944271909999161885, 0.000000000000000000 ) ) ;
#8293 = SURFACE_STYLE_FILL_AREA ( #7593 ) ;
#8294 = AXIS2_PLACEMENT_3D ( 'NONE', #6302, #3001, #313 ) ;
#8295 = ADVANCED_FACE ( 'NONE', ( #8185 ), #6267, .F. ) ;
#8296 =( NAMED_UNIT ( * ) PLANE_ANGLE_UNIT ( ) SI_UNIT ( $, .RADIAN. ) );
#8297 = DIRECTION ( 'NONE',  ( 1.000000000000000000, -0.000000000000000000, 0.000000000000000000 ) ) ;
#8298 = PLANE ( 'NONE',  #7916 ) ;
#8299 = STYLED_ITEM ( 'NONE', ( #3895 ), #503 ) ;
#8300 = FILL_AREA_STYLE_COLOUR ( '', #6232 ) ;
#8301 = AXIS2_PLACEMENT_3D ( 'NONE', #7441, #2910, #6813 ) ;
#8302 = ORIENTED_EDGE ( 'NONE', *, *, #3521, .F. ) ;
#8303 = PRESENTATION_STYLE_ASSIGNMENT (( #3217 ) ) ;
#8304 = LINE ( 'NONE', #7690, #6217 ) ;
#8305 =( GEOMETRIC_REPRESENTATION_CONTEXT ( 3 ) GLOBAL_UNCERTAINTY_ASSIGNED_CONTEXT ( ( #1610 ) ) GLOBAL_UNIT_ASSIGNED_CONTEXT ( ( #8199, #3615, #1051 ) ) REPRESENTATION_CONTEXT ( 'NONE', 'WORKASPACE' ) );
#8306 = ORIENTED_EDGE ( 'NONE', *, *, #672, .F. ) ;
#8307 = DIRECTION ( 'NONE',  ( 0.000000000000000000, 0.000000000000000000, 1.000000000000000000 ) ) ;
#8308 = DIRECTION ( 'NONE',  ( 0.000000000000000000, -1.000000000000000000, -3.491483361109382461E-15 ) ) ;
#8309 = VERTEX_POINT ( 'NONE', #2024 ) ;
#8310 = UNCERTAINTY_MEASURE_WITH_UNIT (LENGTH_MEASURE( 1.000000000000000082E-05 ), #5615, 'distance_accuracy_value', 'NONE');
#8311 = ADVANCED_FACE ( 'NONE', ( #7152 ), #3309, .T. ) ;
#8312 = CARTESIAN_POINT ( 'NONE',  ( 0.09999999999999982514, 1.199999999999995959, 1.100000000000004086 ) ) ;
#8313 = EDGE_LOOP ( 'NONE', ( #6835, #2166, #7078, #7551 ) ) ;
#8314 = MECHANICAL_DESIGN_GEOMETRIC_PRESENTATION_REPRESENTATION (  '', ( #7224 ), #582 ) ;
#8315 = LINE ( 'NONE', #6438, #1689 ) ;
#8316 = UNCERTAINTY_MEASURE_WITH_UNIT (LENGTH_MEASURE( 1.000000000000000082E-05 ), #5408, 'distance_accuracy_value', 'NONE');
#8317 = DIRECTION ( 'NONE',  ( 0.000000000000000000, -2.981555974659856797E-15, 1.000000000000000000 ) ) ;
#8318 = EDGE_LOOP ( 'NONE', ( #4910, #2847, #1651, #819 ) ) ;
#8319 = VECTOR ( 'NONE', #4007, 1000.000000000000000 ) ;
#8320 = FILL_AREA_STYLE_COLOUR ( '', #6473 ) ;
#8321 = CIRCLE ( 'NONE', #6283, 0.4000000000000002442 ) ;
#8322 = SURFACE_STYLE_USAGE ( .BOTH. , #8195 ) ;
#8323 = VERTEX_POINT ( 'NONE', #4481 ) ;
#8324 = ADVANCED_FACE ( 'NONE', ( #7111 ), #5212, .T. ) ;
#8325 = LINE ( 'NONE', #3164, #4390 ) ;
#8326 = MECHANICAL_DESIGN_GEOMETRIC_PRESENTATION_REPRESENTATION (  '', ( #43 ), #3190 ) ;
#8327 = PRESENTATION_STYLE_ASSIGNMENT (( #1834 ) ) ;
#8328 = COLOUR_RGB ( '',0.000000000000000000, 0.000000000000000000, 1.000000000000000000 ) ;
#8329 = LINE ( 'NONE', #5778, #970 ) ;
#8330 = UNCERTAINTY_MEASURE_WITH_UNIT (LENGTH_MEASURE( 1.000000000000000082E-05 ), #314, 'distance_accuracy_value', 'NONE');
#8331 = ORIENTED_EDGE ( 'NONE', *, *, #4335, .F. ) ;
#8332 = SURFACE_SIDE_STYLE ('',( #5745 ) ) ;
#8333 = FILL_AREA_STYLE ('',( #5096 ) ) ;
#8334 = ORIENTED_EDGE ( 'NONE', *, *, #7533, .F. ) ;
#8335 = SURFACE_STYLE_USAGE ( .BOTH. , #5059 ) ;
#8336 = EDGE_CURVE ( 'NONE', #5248, #1294, #620, .T. ) ;
#8337 = PLANE ( 'NONE',  #2761 ) ;
#8338 =( GEOMETRIC_REPRESENTATION_CONTEXT ( 3 ) GLOBAL_UNCERTAINTY_ASSIGNED_CONTEXT ( ( #5603 ) ) GLOBAL_UNIT_ASSIGNED_CONTEXT ( ( #7245, #3475, #7282 ) ) REPRESENTATION_CONTEXT ( 'NONE', 'WORKASPACE' ) );
#8339 = LINE ( 'NONE', #6969, #7728 ) ;
#8340 = ADVANCED_FACE ( 'NONE', ( #5166 ), #4522, .T. ) ;
#8341 = LINE ( 'NONE', #7646, #5881 ) ;
#8342 = EDGE_LOOP ( 'NONE', ( #8225, #6569, #6331, #7869 ) ) ;
#8343 = PLANE ( 'NONE',  #4717 ) ;
#8344 = FILL_AREA_STYLE ('',( #3255 ) ) ;
#8345 = ORIENTED_EDGE ( 'NONE', *, *, #8248, .F. ) ;
#8346 = FILL_AREA_STYLE ('',( #5761 ) ) ;
#8347 = DIRECTION ( 'NONE',  ( 0.000000000000000000, 1.000000000000000000, 0.000000000000000000 ) ) ;
#8348 = STYLED_ITEM ( 'NONE', ( #6064 ), #6059 ) ;
#8349 =( NAMED_UNIT ( * ) SI_UNIT ( $, .STERADIAN. ) SOLID_ANGLE_UNIT ( ) );
#8350 = ADVANCED_FACE ( 'NONE', ( #6055 ), #2827, .T. ) ;
#8351 = ORIENTED_EDGE ( 'NONE', *, *, #8230, .F. ) ;
#8352 = ORIENTED_EDGE ( 'NONE', *, *, #780, .F. ) ;
#8353 = CARTESIAN_POINT ( 'NONE',  ( 3.149999999999999911, 0.6500000000000027978, -0.7499999999999976685 ) ) ;
#8354 = FILL_AREA_STYLE_COLOUR ( '', #1400 ) ;
#8355 = ORIENTED_EDGE ( 'NONE', *, *, #7458, .T. ) ;
#8356 = FILL_AREA_STYLE ('',( #5123 ) ) ;
#8357 = EDGE_CURVE ( 'NONE', #6311, #3850, #3596, .T. ) ;
#8358 = DIRECTION ( 'NONE',  ( -1.000000000000000000, -0.000000000000000000, -0.000000000000000000 ) ) ;
#8359 = FACE_OUTER_BOUND ( 'NONE', #2404, .T. ) ;
#8360 =( GEOMETRIC_REPRESENTATION_CONTEXT ( 3 ) GLOBAL_UNCERTAINTY_ASSIGNED_CONTEXT ( ( #2383 ) ) GLOBAL_UNIT_ASSIGNED_CONTEXT ( ( #55, #1847, #4469 ) ) REPRESENTATION_CONTEXT ( 'NONE', 'WORKASPACE' ) );
#8361 = FACE_OUTER_BOUND ( 'NONE', #1395, .T. ) ;
#8362 = ORIENTED_EDGE ( 'NONE', *, *, #3780, .T. ) ;
#8363 =( NAMED_UNIT ( * ) SI_UNIT ( $, .STERADIAN. ) SOLID_ANGLE_UNIT ( ) );
#8364 = DIRECTION ( 'NONE',  ( -1.000000000000000000, -0.000000000000000000, -0.000000000000000000 ) ) ;
#8365 = ORIENTED_EDGE ( 'NONE', *, *, #2319, .F. ) ;
#8366 = VECTOR ( 'NONE', #4003, 1000.000000000000000 ) ;
#8367 = DIRECTION ( 'NONE',  ( 0.000000000000000000, 3.491483361109382461E-15, -1.000000000000000000 ) ) ;
#8368 = LINE ( 'NONE', #7674, #2321 ) ;
#8369 = COLOUR_RGB ( '',0.000000000000000000, 0.000000000000000000, 1.000000000000000000 ) ;
#8370 = VERTEX_POINT ( 'NONE', #4052 ) ;
#8371 = LINE ( 'NONE', #3694, #2529 ) ;
#8372 = EDGE_LOOP ( 'NONE', ( #2766, #1307, #5001, #3016 ) ) ;
#8373 = CARTESIAN_POINT ( 'NONE',  ( 2.200000000000000178, 0.1500000000000004663, -0.1399999999999994027 ) ) ;
#8374 = PRESENTATION_LAYER_ASSIGNMENT (  '', '', ( #2818 ) ) ;
#8375 = CARTESIAN_POINT ( 'NONE',  ( 3.399999999999999911, 0.2500000000333288397, 0.9000000000000010214 ) ) ;
#8376 = EDGE_CURVE ( 'NONE', #7405, #497, #5414, .T. ) ;
#8377 = DIRECTION ( 'NONE',  ( 0.000000000000000000, 3.491483361109382461E-15, -1.000000000000000000 ) ) ;
#8378 = VERTEX_POINT ( 'NONE', #2281 ) ;
#8379 =( LENGTH_UNIT ( ) NAMED_UNIT ( * ) SI_UNIT ( .MILLI., .METRE. ) );
#8380 = EDGE_LOOP ( 'NONE', ( #4780, #6976, #5307, #3452 ) ) ;
#8381 = EDGE_CURVE ( 'NONE', #7281, #7018, #6013, .T. ) ;
#8382 = AXIS2_PLACEMENT_3D ( 'NONE', #6649, #829, #3444 ) ;
#8383 = CARTESIAN_POINT ( 'NONE',  ( -3.350000000000000089, 0.2000000000000046740, -0.7499999999999976685 ) ) ;
#8384 = ORIENTED_EDGE ( 'NONE', *, *, #7622, .F. ) ;
#8385 =( GEOMETRIC_REPRESENTATION_CONTEXT ( 3 ) GLOBAL_UNCERTAINTY_ASSIGNED_CONTEXT ( ( #5422 ) ) GLOBAL_UNIT_ASSIGNED_CONTEXT ( ( #6294, #2433, #6965 ) ) REPRESENTATION_CONTEXT ( 'NONE', 'WORKASPACE' ) );
#8386 = ORIENTED_EDGE ( 'NONE', *, *, #8125, .T. ) ;
#8387 =( NAMED_UNIT ( * ) SI_UNIT ( $, .STERADIAN. ) SOLID_ANGLE_UNIT ( ) );
#8388 =( NAMED_UNIT ( * ) SI_UNIT ( $, .STERADIAN. ) SOLID_ANGLE_UNIT ( ) );
#8389 =( GEOMETRIC_REPRESENTATION_CONTEXT ( 3 ) GLOBAL_UNCERTAINTY_ASSIGNED_CONTEXT ( ( #154 ) ) GLOBAL_UNIT_ASSIGNED_CONTEXT ( ( #2186, #6674, #3343 ) ) REPRESENTATION_CONTEXT ( 'NONE', 'WORKASPACE' ) );
#8390 = ORIENTED_EDGE ( 'NONE', *, *, #3185, .F. ) ;
#8391 = DIRECTION ( 'NONE',  ( 0.000000000000000000, 1.000000000000000000, 3.491483361109382066E-15 ) ) ;
#8392 = EDGE_CURVE ( 'NONE', #1388, #5897, #6722, .T. ) ;
#8393 = MECHANICAL_DESIGN_GEOMETRIC_PRESENTATION_REPRESENTATION (  '', ( #1203 ), #2555 ) ;
#8394 = DIRECTION ( 'NONE',  ( -9.876681162117923874E-16, -1.000000000000000000, -3.185229682395821006E-15 ) ) ;
#8395 = CARTESIAN_POINT ( 'NONE',  ( 1.430000000000000604, 1.399999999999996136, 1.100000000000004086 ) ) ;
#8396 = COLOUR_RGB ( '',1.000000000000000000, 1.000000000000000000, 1.000000000000000000 ) ;
#8397 = UNCERTAINTY_MEASURE_WITH_UNIT (LENGTH_MEASURE( 1.000000000000000082E-05 ), #1032, 'distance_accuracy_value', 'NONE');
#8398 = DIRECTION ( 'NONE',  ( 0.000000000000000000, 0.000000000000000000, 1.000000000000000000 ) ) ;
#8399 = PRESENTATION_LAYER_ASSIGNMENT (  '', '', ( #7308 ) ) ;
#8400 = ORIENTED_EDGE ( 'NONE', *, *, #7214, .T. ) ;
#8401 = CARTESIAN_POINT ( 'NONE',  ( 0.9500000000000002887, 0.1499999999625044045, -2.199999999999999734 ) ) ;
#8402 = EDGE_CURVE ( 'NONE', #6228, #2366, #7321, .T. ) ;
#8403 =( NAMED_UNIT ( * ) PLANE_ANGLE_UNIT ( ) SI_UNIT ( $, .RADIAN. ) );
#8404 = VECTOR ( 'NONE', #5247, 999.9999999999998863 ) ;
#8405 = VERTEX_POINT ( 'NONE', #5371 ) ;
#8406 = STYLED_ITEM ( 'NONE', ( #1339 ), #3316 ) ;
#8407 = DIRECTION ( 'NONE',  ( 0.000000000000000000, -3.491483361109382066E-15, 1.000000000000000000 ) ) ;
#8408 = FILL_AREA_STYLE ('',( #3240 ) ) ;
#8409 = CYLINDRICAL_SURFACE ( 'NONE', #2746, 0.2500000000000002220 ) ;
#8410 = VECTOR ( 'NONE', #1909, 1000.000000000000000 ) ;
#8411 = DIRECTION ( 'NONE',  ( 0.000000000000000000, 0.000000000000000000, 1.000000000000000000 ) ) ;
#8412 = ORIENTED_EDGE ( 'NONE', *, *, #8096, .T. ) ;
ENDSEC;
END-ISO-10303-21;
